run_id,phase,task,expl_mode,seed,steps,ckpt_policy,logdir,status,su,notes,axis,paired_seed_set
pilot_p2e_cup_seed1,pilot,dmc_cup_catch,expl_p2e,1,1e5,replay_kept,/scratch/midway3/rickybao/dreamerv3_runs/pilot_p2e_cup_seed1,RUNNING,,,d0,
pilot_apt_cup_seed1,pilot,dmc_cup_catch,expl_apt,1,1e5,replay_kept,/scratch/midway3/rickybao/dreamerv3_runs/pilot_apt_cup_seed1,RUNNING,,,d0,
pilot_random_cup_seed1,pilot,dmc_cup_catch,expl_random,1,1e5,replay_kept,/scratch/midway3/rickybao/dreamerv3_runs/pilot_random_cup_seed1,RUNNING,,,d0,
pilot_goal_cup_seed1,pilot,dmc_cup_catch,goal,1,1e5,replay_kept,/scratch/midway3/rickybao/dreamerv3_runs/pilot_goal_cup_seed1,RUNNING,,,d0,
pilot_p2e_finger_seed1,pilot,dmc_finger_turn_hard,expl_p2e,1,1e5,replay_kept,/scratch/midway3/rickybao/dreamerv3_runs/pilot_p2e_finger_seed1,RUNNING,,,d0,
pilot_apt_finger_seed1,pilot,dmc_finger_turn_hard,expl_apt,1,1e5,replay_kept,/scratch/midway3/rickybao/dreamerv3_runs/pilot_apt_finger_seed1,RUNNING,,,d0,
pilot_goal_finger_seed1,pilot,dmc_finger_turn_hard,goal,1,1e5,replay_kept,/scratch/midway3/rickybao/dreamerv3_runs/pilot_goal_finger_seed1,RUNNING,,,d0,
pilot_random_finger_seed1,pilot,dmc_finger_turn_hard,expl_random,1,1e5,replay_kept,/scratch/midway3/rickybao/dreamerv3_runs/pilot_random_finger_seed1,RUNNING,,,d0,
pilot_p2e_reacher_seed1,pilot,dmc_reacher_hard,expl_p2e,1,1e5,replay_kept,/scratch/midway3/rickybao/dreamerv3_runs/pilot_p2e_reacher_seed1,RUNNING,,,d0,
pilot_apt_reacher_seed1,pilot,dmc_reacher_hard,expl_apt,1,1e5,replay_kept,/scratch/midway3/rickybao/dreamerv3_runs/pilot_apt_reacher_seed1,RUNNING,,,d0,
pilot_random_reacher_seed1,pilot,dmc_reacher_hard,expl_random,1,1e5,replay_kept,/scratch/midway3/rickybao/dreamerv3_runs/pilot_random_reacher_seed1,RUNNING,,,d0,
pilot_goal_reacher_seed1,pilot,dmc_reacher_hard,goal,1,1e5,replay_kept,/scratch/midway3/rickybao/dreamerv3_runs/pilot_goal_reacher_seed1,RUNNING,,,d0,
pretrain_p2e_walker_seed1,pretrain,dmc_walker_walk,expl_p2e,1,5e5,retained,/scratch/midway3/rickybao/dreamerv3_runs/pretrain_p2e_walker_seed1,DONE,,,,
pretrain_p2e_walker_seed2,pretrain,dmc_walker_walk,expl_p2e,2,5e5,retained,/scratch/midway3/rickybao/dreamerv3_runs/pretrain_p2e_walker_seed2,DONE,,,,
pretrain_p2e_walker_seed3,pretrain,dmc_walker_walk,expl_p2e,3,5e5,retained,/scratch/midway3/rickybao/dreamerv3_runs/pretrain_p2e_walker_seed3,DONE,,,,
pretrain_p2e_walker_seed4,pretrain,dmc_walker_walk,expl_p2e,4,5e5,retained,/scratch/midway3/rickybao/dreamerv3_runs/pretrain_p2e_walker_seed4,DONE,,,,
pretrain_p2e_walker_seed5,pretrain,dmc_walker_walk,expl_p2e,5,5e5,retained,/scratch/midway3/rickybao/dreamerv3_runs/pretrain_p2e_walker_seed5,DONE,,,,
pretrain_apt_walker_seed1,pretrain,dmc_walker_walk,expl_apt,1,5e5,retained,/scratch/midway3/rickybao/dreamerv3_runs/pretrain_apt_walker_seed1,DONE,,,,
pretrain_apt_walker_seed3,pretrain,dmc_walker_walk,expl_apt,3,5e5,retained,/scratch/midway3/rickybao/dreamerv3_runs/pretrain_apt_walker_seed3,DONE,,,,
pretrain_apt_walker_seed2,pretrain,dmc_walker_walk,expl_apt,2,5e5,retained,/scratch/midway3/rickybao/dreamerv3_runs/pretrain_apt_walker_seed2,DONE,,,,
pretrain_apt_walker_seed4,pretrain,dmc_walker_walk,expl_apt,4,5e5,retained,/scratch/midway3/rickybao/dreamerv3_runs/pretrain_apt_walker_seed4,DONE,,,,
pretrain_apt_walker_seed5,pretrain,dmc_walker_walk,expl_apt,5,5e5,retained,/scratch/midway3/rickybao/dreamerv3_runs/pretrain_apt_walker_seed5,DONE,,,,
pretrain_random_walker_seed1,pretrain,dmc_walker_walk,expl_random,1,5e5,retained,/scratch/midway3/rickybao/dreamerv3_runs/pretrain_random_walker_seed1,DONE,,,,
pretrain_random_walker_seed2,pretrain,dmc_walker_walk,expl_random,2,5e5,retained,/scratch/midway3/rickybao/dreamerv3_runs/pretrain_random_walker_seed2,DONE,,,,
pretrain_random_walker_seed5,pretrain,dmc_walker_walk,expl_random,5,5e5,retained,/scratch/midway3/rickybao/dreamerv3_runs/pretrain_random_walker_seed5,DONE,,,,
pretrain_p2e_cup_seed3,pretrain,dmc_cup_catch,expl_p2e,3,5e5,retained,/scratch/midway3/rickybao/dreamerv3_runs/pretrain_p2e_cup_seed3,DONE,,,,
pretrain_apt_cup_seed1,pretrain,dmc_cup_catch,expl_apt,1,5e5,retained,/scratch/midway3/rickybao/dreamerv3_runs/pretrain_apt_cup_seed1,DONE,,,,
pretrain_apt_cup_seed4,pretrain,dmc_cup_catch,expl_apt,4,5e5,retained,/scratch/midway3/rickybao/dreamerv3_runs/pretrain_apt_cup_seed4,DONE,,,,
pretrain_random_cup_seed2,pretrain,dmc_cup_catch,expl_random,2,5e5,retained,/scratch/midway3/rickybao/dreamerv3_runs/pretrain_random_cup_seed2,DONE,,,,
pretrain_p2e_cup_seed1,pretrain,dmc_cup_catch,expl_p2e,1,5e5,retained,/scratch/midway3/rickybao/dreamerv3_runs/pretrain_p2e_cup_seed1,DONE,,,,
pretrain_random_cup_seed5,pretrain,dmc_cup_catch,expl_random,5,5e5,retained,/scratch/midway3/rickybao/dreamerv3_runs/pretrain_random_cup_seed5,DONE,,,,
pretrain_random_cup_seed3,pretrain,dmc_cup_catch,expl_random,3,5e5,retained,/scratch/midway3/rickybao/dreamerv3_runs/pretrain_random_cup_seed3,DONE,,,,
pretrain_p2e_cup_seed4,pretrain,dmc_cup_catch,expl_p2e,4,5e5,retained,/scratch/midway3/rickybao/dreamerv3_runs/pretrain_p2e_cup_seed4,DONE,,,,
pretrain_p2e_finger_seed1,pretrain,dmc_finger_turn_hard,expl_p2e,1,5e5,retained,/scratch/midway3/rickybao/dreamerv3_runs/pretrain_p2e_finger_seed1,DONE,,,,
pretrain_random_cup_seed4,pretrain,dmc_cup_catch,expl_random,4,5e5,retained,/scratch/midway3/rickybao/dreamerv3_runs/pretrain_random_cup_seed4,DONE,,,,
pretrain_p2e_cup_seed2,pretrain,dmc_cup_catch,expl_p2e,2,5e5,retained,/scratch/midway3/rickybao/dreamerv3_runs/pretrain_p2e_cup_seed2,DONE,,,,
pretrain_p2e_cup_seed5,pretrain,dmc_cup_catch,expl_p2e,5,5e5,retained,/scratch/midway3/rickybao/dreamerv3_runs/pretrain_p2e_cup_seed5,DONE,,,,
pretrain_p2e_finger_seed2,pretrain,dmc_finger_turn_hard,expl_p2e,2,5e5,retained,/scratch/midway3/rickybao/dreamerv3_runs/pretrain_p2e_finger_seed2,DONE,,,,
pretrain_p2e_finger_seed3,pretrain,dmc_finger_turn_hard,expl_p2e,3,5e5,retained,/scratch/midway3/rickybao/dreamerv3_runs/pretrain_p2e_finger_seed3,DONE,,,,
pretrain_apt_cup_seed2,pretrain,dmc_cup_catch,expl_apt,2,5e5,retained,/scratch/midway3/rickybao/dreamerv3_runs/pretrain_apt_cup_seed2,DONE,,,,
pretrain_random_walker_seed3,pretrain,dmc_walker_walk,expl_random,3,5e5,retained,/scratch/midway3/rickybao/dreamerv3_runs/pretrain_random_walker_seed3,DONE,,,,
pretrain_apt_cup_seed5,pretrain,dmc_cup_catch,expl_apt,5,5e5,retained,/scratch/midway3/rickybao/dreamerv3_runs/pretrain_apt_cup_seed5,DONE,,,,
pretrain_random_walker_seed4,pretrain,dmc_walker_walk,expl_random,4,5e5,retained,/scratch/midway3/rickybao/dreamerv3_runs/pretrain_random_walker_seed4,DONE,,,,
pretrain_p2e_finger_seed4,pretrain,dmc_finger_turn_hard,expl_p2e,4,5e5,retained,/scratch/midway3/rickybao/dreamerv3_runs/pretrain_p2e_finger_seed4,DONE,,,,
pretrain_apt_finger_seed5,pretrain,dmc_finger_turn_hard,expl_apt,5,5e5,retained,/scratch/midway3/rickybao/dreamerv3_runs/pretrain_apt_finger_seed5,DONE,,,,
pretrain_apt_walker_seed4,pretrain,dmc_walker_walk,expl_apt,4,5e5,retained,/scratch/midway3/rickybao/dreamerv3_runs/pretrain_apt_walker_seed4,DONE,,,,
pretrain_p2e_walker_seed5,pretrain,dmc_walker_walk,expl_p2e,5,5e5,retained,/scratch/midway3/rickybao/dreamerv3_runs/pretrain_p2e_walker_seed5,DONE,,,,
pretrain_random_finger_seed3,pretrain,dmc_finger_turn_hard,expl_random,3,5e5,retained,/scratch/midway3/rickybao/dreamerv3_runs/pretrain_random_finger_seed3,DONE,,,,
pretrain_apt_walker_seed2,pretrain,dmc_walker_walk,expl_apt,2,5e5,retained,/scratch/midway3/rickybao/dreamerv3_runs/pretrain_apt_walker_seed2,DONE,,,,
pretrain_apt_walker_seed1,pretrain,dmc_walker_walk,expl_apt,1,5e5,retained,/scratch/midway3/rickybao/dreamerv3_runs/pretrain_apt_walker_seed1,DONE,,,,
pretrain_apt_finger_seed1,pretrain,dmc_finger_turn_hard,expl_apt,1,5e5,retained,/scratch/midway3/rickybao/dreamerv3_runs/pretrain_apt_finger_seed1,DONE,,,,
pretrain_apt_finger_seed2,pretrain,dmc_finger_turn_hard,expl_apt,2,5e5,retained,/scratch/midway3/rickybao/dreamerv3_runs/pretrain_apt_finger_seed2,DONE,,,,
pretrain_apt_finger_seed4,pretrain,dmc_finger_turn_hard,expl_apt,4,5e5,retained,/scratch/midway3/rickybao/dreamerv3_runs/pretrain_apt_finger_seed4,DONE,,,,
pretrain_random_finger_seed4,pretrain,dmc_finger_turn_hard,expl_random,4,5e5,retained,/scratch/midway3/rickybao/dreamerv3_runs/pretrain_random_finger_seed4,DONE,,,,
pretrain_p2e_finger_seed5,pretrain,dmc_finger_turn_hard,expl_p2e,5,5e5,retained,/scratch/midway3/rickybao/dreamerv3_runs/pretrain_p2e_finger_seed5,DONE,,,,
pretrain_random_finger_seed5,pretrain,dmc_finger_turn_hard,expl_random,5,5e5,retained,/scratch/midway3/rickybao/dreamerv3_runs/pretrain_random_finger_seed5,DONE,,,,
pretrain_apt_walker_seed5,pretrain,dmc_walker_walk,expl_apt,5,5e5,retained,/scratch/midway3/rickybao/dreamerv3_runs/pretrain_apt_walker_seed5,DONE,,,,
pretrain_apt_walker_seed3,pretrain,dmc_walker_walk,expl_apt,3,5e5,retained,/scratch/midway3/rickybao/dreamerv3_runs/pretrain_apt_walker_seed3,DONE,,,,
pretrain_apt_cup_seed2,pretrain,dmc_cup_catch,expl_apt,2,5e5,retained,/scratch/midway3/rickybao/dreamerv3_runs/pretrain_apt_cup_seed2,DONE,,,,
pretrain_random_cup_seed1,pretrain,dmc_cup_catch,expl_random,1,5e5,retained,/scratch/midway3/rickybao/dreamerv3_runs/pretrain_random_cup_seed1,DONE,,,,
pretrain_apt_cup_seed3,pretrain,dmc_cup_catch,expl_apt,3,5e5,retained,/scratch/midway3/rickybao/dreamerv3_runs/pretrain_apt_cup_seed3,DONE,,,,
pretrain_apt_cup_seed5,pretrain,dmc_cup_catch,expl_apt,5,5e5,retained,/scratch/midway3/rickybao/dreamerv3_runs/pretrain_apt_cup_seed5,DONE,,,,
pretrain_random_finger_seed1,pretrain,dmc_finger_turn_hard,expl_random,1,5e5,retained,/scratch/midway3/rickybao/dreamerv3_runs/pretrain_random_finger_seed1,DONE,,,,
pretrain_apt_finger_seed3,pretrain,dmc_finger_turn_hard,expl_apt,3,5e5,retained,/scratch/midway3/rickybao/dreamerv3_runs/pretrain_apt_finger_seed3,DONE,,,,
pretrain_apt_finger_seed2,pretrain,dmc_finger_turn_hard,expl_apt,2,5e5,retained,/scratch/midway3/rickybao/dreamerv3_runs/pretrain_apt_finger_seed2,DONE,,,,
pretrain_random_finger_seed2,pretrain,dmc_finger_turn,expl_random,2,5e5,retained,/scratch/midway3/rickybao/dreamerv3_runs/pretrain_random_finger_seed2,FAILED,,,,
pretrain_random_finger_seed2,pretrain,dmc_finger_turn,expl_random,2,5e5,retained,/scratch/midway3/rickybao/dreamerv3_runs/pretrain_random_finger_seed2,FAILED,,,,
pretrain_random_finger_seed2,pretrain,dmc_finger_turn_hard,expl_random,2,5e5,retained,/scratch/midway3/rickybao/dreamerv3_runs/pretrain_random_finger_seed2,DONE,,,,
adapt_apt_cup_seed1_ckpt50000,adapt,dmc_cup_catch,frozen_readout,1,1.25e5,/scratch/midway3/rickybao/dreamerv3_runs/pretrain_apt_cup_seed1/ckpt_snapshots/step000000049952,/scratch/midway3/rickybao/dreamerv3_runs/adapt_apt_cup_seed1_ckpt50000,DONE,,,,
adapt_apt_cup_seed1_ckpt300000,adapt,dmc_cup_catch,frozen_readout,1,1.25e5,/scratch/midway3/rickybao/dreamerv3_runs/pretrain_apt_cup_seed1/ckpt_snapshots/step000000299904,/scratch/midway3/rickybao/dreamerv3_runs/adapt_apt_cup_seed1_ckpt300000,DONE,,,,
adapt_apt_cup_seed1_ckpt100000,adapt,dmc_cup_catch,frozen_readout,1,1.25e5,/scratch/midway3/rickybao/dreamerv3_runs/pretrain_apt_cup_seed1/ckpt_snapshots/step000000099600,/scratch/midway3/rickybao/dreamerv3_runs/adapt_apt_cup_seed1_ckpt100000,DONE,,,,
adapt_apt_cup_seed2_ckpt50000,adapt,dmc_cup_catch,frozen_readout,2,1.25e5,/scratch/midway3/rickybao/dreamerv3_runs/pretrain_apt_cup_seed2/ckpt_snapshots/step000000050080,/scratch/midway3/rickybao/dreamerv3_runs/adapt_apt_cup_seed2_ckpt50000,RUNNING,,,,
adapt_apt_cup_seed1_ckpt100000,adapt,dmc_cup_catch,frozen_readout,1,1.25e5,/scratch/midway3/rickybao/dreamerv3_runs/pretrain_apt_cup_seed1/ckpt_snapshots/step000000099600,/scratch/midway3/rickybao/dreamerv3_runs/adapt_apt_cup_seed1_ckpt100000,DONE,,,,
adapt_apt_cup_seed2_ckpt100000,adapt,dmc_cup_catch,frozen_readout,2,1.25e5,/scratch/midway3/rickybao/dreamerv3_runs/pretrain_apt_cup_seed2/ckpt_snapshots/step000000099968,/scratch/midway3/rickybao/dreamerv3_runs/adapt_apt_cup_seed2_ckpt100000,DONE,,,,
adapt_apt_cup_seed3_ckpt100000,adapt,dmc_cup_catch,frozen_readout,3,1.25e5,/scratch/midway3/rickybao/dreamerv3_runs/pretrain_apt_cup_seed3/ckpt_snapshots/step000000099072,/scratch/midway3/rickybao/dreamerv3_runs/adapt_apt_cup_seed3_ckpt100000,DONE,,,,
adapt_apt_cup_seed4_ckpt100000,adapt,dmc_cup_catch,frozen_readout,4,1.25e5,/scratch/midway3/rickybao/dreamerv3_runs/pretrain_apt_cup_seed4/ckpt_snapshots/step000000100320,/scratch/midway3/rickybao/dreamerv3_runs/adapt_apt_cup_seed4_ckpt100000,DONE,,,,
adapt_apt_cup_seed1_ckpt200000,adapt,dmc_cup_catch,frozen_readout,1,1.25e5,/scratch/midway3/rickybao/dreamerv3_runs/pretrain_apt_cup_seed1/ckpt_snapshots/step000000200608,/scratch/midway3/rickybao/dreamerv3_runs/adapt_apt_cup_seed1_ckpt200000,DONE,,,,
adapt_apt_cup_seed3_ckpt200000,adapt,dmc_cup_catch,frozen_readout,3,1.25e5,/scratch/midway3/rickybao/dreamerv3_runs/pretrain_apt_cup_seed3/ckpt_snapshots/step000000200896,/scratch/midway3/rickybao/dreamerv3_runs/adapt_apt_cup_seed3_ckpt200000,DONE,,,,
adapt_apt_cup_seed2_ckpt200000,adapt,dmc_cup_catch,frozen_readout,2,1.25e5,/scratch/midway3/rickybao/dreamerv3_runs/pretrain_apt_cup_seed2/ckpt_snapshots/step000000200976,/scratch/midway3/rickybao/dreamerv3_runs/adapt_apt_cup_seed2_ckpt200000,DONE,,,,
adapt_apt_cup_seed4_ckpt200000,adapt,dmc_cup_catch,frozen_readout,4,1.25e5,/scratch/midway3/rickybao/dreamerv3_runs/pretrain_apt_cup_seed4/ckpt_snapshots/step000000200160,/scratch/midway3/rickybao/dreamerv3_runs/adapt_apt_cup_seed4_ckpt200000,DONE,,,,
adapt_apt_cup_seed1_ckpt300000,adapt,dmc_cup_catch,frozen_readout,1,1.25e5,/scratch/midway3/rickybao/dreamerv3_runs/pretrain_apt_cup_seed1/ckpt_snapshots/step000000299904,/scratch/midway3/rickybao/dreamerv3_runs/adapt_apt_cup_seed1_ckpt300000,DONE,,,,
adapt_apt_finger_seed1_ckpt100000,adapt,dmc_finger_turn_hard,frozen_readout,1,1.25e5,/scratch/midway3/rickybao/dreamerv3_runs/pretrain_apt_finger_seed1/ckpt_snapshots/step000000099072,/scratch/midway3/rickybao/dreamerv3_runs/adapt_apt_finger_seed1_ckpt100000,DONE,,,,
adapt_apt_cup_seed3_ckpt300000,adapt,dmc_cup_catch,frozen_readout,3,1.25e5,/scratch/midway3/rickybao/dreamerv3_runs/pretrain_apt_cup_seed3/ckpt_snapshots/step000000300352,/scratch/midway3/rickybao/dreamerv3_runs/adapt_apt_cup_seed3_ckpt300000,DONE,,,,
adapt_apt_cup_seed2_ckpt300000,adapt,dmc_cup_catch,frozen_readout,2,1.25e5,/scratch/midway3/rickybao/dreamerv3_runs/pretrain_apt_cup_seed2/ckpt_snapshots/step000000300432,/scratch/midway3/rickybao/dreamerv3_runs/adapt_apt_cup_seed2_ckpt300000,DONE,,,,
adapt_apt_finger_seed5_ckpt100000,adapt,dmc_finger_turn_hard,frozen_readout,5,1.25e5,/scratch/midway3/rickybao/dreamerv3_runs/pretrain_apt_finger_seed5/ckpt_snapshots/step000000100320,/scratch/midway3/rickybao/dreamerv3_runs/adapt_apt_finger_seed5_ckpt100000,DONE,,,,
adapt_apt_finger_seed2_ckpt100000,adapt,dmc_finger_turn_hard,frozen_readout,2,1.25e5,/scratch/midway3/rickybao/dreamerv3_runs/pretrain_apt_finger_seed2/ckpt_snapshots/step000000100672,/scratch/midway3/rickybao/dreamerv3_runs/adapt_apt_finger_seed2_ckpt100000,DONE,,,,
adapt_apt_finger_seed4_ckpt100000,adapt,dmc_finger_turn_hard,frozen_readout,4,1.25e5,/scratch/midway3/rickybao/dreamerv3_runs/pretrain_apt_finger_seed4/ckpt_snapshots/step000000101024,/scratch/midway3/rickybao/dreamerv3_runs/adapt_apt_finger_seed4_ckpt100000,DONE,,,,
pretrain_random_finger_seed2,pretrain,dmc_finger_turn_hard,expl_random,2,5e5,retained,/scratch/midway3/rickybao/dreamerv3_runs/pretrain_random_finger_seed2,DONE,,,,
adapt_apt_finger_seed1_ckpt100000,adapt,dmc_finger_turn_hard,frozen_readout,1,1.25e5,/scratch/midway3/rickybao/dreamerv3_runs/pretrain_apt_finger_seed1/ckpt_snapshots/step000000099072,/scratch/midway3/rickybao/dreamerv3_runs/adapt_apt_finger_seed1_ckpt100000,DONE,,,,
adapt_apt_cup_seed4_ckpt300000,adapt,dmc_cup_catch,frozen_readout,4,1.25e5,/scratch/midway3/rickybao/dreamerv3_runs/pretrain_apt_cup_seed4/ckpt_snapshots/step000000300016,/scratch/midway3/rickybao/dreamerv3_runs/adapt_apt_cup_seed4_ckpt300000,DONE,,,,
adapt_p2e_finger_seed2_ckpt100000,adapt,dmc_finger_turn_hard,frozen_readout,2,1.25e5,/scratch/midway3/rickybao/dreamerv3_runs/pretrain_p2e_finger_seed2/ckpt_snapshots/step000000100464,/scratch/midway3/rickybao/dreamerv3_runs/adapt_p2e_finger_seed2_ckpt100000,DONE,,,,
adapt_apt_walker_seed2_ckpt100000,adapt,dmc_walker_walk,frozen_readout,2,1.25e5,/scratch/midway3/rickybao/dreamerv3_runs/pretrain_apt_walker_seed2/ckpt_snapshots/step000000099632,/scratch/midway3/rickybao/dreamerv3_runs/adapt_apt_walker_seed2_ckpt100000,DONE,,,,
adapt_p2e_cup_seed2_ckpt100000,adapt,dmc_cup_catch,frozen_readout,2,1.25e5,/scratch/midway3/rickybao/dreamerv3_runs/pretrain_p2e_cup_seed2/ckpt_snapshots/step000000100736,/scratch/midway3/rickybao/dreamerv3_runs/adapt_p2e_cup_seed2_ckpt100000,DONE,,,,
adapt_apt_cup_seed1_ckpt400000,adapt,dmc_cup_catch,frozen_readout,1,1.25e5,/scratch/midway3/rickybao/dreamerv3_runs/pretrain_apt_cup_seed1/ckpt_snapshots/step000000399200,/scratch/midway3/rickybao/dreamerv3_runs/adapt_apt_cup_seed1_ckpt400000,DONE,,,,
adapt_apt_cup_seed3_ckpt400000,adapt,dmc_cup_catch,frozen_readout,3,1.25e5,/scratch/midway3/rickybao/dreamerv3_runs/pretrain_apt_cup_seed3/ckpt_snapshots/step000000399808,/scratch/midway3/rickybao/dreamerv3_runs/adapt_apt_cup_seed3_ckpt400000,DONE,,,,
adapt_apt_cup_seed2_ckpt400000,adapt,dmc_cup_catch,frozen_readout,2,1.25e5,/scratch/midway3/rickybao/dreamerv3_runs/pretrain_apt_cup_seed2/ckpt_snapshots/step000000399888,/scratch/midway3/rickybao/dreamerv3_runs/adapt_apt_cup_seed2_ckpt400000,DONE,,,,
adapt_p2e_walker_seed2_ckpt100000,adapt,dmc_walker_walk,frozen_readout,2,1.25e5,/scratch/midway3/rickybao/dreamerv3_runs/pretrain_p2e_walker_seed2/ckpt_snapshots/step000000100672,/scratch/midway3/rickybao/dreamerv3_runs/adapt_p2e_walker_seed2_ckpt100000,DONE,,,,
adapt_apt_finger_seed1_ckpt200000,adapt,dmc_finger_turn_hard,frozen_readout,1,1.25e5,/scratch/midway3/rickybao/dreamerv3_runs/pretrain_apt_finger_seed1/ckpt_snapshots/step000000200896,/scratch/midway3/rickybao/dreamerv3_runs/adapt_apt_finger_seed1_ckpt200000,DONE,,,,
adapt_p2e_finger_seed2_ckpt200000,adapt,dmc_finger_turn_hard,frozen_readout,2,1.25e5,/scratch/midway3/rickybao/dreamerv3_runs/pretrain_p2e_finger_seed2/ckpt_snapshots/step000000198992,/scratch/midway3/rickybao/dreamerv3_runs/adapt_p2e_finger_seed2_ckpt200000,DONE,,,,
adapt_apt_walker_seed2_ckpt200000,adapt,dmc_walker_walk,frozen_readout,2,1.25e5,/scratch/midway3/rickybao/dreamerv3_runs/pretrain_apt_walker_seed2/ckpt_snapshots/step000000200544,/scratch/midway3/rickybao/dreamerv3_runs/adapt_apt_walker_seed2_ckpt200000,DONE,,,,
adapt_p2e_cup_seed2_ckpt200000,adapt,dmc_cup_catch,frozen_readout,2,1.25e5,/scratch/midway3/rickybao/dreamerv3_runs/pretrain_p2e_cup_seed2/ckpt_snapshots/step000000199664,/scratch/midway3/rickybao/dreamerv3_runs/adapt_p2e_cup_seed2_ckpt200000,DONE,,,,
adapt_apt_cup_seed4_ckpt400000,adapt,dmc_cup_catch,frozen_readout,4,1.25e5,/scratch/midway3/rickybao/dreamerv3_runs/pretrain_apt_cup_seed4/ckpt_snapshots/step000000399872,/scratch/midway3/rickybao/dreamerv3_runs/adapt_apt_cup_seed4_ckpt400000,DONE,,,,
adapt_apt_cup_seed1_ckpt500000,adapt,dmc_cup_catch,frozen_readout,1,1.25e5,/scratch/midway3/rickybao/dreamerv3_runs/pretrain_apt_cup_seed1/ckpt_snapshots/step000000498512,/scratch/midway3/rickybao/dreamerv3_runs/adapt_apt_cup_seed1_ckpt500000,DONE,,,,
adapt_apt_cup_seed3_ckpt500000,adapt,dmc_cup_catch,frozen_readout,3,1.25e5,/scratch/midway3/rickybao/dreamerv3_runs/pretrain_apt_cup_seed3/ckpt_snapshots/step000000499216,/scratch/midway3/rickybao/dreamerv3_runs/adapt_apt_cup_seed3_ckpt500000,DONE,,,,
adapt_apt_cup_seed2_ckpt500000,adapt,dmc_cup_catch,frozen_readout,2,1.25e5,/scratch/midway3/rickybao/dreamerv3_runs/pretrain_apt_cup_seed2/ckpt_snapshots/step000000499344,/scratch/midway3/rickybao/dreamerv3_runs/adapt_apt_cup_seed2_ckpt500000,DONE,,,,
adapt_p2e_walker_seed2_ckpt200000,adapt,dmc_walker_walk,frozen_readout,2,1.25e5,/scratch/midway3/rickybao/dreamerv3_runs/pretrain_p2e_walker_seed2/ckpt_snapshots/step000000199472,/scratch/midway3/rickybao/dreamerv3_runs/adapt_p2e_walker_seed2_ckpt200000,DONE,,,,
adapt_apt_finger_seed1_ckpt300000,adapt,dmc_finger_turn_hard,frozen_readout,1,1.25e5,/scratch/midway3/rickybao/dreamerv3_runs/pretrain_apt_finger_seed1/ckpt_snapshots/step000000300352,/scratch/midway3/rickybao/dreamerv3_runs/adapt_apt_finger_seed1_ckpt300000,DONE,,,,
adapt_p2e_finger_seed2_ckpt300000,adapt,dmc_finger_turn_hard,frozen_readout,2,1.25e5,/scratch/midway3/rickybao/dreamerv3_runs/pretrain_p2e_finger_seed2/ckpt_snapshots/step000000297536,/scratch/midway3/rickybao/dreamerv3_runs/adapt_p2e_finger_seed2_ckpt300000,DONE,,,,
adapt_apt_walker_seed2_ckpt300000,adapt,dmc_walker_walk,frozen_readout,2,1.25e5,/scratch/midway3/rickybao/dreamerv3_runs/pretrain_apt_walker_seed2/ckpt_snapshots/step000000300672,/scratch/midway3/rickybao/dreamerv3_runs/adapt_apt_walker_seed2_ckpt300000,DONE,,,,
adapt_p2e_cup_seed2_ckpt300000,adapt,dmc_cup_catch,frozen_readout,2,1.25e5,/scratch/midway3/rickybao/dreamerv3_runs/pretrain_p2e_cup_seed2/ckpt_snapshots/step000000298560,/scratch/midway3/rickybao/dreamerv3_runs/adapt_p2e_cup_seed2_ckpt300000,DONE,,,,
adapt_apt_cup_seed4_ckpt500000,adapt,dmc_cup_catch,frozen_readout,4,1.25e5,/scratch/midway3/rickybao/dreamerv3_runs/pretrain_apt_cup_seed4/ckpt_snapshots/step000000499728,/scratch/midway3/rickybao/dreamerv3_runs/adapt_apt_cup_seed4_ckpt500000,DONE,,,,
adapt_apt_cup_seed5_ckpt100000,adapt,dmc_cup_catch,frozen_readout,5,1.25e5,/scratch/midway3/rickybao/dreamerv3_runs/pretrain_apt_cup_seed5/ckpt_snapshots/step000000099776,/scratch/midway3/rickybao/dreamerv3_runs/adapt_apt_cup_seed5_ckpt100000,DONE,,,,
adapt_random_finger_seed1_ckpt100000,adapt,dmc_finger_turn_hard,frozen_readout,1,1.25e5,/scratch/midway3/rickybao/dreamerv3_runs/pretrain_random_finger_seed1/ckpt_snapshots/step000000096208,/scratch/midway3/rickybao/dreamerv3_runs/adapt_random_finger_seed1_ckpt100000,DONE,,,,
adapt_p2e_walker_seed2_ckpt300000,adapt,dmc_walker_walk,frozen_readout,2,1.25e5,/scratch/midway3/rickybao/dreamerv3_runs/pretrain_p2e_walker_seed2/ckpt_snapshots/step000000298256,/scratch/midway3/rickybao/dreamerv3_runs/adapt_p2e_walker_seed2_ckpt300000,DONE,,,,
adapt_apt_walker_seed2_ckpt400000,adapt,dmc_walker_walk,frozen_readout,2,1.25e5,/scratch/midway3/rickybao/dreamerv3_runs/pretrain_apt_walker_seed2/ckpt_snapshots/step000000400800,/scratch/midway3/rickybao/dreamerv3_runs/adapt_apt_walker_seed2_ckpt400000,DONE,,,,
adapt_p2e_finger_seed2_ckpt400000,adapt,dmc_finger_turn_hard,frozen_readout,2,1.25e5,/scratch/midway3/rickybao/dreamerv3_runs/pretrain_p2e_finger_seed2/ckpt_snapshots/step000000401296,/scratch/midway3/rickybao/dreamerv3_runs/adapt_p2e_finger_seed2_ckpt400000,DONE,,,,
adapt_apt_finger_seed1_ckpt400000,adapt,dmc_finger_turn_hard,frozen_readout,1,1.25e5,/scratch/midway3/rickybao/dreamerv3_runs/pretrain_apt_finger_seed1/ckpt_snapshots/step000000399808,/scratch/midway3/rickybao/dreamerv3_runs/adapt_apt_finger_seed1_ckpt400000,DONE,,,,
adapt_p2e_cup_seed2_ckpt400000,adapt,dmc_cup_catch,frozen_readout,2,1.25e5,/scratch/midway3/rickybao/dreamerv3_runs/pretrain_p2e_cup_seed2/ckpt_snapshots/step000000401936,/scratch/midway3/rickybao/dreamerv3_runs/adapt_p2e_cup_seed2_ckpt400000,DONE,,,,
adapt_random_finger_seed1_ckpt200000,adapt,dmc_finger_turn_hard,frozen_readout,1,1.25e5,/scratch/midway3/rickybao/dreamerv3_runs/pretrain_random_finger_seed1/ckpt_snapshots/step000000199120,/scratch/midway3/rickybao/dreamerv3_runs/adapt_random_finger_seed1_ckpt200000,DONE,,,,
adapt_apt_cup_seed5_ckpt200000,adapt,dmc_cup_catch,frozen_readout,5,1.25e5,/scratch/midway3/rickybao/dreamerv3_runs/pretrain_apt_cup_seed5/ckpt_snapshots/step000000200000,/scratch/midway3/rickybao/dreamerv3_runs/adapt_apt_cup_seed5_ckpt200000,DONE,,,,
adapt_p2e_walker_seed2_ckpt400000,adapt,dmc_walker_walk,frozen_readout,2,1.25e5,/scratch/midway3/rickybao/dreamerv3_runs/pretrain_p2e_walker_seed2/ckpt_snapshots/step000000402256,/scratch/midway3/rickybao/dreamerv3_runs/adapt_p2e_walker_seed2_ckpt400000,DONE,,,,
adapt_apt_walker_seed2_ckpt500000,adapt,dmc_walker_walk,frozen_readout,2,1.25e5,/scratch/midway3/rickybao/dreamerv3_runs/pretrain_apt_walker_seed2/ckpt_snapshots/step000000498544,/scratch/midway3/rickybao/dreamerv3_runs/adapt_apt_walker_seed2_ckpt500000,DONE,,,,
adapt_p2e_finger_seed2_ckpt500000,adapt,dmc_finger_turn_hard,frozen_readout,2,1.25e5,/scratch/midway3/rickybao/dreamerv3_runs/pretrain_p2e_finger_seed2/ckpt_snapshots/step000000499840,/scratch/midway3/rickybao/dreamerv3_runs/adapt_p2e_finger_seed2_ckpt500000,DONE,,,,
adapt_apt_finger_seed1_ckpt500000,adapt,dmc_finger_turn_hard,frozen_readout,1,1.25e5,/scratch/midway3/rickybao/dreamerv3_runs/pretrain_apt_finger_seed1/ckpt_snapshots/step000000499264,/scratch/midway3/rickybao/dreamerv3_runs/adapt_apt_finger_seed1_ckpt500000,DONE,,,,
adapt_p2e_cup_seed2_ckpt500000,adapt,dmc_cup_catch,frozen_readout,2,1.25e5,/scratch/midway3/rickybao/dreamerv3_runs/pretrain_p2e_cup_seed2/ckpt_snapshots/step000000496336,/scratch/midway3/rickybao/dreamerv3_runs/adapt_p2e_cup_seed2_ckpt500000,DONE,,,,
adapt_random_finger_seed1_ckpt300000,adapt,dmc_finger_turn_hard,frozen_readout,1,1.25e5,/scratch/midway3/rickybao/dreamerv3_runs/pretrain_random_finger_seed1/ckpt_snapshots/step000000302032,/scratch/midway3/rickybao/dreamerv3_runs/adapt_random_finger_seed1_ckpt300000,DONE,,,,
adapt_apt_cup_seed5_ckpt300000,adapt,dmc_cup_catch,frozen_readout,5,1.25e5,/scratch/midway3/rickybao/dreamerv3_runs/pretrain_apt_cup_seed5/ckpt_snapshots/step000000300208,/scratch/midway3/rickybao/dreamerv3_runs/adapt_apt_cup_seed5_ckpt300000,DONE,,,,
adapt_p2e_walker_seed2_ckpt500000,adapt,dmc_walker_walk,frozen_readout,2,1.25e5,/scratch/midway3/rickybao/dreamerv3_runs/pretrain_p2e_walker_seed2/ckpt_snapshots/step000000495856,/scratch/midway3/rickybao/dreamerv3_runs/adapt_p2e_walker_seed2_ckpt500000,DONE,,,,
adapt_random_finger_seed1_ckpt400000,adapt,dmc_finger_turn_hard,frozen_readout,1,1.25e5,/scratch/midway3/rickybao/dreamerv3_runs/pretrain_random_finger_seed1/ckpt_snapshots/step000000396384,/scratch/midway3/rickybao/dreamerv3_runs/adapt_random_finger_seed1_ckpt400000,DONE,,,,
adapt_apt_cup_seed5_ckpt400000,adapt,dmc_cup_catch,frozen_readout,5,1.25e5,/scratch/midway3/rickybao/dreamerv3_runs/pretrain_apt_cup_seed5/ckpt_snapshots/step000000400368,/scratch/midway3/rickybao/dreamerv3_runs/adapt_apt_cup_seed5_ckpt400000,DONE,,,,
adapt_apt_walker_seed3_ckpt100000,adapt,dmc_walker_walk,frozen_readout,3,1.25e5,/scratch/midway3/rickybao/dreamerv3_runs/pretrain_apt_walker_seed3/ckpt_snapshots/step000000100496,/scratch/midway3/rickybao/dreamerv3_runs/adapt_apt_walker_seed3_ckpt100000,DONE,,,,
adapt_p2e_finger_seed3_ckpt100000,adapt,dmc_finger_turn_hard,frozen_readout,3,1.25e5,/scratch/midway3/rickybao/dreamerv3_runs/pretrain_p2e_finger_seed3/ckpt_snapshots/step000000100864,/scratch/midway3/rickybao/dreamerv3_runs/adapt_p2e_finger_seed3_ckpt100000,DONE,,,,
adapt_p2e_cup_seed3_ckpt100000,adapt,dmc_cup_catch,frozen_readout,3,1.25e5,/scratch/midway3/rickybao/dreamerv3_runs/pretrain_p2e_cup_seed3/ckpt_snapshots/step000000100736,/scratch/midway3/rickybao/dreamerv3_runs/adapt_p2e_cup_seed3_ckpt100000,DONE,,,,
adapt_apt_finger_seed2_ckpt100000,adapt,dmc_finger_turn_hard,frozen_readout,2,1.25e5,/scratch/midway3/rickybao/dreamerv3_runs/pretrain_apt_finger_seed2/ckpt_snapshots/step000000100672,/scratch/midway3/rickybao/dreamerv3_runs/adapt_apt_finger_seed2_ckpt100000,DONE,,,,
adapt_p2e_walker_seed3_ckpt100000,adapt,dmc_walker_walk,frozen_readout,3,1.25e5,/scratch/midway3/rickybao/dreamerv3_runs/pretrain_p2e_walker_seed3/ckpt_snapshots/step000000100656,/scratch/midway3/rickybao/dreamerv3_runs/adapt_p2e_walker_seed3_ckpt100000,DONE,,,,
adapt_random_finger_seed1_ckpt500000,adapt,dmc_finger_turn_hard,frozen_readout,1,1.25e5,/scratch/midway3/rickybao/dreamerv3_runs/pretrain_random_finger_seed1/ckpt_snapshots/step000000499312,/scratch/midway3/rickybao/dreamerv3_runs/adapt_random_finger_seed1_ckpt500000,DONE,,,,
adapt_apt_cup_seed5_ckpt500000,adapt,dmc_cup_catch,frozen_readout,5,1.25e5,/scratch/midway3/rickybao/dreamerv3_runs/pretrain_apt_cup_seed5/ckpt_snapshots/step000000498768,/scratch/midway3/rickybao/dreamerv3_runs/adapt_apt_cup_seed5_ckpt500000,DONE,,,,
adapt_apt_walker_seed3_ckpt200000,adapt,dmc_walker_walk,frozen_readout,3,1.25e5,/scratch/midway3/rickybao/dreamerv3_runs/pretrain_apt_walker_seed3/ckpt_snapshots/step000000199552,/scratch/midway3/rickybao/dreamerv3_runs/adapt_apt_walker_seed3_ckpt200000,DONE,,,,
adapt_p2e_finger_seed3_ckpt200000,adapt,dmc_finger_turn_hard,frozen_readout,3,1.25e5,/scratch/midway3/rickybao/dreamerv3_runs/pretrain_p2e_finger_seed3/ckpt_snapshots/step000000199776,/scratch/midway3/rickybao/dreamerv3_runs/adapt_p2e_finger_seed3_ckpt200000,DONE,,,,
adapt_p2e_cup_seed3_ckpt200000,adapt,dmc_cup_catch,frozen_readout,3,1.25e5,/scratch/midway3/rickybao/dreamerv3_runs/pretrain_p2e_cup_seed3/ckpt_snapshots/step000000199536,/scratch/midway3/rickybao/dreamerv3_runs/adapt_p2e_cup_seed3_ckpt200000,DONE,,,,
adapt_apt_finger_seed2_ckpt200000,adapt,dmc_finger_turn_hard,frozen_readout,2,1.25e5,/scratch/midway3/rickybao/dreamerv3_runs/pretrain_apt_finger_seed2/ckpt_snapshots/step000000199968,/scratch/midway3/rickybao/dreamerv3_runs/adapt_apt_finger_seed2_ckpt200000,DONE,,,,
adapt_p2e_walker_seed3_ckpt200000,adapt,dmc_walker_walk,frozen_readout,3,1.25e5,/scratch/midway3/rickybao/dreamerv3_runs/pretrain_p2e_walker_seed3/ckpt_snapshots/step000000199408,/scratch/midway3/rickybao/dreamerv3_runs/adapt_p2e_walker_seed3_ckpt200000,DONE,,,,
adapt_random_finger_seed2_ckpt100000,adapt,dmc_finger_turn_hard,frozen_readout,2,1.25e5,/scratch/midway3/rickybao/dreamerv3_runs/pretrain_random_finger_seed2/ckpt_snapshots/step000000098448,/scratch/midway3/rickybao/dreamerv3_runs/adapt_random_finger_seed2_ckpt100000,DONE,,,,
adapt_random_cup_seed2_ckpt100000,adapt,dmc_cup_catch,frozen_readout,2,1.25e5,/scratch/midway3/rickybao/dreamerv3_runs/pretrain_random_cup_seed2/ckpt_snapshots/step000000099248,/scratch/midway3/rickybao/dreamerv3_runs/adapt_random_cup_seed2_ckpt100000,DONE,,,,
adapt_apt_walker_seed3_ckpt300000,adapt,dmc_walker_walk,frozen_readout,3,1.25e5,/scratch/midway3/rickybao/dreamerv3_runs/pretrain_apt_walker_seed3/ckpt_snapshots/step000000299680,/scratch/midway3/rickybao/dreamerv3_runs/adapt_apt_walker_seed3_ckpt300000,DONE,,,,
adapt_p2e_finger_seed3_ckpt300000,adapt,dmc_finger_turn_hard,frozen_readout,3,1.25e5,/scratch/midway3/rickybao/dreamerv3_runs/pretrain_p2e_finger_seed3/ckpt_snapshots/step000000298688,/scratch/midway3/rickybao/dreamerv3_runs/adapt_p2e_finger_seed3_ckpt300000,DONE,,,,
adapt_p2e_cup_seed3_ckpt300000,adapt,dmc_cup_catch,frozen_readout,3,1.25e5,/scratch/midway3/rickybao/dreamerv3_runs/pretrain_p2e_cup_seed3/ckpt_snapshots/step000000298336,/scratch/midway3/rickybao/dreamerv3_runs/adapt_p2e_cup_seed3_ckpt300000,DONE,,,,
adapt_apt_finger_seed2_ckpt300000,adapt,dmc_finger_turn_hard,frozen_readout,2,1.25e5,/scratch/midway3/rickybao/dreamerv3_runs/pretrain_apt_finger_seed2/ckpt_snapshots/step000000299376,/scratch/midway3/rickybao/dreamerv3_runs/adapt_apt_finger_seed2_ckpt300000,DONE,,,,
adapt_p2e_walker_seed3_ckpt300000,adapt,dmc_walker_walk,frozen_readout,3,1.25e5,/scratch/midway3/rickybao/dreamerv3_runs/pretrain_p2e_walker_seed3/ckpt_snapshots/step000000298160,/scratch/midway3/rickybao/dreamerv3_runs/adapt_p2e_walker_seed3_ckpt300000,DONE,,,,
adapt_random_finger_seed2_ckpt200000,adapt,dmc_finger_turn_hard,frozen_readout,2,1.25e5,/scratch/midway3/rickybao/dreamerv3_runs/pretrain_random_finger_seed2/ckpt_snapshots/step000000203488,/scratch/midway3/rickybao/dreamerv3_runs/adapt_random_finger_seed2_ckpt200000,DONE,,,,
adapt_random_cup_seed2_ckpt200000,adapt,dmc_cup_catch,frozen_readout,2,1.25e5,/scratch/midway3/rickybao/dreamerv3_runs/pretrain_random_cup_seed2/ckpt_snapshots/step000000196704,/scratch/midway3/rickybao/dreamerv3_runs/adapt_random_cup_seed2_ckpt200000,DONE,,,,
adapt_apt_walker_seed3_ckpt400000,adapt,dmc_walker_walk,frozen_readout,3,1.25e5,/scratch/midway3/rickybao/dreamerv3_runs/pretrain_apt_walker_seed3/ckpt_snapshots/step000000399808,/scratch/midway3/rickybao/dreamerv3_runs/adapt_apt_walker_seed3_ckpt400000,DONE,,,,
adapt_p2e_walker_seed3_ckpt400000,adapt,dmc_walker_walk,frozen_readout,3,1.25e5,/scratch/midway3/rickybao/dreamerv3_runs/pretrain_p2e_walker_seed3/ckpt_snapshots/step000000402064,/scratch/midway3/rickybao/dreamerv3_runs/adapt_p2e_walker_seed3_ckpt400000,DONE,,,,
adapt_p2e_finger_seed3_ckpt400000,adapt,dmc_finger_turn_hard,frozen_readout,3,1.25e5,/scratch/midway3/rickybao/dreamerv3_runs/pretrain_p2e_finger_seed3/ckpt_snapshots/step000000402096,/scratch/midway3/rickybao/dreamerv3_runs/adapt_p2e_finger_seed3_ckpt400000,DONE,,,,
adapt_p2e_cup_seed3_ckpt400000,adapt,dmc_cup_catch,frozen_readout,3,1.25e5,/scratch/midway3/rickybao/dreamerv3_runs/pretrain_p2e_cup_seed3/ckpt_snapshots/step000000402368,/scratch/midway3/rickybao/dreamerv3_runs/adapt_p2e_cup_seed3_ckpt400000,DONE,,,,
adapt_apt_finger_seed2_ckpt400000,adapt,dmc_finger_turn_hard,frozen_readout,2,1.25e5,/scratch/midway3/rickybao/dreamerv3_runs/pretrain_apt_finger_seed2/ckpt_snapshots/step000000400608,/scratch/midway3/rickybao/dreamerv3_runs/adapt_apt_finger_seed2_ckpt400000,DONE,,,,
adapt_random_finger_seed2_ckpt300000,adapt,dmc_finger_turn_hard,frozen_readout,2,1.25e5,/scratch/midway3/rickybao/dreamerv3_runs/pretrain_random_finger_seed2/ckpt_snapshots/step000000299728,/scratch/midway3/rickybao/dreamerv3_runs/adapt_random_finger_seed2_ckpt300000,DONE,,,,
adapt_random_cup_seed2_ckpt300000,adapt,dmc_cup_catch,frozen_readout,2,1.25e5,/scratch/midway3/rickybao/dreamerv3_runs/pretrain_random_cup_seed2/ckpt_snapshots/step000000304960,/scratch/midway3/rickybao/dreamerv3_runs/adapt_random_cup_seed2_ckpt300000,DONE,,,,
adapt_p2e_walker_seed3_ckpt500000,adapt,dmc_walker_walk,frozen_readout,3,1.25e5,/scratch/midway3/rickybao/dreamerv3_runs/pretrain_p2e_walker_seed3/ckpt_snapshots/step000000495664,/scratch/midway3/rickybao/dreamerv3_runs/adapt_p2e_walker_seed3_ckpt500000,DONE,,,,
adapt_apt_walker_seed3_ckpt500000,adapt,dmc_walker_walk,frozen_readout,3,1.25e5,/scratch/midway3/rickybao/dreamerv3_runs/pretrain_apt_walker_seed3/ckpt_snapshots/step000000499840,/scratch/midway3/rickybao/dreamerv3_runs/adapt_apt_walker_seed3_ckpt500000,DONE,,,,
adapt_p2e_finger_seed3_ckpt500000,adapt,dmc_finger_turn_hard,frozen_readout,3,1.25e5,/scratch/midway3/rickybao/dreamerv3_runs/pretrain_p2e_finger_seed3/ckpt_snapshots/step000000496512,/scratch/midway3/rickybao/dreamerv3_runs/adapt_p2e_finger_seed3_ckpt500000,DONE,,,,
adapt_p2e_cup_seed3_ckpt500000,adapt,dmc_cup_catch,frozen_readout,3,1.25e5,/scratch/midway3/rickybao/dreamerv3_runs/pretrain_p2e_cup_seed3/ckpt_snapshots/step000000496000,/scratch/midway3/rickybao/dreamerv3_runs/adapt_p2e_cup_seed3_ckpt500000,DONE,,,,
adapt_apt_finger_seed2_ckpt500000,adapt,dmc_finger_turn_hard,frozen_readout,2,1.25e5,/scratch/midway3/rickybao/dreamerv3_runs/pretrain_apt_finger_seed2/ckpt_snapshots/step000000497872,/scratch/midway3/rickybao/dreamerv3_runs/adapt_apt_finger_seed2_ckpt500000,DONE,,,,
adapt_random_finger_seed2_ckpt400000,adapt,dmc_finger_turn_hard,frozen_readout,2,1.25e5,/scratch/midway3/rickybao/dreamerv3_runs/pretrain_random_finger_seed2/ckpt_snapshots/step000000396288,/scratch/midway3/rickybao/dreamerv3_runs/adapt_random_finger_seed2_ckpt400000,DONE,,,,
adapt_random_cup_seed2_ckpt400000,adapt,dmc_cup_catch,frozen_readout,2,1.25e5,/scratch/midway3/rickybao/dreamerv3_runs/pretrain_random_cup_seed2/ckpt_snapshots/step000000402400,/scratch/midway3/rickybao/dreamerv3_runs/adapt_random_cup_seed2_ckpt400000,DONE,,,,
adapt_p2e_walker_seed4_ckpt100000,adapt,dmc_walker_walk,frozen_readout,4,1.25e5,/scratch/midway3/rickybao/dreamerv3_runs/pretrain_p2e_walker_seed4/ckpt_snapshots/step000000100656,/scratch/midway3/rickybao/dreamerv3_runs/adapt_p2e_walker_seed4_ckpt100000,DONE,,,,
adapt_apt_walker_seed4_ckpt100000,adapt,dmc_walker_walk,frozen_readout,4,1.25e5,/scratch/midway3/rickybao/dreamerv3_runs/pretrain_apt_walker_seed4/ckpt_snapshots/step000000100512,/scratch/midway3/rickybao/dreamerv3_runs/adapt_apt_walker_seed4_ckpt100000,DONE,,,,
adapt_p2e_finger_seed4_ckpt100000,adapt,dmc_finger_turn_hard,frozen_readout,4,1.25e5,/scratch/midway3/rickybao/dreamerv3_runs/pretrain_p2e_finger_seed4/ckpt_snapshots/step000000100848,/scratch/midway3/rickybao/dreamerv3_runs/adapt_p2e_finger_seed4_ckpt100000,DONE,,,,
adapt_p2e_cup_seed4_ckpt100000,adapt,dmc_cup_catch,frozen_readout,4,1.25e5,/scratch/midway3/rickybao/dreamerv3_runs/pretrain_p2e_cup_seed4/ckpt_snapshots/step000000100736,/scratch/midway3/rickybao/dreamerv3_runs/adapt_p2e_cup_seed4_ckpt100000,DONE,,,,
adapt_apt_finger_seed4_ckpt100000,adapt,dmc_finger_turn_hard,frozen_readout,4,1.25e5,/scratch/midway3/rickybao/dreamerv3_runs/pretrain_apt_finger_seed4/ckpt_snapshots/step000000101024,/scratch/midway3/rickybao/dreamerv3_runs/adapt_apt_finger_seed4_ckpt100000,DONE,,,,
adapt_random_finger_seed2_ckpt500000,adapt,dmc_finger_turn_hard,frozen_readout,2,1.25e5,/scratch/midway3/rickybao/dreamerv3_runs/pretrain_random_finger_seed2/ckpt_snapshots/step000000497072,/scratch/midway3/rickybao/dreamerv3_runs/adapt_random_finger_seed2_ckpt500000,DONE,,,,
adapt_random_cup_seed2_ckpt500000,adapt,dmc_cup_catch,frozen_readout,2,1.25e5,/scratch/midway3/rickybao/dreamerv3_runs/pretrain_random_cup_seed2/ckpt_snapshots/step000000499840,/scratch/midway3/rickybao/dreamerv3_runs/adapt_random_cup_seed2_ckpt500000,DONE,,,,
adapt_p2e_walker_seed4_ckpt200000,adapt,dmc_walker_walk,frozen_readout,4,1.25e5,/scratch/midway3/rickybao/dreamerv3_runs/pretrain_p2e_walker_seed4/ckpt_snapshots/step000000199456,/scratch/midway3/rickybao/dreamerv3_runs/adapt_p2e_walker_seed4_ckpt200000,DONE,,,,
adapt_apt_walker_seed4_ckpt200000,adapt,dmc_walker_walk,frozen_readout,4,1.25e5,/scratch/midway3/rickybao/dreamerv3_runs/pretrain_apt_walker_seed4/ckpt_snapshots/step000000199344,/scratch/midway3/rickybao/dreamerv3_runs/adapt_apt_walker_seed4_ckpt200000,DONE,,,,
adapt_p2e_finger_seed4_ckpt200000,adapt,dmc_finger_turn_hard,frozen_readout,4,1.25e5,/scratch/midway3/rickybao/dreamerv3_runs/pretrain_p2e_finger_seed4/ckpt_snapshots/step000000199760,/scratch/midway3/rickybao/dreamerv3_runs/adapt_p2e_finger_seed4_ckpt200000,DONE,,,,
adapt_p2e_cup_seed4_ckpt200000,adapt,dmc_cup_catch,frozen_readout,4,1.25e5,/scratch/midway3/rickybao/dreamerv3_runs/pretrain_p2e_cup_seed4/ckpt_snapshots/step000000199632,/scratch/midway3/rickybao/dreamerv3_runs/adapt_p2e_cup_seed4_ckpt200000,DONE,,,,
adapt_apt_finger_seed4_ckpt200000,adapt,dmc_finger_turn_hard,frozen_readout,4,1.25e5,/scratch/midway3/rickybao/dreamerv3_runs/pretrain_apt_finger_seed4/ckpt_snapshots/step000000200256,/scratch/midway3/rickybao/dreamerv3_runs/adapt_apt_finger_seed4_ckpt200000,DONE,,,,
adapt_random_finger_seed3_ckpt100000,adapt,dmc_finger_turn_hard,frozen_readout,3,1.25e5,/scratch/midway3/rickybao/dreamerv3_runs/pretrain_random_finger_seed3/ckpt_snapshots/step000000100256,/scratch/midway3/rickybao/dreamerv3_runs/adapt_random_finger_seed3_ckpt100000,DONE,,,,
adapt_random_cup_seed3_ckpt100000,adapt,dmc_cup_catch,frozen_readout,3,1.25e5,/scratch/midway3/rickybao/dreamerv3_runs/pretrain_random_cup_seed3/ckpt_snapshots/step000000099360,/scratch/midway3/rickybao/dreamerv3_runs/adapt_random_cup_seed3_ckpt100000,DONE,,,,
adapt_p2e_walker_seed4_ckpt300000,adapt,dmc_walker_walk,frozen_readout,4,1.25e5,/scratch/midway3/rickybao/dreamerv3_runs/pretrain_p2e_walker_seed4/ckpt_snapshots/step000000298256,/scratch/midway3/rickybao/dreamerv3_runs/adapt_p2e_walker_seed4_ckpt300000,DONE,,,,
adapt_apt_finger_seed3_ckpt100000,adapt,dmc_finger_turn_hard,frozen_readout,3,1.25e5,/scratch/midway3/rickybao/dreamerv3_runs/pretrain_apt_finger_seed3/ckpt_snapshots/step000000099088,/scratch/midway3/rickybao/dreamerv3_runs/adapt_apt_finger_seed3_ckpt100000,DONE,,,,
adapt_apt_walker_seed4_ckpt300000,adapt,dmc_walker_walk,frozen_readout,4,1.25e5,/scratch/midway3/rickybao/dreamerv3_runs/pretrain_apt_walker_seed4/ckpt_snapshots/step000000301168,/scratch/midway3/rickybao/dreamerv3_runs/adapt_apt_walker_seed4_ckpt300000,DONE,,,,
adapt_p2e_finger_seed4_ckpt300000,adapt,dmc_finger_turn_hard,frozen_readout,4,1.25e5,/scratch/midway3/rickybao/dreamerv3_runs/pretrain_p2e_finger_seed4/ckpt_snapshots/step000000298656,/scratch/midway3/rickybao/dreamerv3_runs/adapt_p2e_finger_seed4_ckpt300000,DONE,,,,
adapt_random_finger_seed3_ckpt200000,adapt,dmc_finger_turn_hard,frozen_readout,3,1.25e5,/scratch/midway3/rickybao/dreamerv3_runs/pretrain_random_finger_seed3/ckpt_snapshots/step000000198640,/scratch/midway3/rickybao/dreamerv3_runs/adapt_random_finger_seed3_ckpt200000,DONE,,,,
adapt_p2e_cup_seed4_ckpt300000,adapt,dmc_cup_catch,frozen_readout,4,1.25e5,/scratch/midway3/rickybao/dreamerv3_runs/pretrain_p2e_cup_seed4/ckpt_snapshots/step000000298688,/scratch/midway3/rickybao/dreamerv3_runs/adapt_p2e_cup_seed4_ckpt300000,DONE,,,,
adapt_random_walker_seed3_ckpt100000,adapt,dmc_walker_walk,frozen_readout,3,1.25e5,/scratch/midway3/rickybao/dreamerv3_runs/pretrain_random_walker_seed3/ckpt_snapshots/step000000098528,/scratch/midway3/rickybao/dreamerv3_runs/adapt_random_walker_seed3_ckpt100000,DONE,,,,
adapt_random_cup_seed3_ckpt200000,adapt,dmc_cup_catch,frozen_readout,3,1.25e5,/scratch/midway3/rickybao/dreamerv3_runs/pretrain_random_cup_seed3/ckpt_snapshots/step000000196864,/scratch/midway3/rickybao/dreamerv3_runs/adapt_random_cup_seed3_ckpt200000,DONE,,,,
adapt_apt_finger_seed4_ckpt300000,adapt,dmc_finger_turn_hard,frozen_readout,4,1.25e5,/scratch/midway3/rickybao/dreamerv3_runs/pretrain_apt_finger_seed4/ckpt_snapshots/step000000299488,/scratch/midway3/rickybao/dreamerv3_runs/adapt_apt_finger_seed4_ckpt300000,DONE,,,,
adapt_p2e_walker_seed4_ckpt400000,adapt,dmc_walker_walk,frozen_readout,4,1.25e5,/scratch/midway3/rickybao/dreamerv3_runs/pretrain_p2e_walker_seed4/ckpt_snapshots/step000000402256,/scratch/midway3/rickybao/dreamerv3_runs/adapt_p2e_walker_seed4_ckpt400000,DONE,,,,
adapt_apt_finger_seed3_ckpt200000,adapt,dmc_finger_turn_hard,frozen_readout,3,1.25e5,/scratch/midway3/rickybao/dreamerv3_runs/pretrain_apt_finger_seed3/ckpt_snapshots/step000000200912,/scratch/midway3/rickybao/dreamerv3_runs/adapt_apt_finger_seed3_ckpt200000,DONE,,,,
adapt_random_finger_seed3_ckpt300000,adapt,dmc_finger_turn_hard,frozen_readout,3,1.25e5,/scratch/midway3/rickybao/dreamerv3_runs/pretrain_random_finger_seed3/ckpt_snapshots/step000000297040,/scratch/midway3/rickybao/dreamerv3_runs/adapt_random_finger_seed3_ckpt300000,DONE,,,,
adapt_apt_walker_seed4_ckpt400000,adapt,dmc_walker_walk,frozen_readout,4,1.25e5,/scratch/midway3/rickybao/dreamerv3_runs/pretrain_apt_walker_seed4/ckpt_snapshots/step000000400624,/scratch/midway3/rickybao/dreamerv3_runs/adapt_apt_walker_seed4_ckpt400000,DONE,,,,
adapt_p2e_finger_seed4_ckpt400000,adapt,dmc_finger_turn_hard,frozen_readout,4,1.25e5,/scratch/midway3/rickybao/dreamerv3_runs/pretrain_p2e_finger_seed4/ckpt_snapshots/step000000401984,/scratch/midway3/rickybao/dreamerv3_runs/adapt_p2e_finger_seed4_ckpt400000,DONE,,,,
adapt_random_cup_seed3_ckpt300000,adapt,dmc_cup_catch,frozen_readout,3,1.25e5,/scratch/midway3/rickybao/dreamerv3_runs/pretrain_random_cup_seed3/ckpt_snapshots/step000000305200,/scratch/midway3/rickybao/dreamerv3_runs/adapt_random_cup_seed3_ckpt300000,DONE,,,,
adapt_p2e_cup_seed4_ckpt400000,adapt,dmc_cup_catch,frozen_readout,4,1.25e5,/scratch/midway3/rickybao/dreamerv3_runs/pretrain_p2e_cup_seed4/ckpt_snapshots/step000000397712,/scratch/midway3/rickybao/dreamerv3_runs/adapt_p2e_cup_seed4_ckpt400000,DONE,,,,
adapt_random_walker_seed3_ckpt200000,adapt,dmc_walker_walk,frozen_readout,3,1.25e5,/scratch/midway3/rickybao/dreamerv3_runs/pretrain_random_walker_seed3/ckpt_snapshots/step000000203984,/scratch/midway3/rickybao/dreamerv3_runs/adapt_random_walker_seed3_ckpt200000,DONE,,,,
adapt_apt_finger_seed4_ckpt400000,adapt,dmc_finger_turn_hard,frozen_readout,4,1.25e5,/scratch/midway3/rickybao/dreamerv3_runs/pretrain_apt_finger_seed4/ckpt_snapshots/step000000401072,/scratch/midway3/rickybao/dreamerv3_runs/adapt_apt_finger_seed4_ckpt400000,DONE,,,,
adapt_p2e_walker_seed4_ckpt500000,adapt,dmc_walker_walk,frozen_readout,4,1.25e5,/scratch/midway3/rickybao/dreamerv3_runs/pretrain_p2e_walker_seed4/ckpt_snapshots/step000000495824,/scratch/midway3/rickybao/dreamerv3_runs/adapt_p2e_walker_seed4_ckpt500000,DONE,,,,
adapt_apt_finger_seed3_ckpt300000,adapt,dmc_finger_turn_hard,frozen_readout,3,1.25e5,/scratch/midway3/rickybao/dreamerv3_runs/pretrain_apt_finger_seed3/ckpt_snapshots/step000000300352,/scratch/midway3/rickybao/dreamerv3_runs/adapt_apt_finger_seed3_ckpt300000,FAILED,,,,
adapt_random_finger_seed3_ckpt400000,adapt,dmc_finger_turn_hard,frozen_readout,3,1.25e5,/scratch/midway3/rickybao/dreamerv3_runs/pretrain_random_finger_seed3/ckpt_snapshots/step000000404368,/scratch/midway3/rickybao/dreamerv3_runs/adapt_random_finger_seed3_ckpt400000,DONE,,,,
adapt_random_cup_seed3_ckpt400000,adapt,dmc_cup_catch,frozen_readout,3,1.25e5,/scratch/midway3/rickybao/dreamerv3_runs/pretrain_random_cup_seed3/ckpt_snapshots/step000000402752,/scratch/midway3/rickybao/dreamerv3_runs/adapt_random_cup_seed3_ckpt400000,DONE,,,,
adapt_apt_walker_seed4_ckpt500000,adapt,dmc_walker_walk,frozen_readout,4,1.25e5,/scratch/midway3/rickybao/dreamerv3_runs/pretrain_apt_walker_seed4/ckpt_snapshots/step000000497712,/scratch/midway3/rickybao/dreamerv3_runs/adapt_apt_walker_seed4_ckpt500000,DONE,,,,
adapt_p2e_finger_seed4_ckpt500000,adapt,dmc_finger_turn_hard,frozen_readout,4,1.25e5,/scratch/midway3/rickybao/dreamerv3_runs/pretrain_p2e_finger_seed4/ckpt_snapshots/step000000496352,/scratch/midway3/rickybao/dreamerv3_runs/adapt_p2e_finger_seed4_ckpt500000,DONE,,,,
adapt_p2e_cup_seed4_ckpt500000,adapt,dmc_cup_catch,frozen_readout,4,1.25e5,/scratch/midway3/rickybao/dreamerv3_runs/pretrain_p2e_cup_seed4/ckpt_snapshots/step000000496768,/scratch/midway3/rickybao/dreamerv3_runs/adapt_p2e_cup_seed4_ckpt500000,DONE,,,,
adapt_random_walker_seed3_ckpt300000,adapt,dmc_walker_walk,frozen_readout,3,1.25e5,/scratch/midway3/rickybao/dreamerv3_runs/pretrain_random_walker_seed3/ckpt_snapshots/step000000300544,/scratch/midway3/rickybao/dreamerv3_runs/adapt_random_walker_seed3_ckpt300000,DONE,,,,
adapt_apt_finger_seed4_ckpt500000,adapt,dmc_finger_turn_hard,frozen_readout,4,1.25e5,/scratch/midway3/rickybao/dreamerv3_runs/pretrain_apt_finger_seed4/ckpt_snapshots/step000000497744,/scratch/midway3/rickybao/dreamerv3_runs/adapt_apt_finger_seed4_ckpt500000,DONE,,,,
adapt_p2e_walker_seed5_ckpt100000,adapt,dmc_walker_walk,frozen_readout,5,1.25e5,/scratch/midway3/rickybao/dreamerv3_runs/pretrain_p2e_walker_seed5/ckpt_snapshots/step000000100912,/scratch/midway3/rickybao/dreamerv3_runs/adapt_p2e_walker_seed5_ckpt100000,DONE,,,,
adapt_random_finger_seed3_ckpt500000,adapt,dmc_finger_turn_hard,frozen_readout,3,1.25e5,/scratch/midway3/rickybao/dreamerv3_runs/pretrain_random_finger_seed3/ckpt_snapshots/step000000493840,/scratch/midway3/rickybao/dreamerv3_runs/adapt_random_finger_seed3_ckpt500000,DONE,,,,
adapt_random_cup_seed3_ckpt500000,adapt,dmc_cup_catch,frozen_readout,3,1.25e5,/scratch/midway3/rickybao/dreamerv3_runs/pretrain_random_cup_seed3/ckpt_snapshots/step000000489472,/scratch/midway3/rickybao/dreamerv3_runs/adapt_random_cup_seed3_ckpt500000,DONE,,,,
adapt_apt_walker_seed5_ckpt100000,adapt,dmc_walker_walk,frozen_readout,5,1.25e5,/scratch/midway3/rickybao/dreamerv3_runs/pretrain_apt_walker_seed5/ckpt_snapshots/step000000100336,/scratch/midway3/rickybao/dreamerv3_runs/adapt_apt_walker_seed5_ckpt100000,DONE,,,,
adapt_p2e_finger_seed5_ckpt100000,adapt,dmc_finger_turn_hard,frozen_readout,5,1.25e5,/scratch/midway3/rickybao/dreamerv3_runs/pretrain_p2e_finger_seed5/ckpt_snapshots/step000000100896,/scratch/midway3/rickybao/dreamerv3_runs/adapt_p2e_finger_seed5_ckpt100000,DONE,,,,
adapt_p2e_walker_seed5_ckpt200000,adapt,dmc_walker_walk,frozen_readout,5,1.25e5,/scratch/midway3/rickybao/dreamerv3_runs/pretrain_p2e_walker_seed5/ckpt_snapshots/step000000199920,/scratch/midway3/rickybao/dreamerv3_runs/adapt_p2e_walker_seed5_ckpt200000,DONE,,,,
adapt_p2e_cup_seed5_ckpt100000,adapt,dmc_cup_catch,frozen_readout,5,1.25e5,/scratch/midway3/rickybao/dreamerv3_runs/pretrain_p2e_cup_seed5/ckpt_snapshots/step000000100832,/scratch/midway3/rickybao/dreamerv3_runs/adapt_p2e_cup_seed5_ckpt100000,DONE,,,,
adapt_apt_finger_seed5_ckpt100000,adapt,dmc_finger_turn_hard,frozen_readout,5,1.25e5,/scratch/midway3/rickybao/dreamerv3_runs/pretrain_apt_finger_seed5/ckpt_snapshots/step000000100320,/scratch/midway3/rickybao/dreamerv3_runs/adapt_apt_finger_seed5_ckpt100000,DONE,,,,
adapt_random_finger_seed4_ckpt100000,adapt,dmc_finger_turn_hard,frozen_readout,4,1.25e5,/scratch/midway3/rickybao/dreamerv3_runs/pretrain_random_finger_seed4/ckpt_snapshots/step000000100512,/scratch/midway3/rickybao/dreamerv3_runs/adapt_random_finger_seed4_ckpt100000,DONE,,,,
adapt_random_cup_seed4_ckpt100000,adapt,dmc_cup_catch,frozen_readout,4,1.25e5,/scratch/midway3/rickybao/dreamerv3_runs/pretrain_random_cup_seed4/ckpt_snapshots/step000000099344,/scratch/midway3/rickybao/dreamerv3_runs/adapt_random_cup_seed4_ckpt100000,DONE,,,,
adapt_apt_walker_seed5_ckpt200000,adapt,dmc_walker_walk,frozen_readout,5,1.25e5,/scratch/midway3/rickybao/dreamerv3_runs/pretrain_apt_walker_seed5/ckpt_snapshots/step000000199168,/scratch/midway3/rickybao/dreamerv3_runs/adapt_apt_walker_seed5_ckpt200000,DONE,,,,
adapt_p2e_walker_seed5_ckpt300000,adapt,dmc_walker_walk,frozen_readout,5,1.25e5,/scratch/midway3/rickybao/dreamerv3_runs/pretrain_p2e_walker_seed5/ckpt_snapshots/step000000298960,/scratch/midway3/rickybao/dreamerv3_runs/adapt_p2e_walker_seed5_ckpt300000,DONE,,,,
adapt_p2e_finger_seed5_ckpt200000,adapt,dmc_finger_turn_hard,frozen_readout,5,1.25e5,/scratch/midway3/rickybao/dreamerv3_runs/pretrain_p2e_finger_seed5/ckpt_snapshots/step000000200000,/scratch/midway3/rickybao/dreamerv3_runs/adapt_p2e_finger_seed5_ckpt200000,DONE,,,,
adapt_p2e_cup_seed5_ckpt200000,adapt,dmc_cup_catch,frozen_readout,5,1.25e5,/scratch/midway3/rickybao/dreamerv3_runs/pretrain_p2e_cup_seed5/ckpt_snapshots/step000000199856,/scratch/midway3/rickybao/dreamerv3_runs/adapt_p2e_cup_seed5_ckpt200000,DONE,,,,
adapt_apt_finger_seed5_ckpt200000,adapt,dmc_finger_turn_hard,frozen_readout,5,1.25e5,/scratch/midway3/rickybao/dreamerv3_runs/pretrain_apt_finger_seed5/ckpt_snapshots/step000000200160,/scratch/midway3/rickybao/dreamerv3_runs/adapt_apt_finger_seed5_ckpt200000,DONE,,,,
adapt_random_finger_seed4_ckpt200000,adapt,dmc_finger_turn_hard,frozen_readout,4,1.25e5,/scratch/midway3/rickybao/dreamerv3_runs/pretrain_random_finger_seed4/ckpt_snapshots/step000000199216,/scratch/midway3/rickybao/dreamerv3_runs/adapt_random_finger_seed4_ckpt200000,DONE,,,,
adapt_random_cup_seed4_ckpt200000,adapt,dmc_cup_catch,frozen_readout,4,1.25e5,/scratch/midway3/rickybao/dreamerv3_runs/pretrain_random_cup_seed4/ckpt_snapshots/step000000196816,/scratch/midway3/rickybao/dreamerv3_runs/adapt_random_cup_seed4_ckpt200000,DONE,,,,
adapt_p2e_walker_seed5_ckpt400000,adapt,dmc_walker_walk,frozen_readout,5,1.25e5,/scratch/midway3/rickybao/dreamerv3_runs/pretrain_p2e_walker_seed5/ckpt_snapshots/step000000398000,/scratch/midway3/rickybao/dreamerv3_runs/adapt_p2e_walker_seed5_ckpt400000,DONE,,,,
adapt_apt_walker_seed5_ckpt300000,adapt,dmc_walker_walk,frozen_readout,5,1.25e5,/scratch/midway3/rickybao/dreamerv3_runs/pretrain_apt_walker_seed5/ckpt_snapshots/step000000300992,/scratch/midway3/rickybao/dreamerv3_runs/adapt_apt_walker_seed5_ckpt300000,DONE,,,,
adapt_p2e_finger_seed5_ckpt300000,adapt,dmc_finger_turn_hard,frozen_readout,5,1.25e5,/scratch/midway3/rickybao/dreamerv3_runs/pretrain_p2e_finger_seed5/ckpt_snapshots/step000000299136,/scratch/midway3/rickybao/dreamerv3_runs/adapt_p2e_finger_seed5_ckpt300000,DONE,,,,
adapt_p2e_cup_seed5_ckpt300000,adapt,dmc_cup_catch,frozen_readout,5,1.25e5,/scratch/midway3/rickybao/dreamerv3_runs/pretrain_p2e_cup_seed5/ckpt_snapshots/step000000298944,/scratch/midway3/rickybao/dreamerv3_runs/adapt_p2e_cup_seed5_ckpt300000,DONE,,,,
adapt_apt_finger_seed5_ckpt300000,adapt,dmc_finger_turn_hard,frozen_readout,5,1.25e5,/scratch/midway3/rickybao/dreamerv3_runs/pretrain_apt_finger_seed5/ckpt_snapshots/step000000300000,/scratch/midway3/rickybao/dreamerv3_runs/adapt_apt_finger_seed5_ckpt300000,DONE,,,,
adapt_random_finger_seed4_ckpt300000,adapt,dmc_finger_turn_hard,frozen_readout,4,1.25e5,/scratch/midway3/rickybao/dreamerv3_runs/pretrain_random_finger_seed4/ckpt_snapshots/step000000297952,/scratch/midway3/rickybao/dreamerv3_runs/adapt_random_finger_seed4_ckpt300000,DONE,,,,
adapt_random_cup_seed4_ckpt300000,adapt,dmc_cup_catch,frozen_readout,4,1.25e5,/scratch/midway3/rickybao/dreamerv3_runs/pretrain_random_cup_seed4/ckpt_snapshots/step000000305168,/scratch/midway3/rickybao/dreamerv3_runs/adapt_random_cup_seed4_ckpt300000,DONE,,,,
adapt_p2e_walker_seed5_ckpt500000,adapt,dmc_walker_walk,frozen_readout,5,1.25e5,/scratch/midway3/rickybao/dreamerv3_runs/pretrain_p2e_walker_seed5/ckpt_snapshots/step000000497104,/scratch/midway3/rickybao/dreamerv3_runs/adapt_p2e_walker_seed5_ckpt500000,DONE,,,,
adapt_apt_walker_seed5_ckpt400000,adapt,dmc_walker_walk,frozen_readout,5,1.25e5,/scratch/midway3/rickybao/dreamerv3_runs/pretrain_apt_walker_seed5/ckpt_snapshots/step000000400448,/scratch/midway3/rickybao/dreamerv3_runs/adapt_apt_walker_seed5_ckpt400000,DONE,,,,
adapt_p2e_finger_seed5_ckpt400000,adapt,dmc_finger_turn_hard,frozen_readout,5,1.25e5,/scratch/midway3/rickybao/dreamerv3_runs/pretrain_p2e_finger_seed5/ckpt_snapshots/step000000398096,/scratch/midway3/rickybao/dreamerv3_runs/adapt_p2e_finger_seed5_ckpt400000,DONE,,,,
adapt_p2e_cup_seed5_ckpt400000,adapt,dmc_cup_catch,frozen_readout,5,1.25e5,/scratch/midway3/rickybao/dreamerv3_runs/pretrain_p2e_cup_seed5/ckpt_snapshots/step000000397984,/scratch/midway3/rickybao/dreamerv3_runs/adapt_p2e_cup_seed5_ckpt400000,DONE,,,,
adapt_random_finger_seed4_ckpt400000,adapt,dmc_finger_turn_hard,frozen_readout,4,1.25e5,/scratch/midway3/rickybao/dreamerv3_runs/pretrain_random_finger_seed4/ckpt_snapshots/step000000396688,/scratch/midway3/rickybao/dreamerv3_runs/adapt_random_finger_seed4_ckpt400000,DONE,,,,
adapt_apt_finger_seed5_ckpt400000,adapt,dmc_finger_turn_hard,frozen_readout,5,1.25e5,/scratch/midway3/rickybao/dreamerv3_runs/pretrain_apt_finger_seed5/ckpt_snapshots/step000000399840,/scratch/midway3/rickybao/dreamerv3_runs/adapt_apt_finger_seed5_ckpt400000,DONE,,,,
adapt_random_cup_seed4_ckpt400000,adapt,dmc_cup_catch,frozen_readout,4,1.25e5,/scratch/midway3/rickybao/dreamerv3_runs/pretrain_random_cup_seed4/ckpt_snapshots/step000000402688,/scratch/midway3/rickybao/dreamerv3_runs/adapt_random_cup_seed4_ckpt400000,DONE,,,,
adapt_random_cup_seed1_ckpt100000,adapt,dmc_cup_catch,frozen_readout,1,1.25e5,/scratch/midway3/rickybao/dreamerv3_runs/pretrain_random_cup_seed1/ckpt_snapshots/step000000101056,/scratch/midway3/rickybao/dreamerv3_runs/adapt_random_cup_seed1_ckpt100000,DONE,,,,
adapt_apt_walker_seed5_ckpt500000,adapt,dmc_walker_walk,frozen_readout,5,1.25e5,/scratch/midway3/rickybao/dreamerv3_runs/pretrain_apt_walker_seed5/ckpt_snapshots/step000000499888,/scratch/midway3/rickybao/dreamerv3_runs/adapt_apt_walker_seed5_ckpt500000,DONE,,,,
adapt_p2e_finger_seed5_ckpt500000,adapt,dmc_finger_turn_hard,frozen_readout,5,1.25e5,/scratch/midway3/rickybao/dreamerv3_runs/pretrain_p2e_finger_seed5/ckpt_snapshots/step000000497296,/scratch/midway3/rickybao/dreamerv3_runs/adapt_p2e_finger_seed5_ckpt500000,DONE,,,,
adapt_p2e_cup_seed5_ckpt500000,adapt,dmc_cup_catch,frozen_readout,5,1.25e5,/scratch/midway3/rickybao/dreamerv3_runs/pretrain_p2e_cup_seed5/ckpt_snapshots/step000000497040,/scratch/midway3/rickybao/dreamerv3_runs/adapt_p2e_cup_seed5_ckpt500000,DONE,,,,
adapt_random_finger_seed4_ckpt500000,adapt,dmc_finger_turn_hard,frozen_readout,4,1.25e5,/scratch/midway3/rickybao/dreamerv3_runs/pretrain_random_finger_seed4/ckpt_snapshots/step000000495424,/scratch/midway3/rickybao/dreamerv3_runs/adapt_random_finger_seed4_ckpt500000,DONE,,,,
adapt_random_cup_seed4_ckpt500000,adapt,dmc_cup_catch,frozen_readout,4,1.25e5,/scratch/midway3/rickybao/dreamerv3_runs/pretrain_random_cup_seed4/ckpt_snapshots/step000000489360,/scratch/midway3/rickybao/dreamerv3_runs/adapt_random_cup_seed4_ckpt500000,DONE,,,,
adapt_apt_finger_seed5_ckpt500000,adapt,dmc_finger_turn_hard,frozen_readout,5,1.25e5,/scratch/midway3/rickybao/dreamerv3_runs/pretrain_apt_finger_seed5/ckpt_snapshots/step000000499680,/scratch/midway3/rickybao/dreamerv3_runs/adapt_apt_finger_seed5_ckpt500000,DONE,,,,
adapt_random_cup_seed1_ckpt200000,adapt,dmc_cup_catch,frozen_readout,1,1.25e5,/scratch/midway3/rickybao/dreamerv3_runs/pretrain_random_cup_seed1/ckpt_snapshots/step000000200304,/scratch/midway3/rickybao/dreamerv3_runs/adapt_random_cup_seed1_ckpt200000,DONE,,,,
adapt_p2e_cup_seed1_ckpt100000,adapt,dmc_cup_catch,frozen_readout,1,1.25e5,/scratch/midway3/rickybao/dreamerv3_runs/pretrain_p2e_cup_seed1/ckpt_snapshots/step000000100768,/scratch/midway3/rickybao/dreamerv3_runs/adapt_p2e_cup_seed1_ckpt100000,DONE,,,,
adapt_p2e_walker_seed1_ckpt100000,adapt,dmc_walker_walk,frozen_readout,1,1.25e5,/scratch/midway3/rickybao/dreamerv3_runs/pretrain_p2e_walker_seed1/ckpt_snapshots/step000000100720,/scratch/midway3/rickybao/dreamerv3_runs/adapt_p2e_walker_seed1_ckpt100000,DONE,,,,
adapt_random_finger_seed5_ckpt100000,adapt,dmc_finger_turn_hard,frozen_readout,5,1.25e5,/scratch/midway3/rickybao/dreamerv3_runs/pretrain_random_finger_seed5/ckpt_snapshots/step000000100240,/scratch/midway3/rickybao/dreamerv3_runs/adapt_random_finger_seed5_ckpt100000,DONE,,,,
adapt_p2e_finger_seed1_ckpt100000,adapt,dmc_finger_turn_hard,frozen_readout,1,1.25e5,/scratch/midway3/rickybao/dreamerv3_runs/pretrain_p2e_finger_seed1/ckpt_snapshots/step000000100432,/scratch/midway3/rickybao/dreamerv3_runs/adapt_p2e_finger_seed1_ckpt100000,DONE,,,,
adapt_random_cup_seed5_ckpt100000,adapt,dmc_cup_catch,frozen_readout,5,1.25e5,/scratch/midway3/rickybao/dreamerv3_runs/pretrain_random_cup_seed5/ckpt_snapshots/step000000099472,/scratch/midway3/rickybao/dreamerv3_runs/adapt_random_cup_seed5_ckpt100000,DONE,,,,
adapt_apt_walker_seed1_ckpt100000,adapt,dmc_walker_walk,frozen_readout,1,1.25e5,/scratch/midway3/rickybao/dreamerv3_runs/pretrain_apt_walker_seed1/ckpt_snapshots/step000000099296,/scratch/midway3/rickybao/dreamerv3_runs/adapt_apt_walker_seed1_ckpt100000,DONE,,,,
adapt_random_cup_seed1_ckpt300000,adapt,dmc_cup_catch,frozen_readout,1,1.25e5,/scratch/midway3/rickybao/dreamerv3_runs/pretrain_random_cup_seed1/ckpt_snapshots/step000000299568,/scratch/midway3/rickybao/dreamerv3_runs/adapt_random_cup_seed1_ckpt300000,DONE,,,,
adapt_p2e_cup_seed1_ckpt200000,adapt,dmc_cup_catch,frozen_readout,1,1.25e5,/scratch/midway3/rickybao/dreamerv3_runs/pretrain_p2e_cup_seed1/ckpt_snapshots/step000000199680,/scratch/midway3/rickybao/dreamerv3_runs/adapt_p2e_cup_seed1_ckpt200000,DONE,,,,
adapt_apt_finger_seed3_ckpt300000,adapt,dmc_finger_turn_hard,frozen_readout,3,1.25e5,/scratch/midway3/rickybao/dreamerv3_runs/pretrain_apt_finger_seed3/ckpt_snapshots/step000000300352,/scratch/midway3/rickybao/dreamerv3_runs/adapt_apt_finger_seed3_ckpt300000,FAILED,,,,
adapt_random_finger_seed5_ckpt200000,adapt,dmc_finger_turn_hard,frozen_readout,5,1.25e5,/scratch/midway3/rickybao/dreamerv3_runs/pretrain_random_finger_seed5/ckpt_snapshots/step000000198608,/scratch/midway3/rickybao/dreamerv3_runs/adapt_random_finger_seed5_ckpt200000,DONE,,,,
adapt_random_walker_seed3_ckpt500000,adapt,dmc_walker_walk,frozen_readout,3,1.25e5,/scratch/midway3/rickybao/dreamerv3_runs/pretrain_random_walker_seed3/ckpt_snapshots/step000000493616,/scratch/midway3/rickybao/dreamerv3_runs/adapt_random_walker_seed3_ckpt500000,FAILED,,,,
adapt_p2e_walker_seed1_ckpt200000,adapt,dmc_walker_walk,frozen_readout,1,1.25e5,/scratch/midway3/rickybao/dreamerv3_runs/pretrain_p2e_walker_seed1/ckpt_snapshots/step000000199520,/scratch/midway3/rickybao/dreamerv3_runs/adapt_p2e_walker_seed1_ckpt200000,DONE,,,,
adapt_random_cup_seed5_ckpt200000,adapt,dmc_cup_catch,frozen_readout,5,1.25e5,/scratch/midway3/rickybao/dreamerv3_runs/pretrain_random_cup_seed5/ckpt_snapshots/step000000197104,/scratch/midway3/rickybao/dreamerv3_runs/adapt_random_cup_seed5_ckpt200000,DONE,,,,
adapt_p2e_finger_seed1_ckpt200000,adapt,dmc_finger_turn_hard,frozen_readout,1,1.25e5,/scratch/midway3/rickybao/dreamerv3_runs/pretrain_p2e_finger_seed1/ckpt_snapshots/step000000198928,/scratch/midway3/rickybao/dreamerv3_runs/adapt_p2e_finger_seed1_ckpt200000,DONE,,,,
adapt_random_cup_seed1_ckpt400000,adapt,dmc_cup_catch,frozen_readout,1,1.25e5,/scratch/midway3/rickybao/dreamerv3_runs/pretrain_random_cup_seed1/ckpt_snapshots/step000000398832,/scratch/midway3/rickybao/dreamerv3_runs/adapt_random_cup_seed1_ckpt400000,DONE,,,,
adapt_apt_walker_seed1_ckpt200000,adapt,dmc_walker_walk,frozen_readout,1,1.25e5,/scratch/midway3/rickybao/dreamerv3_runs/pretrain_apt_walker_seed1/ckpt_snapshots/step000000201120,/scratch/midway3/rickybao/dreamerv3_runs/adapt_apt_walker_seed1_ckpt200000,DONE,,,,
adapt_random_finger_seed5_ckpt300000,adapt,dmc_finger_turn_hard,frozen_readout,5,1.25e5,/scratch/midway3/rickybao/dreamerv3_runs/pretrain_random_finger_seed5/ckpt_snapshots/step000000296896,/scratch/midway3/rickybao/dreamerv3_runs/adapt_random_finger_seed5_ckpt300000,DONE,,,,
adapt_p2e_cup_seed1_ckpt300000,adapt,dmc_cup_catch,frozen_readout,1,1.25e5,/scratch/midway3/rickybao/dreamerv3_runs/pretrain_p2e_cup_seed1/ckpt_snapshots/step000000298576,/scratch/midway3/rickybao/dreamerv3_runs/adapt_p2e_cup_seed1_ckpt300000,DONE,,,,
adapt_random_cup_seed5_ckpt300000,adapt,dmc_cup_catch,frozen_readout,5,1.25e5,/scratch/midway3/rickybao/dreamerv3_runs/pretrain_random_cup_seed5/ckpt_snapshots/step000000294752,/scratch/midway3/rickybao/dreamerv3_runs/adapt_random_cup_seed5_ckpt300000,DONE,,,,
adapt_p2e_walker_seed1_ckpt300000,adapt,dmc_walker_walk,frozen_readout,1,1.25e5,/scratch/midway3/rickybao/dreamerv3_runs/pretrain_p2e_walker_seed1/ckpt_snapshots/step000000298320,/scratch/midway3/rickybao/dreamerv3_runs/adapt_p2e_walker_seed1_ckpt300000,DONE,,,,
adapt_p2e_finger_seed1_ckpt300000,adapt,dmc_finger_turn_hard,frozen_readout,1,1.25e5,/scratch/midway3/rickybao/dreamerv3_runs/pretrain_p2e_finger_seed1/ckpt_snapshots/step000000297600,/scratch/midway3/rickybao/dreamerv3_runs/adapt_p2e_finger_seed1_ckpt300000,DONE,,,,
adapt_random_cup_seed1_ckpt500000,adapt,dmc_cup_catch,frozen_readout,1,1.25e5,/scratch/midway3/rickybao/dreamerv3_runs/pretrain_random_cup_seed1/ckpt_snapshots/step000000498144,/scratch/midway3/rickybao/dreamerv3_runs/adapt_random_cup_seed1_ckpt500000,DONE,,,,
adapt_apt_walker_seed1_ckpt300000,adapt,dmc_walker_walk,frozen_readout,1,1.25e5,/scratch/midway3/rickybao/dreamerv3_runs/pretrain_apt_walker_seed1/ckpt_snapshots/step000000300576,/scratch/midway3/rickybao/dreamerv3_runs/adapt_apt_walker_seed1_ckpt300000,DONE,,,,
adapt_random_finger_seed5_ckpt400000,adapt,dmc_finger_turn_hard,frozen_readout,5,1.25e5,/scratch/midway3/rickybao/dreamerv3_runs/pretrain_random_finger_seed5/ckpt_snapshots/step000000404176,/scratch/midway3/rickybao/dreamerv3_runs/adapt_random_finger_seed5_ckpt400000,DONE,,,,
adapt_random_cup_seed5_ckpt400000,adapt,dmc_cup_catch,frozen_readout,5,1.25e5,/scratch/midway3/rickybao/dreamerv3_runs/pretrain_random_cup_seed5/ckpt_snapshots/step000000403200,/scratch/midway3/rickybao/dreamerv3_runs/adapt_random_cup_seed5_ckpt400000,DONE,,,,
adapt_p2e_cup_seed1_ckpt400000,adapt,dmc_cup_catch,frozen_readout,1,1.25e5,/scratch/midway3/rickybao/dreamerv3_runs/pretrain_p2e_cup_seed1/ckpt_snapshots/step000000401936,/scratch/midway3/rickybao/dreamerv3_runs/adapt_p2e_cup_seed1_ckpt400000,DONE,,,,
adapt_p2e_walker_seed1_ckpt400000,adapt,dmc_walker_walk,frozen_readout,1,1.25e5,/scratch/midway3/rickybao/dreamerv3_runs/pretrain_p2e_walker_seed1/ckpt_snapshots/step000000402384,/scratch/midway3/rickybao/dreamerv3_runs/adapt_p2e_walker_seed1_ckpt400000,DONE,,,,
adapt_p2e_finger_seed1_ckpt400000,adapt,dmc_finger_turn_hard,frozen_readout,1,1.25e5,/scratch/midway3/rickybao/dreamerv3_runs/pretrain_p2e_finger_seed1/ckpt_snapshots/step000000401536,/scratch/midway3/rickybao/dreamerv3_runs/adapt_p2e_finger_seed1_ckpt400000,DONE,,,,
adapt_apt_walker_seed1_ckpt400000,adapt,dmc_walker_walk,frozen_readout,1,1.25e5,/scratch/midway3/rickybao/dreamerv3_runs/pretrain_apt_walker_seed1/ckpt_snapshots/step000000400032,/scratch/midway3/rickybao/dreamerv3_runs/adapt_apt_walker_seed1_ckpt400000,DONE,,,,
adapt_random_finger_seed5_ckpt500000,adapt,dmc_finger_turn_hard,frozen_readout,5,1.25e5,/scratch/midway3/rickybao/dreamerv3_runs/pretrain_random_finger_seed5/ckpt_snapshots/step000000493552,/scratch/midway3/rickybao/dreamerv3_runs/adapt_random_finger_seed5_ckpt500000,DONE,,,,
adapt_random_cup_seed5_ckpt500000,adapt,dmc_cup_catch,frozen_readout,5,1.25e5,/scratch/midway3/rickybao/dreamerv3_runs/pretrain_random_cup_seed5/ckpt_snapshots/step000000489968,/scratch/midway3/rickybao/dreamerv3_runs/adapt_random_cup_seed5_ckpt500000,DONE,,,,
adapt_p2e_cup_seed1_ckpt500000,adapt,dmc_cup_catch,frozen_readout,1,1.25e5,/scratch/midway3/rickybao/dreamerv3_runs/pretrain_p2e_cup_seed1/ckpt_snapshots/step000000496320,/scratch/midway3/rickybao/dreamerv3_runs/adapt_p2e_cup_seed1_ckpt500000,DONE,,,,
adapt_p2e_walker_seed1_ckpt500000,adapt,dmc_walker_walk,frozen_readout,1,1.25e5,/scratch/midway3/rickybao/dreamerv3_runs/pretrain_p2e_walker_seed1/ckpt_snapshots/step000000496032,/scratch/midway3/rickybao/dreamerv3_runs/adapt_p2e_walker_seed1_ckpt500000,DONE,,,,
adapt_p2e_finger_seed1_ckpt500000,adapt,dmc_finger_turn_hard,frozen_readout,1,1.25e5,/scratch/midway3/rickybao/dreamerv3_runs/pretrain_p2e_finger_seed1/ckpt_snapshots/step000000494928,/scratch/midway3/rickybao/dreamerv3_runs/adapt_p2e_finger_seed1_ckpt500000,DONE,,,,
adapt_apt_walker_seed1_ckpt500000,adapt,dmc_walker_walk,frozen_readout,1,1.25e5,/scratch/midway3/rickybao/dreamerv3_runs/pretrain_apt_walker_seed1/ckpt_snapshots/step000000499488,/scratch/midway3/rickybao/dreamerv3_runs/adapt_apt_walker_seed1_ckpt500000,DONE,,,,
adapt_apt_finger_seed3_ckpt300000,adapt,dmc_finger_turn_hard,frozen_readout,3,1.25e5,/scratch/midway3/rickybao/dreamerv3_runs/pretrain_apt_finger_seed3/ckpt_snapshots/step000000300352,/scratch/midway3/rickybao/dreamerv3_runs/adapt_apt_finger_seed3_ckpt300000,FAILED,,,,
adapt_random_walker_seed2_ckpt300000,adapt,dmc_walker_walk,frozen_readout,2,1.25e5,/scratch/midway3/rickybao/dreamerv3_runs/pretrain_random_walker_seed2/ckpt_snapshots/step000000303600,/scratch/midway3/rickybao/dreamerv3_runs/adapt_random_walker_seed2_ckpt300000,FAILED,,,,
adapt_random_walker_seed4_ckpt500000,adapt,dmc_walker_walk,frozen_readout,4,1.25e5,/scratch/midway3/rickybao/dreamerv3_runs/pretrain_random_walker_seed4/ckpt_snapshots/step000000495744,/scratch/midway3/rickybao/dreamerv3_runs/adapt_random_walker_seed4_ckpt500000,FAILED,,,,
adapt_apt_finger_seed3_ckpt300000,adapt,dmc_finger_turn_hard,frozen_readout,3,1.25e5,/scratch/midway3/rickybao/dreamerv3_runs/pretrain_apt_finger_seed3/ckpt_snapshots/step000000300352,/scratch/midway3/rickybao/dreamerv3_runs/adapt_apt_finger_seed3_ckpt300000,FAILED,,,,
adapt_random_walker_seed2_ckpt300000,adapt,dmc_walker_walk,frozen_readout,2,1.25e5,/scratch/midway3/rickybao/dreamerv3_runs/pretrain_random_walker_seed2/ckpt_snapshots/step000000303600,/scratch/midway3/rickybao/dreamerv3_runs/adapt_random_walker_seed2_ckpt300000,FAILED,,,,
adapt_random_walker_seed4_ckpt500000,adapt,dmc_walker_walk,frozen_readout,4,1.25e5,/scratch/midway3/rickybao/dreamerv3_runs/pretrain_random_walker_seed4/ckpt_snapshots/step000000495744,/scratch/midway3/rickybao/dreamerv3_runs/adapt_random_walker_seed4_ckpt500000,FAILED,,,,
adapt_random_walker_seed2_ckpt300000,adapt,dmc_walker_walk,frozen_readout,2,1.25e5,/scratch/midway3/rickybao/dreamerv3_runs/pretrain_random_walker_seed2/ckpt_snapshots/step000000303600,/scratch/midway3/rickybao/dreamerv3_runs/adapt_random_walker_seed2_ckpt300000,FAILED,,,,
adapt_apt_finger_seed3_ckpt300000,adapt,dmc_finger_turn_hard,frozen_readout,3,1.25e5,/scratch/midway3/rickybao/dreamerv3_runs/pretrain_apt_finger_seed3/ckpt_snapshots/step000000300352,/scratch/midway3/rickybao/dreamerv3_runs/adapt_apt_finger_seed3_ckpt300000,FAILED,,,,
adapt_random_walker_seed4_ckpt500000,adapt,dmc_walker_walk,frozen_readout,4,1.25e5,/scratch/midway3/rickybao/dreamerv3_runs/pretrain_random_walker_seed4/ckpt_snapshots/step000000495744,/scratch/midway3/rickybao/dreamerv3_runs/adapt_random_walker_seed4_ckpt500000,FAILED,,,,
adapt_random_walker_seed2_ckpt300000,adapt,dmc_walker_walk,frozen_readout,2,1.25e5,/scratch/midway3/rickybao/dreamerv3_runs/pretrain_random_walker_seed2/ckpt_snapshots/step000000303600,/scratch/midway3/rickybao/dreamerv3_runs/adapt_random_walker_seed2_ckpt300000,FAILED,,,,
adapt_random_walker_seed4_ckpt500000,adapt,dmc_walker_walk,frozen_readout,4,1.25e5,/scratch/midway3/rickybao/dreamerv3_runs/pretrain_random_walker_seed4/ckpt_snapshots/step000000495744,/scratch/midway3/rickybao/dreamerv3_runs/adapt_random_walker_seed4_ckpt500000,FAILED,,,,
adapt_apt_finger_seed3_ckpt300000,adapt,dmc_finger_turn_hard,frozen_readout,3,1.25e5,/scratch/midway3/rickybao/dreamerv3_runs/pretrain_apt_finger_seed3/ckpt_snapshots/step000000300352,/scratch/midway3/rickybao/dreamerv3_runs/adapt_apt_finger_seed3_ckpt300000,FAILED,,,,
smoke_adapt_apt_finger_seed3_ckpt300000,adapt,dmc_finger_turn_hard,frozen_readout,3,1000,/scratch/midway3/rickybao/dreamerv3_runs/pretrain_apt_finger_seed3/ckpt_snapshots/step000000300352,/scratch/midway3/rickybao/dreamerv3_runs/smoke_adapt_apt_finger_seed3_ckpt300000,FAILED,,,,
adapt_apt_finger_seed3_ckpt300000,adapt,dmc_finger_turn_hard,frozen_readout,3,1.25e5,/scratch/midway3/rickybao/dreamerv3_runs/pretrain_apt_finger_seed3/ckpt_snapshots/step000000300352,/scratch/midway3/rickybao/dreamerv3_runs/adapt_apt_finger_seed3_ckpt300000,FAILED,,,,
adapt_random_walker_seed3_ckpt400000,adapt,dmc_walker_walk,frozen_readout,3,1.25e5,/scratch/midway3/rickybao/dreamerv3_runs/pretrain_random_walker_seed3/ckpt_snapshots/step000000397072,/scratch/midway3/rickybao/dreamerv3_runs/adapt_random_walker_seed3_ckpt400000,FAILED,,,,
adapt_random_walker_seed1_ckpt500000,adapt,dmc_walker_walk,frozen_readout,1,1.25e5,/scratch/midway3/rickybao/dreamerv3_runs/pretrain_random_walker_seed1/ckpt_snapshots/step000000497104,/scratch/midway3/rickybao/dreamerv3_runs/adapt_random_walker_seed1_ckpt500000,FAILED,,,,
adapt_random_walker_seed5_ckpt100000,adapt,dmc_walker_walk,frozen_readout,5,1.25e5,/scratch/midway3/rickybao/dreamerv3_runs/pretrain_random_walker_seed5/ckpt_snapshots/step000000100096,/scratch/midway3/rickybao/dreamerv3_runs/adapt_random_walker_seed5_ckpt100000,FAILED,,,,
adapt_apt_finger_seed3_ckpt300000,adapt,dmc_finger_turn_hard,frozen_readout,3,1.25e5,/scratch/midway3/rickybao/dreamerv3_runs/pretrain_apt_finger_seed3/ckpt_snapshots/step000000300352,/scratch/midway3/rickybao/dreamerv3_runs/adapt_apt_finger_seed3_ckpt300000,FAILED,,,,
adapt_random_walker_seed5_ckpt100000,adapt,dmc_walker_walk,frozen_readout,5,1.25e5,/scratch/midway3/rickybao/dreamerv3_runs/pretrain_random_walker_seed5/ckpt_snapshots/step000000100096,/scratch/midway3/rickybao/dreamerv3_runs/adapt_random_walker_seed5_ckpt100000,DONE,,,,
adapt_random_walker_seed1_ckpt500000,adapt,dmc_walker_walk,frozen_readout,1,1.25e5,/scratch/midway3/rickybao/dreamerv3_runs/pretrain_random_walker_seed1/ckpt_snapshots/step000000497104,/scratch/midway3/rickybao/dreamerv3_runs/adapt_random_walker_seed1_ckpt500000,DONE,,,,
adapt_apt_finger_seed3_ckpt300000,adapt,dmc_finger_turn_hard,frozen_readout,3,1.25e5,/scratch/midway3/rickybao/dreamerv3_runs/pretrain_apt_finger_seed3/ckpt_snapshots/step000000300352,/scratch/midway3/rickybao/dreamerv3_runs/adapt_apt_finger_seed3_ckpt300000,DONE,,,,
adapt_random_walker_seed3_ckpt400000,adapt,dmc_walker_walk,frozen_readout,3,1.25e5,/scratch/midway3/rickybao/dreamerv3_runs/pretrain_random_walker_seed3/ckpt_snapshots/step000000397072,/scratch/midway3/rickybao/dreamerv3_runs/adapt_random_walker_seed3_ckpt400000,DONE,,,,
adapt_random_walker_seed2_ckpt200000,adapt,dmc_walker_walk,frozen_readout,2,1.25e5,/scratch/midway3/rickybao/dreamerv3_runs/pretrain_random_walker_seed2/ckpt_snapshots/step000000195824,/scratch/midway3/rickybao/dreamerv3_runs/adapt_random_walker_seed2_ckpt200000,DONE,,,,
adapt_apt_finger_seed3_ckpt300000,adapt,dmc_finger_turn_hard,frozen_readout,3,1.25e5,/scratch/midway3/rickybao/dreamerv3_runs/pretrain_apt_finger_seed3/ckpt_snapshots/step000000300352,/scratch/midway3/rickybao/dreamerv3_runs/adapt_apt_finger_seed3_ckpt300000,DONE,,,,
adapt_random_walker_seed4_ckpt300000,adapt,dmc_walker_walk,frozen_readout,4,1.25e5,/scratch/midway3/rickybao/dreamerv3_runs/pretrain_random_walker_seed4/ckpt_snapshots/step000000301344,/scratch/midway3/rickybao/dreamerv3_runs/adapt_random_walker_seed4_ckpt300000,DONE,,,,
adapt_random_walker_seed2_ckpt300000,adapt,dmc_walker_walk,frozen_readout,2,1.25e5,/scratch/midway3/rickybao/dreamerv3_runs/pretrain_random_walker_seed2/ckpt_snapshots/step000000303600,/scratch/midway3/rickybao/dreamerv3_runs/adapt_random_walker_seed2_ckpt300000,DONE,,,,
adapt_random_walker_seed4_ckpt400000,adapt,dmc_walker_walk,frozen_readout,4,1.25e5,/scratch/midway3/rickybao/dreamerv3_runs/pretrain_random_walker_seed4/ckpt_snapshots/step000000398544,/scratch/midway3/rickybao/dreamerv3_runs/adapt_random_walker_seed4_ckpt400000,DONE,,,,
adapt_random_walker_seed2_ckpt400000,adapt,dmc_walker_walk,frozen_readout,2,1.25e5,/scratch/midway3/rickybao/dreamerv3_runs/pretrain_random_walker_seed2/ckpt_snapshots/step000000400656,/scratch/midway3/rickybao/dreamerv3_runs/adapt_random_walker_seed2_ckpt400000,DONE,,,,
adapt_random_walker_seed4_ckpt500000,adapt,dmc_walker_walk,frozen_readout,4,1.25e5,/scratch/midway3/rickybao/dreamerv3_runs/pretrain_random_walker_seed4/ckpt_snapshots/step000000495744,/scratch/midway3/rickybao/dreamerv3_runs/adapt_random_walker_seed4_ckpt500000,DONE,,,,
adapt_random_walker_seed2_ckpt500000,adapt,dmc_walker_walk,frozen_readout,2,1.25e5,/scratch/midway3/rickybao/dreamerv3_runs/pretrain_random_walker_seed2/ckpt_snapshots/step000000497712,/scratch/midway3/rickybao/dreamerv3_runs/adapt_random_walker_seed2_ckpt500000,DONE,,,,
adapt_random_walker_seed5_ckpt100000,adapt,dmc_walker_walk,frozen_readout,5,1.25e5,/scratch/midway3/rickybao/dreamerv3_runs/pretrain_random_walker_seed5/ckpt_snapshots/step000000100096,/scratch/midway3/rickybao/dreamerv3_runs/adapt_random_walker_seed5_ckpt100000,DONE,,,,
adapt_random_walker_seed3_ckpt300000,adapt,dmc_walker_walk,frozen_readout,3,1.25e5,/scratch/midway3/rickybao/dreamerv3_runs/pretrain_random_walker_seed3/ckpt_snapshots/step000000300544,/scratch/midway3/rickybao/dreamerv3_runs/adapt_random_walker_seed3_ckpt300000,DONE,,,,
adapt_random_walker_seed5_ckpt200000,adapt,dmc_walker_walk,frozen_readout,5,1.25e5,/scratch/midway3/rickybao/dreamerv3_runs/pretrain_random_walker_seed5/ckpt_snapshots/step000000198320,/scratch/midway3/rickybao/dreamerv3_runs/adapt_random_walker_seed5_ckpt200000,DONE,,,,
adapt_random_walker_seed3_ckpt400000,adapt,dmc_walker_walk,frozen_readout,3,1.25e5,/scratch/midway3/rickybao/dreamerv3_runs/pretrain_random_walker_seed3/ckpt_snapshots/step000000397072,/scratch/midway3/rickybao/dreamerv3_runs/adapt_random_walker_seed3_ckpt400000,DONE,,,,
adapt_random_walker_seed5_ckpt300000,adapt,dmc_walker_walk,frozen_readout,5,1.25e5,/scratch/midway3/rickybao/dreamerv3_runs/pretrain_random_walker_seed5/ckpt_snapshots/step000000296656,/scratch/midway3/rickybao/dreamerv3_runs/adapt_random_walker_seed5_ckpt300000,DONE,,,,
adapt_apt_finger_seed3_ckpt400000,adapt,dmc_finger_turn_hard,frozen_readout,3,1.25e5,/scratch/midway3/rickybao/dreamerv3_runs/pretrain_apt_finger_seed3/ckpt_snapshots/step000000399792,/scratch/midway3/rickybao/dreamerv3_runs/adapt_apt_finger_seed3_ckpt400000,DONE,,,,
adapt_random_walker_seed3_ckpt500000,adapt,dmc_walker_walk,frozen_readout,3,1.25e5,/scratch/midway3/rickybao/dreamerv3_runs/pretrain_random_walker_seed3/ckpt_snapshots/step000000493616,/scratch/midway3/rickybao/dreamerv3_runs/adapt_random_walker_seed3_ckpt500000,DONE,,,,
adapt_random_walker_seed5_ckpt400000,adapt,dmc_walker_walk,frozen_readout,5,1.25e5,/scratch/midway3/rickybao/dreamerv3_runs/pretrain_random_walker_seed5/ckpt_snapshots/step000000404000,/scratch/midway3/rickybao/dreamerv3_runs/adapt_random_walker_seed5_ckpt400000,DONE,,,,
adapt_random_walker_seed4_ckpt100000,adapt,dmc_walker_walk,frozen_readout,4,1.25e5,/scratch/midway3/rickybao/dreamerv3_runs/pretrain_random_walker_seed4/ckpt_snapshots/step000000098576,/scratch/midway3/rickybao/dreamerv3_runs/adapt_random_walker_seed4_ckpt100000,DONE,,,,
adapt_random_walker_seed5_ckpt500000,adapt,dmc_walker_walk,frozen_readout,5,1.25e5,/scratch/midway3/rickybao/dreamerv3_runs/pretrain_random_walker_seed5/ckpt_snapshots/step000000493424,/scratch/midway3/rickybao/dreamerv3_runs/adapt_random_walker_seed5_ckpt500000,DONE,,,,
adapt_random_walker_seed4_ckpt200000,adapt,dmc_walker_walk,frozen_readout,4,1.25e5,/scratch/midway3/rickybao/dreamerv3_runs/pretrain_random_walker_seed4/ckpt_snapshots/step000000204160,/scratch/midway3/rickybao/dreamerv3_runs/adapt_random_walker_seed4_ckpt200000,DONE,,,,
ax1wm_cup_q1s0_seed1,offline_fit,dmc_cup_catch,static,1,500000,/scratch/midway3/rickybao/dreamerv3_runs/axis1_cup/q1/side0,/scratch/midway3/rickybao/dreamerv3_runs/ax1wm_cup_q1s0_seed1,DONE,,,axis1,ax1_cup_q1
adapt_apt_finger_seed3_ckpt500000,adapt,dmc_finger_turn_hard,frozen_readout,3,1.25e5,/scratch/midway3/rickybao/dreamerv3_runs/pretrain_apt_finger_seed3/ckpt_snapshots/step000000499248,/scratch/midway3/rickybao/dreamerv3_runs/adapt_apt_finger_seed3_ckpt500000,DONE,,,,
ax1wm_cup_q1s0_seed4,offline_fit,dmc_cup_catch,static,4,500000,/scratch/midway3/rickybao/dreamerv3_runs/axis1_cup/q1/side0,/scratch/midway3/rickybao/dreamerv3_runs/ax1wm_cup_q1s0_seed4,DONE,,,axis1,ax1_cup_q1
ax1wm_cup_q1s0_seed7,offline_fit,dmc_cup_catch,static,7,500000,/scratch/midway3/rickybao/dreamerv3_runs/axis1_cup/q1/side0,/scratch/midway3/rickybao/dreamerv3_runs/ax1wm_cup_q1s0_seed7,DONE,,,axis1,ax1_cup_q1
adapt_apt_finger_seed3_ckpt500000,adapt,dmc_finger_turn_hard,frozen_readout,3,1.25e5,/scratch/midway3/rickybao/dreamerv3_runs/pretrain_apt_finger_seed3/ckpt_snapshots/step000000499248,/scratch/midway3/rickybao/dreamerv3_runs/adapt_apt_finger_seed3_ckpt500000,DONE,,,,
adapt_random_walker_seed2_ckpt100000,adapt,dmc_walker_walk,frozen_readout,2,1.25e5,/scratch/midway3/rickybao/dreamerv3_runs/pretrain_random_walker_seed2/ckpt_snapshots/step000000098832,/scratch/midway3/rickybao/dreamerv3_runs/adapt_random_walker_seed2_ckpt100000,DONE,,,,
adapt_random_walker_seed1_ckpt300000,adapt,dmc_walker_walk,frozen_readout,1,1.25e5,/scratch/midway3/rickybao/dreamerv3_runs/pretrain_random_walker_seed1/ckpt_snapshots/step000000303248,/scratch/midway3/rickybao/dreamerv3_runs/adapt_random_walker_seed1_ckpt300000,DONE,,,,
ax1wm_cup_q1s0_seed1,offline_fit,dmc_cup_catch,static,1,500000,/scratch/midway3/rickybao/dreamerv3_runs/axis1_cup/q1/side0,/scratch/midway3/rickybao/dreamerv3_runs/ax1wm_cup_q1s0_seed1,DONE,,,axis1,ax1_cup_q1
ax1wm_cup_q1s0_seed4,offline_fit,dmc_cup_catch,static,4,500000,/scratch/midway3/rickybao/dreamerv3_runs/axis1_cup/q1/side0,/scratch/midway3/rickybao/dreamerv3_runs/ax1wm_cup_q1s0_seed4,DONE,,,axis1,ax1_cup_q1
ax1wm_cup_q1s0_seed7,offline_fit,dmc_cup_catch,static,7,500000,/scratch/midway3/rickybao/dreamerv3_runs/axis1_cup/q1/side0,/scratch/midway3/rickybao/dreamerv3_runs/ax1wm_cup_q1s0_seed7,DONE,,,axis1,ax1_cup_q1
adapt_random_walker_seed1_ckpt100000,adapt,dmc_walker_walk,frozen_readout,1,1.25e5,/scratch/midway3/rickybao/dreamerv3_runs/pretrain_random_walker_seed1/ckpt_snapshots/step000000098688,/scratch/midway3/rickybao/dreamerv3_runs/adapt_random_walker_seed1_ckpt100000,DONE,,,,
adapt_random_walker_seed1_ckpt400000,adapt,dmc_walker_walk,frozen_readout,1,1.25e5,/scratch/midway3/rickybao/dreamerv3_runs/pretrain_random_walker_seed1/ckpt_snapshots/step000000400160,/scratch/midway3/rickybao/dreamerv3_runs/adapt_random_walker_seed1_ckpt400000,DONE,,,,
ax1wm_cup_q1s1_seed2,offline_fit,dmc_cup_catch,static,2,500000,/scratch/midway3/rickybao/dreamerv3_runs/axis1_cup/q1/side1,/scratch/midway3/rickybao/dreamerv3_runs/ax1wm_cup_q1s1_seed2,DONE,,,axis1,ax1_cup_q1
adapt_random_walker_seed1_ckpt200000,adapt,dmc_walker_walk,frozen_readout,1,1.25e5,/scratch/midway3/rickybao/dreamerv3_runs/pretrain_random_walker_seed1/ckpt_snapshots/step000000195568,/scratch/midway3/rickybao/dreamerv3_runs/adapt_random_walker_seed1_ckpt200000,DONE,,,,
adapt_random_walker_seed1_ckpt500000,adapt,dmc_walker_walk,frozen_readout,1,1.25e5,/scratch/midway3/rickybao/dreamerv3_runs/pretrain_random_walker_seed1/ckpt_snapshots/step000000497104,/scratch/midway3/rickybao/dreamerv3_runs/adapt_random_walker_seed1_ckpt500000,DONE,,,,
ax1wm_cup_q1s1_seed5,offline_fit,dmc_cup_catch,static,5,500000,/scratch/midway3/rickybao/dreamerv3_runs/axis1_cup/q1/side1,/scratch/midway3/rickybao/dreamerv3_runs/ax1wm_cup_q1s1_seed5,DONE,,,axis1,ax1_cup_q1
adapt_ax1q1s0_cup_seed4_ckpt500000,adapt,dmc_cup_catch,frozen_readout,4,1.25e5,/scratch/midway3/rickybao/dreamerv3_runs/ax1wm_cup_q1s0_seed4/ckpt/20260707T162411F396258,/scratch/midway3/rickybao/dreamerv3_runs/adapt_ax1q1s0_cup_seed4_ckpt500000,DONE,,,axis1,ax1_cup_q1
ax1wm_cup_q1s0_seed5,offline_fit,dmc_cup_catch,static,5,500000,/scratch/midway3/rickybao/dreamerv3_runs/axis1_cup/q1/side0,/scratch/midway3/rickybao/dreamerv3_runs/ax1wm_cup_q1s0_seed5,DONE,,,axis1,ax1_cup_q1
adapt_ax1q1s0_cup_seed7_ckpt500000,adapt,dmc_cup_catch,frozen_readout,7,1.25e5,/scratch/midway3/rickybao/dreamerv3_runs/ax1wm_cup_q1s0_seed7/ckpt/20260707T174421F013643,/scratch/midway3/rickybao/dreamerv3_runs/adapt_ax1q1s0_cup_seed7_ckpt500000,DONE,,,axis1,ax1_cup_q1
ax1wm_cup_q1s0_seed8,offline_fit,dmc_cup_catch,static,8,500000,/scratch/midway3/rickybao/dreamerv3_runs/axis1_cup/q1/side0,/scratch/midway3/rickybao/dreamerv3_runs/ax1wm_cup_q1s0_seed8,DONE,,,axis1,ax1_cup_q1
adapt_ax1q1s1_cup_seed2_ckpt500000,adapt,dmc_cup_catch,frozen_readout,2,1.25e5,/scratch/midway3/rickybao/dreamerv3_runs/ax1wm_cup_q1s1_seed2/ckpt/20260707T184827F631462,/scratch/midway3/rickybao/dreamerv3_runs/adapt_ax1q1s1_cup_seed2_ckpt500000,DONE,,,axis1,ax1_cup_q1
ax1wm_cup_q1s1_seed3,offline_fit,dmc_cup_catch,static,3,500000,/scratch/midway3/rickybao/dreamerv3_runs/axis1_cup/q1/side1,/scratch/midway3/rickybao/dreamerv3_runs/ax1wm_cup_q1s1_seed3,DONE,,,axis1,ax1_cup_q1
adapt_ax1q1s1_cup_seed5_ckpt500000,adapt,dmc_cup_catch,frozen_readout,5,1.25e5,/scratch/midway3/rickybao/dreamerv3_runs/ax1wm_cup_q1s1_seed5/ckpt/20260707T220519F091202,/scratch/midway3/rickybao/dreamerv3_runs/adapt_ax1q1s1_cup_seed5_ckpt500000,DONE,,,axis1,ax1_cup_q1
ax1wm_cup_q1s1_seed6,offline_fit,dmc_cup_catch,static,6,500000,/scratch/midway3/rickybao/dreamerv3_runs/axis1_cup/q1/side1,/scratch/midway3/rickybao/dreamerv3_runs/ax1wm_cup_q1s1_seed6,DONE,,,axis1,ax1_cup_q1
adapt_ax1q1s0_cup_seed5_ckpt500000,adapt,dmc_cup_catch,frozen_readout,5,1.25e5,/scratch/midway3/rickybao/dreamerv3_runs/ax1wm_cup_q1s0_seed5/ckpt/20260707T230428F949588,/scratch/midway3/rickybao/dreamerv3_runs/adapt_ax1q1s0_cup_seed5_ckpt500000,DONE,,,axis1,ax1_cup_q1
ax1wm_cup_q1s0_seed6,offline_fit,dmc_cup_catch,static,6,500000,/scratch/midway3/rickybao/dreamerv3_runs/axis1_cup/q1/side0,/scratch/midway3/rickybao/dreamerv3_runs/ax1wm_cup_q1s0_seed6,DONE,,,axis1,ax1_cup_q1
adapt_ax1q1s0_cup_seed8_ckpt500000,adapt,dmc_cup_catch,frozen_readout,8,1.25e5,/scratch/midway3/rickybao/dreamerv3_runs/ax1wm_cup_q1s0_seed8/ckpt/20260708T013537F452510,/scratch/midway3/rickybao/dreamerv3_runs/adapt_ax1q1s0_cup_seed8_ckpt500000,DONE,,,axis1,ax1_cup_q1
ax1wm_cup_q1s1_seed1,offline_fit,dmc_cup_catch,static,1,500000,/scratch/midway3/rickybao/dreamerv3_runs/axis1_cup/q1/side1,/scratch/midway3/rickybao/dreamerv3_runs/ax1wm_cup_q1s1_seed1,DONE,,,axis1,ax1_cup_q1
adapt_ax1q1s1_cup_seed3_ckpt500000,adapt,dmc_cup_catch,frozen_readout,3,1.25e5,/scratch/midway3/rickybao/dreamerv3_runs/ax1wm_cup_q1s1_seed3/ckpt/20260708T024448F159205,/scratch/midway3/rickybao/dreamerv3_runs/adapt_ax1q1s1_cup_seed3_ckpt500000,DONE,,,axis1,ax1_cup_q1
ax1wm_cup_q1s1_seed4,offline_fit,dmc_cup_catch,static,4,500000,/scratch/midway3/rickybao/dreamerv3_runs/axis1_cup/q1/side1,/scratch/midway3/rickybao/dreamerv3_runs/ax1wm_cup_q1s1_seed4,RUNNING,,,axis1,ax1_cup_q1
adapt_ax1q1s0_cup_seed6_ckpt500000,adapt,dmc_cup_catch,frozen_readout,6,1.25e5,/scratch/midway3/rickybao/dreamerv3_runs/ax1wm_cup_q1s0_seed6/ckpt/20260708T053630F157565,/scratch/midway3/rickybao/dreamerv3_runs/adapt_ax1q1s0_cup_seed6_ckpt500000,DONE,,,axis1,ax1_cup_q1
adapt_ax1q1s1_cup_seed6_ckpt500000,adapt,dmc_cup_catch,frozen_readout,6,1.25e5,/scratch/midway3/rickybao/dreamerv3_runs/ax1wm_cup_q1s1_seed6/ckpt/20260708T060011F854852,/scratch/midway3/rickybao/dreamerv3_runs/adapt_ax1q1s1_cup_seed6_ckpt500000,DONE,,,axis1,ax1_cup_q1
ax1wm_cup_q1s1_seed7,offline_fit,dmc_cup_catch,static,7,500000,/scratch/midway3/rickybao/dreamerv3_runs/axis1_cup/q1/side1,/scratch/midway3/rickybao/dreamerv3_runs/ax1wm_cup_q1s1_seed7,DONE,,,axis1,ax1_cup_q1
ax1wm_cup_q1s1_seed8,offline_fit,dmc_cup_catch,static,8,500000,/scratch/midway3/rickybao/dreamerv3_runs/axis1_cup/q1/side1,/scratch/midway3/rickybao/dreamerv3_runs/ax1wm_cup_q1s1_seed8,DONE,,,axis1,ax1_cup_q1
ax1wm_cup_q2s0_seed3,offline_fit,dmc_cup_catch,static,3,500000,/scratch/midway3/rickybao/dreamerv3_runs/axis1_cup/q2/side0,/scratch/midway3/rickybao/dreamerv3_runs/ax1wm_cup_q2s0_seed3,DONE,,,axis1,ax1_cup_q2
ax1wm_cup_q2s0_seed6,offline_fit,dmc_cup_catch,static,6,500000,/workspace/dreamerv3_runs/axis1_cup/q2/side0,/workspace/dreamerv3_runs/ax1wm_cup_q2s0_seed6,DONE,,,axis1,ax1_cup_q2
ax1wm_cup_q2s1_seed1,offline_fit,dmc_cup_catch,static,1,500000,/scratch/midway3/rickybao/dreamerv3_runs/axis1_cup/q2/side1,/scratch/midway3/rickybao/dreamerv3_runs/ax1wm_cup_q2s1_seed1,DONE,,,axis1,ax1_cup_q2
ax1wm_cup_q2s1_seed4,offline_fit,dmc_cup_catch,static,4,500000,/scratch/midway3/rickybao/dreamerv3_runs/axis1_cup/q2/side1,/scratch/midway3/rickybao/dreamerv3_runs/ax1wm_cup_q2s1_seed4,RUNNING,,,axis1,ax1_cup_q2
adapt_ax1q1s1_cup_seed1_ckpt500000,adapt,dmc_cup_catch,frozen_readout,1,1.25e5,/scratch/midway3/rickybao/dreamerv3_runs/ax1wm_cup_q1s1_seed1/ckpt/20260708T093049F284130,/scratch/midway3/rickybao/dreamerv3_runs/adapt_ax1q1s1_cup_seed1_ckpt500000,DONE,,,axis1,ax1_cup_q1
ax1wm_cup_q2s1_seed7,offline_fit,dmc_cup_catch,static,7,500000,/workspace/dreamerv3_runs/axis1_cup/q2/side1,/workspace/dreamerv3_runs/ax1wm_cup_q2s1_seed7,DONE,,,axis1,ax1_cup_q2
ax1wm_finger_q1s0_seed2,offline_fit,dmc_finger_turn_hard,static,2,500000,/scratch/midway3/rickybao/dreamerv3_runs/axis1_finger/q1/side0,/scratch/midway3/rickybao/dreamerv3_runs/ax1wm_finger_q1s0_seed2,RUNNING,,,axis1,ax1_finger_q1
ax1wm_cup_q1s0_seed1,offline_fit,dmc_cup_catch,static,1,500000,/scratch/midway3/rickybao/dreamerv3_runs/axis1_cup/q1/side0,/scratch/midway3/rickybao/dreamerv3_runs/ax1wm_cup_q1s0_seed1,DONE,,,axis1,ax1_cup_q1
ax1wm_finger_q1s0_seed5,offline_fit,dmc_finger_turn_hard,static,5,500000,/workspace/dreamerv3_runs/axis1_finger/q1/side0,/workspace/dreamerv3_runs/ax1wm_finger_q1s0_seed5,DONE,,,axis1,ax1_finger_q1
ax1wm_cup_q1s0_seed1,offline_fit,dmc_cup_catch,static,1,500000,/scratch/midway3/rickybao/dreamerv3_runs/axis1_cup/q1/side0,/scratch/midway3/rickybao/dreamerv3_runs/ax1wm_cup_q1s0_seed1,DONE,,,axis1,ax1_cup_q1
ax1wm_cup_q1s1_seed7,offline_fit,dmc_cup_catch,static,7,500000,/scratch/midway3/rickybao/dreamerv3_runs/axis1_cup/q1/side1,/scratch/midway3/rickybao/dreamerv3_runs/ax1wm_cup_q1s1_seed7,DONE,,,axis1,ax1_cup_q1
ax1wm_cup_q2s0_seed3,offline_fit,dmc_cup_catch,static,3,500000,/scratch/midway3/rickybao/dreamerv3_runs/axis1_cup/q2/side0,/scratch/midway3/rickybao/dreamerv3_runs/ax1wm_cup_q2s0_seed3,DONE,,,axis1,ax1_cup_q2
ax1wm_cup_q2s0_seed7,offline_fit,dmc_cup_catch,static,7,500000,/scratch/midway3/rickybao/dreamerv3_runs/axis1_cup/q2/side0,/scratch/midway3/rickybao/dreamerv3_runs/ax1wm_cup_q2s0_seed7,DONE,,,axis1,ax1_cup_q2
ax1wm_cup_q2s1_seed3,offline_fit,dmc_cup_catch,static,3,500000,/scratch/midway3/rickybao/dreamerv3_runs/axis1_cup/q2/side1,/scratch/midway3/rickybao/dreamerv3_runs/ax1wm_cup_q2s1_seed3,RUNNING,,,axis1,ax1_cup_q2
ax1wm_cup_q2s1_seed7,offline_fit,dmc_cup_catch,static,7,500000,/workspace/dreamerv3_runs/axis1_cup/q2/side1,/workspace/dreamerv3_runs/ax1wm_cup_q2s1_seed7,DONE,,,axis1,ax1_cup_q2
adapt_ax1q2s0_cup_seed7_ckpt500000,adapt,dmc_cup_catch,frozen_readout,7,1.25e5,/scratch/midway3/rickybao/dreamerv3_runs/ax1wm_cup_q2s0_seed7/ckpt/20260708T214759F901027,/scratch/midway3/rickybao/dreamerv3_runs/adapt_ax1q2s0_cup_seed7_ckpt500000,DONE,,,axis1,ax1_cup_q2
ax1wm_cup_q2s0_seed8,offline_fit,dmc_cup_catch,static,8,500000,/scratch/midway3/rickybao/dreamerv3_runs/axis1_cup/q2/side0,/scratch/midway3/rickybao/dreamerv3_runs/ax1wm_cup_q2s0_seed8,DONE,,,axis1,ax1_cup_q2
adapt_ax1q1s0_cup_seed1_ckpt500000,adapt,dmc_cup_catch,frozen_readout,1,1.25e5,/scratch/midway3/rickybao/dreamerv3_runs/ax1wm_cup_q1s0_seed1/ckpt/20260708T224207F855536,/scratch/midway3/rickybao/dreamerv3_runs/adapt_ax1q1s0_cup_seed1_ckpt500000,DONE,,,axis1,ax1_cup_q1
adapt_ax1q1s1_cup_seed7_ckpt500000,adapt,dmc_cup_catch,frozen_readout,7,1.25e5,/scratch/midway3/rickybao/dreamerv3_runs/ax1wm_cup_q1s1_seed7/ckpt/20260708T224539F097884,/scratch/midway3/rickybao/dreamerv3_runs/adapt_ax1q1s1_cup_seed7_ckpt500000,DONE,,,axis1,ax1_cup_q1
adapt_ax1q2s0_cup_seed3_ckpt500000,adapt,dmc_cup_catch,frozen_readout,3,1.25e5,/scratch/midway3/rickybao/dreamerv3_runs/ax1wm_cup_q2s0_seed3/ckpt/20260708T225540F541016,/scratch/midway3/rickybao/dreamerv3_runs/adapt_ax1q2s0_cup_seed3_ckpt500000,DONE,,,axis1,ax1_cup_q2
ax1wm_cup_q1s0_seed2,offline_fit,dmc_cup_catch,static,2,500000,/scratch/midway3/rickybao/dreamerv3_runs/axis1_cup/q1/side0,/scratch/midway3/rickybao/dreamerv3_runs/ax1wm_cup_q1s0_seed2,DONE,,,axis1,ax1_cup_q1
ax1wm_cup_q1s1_seed8,offline_fit,dmc_cup_catch,static,8,500000,/scratch/midway3/rickybao/dreamerv3_runs/axis1_cup/q1/side1,/scratch/midway3/rickybao/dreamerv3_runs/ax1wm_cup_q1s1_seed8,DONE,,,axis1,ax1_cup_q1
ax1wm_cup_q2s0_seed4,offline_fit,dmc_cup_catch,static,4,500000,/scratch/midway3/rickybao/dreamerv3_runs/axis1_cup/q2/side0,/scratch/midway3/rickybao/dreamerv3_runs/ax1wm_cup_q2s0_seed4,DONE,,,axis1,ax1_cup_q2
adapt_ax1q2s0_cup_seed8_ckpt500000,adapt,dmc_cup_catch,frozen_readout,8,1.25e5,/scratch/midway3/rickybao/dreamerv3_runs/ax1wm_cup_q2s0_seed8/ckpt/20260709T041917F706557,/scratch/midway3/rickybao/dreamerv3_runs/adapt_ax1q2s0_cup_seed8_ckpt500000,DONE,,,axis1,ax1_cup_q2
ax1wm_cup_q2s1_seed1,offline_fit,dmc_cup_catch,static,1,500000,/scratch/midway3/rickybao/dreamerv3_runs/axis1_cup/q2/side1,/scratch/midway3/rickybao/dreamerv3_runs/ax1wm_cup_q2s1_seed1,DONE,,,axis1,ax1_cup_q2
adapt_ax1q1s0_cup_seed2_ckpt500000,adapt,dmc_cup_catch,frozen_readout,2,1.25e5,/scratch/midway3/rickybao/dreamerv3_runs/ax1wm_cup_q1s0_seed2/ckpt/20260709T063901F576476,/scratch/midway3/rickybao/dreamerv3_runs/adapt_ax1q1s0_cup_seed2_ckpt500000,DONE,,,axis1,ax1_cup_q1
adapt_ax1q1s1_cup_seed8_ckpt500000,adapt,dmc_cup_catch,frozen_readout,8,1.25e5,/scratch/midway3/rickybao/dreamerv3_runs/ax1wm_cup_q1s1_seed8/ckpt/20260709T063958F469778,/scratch/midway3/rickybao/dreamerv3_runs/adapt_ax1q1s1_cup_seed8_ckpt500000,DONE,,,axis1,ax1_cup_q1
adapt_ax1q2s0_cup_seed4_ckpt500000,adapt,dmc_cup_catch,frozen_readout,4,1.25e5,/scratch/midway3/rickybao/dreamerv3_runs/ax1wm_cup_q2s0_seed4/ckpt/20260709T065202F974759,/scratch/midway3/rickybao/dreamerv3_runs/adapt_ax1q2s0_cup_seed4_ckpt500000,DONE,,,axis1,ax1_cup_q2
ax1wm_cup_q1s0_seed3,offline_fit,dmc_cup_catch,static,3,500000,/scratch/midway3/rickybao/dreamerv3_runs/axis1_cup/q1/side0,/scratch/midway3/rickybao/dreamerv3_runs/ax1wm_cup_q1s0_seed3,RUNNING,,,axis1,ax1_cup_q1
ax1wm_cup_q2s0_seed1,offline_fit,dmc_cup_catch,static,1,500000,/scratch/midway3/rickybao/dreamerv3_runs/axis1_cup/q2/side0,/scratch/midway3/rickybao/dreamerv3_runs/ax1wm_cup_q2s0_seed1,RUNNING,,,axis1,ax1_cup_q2
ax1wm_cup_q2s0_seed5,offline_fit,dmc_cup_catch,static,5,500000,/workspace/dreamerv3_runs/axis1_cup/q2/side0,/workspace/dreamerv3_runs/ax1wm_cup_q2s0_seed5,DONE,,,axis1,ax1_cup_q2
adapt_ax1q2s1_cup_seed1_ckpt500000,adapt,dmc_cup_catch,frozen_readout,1,1.25e5,/scratch/midway3/rickybao/dreamerv3_runs/ax1wm_cup_q2s1_seed1/ckpt/20260709T105316F838786,/scratch/midway3/rickybao/dreamerv3_runs/adapt_ax1q2s1_cup_seed1_ckpt500000,RUNNING,,,axis1,ax1_cup_q2
ax1wm_cup_q1s0_seed7,offline_fit,dmc_cup_catch,static,7,500000,/workspace/dreamerv3_runs/axis1_cup/q1/side0,/workspace/dreamerv3_runs/ax1wm_cup_q1s0_seed7,DONE,,,axis1,ax1_cup_q1
ax1wm_cup_q1s0_seed6,offline_fit,dmc_cup_catch,static,6,500000,/workspace/dreamerv3_runs/axis1_cup/q1/side0,/workspace/dreamerv3_runs/ax1wm_cup_q1s0_seed6,DONE,,,axis1,ax1_cup_q1
ax1wm_cup_q1s0_seed8,offline_fit,dmc_cup_catch,static,8,500000,/workspace/dreamerv3_runs/axis1_cup/q1/side0,/workspace/dreamerv3_runs/ax1wm_cup_q1s0_seed8,DONE,,,axis1,ax1_cup_q1
ax1wm_cup_q1s0_seed5,offline_fit,dmc_cup_catch,static,5,500000,/workspace/dreamerv3_runs/axis1_cup/q1/side0,/workspace/dreamerv3_runs/ax1wm_cup_q1s0_seed5,DONE,,,axis1,ax1_cup_q1
adapt_ax1q1s0_cup_seed8_ckpt500000,adapt,dmc_cup_catch,frozen_readout,8,1.25e5,/workspace/dreamerv3_runs/ax1wm_cup_q1s0_seed8/ckpt/20260709T200403F881195-000000500000,/workspace/dreamerv3_runs/adapt_ax1q1s0_cup_seed8_ckpt500000,DONE,,,axis1,ax1_cup_q1
adapt_ax1q1s0_cup_seed5_ckpt500000,adapt,dmc_cup_catch,frozen_readout,5,1.25e5,/workspace/dreamerv3_runs/ax1wm_cup_q1s0_seed5/ckpt/20260709T200631F680147-000000500000,/workspace/dreamerv3_runs/adapt_ax1q1s0_cup_seed5_ckpt500000,DONE,,,axis1,ax1_cup_q1
adapt_ax1q1s0_cup_seed6_ckpt500000,adapt,dmc_cup_catch,frozen_readout,6,1.25e5,/workspace/dreamerv3_runs/ax1wm_cup_q1s0_seed6/ckpt/20260709T200946F515403-000000500000,/workspace/dreamerv3_runs/adapt_ax1q1s0_cup_seed6_ckpt500000,DONE,,,axis1,ax1_cup_q1
adapt_ax1q1s0_cup_seed7_ckpt500000,adapt,dmc_cup_catch,frozen_readout,7,1.25e5,/workspace/dreamerv3_runs/ax1wm_cup_q1s0_seed7/ckpt/20260709T201200F437545-000000500000,/workspace/dreamerv3_runs/adapt_ax1q1s0_cup_seed7_ckpt500000,DONE,,,axis1,ax1_cup_q1
ax1wm_cup_q1s1_seed8,offline_fit,dmc_cup_catch,static,8,500000,/workspace/dreamerv3_runs/axis1_cup/q1/side1,/workspace/dreamerv3_runs/ax1wm_cup_q1s1_seed8,DONE,,,axis1,ax1_cup_q1
ax1wm_cup_q1s1_seed5,offline_fit,dmc_cup_catch,static,5,500000,/workspace/dreamerv3_runs/axis1_cup/q1/side1,/workspace/dreamerv3_runs/ax1wm_cup_q1s1_seed5,DONE,,,axis1,ax1_cup_q1
ax1wm_cup_q1s1_seed6,offline_fit,dmc_cup_catch,static,6,500000,/workspace/dreamerv3_runs/axis1_cup/q1/side1,/workspace/dreamerv3_runs/ax1wm_cup_q1s1_seed6,DONE,,,axis1,ax1_cup_q1
ax1wm_cup_q1s1_seed7,offline_fit,dmc_cup_catch,static,7,500000,/workspace/dreamerv3_runs/axis1_cup/q1/side1,/workspace/dreamerv3_runs/ax1wm_cup_q1s1_seed7,DONE,,,axis1,ax1_cup_q1
adapt_ax1q1s1_cup_seed8_ckpt500000,adapt,dmc_cup_catch,frozen_readout,8,1.25e5,/workspace/dreamerv3_runs/ax1wm_cup_q1s1_seed8/ckpt/20260709T225757F698984-000000500000,/workspace/dreamerv3_runs/adapt_ax1q1s1_cup_seed8_ckpt500000,DONE,,,axis1,ax1_cup_q1
adapt_ax1q1s1_cup_seed5_ckpt500000,adapt,dmc_cup_catch,frozen_readout,5,1.25e5,/workspace/dreamerv3_runs/ax1wm_cup_q1s1_seed5/ckpt/20260709T230310F355306-000000500000,/workspace/dreamerv3_runs/adapt_ax1q1s1_cup_seed5_ckpt500000,DONE,,,axis1,ax1_cup_q1
adapt_ax1q1s1_cup_seed6_ckpt500000,adapt,dmc_cup_catch,frozen_readout,6,1.25e5,/workspace/dreamerv3_runs/ax1wm_cup_q1s1_seed6/ckpt/20260709T230959F009316-000000500000,/workspace/dreamerv3_runs/adapt_ax1q1s1_cup_seed6_ckpt500000,DONE,,,axis1,ax1_cup_q1
adapt_ax1q1s1_cup_seed7_ckpt500000,adapt,dmc_cup_catch,frozen_readout,7,1.25e5,/workspace/dreamerv3_runs/ax1wm_cup_q1s1_seed7/ckpt/20260709T231409F044291-000000500000,/workspace/dreamerv3_runs/adapt_ax1q1s1_cup_seed7_ckpt500000,DONE,,,axis1,ax1_cup_q1
ax1wm_cup_q2s0_seed8,offline_fit,dmc_cup_catch,static,8,500000,/workspace/dreamerv3_runs/axis1_cup/q2/side0,/workspace/dreamerv3_runs/ax1wm_cup_q2s0_seed8,DONE,,,axis1,ax1_cup_q2
ax1wm_cup_q2s0_seed5,offline_fit,dmc_cup_catch,static,5,500000,/workspace/dreamerv3_runs/axis1_cup/q2/side0,/workspace/dreamerv3_runs/ax1wm_cup_q2s0_seed5,DONE,,,axis1,ax1_cup_q2
ax1wm_cup_q2s0_seed6,offline_fit,dmc_cup_catch,static,6,500000,/workspace/dreamerv3_runs/axis1_cup/q2/side0,/workspace/dreamerv3_runs/ax1wm_cup_q2s0_seed6,DONE,,,axis1,ax1_cup_q2
ax1wm_cup_q2s0_seed7,offline_fit,dmc_cup_catch,static,7,500000,/workspace/dreamerv3_runs/axis1_cup/q2/side0,/workspace/dreamerv3_runs/ax1wm_cup_q2s0_seed7,DONE,,,axis1,ax1_cup_q2
adapt_ax1q2s0_cup_seed8_ckpt500000,adapt,dmc_cup_catch,frozen_readout,8,1.25e5,/workspace/dreamerv3_runs/ax1wm_cup_q2s0_seed8/ckpt/20260710T015149F990623-000000500000,/workspace/dreamerv3_runs/adapt_ax1q2s0_cup_seed8_ckpt500000,DONE,,,axis1,ax1_cup_q2
adapt_ax1q2s0_cup_seed5_ckpt500000,adapt,dmc_cup_catch,frozen_readout,5,1.25e5,/workspace/dreamerv3_runs/ax1wm_cup_q2s0_seed5/ckpt/20260710T015943F685332-000000500000,/workspace/dreamerv3_runs/adapt_ax1q2s0_cup_seed5_ckpt500000,DONE,,,axis1,ax1_cup_q2
adapt_ax1q2s0_cup_seed6_ckpt500000,adapt,dmc_cup_catch,frozen_readout,6,1.25e5,/workspace/dreamerv3_runs/ax1wm_cup_q2s0_seed6/ckpt/20260710T021024F002772-000000500000,/workspace/dreamerv3_runs/adapt_ax1q2s0_cup_seed6_ckpt500000,DONE,,,axis1,ax1_cup_q2
ax1wm_cup_q2s1_seed8,offline_fit,dmc_cup_catch,static,8,500000,/workspace/dreamerv3_runs/axis1_cup/q2/side1,/workspace/dreamerv3_runs/ax1wm_cup_q2s1_seed8,DONE,,,axis1,ax1_cup_q2
adapt_ax1q2s0_cup_seed7_ckpt500000,adapt,dmc_cup_catch,frozen_readout,7,1.25e5,/workspace/dreamerv3_runs/ax1wm_cup_q2s0_seed7/ckpt/20260710T021635F295910-000000500000,/workspace/dreamerv3_runs/adapt_ax1q2s0_cup_seed7_ckpt500000,DONE,,,axis1,ax1_cup_q2
ax1wm_cup_q2s1_seed5,offline_fit,dmc_cup_catch,static,5,500000,/workspace/dreamerv3_runs/axis1_cup/q2/side1,/workspace/dreamerv3_runs/ax1wm_cup_q2s1_seed5,DONE,,,axis1,ax1_cup_q2
ax1wm_cup_q2s1_seed6,offline_fit,dmc_cup_catch,static,6,500000,/workspace/dreamerv3_runs/axis1_cup/q2/side1,/workspace/dreamerv3_runs/ax1wm_cup_q2s1_seed6,DONE,,,axis1,ax1_cup_q2
ax1wm_cup_q2s1_seed7,offline_fit,dmc_cup_catch,static,7,500000,/workspace/dreamerv3_runs/axis1_cup/q2/side1,/workspace/dreamerv3_runs/ax1wm_cup_q2s1_seed7,DONE,,,axis1,ax1_cup_q2
adapt_ax1q2s1_cup_seed8_ckpt500000,adapt,dmc_cup_catch,frozen_readout,8,1.25e5,/workspace/dreamerv3_runs/ax1wm_cup_q2s1_seed8/ckpt/20260710T044539F421562-000000500000,/workspace/dreamerv3_runs/adapt_ax1q2s1_cup_seed8_ckpt500000,DONE,,,axis1,ax1_cup_q2
adapt_ax1q2s1_cup_seed5_ckpt500000,adapt,dmc_cup_catch,frozen_readout,5,1.25e5,/workspace/dreamerv3_runs/ax1wm_cup_q2s1_seed5/ckpt/20260710T045618F165312-000000500000,/workspace/dreamerv3_runs/adapt_ax1q2s1_cup_seed5_ckpt500000,DONE,,,axis1,ax1_cup_q2
ax1wm_finger_q1s0_seed8,offline_fit,dmc_finger_turn_hard,static,8,500000,/workspace/dreamerv3_runs/axis1_finger/q1/side0,/workspace/dreamerv3_runs/ax1wm_finger_q1s0_seed8,DONE,,,axis1,ax1_finger_q1
adapt_ax1q2s1_cup_seed6_ckpt500000,adapt,dmc_cup_catch,frozen_readout,6,1.25e5,/workspace/dreamerv3_runs/ax1wm_cup_q2s1_seed6/ckpt/20260710T051045F448161-000000500000,/workspace/dreamerv3_runs/adapt_ax1q2s1_cup_seed6_ckpt500000,DONE,,,axis1,ax1_cup_q2
adapt_ax1q2s1_cup_seed7_ckpt500000,adapt,dmc_cup_catch,frozen_readout,7,1.25e5,/workspace/dreamerv3_runs/ax1wm_cup_q2s1_seed7/ckpt/20260710T051904F386798-000000500000,/workspace/dreamerv3_runs/adapt_ax1q2s1_cup_seed7_ckpt500000,DONE,,,axis1,ax1_cup_q2
ax1wm_finger_q1s0_seed5,offline_fit,dmc_finger_turn_hard,static,5,500000,/workspace/dreamerv3_runs/axis1_finger/q1/side0,/workspace/dreamerv3_runs/ax1wm_finger_q1s0_seed5,DONE,,,axis1,ax1_finger_q1
ax1wm_finger_q1s0_seed6,offline_fit,dmc_finger_turn_hard,static,6,500000,/workspace/dreamerv3_runs/axis1_finger/q1/side0,/workspace/dreamerv3_runs/ax1wm_finger_q1s0_seed6,DONE,,,axis1,ax1_finger_q1
ax1wm_finger_q1s0_seed7,offline_fit,dmc_finger_turn_hard,static,7,500000,/workspace/dreamerv3_runs/axis1_finger/q1/side0,/workspace/dreamerv3_runs/ax1wm_finger_q1s0_seed7,DONE,,,axis1,ax1_finger_q1
adapt_ax1q1s0_finger_seed8_ckpt500000,adapt,dmc_finger_turn_hard,frozen_readout,8,1.25e5,/workspace/dreamerv3_runs/ax1wm_finger_q1s0_seed8/ckpt/20260710T073946F229856-000000500000,/workspace/dreamerv3_runs/adapt_ax1q1s0_finger_seed8_ckpt500000,DONE,,,axis1,ax1_finger_q1
adapt_ax1q1s0_finger_seed5_ckpt500000,adapt,dmc_finger_turn_hard,frozen_readout,5,1.25e5,/workspace/dreamerv3_runs/ax1wm_finger_q1s0_seed5/ckpt/20260710T075307F994146-000000500000,/workspace/dreamerv3_runs/adapt_ax1q1s0_finger_seed5_ckpt500000,DONE,,,axis1,ax1_finger_q1
ax1wm_finger_q1s1_seed8,offline_fit,dmc_finger_turn_hard,static,8,500000,/workspace/dreamerv3_runs/axis1_finger/q1/side1,/workspace/dreamerv3_runs/ax1wm_finger_q1s1_seed8,DONE,,,axis1,ax1_finger_q1
adapt_ax1q1s0_finger_seed6_ckpt500000,adapt,dmc_finger_turn_hard,frozen_readout,6,1.25e5,/workspace/dreamerv3_runs/ax1wm_finger_q1s0_seed6/ckpt/20260710T081112F428569-000000500000,/workspace/dreamerv3_runs/adapt_ax1q1s0_finger_seed6_ckpt500000,DONE,,,axis1,ax1_finger_q1
ax1wm_finger_q1s1_seed5,offline_fit,dmc_finger_turn_hard,static,5,500000,/workspace/dreamerv3_runs/axis1_finger/q1/side1,/workspace/dreamerv3_runs/ax1wm_finger_q1s1_seed5,DONE,,,axis1,ax1_finger_q1
adapt_ax1q1s0_finger_seed7_ckpt500000,adapt,dmc_finger_turn_hard,frozen_readout,7,1.25e5,/workspace/dreamerv3_runs/ax1wm_finger_q1s0_seed7/ckpt/20260710T082149F453845-000000500000,/workspace/dreamerv3_runs/adapt_ax1q1s0_finger_seed7_ckpt500000,DONE,,,axis1,ax1_finger_q1
ax1wm_finger_q1s1_seed6,offline_fit,dmc_finger_turn_hard,static,6,500000,/workspace/dreamerv3_runs/axis1_finger/q1/side1,/workspace/dreamerv3_runs/ax1wm_finger_q1s1_seed6,DONE,,,axis1,ax1_finger_q1
ax1wm_finger_q1s1_seed7,offline_fit,dmc_finger_turn_hard,static,7,500000,/workspace/dreamerv3_runs/axis1_finger/q1/side1,/workspace/dreamerv3_runs/ax1wm_finger_q1s1_seed7,DONE,,,axis1,ax1_finger_q1
adapt_ax1q1s1_finger_seed8_ckpt500000,adapt,dmc_finger_turn_hard,frozen_readout,8,1.25e5,/workspace/dreamerv3_runs/ax1wm_finger_q1s1_seed8/ckpt/20260710T103426F636624-000000500000,/workspace/dreamerv3_runs/adapt_ax1q1s1_finger_seed8_ckpt500000,DONE,,,axis1,ax1_finger_q1
adapt_ax1q1s1_finger_seed5_ckpt500000,adapt,dmc_finger_turn_hard,frozen_readout,5,1.25e5,/workspace/dreamerv3_runs/ax1wm_finger_q1s1_seed5/ckpt/20260710T105038F412043-000000500000,/workspace/dreamerv3_runs/adapt_ax1q1s1_finger_seed5_ckpt500000,DONE,,,axis1,ax1_finger_q1
ax1wm_finger_q2s0_seed8,offline_fit,dmc_finger_turn_hard,static,8,500000,/workspace/dreamerv3_runs/axis1_finger/q2/side0,/workspace/dreamerv3_runs/ax1wm_finger_q2s0_seed8,DONE,,,axis1,ax1_finger_q2
adapt_ax1q1s1_finger_seed6_ckpt500000,adapt,dmc_finger_turn_hard,frozen_readout,6,1.25e5,/workspace/dreamerv3_runs/ax1wm_finger_q1s1_seed6/ckpt/20260710T111223F029559-000000500000,/workspace/dreamerv3_runs/adapt_ax1q1s1_finger_seed6_ckpt500000,DONE,,,axis1,ax1_finger_q1
ax1wm_finger_q2s0_seed5,offline_fit,dmc_finger_turn_hard,static,5,500000,/workspace/dreamerv3_runs/axis1_finger/q2/side0,/workspace/dreamerv3_runs/ax1wm_finger_q2s0_seed5,DONE,,,axis1,ax1_finger_q2
adapt_ax1q1s1_finger_seed7_ckpt500000,adapt,dmc_finger_turn_hard,frozen_readout,7,1.25e5,/workspace/dreamerv3_runs/ax1wm_finger_q1s1_seed7/ckpt/20260710T112500F900120-000000500000,/workspace/dreamerv3_runs/adapt_ax1q1s1_finger_seed7_ckpt500000,DONE,,,axis1,ax1_finger_q1
ax1wm_finger_q2s0_seed6,offline_fit,dmc_finger_turn_hard,static,6,500000,/workspace/dreamerv3_runs/axis1_finger/q2/side0,/workspace/dreamerv3_runs/ax1wm_finger_q2s0_seed6,DONE,,,axis1,ax1_finger_q2
ax1wm_finger_q2s0_seed7,offline_fit,dmc_finger_turn_hard,static,7,500000,/workspace/dreamerv3_runs/axis1_finger/q2/side0,/workspace/dreamerv3_runs/ax1wm_finger_q2s0_seed7,DONE,,,axis1,ax1_finger_q2
adapt_ax1q2s0_finger_seed8_ckpt500000,adapt,dmc_finger_turn_hard,frozen_readout,8,1.25e5,/workspace/dreamerv3_runs/ax1wm_finger_q2s0_seed8/ckpt/20260710T132910F634416-000000500000,/workspace/dreamerv3_runs/adapt_ax1q2s0_finger_seed8_ckpt500000,DONE,,,axis1,ax1_finger_q2
adapt_ax1q2s0_finger_seed5_ckpt500000,adapt,dmc_finger_turn_hard,frozen_readout,5,1.25e5,/workspace/dreamerv3_runs/ax1wm_finger_q2s0_seed5/ckpt/20260710T134804F401945-000000500000,/workspace/dreamerv3_runs/adapt_ax1q2s0_finger_seed5_ckpt500000,DONE,,,axis1,ax1_finger_q2
ax1wm_finger_q2s1_seed8,offline_fit,dmc_finger_turn_hard,static,8,500000,/workspace/dreamerv3_runs/axis1_finger/q2/side1,/workspace/dreamerv3_runs/ax1wm_finger_q2s1_seed8,DONE,,,axis1,ax1_finger_q2
ax1wm_finger_q2s1_seed5,offline_fit,dmc_finger_turn_hard,static,5,500000,/workspace/dreamerv3_runs/axis1_finger/q2/side1,/workspace/dreamerv3_runs/ax1wm_finger_q2s1_seed5,DONE,,,axis1,ax1_finger_q2
adapt_ax1q2s0_finger_seed6_ckpt500000,adapt,dmc_finger_turn_hard,frozen_readout,6,1.25e5,/workspace/dreamerv3_runs/ax1wm_finger_q2s0_seed6/ckpt/20260710T141337F140484-000000500000,/workspace/dreamerv3_runs/adapt_ax1q2s0_finger_seed6_ckpt500000,DONE,,,axis1,ax1_finger_q2
adapt_ax1q2s0_finger_seed7_ckpt500000,adapt,dmc_finger_turn_hard,frozen_readout,7,1.25e5,/workspace/dreamerv3_runs/ax1wm_finger_q2s0_seed7/ckpt/20260710T142811F590515-000000500000,/workspace/dreamerv3_runs/adapt_ax1q2s0_finger_seed7_ckpt500000,DONE,,,axis1,ax1_finger_q2
ax1wm_finger_q2s1_seed6,offline_fit,dmc_finger_turn_hard,static,6,500000,/workspace/dreamerv3_runs/axis1_finger/q2/side1,/workspace/dreamerv3_runs/ax1wm_finger_q2s1_seed6,DONE,,,axis1,ax1_finger_q2
ax1wm_finger_q2s1_seed7,offline_fit,dmc_finger_turn_hard,static,7,500000,/workspace/dreamerv3_runs/axis1_finger/q2/side1,/workspace/dreamerv3_runs/ax1wm_finger_q2s1_seed7,DONE,,,axis1,ax1_finger_q2
adapt_ax1q2s1_finger_seed8_ckpt500000,adapt,dmc_finger_turn_hard,frozen_readout,8,1.25e5,/workspace/dreamerv3_runs/ax1wm_finger_q2s1_seed8/ckpt/20260710T162357F769083-000000500000,/workspace/dreamerv3_runs/adapt_ax1q2s1_finger_seed8_ckpt500000,DONE,,,axis1,ax1_finger_q2
adapt_ax1q2s1_finger_seed5_ckpt500000,adapt,dmc_finger_turn_hard,frozen_readout,5,1.25e5,/workspace/dreamerv3_runs/ax1wm_finger_q2s1_seed5/ckpt/20260710T164535F553009-000000500000,/workspace/dreamerv3_runs/adapt_ax1q2s1_finger_seed5_ckpt500000,DONE,,,axis1,ax1_finger_q2
adapt_ax1q2s1_finger_seed6_ckpt500000,adapt,dmc_finger_turn_hard,frozen_readout,6,1.25e5,/workspace/dreamerv3_runs/ax1wm_finger_q2s1_seed6/ckpt/20260710T171448F454219-000000500000,/workspace/dreamerv3_runs/adapt_ax1q2s1_finger_seed6_ckpt500000,DONE,,,axis1,ax1_finger_q2
adapt_ax1q2s1_finger_seed7_ckpt500000,adapt,dmc_finger_turn_hard,frozen_readout,7,1.25e5,/workspace/dreamerv3_runs/ax1wm_finger_q2s1_seed7/ckpt/20260710T173123F339150-000000500000,/workspace/dreamerv3_runs/adapt_ax1q2s1_finger_seed7_ckpt500000,DONE,,,axis1,ax1_finger_q2
ax1wm_cup_q1s0_seed16,offline_fit,dmc_cup_catch,static,16,500000,/workspace/dreamerv3_runs/axis1_cup/q1/side0,/workspace/dreamerv3_runs/ax1wm_cup_q1s0_seed16,DONE,,,axis1,ax1_cup_q1
ax1wm_cup_q1s0_seed13,offline_fit,dmc_cup_catch,static,13,500000,/workspace/dreamerv3_runs/axis1_cup/q1/side0,/workspace/dreamerv3_runs/ax1wm_cup_q1s0_seed13,DONE,,,axis1,ax1_cup_q1
ax1wm_cup_q1s0_seed14,offline_fit,dmc_cup_catch,static,14,500000,/workspace/dreamerv3_runs/axis1_cup/q1/side0,/workspace/dreamerv3_runs/ax1wm_cup_q1s0_seed14,DONE,,,axis1,ax1_cup_q1
ax1wm_cup_q1s0_seed15,offline_fit,dmc_cup_catch,static,15,500000,/workspace/dreamerv3_runs/axis1_cup/q1/side0,/workspace/dreamerv3_runs/ax1wm_cup_q1s0_seed15,DONE,,,axis1,ax1_cup_q1
adapt_ax1q1s0_cup_seed16_ckpt500000,adapt,dmc_cup_catch,frozen_readout,16,1.25e5,/workspace/dreamerv3_runs/ax1wm_cup_q1s0_seed16/ckpt/20260711T060404F583529-000000500000,/workspace/dreamerv3_runs/adapt_ax1q1s0_cup_seed16_ckpt500000,DONE,,,axis1,ax1_cup_q1
adapt_ax1q1s0_cup_seed13_ckpt500000,adapt,dmc_cup_catch,frozen_readout,13,1.25e5,/workspace/dreamerv3_runs/ax1wm_cup_q1s0_seed13/ckpt/20260711T060632F554459-000000500000,/workspace/dreamerv3_runs/adapt_ax1q1s0_cup_seed13_ckpt500000,DONE,,,axis1,ax1_cup_q1
adapt_ax1q1s0_cup_seed14_ckpt500000,adapt,dmc_cup_catch,frozen_readout,14,1.25e5,/workspace/dreamerv3_runs/ax1wm_cup_q1s0_seed14/ckpt/20260711T061000F988396-000000500000,/workspace/dreamerv3_runs/adapt_ax1q1s0_cup_seed14_ckpt500000,DONE,,,axis1,ax1_cup_q1
adapt_ax1q1s0_cup_seed15_ckpt500000,adapt,dmc_cup_catch,frozen_readout,15,1.25e5,/workspace/dreamerv3_runs/ax1wm_cup_q1s0_seed15/ckpt/20260711T061208F093033-000000500000,/workspace/dreamerv3_runs/adapt_ax1q1s0_cup_seed15_ckpt500000,DONE,,,axis1,ax1_cup_q1
ax1wm_cup_q1s1_seed16,offline_fit,dmc_cup_catch,static,16,500000,/workspace/dreamerv3_runs/axis1_cup/q1/side1,/workspace/dreamerv3_runs/ax1wm_cup_q1s1_seed16,DONE,,,axis1,ax1_cup_q1
ax1wm_cup_q1s1_seed13,offline_fit,dmc_cup_catch,static,13,500000,/workspace/dreamerv3_runs/axis1_cup/q1/side1,/workspace/dreamerv3_runs/ax1wm_cup_q1s1_seed13,DONE,,,axis1,ax1_cup_q1
ax1wm_cup_q1s1_seed14,offline_fit,dmc_cup_catch,static,14,500000,/workspace/dreamerv3_runs/axis1_cup/q1/side1,/workspace/dreamerv3_runs/ax1wm_cup_q1s1_seed14,DONE,,,axis1,ax1_cup_q1
ax1wm_cup_q1s1_seed15,offline_fit,dmc_cup_catch,static,15,500000,/workspace/dreamerv3_runs/axis1_cup/q1/side1,/workspace/dreamerv3_runs/ax1wm_cup_q1s1_seed15,DONE,,,axis1,ax1_cup_q1
adapt_ax1q1s1_cup_seed16_ckpt500000,adapt,dmc_cup_catch,frozen_readout,16,1.25e5,/workspace/dreamerv3_runs/ax1wm_cup_q1s1_seed16/ckpt/20260711T085751F207993-000000500000,/workspace/dreamerv3_runs/adapt_ax1q1s1_cup_seed16_ckpt500000,DONE,,,axis1,ax1_cup_q1
adapt_ax1q1s1_cup_seed13_ckpt500000,adapt,dmc_cup_catch,frozen_readout,13,1.25e5,/workspace/dreamerv3_runs/ax1wm_cup_q1s1_seed13/ckpt/20260711T090302F978460-000000500000,/workspace/dreamerv3_runs/adapt_ax1q1s1_cup_seed13_ckpt500000,DONE,,,axis1,ax1_cup_q1
adapt_ax1q1s1_cup_seed14_ckpt500000,adapt,dmc_cup_catch,frozen_readout,14,1.25e5,/workspace/dreamerv3_runs/ax1wm_cup_q1s1_seed14/ckpt/20260711T091026F005369-000000500000,/workspace/dreamerv3_runs/adapt_ax1q1s1_cup_seed14_ckpt500000,DONE,,,axis1,ax1_cup_q1
adapt_ax1q1s1_cup_seed15_ckpt500000,adapt,dmc_cup_catch,frozen_readout,15,1.25e5,/workspace/dreamerv3_runs/ax1wm_cup_q1s1_seed15/ckpt/20260711T091429F808722-000000500000,/workspace/dreamerv3_runs/adapt_ax1q1s1_cup_seed15_ckpt500000,DONE,,,axis1,ax1_cup_q1
ax1wm_cup_q2s0_seed16,offline_fit,dmc_cup_catch,static,16,500000,/workspace/dreamerv3_runs/axis1_cup/q2/side0,/workspace/dreamerv3_runs/ax1wm_cup_q2s0_seed16,DONE,,,axis1,ax1_cup_q2
ax1wm_cup_q2s0_seed13,offline_fit,dmc_cup_catch,static,13,500000,/workspace/dreamerv3_runs/axis1_cup/q2/side0,/workspace/dreamerv3_runs/ax1wm_cup_q2s0_seed13,DONE,,,axis1,ax1_cup_q2
ax1wm_cup_q2s0_seed14,offline_fit,dmc_cup_catch,static,14,500000,/workspace/dreamerv3_runs/axis1_cup/q2/side0,/workspace/dreamerv3_runs/ax1wm_cup_q2s0_seed14,DONE,,,axis1,ax1_cup_q2
ax1wm_cup_q2s0_seed15,offline_fit,dmc_cup_catch,static,15,500000,/workspace/dreamerv3_runs/axis1_cup/q2/side0,/workspace/dreamerv3_runs/ax1wm_cup_q2s0_seed15,DONE,,,axis1,ax1_cup_q2
adapt_ax1q2s0_cup_seed16_ckpt500000,adapt,dmc_cup_catch,frozen_readout,16,1.25e5,/workspace/dreamerv3_runs/ax1wm_cup_q2s0_seed16/ckpt/20260711T115138F720477-000000500000,/workspace/dreamerv3_runs/adapt_ax1q2s0_cup_seed16_ckpt500000,DONE,,,axis1,ax1_cup_q2
adapt_ax1q2s0_cup_seed13_ckpt500000,adapt,dmc_cup_catch,frozen_readout,13,1.25e5,/workspace/dreamerv3_runs/ax1wm_cup_q2s0_seed13/ckpt/20260711T115931F160786-000000500000,/workspace/dreamerv3_runs/adapt_ax1q2s0_cup_seed13_ckpt500000,DONE,,,axis1,ax1_cup_q2
adapt_ax1q2s0_cup_seed14_ckpt500000,adapt,dmc_cup_catch,frozen_readout,14,1.25e5,/workspace/dreamerv3_runs/ax1wm_cup_q2s0_seed14/ckpt/20260711T121047F424263-000000500000,/workspace/dreamerv3_runs/adapt_ax1q2s0_cup_seed14_ckpt500000,DONE,,,axis1,ax1_cup_q2
ax1wm_cup_q2s1_seed16,offline_fit,dmc_cup_catch,static,16,500000,/workspace/dreamerv3_runs/axis1_cup/q2/side1,/workspace/dreamerv3_runs/ax1wm_cup_q2s1_seed16,DONE,,,axis1,ax1_cup_q2
adapt_ax1q2s0_cup_seed15_ckpt500000,adapt,dmc_cup_catch,frozen_readout,15,1.25e5,/workspace/dreamerv3_runs/ax1wm_cup_q2s0_seed15/ckpt/20260711T121637F962944-000000500000,/workspace/dreamerv3_runs/adapt_ax1q2s0_cup_seed15_ckpt500000,DONE,,,axis1,ax1_cup_q2
ax1wm_cup_q2s1_seed13,offline_fit,dmc_cup_catch,static,13,500000,/workspace/dreamerv3_runs/axis1_cup/q2/side1,/workspace/dreamerv3_runs/ax1wm_cup_q2s1_seed13,DONE,,,axis1,ax1_cup_q2
ax1wm_cup_q2s1_seed14,offline_fit,dmc_cup_catch,static,14,500000,/workspace/dreamerv3_runs/axis1_cup/q2/side1,/workspace/dreamerv3_runs/ax1wm_cup_q2s1_seed14,DONE,,,axis1,ax1_cup_q2
ax1wm_cup_q2s1_seed15,offline_fit,dmc_cup_catch,static,15,500000,/workspace/dreamerv3_runs/axis1_cup/q2/side1,/workspace/dreamerv3_runs/ax1wm_cup_q2s1_seed15,DONE,,,axis1,ax1_cup_q2
adapt_ax1q2s1_cup_seed16_ckpt500000,adapt,dmc_cup_catch,frozen_readout,16,1.25e5,/workspace/dreamerv3_runs/ax1wm_cup_q2s1_seed16/ckpt/20260711T144519F996177-000000500000,/workspace/dreamerv3_runs/adapt_ax1q2s1_cup_seed16_ckpt500000,DONE,,,axis1,ax1_cup_q2
adapt_ax1q2s1_cup_seed13_ckpt500000,adapt,dmc_cup_catch,frozen_readout,13,1.25e5,/workspace/dreamerv3_runs/ax1wm_cup_q2s1_seed13/ckpt/20260711T145608F054262-000000500000,/workspace/dreamerv3_runs/adapt_ax1q2s1_cup_seed13_ckpt500000,DONE,,,axis1,ax1_cup_q2
ax1wm_finger_q1s0_seed16,offline_fit,dmc_finger_turn_hard,static,16,500000,/workspace/dreamerv3_runs/axis1_finger/q1/side0,/workspace/dreamerv3_runs/ax1wm_finger_q1s0_seed16,DONE,,,axis1,ax1_finger_q1
adapt_ax1q2s1_cup_seed14_ckpt500000,adapt,dmc_cup_catch,frozen_readout,14,1.25e5,/workspace/dreamerv3_runs/ax1wm_cup_q2s1_seed14/ckpt/20260711T151113F497545-000000500000,/workspace/dreamerv3_runs/adapt_ax1q2s1_cup_seed14_ckpt500000,DONE,,,axis1,ax1_cup_q2
adapt_ax1q2s1_cup_seed15_ckpt500000,adapt,dmc_cup_catch,frozen_readout,15,1.25e5,/workspace/dreamerv3_runs/ax1wm_cup_q2s1_seed15/ckpt/20260711T151838F651527-000000500000,/workspace/dreamerv3_runs/adapt_ax1q2s1_cup_seed15_ckpt500000,DONE,,,axis1,ax1_cup_q2
ax1wm_finger_q1s0_seed13,offline_fit,dmc_finger_turn_hard,static,13,500000,/workspace/dreamerv3_runs/axis1_finger/q1/side0,/workspace/dreamerv3_runs/ax1wm_finger_q1s0_seed13,DONE,,,axis1,ax1_finger_q1
ax1wm_finger_q1s0_seed14,offline_fit,dmc_finger_turn_hard,static,14,500000,/workspace/dreamerv3_runs/axis1_finger/q1/side0,/workspace/dreamerv3_runs/ax1wm_finger_q1s0_seed14,DONE,,,axis1,ax1_finger_q1
ax1wm_finger_q1s0_seed15,offline_fit,dmc_finger_turn_hard,static,15,500000,/workspace/dreamerv3_runs/axis1_finger/q1/side0,/workspace/dreamerv3_runs/ax1wm_finger_q1s0_seed15,DONE,,,axis1,ax1_finger_q1
adapt_ax1q1s0_finger_seed16_ckpt500000,adapt,dmc_finger_turn_hard,frozen_readout,16,1.25e5,/workspace/dreamerv3_runs/ax1wm_finger_q1s0_seed16/ckpt/20260711T180021F002346-000000500000,/workspace/dreamerv3_runs/adapt_ax1q1s0_finger_seed16_ckpt500000,DONE,,,axis1,ax1_finger_q1
adapt_ax1q1s0_finger_seed13_ckpt500000,adapt,dmc_finger_turn_hard,frozen_readout,13,1.25e5,/workspace/dreamerv3_runs/ax1wm_finger_q1s0_seed13/ckpt/20260711T181916F325310-000000500000,/workspace/dreamerv3_runs/adapt_ax1q1s0_finger_seed13_ckpt500000,DONE,,,axis1,ax1_finger_q1
ax1wm_finger_q1s1_seed16,offline_fit,dmc_finger_turn_hard,static,16,500000,/workspace/dreamerv3_runs/axis1_finger/q1/side1,/workspace/dreamerv3_runs/ax1wm_finger_q1s1_seed16,DONE,,,axis1,ax1_finger_q1
adapt_ax1q1s0_finger_seed14_ckpt500000,adapt,dmc_finger_turn_hard,frozen_readout,14,1.25e5,/workspace/dreamerv3_runs/ax1wm_finger_q1s0_seed14/ckpt/20260711T185117F426599-000000500000,/workspace/dreamerv3_runs/adapt_ax1q1s0_finger_seed14_ckpt500000,DONE,,,axis1,ax1_finger_q1
adapt_ax1q1s0_finger_seed15_ckpt500000,adapt,dmc_finger_turn_hard,frozen_readout,15,1.25e5,/workspace/dreamerv3_runs/ax1wm_finger_q1s0_seed15/ckpt/20260711T185824F420820-000000500000,/workspace/dreamerv3_runs/adapt_ax1q1s0_finger_seed15_ckpt500000,DONE,,,axis1,ax1_finger_q1
ax1wm_finger_q1s1_seed13,offline_fit,dmc_finger_turn_hard,static,13,500000,/workspace/dreamerv3_runs/axis1_finger/q1/side1,/workspace/dreamerv3_runs/ax1wm_finger_q1s1_seed13,DONE,,,axis1,ax1_finger_q1
ax1wm_finger_q1s1_seed14,offline_fit,dmc_finger_turn_hard,static,14,500000,/workspace/dreamerv3_runs/axis1_finger/q1/side1,/workspace/dreamerv3_runs/ax1wm_finger_q1s1_seed14,DONE,,,axis1,ax1_finger_q1
ax1wm_finger_q1s1_seed15,offline_fit,dmc_finger_turn_hard,static,15,500000,/workspace/dreamerv3_runs/axis1_finger/q1/side1,/workspace/dreamerv3_runs/ax1wm_finger_q1s1_seed15,DONE,,,axis1,ax1_finger_q1
adapt_ax1q1s1_finger_seed16_ckpt500000,adapt,dmc_finger_turn_hard,frozen_readout,16,1.25e5,/workspace/dreamerv3_runs/ax1wm_finger_q1s1_seed16/ckpt/20260711T220956F991036-000000500000,/workspace/dreamerv3_runs/adapt_ax1q1s1_finger_seed16_ckpt500000,DONE,,,axis1,ax1_finger_q1
adapt_ax1q1s1_finger_seed13_ckpt500000,adapt,dmc_finger_turn_hard,frozen_readout,13,1.25e5,/workspace/dreamerv3_runs/ax1wm_finger_q1s1_seed13/ckpt/20260711T223102F118687-000000500000,/workspace/dreamerv3_runs/adapt_ax1q1s1_finger_seed13_ckpt500000,DONE,,,axis1,ax1_finger_q1
adapt_ax1q1s1_finger_seed15_ckpt500000,adapt,dmc_finger_turn_hard,frozen_readout,15,1.25e5,/workspace/dreamerv3_runs/ax1wm_finger_q1s1_seed15/ckpt/20260711T231512F394135-000000500000,/workspace/dreamerv3_runs/adapt_ax1q1s1_finger_seed15_ckpt500000,DONE,,,axis1,ax1_finger_q1
adapt_ax1q1s1_finger_seed14_ckpt500000,adapt,dmc_finger_turn_hard,frozen_readout,14,1.25e5,/workspace/dreamerv3_runs/ax1wm_finger_q1s1_seed14/ckpt/20260711T232010F389822-000000500000,/workspace/dreamerv3_runs/adapt_ax1q1s1_finger_seed14_ckpt500000,DONE,,,axis1,ax1_finger_q1
ax1wm_cup_fq1s0_seed5,offline_fit,dmc_cup_catch,static,5,500000,/workspace/dreamerv3_runs/axis1_cup/q1/side0,/workspace/dreamerv3_runs/ax1wm_cup_fq1s0_seed5,DONE,,,axis1,ax1f_cup_q1
ax1wm_cup_fq1s0_seed7,offline_fit,dmc_cup_catch,static,7,500000,/workspace/dreamerv3_runs/axis1_cup/q1/side0,/workspace/dreamerv3_runs/ax1wm_cup_fq1s0_seed7,DONE,,,axis1,ax1f_cup_q1
ax1wm_cup_fq1s0_seed8,offline_fit,dmc_cup_catch,static,8,500000,/workspace/dreamerv3_runs/axis1_cup/q1/side0,/workspace/dreamerv3_runs/ax1wm_cup_fq1s0_seed8,DONE,,,axis1,ax1f_cup_q1
ax1wm_cup_fq1s0_seed6,offline_fit,dmc_cup_catch,static,6,500000,/workspace/dreamerv3_runs/axis1_cup/q1/side0,/workspace/dreamerv3_runs/ax1wm_cup_fq1s0_seed6,DONE,,,axis1,ax1f_cup_q1
adapt_ax1fq1s0_cup_seed8_ckpt500000,adapt,dmc_cup_catch,frozen_readout,8,1.25e5,/workspace/dreamerv3_runs/ax1wm_cup_fq1s0_seed8/ckpt/20260712T055958F654113-000000500000,/workspace/dreamerv3_runs/adapt_ax1fq1s0_cup_seed8_ckpt500000,DONE,,,axis1,ax1f_cup_q1
adapt_ax1fq1s0_cup_seed5_ckpt500000,adapt,dmc_cup_catch,frozen_readout,5,1.25e5,/workspace/dreamerv3_runs/ax1wm_cup_fq1s0_seed5/ckpt/20260712T060335F261365-000000500000,/workspace/dreamerv3_runs/adapt_ax1fq1s0_cup_seed5_ckpt500000,DONE,,,axis1,ax1f_cup_q1
adapt_ax1fq1s0_cup_seed6_ckpt500000,adapt,dmc_cup_catch,frozen_readout,6,1.25e5,/workspace/dreamerv3_runs/ax1wm_cup_fq1s0_seed6/ckpt/20260712T060818F344661-000000500000,/workspace/dreamerv3_runs/adapt_ax1fq1s0_cup_seed6_ckpt500000,DONE,,,axis1,ax1f_cup_q1
adapt_ax1fq1s0_cup_seed7_ckpt500000,adapt,dmc_cup_catch,frozen_readout,7,1.25e5,/workspace/dreamerv3_runs/ax1wm_cup_fq1s0_seed7/ckpt/20260712T061226F689912-000000500000,/workspace/dreamerv3_runs/adapt_ax1fq1s0_cup_seed7_ckpt500000,DONE,,,axis1,ax1f_cup_q1
ax1wm_cup_fq1s1_seed8,offline_fit,dmc_cup_catch,static,8,500000,/workspace/dreamerv3_runs/axis1_cup/q1/side1,/workspace/dreamerv3_runs/ax1wm_cup_fq1s1_seed8,DONE,,,axis1,ax1f_cup_q1
ax1wm_cup_fq1s1_seed5,offline_fit,dmc_cup_catch,static,5,500000,/workspace/dreamerv3_runs/axis1_cup/q1/side1,/workspace/dreamerv3_runs/ax1wm_cup_fq1s1_seed5,DONE,,,axis1,ax1f_cup_q1
ax1wm_cup_fq1s1_seed6,offline_fit,dmc_cup_catch,static,6,500000,/workspace/dreamerv3_runs/axis1_cup/q1/side1,/workspace/dreamerv3_runs/ax1wm_cup_fq1s1_seed6,DONE,,,axis1,ax1f_cup_q1
ax1wm_cup_fq1s1_seed7,offline_fit,dmc_cup_catch,static,7,500000,/workspace/dreamerv3_runs/axis1_cup/q1/side1,/workspace/dreamerv3_runs/ax1wm_cup_fq1s1_seed7,DONE,,,axis1,ax1f_cup_q1
adapt_ax1fq1s1_cup_seed8_ckpt500000,adapt,dmc_cup_catch,frozen_readout,8,1.25e5,/workspace/dreamerv3_runs/ax1wm_cup_fq1s1_seed8/ckpt/20260712T110804F848383-000000500000,/workspace/dreamerv3_runs/adapt_ax1fq1s1_cup_seed8_ckpt500000,DONE,,,axis1,ax1f_cup_q1
adapt_ax1fq1s1_cup_seed5_ckpt500000,adapt,dmc_cup_catch,frozen_readout,5,1.25e5,/workspace/dreamerv3_runs/ax1wm_cup_fq1s1_seed5/ckpt/20260712T111523F351504-000000500000,/workspace/dreamerv3_runs/adapt_ax1fq1s1_cup_seed5_ckpt500000,DONE,,,axis1,ax1f_cup_q1
adapt_ax1fq1s1_cup_seed6_ckpt500000,adapt,dmc_cup_catch,frozen_readout,6,1.25e5,/workspace/dreamerv3_runs/ax1wm_cup_fq1s1_seed6/ckpt/20260712T112428F911588-000000500000,/workspace/dreamerv3_runs/adapt_ax1fq1s1_cup_seed6_ckpt500000,DONE,,,axis1,ax1f_cup_q1
ax1wm_cup_fq2s0_seed8,offline_fit,dmc_cup_catch,static,8,500000,/workspace/dreamerv3_runs/axis1_cup/q2/side0,/workspace/dreamerv3_runs/ax1wm_cup_fq2s0_seed8,DONE,,,axis1,ax1f_cup_q2
adapt_ax1fq1s1_cup_seed7_ckpt500000,adapt,dmc_cup_catch,frozen_readout,7,1.25e5,/workspace/dreamerv3_runs/ax1wm_cup_fq1s1_seed7/ckpt/20260712T113315F393571-000000500000,/workspace/dreamerv3_runs/adapt_ax1fq1s1_cup_seed7_ckpt500000,DONE,,,axis1,ax1f_cup_q1
ax1wm_cup_fq2s0_seed5,offline_fit,dmc_cup_catch,static,5,500000,/workspace/dreamerv3_runs/axis1_cup/q2/side0,/workspace/dreamerv3_runs/ax1wm_cup_fq2s0_seed5,DONE,,,axis1,ax1f_cup_q2
ax1wm_cup_fq2s0_seed6,offline_fit,dmc_cup_catch,static,6,500000,/workspace/dreamerv3_runs/axis1_cup/q2/side0,/workspace/dreamerv3_runs/ax1wm_cup_fq2s0_seed6,DONE,,,axis1,ax1f_cup_q2
ax1wm_cup_fq2s0_seed7,offline_fit,dmc_cup_catch,static,7,500000,/workspace/dreamerv3_runs/axis1_cup/q2/side0,/workspace/dreamerv3_runs/ax1wm_cup_fq2s0_seed7,DONE,,,axis1,ax1f_cup_q2
adapt_ax1fq2s0_cup_seed8_ckpt500000,adapt,dmc_cup_catch,frozen_readout,8,1.25e5,/workspace/dreamerv3_runs/ax1wm_cup_fq2s0_seed8/ckpt/20260712T161630F171196-000000500000,/workspace/dreamerv3_runs/adapt_ax1fq2s0_cup_seed8_ckpt500000,DONE,,,axis1,ax1f_cup_q2
adapt_ax1fq2s0_cup_seed5_ckpt500000,adapt,dmc_cup_catch,frozen_readout,5,1.25e5,/workspace/dreamerv3_runs/ax1wm_cup_fq2s0_seed5/ckpt/20260712T162728F763511-000000500000,/workspace/dreamerv3_runs/adapt_ax1fq2s0_cup_seed5_ckpt500000,DONE,,,axis1,ax1f_cup_q2
ax1wm_cup_fq2s1_seed8,offline_fit,dmc_cup_catch,static,8,500000,/workspace/dreamerv3_runs/axis1_cup/q2/side1,/workspace/dreamerv3_runs/ax1wm_cup_fq2s1_seed8,DONE,,,axis1,ax1f_cup_q2
adapt_ax1fq2s0_cup_seed6_ckpt500000,adapt,dmc_cup_catch,frozen_readout,6,1.25e5,/workspace/dreamerv3_runs/ax1wm_cup_fq2s0_seed6/ckpt/20260712T164109F250976-000000500000,/workspace/dreamerv3_runs/adapt_ax1fq2s0_cup_seed6_ckpt500000,DONE,,,axis1,ax1f_cup_q2
ax1wm_cup_fq2s1_seed5,offline_fit,dmc_cup_catch,static,5,500000,/workspace/dreamerv3_runs/axis1_cup/q2/side1,/workspace/dreamerv3_runs/ax1wm_cup_fq2s1_seed5,DONE,,,axis1,ax1f_cup_q2
adapt_ax1fq2s0_cup_seed7_ckpt500000,adapt,dmc_cup_catch,frozen_readout,7,1.25e5,/workspace/dreamerv3_runs/ax1wm_cup_fq2s0_seed7/ckpt/20260712T165417F474349-000000500000,/workspace/dreamerv3_runs/adapt_ax1fq2s0_cup_seed7_ckpt500000,DONE,,,axis1,ax1f_cup_q2
ax1wm_cup_fq2s1_seed6,offline_fit,dmc_cup_catch,static,6,500000,/workspace/dreamerv3_runs/axis1_cup/q2/side1,/workspace/dreamerv3_runs/ax1wm_cup_fq2s1_seed6,DONE,,,axis1,ax1f_cup_q2
ax1wm_cup_fq2s1_seed7,offline_fit,dmc_cup_catch,static,7,500000,/workspace/dreamerv3_runs/axis1_cup/q2/side1,/workspace/dreamerv3_runs/ax1wm_cup_fq2s1_seed7,DONE,,,axis1,ax1f_cup_q2
adapt_ax1fq2s1_cup_seed8_ckpt500000,adapt,dmc_cup_catch,frozen_readout,8,1.25e5,/workspace/dreamerv3_runs/ax1wm_cup_fq2s1_seed8/ckpt/20260712T212504F299847-000000500000,/workspace/dreamerv3_runs/adapt_ax1fq2s1_cup_seed8_ckpt500000,DONE,,,axis1,ax1f_cup_q2
adapt_ax1fq2s1_cup_seed5_ckpt500000,adapt,dmc_cup_catch,frozen_readout,5,1.25e5,/workspace/dreamerv3_runs/ax1wm_cup_fq2s1_seed5/ckpt/20260712T213939F066550-000000500000,/workspace/dreamerv3_runs/adapt_ax1fq2s1_cup_seed5_ckpt500000,DONE,,,axis1,ax1f_cup_q2
ax1wm_finger_fq1s0_seed8,offline_fit,dmc_finger_turn_hard,static,8,500000,/workspace/dreamerv3_runs/axis1_finger/q1/side0,/workspace/dreamerv3_runs/ax1wm_finger_fq1s0_seed8,DONE,,,axis1,ax1f_finger_q1
adapt_ax1fq2s1_cup_seed6_ckpt500000,adapt,dmc_cup_catch,frozen_readout,6,1.25e5,/workspace/dreamerv3_runs/ax1wm_cup_fq2s1_seed6/ckpt/20260712T215801F738156-000000500000,/workspace/dreamerv3_runs/adapt_ax1fq2s1_cup_seed6_ckpt500000,DONE,,,axis1,ax1f_cup_q2
ax1wm_finger_fq1s0_seed5,offline_fit,dmc_finger_turn_hard,static,5,500000,/workspace/dreamerv3_runs/axis1_finger/q1/side0,/workspace/dreamerv3_runs/ax1wm_finger_fq1s0_seed5,DONE,,,axis1,ax1f_finger_q1
adapt_ax1fq2s1_cup_seed7_ckpt500000,adapt,dmc_cup_catch,frozen_readout,7,1.25e5,/workspace/dreamerv3_runs/ax1wm_cup_fq2s1_seed7/ckpt/20260712T221530F808725-000000500000,/workspace/dreamerv3_runs/adapt_ax1fq2s1_cup_seed7_ckpt500000,DONE,,,axis1,ax1f_cup_q2
ax1wm_finger_fq1s0_seed6,offline_fit,dmc_finger_turn_hard,static,6,500000,/workspace/dreamerv3_runs/axis1_finger/q1/side0,/workspace/dreamerv3_runs/ax1wm_finger_fq1s0_seed6,DONE,,,axis1,ax1f_finger_q1
ax1wm_finger_fq1s0_seed7,offline_fit,dmc_finger_turn_hard,static,7,500000,/workspace/dreamerv3_runs/axis1_finger/q1/side0,/workspace/dreamerv3_runs/ax1wm_finger_fq1s0_seed7,DONE,,,axis1,ax1f_finger_q1
adapt_ax1fq1s0_finger_seed8_ckpt500000,adapt,dmc_finger_turn_hard,frozen_readout,8,1.25e5,/workspace/dreamerv3_runs/ax1wm_finger_fq1s0_seed8/ckpt/20260713T023353F771750-000000500000,/workspace/dreamerv3_runs/adapt_ax1fq1s0_finger_seed8_ckpt500000,DONE,,,axis1,ax1f_finger_q1
adapt_ax1fq1s0_finger_seed5_ckpt500000,adapt,dmc_finger_turn_hard,frozen_readout,5,1.25e5,/workspace/dreamerv3_runs/ax1wm_finger_fq1s0_seed5/ckpt/20260713T025208F951243-000000500000,/workspace/dreamerv3_runs/adapt_ax1fq1s0_finger_seed5_ckpt500000,DONE,,,axis1,ax1f_finger_q1
ax1wm_finger_fq1s1_seed8,offline_fit,dmc_finger_turn_hard,static,8,500000,/workspace/dreamerv3_runs/axis1_finger/q1/side1,/workspace/dreamerv3_runs/ax1wm_finger_fq1s1_seed8,DONE,,,axis1,ax1f_finger_q1
adapt_ax1fq1s0_finger_seed6_ckpt500000,adapt,dmc_finger_turn_hard,frozen_readout,6,1.25e5,/workspace/dreamerv3_runs/ax1wm_finger_fq1s0_seed6/ckpt/20260713T031515F596988-000000500000,/workspace/dreamerv3_runs/adapt_ax1fq1s0_finger_seed6_ckpt500000,DONE,,,axis1,ax1f_finger_q1
ax1wm_finger_fq1s1_seed5,offline_fit,dmc_finger_turn_hard,static,5,500000,/workspace/dreamerv3_runs/axis1_finger/q1/side1,/workspace/dreamerv3_runs/ax1wm_finger_fq1s1_seed5,DONE,,,axis1,ax1f_finger_q1
adapt_ax1fq1s0_finger_seed7_ckpt500000,adapt,dmc_finger_turn_hard,frozen_readout,7,1.25e5,/workspace/dreamerv3_runs/ax1wm_finger_fq1s0_seed7/ckpt/20260713T033715F360474-000000500000,/workspace/dreamerv3_runs/adapt_ax1fq1s0_finger_seed7_ckpt500000,DONE,,,axis1,ax1f_finger_q1
ax1wm_finger_fq1s1_seed6,offline_fit,dmc_finger_turn_hard,static,6,500000,/workspace/dreamerv3_runs/axis1_finger/q1/side1,/workspace/dreamerv3_runs/ax1wm_finger_fq1s1_seed6,DONE,,,axis1,ax1f_finger_q1
ax1wm_finger_fq1s1_seed7,offline_fit,dmc_finger_turn_hard,static,7,500000,/workspace/dreamerv3_runs/axis1_finger/q1/side1,/workspace/dreamerv3_runs/ax1wm_finger_fq1s1_seed7,DONE,,,axis1,ax1f_finger_q1
adapt_ax1fq1s1_finger_seed8_ckpt500000,adapt,dmc_finger_turn_hard,frozen_readout,8,1.25e5,/workspace/dreamerv3_runs/ax1wm_finger_fq1s1_seed8/ckpt/20260713T074345F264566-000000500000,/workspace/dreamerv3_runs/adapt_ax1fq1s1_finger_seed8_ckpt500000,DONE,,,axis1,ax1f_finger_q1
adapt_ax1fq1s1_finger_seed5_ckpt500000,adapt,dmc_finger_turn_hard,frozen_readout,5,1.25e5,/workspace/dreamerv3_runs/ax1wm_finger_fq1s1_seed5/ckpt/20260713T080541F373792-000000500000,/workspace/dreamerv3_runs/adapt_ax1fq1s1_finger_seed5_ckpt500000,DONE,,,axis1,ax1f_finger_q1
ax1wm_finger_fq2s0_seed8,offline_fit,dmc_finger_turn_hard,static,8,500000,/workspace/dreamerv3_runs/axis1_finger/q2/side0,/workspace/dreamerv3_runs/ax1wm_finger_fq2s0_seed8,DONE,,,axis1,ax1f_finger_q2
ax1wm_finger_fq2s0_seed5,offline_fit,dmc_finger_turn_hard,static,5,500000,/workspace/dreamerv3_runs/axis1_finger/q2/side0,/workspace/dreamerv3_runs/ax1wm_finger_fq2s0_seed5,DONE,,,axis1,ax1f_finger_q2
adapt_ax1fq1s1_finger_seed6_ckpt500000,adapt,dmc_finger_turn_hard,frozen_readout,6,1.25e5,/workspace/dreamerv3_runs/ax1wm_finger_fq1s1_seed6/ckpt/20260713T083315F689330-000000500000,/workspace/dreamerv3_runs/adapt_ax1fq1s1_finger_seed6_ckpt500000,DONE,,,axis1,ax1f_finger_q1
ax1wm_finger_fq2s0_seed6,offline_fit,dmc_finger_turn_hard,static,6,500000,/workspace/dreamerv3_runs/axis1_finger/q2/side0,/workspace/dreamerv3_runs/ax1wm_finger_fq2s0_seed6,DONE,,,axis1,ax1f_finger_q2
adapt_ax1fq1s1_finger_seed7_ckpt500000,adapt,dmc_finger_turn_hard,frozen_readout,7,1.25e5,/workspace/dreamerv3_runs/ax1wm_finger_fq1s1_seed7/ckpt/20260713T085934F598616-000000500000,/workspace/dreamerv3_runs/adapt_ax1fq1s1_finger_seed7_ckpt500000,DONE,,,axis1,ax1f_finger_q1
ax1wm_finger_fq2s0_seed7,offline_fit,dmc_finger_turn_hard,static,7,500000,/workspace/dreamerv3_runs/axis1_finger/q2/side0,/workspace/dreamerv3_runs/ax1wm_finger_fq2s0_seed7,DONE,,,axis1,ax1f_finger_q2
adapt_ax1fq2s0_finger_seed8_ckpt500000,adapt,dmc_finger_turn_hard,frozen_readout,8,1.25e5,/workspace/dreamerv3_runs/ax1wm_finger_fq2s0_seed8/ckpt/20260713T125338F310316-000000500000,/workspace/dreamerv3_runs/adapt_ax1fq2s0_finger_seed8_ckpt500000,DONE,,,axis1,ax1f_finger_q2
ax1wm_finger_fq2s1_seed8,offline_fit,dmc_finger_turn_hard,static,8,500000,/workspace/dreamerv3_runs/axis1_finger/q2/side1,/workspace/dreamerv3_runs/ax1wm_finger_fq2s1_seed8,DONE,,,axis1,ax1f_finger_q2
adapt_ax1fq2s0_finger_seed5_ckpt500000,adapt,dmc_finger_turn_hard,frozen_readout,5,1.25e5,/workspace/dreamerv3_runs/ax1wm_finger_fq2s0_seed5/ckpt/20260713T131929F595252-000000500000,/workspace/dreamerv3_runs/adapt_ax1fq2s0_finger_seed5_ckpt500000,DONE,,,axis1,ax1f_finger_q2
ax1wm_finger_fq2s1_seed5,offline_fit,dmc_finger_turn_hard,static,5,500000,/workspace/dreamerv3_runs/axis1_finger/q2/side1,/workspace/dreamerv3_runs/ax1wm_finger_fq2s1_seed5,DONE,,,axis1,ax1f_finger_q2
adapt_ax1fq2s0_finger_seed6_ckpt500000,adapt,dmc_finger_turn_hard,frozen_readout,6,1.25e5,/workspace/dreamerv3_runs/ax1wm_finger_fq2s0_seed6/ckpt/20260713T135112F775915-000000500000,/workspace/dreamerv3_runs/adapt_ax1fq2s0_finger_seed6_ckpt500000,DONE,,,axis1,ax1f_finger_q2
ax1wm_finger_fq2s1_seed6,offline_fit,dmc_finger_turn_hard,static,6,500000,/workspace/dreamerv3_runs/axis1_finger/q2/side1,/workspace/dreamerv3_runs/ax1wm_finger_fq2s1_seed6,DONE,,,axis1,ax1f_finger_q2
adapt_ax1fq2s0_finger_seed7_ckpt500000,adapt,dmc_finger_turn_hard,frozen_readout,7,1.25e5,/workspace/dreamerv3_runs/ax1wm_finger_fq2s0_seed7/ckpt/20260713T142150F174710-000000500000,/workspace/dreamerv3_runs/adapt_ax1fq2s0_finger_seed7_ckpt500000,DONE,,,axis1,ax1f_finger_q2
ax1wm_finger_fq2s1_seed7,offline_fit,dmc_finger_turn_hard,static,7,500000,/workspace/dreamerv3_runs/axis1_finger/q2/side1,/workspace/dreamerv3_runs/ax1wm_finger_fq2s1_seed7,DONE,,,axis1,ax1f_finger_q2
adapt_ax1fq2s1_finger_seed8_ckpt500000,adapt,dmc_finger_turn_hard,frozen_readout,8,1.25e5,/workspace/dreamerv3_runs/ax1wm_finger_fq2s1_seed8/ckpt/20260713T180335F427152-000000500000,/workspace/dreamerv3_runs/adapt_ax1fq2s1_finger_seed8_ckpt500000,DONE,,,axis1,ax1f_finger_q2
adapt_ax1fq2s1_finger_seed5_ckpt500000,adapt,dmc_finger_turn_hard,frozen_readout,5,1.25e5,/workspace/dreamerv3_runs/ax1wm_finger_fq2s1_seed5/ckpt/20260713T183322F704693-000000500000,/workspace/dreamerv3_runs/adapt_ax1fq2s1_finger_seed5_ckpt500000,DONE,,,axis1,ax1f_finger_q2
adapt_ax1fq2s1_finger_seed6_ckpt500000,adapt,dmc_finger_turn_hard,frozen_readout,6,1.25e5,/workspace/dreamerv3_runs/ax1wm_finger_fq2s1_seed6/ckpt/20260713T190930F945028-000000500000,/workspace/dreamerv3_runs/adapt_ax1fq2s1_finger_seed6_ckpt500000,DONE,,,axis1,ax1f_finger_q2
adapt_ax1fq2s1_finger_seed7_ckpt500000,adapt,dmc_finger_turn_hard,frozen_readout,7,1.25e5,/workspace/dreamerv3_runs/ax1wm_finger_fq2s1_seed7/ckpt/20260713T194420F131234-000000500000,/workspace/dreamerv3_runs/adapt_ax1fq2s1_finger_seed7_ckpt500000,DONE,,,axis1,ax1f_finger_q2
ax1wm_finger_fq1s0_seed14,offline_fit,dmc_finger_turn_hard,static,14,500000,/workspace/dreamerv3_runs/axis1_finger/q1/side0,/workspace/dreamerv3_runs/ax1wm_finger_fq1s0_seed14,DONE,,,axis1,ax1f_finger_q1
ax1wm_finger_fq1s0_seed15,offline_fit,dmc_finger_turn_hard,static,15,500000,/workspace/dreamerv3_runs/axis1_finger/q1/side0,/workspace/dreamerv3_runs/ax1wm_finger_fq1s0_seed15,DONE,,,axis1,ax1f_finger_q1
ax1wm_finger_fq1s0_seed13,offline_fit,dmc_finger_turn_hard,static,13,500000,/workspace/dreamerv3_runs/axis1_finger/q1/side0,/workspace/dreamerv3_runs/ax1wm_finger_fq1s0_seed13,DONE,,,axis1,ax1f_finger_q1
ax1wm_finger_fq1s0_seed16,offline_fit,dmc_finger_turn_hard,static,16,500000,/workspace/dreamerv3_runs/axis1_finger/q1/side0,/workspace/dreamerv3_runs/ax1wm_finger_fq1s0_seed16,DONE,,,axis1,ax1f_finger_q1
adapt_ax1fq1s0_finger_seed16_ckpt500000,adapt,dmc_finger_turn_hard,frozen_readout,16,1.25e5,/workspace/dreamerv3_runs/ax1wm_finger_fq1s0_seed16/ckpt/20260714T020201F791206-000000500000,/workspace/dreamerv3_runs/adapt_ax1fq1s0_finger_seed16_ckpt500000,DONE,,,axis1,ax1f_finger_q1
adapt_ax1fq1s0_finger_seed13_ckpt500000,adapt,dmc_finger_turn_hard,frozen_readout,13,1.25e5,/workspace/dreamerv3_runs/ax1wm_finger_fq1s0_seed13/ckpt/20260714T020543F924695-000000500000,/workspace/dreamerv3_runs/adapt_ax1fq1s0_finger_seed13_ckpt500000,DONE,,,axis1,ax1f_finger_q1
adapt_ax1fq1s0_finger_seed14_ckpt500000,adapt,dmc_finger_turn_hard,frozen_readout,14,1.25e5,/workspace/dreamerv3_runs/ax1wm_finger_fq1s0_seed14/ckpt/20260714T020921F627141-000000500000,/workspace/dreamerv3_runs/adapt_ax1fq1s0_finger_seed14_ckpt500000,DONE,,,axis1,ax1f_finger_q1
adapt_ax1fq1s0_finger_seed15_ckpt500000,adapt,dmc_finger_turn_hard,frozen_readout,15,1.25e5,/workspace/dreamerv3_runs/ax1wm_finger_fq1s0_seed15/ckpt/20260714T021408F139338-000000500000,/workspace/dreamerv3_runs/adapt_ax1fq1s0_finger_seed15_ckpt500000,DONE,,,axis1,ax1f_finger_q1
ax1wm_finger_w0s0_seed1,offline_fit,dmc_finger_turn_hard,static,1,500000,/workspace/dreamerv3_runs/axis1_finger/within/p2e1/side0,/workspace/dreamerv3_runs/ax1wm_finger_w0s0_seed1,DONE,,,axis1,ax1w_finger_p2e1
ax1wm_finger_w0s1_seed1,offline_fit,dmc_finger_turn_hard,static,1,500000,/workspace/dreamerv3_runs/axis1_finger/within/p2e1/side1,/workspace/dreamerv3_runs/ax1wm_finger_w0s1_seed1,DONE,,,axis1,ax1w_finger_p2e1
ax1wm_finger_w0s0_seed2,offline_fit,dmc_finger_turn_hard,static,2,500000,/workspace/dreamerv3_runs/axis1_finger/within/p2e1/side0,/workspace/dreamerv3_runs/ax1wm_finger_w0s0_seed2,DONE,,,axis1,ax1w_finger_p2e1
ax1wm_finger_w0s1_seed2,offline_fit,dmc_finger_turn_hard,static,2,500000,/workspace/dreamerv3_runs/axis1_finger/within/p2e1/side1,/workspace/dreamerv3_runs/ax1wm_finger_w0s1_seed2,DONE,,,axis1,ax1w_finger_p2e1
adapt_ax1w0s1_finger_seed2_ckpt500000,adapt,dmc_finger_turn_hard,frozen_readout,2,1.25e5,/workspace/dreamerv3_runs/ax1wm_finger_w0s1_seed2/ckpt/20260714T090309F673424-000000500000,/workspace/dreamerv3_runs/adapt_ax1w0s1_finger_seed2_ckpt500000,DONE,,,axis1,ax1w_finger_p2e1
adapt_ax1w0s0_finger_seed1_ckpt500000,adapt,dmc_finger_turn_hard,frozen_readout,1,1.25e5,/workspace/dreamerv3_runs/ax1wm_finger_w0s0_seed1/ckpt/20260714T090542F864375-000000500000,/workspace/dreamerv3_runs/adapt_ax1w0s0_finger_seed1_ckpt500000,DONE,,,axis1,ax1w_finger_p2e1
adapt_ax1w0s0_finger_seed2_ckpt500000,adapt,dmc_finger_turn_hard,frozen_readout,2,1.25e5,/workspace/dreamerv3_runs/ax1wm_finger_w0s0_seed2/ckpt/20260714T090843F110898-000000500000,/workspace/dreamerv3_runs/adapt_ax1w0s0_finger_seed2_ckpt500000,DONE,,,axis1,ax1w_finger_p2e1
adapt_ax1w0s1_finger_seed1_ckpt500000,adapt,dmc_finger_turn_hard,frozen_readout,1,1.25e5,/workspace/dreamerv3_runs/ax1wm_finger_w0s1_seed1/ckpt/20260714T091043F465292-000000500000,/workspace/dreamerv3_runs/adapt_ax1w0s1_finger_seed1_ckpt500000,DONE,,,axis1,ax1w_finger_p2e1
ax1wm_finger_w3s1_seed2,offline_fit,dmc_finger_turn_hard,static,2,500000,/workspace/dreamerv3_runs/axis1_finger/within/p2e4/side1,/workspace/dreamerv3_runs/ax1wm_finger_w3s1_seed2,DONE,,,axis1,ax1w_finger_p2e4
ax1wm_finger_w3s0_seed1,offline_fit,dmc_finger_turn_hard,static,1,500000,/workspace/dreamerv3_runs/axis1_finger/within/p2e4/side0,/workspace/dreamerv3_runs/ax1wm_finger_w3s0_seed1,DONE,,,axis1,ax1w_finger_p2e4
ax1wm_finger_w3s0_seed2,offline_fit,dmc_finger_turn_hard,static,2,500000,/workspace/dreamerv3_runs/axis1_finger/within/p2e4/side0,/workspace/dreamerv3_runs/ax1wm_finger_w3s0_seed2,DONE,,,axis1,ax1w_finger_p2e4
ax1wm_finger_w3s1_seed1,offline_fit,dmc_finger_turn_hard,static,1,500000,/workspace/dreamerv3_runs/axis1_finger/within/p2e4/side1,/workspace/dreamerv3_runs/ax1wm_finger_w3s1_seed1,DONE,,,axis1,ax1w_finger_p2e4
adapt_ax1w3s1_finger_seed2_ckpt500000,adapt,dmc_finger_turn_hard,frozen_readout,2,1.25e5,/workspace/dreamerv3_runs/ax1wm_finger_w3s1_seed2/ckpt/20260714T115932F749689-000000500000,/workspace/dreamerv3_runs/adapt_ax1w3s1_finger_seed2_ckpt500000,DONE,,,axis1,ax1w_finger_p2e4
adapt_ax1w3s0_finger_seed1_ckpt500000,adapt,dmc_finger_turn_hard,frozen_readout,1,1.25e5,/workspace/dreamerv3_runs/ax1wm_finger_w3s0_seed1/ckpt/20260714T120444F989749-000000500000,/workspace/dreamerv3_runs/adapt_ax1w3s0_finger_seed1_ckpt500000,DONE,,,axis1,ax1w_finger_p2e4
adapt_ax1w3s0_finger_seed2_ckpt500000,adapt,dmc_finger_turn_hard,frozen_readout,2,1.25e5,/workspace/dreamerv3_runs/ax1wm_finger_w3s0_seed2/ckpt/20260714T121050F343799-000000500000,/workspace/dreamerv3_runs/adapt_ax1w3s0_finger_seed2_ckpt500000,DONE,,,axis1,ax1w_finger_p2e4
adapt_ax1w3s1_finger_seed1_ckpt500000,adapt,dmc_finger_turn_hard,frozen_readout,1,1.25e5,/workspace/dreamerv3_runs/ax1wm_finger_w3s1_seed1/ckpt/20260714T121457F297141-000000500000,/workspace/dreamerv3_runs/adapt_ax1w3s1_finger_seed1_ckpt500000,DONE,,,axis1,ax1w_finger_p2e4
ax1wm_finger_w5s1_seed2,offline_fit,dmc_finger_turn_hard,static,2,500000,/workspace/dreamerv3_runs/axis1_finger/within/apt1/side1,/workspace/dreamerv3_runs/ax1wm_finger_w5s1_seed2,DONE,,,axis1,ax1w_finger_apt1
ax1wm_finger_w5s0_seed1,offline_fit,dmc_finger_turn_hard,static,1,500000,/workspace/dreamerv3_runs/axis1_finger/within/apt1/side0,/workspace/dreamerv3_runs/ax1wm_finger_w5s0_seed1,DONE,,,axis1,ax1w_finger_apt1
ax1wm_finger_w5s0_seed2,offline_fit,dmc_finger_turn_hard,static,2,500000,/workspace/dreamerv3_runs/axis1_finger/within/apt1/side0,/workspace/dreamerv3_runs/ax1wm_finger_w5s0_seed2,DONE,,,axis1,ax1w_finger_apt1
ax1wm_finger_w5s1_seed1,offline_fit,dmc_finger_turn_hard,static,1,500000,/workspace/dreamerv3_runs/axis1_finger/within/apt1/side1,/workspace/dreamerv3_runs/ax1wm_finger_w5s1_seed1,DONE,,,axis1,ax1w_finger_apt1
adapt_ax1w5s1_finger_seed2_ckpt500000,adapt,dmc_finger_turn_hard,frozen_readout,2,1.25e5,/workspace/dreamerv3_runs/ax1wm_finger_w5s1_seed2/ckpt/20260714T145524F020675-000000500000,/workspace/dreamerv3_runs/adapt_ax1w5s1_finger_seed2_ckpt500000,DONE,,,axis1,ax1w_finger_apt1
adapt_ax1w5s0_finger_seed1_ckpt500000,adapt,dmc_finger_turn_hard,frozen_readout,1,1.25e5,/workspace/dreamerv3_runs/ax1wm_finger_w5s0_seed1/ckpt/20260714T150308F105728-000000500000,/workspace/dreamerv3_runs/adapt_ax1w5s0_finger_seed1_ckpt500000,DONE,,,axis1,ax1w_finger_apt1
adapt_ax1w5s0_finger_seed2_ckpt500000,adapt,dmc_finger_turn_hard,frozen_readout,2,1.25e5,/workspace/dreamerv3_runs/ax1wm_finger_w5s0_seed2/ckpt/20260714T151233F037542-000000500000,/workspace/dreamerv3_runs/adapt_ax1w5s0_finger_seed2_ckpt500000,DONE,,,axis1,ax1w_finger_apt1
adapt_ax1w5s1_finger_seed1_ckpt500000,adapt,dmc_finger_turn_hard,frozen_readout,1,1.25e5,/workspace/dreamerv3_runs/ax1wm_finger_w5s1_seed1/ckpt/20260714T151841F630324-000000500000,/workspace/dreamerv3_runs/adapt_ax1w5s1_finger_seed1_ckpt500000,DONE,,,axis1,ax1w_finger_apt1
ax1wm_finger_w7s1_seed2,offline_fit,dmc_finger_turn_hard,static,2,500000,/workspace/dreamerv3_runs/axis1_finger/within/apt3/side1,/workspace/dreamerv3_runs/ax1wm_finger_w7s1_seed2,DONE,,,axis1,ax1w_finger_apt3
ax1wm_finger_w7s0_seed1,offline_fit,dmc_finger_turn_hard,static,1,500000,/workspace/dreamerv3_runs/axis1_finger/within/apt3/side0,/workspace/dreamerv3_runs/ax1wm_finger_w7s0_seed1,DONE,,,axis1,ax1w_finger_apt3
ax1wm_finger_w7s0_seed2,offline_fit,dmc_finger_turn_hard,static,2,500000,/workspace/dreamerv3_runs/axis1_finger/within/apt3/side0,/workspace/dreamerv3_runs/ax1wm_finger_w7s0_seed2,DONE,,,axis1,ax1w_finger_apt3
ax1wm_finger_w7s1_seed1,offline_fit,dmc_finger_turn_hard,static,1,500000,/workspace/dreamerv3_runs/axis1_finger/within/apt3/side1,/workspace/dreamerv3_runs/ax1wm_finger_w7s1_seed1,DONE,,,axis1,ax1w_finger_apt3
adapt_ax1w7s1_finger_seed2_ckpt500000,adapt,dmc_finger_turn_hard,frozen_readout,2,1.25e5,/workspace/dreamerv3_runs/ax1wm_finger_w7s1_seed2/ckpt/20260714T175124F513288-000000500000,/workspace/dreamerv3_runs/adapt_ax1w7s1_finger_seed2_ckpt500000,DONE,,,axis1,ax1w_finger_apt3
adapt_ax1w7s0_finger_seed1_ckpt500000,adapt,dmc_finger_turn_hard,frozen_readout,1,1.25e5,/workspace/dreamerv3_runs/ax1wm_finger_w7s0_seed1/ckpt/20260714T180138F653154-000000500000,/workspace/dreamerv3_runs/adapt_ax1w7s0_finger_seed1_ckpt500000,DONE,,,axis1,ax1w_finger_apt3
adapt_ax1w7s0_finger_seed2_ckpt500000,adapt,dmc_finger_turn_hard,frozen_readout,2,1.25e5,/workspace/dreamerv3_runs/ax1wm_finger_w7s0_seed2/ckpt/20260714T181430F180145-000000500000,/workspace/dreamerv3_runs/adapt_ax1w7s0_finger_seed2_ckpt500000,DONE,,,axis1,ax1w_finger_apt3
ax1wm_finger_w9s1_seed2,offline_fit,dmc_finger_turn_hard,static,2,500000,/workspace/dreamerv3_runs/axis1_finger/within/apt5/side1,/workspace/dreamerv3_runs/ax1wm_finger_w9s1_seed2,DONE,,,axis1,ax1w_finger_apt5
adapt_ax1w7s1_finger_seed1_ckpt500000,adapt,dmc_finger_turn_hard,frozen_readout,1,1.25e5,/workspace/dreamerv3_runs/ax1wm_finger_w7s1_seed1/ckpt/20260714T182233F850072-000000500000,/workspace/dreamerv3_runs/adapt_ax1w7s1_finger_seed1_ckpt500000,DONE,,,axis1,ax1w_finger_apt3
ax1wm_finger_w9s0_seed1,offline_fit,dmc_finger_turn_hard,static,1,500000,/workspace/dreamerv3_runs/axis1_finger/within/apt5/side0,/workspace/dreamerv3_runs/ax1wm_finger_w9s0_seed1,DONE,,,axis1,ax1w_finger_apt5
ax1wm_finger_w9s0_seed2,offline_fit,dmc_finger_turn_hard,static,2,500000,/workspace/dreamerv3_runs/axis1_finger/within/apt5/side0,/workspace/dreamerv3_runs/ax1wm_finger_w9s0_seed2,DONE,,,axis1,ax1w_finger_apt5
ax1wm_finger_w9s1_seed1,offline_fit,dmc_finger_turn_hard,static,1,500000,/workspace/dreamerv3_runs/axis1_finger/within/apt5/side1,/workspace/dreamerv3_runs/ax1wm_finger_w9s1_seed1,DONE,,,axis1,ax1w_finger_apt5
adapt_ax1w9s1_finger_seed2_ckpt500000,adapt,dmc_finger_turn_hard,frozen_readout,2,1.25e5,/workspace/dreamerv3_runs/ax1wm_finger_w9s1_seed2/ckpt/20260714T204703F648657-000000500000,/workspace/dreamerv3_runs/adapt_ax1w9s1_finger_seed2_ckpt500000,DONE,,,axis1,ax1w_finger_apt5
adapt_ax1w9s0_finger_seed1_ckpt500000,adapt,dmc_finger_turn_hard,frozen_readout,1,1.25e5,/workspace/dreamerv3_runs/ax1wm_finger_w9s0_seed1/ckpt/20260714T205944F452146-000000500000,/workspace/dreamerv3_runs/adapt_ax1w9s0_finger_seed1_ckpt500000,DONE,,,axis1,ax1w_finger_apt5
ax1wm_finger_w11s1_seed2,offline_fit,dmc_finger_turn_hard,static,2,500000,/workspace/dreamerv3_runs/axis1_finger/within/random2/side1,/workspace/dreamerv3_runs/ax1wm_finger_w11s1_seed2,DONE,,,axis1,ax1w_finger_random2
adapt_ax1w9s0_finger_seed2_ckpt500000,adapt,dmc_finger_turn_hard,frozen_readout,2,1.25e5,/workspace/dreamerv3_runs/ax1wm_finger_w9s0_seed2/ckpt/20260714T211614F548765-000000500000,/workspace/dreamerv3_runs/adapt_ax1w9s0_finger_seed2_ckpt500000,DONE,,,axis1,ax1w_finger_apt5
ax1wm_finger_w11s0_seed1,offline_fit,dmc_finger_turn_hard,static,1,500000,/workspace/dreamerv3_runs/axis1_finger/within/random2/side0,/workspace/dreamerv3_runs/ax1wm_finger_w11s0_seed1,DONE,,,axis1,ax1w_finger_random2
adapt_ax1w9s1_finger_seed1_ckpt500000,adapt,dmc_finger_turn_hard,frozen_readout,1,1.25e5,/workspace/dreamerv3_runs/ax1wm_finger_w9s1_seed1/ckpt/20260714T212614F905904-000000500000,/workspace/dreamerv3_runs/adapt_ax1w9s1_finger_seed1_ckpt500000,DONE,,,axis1,ax1w_finger_apt5
ax1wm_finger_w11s0_seed2,offline_fit,dmc_finger_turn_hard,static,2,500000,/workspace/dreamerv3_runs/axis1_finger/within/random2/side0,/workspace/dreamerv3_runs/ax1wm_finger_w11s0_seed2,DONE,,,axis1,ax1w_finger_random2
ax1wm_finger_w11s1_seed1,offline_fit,dmc_finger_turn_hard,static,1,500000,/workspace/dreamerv3_runs/axis1_finger/within/random2/side1,/workspace/dreamerv3_runs/ax1wm_finger_w11s1_seed1,DONE,,,axis1,ax1w_finger_random2
adapt_ax1w11s1_finger_seed2_ckpt500000,adapt,dmc_finger_turn_hard,frozen_readout,2,1.25e5,/workspace/dreamerv3_runs/ax1wm_finger_w11s1_seed2/ckpt/20260714T234247F264769-000000500000,/workspace/dreamerv3_runs/adapt_ax1w11s1_finger_seed2_ckpt500000,DONE,,,axis1,ax1w_finger_random2
adapt_ax1w11s0_finger_seed1_ckpt500000,adapt,dmc_finger_turn_hard,frozen_readout,1,1.25e5,/workspace/dreamerv3_runs/ax1wm_finger_w11s0_seed1/ckpt/20260714T235802F139369-000000500000,/workspace/dreamerv3_runs/adapt_ax1w11s0_finger_seed1_ckpt500000,DONE,,,axis1,ax1w_finger_random2
ax1wm_finger_w13s1_seed2,offline_fit,dmc_finger_turn_hard,static,2,500000,/workspace/dreamerv3_runs/axis1_finger/within/random4/side1,/workspace/dreamerv3_runs/ax1wm_finger_w13s1_seed2,DONE,,,axis1,ax1w_finger_random4
adapt_ax1w11s0_finger_seed2_ckpt500000,adapt,dmc_finger_turn_hard,frozen_readout,2,1.25e5,/workspace/dreamerv3_runs/ax1wm_finger_w11s0_seed2/ckpt/20260715T001800F828411-000000500000,/workspace/dreamerv3_runs/adapt_ax1w11s0_finger_seed2_ckpt500000,DONE,,,axis1,ax1w_finger_random2
ax1wm_finger_w13s0_seed1,offline_fit,dmc_finger_turn_hard,static,1,500000,/workspace/dreamerv3_runs/axis1_finger/within/random4/side0,/workspace/dreamerv3_runs/ax1wm_finger_w13s0_seed1,DONE,,,axis1,ax1w_finger_random4
adapt_ax1w11s1_finger_seed1_ckpt500000,adapt,dmc_finger_turn_hard,frozen_readout,1,1.25e5,/workspace/dreamerv3_runs/ax1wm_finger_w11s1_seed1/ckpt/20260715T003000F067372-000000500000,/workspace/dreamerv3_runs/adapt_ax1w11s1_finger_seed1_ckpt500000,DONE,,,axis1,ax1w_finger_random2
ax1wm_finger_w13s0_seed2,offline_fit,dmc_finger_turn_hard,static,2,500000,/workspace/dreamerv3_runs/axis1_finger/within/random4/side0,/workspace/dreamerv3_runs/ax1wm_finger_w13s0_seed2,DONE,,,axis1,ax1w_finger_random4
ax1wm_finger_w13s1_seed1,offline_fit,dmc_finger_turn_hard,static,1,500000,/workspace/dreamerv3_runs/axis1_finger/within/random4/side1,/workspace/dreamerv3_runs/ax1wm_finger_w13s1_seed1,DONE,,,axis1,ax1w_finger_random4
adapt_ax1w13s1_finger_seed2_ckpt500000,adapt,dmc_finger_turn_hard,frozen_readout,2,1.25e5,/workspace/dreamerv3_runs/ax1wm_finger_w13s1_seed2/ckpt/20260715T023827F267851-000000500000,/workspace/dreamerv3_runs/adapt_ax1w13s1_finger_seed2_ckpt500000,DONE,,,axis1,ax1w_finger_random4
adapt_ax1w13s0_finger_seed1_ckpt500000,adapt,dmc_finger_turn_hard,frozen_readout,1,1.25e5,/workspace/dreamerv3_runs/ax1wm_finger_w13s0_seed1/ckpt/20260715T025610F223601-000000500000,/workspace/dreamerv3_runs/adapt_ax1w13s0_finger_seed1_ckpt500000,DONE,,,axis1,ax1w_finger_random4
ax1wm_cup_w5s1_seed2,offline_fit,dmc_cup_catch,static,2,500000,/workspace/dreamerv3_runs/axis1_cup/within/apt1/side1,/workspace/dreamerv3_runs/ax1wm_cup_w5s1_seed2,DONE,,,axis1,ax1w_cup_apt1
adapt_ax1w13s0_finger_seed2_ckpt500000,adapt,dmc_finger_turn_hard,frozen_readout,2,1.25e5,/workspace/dreamerv3_runs/ax1wm_finger_w13s0_seed2/ckpt/20260715T031941F486099-000000500000,/workspace/dreamerv3_runs/adapt_ax1w13s0_finger_seed2_ckpt500000,DONE,,,axis1,ax1w_finger_random4
ax1wm_cup_w5s0_seed1,offline_fit,dmc_cup_catch,static,1,500000,/workspace/dreamerv3_runs/axis1_cup/within/apt1/side0,/workspace/dreamerv3_runs/ax1wm_cup_w5s0_seed1,DONE,,,axis1,ax1w_cup_apt1
adapt_ax1w13s1_finger_seed1_ckpt500000,adapt,dmc_finger_turn_hard,frozen_readout,1,1.25e5,/workspace/dreamerv3_runs/ax1wm_finger_w13s1_seed1/ckpt/20260715T033339F712303-000000500000,/workspace/dreamerv3_runs/adapt_ax1w13s1_finger_seed1_ckpt500000,DONE,,,axis1,ax1w_finger_random4
ax1wm_cup_w5s0_seed2,offline_fit,dmc_cup_catch,static,2,500000,/workspace/dreamerv3_runs/axis1_cup/within/apt1/side0,/workspace/dreamerv3_runs/ax1wm_cup_w5s0_seed2,DONE,,,axis1,ax1w_cup_apt1
ax1wm_cup_w5s1_seed1,offline_fit,dmc_cup_catch,static,1,500000,/workspace/dreamerv3_runs/axis1_cup/within/apt1/side1,/workspace/dreamerv3_runs/ax1wm_cup_w5s1_seed1,DONE,,,axis1,ax1w_cup_apt1
adapt_ax1w5s1_cup_seed2_ckpt500000,adapt,dmc_cup_catch,frozen_readout,2,1.25e5,/workspace/dreamerv3_runs/ax1wm_cup_w5s1_seed2/ckpt/20260715T053358F830158-000000500000,/workspace/dreamerv3_runs/adapt_ax1w5s1_cup_seed2_ckpt500000,DONE,,,axis1,ax1w_cup_apt1
adapt_ax1w5s0_cup_seed1_ckpt500000,adapt,dmc_cup_catch,frozen_readout,1,1.25e5,/workspace/dreamerv3_runs/ax1wm_cup_w5s0_seed1/ckpt/20260715T055453F355743-000000500000,/workspace/dreamerv3_runs/adapt_ax1w5s0_cup_seed1_ckpt500000,DONE,,,axis1,ax1w_cup_apt1
ax1wm_cup_w8s1_seed2,offline_fit,dmc_cup_catch,static,2,500000,/workspace/dreamerv3_runs/axis1_cup/within/apt4/side1,/workspace/dreamerv3_runs/ax1wm_cup_w8s1_seed2,DONE,,,axis1,ax1w_cup_apt4
ax1wm_cup_w8s0_seed1,offline_fit,dmc_cup_catch,static,1,500000,/workspace/dreamerv3_runs/axis1_cup/within/apt4/side0,/workspace/dreamerv3_runs/ax1wm_cup_w8s0_seed1,DONE,,,axis1,ax1w_cup_apt4
adapt_ax1w5s0_cup_seed2_ckpt500000,adapt,dmc_cup_catch,frozen_readout,2,1.25e5,/workspace/dreamerv3_runs/ax1wm_cup_w5s0_seed2/ckpt/20260715T062140F085256-000000500000,/workspace/dreamerv3_runs/adapt_ax1w5s0_cup_seed2_ckpt500000,DONE,,,axis1,ax1w_cup_apt1
adapt_ax1w5s1_cup_seed1_ckpt500000,adapt,dmc_cup_catch,frozen_readout,1,1.25e5,/workspace/dreamerv3_runs/ax1wm_cup_w5s1_seed1/ckpt/20260715T063709F357747-000000500000,/workspace/dreamerv3_runs/adapt_ax1w5s1_cup_seed1_ckpt500000,DONE,,,axis1,ax1w_cup_apt1
ax1wm_cup_w8s0_seed2,offline_fit,dmc_cup_catch,static,2,500000,/workspace/dreamerv3_runs/axis1_cup/within/apt4/side0,/workspace/dreamerv3_runs/ax1wm_cup_w8s0_seed2,DONE,,,axis1,ax1w_cup_apt4
ax1wm_cup_w8s1_seed1,offline_fit,dmc_cup_catch,static,1,500000,/workspace/dreamerv3_runs/axis1_cup/within/apt4/side1,/workspace/dreamerv3_runs/ax1wm_cup_w8s1_seed1,DONE,,,axis1,ax1w_cup_apt4
adapt_ax1w8s1_cup_seed2_ckpt500000,adapt,dmc_cup_catch,frozen_readout,2,1.25e5,/workspace/dreamerv3_runs/ax1wm_cup_w8s1_seed2/ckpt/20260715T082819F617402-000000500000,/workspace/dreamerv3_runs/adapt_ax1w8s1_cup_seed2_ckpt500000,DONE,,,axis1,ax1w_cup_apt4
ax1wm_cup_w10s1_seed2,offline_fit,dmc_cup_catch,static,2,500000,/workspace/dreamerv3_runs/axis1_cup/within/random1/side1,/workspace/dreamerv3_runs/ax1wm_cup_w10s1_seed2,DONE,,,axis1,ax1w_cup_random1
adapt_ax1w8s0_cup_seed1_ckpt500000,adapt,dmc_cup_catch,frozen_readout,1,1.25e5,/workspace/dreamerv3_runs/ax1wm_cup_w8s0_seed1/ckpt/20260715T085202F837230-000000500000,/workspace/dreamerv3_runs/adapt_ax1w8s0_cup_seed1_ckpt500000,DONE,,,axis1,ax1w_cup_apt4
ax1wm_cup_w10s0_seed1,offline_fit,dmc_cup_catch,static,1,500000,/workspace/dreamerv3_runs/axis1_cup/within/random1/side0,/workspace/dreamerv3_runs/ax1wm_cup_w10s0_seed1,DONE,,,axis1,ax1w_cup_random1
adapt_ax1w8s0_cup_seed2_ckpt500000,adapt,dmc_cup_catch,frozen_readout,2,1.25e5,/workspace/dreamerv3_runs/ax1wm_cup_w8s0_seed2/ckpt/20260715T092211F773132-000000500000,/workspace/dreamerv3_runs/adapt_ax1w8s0_cup_seed2_ckpt500000,DONE,,,axis1,ax1w_cup_apt4
adapt_ax1w8s1_cup_seed1_ckpt500000,adapt,dmc_cup_catch,frozen_readout,1,1.25e5,/workspace/dreamerv3_runs/ax1wm_cup_w8s1_seed1/ckpt/20260715T093945F449360-000000500000,/workspace/dreamerv3_runs/adapt_ax1w8s1_cup_seed1_ckpt500000,DONE,,,axis1,ax1w_cup_apt4
ax1wm_cup_w10s0_seed2,offline_fit,dmc_cup_catch,static,2,500000,/workspace/dreamerv3_runs/axis1_cup/within/random1/side0,/workspace/dreamerv3_runs/ax1wm_cup_w10s0_seed2,DONE,,,axis1,ax1w_cup_random1
ax1wm_cup_w10s1_seed1,offline_fit,dmc_cup_catch,static,1,500000,/workspace/dreamerv3_runs/axis1_cup/within/random1/side1,/workspace/dreamerv3_runs/ax1wm_cup_w10s1_seed1,DONE,,,axis1,ax1w_cup_random1
adapt_ax1w10s1_cup_seed2_ckpt500000,adapt,dmc_cup_catch,frozen_readout,2,1.25e5,/workspace/dreamerv3_runs/ax1wm_cup_w10s1_seed2/ckpt/20260715T112306F312562-000000500000,/workspace/dreamerv3_runs/adapt_ax1w10s1_cup_seed2_ckpt500000,DONE,,,axis1,ax1w_cup_random1
ax1wm_cup_w12s1_seed2,offline_fit,dmc_cup_catch,static,2,500000,/workspace/dreamerv3_runs/axis1_cup/within/random3/side1,/workspace/dreamerv3_runs/ax1wm_cup_w12s1_seed2,DONE,,,axis1,ax1w_cup_random3
adapt_ax1w10s0_cup_seed1_ckpt500000,adapt,dmc_cup_catch,frozen_readout,1,1.25e5,/workspace/dreamerv3_runs/ax1wm_cup_w10s0_seed1/ckpt/20260715T114930F939128-000000500000,/workspace/dreamerv3_runs/adapt_ax1w10s0_cup_seed1_ckpt500000,DONE,,,axis1,ax1w_cup_random1
ax1wm_cup_w12s0_seed1,offline_fit,dmc_cup_catch,static,1,500000,/workspace/dreamerv3_runs/axis1_cup/within/random3/side0,/workspace/dreamerv3_runs/ax1wm_cup_w12s0_seed1,DONE,,,axis1,ax1w_cup_random3
adapt_ax1w10s0_cup_seed2_ckpt500000,adapt,dmc_cup_catch,frozen_readout,2,1.25e5,/workspace/dreamerv3_runs/ax1wm_cup_w10s0_seed2/ckpt/20260715T122248F281516-000000500000,/workspace/dreamerv3_runs/adapt_ax1w10s0_cup_seed2_ckpt500000,DONE,,,axis1,ax1w_cup_random1
adapt_ax1w10s1_cup_seed1_ckpt500000,adapt,dmc_cup_catch,frozen_readout,1,1.25e5,/workspace/dreamerv3_runs/ax1wm_cup_w10s1_seed1/ckpt/20260715T124211F115164-000000500000,/workspace/dreamerv3_runs/adapt_ax1w10s1_cup_seed1_ckpt500000,DONE,,,axis1,ax1w_cup_random1
ax1wm_cup_w12s0_seed2,offline_fit,dmc_cup_catch,static,2,500000,/workspace/dreamerv3_runs/axis1_cup/within/random3/side0,/workspace/dreamerv3_runs/ax1wm_cup_w12s0_seed2,DONE,,,axis1,ax1w_cup_random3
ax1wm_cup_w12s1_seed1,offline_fit,dmc_cup_catch,static,1,500000,/workspace/dreamerv3_runs/axis1_cup/within/random3/side1,/workspace/dreamerv3_runs/ax1wm_cup_w12s1_seed1,DONE,,,axis1,ax1w_cup_random3
adapt_ax1w12s1_cup_seed2_ckpt500000,adapt,dmc_cup_catch,frozen_readout,2,1.25e5,/workspace/dreamerv3_runs/ax1wm_cup_w12s1_seed2/ckpt/20260715T141725F026510-000000500000,/workspace/dreamerv3_runs/adapt_ax1w12s1_cup_seed2_ckpt500000,DONE,,,axis1,ax1w_cup_random3
ax1wm_cup_w14s1_seed2,offline_fit,dmc_cup_catch,static,2,500000,/workspace/dreamerv3_runs/axis1_cup/within/random5/side1,/workspace/dreamerv3_runs/ax1wm_cup_w14s1_seed2,DONE,,,axis1,ax1w_cup_random5
adapt_ax1w12s0_cup_seed1_ckpt500000,adapt,dmc_cup_catch,frozen_readout,1,1.25e5,/workspace/dreamerv3_runs/ax1wm_cup_w12s0_seed1/ckpt/20260715T144634F904954-000000500000,/workspace/dreamerv3_runs/adapt_ax1w12s0_cup_seed1_ckpt500000,DONE,,,axis1,ax1w_cup_random3
ax1wm_cup_w14s0_seed1,offline_fit,dmc_cup_catch,static,1,500000,/workspace/dreamerv3_runs/axis1_cup/within/random5/side0,/workspace/dreamerv3_runs/ax1wm_cup_w14s0_seed1,DONE,,,axis1,ax1w_cup_random5
adapt_ax1w12s0_cup_seed2_ckpt500000,adapt,dmc_cup_catch,frozen_readout,2,1.25e5,/workspace/dreamerv3_runs/ax1wm_cup_w12s0_seed2/ckpt/20260715T152329F330045-000000500000,/workspace/dreamerv3_runs/adapt_ax1w12s0_cup_seed2_ckpt500000,DONE,,,axis1,ax1w_cup_random3
adapt_ax1w12s1_cup_seed1_ckpt500000,adapt,dmc_cup_catch,frozen_readout,1,1.25e5,/workspace/dreamerv3_runs/ax1wm_cup_w12s1_seed1/ckpt/20260715T154445F467132-000000500000,/workspace/dreamerv3_runs/adapt_ax1w12s1_cup_seed1_ckpt500000,DONE,,,axis1,ax1w_cup_random3
ax1wm_cup_w14s0_seed2,offline_fit,dmc_cup_catch,static,2,500000,/workspace/dreamerv3_runs/axis1_cup/within/random5/side0,/workspace/dreamerv3_runs/ax1wm_cup_w14s0_seed2,DONE,,,axis1,ax1w_cup_random5
ax1wm_cup_w14s1_seed1,offline_fit,dmc_cup_catch,static,1,500000,/workspace/dreamerv3_runs/axis1_cup/within/random5/side1,/workspace/dreamerv3_runs/ax1wm_cup_w14s1_seed1,DONE,,,axis1,ax1w_cup_random5
adapt_ax1w14s1_cup_seed2_ckpt500000,adapt,dmc_cup_catch,frozen_readout,2,1.25e5,/workspace/dreamerv3_runs/ax1wm_cup_w14s1_seed2/ckpt/20260715T171200F478301-000000500000,/workspace/dreamerv3_runs/adapt_ax1w14s1_cup_seed2_ckpt500000,DONE,,,axis1,ax1w_cup_random5
ax1wm_cup_fq1s1_seed16,offline_fit,dmc_cup_catch,static,16,500000,/workspace/dreamerv3_runs/axis1_cup/q1/side1,/workspace/dreamerv3_runs/ax1wm_cup_fq1s1_seed16,DONE,,,axis1,ax1f_cup_q1
adapt_ax1w14s0_cup_seed1_ckpt500000,adapt,dmc_cup_catch,frozen_readout,1,1.25e5,/workspace/dreamerv3_runs/ax1wm_cup_w14s0_seed1/ckpt/20260715T174350F103560-000000500000,/workspace/dreamerv3_runs/adapt_ax1w14s0_cup_seed1_ckpt500000,DONE,,,axis1,ax1w_cup_random5
ax1wm_cup_fq1s1_seed13,offline_fit,dmc_cup_catch,static,13,500000,/workspace/dreamerv3_runs/axis1_cup/q1/side1,/workspace/dreamerv3_runs/ax1wm_cup_fq1s1_seed13,DONE,,,axis1,ax1f_cup_q1
adapt_ax1w14s0_cup_seed2_ckpt500000,adapt,dmc_cup_catch,frozen_readout,2,1.25e5,/workspace/dreamerv3_runs/ax1wm_cup_w14s0_seed2/ckpt/20260715T182405F228109-000000500000,/workspace/dreamerv3_runs/adapt_ax1w14s0_cup_seed2_ckpt500000,DONE,,,axis1,ax1w_cup_random5
adapt_ax1w14s1_cup_seed1_ckpt500000,adapt,dmc_cup_catch,frozen_readout,1,1.25e5,/workspace/dreamerv3_runs/ax1wm_cup_w14s1_seed1/ckpt/20260715T184708F059467-000000500000,/workspace/dreamerv3_runs/adapt_ax1w14s1_cup_seed1_ckpt500000,DONE,,,axis1,ax1w_cup_random5
ax1wm_cup_fq1s1_seed14,offline_fit,dmc_cup_catch,static,14,500000,/workspace/dreamerv3_runs/axis1_cup/q1/side1,/workspace/dreamerv3_runs/ax1wm_cup_fq1s1_seed14,DONE,,,axis1,ax1f_cup_q1
ax1wm_cup_fq1s1_seed15,offline_fit,dmc_cup_catch,static,15,500000,/workspace/dreamerv3_runs/axis1_cup/q1/side1,/workspace/dreamerv3_runs/ax1wm_cup_fq1s1_seed15,DONE,,,axis1,ax1f_cup_q1
adapt_ax1fq1s1_cup_seed16_ckpt500000,adapt,dmc_cup_catch,frozen_readout,16,1.25e5,/workspace/dreamerv3_runs/ax1wm_cup_fq1s1_seed16/ckpt/20260715T222047F726212-000000500000,/workspace/dreamerv3_runs/adapt_ax1fq1s1_cup_seed16_ckpt500000,DONE,,,axis1,ax1f_cup_q1
adapt_ax1fq1s1_cup_seed13_ckpt500000,adapt,dmc_cup_catch,frozen_readout,13,1.25e5,/workspace/dreamerv3_runs/ax1wm_cup_fq1s1_seed13/ckpt/20260715T225632F669675-000000500000,/workspace/dreamerv3_runs/adapt_ax1fq1s1_cup_seed13_ckpt500000,DONE,,,axis1,ax1f_cup_q1
adapt_ax1fq1s1_cup_seed14_ckpt500000,adapt,dmc_cup_catch,frozen_readout,14,1.25e5,/workspace/dreamerv3_runs/ax1wm_cup_fq1s1_seed14/ckpt/20260715T234104F906290-000000500000,/workspace/dreamerv3_runs/adapt_ax1fq1s1_cup_seed14_ckpt500000,DONE,,,axis1,ax1f_cup_q1
adapt_ax1fq1s1_cup_seed15_ckpt500000,adapt,dmc_cup_catch,frozen_readout,15,1.25e5,/workspace/dreamerv3_runs/ax1wm_cup_fq1s1_seed15/ckpt/20260716T000859F008343-000000500000,/workspace/dreamerv3_runs/adapt_ax1fq1s1_cup_seed15_ckpt500000,DONE,,,axis1,ax1f_cup_q1
ax1wm_cup_fq1s0_seed10,offline_fit,dmc_cup_catch,static,10,500000,/workspace/dreamerv3_runs/axis1_cup/q1/side0,/workspace/dreamerv3_runs/ax1wm_cup_fq1s0_seed10,DONE,,,axis1,ax1f_cup_q1
ax1wm_cup_fq1s0_seed11,offline_fit,dmc_cup_catch,static,11,500000,/workspace/dreamerv3_runs/axis1_cup/q1/side0,/workspace/dreamerv3_runs/ax1wm_cup_fq1s0_seed11,DONE,,,axis1,ax1f_cup_q1
ax1wm_cup_fq1s0_seed9,offline_fit,dmc_cup_catch,static,9,500000,/workspace/dreamerv3_runs/axis1_cup/q1/side0,/workspace/dreamerv3_runs/ax1wm_cup_fq1s0_seed9,DONE,,,axis1,ax1f_cup_q1
ax1wm_cup_fq1s0_seed12,offline_fit,dmc_cup_catch,static,12,500000,/workspace/dreamerv3_runs/axis1_cup/q1/side0,/workspace/dreamerv3_runs/ax1wm_cup_fq1s0_seed12,DONE,,,axis1,ax1f_cup_q1
adapt_ax1fq1s0_cup_seed12_ckpt500000,adapt,dmc_cup_catch,frozen_readout,12,1.25e5,/workspace/dreamerv3_runs/ax1wm_cup_fq1s0_seed12/ckpt/20260716T052558F826384-000000500000,/workspace/dreamerv3_runs/adapt_ax1fq1s0_cup_seed12_ckpt500000,DONE,,,axis1,ax1f_cup_q1
adapt_ax1fq1s0_cup_seed9_ckpt500000,adapt,dmc_cup_catch,frozen_readout,9,1.25e5,/workspace/dreamerv3_runs/ax1wm_cup_fq1s0_seed9/ckpt/20260716T052939F024719-000000500000,/workspace/dreamerv3_runs/adapt_ax1fq1s0_cup_seed9_ckpt500000,DONE,,,axis1,ax1f_cup_q1
adapt_ax1fq1s0_cup_seed10_ckpt500000,adapt,dmc_cup_catch,frozen_readout,10,1.25e5,/workspace/dreamerv3_runs/ax1wm_cup_fq1s0_seed10/ckpt/20260716T053313F925911-000000500000,/workspace/dreamerv3_runs/adapt_ax1fq1s0_cup_seed10_ckpt500000,DONE,,,axis1,ax1f_cup_q1
adapt_ax1fq1s0_cup_seed11_ckpt500000,adapt,dmc_cup_catch,frozen_readout,11,1.25e5,/workspace/dreamerv3_runs/ax1wm_cup_fq1s0_seed11/ckpt/20260716T053756F065592-000000500000,/workspace/dreamerv3_runs/adapt_ax1fq1s0_cup_seed11_ckpt500000,DONE,,,axis1,ax1f_cup_q1
ax1wm_finger_q2s0_seed16,offline_fit,dmc_finger_turn_hard,static,16,500000,/workspace/dreamerv3_runs/axis1_finger/q2/side0,/workspace/dreamerv3_runs/ax1wm_finger_q2s0_seed16,DONE,,,axis1,ax1_finger_q2
ax1wm_finger_q2s0_seed13,offline_fit,dmc_finger_turn_hard,static,13,500000,/workspace/dreamerv3_runs/axis1_finger/q2/side0,/workspace/dreamerv3_runs/ax1wm_finger_q2s0_seed13,DONE,,,axis1,ax1_finger_q2
ax1wm_finger_q2s0_seed14,offline_fit,dmc_finger_turn_hard,static,14,500000,/workspace/dreamerv3_runs/axis1_finger/q2/side0,/workspace/dreamerv3_runs/ax1wm_finger_q2s0_seed14,DONE,,,axis1,ax1_finger_q2
ax1wm_finger_q2s0_seed15,offline_fit,dmc_finger_turn_hard,static,15,500000,/workspace/dreamerv3_runs/axis1_finger/q2/side0,/workspace/dreamerv3_runs/ax1wm_finger_q2s0_seed15,DONE,,,axis1,ax1_finger_q2
adapt_ax1q2s0_finger_seed16_ckpt500000,adapt,dmc_finger_turn_hard,frozen_readout,16,1.25e5,/workspace/dreamerv3_runs/ax1wm_finger_q2s0_seed16/ckpt/20260716T082102F654299-000000500000,/workspace/dreamerv3_runs/adapt_ax1q2s0_finger_seed16_ckpt500000,DONE,,,axis1,ax1_finger_q2
adapt_ax1q2s0_finger_seed13_ckpt500000,adapt,dmc_finger_turn_hard,frozen_readout,13,1.25e5,/workspace/dreamerv3_runs/ax1wm_finger_q2s0_seed13/ckpt/20260716T082725F123988-000000500000,/workspace/dreamerv3_runs/adapt_ax1q2s0_finger_seed13_ckpt500000,DONE,,,axis1,ax1_finger_q2
adapt_ax1q2s0_finger_seed14_ckpt500000,adapt,dmc_finger_turn_hard,frozen_readout,14,1.25e5,/workspace/dreamerv3_runs/ax1wm_finger_q2s0_seed14/ckpt/20260716T083417F464777-000000500000,/workspace/dreamerv3_runs/adapt_ax1q2s0_finger_seed14_ckpt500000,DONE,,,axis1,ax1_finger_q2
adapt_ax1q2s0_finger_seed15_ckpt500000,adapt,dmc_finger_turn_hard,frozen_readout,15,1.25e5,/workspace/dreamerv3_runs/ax1wm_finger_q2s0_seed15/ckpt/20260716T084100F803476-000000500000,/workspace/dreamerv3_runs/adapt_ax1q2s0_finger_seed15_ckpt500000,DONE,,,axis1,ax1_finger_q2
ax1wm_finger_q2s1_seed9,offline_fit,dmc_finger_turn_hard,static,9,500000,/workspace/dreamerv3_runs/axis1_finger/q2/side1,/workspace/dreamerv3_runs/ax1wm_finger_q2s1_seed9,DONE,,,axis1,ax1_finger_q2
ax1wm_finger_q2s1_seed10,offline_fit,dmc_finger_turn_hard,static,10,500000,/workspace/dreamerv3_runs/axis1_finger/q2/side1,/workspace/dreamerv3_runs/ax1wm_finger_q2s1_seed10,DONE,,,axis1,ax1_finger_q2
adapt_ax1q2s1_finger_seed9_ckpt500000,adapt,dmc_finger_turn_hard,frozen_readout,9,1.25e5,/workspace/dreamerv3_runs/ax1wm_finger_q2s1_seed9/ckpt/20260716T112532F080718-000000500000,/workspace/dreamerv3_runs/adapt_ax1q2s1_finger_seed9_ckpt500000,DONE,,,axis1,ax1_finger_q2
adapt_ax1q2s1_finger_seed10_ckpt500000,adapt,dmc_finger_turn_hard,frozen_readout,10,1.25e5,/workspace/dreamerv3_runs/ax1wm_finger_q2s1_seed10/ckpt/20260716T113544F362117-000000500000,/workspace/dreamerv3_runs/adapt_ax1q2s1_finger_seed10_ckpt500000,DONE,,,axis1,ax1_finger_q2
ax1wm_finger_shq1s0_seed2,offline_fit,dmc_finger_turn_hard,static,2,500000,/workspace/dreamerv3_runs/axis1_finger/q1_sh/side0,/workspace/dreamerv3_runs/ax1wm_finger_shq1s0_seed2,DONE,,,axis1,ax1sh_finger_q1
ax1wm_finger_shq1s0_seed1,offline_fit,dmc_finger_turn_hard,static,1,500000,/workspace/dreamerv3_runs/axis1_finger/q1_sh/side0,/workspace/dreamerv3_runs/ax1wm_finger_shq1s0_seed1,DONE,,,axis1,ax1sh_finger_q1
ax1wm_finger_shq1s0_seed3,offline_fit,dmc_finger_turn_hard,static,3,500000,/workspace/dreamerv3_runs/axis1_finger/q1_sh/side0,/workspace/dreamerv3_runs/ax1wm_finger_shq1s0_seed3,DONE,,,axis1,ax1sh_finger_q1
ax1wm_finger_shq1s0_seed4,offline_fit,dmc_finger_turn_hard,static,4,500000,/workspace/dreamerv3_runs/axis1_finger/q1_sh/side0,/workspace/dreamerv3_runs/ax1wm_finger_shq1s0_seed4,DONE,,,axis1,ax1sh_finger_q1
adapt_ax1shq1s0_finger_seed4_ckpt500000,adapt,dmc_finger_turn_hard,frozen_readout,4,1.25e5,/workspace/dreamerv3_runs/ax1wm_finger_shq1s0_seed4/ckpt/20260716T143248F336945-000000500000,/workspace/dreamerv3_runs/adapt_ax1shq1s0_finger_seed4_ckpt500000,DONE,,,axis1,ax1sh_finger_q1
adapt_ax1shq1s0_finger_seed1_ckpt500000,adapt,dmc_finger_turn_hard,frozen_readout,1,1.25e5,/workspace/dreamerv3_runs/ax1wm_finger_shq1s0_seed1/ckpt/20260716T143524F533507-000000500000,/workspace/dreamerv3_runs/adapt_ax1shq1s0_finger_seed1_ckpt500000,DONE,,,axis1,ax1sh_finger_q1
adapt_ax1shq1s0_finger_seed2_ckpt500000,adapt,dmc_finger_turn_hard,frozen_readout,2,1.25e5,/workspace/dreamerv3_runs/ax1wm_finger_shq1s0_seed2/ckpt/20260716T143818F782115-000000500000,/workspace/dreamerv3_runs/adapt_ax1shq1s0_finger_seed2_ckpt500000,DONE,,,axis1,ax1sh_finger_q1
adapt_ax1shq1s0_finger_seed3_ckpt500000,adapt,dmc_finger_turn_hard,frozen_readout,3,1.25e5,/workspace/dreamerv3_runs/ax1wm_finger_shq1s0_seed3/ckpt/20260716T144037F031473-000000500000,/workspace/dreamerv3_runs/adapt_ax1shq1s0_finger_seed3_ckpt500000,DONE,,,axis1,ax1sh_finger_q1
ax1wm_finger_shq1s0_seed8,offline_fit,dmc_finger_turn_hard,static,8,500000,/workspace/dreamerv3_runs/axis1_finger/q1_sh/side0,/workspace/dreamerv3_runs/ax1wm_finger_shq1s0_seed8,DONE,,,axis1,ax1sh_finger_q1
ax1wm_finger_shq1s0_seed5,offline_fit,dmc_finger_turn_hard,static,5,500000,/workspace/dreamerv3_runs/axis1_finger/q1_sh/side0,/workspace/dreamerv3_runs/ax1wm_finger_shq1s0_seed5,DONE,,,axis1,ax1sh_finger_q1
ax1wm_finger_shq1s0_seed6,offline_fit,dmc_finger_turn_hard,static,6,500000,/workspace/dreamerv3_runs/axis1_finger/q1_sh/side0,/workspace/dreamerv3_runs/ax1wm_finger_shq1s0_seed6,DONE,,,axis1,ax1sh_finger_q1
ax1wm_finger_shq1s0_seed7,offline_fit,dmc_finger_turn_hard,static,7,500000,/workspace/dreamerv3_runs/axis1_finger/q1_sh/side0,/workspace/dreamerv3_runs/ax1wm_finger_shq1s0_seed7,DONE,,,axis1,ax1sh_finger_q1
adapt_ax1shq1s0_finger_seed8_ckpt500000,adapt,dmc_finger_turn_hard,frozen_readout,8,1.25e5,/workspace/dreamerv3_runs/ax1wm_finger_shq1s0_seed8/ckpt/20260716T172839F600367-000000500000,/workspace/dreamerv3_runs/adapt_ax1shq1s0_finger_seed8_ckpt500000,DONE,,,axis1,ax1sh_finger_q1
adapt_ax1shq1s0_finger_seed5_ckpt500000,adapt,dmc_finger_turn_hard,frozen_readout,5,1.25e5,/workspace/dreamerv3_runs/ax1wm_finger_shq1s0_seed5/ckpt/20260716T173414F836844-000000500000,/workspace/dreamerv3_runs/adapt_ax1shq1s0_finger_seed5_ckpt500000,DONE,,,axis1,ax1sh_finger_q1
adapt_ax1shq1s0_finger_seed6_ckpt500000,adapt,dmc_finger_turn_hard,frozen_readout,6,1.25e5,/workspace/dreamerv3_runs/ax1wm_finger_shq1s0_seed6/ckpt/20260716T174011F736452-000000500000,/workspace/dreamerv3_runs/adapt_ax1shq1s0_finger_seed6_ckpt500000,DONE,,,axis1,ax1sh_finger_q1
adapt_ax1shq1s0_finger_seed7_ckpt500000,adapt,dmc_finger_turn_hard,frozen_readout,7,1.25e5,/workspace/dreamerv3_runs/ax1wm_finger_shq1s0_seed7/ckpt/20260716T174425F783424-000000500000,/workspace/dreamerv3_runs/adapt_ax1shq1s0_finger_seed7_ckpt500000,DONE,,,axis1,ax1sh_finger_q1
ax1wm_finger_rlq1s0_seed4,offline_fit,dmc_finger_turn_hard,static,4,500000,/workspace/dreamerv3_runs/axis1_finger/q1_rl/side0,/workspace/dreamerv3_runs/ax1wm_finger_rlq1s0_seed4,DONE,,,axis1,ax1rl_finger_q1
ax1wm_finger_rlq1s0_seed1,offline_fit,dmc_finger_turn_hard,static,1,500000,/workspace/dreamerv3_runs/axis1_finger/q1_rl/side0,/workspace/dreamerv3_runs/ax1wm_finger_rlq1s0_seed1,DONE,,,axis1,ax1rl_finger_q1
ax1wm_finger_rlq1s0_seed2,offline_fit,dmc_finger_turn_hard,static,2,500000,/workspace/dreamerv3_runs/axis1_finger/q1_rl/side0,/workspace/dreamerv3_runs/ax1wm_finger_rlq1s0_seed2,DONE,,,axis1,ax1rl_finger_q1
ax1wm_finger_rlq1s0_seed3,offline_fit,dmc_finger_turn_hard,static,3,500000,/workspace/dreamerv3_runs/axis1_finger/q1_rl/side0,/workspace/dreamerv3_runs/ax1wm_finger_rlq1s0_seed3,DONE,,,axis1,ax1rl_finger_q1
adapt_ax1rlq1s0_finger_seed4_ckpt500000,adapt,dmc_finger_turn_hard,frozen_readout,4,1.25e5,/workspace/dreamerv3_runs/ax1wm_finger_rlq1s0_seed4/ckpt/20260716T202324F923928-000000500000,/workspace/dreamerv3_runs/adapt_ax1rlq1s0_finger_seed4_ckpt500000,DONE,,,axis1,ax1rl_finger_q1
adapt_ax1rlq1s0_finger_seed1_ckpt500000,adapt,dmc_finger_turn_hard,frozen_readout,1,1.25e5,/workspace/dreamerv3_runs/ax1wm_finger_rlq1s0_seed1/ckpt/20260716T203150F541075-000000500000,/workspace/dreamerv3_runs/adapt_ax1rlq1s0_finger_seed1_ckpt500000,DONE,,,axis1,ax1rl_finger_q1
adapt_ax1rlq1s0_finger_seed2_ckpt500000,adapt,dmc_finger_turn_hard,frozen_readout,2,1.25e5,/workspace/dreamerv3_runs/ax1wm_finger_rlq1s0_seed2/ckpt/20260716T204133F977135-000000500000,/workspace/dreamerv3_runs/adapt_ax1rlq1s0_finger_seed2_ckpt500000,DONE,,,axis1,ax1rl_finger_q1
ax1wm_finger_rlq1s0_seed8,offline_fit,dmc_finger_turn_hard,static,8,500000,/workspace/dreamerv3_runs/axis1_finger/q1_rl/side0,/workspace/dreamerv3_runs/ax1wm_finger_rlq1s0_seed8,DONE,,,axis1,ax1rl_finger_q1
adapt_ax1rlq1s0_finger_seed3_ckpt500000,adapt,dmc_finger_turn_hard,frozen_readout,3,1.25e5,/workspace/dreamerv3_runs/ax1wm_finger_rlq1s0_seed3/ckpt/20260716T204757F631062-000000500000,/workspace/dreamerv3_runs/adapt_ax1rlq1s0_finger_seed3_ckpt500000,DONE,,,axis1,ax1rl_finger_q1
ax1wm_finger_rlq1s0_seed5,offline_fit,dmc_finger_turn_hard,static,5,500000,/workspace/dreamerv3_runs/axis1_finger/q1_rl/side0,/workspace/dreamerv3_runs/ax1wm_finger_rlq1s0_seed5,DONE,,,axis1,ax1rl_finger_q1
ax1wm_finger_rlq1s0_seed6,offline_fit,dmc_finger_turn_hard,static,6,500000,/workspace/dreamerv3_runs/axis1_finger/q1_rl/side0,/workspace/dreamerv3_runs/ax1wm_finger_rlq1s0_seed6,DONE,,,axis1,ax1rl_finger_q1
ax1wm_finger_rlq1s0_seed7,offline_fit,dmc_finger_turn_hard,static,7,500000,/workspace/dreamerv3_runs/axis1_finger/q1_rl/side0,/workspace/dreamerv3_runs/ax1wm_finger_rlq1s0_seed7,DONE,,,axis1,ax1rl_finger_q1
adapt_ax1rlq1s0_finger_seed8_ckpt500000,adapt,dmc_finger_turn_hard,frozen_readout,8,1.25e5,/workspace/dreamerv3_runs/ax1wm_finger_rlq1s0_seed8/ckpt/20260716T231809F826772-000000500000,/workspace/dreamerv3_runs/adapt_ax1rlq1s0_finger_seed8_ckpt500000,DONE,,,axis1,ax1rl_finger_q1
adapt_ax1rlq1s0_finger_seed5_ckpt500000,adapt,dmc_finger_turn_hard,frozen_readout,5,1.25e5,/workspace/dreamerv3_runs/ax1wm_finger_rlq1s0_seed5/ckpt/20260716T232920F898792-000000500000,/workspace/dreamerv3_runs/adapt_ax1rlq1s0_finger_seed5_ckpt500000,DONE,,,axis1,ax1rl_finger_q1
adapt_ax1rlq1s0_finger_seed6_ckpt500000,adapt,dmc_finger_turn_hard,frozen_readout,6,1.25e5,/workspace/dreamerv3_runs/ax1wm_finger_rlq1s0_seed6/ckpt/20260716T234254F825401-000000500000,/workspace/dreamerv3_runs/adapt_ax1rlq1s0_finger_seed6_ckpt500000,DONE,,,axis1,ax1rl_finger_q1
adapt_ax1rlq1s0_finger_seed7_ckpt500000,adapt,dmc_finger_turn_hard,frozen_readout,7,1.25e5,/workspace/dreamerv3_runs/ax1wm_finger_rlq1s0_seed7/ckpt/20260716T235120F889624-000000500000,/workspace/dreamerv3_runs/adapt_ax1rlq1s0_finger_seed7_ckpt500000,DONE,,,axis1,ax1rl_finger_q1
ax1wm_finger_rgoq1s0_seed13,offline_fit,dmc_finger_turn_hard,static,13,500000,/workspace/dreamerv3_runs/axis1_finger/q1/side0,/workspace/dreamerv3_runs/ax1wm_finger_rgoq1s0_seed13,DONE,,,axis1,ax1rgo_finger_q1
ax1wm_finger_rgoq1s0_seed14,offline_fit,dmc_finger_turn_hard,static,14,500000,/workspace/dreamerv3_runs/axis1_finger/q1/side0,/workspace/dreamerv3_runs/ax1wm_finger_rgoq1s0_seed14,DONE,,,axis1,ax1rgo_finger_q1
ax1wm_finger_rgoq1s0_seed16,offline_fit,dmc_finger_turn_hard,static,16,500000,/workspace/dreamerv3_runs/axis1_finger/q1/side0,/workspace/dreamerv3_runs/ax1wm_finger_rgoq1s0_seed16,DONE,,,axis1,ax1rgo_finger_q1
ax1wm_finger_rgoq1s0_seed15,offline_fit,dmc_finger_turn_hard,static,15,500000,/workspace/dreamerv3_runs/axis1_finger/q1/side0,/workspace/dreamerv3_runs/ax1wm_finger_rgoq1s0_seed15,DONE,,,axis1,ax1rgo_finger_q1
ax1wm_finger_rgoq1s0_seed13,offline_fit,dmc_finger_turn_hard,static,13,500000,/workspace/dreamerv3_runs/axis1_finger/q1/side0,/workspace/dreamerv3_runs/ax1wm_finger_rgoq1s0_seed13,DONE,,,axis1,ax1rgo_finger_q1
ax1wm_finger_rgoq1s0_seed16,offline_fit,dmc_finger_turn_hard,static,16,500000,/workspace/dreamerv3_runs/axis1_finger/q1/side0,/workspace/dreamerv3_runs/ax1wm_finger_rgoq1s0_seed16,DONE,,,axis1,ax1rgo_finger_q1
ax1wm_finger_rgoq1s0_seed14,offline_fit,dmc_finger_turn_hard,static,14,500000,/workspace/dreamerv3_runs/axis1_finger/q1/side0,/workspace/dreamerv3_runs/ax1wm_finger_rgoq1s0_seed14,DONE,,,axis1,ax1rgo_finger_q1
ax1wm_finger_rgoq1s0_seed15,offline_fit,dmc_finger_turn_hard,static,15,500000,/workspace/dreamerv3_runs/axis1_finger/q1/side0,/workspace/dreamerv3_runs/ax1wm_finger_rgoq1s0_seed15,DONE,,,axis1,ax1rgo_finger_q1
adapt_ax1rgoq1s0_finger_seed16_ckpt500000,adapt,dmc_finger_turn_hard,frozen_readout,16,1.25e5,/workspace/dreamerv3_runs/ax1wm_finger_rgoq1s0_seed16/ckpt/20260717T234818F033715-000000500000,/workspace/dreamerv3_runs/adapt_ax1rgoq1s0_finger_seed16_ckpt500000,DONE,,,axis1,ax1rgo_finger_q1
adapt_ax1rgoq1s0_finger_seed13_ckpt500000,adapt,dmc_finger_turn_hard,frozen_readout,13,1.25e5,/workspace/dreamerv3_runs/ax1wm_finger_rgoq1s0_seed13/ckpt/20260717T235036F559860-000000500000,/workspace/dreamerv3_runs/adapt_ax1rgoq1s0_finger_seed13_ckpt500000,DONE,,,axis1,ax1rgo_finger_q1
adapt_ax1rgoq1s0_finger_seed14_ckpt500000,adapt,dmc_finger_turn_hard,frozen_readout,14,1.25e5,/workspace/dreamerv3_runs/ax1wm_finger_rgoq1s0_seed14/ckpt/20260717T235319F879331-000000500000,/workspace/dreamerv3_runs/adapt_ax1rgoq1s0_finger_seed14_ckpt500000,DONE,,,axis1,ax1rgo_finger_q1
adapt_ax1rgoq1s0_finger_seed15_ckpt500000,adapt,dmc_finger_turn_hard,frozen_readout,15,1.25e5,/workspace/dreamerv3_runs/ax1wm_finger_rgoq1s0_seed15/ckpt/20260717T235525F827997-000000500000,/workspace/dreamerv3_runs/adapt_ax1rgoq1s0_finger_seed15_ckpt500000,DONE,,,axis1,ax1rgo_finger_q1
ax1wm_finger_sgbq1s0_seed14,offline_fit,dmc_finger_turn_hard,static,14,500000,/workspace/dreamerv3_runs/axis1_finger/q1/side0,/workspace/dreamerv3_runs/ax1wm_finger_sgbq1s0_seed14,DONE,,,axis1,ax1sgb_finger_q1
ax1wm_finger_sgbq1s0_seed13,offline_fit,dmc_finger_turn_hard,static,13,500000,/workspace/dreamerv3_runs/axis1_finger/q1/side0,/workspace/dreamerv3_runs/ax1wm_finger_sgbq1s0_seed13,DONE,,,axis1,ax1sgb_finger_q1
ax1wm_finger_sgbq1s0_seed15,offline_fit,dmc_finger_turn_hard,static,15,500000,/workspace/dreamerv3_runs/axis1_finger/q1/side0,/workspace/dreamerv3_runs/ax1wm_finger_sgbq1s0_seed15,DONE,,,axis1,ax1sgb_finger_q1
ax1wm_finger_sgbq1s0_seed16,offline_fit,dmc_finger_turn_hard,static,16,500000,/workspace/dreamerv3_runs/axis1_finger/q1/side0,/workspace/dreamerv3_runs/ax1wm_finger_sgbq1s0_seed16,DONE,,,axis1,ax1sgb_finger_q1
adapt_ax1sgbq1s0_finger_seed16_ckpt500000,adapt,dmc_finger_turn_hard,frozen_readout,16,1.25e5,/workspace/dreamerv3_runs/ax1wm_finger_sgbq1s0_seed16/ckpt/20260718T024829F437017-000000500000,/workspace/dreamerv3_runs/adapt_ax1sgbq1s0_finger_seed16_ckpt500000,DONE,,,axis1,ax1sgb_finger_q1
adapt_ax1sgbq1s0_finger_seed13_ckpt500000,adapt,dmc_finger_turn_hard,frozen_readout,13,1.25e5,/workspace/dreamerv3_runs/ax1wm_finger_sgbq1s0_seed13/ckpt/20260718T025041F479892-000000500000,/workspace/dreamerv3_runs/adapt_ax1sgbq1s0_finger_seed13_ckpt500000,DONE,,,axis1,ax1sgb_finger_q1
adapt_ax1sgbq1s0_finger_seed14_ckpt500000,adapt,dmc_finger_turn_hard,frozen_readout,14,1.25e5,/workspace/dreamerv3_runs/ax1wm_finger_sgbq1s0_seed14/ckpt/20260718T025327F822989-000000500000,/workspace/dreamerv3_runs/adapt_ax1sgbq1s0_finger_seed14_ckpt500000,DONE,,,axis1,ax1sgb_finger_q1
adapt_ax1sgbq1s0_finger_seed15_ckpt500000,adapt,dmc_finger_turn_hard,frozen_readout,15,1.25e5,/workspace/dreamerv3_runs/ax1wm_finger_sgbq1s0_seed15/ckpt/20260718T025556F503159-000000500000,/workspace/dreamerv3_runs/adapt_ax1sgbq1s0_finger_seed15_ckpt500000,DONE,,,axis1,ax1sgb_finger_q1
ax1wm_finger_s12q1s1_seed99,offline_fit,dmc_finger_turn_hard,static,99,20000,/workspace/dreamerv3_runs/axis1_finger/q1/side1,/workspace/dreamerv3_runs/ax1wm_finger_s12q1s1_seed99,FAILED,,,axis1,ax1s12_finger_q1
ax1wm_finger_s12q1s0_seed99,offline_fit,dmc_finger_turn_hard,static,99,20000,/workspace/dreamerv3_runs/axis1_finger/q1/side0,/workspace/dreamerv3_runs/ax1wm_finger_s12q1s0_seed99,FAILED,,,axis1,ax1s12_finger_q1
ax1wm_synth_q1s0_seed1,offline_fit,synth_reach,static,1,500000,/workspace/dreamerv3_runs/axis1_synth/q1/side0,/workspace/dreamerv3_runs/ax1wm_synth_q1s0_seed1,RUNNING,,,axis1,ax1_synth_q1
ax1wm_synth_q1s0_seed3,offline_fit,synth_reach,static,3,500000,/workspace/dreamerv3_runs/axis1_synth/q1/side0,/workspace/dreamerv3_runs/ax1wm_synth_q1s0_seed3,RUNNING,,,axis1,ax1_synth_q1
ax1wm_synth_q1s0_seed4,offline_fit,synth_reach,static,4,500000,/workspace/dreamerv3_runs/axis1_synth/q1/side0,/workspace/dreamerv3_runs/ax1wm_synth_q1s0_seed4,RUNNING,,,axis1,ax1_synth_q1
ax1wm_synth_q1s0_seed2,offline_fit,synth_reach,static,2,500000,/workspace/dreamerv3_runs/axis1_synth/q1/side0,/workspace/dreamerv3_runs/ax1wm_synth_q1s0_seed2,RUNNING,,,axis1,ax1_synth_q1
ax1wm_synth_q1s0_seed5,offline_fit,synth_reach,static,5,500000,/workspace/dreamerv3_runs/axis1_synth/q1/side0,/workspace/dreamerv3_runs/ax1wm_synth_q1s0_seed5,DONE,,,axis1,ax1_synth_q1
ax1wm_synth_q1s0_seed8,offline_fit,synth_reach,static,8,500000,/workspace/dreamerv3_runs/axis1_synth/q1/side0,/workspace/dreamerv3_runs/ax1wm_synth_q1s0_seed8,DONE,,,axis1,ax1_synth_q1
ax1wm_synth_q1s0_seed7,offline_fit,synth_reach,static,7,500000,/workspace/dreamerv3_runs/axis1_synth/q1/side0,/workspace/dreamerv3_runs/ax1wm_synth_q1s0_seed7,DONE,,,axis1,ax1_synth_q1
ax1wm_synth_q1s0_seed6,offline_fit,synth_reach,static,6,500000,/workspace/dreamerv3_runs/axis1_synth/q1/side0,/workspace/dreamerv3_runs/ax1wm_synth_q1s0_seed6,DONE,,,axis1,ax1_synth_q1
adapt_ax1q1s0_synth_seed8_ckpt500000,adapt,synth_reach,frozen_readout,8,1.25e5,/workspace/dreamerv3_runs/ax1wm_synth_q1s0_seed8/ckpt/20260718T073333F468958-000000500000,/workspace/dreamerv3_runs/adapt_ax1q1s0_synth_seed8_ckpt500000,DONE,,,axis1,ax1_synth_q1
adapt_ax1q1s0_synth_seed5_ckpt500000,adapt,synth_reach,frozen_readout,5,1.25e5,/workspace/dreamerv3_runs/ax1wm_synth_q1s0_seed5/ckpt/20260718T073602F033239-000000500000,/workspace/dreamerv3_runs/adapt_ax1q1s0_synth_seed5_ckpt500000,DONE,,,axis1,ax1_synth_q1
adapt_ax1q1s0_synth_seed6_ckpt500000,adapt,synth_reach,frozen_readout,6,1.25e5,/workspace/dreamerv3_runs/ax1wm_synth_q1s0_seed6/ckpt/20260718T073906F626006-000000500000,/workspace/dreamerv3_runs/adapt_ax1q1s0_synth_seed6_ckpt500000,DONE,,,axis1,ax1_synth_q1
adapt_ax1q1s0_synth_seed7_ckpt500000,adapt,synth_reach,frozen_readout,7,1.25e5,/workspace/dreamerv3_runs/ax1wm_synth_q1s0_seed7/ckpt/20260718T074133F531439-000000500000,/workspace/dreamerv3_runs/adapt_ax1q1s0_synth_seed7_ckpt500000,DONE,,,axis1,ax1_synth_q1
ax1wm_synth_fq1s0_seed6,offline_fit,synth_reach,static,6,500000,/workspace/dreamerv3_runs/axis1_synth/q1/side0,/workspace/dreamerv3_runs/ax1wm_synth_fq1s0_seed6,DONE,,,axis1,ax1f_synth_q1
ax1wm_synth_fq1s0_seed5,offline_fit,synth_reach,static,5,500000,/workspace/dreamerv3_runs/axis1_synth/q1/side0,/workspace/dreamerv3_runs/ax1wm_synth_fq1s0_seed5,DONE,,,axis1,ax1f_synth_q1
ax1wm_synth_fq1s0_seed7,offline_fit,synth_reach,static,7,500000,/workspace/dreamerv3_runs/axis1_synth/q1/side0,/workspace/dreamerv3_runs/ax1wm_synth_fq1s0_seed7,DONE,,,axis1,ax1f_synth_q1
ax1wm_synth_fq1s0_seed8,offline_fit,synth_reach,static,8,500000,/workspace/dreamerv3_runs/axis1_synth/q1/side0,/workspace/dreamerv3_runs/ax1wm_synth_fq1s0_seed8,DONE,,,axis1,ax1f_synth_q1
adapt_ax1fq1s0_synth_seed8_ckpt500000,adapt,synth_reach,frozen_readout,8,1.25e5,/workspace/dreamerv3_runs/ax1wm_synth_fq1s0_seed8/ckpt/20260718T125232F997682-000000500000,/workspace/dreamerv3_runs/adapt_ax1fq1s0_synth_seed8_ckpt500000,DONE,,,axis1,ax1f_synth_q1
adapt_ax1fq1s0_synth_seed5_ckpt500000,adapt,synth_reach,frozen_readout,5,1.25e5,/workspace/dreamerv3_runs/ax1wm_synth_fq1s0_seed5/ckpt/20260718T125610F017687-000000500000,/workspace/dreamerv3_runs/adapt_ax1fq1s0_synth_seed5_ckpt500000,DONE,,,axis1,ax1f_synth_q1
adapt_ax1fq1s0_synth_seed6_ckpt500000,adapt,synth_reach,frozen_readout,6,1.25e5,/workspace/dreamerv3_runs/ax1wm_synth_fq1s0_seed6/ckpt/20260718T130002F227118-000000500000,/workspace/dreamerv3_runs/adapt_ax1fq1s0_synth_seed6_ckpt500000,DONE,,,axis1,ax1f_synth_q1
adapt_ax1fq1s0_synth_seed7_ckpt500000,adapt,synth_reach,frozen_readout,7,1.25e5,/workspace/dreamerv3_runs/ax1wm_synth_fq1s0_seed7/ckpt/20260718T130453F682403-000000500000,/workspace/dreamerv3_runs/adapt_ax1fq1s0_synth_seed7_ckpt500000,DONE,,,axis1,ax1f_synth_q1
ax1wm_synth_shq1s0_seed5,offline_fit,synth_reach,static,5,500000,/workspace/dreamerv3_runs/axis1_synth/q1_sh/side0,/workspace/dreamerv3_runs/ax1wm_synth_shq1s0_seed5,DONE,,,axis1,ax1sh_synth_q1
ax1wm_synth_shq1s0_seed6,offline_fit,synth_reach,static,6,500000,/workspace/dreamerv3_runs/axis1_synth/q1_sh/side0,/workspace/dreamerv3_runs/ax1wm_synth_shq1s0_seed6,DONE,,,axis1,ax1sh_synth_q1
ax1wm_synth_shq1s0_seed8,offline_fit,synth_reach,static,8,500000,/workspace/dreamerv3_runs/axis1_synth/q1_sh/side0,/workspace/dreamerv3_runs/ax1wm_synth_shq1s0_seed8,DONE,,,axis1,ax1sh_synth_q1
ax1wm_synth_shq1s0_seed7,offline_fit,synth_reach,static,7,500000,/workspace/dreamerv3_runs/axis1_synth/q1_sh/side0,/workspace/dreamerv3_runs/ax1wm_synth_shq1s0_seed7,DONE,,,axis1,ax1sh_synth_q1
adapt_ax1shq1s0_synth_seed8_ckpt500000,adapt,synth_reach,frozen_readout,8,1.25e5,/workspace/dreamerv3_runs/ax1wm_synth_shq1s0_seed8/ckpt/20260718T160050F934584-000000500000,/workspace/dreamerv3_runs/adapt_ax1shq1s0_synth_seed8_ckpt500000,DONE,,,axis1,ax1sh_synth_q1
adapt_ax1shq1s0_synth_seed5_ckpt500000,adapt,synth_reach,frozen_readout,5,1.25e5,/workspace/dreamerv3_runs/ax1wm_synth_shq1s0_seed5/ckpt/20260718T160323F621204-000000500000,/workspace/dreamerv3_runs/adapt_ax1shq1s0_synth_seed5_ckpt500000,DONE,,,axis1,ax1sh_synth_q1
adapt_ax1shq1s0_synth_seed6_ckpt500000,adapt,synth_reach,frozen_readout,6,1.25e5,/workspace/dreamerv3_runs/ax1wm_synth_shq1s0_seed6/ckpt/20260718T160641F279412-000000500000,/workspace/dreamerv3_runs/adapt_ax1shq1s0_synth_seed6_ckpt500000,DONE,,,axis1,ax1sh_synth_q1
adapt_ax1shq1s0_synth_seed7_ckpt500000,adapt,synth_reach,frozen_readout,7,1.25e5,/workspace/dreamerv3_runs/ax1wm_synth_shq1s0_seed7/ckpt/20260718T160858F005836-000000500000,/workspace/dreamerv3_runs/adapt_ax1shq1s0_synth_seed7_ckpt500000,DONE,,,axis1,ax1sh_synth_q1
ax1wm_finger_fv2q1v200s1_seed2,offline_fit,dmc_finger_turn_hard,static,2,500000,/workspace/dreamerv3_runs/axis1_finger/q1v200/side1,/workspace/dreamerv3_runs/ax1wm_finger_fv2q1v200s1_seed2,RUNNING,,,axis1,scaling_option_c
ax1wm_finger_fv2q1v200s1_seed1,offline_fit,dmc_finger_turn_hard,static,1,500000,/workspace/dreamerv3_runs/axis1_finger/q1v200/side1,/workspace/dreamerv3_runs/ax1wm_finger_fv2q1v200s1_seed1,RUNNING,,,axis1,scaling_option_c
ax1wm_finger_v2q1v200s1_seed6,offline_fit,dmc_finger_turn_hard,static,6,500000,/workspace/dreamerv3_runs/axis1_finger/q1v200/side1,/workspace/dreamerv3_runs/ax1wm_finger_v2q1v200s1_seed6,RUNNING,,,axis1,scaling_option_c
ax1wm_finger_v2q1v200s1_seed5,offline_fit,dmc_finger_turn_hard,static,5,500000,/workspace/dreamerv3_runs/axis1_finger/q1v200/side1,/workspace/dreamerv3_runs/ax1wm_finger_v2q1v200s1_seed5,RUNNING,,,axis1,scaling_option_c
