[Wed Jul  1 23:12:48 CDT 2026] pilot RUN_ID=pilot_apt_reacher_seed1 TASK=dmc_reacher_hard MODE=expl_apt SEED=1 STEPS=1e5
2026-07-01 23:13:43.200650: E external/xla/xla/python/profiler/internal/python_hooks.cc:400] Can't import tensorflow.python.profiler.trace
2026-07-01 23:13:47.350743: E external/xla/xla/python/profiler/internal/python_hooks.cc:400] Can't import tensorflow.python.profiler.trace
---  ___                           __   ______ ---
--- |   \ _ _ ___ __ _ _ __  ___ _ \ \ / /__ / ---
--- | |) | '_/ -_) _` | '  \/ -_) '/\ V / |_ \ ---
--- |___/|_| \___\__,_|_|_|_\___|_|  \_/ |___/ ---
Replica: 0 / 1
Logdir: /scratch/midway3/rickybao/dreamerv3_runs/pilot_apt_reacher_seed1
Run script: train
Observations
  reward           Space(float32, shape=(), low=-inf, high=inf)
  is_first         Space(bool, shape=(), low=False, high=True)
  is_last          Space(bool, shape=(), low=False, high=True)
  is_terminal      Space(bool, shape=(), low=False, high=True)
  position         Space(float32, shape=(2,), low=-inf, high=inf)
  to_target        Space(float32, shape=(2,), low=-inf, high=inf)
  velocity         Space(float32, shape=(2,), low=-inf, high=inf)
Actions
  action           Space(float32, shape=(2,), low=-1.0, high=1.0)
Extras
  consec           Space(int32, shape=(), low=-2147483648, high=2147483647)
  stepid           Space(uint8, shape=(20,), low=0, high=255)
  dyn/deter        Space(float32, shape=(512,), low=-inf, high=inf)
  dyn/stoch        Space(float32, shape=(32, 4), low=-inf, high=inf)
JAX devices (1): [cuda:0]
Policy devices: cuda:0
Train devices:  cuda:0
Initializing parameters...
Optimizer opt has 580,106 params:
       364,160 dyn
        66,111 val
        49,926 dec
        49,796 pol
        41,153 con
         8,960 enc
Done initializing!
Compiling 1 checkpoint groups...
Largest checkpoint group: 0 GB
Compiling train and report...
Train cost analysis:
  FLOPS:            3.6e+10
  Memory (temp):    2.6e+08
  Memory (inputs):  1.0e+07
  Memory (outputs): 8.6e+06
  Memory (code):    1.9e+06

Report cost analysis:
  FLOPS:            1.9e+06
  Memory (temp):    9.2e+05
  Memory (inputs):  2.7e+06
  Memory (outputs): 2.1e+04
  Memory (code):    9.9e+04

Done compiling!
Did not find any checkpoint.
Saving checkpoint: /scratch/midway3/rickybao/dreamerv3_runs/pilot_apt_reacher_seed1/ckpt/20260701T231323F238591
Saved checkpoint.
Start training loop
Start JAX profiler: /scratch/midway3/rickybao/dreamerv3_runs/pilot_apt_reacher_seed1
Stop JAX profiler

--------------------[Agent Step 2_704]--------------------
Metrics filtered by: 'score|length|fps|ratio|train/loss/|train/rand/'
train/loss/con 0.3 / train/loss/dyn 3.21 / train/loss/policy 1.4 / train/loss/position 1.08 / train/loss/rep 3.21 / train/loss/to_target 0.22 / train/loss/value 4.77 / train/loss/velocity 1.06 / replay/replay_ratio 407.33 / fps/policy 21.78 / fps/train 5418.43

Writing metrics: /scratch/midway3/rickybao/dreamerv3_runs/pilot_apt_reacher_seed1/metrics.jsonl
Writing metrics: /scratch/midway3/rickybao/dreamerv3_runs/pilot_apt_reacher_seed1/scores.jsonl
Saving checkpoint: /scratch/midway3/rickybao/dreamerv3_runs/pilot_apt_reacher_seed1/ckpt/20260701T231526F083179
Saved checkpoint.

--------------------[Agent Step 3_392]--------------------
Metrics filtered by: 'score|length|fps|ratio|train/loss/|train/rand/'
train/loss/con 0.03 / train/loss/dyn 1.13 / train/loss/policy 1.7 / train/loss/position 0.11 / train/loss/rep 1.13 / train/loss/to_target 0.04 / train/loss/value 6.84 / train/loss/velocity 0.24 / replay/replay_ratio 1040 / fps/policy 5.68 / fps/train 5821.12

Saving checkpoint: /scratch/midway3/rickybao/dreamerv3_runs/pilot_apt_reacher_seed1/ckpt/20260701T231727F108407
Writing metrics: /scratch/midway3/rickybao/dreamerv3_runs/pilot_apt_reacher_seed1/metrics.jsonl
Writing metrics: /scratch/midway3/rickybao/dreamerv3_runs/pilot_apt_reacher_seed1/scores.jsonl
Saved checkpoint.

--------------------[Agent Step 4_080]--------------------
Metrics filtered by: 'score|length|fps|ratio|train/loss/|train/rand/'
train/loss/con 0.02 / train/loss/dyn 1.08 / train/loss/policy 1.7 / train/loss/position 0.05 / train/loss/rep 1.08 / train/loss/to_target 0.02 / train/loss/value 4.84 / train/loss/velocity 0.14 / replay/replay_ratio 1040 / fps/policy 5.68 / fps/train 5819.28

Saving checkpoint: /scratch/midway3/rickybao/dreamerv3_runs/pilot_apt_reacher_seed1/ckpt/20260701T231928F175023
Writing metrics: /scratch/midway3/rickybao/dreamerv3_runs/pilot_apt_reacher_seed1/metrics.jsonl
Writing metrics: /scratch/midway3/rickybao/dreamerv3_runs/pilot_apt_reacher_seed1/scores.jsonl
Saved checkpoint.

--------------------[Agent Step 4_768]--------------------
Metrics filtered by: 'score|length|fps|ratio|train/loss/|train/rand/'
train/loss/con 0.02 / train/loss/dyn 1.04 / train/loss/policy 1.71 / train/loss/position 0.03 / train/loss/rep 1.04 / train/loss/to_target 0.02 / train/loss/value 4.1 / train/loss/velocity 0.08 / replay/replay_ratio 1040 / fps/policy 5.69 / fps/train 5821.65

Saving checkpoint: /scratch/midway3/rickybao/dreamerv3_runs/pilot_apt_reacher_seed1/ckpt/20260701T232129F189506
Writing metrics: /scratch/midway3/rickybao/dreamerv3_runs/pilot_apt_reacher_seed1/metrics.jsonl
Writing metrics: /scratch/midway3/rickybao/dreamerv3_runs/pilot_apt_reacher_seed1/scores.jsonl
Saved checkpoint.

--------------------[Agent Step 5_456]--------------------
Metrics filtered by: 'score|length|fps|ratio|train/loss/|train/rand/'
train/loss/con 0.02 / train/loss/dyn 1.03 / train/loss/policy 1.71 / train/loss/position 0.02 / train/loss/rep 1.03 / train/loss/to_target 0.01 / train/loss/value 3.69 / train/loss/velocity 0.05 / replay/replay_ratio 1040 / fps/policy 5.69 / fps/train 5829.38

Saving checkpoint: /scratch/midway3/rickybao/dreamerv3_runs/pilot_apt_reacher_seed1/ckpt/20260701T232330F044954
Writing metrics: /scratch/midway3/rickybao/dreamerv3_runs/pilot_apt_reacher_seed1/metrics.jsonl
Writing metrics: /scratch/midway3/rickybao/dreamerv3_runs/pilot_apt_reacher_seed1/scores.jsonl
Saved checkpoint.

--------------------[Agent Step 6_144]--------------------
Metrics filtered by: 'score|length|fps|ratio|train/loss/|train/rand/'
train/loss/con 0.02 / train/loss/dyn 1.02 / train/loss/policy 1.72 / train/loss/position 0.02 / train/loss/rep 1.02 / train/loss/to_target 0.01 / train/loss/value 3.43 / train/loss/velocity 0.04 / replay/replay_ratio 1040 / fps/policy 5.7 / fps/train 5832.39

Saving checkpoint: /scratch/midway3/rickybao/dreamerv3_runs/pilot_apt_reacher_seed1/ckpt/20260701T232530F837943
Writing metrics: /scratch/midway3/rickybao/dreamerv3_runs/pilot_apt_reacher_seed1/metrics.jsonl
Writing metrics: /scratch/midway3/rickybao/dreamerv3_runs/pilot_apt_reacher_seed1/scores.jsonl
Saved checkpoint.

--------------------[Agent Step 6_832]--------------------
Metrics filtered by: 'score|length|fps|ratio|train/loss/|train/rand/'
train/loss/con 0.02 / train/loss/dyn 1.02 / train/loss/policy 1.72 / train/loss/position 0.01 / train/loss/rep 1.02 / train/loss/to_target 0.02 / train/loss/value 3.21 / train/loss/velocity 0.03 / replay/replay_ratio 1040 / fps/policy 5.72 / fps/train 5855.58

Saving checkpoint: /scratch/midway3/rickybao/dreamerv3_runs/pilot_apt_reacher_seed1/ckpt/20260701T232731F152412
Writing metrics: /scratch/midway3/rickybao/dreamerv3_runs/pilot_apt_reacher_seed1/metrics.jsonl
Writing metrics: /scratch/midway3/rickybao/dreamerv3_runs/pilot_apt_reacher_seed1/scores.jsonl
Saved checkpoint.

--------------------[Agent Step 7_520]--------------------
Metrics filtered by: 'score|length|fps|ratio|train/loss/|train/rand/'
train/loss/con 0.02 / train/loss/dyn 1.02 / train/loss/policy 1.73 / train/loss/position 0.01 / train/loss/rep 1.02 / train/loss/to_target 0.02 / train/loss/value 3 / train/loss/velocity 0.03 / replay/replay_ratio 1040 / fps/policy 5.72 / fps/train 5854.09

Saving checkpoint: /scratch/midway3/rickybao/dreamerv3_runs/pilot_apt_reacher_seed1/ckpt/20260701T232931F497703
Writing metrics: /scratch/midway3/rickybao/dreamerv3_runs/pilot_apt_reacher_seed1/metrics.jsonl
Writing metrics: /scratch/midway3/rickybao/dreamerv3_runs/pilot_apt_reacher_seed1/scores.jsonl
Saved checkpoint.

--------------------[Agent Step 8_208]--------------------
Metrics filtered by: 'score|length|fps|ratio|train/loss/|train/rand/'
train/loss/con 0.02 / train/loss/dyn 1.03 / train/loss/policy 1.73 / train/loss/position 0.01 / train/loss/rep 1.03 / train/loss/to_target 0.02 / train/loss/value 2.8 / train/loss/velocity 0.03 / replay/replay_ratio 1040 / fps/policy 5.72 / fps/train 5854.89

Saving checkpoint: /scratch/midway3/rickybao/dreamerv3_runs/pilot_apt_reacher_seed1/ckpt/20260701T233131F826512
Writing metrics: /scratch/midway3/rickybao/dreamerv3_runs/pilot_apt_reacher_seed1/metrics.jsonl
Writing metrics: /scratch/midway3/rickybao/dreamerv3_runs/pilot_apt_reacher_seed1/scores.jsonl
Saved checkpoint.

--------------------[Agent Step 8_896]--------------------
Metrics filtered by: 'score|length|fps|ratio|train/loss/|train/rand/'
train/loss/con 0.02 / train/loss/dyn 1.03 / train/loss/policy 1.75 / train/loss/position 9.7e-3 / train/loss/rep 1.03 / train/loss/to_target 0.01 / train/loss/value 2.83 / train/loss/velocity 0.03 / replay/replay_ratio 1040 / fps/policy 5.71 / fps/train 5851.5

Saving checkpoint: /scratch/midway3/rickybao/dreamerv3_runs/pilot_apt_reacher_seed1/ckpt/20260701T233332F225034
Writing metrics: /scratch/midway3/rickybao/dreamerv3_runs/pilot_apt_reacher_seed1/scores.jsonl
Writing metrics: /scratch/midway3/rickybao/dreamerv3_runs/pilot_apt_reacher_seed1/metrics.jsonl
Saved checkpoint.

--------------------[Agent Step 9_584]--------------------
Metrics filtered by: 'score|length|fps|ratio|train/loss/|train/rand/'
train/loss/con 0.02 / train/loss/dyn 1.03 / train/loss/policy 1.76 / train/loss/position 8.4e-3 / train/loss/rep 1.03 / train/loss/to_target 0.01 / train/loss/value 2.53 / train/loss/velocity 0.03 / replay/replay_ratio 1040 / fps/policy 5.71 / fps/train 5850.17

Saving checkpoint: /scratch/midway3/rickybao/dreamerv3_runs/pilot_apt_reacher_seed1/ckpt/20260701T233532F650950
Writing metrics: /scratch/midway3/rickybao/dreamerv3_runs/pilot_apt_reacher_seed1/metrics.jsonl
Writing metrics: /scratch/midway3/rickybao/dreamerv3_runs/pilot_apt_reacher_seed1/scores.jsonl
Saved checkpoint.

--------------------[Agent Step 10_272]--------------------
Metrics filtered by: 'score|length|fps|ratio|train/loss/|train/rand/'
train/loss/con 0.02 / train/loss/dyn 1.03 / train/loss/policy 1.74 / train/loss/position 7.8e-3 / train/loss/rep 1.03 / train/loss/to_target 0.01 / train/loss/value 2.53 / train/loss/velocity 0.02 / replay/replay_ratio 1040 / fps/policy 5.72 / fps/train 5852.38

Saving checkpoint: /scratch/midway3/rickybao/dreamerv3_runs/pilot_apt_reacher_seed1/ckpt/20260701T233733F031190
Writing metrics: /scratch/midway3/rickybao/dreamerv3_runs/pilot_apt_reacher_seed1/metrics.jsonl
Writing metrics: /scratch/midway3/rickybao/dreamerv3_runs/pilot_apt_reacher_seed1/scores.jsonl
Saved checkpoint.

--------------------[Agent Step 10_960]--------------------
Metrics filtered by: 'score|length|fps|ratio|train/loss/|train/rand/'
train/loss/con 0.02 / train/loss/dyn 1.03 / train/loss/policy 1.82 / train/loss/position 7.1e-3 / train/loss/rep 1.03 / train/loss/to_target 0.01 / train/loss/value 2.55 / train/loss/velocity 0.02 / replay/replay_ratio 1040 / fps/policy 5.71 / fps/train 5850.32

Saving checkpoint: /scratch/midway3/rickybao/dreamerv3_runs/pilot_apt_reacher_seed1/ckpt/20260701T233933F454076
Writing metrics: /scratch/midway3/rickybao/dreamerv3_runs/pilot_apt_reacher_seed1/metrics.jsonl
Writing metrics: /scratch/midway3/rickybao/dreamerv3_runs/pilot_apt_reacher_seed1/scores.jsonl
Saved checkpoint.

--------------------[Agent Step 11_648]--------------------
Metrics filtered by: 'score|length|fps|ratio|train/loss/|train/rand/'
train/loss/con 0.02 / train/loss/dyn 1.03 / train/loss/policy 1.85 / train/loss/position 7.1e-3 / train/loss/rep 1.03 / train/loss/to_target 0.01 / train/loss/value 2.38 / train/loss/velocity 0.02 / replay/replay_ratio 1040 / fps/policy 5.72 / fps/train 5853.15

Saving checkpoint: /scratch/midway3/rickybao/dreamerv3_runs/pilot_apt_reacher_seed1/ckpt/20260701T234133F818553
Writing metrics: /scratch/midway3/rickybao/dreamerv3_runs/pilot_apt_reacher_seed1/metrics.jsonl
Writing metrics: /scratch/midway3/rickybao/dreamerv3_runs/pilot_apt_reacher_seed1/scores.jsonl
Saved checkpoint.

--------------------[Agent Step 12_336]--------------------
Metrics filtered by: 'score|length|fps|ratio|train/loss/|train/rand/'
train/loss/con 0.02 / train/loss/dyn 1.02 / train/loss/policy 1.78 / train/loss/position 6.8e-3 / train/loss/rep 1.02 / train/loss/to_target 0.01 / train/loss/value 2.3 / train/loss/velocity 0.02 / replay/replay_ratio 1040 / fps/policy 5.71 / fps/train 5850.86

Saving checkpoint: /scratch/midway3/rickybao/dreamerv3_runs/pilot_apt_reacher_seed1/ckpt/20260701T234334F230384
Writing metrics: /scratch/midway3/rickybao/dreamerv3_runs/pilot_apt_reacher_seed1/metrics.jsonl
Writing metrics: /scratch/midway3/rickybao/dreamerv3_runs/pilot_apt_reacher_seed1/scores.jsonl
Saved checkpoint.

--------------------[Agent Step 13_024]--------------------
Metrics filtered by: 'score|length|fps|ratio|train/loss/|train/rand/'
train/loss/con 0.02 / train/loss/dyn 1.02 / train/loss/policy 1.75 / train/loss/position 6.4e-3 / train/loss/rep 1.02 / train/loss/to_target 0.01 / train/loss/value 2.31 / train/loss/velocity 0.02 / replay/replay_ratio 1040 / fps/policy 5.71 / fps/train 5851.18

Writing metrics: /scratch/midway3/rickybao/dreamerv3_runs/pilot_apt_reacher_seed1/scores.jsonl
Writing metrics: /scratch/midway3/rickybao/dreamerv3_runs/pilot_apt_reacher_seed1/metrics.jsonl
Saving checkpoint: /scratch/midway3/rickybao/dreamerv3_runs/pilot_apt_reacher_seed1/ckpt/20260701T234534F635538
Saved checkpoint.

--------------------[Agent Step 13_712]--------------------
Metrics filtered by: 'score|length|fps|ratio|train/loss/|train/rand/'
train/loss/con 0.02 / train/loss/dyn 1.02 / train/loss/policy 1.74 / train/loss/position 6.1e-3 / train/loss/rep 1.02 / train/loss/to_target 0.01 / train/loss/value 2.19 / train/loss/velocity 0.02 / replay/replay_ratio 1040 / fps/policy 5.72 / fps/train 5853.23

Writing metrics: /scratch/midway3/rickybao/dreamerv3_runs/pilot_apt_reacher_seed1/scores.jsonl
Writing metrics: /scratch/midway3/rickybao/dreamerv3_runs/pilot_apt_reacher_seed1/metrics.jsonl
Saving checkpoint: /scratch/midway3/rickybao/dreamerv3_runs/pilot_apt_reacher_seed1/ckpt/20260701T234734F998493
Saved checkpoint.

--------------------[Agent Step 14_400]--------------------
Metrics filtered by: 'score|length|fps|ratio|train/loss/|train/rand/'
train/loss/con 0.02 / train/loss/dyn 1.02 / train/loss/policy 1.93 / train/loss/position 5.6e-3 / train/loss/rep 1.02 / train/loss/to_target 9.9e-3 / train/loss/value 2.3 / train/loss/velocity 0.02 / replay/replay_ratio 1040 / fps/policy 5.71 / fps/train 5851.58

Saving checkpoint: /scratch/midway3/rickybao/dreamerv3_runs/pilot_apt_reacher_seed1/ckpt/20260701T234935F395366
Writing metrics: /scratch/midway3/rickybao/dreamerv3_runs/pilot_apt_reacher_seed1/metrics.jsonl
Writing metrics: /scratch/midway3/rickybao/dreamerv3_runs/pilot_apt_reacher_seed1/scores.jsonl
Saved checkpoint.

--------------------[Agent Step 15_088]--------------------
Metrics filtered by: 'score|length|fps|ratio|train/loss/|train/rand/'
train/loss/con 0.02 / train/loss/dyn 1.02 / train/loss/policy 1.85 / train/loss/position 5.2e-3 / train/loss/rep 1.02 / train/loss/to_target 9.1e-3 / train/loss/value 2.27 / train/loss/velocity 0.01 / replay/replay_ratio 1040 / fps/policy 5.71 / fps/train 5849.73

Saving checkpoint: /scratch/midway3/rickybao/dreamerv3_runs/pilot_apt_reacher_seed1/ckpt/20260701T235135F830343
Writing metrics: /scratch/midway3/rickybao/dreamerv3_runs/pilot_apt_reacher_seed1/scores.jsonl
Writing metrics: /scratch/midway3/rickybao/dreamerv3_runs/pilot_apt_reacher_seed1/metrics.jsonl
Saved checkpoint.

--------------------[Agent Step 15_776]--------------------
Metrics filtered by: 'score|length|fps|ratio|train/loss/|train/rand/'
train/loss/con 0.02 / train/loss/dyn 1.02 / train/loss/policy 1.62 / train/loss/position 5.2e-3 / train/loss/rep 1.02 / train/loss/to_target 8.4e-3 / train/loss/value 2 / train/loss/velocity 0.01 / replay/replay_ratio 1040 / fps/policy 5.7 / fps/train 5838.48

Saving checkpoint: /scratch/midway3/rickybao/dreamerv3_runs/pilot_apt_reacher_seed1/ckpt/20260701T235336F497342
Writing metrics: /scratch/midway3/rickybao/dreamerv3_runs/pilot_apt_reacher_seed1/metrics.jsonl
Writing metrics: /scratch/midway3/rickybao/dreamerv3_runs/pilot_apt_reacher_seed1/scores.jsonl
Saved checkpoint.

--------------------[Agent Step 16_464]--------------------
Metrics filtered by: 'score|length|fps|ratio|train/loss/|train/rand/'
episode/score 0 / episode/length 1001 / train/loss/con 0.02 / train/loss/dyn 1.03 / train/loss/policy 1.76 / train/loss/position 6.3e-3 / train/loss/rep 1.03 / train/loss/to_target 7.8e-3 / train/loss/value 1.88 / train/loss/velocity 0.01 / replay/replay_ratio 1040 / fps/policy 5.7 / fps/train 5841.54

Writing metrics: /scratch/midway3/rickybao/dreamerv3_runs/pilot_apt_reacher_seed1/metrics.jsonl
Saving checkpoint: /scratch/midway3/rickybao/dreamerv3_runs/pilot_apt_reacher_seed1/ckpt/20260701T235537F101214
Writing metrics: /scratch/midway3/rickybao/dreamerv3_runs/pilot_apt_reacher_seed1/scores.jsonl
Saved checkpoint.

--------------------[Agent Step 17_152]--------------------
Metrics filtered by: 'score|length|fps|ratio|train/loss/|train/rand/'
train/loss/con 0.02 / train/loss/dyn 1.04 / train/loss/policy 1.81 / train/loss/position 8.4e-3 / train/loss/rep 1.04 / train/loss/to_target 7.6e-3 / train/loss/value 1.92 / train/loss/velocity 0.01 / replay/replay_ratio 1040 / fps/policy 5.71 / fps/train 5847.77

Saving checkpoint: /scratch/midway3/rickybao/dreamerv3_runs/pilot_apt_reacher_seed1/ckpt/20260701T235737F576425
Writing metrics: /scratch/midway3/rickybao/dreamerv3_runs/pilot_apt_reacher_seed1/scores.jsonl
Writing metrics: /scratch/midway3/rickybao/dreamerv3_runs/pilot_apt_reacher_seed1/metrics.jsonl
Saved checkpoint.

--------------------[Agent Step 17_840]--------------------
Metrics filtered by: 'score|length|fps|ratio|train/loss/|train/rand/'
train/loss/con 0.02 / train/loss/dyn 1.03 / train/loss/policy 1.81 / train/loss/position 8.2e-3 / train/loss/rep 1.03 / train/loss/to_target 7.7e-3 / train/loss/value 1.84 / train/loss/velocity 0.01 / replay/replay_ratio 1040 / fps/policy 5.71 / fps/train 5845.11

Saving checkpoint: /scratch/midway3/rickybao/dreamerv3_runs/pilot_apt_reacher_seed1/ckpt/20260701T235938F106541
Writing metrics: /scratch/midway3/rickybao/dreamerv3_runs/pilot_apt_reacher_seed1/metrics.jsonl
Writing metrics: /scratch/midway3/rickybao/dreamerv3_runs/pilot_apt_reacher_seed1/scores.jsonl
Saved checkpoint.

--------------------[Agent Step 18_528]--------------------
Metrics filtered by: 'score|length|fps|ratio|train/loss/|train/rand/'
train/loss/con 0.02 / train/loss/dyn 1.03 / train/loss/policy 1.77 / train/loss/position 7.3e-3 / train/loss/rep 1.03 / train/loss/to_target 7.9e-3 / train/loss/value 1.51 / train/loss/velocity 0.01 / replay/replay_ratio 1040 / fps/policy 5.72 / fps/train 5852.54

Saving checkpoint: /scratch/midway3/rickybao/dreamerv3_runs/pilot_apt_reacher_seed1/ckpt/20260702T000138F483556
Writing metrics: /scratch/midway3/rickybao/dreamerv3_runs/pilot_apt_reacher_seed1/metrics.jsonl
Writing metrics: /scratch/midway3/rickybao/dreamerv3_runs/pilot_apt_reacher_seed1/scores.jsonl
Saved checkpoint.

--------------------[Agent Step 19_216]--------------------
Metrics filtered by: 'score|length|fps|ratio|train/loss/|train/rand/'
train/loss/con 0.02 / train/loss/dyn 1.03 / train/loss/policy 1.69 / train/loss/position 7.2e-3 / train/loss/rep 1.03 / train/loss/to_target 8.2e-3 / train/loss/value 1.72 / train/loss/velocity 0.01 / replay/replay_ratio 1040 / fps/policy 5.72 / fps/train 5853.43

Saving checkpoint: /scratch/midway3/rickybao/dreamerv3_runs/pilot_apt_reacher_seed1/ckpt/20260702T000338F842465
Writing metrics: /scratch/midway3/rickybao/dreamerv3_runs/pilot_apt_reacher_seed1/metrics.jsonl
Writing metrics: /scratch/midway3/rickybao/dreamerv3_runs/pilot_apt_reacher_seed1/scores.jsonl
Saved checkpoint.

--------------------[Agent Step 19_904]--------------------
Metrics filtered by: 'score|length|fps|ratio|train/loss/|train/rand/'
train/loss/con 0.02 / train/loss/dyn 1.03 / train/loss/policy 1.63 / train/loss/position 7.2e-3 / train/loss/rep 1.03 / train/loss/to_target 8.3e-3 / train/loss/value 1.59 / train/loss/velocity 0.01 / replay/replay_ratio 1040 / fps/policy 5.72 / fps/train 5853.87

Saving checkpoint: /scratch/midway3/rickybao/dreamerv3_runs/pilot_apt_reacher_seed1/ckpt/20260702T000539F192400
Writing metrics: /scratch/midway3/rickybao/dreamerv3_runs/pilot_apt_reacher_seed1/metrics.jsonl
Writing metrics: /scratch/midway3/rickybao/dreamerv3_runs/pilot_apt_reacher_seed1/scores.jsonl
Saved checkpoint.

--------------------[Agent Step 20_592]--------------------
Metrics filtered by: 'score|length|fps|ratio|train/loss/|train/rand/'
train/loss/con 0.02 / train/loss/dyn 1.03 / train/loss/policy 2 / train/loss/position 6.5e-3 / train/loss/rep 1.03 / train/loss/to_target 8.3e-3 / train/loss/value 1.69 / train/loss/velocity 0.01 / replay/replay_ratio 1040 / fps/policy 5.72 / fps/train 5853.02

Saving checkpoint: /scratch/midway3/rickybao/dreamerv3_runs/pilot_apt_reacher_seed1/ckpt/20260702T000739F559590
Writing metrics: /scratch/midway3/rickybao/dreamerv3_runs/pilot_apt_reacher_seed1/metrics.jsonl
Writing metrics: /scratch/midway3/rickybao/dreamerv3_runs/pilot_apt_reacher_seed1/scores.jsonl
Saved checkpoint.

--------------------[Agent Step 21_280]--------------------
Metrics filtered by: 'score|length|fps|ratio|train/loss/|train/rand/'
train/loss/con 0.02 / train/loss/dyn 1.03 / train/loss/policy 2.37 / train/loss/position 6.8e-3 / train/loss/rep 1.03 / train/loss/to_target 8.7e-3 / train/loss/value 1.64 / train/loss/velocity 0.01 / replay/replay_ratio 1040 / fps/policy 5.72 / fps/train 5855.22

Saving checkpoint: /scratch/midway3/rickybao/dreamerv3_runs/pilot_apt_reacher_seed1/ckpt/20260702T000939F881557
Writing metrics: /scratch/midway3/rickybao/dreamerv3_runs/pilot_apt_reacher_seed1/metrics.jsonl
Writing metrics: /scratch/midway3/rickybao/dreamerv3_runs/pilot_apt_reacher_seed1/scores.jsonl
Saved checkpoint.

--------------------[Agent Step 21_968]--------------------
Metrics filtered by: 'score|length|fps|ratio|train/loss/|train/rand/'
train/loss/con 0.02 / train/loss/dyn 1.03 / train/loss/policy 1.75 / train/loss/position 6.6e-3 / train/loss/rep 1.03 / train/loss/to_target 8.2e-3 / train/loss/value 1.33 / train/loss/velocity 0.01 / replay/replay_ratio 1040 / fps/policy 5.72 / fps/train 5852.35

Saving checkpoint: /scratch/midway3/rickybao/dreamerv3_runs/pilot_apt_reacher_seed1/ckpt/20260702T001140F262614
Writing metrics: /scratch/midway3/rickybao/dreamerv3_runs/pilot_apt_reacher_seed1/metrics.jsonl
Writing metrics: /scratch/midway3/rickybao/dreamerv3_runs/pilot_apt_reacher_seed1/scores.jsonl
Saved checkpoint.

--------------------[Agent Step 22_656]--------------------
Metrics filtered by: 'score|length|fps|ratio|train/loss/|train/rand/'
train/loss/con 0.02 / train/loss/dyn 1.04 / train/loss/policy 1.69 / train/loss/position 6.4e-3 / train/loss/rep 1.04 / train/loss/to_target 7.9e-3 / train/loss/value 1.51 / train/loss/velocity 0.01 / replay/replay_ratio 1040 / fps/policy 5.71 / fps/train 5851.65

Writing metrics: /scratch/midway3/rickybao/dreamerv3_runs/pilot_apt_reacher_seed1/scores.jsonl
Writing metrics: /scratch/midway3/rickybao/dreamerv3_runs/pilot_apt_reacher_seed1/metrics.jsonl
Saving checkpoint: /scratch/midway3/rickybao/dreamerv3_runs/pilot_apt_reacher_seed1/ckpt/20260702T001340F658069
Saved checkpoint.

--------------------[Agent Step 23_344]--------------------
Metrics filtered by: 'score|length|fps|ratio|train/loss/|train/rand/'
train/loss/con 0.02 / train/loss/dyn 1.04 / train/loss/policy 1.57 / train/loss/position 6.5e-3 / train/loss/rep 1.04 / train/loss/to_target 7.7e-3 / train/loss/value 1.31 / train/loss/velocity 0.01 / replay/replay_ratio 1040 / fps/policy 5.72 / fps/train 5853.98

Saving checkpoint: /scratch/midway3/rickybao/dreamerv3_runs/pilot_apt_reacher_seed1/ckpt/20260702T001541F005671
Writing metrics: /scratch/midway3/rickybao/dreamerv3_runs/pilot_apt_reacher_seed1/metrics.jsonl
Writing metrics: /scratch/midway3/rickybao/dreamerv3_runs/pilot_apt_reacher_seed1/scores.jsonl
Saved checkpoint.

--------------------[Agent Step 24_032]--------------------
Metrics filtered by: 'score|length|fps|ratio|train/loss/|train/rand/'
train/loss/con 0.02 / train/loss/dyn 1.05 / train/loss/policy 1.62 / train/loss/position 6.4e-3 / train/loss/rep 1.05 / train/loss/to_target 7.9e-3 / train/loss/value 1.31 / train/loss/velocity 0.01 / replay/replay_ratio 1040 / fps/policy 5.72 / fps/train 5853.87

Writing metrics: /scratch/midway3/rickybao/dreamerv3_runs/pilot_apt_reacher_seed1/metrics.jsonl
Saving checkpoint: /scratch/midway3/rickybao/dreamerv3_runs/pilot_apt_reacher_seed1/ckpt/20260702T001741F355300
Writing metrics: /scratch/midway3/rickybao/dreamerv3_runs/pilot_apt_reacher_seed1/scores.jsonl
Saved checkpoint.

--------------------[Agent Step 24_720]--------------------
Metrics filtered by: 'score|length|fps|ratio|train/loss/|train/rand/'
train/loss/con 0.02 / train/loss/dyn 1.06 / train/loss/policy 1.69 / train/loss/position 6.4e-3 / train/loss/rep 1.06 / train/loss/to_target 7.4e-3 / train/loss/value 1.24 / train/loss/velocity 0.01 / replay/replay_ratio 1040 / fps/policy 5.71 / fps/train 5843.65

Saving checkpoint: /scratch/midway3/rickybao/dreamerv3_runs/pilot_apt_reacher_seed1/ckpt/20260702T001941F915603
Writing metrics: /scratch/midway3/rickybao/dreamerv3_runs/pilot_apt_reacher_seed1/metrics.jsonl
Writing metrics: /scratch/midway3/rickybao/dreamerv3_runs/pilot_apt_reacher_seed1/scores.jsonl
Saved checkpoint.

--------------------[Agent Step 25_408]--------------------
Metrics filtered by: 'score|length|fps|ratio|train/loss/|train/rand/'
train/loss/con 0.02 / train/loss/dyn 1.06 / train/loss/policy 1.66 / train/loss/position 6.7e-3 / train/loss/rep 1.06 / train/loss/to_target 6.7e-3 / train/loss/value 1.18 / train/loss/velocity 0.01 / replay/replay_ratio 1040 / fps/policy 5.71 / fps/train 5851.59

Saving checkpoint: /scratch/midway3/rickybao/dreamerv3_runs/pilot_apt_reacher_seed1/ckpt/20260702T002142F312447
Writing metrics: /scratch/midway3/rickybao/dreamerv3_runs/pilot_apt_reacher_seed1/metrics.jsonl
Writing metrics: /scratch/midway3/rickybao/dreamerv3_runs/pilot_apt_reacher_seed1/scores.jsonl
Saved checkpoint.

--------------------[Agent Step 26_096]--------------------
Metrics filtered by: 'score|length|fps|ratio|train/loss/|train/rand/'
train/loss/con 0.02 / train/loss/dyn 1.06 / train/loss/policy 1.63 / train/loss/position 6.9e-3 / train/loss/rep 1.06 / train/loss/to_target 6.3e-3 / train/loss/value 1.18 / train/loss/velocity 0.01 / replay/replay_ratio 1040 / fps/policy 5.71 / fps/train 5843.28

Saving checkpoint: /scratch/midway3/rickybao/dreamerv3_runs/pilot_apt_reacher_seed1/ckpt/20260702T002342F880279
Writing metrics: /scratch/midway3/rickybao/dreamerv3_runs/pilot_apt_reacher_seed1/metrics.jsonl
Writing metrics: /scratch/midway3/rickybao/dreamerv3_runs/pilot_apt_reacher_seed1/scores.jsonl
Saved checkpoint.

--------------------[Agent Step 26_784]--------------------
Metrics filtered by: 'score|length|fps|ratio|train/loss/|train/rand/'
train/loss/con 0.02 / train/loss/dyn 1.07 / train/loss/policy 1.54 / train/loss/position 7.1e-3 / train/loss/rep 1.07 / train/loss/to_target 5.8e-3 / train/loss/value 0.99 / train/loss/velocity 0.01 / replay/replay_ratio 1040 / fps/policy 5.7 / fps/train 5835.28

Saving checkpoint: /scratch/midway3/rickybao/dreamerv3_runs/pilot_apt_reacher_seed1/ckpt/20260702T002543F613558
Writing metrics: /scratch/midway3/rickybao/dreamerv3_runs/pilot_apt_reacher_seed1/metrics.jsonl
Writing metrics: /scratch/midway3/rickybao/dreamerv3_runs/pilot_apt_reacher_seed1/scores.jsonl
Saved checkpoint.

--------------------[Agent Step 27_472]--------------------
Metrics filtered by: 'score|length|fps|ratio|train/loss/|train/rand/'
train/loss/con 0.02 / train/loss/dyn 1.07 / train/loss/policy 1.71 / train/loss/position 7e-3 / train/loss/rep 1.07 / train/loss/to_target 5.2e-3 / train/loss/value 1.16 / train/loss/velocity 0.01 / replay/replay_ratio 1040 / fps/policy 5.7 / fps/train 5831.77

Writing metrics: /scratch/midway3/rickybao/dreamerv3_runs/pilot_apt_reacher_seed1/scores.jsonl
Writing metrics: /scratch/midway3/rickybao/dreamerv3_runs/pilot_apt_reacher_seed1/metrics.jsonl
Saving checkpoint: /scratch/midway3/rickybao/dreamerv3_runs/pilot_apt_reacher_seed1/ckpt/20260702T002744F419252
Saved checkpoint.

--------------------[Agent Step 28_160]--------------------
Metrics filtered by: 'score|length|fps|ratio|train/loss/|train/rand/'
train/loss/con 0.02 / train/loss/dyn 1.1 / train/loss/policy 1.79 / train/loss/position 7.6e-3 / train/loss/rep 1.1 / train/loss/to_target 5.7e-3 / train/loss/value 0.88 / train/loss/velocity 0.01 / replay/replay_ratio 1040 / fps/policy 5.71 / fps/train 5842.59

Writing metrics: /scratch/midway3/rickybao/dreamerv3_runs/pilot_apt_reacher_seed1/scores.jsonl
Writing metrics: /scratch/midway3/rickybao/dreamerv3_runs/pilot_apt_reacher_seed1/metrics.jsonl
Saving checkpoint: /scratch/midway3/rickybao/dreamerv3_runs/pilot_apt_reacher_seed1/ckpt/20260702T002945F001403
Saved checkpoint.

--------------------[Agent Step 28_848]--------------------
Metrics filtered by: 'score|length|fps|ratio|train/loss/|train/rand/'
train/loss/con 0.02 / train/loss/dyn 1.13 / train/loss/policy 1.69 / train/loss/position 8.6e-3 / train/loss/rep 1.13 / train/loss/to_target 6.7e-3 / train/loss/value 1.07 / train/loss/velocity 0.01 / replay/replay_ratio 1040 / fps/policy 5.71 / fps/train 5844.44

Saving checkpoint: /scratch/midway3/rickybao/dreamerv3_runs/pilot_apt_reacher_seed1/ckpt/20260702T003145F545492
Writing metrics: /scratch/midway3/rickybao/dreamerv3_runs/pilot_apt_reacher_seed1/scores.jsonl
Writing metrics: /scratch/midway3/rickybao/dreamerv3_runs/pilot_apt_reacher_seed1/metrics.jsonl
Saved checkpoint.

--------------------[Agent Step 29_536]--------------------
Metrics filtered by: 'score|length|fps|ratio|train/loss/|train/rand/'
train/loss/con 0.02 / train/loss/dyn 1.15 / train/loss/policy 1.66 / train/loss/position 7.6e-3 / train/loss/rep 1.15 / train/loss/to_target 5.1e-3 / train/loss/value 0.83 / train/loss/velocity 0.01 / replay/replay_ratio 1040 / fps/policy 5.71 / fps/train 5844.99

Saving checkpoint: /scratch/midway3/rickybao/dreamerv3_runs/pilot_apt_reacher_seed1/ckpt/20260702T003346F078038
Writing metrics: /scratch/midway3/rickybao/dreamerv3_runs/pilot_apt_reacher_seed1/metrics.jsonl
Writing metrics: /scratch/midway3/rickybao/dreamerv3_runs/pilot_apt_reacher_seed1/scores.jsonl
Saved checkpoint.

--------------------[Agent Step 30_224]--------------------
Metrics filtered by: 'score|length|fps|ratio|train/loss/|train/rand/'
train/loss/con 0.02 / train/loss/dyn 1.13 / train/loss/policy 1.6 / train/loss/position 8.6e-3 / train/loss/rep 1.13 / train/loss/to_target 4.7e-3 / train/loss/value 0.84 / train/loss/velocity 0.02 / replay/replay_ratio 1040 / fps/policy 5.71 / fps/train 5845.1

Saving checkpoint: /scratch/midway3/rickybao/dreamerv3_runs/pilot_apt_reacher_seed1/ckpt/20260702T003546F608447
Writing metrics: /scratch/midway3/rickybao/dreamerv3_runs/pilot_apt_reacher_seed1/metrics.jsonl
Writing metrics: /scratch/midway3/rickybao/dreamerv3_runs/pilot_apt_reacher_seed1/scores.jsonl
Saved checkpoint.

--------------------[Agent Step 30_912]--------------------
Metrics filtered by: 'score|length|fps|ratio|train/loss/|train/rand/'
train/loss/con 0.02 / train/loss/dyn 1.16 / train/loss/policy 1.69 / train/loss/position 7.7e-3 / train/loss/rep 1.16 / train/loss/to_target 4.1e-3 / train/loss/value 0.96 / train/loss/velocity 0.01 / replay/replay_ratio 1040 / fps/policy 5.71 / fps/train 5843.91

Writing metrics: /scratch/midway3/rickybao/dreamerv3_runs/pilot_apt_reacher_seed1/metrics.jsonl
Saving checkpoint: /scratch/midway3/rickybao/dreamerv3_runs/pilot_apt_reacher_seed1/ckpt/20260702T003747F163437
Writing metrics: /scratch/midway3/rickybao/dreamerv3_runs/pilot_apt_reacher_seed1/scores.jsonl
Saved checkpoint.

--------------------[Agent Step 31_600]--------------------
Metrics filtered by: 'score|length|fps|ratio|train/loss/|train/rand/'
train/loss/con 0.02 / train/loss/dyn 1.1 / train/loss/policy 1.77 / train/loss/position 7.5e-3 / train/loss/rep 1.1 / train/loss/to_target 3.9e-3 / train/loss/value 0.58 / train/loss/velocity 0.01 / replay/replay_ratio 1040 / fps/policy 5.71 / fps/train 5844.97

Saving checkpoint: /scratch/midway3/rickybao/dreamerv3_runs/pilot_apt_reacher_seed1/ckpt/20260702T003947F696494
Writing metrics: /scratch/midway3/rickybao/dreamerv3_runs/pilot_apt_reacher_seed1/metrics.jsonl
Writing metrics: /scratch/midway3/rickybao/dreamerv3_runs/pilot_apt_reacher_seed1/scores.jsonl
Saved checkpoint.

--------------------[Agent Step 32_288]--------------------
Metrics filtered by: 'score|length|fps|ratio|train/loss/|train/rand/'
episode/score 27 / episode/length 1001 / train/loss/con 0.02 / train/loss/dyn 1.11 / train/loss/policy 1.63 / train/loss/position 7.8e-3 / train/loss/rep 1.11 / train/loss/to_target 3.4e-3 / train/loss/value 1.18 / train/loss/velocity 0.01 / replay/replay_ratio 1040 / fps/policy 5.71 / fps/train 5842.44

Saving checkpoint: /scratch/midway3/rickybao/dreamerv3_runs/pilot_apt_reacher_seed1/ckpt/20260702T004148F281815
Writing metrics: /scratch/midway3/rickybao/dreamerv3_runs/pilot_apt_reacher_seed1/metrics.jsonl
Writing metrics: /scratch/midway3/rickybao/dreamerv3_runs/pilot_apt_reacher_seed1/scores.jsonl
Saved checkpoint.

--------------------[Agent Step 32_976]--------------------
Metrics filtered by: 'score|length|fps|ratio|train/loss/|train/rand/'
train/loss/con 0.02 / train/loss/dyn 1.17 / train/loss/policy 1.68 / train/loss/position 8.5e-3 / train/loss/rep 1.17 / train/loss/to_target 4.2e-3 / train/loss/value 0.47 / train/loss/velocity 0.01 / replay/replay_ratio 1040 / fps/policy 5.71 / fps/train 5842.85

Saving checkpoint: /scratch/midway3/rickybao/dreamerv3_runs/pilot_apt_reacher_seed1/ckpt/20260702T004348F858410
Writing metrics: /scratch/midway3/rickybao/dreamerv3_runs/pilot_apt_reacher_seed1/metrics.jsonl
Writing metrics: /scratch/midway3/rickybao/dreamerv3_runs/pilot_apt_reacher_seed1/scores.jsonl
Saved checkpoint.

--------------------[Agent Step 33_664]--------------------
Metrics filtered by: 'score|length|fps|ratio|train/loss/|train/rand/'
train/loss/con 0.02 / train/loss/dyn 1.17 / train/loss/policy 1.64 / train/loss/position 8.4e-3 / train/loss/rep 1.17 / train/loss/to_target 3.2e-3 / train/loss/value 0.95 / train/loss/velocity 0.01 / replay/replay_ratio 1040 / fps/policy 5.71 / fps/train 5844.1

Saving checkpoint: /scratch/midway3/rickybao/dreamerv3_runs/pilot_apt_reacher_seed1/ckpt/20260702T004549F409475
Writing metrics: /scratch/midway3/rickybao/dreamerv3_runs/pilot_apt_reacher_seed1/metrics.jsonl
Writing metrics: /scratch/midway3/rickybao/dreamerv3_runs/pilot_apt_reacher_seed1/scores.jsonl
Saved checkpoint.

--------------------[Agent Step 34_352]--------------------
Metrics filtered by: 'score|length|fps|ratio|train/loss/|train/rand/'
train/loss/con 0.02 / train/loss/dyn 1.16 / train/loss/policy 1.4 / train/loss/position 9.1e-3 / train/loss/rep 1.16 / train/loss/to_target 3.4e-3 / train/loss/value 0.92 / train/loss/velocity 0.02 / replay/replay_ratio 1040 / fps/policy 5.7 / fps/train 5836.47

Saving checkpoint: /scratch/midway3/rickybao/dreamerv3_runs/pilot_apt_reacher_seed1/ckpt/20260702T004750F118020
Writing metrics: /scratch/midway3/rickybao/dreamerv3_runs/pilot_apt_reacher_seed1/metrics.jsonl
Writing metrics: /scratch/midway3/rickybao/dreamerv3_runs/pilot_apt_reacher_seed1/scores.jsonl
Saved checkpoint.

--------------------[Agent Step 35_040]--------------------
Metrics filtered by: 'score|length|fps|ratio|train/loss/|train/rand/'
train/loss/con 0.02 / train/loss/dyn 1.14 / train/loss/policy 1.68 / train/loss/position 7.3e-3 / train/loss/rep 1.14 / train/loss/to_target 2.8e-3 / train/loss/value 0.42 / train/loss/velocity 0.01 / replay/replay_ratio 1040 / fps/policy 5.7 / fps/train 5837.25

Saving checkpoint: /scratch/midway3/rickybao/dreamerv3_runs/pilot_apt_reacher_seed1/ckpt/20260702T004950F810348
Writing metrics: /scratch/midway3/rickybao/dreamerv3_runs/pilot_apt_reacher_seed1/metrics.jsonl
Writing metrics: /scratch/midway3/rickybao/dreamerv3_runs/pilot_apt_reacher_seed1/scores.jsonl
Saved checkpoint.

--------------------[Agent Step 35_728]--------------------
Metrics filtered by: 'score|length|fps|ratio|train/loss/|train/rand/'
train/loss/con 0.02 / train/loss/dyn 1.15 / train/loss/policy 1.31 / train/loss/position 7.1e-3 / train/loss/rep 1.15 / train/loss/to_target 3e-3 / train/loss/value 1.19 / train/loss/velocity 0.01 / replay/replay_ratio 1040 / fps/policy 5.7 / fps/train 5841.01

Saving checkpoint: /scratch/midway3/rickybao/dreamerv3_runs/pilot_apt_reacher_seed1/ckpt/20260702T005151F425132
Writing metrics: /scratch/midway3/rickybao/dreamerv3_runs/pilot_apt_reacher_seed1/metrics.jsonl
Writing metrics: /scratch/midway3/rickybao/dreamerv3_runs/pilot_apt_reacher_seed1/scores.jsonl
Saved checkpoint.

--------------------[Agent Step 36_416]--------------------
Metrics filtered by: 'score|length|fps|ratio|train/loss/|train/rand/'
train/loss/con 0.02 / train/loss/dyn 1.2 / train/loss/policy 0.88 / train/loss/position 9.1e-3 / train/loss/rep 1.2 / train/loss/to_target 3.6e-3 / train/loss/value 1.15 / train/loss/velocity 0.02 / replay/replay_ratio 1040 / fps/policy 5.71 / fps/train 5846.57

Saving checkpoint: /scratch/midway3/rickybao/dreamerv3_runs/pilot_apt_reacher_seed1/ckpt/20260702T005351F925171
Writing metrics: /scratch/midway3/rickybao/dreamerv3_runs/pilot_apt_reacher_seed1/metrics.jsonl
Writing metrics: /scratch/midway3/rickybao/dreamerv3_runs/pilot_apt_reacher_seed1/scores.jsonl
Saved checkpoint.

--------------------[Agent Step 37_104]--------------------
Metrics filtered by: 'score|length|fps|ratio|train/loss/|train/rand/'
train/loss/con 0.02 / train/loss/dyn 1.15 / train/loss/policy 1.17 / train/loss/position 7.9e-3 / train/loss/rep 1.15 / train/loss/to_target 2e-3 / train/loss/value 0.28 / train/loss/velocity 0.01 / replay/replay_ratio 1040 / fps/policy 5.71 / fps/train 5845.33

Saving checkpoint: /scratch/midway3/rickybao/dreamerv3_runs/pilot_apt_reacher_seed1/ckpt/20260702T005552F450738
Writing metrics: /scratch/midway3/rickybao/dreamerv3_runs/pilot_apt_reacher_seed1/scores.jsonl
Writing metrics: /scratch/midway3/rickybao/dreamerv3_runs/pilot_apt_reacher_seed1/metrics.jsonl
Saved checkpoint.

--------------------[Agent Step 37_792]--------------------
Metrics filtered by: 'score|length|fps|ratio|train/loss/|train/rand/'
train/loss/con 0.02 / train/loss/dyn 1.14 / train/loss/policy 1.4 / train/loss/position 7.9e-3 / train/loss/rep 1.14 / train/loss/to_target 2e-3 / train/loss/value 0.5 / train/loss/velocity 0.01 / replay/replay_ratio 1040 / fps/policy 5.71 / fps/train 5844.97

Saving checkpoint: /scratch/midway3/rickybao/dreamerv3_runs/pilot_apt_reacher_seed1/ckpt/20260702T005752F983729
Writing metrics: /scratch/midway3/rickybao/dreamerv3_runs/pilot_apt_reacher_seed1/metrics.jsonl
Writing metrics: /scratch/midway3/rickybao/dreamerv3_runs/pilot_apt_reacher_seed1/scores.jsonl
Saved checkpoint.

--------------------[Agent Step 38_480]--------------------
Metrics filtered by: 'score|length|fps|ratio|train/loss/|train/rand/'
train/loss/con 0.02 / train/loss/dyn 1.18 / train/loss/policy 0.76 / train/loss/position 8.1e-3 / train/loss/rep 1.18 / train/loss/to_target 2.6e-3 / train/loss/value 1.06 / train/loss/velocity 0.02 / replay/replay_ratio 1040 / fps/policy 5.71 / fps/train 5847.17

Saving checkpoint: /scratch/midway3/rickybao/dreamerv3_runs/pilot_apt_reacher_seed1/ckpt/20260702T005953F471408
Writing metrics: /scratch/midway3/rickybao/dreamerv3_runs/pilot_apt_reacher_seed1/metrics.jsonl
Writing metrics: /scratch/midway3/rickybao/dreamerv3_runs/pilot_apt_reacher_seed1/scores.jsonl
Saved checkpoint.

--------------------[Agent Step 39_168]--------------------
Metrics filtered by: 'score|length|fps|ratio|train/loss/|train/rand/'
train/loss/con 0.02 / train/loss/dyn 1.2 / train/loss/policy 0.47 / train/loss/position 8.2e-3 / train/loss/rep 1.2 / train/loss/to_target 2.2e-3 / train/loss/value 1.31 / train/loss/velocity 0.01 / replay/replay_ratio 1040 / fps/policy 5.71 / fps/train 5843.91

Writing metrics: /scratch/midway3/rickybao/dreamerv3_runs/pilot_apt_reacher_seed1/metrics.jsonl
Saving checkpoint: /scratch/midway3/rickybao/dreamerv3_runs/pilot_apt_reacher_seed1/ckpt/20260702T010154F026370
Writing metrics: /scratch/midway3/rickybao/dreamerv3_runs/pilot_apt_reacher_seed1/scores.jsonl
Saved checkpoint.

--------------------[Agent Step 39_856]--------------------
Metrics filtered by: 'score|length|fps|ratio|train/loss/|train/rand/'
train/loss/con 0.02 / train/loss/dyn 1.23 / train/loss/policy 0.31 / train/loss/position 0.01 / train/loss/rep 1.23 / train/loss/to_target 2.4e-3 / train/loss/value 1.34 / train/loss/velocity 0.02 / replay/replay_ratio 1040 / fps/policy 5.71 / fps/train 5845.6

Saving checkpoint: /scratch/midway3/rickybao/dreamerv3_runs/pilot_apt_reacher_seed1/ckpt/20260702T010354F546526
Writing metrics: /scratch/midway3/rickybao/dreamerv3_runs/pilot_apt_reacher_seed1/metrics.jsonl
Writing metrics: /scratch/midway3/rickybao/dreamerv3_runs/pilot_apt_reacher_seed1/scores.jsonl
Saved checkpoint.

--------------------[Agent Step 40_544]--------------------
Metrics filtered by: 'score|length|fps|ratio|train/loss/|train/rand/'
train/loss/con 0.02 / train/loss/dyn 1.17 / train/loss/policy 0.22 / train/loss/position 9.2e-3 / train/loss/rep 1.17 / train/loss/to_target 1.7e-3 / train/loss/value 1.24 / train/loss/velocity 0.02 / replay/replay_ratio 1040 / fps/policy 5.71 / fps/train 5845.73

Saving checkpoint: /scratch/midway3/rickybao/dreamerv3_runs/pilot_apt_reacher_seed1/ckpt/20260702T010555F063840
Writing metrics: /scratch/midway3/rickybao/dreamerv3_runs/pilot_apt_reacher_seed1/metrics.jsonl
Writing metrics: /scratch/midway3/rickybao/dreamerv3_runs/pilot_apt_reacher_seed1/scores.jsonl
Saved checkpoint.

--------------------[Agent Step 41_232]--------------------
Metrics filtered by: 'score|length|fps|ratio|train/loss/|train/rand/'
train/loss/con 0.02 / train/loss/dyn 1.18 / train/loss/policy 0.17 / train/loss/position 8.5e-3 / train/loss/rep 1.18 / train/loss/to_target 1.9e-3 / train/loss/value 1.07 / train/loss/velocity 0.02 / replay/replay_ratio 1040 / fps/policy 5.7 / fps/train 5841.7

Saving checkpoint: /scratch/midway3/rickybao/dreamerv3_runs/pilot_apt_reacher_seed1/ckpt/20260702T010755F664564
Writing metrics: /scratch/midway3/rickybao/dreamerv3_runs/pilot_apt_reacher_seed1/metrics.jsonl
Writing metrics: /scratch/midway3/rickybao/dreamerv3_runs/pilot_apt_reacher_seed1/scores.jsonl
Saved checkpoint.

--------------------[Agent Step 41_920]--------------------
Metrics filtered by: 'score|length|fps|ratio|train/loss/|train/rand/'
train/loss/con 0.02 / train/loss/dyn 1.22 / train/loss/policy 0.13 / train/loss/position 8.9e-3 / train/loss/rep 1.22 / train/loss/to_target 1.9e-3 / train/loss/value 0.86 / train/loss/velocity 0.02 / replay/replay_ratio 1040 / fps/policy 5.7 / fps/train 5836.26

Saving checkpoint: /scratch/midway3/rickybao/dreamerv3_runs/pilot_apt_reacher_seed1/ckpt/20260702T010956F377404
Writing metrics: /scratch/midway3/rickybao/dreamerv3_runs/pilot_apt_reacher_seed1/metrics.jsonl
Writing metrics: /scratch/midway3/rickybao/dreamerv3_runs/pilot_apt_reacher_seed1/scores.jsonl
Saved checkpoint.

--------------------[Agent Step 42_608]--------------------
Metrics filtered by: 'score|length|fps|ratio|train/loss/|train/rand/'
train/loss/con 0.02 / train/loss/dyn 1.2 / train/loss/policy 0.11 / train/loss/position 8.9e-3 / train/loss/rep 1.2 / train/loss/to_target 1.7e-3 / train/loss/value 0.63 / train/loss/velocity 0.02 / replay/replay_ratio 1040 / fps/policy 5.71 / fps/train 5849.39

Saving checkpoint: /scratch/midway3/rickybao/dreamerv3_runs/pilot_apt_reacher_seed1/ckpt/20260702T011156F819435
Writing metrics: /scratch/midway3/rickybao/dreamerv3_runs/pilot_apt_reacher_seed1/scores.jsonl
Writing metrics: /scratch/midway3/rickybao/dreamerv3_runs/pilot_apt_reacher_seed1/metrics.jsonl
Saved checkpoint.

--------------------[Agent Step 43_296]--------------------
Metrics filtered by: 'score|length|fps|ratio|train/loss/|train/rand/'
train/loss/con 0.02 / train/loss/dyn 1.24 / train/loss/policy 0.09 / train/loss/position 9.7e-3 / train/loss/rep 1.24 / train/loss/to_target 1.9e-3 / train/loss/value 0.39 / train/loss/velocity 0.02 / replay/replay_ratio 1040 / fps/policy 5.71 / fps/train 5849.78

Writing metrics: /scratch/midway3/rickybao/dreamerv3_runs/pilot_apt_reacher_seed1/scores.jsonl
Writing metrics: /scratch/midway3/rickybao/dreamerv3_runs/pilot_apt_reacher_seed1/metrics.jsonl
Saving checkpoint: /scratch/midway3/rickybao/dreamerv3_runs/pilot_apt_reacher_seed1/ckpt/20260702T011357F253338
Saved checkpoint.

--------------------[Agent Step 43_984]--------------------
Metrics filtered by: 'score|length|fps|ratio|train/loss/|train/rand/'
train/loss/con 0.02 / train/loss/dyn 1.22 / train/loss/policy 0.09 / train/loss/position 9.5e-3 / train/loss/rep 1.22 / train/loss/to_target 1.6e-3 / train/loss/value 0.16 / train/loss/velocity 0.02 / replay/replay_ratio 1040 / fps/policy 5.72 / fps/train 5852.41

Writing metrics: /scratch/midway3/rickybao/dreamerv3_runs/pilot_apt_reacher_seed1/scores.jsonl
Saving checkpoint: /scratch/midway3/rickybao/dreamerv3_runs/pilot_apt_reacher_seed1/ckpt/20260702T011557F633079
Writing metrics: /scratch/midway3/rickybao/dreamerv3_runs/pilot_apt_reacher_seed1/metrics.jsonl
Saved checkpoint.

--------------------[Agent Step 44_672]--------------------
Metrics filtered by: 'score|length|fps|ratio|train/loss/|train/rand/'
train/loss/con 0.02 / train/loss/dyn 1.24 / train/loss/policy 0.14 / train/loss/position 0.01 / train/loss/rep 1.24 / train/loss/to_target 1.6e-3 / train/loss/value 0.07 / train/loss/velocity 0.02 / replay/replay_ratio 1040 / fps/policy 5.72 / fps/train 5852.54

Saving checkpoint: /scratch/midway3/rickybao/dreamerv3_runs/pilot_apt_reacher_seed1/ckpt/20260702T011758F010350
Writing metrics: /scratch/midway3/rickybao/dreamerv3_runs/pilot_apt_reacher_seed1/metrics.jsonl
Writing metrics: /scratch/midway3/rickybao/dreamerv3_runs/pilot_apt_reacher_seed1/scores.jsonl
Saved checkpoint.

--------------------[Agent Step 45_360]--------------------
Metrics filtered by: 'score|length|fps|ratio|train/loss/|train/rand/'
train/loss/con 0.02 / train/loss/dyn 1.24 / train/loss/policy 0.24 / train/loss/position 0.01 / train/loss/rep 1.24 / train/loss/to_target 1.5e-3 / train/loss/value 0.1 / train/loss/velocity 0.02 / replay/replay_ratio 1040 / fps/policy 5.72 / fps/train 5853.19

Writing metrics: /scratch/midway3/rickybao/dreamerv3_runs/pilot_apt_reacher_seed1/metrics.jsonl
Saving checkpoint: /scratch/midway3/rickybao/dreamerv3_runs/pilot_apt_reacher_seed1/ckpt/20260702T011958F374143
Writing metrics: /scratch/midway3/rickybao/dreamerv3_runs/pilot_apt_reacher_seed1/scores.jsonl
Saved checkpoint.

--------------------[Agent Step 46_048]--------------------
Metrics filtered by: 'score|length|fps|ratio|train/loss/|train/rand/'
train/loss/con 0.02 / train/loss/dyn 1.27 / train/loss/policy 0.12 / train/loss/position 0.01 / train/loss/rep 1.27 / train/loss/to_target 1.8e-3 / train/loss/value 0.21 / train/loss/velocity 0.02 / replay/replay_ratio 1040 / fps/policy 5.71 / fps/train 5851.08

Saving checkpoint: /scratch/midway3/rickybao/dreamerv3_runs/pilot_apt_reacher_seed1/ckpt/20260702T012158F781335
Writing metrics: /scratch/midway3/rickybao/dreamerv3_runs/pilot_apt_reacher_seed1/metrics.jsonl
Writing metrics: /scratch/midway3/rickybao/dreamerv3_runs/pilot_apt_reacher_seed1/scores.jsonl
Saved checkpoint.

--------------------[Agent Step 46_736]--------------------
Metrics filtered by: 'score|length|fps|ratio|train/loss/|train/rand/'
train/loss/con 0.02 / train/loss/dyn 1.23 / train/loss/policy 0.07 / train/loss/position 9.8e-3 / train/loss/rep 1.23 / train/loss/to_target 1.3e-3 / train/loss/value 0.32 / train/loss/velocity 0.02 / replay/replay_ratio 1040 / fps/policy 5.71 / fps/train 5849.48

Saving checkpoint: /scratch/midway3/rickybao/dreamerv3_runs/pilot_apt_reacher_seed1/ckpt/20260702T012359F221433
Writing metrics: /scratch/midway3/rickybao/dreamerv3_runs/pilot_apt_reacher_seed1/metrics.jsonl
Writing metrics: /scratch/midway3/rickybao/dreamerv3_runs/pilot_apt_reacher_seed1/scores.jsonl
Saved checkpoint.

--------------------[Agent Step 47_424]--------------------
Metrics filtered by: 'score|length|fps|ratio|train/loss/|train/rand/'
train/loss/con 0.02 / train/loss/dyn 1.2 / train/loss/policy 0.06 / train/loss/position 9.1e-3 / train/loss/rep 1.2 / train/loss/to_target 1.1e-3 / train/loss/value 0.41 / train/loss/velocity 0.01 / replay/replay_ratio 1040 / fps/policy 5.71 / fps/train 5851.58

Saving checkpoint: /scratch/midway3/rickybao/dreamerv3_runs/pilot_apt_reacher_seed1/ckpt/20260702T012559F618337
Writing metrics: /scratch/midway3/rickybao/dreamerv3_runs/pilot_apt_reacher_seed1/metrics.jsonl
Writing metrics: /scratch/midway3/rickybao/dreamerv3_runs/pilot_apt_reacher_seed1/scores.jsonl
Saved checkpoint.

--------------------[Agent Step 48_112]--------------------
Metrics filtered by: 'score|length|fps|ratio|train/loss/|train/rand/'
episode/score 0 / episode/length 1001 / train/loss/con 0.02 / train/loss/dyn 1.28 / train/loss/policy 0.03 / train/loss/position 0.01 / train/loss/rep 1.28 / train/loss/to_target 1.4e-3 / train/loss/value 0.49 / train/loss/velocity 0.02 / replay/replay_ratio 1040 / fps/policy 5.71 / fps/train 5842.36

Saving checkpoint: /scratch/midway3/rickybao/dreamerv3_runs/pilot_apt_reacher_seed1/ckpt/20260702T012800F205328
Writing metrics: /scratch/midway3/rickybao/dreamerv3_runs/pilot_apt_reacher_seed1/metrics.jsonl
Writing metrics: /scratch/midway3/rickybao/dreamerv3_runs/pilot_apt_reacher_seed1/scores.jsonl
Saved checkpoint.

--------------------[Agent Step 48_800]--------------------
Metrics filtered by: 'score|length|fps|ratio|train/loss/|train/rand/'
train/loss/con 0.02 / train/loss/dyn 1.23 / train/loss/policy 0.03 / train/loss/position 9.5e-3 / train/loss/rep 1.23 / train/loss/to_target 1.2e-3 / train/loss/value 0.55 / train/loss/velocity 0.01 / replay/replay_ratio 1040 / fps/policy 5.7 / fps/train 5832.49

Saving checkpoint: /scratch/midway3/rickybao/dreamerv3_runs/pilot_apt_reacher_seed1/ckpt/20260702T013000F996106
Writing metrics: /scratch/midway3/rickybao/dreamerv3_runs/pilot_apt_reacher_seed1/metrics.jsonl
Writing metrics: /scratch/midway3/rickybao/dreamerv3_runs/pilot_apt_reacher_seed1/scores.jsonl
Saved checkpoint.

--------------------[Agent Step 49_488]--------------------
Metrics filtered by: 'score|length|fps|ratio|train/loss/|train/rand/'
train/loss/con 0.02 / train/loss/dyn 1.24 / train/loss/policy 0.02 / train/loss/position 1e-2 / train/loss/rep 1.24 / train/loss/to_target 1.1e-3 / train/loss/value 0.61 / train/loss/velocity 0.02 / replay/replay_ratio 1040 / fps/policy 5.71 / fps/train 5844.32

Saving checkpoint: /scratch/midway3/rickybao/dreamerv3_runs/pilot_apt_reacher_seed1/ckpt/20260702T013201F542559
Writing metrics: /scratch/midway3/rickybao/dreamerv3_runs/pilot_apt_reacher_seed1/scores.jsonl
Writing metrics: /scratch/midway3/rickybao/dreamerv3_runs/pilot_apt_reacher_seed1/metrics.jsonl
Saved checkpoint.

--------------------[Agent Step 50_176]--------------------
Metrics filtered by: 'score|length|fps|ratio|train/loss/|train/rand/'
train/loss/con 0.02 / train/loss/dyn 1.19 / train/loss/policy 0.02 / train/loss/position 8.5e-3 / train/loss/rep 1.19 / train/loss/to_target 9.3e-4 / train/loss/value 0.66 / train/loss/velocity 0.01 / replay/replay_ratio 1040 / fps/policy 5.71 / fps/train 5845.47

Saving checkpoint: /scratch/midway3/rickybao/dreamerv3_runs/pilot_apt_reacher_seed1/ckpt/20260702T013402F065441
Writing metrics: /scratch/midway3/rickybao/dreamerv3_runs/pilot_apt_reacher_seed1/metrics.jsonl
Writing metrics: /scratch/midway3/rickybao/dreamerv3_runs/pilot_apt_reacher_seed1/scores.jsonl
Saved checkpoint.

--------------------[Agent Step 50_864]--------------------
Metrics filtered by: 'score|length|fps|ratio|train/loss/|train/rand/'
train/loss/con 0.02 / train/loss/dyn 1.19 / train/loss/policy 0.02 / train/loss/position 9.5e-3 / train/loss/rep 1.19 / train/loss/to_target 9.2e-4 / train/loss/value 0.71 / train/loss/velocity 0.01 / replay/replay_ratio 1040 / fps/policy 5.71 / fps/train 5852.04

Writing metrics: /scratch/midway3/rickybao/dreamerv3_runs/pilot_apt_reacher_seed1/metrics.jsonl
Saving checkpoint: /scratch/midway3/rickybao/dreamerv3_runs/pilot_apt_reacher_seed1/ckpt/20260702T013602F452904
Writing metrics: /scratch/midway3/rickybao/dreamerv3_runs/pilot_apt_reacher_seed1/scores.jsonl
Saved checkpoint.

--------------------[Agent Step 51_552]--------------------
Metrics filtered by: 'score|length|fps|ratio|train/loss/|train/rand/'
train/loss/con 0.02 / train/loss/dyn 1.16 / train/loss/policy 0.02 / train/loss/position 7.9e-3 / train/loss/rep 1.16 / train/loss/to_target 9.5e-4 / train/loss/value 0.75 / train/loss/velocity 0.01 / replay/replay_ratio 1040 / fps/policy 5.71 / fps/train 5851.31

Saving checkpoint: /scratch/midway3/rickybao/dreamerv3_runs/pilot_apt_reacher_seed1/ckpt/20260702T013802F855276
Writing metrics: /scratch/midway3/rickybao/dreamerv3_runs/pilot_apt_reacher_seed1/metrics.jsonl
Writing metrics: /scratch/midway3/rickybao/dreamerv3_runs/pilot_apt_reacher_seed1/scores.jsonl
Saved checkpoint.

--------------------[Agent Step 52_240]--------------------
Metrics filtered by: 'score|length|fps|ratio|train/loss/|train/rand/'
train/loss/con 0.02 / train/loss/dyn 1.17 / train/loss/policy 0.02 / train/loss/position 8e-3 / train/loss/rep 1.17 / train/loss/to_target 8.6e-4 / train/loss/value 0.79 / train/loss/velocity 0.01 / replay/replay_ratio 1040 / fps/policy 5.71 / fps/train 5847.39

Saving checkpoint: /scratch/midway3/rickybao/dreamerv3_runs/pilot_apt_reacher_seed1/ckpt/20260702T014003F338305
Writing metrics: /scratch/midway3/rickybao/dreamerv3_runs/pilot_apt_reacher_seed1/metrics.jsonl
Writing metrics: /scratch/midway3/rickybao/dreamerv3_runs/pilot_apt_reacher_seed1/scores.jsonl
Saved checkpoint.

--------------------[Agent Step 52_928]--------------------
Metrics filtered by: 'score|length|fps|ratio|train/loss/|train/rand/'
train/loss/con 0.02 / train/loss/dyn 1.14 / train/loss/policy 0.01 / train/loss/position 8e-3 / train/loss/rep 1.14 / train/loss/to_target 8.5e-4 / train/loss/value 0.82 / train/loss/velocity 0.01 / replay/replay_ratio 1040 / fps/policy 5.72 / fps/train 5854

Saving checkpoint: /scratch/midway3/rickybao/dreamerv3_runs/pilot_apt_reacher_seed1/ckpt/20260702T014203F685397
Writing metrics: /scratch/midway3/rickybao/dreamerv3_runs/pilot_apt_reacher_seed1/metrics.jsonl
Writing metrics: /scratch/midway3/rickybao/dreamerv3_runs/pilot_apt_reacher_seed1/scores.jsonl
Saved checkpoint.

--------------------[Agent Step 53_616]--------------------
Metrics filtered by: 'score|length|fps|ratio|train/loss/|train/rand/'
train/loss/con 0.02 / train/loss/dyn 1.11 / train/loss/policy 0.01 / train/loss/position 7.1e-3 / train/loss/rep 1.11 / train/loss/to_target 7.1e-4 / train/loss/value 0.84 / train/loss/velocity 0.01 / replay/replay_ratio 1040 / fps/policy 5.72 / fps/train 5856.68

Writing metrics: /scratch/midway3/rickybao/dreamerv3_runs/pilot_apt_reacher_seed1/scores.jsonl
Writing metrics: /scratch/midway3/rickybao/dreamerv3_runs/pilot_apt_reacher_seed1/metrics.jsonl
Saving checkpoint: /scratch/midway3/rickybao/dreamerv3_runs/pilot_apt_reacher_seed1/ckpt/20260702T014403F977376
Saved checkpoint.

--------------------[Agent Step 54_304]--------------------
Metrics filtered by: 'score|length|fps|ratio|train/loss/|train/rand/'
train/loss/con 0.02 / train/loss/dyn 1.14 / train/loss/policy 3.5e-3 / train/loss/position 7.8e-3 / train/loss/rep 1.14 / train/loss/to_target 7.9e-4 / train/loss/value 0.86 / train/loss/velocity 0.01 / replay/replay_ratio 1040 / fps/policy 5.71 / fps/train 5850.9

Saving checkpoint: /scratch/midway3/rickybao/dreamerv3_runs/pilot_apt_reacher_seed1/ckpt/20260702T014604F388305
Writing metrics: /scratch/midway3/rickybao/dreamerv3_runs/pilot_apt_reacher_seed1/metrics.jsonl
Writing metrics: /scratch/midway3/rickybao/dreamerv3_runs/pilot_apt_reacher_seed1/scores.jsonl
Saved checkpoint.

--------------------[Agent Step 54_992]--------------------
Metrics filtered by: 'score|length|fps|ratio|train/loss/|train/rand/'
train/loss/con 0.02 / train/loss/dyn 1.06 / train/loss/policy 6.8e-3 / train/loss/position 6.2e-3 / train/loss/rep 1.06 / train/loss/to_target 5.9e-4 / train/loss/value 0.87 / train/loss/velocity 0.01 / replay/replay_ratio 1040 / fps/policy 5.71 / fps/train 5850.22

Saving checkpoint: /scratch/midway3/rickybao/dreamerv3_runs/pilot_apt_reacher_seed1/ckpt/20260702T014804F813324
Writing metrics: /scratch/midway3/rickybao/dreamerv3_runs/pilot_apt_reacher_seed1/scores.jsonl
Writing metrics: /scratch/midway3/rickybao/dreamerv3_runs/pilot_apt_reacher_seed1/metrics.jsonl
Saved checkpoint.

--------------------[Agent Step 55_680]--------------------
Metrics filtered by: 'score|length|fps|ratio|train/loss/|train/rand/'
train/loss/con 0.02 / train/loss/dyn 1.07 / train/loss/policy 3.7e-3 / train/loss/position 5.5e-3 / train/loss/rep 1.07 / train/loss/to_target 5.7e-4 / train/loss/value 0.88 / train/loss/velocity 9.6e-3 / replay/replay_ratio 1040 / fps/policy 5.71 / fps/train 5850.09

Saving checkpoint: /scratch/midway3/rickybao/dreamerv3_runs/pilot_apt_reacher_seed1/ckpt/20260702T015005F240920
Writing metrics: /scratch/midway3/rickybao/dreamerv3_runs/pilot_apt_reacher_seed1/scores.jsonl
Writing metrics: /scratch/midway3/rickybao/dreamerv3_runs/pilot_apt_reacher_seed1/metrics.jsonl
Saved checkpoint.

--------------------[Agent Step 56_368]--------------------
Metrics filtered by: 'score|length|fps|ratio|train/loss/|train/rand/'
train/loss/con 0.02 / train/loss/dyn 1.08 / train/loss/policy 1.9e-3 / train/loss/position 6e-3 / train/loss/rep 1.08 / train/loss/to_target 6e-4 / train/loss/value 0.89 / train/loss/velocity 9.8e-3 / replay/replay_ratio 1040 / fps/policy 5.71 / fps/train 5851.65

Saving checkpoint: /scratch/midway3/rickybao/dreamerv3_runs/pilot_apt_reacher_seed1/ckpt/20260702T015205F636401
Writing metrics: /scratch/midway3/rickybao/dreamerv3_runs/pilot_apt_reacher_seed1/metrics.jsonl
Writing metrics: /scratch/midway3/rickybao/dreamerv3_runs/pilot_apt_reacher_seed1/scores.jsonl
Saved checkpoint.

--------------------[Agent Step 57_056]--------------------
Metrics filtered by: 'score|length|fps|ratio|train/loss/|train/rand/'
train/loss/con 0.02 / train/loss/dyn 1.08 / train/loss/policy 3.4e-3 / train/loss/position 5.3e-3 / train/loss/rep 1.08 / train/loss/to_target 5.9e-4 / train/loss/value 0.89 / train/loss/velocity 9.3e-3 / replay/replay_ratio 1040 / fps/policy 5.71 / fps/train 5848.85

Saving checkpoint: /scratch/midway3/rickybao/dreamerv3_runs/pilot_apt_reacher_seed1/ckpt/20260702T015406F089415
Writing metrics: /scratch/midway3/rickybao/dreamerv3_runs/pilot_apt_reacher_seed1/metrics.jsonl
Writing metrics: /scratch/midway3/rickybao/dreamerv3_runs/pilot_apt_reacher_seed1/scores.jsonl
Saved checkpoint.

--------------------[Agent Step 57_744]--------------------
Metrics filtered by: 'score|length|fps|ratio|train/loss/|train/rand/'
train/loss/con 0.02 / train/loss/dyn 1.07 / train/loss/policy 2.2e-3 / train/loss/position 5.4e-3 / train/loss/rep 1.07 / train/loss/to_target 5.4e-4 / train/loss/value 0.9 / train/loss/velocity 9.4e-3 / replay/replay_ratio 1040 / fps/policy 5.71 / fps/train 5849.51

Saving checkpoint: /scratch/midway3/rickybao/dreamerv3_runs/pilot_apt_reacher_seed1/ckpt/20260702T015606F528963
Writing metrics: /scratch/midway3/rickybao/dreamerv3_runs/pilot_apt_reacher_seed1/metrics.jsonl
Writing metrics: /scratch/midway3/rickybao/dreamerv3_runs/pilot_apt_reacher_seed1/scores.jsonl
Saved checkpoint.

--------------------[Agent Step 58_432]--------------------
Metrics filtered by: 'score|length|fps|ratio|train/loss/|train/rand/'
train/loss/con 0.02 / train/loss/dyn 1.09 / train/loss/policy 3.6e-3 / train/loss/position 6.3e-3 / train/loss/rep 1.09 / train/loss/to_target 7.4e-4 / train/loss/value 0.91 / train/loss/velocity 0.01 / replay/replay_ratio 1040 / fps/policy 5.71 / fps/train 5851.17

Saving checkpoint: /scratch/midway3/rickybao/dreamerv3_runs/pilot_apt_reacher_seed1/ckpt/20260702T015806F934196
Writing metrics: /scratch/midway3/rickybao/dreamerv3_runs/pilot_apt_reacher_seed1/metrics.jsonl
Writing metrics: /scratch/midway3/rickybao/dreamerv3_runs/pilot_apt_reacher_seed1/scores.jsonl
Saved checkpoint.

--------------------[Agent Step 59_120]--------------------
Metrics filtered by: 'score|length|fps|ratio|train/loss/|train/rand/'
train/loss/con 0.02 / train/loss/dyn 1.03 / train/loss/policy 3.3e-3 / train/loss/position 4.3e-3 / train/loss/rep 1.03 / train/loss/to_target 4.8e-4 / train/loss/value 0.92 / train/loss/velocity 7.8e-3 / replay/replay_ratio 1040 / fps/policy 5.71 / fps/train 5848.74

Writing metrics: /scratch/midway3/rickybao/dreamerv3_runs/pilot_apt_reacher_seed1/metrics.jsonl
Writing metrics: /scratch/midway3/rickybao/dreamerv3_runs/pilot_apt_reacher_seed1/scores.jsonl
Saving checkpoint: /scratch/midway3/rickybao/dreamerv3_runs/pilot_apt_reacher_seed1/ckpt/20260702T020007F389544
Saved checkpoint.

--------------------[Agent Step 59_808]--------------------
Metrics filtered by: 'score|length|fps|ratio|train/loss/|train/rand/'
train/loss/con 0.02 / train/loss/dyn 1.03 / train/loss/policy 2.8e-3 / train/loss/position 3.8e-3 / train/loss/rep 1.03 / train/loss/to_target 4.6e-4 / train/loss/value 0.92 / train/loss/velocity 7.1e-3 / replay/replay_ratio 1040 / fps/policy 5.71 / fps/train 5848.04

Saving checkpoint: /scratch/midway3/rickybao/dreamerv3_runs/pilot_apt_reacher_seed1/ckpt/20260702T020207F859183
Writing metrics: /scratch/midway3/rickybao/dreamerv3_runs/pilot_apt_reacher_seed1/metrics.jsonl
Writing metrics: /scratch/midway3/rickybao/dreamerv3_runs/pilot_apt_reacher_seed1/scores.jsonl
Saved checkpoint.

--------------------[Agent Step 60_496]--------------------
Metrics filtered by: 'score|length|fps|ratio|train/loss/|train/rand/'
train/loss/con 0.02 / train/loss/dyn 1.03 / train/loss/policy 8.7e-5 / train/loss/position 3.9e-3 / train/loss/rep 1.03 / train/loss/to_target 4.5e-4 / train/loss/value 0.93 / train/loss/velocity 6.8e-3 / replay/replay_ratio 1040 / fps/policy 5.72 / fps/train 5852.64

Saving checkpoint: /scratch/midway3/rickybao/dreamerv3_runs/pilot_apt_reacher_seed1/ckpt/20260702T020408F234314
Writing metrics: /scratch/midway3/rickybao/dreamerv3_runs/pilot_apt_reacher_seed1/metrics.jsonl
Writing metrics: /scratch/midway3/rickybao/dreamerv3_runs/pilot_apt_reacher_seed1/scores.jsonl
Saved checkpoint.

--------------------[Agent Step 61_184]--------------------
Metrics filtered by: 'score|length|fps|ratio|train/loss/|train/rand/'
train/loss/con 0.02 / train/loss/dyn 1.03 / train/loss/policy -4.5e-4 / train/loss/position 3.7e-3 / train/loss/rep 1.03 / train/loss/to_target 4.4e-4 / train/loss/value 0.93 / train/loss/velocity 6.5e-3 / replay/replay_ratio 1040 / fps/policy 5.71 / fps/train 5849.87

Saving checkpoint: /scratch/midway3/rickybao/dreamerv3_runs/pilot_apt_reacher_seed1/ckpt/20260702T020608F666457
Writing metrics: /scratch/midway3/rickybao/dreamerv3_runs/pilot_apt_reacher_seed1/scores.jsonl
Writing metrics: /scratch/midway3/rickybao/dreamerv3_runs/pilot_apt_reacher_seed1/metrics.jsonl
Saved checkpoint.

--------------------[Agent Step 61_872]--------------------
Metrics filtered by: 'score|length|fps|ratio|train/loss/|train/rand/'
train/loss/con 0.02 / train/loss/dyn 1.03 / train/loss/policy -9.4e-4 / train/loss/position 3.5e-3 / train/loss/rep 1.03 / train/loss/to_target 4.3e-4 / train/loss/value 0.93 / train/loss/velocity 6.1e-3 / replay/replay_ratio 1040 / fps/policy 5.71 / fps/train 5850.27

Writing metrics: /scratch/midway3/rickybao/dreamerv3_runs/pilot_apt_reacher_seed1/metrics.jsonl
Saving checkpoint: /scratch/midway3/rickybao/dreamerv3_runs/pilot_apt_reacher_seed1/ckpt/20260702T020809F090266
Writing metrics: /scratch/midway3/rickybao/dreamerv3_runs/pilot_apt_reacher_seed1/scores.jsonl
Saved checkpoint.

--------------------[Agent Step 62_560]--------------------
Metrics filtered by: 'score|length|fps|ratio|train/loss/|train/rand/'
train/loss/con 0.02 / train/loss/dyn 1.03 / train/loss/policy 9.4e-4 / train/loss/position 3.4e-3 / train/loss/rep 1.03 / train/loss/to_target 4.2e-4 / train/loss/value 0.93 / train/loss/velocity 6.1e-3 / replay/replay_ratio 1040 / fps/policy 5.71 / fps/train 5849.78

Writing metrics: /scratch/midway3/rickybao/dreamerv3_runs/pilot_apt_reacher_seed1/metrics.jsonl
Saving checkpoint: /scratch/midway3/rickybao/dreamerv3_runs/pilot_apt_reacher_seed1/ckpt/20260702T021009F524149
Writing metrics: /scratch/midway3/rickybao/dreamerv3_runs/pilot_apt_reacher_seed1/scores.jsonl
Saved checkpoint.

--------------------[Agent Step 63_248]--------------------
Metrics filtered by: 'score|length|fps|ratio|train/loss/|train/rand/'
train/loss/con 0.02 / train/loss/dyn 1.03 / train/loss/policy 2.6e-3 / train/loss/position 3.4e-3 / train/loss/rep 1.03 / train/loss/to_target 4.1e-4 / train/loss/value 0.93 / train/loss/velocity 5.9e-3 / replay/replay_ratio 1040 / fps/policy 5.71 / fps/train 5850.01

Saving checkpoint: /scratch/midway3/rickybao/dreamerv3_runs/pilot_apt_reacher_seed1/ckpt/20260702T021209F953315
Writing metrics: /scratch/midway3/rickybao/dreamerv3_runs/pilot_apt_reacher_seed1/metrics.jsonl
Writing metrics: /scratch/midway3/rickybao/dreamerv3_runs/pilot_apt_reacher_seed1/scores.jsonl
Saved checkpoint.

--------------------[Agent Step 63_936]--------------------
Metrics filtered by: 'score|length|fps|ratio|train/loss/|train/rand/'
train/loss/con 0.02 / train/loss/dyn 1.03 / train/loss/policy 4.3e-3 / train/loss/position 3.3e-3 / train/loss/rep 1.03 / train/loss/to_target 4e-4 / train/loss/value 0.94 / train/loss/velocity 5.7e-3 / replay/replay_ratio 1040 / fps/policy 5.71 / fps/train 5850.64

Saving checkpoint: /scratch/midway3/rickybao/dreamerv3_runs/pilot_apt_reacher_seed1/ckpt/20260702T021410F369489
Writing metrics: /scratch/midway3/rickybao/dreamerv3_runs/pilot_apt_reacher_seed1/metrics.jsonl
Writing metrics: /scratch/midway3/rickybao/dreamerv3_runs/pilot_apt_reacher_seed1/scores.jsonl
Saved checkpoint.

--------------------[Agent Step 64_624]--------------------
Metrics filtered by: 'score|length|fps|ratio|train/loss/|train/rand/'
episode/score 0 / episode/length 1001 / train/loss/con 0.02 / train/loss/dyn 1.03 / train/loss/policy 3.7e-3 / train/loss/position 3.1e-3 / train/loss/rep 1.03 / train/loss/to_target 4e-4 / train/loss/value 0.94 / train/loss/velocity 5.6e-3 / replay/replay_ratio 1040 / fps/policy 5.71 / fps/train 5846.03

Saving checkpoint: /scratch/midway3/rickybao/dreamerv3_runs/pilot_apt_reacher_seed1/ckpt/20260702T021610F880835
Writing metrics: /scratch/midway3/rickybao/dreamerv3_runs/pilot_apt_reacher_seed1/metrics.jsonl
Writing metrics: /scratch/midway3/rickybao/dreamerv3_runs/pilot_apt_reacher_seed1/scores.jsonl
Saved checkpoint.

--------------------[Agent Step 65_312]--------------------
Metrics filtered by: 'score|length|fps|ratio|train/loss/|train/rand/'
train/loss/con 0.02 / train/loss/dyn 1.03 / train/loss/policy 4.9e-3 / train/loss/position 3.2e-3 / train/loss/rep 1.03 / train/loss/to_target 4e-4 / train/loss/value 0.95 / train/loss/velocity 5.5e-3 / replay/replay_ratio 1040 / fps/policy 5.71 / fps/train 5851.63

Saving checkpoint: /scratch/midway3/rickybao/dreamerv3_runs/pilot_apt_reacher_seed1/ckpt/20260702T021811F276574
Writing metrics: /scratch/midway3/rickybao/dreamerv3_runs/pilot_apt_reacher_seed1/metrics.jsonl
Writing metrics: /scratch/midway3/rickybao/dreamerv3_runs/pilot_apt_reacher_seed1/scores.jsonl
Saved checkpoint.

--------------------[Agent Step 66_000]--------------------
Metrics filtered by: 'score|length|fps|ratio|train/loss/|train/rand/'
train/loss/con 0.02 / train/loss/dyn 1.03 / train/loss/policy 4.6e-3 / train/loss/position 3.2e-3 / train/loss/rep 1.03 / train/loss/to_target 3.9e-4 / train/loss/value 0.96 / train/loss/velocity 5.6e-3 / replay/replay_ratio 1040 / fps/policy 5.71 / fps/train 5851.37

Writing metrics: /scratch/midway3/rickybao/dreamerv3_runs/pilot_apt_reacher_seed1/scores.jsonl
Saving checkpoint: /scratch/midway3/rickybao/dreamerv3_runs/pilot_apt_reacher_seed1/ckpt/20260702T022011F677810
Writing metrics: /scratch/midway3/rickybao/dreamerv3_runs/pilot_apt_reacher_seed1/metrics.jsonl
Saved checkpoint.

--------------------[Agent Step 66_688]--------------------
Metrics filtered by: 'score|length|fps|ratio|train/loss/|train/rand/'
train/loss/con 0.02 / train/loss/dyn 1.03 / train/loss/policy 3.6e-3 / train/loss/position 3e-3 / train/loss/rep 1.03 / train/loss/to_target 3.9e-4 / train/loss/value 0.96 / train/loss/velocity 5.2e-3 / replay/replay_ratio 1040 / fps/policy 5.71 / fps/train 5851.06

Saving checkpoint: /scratch/midway3/rickybao/dreamerv3_runs/pilot_apt_reacher_seed1/ckpt/20260702T022212F085249
Writing metrics: /scratch/midway3/rickybao/dreamerv3_runs/pilot_apt_reacher_seed1/metrics.jsonl
Writing metrics: /scratch/midway3/rickybao/dreamerv3_runs/pilot_apt_reacher_seed1/scores.jsonl
Saved checkpoint.

--------------------[Agent Step 67_376]--------------------
Metrics filtered by: 'score|length|fps|ratio|train/loss/|train/rand/'
train/loss/con 0.02 / train/loss/dyn 1.03 / train/loss/policy 3.5e-3 / train/loss/position 2.9e-3 / train/loss/rep 1.03 / train/loss/to_target 3.8e-4 / train/loss/value 0.97 / train/loss/velocity 5.4e-3 / replay/replay_ratio 1040 / fps/policy 5.71 / fps/train 5851.76

Saving checkpoint: /scratch/midway3/rickybao/dreamerv3_runs/pilot_apt_reacher_seed1/ckpt/20260702T022412F478391
Writing metrics: /scratch/midway3/rickybao/dreamerv3_runs/pilot_apt_reacher_seed1/metrics.jsonl
Writing metrics: /scratch/midway3/rickybao/dreamerv3_runs/pilot_apt_reacher_seed1/scores.jsonl
Saved checkpoint.

--------------------[Agent Step 68_064]--------------------
Metrics filtered by: 'score|length|fps|ratio|train/loss/|train/rand/'
train/loss/con 0.02 / train/loss/dyn 1.03 / train/loss/policy 1.6e-3 / train/loss/position 2.8e-3 / train/loss/rep 1.03 / train/loss/to_target 3.8e-4 / train/loss/value 0.98 / train/loss/velocity 5.1e-3 / replay/replay_ratio 1040 / fps/policy 5.71 / fps/train 5852.12

Saving checkpoint: /scratch/midway3/rickybao/dreamerv3_runs/pilot_apt_reacher_seed1/ckpt/20260702T022612F864041
Writing metrics: /scratch/midway3/rickybao/dreamerv3_runs/pilot_apt_reacher_seed1/scores.jsonl
Writing metrics: /scratch/midway3/rickybao/dreamerv3_runs/pilot_apt_reacher_seed1/metrics.jsonl
Saved checkpoint.

--------------------[Agent Step 68_752]--------------------
Metrics filtered by: 'score|length|fps|ratio|train/loss/|train/rand/'
train/loss/con 0.02 / train/loss/dyn 1.03 / train/loss/policy 1.3e-3 / train/loss/position 2.7e-3 / train/loss/rep 1.03 / train/loss/to_target 3.7e-4 / train/loss/value 0.98 / train/loss/velocity 5e-3 / replay/replay_ratio 1040 / fps/policy 5.71 / fps/train 5844.24

Saving checkpoint: /scratch/midway3/rickybao/dreamerv3_runs/pilot_apt_reacher_seed1/ckpt/20260702T022813F412258
Writing metrics: /scratch/midway3/rickybao/dreamerv3_runs/pilot_apt_reacher_seed1/metrics.jsonl
Writing metrics: /scratch/midway3/rickybao/dreamerv3_runs/pilot_apt_reacher_seed1/scores.jsonl
Saved checkpoint.

--------------------[Agent Step 69_440]--------------------
Metrics filtered by: 'score|length|fps|ratio|train/loss/|train/rand/'
train/loss/con 0.02 / train/loss/dyn 1.03 / train/loss/policy 4.4e-4 / train/loss/position 2.8e-3 / train/loss/rep 1.03 / train/loss/to_target 3.6e-4 / train/loss/value 0.98 / train/loss/velocity 5.1e-3 / replay/replay_ratio 1040 / fps/policy 5.71 / fps/train 5846.29

Saving checkpoint: /scratch/midway3/rickybao/dreamerv3_runs/pilot_apt_reacher_seed1/ckpt/20260702T023013F918136
Writing metrics: /scratch/midway3/rickybao/dreamerv3_runs/pilot_apt_reacher_seed1/metrics.jsonl
Writing metrics: /scratch/midway3/rickybao/dreamerv3_runs/pilot_apt_reacher_seed1/scores.jsonl
Saved checkpoint.

--------------------[Agent Step 70_128]--------------------
Metrics filtered by: 'score|length|fps|ratio|train/loss/|train/rand/'
train/loss/con 0.02 / train/loss/dyn 1.03 / train/loss/policy 1.2e-3 / train/loss/position 2.7e-3 / train/loss/rep 1.03 / train/loss/to_target 3.6e-4 / train/loss/value 0.99 / train/loss/velocity 4.9e-3 / replay/replay_ratio 1040 / fps/policy 5.71 / fps/train 5845.12

Saving checkpoint: /scratch/midway3/rickybao/dreamerv3_runs/pilot_apt_reacher_seed1/ckpt/20260702T023214F448183
Writing metrics: /scratch/midway3/rickybao/dreamerv3_runs/pilot_apt_reacher_seed1/metrics.jsonl
Writing metrics: /scratch/midway3/rickybao/dreamerv3_runs/pilot_apt_reacher_seed1/scores.jsonl
Saved checkpoint.

--------------------[Agent Step 70_816]--------------------
Metrics filtered by: 'score|length|fps|ratio|train/loss/|train/rand/'
train/loss/con 0.02 / train/loss/dyn 1.02 / train/loss/policy -6.2e-4 / train/loss/position 2.6e-3 / train/loss/rep 1.02 / train/loss/to_target 3.6e-4 / train/loss/value 0.99 / train/loss/velocity 4.9e-3 / replay/replay_ratio 1040 / fps/policy 5.71 / fps/train 5843.92

Saving checkpoint: /scratch/midway3/rickybao/dreamerv3_runs/pilot_apt_reacher_seed1/ckpt/20260702T023415F002874
Writing metrics: /scratch/midway3/rickybao/dreamerv3_runs/pilot_apt_reacher_seed1/metrics.jsonl
Writing metrics: /scratch/midway3/rickybao/dreamerv3_runs/pilot_apt_reacher_seed1/scores.jsonl
Saved checkpoint.

--------------------[Agent Step 71_504]--------------------
Metrics filtered by: 'score|length|fps|ratio|train/loss/|train/rand/'
train/loss/con 0.02 / train/loss/dyn 1.02 / train/loss/policy -6.4e-4 / train/loss/position 2.5e-3 / train/loss/rep 1.02 / train/loss/to_target 3.5e-4 / train/loss/value 0.99 / train/loss/velocity 4.8e-3 / replay/replay_ratio 1040 / fps/policy 5.71 / fps/train 5843.45

Saving checkpoint: /scratch/midway3/rickybao/dreamerv3_runs/pilot_apt_reacher_seed1/ckpt/20260702T023615F567270
Writing metrics: /scratch/midway3/rickybao/dreamerv3_runs/pilot_apt_reacher_seed1/metrics.jsonl
Writing metrics: /scratch/midway3/rickybao/dreamerv3_runs/pilot_apt_reacher_seed1/scores.jsonl
Saved checkpoint.

--------------------[Agent Step 72_192]--------------------
Metrics filtered by: 'score|length|fps|ratio|train/loss/|train/rand/'
train/loss/con 0.02 / train/loss/dyn 1.02 / train/loss/policy -1.7e-3 / train/loss/position 2.5e-3 / train/loss/rep 1.02 / train/loss/to_target 3.5e-4 / train/loss/value 0.99 / train/loss/velocity 4.6e-3 / replay/replay_ratio 1040 / fps/policy 5.71 / fps/train 5843.33

Saving checkpoint: /scratch/midway3/rickybao/dreamerv3_runs/pilot_apt_reacher_seed1/ckpt/20260702T023816F134117
Writing metrics: /scratch/midway3/rickybao/dreamerv3_runs/pilot_apt_reacher_seed1/metrics.jsonl
Writing metrics: /scratch/midway3/rickybao/dreamerv3_runs/pilot_apt_reacher_seed1/scores.jsonl
Saved checkpoint.

--------------------[Agent Step 72_880]--------------------
Metrics filtered by: 'score|length|fps|ratio|train/loss/|train/rand/'
train/loss/con 0.02 / train/loss/dyn 1.02 / train/loss/policy -1.5e-3 / train/loss/position 2.5e-3 / train/loss/rep 1.02 / train/loss/to_target 3.5e-4 / train/loss/value 0.99 / train/loss/velocity 4.8e-3 / replay/replay_ratio 1040 / fps/policy 5.71 / fps/train 5845.51

Saving checkpoint: /scratch/midway3/rickybao/dreamerv3_runs/pilot_apt_reacher_seed1/ckpt/20260702T024016F656102
Writing metrics: /scratch/midway3/rickybao/dreamerv3_runs/pilot_apt_reacher_seed1/metrics.jsonl
Writing metrics: /scratch/midway3/rickybao/dreamerv3_runs/pilot_apt_reacher_seed1/scores.jsonl
Saved checkpoint.

--------------------[Agent Step 73_568]--------------------
Metrics filtered by: 'score|length|fps|ratio|train/loss/|train/rand/'
train/loss/con 0.02 / train/loss/dyn 1.02 / train/loss/policy -9.4e-4 / train/loss/position 2.4e-3 / train/loss/rep 1.02 / train/loss/to_target 3.4e-4 / train/loss/value 0.99 / train/loss/velocity 4.5e-3 / replay/replay_ratio 1040 / fps/policy 5.7 / fps/train 5841.72

Saving checkpoint: /scratch/midway3/rickybao/dreamerv3_runs/pilot_apt_reacher_seed1/ckpt/20260702T024217F256058
Writing metrics: /scratch/midway3/rickybao/dreamerv3_runs/pilot_apt_reacher_seed1/metrics.jsonl
Writing metrics: /scratch/midway3/rickybao/dreamerv3_runs/pilot_apt_reacher_seed1/scores.jsonl
Saved checkpoint.

--------------------[Agent Step 74_256]--------------------
Metrics filtered by: 'score|length|fps|ratio|train/loss/|train/rand/'
train/loss/con 0.02 / train/loss/dyn 1.02 / train/loss/policy -2.1e-3 / train/loss/position 2.4e-3 / train/loss/rep 1.02 / train/loss/to_target 3.4e-4 / train/loss/value 0.99 / train/loss/velocity 4.7e-3 / replay/replay_ratio 1040 / fps/policy 5.71 / fps/train 5844.09

Saving checkpoint: /scratch/midway3/rickybao/dreamerv3_runs/pilot_apt_reacher_seed1/ckpt/20260702T024417F807335
Writing metrics: /scratch/midway3/rickybao/dreamerv3_runs/pilot_apt_reacher_seed1/metrics.jsonl
Writing metrics: /scratch/midway3/rickybao/dreamerv3_runs/pilot_apt_reacher_seed1/scores.jsonl
Saved checkpoint.

--------------------[Agent Step 74_944]--------------------
Metrics filtered by: 'score|length|fps|ratio|train/loss/|train/rand/'
train/loss/con 0.02 / train/loss/dyn 1.02 / train/loss/policy -1.4e-3 / train/loss/position 2.3e-3 / train/loss/rep 1.02 / train/loss/to_target 3.4e-4 / train/loss/value 0.99 / train/loss/velocity 4.3e-3 / replay/replay_ratio 1040 / fps/policy 5.71 / fps/train 5842.68

Saving checkpoint: /scratch/midway3/rickybao/dreamerv3_runs/pilot_apt_reacher_seed1/ckpt/20260702T024618F387644
Writing metrics: /scratch/midway3/rickybao/dreamerv3_runs/pilot_apt_reacher_seed1/metrics.jsonl
Writing metrics: /scratch/midway3/rickybao/dreamerv3_runs/pilot_apt_reacher_seed1/scores.jsonl
Saved checkpoint.

--------------------[Agent Step 75_632]--------------------
Metrics filtered by: 'score|length|fps|ratio|train/loss/|train/rand/'
train/loss/con 0.02 / train/loss/dyn 1.02 / train/loss/policy -8.6e-4 / train/loss/position 2.4e-3 / train/loss/rep 1.02 / train/loss/to_target 3.3e-4 / train/loss/value 0.98 / train/loss/velocity 4.4e-3 / replay/replay_ratio 1040 / fps/policy 5.71 / fps/train 5843.49

Saving checkpoint: /scratch/midway3/rickybao/dreamerv3_runs/pilot_apt_reacher_seed1/ckpt/20260702T024818F951262
Writing metrics: /scratch/midway3/rickybao/dreamerv3_runs/pilot_apt_reacher_seed1/metrics.jsonl
Writing metrics: /scratch/midway3/rickybao/dreamerv3_runs/pilot_apt_reacher_seed1/scores.jsonl
Saved checkpoint.

--------------------[Agent Step 76_320]--------------------
Metrics filtered by: 'score|length|fps|ratio|train/loss/|train/rand/'
train/loss/con 0.02 / train/loss/dyn 1.02 / train/loss/policy -8.9e-4 / train/loss/position 2.2e-3 / train/loss/rep 1.02 / train/loss/to_target 3.2e-4 / train/loss/value 0.98 / train/loss/velocity 4.1e-3 / replay/replay_ratio 1040 / fps/policy 5.71 / fps/train 5843.14

Saving checkpoint: /scratch/midway3/rickybao/dreamerv3_runs/pilot_apt_reacher_seed1/ckpt/20260702T025019F522077
Writing metrics: /scratch/midway3/rickybao/dreamerv3_runs/pilot_apt_reacher_seed1/metrics.jsonl
Writing metrics: /scratch/midway3/rickybao/dreamerv3_runs/pilot_apt_reacher_seed1/scores.jsonl
Saved checkpoint.

--------------------[Agent Step 77_008]--------------------
Metrics filtered by: 'score|length|fps|ratio|train/loss/|train/rand/'
train/loss/con 0.02 / train/loss/dyn 1.02 / train/loss/policy -3.6e-5 / train/loss/position 2.3e-3 / train/loss/rep 1.02 / train/loss/to_target 3.3e-4 / train/loss/value 0.98 / train/loss/velocity 4.3e-3 / replay/replay_ratio 1040 / fps/policy 5.71 / fps/train 5845.79

Saving checkpoint: /scratch/midway3/rickybao/dreamerv3_runs/pilot_apt_reacher_seed1/ckpt/20260702T025220F038038
Writing metrics: /scratch/midway3/rickybao/dreamerv3_runs/pilot_apt_reacher_seed1/metrics.jsonl
Writing metrics: /scratch/midway3/rickybao/dreamerv3_runs/pilot_apt_reacher_seed1/scores.jsonl
Saved checkpoint.

--------------------[Agent Step 77_696]--------------------
Metrics filtered by: 'score|length|fps|ratio|train/loss/|train/rand/'
train/loss/con 0.02 / train/loss/dyn 1.02 / train/loss/policy -1.8e-3 / train/loss/position 2.2e-3 / train/loss/rep 1.02 / train/loss/to_target 3.2e-4 / train/loss/value 0.98 / train/loss/velocity 4.1e-3 / replay/replay_ratio 1040 / fps/policy 5.71 / fps/train 5843.08

Saving checkpoint: /scratch/midway3/rickybao/dreamerv3_runs/pilot_apt_reacher_seed1/ckpt/20260702T025420F610229
Writing metrics: /scratch/midway3/rickybao/dreamerv3_runs/pilot_apt_reacher_seed1/scores.jsonl
Writing metrics: /scratch/midway3/rickybao/dreamerv3_runs/pilot_apt_reacher_seed1/metrics.jsonl
Saved checkpoint.

--------------------[Agent Step 78_384]--------------------
Metrics filtered by: 'score|length|fps|ratio|train/loss/|train/rand/'
train/loss/con 0.02 / train/loss/dyn 1.02 / train/loss/policy -1.2e-3 / train/loss/position 2.2e-3 / train/loss/rep 1.02 / train/loss/to_target 3.3e-4 / train/loss/value 0.98 / train/loss/velocity 4.1e-3 / replay/replay_ratio 1040 / fps/policy 5.71 / fps/train 5842.46

Saving checkpoint: /scratch/midway3/rickybao/dreamerv3_runs/pilot_apt_reacher_seed1/ckpt/20260702T025621F195024
Writing metrics: /scratch/midway3/rickybao/dreamerv3_runs/pilot_apt_reacher_seed1/metrics.jsonl
Writing metrics: /scratch/midway3/rickybao/dreamerv3_runs/pilot_apt_reacher_seed1/scores.jsonl
Saved checkpoint.

--------------------[Agent Step 79_072]--------------------
Metrics filtered by: 'score|length|fps|ratio|train/loss/|train/rand/'
train/loss/con 0.02 / train/loss/dyn 1.02 / train/loss/policy -1.8e-4 / train/loss/position 2.1e-3 / train/loss/rep 1.02 / train/loss/to_target 3.2e-4 / train/loss/value 0.98 / train/loss/velocity 4.1e-3 / replay/replay_ratio 1040 / fps/policy 5.7 / fps/train 5831.75

Saving checkpoint: /scratch/midway3/rickybao/dreamerv3_runs/pilot_apt_reacher_seed1/ckpt/20260702T025822F001447
Writing metrics: /scratch/midway3/rickybao/dreamerv3_runs/pilot_apt_reacher_seed1/metrics.jsonl
Writing metrics: /scratch/midway3/rickybao/dreamerv3_runs/pilot_apt_reacher_seed1/scores.jsonl
Saved checkpoint.

--------------------[Agent Step 79_760]--------------------
Metrics filtered by: 'score|length|fps|ratio|train/loss/|train/rand/'
train/loss/con 0.02 / train/loss/dyn 1.02 / train/loss/policy -1.4e-3 / train/loss/position 2.2e-3 / train/loss/rep 1.02 / train/loss/to_target 3.2e-4 / train/loss/value 0.98 / train/loss/velocity 4e-3 / replay/replay_ratio 1040 / fps/policy 5.7 / fps/train 5841.3

Saving checkpoint: /scratch/midway3/rickybao/dreamerv3_runs/pilot_apt_reacher_seed1/ckpt/20260702T030022F610157
Writing metrics: /scratch/midway3/rickybao/dreamerv3_runs/pilot_apt_reacher_seed1/metrics.jsonl
Writing metrics: /scratch/midway3/rickybao/dreamerv3_runs/pilot_apt_reacher_seed1/scores.jsonl
Saved checkpoint.

--------------------[Agent Step 80_448]--------------------
Metrics filtered by: 'score|length|fps|ratio|train/loss/|train/rand/'
episode/score 0 / episode/length 1001 / train/loss/con 0.02 / train/loss/dyn 1.02 / train/loss/policy -2.5e-3 / train/loss/position 2.1e-3 / train/loss/rep 1.02 / train/loss/to_target 3.1e-4 / train/loss/value 0.98 / train/loss/velocity 3.9e-3 / replay/replay_ratio 1040 / fps/policy 5.71 / fps/train 5844.61

Saving checkpoint: /scratch/midway3/rickybao/dreamerv3_runs/pilot_apt_reacher_seed1/ckpt/20260702T030223F150690
Writing metrics: /scratch/midway3/rickybao/dreamerv3_runs/pilot_apt_reacher_seed1/metrics.jsonl
Writing metrics: /scratch/midway3/rickybao/dreamerv3_runs/pilot_apt_reacher_seed1/scores.jsonl
Saved checkpoint.

--------------------[Agent Step 81_136]--------------------
Metrics filtered by: 'score|length|fps|ratio|train/loss/|train/rand/'
train/loss/con 0.02 / train/loss/dyn 1.02 / train/loss/policy 1.3e-3 / train/loss/position 2.4e-3 / train/loss/rep 1.02 / train/loss/to_target 3.4e-4 / train/loss/value 0.98 / train/loss/velocity 4.4e-3 / replay/replay_ratio 1040 / fps/policy 5.71 / fps/train 5843.84

Saving checkpoint: /scratch/midway3/rickybao/dreamerv3_runs/pilot_apt_reacher_seed1/ckpt/20260702T030423F707004
Writing metrics: /scratch/midway3/rickybao/dreamerv3_runs/pilot_apt_reacher_seed1/metrics.jsonl
Writing metrics: /scratch/midway3/rickybao/dreamerv3_runs/pilot_apt_reacher_seed1/scores.jsonl
Saved checkpoint.

--------------------[Agent Step 81_824]--------------------
Metrics filtered by: 'score|length|fps|ratio|train/loss/|train/rand/'
train/loss/con 0.02 / train/loss/dyn 1.03 / train/loss/policy 6.5e-4 / train/loss/position 2.3e-3 / train/loss/rep 1.03 / train/loss/to_target 3.4e-4 / train/loss/value 0.99 / train/loss/velocity 4.2e-3 / replay/replay_ratio 1040 / fps/policy 5.71 / fps/train 5843.22

Saving checkpoint: /scratch/midway3/rickybao/dreamerv3_runs/pilot_apt_reacher_seed1/ckpt/20260702T030624F276174
Writing metrics: /scratch/midway3/rickybao/dreamerv3_runs/pilot_apt_reacher_seed1/scores.jsonl
Writing metrics: /scratch/midway3/rickybao/dreamerv3_runs/pilot_apt_reacher_seed1/metrics.jsonl
Saved checkpoint.

--------------------[Agent Step 82_512]--------------------
Metrics filtered by: 'score|length|fps|ratio|train/loss/|train/rand/'
train/loss/con 0.02 / train/loss/dyn 1.02 / train/loss/policy 5.4e-4 / train/loss/position 2.2e-3 / train/loss/rep 1.02 / train/loss/to_target 3.3e-4 / train/loss/value 0.99 / train/loss/velocity 3.9e-3 / replay/replay_ratio 1040 / fps/policy 5.71 / fps/train 5842.84

Saving checkpoint: /scratch/midway3/rickybao/dreamerv3_runs/pilot_apt_reacher_seed1/ckpt/20260702T030824F853252
Writing metrics: /scratch/midway3/rickybao/dreamerv3_runs/pilot_apt_reacher_seed1/metrics.jsonl
Writing metrics: /scratch/midway3/rickybao/dreamerv3_runs/pilot_apt_reacher_seed1/scores.jsonl
Saved checkpoint.

--------------------[Agent Step 83_200]--------------------
Metrics filtered by: 'score|length|fps|ratio|train/loss/|train/rand/'
train/loss/con 0.02 / train/loss/dyn 1.02 / train/loss/policy 7e-4 / train/loss/position 2.1e-3 / train/loss/rep 1.02 / train/loss/to_target 3.3e-4 / train/loss/value 0.99 / train/loss/velocity 3.9e-3 / replay/replay_ratio 1040 / fps/policy 5.71 / fps/train 5842.64

Saving checkpoint: /scratch/midway3/rickybao/dreamerv3_runs/pilot_apt_reacher_seed1/ckpt/20260702T031025F434286
Writing metrics: /scratch/midway3/rickybao/dreamerv3_runs/pilot_apt_reacher_seed1/metrics.jsonl
Writing metrics: /scratch/midway3/rickybao/dreamerv3_runs/pilot_apt_reacher_seed1/scores.jsonl
Saved checkpoint.

--------------------[Agent Step 83_888]--------------------
Metrics filtered by: 'score|length|fps|ratio|train/loss/|train/rand/'
train/loss/con 0.02 / train/loss/dyn 1.02 / train/loss/policy -9.7e-5 / train/loss/position 2.2e-3 / train/loss/rep 1.02 / train/loss/to_target 3.3e-4 / train/loss/value 0.99 / train/loss/velocity 3.9e-3 / replay/replay_ratio 1040 / fps/policy 5.71 / fps/train 5846.48

Saving checkpoint: /scratch/midway3/rickybao/dreamerv3_runs/pilot_apt_reacher_seed1/ckpt/20260702T031225F936225
Writing metrics: /scratch/midway3/rickybao/dreamerv3_runs/pilot_apt_reacher_seed1/metrics.jsonl
Writing metrics: /scratch/midway3/rickybao/dreamerv3_runs/pilot_apt_reacher_seed1/scores.jsonl
Saved checkpoint.

--------------------[Agent Step 84_576]--------------------
Metrics filtered by: 'score|length|fps|ratio|train/loss/|train/rand/'
train/loss/con 0.02 / train/loss/dyn 1.02 / train/loss/policy -1.2e-3 / train/loss/position 2.1e-3 / train/loss/rep 1.02 / train/loss/to_target 3.3e-4 / train/loss/value 0.99 / train/loss/velocity 3.7e-3 / replay/replay_ratio 1040 / fps/policy 5.71 / fps/train 5843.57

Saving checkpoint: /scratch/midway3/rickybao/dreamerv3_runs/pilot_apt_reacher_seed1/ckpt/20260702T031426F498089
Writing metrics: /scratch/midway3/rickybao/dreamerv3_runs/pilot_apt_reacher_seed1/metrics.jsonl
Writing metrics: /scratch/midway3/rickybao/dreamerv3_runs/pilot_apt_reacher_seed1/scores.jsonl
Saved checkpoint.

--------------------[Agent Step 85_264]--------------------
Metrics filtered by: 'score|length|fps|ratio|train/loss/|train/rand/'
train/loss/con 0.02 / train/loss/dyn 1.02 / train/loss/policy -2.7e-4 / train/loss/position 2.3e-3 / train/loss/rep 1.02 / train/loss/to_target 3.4e-4 / train/loss/value 0.99 / train/loss/velocity 3.9e-3 / replay/replay_ratio 1040 / fps/policy 5.71 / fps/train 5843.18

Saving checkpoint: /scratch/midway3/rickybao/dreamerv3_runs/pilot_apt_reacher_seed1/ckpt/20260702T031627F068177
Writing metrics: /scratch/midway3/rickybao/dreamerv3_runs/pilot_apt_reacher_seed1/metrics.jsonl
Writing metrics: /scratch/midway3/rickybao/dreamerv3_runs/pilot_apt_reacher_seed1/scores.jsonl
Saved checkpoint.

--------------------[Agent Step 85_952]--------------------
Metrics filtered by: 'score|length|fps|ratio|train/loss/|train/rand/'
train/loss/con 0.02 / train/loss/dyn 1.02 / train/loss/policy -1.1e-4 / train/loss/position 2e-3 / train/loss/rep 1.02 / train/loss/to_target 3.2e-4 / train/loss/value 0.99 / train/loss/velocity 3.6e-3 / replay/replay_ratio 1040 / fps/policy 5.71 / fps/train 5846.33

Saving checkpoint: /scratch/midway3/rickybao/dreamerv3_runs/pilot_apt_reacher_seed1/ckpt/20260702T031827F573194
Writing metrics: /scratch/midway3/rickybao/dreamerv3_runs/pilot_apt_reacher_seed1/scores.jsonl
Writing metrics: /scratch/midway3/rickybao/dreamerv3_runs/pilot_apt_reacher_seed1/metrics.jsonl
Saved checkpoint.

--------------------[Agent Step 86_640]--------------------
Metrics filtered by: 'score|length|fps|ratio|train/loss/|train/rand/'
train/loss/con 0.02 / train/loss/dyn 1.02 / train/loss/policy -9.9e-4 / train/loss/position 2.1e-3 / train/loss/rep 1.02 / train/loss/to_target 3.3e-4 / train/loss/value 0.99 / train/loss/velocity 3.7e-3 / replay/replay_ratio 1040 / fps/policy 5.71 / fps/train 5846.09

Saving checkpoint: /scratch/midway3/rickybao/dreamerv3_runs/pilot_apt_reacher_seed1/ckpt/20260702T032028F083214
Writing metrics: /scratch/midway3/rickybao/dreamerv3_runs/pilot_apt_reacher_seed1/metrics.jsonl
Writing metrics: /scratch/midway3/rickybao/dreamerv3_runs/pilot_apt_reacher_seed1/scores.jsonl
Saved checkpoint.

--------------------[Agent Step 87_328]--------------------
Metrics filtered by: 'score|length|fps|ratio|train/loss/|train/rand/'
train/loss/con 0.02 / train/loss/dyn 1.02 / train/loss/policy -4.8e-4 / train/loss/position 2.1e-3 / train/loss/rep 1.02 / train/loss/to_target 3.2e-4 / train/loss/value 1 / train/loss/velocity 3.8e-3 / replay/replay_ratio 1040 / fps/policy 5.71 / fps/train 5846.04

Saving checkpoint: /scratch/midway3/rickybao/dreamerv3_runs/pilot_apt_reacher_seed1/ckpt/20260702T032228F594147
Writing metrics: /scratch/midway3/rickybao/dreamerv3_runs/pilot_apt_reacher_seed1/metrics.jsonl
Writing metrics: /scratch/midway3/rickybao/dreamerv3_runs/pilot_apt_reacher_seed1/scores.jsonl
Saved checkpoint.

--------------------[Agent Step 88_016]--------------------
Metrics filtered by: 'score|length|fps|ratio|train/loss/|train/rand/'
train/loss/con 0.02 / train/loss/dyn 1.02 / train/loss/policy -5.6e-4 / train/loss/position 2e-3 / train/loss/rep 1.02 / train/loss/to_target 3.2e-4 / train/loss/value 1 / train/loss/velocity 3.4e-3 / replay/replay_ratio 1040 / fps/policy 5.7 / fps/train 5838.76

Saving checkpoint: /scratch/midway3/rickybao/dreamerv3_runs/pilot_apt_reacher_seed1/ckpt/20260702T032429F255509
Writing metrics: /scratch/midway3/rickybao/dreamerv3_runs/pilot_apt_reacher_seed1/metrics.jsonl
Writing metrics: /scratch/midway3/rickybao/dreamerv3_runs/pilot_apt_reacher_seed1/scores.jsonl
Saved checkpoint.

--------------------[Agent Step 88_704]--------------------
Metrics filtered by: 'score|length|fps|ratio|train/loss/|train/rand/'
train/loss/con 0.02 / train/loss/dyn 1.02 / train/loss/policy -1.2e-4 / train/loss/position 2.1e-3 / train/loss/rep 1.02 / train/loss/to_target 3.2e-4 / train/loss/value 1 / train/loss/velocity 3.7e-3 / replay/replay_ratio 1040 / fps/policy 5.7 / fps/train 5840.79

Saving checkpoint: /scratch/midway3/rickybao/dreamerv3_runs/pilot_apt_reacher_seed1/ckpt/20260702T032629F874668
Writing metrics: /scratch/midway3/rickybao/dreamerv3_runs/pilot_apt_reacher_seed1/scores.jsonl
Writing metrics: /scratch/midway3/rickybao/dreamerv3_runs/pilot_apt_reacher_seed1/metrics.jsonl
Saved checkpoint.

--------------------[Agent Step 89_392]--------------------
Metrics filtered by: 'score|length|fps|ratio|train/loss/|train/rand/'
train/loss/con 0.02 / train/loss/dyn 1.02 / train/loss/policy 4.1e-4 / train/loss/position 2.2e-3 / train/loss/rep 1.02 / train/loss/to_target 3.2e-4 / train/loss/value 1 / train/loss/velocity 3.5e-3 / replay/replay_ratio 1040 / fps/policy 5.71 / fps/train 5843.49

Saving checkpoint: /scratch/midway3/rickybao/dreamerv3_runs/pilot_apt_reacher_seed1/ckpt/20260702T032830F438379
Writing metrics: /scratch/midway3/rickybao/dreamerv3_runs/pilot_apt_reacher_seed1/metrics.jsonl
Writing metrics: /scratch/midway3/rickybao/dreamerv3_runs/pilot_apt_reacher_seed1/scores.jsonl
Saved checkpoint.

--------------------[Agent Step 90_080]--------------------
Metrics filtered by: 'score|length|fps|ratio|train/loss/|train/rand/'
train/loss/con 0.02 / train/loss/dyn 1.02 / train/loss/policy 1.8e-4 / train/loss/position 2e-3 / train/loss/rep 1.02 / train/loss/to_target 3.2e-4 / train/loss/value 1 / train/loss/velocity 3.5e-3 / replay/replay_ratio 1040 / fps/policy 5.71 / fps/train 5842.78

Saving checkpoint: /scratch/midway3/rickybao/dreamerv3_runs/pilot_apt_reacher_seed1/ckpt/20260702T033031F016607
Writing metrics: /scratch/midway3/rickybao/dreamerv3_runs/pilot_apt_reacher_seed1/metrics.jsonl
Writing metrics: /scratch/midway3/rickybao/dreamerv3_runs/pilot_apt_reacher_seed1/scores.jsonl
Saved checkpoint.

--------------------[Agent Step 90_768]--------------------
Metrics filtered by: 'score|length|fps|ratio|train/loss/|train/rand/'
train/loss/con 0.02 / train/loss/dyn 1.02 / train/loss/policy -1.2e-3 / train/loss/position 2e-3 / train/loss/rep 1.02 / train/loss/to_target 3.2e-4 / train/loss/value 1 / train/loss/velocity 3.5e-3 / replay/replay_ratio 1040 / fps/policy 5.7 / fps/train 5841.25

Saving checkpoint: /scratch/midway3/rickybao/dreamerv3_runs/pilot_apt_reacher_seed1/ckpt/20260702T033231F626291
Writing metrics: /scratch/midway3/rickybao/dreamerv3_runs/pilot_apt_reacher_seed1/metrics.jsonl
Writing metrics: /scratch/midway3/rickybao/dreamerv3_runs/pilot_apt_reacher_seed1/scores.jsonl
Saved checkpoint.

--------------------[Agent Step 91_456]--------------------
Metrics filtered by: 'score|length|fps|ratio|train/loss/|train/rand/'
train/loss/con 0.02 / train/loss/dyn 1.02 / train/loss/policy -4.1e-4 / train/loss/position 1.9e-3 / train/loss/rep 1.02 / train/loss/to_target 3.1e-4 / train/loss/value 1 / train/loss/velocity 3.2e-3 / replay/replay_ratio 1040 / fps/policy 5.71 / fps/train 5842.63

Writing metrics: /scratch/midway3/rickybao/dreamerv3_runs/pilot_apt_reacher_seed1/metrics.jsonl
Saving checkpoint: /scratch/midway3/rickybao/dreamerv3_runs/pilot_apt_reacher_seed1/ckpt/20260702T033432F207685
Writing metrics: /scratch/midway3/rickybao/dreamerv3_runs/pilot_apt_reacher_seed1/scores.jsonl
Saved checkpoint.

--------------------[Agent Step 92_144]--------------------
Metrics filtered by: 'score|length|fps|ratio|train/loss/|train/rand/'
train/loss/con 0.02 / train/loss/dyn 1.02 / train/loss/policy -1.5e-4 / train/loss/position 2e-3 / train/loss/rep 1.02 / train/loss/to_target 3.1e-4 / train/loss/value 1 / train/loss/velocity 3.3e-3 / replay/replay_ratio 1040 / fps/policy 5.7 / fps/train 5841.88

Saving checkpoint: /scratch/midway3/rickybao/dreamerv3_runs/pilot_apt_reacher_seed1/ckpt/20260702T033632F804407
Writing metrics: /scratch/midway3/rickybao/dreamerv3_runs/pilot_apt_reacher_seed1/metrics.jsonl
Writing metrics: /scratch/midway3/rickybao/dreamerv3_runs/pilot_apt_reacher_seed1/scores.jsonl
Saved checkpoint.

--------------------[Agent Step 92_832]--------------------
Metrics filtered by: 'score|length|fps|ratio|train/loss/|train/rand/'
train/loss/con 0.02 / train/loss/dyn 1.02 / train/loss/policy -1.1e-3 / train/loss/position 2e-3 / train/loss/rep 1.02 / train/loss/to_target 3.2e-4 / train/loss/value 1 / train/loss/velocity 3.4e-3 / replay/replay_ratio 1040 / fps/policy 5.71 / fps/train 5842.88

Saving checkpoint: /scratch/midway3/rickybao/dreamerv3_runs/pilot_apt_reacher_seed1/ckpt/20260702T033833F380502
Writing metrics: /scratch/midway3/rickybao/dreamerv3_runs/pilot_apt_reacher_seed1/metrics.jsonl
Writing metrics: /scratch/midway3/rickybao/dreamerv3_runs/pilot_apt_reacher_seed1/scores.jsonl
Saved checkpoint.

--------------------[Agent Step 93_520]--------------------
Metrics filtered by: 'score|length|fps|ratio|train/loss/|train/rand/'
train/loss/con 0.02 / train/loss/dyn 1.02 / train/loss/policy -5.4e-4 / train/loss/position 2.1e-3 / train/loss/rep 1.02 / train/loss/to_target 3.2e-4 / train/loss/value 1 / train/loss/velocity 3.5e-3 / replay/replay_ratio 1040 / fps/policy 5.71 / fps/train 5842.17

Saving checkpoint: /scratch/midway3/rickybao/dreamerv3_runs/pilot_apt_reacher_seed1/ckpt/20260702T034033F971440
Writing metrics: /scratch/midway3/rickybao/dreamerv3_runs/pilot_apt_reacher_seed1/metrics.jsonl
Writing metrics: /scratch/midway3/rickybao/dreamerv3_runs/pilot_apt_reacher_seed1/scores.jsonl
Saved checkpoint.

--------------------[Agent Step 94_208]--------------------
Metrics filtered by: 'score|length|fps|ratio|train/loss/|train/rand/'
train/loss/con 0.02 / train/loss/dyn 1.02 / train/loss/policy -6.5e-4 / train/loss/position 1.9e-3 / train/loss/rep 1.02 / train/loss/to_target 3.1e-4 / train/loss/value 1 / train/loss/velocity 3.2e-3 / replay/replay_ratio 1040 / fps/policy 5.69 / fps/train 5829.57

Writing metrics: /scratch/midway3/rickybao/dreamerv3_runs/pilot_apt_reacher_seed1/scores.jsonl
Saving checkpoint: /scratch/midway3/rickybao/dreamerv3_runs/pilot_apt_reacher_seed1/ckpt/20260702T034234F822876
Writing metrics: /scratch/midway3/rickybao/dreamerv3_runs/pilot_apt_reacher_seed1/metrics.jsonl
Saved checkpoint.

--------------------[Agent Step 94_896]--------------------
Metrics filtered by: 'score|length|fps|ratio|train/loss/|train/rand/'
train/loss/con 0.02 / train/loss/dyn 1.02 / train/loss/policy -2.3e-4 / train/loss/position 2e-3 / train/loss/rep 1.02 / train/loss/to_target 3.1e-4 / train/loss/value 1 / train/loss/velocity 3.4e-3 / replay/replay_ratio 1040 / fps/policy 5.7 / fps/train 5837.15

Saving checkpoint: /scratch/midway3/rickybao/dreamerv3_runs/pilot_apt_reacher_seed1/ckpt/20260702T034435F517551
Writing metrics: /scratch/midway3/rickybao/dreamerv3_runs/pilot_apt_reacher_seed1/metrics.jsonl
Writing metrics: /scratch/midway3/rickybao/dreamerv3_runs/pilot_apt_reacher_seed1/scores.jsonl
Saved checkpoint.

--------------------[Agent Step 95_584]--------------------
Metrics filtered by: 'score|length|fps|ratio|train/loss/|train/rand/'
train/loss/con 0.02 / train/loss/dyn 1.02 / train/loss/policy -9e-4 / train/loss/position 1.9e-3 / train/loss/rep 1.02 / train/loss/to_target 3.1e-4 / train/loss/value 1 / train/loss/velocity 3e-3 / replay/replay_ratio 1040 / fps/policy 5.7 / fps/train 5841.54

Saving checkpoint: /scratch/midway3/rickybao/dreamerv3_runs/pilot_apt_reacher_seed1/ckpt/20260702T034636F121295
Writing metrics: /scratch/midway3/rickybao/dreamerv3_runs/pilot_apt_reacher_seed1/metrics.jsonl
Writing metrics: /scratch/midway3/rickybao/dreamerv3_runs/pilot_apt_reacher_seed1/scores.jsonl
Saved checkpoint.

--------------------[Agent Step 96_272]--------------------
Metrics filtered by: 'score|length|fps|ratio|train/loss/|train/rand/'
episode/score 0 / episode/length 1001 / train/loss/con 0.02 / train/loss/dyn 1.02 / train/loss/policy -5.5e-4 / train/loss/position 2e-3 / train/loss/rep 1.02 / train/loss/to_target 3.2e-4 / train/loss/value 1 / train/loss/velocity 3.3e-3 / replay/replay_ratio 1040 / fps/policy 5.72 / fps/train 5853.81

Saving checkpoint: /scratch/midway3/rickybao/dreamerv3_runs/pilot_apt_reacher_seed1/ckpt/20260702T034836F472443
Writing metrics: /scratch/midway3/rickybao/dreamerv3_runs/pilot_apt_reacher_seed1/scores.jsonl
Writing metrics: /scratch/midway3/rickybao/dreamerv3_runs/pilot_apt_reacher_seed1/metrics.jsonl
Saved checkpoint.

--------------------[Agent Step 96_960]--------------------
Metrics filtered by: 'score|length|fps|ratio|train/loss/|train/rand/'
train/loss/con 0.02 / train/loss/dyn 1.02 / train/loss/policy -1.3e-3 / train/loss/position 2e-3 / train/loss/rep 1.02 / train/loss/to_target 3.2e-4 / train/loss/value 1.01 / train/loss/velocity 3.1e-3 / replay/replay_ratio 1040 / fps/policy 5.72 / fps/train 5852.3

Saving checkpoint: /scratch/midway3/rickybao/dreamerv3_runs/pilot_apt_reacher_seed1/ckpt/20260702T035036F854491
Writing metrics: /scratch/midway3/rickybao/dreamerv3_runs/pilot_apt_reacher_seed1/scores.jsonl
Writing metrics: /scratch/midway3/rickybao/dreamerv3_runs/pilot_apt_reacher_seed1/metrics.jsonl
Saved checkpoint.

--------------------[Agent Step 97_648]--------------------
Metrics filtered by: 'score|length|fps|ratio|train/loss/|train/rand/'
train/loss/con 0.02 / train/loss/dyn 1.02 / train/loss/policy -3.4e-4 / train/loss/position 2e-3 / train/loss/rep 1.02 / train/loss/to_target 3.2e-4 / train/loss/value 1.01 / train/loss/velocity 3.1e-3 / replay/replay_ratio 1040 / fps/policy 5.71 / fps/train 5850.31

Saving checkpoint: /scratch/midway3/rickybao/dreamerv3_runs/pilot_apt_reacher_seed1/ckpt/20260702T035237F277456
Writing metrics: /scratch/midway3/rickybao/dreamerv3_runs/pilot_apt_reacher_seed1/metrics.jsonl
Writing metrics: /scratch/midway3/rickybao/dreamerv3_runs/pilot_apt_reacher_seed1/scores.jsonl
Saved checkpoint.

--------------------[Agent Step 98_336]--------------------
Metrics filtered by: 'score|length|fps|ratio|train/loss/|train/rand/'
train/loss/con 0.02 / train/loss/dyn 1.02 / train/loss/policy -2.4e-4 / train/loss/position 2.1e-3 / train/loss/rep 1.02 / train/loss/to_target 3.3e-4 / train/loss/value 1.01 / train/loss/velocity 3.3e-3 / replay/replay_ratio 1040 / fps/policy 5.71 / fps/train 5847.39

Saving checkpoint: /scratch/midway3/rickybao/dreamerv3_runs/pilot_apt_reacher_seed1/ckpt/20260702T035437F760705
Writing metrics: /scratch/midway3/rickybao/dreamerv3_runs/pilot_apt_reacher_seed1/metrics.jsonl
Writing metrics: /scratch/midway3/rickybao/dreamerv3_runs/pilot_apt_reacher_seed1/scores.jsonl
Saved checkpoint.

--------------------[Agent Step 99_024]--------------------
Metrics filtered by: 'score|length|fps|ratio|train/loss/|train/rand/'
train/loss/con 0.02 / train/loss/dyn 1.02 / train/loss/policy -1e-3 / train/loss/position 1.9e-3 / train/loss/rep 1.02 / train/loss/to_target 3.2e-4 / train/loss/value 1.01 / train/loss/velocity 3e-3 / replay/replay_ratio 1040 / fps/policy 5.71 / fps/train 5850.33

Saving checkpoint: /scratch/midway3/rickybao/dreamerv3_runs/pilot_apt_reacher_seed1/ckpt/20260702T035638F183345
Writing metrics: /scratch/midway3/rickybao/dreamerv3_runs/pilot_apt_reacher_seed1/metrics.jsonl
Writing metrics: /scratch/midway3/rickybao/dreamerv3_runs/pilot_apt_reacher_seed1/scores.jsonl
Saved checkpoint.

--------------------[Agent Step 99_712]--------------------
Metrics filtered by: 'score|length|fps|ratio|train/loss/|train/rand/'
train/loss/con 0.02 / train/loss/dyn 1.02 / train/loss/policy 8.8e-5 / train/loss/position 1.9e-3 / train/loss/rep 1.02 / train/loss/to_target 3.2e-4 / train/loss/value 1.01 / train/loss/velocity 3e-3 / replay/replay_ratio 1040 / fps/policy 5.72 / fps/train 5853.16

Saving checkpoint: /scratch/midway3/rickybao/dreamerv3_runs/pilot_apt_reacher_seed1/ckpt/20260702T035838F547798
Writing metrics: /scratch/midway3/rickybao/dreamerv3_runs/pilot_apt_reacher_seed1/metrics.jsonl
Writing metrics: /scratch/midway3/rickybao/dreamerv3_runs/pilot_apt_reacher_seed1/scores.jsonl
Saved checkpoint.
[Thu Jul  2 03:59:29 CDT 2026] pilot pilot_apt_reacher_seed1 rc=0 status=DONE  (replay at /scratch/midway3/rickybao/dreamerv3_runs/pilot_apt_reacher_seed1/replay)
