[Sun Jul 19 06:46:36 UTC 2026] offline_fit WM_RUN=tm2wm_finger_freeq1s0_seed16 ARM=free DATA=/workspace/dreamerv3_runs/tm2_data/finger_q1_side0.pt UPDATES=500000 SEED=16
/workspace/conda_envs/tdmpc2/lib/python3.11/site-packages/tensordict/_td.py:612: FutureWarning: TensorDict.to_module() is replacing an existing nn.Parameter in the destination module with a tensor leaf that is not an nn.Parameter. This historical behavior can remove the key from module.state_dict(). In tensordict v0.14, to_module() will preserve existing module parameter and buffer registrations by default. Pass preserve_module_state=False to keep the current replacement behavior, or preserve_module_state=True to opt in to the v0.14 behavior now.
  local_out = _set_tensor_dict(
Episode length: 1000
Discount factor: 0.995
Buffer capacity: 200,200
Storage required: 0.01 GB
Using CUDA:0 memory for storage.
[92m2026-07-19 06:46:40,198 [torchrl][INFO][0m    Initialized LazyTensorStorage with torch.Size([200200]) shape[92m [END][0m
Loaded static data: 200 eps x 1001 rows = 200200 rows; arm=free (reward_coef=0.0, value_coef=0.0)
  update      1/500000: consistency_loss=0.0156  pi_loss=0.0003  reward_loss=2.6922  total_loss=0.3117  value_loss=2.6922
  update    500/500000: consistency_loss=0.0019  pi_loss=-0.0006  reward_loss=2.6922  total_loss=0.0382  value_loss=2.6922
  update   1000/500000: consistency_loss=0.0015  pi_loss=-0.0006  reward_loss=2.6922  total_loss=0.0301  value_loss=2.6922
  update   1500/500000: consistency_loss=0.0012  pi_loss=-0.0006  reward_loss=2.6922  total_loss=0.0241  value_loss=2.6922
  update   2000/500000: consistency_loss=0.0012  pi_loss=-0.0006  reward_loss=2.6922  total_loss=0.0242  value_loss=2.6922
  update   2500/500000: consistency_loss=0.0011  pi_loss=-0.0006  reward_loss=2.6922  total_loss=0.0219  value_loss=2.6922
  update   3000/500000: consistency_loss=0.0009  pi_loss=-0.0006  reward_loss=2.6922  total_loss=0.0189  value_loss=2.6922
  update   3500/500000: consistency_loss=0.0010  pi_loss=-0.0006  reward_loss=2.6922  total_loss=0.0204  value_loss=2.6922
  update   4000/500000: consistency_loss=0.0010  pi_loss=-0.0006  reward_loss=2.6922  total_loss=0.0206  value_loss=2.6922
  update   4500/500000: consistency_loss=0.0010  pi_loss=-0.0006  reward_loss=2.6922  total_loss=0.0197  value_loss=2.6922
  update   5000/500000: consistency_loss=0.0007  pi_loss=-0.0006  reward_loss=2.6922  total_loss=0.0148  value_loss=2.6922
  update   5500/500000: consistency_loss=0.0008  pi_loss=-0.0006  reward_loss=2.6922  total_loss=0.0164  value_loss=2.6922
  update   6000/500000: consistency_loss=0.0007  pi_loss=-0.0006  reward_loss=2.6922  total_loss=0.0149  value_loss=2.6922
  update   6500/500000: consistency_loss=0.0007  pi_loss=-0.0006  reward_loss=2.6922  total_loss=0.0136  value_loss=2.6922
  update   7000/500000: consistency_loss=0.0008  pi_loss=-0.0006  reward_loss=2.6922  total_loss=0.0154  value_loss=2.6922
  update   7500/500000: consistency_loss=0.0007  pi_loss=-0.0006  reward_loss=2.6922  total_loss=0.0140  value_loss=2.6922
  update   8000/500000: consistency_loss=0.0006  pi_loss=-0.0006  reward_loss=2.6922  total_loss=0.0114  value_loss=2.6922
  update   8500/500000: consistency_loss=0.0006  pi_loss=-0.0006  reward_loss=2.6922  total_loss=0.0115  value_loss=2.6922
  update   9000/500000: consistency_loss=0.0006  pi_loss=-0.0006  reward_loss=2.6922  total_loss=0.0116  value_loss=2.6922
  update   9500/500000: consistency_loss=0.0005  pi_loss=-0.0006  reward_loss=2.6922  total_loss=0.0105  value_loss=2.6922
  update  10000/500000: consistency_loss=0.0005  pi_loss=-0.0006  reward_loss=2.6922  total_loss=0.0101  value_loss=2.6922
  update  10500/500000: consistency_loss=0.0005  pi_loss=-0.0006  reward_loss=2.6922  total_loss=0.0092  value_loss=2.6922
  update  11000/500000: consistency_loss=0.0005  pi_loss=-0.0006  reward_loss=2.6922  total_loss=0.0091  value_loss=2.6922
  update  11500/500000: consistency_loss=0.0004  pi_loss=-0.0006  reward_loss=2.6922  total_loss=0.0088  value_loss=2.6922
  update  12000/500000: consistency_loss=0.0004  pi_loss=-0.0006  reward_loss=2.6922  total_loss=0.0082  value_loss=2.6922
  update  12500/500000: consistency_loss=0.0004  pi_loss=-0.0006  reward_loss=2.6922  total_loss=0.0085  value_loss=2.6922
  update  13000/500000: consistency_loss=0.0003  pi_loss=-0.0006  reward_loss=2.6922  total_loss=0.0070  value_loss=2.6922
  update  13500/500000: consistency_loss=0.0004  pi_loss=-0.0006  reward_loss=2.6922  total_loss=0.0076  value_loss=2.6922
  update  14000/500000: consistency_loss=0.0003  pi_loss=-0.0006  reward_loss=2.6922  total_loss=0.0059  value_loss=2.6922
  update  14500/500000: consistency_loss=0.0004  pi_loss=-0.0006  reward_loss=2.6922  total_loss=0.0070  value_loss=2.6922
  update  15000/500000: consistency_loss=0.0003  pi_loss=-0.0006  reward_loss=2.6922  total_loss=0.0064  value_loss=2.6922
  update  15500/500000: consistency_loss=0.0003  pi_loss=-0.0006  reward_loss=2.6922  total_loss=0.0059  value_loss=2.6922
  update  16000/500000: consistency_loss=0.0003  pi_loss=-0.0006  reward_loss=2.6922  total_loss=0.0062  value_loss=2.6922
  update  16500/500000: consistency_loss=0.0003  pi_loss=-0.0006  reward_loss=2.6922  total_loss=0.0063  value_loss=2.6922
  update  17000/500000: consistency_loss=0.0003  pi_loss=-0.0006  reward_loss=2.6922  total_loss=0.0057  value_loss=2.6922
  update  17500/500000: consistency_loss=0.0003  pi_loss=-0.0006  reward_loss=2.6922  total_loss=0.0060  value_loss=2.6922
  update  18000/500000: consistency_loss=0.0003  pi_loss=-0.0006  reward_loss=2.6922  total_loss=0.0060  value_loss=2.6922
  update  18500/500000: consistency_loss=0.0003  pi_loss=-0.0006  reward_loss=2.6922  total_loss=0.0053  value_loss=2.6922
  update  19000/500000: consistency_loss=0.0003  pi_loss=-0.0006  reward_loss=2.6922  total_loss=0.0053  value_loss=2.6922
  update  19500/500000: consistency_loss=0.0003  pi_loss=-0.0006  reward_loss=2.6922  total_loss=0.0065  value_loss=2.6922
  update  20000/500000: consistency_loss=0.0003  pi_loss=-0.0006  reward_loss=2.6922  total_loss=0.0050  value_loss=2.6922
  update  20500/500000: consistency_loss=0.0002  pi_loss=-0.0006  reward_loss=2.6922  total_loss=0.0048  value_loss=2.6922
  update  21000/500000: consistency_loss=0.0002  pi_loss=-0.0006  reward_loss=2.6922  total_loss=0.0045  value_loss=2.6922
  update  21500/500000: consistency_loss=0.0002  pi_loss=-0.0006  reward_loss=2.6922  total_loss=0.0049  value_loss=2.6922
  update  22000/500000: consistency_loss=0.0002  pi_loss=-0.0006  reward_loss=2.6922  total_loss=0.0044  value_loss=2.6922
  update  22500/500000: consistency_loss=0.0003  pi_loss=-0.0006  reward_loss=2.6922  total_loss=0.0053  value_loss=2.6922
  update  23000/500000: consistency_loss=0.0002  pi_loss=-0.0006  reward_loss=2.6922  total_loss=0.0044  value_loss=2.6922
  update  23500/500000: consistency_loss=0.0002  pi_loss=-0.0006  reward_loss=2.6922  total_loss=0.0046  value_loss=2.6922
  update  24000/500000: consistency_loss=0.0002  pi_loss=-0.0006  reward_loss=2.6922  total_loss=0.0049  value_loss=2.6922
  update  24500/500000: consistency_loss=0.0002  pi_loss=-0.0006  reward_loss=2.6922  total_loss=0.0049  value_loss=2.6922
  update  25000/500000: consistency_loss=0.0002  pi_loss=-0.0006  reward_loss=2.6922  total_loss=0.0041  value_loss=2.6922
  update  25500/500000: consistency_loss=0.0002  pi_loss=-0.0006  reward_loss=2.6922  total_loss=0.0047  value_loss=2.6922
  update  26000/500000: consistency_loss=0.0002  pi_loss=-0.0006  reward_loss=2.6922  total_loss=0.0038  value_loss=2.6922
  update  26500/500000: consistency_loss=0.0002  pi_loss=-0.0006  reward_loss=2.6922  total_loss=0.0044  value_loss=2.6922
  update  27000/500000: consistency_loss=0.0002  pi_loss=-0.0006  reward_loss=2.6922  total_loss=0.0039  value_loss=2.6922
  update  27500/500000: consistency_loss=0.0002  pi_loss=-0.0006  reward_loss=2.6922  total_loss=0.0037  value_loss=2.6922
  update  28000/500000: consistency_loss=0.0002  pi_loss=-0.0006  reward_loss=2.6922  total_loss=0.0038  value_loss=2.6922
  update  28500/500000: consistency_loss=0.0002  pi_loss=-0.0006  reward_loss=2.6922  total_loss=0.0040  value_loss=2.6922
  update  29000/500000: consistency_loss=0.0002  pi_loss=-0.0006  reward_loss=2.6922  total_loss=0.0043  value_loss=2.6922
  update  29500/500000: consistency_loss=0.0002  pi_loss=-0.0006  reward_loss=2.6922  total_loss=0.0032  value_loss=2.6922
  update  30000/500000: consistency_loss=0.0002  pi_loss=-0.0006  reward_loss=2.6922  total_loss=0.0034  value_loss=2.6922
  update  30500/500000: consistency_loss=0.0002  pi_loss=-0.0006  reward_loss=2.6922  total_loss=0.0034  value_loss=2.6922
  update  31000/500000: consistency_loss=0.0002  pi_loss=-0.0006  reward_loss=2.6922  total_loss=0.0037  value_loss=2.6922
  update  31500/500000: consistency_loss=0.0002  pi_loss=-0.0006  reward_loss=2.6922  total_loss=0.0041  value_loss=2.6922
  update  32000/500000: consistency_loss=0.0002  pi_loss=-0.0006  reward_loss=2.6922  total_loss=0.0037  value_loss=2.6922
  update  32500/500000: consistency_loss=0.0002  pi_loss=-0.0006  reward_loss=2.6922  total_loss=0.0034  value_loss=2.6922
  update  33000/500000: consistency_loss=0.0002  pi_loss=-0.0006  reward_loss=2.6922  total_loss=0.0037  value_loss=2.6922
  update  33500/500000: consistency_loss=0.0002  pi_loss=-0.0006  reward_loss=2.6922  total_loss=0.0038  value_loss=2.6922
  update  34000/500000: consistency_loss=0.0002  pi_loss=-0.0006  reward_loss=2.6922  total_loss=0.0039  value_loss=2.6922
  update  34500/500000: consistency_loss=0.0002  pi_loss=-0.0006  reward_loss=2.6922  total_loss=0.0036  value_loss=2.6922
  update  35000/500000: consistency_loss=0.0002  pi_loss=-0.0006  reward_loss=2.6922  total_loss=0.0038  value_loss=2.6922
  update  35500/500000: consistency_loss=0.0002  pi_loss=-0.0006  reward_loss=2.6922  total_loss=0.0036  value_loss=2.6922
  update  36000/500000: consistency_loss=0.0002  pi_loss=-0.0006  reward_loss=2.6922  total_loss=0.0032  value_loss=2.6922
  update  36500/500000: consistency_loss=0.0002  pi_loss=-0.0006  reward_loss=2.6922  total_loss=0.0032  value_loss=2.6922
  update  37000/500000: consistency_loss=0.0002  pi_loss=-0.0006  reward_loss=2.6922  total_loss=0.0031  value_loss=2.6922
  update  37500/500000: consistency_loss=0.0002  pi_loss=-0.0006  reward_loss=2.6922  total_loss=0.0033  value_loss=2.6922
  update  38000/500000: consistency_loss=0.0002  pi_loss=-0.0006  reward_loss=2.6922  total_loss=0.0037  value_loss=2.6922
  update  38500/500000: consistency_loss=0.0002  pi_loss=-0.0006  reward_loss=2.6922  total_loss=0.0040  value_loss=2.6922
  update  39000/500000: consistency_loss=0.0002  pi_loss=-0.0006  reward_loss=2.6922  total_loss=0.0032  value_loss=2.6922
  update  39500/500000: consistency_loss=0.0002  pi_loss=-0.0006  reward_loss=2.6922  total_loss=0.0036  value_loss=2.6922
  update  40000/500000: consistency_loss=0.0002  pi_loss=-0.0006  reward_loss=2.6922  total_loss=0.0034  value_loss=2.6922
  update  40500/500000: consistency_loss=0.0002  pi_loss=-0.0006  reward_loss=2.6922  total_loss=0.0033  value_loss=2.6922
  update  41000/500000: consistency_loss=0.0002  pi_loss=-0.0006  reward_loss=2.6922  total_loss=0.0033  value_loss=2.6922
  update  41500/500000: consistency_loss=0.0002  pi_loss=-0.0006  reward_loss=2.6922  total_loss=0.0030  value_loss=2.6922
  update  42000/500000: consistency_loss=0.0002  pi_loss=-0.0006  reward_loss=2.6922  total_loss=0.0031  value_loss=2.6922
  update  42500/500000: consistency_loss=0.0001  pi_loss=-0.0006  reward_loss=2.6922  total_loss=0.0028  value_loss=2.6922
  update  43000/500000: consistency_loss=0.0002  pi_loss=-0.0006  reward_loss=2.6922  total_loss=0.0035  value_loss=2.6922
  update  43500/500000: consistency_loss=0.0001  pi_loss=-0.0006  reward_loss=2.6922  total_loss=0.0026  value_loss=2.6922
  update  44000/500000: consistency_loss=0.0001  pi_loss=-0.0006  reward_loss=2.6922  total_loss=0.0026  value_loss=2.6922
  update  44500/500000: consistency_loss=0.0001  pi_loss=-0.0006  reward_loss=2.6922  total_loss=0.0028  value_loss=2.6922
  update  45000/500000: consistency_loss=0.0002  pi_loss=-0.0006  reward_loss=2.6922  total_loss=0.0033  value_loss=2.6922
  update  45500/500000: consistency_loss=0.0002  pi_loss=-0.0006  reward_loss=2.6922  total_loss=0.0033  value_loss=2.6922
  update  46000/500000: consistency_loss=0.0001  pi_loss=-0.0006  reward_loss=2.6922  total_loss=0.0025  value_loss=2.6922
  update  46500/500000: consistency_loss=0.0001  pi_loss=-0.0006  reward_loss=2.6922  total_loss=0.0025  value_loss=2.6922
  update  47000/500000: consistency_loss=0.0001  pi_loss=-0.0006  reward_loss=2.6922  total_loss=0.0029  value_loss=2.6922
  update  47500/500000: consistency_loss=0.0002  pi_loss=-0.0006  reward_loss=2.6922  total_loss=0.0034  value_loss=2.6922
  update  48000/500000: consistency_loss=0.0001  pi_loss=-0.0006  reward_loss=2.6922  total_loss=0.0030  value_loss=2.6922
  update  48500/500000: consistency_loss=0.0001  pi_loss=-0.0006  reward_loss=2.6922  total_loss=0.0030  value_loss=2.6922
  update  49000/500000: consistency_loss=0.0001  pi_loss=-0.0006  reward_loss=2.6922  total_loss=0.0024  value_loss=2.6922
  update  49500/500000: consistency_loss=0.0001  pi_loss=-0.0006  reward_loss=2.6922  total_loss=0.0029  value_loss=2.6922
  update  50000/500000: consistency_loss=0.0002  pi_loss=-0.0006  reward_loss=2.6922  total_loss=0.0032  value_loss=2.6922
  update  50500/500000: consistency_loss=0.0002  pi_loss=-0.0006  reward_loss=2.6922  total_loss=0.0030  value_loss=2.6922
  update  51000/500000: consistency_loss=0.0001  pi_loss=-0.0006  reward_loss=2.6922  total_loss=0.0029  value_loss=2.6922
  update  51500/500000: consistency_loss=0.0002  pi_loss=-0.0006  reward_loss=2.6922  total_loss=0.0031  value_loss=2.6922
  update  52000/500000: consistency_loss=0.0001  pi_loss=-0.0006  reward_loss=2.6922  total_loss=0.0025  value_loss=2.6922
  update  52500/500000: consistency_loss=0.0001  pi_loss=-0.0006  reward_loss=2.6922  total_loss=0.0028  value_loss=2.6922
  update  53000/500000: consistency_loss=0.0001  pi_loss=-0.0006  reward_loss=2.6922  total_loss=0.0028  value_loss=2.6922
  update  53500/500000: consistency_loss=0.0001  pi_loss=-0.0006  reward_loss=2.6922  total_loss=0.0028  value_loss=2.6922
  update  54000/500000: consistency_loss=0.0001  pi_loss=-0.0006  reward_loss=2.6922  total_loss=0.0027  value_loss=2.6922
  update  54500/500000: consistency_loss=0.0001  pi_loss=-0.0006  reward_loss=2.6922  total_loss=0.0026  value_loss=2.6922
  update  55000/500000: consistency_loss=0.0002  pi_loss=-0.0006  reward_loss=2.6922  total_loss=0.0032  value_loss=2.6922
  update  55500/500000: consistency_loss=0.0001  pi_loss=-0.0006  reward_loss=2.6922  total_loss=0.0026  value_loss=2.6922
  update  56000/500000: consistency_loss=0.0001  pi_loss=-0.0006  reward_loss=2.6922  total_loss=0.0028  value_loss=2.6922
  update  56500/500000: consistency_loss=0.0001  pi_loss=-0.0006  reward_loss=2.6922  total_loss=0.0026  value_loss=2.6922
  update  57000/500000: consistency_loss=0.0002  pi_loss=-0.0006  reward_loss=2.6922  total_loss=0.0030  value_loss=2.6922
  update  57500/500000: consistency_loss=0.0001  pi_loss=-0.0006  reward_loss=2.6922  total_loss=0.0026  value_loss=2.6922
  update  58000/500000: consistency_loss=0.0001  pi_loss=-0.0006  reward_loss=2.6922  total_loss=0.0028  value_loss=2.6922
  update  58500/500000: consistency_loss=0.0001  pi_loss=-0.0006  reward_loss=2.6922  total_loss=0.0024  value_loss=2.6922
  update  59000/500000: consistency_loss=0.0001  pi_loss=-0.0006  reward_loss=2.6922  total_loss=0.0027  value_loss=2.6922
  update  59500/500000: consistency_loss=0.0002  pi_loss=-0.0007  reward_loss=2.6922  total_loss=0.0033  value_loss=2.6922
  update  60000/500000: consistency_loss=0.0001  pi_loss=-0.0006  reward_loss=2.6922  total_loss=0.0025  value_loss=2.6922
  update  60500/500000: consistency_loss=0.0001  pi_loss=-0.0006  reward_loss=2.6922  total_loss=0.0027  value_loss=2.6922
  update  61000/500000: consistency_loss=0.0002  pi_loss=-0.0006  reward_loss=2.6922  total_loss=0.0031  value_loss=2.6922
  update  61500/500000: consistency_loss=0.0001  pi_loss=-0.0006  reward_loss=2.6922  total_loss=0.0026  value_loss=2.6922
  update  62000/500000: consistency_loss=0.0001  pi_loss=-0.0006  reward_loss=2.6922  total_loss=0.0029  value_loss=2.6922
  update  62500/500000: consistency_loss=0.0001  pi_loss=-0.0006  reward_loss=2.6922  total_loss=0.0027  value_loss=2.6922
  update  63000/500000: consistency_loss=0.0001  pi_loss=-0.0006  reward_loss=2.6922  total_loss=0.0026  value_loss=2.6922
  update  63500/500000: consistency_loss=0.0001  pi_loss=-0.0006  reward_loss=2.6922  total_loss=0.0028  value_loss=2.6922
  update  64000/500000: consistency_loss=0.0001  pi_loss=-0.0006  reward_loss=2.6922  total_loss=0.0027  value_loss=2.6922
  update  64500/500000: consistency_loss=0.0001  pi_loss=-0.0006  reward_loss=2.6922  total_loss=0.0021  value_loss=2.6922
  update  65000/500000: consistency_loss=0.0001  pi_loss=-0.0006  reward_loss=2.6922  total_loss=0.0025  value_loss=2.6922
  update  65500/500000: consistency_loss=0.0001  pi_loss=-0.0006  reward_loss=2.6922  total_loss=0.0025  value_loss=2.6922
  update  66000/500000: consistency_loss=0.0001  pi_loss=-0.0006  reward_loss=2.6922  total_loss=0.0028  value_loss=2.6922
  update  66500/500000: consistency_loss=0.0001  pi_loss=-0.0006  reward_loss=2.6922  total_loss=0.0027  value_loss=2.6922
  update  67000/500000: consistency_loss=0.0001  pi_loss=-0.0006  reward_loss=2.6922  total_loss=0.0026  value_loss=2.6922
  update  67500/500000: consistency_loss=0.0001  pi_loss=-0.0006  reward_loss=2.6922  total_loss=0.0026  value_loss=2.6922
  update  68000/500000: consistency_loss=0.0001  pi_loss=-0.0006  reward_loss=2.6922  total_loss=0.0030  value_loss=2.6922
  update  68500/500000: consistency_loss=0.0001  pi_loss=-0.0006  reward_loss=2.6922  total_loss=0.0028  value_loss=2.6922
  update  69000/500000: consistency_loss=0.0001  pi_loss=-0.0006  reward_loss=2.6922  total_loss=0.0028  value_loss=2.6922
  update  69500/500000: consistency_loss=0.0001  pi_loss=-0.0006  reward_loss=2.6922  total_loss=0.0025  value_loss=2.6922
  update  70000/500000: consistency_loss=0.0001  pi_loss=-0.0006  reward_loss=2.6922  total_loss=0.0026  value_loss=2.6922
  update  70500/500000: consistency_loss=0.0001  pi_loss=-0.0006  reward_loss=2.6922  total_loss=0.0025  value_loss=2.6922
  update  71000/500000: consistency_loss=0.0001  pi_loss=-0.0006  reward_loss=2.6922  total_loss=0.0024  value_loss=2.6922
  update  71500/500000: consistency_loss=0.0001  pi_loss=-0.0006  reward_loss=2.6922  total_loss=0.0023  value_loss=2.6922
  update  72000/500000: consistency_loss=0.0001  pi_loss=-0.0006  reward_loss=2.6922  total_loss=0.0024  value_loss=2.6922
  update  72500/500000: consistency_loss=0.0001  pi_loss=-0.0006  reward_loss=2.6922  total_loss=0.0023  value_loss=2.6922
  update  73000/500000: consistency_loss=0.0001  pi_loss=-0.0006  reward_loss=2.6922  total_loss=0.0027  value_loss=2.6922
  update  73500/500000: consistency_loss=0.0001  pi_loss=-0.0006  reward_loss=2.6922  total_loss=0.0022  value_loss=2.6922
  update  74000/500000: consistency_loss=0.0001  pi_loss=-0.0006  reward_loss=2.6922  total_loss=0.0022  value_loss=2.6922
  update  74500/500000: consistency_loss=0.0001  pi_loss=-0.0006  reward_loss=2.6922  total_loss=0.0024  value_loss=2.6922
  update  75000/500000: consistency_loss=0.0001  pi_loss=-0.0006  reward_loss=2.6922  total_loss=0.0021  value_loss=2.6922
  update  75500/500000: consistency_loss=0.0001  pi_loss=-0.0006  reward_loss=2.6922  total_loss=0.0023  value_loss=2.6922
  update  76000/500000: consistency_loss=0.0001  pi_loss=-0.0006  reward_loss=2.6922  total_loss=0.0021  value_loss=2.6922
  update  76500/500000: consistency_loss=0.0001  pi_loss=-0.0006  reward_loss=2.6922  total_loss=0.0024  value_loss=2.6922
  update  77000/500000: consistency_loss=0.0001  pi_loss=-0.0006  reward_loss=2.6922  total_loss=0.0025  value_loss=2.6922
  update  77500/500000: consistency_loss=0.0001  pi_loss=-0.0006  reward_loss=2.6922  total_loss=0.0021  value_loss=2.6922
  update  78000/500000: consistency_loss=0.0001  pi_loss=-0.0006  reward_loss=2.6922  total_loss=0.0022  value_loss=2.6922
  update  78500/500000: consistency_loss=0.0001  pi_loss=-0.0006  reward_loss=2.6922  total_loss=0.0022  value_loss=2.6922
  update  79000/500000: consistency_loss=0.0001  pi_loss=-0.0006  reward_loss=2.6922  total_loss=0.0023  value_loss=2.6922
  update  79500/500000: consistency_loss=0.0001  pi_loss=-0.0006  reward_loss=2.6922  total_loss=0.0028  value_loss=2.6922
  update  80000/500000: consistency_loss=0.0001  pi_loss=-0.0006  reward_loss=2.6922  total_loss=0.0023  value_loss=2.6922
  update  80500/500000: consistency_loss=0.0001  pi_loss=-0.0006  reward_loss=2.6922  total_loss=0.0025  value_loss=2.6922
  update  81000/500000: consistency_loss=0.0001  pi_loss=-0.0006  reward_loss=2.6922  total_loss=0.0023  value_loss=2.6922
  update  81500/500000: consistency_loss=0.0001  pi_loss=-0.0006  reward_loss=2.6922  total_loss=0.0021  value_loss=2.6922
  update  82000/500000: consistency_loss=0.0001  pi_loss=-0.0006  reward_loss=2.6922  total_loss=0.0020  value_loss=2.6922
  update  82500/500000: consistency_loss=0.0001  pi_loss=-0.0006  reward_loss=2.6922  total_loss=0.0024  value_loss=2.6922
  update  83000/500000: consistency_loss=0.0001  pi_loss=-0.0006  reward_loss=2.6922  total_loss=0.0025  value_loss=2.6922
  update  83500/500000: consistency_loss=0.0001  pi_loss=-0.0006  reward_loss=2.6922  total_loss=0.0021  value_loss=2.6922
  update  84000/500000: consistency_loss=0.0001  pi_loss=-0.0006  reward_loss=2.6922  total_loss=0.0020  value_loss=2.6922
  update  84500/500000: consistency_loss=0.0001  pi_loss=-0.0006  reward_loss=2.6922  total_loss=0.0020  value_loss=2.6922
  update  85000/500000: consistency_loss=0.0001  pi_loss=-0.0006  reward_loss=2.6922  total_loss=0.0026  value_loss=2.6922
  update  85500/500000: consistency_loss=0.0001  pi_loss=-0.0006  reward_loss=2.6922  total_loss=0.0022  value_loss=2.6922
  update  86000/500000: consistency_loss=0.0001  pi_loss=-0.0006  reward_loss=2.6922  total_loss=0.0022  value_loss=2.6922
  update  86500/500000: consistency_loss=0.0001  pi_loss=-0.0006  reward_loss=2.6922  total_loss=0.0020  value_loss=2.6922
  update  87000/500000: consistency_loss=0.0001  pi_loss=-0.0006  reward_loss=2.6922  total_loss=0.0023  value_loss=2.6922
  update  87500/500000: consistency_loss=0.0001  pi_loss=-0.0006  reward_loss=2.6922  total_loss=0.0026  value_loss=2.6922
  update  88000/500000: consistency_loss=0.0001  pi_loss=-0.0006  reward_loss=2.6922  total_loss=0.0022  value_loss=2.6922
  update  88500/500000: consistency_loss=0.0001  pi_loss=-0.0006  reward_loss=2.6922  total_loss=0.0023  value_loss=2.6922
  update  89000/500000: consistency_loss=0.0001  pi_loss=-0.0006  reward_loss=2.6922  total_loss=0.0024  value_loss=2.6922
  update  89500/500000: consistency_loss=0.0001  pi_loss=-0.0006  reward_loss=2.6922  total_loss=0.0022  value_loss=2.6922
  update  90000/500000: consistency_loss=0.0001  pi_loss=-0.0006  reward_loss=2.6922  total_loss=0.0023  value_loss=2.6922
  update  90500/500000: consistency_loss=0.0001  pi_loss=-0.0006  reward_loss=2.6922  total_loss=0.0022  value_loss=2.6922
  update  91000/500000: consistency_loss=0.0001  pi_loss=-0.0006  reward_loss=2.6922  total_loss=0.0020  value_loss=2.6922
  update  91500/500000: consistency_loss=0.0001  pi_loss=-0.0006  reward_loss=2.6922  total_loss=0.0027  value_loss=2.6922
  update  92000/500000: consistency_loss=0.0001  pi_loss=-0.0006  reward_loss=2.6922  total_loss=0.0025  value_loss=2.6922
  update  92500/500000: consistency_loss=0.0001  pi_loss=-0.0006  reward_loss=2.6922  total_loss=0.0020  value_loss=2.6922
  update  93000/500000: consistency_loss=0.0001  pi_loss=-0.0006  reward_loss=2.6922  total_loss=0.0025  value_loss=2.6922
  update  93500/500000: consistency_loss=0.0001  pi_loss=-0.0006  reward_loss=2.6922  total_loss=0.0022  value_loss=2.6922
  update  94000/500000: consistency_loss=0.0001  pi_loss=-0.0006  reward_loss=2.6922  total_loss=0.0022  value_loss=2.6922
  update  94500/500000: consistency_loss=0.0001  pi_loss=-0.0006  reward_loss=2.6922  total_loss=0.0022  value_loss=2.6922
  update  95000/500000: consistency_loss=0.0001  pi_loss=-0.0006  reward_loss=2.6922  total_loss=0.0022  value_loss=2.6922
  update  95500/500000: consistency_loss=0.0001  pi_loss=-0.0006  reward_loss=2.6922  total_loss=0.0023  value_loss=2.6922
  update  96000/500000: consistency_loss=0.0001  pi_loss=-0.0006  reward_loss=2.6922  total_loss=0.0023  value_loss=2.6922
  update  96500/500000: consistency_loss=0.0001  pi_loss=-0.0006  reward_loss=2.6922  total_loss=0.0024  value_loss=2.6922
  update  97000/500000: consistency_loss=0.0001  pi_loss=-0.0006  reward_loss=2.6922  total_loss=0.0024  value_loss=2.6922
  update  97500/500000: consistency_loss=0.0001  pi_loss=-0.0006  reward_loss=2.6922  total_loss=0.0023  value_loss=2.6922
  update  98000/500000: consistency_loss=0.0001  pi_loss=-0.0006  reward_loss=2.6922  total_loss=0.0021  value_loss=2.6922
  update  98500/500000: consistency_loss=0.0001  pi_loss=-0.0006  reward_loss=2.6922  total_loss=0.0022  value_loss=2.6922
  update  99000/500000: consistency_loss=0.0001  pi_loss=-0.0007  reward_loss=2.6922  total_loss=0.0025  value_loss=2.6922
  update  99500/500000: consistency_loss=0.0001  pi_loss=-0.0006  reward_loss=2.6922  total_loss=0.0027  value_loss=2.6922
  update 100000/500000: consistency_loss=0.0001  pi_loss=-0.0006  reward_loss=2.6922  total_loss=0.0017  value_loss=2.6922
Saved checkpoint at update 100000
  update 100500/500000: consistency_loss=0.0001  pi_loss=-0.0006  reward_loss=2.6922  total_loss=0.0021  value_loss=2.6922
  update 101000/500000: consistency_loss=0.0001  pi_loss=-0.0006  reward_loss=2.6922  total_loss=0.0021  value_loss=2.6922
  update 101500/500000: consistency_loss=0.0001  pi_loss=-0.0006  reward_loss=2.6922  total_loss=0.0019  value_loss=2.6922
  update 102000/500000: consistency_loss=0.0001  pi_loss=-0.0006  reward_loss=2.6922  total_loss=0.0019  value_loss=2.6922
  update 102500/500000: consistency_loss=0.0001  pi_loss=-0.0006  reward_loss=2.6922  total_loss=0.0023  value_loss=2.6922
  update 103000/500000: consistency_loss=0.0001  pi_loss=-0.0006  reward_loss=2.6922  total_loss=0.0020  value_loss=2.6922
  update 103500/500000: consistency_loss=0.0001  pi_loss=-0.0006  reward_loss=2.6922  total_loss=0.0022  value_loss=2.6922
  update 104000/500000: consistency_loss=0.0001  pi_loss=-0.0006  reward_loss=2.6922  total_loss=0.0020  value_loss=2.6922
  update 104500/500000: consistency_loss=0.0001  pi_loss=-0.0006  reward_loss=2.6922  total_loss=0.0018  value_loss=2.6922
  update 105000/500000: consistency_loss=0.0001  pi_loss=-0.0006  reward_loss=2.6922  total_loss=0.0021  value_loss=2.6922
  update 105500/500000: consistency_loss=0.0001  pi_loss=-0.0006  reward_loss=2.6922  total_loss=0.0022  value_loss=2.6922
  update 106000/500000: consistency_loss=0.0001  pi_loss=-0.0006  reward_loss=2.6922  total_loss=0.0024  value_loss=2.6922
  update 106500/500000: consistency_loss=0.0001  pi_loss=-0.0006  reward_loss=2.6922  total_loss=0.0023  value_loss=2.6922
  update 107000/500000: consistency_loss=0.0001  pi_loss=-0.0006  reward_loss=2.6922  total_loss=0.0020  value_loss=2.6922
  update 107500/500000: consistency_loss=0.0001  pi_loss=-0.0006  reward_loss=2.6922  total_loss=0.0023  value_loss=2.6922
  update 108000/500000: consistency_loss=0.0001  pi_loss=-0.0006  reward_loss=2.6922  total_loss=0.0026  value_loss=2.6922
  update 108500/500000: consistency_loss=0.0001  pi_loss=-0.0006  reward_loss=2.6922  total_loss=0.0019  value_loss=2.6922
  update 109000/500000: consistency_loss=0.0001  pi_loss=-0.0006  reward_loss=2.6922  total_loss=0.0025  value_loss=2.6922
  update 109500/500000: consistency_loss=0.0001  pi_loss=-0.0006  reward_loss=2.6922  total_loss=0.0019  value_loss=2.6922
  update 110000/500000: consistency_loss=0.0001  pi_loss=-0.0006  reward_loss=2.6922  total_loss=0.0025  value_loss=2.6922
  update 110500/500000: consistency_loss=0.0001  pi_loss=-0.0006  reward_loss=2.6922  total_loss=0.0021  value_loss=2.6922
  update 111000/500000: consistency_loss=0.0001  pi_loss=-0.0006  reward_loss=2.6922  total_loss=0.0021  value_loss=2.6922
  update 111500/500000: consistency_loss=0.0001  pi_loss=-0.0006  reward_loss=2.6922  total_loss=0.0022  value_loss=2.6922
  update 112000/500000: consistency_loss=0.0001  pi_loss=-0.0006  reward_loss=2.6922  total_loss=0.0020  value_loss=2.6922
  update 112500/500000: consistency_loss=0.0001  pi_loss=-0.0006  reward_loss=2.6922  total_loss=0.0019  value_loss=2.6922
  update 113000/500000: consistency_loss=0.0001  pi_loss=-0.0006  reward_loss=2.6922  total_loss=0.0018  value_loss=2.6922
  update 113500/500000: consistency_loss=0.0001  pi_loss=-0.0006  reward_loss=2.6922  total_loss=0.0020  value_loss=2.6922
  update 114000/500000: consistency_loss=0.0001  pi_loss=-0.0006  reward_loss=2.6922  total_loss=0.0021  value_loss=2.6922
  update 114500/500000: consistency_loss=0.0001  pi_loss=-0.0006  reward_loss=2.6922  total_loss=0.0018  value_loss=2.6922
  update 115000/500000: consistency_loss=0.0001  pi_loss=-0.0006  reward_loss=2.6922  total_loss=0.0019  value_loss=2.6922
  update 115500/500000: consistency_loss=0.0001  pi_loss=-0.0006  reward_loss=2.6922  total_loss=0.0020  value_loss=2.6922
  update 116000/500000: consistency_loss=0.0001  pi_loss=-0.0006  reward_loss=2.6922  total_loss=0.0019  value_loss=2.6922
  update 116500/500000: consistency_loss=0.0001  pi_loss=-0.0006  reward_loss=2.6922  total_loss=0.0022  value_loss=2.6922
  update 117000/500000: consistency_loss=0.0001  pi_loss=-0.0006  reward_loss=2.6922  total_loss=0.0020  value_loss=2.6922
  update 117500/500000: consistency_loss=0.0001  pi_loss=-0.0006  reward_loss=2.6922  total_loss=0.0019  value_loss=2.6922
  update 118000/500000: consistency_loss=0.0001  pi_loss=-0.0006  reward_loss=2.6922  total_loss=0.0026  value_loss=2.6922
  update 118500/500000: consistency_loss=0.0001  pi_loss=-0.0006  reward_loss=2.6922  total_loss=0.0019  value_loss=2.6922
  update 119000/500000: consistency_loss=0.0001  pi_loss=-0.0006  reward_loss=2.6922  total_loss=0.0017  value_loss=2.6922
  update 119500/500000: consistency_loss=0.0001  pi_loss=-0.0006  reward_loss=2.6922  total_loss=0.0025  value_loss=2.6922
  update 120000/500000: consistency_loss=0.0001  pi_loss=-0.0006  reward_loss=2.6922  total_loss=0.0025  value_loss=2.6922
  update 120500/500000: consistency_loss=0.0001  pi_loss=-0.0007  reward_loss=2.6922  total_loss=0.0020  value_loss=2.6922
  update 121000/500000: consistency_loss=0.0001  pi_loss=-0.0006  reward_loss=2.6922  total_loss=0.0023  value_loss=2.6922
  update 121500/500000: consistency_loss=0.0001  pi_loss=-0.0006  reward_loss=2.6922  total_loss=0.0021  value_loss=2.6922
  update 122000/500000: consistency_loss=0.0001  pi_loss=-0.0006  reward_loss=2.6922  total_loss=0.0019  value_loss=2.6922
  update 122500/500000: consistency_loss=0.0001  pi_loss=-0.0006  reward_loss=2.6922  total_loss=0.0028  value_loss=2.6922
  update 123000/500000: consistency_loss=0.0001  pi_loss=-0.0006  reward_loss=2.6922  total_loss=0.0020  value_loss=2.6922
  update 123500/500000: consistency_loss=0.0001  pi_loss=-0.0006  reward_loss=2.6922  total_loss=0.0023  value_loss=2.6922
  update 124000/500000: consistency_loss=0.0001  pi_loss=-0.0006  reward_loss=2.6922  total_loss=0.0018  value_loss=2.6922
  update 124500/500000: consistency_loss=0.0001  pi_loss=-0.0006  reward_loss=2.6922  total_loss=0.0020  value_loss=2.6922
  update 125000/500000: consistency_loss=0.0001  pi_loss=-0.0006  reward_loss=2.6922  total_loss=0.0020  value_loss=2.6922
  update 125500/500000: consistency_loss=0.0001  pi_loss=-0.0006  reward_loss=2.6922  total_loss=0.0018  value_loss=2.6922
  update 126000/500000: consistency_loss=0.0001  pi_loss=-0.0006  reward_loss=2.6922  total_loss=0.0020  value_loss=2.6922
  update 126500/500000: consistency_loss=0.0001  pi_loss=-0.0006  reward_loss=2.6922  total_loss=0.0025  value_loss=2.6922
  update 127000/500000: consistency_loss=0.0001  pi_loss=-0.0006  reward_loss=2.6922  total_loss=0.0019  value_loss=2.6922
  update 127500/500000: consistency_loss=0.0001  pi_loss=-0.0006  reward_loss=2.6922  total_loss=0.0023  value_loss=2.6922
  update 128000/500000: consistency_loss=0.0001  pi_loss=-0.0006  reward_loss=2.6922  total_loss=0.0022  value_loss=2.6922
  update 128500/500000: consistency_loss=0.0001  pi_loss=-0.0006  reward_loss=2.6922  total_loss=0.0023  value_loss=2.6922
  update 129000/500000: consistency_loss=0.0001  pi_loss=-0.0006  reward_loss=2.6922  total_loss=0.0020  value_loss=2.6922
  update 129500/500000: consistency_loss=0.0001  pi_loss=-0.0006  reward_loss=2.6922  total_loss=0.0020  value_loss=2.6922
  update 130000/500000: consistency_loss=0.0001  pi_loss=-0.0006  reward_loss=2.6922  total_loss=0.0020  value_loss=2.6922
  update 130500/500000: consistency_loss=0.0001  pi_loss=-0.0006  reward_loss=2.6922  total_loss=0.0022  value_loss=2.6922
  update 131000/500000: consistency_loss=0.0001  pi_loss=-0.0006  reward_loss=2.6922  total_loss=0.0023  value_loss=2.6922
  update 131500/500000: consistency_loss=0.0001  pi_loss=-0.0006  reward_loss=2.6922  total_loss=0.0021  value_loss=2.6922
  update 132000/500000: consistency_loss=0.0001  pi_loss=-0.0006  reward_loss=2.6922  total_loss=0.0022  value_loss=2.6922
  update 132500/500000: consistency_loss=0.0001  pi_loss=-0.0006  reward_loss=2.6922  total_loss=0.0022  value_loss=2.6922
  update 133000/500000: consistency_loss=0.0001  pi_loss=-0.0006  reward_loss=2.6922  total_loss=0.0018  value_loss=2.6922
  update 133500/500000: consistency_loss=0.0001  pi_loss=-0.0006  reward_loss=2.6922  total_loss=0.0021  value_loss=2.6922
  update 134000/500000: consistency_loss=0.0001  pi_loss=-0.0006  reward_loss=2.6922  total_loss=0.0020  value_loss=2.6922
  update 134500/500000: consistency_loss=0.0001  pi_loss=-0.0006  reward_loss=2.6922  total_loss=0.0022  value_loss=2.6922
  update 135000/500000: consistency_loss=0.0001  pi_loss=-0.0006  reward_loss=2.6922  total_loss=0.0020  value_loss=2.6922
  update 135500/500000: consistency_loss=0.0001  pi_loss=-0.0006  reward_loss=2.6922  total_loss=0.0018  value_loss=2.6922
  update 136000/500000: consistency_loss=0.0001  pi_loss=-0.0006  reward_loss=2.6922  total_loss=0.0025  value_loss=2.6922
  update 136500/500000: consistency_loss=0.0001  pi_loss=-0.0006  reward_loss=2.6922  total_loss=0.0021  value_loss=2.6922
  update 137000/500000: consistency_loss=0.0001  pi_loss=-0.0006  reward_loss=2.6922  total_loss=0.0025  value_loss=2.6922
  update 137500/500000: consistency_loss=0.0001  pi_loss=-0.0006  reward_loss=2.6922  total_loss=0.0019  value_loss=2.6922
  update 138000/500000: consistency_loss=0.0001  pi_loss=-0.0007  reward_loss=2.6922  total_loss=0.0020  value_loss=2.6922
  update 138500/500000: consistency_loss=0.0001  pi_loss=-0.0006  reward_loss=2.6922  total_loss=0.0021  value_loss=2.6922
  update 139000/500000: consistency_loss=0.0001  pi_loss=-0.0006  reward_loss=2.6922  total_loss=0.0022  value_loss=2.6922
  update 139500/500000: consistency_loss=0.0001  pi_loss=-0.0006  reward_loss=2.6922  total_loss=0.0021  value_loss=2.6922
  update 140000/500000: consistency_loss=0.0001  pi_loss=-0.0006  reward_loss=2.6922  total_loss=0.0019  value_loss=2.6922
  update 140500/500000: consistency_loss=0.0001  pi_loss=-0.0006  reward_loss=2.6922  total_loss=0.0018  value_loss=2.6922
  update 141000/500000: consistency_loss=0.0001  pi_loss=-0.0006  reward_loss=2.6922  total_loss=0.0025  value_loss=2.6922
  update 141500/500000: consistency_loss=0.0001  pi_loss=-0.0006  reward_loss=2.6922  total_loss=0.0022  value_loss=2.6922
  update 142000/500000: consistency_loss=0.0001  pi_loss=-0.0006  reward_loss=2.6922  total_loss=0.0020  value_loss=2.6922
  update 142500/500000: consistency_loss=0.0001  pi_loss=-0.0006  reward_loss=2.6922  total_loss=0.0020  value_loss=2.6922
  update 143000/500000: consistency_loss=0.0001  pi_loss=-0.0006  reward_loss=2.6922  total_loss=0.0017  value_loss=2.6922
  update 143500/500000: consistency_loss=0.0001  pi_loss=-0.0006  reward_loss=2.6922  total_loss=0.0022  value_loss=2.6922
  update 144000/500000: consistency_loss=0.0001  pi_loss=-0.0006  reward_loss=2.6922  total_loss=0.0017  value_loss=2.6922
  update 144500/500000: consistency_loss=0.0001  pi_loss=-0.0006  reward_loss=2.6922  total_loss=0.0018  value_loss=2.6922
  update 145000/500000: consistency_loss=0.0001  pi_loss=-0.0006  reward_loss=2.6922  total_loss=0.0020  value_loss=2.6922
  update 145500/500000: consistency_loss=0.0001  pi_loss=-0.0006  reward_loss=2.6922  total_loss=0.0018  value_loss=2.6922
  update 146000/500000: consistency_loss=0.0001  pi_loss=-0.0006  reward_loss=2.6922  total_loss=0.0018  value_loss=2.6922
  update 146500/500000: consistency_loss=0.0001  pi_loss=-0.0006  reward_loss=2.6922  total_loss=0.0019  value_loss=2.6922
  update 147000/500000: consistency_loss=0.0001  pi_loss=-0.0006  reward_loss=2.6922  total_loss=0.0019  value_loss=2.6922
  update 147500/500000: consistency_loss=0.0001  pi_loss=-0.0006  reward_loss=2.6922  total_loss=0.0020  value_loss=2.6922
  update 148000/500000: consistency_loss=0.0001  pi_loss=-0.0006  reward_loss=2.6922  total_loss=0.0017  value_loss=2.6922
  update 148500/500000: consistency_loss=0.0001  pi_loss=-0.0006  reward_loss=2.6922  total_loss=0.0020  value_loss=2.6922
  update 149000/500000: consistency_loss=0.0001  pi_loss=-0.0006  reward_loss=2.6922  total_loss=0.0019  value_loss=2.6922
  update 149500/500000: consistency_loss=0.0001  pi_loss=-0.0006  reward_loss=2.6922  total_loss=0.0020  value_loss=2.6922
  update 150000/500000: consistency_loss=0.0001  pi_loss=-0.0006  reward_loss=2.6922  total_loss=0.0021  value_loss=2.6922
  update 150500/500000: consistency_loss=0.0001  pi_loss=-0.0006  reward_loss=2.6922  total_loss=0.0019  value_loss=2.6922
  update 151000/500000: consistency_loss=0.0001  pi_loss=-0.0006  reward_loss=2.6922  total_loss=0.0020  value_loss=2.6922
  update 151500/500000: consistency_loss=0.0001  pi_loss=-0.0006  reward_loss=2.6922  total_loss=0.0019  value_loss=2.6922
  update 152000/500000: consistency_loss=0.0001  pi_loss=-0.0006  reward_loss=2.6922  total_loss=0.0020  value_loss=2.6922
  update 152500/500000: consistency_loss=0.0001  pi_loss=-0.0006  reward_loss=2.6922  total_loss=0.0021  value_loss=2.6922
  update 153000/500000: consistency_loss=0.0001  pi_loss=-0.0006  reward_loss=2.6922  total_loss=0.0018  value_loss=2.6922
  update 153500/500000: consistency_loss=0.0001  pi_loss=-0.0006  reward_loss=2.6922  total_loss=0.0018  value_loss=2.6922
  update 154000/500000: consistency_loss=0.0001  pi_loss=-0.0006  reward_loss=2.6922  total_loss=0.0018  value_loss=2.6922
  update 154500/500000: consistency_loss=0.0001  pi_loss=-0.0006  reward_loss=2.6922  total_loss=0.0019  value_loss=2.6922
  update 155000/500000: consistency_loss=0.0001  pi_loss=-0.0006  reward_loss=2.6922  total_loss=0.0018  value_loss=2.6922
  update 155500/500000: consistency_loss=0.0001  pi_loss=-0.0006  reward_loss=2.6922  total_loss=0.0017  value_loss=2.6922
  update 156000/500000: consistency_loss=0.0001  pi_loss=-0.0006  reward_loss=2.6922  total_loss=0.0019  value_loss=2.6922
  update 156500/500000: consistency_loss=0.0001  pi_loss=-0.0006  reward_loss=2.6922  total_loss=0.0020  value_loss=2.6922
  update 157000/500000: consistency_loss=0.0001  pi_loss=-0.0006  reward_loss=2.6922  total_loss=0.0017  value_loss=2.6922
  update 157500/500000: consistency_loss=0.0001  pi_loss=-0.0006  reward_loss=2.6922  total_loss=0.0017  value_loss=2.6922
  update 158000/500000: consistency_loss=0.0001  pi_loss=-0.0006  reward_loss=2.6922  total_loss=0.0017  value_loss=2.6922
  update 158500/500000: consistency_loss=0.0001  pi_loss=-0.0006  reward_loss=2.6922  total_loss=0.0020  value_loss=2.6922
  update 159000/500000: consistency_loss=0.0001  pi_loss=-0.0006  reward_loss=2.6922  total_loss=0.0021  value_loss=2.6922
  update 159500/500000: consistency_loss=0.0001  pi_loss=-0.0006  reward_loss=2.6922  total_loss=0.0017  value_loss=2.6922
  update 160000/500000: consistency_loss=0.0001  pi_loss=-0.0006  reward_loss=2.6922  total_loss=0.0022  value_loss=2.6922
  update 160500/500000: consistency_loss=0.0001  pi_loss=-0.0006  reward_loss=2.6922  total_loss=0.0021  value_loss=2.6922
  update 161000/500000: consistency_loss=0.0001  pi_loss=-0.0006  reward_loss=2.6922  total_loss=0.0020  value_loss=2.6922
  update 161500/500000: consistency_loss=0.0001  pi_loss=-0.0006  reward_loss=2.6922  total_loss=0.0018  value_loss=2.6922
  update 162000/500000: consistency_loss=0.0001  pi_loss=-0.0006  reward_loss=2.6922  total_loss=0.0020  value_loss=2.6922
  update 162500/500000: consistency_loss=0.0001  pi_loss=-0.0006  reward_loss=2.6922  total_loss=0.0020  value_loss=2.6922
  update 163000/500000: consistency_loss=0.0001  pi_loss=-0.0006  reward_loss=2.6922  total_loss=0.0020  value_loss=2.6922
  update 163500/500000: consistency_loss=0.0001  pi_loss=-0.0006  reward_loss=2.6922  total_loss=0.0022  value_loss=2.6922
  update 164000/500000: consistency_loss=0.0001  pi_loss=-0.0006  reward_loss=2.6922  total_loss=0.0019  value_loss=2.6922
  update 164500/500000: consistency_loss=0.0001  pi_loss=-0.0006  reward_loss=2.6922  total_loss=0.0018  value_loss=2.6922
  update 165000/500000: consistency_loss=0.0001  pi_loss=-0.0006  reward_loss=2.6922  total_loss=0.0024  value_loss=2.6922
  update 165500/500000: consistency_loss=0.0001  pi_loss=-0.0006  reward_loss=2.6922  total_loss=0.0015  value_loss=2.6922
  update 166000/500000: consistency_loss=0.0001  pi_loss=-0.0006  reward_loss=2.6922  total_loss=0.0016  value_loss=2.6922
  update 166500/500000: consistency_loss=0.0001  pi_loss=-0.0006  reward_loss=2.6922  total_loss=0.0020  value_loss=2.6922
  update 167000/500000: consistency_loss=0.0001  pi_loss=-0.0006  reward_loss=2.6922  total_loss=0.0017  value_loss=2.6922
  update 167500/500000: consistency_loss=0.0001  pi_loss=-0.0006  reward_loss=2.6922  total_loss=0.0023  value_loss=2.6922
  update 168000/500000: consistency_loss=0.0001  pi_loss=-0.0006  reward_loss=2.6922  total_loss=0.0021  value_loss=2.6922
  update 168500/500000: consistency_loss=0.0001  pi_loss=-0.0006  reward_loss=2.6922  total_loss=0.0020  value_loss=2.6922
  update 169000/500000: consistency_loss=0.0001  pi_loss=-0.0006  reward_loss=2.6922  total_loss=0.0021  value_loss=2.6922
  update 169500/500000: consistency_loss=0.0001  pi_loss=-0.0006  reward_loss=2.6922  total_loss=0.0023  value_loss=2.6922
  update 170000/500000: consistency_loss=0.0001  pi_loss=-0.0006  reward_loss=2.6922  total_loss=0.0017  value_loss=2.6922
  update 170500/500000: consistency_loss=0.0001  pi_loss=-0.0006  reward_loss=2.6922  total_loss=0.0019  value_loss=2.6922
  update 171000/500000: consistency_loss=0.0001  pi_loss=-0.0006  reward_loss=2.6922  total_loss=0.0019  value_loss=2.6922
  update 171500/500000: consistency_loss=0.0001  pi_loss=-0.0006  reward_loss=2.6922  total_loss=0.0020  value_loss=2.6922
  update 172000/500000: consistency_loss=0.0001  pi_loss=-0.0006  reward_loss=2.6922  total_loss=0.0014  value_loss=2.6922
  update 172500/500000: consistency_loss=0.0001  pi_loss=-0.0006  reward_loss=2.6922  total_loss=0.0017  value_loss=2.6922
  update 173000/500000: consistency_loss=0.0001  pi_loss=-0.0006  reward_loss=2.6922  total_loss=0.0019  value_loss=2.6922
  update 173500/500000: consistency_loss=0.0001  pi_loss=-0.0006  reward_loss=2.6922  total_loss=0.0022  value_loss=2.6922
  update 174000/500000: consistency_loss=0.0001  pi_loss=-0.0006  reward_loss=2.6922  total_loss=0.0016  value_loss=2.6922
  update 174500/500000: consistency_loss=0.0001  pi_loss=-0.0006  reward_loss=2.6922  total_loss=0.0019  value_loss=2.6922
  update 175000/500000: consistency_loss=0.0001  pi_loss=-0.0006  reward_loss=2.6922  total_loss=0.0019  value_loss=2.6922
  update 175500/500000: consistency_loss=0.0001  pi_loss=-0.0006  reward_loss=2.6922  total_loss=0.0019  value_loss=2.6922
  update 176000/500000: consistency_loss=0.0001  pi_loss=-0.0007  reward_loss=2.6922  total_loss=0.0018  value_loss=2.6922
  update 176500/500000: consistency_loss=0.0001  pi_loss=-0.0006  reward_loss=2.6922  total_loss=0.0017  value_loss=2.6922
  update 177000/500000: consistency_loss=0.0001  pi_loss=-0.0006  reward_loss=2.6922  total_loss=0.0018  value_loss=2.6922
  update 177500/500000: consistency_loss=0.0001  pi_loss=-0.0006  reward_loss=2.6922  total_loss=0.0019  value_loss=2.6922
  update 178000/500000: consistency_loss=0.0001  pi_loss=-0.0006  reward_loss=2.6922  total_loss=0.0015  value_loss=2.6922
  update 178500/500000: consistency_loss=0.0001  pi_loss=-0.0006  reward_loss=2.6922  total_loss=0.0016  value_loss=2.6922
  update 179000/500000: consistency_loss=0.0001  pi_loss=-0.0006  reward_loss=2.6922  total_loss=0.0017  value_loss=2.6922
  update 179500/500000: consistency_loss=0.0001  pi_loss=-0.0006  reward_loss=2.6922  total_loss=0.0018  value_loss=2.6922
  update 180000/500000: consistency_loss=0.0001  pi_loss=-0.0006  reward_loss=2.6922  total_loss=0.0022  value_loss=2.6922
  update 180500/500000: consistency_loss=0.0001  pi_loss=-0.0006  reward_loss=2.6922  total_loss=0.0017  value_loss=2.6922
  update 181000/500000: consistency_loss=0.0001  pi_loss=-0.0006  reward_loss=2.6922  total_loss=0.0017  value_loss=2.6922
  update 181500/500000: consistency_loss=0.0001  pi_loss=-0.0006  reward_loss=2.6922  total_loss=0.0020  value_loss=2.6922
  update 182000/500000: consistency_loss=0.0001  pi_loss=-0.0006  reward_loss=2.6922  total_loss=0.0022  value_loss=2.6922
  update 182500/500000: consistency_loss=0.0001  pi_loss=-0.0006  reward_loss=2.6922  total_loss=0.0019  value_loss=2.6922
  update 183000/500000: consistency_loss=0.0001  pi_loss=-0.0006  reward_loss=2.6922  total_loss=0.0015  value_loss=2.6922
  update 183500/500000: consistency_loss=0.0001  pi_loss=-0.0006  reward_loss=2.6922  total_loss=0.0021  value_loss=2.6922
  update 184000/500000: consistency_loss=0.0001  pi_loss=-0.0006  reward_loss=2.6922  total_loss=0.0018  value_loss=2.6922
  update 184500/500000: consistency_loss=0.0001  pi_loss=-0.0006  reward_loss=2.6922  total_loss=0.0020  value_loss=2.6922
  update 185000/500000: consistency_loss=0.0001  pi_loss=-0.0006  reward_loss=2.6922  total_loss=0.0018  value_loss=2.6922
  update 185500/500000: consistency_loss=0.0001  pi_loss=-0.0006  reward_loss=2.6922  total_loss=0.0019  value_loss=2.6922
  update 186000/500000: consistency_loss=0.0001  pi_loss=-0.0006  reward_loss=2.6922  total_loss=0.0021  value_loss=2.6922
  update 186500/500000: consistency_loss=0.0001  pi_loss=-0.0006  reward_loss=2.6922  total_loss=0.0015  value_loss=2.6922
  update 187000/500000: consistency_loss=0.0001  pi_loss=-0.0006  reward_loss=2.6922  total_loss=0.0019  value_loss=2.6922
  update 187500/500000: consistency_loss=0.0001  pi_loss=-0.0006  reward_loss=2.6922  total_loss=0.0018  value_loss=2.6922
  update 188000/500000: consistency_loss=0.0001  pi_loss=-0.0006  reward_loss=2.6922  total_loss=0.0016  value_loss=2.6922
  update 188500/500000: consistency_loss=0.0001  pi_loss=-0.0006  reward_loss=2.6922  total_loss=0.0018  value_loss=2.6922
  update 189000/500000: consistency_loss=0.0001  pi_loss=-0.0006  reward_loss=2.6922  total_loss=0.0020  value_loss=2.6922
  update 189500/500000: consistency_loss=0.0001  pi_loss=-0.0006  reward_loss=2.6922  total_loss=0.0021  value_loss=2.6922
  update 190000/500000: consistency_loss=0.0001  pi_loss=-0.0006  reward_loss=2.6922  total_loss=0.0019  value_loss=2.6922
  update 190500/500000: consistency_loss=0.0001  pi_loss=-0.0006  reward_loss=2.6922  total_loss=0.0020  value_loss=2.6922
  update 191000/500000: consistency_loss=0.0001  pi_loss=-0.0006  reward_loss=2.6922  total_loss=0.0022  value_loss=2.6922
  update 191500/500000: consistency_loss=0.0001  pi_loss=-0.0006  reward_loss=2.6922  total_loss=0.0024  value_loss=2.6922
  update 192000/500000: consistency_loss=0.0001  pi_loss=-0.0006  reward_loss=2.6922  total_loss=0.0019  value_loss=2.6922
  update 192500/500000: consistency_loss=0.0001  pi_loss=-0.0006  reward_loss=2.6922  total_loss=0.0017  value_loss=2.6922
  update 193000/500000: consistency_loss=0.0001  pi_loss=-0.0006  reward_loss=2.6922  total_loss=0.0017  value_loss=2.6922
  update 193500/500000: consistency_loss=0.0001  pi_loss=-0.0006  reward_loss=2.6922  total_loss=0.0017  value_loss=2.6922
  update 194000/500000: consistency_loss=0.0001  pi_loss=-0.0006  reward_loss=2.6922  total_loss=0.0017  value_loss=2.6922
  update 194500/500000: consistency_loss=0.0001  pi_loss=-0.0006  reward_loss=2.6922  total_loss=0.0019  value_loss=2.6922
  update 195000/500000: consistency_loss=0.0001  pi_loss=-0.0006  reward_loss=2.6922  total_loss=0.0017  value_loss=2.6922
  update 195500/500000: consistency_loss=0.0001  pi_loss=-0.0006  reward_loss=2.6922  total_loss=0.0017  value_loss=2.6922
  update 196000/500000: consistency_loss=0.0001  pi_loss=-0.0006  reward_loss=2.6922  total_loss=0.0018  value_loss=2.6922
  update 196500/500000: consistency_loss=0.0001  pi_loss=-0.0006  reward_loss=2.6922  total_loss=0.0018  value_loss=2.6922
  update 197000/500000: consistency_loss=0.0001  pi_loss=-0.0006  reward_loss=2.6922  total_loss=0.0021  value_loss=2.6922
  update 197500/500000: consistency_loss=0.0001  pi_loss=-0.0006  reward_loss=2.6922  total_loss=0.0023  value_loss=2.6922
  update 198000/500000: consistency_loss=0.0001  pi_loss=-0.0006  reward_loss=2.6922  total_loss=0.0019  value_loss=2.6922
  update 198500/500000: consistency_loss=0.0001  pi_loss=-0.0006  reward_loss=2.6922  total_loss=0.0019  value_loss=2.6922
  update 199000/500000: consistency_loss=0.0001  pi_loss=-0.0006  reward_loss=2.6922  total_loss=0.0020  value_loss=2.6922
  update 199500/500000: consistency_loss=0.0001  pi_loss=-0.0006  reward_loss=2.6922  total_loss=0.0019  value_loss=2.6922
  update 200000/500000: consistency_loss=0.0001  pi_loss=-0.0006  reward_loss=2.6922  total_loss=0.0023  value_loss=2.6922
Saved checkpoint at update 200000
  update 200500/500000: consistency_loss=0.0001  pi_loss=-0.0006  reward_loss=2.6922  total_loss=0.0018  value_loss=2.6922
  update 201000/500000: consistency_loss=0.0001  pi_loss=-0.0006  reward_loss=2.6922  total_loss=0.0016  value_loss=2.6922
  update 201500/500000: consistency_loss=0.0001  pi_loss=-0.0006  reward_loss=2.6922  total_loss=0.0018  value_loss=2.6922
  update 202000/500000: consistency_loss=0.0001  pi_loss=-0.0006  reward_loss=2.6922  total_loss=0.0021  value_loss=2.6922
  update 202500/500000: consistency_loss=0.0001  pi_loss=-0.0006  reward_loss=2.6922  total_loss=0.0021  value_loss=2.6922
  update 203000/500000: consistency_loss=0.0001  pi_loss=-0.0006  reward_loss=2.6922  total_loss=0.0019  value_loss=2.6922
  update 203500/500000: consistency_loss=0.0001  pi_loss=-0.0006  reward_loss=2.6922  total_loss=0.0018  value_loss=2.6922
  update 204000/500000: consistency_loss=0.0001  pi_loss=-0.0006  reward_loss=2.6922  total_loss=0.0016  value_loss=2.6922
  update 204500/500000: consistency_loss=0.0001  pi_loss=-0.0006  reward_loss=2.6922  total_loss=0.0021  value_loss=2.6922
  update 205000/500000: consistency_loss=0.0001  pi_loss=-0.0006  reward_loss=2.6922  total_loss=0.0018  value_loss=2.6922
  update 205500/500000: consistency_loss=0.0001  pi_loss=-0.0006  reward_loss=2.6922  total_loss=0.0017  value_loss=2.6922
  update 206000/500000: consistency_loss=0.0001  pi_loss=-0.0006  reward_loss=2.6922  total_loss=0.0017  value_loss=2.6922
  update 206500/500000: consistency_loss=0.0001  pi_loss=-0.0006  reward_loss=2.6922  total_loss=0.0017  value_loss=2.6922
  update 207000/500000: consistency_loss=0.0001  pi_loss=-0.0006  reward_loss=2.6922  total_loss=0.0022  value_loss=2.6922
  update 207500/500000: consistency_loss=0.0001  pi_loss=-0.0006  reward_loss=2.6922  total_loss=0.0018  value_loss=2.6922
  update 208000/500000: consistency_loss=0.0001  pi_loss=-0.0006  reward_loss=2.6922  total_loss=0.0023  value_loss=2.6922
  update 208500/500000: consistency_loss=0.0001  pi_loss=-0.0006  reward_loss=2.6922  total_loss=0.0016  value_loss=2.6922
  update 209000/500000: consistency_loss=0.0001  pi_loss=-0.0006  reward_loss=2.6922  total_loss=0.0016  value_loss=2.6922
  update 209500/500000: consistency_loss=0.0001  pi_loss=-0.0006  reward_loss=2.6922  total_loss=0.0021  value_loss=2.6922
  update 210000/500000: consistency_loss=0.0001  pi_loss=-0.0006  reward_loss=2.6922  total_loss=0.0015  value_loss=2.6922
  update 210500/500000: consistency_loss=0.0001  pi_loss=-0.0006  reward_loss=2.6922  total_loss=0.0020  value_loss=2.6922
  update 211000/500000: consistency_loss=0.0001  pi_loss=-0.0006  reward_loss=2.6922  total_loss=0.0018  value_loss=2.6922
  update 211500/500000: consistency_loss=0.0001  pi_loss=-0.0006  reward_loss=2.6922  total_loss=0.0017  value_loss=2.6922
  update 212000/500000: consistency_loss=0.0001  pi_loss=-0.0006  reward_loss=2.6922  total_loss=0.0018  value_loss=2.6922
  update 212500/500000: consistency_loss=0.0001  pi_loss=-0.0006  reward_loss=2.6922  total_loss=0.0019  value_loss=2.6922
  update 213000/500000: consistency_loss=0.0001  pi_loss=-0.0006  reward_loss=2.6922  total_loss=0.0018  value_loss=2.6922
  update 213500/500000: consistency_loss=0.0001  pi_loss=-0.0006  reward_loss=2.6922  total_loss=0.0018  value_loss=2.6922
  update 214000/500000: consistency_loss=0.0001  pi_loss=-0.0006  reward_loss=2.6922  total_loss=0.0016  value_loss=2.6922
  update 214500/500000: consistency_loss=0.0001  pi_loss=-0.0006  reward_loss=2.6922  total_loss=0.0017  value_loss=2.6922
  update 215000/500000: consistency_loss=0.0001  pi_loss=-0.0006  reward_loss=2.6922  total_loss=0.0021  value_loss=2.6922
  update 215500/500000: consistency_loss=0.0001  pi_loss=-0.0006  reward_loss=2.6922  total_loss=0.0016  value_loss=2.6922
  update 216000/500000: consistency_loss=0.0001  pi_loss=-0.0006  reward_loss=2.6922  total_loss=0.0017  value_loss=2.6922
  update 216500/500000: consistency_loss=0.0001  pi_loss=-0.0006  reward_loss=2.6922  total_loss=0.0018  value_loss=2.6922
  update 217000/500000: consistency_loss=0.0001  pi_loss=-0.0006  reward_loss=2.6922  total_loss=0.0017  value_loss=2.6922
  update 217500/500000: consistency_loss=0.0001  pi_loss=-0.0006  reward_loss=2.6922  total_loss=0.0020  value_loss=2.6922
  update 218000/500000: consistency_loss=0.0001  pi_loss=-0.0006  reward_loss=2.6922  total_loss=0.0017  value_loss=2.6922
  update 218500/500000: consistency_loss=0.0001  pi_loss=-0.0006  reward_loss=2.6922  total_loss=0.0019  value_loss=2.6922
  update 219000/500000: consistency_loss=0.0001  pi_loss=-0.0006  reward_loss=2.6922  total_loss=0.0023  value_loss=2.6922
  update 219500/500000: consistency_loss=0.0001  pi_loss=-0.0006  reward_loss=2.6922  total_loss=0.0015  value_loss=2.6922
  update 220000/500000: consistency_loss=0.0001  pi_loss=-0.0006  reward_loss=2.6922  total_loss=0.0018  value_loss=2.6922
  update 220500/500000: consistency_loss=0.0001  pi_loss=-0.0006  reward_loss=2.6922  total_loss=0.0019  value_loss=2.6922
  update 221000/500000: consistency_loss=0.0001  pi_loss=-0.0006  reward_loss=2.6922  total_loss=0.0020  value_loss=2.6922
  update 221500/500000: consistency_loss=0.0001  pi_loss=-0.0006  reward_loss=2.6922  total_loss=0.0017  value_loss=2.6922
  update 222000/500000: consistency_loss=0.0001  pi_loss=-0.0006  reward_loss=2.6922  total_loss=0.0016  value_loss=2.6922
  update 222500/500000: consistency_loss=0.0001  pi_loss=-0.0006  reward_loss=2.6922  total_loss=0.0021  value_loss=2.6922
  update 223000/500000: consistency_loss=0.0001  pi_loss=-0.0006  reward_loss=2.6922  total_loss=0.0018  value_loss=2.6922
  update 223500/500000: consistency_loss=0.0001  pi_loss=-0.0006  reward_loss=2.6922  total_loss=0.0017  value_loss=2.6922
  update 224000/500000: consistency_loss=0.0001  pi_loss=-0.0006  reward_loss=2.6922  total_loss=0.0018  value_loss=2.6922
  update 224500/500000: consistency_loss=0.0001  pi_loss=-0.0006  reward_loss=2.6922  total_loss=0.0023  value_loss=2.6922
  update 225000/500000: consistency_loss=0.0001  pi_loss=-0.0006  reward_loss=2.6922  total_loss=0.0021  value_loss=2.6922
  update 225500/500000: consistency_loss=0.0001  pi_loss=-0.0006  reward_loss=2.6922  total_loss=0.0018  value_loss=2.6922
  update 226000/500000: consistency_loss=0.0001  pi_loss=-0.0006  reward_loss=2.6922  total_loss=0.0019  value_loss=2.6922
  update 226500/500000: consistency_loss=0.0001  pi_loss=-0.0006  reward_loss=2.6922  total_loss=0.0020  value_loss=2.6922
  update 227000/500000: consistency_loss=0.0001  pi_loss=-0.0006  reward_loss=2.6922  total_loss=0.0018  value_loss=2.6922
  update 227500/500000: consistency_loss=0.0001  pi_loss=-0.0006  reward_loss=2.6922  total_loss=0.0018  value_loss=2.6922
  update 228000/500000: consistency_loss=0.0001  pi_loss=-0.0006  reward_loss=2.6922  total_loss=0.0022  value_loss=2.6922
  update 228500/500000: consistency_loss=0.0001  pi_loss=-0.0006  reward_loss=2.6922  total_loss=0.0020  value_loss=2.6922
  update 229000/500000: consistency_loss=0.0001  pi_loss=-0.0006  reward_loss=2.6922  total_loss=0.0018  value_loss=2.6922
  update 229500/500000: consistency_loss=0.0001  pi_loss=-0.0006  reward_loss=2.6922  total_loss=0.0016  value_loss=2.6922
  update 230000/500000: consistency_loss=0.0001  pi_loss=-0.0006  reward_loss=2.6922  total_loss=0.0019  value_loss=2.6922
  update 230500/500000: consistency_loss=0.0001  pi_loss=-0.0006  reward_loss=2.6922  total_loss=0.0018  value_loss=2.6922
  update 231000/500000: consistency_loss=0.0001  pi_loss=-0.0006  reward_loss=2.6922  total_loss=0.0017  value_loss=2.6922
  update 231500/500000: consistency_loss=0.0001  pi_loss=-0.0006  reward_loss=2.6922  total_loss=0.0017  value_loss=2.6922
  update 232000/500000: consistency_loss=0.0001  pi_loss=-0.0006  reward_loss=2.6922  total_loss=0.0017  value_loss=2.6922
  update 232500/500000: consistency_loss=0.0001  pi_loss=-0.0006  reward_loss=2.6922  total_loss=0.0017  value_loss=2.6922
  update 233000/500000: consistency_loss=0.0001  pi_loss=-0.0006  reward_loss=2.6922  total_loss=0.0019  value_loss=2.6922
  update 233500/500000: consistency_loss=0.0001  pi_loss=-0.0006  reward_loss=2.6922  total_loss=0.0021  value_loss=2.6922
  update 234000/500000: consistency_loss=0.0001  pi_loss=-0.0006  reward_loss=2.6922  total_loss=0.0021  value_loss=2.6922
  update 234500/500000: consistency_loss=0.0001  pi_loss=-0.0006  reward_loss=2.6922  total_loss=0.0020  value_loss=2.6922
  update 235000/500000: consistency_loss=0.0001  pi_loss=-0.0006  reward_loss=2.6922  total_loss=0.0018  value_loss=2.6922
  update 235500/500000: consistency_loss=0.0001  pi_loss=-0.0006  reward_loss=2.6922  total_loss=0.0018  value_loss=2.6922
  update 236000/500000: consistency_loss=0.0001  pi_loss=-0.0006  reward_loss=2.6922  total_loss=0.0021  value_loss=2.6922
  update 236500/500000: consistency_loss=0.0001  pi_loss=-0.0006  reward_loss=2.6922  total_loss=0.0019  value_loss=2.6922
  update 237000/500000: consistency_loss=0.0001  pi_loss=-0.0006  reward_loss=2.6922  total_loss=0.0018  value_loss=2.6922
  update 237500/500000: consistency_loss=0.0001  pi_loss=-0.0006  reward_loss=2.6922  total_loss=0.0019  value_loss=2.6922
  update 238000/500000: consistency_loss=0.0001  pi_loss=-0.0006  reward_loss=2.6922  total_loss=0.0017  value_loss=2.6922
  update 238500/500000: consistency_loss=0.0001  pi_loss=-0.0006  reward_loss=2.6922  total_loss=0.0018  value_loss=2.6922
  update 239000/500000: consistency_loss=0.0001  pi_loss=-0.0006  reward_loss=2.6922  total_loss=0.0016  value_loss=2.6922
  update 239500/500000: consistency_loss=0.0001  pi_loss=-0.0006  reward_loss=2.6922  total_loss=0.0013  value_loss=2.6922
  update 240000/500000: consistency_loss=0.0001  pi_loss=-0.0006  reward_loss=2.6922  total_loss=0.0021  value_loss=2.6922
  update 240500/500000: consistency_loss=0.0001  pi_loss=-0.0006  reward_loss=2.6922  total_loss=0.0019  value_loss=2.6922
  update 241000/500000: consistency_loss=0.0001  pi_loss=-0.0006  reward_loss=2.6922  total_loss=0.0019  value_loss=2.6922
  update 241500/500000: consistency_loss=0.0001  pi_loss=-0.0006  reward_loss=2.6922  total_loss=0.0020  value_loss=2.6922
  update 242000/500000: consistency_loss=0.0001  pi_loss=-0.0006  reward_loss=2.6922  total_loss=0.0019  value_loss=2.6922
  update 242500/500000: consistency_loss=0.0001  pi_loss=-0.0006  reward_loss=2.6922  total_loss=0.0015  value_loss=2.6922
  update 243000/500000: consistency_loss=0.0001  pi_loss=-0.0006  reward_loss=2.6922  total_loss=0.0017  value_loss=2.6922
  update 243500/500000: consistency_loss=0.0001  pi_loss=-0.0006  reward_loss=2.6922  total_loss=0.0015  value_loss=2.6922
  update 244000/500000: consistency_loss=0.0001  pi_loss=-0.0006  reward_loss=2.6922  total_loss=0.0018  value_loss=2.6922
  update 244500/500000: consistency_loss=0.0001  pi_loss=-0.0006  reward_loss=2.6922  total_loss=0.0019  value_loss=2.6922
  update 245000/500000: consistency_loss=0.0001  pi_loss=-0.0006  reward_loss=2.6922  total_loss=0.0017  value_loss=2.6922
  update 245500/500000: consistency_loss=0.0001  pi_loss=-0.0006  reward_loss=2.6922  total_loss=0.0019  value_loss=2.6922
  update 246000/500000: consistency_loss=0.0001  pi_loss=-0.0006  reward_loss=2.6922  total_loss=0.0023  value_loss=2.6922
  update 246500/500000: consistency_loss=0.0001  pi_loss=-0.0006  reward_loss=2.6922  total_loss=0.0022  value_loss=2.6922
  update 247000/500000: consistency_loss=0.0001  pi_loss=-0.0006  reward_loss=2.6922  total_loss=0.0018  value_loss=2.6922
  update 247500/500000: consistency_loss=0.0001  pi_loss=-0.0006  reward_loss=2.6922  total_loss=0.0014  value_loss=2.6922
  update 248000/500000: consistency_loss=0.0001  pi_loss=-0.0006  reward_loss=2.6922  total_loss=0.0016  value_loss=2.6922
  update 248500/500000: consistency_loss=0.0001  pi_loss=-0.0006  reward_loss=2.6922  total_loss=0.0019  value_loss=2.6922
  update 249000/500000: consistency_loss=0.0001  pi_loss=-0.0006  reward_loss=2.6922  total_loss=0.0018  value_loss=2.6922
  update 249500/500000: consistency_loss=0.0001  pi_loss=-0.0006  reward_loss=2.6922  total_loss=0.0019  value_loss=2.6922
  update 250000/500000: consistency_loss=0.0001  pi_loss=-0.0006  reward_loss=2.6922  total_loss=0.0016  value_loss=2.6922
  update 250500/500000: consistency_loss=0.0001  pi_loss=-0.0006  reward_loss=2.6922  total_loss=0.0020  value_loss=2.6922
  update 251000/500000: consistency_loss=0.0001  pi_loss=-0.0006  reward_loss=2.6922  total_loss=0.0016  value_loss=2.6922
  update 251500/500000: consistency_loss=0.0001  pi_loss=-0.0006  reward_loss=2.6922  total_loss=0.0017  value_loss=2.6922
  update 252000/500000: consistency_loss=0.0001  pi_loss=-0.0006  reward_loss=2.6922  total_loss=0.0016  value_loss=2.6922
  update 252500/500000: consistency_loss=0.0001  pi_loss=-0.0006  reward_loss=2.6922  total_loss=0.0019  value_loss=2.6922
  update 253000/500000: consistency_loss=0.0001  pi_loss=-0.0006  reward_loss=2.6922  total_loss=0.0020  value_loss=2.6922
  update 253500/500000: consistency_loss=0.0001  pi_loss=-0.0006  reward_loss=2.6922  total_loss=0.0017  value_loss=2.6922
  update 254000/500000: consistency_loss=0.0001  pi_loss=-0.0006  reward_loss=2.6922  total_loss=0.0017  value_loss=2.6922
  update 254500/500000: consistency_loss=0.0001  pi_loss=-0.0006  reward_loss=2.6922  total_loss=0.0022  value_loss=2.6922
  update 255000/500000: consistency_loss=0.0001  pi_loss=-0.0006  reward_loss=2.6922  total_loss=0.0019  value_loss=2.6922
  update 255500/500000: consistency_loss=0.0001  pi_loss=-0.0006  reward_loss=2.6922  total_loss=0.0018  value_loss=2.6922
  update 256000/500000: consistency_loss=0.0001  pi_loss=-0.0006  reward_loss=2.6922  total_loss=0.0015  value_loss=2.6922
  update 256500/500000: consistency_loss=0.0001  pi_loss=-0.0006  reward_loss=2.6922  total_loss=0.0019  value_loss=2.6922
  update 257000/500000: consistency_loss=0.0001  pi_loss=-0.0006  reward_loss=2.6922  total_loss=0.0020  value_loss=2.6922
  update 257500/500000: consistency_loss=0.0001  pi_loss=-0.0006  reward_loss=2.6922  total_loss=0.0018  value_loss=2.6922
  update 258000/500000: consistency_loss=0.0001  pi_loss=-0.0006  reward_loss=2.6922  total_loss=0.0019  value_loss=2.6922
  update 258500/500000: consistency_loss=0.0001  pi_loss=-0.0006  reward_loss=2.6922  total_loss=0.0022  value_loss=2.6922
  update 259000/500000: consistency_loss=0.0001  pi_loss=-0.0006  reward_loss=2.6922  total_loss=0.0020  value_loss=2.6922
  update 259500/500000: consistency_loss=0.0001  pi_loss=-0.0006  reward_loss=2.6922  total_loss=0.0015  value_loss=2.6922
  update 260000/500000: consistency_loss=0.0001  pi_loss=-0.0006  reward_loss=2.6922  total_loss=0.0016  value_loss=2.6922
  update 260500/500000: consistency_loss=0.0001  pi_loss=-0.0006  reward_loss=2.6922  total_loss=0.0016  value_loss=2.6922
  update 261000/500000: consistency_loss=0.0001  pi_loss=-0.0006  reward_loss=2.6922  total_loss=0.0020  value_loss=2.6922
  update 261500/500000: consistency_loss=0.0001  pi_loss=-0.0006  reward_loss=2.6922  total_loss=0.0022  value_loss=2.6922
  update 262000/500000: consistency_loss=0.0001  pi_loss=-0.0006  reward_loss=2.6922  total_loss=0.0017  value_loss=2.6922
  update 262500/500000: consistency_loss=0.0001  pi_loss=-0.0006  reward_loss=2.6922  total_loss=0.0016  value_loss=2.6922
  update 263000/500000: consistency_loss=0.0001  pi_loss=-0.0006  reward_loss=2.6922  total_loss=0.0017  value_loss=2.6922
  update 263500/500000: consistency_loss=0.0001  pi_loss=-0.0006  reward_loss=2.6922  total_loss=0.0020  value_loss=2.6922
  update 264000/500000: consistency_loss=0.0001  pi_loss=-0.0006  reward_loss=2.6922  total_loss=0.0017  value_loss=2.6922
  update 264500/500000: consistency_loss=0.0001  pi_loss=-0.0006  reward_loss=2.6922  total_loss=0.0017  value_loss=2.6922
  update 265000/500000: consistency_loss=0.0001  pi_loss=-0.0006  reward_loss=2.6922  total_loss=0.0017  value_loss=2.6922
  update 265500/500000: consistency_loss=0.0001  pi_loss=-0.0006  reward_loss=2.6922  total_loss=0.0016  value_loss=2.6922
  update 266000/500000: consistency_loss=0.0001  pi_loss=-0.0006  reward_loss=2.6922  total_loss=0.0020  value_loss=2.6922
  update 266500/500000: consistency_loss=0.0001  pi_loss=-0.0006  reward_loss=2.6922  total_loss=0.0019  value_loss=2.6922
  update 267000/500000: consistency_loss=0.0001  pi_loss=-0.0006  reward_loss=2.6922  total_loss=0.0019  value_loss=2.6922
  update 267500/500000: consistency_loss=0.0001  pi_loss=-0.0006  reward_loss=2.6922  total_loss=0.0015  value_loss=2.6922
  update 268000/500000: consistency_loss=0.0001  pi_loss=-0.0006  reward_loss=2.6922  total_loss=0.0019  value_loss=2.6922
  update 268500/500000: consistency_loss=0.0001  pi_loss=-0.0006  reward_loss=2.6922  total_loss=0.0020  value_loss=2.6922
  update 269000/500000: consistency_loss=0.0001  pi_loss=-0.0006  reward_loss=2.6922  total_loss=0.0018  value_loss=2.6922
  update 269500/500000: consistency_loss=0.0001  pi_loss=-0.0006  reward_loss=2.6922  total_loss=0.0018  value_loss=2.6922
  update 270000/500000: consistency_loss=0.0001  pi_loss=-0.0007  reward_loss=2.6922  total_loss=0.0017  value_loss=2.6922
  update 270500/500000: consistency_loss=0.0001  pi_loss=-0.0006  reward_loss=2.6922  total_loss=0.0017  value_loss=2.6922
  update 271000/500000: consistency_loss=0.0001  pi_loss=-0.0006  reward_loss=2.6922  total_loss=0.0016  value_loss=2.6922
  update 271500/500000: consistency_loss=0.0001  pi_loss=-0.0006  reward_loss=2.6922  total_loss=0.0019  value_loss=2.6922
  update 272000/500000: consistency_loss=0.0001  pi_loss=-0.0006  reward_loss=2.6922  total_loss=0.0016  value_loss=2.6922
  update 272500/500000: consistency_loss=0.0001  pi_loss=-0.0006  reward_loss=2.6922  total_loss=0.0019  value_loss=2.6922
  update 273000/500000: consistency_loss=0.0001  pi_loss=-0.0006  reward_loss=2.6922  total_loss=0.0017  value_loss=2.6922
  update 273500/500000: consistency_loss=0.0001  pi_loss=-0.0006  reward_loss=2.6922  total_loss=0.0017  value_loss=2.6922
  update 274000/500000: consistency_loss=0.0001  pi_loss=-0.0006  reward_loss=2.6922  total_loss=0.0018  value_loss=2.6922
  update 274500/500000: consistency_loss=0.0001  pi_loss=-0.0006  reward_loss=2.6922  total_loss=0.0018  value_loss=2.6922
  update 275000/500000: consistency_loss=0.0001  pi_loss=-0.0006  reward_loss=2.6922  total_loss=0.0020  value_loss=2.6922
  update 275500/500000: consistency_loss=0.0001  pi_loss=-0.0006  reward_loss=2.6922  total_loss=0.0019  value_loss=2.6922
  update 276000/500000: consistency_loss=0.0001  pi_loss=-0.0006  reward_loss=2.6922  total_loss=0.0023  value_loss=2.6922
  update 276500/500000: consistency_loss=0.0001  pi_loss=-0.0006  reward_loss=2.6922  total_loss=0.0019  value_loss=2.6922
  update 277000/500000: consistency_loss=0.0001  pi_loss=-0.0006  reward_loss=2.6922  total_loss=0.0019  value_loss=2.6922
  update 277500/500000: consistency_loss=0.0001  pi_loss=-0.0006  reward_loss=2.6922  total_loss=0.0021  value_loss=2.6922
  update 278000/500000: consistency_loss=0.0001  pi_loss=-0.0006  reward_loss=2.6922  total_loss=0.0016  value_loss=2.6922
  update 278500/500000: consistency_loss=0.0001  pi_loss=-0.0006  reward_loss=2.6922  total_loss=0.0017  value_loss=2.6922
  update 279000/500000: consistency_loss=0.0001  pi_loss=-0.0006  reward_loss=2.6922  total_loss=0.0018  value_loss=2.6922
  update 279500/500000: consistency_loss=0.0001  pi_loss=-0.0006  reward_loss=2.6922  total_loss=0.0016  value_loss=2.6922
  update 280000/500000: consistency_loss=0.0001  pi_loss=-0.0006  reward_loss=2.6922  total_loss=0.0017  value_loss=2.6922
  update 280500/500000: consistency_loss=0.0001  pi_loss=-0.0006  reward_loss=2.6922  total_loss=0.0016  value_loss=2.6922
  update 281000/500000: consistency_loss=0.0001  pi_loss=-0.0006  reward_loss=2.6922  total_loss=0.0017  value_loss=2.6922
  update 281500/500000: consistency_loss=0.0001  pi_loss=-0.0006  reward_loss=2.6922  total_loss=0.0017  value_loss=2.6922
  update 282000/500000: consistency_loss=0.0001  pi_loss=-0.0006  reward_loss=2.6922  total_loss=0.0018  value_loss=2.6922
  update 282500/500000: consistency_loss=0.0001  pi_loss=-0.0006  reward_loss=2.6922  total_loss=0.0018  value_loss=2.6922
  update 283000/500000: consistency_loss=0.0001  pi_loss=-0.0006  reward_loss=2.6922  total_loss=0.0018  value_loss=2.6922
  update 283500/500000: consistency_loss=0.0001  pi_loss=-0.0006  reward_loss=2.6922  total_loss=0.0017  value_loss=2.6922
  update 284000/500000: consistency_loss=0.0001  pi_loss=-0.0006  reward_loss=2.6922  total_loss=0.0015  value_loss=2.6922
  update 284500/500000: consistency_loss=0.0001  pi_loss=-0.0006  reward_loss=2.6922  total_loss=0.0016  value_loss=2.6922
  update 285000/500000: consistency_loss=0.0001  pi_loss=-0.0006  reward_loss=2.6922  total_loss=0.0017  value_loss=2.6922
  update 285500/500000: consistency_loss=0.0001  pi_loss=-0.0006  reward_loss=2.6922  total_loss=0.0018  value_loss=2.6922
  update 286000/500000: consistency_loss=0.0001  pi_loss=-0.0006  reward_loss=2.6922  total_loss=0.0019  value_loss=2.6922
  update 286500/500000: consistency_loss=0.0001  pi_loss=-0.0006  reward_loss=2.6922  total_loss=0.0024  value_loss=2.6922
  update 287000/500000: consistency_loss=0.0001  pi_loss=-0.0006  reward_loss=2.6922  total_loss=0.0019  value_loss=2.6922
  update 287500/500000: consistency_loss=0.0001  pi_loss=-0.0006  reward_loss=2.6922  total_loss=0.0016  value_loss=2.6922
  update 288000/500000: consistency_loss=0.0001  pi_loss=-0.0006  reward_loss=2.6922  total_loss=0.0018  value_loss=2.6922
  update 288500/500000: consistency_loss=0.0001  pi_loss=-0.0006  reward_loss=2.6922  total_loss=0.0022  value_loss=2.6922
  update 289000/500000: consistency_loss=0.0001  pi_loss=-0.0006  reward_loss=2.6922  total_loss=0.0019  value_loss=2.6922
  update 289500/500000: consistency_loss=0.0001  pi_loss=-0.0006  reward_loss=2.6922  total_loss=0.0016  value_loss=2.6922
  update 290000/500000: consistency_loss=0.0001  pi_loss=-0.0006  reward_loss=2.6922  total_loss=0.0017  value_loss=2.6922
  update 290500/500000: consistency_loss=0.0001  pi_loss=-0.0006  reward_loss=2.6922  total_loss=0.0016  value_loss=2.6922
  update 291000/500000: consistency_loss=0.0001  pi_loss=-0.0006  reward_loss=2.6922  total_loss=0.0017  value_loss=2.6922
  update 291500/500000: consistency_loss=0.0001  pi_loss=-0.0006  reward_loss=2.6922  total_loss=0.0018  value_loss=2.6922
  update 292000/500000: consistency_loss=0.0001  pi_loss=-0.0006  reward_loss=2.6922  total_loss=0.0016  value_loss=2.6922
  update 292500/500000: consistency_loss=0.0001  pi_loss=-0.0006  reward_loss=2.6922  total_loss=0.0017  value_loss=2.6922
  update 293000/500000: consistency_loss=0.0001  pi_loss=-0.0006  reward_loss=2.6922  total_loss=0.0016  value_loss=2.6922
  update 293500/500000: consistency_loss=0.0001  pi_loss=-0.0006  reward_loss=2.6922  total_loss=0.0017  value_loss=2.6922
  update 294000/500000: consistency_loss=0.0001  pi_loss=-0.0006  reward_loss=2.6922  total_loss=0.0015  value_loss=2.6922
  update 294500/500000: consistency_loss=0.0001  pi_loss=-0.0006  reward_loss=2.6922  total_loss=0.0014  value_loss=2.6922
  update 295000/500000: consistency_loss=0.0001  pi_loss=-0.0006  reward_loss=2.6922  total_loss=0.0020  value_loss=2.6922
  update 295500/500000: consistency_loss=0.0001  pi_loss=-0.0006  reward_loss=2.6922  total_loss=0.0020  value_loss=2.6922
  update 296000/500000: consistency_loss=0.0001  pi_loss=-0.0006  reward_loss=2.6922  total_loss=0.0017  value_loss=2.6922
  update 296500/500000: consistency_loss=0.0001  pi_loss=-0.0006  reward_loss=2.6922  total_loss=0.0018  value_loss=2.6922
  update 297000/500000: consistency_loss=0.0001  pi_loss=-0.0006  reward_loss=2.6922  total_loss=0.0015  value_loss=2.6922
  update 297500/500000: consistency_loss=0.0001  pi_loss=-0.0006  reward_loss=2.6922  total_loss=0.0021  value_loss=2.6922
  update 298000/500000: consistency_loss=0.0001  pi_loss=-0.0006  reward_loss=2.6922  total_loss=0.0020  value_loss=2.6922
  update 298500/500000: consistency_loss=0.0001  pi_loss=-0.0006  reward_loss=2.6922  total_loss=0.0016  value_loss=2.6922
  update 299000/500000: consistency_loss=0.0001  pi_loss=-0.0006  reward_loss=2.6922  total_loss=0.0017  value_loss=2.6922
  update 299500/500000: consistency_loss=0.0001  pi_loss=-0.0006  reward_loss=2.6922  total_loss=0.0017  value_loss=2.6922
  update 300000/500000: consistency_loss=0.0001  pi_loss=-0.0006  reward_loss=2.6922  total_loss=0.0019  value_loss=2.6922
Saved checkpoint at update 300000
  update 300500/500000: consistency_loss=0.0001  pi_loss=-0.0006  reward_loss=2.6922  total_loss=0.0018  value_loss=2.6922
  update 301000/500000: consistency_loss=0.0001  pi_loss=-0.0006  reward_loss=2.6922  total_loss=0.0018  value_loss=2.6922
  update 301500/500000: consistency_loss=0.0001  pi_loss=-0.0006  reward_loss=2.6922  total_loss=0.0020  value_loss=2.6922
  update 302000/500000: consistency_loss=0.0001  pi_loss=-0.0006  reward_loss=2.6922  total_loss=0.0018  value_loss=2.6922
  update 302500/500000: consistency_loss=0.0001  pi_loss=-0.0006  reward_loss=2.6922  total_loss=0.0016  value_loss=2.6922
  update 303000/500000: consistency_loss=0.0001  pi_loss=-0.0006  reward_loss=2.6922  total_loss=0.0016  value_loss=2.6922
  update 303500/500000: consistency_loss=0.0001  pi_loss=-0.0006  reward_loss=2.6922  total_loss=0.0018  value_loss=2.6922
  update 304000/500000: consistency_loss=0.0001  pi_loss=-0.0006  reward_loss=2.6922  total_loss=0.0016  value_loss=2.6922
  update 304500/500000: consistency_loss=0.0001  pi_loss=-0.0006  reward_loss=2.6922  total_loss=0.0016  value_loss=2.6922
  update 305000/500000: consistency_loss=0.0001  pi_loss=-0.0006  reward_loss=2.6922  total_loss=0.0018  value_loss=2.6922
  update 305500/500000: consistency_loss=0.0001  pi_loss=-0.0006  reward_loss=2.6922  total_loss=0.0017  value_loss=2.6922
  update 306000/500000: consistency_loss=0.0001  pi_loss=-0.0006  reward_loss=2.6922  total_loss=0.0016  value_loss=2.6922
  update 306500/500000: consistency_loss=0.0001  pi_loss=-0.0006  reward_loss=2.6922  total_loss=0.0021  value_loss=2.6922
  update 307000/500000: consistency_loss=0.0001  pi_loss=-0.0006  reward_loss=2.6922  total_loss=0.0018  value_loss=2.6922
  update 307500/500000: consistency_loss=0.0001  pi_loss=-0.0006  reward_loss=2.6922  total_loss=0.0017  value_loss=2.6922
  update 308000/500000: consistency_loss=0.0001  pi_loss=-0.0006  reward_loss=2.6922  total_loss=0.0016  value_loss=2.6922
  update 308500/500000: consistency_loss=0.0001  pi_loss=-0.0006  reward_loss=2.6922  total_loss=0.0017  value_loss=2.6922
  update 309000/500000: consistency_loss=0.0001  pi_loss=-0.0006  reward_loss=2.6922  total_loss=0.0015  value_loss=2.6922
  update 309500/500000: consistency_loss=0.0001  pi_loss=-0.0006  reward_loss=2.6922  total_loss=0.0018  value_loss=2.6922
  update 310000/500000: consistency_loss=0.0001  pi_loss=-0.0006  reward_loss=2.6922  total_loss=0.0017  value_loss=2.6922
  update 310500/500000: consistency_loss=0.0001  pi_loss=-0.0006  reward_loss=2.6922  total_loss=0.0018  value_loss=2.6922
  update 311000/500000: consistency_loss=0.0001  pi_loss=-0.0006  reward_loss=2.6922  total_loss=0.0017  value_loss=2.6922
  update 311500/500000: consistency_loss=0.0001  pi_loss=-0.0006  reward_loss=2.6922  total_loss=0.0016  value_loss=2.6922
  update 312000/500000: consistency_loss=0.0001  pi_loss=-0.0006  reward_loss=2.6922  total_loss=0.0016  value_loss=2.6922
  update 312500/500000: consistency_loss=0.0001  pi_loss=-0.0006  reward_loss=2.6922  total_loss=0.0016  value_loss=2.6922
  update 313000/500000: consistency_loss=0.0001  pi_loss=-0.0006  reward_loss=2.6922  total_loss=0.0017  value_loss=2.6922
  update 313500/500000: consistency_loss=0.0001  pi_loss=-0.0006  reward_loss=2.6922  total_loss=0.0018  value_loss=2.6922
  update 314000/500000: consistency_loss=0.0001  pi_loss=-0.0006  reward_loss=2.6922  total_loss=0.0016  value_loss=2.6922
  update 314500/500000: consistency_loss=0.0001  pi_loss=-0.0006  reward_loss=2.6922  total_loss=0.0018  value_loss=2.6922
  update 315000/500000: consistency_loss=0.0001  pi_loss=-0.0006  reward_loss=2.6922  total_loss=0.0018  value_loss=2.6922
  update 315500/500000: consistency_loss=0.0001  pi_loss=-0.0006  reward_loss=2.6922  total_loss=0.0019  value_loss=2.6922
  update 316000/500000: consistency_loss=0.0001  pi_loss=-0.0006  reward_loss=2.6922  total_loss=0.0017  value_loss=2.6922
  update 316500/500000: consistency_loss=0.0001  pi_loss=-0.0006  reward_loss=2.6922  total_loss=0.0020  value_loss=2.6922
  update 317000/500000: consistency_loss=0.0001  pi_loss=-0.0006  reward_loss=2.6922  total_loss=0.0016  value_loss=2.6922
  update 317500/500000: consistency_loss=0.0001  pi_loss=-0.0006  reward_loss=2.6922  total_loss=0.0021  value_loss=2.6922
  update 318000/500000: consistency_loss=0.0001  pi_loss=-0.0006  reward_loss=2.6922  total_loss=0.0019  value_loss=2.6922
  update 318500/500000: consistency_loss=0.0001  pi_loss=-0.0006  reward_loss=2.6922  total_loss=0.0022  value_loss=2.6922
  update 319000/500000: consistency_loss=0.0001  pi_loss=-0.0006  reward_loss=2.6922  total_loss=0.0017  value_loss=2.6922
  update 319500/500000: consistency_loss=0.0001  pi_loss=-0.0006  reward_loss=2.6922  total_loss=0.0015  value_loss=2.6922
  update 320000/500000: consistency_loss=0.0001  pi_loss=-0.0006  reward_loss=2.6922  total_loss=0.0018  value_loss=2.6922
  update 320500/500000: consistency_loss=0.0001  pi_loss=-0.0006  reward_loss=2.6922  total_loss=0.0017  value_loss=2.6922
  update 321000/500000: consistency_loss=0.0001  pi_loss=-0.0006  reward_loss=2.6922  total_loss=0.0015  value_loss=2.6922
  update 321500/500000: consistency_loss=0.0001  pi_loss=-0.0006  reward_loss=2.6922  total_loss=0.0025  value_loss=2.6922
  update 322000/500000: consistency_loss=0.0001  pi_loss=-0.0006  reward_loss=2.6922  total_loss=0.0019  value_loss=2.6922
  update 322500/500000: consistency_loss=0.0001  pi_loss=-0.0006  reward_loss=2.6922  total_loss=0.0019  value_loss=2.6922
  update 323000/500000: consistency_loss=0.0001  pi_loss=-0.0006  reward_loss=2.6922  total_loss=0.0019  value_loss=2.6922
  update 323500/500000: consistency_loss=0.0001  pi_loss=-0.0006  reward_loss=2.6922  total_loss=0.0020  value_loss=2.6922
  update 324000/500000: consistency_loss=0.0001  pi_loss=-0.0006  reward_loss=2.6922  total_loss=0.0018  value_loss=2.6922
  update 324500/500000: consistency_loss=0.0001  pi_loss=-0.0006  reward_loss=2.6922  total_loss=0.0017  value_loss=2.6922
  update 325000/500000: consistency_loss=0.0001  pi_loss=-0.0006  reward_loss=2.6922  total_loss=0.0018  value_loss=2.6922
  update 325500/500000: consistency_loss=0.0001  pi_loss=-0.0006  reward_loss=2.6922  total_loss=0.0018  value_loss=2.6922
  update 326000/500000: consistency_loss=0.0001  pi_loss=-0.0006  reward_loss=2.6922  total_loss=0.0016  value_loss=2.6922
  update 326500/500000: consistency_loss=0.0001  pi_loss=-0.0006  reward_loss=2.6922  total_loss=0.0014  value_loss=2.6922
  update 327000/500000: consistency_loss=0.0001  pi_loss=-0.0006  reward_loss=2.6922  total_loss=0.0017  value_loss=2.6922
  update 327500/500000: consistency_loss=0.0001  pi_loss=-0.0006  reward_loss=2.6922  total_loss=0.0015  value_loss=2.6922
  update 328000/500000: consistency_loss=0.0001  pi_loss=-0.0006  reward_loss=2.6922  total_loss=0.0020  value_loss=2.6922
  update 328500/500000: consistency_loss=0.0001  pi_loss=-0.0006  reward_loss=2.6922  total_loss=0.0019  value_loss=2.6922
  update 329000/500000: consistency_loss=0.0001  pi_loss=-0.0006  reward_loss=2.6922  total_loss=0.0020  value_loss=2.6922
  update 329500/500000: consistency_loss=0.0001  pi_loss=-0.0006  reward_loss=2.6922  total_loss=0.0016  value_loss=2.6922
  update 330000/500000: consistency_loss=0.0001  pi_loss=-0.0006  reward_loss=2.6922  total_loss=0.0018  value_loss=2.6922
  update 330500/500000: consistency_loss=0.0001  pi_loss=-0.0006  reward_loss=2.6922  total_loss=0.0018  value_loss=2.6922
  update 331000/500000: consistency_loss=0.0001  pi_loss=-0.0006  reward_loss=2.6922  total_loss=0.0018  value_loss=2.6922
  update 331500/500000: consistency_loss=0.0001  pi_loss=-0.0006  reward_loss=2.6922  total_loss=0.0015  value_loss=2.6922
  update 332000/500000: consistency_loss=0.0001  pi_loss=-0.0006  reward_loss=2.6922  total_loss=0.0020  value_loss=2.6922
  update 332500/500000: consistency_loss=0.0001  pi_loss=-0.0006  reward_loss=2.6922  total_loss=0.0016  value_loss=2.6922
  update 333000/500000: consistency_loss=0.0001  pi_loss=-0.0006  reward_loss=2.6922  total_loss=0.0017  value_loss=2.6922
  update 333500/500000: consistency_loss=0.0001  pi_loss=-0.0006  reward_loss=2.6922  total_loss=0.0015  value_loss=2.6922
  update 334000/500000: consistency_loss=0.0001  pi_loss=-0.0006  reward_loss=2.6922  total_loss=0.0019  value_loss=2.6922
  update 334500/500000: consistency_loss=0.0001  pi_loss=-0.0006  reward_loss=2.6922  total_loss=0.0015  value_loss=2.6922
  update 335000/500000: consistency_loss=0.0001  pi_loss=-0.0006  reward_loss=2.6922  total_loss=0.0018  value_loss=2.6922
  update 335500/500000: consistency_loss=0.0001  pi_loss=-0.0006  reward_loss=2.6922  total_loss=0.0016  value_loss=2.6922
  update 336000/500000: consistency_loss=0.0001  pi_loss=-0.0006  reward_loss=2.6922  total_loss=0.0017  value_loss=2.6922
  update 336500/500000: consistency_loss=0.0001  pi_loss=-0.0006  reward_loss=2.6922  total_loss=0.0014  value_loss=2.6922
  update 337000/500000: consistency_loss=0.0001  pi_loss=-0.0006  reward_loss=2.6922  total_loss=0.0018  value_loss=2.6922
  update 337500/500000: consistency_loss=0.0001  pi_loss=-0.0006  reward_loss=2.6922  total_loss=0.0019  value_loss=2.6922
  update 338000/500000: consistency_loss=0.0001  pi_loss=-0.0006  reward_loss=2.6922  total_loss=0.0016  value_loss=2.6922
  update 338500/500000: consistency_loss=0.0001  pi_loss=-0.0006  reward_loss=2.6922  total_loss=0.0015  value_loss=2.6922
  update 339000/500000: consistency_loss=0.0001  pi_loss=-0.0006  reward_loss=2.6922  total_loss=0.0017  value_loss=2.6922
  update 339500/500000: consistency_loss=0.0001  pi_loss=-0.0006  reward_loss=2.6922  total_loss=0.0015  value_loss=2.6922
  update 340000/500000: consistency_loss=0.0001  pi_loss=-0.0006  reward_loss=2.6922  total_loss=0.0018  value_loss=2.6922
  update 340500/500000: consistency_loss=0.0001  pi_loss=-0.0006  reward_loss=2.6922  total_loss=0.0014  value_loss=2.6922
  update 341000/500000: consistency_loss=0.0001  pi_loss=-0.0006  reward_loss=2.6922  total_loss=0.0020  value_loss=2.6922
  update 341500/500000: consistency_loss=0.0001  pi_loss=-0.0006  reward_loss=2.6922  total_loss=0.0015  value_loss=2.6922
  update 342000/500000: consistency_loss=0.0001  pi_loss=-0.0006  reward_loss=2.6922  total_loss=0.0017  value_loss=2.6922
  update 342500/500000: consistency_loss=0.0001  pi_loss=-0.0006  reward_loss=2.6922  total_loss=0.0023  value_loss=2.6922
  update 343000/500000: consistency_loss=0.0001  pi_loss=-0.0006  reward_loss=2.6922  total_loss=0.0014  value_loss=2.6922
  update 343500/500000: consistency_loss=0.0001  pi_loss=-0.0006  reward_loss=2.6922  total_loss=0.0017  value_loss=2.6922
  update 344000/500000: consistency_loss=0.0001  pi_loss=-0.0006  reward_loss=2.6922  total_loss=0.0018  value_loss=2.6922
  update 344500/500000: consistency_loss=0.0001  pi_loss=-0.0006  reward_loss=2.6922  total_loss=0.0018  value_loss=2.6922
  update 345000/500000: consistency_loss=0.0001  pi_loss=-0.0006  reward_loss=2.6922  total_loss=0.0016  value_loss=2.6922
  update 345500/500000: consistency_loss=0.0001  pi_loss=-0.0006  reward_loss=2.6922  total_loss=0.0018  value_loss=2.6922
  update 346000/500000: consistency_loss=0.0001  pi_loss=-0.0006  reward_loss=2.6922  total_loss=0.0021  value_loss=2.6922
  update 346500/500000: consistency_loss=0.0001  pi_loss=-0.0006  reward_loss=2.6922  total_loss=0.0017  value_loss=2.6922
  update 347000/500000: consistency_loss=0.0001  pi_loss=-0.0006  reward_loss=2.6922  total_loss=0.0015  value_loss=2.6922
  update 347500/500000: consistency_loss=0.0001  pi_loss=-0.0006  reward_loss=2.6922  total_loss=0.0018  value_loss=2.6922
  update 348000/500000: consistency_loss=0.0001  pi_loss=-0.0006  reward_loss=2.6922  total_loss=0.0020  value_loss=2.6922
  update 348500/500000: consistency_loss=0.0001  pi_loss=-0.0006  reward_loss=2.6922  total_loss=0.0017  value_loss=2.6922
  update 349000/500000: consistency_loss=0.0001  pi_loss=-0.0006  reward_loss=2.6922  total_loss=0.0016  value_loss=2.6922
  update 349500/500000: consistency_loss=0.0001  pi_loss=-0.0006  reward_loss=2.6922  total_loss=0.0016  value_loss=2.6922
  update 350000/500000: consistency_loss=0.0001  pi_loss=-0.0006  reward_loss=2.6922  total_loss=0.0019  value_loss=2.6922
  update 350500/500000: consistency_loss=0.0001  pi_loss=-0.0006  reward_loss=2.6922  total_loss=0.0018  value_loss=2.6922
  update 351000/500000: consistency_loss=0.0001  pi_loss=-0.0006  reward_loss=2.6922  total_loss=0.0016  value_loss=2.6922
  update 351500/500000: consistency_loss=0.0001  pi_loss=-0.0006  reward_loss=2.6922  total_loss=0.0019  value_loss=2.6922
  update 352000/500000: consistency_loss=0.0001  pi_loss=-0.0006  reward_loss=2.6922  total_loss=0.0019  value_loss=2.6922
  update 352500/500000: consistency_loss=0.0001  pi_loss=-0.0006  reward_loss=2.6922  total_loss=0.0018  value_loss=2.6922
  update 353000/500000: consistency_loss=0.0001  pi_loss=-0.0006  reward_loss=2.6922  total_loss=0.0016  value_loss=2.6922
  update 353500/500000: consistency_loss=0.0001  pi_loss=-0.0006  reward_loss=2.6922  total_loss=0.0013  value_loss=2.6922
  update 354000/500000: consistency_loss=0.0001  pi_loss=-0.0006  reward_loss=2.6922  total_loss=0.0017  value_loss=2.6922
  update 354500/500000: consistency_loss=0.0001  pi_loss=-0.0006  reward_loss=2.6922  total_loss=0.0016  value_loss=2.6922
  update 355000/500000: consistency_loss=0.0001  pi_loss=-0.0006  reward_loss=2.6922  total_loss=0.0016  value_loss=2.6922
  update 355500/500000: consistency_loss=0.0001  pi_loss=-0.0006  reward_loss=2.6922  total_loss=0.0018  value_loss=2.6922
  update 356000/500000: consistency_loss=0.0001  pi_loss=-0.0006  reward_loss=2.6922  total_loss=0.0018  value_loss=2.6922
  update 356500/500000: consistency_loss=0.0001  pi_loss=-0.0006  reward_loss=2.6922  total_loss=0.0019  value_loss=2.6922
  update 357000/500000: consistency_loss=0.0001  pi_loss=-0.0006  reward_loss=2.6922  total_loss=0.0019  value_loss=2.6922
  update 357500/500000: consistency_loss=0.0001  pi_loss=-0.0007  reward_loss=2.6922  total_loss=0.0018  value_loss=2.6922
  update 358000/500000: consistency_loss=0.0001  pi_loss=-0.0006  reward_loss=2.6922  total_loss=0.0018  value_loss=2.6922
  update 358500/500000: consistency_loss=0.0001  pi_loss=-0.0006  reward_loss=2.6922  total_loss=0.0014  value_loss=2.6922
  update 359000/500000: consistency_loss=0.0001  pi_loss=-0.0006  reward_loss=2.6922  total_loss=0.0016  value_loss=2.6922
  update 359500/500000: consistency_loss=0.0001  pi_loss=-0.0006  reward_loss=2.6922  total_loss=0.0018  value_loss=2.6922
  update 360000/500000: consistency_loss=0.0001  pi_loss=-0.0006  reward_loss=2.6922  total_loss=0.0015  value_loss=2.6922
  update 360500/500000: consistency_loss=0.0001  pi_loss=-0.0006  reward_loss=2.6922  total_loss=0.0022  value_loss=2.6922
  update 361000/500000: consistency_loss=0.0001  pi_loss=-0.0006  reward_loss=2.6922  total_loss=0.0017  value_loss=2.6922
  update 361500/500000: consistency_loss=0.0001  pi_loss=-0.0006  reward_loss=2.6922  total_loss=0.0015  value_loss=2.6922
  update 362000/500000: consistency_loss=0.0001  pi_loss=-0.0006  reward_loss=2.6922  total_loss=0.0019  value_loss=2.6922
  update 362500/500000: consistency_loss=0.0001  pi_loss=-0.0006  reward_loss=2.6922  total_loss=0.0019  value_loss=2.6922
  update 363000/500000: consistency_loss=0.0001  pi_loss=-0.0006  reward_loss=2.6922  total_loss=0.0017  value_loss=2.6922
  update 363500/500000: consistency_loss=0.0001  pi_loss=-0.0006  reward_loss=2.6922  total_loss=0.0017  value_loss=2.6922
  update 364000/500000: consistency_loss=0.0001  pi_loss=-0.0006  reward_loss=2.6922  total_loss=0.0021  value_loss=2.6922
  update 364500/500000: consistency_loss=0.0001  pi_loss=-0.0006  reward_loss=2.6922  total_loss=0.0016  value_loss=2.6922
  update 365000/500000: consistency_loss=0.0001  pi_loss=-0.0006  reward_loss=2.6922  total_loss=0.0016  value_loss=2.6922
  update 365500/500000: consistency_loss=0.0001  pi_loss=-0.0006  reward_loss=2.6922  total_loss=0.0017  value_loss=2.6922
  update 366000/500000: consistency_loss=0.0001  pi_loss=-0.0006  reward_loss=2.6922  total_loss=0.0018  value_loss=2.6922
  update 366500/500000: consistency_loss=0.0001  pi_loss=-0.0006  reward_loss=2.6922  total_loss=0.0020  value_loss=2.6922
  update 367000/500000: consistency_loss=0.0001  pi_loss=-0.0006  reward_loss=2.6922  total_loss=0.0019  value_loss=2.6922
  update 367500/500000: consistency_loss=0.0001  pi_loss=-0.0006  reward_loss=2.6922  total_loss=0.0018  value_loss=2.6922
  update 368000/500000: consistency_loss=0.0001  pi_loss=-0.0006  reward_loss=2.6922  total_loss=0.0014  value_loss=2.6922
  update 368500/500000: consistency_loss=0.0001  pi_loss=-0.0006  reward_loss=2.6922  total_loss=0.0018  value_loss=2.6922
  update 369000/500000: consistency_loss=0.0001  pi_loss=-0.0006  reward_loss=2.6922  total_loss=0.0017  value_loss=2.6922
  update 369500/500000: consistency_loss=0.0001  pi_loss=-0.0006  reward_loss=2.6922  total_loss=0.0019  value_loss=2.6922
  update 370000/500000: consistency_loss=0.0001  pi_loss=-0.0006  reward_loss=2.6922  total_loss=0.0019  value_loss=2.6922
  update 370500/500000: consistency_loss=0.0001  pi_loss=-0.0006  reward_loss=2.6922  total_loss=0.0016  value_loss=2.6922
  update 371000/500000: consistency_loss=0.0001  pi_loss=-0.0006  reward_loss=2.6922  total_loss=0.0019  value_loss=2.6922
  update 371500/500000: consistency_loss=0.0001  pi_loss=-0.0006  reward_loss=2.6922  total_loss=0.0015  value_loss=2.6922
  update 372000/500000: consistency_loss=0.0001  pi_loss=-0.0006  reward_loss=2.6922  total_loss=0.0016  value_loss=2.6922
  update 372500/500000: consistency_loss=0.0001  pi_loss=-0.0006  reward_loss=2.6922  total_loss=0.0017  value_loss=2.6922
  update 373000/500000: consistency_loss=0.0001  pi_loss=-0.0006  reward_loss=2.6922  total_loss=0.0019  value_loss=2.6922
  update 373500/500000: consistency_loss=0.0001  pi_loss=-0.0006  reward_loss=2.6922  total_loss=0.0015  value_loss=2.6922
  update 374000/500000: consistency_loss=0.0001  pi_loss=-0.0006  reward_loss=2.6922  total_loss=0.0014  value_loss=2.6922
  update 374500/500000: consistency_loss=0.0001  pi_loss=-0.0006  reward_loss=2.6922  total_loss=0.0014  value_loss=2.6922
  update 375000/500000: consistency_loss=0.0001  pi_loss=-0.0006  reward_loss=2.6922  total_loss=0.0022  value_loss=2.6922
  update 375500/500000: consistency_loss=0.0001  pi_loss=-0.0006  reward_loss=2.6922  total_loss=0.0017  value_loss=2.6922
  update 376000/500000: consistency_loss=0.0001  pi_loss=-0.0006  reward_loss=2.6922  total_loss=0.0017  value_loss=2.6922
  update 376500/500000: consistency_loss=0.0001  pi_loss=-0.0006  reward_loss=2.6922  total_loss=0.0019  value_loss=2.6922
  update 377000/500000: consistency_loss=0.0001  pi_loss=-0.0006  reward_loss=2.6922  total_loss=0.0016  value_loss=2.6922
  update 377500/500000: consistency_loss=0.0001  pi_loss=-0.0006  reward_loss=2.6922  total_loss=0.0020  value_loss=2.6922
  update 378000/500000: consistency_loss=0.0001  pi_loss=-0.0006  reward_loss=2.6922  total_loss=0.0016  value_loss=2.6922
  update 378500/500000: consistency_loss=0.0001  pi_loss=-0.0006  reward_loss=2.6922  total_loss=0.0018  value_loss=2.6922
  update 379000/500000: consistency_loss=0.0001  pi_loss=-0.0006  reward_loss=2.6922  total_loss=0.0016  value_loss=2.6922
  update 379500/500000: consistency_loss=0.0001  pi_loss=-0.0006  reward_loss=2.6922  total_loss=0.0017  value_loss=2.6922
  update 380000/500000: consistency_loss=0.0001  pi_loss=-0.0006  reward_loss=2.6922  total_loss=0.0016  value_loss=2.6922
  update 380500/500000: consistency_loss=0.0001  pi_loss=-0.0006  reward_loss=2.6922  total_loss=0.0022  value_loss=2.6922
  update 381000/500000: consistency_loss=0.0001  pi_loss=-0.0006  reward_loss=2.6922  total_loss=0.0015  value_loss=2.6922
  update 381500/500000: consistency_loss=0.0001  pi_loss=-0.0006  reward_loss=2.6922  total_loss=0.0018  value_loss=2.6922
  update 382000/500000: consistency_loss=0.0001  pi_loss=-0.0006  reward_loss=2.6922  total_loss=0.0023  value_loss=2.6922
  update 382500/500000: consistency_loss=0.0001  pi_loss=-0.0006  reward_loss=2.6922  total_loss=0.0019  value_loss=2.6922
  update 383000/500000: consistency_loss=0.0001  pi_loss=-0.0006  reward_loss=2.6922  total_loss=0.0017  value_loss=2.6922
  update 383500/500000: consistency_loss=0.0001  pi_loss=-0.0006  reward_loss=2.6922  total_loss=0.0016  value_loss=2.6922
  update 384000/500000: consistency_loss=0.0001  pi_loss=-0.0006  reward_loss=2.6922  total_loss=0.0022  value_loss=2.6922
  update 384500/500000: consistency_loss=0.0001  pi_loss=-0.0006  reward_loss=2.6922  total_loss=0.0017  value_loss=2.6922
  update 385000/500000: consistency_loss=0.0001  pi_loss=-0.0006  reward_loss=2.6922  total_loss=0.0015  value_loss=2.6922
  update 385500/500000: consistency_loss=0.0001  pi_loss=-0.0006  reward_loss=2.6922  total_loss=0.0014  value_loss=2.6922
  update 386000/500000: consistency_loss=0.0001  pi_loss=-0.0006  reward_loss=2.6922  total_loss=0.0016  value_loss=2.6922
  update 386500/500000: consistency_loss=0.0001  pi_loss=-0.0006  reward_loss=2.6922  total_loss=0.0017  value_loss=2.6922
  update 387000/500000: consistency_loss=0.0001  pi_loss=-0.0006  reward_loss=2.6922  total_loss=0.0017  value_loss=2.6922
  update 387500/500000: consistency_loss=0.0001  pi_loss=-0.0006  reward_loss=2.6922  total_loss=0.0019  value_loss=2.6922
  update 388000/500000: consistency_loss=0.0001  pi_loss=-0.0006  reward_loss=2.6922  total_loss=0.0018  value_loss=2.6922
  update 388500/500000: consistency_loss=0.0001  pi_loss=-0.0006  reward_loss=2.6922  total_loss=0.0017  value_loss=2.6922
  update 389000/500000: consistency_loss=0.0001  pi_loss=-0.0006  reward_loss=2.6922  total_loss=0.0014  value_loss=2.6922
  update 389500/500000: consistency_loss=0.0001  pi_loss=-0.0006  reward_loss=2.6922  total_loss=0.0016  value_loss=2.6922
  update 390000/500000: consistency_loss=0.0001  pi_loss=-0.0006  reward_loss=2.6922  total_loss=0.0022  value_loss=2.6922
  update 390500/500000: consistency_loss=0.0001  pi_loss=-0.0006  reward_loss=2.6922  total_loss=0.0019  value_loss=2.6922
  update 391000/500000: consistency_loss=0.0001  pi_loss=-0.0006  reward_loss=2.6922  total_loss=0.0016  value_loss=2.6922
  update 391500/500000: consistency_loss=0.0001  pi_loss=-0.0006  reward_loss=2.6922  total_loss=0.0023  value_loss=2.6922
  update 392000/500000: consistency_loss=0.0001  pi_loss=-0.0006  reward_loss=2.6922  total_loss=0.0018  value_loss=2.6922
  update 392500/500000: consistency_loss=0.0001  pi_loss=-0.0006  reward_loss=2.6922  total_loss=0.0017  value_loss=2.6922
  update 393000/500000: consistency_loss=0.0001  pi_loss=-0.0006  reward_loss=2.6922  total_loss=0.0020  value_loss=2.6922
  update 393500/500000: consistency_loss=0.0001  pi_loss=-0.0006  reward_loss=2.6922  total_loss=0.0014  value_loss=2.6922
  update 394000/500000: consistency_loss=0.0001  pi_loss=-0.0006  reward_loss=2.6922  total_loss=0.0015  value_loss=2.6922
  update 394500/500000: consistency_loss=0.0001  pi_loss=-0.0006  reward_loss=2.6922  total_loss=0.0016  value_loss=2.6922
  update 395000/500000: consistency_loss=0.0001  pi_loss=-0.0006  reward_loss=2.6922  total_loss=0.0020  value_loss=2.6922
  update 395500/500000: consistency_loss=0.0001  pi_loss=-0.0006  reward_loss=2.6922  total_loss=0.0016  value_loss=2.6922
  update 396000/500000: consistency_loss=0.0001  pi_loss=-0.0006  reward_loss=2.6922  total_loss=0.0019  value_loss=2.6922
  update 396500/500000: consistency_loss=0.0001  pi_loss=-0.0006  reward_loss=2.6922  total_loss=0.0016  value_loss=2.6922
  update 397000/500000: consistency_loss=0.0001  pi_loss=-0.0006  reward_loss=2.6922  total_loss=0.0017  value_loss=2.6922
  update 397500/500000: consistency_loss=0.0001  pi_loss=-0.0006  reward_loss=2.6922  total_loss=0.0015  value_loss=2.6922
  update 398000/500000: consistency_loss=0.0001  pi_loss=-0.0006  reward_loss=2.6922  total_loss=0.0020  value_loss=2.6922
  update 398500/500000: consistency_loss=0.0001  pi_loss=-0.0006  reward_loss=2.6922  total_loss=0.0017  value_loss=2.6922
  update 399000/500000: consistency_loss=0.0001  pi_loss=-0.0006  reward_loss=2.6922  total_loss=0.0017  value_loss=2.6922
  update 399500/500000: consistency_loss=0.0001  pi_loss=-0.0006  reward_loss=2.6922  total_loss=0.0016  value_loss=2.6922
  update 400000/500000: consistency_loss=0.0001  pi_loss=-0.0006  reward_loss=2.6922  total_loss=0.0014  value_loss=2.6922
Saved checkpoint at update 400000
  update 400500/500000: consistency_loss=0.0001  pi_loss=-0.0006  reward_loss=2.6922  total_loss=0.0013  value_loss=2.6922
  update 401000/500000: consistency_loss=0.0001  pi_loss=-0.0006  reward_loss=2.6922  total_loss=0.0017  value_loss=2.6922
  update 401500/500000: consistency_loss=0.0001  pi_loss=-0.0006  reward_loss=2.6922  total_loss=0.0018  value_loss=2.6922
  update 402000/500000: consistency_loss=0.0001  pi_loss=-0.0006  reward_loss=2.6922  total_loss=0.0015  value_loss=2.6922
  update 402500/500000: consistency_loss=0.0001  pi_loss=-0.0007  reward_loss=2.6922  total_loss=0.0019  value_loss=2.6922
  update 403000/500000: consistency_loss=0.0001  pi_loss=-0.0006  reward_loss=2.6922  total_loss=0.0015  value_loss=2.6922
  update 403500/500000: consistency_loss=0.0001  pi_loss=-0.0006  reward_loss=2.6922  total_loss=0.0018  value_loss=2.6922
  update 404000/500000: consistency_loss=0.0001  pi_loss=-0.0006  reward_loss=2.6922  total_loss=0.0015  value_loss=2.6922
  update 404500/500000: consistency_loss=0.0001  pi_loss=-0.0006  reward_loss=2.6922  total_loss=0.0015  value_loss=2.6922
  update 405000/500000: consistency_loss=0.0001  pi_loss=-0.0006  reward_loss=2.6922  total_loss=0.0028  value_loss=2.6922
  update 405500/500000: consistency_loss=0.0001  pi_loss=-0.0006  reward_loss=2.6922  total_loss=0.0017  value_loss=2.6922
  update 406000/500000: consistency_loss=0.0001  pi_loss=-0.0006  reward_loss=2.6922  total_loss=0.0018  value_loss=2.6922
  update 406500/500000: consistency_loss=0.0001  pi_loss=-0.0006  reward_loss=2.6922  total_loss=0.0016  value_loss=2.6922
  update 407000/500000: consistency_loss=0.0001  pi_loss=-0.0006  reward_loss=2.6922  total_loss=0.0015  value_loss=2.6922
  update 407500/500000: consistency_loss=0.0001  pi_loss=-0.0006  reward_loss=2.6922  total_loss=0.0017  value_loss=2.6922
  update 408000/500000: consistency_loss=0.0001  pi_loss=-0.0006  reward_loss=2.6922  total_loss=0.0017  value_loss=2.6922
  update 408500/500000: consistency_loss=0.0001  pi_loss=-0.0006  reward_loss=2.6922  total_loss=0.0017  value_loss=2.6922
  update 409000/500000: consistency_loss=0.0001  pi_loss=-0.0006  reward_loss=2.6922  total_loss=0.0016  value_loss=2.6922
  update 409500/500000: consistency_loss=0.0001  pi_loss=-0.0006  reward_loss=2.6922  total_loss=0.0017  value_loss=2.6922
  update 410000/500000: consistency_loss=0.0001  pi_loss=-0.0006  reward_loss=2.6922  total_loss=0.0017  value_loss=2.6922
  update 410500/500000: consistency_loss=0.0001  pi_loss=-0.0006  reward_loss=2.6922  total_loss=0.0018  value_loss=2.6922
  update 411000/500000: consistency_loss=0.0001  pi_loss=-0.0006  reward_loss=2.6922  total_loss=0.0015  value_loss=2.6922
  update 411500/500000: consistency_loss=0.0001  pi_loss=-0.0006  reward_loss=2.6922  total_loss=0.0019  value_loss=2.6922
  update 412000/500000: consistency_loss=0.0001  pi_loss=-0.0007  reward_loss=2.6922  total_loss=0.0018  value_loss=2.6922
  update 412500/500000: consistency_loss=0.0001  pi_loss=-0.0006  reward_loss=2.6922  total_loss=0.0018  value_loss=2.6922
  update 413000/500000: consistency_loss=0.0001  pi_loss=-0.0006  reward_loss=2.6922  total_loss=0.0013  value_loss=2.6922
  update 413500/500000: consistency_loss=0.0001  pi_loss=-0.0006  reward_loss=2.6922  total_loss=0.0020  value_loss=2.6922
  update 414000/500000: consistency_loss=0.0001  pi_loss=-0.0006  reward_loss=2.6922  total_loss=0.0017  value_loss=2.6922
  update 414500/500000: consistency_loss=0.0001  pi_loss=-0.0006  reward_loss=2.6922  total_loss=0.0017  value_loss=2.6922
  update 415000/500000: consistency_loss=0.0001  pi_loss=-0.0006  reward_loss=2.6922  total_loss=0.0017  value_loss=2.6922
  update 415500/500000: consistency_loss=0.0001  pi_loss=-0.0006  reward_loss=2.6922  total_loss=0.0020  value_loss=2.6922
  update 416000/500000: consistency_loss=0.0001  pi_loss=-0.0006  reward_loss=2.6922  total_loss=0.0016  value_loss=2.6922
  update 416500/500000: consistency_loss=0.0001  pi_loss=-0.0006  reward_loss=2.6922  total_loss=0.0016  value_loss=2.6922
  update 417000/500000: consistency_loss=0.0001  pi_loss=-0.0006  reward_loss=2.6922  total_loss=0.0016  value_loss=2.6922
  update 417500/500000: consistency_loss=0.0001  pi_loss=-0.0006  reward_loss=2.6922  total_loss=0.0015  value_loss=2.6922
  update 418000/500000: consistency_loss=0.0001  pi_loss=-0.0006  reward_loss=2.6922  total_loss=0.0019  value_loss=2.6922
  update 418500/500000: consistency_loss=0.0001  pi_loss=-0.0006  reward_loss=2.6922  total_loss=0.0017  value_loss=2.6922
  update 419000/500000: consistency_loss=0.0001  pi_loss=-0.0006  reward_loss=2.6922  total_loss=0.0015  value_loss=2.6922
  update 419500/500000: consistency_loss=0.0001  pi_loss=-0.0006  reward_loss=2.6922  total_loss=0.0017  value_loss=2.6922
  update 420000/500000: consistency_loss=0.0001  pi_loss=-0.0006  reward_loss=2.6922  total_loss=0.0019  value_loss=2.6922
  update 420500/500000: consistency_loss=0.0001  pi_loss=-0.0006  reward_loss=2.6922  total_loss=0.0016  value_loss=2.6922
  update 421000/500000: consistency_loss=0.0001  pi_loss=-0.0006  reward_loss=2.6922  total_loss=0.0018  value_loss=2.6922
  update 421500/500000: consistency_loss=0.0001  pi_loss=-0.0006  reward_loss=2.6922  total_loss=0.0018  value_loss=2.6922
  update 422000/500000: consistency_loss=0.0001  pi_loss=-0.0006  reward_loss=2.6922  total_loss=0.0015  value_loss=2.6922
  update 422500/500000: consistency_loss=0.0001  pi_loss=-0.0007  reward_loss=2.6922  total_loss=0.0016  value_loss=2.6922
  update 423000/500000: consistency_loss=0.0001  pi_loss=-0.0006  reward_loss=2.6922  total_loss=0.0018  value_loss=2.6922
  update 423500/500000: consistency_loss=0.0001  pi_loss=-0.0006  reward_loss=2.6922  total_loss=0.0016  value_loss=2.6922
  update 424000/500000: consistency_loss=0.0001  pi_loss=-0.0006  reward_loss=2.6922  total_loss=0.0016  value_loss=2.6922
  update 424500/500000: consistency_loss=0.0001  pi_loss=-0.0006  reward_loss=2.6922  total_loss=0.0019  value_loss=2.6922
  update 425000/500000: consistency_loss=0.0001  pi_loss=-0.0006  reward_loss=2.6922  total_loss=0.0018  value_loss=2.6922
  update 425500/500000: consistency_loss=0.0001  pi_loss=-0.0006  reward_loss=2.6922  total_loss=0.0016  value_loss=2.6922
  update 426000/500000: consistency_loss=0.0001  pi_loss=-0.0006  reward_loss=2.6922  total_loss=0.0021  value_loss=2.6922
  update 426500/500000: consistency_loss=0.0001  pi_loss=-0.0006  reward_loss=2.6922  total_loss=0.0017  value_loss=2.6922
  update 427000/500000: consistency_loss=0.0001  pi_loss=-0.0006  reward_loss=2.6922  total_loss=0.0015  value_loss=2.6922
  update 427500/500000: consistency_loss=0.0001  pi_loss=-0.0006  reward_loss=2.6922  total_loss=0.0015  value_loss=2.6922
  update 428000/500000: consistency_loss=0.0001  pi_loss=-0.0006  reward_loss=2.6922  total_loss=0.0015  value_loss=2.6922
  update 428500/500000: consistency_loss=0.0001  pi_loss=-0.0006  reward_loss=2.6922  total_loss=0.0015  value_loss=2.6922
  update 429000/500000: consistency_loss=0.0001  pi_loss=-0.0006  reward_loss=2.6922  total_loss=0.0015  value_loss=2.6922
  update 429500/500000: consistency_loss=0.0001  pi_loss=-0.0006  reward_loss=2.6922  total_loss=0.0016  value_loss=2.6922
  update 430000/500000: consistency_loss=0.0001  pi_loss=-0.0006  reward_loss=2.6922  total_loss=0.0019  value_loss=2.6922
  update 430500/500000: consistency_loss=0.0001  pi_loss=-0.0006  reward_loss=2.6922  total_loss=0.0020  value_loss=2.6922
  update 431000/500000: consistency_loss=0.0001  pi_loss=-0.0006  reward_loss=2.6922  total_loss=0.0018  value_loss=2.6922
  update 431500/500000: consistency_loss=0.0001  pi_loss=-0.0006  reward_loss=2.6922  total_loss=0.0015  value_loss=2.6922
  update 432000/500000: consistency_loss=0.0001  pi_loss=-0.0006  reward_loss=2.6922  total_loss=0.0016  value_loss=2.6922
  update 432500/500000: consistency_loss=0.0001  pi_loss=-0.0006  reward_loss=2.6922  total_loss=0.0016  value_loss=2.6922
  update 433000/500000: consistency_loss=0.0001  pi_loss=-0.0006  reward_loss=2.6922  total_loss=0.0017  value_loss=2.6922
  update 433500/500000: consistency_loss=0.0001  pi_loss=-0.0006  reward_loss=2.6922  total_loss=0.0015  value_loss=2.6922
  update 434000/500000: consistency_loss=0.0001  pi_loss=-0.0006  reward_loss=2.6922  total_loss=0.0017  value_loss=2.6922
  update 434500/500000: consistency_loss=0.0001  pi_loss=-0.0006  reward_loss=2.6922  total_loss=0.0014  value_loss=2.6922
  update 435000/500000: consistency_loss=0.0001  pi_loss=-0.0006  reward_loss=2.6922  total_loss=0.0015  value_loss=2.6922
  update 435500/500000: consistency_loss=0.0001  pi_loss=-0.0006  reward_loss=2.6922  total_loss=0.0017  value_loss=2.6922
  update 436000/500000: consistency_loss=0.0001  pi_loss=-0.0006  reward_loss=2.6922  total_loss=0.0019  value_loss=2.6922
  update 436500/500000: consistency_loss=0.0001  pi_loss=-0.0006  reward_loss=2.6922  total_loss=0.0018  value_loss=2.6922
  update 437000/500000: consistency_loss=0.0001  pi_loss=-0.0006  reward_loss=2.6922  total_loss=0.0016  value_loss=2.6922
  update 437500/500000: consistency_loss=0.0001  pi_loss=-0.0006  reward_loss=2.6922  total_loss=0.0016  value_loss=2.6922
  update 438000/500000: consistency_loss=0.0001  pi_loss=-0.0006  reward_loss=2.6922  total_loss=0.0018  value_loss=2.6922
  update 438500/500000: consistency_loss=0.0001  pi_loss=-0.0006  reward_loss=2.6922  total_loss=0.0014  value_loss=2.6922
  update 439000/500000: consistency_loss=0.0001  pi_loss=-0.0006  reward_loss=2.6922  total_loss=0.0014  value_loss=2.6922
  update 439500/500000: consistency_loss=0.0001  pi_loss=-0.0006  reward_loss=2.6922  total_loss=0.0015  value_loss=2.6922
  update 440000/500000: consistency_loss=0.0001  pi_loss=-0.0006  reward_loss=2.6922  total_loss=0.0019  value_loss=2.6922
  update 440500/500000: consistency_loss=0.0001  pi_loss=-0.0006  reward_loss=2.6922  total_loss=0.0016  value_loss=2.6922
  update 441000/500000: consistency_loss=0.0001  pi_loss=-0.0006  reward_loss=2.6922  total_loss=0.0017  value_loss=2.6922
  update 441500/500000: consistency_loss=0.0001  pi_loss=-0.0006  reward_loss=2.6922  total_loss=0.0014  value_loss=2.6922
  update 442000/500000: consistency_loss=0.0001  pi_loss=-0.0006  reward_loss=2.6922  total_loss=0.0018  value_loss=2.6922
  update 442500/500000: consistency_loss=0.0001  pi_loss=-0.0006  reward_loss=2.6922  total_loss=0.0016  value_loss=2.6922
  update 443000/500000: consistency_loss=0.0001  pi_loss=-0.0006  reward_loss=2.6922  total_loss=0.0015  value_loss=2.6922
  update 443500/500000: consistency_loss=0.0001  pi_loss=-0.0006  reward_loss=2.6922  total_loss=0.0017  value_loss=2.6922
  update 444000/500000: consistency_loss=0.0001  pi_loss=-0.0006  reward_loss=2.6922  total_loss=0.0020  value_loss=2.6922
  update 444500/500000: consistency_loss=0.0001  pi_loss=-0.0006  reward_loss=2.6922  total_loss=0.0018  value_loss=2.6922
  update 445000/500000: consistency_loss=0.0001  pi_loss=-0.0006  reward_loss=2.6922  total_loss=0.0016  value_loss=2.6922
  update 445500/500000: consistency_loss=0.0001  pi_loss=-0.0006  reward_loss=2.6922  total_loss=0.0015  value_loss=2.6922
  update 446000/500000: consistency_loss=0.0001  pi_loss=-0.0006  reward_loss=2.6922  total_loss=0.0015  value_loss=2.6922
  update 446500/500000: consistency_loss=0.0001  pi_loss=-0.0006  reward_loss=2.6922  total_loss=0.0017  value_loss=2.6922
  update 447000/500000: consistency_loss=0.0001  pi_loss=-0.0006  reward_loss=2.6922  total_loss=0.0019  value_loss=2.6922
  update 447500/500000: consistency_loss=0.0001  pi_loss=-0.0006  reward_loss=2.6922  total_loss=0.0015  value_loss=2.6922
  update 448000/500000: consistency_loss=0.0001  pi_loss=-0.0006  reward_loss=2.6922  total_loss=0.0017  value_loss=2.6922
  update 448500/500000: consistency_loss=0.0001  pi_loss=-0.0006  reward_loss=2.6922  total_loss=0.0015  value_loss=2.6922
  update 449000/500000: consistency_loss=0.0001  pi_loss=-0.0006  reward_loss=2.6922  total_loss=0.0017  value_loss=2.6922
  update 449500/500000: consistency_loss=0.0001  pi_loss=-0.0006  reward_loss=2.6922  total_loss=0.0019  value_loss=2.6922
  update 450000/500000: consistency_loss=0.0001  pi_loss=-0.0006  reward_loss=2.6922  total_loss=0.0017  value_loss=2.6922
  update 450500/500000: consistency_loss=0.0001  pi_loss=-0.0006  reward_loss=2.6922  total_loss=0.0017  value_loss=2.6922
  update 451000/500000: consistency_loss=0.0001  pi_loss=-0.0006  reward_loss=2.6922  total_loss=0.0019  value_loss=2.6922
  update 451500/500000: consistency_loss=0.0001  pi_loss=-0.0006  reward_loss=2.6922  total_loss=0.0015  value_loss=2.6922
  update 452000/500000: consistency_loss=0.0001  pi_loss=-0.0006  reward_loss=2.6922  total_loss=0.0015  value_loss=2.6922
  update 452500/500000: consistency_loss=0.0001  pi_loss=-0.0006  reward_loss=2.6922  total_loss=0.0016  value_loss=2.6922
  update 453000/500000: consistency_loss=0.0001  pi_loss=-0.0006  reward_loss=2.6922  total_loss=0.0016  value_loss=2.6922
  update 453500/500000: consistency_loss=0.0001  pi_loss=-0.0006  reward_loss=2.6922  total_loss=0.0019  value_loss=2.6922
  update 454000/500000: consistency_loss=0.0001  pi_loss=-0.0006  reward_loss=2.6922  total_loss=0.0017  value_loss=2.6922
  update 454500/500000: consistency_loss=0.0001  pi_loss=-0.0006  reward_loss=2.6922  total_loss=0.0017  value_loss=2.6922
  update 455000/500000: consistency_loss=0.0001  pi_loss=-0.0006  reward_loss=2.6922  total_loss=0.0020  value_loss=2.6922
  update 455500/500000: consistency_loss=0.0001  pi_loss=-0.0006  reward_loss=2.6922  total_loss=0.0016  value_loss=2.6922
  update 456000/500000: consistency_loss=0.0001  pi_loss=-0.0006  reward_loss=2.6922  total_loss=0.0018  value_loss=2.6922
  update 456500/500000: consistency_loss=0.0001  pi_loss=-0.0006  reward_loss=2.6922  total_loss=0.0014  value_loss=2.6922
  update 457000/500000: consistency_loss=0.0001  pi_loss=-0.0006  reward_loss=2.6922  total_loss=0.0015  value_loss=2.6922
  update 457500/500000: consistency_loss=0.0001  pi_loss=-0.0006  reward_loss=2.6922  total_loss=0.0017  value_loss=2.6922
  update 458000/500000: consistency_loss=0.0001  pi_loss=-0.0006  reward_loss=2.6922  total_loss=0.0017  value_loss=2.6922
  update 458500/500000: consistency_loss=0.0001  pi_loss=-0.0006  reward_loss=2.6922  total_loss=0.0018  value_loss=2.6922
  update 459000/500000: consistency_loss=0.0001  pi_loss=-0.0006  reward_loss=2.6922  total_loss=0.0022  value_loss=2.6922
  update 459500/500000: consistency_loss=0.0001  pi_loss=-0.0006  reward_loss=2.6922  total_loss=0.0014  value_loss=2.6922
  update 460000/500000: consistency_loss=0.0001  pi_loss=-0.0006  reward_loss=2.6922  total_loss=0.0015  value_loss=2.6922
  update 460500/500000: consistency_loss=0.0001  pi_loss=-0.0006  reward_loss=2.6922  total_loss=0.0019  value_loss=2.6922
  update 461000/500000: consistency_loss=0.0001  pi_loss=-0.0006  reward_loss=2.6922  total_loss=0.0017  value_loss=2.6922
  update 461500/500000: consistency_loss=0.0001  pi_loss=-0.0006  reward_loss=2.6922  total_loss=0.0015  value_loss=2.6922
  update 462000/500000: consistency_loss=0.0001  pi_loss=-0.0006  reward_loss=2.6922  total_loss=0.0014  value_loss=2.6922
  update 462500/500000: consistency_loss=0.0001  pi_loss=-0.0006  reward_loss=2.6922  total_loss=0.0015  value_loss=2.6922
  update 463000/500000: consistency_loss=0.0001  pi_loss=-0.0006  reward_loss=2.6922  total_loss=0.0015  value_loss=2.6922
  update 463500/500000: consistency_loss=0.0001  pi_loss=-0.0006  reward_loss=2.6922  total_loss=0.0015  value_loss=2.6922
  update 464000/500000: consistency_loss=0.0001  pi_loss=-0.0006  reward_loss=2.6922  total_loss=0.0019  value_loss=2.6922
  update 464500/500000: consistency_loss=0.0001  pi_loss=-0.0006  reward_loss=2.6922  total_loss=0.0017  value_loss=2.6922
  update 465000/500000: consistency_loss=0.0001  pi_loss=-0.0006  reward_loss=2.6922  total_loss=0.0015  value_loss=2.6922
  update 465500/500000: consistency_loss=0.0001  pi_loss=-0.0006  reward_loss=2.6922  total_loss=0.0016  value_loss=2.6922
  update 466000/500000: consistency_loss=0.0001  pi_loss=-0.0006  reward_loss=2.6922  total_loss=0.0015  value_loss=2.6922
  update 466500/500000: consistency_loss=0.0001  pi_loss=-0.0006  reward_loss=2.6922  total_loss=0.0014  value_loss=2.6922
  update 467000/500000: consistency_loss=0.0001  pi_loss=-0.0006  reward_loss=2.6922  total_loss=0.0017  value_loss=2.6922
  update 467500/500000: consistency_loss=0.0001  pi_loss=-0.0006  reward_loss=2.6922  total_loss=0.0016  value_loss=2.6922
  update 468000/500000: consistency_loss=0.0001  pi_loss=-0.0006  reward_loss=2.6922  total_loss=0.0015  value_loss=2.6922
  update 468500/500000: consistency_loss=0.0001  pi_loss=-0.0006  reward_loss=2.6922  total_loss=0.0015  value_loss=2.6922
  update 469000/500000: consistency_loss=0.0001  pi_loss=-0.0006  reward_loss=2.6922  total_loss=0.0015  value_loss=2.6922
  update 469500/500000: consistency_loss=0.0001  pi_loss=-0.0006  reward_loss=2.6922  total_loss=0.0015  value_loss=2.6922
  update 470000/500000: consistency_loss=0.0001  pi_loss=-0.0006  reward_loss=2.6922  total_loss=0.0016  value_loss=2.6922
  update 470500/500000: consistency_loss=0.0001  pi_loss=-0.0006  reward_loss=2.6922  total_loss=0.0016  value_loss=2.6922
  update 471000/500000: consistency_loss=0.0001  pi_loss=-0.0006  reward_loss=2.6922  total_loss=0.0015  value_loss=2.6922
  update 471500/500000: consistency_loss=0.0001  pi_loss=-0.0006  reward_loss=2.6922  total_loss=0.0018  value_loss=2.6922
  update 472000/500000: consistency_loss=0.0001  pi_loss=-0.0006  reward_loss=2.6922  total_loss=0.0015  value_loss=2.6922
  update 472500/500000: consistency_loss=0.0001  pi_loss=-0.0006  reward_loss=2.6922  total_loss=0.0016  value_loss=2.6922
  update 473000/500000: consistency_loss=0.0001  pi_loss=-0.0006  reward_loss=2.6922  total_loss=0.0015  value_loss=2.6922
  update 473500/500000: consistency_loss=0.0001  pi_loss=-0.0006  reward_loss=2.6922  total_loss=0.0017  value_loss=2.6922
  update 474000/500000: consistency_loss=0.0001  pi_loss=-0.0006  reward_loss=2.6922  total_loss=0.0014  value_loss=2.6922
  update 474500/500000: consistency_loss=0.0001  pi_loss=-0.0006  reward_loss=2.6922  total_loss=0.0014  value_loss=2.6922
  update 475000/500000: consistency_loss=0.0001  pi_loss=-0.0006  reward_loss=2.6922  total_loss=0.0019  value_loss=2.6922
  update 475500/500000: consistency_loss=0.0001  pi_loss=-0.0006  reward_loss=2.6922  total_loss=0.0016  value_loss=2.6922
  update 476000/500000: consistency_loss=0.0001  pi_loss=-0.0006  reward_loss=2.6922  total_loss=0.0016  value_loss=2.6922
  update 476500/500000: consistency_loss=0.0001  pi_loss=-0.0006  reward_loss=2.6922  total_loss=0.0016  value_loss=2.6922
  update 477000/500000: consistency_loss=0.0001  pi_loss=-0.0006  reward_loss=2.6922  total_loss=0.0015  value_loss=2.6922
  update 477500/500000: consistency_loss=0.0001  pi_loss=-0.0006  reward_loss=2.6922  total_loss=0.0016  value_loss=2.6922
  update 478000/500000: consistency_loss=0.0001  pi_loss=-0.0006  reward_loss=2.6922  total_loss=0.0014  value_loss=2.6922
  update 478500/500000: consistency_loss=0.0001  pi_loss=-0.0006  reward_loss=2.6922  total_loss=0.0014  value_loss=2.6922
  update 479000/500000: consistency_loss=0.0001  pi_loss=-0.0006  reward_loss=2.6922  total_loss=0.0017  value_loss=2.6922
  update 479500/500000: consistency_loss=0.0001  pi_loss=-0.0006  reward_loss=2.6922  total_loss=0.0015  value_loss=2.6922
  update 480000/500000: consistency_loss=0.0001  pi_loss=-0.0006  reward_loss=2.6922  total_loss=0.0015  value_loss=2.6922
  update 480500/500000: consistency_loss=0.0001  pi_loss=-0.0006  reward_loss=2.6922  total_loss=0.0019  value_loss=2.6922
  update 481000/500000: consistency_loss=0.0001  pi_loss=-0.0006  reward_loss=2.6922  total_loss=0.0017  value_loss=2.6922
  update 481500/500000: consistency_loss=0.0001  pi_loss=-0.0006  reward_loss=2.6922  total_loss=0.0015  value_loss=2.6922
  update 482000/500000: consistency_loss=0.0001  pi_loss=-0.0006  reward_loss=2.6922  total_loss=0.0016  value_loss=2.6922
  update 482500/500000: consistency_loss=0.0001  pi_loss=-0.0006  reward_loss=2.6922  total_loss=0.0023  value_loss=2.6922
  update 483000/500000: consistency_loss=0.0001  pi_loss=-0.0006  reward_loss=2.6922  total_loss=0.0016  value_loss=2.6922
  update 483500/500000: consistency_loss=0.0001  pi_loss=-0.0006  reward_loss=2.6922  total_loss=0.0016  value_loss=2.6922
  update 484000/500000: consistency_loss=0.0001  pi_loss=-0.0006  reward_loss=2.6922  total_loss=0.0015  value_loss=2.6922
  update 484500/500000: consistency_loss=0.0001  pi_loss=-0.0006  reward_loss=2.6922  total_loss=0.0016  value_loss=2.6922
  update 485000/500000: consistency_loss=0.0001  pi_loss=-0.0006  reward_loss=2.6922  total_loss=0.0015  value_loss=2.6922
  update 485500/500000: consistency_loss=0.0001  pi_loss=-0.0006  reward_loss=2.6922  total_loss=0.0017  value_loss=2.6922
  update 486000/500000: consistency_loss=0.0001  pi_loss=-0.0006  reward_loss=2.6922  total_loss=0.0015  value_loss=2.6922
  update 486500/500000: consistency_loss=0.0001  pi_loss=-0.0006  reward_loss=2.6922  total_loss=0.0017  value_loss=2.6922
  update 487000/500000: consistency_loss=0.0001  pi_loss=-0.0006  reward_loss=2.6922  total_loss=0.0015  value_loss=2.6922
  update 487500/500000: consistency_loss=0.0001  pi_loss=-0.0006  reward_loss=2.6922  total_loss=0.0015  value_loss=2.6922
  update 488000/500000: consistency_loss=0.0001  pi_loss=-0.0006  reward_loss=2.6922  total_loss=0.0017  value_loss=2.6922
  update 488500/500000: consistency_loss=0.0001  pi_loss=-0.0006  reward_loss=2.6922  total_loss=0.0017  value_loss=2.6922
  update 489000/500000: consistency_loss=0.0001  pi_loss=-0.0006  reward_loss=2.6922  total_loss=0.0014  value_loss=2.6922
  update 489500/500000: consistency_loss=0.0001  pi_loss=-0.0006  reward_loss=2.6922  total_loss=0.0018  value_loss=2.6922
  update 490000/500000: consistency_loss=0.0001  pi_loss=-0.0006  reward_loss=2.6922  total_loss=0.0020  value_loss=2.6922
  update 490500/500000: consistency_loss=0.0001  pi_loss=-0.0006  reward_loss=2.6922  total_loss=0.0014  value_loss=2.6922
  update 491000/500000: consistency_loss=0.0001  pi_loss=-0.0006  reward_loss=2.6922  total_loss=0.0018  value_loss=2.6922
  update 491500/500000: consistency_loss=0.0001  pi_loss=-0.0006  reward_loss=2.6922  total_loss=0.0014  value_loss=2.6922
  update 492000/500000: consistency_loss=0.0001  pi_loss=-0.0006  reward_loss=2.6922  total_loss=0.0015  value_loss=2.6922
  update 492500/500000: consistency_loss=0.0001  pi_loss=-0.0006  reward_loss=2.6922  total_loss=0.0016  value_loss=2.6922
  update 493000/500000: consistency_loss=0.0001  pi_loss=-0.0006  reward_loss=2.6922  total_loss=0.0013  value_loss=2.6922
  update 493500/500000: consistency_loss=0.0001  pi_loss=-0.0006  reward_loss=2.6922  total_loss=0.0018  value_loss=2.6922
  update 494000/500000: consistency_loss=0.0001  pi_loss=-0.0006  reward_loss=2.6922  total_loss=0.0020  value_loss=2.6922
  update 494500/500000: consistency_loss=0.0001  pi_loss=-0.0006  reward_loss=2.6922  total_loss=0.0015  value_loss=2.6922
  update 495000/500000: consistency_loss=0.0001  pi_loss=-0.0006  reward_loss=2.6922  total_loss=0.0017  value_loss=2.6922
  update 495500/500000: consistency_loss=0.0001  pi_loss=-0.0006  reward_loss=2.6922  total_loss=0.0022  value_loss=2.6922
  update 496000/500000: consistency_loss=0.0001  pi_loss=-0.0006  reward_loss=2.6922  total_loss=0.0015  value_loss=2.6922
  update 496500/500000: consistency_loss=0.0001  pi_loss=-0.0006  reward_loss=2.6922  total_loss=0.0018  value_loss=2.6922
  update 497000/500000: consistency_loss=0.0001  pi_loss=-0.0006  reward_loss=2.6922  total_loss=0.0015  value_loss=2.6922
  update 497500/500000: consistency_loss=0.0001  pi_loss=-0.0006  reward_loss=2.6922  total_loss=0.0015  value_loss=2.6922
  update 498000/500000: consistency_loss=0.0001  pi_loss=-0.0006  reward_loss=2.6922  total_loss=0.0019  value_loss=2.6922
  update 498500/500000: consistency_loss=0.0001  pi_loss=-0.0006  reward_loss=2.6922  total_loss=0.0016  value_loss=2.6922
  update 499000/500000: consistency_loss=0.0001  pi_loss=-0.0006  reward_loss=2.6922  total_loss=0.0016  value_loss=2.6922
  update 499500/500000: consistency_loss=0.0001  pi_loss=-0.0006  reward_loss=2.6922  total_loss=0.0017  value_loss=2.6922
  update 500000/500000: consistency_loss=0.0001  pi_loss=-0.0006  reward_loss=2.6922  total_loss=0.0018  value_loss=2.6922
DONE: 500000 updates -> /workspace/dreamerv3_runs/tm2wm_finger_freeq1s0_seed16/tm2_ckpt.pt
[Sun Jul 19 12:58:07 UTC 2026] adapt RUN_ID=adapt_tm2freeq1s0_finger_seed16_ckpt500000 TASK=dmc_finger_turn_hard STEPS=125000 SEED=16
/workspace/conda_envs/tdmpc2/lib/python3.11/site-packages/tensordict/_td.py:612: FutureWarning: TensorDict.to_module() is replacing an existing nn.Parameter in the destination module with a tensor leaf that is not an nn.Parameter. This historical behavior can remove the key from module.state_dict(). In tensordict v0.14, to_module() will preserve existing module parameter and buffer registrations by default. Pass preserve_module_state=False to keep the current replacement behavior, or preserve_module_state=True to opt in to the v0.14 behavior now.
  local_out = _set_tensor_dict(
Episode length: 1000
Discount factor: 0.995
Loaded + froze 20 tensors (928,512 params) from /workspace/dreamerv3_runs/tm2wm_finger_freeq1s0_seed16/tm2_ckpt.pt
Architecture: TD-MPC2 World Model
Encoder: ModuleDict(
  (state): Sequential(
    (0): NormedLinear(in_features=12, out_features=256, bias=True, act=Mish)
    (1): NormedLinear(in_features=256, out_features=512, bias=True, act=SimNorm)
  )
)
Dynamics: Sequential(
  (0): NormedLinear(in_features=514, out_features=512, bias=True, act=Mish)
  (1): NormedLinear(in_features=512, out_features=512, bias=True, act=Mish)
  (2): NormedLinear(in_features=512, out_features=512, bias=True, act=SimNorm)
)
Reward: Sequential(
  (0): NormedLinear(in_features=514, out_features=512, bias=True, act=Mish)
  (1): NormedLinear(in_features=512, out_features=512, bias=True, act=Mish)
  (2): Linear(in_features=512, out_features=101, bias=True)
)
Policy prior: Sequential(
  (0): NormedLinear(in_features=512, out_features=512, bias=True, act=Mish)
  (1): NormedLinear(in_features=512, out_features=512, bias=True, act=Mish)
  (2): Linear(in_features=512, out_features=4, bias=True)
)
Q-functions: Vectorized 5x Sequential(
  (0): NormedLinear(in_features=514, out_features=512, bias=True, dropout=0.01, act=Mish)
  (1): NormedLinear(in_features=512, out_features=512, bias=True, act=Mish)
  (2): Linear(in_features=512, out_features=101, bias=True)
)
Learnable parameters: 4,010,594
[eval] {'eval/episode_reward': 135.8125, 'eval/episode_success': 0.0, 'eval/episode_length': 1000.0, 'eval/step': 0.0, 'eval/episode': 0.0, 'eval/elapsed_time': 444.7801616191864, 'eval/steps_per_second': 0.0}
Buffer capacity: 125,000
Storage required: 0.01 GB
Using CUDA:0 memory for storage.
[92m2026-07-19 13:05:36,956 [torchrl][INFO][0m    Initialized LazyTensorStorage with torch.Size([125000]) shape[92m [END][0m
Pretraining agent on seed data...
/workspace/conda_envs/tdmpc2/lib/python3.11/site-packages/torch/jit/_script.py:365: DeprecationWarning: `torch.jit.script_method` is deprecated. Please switch to `torch.compile` or `torch.export`.
  warnings.warn(
/workspace/conda_envs/tdmpc2/lib/python3.11/site-packages/torch/jit/_script.py:365: DeprecationWarning: `torch.jit.script_method` is deprecated. Please switch to `torch.compile` or `torch.export`.
  warnings.warn(
/workspace/conda_envs/tdmpc2/lib/python3.11/site-packages/torch/jit/_script.py:365: DeprecationWarning: `torch.jit.script_method` is deprecated. Please switch to `torch.compile` or `torch.export`.
  warnings.warn(
/workspace/conda_envs/tdmpc2/lib/python3.11/site-packages/torch/jit/_script.py:365: DeprecationWarning: `torch.jit.script_method` is deprecated. Please switch to `torch.compile` or `torch.export`.
  warnings.warn(
/workspace/conda_envs/tdmpc2/lib/python3.11/site-packages/torch/jit/_script.py:365: DeprecationWarning: `torch.jit.script_method` is deprecated. Please switch to `torch.compile` or `torch.export`.
  warnings.warn(
/workspace/conda_envs/tdmpc2/lib/python3.11/site-packages/torch/jit/_script.py:365: DeprecationWarning: `torch.jit.script_method` is deprecated. Please switch to `torch.compile` or `torch.export`.
  warnings.warn(
/workspace/conda_envs/tdmpc2/lib/python3.11/site-packages/torch/jit/_script.py:365: DeprecationWarning: `torch.jit.script_method` is deprecated. Please switch to `torch.compile` or `torch.export`.
  warnings.warn(
/workspace/conda_envs/tdmpc2/lib/python3.11/site-packages/torch/jit/_script.py:365: DeprecationWarning: `torch.jit.script_method` is deprecated. Please switch to `torch.compile` or `torch.export`.
  warnings.warn(
/workspace/conda_envs/tdmpc2/lib/python3.11/site-packages/torch/jit/_script.py:365: DeprecationWarning: `torch.jit.script_method` is deprecated. Please switch to `torch.compile` or `torch.export`.
  warnings.warn(
/workspace/conda_envs/tdmpc2/lib/python3.11/site-packages/torch/jit/_script.py:365: DeprecationWarning: `torch.jit.script_method` is deprecated. Please switch to `torch.compile` or `torch.export`.
  warnings.warn(
/workspace/conda_envs/tdmpc2/lib/python3.11/site-packages/torch/jit/_script.py:365: DeprecationWarning: `torch.jit.script_method` is deprecated. Please switch to `torch.compile` or `torch.export`.
  warnings.warn(
/workspace/conda_envs/tdmpc2/lib/python3.11/site-packages/torch/jit/_script.py:365: DeprecationWarning: `torch.jit.script_method` is deprecated. Please switch to `torch.compile` or `torch.export`.
  warnings.warn(
/workspace/conda_envs/tdmpc2/lib/python3.11/site-packages/torch/jit/_script.py:365: DeprecationWarning: `torch.jit.script_method` is deprecated. Please switch to `torch.compile` or `torch.export`.
  warnings.warn(
/workspace/conda_envs/tdmpc2/lib/python3.11/site-packages/torch/jit/_script.py:365: DeprecationWarning: `torch.jit.script_method` is deprecated. Please switch to `torch.compile` or `torch.export`.
  warnings.warn(
[eval] {'eval/episode_reward': 0.0, 'eval/episode_success': 0.0, 'eval/episode_length': 1000.0, 'eval/step': 16000.0, 'eval/episode': 15.0, 'eval/elapsed_time': 1666.044621706009, 'eval/steps_per_second': 9.603584316737086}
[eval] {'eval/episode_reward': 121.125, 'eval/episode_success': 0.0, 'eval/episode_length': 1000.0, 'eval/step': 32000.0, 'eval/episode': 31.0, 'eval/elapsed_time': 3044.384556531906, 'eval/steps_per_second': 10.511155672282635}
[eval] {'eval/episode_reward': 70.5, 'eval/episode_success': 0.0, 'eval/episode_length': 1000.0, 'eval/step': 48000.0, 'eval/episode': 47.0, 'eval/elapsed_time': 4427.76461648941, 'eval/steps_per_second': 10.840684669922041}
[eval] {'eval/episode_reward': 183.9375, 'eval/episode_success': 0.0, 'eval/episode_length': 1000.0, 'eval/step': 64000.0, 'eval/episode': 63.0, 'eval/elapsed_time': 5777.8994562625885, 'eval/steps_per_second': 11.076689804740587}
[eval] {'eval/episode_reward': 297.125, 'eval/episode_success': 0.0, 'eval/episode_length': 1000.0, 'eval/step': 80000.0, 'eval/episode': 79.0, 'eval/elapsed_time': 7168.964053153992, 'eval/steps_per_second': 11.159213438209937}
[eval] {'eval/episode_reward': 1.375, 'eval/episode_success': 0.0, 'eval/episode_length': 1000.0, 'eval/step': 96000.0, 'eval/episode': 95.0, 'eval/elapsed_time': 8558.630577087402, 'eval/steps_per_second': 11.2167477186134}
[eval] {'eval/episode_reward': 0.0, 'eval/episode_success': 0.0, 'eval/episode_length': 1000.0, 'eval/step': 112000.0, 'eval/episode': 111.0, 'eval/elapsed_time': 9946.36609530449, 'eval/steps_per_second': 11.260393889269098}
ADAPT DONE -> /workspace/dreamerv3_runs/adapt_tm2freeq1s0_finger_seed16_ckpt500000
[Sun Jul 19 15:56:44 UTC 2026] tdmpc2 adapt_tm2freeq1s0_finger_seed16_ckpt500000 rc=0 status=DONE
