[Fri Jul 17 01:43:03 UTC 2026] START shard=5 gpu=1 adapt_tm2awareq1s0_finger_seed6_ckpt500000
[Fri Jul 17 01:43:04 UTC 2026] waiting for concurrent bridge of /workspace/dreamerv3_runs/tm2_data/finger_q1_side0.pt
[Fri Jul 17 01:43:34 UTC 2026] offline_fit WM_RUN=tm2wm_finger_awareq1s0_seed7 ARM=aware DATA=/workspace/dreamerv3_runs/tm2_data/finger_q1_side0.pt UPDATES=500000 SEED=7
/workspace/conda_envs/dreamerv3/lib/python3.11/site-packages/tensordict/_td.py:612: FutureWarning: TensorDict.to_module() is replacing an existing nn.Parameter in the destination module with a tensor leaf that is not an nn.Parameter. This historical behavior can remove the key from module.state_dict(). In tensordict v0.14, to_module() will preserve existing module parameter and buffer registrations by default. Pass preserve_module_state=False to keep the current replacement behavior, or preserve_module_state=True to opt in to the v0.14 behavior now.
  local_out = _set_tensor_dict(
Episode length: 1000
Discount factor: 0.995
Buffer capacity: 200,200
Storage required: 0.01 GB
Using CUDA:0 memory for storage.
[92m2026-07-17 01:43:38,900 [torchrl][INFO][0m    Initialized LazyTensorStorage with torch.Size([200200]) shape[92m [END][0m
Loaded static data: 200 eps x 1001 rows = 200200 rows; arm=aware (reward_coef=0.1, value_coef=0.1)
  update      1/500000: consistency_loss=0.0158  pi_loss=-0.0003  reward_loss=2.6922  total_loss=0.8547  value_loss=2.6922
  update    500/500000: consistency_loss=0.0020  pi_loss=-0.1402  reward_loss=0.1374  total_loss=0.0886  value_loss=0.3475
  update   1000/500000: consistency_loss=0.0015  pi_loss=-0.1709  reward_loss=0.0699  total_loss=0.0647  value_loss=0.2697
  update   1500/500000: consistency_loss=0.0012  pi_loss=-0.1088  reward_loss=0.0581  total_loss=0.0552  value_loss=0.2459
  update   2000/500000: consistency_loss=0.0010  pi_loss=-0.0668  reward_loss=0.0505  total_loss=0.0442  value_loss=0.1888
  update   2500/500000: consistency_loss=0.0010  pi_loss=-0.0852  reward_loss=0.0482  total_loss=0.0504  value_loss=0.2612
  update   3000/500000: consistency_loss=0.0009  pi_loss=-0.0621  reward_loss=0.0428  total_loss=0.0510  value_loss=0.2815
  update   3500/500000: consistency_loss=0.0009  pi_loss=-0.0734  reward_loss=0.0365  total_loss=0.0499  value_loss=0.2801
  update   4000/500000: consistency_loss=0.0010  pi_loss=-0.0608  reward_loss=0.0490  total_loss=0.0568  value_loss=0.3209
  update   4500/500000: consistency_loss=0.0009  pi_loss=-0.0712  reward_loss=0.0538  total_loss=0.0610  value_loss=0.3714
  update   5000/500000: consistency_loss=0.0009  pi_loss=-0.0613  reward_loss=0.0390  total_loss=0.0583  value_loss=0.3644
  update   5500/500000: consistency_loss=0.0008  pi_loss=-0.0502  reward_loss=0.0299  total_loss=0.0645  value_loss=0.4456
  update   6000/500000: consistency_loss=0.0008  pi_loss=-0.0737  reward_loss=0.0384  total_loss=0.0675  value_loss=0.4700
  update   6500/500000: consistency_loss=0.0007  pi_loss=-0.1002  reward_loss=0.0465  total_loss=0.0648  value_loss=0.4621
  update   7000/500000: consistency_loss=0.0006  pi_loss=-0.3115  reward_loss=0.0464  total_loss=0.0632  value_loss=0.4626
  update   7500/500000: consistency_loss=0.0005  pi_loss=-0.8488  reward_loss=0.0493  total_loss=0.0461  value_loss=0.3024
  update   8000/500000: consistency_loss=0.0006  pi_loss=-1.4678  reward_loss=0.0380  total_loss=0.0453  value_loss=0.2970
  update   8500/500000: consistency_loss=0.0005  pi_loss=-1.7266  reward_loss=0.0259  total_loss=0.0452  value_loss=0.3165
  update   9000/500000: consistency_loss=0.0006  pi_loss=-1.5541  reward_loss=0.0413  total_loss=0.0518  value_loss=0.3622
  update   9500/500000: consistency_loss=0.0006  pi_loss=-1.3197  reward_loss=0.0456  total_loss=0.0552  value_loss=0.3963
  update  10000/500000: consistency_loss=0.0005  pi_loss=-1.0210  reward_loss=0.0296  total_loss=0.0538  value_loss=0.3989
  update  10500/500000: consistency_loss=0.0005  pi_loss=-0.8264  reward_loss=0.0237  total_loss=0.0500  value_loss=0.3723
  update  11000/500000: consistency_loss=0.0005  pi_loss=-0.7160  reward_loss=0.0307  total_loss=0.0463  value_loss=0.3274
  update  11500/500000: consistency_loss=0.0006  pi_loss=-0.6224  reward_loss=0.0531  total_loss=0.0422  value_loss=0.2568
  update  12000/500000: consistency_loss=0.0005  pi_loss=-0.5582  reward_loss=0.0446  total_loss=0.0377  value_loss=0.2314
  update  12500/500000: consistency_loss=0.0005  pi_loss=-0.4674  reward_loss=0.0336  total_loss=0.0397  value_loss=0.2622
  update  13000/500000: consistency_loss=0.0005  pi_loss=-0.4349  reward_loss=0.0466  total_loss=0.0470  value_loss=0.3184
  update  13500/500000: consistency_loss=0.0005  pi_loss=-0.3964  reward_loss=0.0277  total_loss=0.0469  value_loss=0.3460
  update  14000/500000: consistency_loss=0.0005  pi_loss=-0.3824  reward_loss=0.0470  total_loss=0.0549  value_loss=0.3973
  update  14500/500000: consistency_loss=0.0005  pi_loss=-0.3332  reward_loss=0.0385  total_loss=0.0515  value_loss=0.3823
  update  15000/500000: consistency_loss=0.0004  pi_loss=-0.3240  reward_loss=0.0454  total_loss=0.0510  value_loss=0.3802
  update  15500/500000: consistency_loss=0.0005  pi_loss=-0.3338  reward_loss=0.0375  total_loss=0.0513  value_loss=0.3846
  update  16000/500000: consistency_loss=0.0005  pi_loss=-0.3259  reward_loss=0.0439  total_loss=0.0541  value_loss=0.4034
  update  16500/500000: consistency_loss=0.0004  pi_loss=-0.3005  reward_loss=0.0417  total_loss=0.0499  value_loss=0.3723
  update  17000/500000: consistency_loss=0.0005  pi_loss=-0.3017  reward_loss=0.0448  total_loss=0.0489  value_loss=0.3514
  update  17500/500000: consistency_loss=0.0004  pi_loss=-0.2973  reward_loss=0.0243  total_loss=0.0436  value_loss=0.3273
  update  18000/500000: consistency_loss=0.0004  pi_loss=-0.3192  reward_loss=0.0426  total_loss=0.0461  value_loss=0.3355
  update  18500/500000: consistency_loss=0.0004  pi_loss=-0.3336  reward_loss=0.0334  total_loss=0.0455  value_loss=0.3371
  update  19000/500000: consistency_loss=0.0004  pi_loss=-0.3538  reward_loss=0.0424  total_loss=0.0431  value_loss=0.3084
  update  19500/500000: consistency_loss=0.0004  pi_loss=-0.3430  reward_loss=0.0434  total_loss=0.0429  value_loss=0.3074
  update  20000/500000: consistency_loss=0.0004  pi_loss=-0.3214  reward_loss=0.0358  total_loss=0.0439  value_loss=0.3235
  update  20500/500000: consistency_loss=0.0003  pi_loss=-0.3239  reward_loss=0.0186  total_loss=0.0384  value_loss=0.2984
  update  21000/500000: consistency_loss=0.0003  pi_loss=-0.3743  reward_loss=0.0160  total_loss=0.0387  value_loss=0.3076
  update  21500/500000: consistency_loss=0.0003  pi_loss=-0.4832  reward_loss=0.0326  total_loss=0.0401  value_loss=0.3035
  update  22000/500000: consistency_loss=0.0003  pi_loss=-0.6695  reward_loss=0.0306  total_loss=0.0401  value_loss=0.3018
  update  22500/500000: consistency_loss=0.0003  pi_loss=-0.7240  reward_loss=0.0222  total_loss=0.0374  value_loss=0.2890
  update  23000/500000: consistency_loss=0.0003  pi_loss=-0.7397  reward_loss=0.0383  total_loss=0.0412  value_loss=0.3110
  update  23500/500000: consistency_loss=0.0003  pi_loss=-0.6933  reward_loss=0.0361  total_loss=0.0410  value_loss=0.3113
  update  24000/500000: consistency_loss=0.0003  pi_loss=-0.6583  reward_loss=0.0556  total_loss=0.0424  value_loss=0.3026
  update  24500/500000: consistency_loss=0.0003  pi_loss=-0.5820  reward_loss=0.0279  total_loss=0.0384  value_loss=0.3003
  update  25000/500000: consistency_loss=0.0003  pi_loss=-0.5623  reward_loss=0.0273  total_loss=0.0391  value_loss=0.2986
  update  25500/500000: consistency_loss=0.0003  pi_loss=-0.5835  reward_loss=0.0418  total_loss=0.0397  value_loss=0.2967
  update  26000/500000: consistency_loss=0.0003  pi_loss=-0.5707  reward_loss=0.0250  total_loss=0.0384  value_loss=0.3033
  update  26500/500000: consistency_loss=0.0003  pi_loss=-0.5870  reward_loss=0.0346  total_loss=0.0401  value_loss=0.3045
  update  27000/500000: consistency_loss=0.0003  pi_loss=-0.5762  reward_loss=0.0121  total_loss=0.0379  value_loss=0.3144
  update  27500/500000: consistency_loss=0.0003  pi_loss=-0.6306  reward_loss=0.0375  total_loss=0.0409  value_loss=0.3108
  update  28000/500000: consistency_loss=0.0003  pi_loss=-0.4445  reward_loss=0.0271  total_loss=0.0404  value_loss=0.3119
  update  28500/500000: consistency_loss=0.0002  pi_loss=-0.4443  reward_loss=0.0229  total_loss=0.0391  value_loss=0.3188
  update  29000/500000: consistency_loss=0.0003  pi_loss=-0.4719  reward_loss=0.0311  total_loss=0.0393  value_loss=0.3121
  update  29500/500000: consistency_loss=0.0002  pi_loss=-0.4669  reward_loss=0.0254  total_loss=0.0396  value_loss=0.3222
  update  30000/500000: consistency_loss=0.0003  pi_loss=-0.4982  reward_loss=0.0349  total_loss=0.0406  value_loss=0.3179
  update  30500/500000: consistency_loss=0.0003  pi_loss=-0.5502  reward_loss=0.0473  total_loss=0.0407  value_loss=0.3037
  update  31000/500000: consistency_loss=0.0002  pi_loss=-0.5700  reward_loss=0.0241  total_loss=0.0382  value_loss=0.3080
  update  31500/500000: consistency_loss=0.0002  pi_loss=-0.6047  reward_loss=0.0342  total_loss=0.0369  value_loss=0.2855
  update  32000/500000: consistency_loss=0.0002  pi_loss=-0.6579  reward_loss=0.0307  total_loss=0.0383  value_loss=0.3066
  update  32500/500000: consistency_loss=0.0002  pi_loss=-0.6621  reward_loss=0.0190  total_loss=0.0344  value_loss=0.2825
  update  33000/500000: consistency_loss=0.0002  pi_loss=-0.6302  reward_loss=0.0282  total_loss=0.0371  value_loss=0.2956
  update  33500/500000: consistency_loss=0.0002  pi_loss=-0.5952  reward_loss=0.0130  total_loss=0.0349  value_loss=0.2955
  update  34000/500000: consistency_loss=0.0002  pi_loss=-0.5978  reward_loss=0.0266  total_loss=0.0366  value_loss=0.2925
  update  34500/500000: consistency_loss=0.0002  pi_loss=-0.5570  reward_loss=0.0167  total_loss=0.0347  value_loss=0.2815
  update  35000/500000: consistency_loss=0.0002  pi_loss=-0.6067  reward_loss=0.0435  total_loss=0.0382  value_loss=0.2905
  update  35500/500000: consistency_loss=0.0002  pi_loss=-0.6208  reward_loss=0.0378  total_loss=0.0365  value_loss=0.2858
  update  36000/500000: consistency_loss=0.0002  pi_loss=-0.6321  reward_loss=0.0295  total_loss=0.0366  value_loss=0.2939
  update  36500/500000: consistency_loss=0.0002  pi_loss=-0.6795  reward_loss=0.0231  total_loss=0.0361  value_loss=0.2909
  update  37000/500000: consistency_loss=0.0002  pi_loss=-0.7363  reward_loss=0.0187  total_loss=0.0355  value_loss=0.2919
  update  37500/500000: consistency_loss=0.0002  pi_loss=-0.7520  reward_loss=0.0307  total_loss=0.0345  value_loss=0.2755
  update  38000/500000: consistency_loss=0.0002  pi_loss=-0.7672  reward_loss=0.0316  total_loss=0.0355  value_loss=0.2760
  update  38500/500000: consistency_loss=0.0002  pi_loss=-0.7784  reward_loss=0.0293  total_loss=0.0335  value_loss=0.2674
  update  39000/500000: consistency_loss=0.0002  pi_loss=-0.8008  reward_loss=0.0273  total_loss=0.0359  value_loss=0.2893
  update  39500/500000: consistency_loss=0.0002  pi_loss=-0.7946  reward_loss=0.0201  total_loss=0.0347  value_loss=0.2863
  update  40000/500000: consistency_loss=0.0002  pi_loss=-0.8376  reward_loss=0.0310  total_loss=0.0372  value_loss=0.2976
  update  40500/500000: consistency_loss=0.0002  pi_loss=-0.8673  reward_loss=0.0253  total_loss=0.0374  value_loss=0.3092
  update  41000/500000: consistency_loss=0.0002  pi_loss=-0.8904  reward_loss=0.0290  total_loss=0.0366  value_loss=0.2969
  update  41500/500000: consistency_loss=0.0002  pi_loss=-0.9263  reward_loss=0.0295  total_loss=0.0377  value_loss=0.3043
  update  42000/500000: consistency_loss=0.0002  pi_loss=-0.9568  reward_loss=0.0279  total_loss=0.0375  value_loss=0.3073
  update  42500/500000: consistency_loss=0.0002  pi_loss=-0.9787  reward_loss=0.0231  total_loss=0.0367  value_loss=0.3035
  update  43000/500000: consistency_loss=0.0002  pi_loss=-0.9616  reward_loss=0.0182  total_loss=0.0358  value_loss=0.3035
  update  43500/500000: consistency_loss=0.0002  pi_loss=-0.9672  reward_loss=0.0250  total_loss=0.0352  value_loss=0.2889
  update  44000/500000: consistency_loss=0.0002  pi_loss=-0.9988  reward_loss=0.0400  total_loss=0.0393  value_loss=0.3168
  update  44500/500000: consistency_loss=0.0002  pi_loss=-1.0081  reward_loss=0.0214  total_loss=0.0388  value_loss=0.3265
  update  45000/500000: consistency_loss=0.0002  pi_loss=-1.0293  reward_loss=0.0313  total_loss=0.0396  value_loss=0.3203
  update  45500/500000: consistency_loss=0.0002  pi_loss=-1.0204  reward_loss=0.0283  total_loss=0.0393  value_loss=0.3275
  update  46000/500000: consistency_loss=0.0002  pi_loss=-1.0243  reward_loss=0.0276  total_loss=0.0402  value_loss=0.3286
  update  46500/500000: consistency_loss=0.0002  pi_loss=-0.9357  reward_loss=0.0275  total_loss=0.0380  value_loss=0.3142
  update  47000/500000: consistency_loss=0.0002  pi_loss=-0.8291  reward_loss=0.0324  total_loss=0.0366  value_loss=0.3014
  update  47500/500000: consistency_loss=0.0002  pi_loss=-0.8294  reward_loss=0.0310  total_loss=0.0368  value_loss=0.3011
  update  48000/500000: consistency_loss=0.0002  pi_loss=-0.8144  reward_loss=0.0275  total_loss=0.0379  value_loss=0.3132
  update  48500/500000: consistency_loss=0.0002  pi_loss=-0.8336  reward_loss=0.0143  total_loss=0.0341  value_loss=0.2876
  update  49000/500000: consistency_loss=0.0002  pi_loss=-0.8498  reward_loss=0.0348  total_loss=0.0337  value_loss=0.2709
  update  49500/500000: consistency_loss=0.0002  pi_loss=-0.8577  reward_loss=0.0140  total_loss=0.0319  value_loss=0.2668
  update  50000/500000: consistency_loss=0.0002  pi_loss=-0.8751  reward_loss=0.0387  total_loss=0.0337  value_loss=0.2576
  update  50500/500000: consistency_loss=0.0002  pi_loss=-0.8893  reward_loss=0.0358  total_loss=0.0340  value_loss=0.2714
  update  51000/500000: consistency_loss=0.0002  pi_loss=-0.9028  reward_loss=0.0318  total_loss=0.0361  value_loss=0.2924
  update  51500/500000: consistency_loss=0.0002  pi_loss=-0.9088  reward_loss=0.0261  total_loss=0.0341  value_loss=0.2788
  update  52000/500000: consistency_loss=0.0002  pi_loss=-0.9132  reward_loss=0.0278  total_loss=0.0357  value_loss=0.2946
  update  52500/500000: consistency_loss=0.0002  pi_loss=-0.9156  reward_loss=0.0391  total_loss=0.0355  value_loss=0.2824
  update  53000/500000: consistency_loss=0.0002  pi_loss=-0.9076  reward_loss=0.0262  total_loss=0.0353  value_loss=0.2919
  update  53500/500000: consistency_loss=0.0002  pi_loss=-0.9303  reward_loss=0.0250  total_loss=0.0354  value_loss=0.2975
  update  54000/500000: consistency_loss=0.0002  pi_loss=-0.9446  reward_loss=0.0206  total_loss=0.0356  value_loss=0.3003
  update  54500/500000: consistency_loss=0.0002  pi_loss=-0.9975  reward_loss=0.0274  total_loss=0.0377  value_loss=0.3129
  update  55000/500000: consistency_loss=0.0002  pi_loss=-1.0282  reward_loss=0.0268  total_loss=0.0385  value_loss=0.3214
  update  55500/500000: consistency_loss=0.0002  pi_loss=-1.1089  reward_loss=0.0400  total_loss=0.0390  value_loss=0.3120
  update  56000/500000: consistency_loss=0.0001  pi_loss=-1.1787  reward_loss=0.0234  total_loss=0.0375  value_loss=0.3234
  update  56500/500000: consistency_loss=0.0002  pi_loss=-1.2088  reward_loss=0.0108  total_loss=0.0370  value_loss=0.3248
  update  57000/500000: consistency_loss=0.0002  pi_loss=-1.2367  reward_loss=0.0322  total_loss=0.0383  value_loss=0.3098
  update  57500/500000: consistency_loss=0.0002  pi_loss=-1.2395  reward_loss=0.0170  total_loss=0.0382  value_loss=0.3346
  update  58000/500000: consistency_loss=0.0002  pi_loss=-1.2618  reward_loss=0.0244  total_loss=0.0366  value_loss=0.3088
  update  58500/500000: consistency_loss=0.0002  pi_loss=-1.2727  reward_loss=0.0277  total_loss=0.0371  value_loss=0.3097
  update  59000/500000: consistency_loss=0.0002  pi_loss=-1.3062  reward_loss=0.0275  total_loss=0.0368  value_loss=0.3093
  update  59500/500000: consistency_loss=0.0002  pi_loss=-1.3727  reward_loss=0.0255  total_loss=0.0367  value_loss=0.3036
  update  60000/500000: consistency_loss=0.0001  pi_loss=-1.3773  reward_loss=0.0305  total_loss=0.0356  value_loss=0.2973
  update  60500/500000: consistency_loss=0.0002  pi_loss=-1.3892  reward_loss=0.0266  total_loss=0.0373  value_loss=0.3151
  update  61000/500000: consistency_loss=0.0002  pi_loss=-1.3796  reward_loss=0.0312  total_loss=0.0383  value_loss=0.3147
  update  61500/500000: consistency_loss=0.0002  pi_loss=-1.3394  reward_loss=0.0197  total_loss=0.0370  value_loss=0.3168
  update  62000/500000: consistency_loss=0.0002  pi_loss=-1.3075  reward_loss=0.0311  total_loss=0.0374  value_loss=0.3124
  update  62500/500000: consistency_loss=0.0002  pi_loss=-1.2580  reward_loss=0.0305  total_loss=0.0380  value_loss=0.3183
  update  63000/500000: consistency_loss=0.0002  pi_loss=-1.2376  reward_loss=0.0262  total_loss=0.0362  value_loss=0.3034
  update  63500/500000: consistency_loss=0.0002  pi_loss=-1.1773  reward_loss=0.0212  total_loss=0.0372  value_loss=0.3161
  update  64000/500000: consistency_loss=0.0002  pi_loss=-1.1098  reward_loss=0.0247  total_loss=0.0373  value_loss=0.3175
  update  64500/500000: consistency_loss=0.0002  pi_loss=-1.0828  reward_loss=0.0210  total_loss=0.0364  value_loss=0.3085
  update  65000/500000: consistency_loss=0.0001  pi_loss=-1.0184  reward_loss=0.0242  total_loss=0.0355  value_loss=0.3009
  update  65500/500000: consistency_loss=0.0002  pi_loss=-1.0605  reward_loss=0.0365  total_loss=0.0364  value_loss=0.2960
  update  66000/500000: consistency_loss=0.0001  pi_loss=-1.0848  reward_loss=0.0256  total_loss=0.0349  value_loss=0.2951
  update  66500/500000: consistency_loss=0.0002  pi_loss=-1.0703  reward_loss=0.0266  total_loss=0.0363  value_loss=0.3052
  update  67000/500000: consistency_loss=0.0001  pi_loss=-1.0591  reward_loss=0.0163  total_loss=0.0351  value_loss=0.3055
  update  67500/500000: consistency_loss=0.0001  pi_loss=-1.0340  reward_loss=0.0184  total_loss=0.0351  value_loss=0.3031
  update  68000/500000: consistency_loss=0.0002  pi_loss=-1.0594  reward_loss=0.0376  total_loss=0.0369  value_loss=0.2995
  update  68500/500000: consistency_loss=0.0002  pi_loss=-1.0279  reward_loss=0.0153  total_loss=0.0362  value_loss=0.3109
  update  69000/500000: consistency_loss=0.0001  pi_loss=-1.0357  reward_loss=0.0234  total_loss=0.0347  value_loss=0.2969
  update  69500/500000: consistency_loss=0.0002  pi_loss=-1.0656  reward_loss=0.0268  total_loss=0.0357  value_loss=0.2946
  update  70000/500000: consistency_loss=0.0002  pi_loss=-1.0656  reward_loss=0.0389  total_loss=0.0383  value_loss=0.3086
  update  70500/500000: consistency_loss=0.0002  pi_loss=-1.0849  reward_loss=0.0313  total_loss=0.0366  value_loss=0.3014
  update  71000/500000: consistency_loss=0.0002  pi_loss=-1.0867  reward_loss=0.0152  total_loss=0.0348  value_loss=0.3023
  update  71500/500000: consistency_loss=0.0002  pi_loss=-1.1300  reward_loss=0.0197  total_loss=0.0343  value_loss=0.2927
  update  72000/500000: consistency_loss=0.0001  pi_loss=-1.1364  reward_loss=0.0221  total_loss=0.0344  value_loss=0.2937
  update  72500/500000: consistency_loss=0.0001  pi_loss=-1.1659  reward_loss=0.0353  total_loss=0.0361  value_loss=0.2961
  update  73000/500000: consistency_loss=0.0002  pi_loss=-1.1693  reward_loss=0.0253  total_loss=0.0363  value_loss=0.3052
  update  73500/500000: consistency_loss=0.0002  pi_loss=-1.1536  reward_loss=0.0142  total_loss=0.0355  value_loss=0.3108
  update  74000/500000: consistency_loss=0.0001  pi_loss=-1.1942  reward_loss=0.0225  total_loss=0.0369  value_loss=0.3173
  update  74500/500000: consistency_loss=0.0002  pi_loss=-1.2122  reward_loss=0.0310  total_loss=0.0372  value_loss=0.3109
  update  75000/500000: consistency_loss=0.0001  pi_loss=-1.2815  reward_loss=0.0191  total_loss=0.0363  value_loss=0.3151
  update  75500/500000: consistency_loss=0.0002  pi_loss=-1.3567  reward_loss=0.0266  total_loss=0.0374  value_loss=0.3164
  update  76000/500000: consistency_loss=0.0002  pi_loss=-1.3661  reward_loss=0.0270  total_loss=0.0388  value_loss=0.3291
  update  76500/500000: consistency_loss=0.0001  pi_loss=-1.4044  reward_loss=0.0188  total_loss=0.0383  value_loss=0.3367
  update  77000/500000: consistency_loss=0.0002  pi_loss=-1.4317  reward_loss=0.0217  total_loss=0.0377  value_loss=0.3234
  update  77500/500000: consistency_loss=0.0002  pi_loss=-1.4393  reward_loss=0.0263  total_loss=0.0381  value_loss=0.3232
  update  78000/500000: consistency_loss=0.0002  pi_loss=-1.4736  reward_loss=0.0203  total_loss=0.0383  value_loss=0.3312
  update  78500/500000: consistency_loss=0.0002  pi_loss=-1.5168  reward_loss=0.0270  total_loss=0.0383  value_loss=0.3242
  update  79000/500000: consistency_loss=0.0001  pi_loss=-1.2565  reward_loss=0.0188  total_loss=0.0356  value_loss=0.3076
  update  79500/500000: consistency_loss=0.0001  pi_loss=-1.2883  reward_loss=0.0246  total_loss=0.0344  value_loss=0.2916
  update  80000/500000: consistency_loss=0.0002  pi_loss=-1.2701  reward_loss=0.0191  total_loss=0.0371  value_loss=0.3219
  update  80500/500000: consistency_loss=0.0001  pi_loss=-1.3232  reward_loss=0.0279  total_loss=0.0367  value_loss=0.3132
  update  81000/500000: consistency_loss=0.0001  pi_loss=-1.5725  reward_loss=0.0207  total_loss=0.0364  value_loss=0.3162
  update  81500/500000: consistency_loss=0.0002  pi_loss=-1.6170  reward_loss=0.0315  total_loss=0.0371  value_loss=0.3068
  update  82000/500000: consistency_loss=0.0002  pi_loss=-1.6081  reward_loss=0.0270  total_loss=0.0380  value_loss=0.3213
  update  82500/500000: consistency_loss=0.0002  pi_loss=-1.6038  reward_loss=0.0239  total_loss=0.0361  value_loss=0.3064
  update  83000/500000: consistency_loss=0.0002  pi_loss=-1.6198  reward_loss=0.0282  total_loss=0.0371  value_loss=0.3130
  update  83500/500000: consistency_loss=0.0001  pi_loss=-1.3293  reward_loss=0.0217  total_loss=0.0375  value_loss=0.3262
  update  84000/500000: consistency_loss=0.0001  pi_loss=-1.3389  reward_loss=0.0372  total_loss=0.0378  value_loss=0.3129
  update  84500/500000: consistency_loss=0.0001  pi_loss=-1.3463  reward_loss=0.0202  total_loss=0.0387  value_loss=0.3391
  update  85000/500000: consistency_loss=0.0001  pi_loss=-1.3313  reward_loss=0.0256  total_loss=0.0380  value_loss=0.3242
  update  85500/500000: consistency_loss=0.0002  pi_loss=-1.3735  reward_loss=0.0366  total_loss=0.0400  value_loss=0.3305
  update  86000/500000: consistency_loss=0.0001  pi_loss=-1.3893  reward_loss=0.0346  total_loss=0.0370  value_loss=0.3071
  update  86500/500000: consistency_loss=0.0002  pi_loss=-1.4239  reward_loss=0.0343  total_loss=0.0384  value_loss=0.3186
  update  87000/500000: consistency_loss=0.0001  pi_loss=-1.4441  reward_loss=0.0286  total_loss=0.0379  value_loss=0.3228
  update  87500/500000: consistency_loss=0.0001  pi_loss=-1.4533  reward_loss=0.0205  total_loss=0.0381  value_loss=0.3326
  update  88000/500000: consistency_loss=0.0001  pi_loss=-1.4934  reward_loss=0.0164  total_loss=0.0360  value_loss=0.3172
  update  88500/500000: consistency_loss=0.0001  pi_loss=-1.5283  reward_loss=0.0203  total_loss=0.0358  value_loss=0.3125
  update  89000/500000: consistency_loss=0.0001  pi_loss=-1.5595  reward_loss=0.0304  total_loss=0.0375  value_loss=0.3161
  update  89500/500000: consistency_loss=0.0002  pi_loss=-1.6121  reward_loss=0.0289  total_loss=0.0376  value_loss=0.3162
  update  90000/500000: consistency_loss=0.0001  pi_loss=-1.5886  reward_loss=0.0230  total_loss=0.0357  value_loss=0.3055
  update  90500/500000: consistency_loss=0.0001  pi_loss=-1.6164  reward_loss=0.0175  total_loss=0.0345  value_loss=0.3035
  update  91000/500000: consistency_loss=0.0002  pi_loss=-1.6515  reward_loss=0.0234  total_loss=0.0361  value_loss=0.3069
  update  91500/500000: consistency_loss=0.0002  pi_loss=-1.6367  reward_loss=0.0253  total_loss=0.0366  value_loss=0.3100
  update  92000/500000: consistency_loss=0.0002  pi_loss=-1.6239  reward_loss=0.0219  total_loss=0.0377  value_loss=0.3237
  update  92500/500000: consistency_loss=0.0002  pi_loss=-1.6257  reward_loss=0.0277  total_loss=0.0365  value_loss=0.3074
  update  93000/500000: consistency_loss=0.0001  pi_loss=-1.6200  reward_loss=0.0261  total_loss=0.0369  value_loss=0.3154
  update  93500/500000: consistency_loss=0.0001  pi_loss=-1.6057  reward_loss=0.0249  total_loss=0.0360  value_loss=0.3108
  update  94000/500000: consistency_loss=0.0001  pi_loss=-1.7535  reward_loss=0.0226  total_loss=0.0338  value_loss=0.2894
  update  94500/500000: consistency_loss=0.0001  pi_loss=-1.7530  reward_loss=0.0248  total_loss=0.0336  value_loss=0.2869
  update  95000/500000: consistency_loss=0.0001  pi_loss=-1.7474  reward_loss=0.0259  total_loss=0.0329  value_loss=0.2773
  update  95500/500000: consistency_loss=0.0001  pi_loss=-1.7781  reward_loss=0.0284  total_loss=0.0328  value_loss=0.2712
  update  96000/500000: consistency_loss=0.0002  pi_loss=-1.7910  reward_loss=0.0242  total_loss=0.0331  value_loss=0.2761
  update  96500/500000: consistency_loss=0.0001  pi_loss=-1.8177  reward_loss=0.0330  total_loss=0.0323  value_loss=0.2623
  update  97000/500000: consistency_loss=0.0001  pi_loss=-1.8052  reward_loss=0.0100  total_loss=0.0320  value_loss=0.2813
  update  97500/500000: consistency_loss=0.0001  pi_loss=-1.8007  reward_loss=0.0216  total_loss=0.0298  value_loss=0.2482
  update  98000/500000: consistency_loss=0.0001  pi_loss=-1.7916  reward_loss=0.0156  total_loss=0.0307  value_loss=0.2642
  update  98500/500000: consistency_loss=0.0001  pi_loss=-1.7820  reward_loss=0.0197  total_loss=0.0316  value_loss=0.2678
  update  99000/500000: consistency_loss=0.0001  pi_loss=-1.7831  reward_loss=0.0288  total_loss=0.0333  value_loss=0.2794
  update  99500/500000: consistency_loss=0.0001  pi_loss=-1.8049  reward_loss=0.0290  total_loss=0.0348  value_loss=0.2902
  update 100000/500000: consistency_loss=0.0001  pi_loss=-1.7508  reward_loss=0.0248  total_loss=0.0343  value_loss=0.2915
Saved checkpoint at update 100000
  update 100500/500000: consistency_loss=0.0001  pi_loss=-1.7518  reward_loss=0.0245  total_loss=0.0339  value_loss=0.2860
  update 101000/500000: consistency_loss=0.0001  pi_loss=-1.7510  reward_loss=0.0241  total_loss=0.0345  value_loss=0.2939
  update 101500/500000: consistency_loss=0.0001  pi_loss=-1.7458  reward_loss=0.0256  total_loss=0.0341  value_loss=0.2871
  update 102000/500000: consistency_loss=0.0001  pi_loss=-1.7450  reward_loss=0.0189  total_loss=0.0324  value_loss=0.2793
  update 102500/500000: consistency_loss=0.0001  pi_loss=-1.7522  reward_loss=0.0237  total_loss=0.0336  value_loss=0.2853
  update 103000/500000: consistency_loss=0.0001  pi_loss=-1.7644  reward_loss=0.0095  total_loss=0.0336  value_loss=0.2985
  update 103500/500000: consistency_loss=0.0001  pi_loss=-1.7664  reward_loss=0.0211  total_loss=0.0327  value_loss=0.2790
  update 104000/500000: consistency_loss=0.0001  pi_loss=-1.7989  reward_loss=0.0306  total_loss=0.0321  value_loss=0.2646
  update 104500/500000: consistency_loss=0.0001  pi_loss=-1.8061  reward_loss=0.0229  total_loss=0.0325  value_loss=0.2756
  update 105000/500000: consistency_loss=0.0001  pi_loss=-1.8247  reward_loss=0.0193  total_loss=0.0317  value_loss=0.2727
  update 105500/500000: consistency_loss=0.0001  pi_loss=-1.8513  reward_loss=0.0294  total_loss=0.0314  value_loss=0.2587
  update 106000/500000: consistency_loss=0.0001  pi_loss=-1.8153  reward_loss=0.0244  total_loss=0.0315  value_loss=0.2635
  update 106500/500000: consistency_loss=0.0001  pi_loss=-1.8326  reward_loss=0.0195  total_loss=0.0319  value_loss=0.2738
  update 107000/500000: consistency_loss=0.0001  pi_loss=-1.8097  reward_loss=0.0096  total_loss=0.0308  value_loss=0.2724
  update 107500/500000: consistency_loss=0.0001  pi_loss=-1.8287  reward_loss=0.0313  total_loss=0.0323  value_loss=0.2673
  update 108000/500000: consistency_loss=0.0001  pi_loss=-1.8149  reward_loss=0.0183  total_loss=0.0317  value_loss=0.2763
  update 108500/500000: consistency_loss=0.0001  pi_loss=-1.8383  reward_loss=0.0213  total_loss=0.0311  value_loss=0.2644
  update 109000/500000: consistency_loss=0.0001  pi_loss=-1.8367  reward_loss=0.0230  total_loss=0.0317  value_loss=0.2691
  update 109500/500000: consistency_loss=0.0001  pi_loss=-1.8248  reward_loss=0.0247  total_loss=0.0302  value_loss=0.2527
  update 110000/500000: consistency_loss=0.0001  pi_loss=-1.8190  reward_loss=0.0282  total_loss=0.0309  value_loss=0.2553
  update 110500/500000: consistency_loss=0.0001  pi_loss=-1.8157  reward_loss=0.0300  total_loss=0.0311  value_loss=0.2524
  update 111000/500000: consistency_loss=0.0001  pi_loss=-1.8163  reward_loss=0.0272  total_loss=0.0297  value_loss=0.2453
  update 111500/500000: consistency_loss=0.0002  pi_loss=-1.8157  reward_loss=0.0176  total_loss=0.0299  value_loss=0.2507
  update 112000/500000: consistency_loss=0.0001  pi_loss=-1.8184  reward_loss=0.0283  total_loss=0.0315  value_loss=0.2598
  update 112500/500000: consistency_loss=0.0001  pi_loss=-1.7883  reward_loss=0.0164  total_loss=0.0305  value_loss=0.2642
  update 113000/500000: consistency_loss=0.0002  pi_loss=-1.7610  reward_loss=0.0188  total_loss=0.0307  value_loss=0.2577
  update 113500/500000: consistency_loss=0.0001  pi_loss=-1.7853  reward_loss=0.0366  total_loss=0.0322  value_loss=0.2585
  update 114000/500000: consistency_loss=0.0001  pi_loss=-1.7820  reward_loss=0.0255  total_loss=0.0306  value_loss=0.2556
  update 114500/500000: consistency_loss=0.0001  pi_loss=-1.7754  reward_loss=0.0263  total_loss=0.0311  value_loss=0.2594
  update 115000/500000: consistency_loss=0.0001  pi_loss=-1.7571  reward_loss=0.0307  total_loss=0.0309  value_loss=0.2555
  update 115500/500000: consistency_loss=0.0001  pi_loss=-1.7405  reward_loss=0.0292  total_loss=0.0302  value_loss=0.2490
  update 116000/500000: consistency_loss=0.0001  pi_loss=-1.7328  reward_loss=0.0166  total_loss=0.0291  value_loss=0.2482
  update 116500/500000: consistency_loss=0.0001  pi_loss=-1.7342  reward_loss=0.0179  total_loss=0.0308  value_loss=0.2612
  update 117000/500000: consistency_loss=0.0001  pi_loss=-1.7383  reward_loss=0.0282  total_loss=0.0318  value_loss=0.2604
  update 117500/500000: consistency_loss=0.0001  pi_loss=-1.7359  reward_loss=0.0286  total_loss=0.0298  value_loss=0.2475
  update 118000/500000: consistency_loss=0.0001  pi_loss=-1.7207  reward_loss=0.0163  total_loss=0.0290  value_loss=0.2502
  update 118500/500000: consistency_loss=0.0001  pi_loss=-1.7268  reward_loss=0.0275  total_loss=0.0299  value_loss=0.2472
  update 119000/500000: consistency_loss=0.0002  pi_loss=-1.6657  reward_loss=0.0185  total_loss=0.0317  value_loss=0.2685
  update 119500/500000: consistency_loss=0.0001  pi_loss=-1.5637  reward_loss=0.0190  total_loss=0.0285  value_loss=0.2417
  update 120000/500000: consistency_loss=0.0001  pi_loss=-1.5116  reward_loss=0.0159  total_loss=0.0288  value_loss=0.2448
  update 120500/500000: consistency_loss=0.0001  pi_loss=-1.4424  reward_loss=0.0332  total_loss=0.0312  value_loss=0.2511
  update 121000/500000: consistency_loss=0.0001  pi_loss=-1.3962  reward_loss=0.0208  total_loss=0.0311  value_loss=0.2647
  update 121500/500000: consistency_loss=0.0001  pi_loss=-1.3688  reward_loss=0.0159  total_loss=0.0302  value_loss=0.2619
  update 122000/500000: consistency_loss=0.0001  pi_loss=-1.3698  reward_loss=0.0253  total_loss=0.0313  value_loss=0.2654
  update 122500/500000: consistency_loss=0.0001  pi_loss=-1.3672  reward_loss=0.0336  total_loss=0.0294  value_loss=0.2363
  update 123000/500000: consistency_loss=0.0001  pi_loss=-1.3406  reward_loss=0.0303  total_loss=0.0318  value_loss=0.2630
  update 123500/500000: consistency_loss=0.0001  pi_loss=-1.3316  reward_loss=0.0325  total_loss=0.0317  value_loss=0.2590
  update 124000/500000: consistency_loss=0.0001  pi_loss=-1.3292  reward_loss=0.0352  total_loss=0.0326  value_loss=0.2669
  update 124500/500000: consistency_loss=0.0001  pi_loss=-1.3350  reward_loss=0.0259  total_loss=0.0317  value_loss=0.2660
  update 125000/500000: consistency_loss=0.0001  pi_loss=-1.3437  reward_loss=0.0233  total_loss=0.0333  value_loss=0.2804
  update 125500/500000: consistency_loss=0.0001  pi_loss=-1.3408  reward_loss=0.0158  total_loss=0.0314  value_loss=0.2714
  update 126000/500000: consistency_loss=0.0001  pi_loss=-1.3260  reward_loss=0.0240  total_loss=0.0327  value_loss=0.2769
  update 126500/500000: consistency_loss=0.0001  pi_loss=-1.2956  reward_loss=0.0201  total_loss=0.0307  value_loss=0.2586
  update 127000/500000: consistency_loss=0.0001  pi_loss=-1.2974  reward_loss=0.0276  total_loss=0.0317  value_loss=0.2669
  update 127500/500000: consistency_loss=0.0001  pi_loss=-1.2509  reward_loss=0.0313  total_loss=0.0329  value_loss=0.2720
  update 128000/500000: consistency_loss=0.0001  pi_loss=-1.2195  reward_loss=0.0197  total_loss=0.0338  value_loss=0.2933
  update 128500/500000: consistency_loss=0.0002  pi_loss=-1.2115  reward_loss=0.0518  total_loss=0.0362  value_loss=0.2764
  update 129000/500000: consistency_loss=0.0001  pi_loss=-1.1855  reward_loss=0.0172  total_loss=0.0318  value_loss=0.2772
  update 129500/500000: consistency_loss=0.0001  pi_loss=-1.1832  reward_loss=0.0326  total_loss=0.0338  value_loss=0.2806
  update 130000/500000: consistency_loss=0.0001  pi_loss=-1.1584  reward_loss=0.0209  total_loss=0.0340  value_loss=0.2928
  update 130500/500000: consistency_loss=0.0001  pi_loss=-1.1304  reward_loss=0.0203  total_loss=0.0347  value_loss=0.3011
  update 131000/500000: consistency_loss=0.0001  pi_loss=-1.0995  reward_loss=0.0115  total_loss=0.0342  value_loss=0.3118
  update 131500/500000: consistency_loss=0.0001  pi_loss=-1.1270  reward_loss=0.0217  total_loss=0.0352  value_loss=0.3067
  update 132000/500000: consistency_loss=0.0001  pi_loss=-1.1335  reward_loss=0.0188  total_loss=0.0340  value_loss=0.2974
  update 132500/500000: consistency_loss=0.0001  pi_loss=-1.1874  reward_loss=0.0246  total_loss=0.0353  value_loss=0.3054
  update 133000/500000: consistency_loss=0.0001  pi_loss=-1.2131  reward_loss=0.0281  total_loss=0.0348  value_loss=0.2985
  update 133500/500000: consistency_loss=0.0001  pi_loss=-1.2332  reward_loss=0.0279  total_loss=0.0358  value_loss=0.3079
  update 134000/500000: consistency_loss=0.0001  pi_loss=-1.2261  reward_loss=0.0285  total_loss=0.0342  value_loss=0.2927
  update 134500/500000: consistency_loss=0.0001  pi_loss=-1.1888  reward_loss=0.0200  total_loss=0.0336  value_loss=0.2933
  update 135000/500000: consistency_loss=0.0001  pi_loss=-1.1645  reward_loss=0.0174  total_loss=0.0323  value_loss=0.2834
  update 135500/500000: consistency_loss=0.0001  pi_loss=-1.2056  reward_loss=0.0278  total_loss=0.0358  value_loss=0.3057
  update 136000/500000: consistency_loss=0.0001  pi_loss=-1.2097  reward_loss=0.0341  total_loss=0.0345  value_loss=0.2844
  update 136500/500000: consistency_loss=0.0001  pi_loss=-1.2126  reward_loss=0.0173  total_loss=0.0326  value_loss=0.2859
  update 137000/500000: consistency_loss=0.0001  pi_loss=-1.2139  reward_loss=0.0205  total_loss=0.0335  value_loss=0.2927
  update 137500/500000: consistency_loss=0.0001  pi_loss=-1.1976  reward_loss=0.0199  total_loss=0.0320  value_loss=0.2804
  update 138000/500000: consistency_loss=0.0001  pi_loss=-1.2038  reward_loss=0.0281  total_loss=0.0330  value_loss=0.2804
  update 138500/500000: consistency_loss=0.0001  pi_loss=-1.1833  reward_loss=0.0164  total_loss=0.0322  value_loss=0.2841
  update 139000/500000: consistency_loss=0.0001  pi_loss=-1.1844  reward_loss=0.0184  total_loss=0.0328  value_loss=0.2883
  update 139500/500000: consistency_loss=0.0001  pi_loss=-1.1662  reward_loss=0.0127  total_loss=0.0317  value_loss=0.2800
  update 140000/500000: consistency_loss=0.0001  pi_loss=-1.1876  reward_loss=0.0166  total_loss=0.0335  value_loss=0.2946
  update 140500/500000: consistency_loss=0.0001  pi_loss=-1.1616  reward_loss=0.0144  total_loss=0.0323  value_loss=0.2900
  update 141000/500000: consistency_loss=0.0001  pi_loss=-1.1597  reward_loss=0.0187  total_loss=0.0334  value_loss=0.2951
  update 141500/500000: consistency_loss=0.0001  pi_loss=-1.1459  reward_loss=0.0182  total_loss=0.0328  value_loss=0.2874
  update 142000/500000: consistency_loss=0.0001  pi_loss=-1.1280  reward_loss=0.0208  total_loss=0.0321  value_loss=0.2797
  update 142500/500000: consistency_loss=0.0001  pi_loss=-1.1577  reward_loss=0.0280  total_loss=0.0350  value_loss=0.2969
  update 143000/500000: consistency_loss=0.0001  pi_loss=-1.1834  reward_loss=0.0222  total_loss=0.0339  value_loss=0.2938
  update 143500/500000: consistency_loss=0.0001  pi_loss=-1.1639  reward_loss=0.0307  total_loss=0.0338  value_loss=0.2861
  update 144000/500000: consistency_loss=0.0001  pi_loss=-1.1915  reward_loss=0.0262  total_loss=0.0344  value_loss=0.2914
  update 144500/500000: consistency_loss=0.0001  pi_loss=-1.1527  reward_loss=0.0261  total_loss=0.0336  value_loss=0.2917
  update 145000/500000: consistency_loss=0.0001  pi_loss=-1.1779  reward_loss=0.0248  total_loss=0.0342  value_loss=0.2894
  update 145500/500000: consistency_loss=0.0001  pi_loss=-1.1517  reward_loss=0.0188  total_loss=0.0340  value_loss=0.2984
  update 146000/500000: consistency_loss=0.0001  pi_loss=-1.1343  reward_loss=0.0236  total_loss=0.0338  value_loss=0.2908
  update 146500/500000: consistency_loss=0.0001  pi_loss=-1.1419  reward_loss=0.0225  total_loss=0.0339  value_loss=0.2961
  update 147000/500000: consistency_loss=0.0001  pi_loss=-1.1580  reward_loss=0.0399  total_loss=0.0331  value_loss=0.2739
  update 147500/500000: consistency_loss=0.0001  pi_loss=-1.1423  reward_loss=0.0149  total_loss=0.0312  value_loss=0.2758
  update 148000/500000: consistency_loss=0.0001  pi_loss=-1.1532  reward_loss=0.0274  total_loss=0.0330  value_loss=0.2800
  update 148500/500000: consistency_loss=0.0001  pi_loss=-1.1467  reward_loss=0.0349  total_loss=0.0349  value_loss=0.2915
  update 149000/500000: consistency_loss=0.0001  pi_loss=-1.1376  reward_loss=0.0344  total_loss=0.0352  value_loss=0.2910
  update 149500/500000: consistency_loss=0.0001  pi_loss=-1.1183  reward_loss=0.0238  total_loss=0.0333  value_loss=0.2885
  update 150000/500000: consistency_loss=0.0001  pi_loss=-1.1121  reward_loss=0.0203  total_loss=0.0322  value_loss=0.2804
  update 150500/500000: consistency_loss=0.0001  pi_loss=-1.1117  reward_loss=0.0183  total_loss=0.0314  value_loss=0.2759
  update 151000/500000: consistency_loss=0.0001  pi_loss=-1.1088  reward_loss=0.0180  total_loss=0.0318  value_loss=0.2760
  update 151500/500000: consistency_loss=0.0001  pi_loss=-1.0935  reward_loss=0.0209  total_loss=0.0333  value_loss=0.2927
  update 152000/500000: consistency_loss=0.0001  pi_loss=-1.1073  reward_loss=0.0254  total_loss=0.0336  value_loss=0.2890
  update 152500/500000: consistency_loss=0.0001  pi_loss=-1.1163  reward_loss=0.0215  total_loss=0.0350  value_loss=0.3053
  update 153000/500000: consistency_loss=0.0001  pi_loss=-1.1004  reward_loss=0.0318  total_loss=0.0342  value_loss=0.2871
  update 153500/500000: consistency_loss=0.0001  pi_loss=-1.1153  reward_loss=0.0152  total_loss=0.0319  value_loss=0.2838
  update 154000/500000: consistency_loss=0.0001  pi_loss=-1.1218  reward_loss=0.0204  total_loss=0.0340  value_loss=0.2974
  update 154500/500000: consistency_loss=0.0001  pi_loss=-1.1097  reward_loss=0.0253  total_loss=0.0331  value_loss=0.2835
  update 155000/500000: consistency_loss=0.0001  pi_loss=-1.1371  reward_loss=0.0204  total_loss=0.0337  value_loss=0.2975
  update 155500/500000: consistency_loss=0.0001  pi_loss=-1.1424  reward_loss=0.0285  total_loss=0.0350  value_loss=0.2988
  update 156000/500000: consistency_loss=0.0001  pi_loss=-1.1576  reward_loss=0.0211  total_loss=0.0343  value_loss=0.3007
  update 156500/500000: consistency_loss=0.0001  pi_loss=-1.1575  reward_loss=0.0275  total_loss=0.0360  value_loss=0.3111
  update 157000/500000: consistency_loss=0.0001  pi_loss=-1.1562  reward_loss=0.0097  total_loss=0.0339  value_loss=0.3079
  update 157500/500000: consistency_loss=0.0001  pi_loss=-1.1754  reward_loss=0.0279  total_loss=0.0352  value_loss=0.2973
  update 158000/500000: consistency_loss=0.0001  pi_loss=-1.1650  reward_loss=0.0210  total_loss=0.0354  value_loss=0.3072
  update 158500/500000: consistency_loss=0.0001  pi_loss=-1.1452  reward_loss=0.0126  total_loss=0.0340  value_loss=0.3071
  update 159000/500000: consistency_loss=0.0001  pi_loss=-1.1540  reward_loss=0.0172  total_loss=0.0357  value_loss=0.3178
  update 159500/500000: consistency_loss=0.0001  pi_loss=-1.1227  reward_loss=0.0285  total_loss=0.0363  value_loss=0.3123
  update 160000/500000: consistency_loss=0.0001  pi_loss=-1.1172  reward_loss=0.0242  total_loss=0.0359  value_loss=0.3113
  update 160500/500000: consistency_loss=0.0001  pi_loss=-1.0994  reward_loss=0.0131  total_loss=0.0352  value_loss=0.3200
  update 161000/500000: consistency_loss=0.0001  pi_loss=-1.0923  reward_loss=0.0316  total_loss=0.0372  value_loss=0.3151
  update 161500/500000: consistency_loss=0.0001  pi_loss=-1.0802  reward_loss=0.0262  total_loss=0.0366  value_loss=0.3173
  update 162000/500000: consistency_loss=0.0001  pi_loss=-1.0901  reward_loss=0.0306  total_loss=0.0366  value_loss=0.3140
  update 162500/500000: consistency_loss=0.0001  pi_loss=-1.0966  reward_loss=0.0174  total_loss=0.0349  value_loss=0.3109
  update 163000/500000: consistency_loss=0.0001  pi_loss=-1.0777  reward_loss=0.0246  total_loss=0.0347  value_loss=0.3017
  update 163500/500000: consistency_loss=0.0001  pi_loss=-1.0804  reward_loss=0.0272  total_loss=0.0369  value_loss=0.3204
  update 164000/500000: consistency_loss=0.0001  pi_loss=-1.0771  reward_loss=0.0256  total_loss=0.0358  value_loss=0.3107
  update 164500/500000: consistency_loss=0.0001  pi_loss=-1.0598  reward_loss=0.0180  total_loss=0.0347  value_loss=0.3085
  update 165000/500000: consistency_loss=0.0001  pi_loss=-1.0821  reward_loss=0.0133  total_loss=0.0335  value_loss=0.2996
  update 165500/500000: consistency_loss=0.0001  pi_loss=-1.0673  reward_loss=0.0190  total_loss=0.0325  value_loss=0.2861
  update 166000/500000: consistency_loss=0.0001  pi_loss=-1.0596  reward_loss=0.0247  total_loss=0.0337  value_loss=0.2927
  update 166500/500000: consistency_loss=0.0001  pi_loss=-1.0271  reward_loss=0.0218  total_loss=0.0349  value_loss=0.3061
  update 167000/500000: consistency_loss=0.0001  pi_loss=-1.0132  reward_loss=0.0182  total_loss=0.0363  value_loss=0.3234
  update 167500/500000: consistency_loss=0.0001  pi_loss=-1.0009  reward_loss=0.0212  total_loss=0.0343  value_loss=0.3022
  update 168000/500000: consistency_loss=0.0001  pi_loss=-1.0061  reward_loss=0.0203  total_loss=0.0359  value_loss=0.3165
  update 168500/500000: consistency_loss=0.0001  pi_loss=-1.0186  reward_loss=0.0173  total_loss=0.0355  value_loss=0.3184
  update 169000/500000: consistency_loss=0.0001  pi_loss=-1.0356  reward_loss=0.0181  total_loss=0.0367  value_loss=0.3282
  update 169500/500000: consistency_loss=0.0001  pi_loss=-1.0579  reward_loss=0.0176  total_loss=0.0364  value_loss=0.3283
  update 170000/500000: consistency_loss=0.0001  pi_loss=-1.0165  reward_loss=0.0195  total_loss=0.0363  value_loss=0.3254
  update 170500/500000: consistency_loss=0.0001  pi_loss=-0.9992  reward_loss=0.0232  total_loss=0.0374  value_loss=0.3287
  update 171000/500000: consistency_loss=0.0001  pi_loss=-0.9615  reward_loss=0.0139  total_loss=0.0358  value_loss=0.3208
  update 171500/500000: consistency_loss=0.0001  pi_loss=-0.9540  reward_loss=0.0325  total_loss=0.0365  value_loss=0.3093
  update 172000/500000: consistency_loss=0.0001  pi_loss=-0.9504  reward_loss=0.0312  total_loss=0.0356  value_loss=0.3025
  update 172500/500000: consistency_loss=0.0001  pi_loss=-0.9417  reward_loss=0.0220  total_loss=0.0351  value_loss=0.3097
  update 173000/500000: consistency_loss=0.0001  pi_loss=-0.9482  reward_loss=0.0157  total_loss=0.0342  value_loss=0.3061
  update 173500/500000: consistency_loss=0.0001  pi_loss=-0.9231  reward_loss=0.0259  total_loss=0.0361  value_loss=0.3151
  update 174000/500000: consistency_loss=0.0001  pi_loss=-0.9245  reward_loss=0.0134  total_loss=0.0351  value_loss=0.3191
  update 174500/500000: consistency_loss=0.0001  pi_loss=-0.9155  reward_loss=0.0219  total_loss=0.0345  value_loss=0.3007
  update 175000/500000: consistency_loss=0.0001  pi_loss=-0.8957  reward_loss=0.0185  total_loss=0.0352  value_loss=0.3120
  update 175500/500000: consistency_loss=0.0001  pi_loss=-0.9031  reward_loss=0.0201  total_loss=0.0352  value_loss=0.3133
  update 176000/500000: consistency_loss=0.0001  pi_loss=-0.9102  reward_loss=0.0146  total_loss=0.0349  value_loss=0.3122
  update 176500/500000: consistency_loss=0.0001  pi_loss=-0.9147  reward_loss=0.0196  total_loss=0.0361  value_loss=0.3201
  update 177000/500000: consistency_loss=0.0001  pi_loss=-0.9289  reward_loss=0.0269  total_loss=0.0358  value_loss=0.3146
  update 177500/500000: consistency_loss=0.0001  pi_loss=-0.9583  reward_loss=0.0304  total_loss=0.0352  value_loss=0.3038
  update 178000/500000: consistency_loss=0.0001  pi_loss=-0.9468  reward_loss=0.0201  total_loss=0.0354  value_loss=0.3114
  update 178500/500000: consistency_loss=0.0001  pi_loss=-0.9461  reward_loss=0.0243  total_loss=0.0357  value_loss=0.3110
  update 179000/500000: consistency_loss=0.0001  pi_loss=-0.9559  reward_loss=0.0267  total_loss=0.0359  value_loss=0.3113
  update 179500/500000: consistency_loss=0.0001  pi_loss=-0.9375  reward_loss=0.0196  total_loss=0.0343  value_loss=0.3059
  update 180000/500000: consistency_loss=0.0001  pi_loss=-0.9541  reward_loss=0.0141  total_loss=0.0344  value_loss=0.3061
  update 180500/500000: consistency_loss=0.0001  pi_loss=-0.9806  reward_loss=0.0257  total_loss=0.0352  value_loss=0.3066
  update 181000/500000: consistency_loss=0.0001  pi_loss=-1.0022  reward_loss=0.0311  total_loss=0.0365  value_loss=0.3136
  update 181500/500000: consistency_loss=0.0001  pi_loss=-0.9906  reward_loss=0.0135  total_loss=0.0332  value_loss=0.3020
  update 182000/500000: consistency_loss=0.0001  pi_loss=-1.0117  reward_loss=0.0144  total_loss=0.0340  value_loss=0.3020
  update 182500/500000: consistency_loss=0.0001  pi_loss=-1.0226  reward_loss=0.0205  total_loss=0.0345  value_loss=0.3051
  update 183000/500000: consistency_loss=0.0001  pi_loss=-1.0458  reward_loss=0.0186  total_loss=0.0351  value_loss=0.3148
  update 183500/500000: consistency_loss=0.0001  pi_loss=-1.0507  reward_loss=0.0266  total_loss=0.0362  value_loss=0.3126
  update 184000/500000: consistency_loss=0.0001  pi_loss=-1.0695  reward_loss=0.0334  total_loss=0.0356  value_loss=0.3046
  update 184500/500000: consistency_loss=0.0001  pi_loss=-1.0940  reward_loss=0.0207  total_loss=0.0340  value_loss=0.3003
  update 185000/500000: consistency_loss=0.0001  pi_loss=-1.0934  reward_loss=0.0268  total_loss=0.0364  value_loss=0.3140
  update 185500/500000: consistency_loss=0.0001  pi_loss=-1.0848  reward_loss=0.0244  total_loss=0.0349  value_loss=0.3071
  update 186000/500000: consistency_loss=0.0001  pi_loss=-1.0753  reward_loss=0.0145  total_loss=0.0351  value_loss=0.3117
  update 186500/500000: consistency_loss=0.0001  pi_loss=-1.0912  reward_loss=0.0207  total_loss=0.0336  value_loss=0.2923
  update 187000/500000: consistency_loss=0.0001  pi_loss=-1.1020  reward_loss=0.0289  total_loss=0.0344  value_loss=0.2957
  update 187500/500000: consistency_loss=0.0001  pi_loss=-1.0932  reward_loss=0.0275  total_loss=0.0349  value_loss=0.3031
  update 188000/500000: consistency_loss=0.0001  pi_loss=-1.0888  reward_loss=0.0275  total_loss=0.0354  value_loss=0.3094
  update 188500/500000: consistency_loss=0.0001  pi_loss=-1.0635  reward_loss=0.0230  total_loss=0.0363  value_loss=0.3170
  update 189000/5  update 188500/500000: consistency_loss=0.0001  pi_loss=-1.4780  reward_loss=0.0177  total_loss=0.0340  v  update 189500/5  update 189000/500000: consistency_loss=0.0001  pi_loss=-1.4484  reward_loss=0.0168  total_loss=0.0354  v  update 190000/5  update 189500/500000: consistency_loss=0.0001  pi_loss=-1.4576  reward_loss=0.0176  total_loss=0.0344  v  update 190500/5  update 190000/500000: consistency_loss=0.0001  pi_loss=-1.4716  reward_loss=0.0260  total_loss=0.0360  v  update 191000/5  update 190500/500000: consistency_loss=0.0001  pi_loss=-1.4598  reward_loss=0.0152  total_loss=0.0345  v  update 191500/5  update 191000/500000: consistency_loss=0.0001  pi_loss=-1.4707  reward_loss=0.0221  total_loss=0.0357  v  update 192000/5  update 191500/500000: consistency_loss=0.0001  pi_loss=-1.4783  reward_loss=0.0254  total_loss=0.0357  v  update 192500/5  update 192000/500000: consistency_loss=0.0001  pi_loss=-1.4963  reward_loss=0.0211  total_loss=0.0358  v  update 193000/5  update 192500/500000: consistency_loss=0.0001  pi_loss=-1.4767  reward_loss=0.0146  total_loss=0.0330  v  update 193500/500000: consistency_loss=0.0001  pi_loss=-1.1035  reward_loss=0.0242  total_loss=0.0351  value_loss=0.3086
  update 194000/500000: consistency_loss=0.0001  pi_loss=-1.1121  reward_loss=0.0330  total_loss=0.0366  value_loss=0.3109
  update 194500/500000: consistency_loss=0.0001  pi_loss=-1.0842  reward_loss=0.0195  total_loss=0.0352  value_loss=0.3124
  update 195000/500000: consistency_loss=0.0001  pi_loss=-1.1067  reward_loss=0.0281  total_loss=0.0367  value_loss=0.3186
  update 195500/500000: consistency_loss=0.0001  pi_loss=-1.0901  reward_loss=0.0254  total_loss=0.0353  value_loss=0.3100
  update 196000/500000: consistency_loss=0.0001  pi_loss=-1.0829  reward_loss=0.0237  total_loss=0.0368  value_loss=0.3216
  update 196500/5  update 196000/500000: consistency_loss=0.0001  pi_loss=-1.3540  reward_loss=0.0147  total_loss=0.0343  v  update 197000/5  update 196500/500000: consistency_loss=0.0001  pi_loss=-1.4055  reward_loss=0.0249  total_loss=0.0352  v  update 197500/5  update 197000/500000: consistency_loss=0.0001  pi_loss=-1.4332  reward_loss=0.0290  total_loss=0.0359  v  update 198000/5  update 197500/500000: consistency_loss=0.0001  pi_loss=-1.4674  reward_loss=0.0309  total_loss=0.0367  v  update 198500/5  update 198000/500000: consistency_loss=0.0001  pi_loss=-1.4410  reward_loss=0.0210  total_loss=0.0349  v  update 199000/5  update 198500/500000: consistency_loss=0.0001  pi_loss=-1.4298  reward_loss=0.0192  total_loss=0.0340  v  update 199500/5  update 199000/500000: consistency_loss=0.0001  pi_loss=-1.4113  reward_loss=0.0278  total_loss=0.0356  v  update 200000/5  update 199500/500000: consistency_loss=0.0001  pi_loss=-1.4010  reward_loss=0.0239  total_loss=0.0345  value_loss=0.3020
  update 200000/500000: consistency_loss=0.0001  pi_loss=-1.3892  reward_loss=0.0252  total_loss=0.0350  value_loss=0.3059
Saved checkpoint   update 201000/5  update 200500/500000: consistency_loss=0.0001  pi_loss=-1.3934  reward_loss=0.0254  total_loss=0.0345  v  update 201500/5  update 201000/500000: consistency_loss=0.0001  pi_loss=-1.4005  reward_loss=0.0240  total_loss=0.0352  v  update 202000/5  update 201500/500000: consistency_loss=0.0001  pi_loss=-1.4039  reward_loss=0.0183  total_loss=0.0330  value_loss=0.2906
  update 202000/500000: consistency_loss=0.0001  pi_loss=-1.3840  reward_loss=0.0248  total_loss=0.0334  value_loss=0.2877
  update 202500/500000: consistency_loss=0.0001  pi_loss=-1.3746  reward_loss=0.0244  total_loss=0.0328  value_loss=0.2845
  update 203000/500000: consistency_loss=0.0001  pi_loss=-1.3661  reward_loss=0.0215  total_loss=0.0335  value_loss=0.2922
  update 203500/500000: consistency_loss=0.0001  pi_loss=-1.3274  reward_loss=0.0207  total_loss=0.0328  value_loss=0.2874
  update 204000/500000: consistency_loss=0.0001  pi_loss=-1.3256  reward_loss=0.0185  total_loss=0.0339  value_loss=0.2984
  update 204500/500000: consistency_loss=0.0001  pi_loss=-1.2997  reward_loss=0.0181  total_loss=0.0319  value_loss=0.2796
  update 205000/500000: consistency_loss=0.0001  pi_loss=-1.3042  reward_loss=0.0199  total_loss=0.0331  value_loss=0.2932
  update 205500/500000: consistency_loss=0.0001  pi_loss=-1.2851  reward_loss=0.0210  total_loss=0.0336  value_loss=0.2945
  update 206000/500000: consistency_loss=0.0001  pi_loss=-1.2834  reward_loss=0.0221  total_loss=0.0343  value_loss=0.2993
  update 206500/500000: consistency_loss=0.0001  pi_loss=-1.2787  reward_loss=0.0228  total_loss=0.0336  value_loss=0.2916
  update 207000/500000: consistency_loss=0.0002  pi_loss=-1.3155  reward_loss=0.0264  total_loss=0.0358  value_loss=0.3005
  update 207500/500000: consistency_loss=0.0001  pi_loss=-1.3149  reward_loss=0.0229  total_loss=0.0339  value_loss=0.2977
  update 208000/500000: consistency_loss=0.0001  pi_loss=-1.3200  reward_loss=0.0194  total_loss=0.0331  value_loss=0.2914
  update 208500/500000: consistency_loss=0.0001  pi_loss=-1.3221  reward_loss=0.0256  total_loss=0.0342  value_loss=0.2974
  update 209000/500000: consistency_loss=0.0001  pi_loss=-1.3146  reward_loss=0.0284  total_loss=0.0362  value_loss=0.3117
  update 209500/500000: consistency_loss=0.0001  pi_loss=-1.2752  reward_loss=0.0173  total_loss=0.0348  value_loss=0.3099
  update 210000/500000: consistency_loss=0.0001  pi_loss=-1.2600  reward_loss=0.0143  total_loss=0.0348  value_loss=0.3130
  update 210500/500000: consistency_loss=0.0001  pi_loss=-1.2337  reward_loss=0.0210  total_loss=0.0339  value_loss=0.2988
  update 211000/500000: consistency_loss=0.0001  pi_loss=-1.2104  reward_loss=0.0278  total_loss=0.0342  value_loss=0.2967
  update 211500/500000: consistency_loss=0.0001  pi_loss=-1.1965  reward_loss=0.0251  total_loss=0.0353  value_loss=0.3054
  update 212000/500000: consistency_loss=0.0001  pi_loss=-1.1711  reward_loss=0.0205  total_loss=0.0333  value_loss=0.2956
  update 212500/500000: consistency_loss=0.0001  pi_loss=-1.1714  reward_loss=0.0192  total_loss=0.0353  value_loss=0.3121
  update 213000/500000: consistency_loss=0.0001  pi_loss=-1.1596  reward_loss=0.0236  total_loss=0.0334  value_loss=0.2945
  update 213500/500000: consistency_loss=0.0001  pi_loss=-1.1724  reward_loss=0.0311  total_loss=0.0363  value_loss=0.3139
  update 214000/500000: consistency_loss=0.0001  pi_loss=-1.1795  reward_loss=0.0280  total_loss=0.0360  value_loss=0.3126
  update 214500/500000: consistency_loss=0.0001  pi_loss=-1.1963  reward_loss=0.0287  total_loss=0.0366  value_loss=0.3171
  update 215000/500000: consistency_loss=0.0001  pi_loss=-1.2421  reward_loss=0.0164  total_loss=0.0339  value_loss=0.3051
  update 215500/500000: consistency_loss=0.0001  pi_loss=-1.2566  reward_loss=0.0251  total_loss=0.0343  value_loss=0.3004
  update 216000/500000: consistency_loss=0.0001  pi_loss=-1.2787  reward_loss=0.0219  total_loss=0.0354  value_loss=0.3112
  update 216500/500000: consistency_loss=0.0001  pi_loss=-1.3118  reward_loss=0.0182  total_loss=0.0350  value_loss=0.3134
  update 217000/500000: consistency_loss=0.0001  pi_loss=-1.3173  reward_loss=0.0101  total_loss=0.0332  value_loss=0.3041
  update 217500/500000: consistency_loss=0.0001  pi_loss=-1.3098  reward_loss=0.0238  total_loss=0.0353  value_loss=0.3093
  update 218000/500000: consistency_loss=0.0001  pi_loss=-1.3309  reward_loss=0.0231  total_loss=0.0337  value_loss=0.2931
  update 218500/500000: consistency_loss=0.0001  pi_loss=-1.3371  reward_loss=0.0198  total_loss=0.0348  value_loss=0.3033
  update 219000/500000: consistency_loss=0.0001  pi_loss=-1.3444  reward_loss=0.0189  total_loss=0.0333  value_loss=0.2943
  update 219500/500000: consistency_loss=0.0001  pi_loss=-1.3240  reward_loss=0.0154  total_loss=0.0332  value_loss=0.2989
  update 220000/500000: consistency_loss=0.0001  pi_loss=-1.3292  reward_loss=0.0181  total_loss=0.0350  value_loss=0.3110
  update 220500/500000: consistency_loss=0.0001  pi_loss=-1.3385  reward_loss=0.0242  total_loss=0.0348  value_loss=0.3033
  update 221000/500000: consistency_loss=0.0001  pi_loss=-1.3214  reward_loss=0.0224  total_loss=0.0330  value_loss=0.2895
  update 221500/500000: consistency_loss=0.0001  pi_loss=-1.3291  reward_loss=0.0145  total_loss=0.0334  value_loss=0.2979
  update 222000/500000: consistency_loss=0.0001  pi_loss=-1.3343  reward_loss=0.0212  total_loss=0.0330  value_loss=0.2887
  update 222500/500000: consistency_loss=0.0001  pi_loss=-1.3516  reward_loss=0.0220  total_loss=0.0331  value_loss=0.2891
  update 223000/500000: consistency_loss=0.0001  pi_loss=-1.3659  reward_loss=0.0256  total_loss=0.0325  value_loss=0.2809
  update 223500/500000: consistency_loss=0.0001  pi_loss=-1.3689  reward_loss=0.0228  total_loss=0.0317  value_loss=0.2756
  update 224000/500000: consistency_loss=0.0001  pi_loss=-1.3348  reward_loss=0.0216  total_loss=0.0306  value_loss=0.2675
  update 224500/500000: consistency_loss=0.0001  pi_loss=-1.3263  reward_loss=0.0229  total_loss=0.0323  value_loss=0.2801
  update 225000/500000: consistency_loss=0.0001  pi_loss=-1.2851  reward_loss=0.0185  total_loss=0.0313  value_loss=0.2770
  update 225500/500000: consistency_loss=0.0001  pi_loss=-1.2786  reward_loss=0.0286  total_loss=0.0345  value_loss=0.2971
  update 226000/500000: consistency_loss=0.0001  pi_loss=-1.2492  reward_loss=0.0300  total_loss=0.0337  value_loss=0.2872
  update 226500/500000: consistency_loss=0.0001  pi_loss=-1.2058  reward_loss=0.0176  total_loss=0.0342  value_loss=0.3040
  update 227000/500000: consistency_loss=0.0001  pi_loss=-1.2294  reward_loss=0.0194  total_loss=0.0343  value_loss=0.3031
  update 227500/500000: consistency_loss=0.0001  pi_loss=-1.2422  reward_loss=0.0160  total_loss=0.0338  value_loss=0.3030
  update 228000/500000: consistency_loss=0.0001  pi_loss=-1.2623  reward_loss=0.0261  total_loss=0.0354  value_loss=0.3083
  update 228500/500000: consistency_loss=0.0001  pi_loss=-1.2634  reward_loss=0.0122  total_loss=0.0345  value_loss=0.3126
  update 229000/500000: consistency_loss=0.0001  pi_loss=-1.2804  reward_loss=0.0202  total_loss=0.0345  value_loss=0.3079
  update 229500/500000: consistency_loss=0.0001  pi_loss=-1.3007  reward_loss=0.0319  total_loss=0.0358  value_loss=0.3045
  update 230000/500000: consistency_loss=0.0001  pi_loss=-1.2784  reward_loss=0.0165  total_loss=0.0355  value_loss=0.3144
  update 230500/500000: consistency_loss=0.0001  pi_loss=-1.3180  reward_loss=0.0307  total_loss=0.0352  value_loss=0.3001
  update 231000/500000: consistency_loss=0.0001  pi_loss=-1.3255  reward_loss=0.0240  total_loss=0.0347  value_loss=0.3035
  update 231500/500000: consistency_loss=0.0001  pi_loss=-1.3349  reward_loss=0.0285  total_loss=0.0339  value_loss=0.2922
  update 232000/500000: consistency_loss=0.0001  pi_loss=-1.3643  reward_loss=0.0202  total_loss=0.0329  value_loss=0.2905
  update 232500/500000: consistency_loss=0.0001  pi_loss=-1.3830  reward_loss=0.0255  total_loss=0.0340  value_loss=0.2946
  update 233000/500000: consistency_loss=0.0001  pi_loss=-1.4053  reward_loss=0.0115  total_loss=0.0327  value_loss=0.2936
  update 233500/500000: consistency_loss=0.0001  pi_loss=-1.4198  reward_loss=0.0189  total_loss=0.0348  value_loss=0.3120
  update 234000/500000: consistency_loss=0.0001  pi_loss=-1.4734  reward_loss=0.0251  total_loss=0.0341  value_loss=0.2949
  update 234500/500000: consistency_loss=0.0001  pi_loss=-1.5236  reward_loss=0.0242  total_loss=0.0351  value_loss=0.3097
  update 235000/500000: consistency_loss=0.0001  pi_loss=-1.5694  reward_loss=0.0260  total_loss=0.0363  value_loss=0.3141
  update 235500/500000: consistency_loss=0.0001  pi_loss=-1.5878  reward_loss=0.0236  total_loss=0.0353  value_loss=0.3110
  update 236000/500000: consistency_loss=0.0001  pi_loss=-1.5554  reward_loss=0.0214  total_loss=0.0353  value_loss=0.3128
  update 236500/500000: consistency_loss=0.0001  pi_loss=-1.5254  reward_loss=0.0220  total_loss=0.0357  value_loss=0.3148
  update 237000/500000: consistency_loss=0.0001  pi_loss=-1.4771  reward_loss=0.0189  total_loss=0.0353  value_loss=0.3169
  update 237500/500000: consistency_loss=0.0001  pi_loss=-1.4541  reward_loss=0.0312  total_loss=0.0362  value_loss=0.3131
  update 238000/500000: consistency_loss=0.0001  pi_loss=-1.4085  reward_loss=0.0143  total_loss=0.0339  value_loss=0.3072
  update 238500/500000: consistency_loss=0.0001  pi_loss=-1.3834  reward_loss=0.0180  total_loss=0.0346  value_loss=0.3047
  update 239000/500000: consistency_loss=0.0001  pi_loss=-1.3740  reward_loss=0.0236  total_loss=0.0332  value_loss=0.2889
  update 239500/500000: consistency_loss=0.0001  pi_loss=-1.3560  reward_loss=0.0188  total_loss=0.0311  value_loss=0.2749
  update 240000/500000: consistency_loss=0.0001  pi_loss=-1.3340  reward_loss=0.0145  total_loss=0.0309  value_loss=0.2767
  update 240500/500000: consistency_loss=0.0001  pi_loss=-1.3048  reward_loss=0.0257  total_loss=0.0326  v  update 241500/5  update 241000/500000: consistency_loss=0.0001  pi_loss=-1.2574  reward_loss=0.0160  total_loss=0.0306  v  update 242000/5  update 241500/500000: consistency_loss=0.0001  pi_loss=-1.2635  reward_loss=0.0131  total_loss=0.0320  v  update 242500/5  update 242000/500000: consistency_loss=0.0001  pi_loss=-1.2372  reward_loss=0.0088  total_loss=0.0329  v  update 243000/5  update 242500/500000: consistency_loss=0.0001  pi_loss=-1.2475  reward_loss=0.0165  total_loss=0.0324  v  update 243500/5  update 243000/500000: consistency_loss=0.0001  pi_loss=-1.2622  reward_loss=0.0188  total_loss=0.0332  v  update 244000/5  update 243500/500000: consistency_loss=0.0001  pi_loss=-1.2677  reward_loss=0.0254  total_loss=0.0332  v  update 244500/5  update 244000/500000: consistency_loss=0.0001  pi_loss=-1.2924  reward_loss=0.0196  total_loss=0.0332  v  update 245000/5  update 244500/500000: consistency_loss=0.0001  pi_loss=-1.3024  reward_loss=0.0214  total_loss=0.0336  v  update 245500/5  update 245000/500000: consistency_loss=0.0001  pi_loss=-1.3093  reward_loss=0.0207  total_loss=0.0334  v  update 246000/5  update 245500/500000: consistency_loss=0.0001  pi_loss=-1.3160  reward_loss=0.0360  total_loss=0.0336  v  update 246500/5  update 246000/500000: consistency_loss=0.0001  pi_loss=-1.3278  reward_loss=0.0162  total_loss=0.0323  v  update 247000/5  update 246500/500000: consistency_loss=0.0001  pi_loss=-1.3480  reward_loss=0.0212  total_loss=0.0337  v  update 247500/5  update 247000/500000: consistency_loss=0.0001  pi_loss=-1.3750  reward_loss=0.0135  total_loss=0.0328  v  update 248000/5  update 247500/500000: consistency_loss=0.0001  pi_loss=-1.3664  reward_loss=0.0113  total_loss=0.0322  v  update 248500/5  update 248000/500000: consistency_loss=0.0001  pi_loss=-1.3806  reward_loss=0.0239  total_loss=0.0343  v  update 249000/5  update 248500/500000: consistency_loss=0.0001  pi_loss=-1.3782  reward_loss=0.0261  total_loss=0.0325  v  update 249500/5  update 249000/500000: consistency_loss=0.0001  pi_loss=-1.3575  reward_loss=0.0264  total_loss=0.0332  v  update 250000/5  update 249500/500000: consistency_loss=0.0001  pi_loss=-1.3792  reward_loss=0.0146  total_loss=0.0330  v  update 250500/5  update 250000/500000: consistency_loss=0.0001  pi_loss=-1.3901  reward_loss=0.0287  total_loss=0.0345  v  update 251000/5  update 250500/500000: consistency_loss=0.0001  pi_loss=-1.3586  reward_loss=0.0255  total_loss=0.0335  v  update 251500/5  update 251000/500000: consistency_loss=0.0001  pi_loss=-1.3572  reward_loss=0.0304  total_loss=0.0327  value_loss=0.2790
  update 251500/500000: consistency_loss=0.0001  pi_loss=-1.3486  reward_loss=0.0214  total_loss=0.0324  value_loss=0.2869
  update 252000/500000: consistency_loss=0.0001  pi_loss=-1.3190  reward_loss=0.0192  total_loss=0.0334  value_loss=0.2882
  update 252500/500000: consistency_loss=0.0001  pi_loss=-1.3128  reward_loss=0.0277  total_loss=0.0337  value_loss=0.2906
  update 253000/500000: consistency_loss=0.0001  pi_loss=-1.2998  reward_loss=0.0147  total_loss=0.0332  value_loss=0.2991
  update 253500/500000: consistency_loss=0.0001  pi_loss=-1.3080  reward_loss=0.0279  total_loss=0.0356  value_loss=0.3076
  update 254000/500000: consistency_loss=0.0001  pi_loss=-1.3280  reward_loss=0.0276  total_loss=0.0355  value_loss=0.3109
  update 254500/500000: consistency_loss=0.0001  pi_loss=-1.3296  reward_loss=0.0245  total_loss=0.0351  value_loss=0.3088
  update 255000/500000: consistency_loss=0.0001  pi_loss=-1.3395  reward_loss=0.0176  total_loss=0.0349  value_loss=0.3118
  update 255500/500000: consistency_loss=0.0001  pi_loss=-1.3541  reward_loss=0.0230  total_loss=0.0324  value_loss=0.2856
  update 256000/500000: consistency_loss=0.0001  pi_loss=-1.3722  reward_loss=0.0119  total_loss=0.0323  value_loss=0.2907
  update 256500/500000: consistency_loss=0.0001  pi_loss=-1.4018  reward_loss=0.0145  total_loss=0.0332  value_loss=0.2999
  update 257000/500000: consistency_loss=0.0001  pi_loss=-1.4669  reward_loss=0.0144  total_loss=0.0323  value_loss=0.2885
  update 257500/500000: consistency_loss=0.0001  pi_loss=-1.4844  reward_loss=0.0187  total_loss=0.0330  value_loss=0.2945
  update 258000/500000: consistency_loss=0.0001  pi_loss=-1.4873  reward_loss=0.0360  total_loss=0.0332  value_loss=0.2792
  update 258500/500000: consistency_loss=0.0001  pi_loss=-1.4972  reward_loss=0.0279  total_loss=0.0335  value_loss=0.2881
  update 259000/500000: consistency_loss=0.0001  pi_loss=-1.4876  reward_loss=0.0229  total_loss=0.0332  value_loss=0.2867
  update 259500/500000: consistency_loss=0.0001  pi_loss=-1.4899  reward_loss=0.0149  total_loss=0.0320  value_loss=0.2826
  update 260000/500000: consistency_loss=0.0001  pi_loss=-1.4828  reward_loss=0.0237  total_loss=0.0317  value_loss=0.2738
  update 260500/500000: consistency_loss=0.0001  pi_loss=-1.4875  reward_loss=0.0310  total_loss=0.0328  value_loss=0.2748
  update 261000/500000: consistency_loss=0.0001  pi_loss=-1.4648  reward_loss=0.0263  total_loss=0.0340  value_loss=0.2931
  update 261500/500000: consistency_loss=0.0001  pi_loss=-1.4773  reward_loss=0.0138  total_loss=0.0324  value_loss=0.2902
  update 262000/500000: consistency_loss=0.0001  pi_loss=-1.4723  reward_loss=0.0149  total_loss=0.0324  value_loss=0.2873
  update 262500/500000: consistency_loss=0.0001  pi_loss=-1.4841  reward_loss=0.0205  total_loss=0.0336  value_loss=0.2978
  update 263000/500000: consistency_loss=0.0001  pi_loss=-1.4809  reward_loss=0.0142  total_loss=0.0319  value_loss=0.2852
  update 263500/500000: consistency_loss=0.0001  pi_loss=-1.4939  reward_loss=0.0202  total_loss=0.0340  value_loss=0.2962
  update 264000/500000: consistency_loss=0.0001  pi_loss=-1.4870  reward_loss=0.0196  total_loss=0.0333  value_loss=0.2959
  update 264500/500000: consistency_loss=0.0001  pi_loss=-1.4979  reward_loss=0.0295  total_loss=0.0347  value_loss=0.2981
  update 265000/500000: consistency_loss=0.0001  pi_loss=-1.4840  reward_loss=0.0167  total_loss=0.0334  value_loss=0.2977
  update 265500/500000: consistency_loss=0.0001  pi_loss=-1.4919  reward_loss=0.0229  total_loss=0.0335  value_loss=0.2923
  update 266000/500000: consistency_loss=0.0001  pi_loss=-1.4923  reward_loss=0.0153  total_loss=0.0325  value_loss=0.2926
  update 266500/500000: consistency_loss=0.0001  pi_loss=-1.4685  reward_loss=0.0207  total_loss=0.0323  value_loss=0.2868
  update 267000/500000: consistency_loss=0.0001  pi_loss=-1.4704  reward_loss=0.0137  total_loss=0.0302  value_loss=0.2701
  update 267500/500000: consistency_loss=0.0001  pi_loss=-1.4536  reward_loss=0.0255  total_loss=0.0324  value_loss=0.2805
  update 268000/500000: consistency_loss=0.0001  pi_loss=-1.4545  reward_loss=0.0196  total_loss=0.0316  value_loss=0.2792
  update 268500/500000: consistency_loss=0.0001  pi_loss=-1.4336  reward_loss=0.0211  total_loss=0.0314  value_loss=0.2753
  update 269000/500000: consistency_loss=0.0001  pi_loss=-1.4417  reward_loss=0.0173  total_loss=0.0320  value_loss=0.2821
  update 269500/500000: consistency_loss=0.0001  pi_loss=-1.4382  reward_loss=0.0241  total_loss=0.0319  value_loss=0.2765
  update 270000/500000: consistency_loss=0.0001  pi_loss=-1.4406  reward_loss=0.0218  total_loss=0.0315  value_loss=0.2738
  update 270500/500000: consistency_loss=0.0001  pi_loss=-1.4157  reward_loss=0.0167  total_loss=0.0312  value_loss=0.2758
  update 271000/500000: consistency_loss=0.0001  pi_loss=-1.4431  reward_loss=0.0276  total_loss=0.0344  value_loss=0.2953
  update 271500/500000: consistency_loss=0.0001  pi_loss=-1.4312  reward_loss=0.0137  total_loss=0.0327  value_loss=0.2936
  update 272000/500000: consistency_loss=0.0001  pi_loss=-1.4036  reward_loss=0.0133  total_loss=0.0324  value_loss=0.2933
  update 272500/500000: consistency_loss=0.0001  pi_loss=-1.4470  reward_loss=0.0160  total_loss=0.0327  value_loss=0.2941
  update 273000/500000: consistency_loss=0.0001  pi_loss=-1.4779  reward_loss=0.0209  total_loss=0.0332  value_loss=0.2939
  update 273500/500000: consistency_loss=0.0001  pi_loss=-1.4850  reward_loss=0.0163  total_loss=0.0331  value_loss=0.2977
  update 274000/500000: consistency_loss=0.0001  pi_loss=-1.5047  reward_loss=0.0196  total_loss=0.0334  value_loss=0.2954
  update 274500/500000: consistency_loss=0.0001  pi_loss=-1.5000  reward_loss=0.0180  total_loss=0.0329  value_loss=0.2930
  update 275000/500000: consistency_loss=0.0001  pi_loss=-1.5281  reward_loss=0.0158  total_loss=0.0318  value_loss=0.2862
  update 275500/500000: consistency_loss=0.0001  pi_loss=-1.5102  reward_loss=0.0164  total_loss=0.0304  value_loss=0.2723
  update 276000/500000: consistency_loss=0.0001  pi_loss=-1.5136  reward_loss=0.0207  total_loss=0.0294  value_loss=0.2552
  update 276500/500000: consistency_loss=0.0001  pi_loss=-1.5237  reward_loss=0.0309  total_loss=0.0337  value_loss=0.2879
  update 277000/500000: consistency_loss=0.0001  pi_loss=-1.5337  reward_loss=0.0217  total_loss=0.0334  value_loss=0.2924
  update 277500/500000: consistency_loss=0.0001  pi_loss=-1.5062  reward_loss=0.0274  total_loss=0.0336  value_loss=0.2873
  update 278000/500000: consistency_loss=0.0001  pi_loss=-1.4853  reward_loss=0.0262  total_loss=0.0339  value_loss=0.2970
  update 278500/500000: consistency_loss=0.0001  pi_loss=-1.4583  reward_loss=0.0223  total_loss=0.0326  value_loss=0.2865
  update 279000/500000: consistency_loss=0.0001  pi_loss=-1.4304  reward_loss=0.0192  total_loss=0.0324  value_loss=0.2858
  update 279500/500000: consistency_loss=0.0001  pi_loss=-1.4136  reward_loss=0.0221  total_loss=0.0338  value_loss=0.2965
  update 280000/500000: consistency_loss=0.0001  pi_loss=-1.4000  reward_loss=0.0266  total_loss=0.0331  value_loss=0.2856
  update 280500/500000: consistency_loss=0.0001  pi_loss=-1.4064  reward_loss=0.0209  total_loss=0.0329  value_loss=0.2914
  update 281000/500000: consistency_loss=0.0001  pi_loss=-1.3888  reward_loss=0.0120  total_loss=0.0319  value_loss=0.2909
  update 281500/500000: consistency_loss=0.0001  pi_loss=-1.3696  reward_loss=0.0239  total_loss=0.0324  value_loss=0.2780
  update 282000/500000: consistency_loss=0.0001  pi_loss=-1.3735  reward_loss=0.0212  total_loss=0.0320  value_loss=0.2804
  update 282500/500000: consistency_loss=0.0001  pi_loss=-1.3771  reward_loss=0.0213  total_loss=0.0321  value_loss=0.2799
  update 283000/500000: consistency_loss=0.0001  pi_loss=-1.3626  reward_loss=0.0141  total_loss=0.0314  value_loss=0.2810
  update 283500/500000: consistency_loss=0.0001  pi_loss=-1.4000  reward_loss=0.0272  total_loss=0.0325  value_loss=0.2810
  update 284000/500000: consistency_loss=0.0001  pi_loss=-1.4008  reward_loss=0.0347  total_loss=0.0339  value_loss=0.2863
  update 284500/500000: consistency_loss=0.0001  pi_loss=-1.4181  reward_loss=0.0234  total_loss=0.0334  value_loss=0.2912
  update 285000/500000: consistency_loss=0.0001  pi_loss=-1.4004  reward_loss=0.0221  total_loss=0.0339  value_loss=0.2994
  update 285500/500000: consistency_loss=0.0001  pi_loss=-1.4194  reward_loss=0.0301  total_loss=0.0324  value_loss=0.2772
  update 286000/500000: consistency_loss=0.0001  pi_loss=-1.4068  reward_loss=0.0192  total_loss=0.0319  value_loss=0.2834
  update 286500/500000: consistency_loss=0.0001  pi_loss=-1.4211  reward_loss=0.0222  total_loss=0.0326  value_loss=0.2876
  update 287000/500000: consistency_loss=0.0001  pi_loss=-1.4269  reward_loss=0.0218  total_loss=0.0341  value_loss=0.2987
  update 287500/500000: consistency_loss=0.0001  pi_loss=-1.4201  reward_loss=0.0236  total_loss=0.0330  value_loss=0.2902
  update 288000/500000: consistency_loss=0.0001  pi_loss=-1.3972  reward_loss=0.0185  total_loss=0.0306  value_loss=0.2707
  update 288500/500000: consistency_loss=0.0001  pi_loss=-1.3712  reward_loss=0.0181  total_loss=0.0314  value_loss=0.2778
  update 289000/500000: consistency_loss=0.0001  pi_loss=-1.3869  reward_loss=0.0259  total_loss=0.0330  value_loss=0.2857
  update 289500/500000: consistency_loss=0.0001  pi_loss=-1.3962  reward_loss=0.0178  total_loss=0.0322  value_loss=0.2849
  update 290000/500000: consistency_loss=0.0001  pi_loss=-1.3816  reward_loss=0.0228  total_loss=0.0316  value_loss=0.2768
  update 290500/500000: consistency_loss=0.0001  pi_loss=-1.4079  reward_loss=0.0215  total_loss=0.0326  value_loss=0.2815
  update 291000/500000: consistency_loss=0.0001  pi_loss=-1.4071  reward_loss=0.0158  total_loss=0.0317  value_loss=0.2813
  update 291500/500000: consistency_loss=0.0001  pi_loss=-1.4005  reward_loss=0.0143  total_loss=0.0323  value_loss=0.2919
  update 292000/500000: consistency_loss=0.0001  pi_loss=-1.3795  reward_loss=0.0144  total_loss=0.0335  value_loss=0.3022
  update 292500/500000: consistency_loss=0.0001  pi_loss=-1.3568  reward_loss=0.0234  total_loss=0.0341  value_loss=0.2998
  update 293000/500000: consistency_loss=0.0001  pi_loss=-1.3308  reward_loss=0.0270  total_loss=0.0337  value_loss=0.2921
  update 293500/500000: consistency_loss=0.0001  pi_loss=-1.3066  reward_loss=0.0269  total_loss=0.0340  value_loss=0.2931
  update 294000/500000: consistency_loss=0.0001  pi_loss=-1.2787  reward_loss=0.0220  total_loss=0.0323  value_loss=0.2803
  update 294500/500000: consistency_loss=0.0001  pi_loss=-1.2664  reward_loss=0.0212  total_loss=0.0320  value_loss=0.2837
  update 295000/500000: consistency_loss=0.0001  pi_loss=-1.2695  reward_loss=0.0214  total_loss=0.0326  value_loss=0.2862
  update 295500/500000: consistency_loss=0.0001  pi_loss=-1.2513  reward_loss=0.0132  total_loss=0.0323  value_loss=0.2924
  update 296000/500000: consistency_loss=0.0001  pi_loss=-1.2843  reward_loss=0.0250  total_loss=0.0326  value_loss=0.2812
  update 296500/500000: consistency_loss=0.0001  pi_loss=-1.2665  reward_loss=0.0257  total_loss=0.0336  value_loss=0.2938
  update 297000/500000: consistency_loss=0.0001  pi_loss=-1.2418  reward_loss=0.0155  total_loss=0.0325  value_loss=0.2930
  update 297500/500000: consistency_loss=0.0001  pi_loss=-1.2669  reward_loss=0.0177  total_loss=0.0324  value_loss=0.2898
  update 298000/500000: consistency_loss=0.0001  pi_loss=-1.2348  reward_loss=0.0212  total_loss=0.0328  value_loss=0.2905
  update 298500/500000: consistency_loss=0.0001  pi_loss=-1.2413  reward_loss=0.0233  total_loss=0.0321  value_loss=0.2821
  update 299000/500000: consistency_loss=0.0001  pi_loss=-1.2433  reward_loss=0.0243  total_loss=0.0338  value_loss=0.2959
  update 299500/500000: consistency_loss=0.0001  pi_loss=-1.2491  reward_loss=0.0173  total_loss=0.0329  value_loss=0.2954
  update 300000/500000: consistency_loss=0.0001  pi_loss=-1.2334  reward_loss=0.0174  total_loss=0.0329  value_loss=0.2931
Saved checkpoint at update 300000
  update 300500/500000: consistency_loss=0.0001  pi_loss=-1.2318  reward_loss=0.0236  total_loss=0.0326  value_loss=0.2849
  update 301000/500000: consistency_loss=0.0001  pi_loss=-1.2462  reward_loss=0.0141  total_loss=0.0325  value_loss=0.2928
  update 301500/500000: consistency_loss=0.0001  pi_loss=-1.2555  reward_loss=0.0231  total_loss=0.0343  value_loss=0.3003
  update 302000/500000: consistency_loss=0.0001  pi_loss=-1.2606  reward_loss=0.0286  total_loss=0.0323  value_loss=0.2775
  update 302500/500000: consistency_loss=0.0001  pi_loss=-1.2181  reward_loss=0.0223  total_loss=0.0326  value_loss=0.2881
  update 303000/500000: consistency_loss=0.0001  pi_loss=-1.2156  reward_loss=0.0153  total_loss=0.0295  value_loss=0.2646
  update 303500/500000: consistency_loss=0.0001  pi_loss=-1.2003  reward_loss=0.0180  total_loss=0.0319  value_loss=0.2809
  update 304000/500000: consistency_loss=0.0001  pi_loss=-1.1900  reward_loss=0.0252  total_loss=0.0335  value_loss=0.2939
  update 304500/500000: consistency_loss=0.0001  pi_loss=-1.2145  reward_loss=0.0201  total_loss=0.0328  value_loss=0.2921
  update 305000/500000: consistency_loss=0.0001  pi_loss=-1.2176  reward_loss=0.0286  total_loss=0.0337  value_loss=0.2872
  update 305500/500000: consistency_loss=0.0001  pi_loss=-1.2235  reward_loss=0.0146  total_loss=0.0330  value_loss=0.2989
  update 306000/500000: consistency_loss=0.0001  pi_loss=-1.2011  reward_loss=0.0248  total_loss=0.0335  value_loss=0.2887
  update 306500/500000: consistency_loss=0.0001  pi_loss=-1.1889  reward_loss=0.0333  total_loss=0.0351  value_loss=0.2994
  update 307000/500000: consistency_loss=0.0001  pi_loss=-1.1703  reward_loss=0.0261  total_loss=0.0348  value_loss=0.3016
  update 307500/500000: consistency_loss=0.0001  pi_loss=-1.1465  reward_loss=0.0264  total_loss=0.0341  value_loss=0.2962
  update 308000/500000: consistency_loss=0.0001  pi_loss=-1.1350  reward_loss=0.0270  total_loss=0.0344  value_loss=0.2969
  update 308500/500000: consistency_loss=0.0001  pi_loss=-1.1311  reward_loss=0.0176  total_loss=0.0329  value_loss=0.2957
  update 309000/500000: consistency_loss=0.0001  pi_loss=-1.1317  reward_loss=0.0167  total_loss=0.0339  value_loss=0.3059
  update 309500/500000: consistency_loss=0.0001  pi_loss=-1.1364  reward_loss=0.0214  total_loss=0.0333  value_loss=0.2924
  update 310000/500000: consistency_loss=0.0001  pi_loss=-1.1499  reward_loss=0.0223  total_loss=0.0333  value_loss=0.2919
  update 310500/500000: consistency_loss=0.0001  pi_loss=-1.1733  reward_loss=0.0225  total_loss=0.0326  value_loss=0.2850
  update 311000/500000: consistency_loss=0.0001  pi_loss=-1.1701  reward_loss=0.0174  total_loss=0.0317  value_loss=0.2847
  update 311500/500000: consistency_loss=0.0001  pi_loss=-1.1639  reward_loss=0.0243  total_loss=0.0315  value_loss=0.2716
  update 312000/500000: consistency_loss=0.0001  pi_loss=-1.1831  reward_loss=0.0228  total_loss=0.0317  value_loss=0.2772
  update 312500/500000: consistency_loss=0.0001  pi_loss=-1.2180  reward_loss=0.0223  total_loss=0.0333  value_loss=0.2943
  update 313000/500000: consistency_loss=0.0001  pi_loss=-1.2224  reward_loss=0.0290  total_loss=0.0327  value_loss=0.2818
  update 313500/500000: consistency_loss=0.0001  pi_loss=-1.2557  reward_loss=0.0257  total_loss=0.0325  value_loss=0.2837
  update 314000/500000: consistency_loss=0.0001  pi_loss=-1.2674  reward_loss=0.0159  total_loss=0.0346  value_loss=0.3126
  update 314500/500000: consistency_loss=0.0001  pi_loss=-1.3075  reward_loss=0.0266  total_loss=0.0347  value_loss=0.3045
  update 315000/500000: consistency_loss=0.0001  pi_loss=-1.3347  reward_loss=0.0278  total_loss=0.0349  value_loss=0.3044
  update 315500/500000: consistency_loss=0.0001  pi_loss=-1.3664  reward_loss=0.0263  total_loss=0.0352  value_loss=0.3050
  update 316000/500000: consistency_loss=0.0001  pi_loss=-1.3676  reward_loss=0.0173  total_loss=0.0327  value_loss=0.2929
  update 316500/500000: consistency_loss=0.0001  pi_loss=-1.4255  reward_loss=0.0209  total_loss=0.0336  value_loss=0.2976
  update 317000/500000: consistency_loss=0.0001  pi_loss=-1.4452  reward_loss=0.0250  total_loss=0.0343  value_loss=0.2992
  update 317500/500000: consistency_loss=0.0001  pi_loss=-1.3977  reward_loss=0.0111  total_loss=0.0339  value_loss=0.3119
  update 318000/500000: consistency_loss=0.0001  pi_loss=-1.4356  reward_loss=0.0198  total_loss=0.0341  value_loss=0.3044
  update 318500/500000: consistency_loss=0.0001  pi_loss=-1.4079  reward_loss=0.0239  total_loss=0.0339  value_loss=0.2982
  update 319000/500000: consistency_loss=0.0001  pi_loss=-1.4268  reward_loss=0.0310  total_loss=0.0348  value_loss=0.2989
  update 319500/500000: consistency_loss=0.0001  pi_loss=-1.4195  reward_loss=0.0230  total_loss=0.0337  value_loss=0.2931
  update 320000/500000: consistency_loss=0.0001  pi_loss=-1.4093  reward_loss=0.0177  total_loss=0.0338  value_loss=0.3042
  update 320500/500000: consistency_loss=0.0001  pi_loss=-1.4253  reward_loss=0.0314  total_loss=0.0343  value_loss=0.2946
  update 321000/500000: consistency_loss=0.0001  pi_loss=-1.4238  reward_loss=0.0196  total_loss=0.0347  value_loss=0.3121
  update 321500/500000: consistency_loss=0.0001  pi_loss=-1.4048  reward_loss=0.0239  total_loss=0.0341  value_loss=0.2986
  update 322000/500000: consistency_loss=0.0001  pi_loss=-1.4089  reward_loss=0.0154  total_loss=0.0321  value_loss=0.2903
  update 322500/500000: consistency_loss=0.0002  pi_loss=-1.4341  reward_loss=0.0176  total_loss=0.0347  value_loss=0.2980
  update 323000/500000: consistency_loss=0.0001  pi_loss=-1.4138  reward_loss=0.0135  total_loss=0.0314  value_loss=0.2821
  update 323500/500000: consistency_loss=0.0001  pi_loss=-1.4014  reward_loss=0.0330  total_loss=0.0325  value_loss=0.2730
  update 324000/500000: consistency_loss=0.0001  pi_loss=-1.4017  reward_loss=0.0288  total_loss=0.0321  value_loss=0.2757
  update 324500/500000: consistency_loss=0.0001  pi_loss=-1.4072  reward_loss=0.0164  total_loss=0.0316  value_loss=0.2819
  update 325000/500000: consistency_loss=0.0001  pi_loss=-1.4220  reward_loss=0.0236  total_loss=0.0307  value_loss=0.2686
  update 325500/500000: consistency_loss=0.0001  pi_loss=-1.4423  reward_loss=0.0245  total_loss=0.0320  value_loss=0.2815
  update 326000/500000: consistency_loss=0.0001  pi_loss=-1.4695  reward_loss=0.0277  total_loss=0.0338  value_loss=0.2909
  update 326500/500000: consistency_loss=0.0001  pi_loss=-1.4372  reward_loss=0.0291  total_loss=0.0332  value_loss=0.2861
  update 327000/500000: consistency_loss=0.0001  pi_loss=-1.4293  reward_loss=0.0226  total_loss=0.0339  value_loss=0.2978
  update 327500/500000: consistency_loss=0.0001  pi_loss=-1.4471  reward_loss=0.0157  total_loss=0.0320  value_loss=0.2882
  update 328000/500000: consistency_loss=0.0001  pi_loss=-1.4764  reward_loss=0.0257  total_loss=0.0340  value_loss=0.2945
  update 328500/500000: consistency_loss=0.0001  pi_loss=-1.4853  reward_loss=0.0169  total_loss=0.0320  value_loss=0.2875
  update 329000/500000: consistency_loss=0.0001  pi_loss=-1.5125  reward_loss=0.0236  total_loss=0.0328  value_loss=0.2871
  update 329500/500000: consistency_loss=0.0001  pi_loss=-1.5408  reward_loss=0.0223  total_loss=0.0328  value_loss=0.2918
  update 330000/500000: consistency_loss=0.0001  pi_loss=-1.5301  reward_loss=0.0207  total_loss=0.0324  value_loss=0.2829
  update 330500/500000: consistency_loss=0.0001  pi_loss=-1.5488  reward_loss=0.0245  total_loss=0.0317  value_loss=0.2764
  update 331000/500000: consistency_loss=0.0001  pi_loss=-1.5068  reward_loss=0.0097  total_loss=0.0310  value_loss=0.2822
  update 331500/500000: consistency_loss=0.0001  pi_loss=-1.5124  reward_loss=0.0295  total_loss=0.0313  value_loss=0.2674
  update 332000/500000: consistency_loss=0.0001  pi_loss=-1.5141  reward_loss=0.0201  total_loss=0.0321  value_loss=0.2859
  update 332500/500000: consistency_loss=0.0001  pi_loss=-1.5046  reward_loss=0.0307  total_loss=0.0344  value_loss=0.2922
  update 333000/500000: consistency_loss=0.0001  pi_loss=-1.5093  reward_loss=0.0207  total_loss=0.0331  value_loss=0.2899
  update 333500/500000: consistency_loss=0.0001  pi_loss=-1.5066  reward_loss=0.0139  total_loss=0.0329  value_loss=0.2938
  update 334000/500000: consistency_loss=0.0001  pi_loss=-1.5121  reward_loss=0.0164  total_loss=0.0324  value_loss=0.2914
  update 334500/500000: consistency_loss=0.0001  pi_loss=-1.5555  reward_loss=0.0212  total_loss=0.0341  value_loss=0.3008
  update 335000/500000: consistency_loss=0.0001  pi_loss=-1.5493  reward_loss=0.0250  total_loss=0.0326  value_loss=0.2839
  update 335500/500000: consistency_loss=0.0001  pi_loss=-1.5416  reward_loss=0.0171  total_loss=0.0322  value_loss=0.2860
  update 336000/500000: consistency_loss=0.0001  pi_loss=-1.5375  reward_loss=0.0191  total_loss=0.0316  value_loss=0.2824
  update 336500/500000: consistency_loss=0.0001  pi_loss=-1.5391  reward_loss=0.0123  total_loss=0.0324  value_loss=0.2889
  update 337000/500000: consistency_loss=0.0001  pi_loss=-1.5341  reward_loss=0.0277  total_loss=0.0320  value_loss=0.2731
  update 337500/500000: consistency_loss=0.0001  pi_loss=-1.5211  reward_loss=0.0225  total_loss=0.0333  value_loss=0.2922
  update 338000/500000: consistency_loss=0.0001  pi_loss=-1.4996  reward_loss=0.0210  total_loss=0.0316  value_loss=0.2799
  update 338500/500000: consistency_loss=0.0001  pi_loss=-1.4951  reward_loss=0.0223  total_loss=0.0317  value_loss=0.2792
  update 339000/500000: consistency_loss=0.0001  pi_loss=-1.5079  reward_loss=0.0211  total_loss=0.0324  value_loss=0.2848
  update 339500/500000: consistency_loss=0.0001  pi_loss=-1.4765  reward_loss=0.0187  total_loss=0.0315  value_loss=0.2791
  update 340000/500000: consistency_loss=0.0001  pi_loss=-1.4889  reward_loss=0.0271  total_loss=0.0318  value_loss=0.2729
  update 340500/500000: consistency_loss=0.0001  pi_loss=-1.4773  reward_loss=0.0347  total_loss=0.0319  value_loss=0.2690
  update 341000/500000: consistency_loss=0.0001  pi_loss=-1.4763  reward_loss=0.0182  total_loss=0.0316  value_loss=0.2812
  update 341500/500000: consistency_loss=0.0001  pi_loss=-1.5102  reward_loss=0.0273  total_loss=0.0315  value_loss=0.2733
  update 342000/500000: consistency_loss=0.0001  pi_loss=-1.5260  reward_loss=0.0291  total_loss=0.0330  value_loss=0.2813
  update 342500/500000: consistency_loss=0.0001  pi_loss=-1.5305  reward_loss=0.0201  total_loss=0.0328  value_loss=0.2885
  update 343000/500000: consistency_loss=0.0001  pi_loss=-1.5338  reward_loss=0.0191  total_loss=0.0309  value_loss=0.2758
  update 343500/500000: consistency_loss=0.0001  pi_loss=-1.5133  reward_loss=0.0171  total_loss=0.0315  value_loss=0.2789
  update 344000/500000: consistency_loss=0.0001  pi_loss=-1.5682  reward_loss=0.0226  total_loss=0.0328  value_loss=0.2882
  update 344500/500000: consistency_loss=0.0001  pi_loss=-1.5492  reward_loss=0.0207  total_loss=0.0331  value_loss=0.2914
  update 345000/500000: consistency_loss=0.0001  pi_loss=-1.5401  reward_loss=0.0297  total_loss=0.0342  value_loss=0.2941
  update 345500/500000: consistency_loss=0.0001  pi_loss=-1.5399  reward_loss=0.0165  total_loss=0.0328  value_loss=0.2858
  update 346000/500000: consistency_loss=0.0001  pi_loss=-1.5538  reward_loss=0.0236  total_loss=0.0323  value_loss=0.2829
  update 346500/500000: consistency_loss=0.0001  pi_loss=-1.5695  reward_loss=0.0252  total_loss=0.0321  value_loss=0.2813
  update 347000/500000: consistency_loss=0.0001  pi_loss=-1.5817  reward_loss=0.0210  total_loss=0.0313  value_loss=0.2736
  update 347500/500000: consistency_loss=0.0001  pi_loss=-1.5566  reward_loss=0.0222  total_loss=0.0315  value_loss=0.2787
  update 348000/500000: consistency_loss=0.0001  pi_loss=-1.5343  reward_loss=0.0112  total_loss=0.0317  value_loss=0.2866
  update 348500/500000: consistency_loss=0.0001  pi_loss=-1.5629  reward_loss=0.0167  total_loss=0.0306  value_loss=0.2702
  update 349000/500000: consistency_loss=0.0001  pi_loss=-1.5548  reward_loss=0.0210  total_loss=0.0321  value_loss=0.2828
  update 349500/500000: consistency_loss=0.0001  pi_loss=-1.5721  reward_loss=0.0228  total_loss=0.0336  value_loss=0.2939
  update 350000/500000: consistency_loss=0.0001  pi_loss=-1.5911  reward_loss=0.0151  total_loss=0.0331  value_loss=0.3018
  update 350500/500000: consistency_loss=0.0001  pi_loss=-1.5949  reward_loss=0.0295  total_loss=0.0316  value_loss=0.2713
  update 351000/500000: consistency_loss=0.0001  pi_loss=-1.5971  reward_loss=0.0237  total_loss=0.0311  value_loss=0.2715
  update 351500/500000: consistency_loss=0.0001  pi_loss=-1.5907  reward_loss=0.0327  total_loss=0.0328  value_loss=0.2776
  update 352000/500000: consistency_loss=0.0001  pi_loss=-1.5784  reward_loss=0.0190  total_loss=0.0308  value_loss=0.2751
  update 352500/500000: consistency_loss=0.0001  pi_loss=-1.6217  reward_loss=0.0213  total_loss=0.0314  value_loss=0.2758
  update 353000/500000: consistency_loss=0.0001  pi_loss=-1.6529  reward_loss=0.0222  total_loss=0.0319  value_loss=0.2792
  update 353500/500000: consistency_loss=0.0001  pi_loss=-1.6717  reward_loss=0.0173  total_loss=0.0314  value_loss=0.2809
  update 354000/500000: consistency_loss=0.0001  pi_loss=-1.7290  reward_loss=0.0207  total_loss=0.0316  value_loss=0.2763
  update 354500/500000: consistency_loss=0.0001  pi_loss=-1.7653  reward_loss=0.0123  total_loss=0.0305  value_loss=0.2753
  update 355000/500000: consistency_loss=0.0001  pi_loss=-1.8091  reward_loss=0.0215  total_loss=0.0320  value_loss=0.2828
  update 355500/500000: consistency_loss=0.0001  pi_loss=-1.8444  reward_loss=0.0200  total_loss=0.0320  value_loss=0.2816
  update 356000/500000: consistency_loss=0.0001  pi_loss=-1.8537  reward_loss=0.0307  total_loss=0.0333  value_loss=0.2861
  update 356500/500000: consistency_loss=0.0001  pi_loss=-1.8331  reward_loss=0.0165  total_loss=0.0322  value_loss=0.2894
  update 357000/500000: consistency_loss=0.0001  pi_loss=-1.8410  reward_loss=0.0205  total_loss=0.0325  value_loss=0.2880
  update 357500/500000: consistency_loss=0.0001  pi_loss=-1.8296  reward_loss=0.0290  total_loss=0.0334  value_loss=0.2894
  update 358000/500000: consistency_loss=0.0001  pi_loss=-1.8427  reward_loss=0.0226  total_loss=0.0327  value_loss=0.2864
  update 358500/500000: consistency_loss=0.0001  pi_loss=-1.8496  reward_loss=0.0293  total_loss=0.0338  value_loss=0.2895
  update 359000/500000: consistency_loss=0.0001  pi_loss=-1.8226  reward_loss=0.0232  total_loss=0.0331  value_loss=0.2931
  update 359500/500000: consistency_loss=0.0001  pi_loss=-1.8231  reward_loss=0.0193  total_loss=0.0323  value_loss=0.2862
  update 360000/500000: consistency_loss=0.0001  pi_loss=-1.8143  reward_loss=0.0160  total_loss=0.0323  value_loss=0.2920
  update 360500/500000: consistency_loss=0.0001  pi_loss=-1.8044  reward_loss=0.0267  total_loss=0.0346  value_loss=0.3048
  update 361000/500000: consistency_loss=0.0001  pi_loss=-1.8247  reward_loss=0.0293  total_loss=0.0346  value_loss=0.2979
  update 361500/500000: consistency_loss=0.0001  pi_loss=-1.8214  reward_loss=0.0277  total_loss=0.0338  value_loss=0.2941
  update 362000/500000: consistency_loss=0.0001  pi_loss=-1.8623  reward_loss=0.0283  total_loss=0.0347  value_loss=0.3006
  update 362500/500000: consistency_loss=0.0001  pi_loss=-1.8940  reward_loss=0.0157  total_loss=0.0329  value_loss=0.2993
  update 363000/500000: consistency_loss=0.0001  pi_loss=-1.8820  reward_loss=0.0182  total_loss=0.0332  value_loss=0.3000
  update 363500/500000: consistency_loss=0.0001  pi_loss=-1.8654  reward_loss=0.0181  total_loss=0.0327  value_loss=0.2923
  update 364000/500000: consistency_loss=0.0001  pi_loss=-1.8291  reward_loss=0.0238  total_loss=0.0344  value_loss=0.3024
  update 364500/500000: consistency_loss=0.0001  pi_loss=-1.8002  reward_loss=0.0196  total_loss=0.0322  value_loss=0.2873
  update 365000/500000: consistency_loss=0.0001  pi_loss=-1.7809  reward_loss=0.0246  total_loss=0.0349  value_loss=0.3060
  update 365500/500000: consistency_loss=0.0001  pi_loss=-1.7626  reward_loss=0.0279  total_loss=0.0333  value_loss=0.2871
  update 366000/500000: consistency_loss=0.0001  pi_loss=-1.7570  reward_loss=0.0274  total_loss=0.0340  value_loss=0.2932
  update 366500/500000: consistency_loss=0.0001  pi_loss=-1.7681  reward_loss=0.0349  total_loss=0.0349  value_loss=0.2960
  update 367000/500000: consistency_loss=0.0001  pi_loss=-1.7395  reward_loss=0.0301  total_loss=0.0341  value_loss=0.2947
  update 367500/500000: consistency_loss=0.0001  pi_loss=-1.7258  reward_loss=0.0328  total_loss=0.0342  value_loss=0.2963
  update 368000/500000: consistency_loss=0.0001  pi_loss=-1.6779  reward_loss=0.0160  total_loss=0.0323  value_loss=0.2932
  update 368500/500000: consistency_loss=0.0001  pi_loss=-1.6661  reward_loss=0.0241  total_loss=0.0337  value_loss=0.2961
  update 369000/500000: consistency_loss=0.0001  pi_loss=-1.6519  reward_loss=0.0266  total_loss=0.0331  value_loss=0.2870
  update 369500/500000: consistency_loss=0.0001  pi_loss=-1.6579  reward_loss=0.0257  total_loss=0.0336  value_loss=0.2929
  update 370000/500000: consistency_loss=0.0001  pi_loss=-1.6285  reward_loss=0.0205  total_loss=0.0332  value_loss=0.2943
  update 370500/500000: consistency_loss=0.0001  pi_loss=-1.6589  reward_loss=0.0230  total_loss=0.0327  value_loss=0.2873
  update 371000/500000: consistency_loss=0.0001  pi_loss=-1.6395  reward_loss=0.0133  total_loss=0.0320  value_loss=0.2906
  update 371500/500000: consistency_loss=0.0001  pi_loss=-1.6206  reward_loss=0.0065  total_loss=0.0318  value_loss=0.2939
  update 372000/500000: consistency_loss=0.0001  pi_loss=-1.6205  reward_loss=0.0180  total_loss=0.0325  value_loss=0.2879
  update 372500/500000: consistency_loss=0.0001  pi_loss=-1.6285  reward_loss=0.0236  total_loss=0.0343  value_loss=0.2938
  update 373000/500000: consistency_loss=0.0001  pi_loss=-1.6046  reward_loss=0.0286  total_loss=0.0344  value_loss=0.2973
  update 373500/500000: consistency_loss=0.0001  pi_loss=-1.6141  reward_loss=0.0308  total_loss=0.0350  value_loss=0.3043
  update 374000/500000: consistency_loss=0.0001  pi_loss=-1.5909  reward_loss=0.0268  total_loss=0.0329  value_loss=0.2867
  update 374500/500000: consistency_loss=0.0001  pi_loss=-1.5871  reward_loss=0.0291  total_loss=0.0333  value_loss=0.2856
  update 375000/500000: consistency_loss=0.0001  pi_loss=-1.5899  reward_loss=0.0241  total_loss=0.0339  value_loss=0.2986
  update 375500/500000: consistency_loss=0.0001  pi_loss=-1.5737  reward_loss=0.0206  total_loss=0.0336  value_loss=0.2993
  update 376000/500000: consistency_loss=0.0001  pi_loss=-1.5812  reward_loss=0.0226  total_loss=0.0334  value_loss=0.2908
  update 376500/500000: consistency_loss=0.0001  pi_loss=-1.5587  reward_loss=0.0171  total_loss=0.0328  value_loss=0.2942
  update 377000/500000: consistency_loss=0.0001  pi_loss=-1.5542  reward_loss=0.0277  total_loss=0.0327  value_loss=0.2835
  update 377500/500000: consistency_loss=0.0001  pi_loss=-1.5481  reward_loss=0.0272  total_loss=0.0332  value_loss=0.2877
  update 378000/500000: consistency_loss=0.0001  pi_loss=-1.5515  reward_loss=0.0232  total_loss=0.0333  value_loss=0.2909
  update 378500/500000: consistency_loss=0.0001  pi_loss=-1.5557  reward_loss=0.0076  total_loss=0.0320  value_loss=0.2966
  update 379000/500000: consistency_loss=0.0001  pi_loss=-1.5716  reward_loss=0.0176  total_loss=0.0318  value_loss=0.2836
  update 379500/500000: consistency_loss=0.0001  pi_loss=-1.5858  reward_loss=0.0209  total_loss=0.0326  value_loss=0.2903
  update 380000/500000: consistency_loss=0.0001  pi_loss=-1.5960  reward_loss=0.0205  total_loss=0.0321  value_loss=0.2853
  update 380500/500000: consistency_loss=0.0001  pi_loss=-1.6136  reward_loss=0.0162  total_loss=0.0316  value_loss=0.2850
  update 381000/500000: consistency_loss=0.0001  pi_loss=-1.6243  reward_loss=0.0160  total_loss=0.0331  value_loss=0.3014
  update 381500/500000: consistency_loss=0.0001  pi_loss=-1.6791  reward_loss=0.0295  total_loss=0.0344  value_loss=0.2958
  update 382000/500000: consistency_loss=0.0001  pi_loss=-1.6751  reward_loss=0.0250  total_loss=0.0337  value_loss=0.2959
  update 382500/500000: consistency_loss=0.0001  pi_loss=-1.6862  reward_loss=0.0155  total_loss=0.0314  value_loss=0.2797
  update 383000/500000: consistency_loss=0.0001  pi_loss=-1.7451  reward_loss=0.0295  total_loss=0.0342  value_loss=0.2966
  update 383500/500000: consistency_loss=0.0001  pi_loss=-1.7819  reward_loss=0.0268  total_loss=0.0337  value_loss=0.2951
  update 384000/500000: consistency_loss=0.0001  pi_loss=-1.8057  reward_loss=0.0295  total_loss=0.0333  value_loss=0.2879
  update 384500/500000: consistency_loss=0.0001  pi_loss=-1.8101  reward_loss=0.0162  total_loss=0.0333  value_loss=0.2989
  update 385000/500000: consistency_loss=0.0001  pi_loss=-1.8046  reward_loss=0.0181  total_loss=0.0340  value_loss=0.3057
  update 385500/500000: consistency_loss=0.0001  pi_loss=-1.7790  reward_loss=0.0193  total_loss=0.0349  value_loss=0.3149
  update 386000/500000: consistency_loss=0.0001  pi_loss=-1.7534  reward_loss=0.0207  total_loss=0.0342  value_loss=0.3053
  update 386500/500000: consistency_loss=0.0001  pi_loss=-1.7618  reward_loss=0.0136  total_loss=0.0348  value_loss=0.3170
  update 387000/500000: consistency_loss=0.0001  pi_loss=-1.7190  reward_loss=0.0258  total_loss=0.0348  value_loss=0.3025
  update 387500/500000: consistency_loss=0.0001  pi_loss=-1.7477  reward_loss=0.0198  total_loss=0.0330  value_loss=0.2956
  update 388000/500000: consistency_loss=0.0001  pi_loss=-1.7545  reward_loss=0.0209  total_loss=0.0326  value_loss=0.2882
  update 388500/500000: consistency_loss=0.0001  pi_loss=-1.8089  reward_loss=0.0355  total_loss=0.0342  value_loss=0.2907
  update 389000/500000: consistency_loss=0.0001  pi_loss=-1.8092  reward_loss=0.0153  total_loss=0.0323  value_loss=0.2936
  update 389500/500000: consistency_loss=0.0001  pi_loss=-1.7996  reward_loss=0.0257  total_loss=0.0359  value_loss=0.3156
  update 390000/500000: consistency_loss=0.0001  pi_loss=-1.7542  reward_loss=0.0214  total_loss=0.0351  value_loss=0.3103
  update 390500/500000: consistency_loss=0.0001  pi_loss=-1.7508  reward_loss=0.0124  total_loss=0.0335  value_loss=0.3061
  update 391000/500000: consistency_loss=0.0001  pi_loss=-1.7554  reward_loss=0.0259  total_loss=0.0340  value_loss=0.2971
  update 391500/500000: consistency_loss=0.0001  pi_loss=-1.7443  reward_loss=0.0263  total_loss=0.0349  value_loss=0.3067
  update 392000/500000: consistency_loss=0.0001  pi_loss=-1.7513  reward_loss=0.0220  total_loss=0.0332  value_loss=0.2929
  update 392500/500000: consistency_loss=0.0001  pi_loss=-1.7750  reward_loss=0.0153  total_loss=0.0315  value_loss=0.2829
  update 393000/500000: consistency_loss=0.0001  pi_loss=-1.8002  reward_loss=0.0205  total_loss=0.0324  value_loss=0.2873
  update 393500/500000: consistency_loss=0.0001  pi_loss=-1.8225  reward_loss=0.0376  total_loss=0.0345  value_loss=0.2897
  update 394000/500000: consistency_loss=0.0001  pi_loss=-1.8259  reward_loss=0.0223  total_loss=0.0344  value_loss=0.3045
  update 394500/500000: consistency_loss=0.0001  pi_loss=-1.8488  reward_loss=0.0173  total_loss=0.0327  value_loss=0.2903
  update 395000/500000: consistency_loss=0.0001  pi_loss=-1.8460  reward_loss=0.0169  total_loss=0.0334  value_loss=0.2960
  update 395500/500000: consistency_loss=0.0001  pi_loss=-1.8446  reward_loss=0.0288  total_loss=0.0340  value_loss=0.2961
  update 396000/500000: consistency_loss=0.0001  pi_loss=-1.8446  reward_loss=0.0328  total_loss=0.0357  value_loss=0.3076
  update 396500/500000: consistency_loss=0.0001  pi_loss=-1.8205  reward_loss=0.0248  total_loss=0.0352  value_loss=0.3105
  update 397000/500000: consistency_loss=0.0001  pi_loss=-1.7981  reward_loss=0.0221  total_loss=0.0344  value_loss=0.3030
  update 397500/500000: consistency_loss=0.0001  pi_loss=-1.7627  reward_loss=0.0154  total_loss=0.0330  value_loss=0.2948
  update 398000/500000: consistency_loss=0.0001  pi_loss=-1.7514  reward_loss=0.0306  total_loss=0.0343  value_loss=0.2986
  update 398500/500000: consistency_loss=0.0001  pi_loss=-1.7666  reward_loss=0.0308  total_loss=0.0340  value_loss=0.2929
  update 399000/500000: consistency_loss=0.0001  pi_loss=-1.7683  reward_loss=0.0187  total_loss=0.0332  value_loss=0.2973
  update 399500/500000: consistency_loss=0.0001  pi_loss=-1.8055  reward_loss=0.0217  total_loss=0.0340  value_loss=0.3011
  update 400000/500000: consistency_loss=0.0001  pi_loss=-1.8247  reward_loss=0.0106  total_loss=0.0316  value_loss=0.2893
Saved checkpoint at update 400000
  update 400500/500000: consistency_loss=0.0001  pi_loss=-1.8435  reward_loss=0.0185  total_loss=0.0329  value_loss=0.2957
  update 401000/500000: consistency_loss=0.0001  pi_loss=-1.8776  reward_loss=0.0318  total_loss=0.0357  value_loss=0.3084
  update 401500/500000: consistency_loss=0.0001  pi_loss=-1.9082  reward_loss=0.0151  total_loss=0.0341  value_loss=0.3115
  update 402000/500000: consistency_loss=0.0001  pi_loss=-1.8990  reward_loss=0.0247  total_loss=0.0337  value_loss=0.2960
  update 402500/500000: consistency_loss=0.0001  pi_loss=-1.9212  reward_loss=0.0251  total_loss=0.0340  value_loss=0.3004
  update 403000/500000: consistency_loss=0.0001  pi_loss=-1.9028  reward_loss=0.0265  total_loss=0.0350  value_loss=0.3057
  update 403500/500000: consistency_loss=0.0001  pi_loss=-1.8765  reward_loss=0.0330  total_loss=0.0346  value_loss=0.2962
  update 404000/500000: consistency_loss=0.0001  pi_loss=-1.8821  reward_loss=0.0254  total_loss=0.0348  value_loss=0.3013
  update 404500/500000: consistency_loss=0.0001  pi_loss=-1.8574  reward_loss=0.0265  total_loss=0.0343  value_loss=0.3012
  update 405000/500000: consistency_loss=0.0001  pi_loss=-1.8408  reward_loss=0.0277  total_loss=0.0338  value_loss=0.2906
  update 405500/500000: consistency_loss=0.0001  pi_loss=-1.8017  reward_loss=0.0328  total_loss=0.0361  value_loss=0.3074
  update 406000/500000: consistency_loss=0.0001  pi_loss=-1.7587  reward_loss=0.0265  total_loss=0.0345  value_loss=0.3021
  update 406500/500000: consistency_loss=0.0001  pi_loss=-1.7134  reward_loss=0.0297  total_loss=0.0357  value_loss=0.3115
  update 407000/500000: consistency_loss=0.0001  pi_loss=-1.6597  reward_loss=0.0212  total_loss=0.0335  value_loss=0.2968
  update 407500/500000: consistency_loss=0.0001  pi_loss=-1.6105  reward_loss=0.0230  total_loss=0.0331  value_loss=0.2911
  update 408000/500000: consistency_loss=0.0001  pi_loss=-1.5611  reward_loss=0.0270  total_loss=0.0332  value_loss=0.2900
  update 408500/500000: consistency_loss=0.0001  pi_loss=-1.5084  reward_loss=0.0077  total_loss=0.0323  value_loss=0.2998
  update 409000/500000: consistency_loss=0.0001  pi_loss=-1.4641  reward_loss=0.0297  total_loss=0.0325  value_loss=0.2794
  update 409500/500000: consistency_loss=0.0001  pi_loss=-1.4263  reward_loss=0.0164  total_loss=0.0327  value_loss=0.2950
  update 410000/500000: consistency_loss=0.0001  pi_loss=-1.3735  reward_loss=0.0243  total_loss=0.0326  value_loss=0.2856
  update 410500/500000: consistency_loss=0.0001  pi_loss=-1.3541  reward_loss=0.0111  total_loss=0.0313  value_loss=0.2870
  update 411000/500000: consistency_loss=0.0001  pi_loss=-1.3502  reward_loss=0.0304  total_loss=0.0354  value_loss=0.3058
  update 411500/500000: consistency_loss=0.0001  pi_loss=-1.3426  reward_loss=0.0232  total_loss=0.0339  value_loss=0.2988
  update 412000/500000: consistency_loss=0.0001  pi_loss=-1.3625  reward_loss=0.0254  total_loss=0.0331  value_loss=0.2908
  update 412500/500000: consistency_loss=0.0001  pi_loss=-1.3468  reward_loss=0.0232  total_loss=0.0333  value_loss=0.2934
  update 413000/500000: consistency_loss=0.0001  pi_loss=-1.3448  reward_loss=0.0228  total_loss=0.0327  value_loss=0.2876
  update 413500/500000: consistency_loss=0.0001  pi_loss=-1.3654  reward_loss=0.0211  total_loss=0.0331  value_loss=0.2911
  update 414000/500000: consistency_loss=0.0001  pi_loss=-1.3657  reward_loss=0.0198  total_loss=0.0338  value_loss=0.3034
  update 414500/500000: consistency_loss=0.0001  pi_loss=-1.3528  reward_loss=0.0304  total_loss=0.0346  value_loss=0.2996
  update 415000/500000: consistency_loss=0.0001  pi_loss=-1.3572  reward_loss=0.0198  total_loss=0.0339  value_loss=0.3019
  update 415500/500000: consistency_loss=0.0001  pi_loss=-1.3813  reward_loss=0.0260  total_loss=0.0336  value_loss=0.2927
  update 416000/500000: consistency_loss=0.0001  pi_loss=-1.4020  reward_loss=0.0293  total_loss=0.0347  value_loss=0.3016
  update 416500/500000: consistency_loss=0.0001  pi_loss=-1.4226  reward_loss=0.0221  total_loss=0.0322  value_loss=0.2820
  update 417000/500000: consistency_loss=0.0001  pi_loss=-1.4338  reward_loss=0.0241  total_loss=0.0323  value_loss=0.2858
  update 417500/500000: consistency_loss=0.0001  pi_loss=-1.4470  reward_loss=0.0178  total_loss=0.0330  value_loss=0.2959
  update 418000/500000: consistency_loss=0.0001  pi_loss=-1.4702  reward_loss=0.0292  total_loss=0.0331  value_loss=0.2851
  update 418500/500000: consistency_loss=0.0001  pi_loss=-1.4557  reward_loss=0.0209  total_loss=0.0322  value_loss=0.2858
  update 419000/500000: consistency_loss=0.0001  pi_loss=-1.4761  reward_loss=0.0215  total_loss=0.0330  value_loss=0.2945
  update 419500/500000: consistency_loss=0.0001  pi_loss=-1.4955  reward_loss=0.0164  total_loss=0.0319  value_loss=0.2867
  update 420000/500000: consistency_loss=0.0001  pi_loss=-1.4581  reward_loss=0.0188  total_loss=0.0331  value_loss=0.2952
  update 420500/500000: consistency_loss=0.0001  pi_loss=-1.4548  reward_loss=0.0196  total_loss=0.0320  value_loss=0.2853
  update 421000/500000: consistency_loss=0.0001  pi_loss=-1.4733  reward_loss=0.0169  total_loss=0.0324  value_loss=0.2913
  update 421500/500000: consistency_loss=0.0001  pi_loss=-1.4589  reward_loss=0.0252  total_loss=0.0339  value_loss=0.2962
  update 422000/500000: consistency_loss=0.0001  pi_loss=-1.4633  reward_loss=0.0191  total_loss=0.0334  value_loss=0.2969
  update 422500/500000: consistency_loss=0.0001  pi_loss=-1.4893  reward_loss=0.0268  total_loss=0.0330  value_loss=0.2880
  update 423000/500000: consistency_loss=0.0001  pi_loss=-1.4936  reward_loss=0.0137  total_loss=0.0321  value_loss=0.2906
  update 423500/500000: consistency_loss=0.0001  pi_loss=-1.5381  reward_loss=0.0236  total_loss=0.0335  value_loss=0.2963
  update 424000/500000: consistency_loss=0.0001  pi_loss=-1.5511  reward_loss=0.0146  total_loss=0.0334  value_loss=0.3045
  update 424500/500000: consistency_loss=0.0001  pi_loss=-1.5527  reward_loss=0.0178  total_loss=0.0323  value_loss=0.2892
  update 425000/500000: consistency_loss=0.0001  pi_loss=-1.5498  reward_loss=0.0201  total_loss=0.0348  value_loss=0.3118
  update 425500/500000: consistency_loss=0.0001  pi_loss=-1.5383  reward_loss=0.0187  total_loss=0.0335  value_loss=0.3008
  update 426000/500000: consistency_loss=0.0001  pi_loss=-1.5334  reward_loss=0.0146  total_loss=0.0334  value_loss=0.3052
  update 426500/500000: consistency_loss=0.0001  pi_loss=-1.5347  reward_loss=0.0232  total_loss=0.0340  value_loss=0.3020
  update 427000/500000: consistency_loss=0.0001  pi_loss=-1.5487  reward_loss=0.0153  total_loss=0.0328  value_loss=0.2988
  update 427500/500000: consistency_loss=0.0001  pi_loss=-1.5416  reward_loss=0.0269  total_loss=0.0345  value_loss=0.3007
  update 428000/500000: consistency_loss=0.0001  pi_loss=-1.5542  reward_loss=0.0151  total_loss=0.0324  value_loss=0.2951
  update 428500/500000: consistency_loss=0.0001  pi_loss=-1.5383  reward_loss=0.0256  total_loss=0.0334  value_loss=0.2938
  update 429000/500000: consistency_loss=0.0001  pi_loss=-1.5767  reward_loss=0.0209  total_loss=0.0334  value_loss=0.2961
  update 429500/500000: consistency_loss=0.0001  pi_loss=-1.5903  reward_loss=0.0169  total_loss=0.0328  value_loss=0.2955
  update 430000/500000: consistency_loss=0.0001  pi_loss=-1.6263  reward_loss=0.0260  total_loss=0.0344  value_loss=0.3019
  update 430500/500000: consistency_loss=0.0001  pi_loss=-1.6607  reward_loss=0.0218  total_loss=0.0332  value_loss=0.2943
  update 431000/500000: consistency_loss=0.0001  pi_loss=-1.7020  reward_loss=0.0244  total_loss=0.0343  value_loss=0.3016
  update 431500/500000: consistency_loss=0.0001  pi_loss=-1.7622  reward_loss=0.0169  total_loss=0.0345  value_loss=0.3107
  update 432000/500000: consistency_loss=0.0001  pi_loss=-1.7916  reward_loss=0.0155  total_loss=0.0334  value_loss=0.3025
  update 432500/500000: consistency_loss=0.0001  pi_loss=-1.8237  reward_loss=0.0293  total_loss=0.0362  value_loss=0.3161
  update 433000/500000: consistency_loss=0.0001  pi_loss=-1.8541  reward_loss=0.0147  total_loss=0.0327  value_loss=0.2981
  update 433500/500000: consistency_loss=0.0001  pi_loss=-1.8657  reward_loss=0.0160  total_loss=0.0322  value_loss=0.2897
  update 434000/500000: consistency_loss=0.0001  pi_loss=-1.8321  reward_loss=0.0176  total_loss=0.0326  value_loss=0.2927
  update 434500/500000: consistency_loss=0.0001  pi_loss=-1.8177  reward_loss=0.0180  total_loss=0.0321  value_loss=0.2879
  update 435000/500000: consistency_loss=0.0001  pi_loss=-1.7868  reward_loss=0.0189  total_loss=0.0308  value_loss=0.2727
  update 435500/500000: consistency_loss=0.0001  pi_loss=-1.7928  reward_loss=0.0177  total_loss=0.0314  value_loss=0.2754
  update 436000/500000: consistency_loss=0.0001  pi_loss=-1.8052  reward_loss=0.0105  total_loss=0.0306  value_loss=0.2797
  update 436500/500000: consistency_loss=0.0001  pi_loss=-1.8238  reward_loss=0.0205  total_loss=0.0317  value_loss=0.2816
  update 437000/500000: consistency_loss=0.0001  pi_loss=-1.8598  reward_loss=0.0234  total_loss=0.0327  value_loss=0.2895
  update 437500/500000: consistency_loss=0.0001  pi_loss=-1.8336  reward_loss=0.0215  total_loss=0.0319  value_loss=0.2810
  update 438000/500000: consistency_loss=0.0001  pi_loss=-1.8522  reward_loss=0.0210  total_loss=0.0320  value_loss=0.2837
  update 438500/500000: consistency_loss=0.0001  pi_loss=-1.8396  reward_loss=0.0178  total_loss=0.0323  value_loss=0.2910
  update 439000/500000: consistency_loss=0.0001  pi_loss=-1.8601  reward_loss=0.0284  total_loss=0.0336  value_loss=0.2912
  update 439500/500000: consistency_loss=0.0001  pi_loss=-1.8569  reward_loss=0.0306  total_loss=0.0333  value_loss=0.2890
  update 440000/500000: consistency_loss=0.0001  pi_loss=-1.8259  reward_loss=0.0218  total_loss=0.0329  value_loss=0.2908
  update 440500/500000: consistency_loss=0.0001  pi_loss=-1.8677  reward_loss=0.0140  total_loss=0.0330  value_loss=0.2893
  update 441000/500000: consistency_loss=0.0001  pi_loss=-1.8623  reward_loss=0.0215  total_loss=0.0333  value_loss=0.2972
  update 441500/500000: consistency_loss=0.0001  pi_loss=-1.8831  reward_loss=0.0217  total_loss=0.0319  value_loss=0.2837
  update 442000/500000: consistency_loss=0.0001  pi_loss=-1.8729  reward_loss=0.0167  total_loss=0.0306  value_loss=0.2747
  update 442500/500000: consistency_loss=0.0001  pi_loss=-1.8468  reward_loss=0.0178  total_loss=0.0317  value_loss=0.2859
  update 443000/500000: consistency_loss=0.0001  pi_loss=-1.8624  reward_loss=0.0254  total_loss=0.0327  value_loss=0.2885
  update 443500/500000: consistency_loss=0.0001  pi_loss=-1.8675  reward_loss=0.0268  total_loss=0.0338  value_loss=0.2948
  update 444000/500000: consistency_loss=0.0001  pi_loss=-1.8284  reward_loss=0.0186  total_loss=0.0336  value_loss=0.2980
  update 444500/500000: consistency_loss=0.0001  pi_loss=-1.8239  reward_loss=0.0216  total_loss=0.0335  value_loss=0.2989
  update 445000/500000: consistency_loss=0.0001  pi_loss=-1.8107  reward_loss=0.0200  total_loss=0.0321  value_loss=0.2859
  update 445500/500000: consistency_loss=0.0001  pi_loss=-1.8042  reward_loss=0.0259  total_loss=0.0336  value_loss=0.2934
  update 446000/500000: consistency_loss=0.0001  pi_loss=-1.7840  reward_loss=0.0205  total_loss=0.0328  value_loss=0.2884
  update 446500/500000: consistency_loss=0.0001  pi_loss=-1.8048  reward_loss=0.0209  total_loss=0.0330  value_loss=0.2931
  update 447000/500000: consistency_loss=0.0001  pi_loss=-1.8306  reward_loss=0.0246  total_loss=0.0315  value_loss=0.2719
  update 447500/500000: consistency_loss=0.0001  pi_loss=-1.8539  reward_loss=0.0189  total_loss=0.0329  value_loss=0.2933
  update 448000/500000: consistency_loss=0.0001  pi_loss=-1.8966  reward_loss=0.0180  total_loss=0.0320  value_loss=0.2838
  update 448500/500000: consistency_loss=0.0001  pi_loss=-1.8514  reward_loss=0.0184  total_loss=0.0309  value_loss=0.2753
  update 449000/500000: consistency_loss=0.0001  pi_loss=-1.8672  reward_loss=0.0325  total_loss=0.0338  value_loss=0.2902
  update 449500/500000: consistency_loss=0.0001  pi_loss=-1.8462  reward_loss=0.0214  total_loss=0.0322  value_loss=0.2861
  update 450000/500000: consistency_loss=0.0001  pi_loss=-1.8008  reward_loss=0.0175  total_loss=0.0317  value_loss=0.2845
  update 450500/500000: consistency_loss=0.0001  pi_loss=-1.7985  reward_loss=0.0272  total_loss=0.0325  value_loss=0.2819
  update 451000/500000: consistency_loss=0.0001  pi_loss=-1.7752  reward_loss=0.0261  total_loss=0.0329  value_loss=0.2880
  update 451500/500000: consistency_loss=0.0001  pi_loss=-1.8055  reward_loss=0.0232  total_loss=0.0335  value_loss=0.2967
  update 452000/500000: consistency_loss=0.0001  pi_loss=-1.8235  reward_loss=0.0232  total_loss=0.0325  value_loss=0.2868
  update 452500/500000: consistency_loss=0.0001  pi_loss=-1.7791  reward_loss=0.0295  total_loss=0.0331  value_loss=0.2866
  update 453000/500000: consistency_loss=0.0001  pi_loss=-1.8029  reward_loss=0.0225  total_loss=0.0332  value_loss=0.2920
  update 453500/500000: consistency_loss=0.0001  pi_loss=-1.7858  reward_loss=0.0243  total_loss=0.0324  value_loss=0.2827
  update 454000/500000: consistency_loss=0.0001  pi_loss=-1.7758  reward_loss=0.0218  total_loss=0.0322  value_loss=0.2852
  update 454500/500000: consistency_loss=0.0001  pi_loss=-1.7413  reward_loss=0.0230  total_loss=0.0311  value_loss=0.2734
  update 455000/500000: consistency_loss=0.0001  pi_loss=-1.7395  reward_loss=0.0184  total_loss=0.0321  value_loss=0.2867
  update 455500/500000: consistency_loss=0.0001  pi_loss=-1.7226  reward_loss=0.0198  total_loss=0.0302  value_loss=0.2673
  update 456000/500000: consistency_loss=0.0001  pi_loss=-1.7067  reward_loss=0.0220  total_loss=0.0314  value_loss=0.2759
  update 456500/500000: consistency_loss=0.0001  pi_loss=-1.7158  reward_loss=0.0247  total_loss=0.0314  value_loss=0.2722
  update 457000/500000: consistency_loss=0.0001  pi_loss=-1.6892  reward_loss=0.0144  total_loss=0.0327  value_loss=0.2961
  update 457500/500000: consistency_loss=0.0001  pi_loss=-1.6637  reward_loss=0.0321  total_loss=0.0327  value_loss=0.2805
  update 458000/500000: consistency_loss=0.0001  pi_loss=-1.6225  reward_loss=0.0266  total_loss=0.0334  value_loss=0.2897
  update 458500/500000: consistency_loss=0.0001  pi_loss=-1.6185  reward_loss=0.0207  total_loss=0.0329  value_loss=0.2939
  update 459000/500000: consistency_loss=0.0001  pi_loss=-1.5461  reward_loss=0.0214  total_loss=0.0323  value_loss=0.2871
  update 459500/500000: consistency_loss=0.0001  pi_loss=-1.4831  reward_loss=0.0184  total_loss=0.0304  value_loss=0.2711
  update 460000/500000: consistency_loss=0.0001  pi_loss=-1.4534  reward_loss=0.0171  total_loss=0.0306  value_loss=0.2723
  update 460500/500000: consistency_loss=0.0001  pi_loss=-1.3999  reward_loss=0.0205  total_loss=0.0312  value_loss=0.2786
  update 461000/500000: consistency_loss=0.0001  pi_loss=-1.3683  reward_loss=0.0202  total_loss=0.0312  value_loss=0.2755
  update 461500/500000: consistency_loss=0.0001  pi_loss=-1.3599  reward_loss=0.0229  total_loss=0.0324  value_loss=0.2867
  update 462000/500000: consistency_loss=0.0001  pi_loss=-1.3365  reward_loss=0.0173  total_loss=0.0322  value_loss=0.2899
  update 462500/500000: consistency_loss=0.0001  pi_loss=-1.3228  reward_loss=0.0180  total_loss=0.0314  value_loss=0.2805
  update 463000/500000: consistency_loss=0.0001  pi_loss=-1.3223  reward_loss=0.0182  total_loss=0.0319  value_loss=0.2777
  update 463500/500000: consistency_loss=0.0001  pi_loss=-1.3424  reward_loss=0.0240  total_loss=0.0331  value_loss=0.2906
  update 464000/500000: consistency_loss=0.0001  pi_loss=-1.3425  reward_loss=0.0191  total_loss=0.0321  value_loss=0.2847
  update 464500/500000: consistency_loss=0.0001  pi_loss=-1.3655  reward_loss=0.0313  total_loss=0.0319  value_loss=0.2715
  update 465000/500000: consistency_loss=0.0001  pi_loss=-1.3765  reward_loss=0.0203  total_loss=0.0317  value_loss=0.2808
  update 465500/500000: consistency_loss=0.0001  pi_loss=-1.4131  reward_loss=0.0239  total_loss=0.0330  value_loss=0.2905
  update 466000/500000: consistency_loss=0.0001  pi_loss=-1.4334  reward_loss=0.0256  total_loss=0.0333  value_loss=0.2902
  update 466500/500000: consistency_loss=0.0001  pi_loss=-1.4871  reward_loss=0.0164  total_loss=0.0317  value_loss=0.2866
  update 467000/500000: consistency_loss=0.0001  pi_loss=-1.5288  reward_loss=0.0268  total_loss=0.0322  value_loss=0.2814
  update 467500/500000: consistency_loss=0.0001  pi_loss=-1.4908  reward_loss=0.0212  total_loss=0.0330  value_loss=0.2921
  update 468000/500000: consistency_loss=0.0001  pi_loss=-1.4369  reward_loss=0.0203  total_loss=0.0320  value_loss=0.2828
  update 468500/500000: consistency_loss=0.0001  pi_loss=-1.4158  reward_loss=0.0256  total_loss=0.0322  value_loss=0.2827
  update 469000/500000: consistency_loss=0.0001  pi_loss=-1.3890  reward_loss=0.0151  total_loss=0.0327  value_loss=0.2956
  update 469500/500000: consistency_loss=0.0001  pi_loss=-1.3488  reward_loss=0.0317  total_loss=0.0328  value_loss=0.2817
  update 470000/500000: consistency_loss=0.0001  pi_loss=-1.2833  reward_loss=0.0159  total_loss=0.0316  value_loss=0.2860
  update 470500/500000: consistency_loss=0.0001  pi_loss=-1.2598  reward_loss=0.0290  total_loss=0.0346  value_loss=0.3025
  update 471000/500000: consistency_loss=0.0001  pi_loss=-1.2501  reward_loss=0.0203  total_loss=0.0329  value_loss=0.2941
  update 471500/500000: consistency_loss=0.0001  pi_loss=-1.2341  reward_loss=0.0356  total_loss=0.0373  value_loss=0.3168
  update 472000/500000: consistency_loss=0.0001  pi_loss=-1.2412  reward_loss=0.0260  total_loss=0.0353  value_loss=0.3089
  update 472500/500000: consistency_loss=0.0001  pi_loss=-1.1909  reward_loss=0.0209  total_loss=0.0333  value_loss=0.2951
  update 473000/500000: consistency_loss=0.0001  pi_loss=-1.1763  reward_loss=0.0216  total_loss=0.0335  value_loss=0.3002
  update 473500/500000: consistency_loss=0.0001  pi_loss=-1.1848  reward_loss=0.0243  total_loss=0.0340  value_loss=0.3017
  update 474000/500000: consistency_loss=0.0001  pi_loss=-1.1888  reward_loss=0.0184  total_loss=0.0326  value_loss=0.2901
  update 474500/500000: consistency_loss=0.0001  pi_loss=-1.1916  reward_loss=0.0167  total_loss=0.0339  value_loss=0.3038
  update 475000/500000: consistency_loss=0.0001  pi_loss=-1.2190  reward_loss=0.0252  total_loss=0.0341  value_loss=0.2987
  update 475500/500000: consistency_loss=0.0001  pi_loss=-1.2393  reward_loss=0.0211  total_loss=0.0333  value_loss=0.2977
  update 476000/500000: consistency_loss=0.0001  pi_loss=-1.2281  reward_loss=0.0160  total_loss=0.0317  value_loss=0.2871
  update 476500/500000: consistency_loss=0.0001  pi_loss=-1.2588  reward_loss=0.0254  total_loss=0.0341  value_loss=0.3010
  update 477000/500000: consistency_loss=0.0001  pi_loss=-1.2649  reward_loss=0.0241  total_loss=0.0347  value_loss=0.3077
  update 477500/500000: consistency_loss=0.0001  pi_loss=-1.2843  reward_loss=0.0184  total_loss=0.0334  value_loss=0.3002
  update 478000/500000: consistency_loss=0.0001  pi_loss=-1.2898  reward_loss=0.0208  total_loss=0.0337  value_loss=0.3012
  update 478500/500000: consistency_loss=0.0001  pi_loss=-1.3098  reward_loss=0.0290  total_loss=0.0345  value_loss=0.2996
  update 479000/500000: consistency_loss=0.0001  pi_loss=-1.3250  reward_loss=0.0203  total_loss=0.0330  value_loss=0.2947
  update 479500/500000: consistency_loss=0.0001  pi_loss=-1.3543  reward_loss=0.0284  total_loss=0.0340  value_loss=0.2954
  update 480000/500000: consistency_loss=0.0001  pi_loss=-1.3932  reward_loss=0.0335  total_loss=0.0358  value_loss=0.3049
  update 480500/500000: consistency_loss=0.0001  pi_loss=-1.4325  reward_loss=0.0167  total_loss=0.0343  value_loss=0.3119
  update 481000/500000: consistency_loss=0.0001  pi_loss=-1.4878  reward_loss=0.0182  total_loss=0.0330  value_loss=0.2955
  update 481500/500000: consistency_loss=0.0001  pi_loss=-1.4997  reward_loss=0.0296  total_loss=0.0345  value_loss=0.3002
  update 482000/500000: consistency_loss=0.0001  pi_loss=-1.5097  reward_loss=0.0232  total_loss=0.0335  value_loss=0.2974
  update 482500/500000: consistency_loss=0.0001  pi_loss=-1.5000  reward_loss=0.0205  total_loss=0.0332  value_loss=0.2987
  update 483000/500000: consistency_loss=0.0001  pi_loss=-1.4609  reward_loss=0.0231  total_loss=0.0332  value_loss=0.2926
  update 483500/500000: consistency_loss=0.0001  pi_loss=-1.4490  reward_loss=0.0201  total_loss=0.0349  value_loss=0.3136
  update 484000/500000: consistency_loss=0.0001  pi_loss=-1.4072  reward_loss=0.0157  total_loss=0.0345  value_loss=0.3136
  update 484500/500000: consistency_loss=0.0001  pi_loss=-1.3688  reward_loss=0.0248  total_loss=0.0353  value_loss=0.3119
  update 485000/500000: consistency_loss=0.0001  pi_loss=-1.3405  reward_loss=0.0173  total_loss=0.0337  value_loss=0.3064
  update 485500/500000: consistency_loss=0.0001  pi_loss=-1.3077  reward_loss=0.0189  total_loss=0.0347  value_loss=0.3136
  update 486000/500000: consistency_loss=0.0001  pi_loss=-1.3124  reward_loss=0.0185  total_loss=0.0342  value_loss=0.3038
  update 486500/500000: consistency_loss=0.0001  pi_loss=-1.3089  reward_loss=0.0193  total_loss=0.0327  value_loss=0.2925
  update 487000/500000: consistency_loss=0.0001  pi_loss=-1.3251  reward_loss=0.0227  total_loss=0.0318  value_loss=0.2813
  update 487500/500000: consistency_loss=0.0001  pi_loss=-1.3190  reward_loss=0.0166  total_loss=0.0332  value_loss=0.2973
  update 488000/500000: consistency_loss=0.0001  pi_loss=-1.3239  reward_loss=0.0142  total_loss=0.0335  value_loss=0.3051
  update 488500/500000: consistency_loss=0.0001  pi_loss=-1.3409  reward_loss=0.0174  total_loss=0.0339  value_loss=0.3063
  update 489000/500000: consistency_loss=0.0001  pi_loss=-1.3322  reward_loss=0.0223  total_loss=0.0346  value_loss=0.3082
  update 489500/500000: consistency_loss=0.0001  pi_loss=-1.3484  reward_loss=0.0240  total_loss=0.0351  value_loss=0.3122
  update 490000/500000: consistency_loss=0.0001  pi_loss=-1.3520  reward_loss=0.0302  total_loss=0.0368  value_loss=0.3199
  update 490500/500000: consistency_loss=0.0001  pi_loss=-1.3444  reward_loss=0.0112  total_loss=0.0336  value_loss=0.3116
  update 491000/500000: consistency_loss=0.0001  pi_loss=-1.3725  reward_loss=0.0282  total_loss=0.0350  value_loss=0.3045
  update 491500/500000: consistency_loss=0.0001  pi_loss=-1.3732  reward_loss=0.0206  total_loss=0.0318  value_loss=0.2820
  update 492000/500000: consistency_loss=0.0001  pi_loss=-1.3888  reward_loss=0.0191  total_loss=0.0326  value_loss=0.2930
  update 492500/500000: consistency_loss=0.0001  pi_loss=-1.4196  reward_loss=0.0306  total_loss=0.0353  value_loss=0.3077
  update 493000/500000: consistency_loss=0.0001  pi_loss=-1.4067  reward_loss=0.0193  total_loss=0.0335  value_loss=0.3013
  update 493500/500000: consistency_loss=0.0001  pi_loss=-1.4096  reward_loss=0.0265  total_loss=0.0351  value_loss=0.3094
  update 494000/500000: consistency_loss=0.0001  pi_loss=-1.4125  reward_loss=0.0290  total_loss=0.0351  value_loss=0.3068
  update 494500/500000: consistency_loss=0.0001  pi_loss=-1.4244  reward_loss=0.0248  total_loss=0.0351  value_loss=0.3108
  update 495000/500000: consistency_loss=0.0001  pi_loss=-1.4439  reward_loss=0.0293  total_loss=0.0355  value_loss=0.3108
  update 495500/500000: consistency_loss=0.0001  pi_loss=-1.4453  reward_loss=0.0261  total_loss=0.0354  value_loss=0.3109
  update 496000/500000: consistency_loss=0.0001  pi_loss=-1.4400  reward_loss=0.0232  total_loss=0.0341  value_loss=0.3042
  update 496500/500000: consistency_loss=0.0001  pi_loss=-1.4636  reward_loss=0.0316  total_loss=0.0359  value_loss=0.3127
  update 497000/500000: consistency_loss=0.0001  pi_loss=-1.4407  reward_loss=0.0187  total_loss=0.0331  value_loss=0.2992
  update 497500/500000: consistency_loss=0.0001  pi_loss=-1.4219  reward_loss=0.0261  total_loss=0.0351  value_loss=0.3009
  update 498000/500000: consistency_loss=0.0001  pi_loss=-1.4002  reward_loss=0.0285  total_loss=0.0351  value_loss=0.3071
  update 498500/500000: consistency_loss=0.0001  pi_loss=-1.4230  reward_loss=0.0288  total_loss=0.0365  value_loss=0.3200
  update 499000/500000: consistency_loss=0.0001  pi_loss=-1.4896  reward_loss=0.0160  total_loss=0.0347  value_loss=0.3158
  update 499500/500000: consistency_loss=0.0001  pi_loss=-1.5027  reward_loss=0.0173  total_loss=0.0349  value_loss=0.3132
  update 500000/500000: consistency_loss=0.0001  pi_loss=-1.5319  reward_loss=0.0218  total_loss=0.0353  value_loss=0.3147
DONE: 500000 updates -> /workspace/dreamerv3_runs/tm2wm_finger_awareq1s0_seed6/tm2_ckpt.pt
[Fri Jul 17 07:39:23 UTC 2026] adapt RUN_ID=adapt_tm2awareq1s0_finger_seed6_ckpt500000 TASK=dmc_finger_turn_hard STEPS=125000 SEED=6
/workspace/conda_envs/dreamerv3/lib/python3.11/site-packages/tensordict/_td.py:612: FutureWarning: TensorDict.to_module() is replacing an existing nn.Parameter in the destination module with a tensor leaf that is not an nn.Parameter. This historical behavior can remove the key from module.state_dict(). In tensordict v0.14, to_module() will preserve existing module parameter and buffer registrations by default. Pass preserve_module_state=False to keep the current replacement behavior, or preserve_module_state=True to opt in to the v0.14 behavior now.
  local_out = _set_tensor_dict(
Episode length: 1000
Discount factor: 0.995
Traceback (most recent call last):
  File "<frozen runpy>", line 198, in _run_module_as_main
  File "<frozen runpy>", line 88, in _run_code
  File "/workspace/dreamerv3/probing/tdmpc2_adapt.py", line 163, in <module>
    main()
  File "/workspace/dreamerv3/probing/tdmpc2_adapt.py", line 121, in main
    frozen_keys = load_frozen_wm(agent, args.pretrained)
                  ^^^^^^^^^^^^^^^^^^^^^^^^^^^^^^^^^^^^^^
  File "/workspace/dreamerv3/probing/tdmpc2_adapt.py", line 64, in load_frozen_wm
    missing, unexpected = agent.model.load_state_dict(keep, strict=False)
                          ^^^^^^^^^^^^^^^^^^^^^^^^^^^^^^^^^^^^^^^^^^^^^^^
  File "/workspace/conda_envs/dreamerv3/lib/python3.11/site-packages/torch/nn/modules/module.py", line 2618, in load_state_dict
    load(self, state_dict)
  File "/workspace/conda_envs/dreamerv3/lib/python3.11/site-packages/torch/nn/modules/module.py", line 2605, in load
    load(child, child_state_dict, child_prefix)  # noqa: F821
    ^^^^^^^^^^^^^^^^^^^^^^^^^^^^^^^^^^^^^^^^^^^
  File "/workspace/conda_envs/dreamerv3/lib/python3.11/site-packages/torch/nn/modules/module.py", line 2605, in load
    load(child, child_state_dict, child_prefix)  # noqa: F821
    ^^^^^^^^^^^^^^^^^^^^^^^^^^^^^^^^^^^^^^^^^^^
  File "/workspace/conda_envs/dreamerv3/lib/python3.11/site-packages/torch/nn/modules/module.py", line 2588, in load
    module._load_from_state_dict(
  File "/workspace/conda_envs/dreamerv3/lib/python3.11/site-packages/tensordict/nn/params.py", line 1263, in _load_from_state_dict
    self.data.load_state_dict(data)
  File "/workspace/conda_envs/dreamerv3/lib/python3.11/site-packages/tensordict/base.py", line 6469, in load_state_dict
    elif "__batch_size" in state_dict:
         ^^^^^^^^^^^^^^^^^^^^^^^^^^^^
TypeError: argument of type 'NoneType' is not iterable
[Fri Jul 17 07:39:30 UTC 2026] DONE adapt_tm2awareq1s0_finger_seed6_ckpt500000
[Fri Jul 17 07:39:30 UTC 2026] START shard=5 gpu=1 adapt_tm2freeq1s0_finger_seed6_ckpt500000
[Fri Jul 17 07:39:31 UTC 2026] offline_fit WM_RUN=tm2wm_finger_freeq1s0_seed6 ARM=free DATA=/workspace/dreamerv3_runs/tm2_data/finger_q1_side0.pt UPDATES=500000 SEED=6
/workspace/conda_envs/dreamerv3/lib/python3.11/site-packages/tensordict/_td.py:612: FutureWarning: TensorDict.to_module() is replacing an existing nn.Parameter in the destination module with a tensor leaf that is not an nn.Parameter. This historical behavior can remove the key from module.state_dict(). In tensordict v0.14, to_module() will preserve existing module parameter and buffer registrations by default. Pass preserve_module_state=False to keep the current replacement behavior, or preserve_module_state=True to opt in to the v0.14 behavior now.
  local_out = _set_tensor_dict(
Episode length: 1000
Discount factor: 0.995
Buffer capacity: 200,200
Storage required: 0.01 GB
Using CUDA:0 memory for storage.
[92m2026-07-17 07:39:35,455 [torchrl][INFO][0m    Initialized LazyTensorStorage with torch.Size([200200]) shape[92m [END][0m
Loaded static data: 200 eps x 1001 rows = 200200 rows; arm=free (reward_coef=0.0, value_coef=0.0)
  update      1/500000: consistency_loss=0.0153  pi_loss=0.0005  reward_loss=2.6922  total_loss=0.3059  value_loss=2.6922
  update    500/500000: consistency_loss=0.0020  pi_loss=-0.0006  reward_loss=2.6922  total_loss=0.0392  value_loss=2.6922
  update   1000/500000: consistency_loss=0.0015  pi_loss=-0.0006  reward_loss=2.6922  total_loss=0.0290  value_loss=2.6922
  update   1500/500000: consistency_loss=0.0013  pi_loss=-0.0006  reward_loss=2.6922  total_loss=0.0268  value_loss=2.6922
  update   2000/500000: consistency_loss=0.0011  pi_loss=-0.0006  reward_loss=2.6922  total_loss=0.0227  value_loss=2.6922
  update   2500/500000: consistency_loss=0.0010  pi_loss=-0.0006  reward_loss=2.6922  total_loss=0.0203  value_loss=2.6922
  update   3000/500000: consistency_loss=0.0010  pi_loss=-0.0006  reward_loss=2.6922  total_loss=0.0208  value_loss=2.6922
  update   3500/500000: consistency_loss=0.0009  pi_loss=-0.0006  reward_loss=2.6922  total_loss=0.0188  value_loss=2.6922
  update   4000/500000: consistency_loss=0.0010  pi_loss=-0.0006  reward_loss=2.6922  total_loss=0.0200  value_loss=2.6922
  update   4500/500000: consistency_loss=0.0009  pi_loss=-0.0006  reward_loss=2.6922  total_loss=0.0175  value_loss=2.6922
  update   5000/500000: consistency_loss=0.0009  pi_loss=-0.0006  reward_loss=2.6922  total_loss=0.0179  value_loss=2.6922
  update   5500/500000: consistency_loss=0.0008  pi_loss=-0.0006  reward_loss=2.6922  total_loss=0.0167  value_loss=2.6922
  update   6000/500000: consistency_loss=0.0007  pi_loss=-0.0006  reward_loss=2.6922  total_loss=0.0135  value_loss=2.6922
  update   6500/500000: consistency_loss=0.0007  pi_loss=-0.0006  reward_loss=2.6922  total_loss=0.0136  value_loss=2.6922
  update   7000/500000: consistency_loss=0.0006  pi_loss=-0.0006  reward_loss=2.6922  total_loss=0.0125  value_loss=2.6922
  update   7500/500000: consistency_loss=0.0006  pi_loss=-0.0006  reward_loss=2.6922  total_loss=0.0112  value_loss=2.6922
  update   8000/500000: consistency_loss=0.0006  pi_loss=-0.0006  reward_loss=2.6922  total_loss=0.0127  value_loss=2.6922
  update   8500/500000: consistency_loss=0.0006  pi_loss=-0.0006  reward_loss=2.6922  total_loss=0.0115  value_loss=2.6922
  update   9000/500000: consistency_loss=0.0005  pi_loss=-0.0006  reward_loss=2.6922  total_loss=0.0105  value_loss=2.6922
  update   9500/500000: consistency_loss=0.0005  pi_loss=-0.0006  reward_loss=2.6922  total_loss=0.0096  value_loss=2.6922
  update  10000/500000: consistency_loss=0.0004  pi_loss=-0.0006  reward_loss=2.6922  total_loss=0.0089  value_loss=2.6922
  update  10500/500000: consistency_loss=0.0004  pi_loss=-0.0006  reward_loss=2.6922  total_loss=0.0087  value_loss=2.6922
  update  11000/500000: consistency_loss=0.0004  pi_loss=-0.0006  reward_loss=2.6922  total_loss=0.0079  value_loss=2.6922
  update  11500/500000: consistency_loss=0.0004  pi_loss=-0.0006  reward_loss=2.6922  total_loss=0.0083  value_loss=2.6922
  update  12000/500000: consistency_loss=0.0004  pi_loss=-0.0006  reward_loss=2.6922  total_loss=0.0074  value_loss=2.6922
  update  12500/500000: consistency_loss=0.0004  pi_loss=-0.0006  reward_loss=2.6922  total_loss=0.0079  value_loss=2.6922
  update  13000/500000: consistency_loss=0.0003  pi_loss=-0.0006  reward_loss=2.6922  total_loss=0.0067  value_loss=2.6922
  update  13500/500000: consistency_loss=0.0004  pi_loss=-0.0006  reward_loss=2.6922  total_loss=0.0072  value_loss=2.6922
  update  14000/500000: consistency_loss=0.0004  pi_loss=-0.0006  reward_loss=2.6922  total_loss=0.0074  value_loss=2.6922
  update  14500/500000: consistency_loss=0.0003  pi_loss=-0.0006  reward_loss=2.6922  total_loss=0.0067  value_loss=2.6922
  update  15000/500000: consistency_loss=0.0003  pi_loss=-0.0006  reward_loss=2.6922  total_loss=0.0060  value_loss=2.6922
  update  15500/500000: consistency_loss=0.0004  pi_loss=-0.0006  reward_loss=2.6922  total_loss=0.0070  value_loss=2.6922
  update  16000/500000: consistency_loss=0.0003  pi_loss=-0.0006  reward_loss=2.6922  total_loss=0.0066  value_loss=2.6922
  update  16500/500000: consistency_loss=0.0003  pi_loss=-0.0006  reward_loss=2.6922  total_loss=0.0066  value_loss=2.6922
  update  17000/500000: consistency_loss=0.0003  pi_loss=-0.0006  reward_loss=2.6922  total_loss=0.0055  value_loss=2.6922
  update  17500/500000: consistency_loss=0.0003  pi_loss=-0.0006  reward_loss=2.6922  total_loss=0.0058  value_loss=2.6922
  update  18000/500000: consistency_loss=0.0003  pi_loss=-0.0006  reward_loss=2.6922  total_loss=0.0051  value_loss=2.6922
  update  18500/500000: consistency_loss=0.0003  pi_loss=-0.0006  reward_loss=2.6922  total_loss=0.0053  value_loss=2.6922
  update  19000/500000: consistency_loss=0.0003  pi_loss=-0.0006  reward_loss=2.6922  total_loss=0.0059  value_loss=2.6922
  update  19500/500000: consistency_loss=0.0003  pi_loss=-0.0006  reward_loss=2.6922  total_loss=0.0054  value_loss=2.6922
  update  20000/500000: consistency_loss=0.0002  pi_loss=-0.0006  reward_loss=2.6922  total_loss=0.0046  value_loss=2.6922
  update  20500/500000: consistency_loss=0.0002  pi_loss=-0.0006  reward_loss=2.6922  total_loss=0.0044  value_loss=2.6922
  update  21000/500000: consistency_loss=0.0002  pi_loss=-0.0006  reward_loss=2.6922  total_loss=0.0043  value_loss=2.6922
  update  21500/500000: consistency_loss=0.0002  pi_loss=-0.0006  reward_loss=2.6922  total_loss=0.0046  value_loss=2.6922
  update  22000/500000: consistency_loss=0.0002  pi_loss=-0.0006  reward_loss=2.6922  total_loss=0.0047  value_loss=2.6922
  update  22500/500000: consistency_loss=0.0002  pi_loss=-0.0006  reward_loss=2.6922  total_loss=0.0046  value_loss=2.6922
  update  23000/500000: consistency_loss=0.0002  pi_loss=-0.0006  reward_loss=2.6922  total_loss=0.0042  value_loss=2.6922
  update  23500/500000: consistency_loss=0.0002  pi_loss=-0.0006  reward_loss=2.6922  total_loss=0.0042  value_loss=2.6922
  update  24000/500000: consistency_loss=0.0002  pi_loss=-0.0006  reward_loss=2.6922  total_loss=0.0042  value_loss=2.6922
  update  24500/500000: consistency_loss=0.0002  pi_loss=-0.0006  reward_loss=2.6922  total_loss=0.0038  value_loss=2.6922
  update  25000/500000: consistency_loss=0.0002  pi_loss=-0.0006  reward_loss=2.6922  total_loss=0.0037  value_loss=2.6922
  update  25500/500000: consistency_loss=0.0002  pi_loss=-0.0006  reward_loss=2.6922  total_loss=0.0037  value_loss=2.6922
  update  26000/500000: consistency_loss=0.0002  pi_loss=-0.0006  reward_loss=2.6922  total_loss=0.0039  value_loss=2.6922
  update  26500/500000: consistency_loss=0.0002  pi_loss=-0.0006  reward_loss=2.6922  total_loss=0.0038  value_loss=2.6922
  update  27000/500000: consistency_loss=0.0002  pi_loss=-0.0006  reward_loss=2.6922  total_loss=0.0041  value_loss=2.6922
  update  27500/500000: consistency_loss=0.0002  pi_loss=-0.0006  reward_loss=2.6922  total_loss=0.0037  value_loss=2.6922
  update  28000/500000: consistency_loss=0.0002  pi_loss=-0.0006  reward_loss=2.6922  total_loss=0.0034  value_loss=2.6922
  update  28500/500000: consistency_loss=0.0002  pi_loss=-0.0006  reward_loss=2.6922  total_loss=0.0042  value_loss=2.6922
  update  29000/500000: consistency_loss=0.0002  pi_loss=-0.0006  reward_loss=2.6922  total_loss=0.0040  value_loss=2.6922
  update  29500/500000: consistency_loss=0.0002  pi_loss=-0.0006  reward_loss=2.6922  total_loss=0.0032  value_loss=2.6922
  update  30000/500000: consistency_loss=0.0002  pi_loss=-0.0006  reward_loss=2.6922  total_loss=0.0037  value_loss=2.6922
  update  30500/500000: consistency_loss=0.0002  pi_loss=-0.0006  reward_loss=2.6922  total_loss=0.0036  value_loss=2.6922
  update  31000/500000: consistency_loss=0.0002  pi_loss=-0.0006  reward_loss=2.6922  total_loss=0.0037  value_loss=2.6922
  update  31500/500000: consistency_loss=0.0002  pi_loss=-0.0006  reward_loss=2.6922  total_loss=0.0037  value_loss=2.6922
  update  32000/500000: consistency_loss=0.0002  pi_loss=-0.0006  reward_loss=2.6922  total_loss=0.0033  value_loss=2.6922
  update  32500/500000: consistency_loss=0.0001  pi_loss=-0.0006  reward_loss=2.6922  total_loss=0.0027  value_loss=2.6922
  update  33000/500000: consistency_loss=0.0002  pi_loss=-0.0006  reward_loss=2.6922  total_loss=0.0033  value_loss=2.6922
  update  33500/500000: consistency_loss=0.0002  pi_loss=-0.0006  reward_loss=2.6922  total_loss=0.0031  value_loss=2.6922
  update  34000/500000: consistency_loss=0.0002  pi_loss=-0.0006  reward_loss=2.6922  total_loss=0.0033  value_loss=2.6922
  update  34500/500000: consistency_loss=0.0001  pi_loss=-0.0006  reward_loss=2.6922  total_loss=0.0029  value_loss=2.6922
  update  35000/500000: consistency_loss=0.0002  pi_loss=-0.0006  reward_loss=2.6922  total_loss=0.0033  value_loss=2.6922
  update  35500/500000: consistency_loss=0.0002  pi_loss=-0.0006  reward_loss=2.6922  total_loss=0.0033  value_loss=2.6922
  update  36000/500000: consistency_loss=0.0002  pi_loss=-0.0006  reward_loss=2.6922  total_loss=0.0034  value_loss=2.6922
  update  36500/500000: consistency_loss=0.0002  pi_loss=-0.0006  reward_loss=2.6922  total_loss=0.0031  value_loss=2.6922
  update  37000/500000: consistency_loss=0.0001  pi_loss=-0.0006  reward_loss=2.6922  total_loss=0.0028  value_loss=2.6922
  update  37500/500000: consistency_loss=0.0002  pi_loss=-0.0006  reward_loss=2.6922  total_loss=0.0031  value_loss=2.6922
  update  38000/500000: consistency_loss=0.0001  pi_loss=-0.0006  reward_loss=2.6922  total_loss=0.0029  value_loss=2.6922
  update  38500/500000: consistency_loss=0.0002  pi_loss=-0.0006  reward_loss=2.6922  total_loss=0.0034  value_loss=2.6922
  update  39000/500000: consistency_loss=0.0001  pi_loss=-0.0006  reward_loss=2.6922  total_loss=0.0028  value_loss=2.6922
  update  39500/500000: consistency_loss=0.0001  pi_loss=-0.0006  reward_loss=2.6922  total_loss=0.0028  value_loss=2.6922
  update  40000/500000: consistency_loss=0.0002  pi_loss=-0.0006  reward_loss=2.6922  total_loss=0.0032  value_loss=2.6922
  update  40500/500000: consistency_loss=0.0001  pi_loss=-0.0006  reward_loss=2.6922  total_loss=0.0028  value_loss=2.6922
  update  41000/500000: consistency_loss=0.0001  pi_loss=-0.0006  reward_loss=2.6922  total_loss=0.0027  value_loss=2.6922
  update  41500/500000: consistency_loss=0.0001  pi_loss=-0.0006  reward_loss=2.6922  total_loss=0.0026  value_loss=2.6922
  update  42000/500000: consistency_loss=0.0001  pi_loss=-0.0006  reward_loss=2.6922  total_loss=0.0025  value_loss=2.6922
  update  42500/500000: consistency_loss=0.0001  pi_loss=-0.0006  reward_loss=2.6922  total_loss=0.0028  value_loss=2.6922
  update  43000/500000: consistency_loss=0.0001  pi_loss=-0.0006  reward_loss=2.6922  total_loss=0.0029  value_loss=2.6922
  update  43500/500000: consistency_loss=0.0001  pi_loss=-0.0006  reward_loss=2.6922  total_loss=0.0026  value_loss=2.6922
  update  44000/500000: consistency_loss=0.0001  pi_loss=-0.0006  reward_loss=2.6922  total_loss=0.0024  value_loss=2.6922
  update  44500/500000: consistency_loss=0.0001  pi_loss=-0.0006  reward_loss=2.6922  total_loss=0.0028  value_loss=2.6922
  update  45000/500000: consistency_loss=0.0001  pi_loss=-0.0006  reward_loss=2.6922  total_loss=0.0029  value_loss=2.6922
  update  45500/500000: consistency_loss=0.0001  pi_loss=-0.0006  reward_loss=2.6922  total_loss=0.0024  value_loss=2.6922
  update  46000/500000: consistency_loss=0.0001  pi_loss=-0.0006  reward_loss=2.6922  total_loss=0.0026  value_loss=2.6922
  update  46500/500000: consistency_loss=0.0001  pi_loss=-0.0006  reward_loss=2.6922  total_loss=0.0028  value_loss=2.6922
  update  47000/500000: consistency_loss=0.0001  pi_loss=-0.0006  reward_loss=2.6922  total_loss=0.0026  value_loss=2.6922
  update  47500/500000: consistency_loss=0.0001  pi_loss=-0.0006  reward_loss=2.6922  total_loss=0.0026  value_loss=2.6922
  update  48000/500000: consistency_loss=0.0001  pi_loss=-0.0006  reward_loss=2.6922  total_loss=0.0026  value_loss=2.6922
  update  48500/500000: consistency_loss=0.0001  pi_loss=-0.0006  reward_loss=2.6922  total_loss=0.0023  value_loss=2.6922
  update  49000/500000: consistency_loss=0.0001  pi_loss=-0.0006  reward_loss=2.6922  total_loss=0.0024  value_loss=2.6922
  update  49500/500000: consistency_loss=0.0001  pi_loss=-0.0006  reward_loss=2.6922  total_loss=0.0026  value_loss=2.6922
  update  50000/500000: consistency_loss=0.0001  pi_loss=-0.0006  reward_loss=2.6922  total_loss=0.0023  value_loss=2.6922
  update  50500/500000: consistency_loss=0.0001  pi_loss=-0.0006  reward_loss=2.6922  total_loss=0.0025  value_loss=2.6922
  update  51000/500000: consistency_loss=0.0001  pi_loss=-0.0006  reward_loss=2.6922  total_loss=0.0025  value_loss=2.6922
  update  51500/500000: consistency_loss=0.0001  pi_loss=-0.0006  reward_loss=2.6922  total_loss=0.0024  value_loss=2.6922
  update  52000/500000: consistency_loss=0.0001  pi_loss=-0.0006  reward_loss=2.6922  total_loss=0.0028  value_loss=2.6922
  update  52500/500000: consistency_loss=0.0001  pi_loss=-0.0006  reward_loss=2.6922  total_loss=0.0025  value_loss=2.6922
  update  53000/500000: consistency_loss=0.0001  pi_loss=-0.0006  reward_loss=2.6922  total_loss=0.0024  value_loss=2.6922
  update  53500/500000: consistency_loss=0.0002  pi_loss=-0.0006  reward_loss=2.6922  total_loss=0.0031  value_loss=2.6922
  update  54000/500000: consistency_loss=0.0001  pi_loss=-0.0006  reward_loss=2.6922  total_loss=0.0022  value_loss=2.6922
  update  54500/500000: consistency_loss=0.0001  pi_loss=-0.0006  reward_loss=2.6922  total_loss=0.0022  value_loss=2.6922
  update  55000/500000: consistency_loss=0.0001  pi_loss=-0.0006  reward_loss=2.6922  total_loss=0.0023  value_loss=2.6922
  update  55500/500000: consistency_loss=0.0001  pi_loss=-0.0006  reward_loss=2.6922  total_loss=0.0022  value_loss=2.6922
  update  56000/500000: consistency_loss=0.0001  pi_loss=-0.0006  reward_loss=2.6922  total_loss=0.0021  value_loss=2.6922
  update  56500/500000: consistency_loss=0.0001  pi_loss=-0.0006  reward_loss=2.6922  total_loss=0.0024  value_loss=2.6922
  update  57000/500000: consistency_loss=0.0001  pi_loss=-0.0006  reward_loss=2.6922  total_loss=0.0022  value_loss=2.6922
  update  57500/500000: consistency_loss=0.0001  pi_loss=-0.0006  reward_loss=2.6922  total_loss=0.0027  value_loss=2.6922
  update  58000/500000: consistency_loss=0.0001  pi_loss=-0.0006  reward_loss=2.6922  total_loss=0.0025  value_loss=2.6922
  update  58500/500000: consistency_loss=0.0001  pi_loss=-0.0006  reward_loss=2.6922  total_loss=0.0026  value_loss=2.6922
  update  59000/500000: consistency_loss=0.0001  pi_loss=-0.0006  reward_loss=2.6922  total_loss=0.0022  value_loss=2.6922
  update  59500/500000: consistency_loss=0.0001  pi_loss=-0.0006  reward_loss=2.6922  total_loss=0.0025  value_loss=2.6922
  update  60000/500000: consistency_loss=0.0001  pi_loss=-0.0006  reward_loss=2.6922  total_loss=0.0024  value_loss=2.6922
  update  60500/500000: consistency_loss=0.0001  pi_loss=-0.0006  reward_loss=2.6922  total_loss=0.0020  value_loss=2.6922
  update  61000/500000: consistency_loss=0.0001  pi_loss=-0.0006  reward_loss=2.6922  total_loss=0.0026  value_loss=2.6922
  update  61500/500000: consistency_loss=0.0001  pi_loss=-0.0006  reward_loss=2.6922  total_loss=0.0021  value_loss=2.6922
  update  62000/500000: consistency_loss=0.0001  pi_loss=-0.0006  reward_loss=2.6922  total_loss=0.0022  value_loss=2.6922
  update  62500/500000: consistency_loss=0.0001  pi_loss=-0.0006  reward_loss=2.6922  total_loss=0.0023  value_loss=2.6922
  update  63000/500000: consistency_loss=0.0001  pi_loss=-0.0006  reward_loss=2.6922  total_loss=0.0023  value_loss=2.6922
  update  63500/500000: consistency_loss=0.0001  pi_loss=-0.0006  reward_loss=2.6922  total_loss=0.0022  value_loss=2.6922
  update  64000/500000: consistency_loss=0.0001  pi_loss=-0.0006  reward_loss=2.6922  total_loss=0.0024  value_loss=2.6922
  update  64500/500000: consistency_loss=0.0001  pi_loss=-0.0006  reward_loss=2.6922  total_loss=0.0026  value_loss=2.6922
  update  65000/500000: consistency_loss=0.0001  pi_loss=-0.0006  reward_loss=2.6922  total_loss=0.0021  value_loss=2.6922
  update  65500/500000: consistency_loss=0.0001  pi_loss=-0.0006  reward_loss=2.6922  total_loss=0.0024  value_loss=2.6922
  update  66000/500000: consistency_loss=0.0001  pi_loss=-0.0006  reward_loss=2.6922  total_loss=0.0023  value_loss=2.6922
  update  66500/500000: consistency_loss=0.0001  pi_loss=-0.0006  reward_loss=2.6922  total_loss=0.0020  value_loss=2.6922
  update  67000/500000: consistency_loss=0.0001  pi_loss=-0.0006  reward_loss=2.6922  total_loss=0.0026  value_loss=2.6922
  update  67500/500000: consistency_loss=0.0001  pi_loss=-0.0006  reward_loss=2.6922  total_loss=0.0023  value_loss=2.6922
  update  68000/500000: consistency_loss=0.0001  pi_loss=-0.0006  reward_loss=2.6922  total_loss=0.0023  value_loss=2.6922
  update  68500/500000: consistency_loss=0.0001  pi_loss=-0.0006  reward_loss=2.6922  total_loss=0.0023  value_loss=2.6922
  update  69000/500000: consistency_loss=0.0001  pi_loss=-0.0006  reward_loss=2.6922  total_loss=0.0021  value_loss=2.6922
  update  69500/500000: consistency_loss=0.0001  pi_loss=-0.0006  reward_loss=2.6922  total_loss=0.0022  value_loss=2.6922
  update  70000/500000: consistency_loss=0.0001  pi_loss=-0.0006  reward_loss=2.6922  total_loss=0.0023  value_loss=2.6922
  update  70500/500000: consistency_loss=0.0001  pi_loss=-0.0006  reward_loss=2.6922  total_loss=0.0021  value_loss=2.6922
  update  71000/500000: consistency_loss=0.0001  pi_loss=-0.0006  reward_loss=2.6922  total_loss=0.0020  value_loss=2.6922
  update  71500/500000: consistency_loss=0.0001  pi_loss=-0.0006  reward_loss=2.6922  total_loss=0.0021  value_loss=2.6922
  update  72000/500000: consistency_loss=0.0001  pi_loss=-0.0006  reward_loss=2.6922  total_loss=0.0026  value_loss=2.6922
  update  72500/500000: consistency_loss=0.0001  pi_loss=-0.0006  reward_loss=2.6922  total_loss=0.0023  value_loss=2.6922
  update  73000/500000: consistency_loss=0.0001  pi_loss=-0.0006  reward_loss=2.6922  total_loss=0.0020  value_loss=2.6922
  update  73500/500000: consistency_loss=0.0001  pi_loss=-0.0006  reward_loss=2.6922  total_loss=0.0021  value_loss=2.6922
  update  74000/500000: consistency_loss=0.0001  pi_loss=-0.0006  reward_loss=2.6922  total_loss=0.0021  value_loss=2.6922
  update  74500/500000: consistency_loss=0.0001  pi_loss=-0.0006  reward_loss=2.6922  total_loss=0.0019  value_loss=2.6922
  update  75000/500000: consistency_loss=0.0001  pi_loss=-0.0006  reward_loss=2.6922  total_loss=0.0022  value_loss=2.6922
  update  75500/500000: consistency_loss=0.0001  pi_loss=-0.0006  reward_loss=2.6922  total_loss=0.0026  value_loss=2.6922
  update  76000/500000: consistency_loss=0.0001  pi_loss=-0.0006  reward_loss=2.6922  total_loss=0.0023  value_loss=2.6922
  update  76500/500000: consistency_loss=0.0001  pi_loss=-0.0006  reward_loss=2.6922  total_loss=0.0022  value_loss=2.6922
  update  77000/500000: consistency_loss=0.0001  pi_loss=-0.0006  reward_loss=2.6922  total_loss=0.0028  value_loss=2.6922
  update  77500/500000: consistency_loss=0.0001  pi_loss=-0.0006  reward_loss=2.6922  total_loss=0.0020  value_loss=2.6922
  update  78000/500000: consistency_loss=0.0001  pi_loss=-0.0006  reward_loss=2.6922  total_loss=0.0021  value_loss=2.6922
  update  78500/500000: consistency_loss=0.0001  pi_loss=-0.0006  reward_loss=2.6922  total_loss=0.0028  value_loss=2.6922
  update  79000/500000: consistency_loss=0.0001  pi_loss=-0.0006  reward_loss=2.6922  total_loss=0.0022  value_loss=2.6922
  update  79500/500000: consistency_loss=0.0001  pi_loss=-0.0006  reward_loss=2.6922  total_loss=0.0021  value_loss=2.6922
  update  80000/500000: consistency_loss=0.0001  pi_loss=-0.0006  reward_loss=2.6922  total_loss=0.0024  value_loss=2.6922
  update  80500/500000: consistency_loss=0.0001  pi_loss=-0.0006  reward_loss=2.6922  total_loss=0.0018  value_loss=2.6922
  update  81000/500000: consistency_loss=0.0001  pi_loss=-0.0006  reward_loss=2.6922  total_loss=0.0019  value_loss=2.6922
  update  81500/500000: consistency_loss=0.0001  pi_loss=-0.0006  reward_loss=2.6922  total_loss=0.0020  value_loss=2.6922
  update  82000/500000: consistency_loss=0.0001  pi_loss=-0.0006  reward_loss=2.6922  total_loss=0.0025  value_loss=2.6922
  update  82500/500000: consistency_loss=0.0001  pi_loss=-0.0006  reward_loss=2.6922  total_loss=0.0021  value_loss=2.6922
  update  83000/500000: consistency_loss=0.0001  pi_loss=-0.0006  reward_loss=2.6922  total_loss=0.0021  value_loss=2.6922
  update  83500/500000: consistency_loss=0.0001  pi_loss=-0.0006  reward_loss=2.6922  total_loss=0.0020  value_loss=2.6922
  update  84000/500000: consistency_loss=0.0001  pi_loss=-0.0006  reward_loss=2.6922  total_loss=0.0018  value_loss=2.6922
  update  84500/500000: consistency_loss=0.0001  pi_loss=-0.0006  reward_loss=2.6922  total_loss=0.0021  value_loss=2.6922
  update  85000/500000: consistency_loss=0.0001  pi_loss=-0.0006  reward_loss=2.6922  total_loss=0.0022  value_loss=2.6922
  update  85500/500000: consistency_loss=0.0001  pi_loss=-0.0006  reward_loss=2.6922  total_loss=0.0019  value_loss=2.6922
  update  86000/500000: consistency_loss=0.0001  pi_loss=-0.0006  reward_loss=2.6922  total_loss=0.0018  value_loss=2.6922
  update  86500/500000: consistency_loss=0.0001  pi_loss=-0.0006  reward_loss=2.6922  total_loss=0.0026  value_loss=2.6922
  update  87000/500000: consistency_loss=0.0001  pi_loss=-0.0006  reward_loss=2.6922  total_loss=0.0023  value_loss=2.6922
  update  87500/500000: consistency_loss=0.0001  pi_loss=-0.0006  reward_loss=2.6922  total_loss=0.0020  value_loss=2.6922
  update  88000/500000: consistency_loss=0.0001  pi_loss=-0.0006  reward_loss=2.6922  total_loss=0.0021  value_loss=2.6922
  update  88500/500000: consistency_loss=0.0001  pi_loss=-0.0006  reward_loss=2.6922  total_loss=0.0022  value_loss=2.6922
  update  89000/500000: consistency_loss=0.0001  pi_loss=-0.0006  reward_loss=2.6922  total_loss=0.0015  value_loss=2.6922
  update  89500/500000: consistency_loss=0.0001  pi_loss=-0.0006  reward_loss=2.6922  total_loss=0.0025  value_loss=2.6922
  update  90000/500000: consistency_loss=0.0001  pi_loss=-0.0006  reward_loss=2.6922  total_loss=0.0021  value_loss=2.6922
  update  90500/500000: consistency_loss=0.0001  pi_loss=-0.0006  reward_loss=2.6922  total_loss=0.0023  value_loss=2.6922
  update  91000/500000: consistency_loss=0.0001  pi_loss=-0.0006  reward_loss=2.6922  total_loss=0.0018  value_loss=2.6922
  update  91500/500000: consistency_loss=0.0001  pi_loss=-0.0006  reward_loss=2.6922  total_loss=0.0023  value_loss=2.6922
  update  92000/500000: consistency_loss=0.0001  pi_loss=-0.0006  reward_loss=2.6922  total_loss=0.0022  value_loss=2.6922
  update  92500/500000: consistency_loss=0.0001  pi_loss=-0.0006  reward_loss=2.6922  total_loss=0.0022  value_loss=2.6922
  update  93000/500000: consistency_loss=0.0001  pi_loss=-0.0006  reward_loss=2.6922  total_loss=0.0025  value_loss=2.6922
  update  93500/500000: consistency_loss=0.0001  pi_loss=-0.0006  reward_loss=2.6922  total_loss=0.0020  value_loss=2.6922
  update  94000/500000: consistency_loss=0.0001  pi_loss=-0.0006  reward_loss=2.6922  total_loss=0.0022  value_loss=2.6922
  update  94500/500000: consistency_loss=0.0001  pi_loss=-0.0006  reward_loss=2.6922  total_loss=0.0019  value_loss=2.6922
  update  95000/500000: consistency_loss=0.0001  pi_loss=-0.0006  reward_loss=2.6922  total_loss=0.0018  value_loss=2.6922
  update  95500/500000: consistency_loss=0.0001  pi_loss=-0.0006  reward_loss=2.6922  total_loss=0.0022  value_loss=2.6922
  update  96000/500000: consistency_loss=0.0001  pi_loss=-0.0006  reward_loss=2.6922  total_loss=0.0022  value_loss=2.6922
  update  96500/500000: consistency_loss=0.0001  pi_loss=-0.0006  reward_loss=2.6922  total_loss=0.0022  value_loss=2.6922
  update  97000/500000: consistency_loss=0.0001  pi_loss=-0.0006  reward_loss=2.6922  total_loss=0.0022  value_loss=2.6922
  update  97500/500000: consistency_loss=0.0001  pi_loss=-0.0006  reward_loss=2.6922  total_loss=0.0022  value_loss=2.6922
  update  98000/500000: consistency_loss=0.0001  pi_loss=-0.0006  reward_loss=2.6922  total_loss=0.0019  value_loss=2.6922
  update  98500/500000: consistency_loss=0.0001  pi_loss=-0.0006  reward_loss=2.6922  total_loss=0.0016  value_loss=2.6922
  update  99000/500000: consistency_loss=0.0001  pi_loss=-0.0006  reward_loss=2.6922  total_loss=0.0017  value_loss=2.6922
  update  99500/500000: consistency_loss=0.0001  pi_loss=-0.0006  reward_loss=2.6922  total_loss=0.0019  value_loss=2.6922
  update 100000/500000: consistency_loss=0.0001  pi_loss=-0.0006  reward_loss=2.6922  total_loss=0.0022  value_loss=2.6922
Saved checkpoint at update 100000
  update 100500/500000: consistency_loss=0.0001  pi_loss=-0.0006  reward_loss=2.6922  total_loss=0.0021  value_loss=2.6922
  update 101000/500000: consistency_loss=0.0001  pi_loss=-0.0006  reward_loss=2.6922  total_loss=0.0020  value_loss=2.6922
  update 101500/500000: consistency_loss=0.0001  pi_loss=-0.0006  reward_loss=2.6922  total_loss=0.0019  value_loss=2.6922
  update 102000/500000: consistency_loss=0.0001  pi_loss=-0.0006  reward_loss=2.6922  total_loss=0.0019  value_loss=2.6922
  update 102500/500000: consistency_loss=0.0001  pi_loss=-0.0006  reward_loss=2.6922  total_loss=0.0020  value_loss=2.6922
  update 103000/500000: consistency_loss=0.0001  pi_loss=-0.0006  reward_loss=2.6922  total_loss=0.0017  value_loss=2.6922
  update 103500/500000: consistency_loss=0.0001  pi_loss=-0.0006  reward_loss=2.6922  total_loss=0.0018  value_loss=2.6922
  update 104000/500000: consistency_loss=0.0001  pi_loss=-0.0006  reward_loss=2.6922  total_loss=0.0019  value_loss=2.6922
  update 104500/500000: consistency_loss=0.0001  pi_loss=-0.0006  reward_loss=2.6922  total_loss=0.0015  value_loss=2.6922
  update 105000/500000: consistency_loss=0.0001  pi_loss=-0.0006  reward_loss=2.6922  total_loss=0.0023  value_loss=2.6922
  update 105500/500000: consistency_loss=0.0001  pi_loss=-0.0006  reward_loss=2.6922  total_loss=0.0018  value_loss=2.6922
  update 106000/500000: consistency_loss=0.0001  pi_loss=-0.0006  reward_loss=2.6922  total_loss=0.0017  value_loss=2.6922
  update 106500/500000: consistency_loss=0.0001  pi_loss=-0.0006  reward_loss=2.6922  total_loss=0.0018  value_loss=2.6922
  update 107000/500000: consistency_loss=0.0001  pi_loss=-0.0006  reward_loss=2.6922  total_loss=0.0018  value_loss=2.6922
  update 107500/500000: consistency_loss=0.0001  pi_loss=-0.0006  reward_loss=2.6922  total_loss=0.0019  value_loss=2.6922
  update 108000/500000: consistency_loss=0.0001  pi_loss=-0.0006  reward_loss=2.6922  total_loss=0.0016  value_loss=2.6922
  update 108500/500000: consistency_loss=0.0001  pi_loss=-0.0006  reward_loss=2.6922  total_loss=0.0019  value_loss=2.6922
  update 109000/500000: consistency_loss=0.0001  pi_loss=-0.0006  reward_loss=2.6922  total_loss=0.0021  value_loss=2.6922
  update 109500/500000: consistency_loss=0.0001  pi_loss=-0.0006  reward_loss=2.6922  total_loss=0.0018  value_loss=2.6922
  update 110000/500000: consistency_loss=0.0001  pi_loss=-0.0006  reward_loss=2.6922  total_loss=0.0017  value_loss=2.6922
  update 110500/500000: consistency_loss=0.0001  pi_loss=-0.0006  reward_loss=2.6922  total_loss=0.0021  value_loss=2.6922
  update 111000/500000: consistency_loss=0.0001  pi_loss=-0.0006  reward_loss=2.6922  total_loss=0.0016  value_loss=2.6922
  update 111500/500000: consistency_loss=0.0001  pi_loss=-0.0006  reward_loss=2.6922  total_loss=0.0019  value_loss=2.6922
  update 112000/500000: consistency_loss=0.0001  pi_loss=-0.0006  reward_loss=2.6922  total_loss=0.0018  value_loss=2.6922
  update 112500/500000: consistency_loss=0.0001  pi_loss=-0.0006  reward_loss=2.6922  total_loss=0.0021  value_loss=2.6922
  update 113000/500000: consistency_loss=0.0001  pi_loss=-0.0006  reward_loss=2.6922  total_loss=0.0018  value_loss=2.6922
  update 113500/500000: consistency_loss=0.0001  pi_loss=-0.0006  reward_loss=2.6922  total_loss=0.0016  value_loss=2.6922
  update 114000/500000: consistency_loss=0.0001  pi_loss=-0.0006  reward_loss=2.6922  total_loss=0.0020  value_loss=2.6922
  update 114500/500000: consistency_loss=0.0001  pi_loss=-0.0006  reward_loss=2.6922  total_loss=0.0019  value_loss=2.6922
  update 115000/500000: consistency_loss=0.0001  pi_loss=-0.0006  reward_loss=2.6922  total_loss=0.0018  value_loss=2.6922
  update 115500/500000: consistency_loss=0.0001  pi_loss=-0.0006  reward_loss=2.6922  total_loss=0.0016  value_loss=2.6922
  update 116000/500000: consistency_loss=0.0001  pi_loss=-0.0006  reward_loss=2.6922  total_loss=0.0018  value_loss=2.6922
  update 116500/500000: consistency_loss=0.0001  pi_loss=-0.0006  reward_loss=2.6922  total_loss=0.0024  value_loss=2.6922
  update 117000/500000: consistency_loss=0.0001  pi_loss=-0.0006  reward_loss=2.6922  total_loss=0.0023  value_loss=2.6922
  update 117500/500000: consistency_loss=0.0001  pi_loss=-0.0006  reward_loss=2.6922  total_loss=0.0019  value_loss=2.6922
  update 118000/500000: consistency_loss=0.0001  pi_loss=-0.0006  reward_loss=2.6922  total_loss=0.0015  value_loss=2.6922
  update 118500/500000: consistency_loss=0.0001  pi_loss=-0.0006  reward_loss=2.6922  total_loss=0.0017  value_loss=2.6922
  update 119000/500000: consistency_loss=0.0001  pi_loss=-0.0006  reward_loss=2.6922  total_loss=0.0018  value_loss=2.6922
  update 119500/500000: consistency_loss=0.0001  pi_loss=-0.0006  reward_loss=2.6922  total_loss=0.0020  value_loss=2.6922
  update 120000/500000: consistency_loss=0.0001  pi_loss=-0.0006  reward_loss=2.6922  total_loss=0.0025  value_loss=2.6922
  update 120500/500000: consistency_loss=0.0001  pi_loss=-0.0006  reward_loss=2.6922  total_loss=0.0017  value_loss=2.6922
  update 121000/500000: consistency_loss=0.0001  pi_loss=-0.0006  reward_loss=2.6922  total_loss=0.0019  value_loss=2.6922
  update 121500/500000: consistency_loss=0.0001  pi_loss=-0.0006  reward_loss=2.6922  total_loss=0.0018  value_loss=2.6922
  update 122000/500000: consistency_loss=0.0001  pi_loss=-0.0006  reward_loss=2.6922  total_loss=0.0016  value_loss=2.6922
  update 122500/500000: consistency_loss=0.0001  pi_loss=-0.0006  reward_loss=2.6922  total_loss=0.0019  value_loss=2.6922
  update 123000/500000: consistency_loss=0.0001  pi_loss=-0.0006  reward_loss=2.6922  total_loss=0.0022  value_loss=2.6922
  update 123500/500000: consistency_loss=0.0001  pi_loss=-0.0006  reward_loss=2.6922  total_loss=0.0020  value_loss=2.6922
  update 124000/500000: consistency_loss=0.0001  pi_loss=-0.0006  reward_loss=2.6922  total_loss=0.0020  value_loss=2.6922
  update 124500/500000: consistency_loss=0.0001  pi_loss=-0.0006  reward_loss=2.6922  total_loss=0.0016  value_loss=2.6922
  update 125000/500000: consistency_loss=0.0001  pi_loss=-0.0006  reward_loss=2.6922  total_loss=0.0016  value_loss=2.6922
  update 125500/500000: consistency_loss=0.0001  pi_loss=-0.0006  reward_loss=2.6922  total_loss=0.0019  value_loss=2.6922
  update 126000/500000: consistency_loss=0.0001  pi_loss=-0.0006  reward_loss=2.6922  total_loss=0.0016  value_loss=2.6922
  update 126500/500000: consistency_loss=0.0001  pi_loss=-0.0006  reward_loss=2.6922  total_loss=0.0018  value_loss=2.6922
  update 127000/500000: consistency_loss=0.0001  pi_loss=-0.0006  reward_loss=2.6922  total_loss=0.0019  value_loss=2.6922
  update 127500/500000: consistency_loss=0.0001  pi_loss=-0.0006  reward_loss=2.6922  total_loss=0.0017  value_loss=2.6922
  update 128000/500000: consistency_loss=0.0001  pi_loss=-0.0006  reward_loss=2.6922  total_loss=0.0019  value_loss=2.6922
  update 128500/500000: consistency_loss=0.0001  pi_loss=-0.0006  reward_loss=2.6922  total_loss=0.0016  value_loss=2.6922
  update 129000/500000: consistency_loss=0.0001  pi_loss=-0.0006  reward_loss=2.6922  total_loss=0.0018  value_loss=2.6922
  update 129500/500000: consistency_loss=0.0001  pi_loss=-0.0006  reward_loss=2.6922  total_loss=0.0018  value_loss=2.6922
  update 130000/500000: consistency_loss=0.0001  pi_loss=-0.0006  reward_loss=2.6922  total_loss=0.0021  value_loss=2.6922
  update 130500/500000: consistency_loss=0.0001  pi_loss=-0.0006  reward_loss=2.6922  total_loss=0.0016  value_loss=2.6922
  update 131000/500000: consistency_loss=0.0001  pi_loss=-0.0006  reward_loss=2.6922  total_loss=0.0020  value_loss=2.6922
  update 131500/500000: consistency_loss=0.0001  pi_loss=-0.0006  reward_loss=2.6922  total_loss=0.0018  value_loss=2.6922
  update 132000/500000: consistency_loss=0.0001  pi_loss=-0.0006  reward_loss=2.6922  total_loss=0.0020  value_loss=2.6922
  update 132500/500000: consistency_loss=0.0001  pi_loss=-0.0006  reward_loss=2.6922  total_loss=0.0017  value_loss=2.6922
  update 133000/500000: consistency_loss=0.0001  pi_loss=-0.0006  reward_loss=2.6922  total_loss=0.0021  value_loss=2.6922
  update 133500/500000: consistency_loss=0.0001  pi_loss=-0.0006  reward_loss=2.6922  total_loss=0.0019  value_loss=2.6922
  update 134000/500000: consistency_loss=0.0001  pi_loss=-0.0006  reward_loss=2.6922  total_loss=0.0018  value_loss=2.6922
  update 134500/500000: consistency_loss=0.0001  pi_loss=-0.0006  reward_loss=2.6922  total_loss=0.0017  value_loss=2.6922
  update 135000/500000: consistency_loss=0.0001  pi_loss=-0.0006  reward_loss=2.6922  total_loss=0.0018  value_loss=2.6922
  update 135500/500000: consistency_loss=0.0001  pi_loss=-0.0006  reward_loss=2.6922  total_loss=0.0016  value_loss=2.6922
  update 136000/500000: consistency_loss=0.0001  pi_loss=-0.0006  reward_loss=2.6922  total_loss=0.0016  value_loss=2.6922
  update 136500/500000: consistency_loss=0.0001  pi_loss=-0.0006  reward_loss=2.6922  total_loss=0.0018  value_loss=2.6922
  update 137000/500000: consistency_loss=0.0001  pi_loss=-0.0006  reward_loss=2.6922  total_loss=0.0021  value_loss=2.6922
  update 137500/500000: consistency_loss=0.0001  pi_loss=-0.0006  reward_loss=2.6922  total_loss=0.0022  value_loss=2.6922
  update 138000/500000: consistency_loss=0.0001  pi_loss=-0.0006  reward_loss=2.6922  total_loss=0.0017  value_loss=2.6922
  update 138500/500000: consistency_loss=0.0001  pi_loss=-0.0006  reward_loss=2.6922  total_loss=0.0015  value_loss=2.6922
  update 139000/500000: consistency_loss=0.0001  pi_loss=-0.0006  reward_loss=2.6922  total_loss=0.0014  value_loss=2.6922
  update 139500/500000: consistency_loss=0.0001  pi_loss=-0.0006  reward_loss=2.6922  total_loss=0.0017  value_loss=2.6922
  update 140000/500000: consistency_loss=0.0001  pi_loss=-0.0006  reward_loss=2.6922  total_loss=0.0025  value_loss=2.6922
  update 140500/500000: consistency_loss=0.0001  pi_loss=-0.0006  reward_loss=2.6922  total_loss=0.0017  value_loss=2.6922
  update 141000/500000: consistency_loss=0.0001  pi_loss=-0.0006  reward_loss=2.6922  total_loss=0.0019  value_loss=2.6922
  update 141500/500000: consistency_loss=0.0001  pi_loss=-0.0006  reward_loss=2.6922  total_loss=0.0017  value_loss=2.6922
  update 142000/500000: consistency_loss=0.0001  pi_loss=-0.0006  reward_loss=2.6922  total_loss=0.0023  value_loss=2.6922
  update 142500/500000: consistency_loss=0.0001  pi_loss=-0.0006  reward_loss=2.6922  total_loss=0.0017  value_loss=2.6922
  update 143000/500000: consistency_loss=0.0001  pi_loss=-0.0006  reward_loss=2.6922  total_loss=0.0018  value_loss=2.6922
  update 143500/500000: consistency_loss=0.0001  pi_loss=-0.0006  reward_loss=2.6922  total_loss=0.0020  value_loss=2.6922
  update 144000/500000: consistency_loss=0.0001  pi_loss=-0.0006  reward_loss=2.6922  total_loss=0.0019  value_loss=2.6922
  update 144500/500000: consistency_loss=0.0001  pi_loss=-0.0006  reward_loss=2.6922  total_loss=0.0017  value_loss=2.6922
  update 145000/500000: consistency_loss=0.0001  pi_loss=-0.0006  reward_loss=2.6922  total_loss=0.0019  value_loss=2.6922
  update 145500/500000: consistency_loss=0.0001  pi_loss=-0.0006  reward_loss=2.6922  total_loss=0.0016  value_loss=2.6922
  update 146000/500000: consistency_loss=0.0001  pi_loss=-0.0006  reward_loss=2.6922  total_loss=0.0018  value_loss=2.6922
  update 146500/500000: consistency_loss=0.0001  pi_loss=-0.0006  reward_loss=2.6922  total_loss=0.0017  value_loss=2.6922
  update 147000/500000: consistency_loss=0.0001  pi_loss=-0.0006  reward_loss=2.6922  total_loss=0.0023  value_loss=2.6922
  update 147500/500000: consistency_loss=0.0001  pi_loss=-0.0006  reward_loss=2.6922  total_loss=0.0015  value_loss=2.6922
  update 148000/500000: consistency_loss=0.0001  pi_loss=-0.0006  reward_loss=2.6922  total_loss=0.0016  value_loss=2.6922
  update 148500/500000: consistency_loss=0.0001  pi_loss=-0.0006  reward_loss=2.6922  total_loss=0.0015  value_loss=2.6922
  update 149000/500000: consistency_loss=0.0001  pi_loss=-0.0006  reward_loss=2.6922  total_loss=0.0016  value_loss=2.6922
  update 149500/500000: consistency_loss=0.0001  pi_loss=-0.0006  reward_loss=2.6922  total_loss=0.0017  value_loss=2.6922
  update 150000/500000: consistency_loss=0.0001  pi_loss=-0.0006  reward_loss=2.6922  total_loss=0.0019  value_loss=2.6922
  update 150500/500000: consistency_loss=0.0001  pi_loss=-0.0006  reward_loss=2.6922  total_loss=0.0016  value_loss=2.6922
  update 151000/500000: consistency_loss=0.0001  pi_loss=-0.0006  reward_loss=2.6922  total_loss=0.0017  value_loss=2.6922
  update 151500/500000: consistency_loss=0.0001  pi_loss=-0.0006  reward_loss=2.6922  total_loss=0.0016  value_loss=2.6922
  update 152000/500000: consistency_loss=0.0001  pi_loss=-0.0006  reward_loss=2.6922  total_loss=0.0020  value_loss=2.6922
  update 152500/500000: consistency_loss=0.0001  pi_loss=-0.0006  reward_loss=2.6922  total_loss=0.0018  value_loss=2.6922
  update 153000/500000: consistency_loss=0.0001  pi_loss=-0.0006  reward_loss=2.6922  total_loss=0.0016  value_loss=2.6922
  update 153500/500000: consistency_loss=0.0001  pi_loss=-0.0006  reward_loss=2.6922  total_loss=0.0016  value_loss=2.6922
  update 154000/500000: consistency_loss=0.0001  pi_loss=-0.0006  reward_loss=2.6922  total_loss=0.0020  value_loss=2.6922
  update 154500/500000: consistency_loss=0.0001  pi_loss=-0.0006  reward_loss=2.6922  total_loss=0.0017  value_loss=2.6922
  update 155000/500000: consistency_loss=0.0001  pi_loss=-0.0006  reward_loss=2.6922  total_loss=0.0017  value_loss=2.6922
  update 155500/500000: consistency_loss=0.0001  pi_loss=-0.0006  reward_loss=2.6922  total_loss=0.0017  value_loss=2.6922
  update 156000/500000: consistency_loss=0.0001  pi_loss=-0.0006  reward_loss=2.6922  total_loss=0.0017  value_loss=2.6922
  update 156500/500000: consistency_loss=0.0001  pi_loss=-0.0006  reward_loss=2.6922  total_loss=0.0020  value_loss=2.6922
  update 157000/500000: consistency_loss=0.0001  pi_loss=-0.0006  reward_loss=2.6922  total_loss=0.0022  value_loss=2.6922
  update 157500/500000: consistency_loss=0.0001  pi_loss=-0.0006  reward_loss=2.6922  total_loss=0.0014  value_loss=2.6922
  update 158000/500000: consistency_loss=0.0001  pi_loss=-0.0006  reward_loss=2.6922  total_loss=0.0016  value_loss=2.6922
  update 158500/500000: consistency_loss=0.0001  pi_loss=-0.0006  reward_loss=2.6922  total_loss=0.0019  value_loss=2.6922
  update 159000/500000: consistency_loss=0.0001  pi_loss=-0.0006  reward_loss=2.6922  total_loss=0.0016  value_loss=2.6922
  update 159500/500000: consistency_loss=0.0001  pi_loss=-0.0006  reward_loss=2.6922  total_loss=0.0015  value_loss=2.6922
  update 160000/500000: consistency_loss=0.0001  pi_loss=-0.0006  reward_loss=2.6922  total_loss=0.0015  value_loss=2.6922
  update 160500/500000: consistency_loss=0.0001  pi_loss=-0.0006  reward_loss=2.6922  total_loss=0.0016  value_loss=2.6922
  update 161000/500000: consistency_loss=0.0001  pi_loss=-0.0006  reward_loss=2.6922  total_loss=0.0013  value_loss=2.6922
  update 161500/500000: consistency_loss=0.0001  pi_loss=-0.0006  reward_loss=2.6922  total_loss=0.0019  value_loss=2.6922
  update 162000/500000: consistency_loss=0.0001  pi_loss=-0.0006  reward_loss=2.6922  total_loss=0.0017  value_loss=2.6922
  update 162500/500000: consistency_loss=0.0001  pi_loss=-0.0006  reward_loss=2.6922  total_loss=0.0016  value_loss=2.6922
  update 163000/500000: consistency_loss=0.0001  pi_loss=-0.0006  reward_loss=2.6922  total_loss=0.0020  value_loss=2.6922
  update 163500/500000: consistency_loss=0.0001  pi_loss=-0.0006  reward_loss=2.6922  total_loss=0.0018  value_loss=2.6922
  update 164000/500000: consistency_loss=0.0001  pi_loss=-0.0006  reward_loss=2.6922  total_loss=0.0016  value_loss=2.6922
  update 164500/500000: consistency_loss=0.0001  pi_loss=-0.0006  reward_loss=2.6922  total_loss=0.0018  value_loss=2.6922
  update 165000/500000: consistency_loss=0.0001  pi_loss=-0.0006  reward_loss=2.6922  total_loss=0.0021  value_loss=2.6922
  update 165500/500000: consistency_loss=0.0001  pi_loss=-0.0006  reward_loss=2.6922  total_loss=0.0016  value_loss=2.6922
  update 166000/500000: consistency_loss=0.0001  pi_loss=-0.0006  reward_loss=2.6922  total_loss=0.0019  value_loss=2.6922
  update 166500/500000: consistency_loss=0.0001  pi_loss=-0.0006  reward_loss=2.6922  total_loss=0.0016  value_loss=2.6922
  update 167000/500000: consistency_loss=0.0001  pi_loss=-0.0006  reward_loss=2.6922  total_loss=0.0016  value_loss=2.6922
  update 167500/500000: consistency_loss=0.0001  pi_loss=-0.0006  reward_loss=2.6922  total_loss=0.0015  value_loss=2.6922
  update 168000/500000: consistency_loss=0.0001  pi_loss=-0.0006  reward_loss=2.6922  total_loss=0.0018  value_loss=2.6922
  update 168500/500000: consistency_loss=0.0001  pi_loss=-0.0006  reward_loss=2.6922  total_loss=0.0015  value_loss=2.6922
  update 169000/500000: consistency_loss=0.0001  pi_loss=-0.0006  reward_loss=2.6922  total_loss=0.0019  value_loss=2.6922
  update 169500/500000: consistency_loss=0.0001  pi_loss=-0.0006  reward_loss=2.6922  total_loss=0.0016  value_loss=2.6922
  update 170000/500000: consistency_loss=0.0001  pi_loss=-0.0006  reward_loss=2.6922  total_loss=0.0016  value_loss=2.6922
  update 170500/500000: consistency_loss=0.0001  pi_loss=-0.0006  reward_loss=2.6922  total_loss=0.0016  value_loss=2.6922
  update 171000/500000: consistency_loss=0.0001  pi_loss=-0.0006  reward_loss=2.6922  total_loss=0.0019  value_loss=2.6922
  update 171500/500000: consistency_loss=0.0001  pi_loss=-0.0006  reward_loss=2.6922  total_loss=0.0016  value_loss=2.6922
  update 172000/500000: consistency_loss=0.0001  pi_loss=-0.0006  reward_loss=2.6922  total_loss=0.0015  value_loss=2.6922
  update 172500/500000: consistency_loss=0.0001  pi_loss=-0.0006  reward_loss=2.6922  total_loss=0.0017  value_loss=2.6922
  update 173000/500000: consistency_loss=0.0001  pi_loss=-0.0006  reward_loss=2.6922  total_loss=0.0023  value_loss=2.6922
  update 173500/500000: consistency_loss=0.0001  pi_loss=-0.0006  reward_loss=2.6922  total_loss=0.0015  value_loss=2.6922
  update 174000/500000: consistency_loss=0.0001  pi_loss=-0.0006  reward_loss=2.6922  total_loss=0.0019  value_loss=2.6922
  update 174500/500000: consistency_loss=0.0001  pi_loss=-0.0006  reward_loss=2.6922  total_loss=0.0018  value_loss=2.6922
  update 175000/500000: consistency_loss=0.0001  pi_loss=-0.0006  reward_loss=2.6922  total_loss=0.0019  value_loss=2.6922
  update 175500/500000: consistency_loss=0.0001  pi_loss=-0.0006  reward_loss=2.6922  total_loss=0.0017  value_loss=2.6922
  update 176000/500000: consistency_loss=0.0001  pi_loss=-0.0006  reward_loss=2.6922  total_loss=0.0022  value_loss=2.6922
  update 176500/500000: consistency_loss=0.0001  pi_loss=-0.0006  reward_loss=2.6922  total_loss=0.0016  value_loss=2.6922
  update 177000/500000: consistency_loss=0.0001  pi_loss=-0.0006  reward_loss=2.6922  total_loss=0.0018  value_loss=2.6922
  update 177500/500000: consistency_loss=0.0001  pi_loss=-0.0006  reward_loss=2.6922  total_loss=0.0017  value_loss=2.6922
  update 178000/500000: consistency_loss=0.0001  pi_loss=-0.0006  reward_loss=2.6922  total_loss=0.0019  value_loss=2.6922
  update 178500/500000: consistency_loss=0.0001  pi_loss=-0.0006  reward_loss=2.6922  total_loss=0.0017  value_loss=2.6922
  update 179000/500000: consistency_loss=0.0001  pi_loss=-0.0006  reward_loss=2.6922  total_loss=0.0016  value_loss=2.6922
  update 179500/500000: consistency_loss=0.0001  pi_loss=-0.0006  reward_loss=2.6922  total_loss=0.0013  value_loss=2.6922
  update 180000/500000: consistency_loss=0.0001  pi_loss=-0.0006  reward_loss=2.6922  total_loss=0.0016  value_loss=2.6922
  update 180500/500000: consistency_loss=0.0001  pi_loss=-0.0006  reward_loss=2.6922  total_loss=0.0018  value_loss=2.6922
  update 181000/500000: consistency_loss=0.0001  pi_loss=-0.0006  reward_loss=2.6922  total_loss=0.0016  value_loss=2.6922
  update 181500/500000: consistency_loss=0.0001  pi_loss=-0.0006  reward_loss=2.6922  total_loss=0.0017  value_loss=2.6922
  update 182000/500000: consistency_loss=0.0001  pi_loss=-0.0006  reward_loss=2.6922  total_loss=0.0016  value_loss=2.6922
  update 182500/500000: consistency_loss=0.0001  pi_loss=-0.0006  reward_loss=2.6922  total_loss=0.0016  value_loss=2.6922
  update 183000/500000: consistency_loss=0.0001  pi_loss=-0.0006  reward_loss=2.6922  total_loss=0.0015  value_loss=2.6922
  update 183500/500000: consistency_loss=0.0001  pi_loss=-0.0006  reward_loss=2.6922  total_loss=0.0018  value_loss=2.6922
  update 184000/500000: consistency_loss=0.0001  pi_loss=-0.0006  reward_loss=2.6922  total_loss=0.0015  value_loss=2.6922
  update 184500/500000: consistency_loss=0.0001  pi_loss=-0.0006  reward_loss=2.6922  total_loss=0.0022  value_loss=2.6922
  update 185000/500000: consistency_loss=0.0001  pi_loss=-0.0006  reward_loss=2.6922  total_loss=0.0016  value_loss=2.6922
  update 185500/500000: consistency_loss=0.0001  pi_loss=-0.0006  reward_loss=2.6922  total_loss=0.0014  value_loss=2.6922
  update 186000/500000: consistency_loss=0.0001  pi_loss=-0.0006  reward_loss=2.6922  total_loss=0.0016  value_loss=2.6922
  update 186500/500000: consistency_loss=0.0001  pi_loss=-0.0006  reward_loss=2.6922  total_loss=0.0015  value_loss=2.6922
  update 187000/500000: consistency_loss=0.0001  pi_loss=-0.0006  reward_loss=2.6922  total_loss=0.0019  value_loss=2.6922
  update 187500/500000: consistency_loss=0.0001  pi_loss=-0.0006  reward_loss=2.6922  total_loss=0.0018  value_loss=2.6922
  update 188000/500000: consistency_loss=0.0001  pi_loss=-0.0006  reward_loss=2.6922  total_loss=0.0016  value_loss=2.6922
  update 188500/500000: consistency_loss=0.0001  pi_loss=-0.0006  reward_loss=2.6922  total_loss=0.0014  value_loss=2.6922
  update 189000/500000: consistency_loss=0.0001  pi_loss=-0.0006  reward_loss=2.6922  total_loss=0.0016  value_loss=2.6922
  update 189500/500000: consistency_loss=0.0001  pi_loss=-0.0006  reward_loss=2.6922  total_loss=0.0019  value_loss=2.6922
  update 190000/500000: consistency_loss=0.0001  pi_loss=-0.0006  reward_loss=2.6922  total_loss=0.0014  value_loss=2.6922
  update 190500/500000: consistency_loss=0.0001  pi_loss=-0.0006  reward_loss=2.6922  total_loss=0.0014  value_loss=2.6922
  update 191000/500000: consistency_loss=0.0001  pi_loss=-0.0006  reward_loss=2.6922  total_loss=0.0017  value_loss=2.6922
  update 191500/500000: consistency_loss=0.0001  pi_loss=-0.0006  reward_loss=2.6922  total_loss=0.0017  value_loss=2.6922
  update 192000/500000: consistency_loss=0.0001  pi_loss=-0.0006  reward_loss=2.6922  total_loss=0.0016  value_loss=2.6922
  update 192500/500000: consistency_loss=0.0001  pi_loss=-0.0006  reward_loss=2.6922  total_loss=0.0016  value_loss=2.6922
  update 193000/500000: consistency_loss=0.0001  pi_loss=-0.0006  reward_loss=2.6922  total_loss=0.0013  value_loss=2.6922
  update 193500/500000: consistency_loss=0.0001  pi_loss=-0.0006  reward_loss=2.6922  total_loss=0.0017  value_loss=2.6922
  update 194000/500000: consistency_loss=0.0001  pi_loss=-0.0006  reward_loss=2.6922  total_loss=0.0022  value_loss=2.6922
  update 194500/500000: consistency_loss=0.0001  pi_loss=-0.0006  reward_loss=2.6922  total_loss=0.0016  value_loss=2.6922
  update 195000/500000: consistency_loss=0.0001  pi_loss=-0.0006  reward_loss=2.6922  total_loss=0.0019  value_loss=2.6922
  update 195500/500000: consistency_loss=0.0001  pi_loss=-0.0006  reward_loss=2.6922  total_loss=0.0013  value_loss=2.6922
  update 196000/500000: consistency_loss=0.0001  pi_loss=-0.0006  reward_loss=2.6922  total_loss=0.0019  value_loss=2.6922
  update 196500/500000: consistency_loss=0.0001  pi_loss=-0.0006  reward_loss=2.6922  total_loss=0.0017  value_loss=2.6922
  update 197000/500000: consistency_loss=0.0001  pi_loss=-0.0006  reward_loss=2.6922  total_loss=0.0015  value_loss=2.6922
  update 197500/500000: consistency_loss=0.0001  pi_loss=-0.0006  reward_loss=2.6922  total_loss=0.0015  value_loss=2.6922
  update 198000/500000: consistency_loss=0.0001  pi_loss=-0.0006  reward_loss=2.6922  total_loss=0.0014  value_loss=2.6922
  update 198500/500000: consistency_loss=0.0001  pi_loss=-0.0006  reward_loss=2.6922  total_loss=0.0019  value_loss=2.6922
  update 199000/500000: consistency_loss=0.0001  pi_loss=-0.0006  reward_loss=2.6922  total_loss=0.0017  value_loss=2.6922
  update 199500/500000: consistency_loss=0.0001  pi_loss=-0.0006  reward_loss=2.6922  total_loss=0.0016  value_loss=2.6922
  update 200000/500000: consistency_loss=0.0001  pi_loss=-0.0006  reward_loss=2.6922  total_loss=0.0015  value_loss=2.6922
Saved checkpoint at update 200000
  update 200500/500000: consistency_loss=0.0001  pi_loss=-0.0006  reward_loss=2.6922  total_loss=0.0016  value_loss=2.6922
  update 201000/500000: consistency_loss=0.0001  pi_loss=-0.0006  reward_loss=2.6922  total_loss=0.0014  value_loss=2.6922
  update 201500/500000: consistency_loss=0.0001  pi_loss=-0.0006  reward_loss=2.6922  total_loss=0.0018  value_loss=2.6922
  update 202000/500000: consistency_loss=0.0001  pi_loss=-0.0006  reward_loss=2.6922  total_loss=0.0016  value_loss=2.6922
  update 202500/500000: consistency_loss=0.0001  pi_loss=-0.0006  reward_loss=2.6922  total_loss=0.0021  value_loss=2.6922
  update 203000/500000: consistency_loss=0.0001  pi_loss=-0.0006  reward_loss=2.6922  total_loss=0.0016  value_loss=2.6922
  update 203500/500000: consistency_loss=0.0001  pi_loss=-0.0006  reward_loss=2.6922  total_loss=0.0015  value_loss=2.6922
  update 204000/500000: consistency_loss=0.0001  pi_loss=-0.0006  reward_loss=2.6922  total_loss=0.0015  value_loss=2.6922
  update 204500/500000: consistency_loss=0.0001  pi_loss=-0.0006  reward_loss=2.6922  total_loss=0.0015  value_loss=2.6922
  update 205000/500000: consistency_loss=0.0001  pi_loss=-0.0006  reward_loss=2.6922  total_loss=0.0017  value_loss=2.6922
  update 205500/500000: consistency_loss=0.0001  pi_loss=-0.0006  reward_loss=2.6922  total_loss=0.0016  value_loss=2.6922
  update 206000/500000: consistency_loss=0.0001  pi_loss=-0.0006  reward_loss=2.6922  total_loss=0.0016  value_loss=2.6922
  update 206500/500000: consistency_loss=0.0001  pi_loss=-0.0006  reward_loss=2.6922  total_loss=0.0020  value_loss=2.6922
  update 207000/500000: consistency_loss=0.0001  pi_loss=-0.0006  reward_loss=2.6922  total_loss=0.0017  value_loss=2.6922
  update 207500/500000: consistency_loss=0.0001  pi_loss=-0.0006  reward_loss=2.6922  total_loss=0.0013  value_loss=2.6922
  update 208000/500000: consistency_loss=0.0001  pi_loss=-0.0006  reward_loss=2.6922  total_loss=0.0017  value_loss=2.6922
  update 208500/500000: consistency_loss=0.0001  pi_loss=-0.0006  reward_loss=2.6922  total_loss=0.0014  value_loss=2.6922
  update 209000/500000: consistency_loss=0.0001  pi_loss=-0.0006  reward_loss=2.6922  total_loss=0.0014  value_loss=2.6922
  update 209500/500000: consistency_loss=0.0001  pi_loss=-0.0006  reward_loss=2.6922  total_loss=0.0016  value_loss=2.6922
  update 210000/500000: consistency_loss=0.0001  pi_loss=-0.0006  reward_loss=2.6922  total_loss=0.0017  value_loss=2.6922
  update 210500/500000: consistency_loss=0.0001  pi_loss=-0.0006  reward_loss=2.6922  total_loss=0.0016  value_loss=2.6922
  update 211000/500000: consistency_loss=0.0001  pi_loss=-0.0006  reward_loss=2.6922  total_loss=0.0013  value_loss=2.6922
  update 211500/500000: consistency_loss=0.0001  pi_loss=-0.0006  reward_loss=2.6922  total_loss=0.0016  value_loss=2.6922
  update 212000/500000: consistency_loss=0.0001  pi_loss=-0.0006  reward_loss=2.6922  total_loss=0.0013  value_loss=2.6922
  update 212500/500000: consistency_loss=0.0001  pi_loss=-0.0006  reward_loss=2.6922  total_loss=0.0017  value_loss=2.6922
  update 213000/500000: consistency_loss=0.0001  pi_loss=-0.0006  reward_loss=2.6922  total_loss=0.0013  value_loss=2.6922
  update 213500/500000: consistency_loss=0.0001  pi_loss=-0.0006  reward_loss=2.6922  total_loss=0.0015  value_loss=2.6922
  update 214000/500000: consistency_loss=0.0001  pi_loss=-0.0006  reward_loss=2.6922  total_loss=0.0017  value_loss=2.6922
  update 214500/500000: consistency_loss=0.0001  pi_loss=-0.0006  reward_loss=2.6922  total_loss=0.0015  value_loss=2.6922
  update 215000/500000: consistency_loss=0.0001  pi_loss=-0.0006  reward_loss=2.6922  total_loss=0.0013  value_loss=2.6922
  update 215500/500000: consistency_loss=0.0001  pi_loss=-0.0006  reward_loss=2.6922  total_loss=0.0013  value_loss=2.6922
  update 216000/500000: consistency_loss=0.0001  pi_loss=-0.0006  reward_loss=2.6922  total_loss=0.0018  value_loss=2.6922
  update 216500/500000: consistency_loss=0.0001  pi_loss=-0.0006  reward_loss=2.6922  total_loss=0.0017  value_loss=2.6922
  update 217000/500000: consistency_loss=0.0001  pi_loss=-0.0006  reward_loss=2.6922  total_loss=0.0016  value_loss=2.6922
  update 217500/500000: consistency_loss=0.0001  pi_loss=-0.0006  reward_loss=2.6922  total_loss=0.0013  value_loss=2.6922
  update 218000/500000: consistency_loss=0.0001  pi_loss=-0.0006  reward_loss=2.6922  total_loss=0.0018  value_loss=2.6922
  update 218500/500000: consistency_loss=0.0001  pi_loss=-0.0006  reward_loss=2.6922  total_loss=0.0019  value_loss=2.6922
  update 219000/500000: consistency_loss=0.0001  pi_loss=-0.0006  reward_loss=2.6922  total_loss=0.0020  value_loss=2.6922
  update 219500/500000: consistency_loss=0.0001  pi_loss=-0.0006  reward_loss=2.6922  total_loss=0.0012  value_loss=2.6922
  update 220000/500000: consistency_loss=0.0001  pi_loss=-0.0006  reward_loss=2.6922  total_loss=0.0015  value_loss=2.6922
  update 220500/500000: consistency_loss=0.0001  pi_loss=-0.0006  reward_loss=2.6922  total_loss=0.0014  value_loss=2.6922
  update 221000/500000: consistency_loss=0.0001  pi_loss=-0.0006  reward_loss=2.6922  total_loss=0.0013  value_loss=2.6922
  update 221500/500000: consistency_loss=0.0001  pi_loss=-0.0006  reward_loss=2.6922  total_loss=0.0013  value_loss=2.6922
  update 222000/500000: consistency_loss=0.0001  pi_loss=-0.0006  reward_loss=2.6922  total_loss=0.0017  value_loss=2.6922
  update 222500/500000: consistency_loss=0.0001  pi_loss=-0.0006  reward_loss=2.6922  total_loss=0.0015  value_loss=2.6922
  update 223000/500000: consistency_loss=0.0001  pi_loss=-0.0006  reward_loss=2.6922  total_loss=0.0014  value_loss=2.6922
  update 223500/500000: consistency_loss=0.0001  pi_loss=-0.0006  reward_loss=2.6922  total_loss=0.0015  value_loss=2.6922
  update 224000/500000: consistency_loss=0.0001  pi_loss=-0.0006  reward_loss=2.6922  total_loss=0.0015  value_loss=2.6922
  update 224500/500000: consistency_loss=0.0001  pi_loss=-0.0006  reward_loss=2.6922  total_loss=0.0015  value_loss=2.6922
  update 225000/500000: consistency_loss=0.0001  pi_loss=-0.0006  reward_loss=2.6922  total_loss=0.0014  value_loss=2.6922
  update 225500/500000: consistency_loss=0.0001  pi_loss=-0.0006  reward_loss=2.6922  total_loss=0.0018  value_loss=2.6922
  update 226000/500000: consistency_loss=0.0001  pi_loss=-0.0006  reward_loss=2.6922  total_loss=0.0017  value_loss=2.6922
  update 226500/500000: consistency_loss=0.0001  pi_loss=-0.0006  reward_loss=2.6922  total_loss=0.0015  value_loss=2.6922
  update 227000/500000: consistency_loss=0.0001  pi_loss=-0.0006  reward_loss=2.6922  total_loss=0.0017  value_loss=2.6922
  update 227500/500000: consistency_loss=0.0001  pi_loss=-0.0006  reward_loss=2.6922  total_loss=0.0017  value_loss=2.6922
  update 228000/500000: consistency_loss=0.0001  pi_loss=-0.0006  reward_loss=2.6922  total_loss=0.0016  value_loss=2.6922
  update 228500/500000: consistency_loss=0.0001  pi_loss=-0.0006  reward_loss=2.6922  total_loss=0.0015  value_loss=2.6922
  update 229000/500000: consistency_loss=0.0001  pi_loss=-0.0006  reward_loss=2.6922  total_loss=0.0014  value_loss=2.6922
  update 229500/500000: consistency_loss=0.0001  pi_loss=-0.0006  reward_loss=2.6922  total_loss=0.0017  value_loss=2.6922
  update 230000/500000: consistency_loss=0.0001  pi_loss=-0.0006  reward_loss=2.6922  total_loss=0.0020  value_loss=2.6922
  update 230500/500000: consistency_loss=0.0001  pi_loss=-0.0006  reward_loss=2.6922  total_loss=0.0017  value_loss=2.6922
  update 231000/500000: consistency_loss=0.0001  pi_loss=-0.0006  reward_loss=2.6922  total_loss=0.0015  value_loss=2.6922
  update 231500/500000: consistency_loss=0.0001  pi_loss=-0.0006  reward_loss=2.6922  total_loss=0.0019  value_loss=2.6922
  update 232000/500000: consistency_loss=0.0001  pi_loss=-0.0006  reward_loss=2.6922  total_loss=0.0014  value_loss=2.6922
  update 232500/500000: consistency_loss=0.0001  pi_loss=-0.0006  reward_loss=2.6922  total_loss=0.0014  value_loss=2.6922
  update 233000/500000: consistency_loss=0.0001  pi_loss=-0.0006  reward_loss=2.6922  total_loss=0.0019  value_loss=2.6922
  update 233500/500000: consistency_loss=0.0001  pi_loss=-0.0006  reward_loss=2.6922  total_loss=0.0016  value_loss=2.6922
  update 234000/500000: consistency_loss=0.0001  pi_loss=-0.0006  reward_loss=2.6922  total_loss=0.0018  value_loss=2.6922
  update 234500/500000: consistency_loss=0.0001  pi_loss=-0.0006  reward_loss=2.6922  total_loss=0.0015  value_loss=2.6922
  update 235000/500000: consistency_loss=0.0001  pi_loss=-0.0006  reward_loss=2.6922  total_loss=0.0017  value_loss=2.6922
  update 235500/500000: consistency_loss=0.0001  pi_loss=-0.0006  reward_loss=2.6922  total_loss=0.0016  value_loss=2.6922
  update 236000/500000: consistency_loss=0.0001  pi_loss=-0.0006  reward_loss=2.6922  total_loss=0.0014  value_loss=2.6922
  update 236500/500000: consistency_loss=0.0001  pi_loss=-0.0006  reward_loss=2.6922  total_loss=0.0014  value_loss=2.6922
  update 237000/500000: consistency_loss=0.0001  pi_loss=-0.0006  reward_loss=2.6922  total_loss=0.0016  value_loss=2.6922
  update 237500/500000: consistency_loss=0.0001  pi_loss=-0.0006  reward_loss=2.6922  total_loss=0.0013  value_loss=2.6922
  update 238000/500000: consistency_loss=0.0001  pi_loss=-0.0006  reward_loss=2.6922  total_loss=0.0014  value_loss=2.6922
  update 238500/500000: consistency_loss=0.0001  pi_loss=-0.0006  reward_loss=2.6922  total_loss=0.0016  value_loss=2.6922
  update 239000/500000: consistency_loss=0.0001  pi_loss=-0.0006  reward_loss=2.6922  total_loss=0.0017  value_loss=2.6922
  update 239500/500000: consistency_loss=0.0001  pi_loss=-0.0006  reward_loss=2.6922  total_loss=0.0013  value_loss=2.6922
  update 240000/500000: consistency_loss=0.0001  pi_loss=-0.0006  reward_loss=2.6922  total_loss=0.0014  value_loss=2.6922
  update 240500/500000: consistency_loss=0.0001  pi_loss=-0.0006  reward_loss=2.6922  total_loss=0.0021  value_loss=2.6922
  update 241000/500000: consistency_loss=0.0001  pi_loss=-0.0006  reward_loss=2.6922  total_loss=0.0016  value_loss=2.6922
  update 241500/500000: consistency_loss=0.0001  pi_loss=-0.0006  reward_loss=2.6922  total_loss=0.0015  value_loss=2.6922
  update 242000/500000: consistency_loss=0.0001  pi_loss=-0.0006  reward_loss=2.6922  total_loss=0.0016  value_loss=2.6922
  update 242500/500000: consistency_loss=0.0001  pi_loss=-0.0006  reward_loss=2.6922  total_loss=0.0017  value_loss=2.6922
  update 243000/500000: consistency_loss=0.0001  pi_loss=-0.0006  reward_loss=2.6922  total_loss=0.0018  value_loss=2.6922
  update 243500/500000: consistency_loss=0.0001  pi_loss=-0.0006  reward_loss=2.6922  total_loss=0.0017  value_loss=2.6922
  update 244000/500000: consistency_loss=0.0001  pi_loss=-0.0006  reward_loss=2.6922  total_loss=0.0017  value_loss=2.6922
  update 244500/500000: consistency_loss=0.0001  pi_loss=-0.0006  reward_loss=2.6922  total_loss=0.0016  value_loss=2.6922
  update 245000/500000: consistency_loss=0.0001  pi_loss=-0.0006  reward_loss=2.6922  total_loss=0.0020  value_loss=2.6922
  update 245500/500000: consistency_loss=0.0001  pi_loss=-0.0006  reward_loss=2.6922  total_loss=0.0013  value_loss=2.6922
  update 246000/500000: consistency_loss=0.0001  pi_loss=-0.0006  reward_loss=2.6922  total_loss=0.0018  value_loss=2.6922
  update 246500/500000: consistency_loss=0.0001  pi_loss=-0.0006  reward_loss=2.6922  total_loss=0.0017  value_loss=2.6922
  update 247000/500000: consistency_loss=0.0001  pi_loss=-0.0006  reward_loss=2.6922  total_loss=0.0013  value_loss=2.6922
  update 247500/500000: consistency_loss=0.0001  pi_loss=-0.0006  reward_loss=2.6922  total_loss=0.0018  value_loss=2.6922
  update 248000/500000: consistency_loss=0.0001  pi_loss=-0.0006  reward_loss=2.6922  total_loss=0.0014  value_loss=2.6922
  update 248500/500000: consistency_loss=0.0001  pi_loss=-0.0006  reward_loss=2.6922  total_loss=0.0012  value_loss=2.6922
  update 249000/500000: consistency_loss=0.0001  pi_loss=-0.0006  reward_loss=2.6922  total_loss=0.0020  value_loss=2.6922
  update 249500/500000: consistency_loss=0.0001  pi_loss=-0.0006  reward_loss=2.6922  total_loss=0.0015  value_loss=2.6922
  update 250000/500000: consistency_loss=0.0001  pi_loss=-0.0006  reward_loss=2.6922  total_loss=0.0016  value_loss=2.6922
  update 250500/500000: consistency_loss=0.0001  pi_loss=-0.0006  reward_loss=2.6922  total_loss=0.0018  value_loss=2.6922
  update 251000/500000: consistency_loss=0.0001  pi_loss=-0.0006  reward_loss=2.6922  total_loss=0.0017  value_loss=2.6922
  update 251500/500000: consistency_loss=0.0001  pi_loss=-0.0006  reward_loss=2.6922  total_loss=0.0013  value_loss=2.6922
  update 252000/500000: consistency_loss=0.0001  pi_loss=-0.0006  reward_loss=2.6922  total_loss=0.0015  value_loss=2.6922
  update 252500/500000: consistency_loss=0.0001  pi_loss=-0.0006  reward_loss=2.6922  total_loss=0.0015  value_loss=2.6922
  update 253000/500000: consistency_loss=0.0001  pi_loss=-0.0006  reward_loss=2.6922  total_loss=0.0015  value_loss=2.6922
  update 253500/500000: consistency_loss=0.0001  pi_loss=-0.0006  reward_loss=2.6922  total_loss=0.0014  value_loss=2.6922
  update 254000/500000: consistency_loss=0.0001  pi_loss=-0.0006  reward_loss=2.6922  total_loss=0.0016  value_loss=2.6922
  update 254500/500000: consistency_loss=0.0001  pi_loss=-0.0006  reward_loss=2.6922  total_loss=0.0015  value_loss=2.6922
  update 255000/500000: consistency_loss=0.0001  pi_loss=-0.0006  reward_loss=2.6922  total_loss=0.0014  value_loss=2.6922
  update 255500/500000: consistency_loss=0.0001  pi_loss=-0.0006  reward_loss=2.6922  total_loss=0.0013  value_loss=2.6922
  update 256000/500000: consistency_loss=0.0001  pi_loss=-0.0006  reward_loss=2.6922  total_loss=0.0016  value_loss=2.6922
  update 256500/500000: consistency_loss=0.0001  pi_loss=-0.0006  reward_loss=2.6922  total_loss=0.0014  value_loss=2.6922
  update 257000/500000: consistency_loss=0.0001  pi_loss=-0.0006  reward_loss=2.6922  total_loss=0.0015  value_loss=2.6922
  update 257500/500000: consistency_loss=0.0001  pi_loss=-0.0006  reward_loss=2.6922  total_loss=0.0013  value_loss=2.6922
  update 258000/500000: consistency_loss=0.0001  pi_loss=-0.0006  reward_loss=2.6922  total_loss=0.0014  value_loss=2.6922
  update 258500/500000: consistency_loss=0.0001  pi_loss=-0.0006  reward_loss=2.6922  total_loss=0.0014  value_loss=2.6922
  update 259000/500000: consistency_loss=0.0001  pi_loss=-0.0006  reward_loss=2.6922  total_loss=0.0016  value_loss=2.6922
  update 259500/500000: consistency_loss=0.0001  pi_loss=-0.0006  reward_loss=2.6922  total_loss=0.0014  value_loss=2.6922
  update 260000/500000: consistency_loss=0.0001  pi_loss=-0.0006  reward_loss=2.6922  total_loss=0.0016  value_loss=2.6922
  update 260500/500000: consistency_loss=0.0001  pi_loss=-0.0006  reward_loss=2.6922  total_loss=0.0016  value_loss=2.6922
  update 261000/500000: consistency_loss=0.0001  pi_loss=-0.0006  reward_loss=2.6922  total_loss=0.0017  value_loss=2.6922
  update 261500/500000: consistency_loss=0.0001  pi_loss=-0.0006  reward_loss=2.6922  total_loss=0.0018  value_loss=2.6922
  update 262000/500000: consistency_loss=0.0001  pi_loss=-0.0006  reward_loss=2.6922  total_loss=0.0018  value_loss=2.6922
  update 262500/500000: consistency_loss=0.0001  pi_loss=-0.0006  reward_loss=2.6922  total_loss=0.0015  value_loss=2.6922
  update 263000/500000: consistency_loss=0.0001  pi_loss=-0.0006  reward_loss=2.6922  total_loss=0.0015  value_loss=2.6922
  update 263500/500000: consistency_loss=0.0001  pi_loss=-0.0006  reward_loss=2.6922  total_loss=0.0017  value_loss=2.6922
  update 264000/500000: consistency_loss=0.0001  pi_loss=-0.0006  reward_loss=2.6922  total_loss=0.0013  value_loss=2.6922
  update 264500/500000: consistency_loss=0.0001  pi_loss=-0.0006  reward_loss=2.6922  total_loss=0.0014  value_loss=2.6922
  update 265000/500000: consistency_loss=0.0001  pi_loss=-0.0006  reward_loss=2.6922  total_loss=0.0016  value_loss=2.6922
  update 265500/500000: consistency_loss=0.0001  pi_loss=-0.0006  reward_loss=2.6922  total_loss=0.0015  value_loss=2.6922
  update 266000/500000: consistency_loss=0.0001  pi_loss=-0.0006  reward_loss=2.6922  total_loss=0.0016  value_loss=2.6922
  update 266500/500000: consistency_loss=0.0001  pi_loss=-0.0006  reward_loss=2.6922  total_loss=0.0012  value_loss=2.6922
  update 267000/500000: consistency_loss=0.0001  pi_loss=-0.0006  reward_loss=2.6922  total_loss=0.0014  value_loss=2.6922
  update 267500/500000: consistency_loss=0.0001  pi_loss=-0.0006  reward_loss=2.6922  total_loss=0.0015  value_loss=2.6922
  update 268000/500000: consistency_loss=0.0001  pi_loss=-0.0006  reward_loss=2.6922  total_loss=0.0016  value_loss=2.6922
  update 268500/500000: consistency_loss=0.0001  pi_loss=-0.0006  reward_loss=2.6922  total_loss=0.0018  value_loss=2.6922
  update 269000/500000: consistency_loss=0.0001  pi_loss=-0.0006  reward_loss=2.6922  total_loss=0.0019  value_loss=2.6922
  update 269500/500000: consistency_loss=0.0001  pi_loss=-0.0006  reward_loss=2.6922  total_loss=0.0016  value_loss=2.6922
  update 270000/500000: consistency_loss=0.0001  pi_loss=-0.0006  reward_loss=2.6922  total_loss=0.0016  value_loss=2.6922
  update 270500/500000: consistency_loss=0.0001  pi_loss=-0.0006  reward_loss=2.6922  total_loss=0.0015  value_loss=2.6922
  update 271000/500000: consistency_loss=0.0001  pi_loss=-0.0006  reward_loss=2.6922  total_loss=0.0017  value_loss=2.6922
  update 271500/500000: consistency_loss=0.0001  pi_loss=-0.0006  reward_loss=2.6922  total_loss=0.0015  value_loss=2.6922
  update 272000/500000: consistency_loss=0.0001  pi_loss=-0.0006  reward_loss=2.6922  total_loss=0.0014  value_loss=2.6922
  update 272500/500000: consistency_loss=0.0001  pi_loss=-0.0006  reward_loss=2.6922  total_loss=0.0015  value_loss=2.6922
  update 273000/500000: consistency_loss=0.0001  pi_loss=-0.0006  reward_loss=2.6922  total_loss=0.0016  value_loss=2.6922
  update 273500/500000: consistency_loss=0.0001  pi_loss=-0.0006  reward_loss=2.6922  total_loss=0.0014  value_loss=2.6922
  update 274000/500000: consistency_loss=0.0001  pi_loss=-0.0006  reward_loss=2.6922  total_loss=0.0015  value_loss=2.6922
  update 274500/500000: consistency_loss=0.0001  pi_loss=-0.0006  reward_loss=2.6922  total_loss=0.0013  value_loss=2.6922
  update 275000/500000: consistency_loss=0.0001  pi_loss=-0.0006  reward_loss=2.6922  total_loss=0.0013  value_loss=2.6922
  update 275500/500000: consistency_loss=0.0001  pi_loss=-0.0006  reward_loss=2.6922  total_loss=0.0012  value_loss=2.6922
  update 276000/500000: consistency_loss=0.0001  pi_loss=-0.0006  reward_loss=2.6922  total_loss=0.0016  value_loss=2.6922
  update 276500/500000: consistency_loss=0.0001  pi_loss=-0.0006  reward_loss=2.6922  total_loss=0.0015  value_loss=2.6922
  update 277000/500000: consistency_loss=0.0001  pi_loss=-0.0006  reward_loss=2.6922  total_loss=0.0017  value_loss=2.6922
  update 277500/500000: consistency_loss=0.0001  pi_loss=-0.0006  reward_loss=2.6922  total_loss=0.0014  value_loss=2.6922
  update 278000/500000: consistency_loss=0.0001  pi_loss=-0.0006  reward_loss=2.6922  total_loss=0.0016  value_loss=2.6922
  update 278500/500000: consistency_loss=0.0001  pi_loss=-0.0006  reward_loss=2.6922  total_loss=0.0014  value_loss=2.6922
  update 279000/500000: consistency_loss=0.0001  pi_loss=-0.0006  reward_loss=2.6922  total_loss=0.0018  value_loss=2.6922
  update 279500/500000: consistency_loss=0.0001  pi_loss=-0.0006  reward_loss=2.6922  total_loss=0.0013  value_loss=2.6922
  update 280000/500000: consistency_loss=0.0001  pi_loss=-0.0006  reward_loss=2.6922  total_loss=0.0016  value_loss=2.6922
  update 280500/500000: consistency_loss=0.0001  pi_loss=-0.0006  reward_loss=2.6922  total_loss=0.0014  value_loss=2.6922
  update 281000/500000: consistency_loss=0.0001  pi_loss=-0.0006  reward_loss=2.6922  total_loss=0.0015  value_loss=2.6922
  update 281500/500000: consistency_loss=0.0001  pi_loss=-0.0006  reward_loss=2.6922  total_loss=0.0018  value_loss=2.6922
  update 282000/500000: consistency_loss=0.0001  pi_loss=-0.0006  reward_loss=2.6922  total_loss=0.0019  value_loss=2.6922
  update 282500/500000: consistency_loss=0.0001  pi_loss=-0.0006  reward_loss=2.6922  total_loss=0.0016  value_loss=2.6922
  update 283000/500000: consistency_loss=0.0001  pi_loss=-0.0006  reward_loss=2.6922  total_loss=0.0016  value_loss=2.6922
  update 283500/500000: consistency_loss=0.0001  pi_loss=-0.0006  reward_loss=2.6922  total_loss=0.0017  value_loss=2.6922
  update 284000/500000: consistency_loss=0.0001  pi_loss=-0.0006  reward_loss=2.6922  total_loss=0.0014  value_loss=2.6922
  update 284500/500000: consistency_loss=0.0001  pi_loss=-0.0006  reward_loss=2.6922  total_loss=0.0015  value_loss=2.6922
  update 285000/500000: consistency_loss=0.0001  pi_loss=-0.0006  reward_loss=2.6922  total_loss=0.0019  value_loss=2.6922
  update 285500/500000: consistency_loss=0.0001  pi_loss=-0.0006  reward_loss=2.6922  total_loss=0.0012  value_loss=2.6922
  update 286000/500000: consistency_loss=0.0001  pi_loss=-0.0006  reward_loss=2.6922  total_loss=0.0013  value_loss=2.6922
  update 286500/500000: consistency_loss=0.0001  pi_loss=-0.0006  reward_loss=2.6922  total_loss=0.0013  value_loss=2.6922
  update 287000/500000: consistency_loss=0.0001  pi_loss=-0.0006  reward_loss=2.6922  total_loss=0.0016  value_loss=2.6922
  update 287500/500000: consistency_loss=0.0001  pi_loss=-0.0006  reward_loss=2.6922  total_loss=0.0014  value_loss=2.6922
  update 288000/500000: consistency_loss=0.0001  pi_loss=-0.0006  reward_loss=2.6922  total_loss=0.0013  value_loss=2.6922
  update 288500/500000: consistency_loss=0.0001  pi_loss=-0.0006  reward_loss=2.6922  total_loss=0.0012  value_loss=2.6922
  update 289000/500000: consistency_loss=0.0001  pi_loss=-0.0006  reward_loss=2.6922  total_loss=0.0013  value_loss=2.6922
  update 289500/500000: consistency_loss=0.0001  pi_loss=-0.0006  reward_loss=2.6922  total_loss=0.0015  value_loss=2.6922
  update 290000/500000: consistency_loss=0.0001  pi_loss=-0.0006  reward_loss=2.6922  total_loss=0.0013  value_loss=2.6922
  update 290500/500000: consistency_loss=0.0001  pi_loss=-0.0006  reward_loss=2.6922  total_loss=0.0015  value_loss=2.6922
  update 291000/500000: consistency_loss=0.0001  pi_loss=-0.0006  reward_loss=2.6922  total_loss=0.0017  value_loss=2.6922
  update 291500/500000: consistency_loss=0.0001  pi_loss=-0.0006  reward_loss=2.6922  total_loss=0.0014  value_loss=2.6922
  update 292000/500000: consistency_loss=0.0001  pi_loss=-0.0006  reward_loss=2.6922  total_loss=0.0015  value_loss=2.6922
  update 292500/500000: consistency_loss=0.0001  pi_loss=-0.0006  reward_loss=2.6922  total_loss=0.0015  value_loss=2.6922
  update 293000/500000: consistency_loss=0.0001  pi_loss=-0.0006  reward_loss=2.6922  total_loss=0.0014  value_loss=2.6922
  update 293500/500000: consistency_loss=0.0001  pi_loss=-0.0006  reward_loss=2.6922  total_loss=0.0015  value_loss=2.6922
  update 294000/500000: consistency_loss=0.0001  pi_loss=-0.0006  reward_loss=2.6922  total_loss=0.0014  value_loss=2.6922
  update 294500/500000: consistency_loss=0.0001  pi_loss=-0.0006  reward_loss=2.6922  total_loss=0.0014  value_loss=2.6922
  update 295000/500000: consistency_loss=0.0001  pi_loss=-0.0006  reward_loss=2.6922  total_loss=0.0015  value_loss=2.6922
  update 295500/500000: consistency_loss=0.0001  pi_loss=-0.0006  reward_loss=2.6922  total_loss=0.0016  value_loss=2.6922
  update 296000/500000: consistency_loss=0.0001  pi_loss=-0.0006  reward_loss=2.6922  total_loss=0.0019  value_loss=2.6922
  update 296500/500000: consistency_loss=0.0001  pi_loss=-0.0006  reward_loss=2.6922  total_loss=0.0015  value_loss=2.6922
  update 297000/500000: consistency_loss=0.0001  pi_loss=-0.0006  reward_loss=2.6922  total_loss=0.0014  value_loss=2.6922
  update 297500/500000: consistency_loss=0.0001  pi_loss=-0.0006  reward_loss=2.6922  total_loss=0.0014  value_loss=2.6922
  update 298000/500000: consistency_loss=0.0001  pi_loss=-0.0006  reward_loss=2.6922  total_loss=0.0014  value_loss=2.6922
  update 298500/500000: consistency_loss=0.0001  pi_loss=-0.0006  reward_loss=2.6922  total_loss=0.0016  value_loss=2.6922
  update 299000/500000: consistency_loss=0.0001  pi_loss=-0.0006  reward_loss=2.6922  total_loss=0.0016  value_loss=2.6922
  update 299500/500000: consistency_loss=0.0001  pi_loss=-0.0006  reward_loss=2.6922  total_loss=0.0015  value_loss=2.6922
  update 300000/500000: consistency_loss=0.0001  pi_loss=-0.0006  reward_loss=2.6922  total_loss=0.0018  value_loss=2.6922
Saved checkpoint at update 300000
  update 300500/500000: consistency_loss=0.0001  pi_loss=-0.0006  reward_loss=2.6922  total_loss=0.0014  value_loss=2.6922
  update 301000/500000: consistency_loss=0.0001  pi_loss=-0.0006  reward_loss=2.6922  total_loss=0.0015  value_loss=2.6922
  update 301500/500000: consistency_loss=0.0001  pi_loss=-0.0006  reward_loss=2.6922  total_loss=0.0013  value_loss=2.6922
  update 302000/500000: consistency_loss=0.0001  pi_loss=-0.0006  reward_loss=2.6922  total_loss=0.0015  value_loss=2.6922
  update 302500/500000: consistency_loss=0.0001  pi_loss=-0.0006  reward_loss=2.6922  total_loss=0.0014  value_loss=2.6922
  update 303000/500000: consistency_loss=0.0001  pi_loss=-0.0006  reward_loss=2.6922  total_loss=0.0014  value_loss=2.6922
  update 303500/500000: consistency_loss=0.0001  pi_loss=-0.0006  reward_loss=2.6922  total_loss=0.0017  value_loss=2.6922
  update 304000/500000: consistency_loss=0.0001  pi_loss=-0.0006  reward_loss=2.6922  total_loss=0.0014  value_loss=2.6922
  update 304500/500000: consistency_loss=0.0001  pi_loss=-0.0006  reward_loss=2.6922  total_loss=0.0014  value_loss=2.6922
  update 305000/500000: consistency_loss=0.0001  pi_loss=-0.0006  reward_loss=2.6922  total_loss=0.0014  value_loss=2.6922
  update 305500/500000: consistency_loss=0.0001  pi_loss=-0.0006  reward_loss=2.6922  total_loss=0.0014  value_loss=2.6922
  update 306000/500000: consistency_loss=0.0001  pi_loss=-0.0006  reward_loss=2.6922  total_loss=0.0018  value_loss=2.6922
  update 306500/500000: consistency_loss=0.0001  pi_loss=-0.0006  reward_loss=2.6922  total_loss=0.0016  value_loss=2.6922
  update 307000/500000: consistency_loss=0.0001  pi_loss=-0.0006  reward_loss=2.6922  total_loss=0.0016  value_loss=2.6922
  update 307500/500000: consistency_loss=0.0001  pi_loss=-0.0006  reward_loss=2.6922  total_loss=0.0015  value_loss=2.6922
  update 308000/500000: consistency_loss=0.0001  pi_loss=-0.0006  reward_loss=2.6922  total_loss=0.0015  value_loss=2.6922
  update 308500/500000: consistency_loss=0.0001  pi_loss=-0.0006  reward_loss=2.6922  total_loss=0.0017  value_loss=2.6922
  update 309000/500000: consistency_loss=0.0001  pi_loss=-0.0006  reward_loss=2.6922  total_loss=0.0014  value_loss=2.6922
  update 309500/500000: consistency_loss=0.0001  pi_loss=-0.0006  reward_loss=2.6922  total_loss=0.0015  value_loss=2.6922
  update 310000/500000: consistency_loss=0.0001  pi_loss=-0.0006  reward_loss=2.6922  total_loss=0.0017  v  update 311000/5  update 310500/500000: consistency_loss=0.0001  pi_loss=-0.0006  reward_loss=2.6922  total_loss=0.0017  v  update 311500/5  update 311000/500000: consistency_loss=0.0001  pi_loss=-0.0006  reward_loss=2.6922  total_loss=0.0012  v  update 312000/5  update 311500/500000: consistency_loss=0.0001  pi_loss=-0.0006  reward_loss=2.6922  total_loss=0.0019  v  update 312500/5  update 312000/500000: consistency_loss=0.0001  pi_loss=-0.0006  reward_loss=2.6922  total_loss=0.0014  v  update 313000/5  update 312500/500000: consistency_loss=0.0001  pi_loss=-0.0006  reward_loss=2.6922  total_loss=0.0013  v  update 313500/5  update 313000/500000: consistency_loss=0.0001  pi_loss=-0.0006  reward_loss=2.6922  total_loss=0.0013  v  update 314000/5  update 313500/500000: consistency_loss=0.0001  pi_loss=-0.0006  reward_loss=2.6922  total_loss=0.0015  v  update 314500/5  update 314000/500000: consistency_loss=0.0001  pi_loss=-0.0006  reward_loss=2.6922  total_loss=0.0013  v  update 315000/5  update 314500/500000: consistency_loss=0.0001  pi_loss=-0.0006  reward_loss=2.6922  total_loss=0.0014  v  update 315500/5  update 315000/500000: consistency_loss=0.0001  pi_loss=-0.0006  reward_loss=2.6922  total_loss=0.0016  v  update 316000/5  update 315500/500000: consistency_loss=0.0001  pi_loss=-0.0006  reward_loss=2.6922  total_loss=0.0014  v  update 316500/5  update 316000/500000: consistency_loss=0.0001  pi_loss=-0.0006  reward_loss=2.6922  total_loss=0.0016  v  update 317000/5  update 316500/500000: consistency_loss=0.0001  pi_loss=-0.0006  reward_loss=2.6922  total_loss=0.0014  v  update 317500/5  update 317000/500000: consistency_loss=0.0001  pi_loss=-0.0006  reward_loss=2.6922  total_loss=0.0016  v  update 318000/500000: consistency_loss=0.0001  pi_loss=-0.0006  reward_loss=2.6922  total_loss=0.0018  value_loss=2.6922
  update 318500/500000: consistency_loss=0.0001  pi_loss=-0.0006  reward_loss=2.6922  total_loss=0.0017  value_loss=2.6922
  update 319000/500000: consistency_loss=0.0001  pi_loss=-0.0006  reward_loss=2.6922  total_loss=0.0018  value_loss=2.6922
  update 319500/500000: consistency_loss=0.0001  pi_loss=-0.0006  reward_loss=2.6922  total_loss=0.0015  value_loss=2.6922
  update 320000/500000: consistency_loss=0.0001  pi_loss=-0.0006  reward_loss=2.6922  total_loss=0.0016  value_loss=2.6922
  update 320500/500000: consistency_loss=0.0001  pi_loss=-0.0006  reward_loss=2.6922  total_loss=0.0019  value_loss=2.6922
  update 321000/500000: consistency_loss=0.0001  pi_loss=-0.0006  reward_loss=2.6922  total_loss=0.0018  value_loss=2.6922
  update 321500/500000: consistency_loss=0.0001  pi_loss=-0.0006  reward_loss=2.6922  total_loss=0.0018  value_loss=2.6922
  update 322000/5  update 321500/500000: consistency_loss=0.0001  pi_loss=-0.0006  reward_loss=2.6922  total_loss=0.0017  v  update 322500/5  update 322000/500000: consistency_loss=0.0001  pi_loss=-0.0006  reward_loss=2.6922  total_loss=0.0013  v  update 323000/5  update 322500/500000: consistency_loss=0.0001  pi_loss=-0.0006  reward_loss=2.6922  total_loss=0.0016  v  update 323500/5  update 323000/500000: consistency_loss=0.0001  pi_loss=-0.0006  reward_loss=2.6922  total_loss=0.0013  value_loss=2.6922
  update 323500/500000: consistency_loss=0.0001  pi_loss=-0.0006  reward_loss=2.6922  total_loss=0.0018  value_loss=2.6922
  update 324000/500000: consistency_loss=0.0001  pi_loss=-0.0006  reward_loss=2.6922  total_loss=0.0012  value_loss=2.6922
  update 324500/500000: consistency_loss=0.0001  pi_loss=-0.0006  reward_loss=2.6922  total_loss=0.0016  value_loss=2.6922
  update 325000/500000: consistency_loss=0.0001  pi_loss=-0.0006  reward_loss=2.6922  total_loss=0.0013  value_loss=2.6922
  update 325500/500000: consistency_loss=0.0001  pi_loss=-0.0006  reward_loss=2.6922  total_loss=0.0015  value_loss=2.6922
  update 326000/500000: consistency_loss=0.0001  pi_loss=-0.0006  reward_loss=2.6922  total_loss=0.0017  value_loss=2.6922
  update 326500/500000: consistency_loss=0.0001  pi_loss=-0.0006  reward_loss=2.6922  total_loss=0.0015  value_loss=2.6922
  update 327000/500000: consistency_loss=0.0001  pi_loss=-0.0006  reward_loss=2.6922  total_loss=0.0015  value_loss=2.6922
  update 327500/500000: consistency_loss=0.0001  pi_loss=-0.0006  reward_loss=2.6922  total_loss=0.0012  value_loss=2.6922
  update 328000/500000: consistency_loss=0.0001  pi_loss=-0.0006  reward_loss=2.6922  total_loss=0.0016  value_loss=2.6922
  update 328500/500000: consistency_loss=0.0001  pi_loss=-0.0006  reward_loss=2.6922  total_loss=0.0013  value_loss=2.6922
  update 329000/500000: consistency_loss=0.0001  pi_loss=-0.0006  reward_loss=2.6922  total_loss=0.0014  value_loss=2.6922
  update 329500/500000: consistency_loss=0.0001  pi_loss=-0.0006  reward_loss=2.6922  total_loss=0.0012  value_loss=2.6922
  update 330000/500000: consistency_loss=0.0001  pi_loss=-0.0006  reward_loss=2.6922  total_loss=0.0015  value_loss=2.6922
  update 330500/500000: consistency_loss=0.0001  pi_loss=-0.0006  reward_loss=2.6922  total_loss=0.0015  value_loss=2.6922
  update 331000/500000: consistency_loss=0.0001  pi_loss=-0.0006  reward_loss=2.6922  total_loss=0.0016  value_loss=2.6922
  update 331500/500000: consistency_loss=0.0001  pi_loss=-0.0006  reward_loss=2.6922  total_loss=0.0014  value_loss=2.6922
  update 332000/500000: consistency_loss=0.0001  pi_loss=-0.0007  reward_loss=2.6922  total_loss=0.0014  value_loss=2.6922
  update 332500/500000: consistency_loss=0.0001  pi_loss=-0.0006  reward_loss=2.6922  total_loss=0.0020  value_loss=2.6922
  update 333000/500000: consistency_loss=0.0001  pi_loss=-0.0006  reward_loss=2.6922  total_loss=0.0020  value_loss=2.6922
  update 333500/500000: consistency_loss=0.0001  pi_loss=-0.0006  reward_loss=2.6922  total_loss=0.0015  value_loss=2.6922
  update 334000/500000: consistency_loss=0.0001  pi_loss=-0.0006  reward_loss=2.6922  total_loss=0.0014  value_loss=2.6922
  update 334500/500000: consistency_loss=0.0001  pi_loss=-0.0006  reward_loss=2.6922  total_loss=0.0016  value_loss=2.6922
  update 335000/500000: consistency_loss=0.0001  pi_loss=-0.0006  reward_loss=2.6922  total_loss=0.0015  value_loss=2.6922
  update 335500/500000: consistency_loss=0.0001  pi_loss=-0.0006  reward_loss=2.6922  total_loss=0.0014  value_loss=2.6922
  update 336000/500000: consistency_loss=0.0001  pi_loss=-0.0006  reward_loss=2.6922  total_loss=0.0014  value_loss=2.6922
  update 336500/500000: consistency_loss=0.0001  pi_loss=-0.0006  reward_loss=2.6922  total_loss=0.0018  value_loss=2.6922
  update 337000/500000: consistency_loss=0.0001  pi_loss=-0.0006  reward_loss=2.6922  total_loss=0.0014  value_loss=2.6922
  update 337500/500000: consistency_loss=0.0001  pi_loss=-0.0006  reward_loss=2.6922  total_loss=0.0016  value_loss=2.6922
  update 338000/500000: consistency_loss=0.0001  pi_loss=-0.0006  reward_loss=2.6922  total_loss=0.0014  value_loss=2.6922
  update 338500/500000: consistency_loss=0.0001  pi_loss=-0.0006  reward_loss=2.6922  total_loss=0.0014  value_loss=2.6922
  update 339000/500000: consistency_loss=0.0001  pi_loss=-0.0006  reward_loss=2.6922  total_loss=0.0013  value_loss=2.6922
  update 339500/500000: consistency_loss=0.0001  pi_loss=-0.0006  reward_loss=2.6922  total_loss=0.0015  value_loss=2.6922
  update 340000/500000: consistency_loss=0.0001  pi_loss=-0.0006  reward_loss=2.6922  total_loss=0.0015  value_loss=2.6922
  update 340500/500000: consistency_loss=0.0001  pi_loss=-0.0006  reward_loss=2.6922  total_loss=0.0014  value_loss=2.6922
  update 341000/500000: consistency_loss=0.0001  pi_loss=-0.0006  reward_loss=2.6922  total_loss=0.0012  value_loss=2.6922
  update 341500/500000: consistency_loss=0.0001  pi_loss=-0.0006  reward_loss=2.6922  total_loss=0.0014  value_loss=2.6922
  update 342000/500000: consistency_loss=0.0001  pi_loss=-0.0006  reward_loss=2.6922  total_loss=0.0016  value_loss=2.6922
  update 342500/500000: consistency_loss=0.0001  pi_loss=-0.0006  reward_loss=2.6922  total_loss=0.0013  value_loss=2.6922
  update 343000/500000: consistency_loss=0.0001  pi_loss=-0.0006  reward_loss=2.6922  total_loss=0.0012  value_loss=2.6922
  update 343500/500000: consistency_loss=0.0001  pi_loss=-0.0006  reward_loss=2.6922  total_loss=0.0014  value_loss=2.6922
  update 344000/500000: consistency_loss=0.0001  pi_loss=-0.0006  reward_loss=2.6922  total_loss=0.0012  value_loss=2.6922
  update 344500/500000: consistency_loss=0.0001  pi_loss=-0.0006  reward_loss=2.6922  total_loss=0.0015  value_loss=2.6922
  update 345000/500000: consistency_loss=0.0001  pi_loss=-0.0006  reward_loss=2.6922  total_loss=0.0012  value_loss=2.6922
  update 345500/500000: consistency_loss=0.0001  pi_loss=-0.0006  reward_loss=2.6922  total_loss=0.0015  value_loss=2.6922
  update 346000/500000: consistency_loss=0.0001  pi_loss=-0.0006  reward_loss=2.6922  total_loss=0.0013  value_loss=2.6922
  update 346500/500000: consistency_loss=0.0001  pi_loss=-0.0006  reward_loss=2.6922  total_loss=0.0014  value_loss=2.6922
  update 347000/500000: consistency_loss=0.0001  pi_loss=-0.0006  reward_loss=2.6922  total_loss=0.0015  value_loss=2.6922
  update 347500/500000: consistency_loss=0.0001  pi_loss=-0.0006  reward_loss=2.6922  total_loss=0.0015  value_loss=2.6922
  update 348000/500000: consistency_loss=0.0001  pi_loss=-0.0006  reward_loss=2.6922  total_loss=0.0012  value_loss=2.6922
  update 348500/500000: consistency_loss=0.0001  pi_loss=-0.0006  reward_loss=2.6922  total_loss=0.0018  value_loss=2.6922
  update 349000/500000: consistency_loss=0.0001  pi_loss=-0.0006  reward_loss=2.6922  total_loss=0.0015  value_loss=2.6922
  update 349500/500000: consistency_loss=0.0001  pi_loss=-0.0006  reward_loss=2.6922  total_loss=0.0016  value_loss=2.6922
  update 350000/500000: consistency_loss=0.0001  pi_loss=-0.0006  reward_loss=2.6922  total_loss=0.0013  value_loss=2.6922
  update 350500/500000: consistency_loss=0.0001  pi_loss=-0.0006  reward_loss=2.6922  total_loss=0.0014  value_loss=2.6922
  update 351000/500000: consistency_loss=0.0001  pi_loss=-0.0006  reward_loss=2.6922  total_loss=0.0013  value_loss=2.6922
  update 351500/500000: consistency_loss=0.0001  pi_loss=-0.0006  reward_loss=2.6922  total_loss=0.0014  value_loss=2.6922
  update 352000/500000: consistency_loss=0.0001  pi_loss=-0.0006  reward_loss=2.6922  total_loss=0.0015  value_loss=2.6922
  update 352500/500000: consistency_loss=0.0001  pi_loss=-0.0006  reward_loss=2.6922  total_loss=0.0014  value_loss=2.6922
  update 353000/500000: consistency_loss=0.0001  pi_loss=-0.0007  reward_loss=2.6922  total_loss=0.0016  value_loss=2.6922
  update 353500/500000: consistency_loss=0.0001  pi_loss=-0.0006  reward_loss=2.6922  total_loss=0.0014  value_loss=2.6922
  update 354000/500000: consistency_loss=0.0001  pi_loss=-0.0006  reward_loss=2.6922  total_loss=0.0020  value_loss=2.6922
  update 354500/500000: consistency_loss=0.0001  pi_loss=-0.0006  reward_loss=2.6922  total_loss=0.0015  value_loss=2.6922
  update 355000/500000: consistency_loss=0.0001  pi_loss=-0.0006  reward_loss=2.6922  total_loss=0.0015  value_loss=2.6922
  update 355500/500000: consistency_loss=0.0001  pi_loss=-0.0006  reward_loss=2.6922  total_loss=0.0013  value_loss=2.6922
  update 356000/500000: consistency_loss=0.0001  pi_loss=-0.0006  reward_loss=2.6922  total_loss=0.0015  value_loss=2.6922
  update 356500/500000: consistency_loss=0.0001  pi_loss=-0.0006  reward_loss=2.6922  total_loss=0.0014  value_loss=2.6922
  update 357000/500000: consistency_loss=0.0001  pi_loss=-0.0006  reward_loss=2.6922  total_loss=0.0015  value_loss=2.6922
  update 357500/500000: consistency_loss=0.0001  pi_loss=-0.0006  reward_loss=2.6922  total_loss=0.0013  value_loss=2.6922
  update 358000/500000: consistency_loss=0.0001  pi_loss=-0.0006  reward_loss=2.6922  total_loss=0.0016  value_loss=2.6922
  update 358500/500000: consistency_loss=0.0001  pi_loss=-0.0006  reward_loss=2.6922  total_loss=0.0016  value_loss=2.6922
  update 359000/500000: consistency_loss=0.0001  pi_loss=-0.0006  reward_loss=2.6922  total_loss=0.0014  value_loss=2.6922
  update 359500/500000: consistency_loss=0.0001  pi_loss=-0.0006  reward_loss=2.6922  total_loss=0.0013  value_loss=2.6922
  update 360000/500000: consistency_loss=0.0001  pi_loss=-0.0006  reward_loss=2.6922  total_loss=0.0014  value_loss=2.6922
  update 360500/500000: consistency_loss=0.0001  pi_loss=-0.0006  reward_loss=2.6922  total_loss=0.0014  value_loss=2.6922
  update 361000/500000: consistency_loss=0.0001  pi_loss=-0.0006  reward_loss=2.6922  total_loss=0.0013  value_loss=2.6922
  update 361500/500000: consistency_loss=0.0001  pi_loss=-0.0006  reward_loss=2.6922  total_loss=0.0015  value_loss=2.6922
  update 362000/500000: consistency_loss=0.0001  pi_loss=-0.0006  reward_loss=2.6922  total_loss=0.0017  value_loss=2.6922
  update 362500/500000: consistency_loss=0.0001  pi_loss=-0.0006  reward_loss=2.6922  total_loss=0.0015  value_loss=2.6922
  update 363000/500000: consistency_loss=0.0001  pi_loss=-0.0006  reward_loss=2.6922  total_loss=0.0015  value_loss=2.6922
  update 363500/500000: consistency_loss=0.0001  pi_loss=-0.0006  reward_loss=2.6922  total_loss=0.0016  value_loss=2.6922
  update 364000/500000: consistency_loss=0.0001  pi_loss=-0.0006  reward_loss=2.6922  total_loss=0.0016  value_loss=2.6922
  update 364500/500000: consistency_loss=0.0001  pi_loss=-0.0006  reward_loss=2.6922  total_loss=0.0015  value_loss=2.6922
  update 365000/500000: consistency_loss=0.0001  pi_loss=-0.0006  reward_loss=2.6922  total_loss=0.0014  value_loss=2.6922
  update 365500/500000: consistency_loss=0.0001  pi_loss=-0.0006  reward_loss=2.6922  total_loss=0.0015  value_loss=2.6922
  update 366000/500000: consistency_loss=0.0001  pi_loss=-0.0006  reward_loss=2.6922  total_loss=0.0016  value_loss=2.6922
  update 366500/500000: consistency_loss=0.0001  pi_loss=-0.0006  reward_loss=2.6922  total_loss=0.0014  value_loss=2.6922
  update 367000/500000: consistency_loss=0.0001  pi_loss=-0.0006  reward_loss=2.6922  total_loss=0.0014  value_loss=2.6922
  update 367500/500000: consistency_loss=0.0001  pi_loss=-0.0006  reward_loss=2.6922  total_loss=0.0013  value_loss=2.6922
  update 368000/500000: consistency_loss=0.0001  pi_loss=-0.0006  reward_loss=2.6922  total_loss=0.0013  value_loss=2.6922
  update 368500/500000: consistency_loss=0.0001  pi_loss=-0.0006  reward_loss=2.6922  total_loss=0.0014  value_loss=2.6922
  update 369000/500000: consistency_loss=0.0001  pi_loss=-0.0006  reward_loss=2.6922  total_loss=0.0015  value_loss=2.6922
  update 369500/500000: consistency_loss=0.0001  pi_loss=-0.0006  reward_loss=2.6922  total_loss=0.0017  value_loss=2.6922
  update 370000/500000: consistency_loss=0.0001  pi_loss=-0.0006  reward_loss=2.6922  total_loss=0.0013  value_loss=2.6922
  update 370500/500000: consistency_loss=0.0001  pi_loss=-0.0006  reward_loss=2.6922  total_loss=0.0015  value_loss=2.6922
  update 371000/500000: consistency_loss=0.0001  pi_loss=-0.0006  reward_loss=2.6922  total_loss=0.0014  value_loss=2.6922
  update 371500/500000: consistency_loss=0.0001  pi_loss=-0.0006  reward_loss=2.6922  total_loss=0.0016  value_loss=2.6922
  update 372000/500000: consistency_loss=0.0001  pi_loss=-0.0006  reward_loss=2.6922  total_loss=0.0016  value_loss=2.6922
  update 372500/500000: consistency_loss=0.0001  pi_loss=-0.0006  reward_loss=2.6922  total_loss=0.0019  value_loss=2.6922
  update 373000/500000: consistency_loss=0.0001  pi_loss=-0.0006  reward_loss=2.6922  total_loss=0.0014  value_loss=2.6922
  update 373500/500000: consistency_loss=0.0001  pi_loss=-0.0006  reward_loss=2.6922  total_loss=0.0014  value_loss=2.6922
  update 374000/500000: consistency_loss=0.0001  pi_loss=-0.0006  reward_loss=2.6922  total_loss=0.0015  value_loss=2.6922
  update 374500/500000: consistency_loss=0.0001  pi_loss=-0.0006  reward_loss=2.6922  total_loss=0.0013  value_loss=2.6922
  update 375000/500000: consistency_loss=0.0001  pi_loss=-0.0006  reward_loss=2.6922  total_loss=0.0017  value_loss=2.6922
  update 375500/500000: consistency_loss=0.0001  pi_loss=-0.0006  reward_loss=2.6922  total_loss=0.0014  value_loss=2.6922
  update 376000/500000: consistency_loss=0.0001  pi_loss=-0.0006  reward_loss=2.6922  total_loss=0.0018  value_loss=2.6922
  update 376500/500000: consistency_loss=0.0001  pi_loss=-0.0006  reward_loss=2.6922  total_loss=0.0014  value_loss=2.6922
  update 377000/500000: consistency_loss=0.0001  pi_loss=-0.0006  reward_loss=2.6922  total_loss=0.0016  value_loss=2.6922
  update 377500/500000: consistency_loss=0.0001  pi_loss=-0.0006  reward_loss=2.6922  total_loss=0.0018  value_loss=2.6922
  update 378000/500000: consistency_loss=0.0001  pi_loss=-0.0006  reward_loss=2.6922  total_loss=0.0016  value_loss=2.6922
  update 378500/500000: consistency_loss=0.0001  pi_loss=-0.0006  reward_loss=2.6922  total_loss=0.0013  value_loss=2.6922
  update 379000/500000: consistency_loss=0.0001  pi_loss=-0.0006  reward_loss=2.6922  total_loss=0.0014  value_loss=2.6922
  update 379500/500000: consistency_loss=0.0001  pi_loss=-0.0006  reward_loss=2.6922  total_loss=0.0013  value_loss=2.6922
  update 380000/500000: consistency_loss=0.0001  pi_loss=-0.0006  reward_loss=2.6922  total_loss=0.0013  value_loss=2.6922
  update 380500/500000: consistency_loss=0.0001  pi_loss=-0.0006  reward_loss=2.6922  total_loss=0.0014  value_loss=2.6922
  update 381000/500000: consistency_loss=0.0001  pi_loss=-0.0006  reward_loss=2.6922  total_loss=0.0013  value_loss=2.6922
  update 381500/500000: consistency_loss=0.0001  pi_loss=-0.0006  reward_loss=2.6922  total_loss=0.0015  value_loss=2.6922
  update 382000/500000: consistency_loss=0.0001  pi_loss=-0.0006  reward_loss=2.6922  total_loss=0.0014  value_loss=2.6922
  update 382500/500000: consistency_loss=0.0001  pi_loss=-0.0006  reward_loss=2.6922  total_loss=0.0015  value_loss=2.6922
  update 383000/500000: consistency_loss=0.0001  pi_loss=-0.0006  reward_loss=2.6922  total_loss=0.0015  value_loss=2.6922
  update 383500/500000: consistency_loss=0.0001  pi_loss=-0.0006  reward_loss=2.6922  total_loss=0.0014  value_loss=2.6922
  update 384000/500000: consistency_loss=0.0001  pi_loss=-0.0006  reward_loss=2.6922  total_loss=0.0013  value_loss=2.6922
  update 384500/500000: consistency_loss=0.0001  pi_loss=-0.0006  reward_loss=2.6922  total_loss=0.0012  value_loss=2.6922
  update 385000/500000: consistency_loss=0.0001  pi_loss=-0.0006  reward_loss=2.6922  total_loss=0.0015  value_loss=2.6922
  update 385500/500000: consistency_loss=0.0001  pi_loss=-0.0006  reward_loss=2.6922  total_loss=0.0013  value_loss=2.6922
  update 386000/500000: consistency_loss=0.0001  pi_loss=-0.0006  reward_loss=2.6922  total_loss=0.0013  value_loss=2.6922
  update 386500/500000: consistency_loss=0.0001  pi_loss=-0.0006  reward_loss=2.6922  total_loss=0.0014  value_loss=2.6922
  update 387000/500000: consistency_loss=0.0001  pi_loss=-0.0006  reward_loss=2.6922  total_loss=0.0016  value_loss=2.6922
  update 387500/500000: consistency_loss=0.0001  pi_loss=-0.0006  reward_loss=2.6922  total_loss=0.0013  value_loss=2.6922
  update 388000/500000: consistency_loss=0.0001  pi_loss=-0.0006  reward_loss=2.6922  total_loss=0.0014  value_loss=2.6922
  update 388500/500000: consistency_loss=0.0001  pi_loss=-0.0006  reward_loss=2.6922  total_loss=0.0012  value_loss=2.6922
  update 389000/500000: consistency_loss=0.0001  pi_loss=-0.0006  reward_loss=2.6922  total_loss=0.0014  value_loss=2.6922
  update 389500/500000: consistency_loss=0.0001  pi_loss=-0.0006  reward_loss=2.6922  total_loss=0.0014  value_loss=2.6922
  update 390000/500000: consistency_loss=0.0001  pi_loss=-0.0006  reward_loss=2.6922  total_loss=0.0015  v  update 391000/5  update 390500/500000: consistency_loss=0.0001  pi_loss=-0.0006  reward_loss=2.6922  total_loss=0.0015  v  update 391500/5  update 391000/500000: consistency_loss=0.0001  pi_loss=-0.0006  reward_loss=2.6922  total_loss=0.0014  v  update 392000/5  update 391500/500000: consistency_loss=0.0001  pi_loss=-0.0006  reward_loss=2.6922  total_loss=0.0014  v  update 392500/5  update 392000/500000: consistency_loss=0.0001  pi_loss=-0.0006  reward_loss=2.6922  total_loss=0.0016  v  update 393000/5  update 392500/500000: consistency_loss=0.0001  pi_loss=-0.0006  reward_loss=2.6922  total_loss=0.0014  value_loss=2.6922
  update 393000/500000: consistency_loss=0.0001  pi_loss=-0.0006  reward_loss=2.6922  total_loss=0.0012  value_loss=2.6922
  update 393500/500000: consistency_loss=0.0001  pi_loss=-0.0006  reward_loss=2.6922  total_loss=0.0017  v  update 394500/5  update 394000/500000: consistency_loss=0.0001  pi_loss=-0.0006  reward_loss=2.6922  total_loss=0.0014  v  update 395000/5  update 394500/500000: consistency_loss=0.0001  pi_loss=-0.0006  reward_loss=2.6922  total_loss=0.0014  v  update 395500/5  update 395000/500000: consistency_loss=0.0001  pi_loss=-0.0006  reward_loss=2.6922  total_loss=0.0016  v  update 396000/5  update 395500/500000: consistency_loss=0.0001  pi_loss=-0.0006  reward_loss=2.6922  total_loss=0.0015  v  update 396500/5  update 396000/500000: consistency_loss=0.0001  pi_loss=-0.0006  reward_loss=2.6922  total_loss=0.0015  v  update 397000/5  update 396500/500000: consistency_loss=0.0001  pi_loss=-0.0006  reward_loss=2.6922  total_loss=0.0013  v  update 397500/5  update 397000/500000: consistency_loss=0.0001  pi_loss=-0.0006  reward_loss=2.6922  total_loss=0.0017  v  update 398000/5  update 397500/500000: consistency_loss=0.0001  pi_loss=-0.0006  reward_loss=2.6922  total_loss=0.0013  v  update 398500/5  update 398000/500000: consistency_loss=0.0001  pi_loss=-0.0006  reward_loss=2.6922  total_loss=0.0014  v  update 399000/5  update 398500/500000: consistency_loss=0.0001  pi_loss=-0.0006  reward_loss=2.6922  total_loss=0.0014  v  update 399500/500000: consistency_loss=0.0001  pi_loss=-0.0006  reward_loss=2.6922  total_loss=0.0019  value_loss=2.6922
  update 400000/500000: consistency_loss=0.0001  pi_loss=-0.0006  reward_loss=2.6922  total_loss=0.0019  value_loss=2.6922
Saved checkpoint   update 400000/5  update 400500/500000: consistency_loss=0.0001  pi_loss=-0.0006  reward_loss=2.6922  total_loss=0.0014  value_loss=2.6922
  update 401000/500000: consistency_loss=0.0001  pi_loss=-0.0006  reward_loss=2.6922  total_loss=0.0018  value_loss=2.6922
  update 401500/500000: consistency_loss=0.0001  pi_loss=-0.0007  reward_loss=2.6922  total_loss=0.0014  value_loss=2.6922
  update 402000/500000: consistency_loss=0.0001  pi_loss=-0.0006  reward_loss=2.6922  total_loss=0.0017  value_loss=2.6922
  update 402500/500000: consistency_loss=0.0001  pi_loss=-0.0006  reward_loss=2.6922  total_loss=0.0014  value_loss=2.6922
  update 403000/500000: consistency_loss=0.0001  pi_loss=-0.0006  reward_loss=2.6922  total_loss=0.0014  value_loss=2.6922
  update 403500/500000: consistency_loss=0.0001  pi_loss=-0.0006  reward_loss=2.6922  total_loss=0.0014  value_loss=2.6922
  update 404000/500000: consistency_loss=0.0001  pi_loss=-0.0006  reward_loss=2.6922  total_loss=0.0016  value_loss=2.6922
  update 404500/500000: consistency_loss=0.0001  pi_loss=-0.0006  reward_loss=2.6922  total_loss=0.0017  value_loss=2.6922
  update 405000/500000: consistency_loss=0.0001  pi_loss=-0.0006  reward_loss=2.6922  total_loss=0.0018  value_loss=2.6922
  update 405500/500000: consistency_loss=0.0001  pi_loss=-0.0006  reward_loss=2.6922  total_loss=0.0017  value_loss=2.6922
  update 406000/500000: consistency_loss=0.0001  pi_loss=-0.0006  reward_loss=2.6922  total_loss=0.0015  value_loss=2.6922
  update 406500/500000: consistency_loss=0.0001  pi_loss=-0.0006  reward_loss=2.6922  total_loss=0.0016  value_loss=2.6922
  update 407000/500000: consistency_loss=0.0001  pi_loss=-0.0006  reward_loss=2.6922  total_loss=0.0019  value_loss=2.6922
  update 407500/500000: consistency_loss=0.0001  pi_loss=-0.0006  reward_loss=2.6922  total_loss=0.0016  value_loss=2.6922
  update 408000/500000: consistency_loss=0.0001  pi_loss=-0.0006  reward_loss=2.6922  total_loss=0.0015  value_loss=2.6922
  update 408500/500000: consistency_loss=0.0001  pi_loss=-0.0006  reward_loss=2.6922  total_loss=0.0017  value_loss=2.6922
  update 409000/500000: consistency_loss=0.0001  pi_loss=-0.0006  reward_loss=2.6922  total_loss=0.0018  value_loss=2.6922
  update 409500/500000: consistency_loss=0.0001  pi_loss=-0.0006  reward_loss=2.6922  total_loss=0.0016  value_loss=2.6922
  update 410000/500000: consistency_loss=0.0001  pi_loss=-0.0006  reward_loss=2.6922  total_loss=0.0015  value_loss=2.6922
  update 410500/500000: consistency_loss=0.0001  pi_loss=-0.0006  reward_loss=2.6922  total_loss=0.0014  value_loss=2.6922
  update 411000/500000: consistency_loss=0.0001  pi_loss=-0.0006  reward_loss=2.6922  total_loss=0.0018  value_loss=2.6922
  update 411500/500000: consistency_loss=0.0001  pi_loss=-0.0006  reward_loss=2.6922  total_loss=0.0016  value_loss=2.6922
  update 412000/500000: consistency_loss=0.0001  pi_loss=-0.0006  reward_loss=2.6922  total_loss=0.0016  value_loss=2.6922
  update 412500/500000: consistency_loss=0.0001  pi_loss=-0.0006  reward_loss=2.6922  total_loss=0.0018  value_loss=2.6922
  update 413000/500000: consistency_loss=0.0001  pi_loss=-0.0006  reward_loss=2.6922  total_loss=0.0017  value_loss=2.6922
  update 413500/500000: consistency_loss=0.0001  pi_loss=-0.0006  reward_loss=2.6922  total_loss=0.0017  value_loss=2.6922
  update 414000/500000: consistency_loss=0.0001  pi_loss=-0.0006  reward_loss=2.6922  total_loss=0.0016  value_loss=2.6922
  update 414500/500000: consistency_loss=0.0001  pi_loss=-0.0006  reward_loss=2.6922  total_loss=0.0017  value_loss=2.6922
  update 415000/500000: consistency_loss=0.0001  pi_loss=-0.0006  reward_loss=2.6922  total_loss=0.0018  value_loss=2.6922
  update 415500/500000: consistency_loss=0.0001  pi_loss=-0.0006  reward_loss=2.6922  total_loss=0.0015  value_loss=2.6922
  update 416000/500000: consistency_loss=0.0001  pi_loss=-0.0006  reward_loss=2.6922  total_loss=0.0016  value_loss=2.6922
  update 416500/500000: consistency_loss=0.0001  pi_loss=-0.0006  reward_loss=2.6922  total_loss=0.0016  value_loss=2.6922
  update 417000/500000: consistency_loss=0.0001  pi_loss=-0.0006  reward_loss=2.6922  total_loss=0.0018  value_loss=2.6922
  update 417500/500000: consistency_loss=0.0001  pi_loss=-0.0006  reward_loss=2.6922  total_loss=0.0014  value_loss=2.6922
  update 418000/500000: consistency_loss=0.0001  pi_loss=-0.0006  reward_loss=2.6922  total_loss=0.0017  value_loss=2.6922
  update 418500/500000: consistency_loss=0.0001  pi_loss=-0.0006  reward_loss=2.6922  total_loss=0.0021  value_loss=2.6922
  update 419000/500000: consistency_loss=0.0001  pi_loss=-0.0006  reward_loss=2.6922  total_loss=0.0016  value_loss=2.6922
  update 419500/500000: consistency_loss=0.0001  pi_loss=-0.0006  reward_loss=2.6922  total_loss=0.0013  value_loss=2.6922
  update 420000/500000: consistency_loss=0.0001  pi_loss=-0.0006  reward_loss=2.6922  total_loss=0.0020  value_loss=2.6922
  update 420500/500000: consistency_loss=0.0001  pi_loss=-0.0006  reward_loss=2.6922  total_loss=0.0013  value_loss=2.6922
  update 421000/500000: consistency_loss=0.0001  pi_loss=-0.0006  reward_loss=2.6922  total_loss=0.0018  value_loss=2.6922
  update 421500/500000: consistency_loss=0.0001  pi_loss=-0.0006  reward_loss=2.6922  total_loss=0.0017  value_loss=2.6922
  update 422000/500000: consistency_loss=0.0001  pi_loss=-0.0006  reward_loss=2.6922  total_loss=0.0017  value_loss=2.6922
  update 422500/500000: consistency_loss=0.0001  pi_loss=-0.0006  reward_loss=2.6922  total_loss=0.0016  value_loss=2.6922
  update 423000/500000: consistency_loss=0.0001  pi_loss=-0.0006  reward_loss=2.6922  total_loss=0.0015  value_loss=2.6922
  update 423500/500000: consistency_loss=0.0001  pi_loss=-0.0006  reward_loss=2.6922  total_loss=0.0017  value_loss=2.6922
  update 424000/500000: consistency_loss=0.0001  pi_loss=-0.0006  reward_loss=2.6922  total_loss=0.0017  value_loss=2.6922
  update 424500/500000: consistency_loss=0.0001  pi_loss=-0.0006  reward_loss=2.6922  total_loss=0.0016  value_loss=2.6922
  update 425000/500000: consistency_loss=0.0001  pi_loss=-0.0006  reward_loss=2.6922  total_loss=0.0017  value_loss=2.6922
  update 425500/500000: consistency_loss=0.0001  pi_loss=-0.0006  reward_loss=2.6922  total_loss=0.0018  value_loss=2.6922
  update 426000/500000: consistency_loss=0.0001  pi_loss=-0.0006  reward_loss=2.6922  total_loss=0.0015  value_loss=2.6922
  update 426500/500000: consistency_loss=0.0001  pi_loss=-0.0006  reward_loss=2.6922  total_loss=0.0017  value_loss=2.6922
  update 427000/500000: consistency_loss=0.0001  pi_loss=-0.0006  reward_loss=2.6922  total_loss=0.0016  value_loss=2.6922
  update 427500/500000: consistency_loss=0.0001  pi_loss=-0.0006  reward_loss=2.6922  total_loss=0.0015  value_loss=2.6922
  update 428000/500000: consistency_loss=0.0001  pi_loss=-0.0006  reward_loss=2.6922  total_loss=0.0015  value_loss=2.6922
  update 428500/500000: consistency_loss=0.0001  pi_loss=-0.0006  reward_loss=2.6922  total_loss=0.0018  value_loss=2.6922
  update 429000/500000: consistency_loss=0.0001  pi_loss=-0.0006  reward_loss=2.6922  total_loss=0.0016  value_loss=2.6922
  update 429500/500000: consistency_loss=0.0001  pi_loss=-0.0006  reward_loss=2.6922  total_loss=0.0017  value_loss=2.6922
  update 430000/500000: consistency_loss=0.0001  pi_loss=-0.0006  reward_loss=2.6922  total_loss=0.0017  value_loss=2.6922
  update 430500/500000: consistency_loss=0.0001  pi_loss=-0.0006  reward_loss=2.6922  total_loss=0.0016  value_loss=2.6922
  update 431000/500000: consistency_loss=0.0001  pi_loss=-0.0006  reward_loss=2.6922  total_loss=0.0020  value_loss=2.6922
  update 431500/500000: consistency_loss=0.0001  pi_loss=-0.0006  reward_loss=2.6922  total_loss=0.0018  value_loss=2.6922
  update 432000/500000: consistency_loss=0.0001  pi_loss=-0.0006  reward_loss=2.6922  total_loss=0.0017  value_loss=2.6922
  update 432500/500000: consistency_loss=0.0001  pi_loss=-0.0006  reward_loss=2.6922  total_loss=0.0017  value_loss=2.6922
  update 433000/500000: consistency_loss=0.0001  pi_loss=-0.0006  reward_loss=2.6922  total_loss=0.0016  value_loss=2.6922
  update 433500/500000: consistency_loss=0.0001  pi_loss=-0.0006  reward_loss=2.6922  total_loss=0.0017  value_loss=2.6922
  update 434000/500000: consistency_loss=0.0001  pi_loss=-0.0006  reward_loss=2.6922  total_loss=0.0018  value_loss=2.6922
  update 434500/500000: consistency_loss=0.0001  pi_loss=-0.0006  reward_loss=2.6922  total_loss=0.0018  value_loss=2.6922
  update 435000/500000: consistency_loss=0.0001  pi_loss=-0.0006  reward_loss=2.6922  total_loss=0.0014  value_loss=2.6922
  update 435500/500000: consistency_loss=0.0001  pi_loss=-0.0006  reward_loss=2.6922  total_loss=0.0018  value_loss=2.6922
  update 436000/500000: consistency_loss=0.0001  pi_loss=-0.0006  reward_loss=2.6922  total_loss=0.0014  value_loss=2.6922
  update 436500/500000: consistency_loss=0.0001  pi_loss=-0.0006  reward_loss=2.6922  total_loss=0.0019  value_loss=2.6922
  update 437000/500000: consistency_loss=0.0001  pi_loss=-0.0006  reward_loss=2.6922  total_loss=0.0016  value_loss=2.6922
  update 437500/500000: consistency_loss=0.0001  pi_loss=-0.0006  reward_loss=2.6922  total_loss=0.0015  value_loss=2.6922
  update 438000/500000: consistency_loss=0.0001  pi_loss=-0.0006  reward_loss=2.6922  total_loss=0.0014  value_loss=2.6922
  update 438500/500000: consistency_loss=0.0001  pi_loss=-0.0006  reward_loss=2.6922  total_loss=0.0014  value_loss=2.6922
  update 439000/500000: consistency_loss=0.0001  pi_loss=-0.0006  reward_loss=2.6922  total_loss=0.0017  value_loss=2.6922
  update 439500/500000: consistency_loss=0.0001  pi_loss=-0.0006  reward_loss=2.6922  total_loss=0.0018  value_loss=2.6922
  update 440000/500000: consistency_loss=0.0001  pi_loss=-0.0006  reward_loss=2.6922  total_loss=0.0018  value_loss=2.6922
  update 440500/500000: consistency_loss=0.0001  pi_loss=-0.0006  reward_loss=2.6922  total_loss=0.0018  value_loss=2.6922
  update 441000/500000: consistency_loss=0.0001  pi_loss=-0.0006  reward_loss=2.6922  total_loss=0.0016  value_loss=2.6922
  update 441500/500000: consistency_loss=0.0001  pi_loss=-0.0006  reward_loss=2.6922  total_loss=0.0018  value_loss=2.6922
  update 442000/500000: consistency_loss=0.0001  pi_loss=-0.0006  reward_loss=2.6922  total_loss=0.0016  value_loss=2.6922
  update 442500/500000: consistency_loss=0.0001  pi_loss=-0.0006  reward_loss=2.6922  total_loss=0.0015  value_loss=2.6922
  update 443000/500000: consistency_loss=0.0001  pi_loss=-0.0006  reward_loss=2.6922  total_loss=0.0017  value_loss=2.6922
  update 443500/500000: consistency_loss=0.0001  pi_loss=-0.0006  reward_loss=2.6922  total_loss=0.0014  value_loss=2.6922
  update 444000/500000: consistency_loss=0.0001  pi_loss=-0.0006  reward_loss=2.6922  total_loss=0.0013  value_loss=2.6922
  update 444500/500000: consistency_loss=0.0001  pi_loss=-0.0006  reward_loss=2.6922  total_loss=0.0016  value_loss=2.6922
  update 445000/500000: consistency_loss=0.0001  pi_loss=-0.0006  reward_loss=2.6922  total_loss=0.0017  value_loss=2.6922
  update 445500/500000: consistency_loss=0.0001  pi_loss=-0.0006  reward_loss=2.6922  total_loss=0.0016  value_loss=2.6922
  update 446000/500000: consistency_loss=0.0001  pi_loss=-0.0006  reward_loss=2.6922  total_loss=0.0016  value_loss=2.6922
  update 446500/500000: consistency_loss=0.0001  pi_loss=-0.0006  reward_loss=2.6922  total_loss=0.0022  value_loss=2.6922
  update 447000/500000: consistency_loss=0.0001  pi_loss=-0.0006  reward_loss=2.6922  total_loss=0.0018  value_loss=2.6922
  update 447500/500000: consistency_loss=0.0001  pi_loss=-0.0006  reward_loss=2.6922  total_loss=0.0018  value_loss=2.6922
  update 448000/500000: consistency_loss=0.0001  pi_loss=-0.0006  reward_loss=2.6922  total_loss=0.0015  value_loss=2.6922
  update 448500/500000: consistency_loss=0.0001  pi_loss=-0.0006  reward_loss=2.6922  total_loss=0.0015  value_loss=2.6922
  update 449000/500000: consistency_loss=0.0001  pi_loss=-0.0006  reward_loss=2.6922  total_loss=0.0017  value_loss=2.6922
  update 449500/500000: consistency_loss=0.0001  pi_loss=-0.0006  reward_loss=2.6922  total_loss=0.0017  value_loss=2.6922
  update 450000/500000: consistency_loss=0.0001  pi_loss=-0.0006  reward_loss=2.6922  total_loss=0.0018  value_loss=2.6922
  update 450500/500000: consistency_loss=0.0001  pi_loss=-0.0006  reward_loss=2.6922  total_loss=0.0016  value_loss=2.6922
  update 451000/500000: consistency_loss=0.0001  pi_loss=-0.0006  reward_loss=2.6922  total_loss=0.0015  value_loss=2.6922
  update 451500/500000: consistency_loss=0.0001  pi_loss=-0.0006  reward_loss=2.6922  total_loss=0.0016  value_loss=2.6922
  update 452000/500000: consistency_loss=0.0001  pi_loss=-0.0007  reward_loss=2.6922  total_loss=0.0017  value_loss=2.6922
  update 452500/500000: consistency_loss=0.0001  pi_loss=-0.0006  reward_loss=2.6922  total_loss=0.0018  value_loss=2.6922
  update 453000/500000: consistency_loss=0.0001  pi_loss=-0.0006  reward_loss=2.6922  total_loss=0.0015  value_loss=2.6922
  update 453500/500000: consistency_loss=0.0001  pi_loss=-0.0006  reward_loss=2.6922  total_loss=0.0013  value_loss=2.6922
  update 454000/500000: consistency_loss=0.0001  pi_loss=-0.0006  reward_loss=2.6922  total_loss=0.0014  value_loss=2.6922
  update 454500/500000: consistency_loss=0.0001  pi_loss=-0.0006  reward_loss=2.6922  total_loss=0.0015  value_loss=2.6922
  update 455000/500000: consistency_loss=0.0001  pi_loss=-0.0006  reward_loss=2.6922  total_loss=0.0014  value_loss=2.6922
  update 455500/500000: consistency_loss=0.0001  pi_loss=-0.0006  reward_loss=2.6922  total_loss=0.0017  value_loss=2.6922
  update 456000/500000: consistency_loss=0.0001  pi_loss=-0.0006  reward_loss=2.6922  total_loss=0.0017  value_loss=2.6922
  update 456500/500000: consistency_loss=0.0001  pi_loss=-0.0006  reward_loss=2.6922  total_loss=0.0018  value_loss=2.6922
  update 457000/500000: consistency_loss=0.0001  pi_loss=-0.0006  reward_loss=2.6922  total_loss=0.0015  value_loss=2.6922
  update 457500/500000: consistency_loss=0.0001  pi_loss=-0.0006  reward_loss=2.6922  total_loss=0.0018  value_loss=2.6922
  update 458000/500000: consistency_loss=0.0001  pi_loss=-0.0006  reward_loss=2.6922  total_loss=0.0016  value_loss=2.6922
  update 458500/500000: consistency_loss=0.0001  pi_loss=-0.0006  reward_loss=2.6922  total_loss=0.0018  value_loss=2.6922
  update 459000/500000: consistency_loss=0.0001  pi_loss=-0.0006  reward_loss=2.6922  total_loss=0.0018  value_loss=2.6922
  update 459500/500000: consistency_loss=0.0001  pi_loss=-0.0006  reward_loss=2.6922  total_loss=0.0017  value_loss=2.6922
  update 460000/500000: consistency_loss=0.0001  pi_loss=-0.0006  reward_loss=2.6922  total_loss=0.0016  value_loss=2.6922
  update 460500/500000: consistency_loss=0.0001  pi_loss=-0.0006  reward_loss=2.6922  total_loss=0.0015  value_loss=2.6922
  update 461000/500000: consistency_loss=0.0001  pi_loss=-0.0006  reward_loss=2.6922  total_loss=0.0014  value_loss=2.6922
  update 461500/500000: consistency_loss=0.0001  pi_loss=-0.0006  reward_loss=2.6922  total_loss=0.0015  value_loss=2.6922
  update 462000/500000: consistency_loss=0.0001  pi_loss=-0.0006  reward_loss=2.6922  total_loss=0.0016  value_loss=2.6922
  update 462500/500000: consistency_loss=0.0001  pi_loss=-0.0006  reward_loss=2.6922  total_loss=0.0019  value_loss=2.6922
  update 463000/500000: consistency_loss=0.0001  pi_loss=-0.0006  reward_loss=2.6922  total_loss=0.0016  value_loss=2.6922
  update 463500/500000: consistency_loss=0.0001  pi_loss=-0.0006  reward_loss=2.6922  total_loss=0.0015  value_loss=2.6922
  update 464000/500000: consistency_loss=0.0001  pi_loss=-0.0006  reward_loss=2.6922  total_loss=0.0018  value_loss=2.6922
  update 464500/500000: consistency_loss=0.0001  pi_loss=-0.0006  reward_loss=2.6922  total_loss=0.0017  value_loss=2.6922
  update 465000/500000: consistency_loss=0.0001  pi_loss=-0.0006  reward_loss=2.6922  total_loss=0.0016  value_loss=2.6922
  update 465500/500000: consistency_loss=0.0001  pi_loss=-0.0006  reward_loss=2.6922  total_loss=0.0015  value_loss=2.6922
  update 466000/500000: consistency_loss=0.0001  pi_loss=-0.0006  reward_loss=2.6922  total_loss=0.0016  value_loss=2.6922
  update 466500/500000: consistency_loss=0.0001  pi_loss=-0.0006  reward_loss=2.6922  total_loss=0.0020  value_loss=2.6922
  update 467000/500000: consistency_loss=0.0001  pi_loss=-0.0006  reward_loss=2.6922  total_loss=0.0014  value_loss=2.6922
  update 467500/500000: consistency_loss=0.0001  pi_loss=-0.0006  reward_loss=2.6922  total_loss=0.0019  value_loss=2.6922
  update 468000/500000: consistency_loss=0.0001  pi_loss=-0.0006  reward_loss=2.6922  total_loss=0.0015  value_loss=2.6922
  update 468500/500000: consistency_loss=0.0001  pi_loss=-0.0006  reward_loss=2.6922  total_loss=0.0015  value_loss=2.6922
  update 469000/500000: consistency_loss=0.0001  pi_loss=-0.0006  reward_loss=2.6922  total_loss=0.0018  value_loss=2.6922
  update 469500/500000: consistency_loss=0.0001  pi_loss=-0.0006  reward_loss=2.6922  total_loss=0.0016  value_loss=2.6922
  update 470000/500000: consistency_loss=0.0001  pi_loss=-0.0006  reward_loss=2.6922  total_loss=0.0017  value_loss=2.6922
  update 470500/500000: consistency_loss=0.0001  pi_loss=-0.0006  reward_loss=2.6922  total_loss=0.0016  value_loss=2.6922
  update 471000/500000: consistency_loss=0.0001  pi_loss=-0.0006  reward_loss=2.6922  total_loss=0.0014  value_loss=2.6922
  update 471500/500000: consistency_loss=0.0001  pi_loss=-0.0006  reward_loss=2.6922  total_loss=0.0016  value_loss=2.6922
  update 472000/500000: consistency_loss=0.0001  pi_loss=-0.0006  reward_loss=2.6922  total_loss=0.0016  value_loss=2.6922
  update 472500/500000: consistency_loss=0.0001  pi_loss=-0.0006  reward_loss=2.6922  total_loss=0.0017  value_loss=2.6922
  update 473000/500000: consistency_loss=0.0001  pi_loss=-0.0006  reward_loss=2.6922  total_loss=0.0017  value_loss=2.6922
  update 473500/500000: consistency_loss=0.0001  pi_loss=-0.0006  reward_loss=2.6922  total_loss=0.0012  value_loss=2.6922
  update 474000/500000: consistency_loss=0.0001  pi_loss=-0.0006  reward_loss=2.6922  total_loss=0.0017  value_loss=2.6922
  update 474500/500000: consistency_loss=0.0001  pi_loss=-0.0006  reward_loss=2.6922  total_loss=0.0017  value_loss=2.6922
  update 475000/500000: consistency_loss=0.0001  pi_loss=-0.0006  reward_loss=2.6922  total_loss=0.0016  value_loss=2.6922
/workspace/conda_/workspace/conda_envs/dreamerv3/lib/python3.11/multiprocessing/resource_tracker.py:254: UserWarning: resource_tracker: There appear to be 3 leaked semaphore objects to clean up at shutdown
  warnings.warn('resource_tracker: There appear to be %d '
000: consistency_loss=0.0001  pi_loss=-0.0006  reward_loss=2.6922  total_loss=0.0015  value_loss=2.6922
  update 477000/500000: consistency_loss=0.0001  pi_loss=-0.0006  reward_loss=2.6922  total_loss=0.0016  value_loss=2.6922
  update 477500/500000: consistency_loss=0.0001  pi_loss=-0.0006  reward_loss=2.6922  total_loss=0.0018  value_loss=2.6922
  update 478000/500000: consistency_loss=0.0001  pi_loss=-0.0006  reward_loss=2.6922  total_loss=0.0015  value_loss=2.6922
  update 478500/500000: consistency_loss=0.0001  pi_loss=-0.0006  reward_loss=2.6922  total_loss=0.0014  value_loss=2.6922
  update 479000/500000: consistency_loss=0.0001  pi_loss=-0.0006  reward_loss=2.6922  total_loss=0.0015  value_loss=2.6922
  update 479500/500000: consistency_loss=0.0001  pi_loss=-0.0006  reward_loss=2.6922  total_loss=0.0019  value_loss=2.6922
  update 480000/500000: consistency_loss=0.0001  pi_loss=-0.0006  reward_loss=2.6922  total_loss=0.0020  value_loss=2.6922
  update 480500/500000: consistency_loss=0.0001  pi_loss=-0.0006  reward_loss=2.6922  total_loss=0.0016  value_loss=2.6922
  update 481000/500000: consistency_loss=0.0001  pi_loss=-0.0006  reward_loss=2.6922  total_loss=0.0017  value_loss=2.6922
/workspace/conda_envs/dreamerv3/lib/python3.11/multiprocessing/resource_tracker.py:254: UserWarning: resource_tracker: There appear to be 3 leaked semaphore objects to clean up at shutdown
  warnings.warn('resource_tracker: There appear to be %d /workspace/conda_envs/dreamerv3/lib/python3.11/multiprocessing/resource_tracker.py:254: UserWarning: resource_tracker: There appear to be 3 leaked semaphore objects to clean up at shutdown
  warnings.warn('resource_tracker: There appear to be %d '
