[Sat Jul 18 21:26:19 UTC 2026] offline_fit WM_RUN=tm2wm_finger_awareq1s0_seed12 ARM=aware DATA=/workspace/dreamerv3_runs/tm2_data/finger_q1_side0.pt UPDATES=500000 SEED=12
/workspace/conda_envs/dreamerv3/lib/python3.11/site-packages/tensordict/_td.py:612: FutureWarning: TensorDict.to_module() is replacing an existing nn.Parameter in the destination module with a tensor leaf that is not an nn.Parameter. This historical behavior can remove the key from module.state_dict(). In tensordict v0.14, to_module() will preserve existing module parameter and buffer registrations by default. Pass preserve_module_state=False to keep the current replacement behavior, or preserve_module_state=True to opt in to the v0.14 behavior now.
  local_out = _set_tensor_dict(
Episode length: 1000
Discount factor: 0.995
Buffer capacity: 200,200
Storage required: 0.01 GB
Using CUDA:0 memory for storage.
[92m2026-07-18 21:26:23,632 [torchrl][INFO][0m    Initialized LazyTensorStorage with torch.Size([200200]) shape[92m [END][0m
Loaded static data: 200 eps x 1001 rows = 200200 rows; arm=aware (reward_coef=0.1, value_coef=0.1)
  update      1/500000: consistency_loss=0.0160  pi_loss=-0.0003  reward_loss=2.6922  total_loss=0.8592  value_loss=2.6922
  update    500/500000: consistency_loss=0.0017  pi_loss=-0.1422  reward_loss=0.1300  total_loss=0.0851  value_loss=0.3798
  update   1000/500000: consistency_loss=0.0016  pi_loss=-0.1898  reward_loss=0.0683  total_loss=0.0808  value_loss=0.4116
  update   1500/500000: consistency_loss=0.0012  pi_loss=-0.1291  reward_loss=0.0454  total_loss=0.0653  value_loss=0.3759
  update   2000/500000: consistency_loss=0.0010  pi_loss=-0.1099  reward_loss=0.0603  total_loss=0.0633  value_loss=0.3696
  update   2500/500000: consistency_loss=0.0011  pi_loss=-0.1002  reward_loss=0.0494  total_loss=0.0628  value_loss=0.3679
  update   3000/500000: consistency_loss=0.0009  pi_loss=-0.0836  reward_loss=0.0508  total_loss=0.0591  value_loss=0.3677
  update   3500/500000: consistency_loss=0.0008  pi_loss=-0.0677  reward_loss=0.0351  total_loss=0.0580  value_loss=0.3758
  update   4000/500000: consistency_loss=0.0009  pi_loss=-0.0789  reward_loss=0.0525  total_loss=0.0566  value_loss=0.3422
  update   4500/500000: consistency_loss=0.0007  pi_loss=-0.0599  reward_loss=0.0372  total_loss=0.0498  value_loss=0.3115
  update   5000/500000: consistency_loss=0.0008  pi_loss=-0.0490  reward_loss=0.0357  total_loss=0.0467  value_loss=0.2691
  update   5500/500000: consistency_loss=0.0008  pi_loss=-0.0511  reward_loss=0.0263  total_loss=0.0467  value_loss=0.2899
  update   6000/500000: consistency_loss=0.0007  pi_loss=-0.0514  reward_loss=0.0398  total_loss=0.0418  value_loss=0.2328
  update   6500/500000: consistency_loss=0.0008  pi_loss=-0.0597  reward_loss=0.0374  total_loss=0.0542  value_loss=0.3472
  update   7000/500000: consistency_loss=0.0008  pi_loss=-0.0719  reward_loss=0.0339  total_loss=0.0610  value_loss=0.4258
  update   7500/500000: consistency_loss=0.0008  pi_loss=-0.1575  reward_loss=0.0602  total_loss=0.0764  value_loss=0.5487
  update   8000/500000: consistency_loss=0.0007  pi_loss=-0.3317  reward_loss=0.0309  total_loss=0.0570  value_loss=0.4040
  update   8500/500000: consistency_loss=0.0006  pi_loss=-0.7939  reward_loss=0.0498  total_loss=0.0450  value_loss=0.2854
  update   9000/500000: consistency_loss=0.0006  pi_loss=-1.0553  reward_loss=0.0229  total_loss=0.0425  value_loss=0.2810
  update   9500/500000: consistency_loss=0.0006  pi_loss=-1.1724  reward_loss=0.0583  total_loss=0.0507  value_loss=0.3276
  update  10000/500000: consistency_loss=0.0006  pi_loss=-1.1395  reward_loss=0.0398  total_loss=0.0516  value_loss=0.3646
  update  10500/500000: consistency_loss=0.0005  pi_loss=-0.9999  reward_loss=0.0627  total_loss=0.0549  value_loss=0.3810
  update  11000/500000: consistency_loss=0.0006  pi_loss=-0.8293  reward_loss=0.0322  total_loss=0.0552  value_loss=0.3955
  update  11500/500000: consistency_loss=0.0006  pi_loss=-0.7235  reward_loss=0.0527  total_loss=0.0569  value_loss=0.4017
  update  12000/500000: consistency_loss=0.0006  pi_loss=-0.6038  reward_loss=0.0439  total_loss=0.0530  value_loss=0.3672
  update  12500/500000: consistency_loss=0.0006  pi_loss=-0.5351  reward_loss=0.0363  total_loss=0.0492  value_loss=0.3368
  update  13000/500000: consistency_loss=0.0005  pi_loss=-0.4977  reward_loss=0.0385  total_loss=0.0435  value_loss=0.2894
  update  13500/500000: consistency_loss=0.0005  pi_loss=-0.4392  reward_loss=0.0375  total_loss=0.0370  value_loss=0.2391
  update  14000/500000: consistency_loss=0.0006  pi_loss=-0.4216  reward_loss=0.0474  total_loss=0.0380  value_loss=0.2228
  update  14500/500000: consistency_loss=0.0005  pi_loss=-0.3602  reward_loss=0.0396  total_loss=0.0396  value_loss=0.2481
  update  15000/500000: consistency_loss=0.0006  pi_loss=-0.3495  reward_loss=0.0415  total_loss=0.0460  value_loss=0.3080
  update  15500/500000: consistency_loss=0.0005  pi_loss=-0.3256  reward_loss=0.0340  total_loss=0.0491  value_loss=0.3508
  update  16000/500000: consistency_loss=0.0005  pi_loss=-0.3148  reward_loss=0.0498  total_loss=0.0526  value_loss=0.3777
  update  16500/500000: consistency_loss=0.0004  pi_loss=-0.2889  reward_loss=0.0377  total_loss=0.0512  value_loss=0.3938
  update  17000/500000: consistency_loss=0.0005  pi_loss=-0.2666  reward_loss=0.0333  total_loss=0.0532  value_loss=0.4040
  update  17500/500000: consistency_loss=0.0004  pi_loss=-0.2977  reward_loss=0.0414  total_loss=0.0499  value_loss=0.3713
  update  18000/500000: consistency_loss=0.0005  pi_loss=-0.3400  reward_loss=0.0305  total_loss=0.0497  value_loss=0.3742
  update  18500/500000: consistency_loss=0.0004  pi_loss=-0.3346  reward_loss=0.0447  total_loss=0.0463  value_loss=0.3382
  update  19000/500000: consistency_loss=0.0004  pi_loss=-0.3397  reward_loss=0.0447  total_loss=0.0448  value_loss=0.3263
  update  19500/500000: consistency_loss=0.0004  pi_loss=-0.3564  reward_loss=0.0407  total_loss=0.0467  value_loss=0.3380
  update  20000/500000: consistency_loss=0.0004  pi_loss=-0.3403  reward_loss=0.0407  total_loss=0.0433  value_loss=0.3188
  update  20500/500000: consistency_loss=0.0004  pi_loss=-0.3408  reward_loss=0.0257  total_loss=0.0409  value_loss=0.3134
  update  21000/500000: consistency_loss=0.0004  pi_loss=-0.3508  reward_loss=0.0324  total_loss=0.0430  value_loss=0.3230
  update  21500/500000: consistency_loss=0.0004  pi_loss=-0.3603  reward_loss=0.0418  total_loss=0.0410  value_loss=0.2934
  update  22000/500000: consistency_loss=0.0003  pi_loss=-0.3549  reward_loss=0.0239  total_loss=0.0415  value_loss=0.3234
  update  22500/500000: consistency_loss=0.0003  pi_loss=-0.3746  reward_loss=0.0169  total_loss=0.0382  value_loss=0.3019
  update  23000/500000: consistency_loss=0.0003  pi_loss=-0.3977  reward_loss=0.0344  total_loss=0.0402  value_loss=0.2992
  update  23500/500000: consistency_loss=0.0003  pi_loss=-0.3913  reward_loss=0.0231  total_loss=0.0404  value_loss=0.3248
  update  24000/500000: consistency_loss=0.0003  pi_loss=-0.4080  reward_loss=0.0360  total_loss=0.0413  value_loss=0.3131
  update  24500/500000: consistency_loss=0.0003  pi_loss=-0.4174  reward_loss=0.0247  total_loss=0.0386  value_loss=0.3035
  update  25000/500000: consistency_loss=0.0003  pi_loss=-0.4390  reward_loss=0.0429  total_loss=0.0409  value_loss=0.3107
  update  25500/500000: consistency_loss=0.0003  pi_loss=-0.4421  reward_loss=0.0279  total_loss=0.0385  value_loss=0.3020
  update  26000/500000: consistency_loss=0.0003  pi_loss=-0.4742  reward_loss=0.0245  total_loss=0.0386  value_loss=0.3056
  update  26500/500000: consistency_loss=0.0003  pi_loss=-0.4973  reward_loss=0.0413  total_loss=0.0397  value_loss=0.2996
  update  27000/500000: consistency_loss=0.0003  pi_loss=-0.5124  reward_loss=0.0396  total_loss=0.0406  value_loss=0.3072
  update  27500/500000: consistency_loss=0.0003  pi_loss=-0.4876  reward_loss=0.0377  total_loss=0.0383  value_loss=0.2887
  update  28000/500000: consistency_loss=0.0003  pi_loss=-0.4979  reward_loss=0.0428  total_loss=0.0385  value_loss=0.2858
  update  28500/500000: consistency_loss=0.0003  pi_loss=-0.4877  reward_loss=0.0363  total_loss=0.0414  value_loss=0.3172
  update  29000/500000: consistency_loss=0.0003  pi_loss=-0.4573  reward_loss=0.0302  total_loss=0.0381  value_loss=0.2966
  update  29500/500000: consistency_loss=0.0002  pi_loss=-0.4707  reward_loss=0.0347  total_loss=0.0359  value_loss=0.2811
  update  30000/500000: consistency_loss=0.0003  pi_loss=-0.4714  reward_loss=0.0377  total_loss=0.0362  value_loss=0.2737
  update  30500/500000: consistency_loss=0.0002  pi_loss=-0.4579  reward_loss=0.0313  total_loss=0.0363  value_loss=0.2833
  update  31000/500000: consistency_loss=0.0003  pi_loss=-0.4677  reward_loss=0.0350  total_loss=0.0365  value_loss=0.2791
  update  31500/500000: consistency_loss=0.0002  pi_loss=-0.4744  reward_loss=0.0384  total_loss=0.0384  value_loss=0.2989
  update  32000/500000: consistency_loss=0.0002  pi_loss=-0.4772  reward_loss=0.0363  total_loss=0.0396  value_loss=0.3136
  update  32500/500000: consistency_loss=0.0003  pi_loss=-0.4746  reward_loss=0.0239  total_loss=0.0377  value_loss=0.3016
  update  33000/500000: consistency_loss=0.0002  pi_loss=-0.4856  reward_loss=0.0270  total_loss=0.0365  value_loss=0.2901
  update  33500/500000: consistency_loss=0.0002  pi_loss=-0.5527  reward_loss=0.0282  total_loss=0.0368  value_loss=0.2909
  update  34000/500000: consistency_loss=0.0003  pi_loss=-0.6121  reward_loss=0.0251  total_loss=0.0372  value_loss=0.2962
  update  34500/500000: consistency_loss=0.0002  pi_loss=-0.6437  reward_loss=0.0281  total_loss=0.0355  value_loss=0.2826
  update  35000/500000: consistency_loss=0.0002  pi_loss=-0.6990  reward_loss=0.0399  total_loss=0.0385  value_loss=0.3032
  update  35500/500000: consistency_loss=0.0002  pi_loss=-0.7015  reward_loss=0.0281  total_loss=0.0359  value_loss=0.2875
  update  36000/500000: consistency_loss=0.0002  pi_loss=-0.7307  reward_loss=0.0322  total_loss=0.0367  value_loss=0.2959
  update  36500/500000: consistency_loss=0.0002  pi_loss=-0.7212  reward_loss=0.0194  total_loss=0.0366  value_loss=0.3060
  update  37000/500000: consistency_loss=0.0002  pi_loss=-0.7285  reward_loss=0.0167  total_loss=0.0366  value_loss=0.3050
  update  37500/500000: consistency_loss=0.0002  pi_loss=-0.7470  reward_loss=0.0224  total_loss=0.0372  value_loss=0.3142
  update  38000/500000: consistency_loss=0.0002  pi_loss=-0.7563  reward_loss=0.0259  total_loss=0.0364  value_loss=0.3012
  update  38500/500000: consistency_loss=0.0002  pi_loss=-0.7581  reward_loss=0.0295  total_loss=0.0366  value_loss=0.2951
  update  39000/500000: consistency_loss=0.0002  pi_loss=-0.7130  reward_loss=0.0196  total_loss=0.0347  value_loss=0.2899
  update  39500/500000: consistency_loss=0.0002  pi_loss=-0.7188  reward_loss=0.0348  total_loss=0.0364  value_loss=0.2894
  update  40000/500000: consistency_loss=0.0002  pi_loss=-0.6865  reward_loss=0.0348  total_loss=0.0360  value_loss=0.2852
  update  40500/500000: consistency_loss=0.0002  pi_loss=-0.6410  reward_loss=0.0258  total_loss=0.0362  value_loss=0.2979
  update  41000/500000: consistency_loss=0.0002  pi_loss=-0.6315  reward_loss=0.0192  total_loss=0.0351  value_loss=0.2935
  update  41500/500000: consistency_loss=0.0002  pi_loss=-0.6303  reward_loss=0.0323  total_loss=0.0352  value_loss=0.2798
  update  42000/500000: consistency_loss=0.0002  pi_loss=-0.6312  reward_loss=0.0218  total_loss=0.0344  value_loss=0.2843
  update  42500/500000: consistency_loss=0.0002  pi_loss=-0.6622  reward_loss=0.0312  total_loss=0.0338  value_loss=0.2722
  update  43000/500000: consistency_loss=0.0002  pi_loss=-0.6993  reward_loss=0.0294  total_loss=0.0369  value_loss=0.2978
  update  43500/500000: consistency_loss=0.0002  pi_loss=-0.7243  reward_loss=0.0209  total_loss=0.0351  value_loss=0.2959
  update  44000/500000: consistency_loss=0.0002  pi_loss=-0.7279  reward_loss=0.0237  total_loss=0.0351  value_loss=0.2918
  update  44500/500000: consistency_loss=0.0002  pi_loss=-0.7700  reward_loss=0.0229  total_loss=0.0371  value_loss=0.3128
  update  45000/500000: consistency_loss=0.0002  pi_loss=-0.8288  reward_loss=0.0348  total_loss=0.0367  value_loss=0.2972
  update  45500/500000: consistency_loss=0.0002  pi_loss=-0.8575  reward_loss=0.0266  total_loss=0.0360  value_loss=0.2989
  update  46000/500000: consistency_loss=0.0002  pi_loss=-0.9178  reward_loss=0.0243  total_loss=0.0366  value_loss=0.3074
  update  46500/500000: consistency_loss=0.0002  pi_loss=-0.9496  reward_loss=0.0298  total_loss=0.0362  value_loss=0.2976
  update  47000/500000: consistency_loss=0.0002  pi_loss=-0.9693  reward_loss=0.0270  total_loss=0.0363  value_loss=0.3032
  update  47500/500000: consistency_loss=0.0002  pi_loss=-0.9619  reward_loss=0.0307  total_loss=0.0371  value_loss=0.3020
  update  48000/500000: consistency_loss=0.0002  pi_loss=-0.9712  reward_loss=0.0222  total_loss=0.0358  value_loss=0.3023
  update  48500/500000: consistency_loss=0.0002  pi_loss=-0.9762  reward_loss=0.0414  total_loss=0.0363  value_loss=0.2877
  update  49000/500000: consistency_loss=0.0002  pi_loss=-0.9626  reward_loss=0.0255  total_loss=0.0357  value_loss=0.2962
  update  49500/500000: consistency_loss=0.0002  pi_loss=-0.9557  reward_loss=0.0190  total_loss=0.0363  value_loss=0.3077
  update  50000/500000: consistency_loss=0.0002  pi_loss=-0.9857  reward_loss=0.0174  total_loss=0.0357  value_loss=0.3072
  update  50500/500000: consistency_loss=0.0002  pi_loss=-1.0163  reward_loss=0.0432  total_loss=0.0365  value_loss=0.2888
  update  51000/500000: consistency_loss=0.0002  pi_loss=-1.0122  reward_loss=0.0253  total_loss=0.0366  value_loss=0.3082
  update  51500/500000: consistency_loss=0.0002  pi_loss=-1.0431  reward_loss=0.0330  total_loss=0.0385  value_loss=0.3187
  update  52000/500000: consistency_loss=0.0002  pi_loss=-1.0591  reward_loss=0.0243  total_loss=0.0358  value_loss=0.2999
  update  52500/500000: consistency_loss=0.0002  pi_loss=-1.0833  reward_loss=0.0254  total_loss=0.0358  value_loss=0.3015
  update  53000/500000: consistency_loss=0.0002  pi_loss=-1.0528  reward_loss=0.0140  total_loss=0.0354  value_loss=0.3062
  update  53500/500000: consistency_loss=0.0001  pi_loss=-0.9962  reward_loss=0.0176  total_loss=0.0355  value_loss=0.3095
  update  54000/500000: consistency_loss=0.0002  pi_loss=-0.9670  reward_loss=0.0205  total_loss=0.0372  value_loss=0.3162
  update  54500/500000: consistency_loss=0.0002  pi_loss=-0.9014  reward_loss=0.0253  total_loss=0.0377  value_loss=0.3175
  update  55000/500000: consistency_loss=0.0002  pi_loss=-0.8695  reward_loss=0.0315  total_loss=0.0374  value_loss=0.3086
  update  55500/500000: consistency_loss=0.0002  pi_loss=-0.8663  reward_loss=0.0277  total_loss=0.0381  value_loss=0.3204
  update  56000/500000: consistency_loss=0.0002  pi_loss=-0.9006  reward_loss=0.0205  total_loss=0.0366  value_loss=0.3099
  update  56500/500000: consistency_loss=0.0002  pi_loss=-0.9246  reward_loss=0.0249  total_loss=0.0337  value_loss=0.2824
  update  57000/500000: consistency_loss=0.0002  pi_loss=-0.9302  reward_loss=0.0252  total_loss=0.0352  value_loss=0.2954
  update  57500/500000: consistency_loss=0.0002  pi_loss=-0.9594  reward_loss=0.0350  total_loss=0.0371  value_loss=0.3027
  update  58000/500000: consistency_loss=0.0002  pi_loss=-0.9414  reward_loss=0.0183  total_loss=0.0349  value_loss=0.2987
  update  58500/500000: consistency_loss=0.0002  pi_loss=-0.9625  reward_loss=0.0282  total_loss=0.0362  value_loss=0.2988
  update  59000/500000: consistency_loss=0.0002  pi_loss=-0.9693  reward_loss=0.0206  total_loss=0.0376  value_loss=0.3214
  update  59500/500000: consistency_loss=0.0002  pi_loss=-0.9602  reward_loss=0.0232  total_loss=0.0401  value_loss=0.3426
  update  60000/500000: consistency_loss=0.0002  pi_loss=-0.9344  reward_loss=0.0211  total_loss=0.0382  value_loss=0.3281
  update  60500/500000: consistency_loss=0.0001  pi_loss=-0.9167  reward_loss=0.0260  total_loss=0.0379  value_loss=0.3231
  update  61000/500000: consistency_loss=0.0002  pi_loss=-0.9567  reward_loss=0.0348  total_loss=0.0368  value_loss=0.2999
  update  61500/500000: consistency_loss=0.0002  pi_loss=-0.9086  reward_loss=0.0132  total_loss=0.0349  value_loss=0.3047
  update  62000/500000: consistency_loss=0.0002  pi_loss=-0.9224  reward_loss=0.0196  total_loss=0.0345  value_loss=0.2920
  update  62500/500000: consistency_loss=0.0002  pi_loss=-0.9895  reward_loss=0.0248  total_loss=0.0358  value_loss=0.3022
  update  63000/500000: consistency_loss=0.0002  pi_loss=-1.0079  reward_loss=0.0199  total_loss=0.0351  value_loss=0.3003
  update  63500/500000: consistency_loss=0.0001  pi_loss=-1.0557  reward_loss=0.0363  total_loss=0.0353  value_loss=0.2877
  update  64000/500000: consistency_loss=0.0001  pi_loss=-1.0636  reward_loss=0.0252  total_loss=0.0339  value_loss=0.2857
  update  64500/500000: consistency_loss=0.0002  pi_loss=-1.0874  reward_loss=0.0188  total_loss=0.0339  value_loss=0.2860
  update  65000/500000: consistency_loss=0.0002  pi_loss=-1.0975  reward_loss=0.0163  total_loss=0.0337  value_loss=0.2904
  update  65500/500000: consistency_loss=0.0002  pi_loss=-1.1141  reward_loss=0.0201  total_loss=0.0356  value_loss=0.3023
  update  66000/500000: consistency_loss=0.0002  pi_loss=-1.1299  reward_loss=0.0181  total_loss=0.0351  value_loss=0.2991
  update  66500/500000: consistency_loss=0.0002  pi_loss=-1.1717  reward_loss=0.0249  total_loss=0.0367  value_loss=0.3114
  update  67000/500000: consistency_loss=0.0002  pi_loss=-1.1800  reward_loss=0.0376  total_loss=0.0378  value_loss=0.3086
  update  67500/500000: consistency_loss=0.0002  pi_loss=-1.1752  reward_loss=0.0298  total_loss=0.0368  value_loss=0.3069
  update  68000/500000: consistency_loss=0.0001  pi_loss=-1.1823  reward_loss=0.0174  total_loss=0.0369  value_loss=0.3227
  update  68500/500000: consistency_loss=0.0002  pi_loss=-1.2209  reward_loss=0.0386  total_loss=0.0370  value_loss=0.2980
  update  69000/500000: consistency_loss=0.0001  pi_loss=-1.2267  reward_loss=0.0283  total_loss=0.0365  value_loss=0.3080
  update  69500/500000: consistency_loss=0.0002  pi_loss=-1.2490  reward_loss=0.0397  total_loss=0.0372  value_loss=0.3002
  update  70000/500000: consistency_loss=0.0002  pi_loss=-1.2532  reward_loss=0.0271  total_loss=0.0369  value_loss=0.3097
  update  70500/500000: consistency_loss=0.0002  pi_loss=-1.2773  reward_loss=0.0286  total_loss=0.0367  value_loss=0.3080
  update  71000/500000: consistency_loss=0.0001  pi_loss=-1.3138  reward_loss=0.0288  total_loss=0.0376  value_loss=0.3195
  update  71500/500000: consistency_loss=0.0001  pi_loss=-1.3274  reward_loss=0.0251  total_loss=0.0375  value_loss=0.3252
  update  72000/500000: consistency_loss=0.0002  pi_loss=-1.3886  reward_loss=0.0360  total_loss=0.0399  value_loss=0.3321
  update  72500/500000: consistency_loss=0.0001  pi_loss=-1.3977  reward_loss=0.0331  total_loss=0.0387  value_loss=0.3241
  update  73000/500000: consistency_loss=0.0002  pi_loss=-1.4397  reward_loss=0.0342  total_loss=0.0396  value_loss=0.3291
  update  73500/500000: consistency_loss=0.0001  pi_loss=-1.4155  reward_loss=0.0200  total_loss=0.0377  value_loss=0.3299
  update  74000/500000: consistency_loss=0.0002  pi_loss=-1.4391  reward_loss=0.0217  total_loss=0.0385  value_loss=0.3326
  update  74500/500000: consistency_loss=0.0001  pi_loss=-1.4298  reward_loss=0.0179  total_loss=0.0368  value_loss=0.3202
  update  75000/500000: consistency_loss=0.0001  pi_loss=-1.4364  reward_loss=0.0306  total_loss=0.0368  value_loss=0.3102
  update  75500/500000: consistency_loss=0.0001  pi_loss=-1.4310  reward_loss=0.0196  total_loss=0.0352  value_loss=0.3058
  update  76000/500000: consistency_loss=0.0001  pi_loss=-1.4295  reward_loss=0.0125  total_loss=0.0354  value_loss=0.3120
  update  76500/500000: consistency_loss=0.0002  pi_loss=-1.4512  reward_loss=0.0362  total_loss=0.0370  value_loss=0.3038
  update  77000/500000: consistency_loss=0.0002  pi_loss=-1.4389  reward_loss=0.0277  total_loss=0.0364  value_loss=0.3065
  update  77500/500000: consistency_loss=0.0002  pi_loss=-1.4537  reward_loss=0.0327  total_loss=0.0387  value_loss=0.3217
  update  78000/500000: consistency_loss=0.0002  pi_loss=-1.4609  reward_loss=0.0267  total_loss=0.0374  value_loss=0.3147
  update  78500/500000: consistency_loss=0.0001  pi_loss=-1.4457  reward_loss=0.0213  total_loss=0.0369  value_loss=0.3194
  update  79000/500000: consistency_loss=0.0001  pi_loss=-1.4086  reward_loss=0.0154  total_loss=0.0366  value_loss=0.3221
  update  79500/500000: consistency_loss=0.0001  pi_loss=-1.4438  reward_loss=0.0300  total_loss=0.0380  value_loss=0.3206
  update  80000/500000: consistency_loss=0.0001  pi_loss=-1.4496  reward_loss=0.0155  total_loss=0.0386  value_loss=0.3419
  update  80500/500000: consistency_loss=0.0001  pi_loss=-1.4550  reward_loss=0.0196  total_loss=0.0376  value_loss=0.3279
  update  81000/500000: consistency_loss=0.0001  pi_loss=-1.4622  reward_loss=0.0172  total_loss=0.0372  value_loss=0.3251
  update  81500/500000: consistency_loss=0.0001  pi_loss=-1.4932  reward_loss=0.0275  total_loss=0.0375  value_loss=0.3205
  update  82000/500000: consistency_loss=0.0002  pi_loss=-1.5037  reward_loss=0.0286  total_loss=0.0388  value_loss=0.3282
  update  82500/500000: consistency_loss=0.0001  pi_loss=-1.5042  reward_loss=0.0153  total_loss=0.0350  value_loss=0.3075
  update  83000/500000: consistency_loss=0.0002  pi_loss=-1.5146  reward_loss=0.0210  total_loss=0.0385  value_loss=0.3338
  update  83500/500000: consistency_loss=0.0001  pi_loss=-1.5381  reward_loss=0.0332  total_loss=0.0382  value_loss=0.3207
  update  84000/500000: consistency_loss=0.0002  pi_loss=-1.5355  reward_loss=0.0191  total_loss=0.0371  value_loss=0.3215
  update  84500/500000: consistency_loss=0.0001  pi_loss=-1.5611  reward_loss=0.0215  total_loss=0.0373  value_loss=0.3233
  update  85000/500000: consistency_loss=0.0001  pi_loss=-1.5854  reward_loss=0.0222  total_loss=0.0364  value_loss=0.3149
  update  85500/500000: consistency_loss=0.0001  pi_loss=-1.6017  reward_loss=0.0225  total_loss=0.0365  value_loss=0.3132
  update  86000/500000: consistency_loss=0.0001  pi_loss=-1.5896  reward_loss=0.0161  total_loss=0.0364  value_loss=0.3185
  update  86500/500000: consistency_loss=0.0001  pi_loss=-1.6011  reward_loss=0.0183  total_loss=0.0343  value_loss=0.2998
  update  87000/500000: consistency_loss=0.0001  pi_loss=-1.6025  reward_loss=0.0211  total_loss=0.0350  value_loss=0.3023
  update  87500/500000: consistency_loss=0.0002  pi_loss=-1.5989  reward_loss=0.0217  total_loss=0.0381  value_loss=0.3246
  update  88000/500000: consistency_loss=0.0001  pi_loss=-1.6130  reward_loss=0.0277  total_loss=0.0350  value_loss=0.2951
  update  88500/500000: consistency_loss=0.0001  pi_loss=-1.5878  reward_loss=0.0250  total_loss=0.0353  value_loss=0.3022
  update  89000/500000: consistency_loss=0.0001  pi_loss=-1.5840  reward_loss=0.0265  total_loss=0.0357  value_loss=0.3021
  update  89500/500000: consistency_loss=0.0001  pi_loss=-1.5806  reward_loss=0.0287  total_loss=0.0362  value_loss=0.3076
  update  90000/500000: consistency_loss=0.0001  pi_loss=-1.5873  reward_loss=0.0271  total_loss=0.0342  value_loss=0.2897
  update  90500/500000: consistency_loss=0.0001  pi_loss=-1.5846  reward_loss=0.0316  total_loss=0.0363  value_loss=0.3032
  update  91000/500000: consistency_loss=0.0001  pi_loss=-1.6304  reward_loss=0.0247  total_loss=0.0342  value_loss=0.2915
  update  91500/500000: consistency_loss=0.0001  pi_loss=-1.6236  reward_loss=0.0305  total_loss=0.0353  value_loss=0.2947
  update  92000/500000: consistency_loss=0.0001  pi_loss=-1.6148  reward_loss=0.0210  total_loss=0.0334  value_loss=0.2888
  update  92500/500000: consistency_loss=0.0002  pi_loss=-1.6603  reward_loss=0.0201  total_loss=0.0348  value_loss=0.2942
  update  93000/500000: consistency_loss=0.0001  pi_loss=-1.6760  reward_loss=0.0251  total_loss=0.0351  value_loss=0.3000
  update  93500/500000: consistency_loss=0.0001  pi_loss=-1.6885  reward_loss=0.0182  total_loss=0.0333  value_loss=0.2876
  update  94000/500000: consistency_loss=0.0001  pi_loss=-1.7113  reward_loss=0.0228  total_loss=0.0331  value_loss=0.2793
  update  94500/500000: consistency_loss=0.0001  pi_loss=-1.7204  reward_loss=0.0230  total_loss=0.0333  value_loss=0.2842
  update  95000/500000: consistency_loss=0.0001  pi_loss=-1.7560  reward_loss=0.0269  total_loss=0.0353  value_loss=0.2990
  update  95500/500000: consistency_loss=0.0001  pi_loss=-1.7443  reward_loss=0.0258  total_loss=0.0346  value_loss=0.2916
  update  96000/500000: consistency_loss=0.0001  pi_loss=-1.7277  reward_loss=0.0221  total_loss=0.0349  value_loss=0.2990
  update  96500/500000: consistency_loss=0.0001  pi_loss=-1.7010  reward_loss=0.0252  total_loss=0.0341  value_loss=0.2862
  update  97000/500000: consistency_loss=0.0002  pi_loss=-1.7196  reward_loss=0.0172  total_loss=0.0340  value_loss=0.2927
  update  97500/500000: consistency_loss=0.0001  pi_loss=-1.7105  reward_loss=0.0315  total_loss=0.0337  value_loss=0.2819
  update  98000/500000: consistency_loss=0.0001  pi_loss=-1.7237  reward_loss=0.0170  total_loss=0.0312  value_loss=0.2689
  update  98500/500000: consistency_loss=0.0001  pi_loss=-1.7266  reward_loss=0.0179  total_loss=0.0325  value_loss=0.2806
  update  99000/500000: consistency_loss=0.0002  pi_loss=-1.7351  reward_loss=0.0237  total_loss=0.0335  value_loss=0.2765
  update  99500/500000: consistency_loss=0.0001  pi_loss=-1.7293  reward_loss=0.0213  total_loss=0.0331  value_loss=0.2826
  update 100000/500000: consistency_loss=0.0001  pi_loss=-1.7233  reward_loss=0.0375  total_loss=0.0344  value_loss=0.2805
Saved checkpoint at update 100000
  update 100500/500000: consistency_loss=0.0001  pi_loss=-1.7129  reward_loss=0.0137  total_loss=0.0333  value_loss=0.2926
  update 101000/500000: consistency_loss=0.0001  pi_loss=-1.7125  reward_loss=0.0233  total_loss=0.0334  value_loss=0.2843
  update 101500/500000: consistency_loss=0.0002  pi_loss=-1.7099  reward_loss=0.0469  total_loss=0.0363  value_loss=0.2857
  update 102000/500000: consistency_loss=0.0001  pi_loss=-1.6949  reward_loss=0.0307  total_loss=0.0335  value_loss=0.2802
  update 102500/500000: consistency_loss=0.0001  pi_loss=-1.6974  reward_loss=0.0311  total_loss=0.0345  value_loss=0.2885
  update 103000/500000: consistency_loss=0.0001  pi_loss=-1.6730  reward_loss=0.0093  total_loss=0.0322  value_loss=0.2892
  update 103500/500000: consistency_loss=0.0001  pi_loss=-1.6663  reward_loss=0.0247  total_loss=0.0328  value_loss=0.2751
  update 104000/500000: consistency_loss=0.0001  pi_loss=-1.6219  reward_loss=0.0158  total_loss=0.0337  value_loss=0.2949
  update 104500/500000: consistency_loss=0.0001  pi_loss=-1.5914  reward_loss=0.0235  total_loss=0.0333  value_loss=0.2825
  update 105000/500000: consistency_loss=0.0002  pi_loss=-1.5694  reward_loss=0.0266  total_loss=0.0333  value_loss=0.2749
  update 105500/500000: consistency_loss=0.0001  pi_loss=-1.4492  reward_loss=0.0165  total_loss=0.0321  value_loss=0.2776
  update 106000/500000: consistency_loss=0.0001  pi_loss=-1.2797  reward_loss=0.0166  total_loss=0.0316  value_loss=0.2719
  update 106500/500000: consistency_loss=0.0001  pi_loss=-1.2037  reward_loss=0.0288  total_loss=0.0337  value_loss=0.2816
  update 107000/500000: consistency_loss=0.0001  pi_loss=-1.2002  reward_loss=0.0235  total_loss=0.0326  value_loss=0.2752
  update 107500/500000: consistency_loss=0.0001  pi_loss=-1.2388  reward_loss=0.0273  total_loss=0.0331  value_loss=0.2777
  update 108000/500000: consistency_loss=0.0001  pi_loss=-1.2473  reward_loss=0.0195  total_loss=0.0310  value_loss=0.2660
  update 108500/500000: consistency_loss=0.0001  pi_loss=-1.2243  reward_loss=0.0292  total_loss=0.0344  value_loss=0.2877
  update 109000/500000: consistency_loss=0.0001  pi_loss=-1.1305  reward_loss=0.0163  total_loss=0.0324  value_loss=0.2829
  update 109500/500000: consistency_loss=0.0001  pi_loss=-1.0637  reward_loss=0.0228  total_loss=0.0340  value_loss=0.2958
  update 110000/500000: consistency_loss=0.0001  pi_loss=-1.0636  reward_loss=0.0169  total_loss=0.0342  value_loss=0.2989
  update 110500/500000: consistency_loss=0.0001  pi_loss=-1.0967  reward_loss=0.0314  total_loss=0.0345  value_loss=0.2882
  update 111000/500000: consistency_loss=0.0001  pi_loss=-1.1022  reward_loss=0.0207  total_loss=0.0345  value_loss=0.3025
  update 111500/500000: consistency_loss=0.0001  pi_loss=-1.0862  reward_loss=0.0120  total_loss=0.0331  value_loss=0.2956
  update 112000/500000: consistency_loss=0.0001  pi_loss=-1.0779  reward_loss=0.0192  total_loss=0.0325  value_loss=0.2861
  update 112500/500000: consistency_loss=0.0001  pi_loss=-1.0471  reward_loss=0.0159  total_loss=0.0335  value_loss=0.2948
  update 113000/500000: consistency_loss=0.0001  pi_loss=-0.9978  reward_loss=0.0308  total_loss=0.0342  value_loss=0.2829
  update 113500/500000: consistency_loss=0.0001  pi_loss=-0.9868  reward_loss=0.0202  total_loss=0.0330  value_loss=0.2841
  update 114000/500000: consistency_loss=0.0001  pi_loss=-0.9920  reward_loss=0.0226  total_loss=0.0339  value_loss=0.2898
  update 114500/500000: consistency_loss=0.0001  pi_loss=-1.0190  reward_loss=0.0252  total_loss=0.0344  value_loss=0.2962
  update 115000/500000: consistency_loss=0.0001  pi_loss=-1.0258  reward_loss=0.0185  total_loss=0.0354  value_loss=0.3074
  update 115500/500000: consistency_loss=0.0001  pi_loss=-1.0378  reward_loss=0.0355  total_loss=0.0365  value_loss=0.3058
  update 116000/500000: consistency_loss=0.0001  pi_loss=-1.0274  reward_loss=0.0251  total_loss=0.0348  value_loss=0.2961
  update 116500/500000: consistency_loss=0.0001  pi_loss=-1.0140  reward_loss=0.0289  total_loss=0.0355  value_loss=0.3009
  update 117000/500000: consistency_loss=0.0001  pi_loss=-1.0128  reward_loss=0.0160  total_loss=0.0339  value_loss=0.2996
  update 117500/500000: consistency_loss=0.0001  pi_loss=-0.9994  reward_loss=0.0262  total_loss=0.0362  value_loss=0.3140
  update 118000/500000: consistency_loss=0.0001  pi_loss=-1.0030  reward_loss=0.0191  total_loss=0.0354  value_loss=0.3106
  update 118500/500000: consistency_loss=0.0001  pi_loss=-1.0193  reward_loss=0.0248  total_loss=0.0357  value_loss=0.3081
  update 119000/500000: consistency_loss=0.0001  pi_loss=-1.0226  reward_loss=0.0198  total_loss=0.0340  value_loss=0.2977
  update 119500/500000: consistency_loss=0.0001  pi_loss=-1.0132  reward_loss=0.0238  total_loss=0.0351  value_loss=0.3000
  update 120000/500000: consistency_loss=0.0001  pi_loss=-1.0284  reward_loss=0.0340  total_loss=0.0357  value_loss=0.2941
  update 120500/500000: consistency_loss=0.0001  pi_loss=-0.9888  reward_loss=0.0208  total_loss=0.0352  value_loss=0.3098
  update 121000/500000: consistency_loss=0.0001  pi_loss=-0.9840  reward_loss=0.0449  total_loss=0.0383  value_loss=0.3148
  update 121500/500000: consistency_loss=0.0001  pi_loss=-0.9537  reward_loss=0.0161  total_loss=0.0369  value_loss=0.3252
  update 122000/500000: consistency_loss=0.0001  pi_loss=-0.9523  reward_loss=0.0184  total_loss=0.0354  value_loss=0.3092
  update 122500/500000: consistency_loss=0.0001  pi_loss=-0.9600  reward_loss=0.0114  total_loss=0.0345  value_loss=0.3123
  update 123000/500000: consistency_loss=0.0001  pi_loss=-0.9600  reward_loss=0.0171  total_loss=0.0343  value_loss=0.3026
  update 123500/500000: consistency_loss=0.0001  pi_loss=-0.9596  reward_loss=0.0236  total_loss=0.0347  value_loss=0.3036
  update 124000/500000: consistency_loss=0.0001  pi_loss=-0.9513  reward_loss=0.0221  total_loss=0.0367  value_loss=0.3203
  update 124500/500000: consistency_loss=0.0001  pi_loss=-0.9477  reward_loss=0.0288  total_loss=0.0362  value_loss=0.3146
  update 125000/500000: consistency_loss=0.0001  pi_loss=-0.9304  reward_loss=0.0178  total_loss=0.0355  value_loss=0.3108
  update 125500/500000: consistency_loss=0.0001  pi_loss=-0.9216  reward_loss=0.0203  total_loss=0.0361  value_loss=0.3210
  update 126000/500000: consistency_loss=0.0001  pi_loss=-0.9114  reward_loss=0.0215  total_loss=0.0363  value_loss=0.3175
  update 126500/500000: consistency_loss=0.0001  pi_loss=-0.8938  reward_loss=0.0218  total_loss=0.0362  value_loss=0.3198
  update 127000/500000: consistency_loss=0.0001  pi_loss=-0.9166  reward_loss=0.0197  total_loss=0.0374  value_loss=0.3291
  update 127500/500000: consistency_loss=0.0001  pi_loss=-0.9341  reward_loss=0.0235  total_loss=0.0369  value_loss=0.3255
  update 128000/500000: consistency_loss=0.0001  pi_loss=-0.9356  reward_loss=0.0164  total_loss=0.0356  value_loss=0.3174
  update 128500/500000: consistency_loss=0.0001  pi_loss=-0.9418  reward_loss=0.0183  total_loss=0.0367  value_loss=0.3277
  update 129000/500000: consistency_loss=0.0001  pi_loss=-0.9641  reward_loss=0.0216  total_loss=0.0369  value_loss=0.3239
  update 129500/500000: consistency_loss=0.0001  pi_loss=-0.9801  reward_loss=0.0183  total_loss=0.0360  value_loss=0.3179
  update 130000/500000: consistency_loss=0.0001  pi_loss=-0.9931  reward_loss=0.0218  total_loss=0.0372  value_loss=0.3265
  update 130500/500000: consistency_loss=0.0001  pi_loss=-0.9907  reward_loss=0.0325  total_loss=0.0388  value_loss=0.3323
  update 131000/500000: consistency_loss=0.0001  pi_loss=-0.9856  reward_loss=0.0181  total_loss=0.0371  value_loss=0.3277
  update 131500/500000: consistency_loss=0.0001  pi_loss=-1.0094  reward_loss=0.0216  total_loss=0.0365  value_loss=0.3201
  update 132000/500000: consistency_loss=0.0001  pi_loss=-1.0222  reward_loss=0.0120  total_loss=0.0356  value_loss=0.3241
  update 132500/500000: consistency_loss=0.0001  pi_loss=-1.0682  reward_loss=0.0201  total_loss=0.0369  value_loss=0.3258
  update 133000/500000: consistency_loss=0.0001  pi_loss=-1.0630  reward_loss=0.0249  total_loss=0.0370  value_loss=0.3215
  update 133500/500000: consistency_loss=0.0001  pi_loss=-1.0849  reward_loss=0.0206  total_loss=0.0365  value_loss=0.3219
  update 134000/500000: consistency_loss=0.0001  pi_loss=-1.1059  reward_loss=0.0341  total_loss=0.0380  value_loss=0.3238
  update 134500/500000: consistency_loss=0.0001  pi_loss=-1.0908  reward_loss=0.0238  total_loss=0.0368  value_loss=0.3231
  update 135000/500000: consistency_loss=0.0001  pi_loss=-1.0868  reward_loss=0.0247  total_loss=0.0360  value_loss=0.3134
  update 135500/500000: consistency_loss=0.0001  pi_loss=-1.0744  reward_loss=0.0271  total_loss=0.0358  value_loss=0.3083
  update 136000/500000: consistency_loss=0.0001  pi_loss=-1.0515  reward_loss=0.0310  total_loss=0.0352  value_loss=0.2978
  update 136500/500000: consistency_loss=0.0001  pi_loss=-1.0308  reward_loss=0.0233  total_loss=0.0353  value_loss=0.3051
  update 137000/500000: consistency_loss=0.0001  pi_loss=-1.0337  reward_loss=0.0219  total_loss=0.0352  value_loss=0.3064
  update 137500/500000: consistency_loss=0.0001  pi_loss=-1.0415  reward_loss=0.0177  total_loss=0.0343  value_loss=0.3043
  update 138000/500000: consistency_loss=0.0001  pi_loss=-1.0619  reward_loss=0.0190  total_loss=0.0353  value_loss=0.3125
  update 138500/500000: consistency_loss=0.0001  pi_loss=-1.0491  reward_loss=0.0242  total_loss=0.0353  value_loss=0.3092
  update 139000/500000: consistency_loss=0.0001  pi_loss=-1.0565  reward_loss=0.0199  total_loss=0.0354  value_loss=0.3119
  update 139500/500000: consistency_loss=0.0001  pi_loss=-1.0570  reward_loss=0.0238  total_loss=0.0361  value_loss=0.3168
  update 140000/500000: consistency_loss=0.0001  pi_loss=-1.0750  reward_loss=0.0229  total_loss=0.0373  value_loss=0.3299
  update 140500/500000: consistency_loss=0.0001  pi_loss=-1.0636  reward_loss=0.0161  total_loss=0.0348  value_loss=0.3086
  update 141000/500000: consistency_loss=0.0001  pi_loss=-1.0629  reward_loss=0.0196  total_loss=0.0358  value_loss=0.3180
  update 141500/500000: consistency_loss=0.0001  pi_loss=-1.0682  reward_loss=0.0223  total_loss=0.0347  value_loss=0.3038
  update 142000/500000: consistency_loss=0.0001  pi_loss=-1.0554  reward_loss=0.0200  total_loss=0.0355  value_loss=0.3139
  update 142500/500000: consistency_loss=0.0001  pi_loss=-1.0685  reward_loss=0.0228  total_loss=0.0340  value_loss=0.2938
  update 143000/500000: consistency_loss=0.0001  pi_loss=-1.0657  reward_loss=0.0169  total_loss=0.0344  value_loss=0.3048
  update 143500/500000: consistency_loss=0.0001  pi_loss=-1.0761  reward_loss=0.0189  total_loss=0.0349  value_loss=0.3094
  update 144000/500000: consistency_loss=0.0001  pi_loss=-1.0938  reward_loss=0.0283  total_loss=0.0366  value_loss=0.3131
  update 144500/500000: consistency_loss=0.0001  pi_loss=-1.0888  reward_loss=0.0250  total_loss=0.0348  value_loss=0.3045
  update 145000/500000: consistency_loss=0.0001  pi_loss=-1.1028  reward_loss=0.0271  total_loss=0.0377  value_loss=0.3279
  update 145500/500000: consistency_loss=0.0001  pi_loss=-1.0748  reward_loss=0.0144  total_loss=0.0357  value_loss=0.3202
  update 146000/500000: consistency_loss=0.0001  pi_loss=-1.0586  reward_loss=0.0218  total_loss=0.0367  value_loss=0.3185
  update 146500/500000: consistency_loss=0.0001  pi_loss=-1.0437  reward_loss=0.0202  total_loss=0.0372  value_loss=0.3277
  update 147000/500000: consistency_loss=0.0001  pi_loss=-1.0256  reward_loss=0.0207  total_loss=0.0361  value_loss=0.3210
  update 147500/500000: consistency_loss=0.0001  pi_loss=-1.0235  reward_loss=0.0222  total_loss=0.0367  value_loss=0.3197
  update 148000/500000: consistency_loss=0.0001  pi_loss=-1.0411  reward_loss=0.0132  total_loss=0.0345  value_loss=0.3124
  update 148500/500000: consistency_loss=0.0001  pi_loss=-1.0623  reward_loss=0.0145  total_loss=0.0359  value_loss=0.3214
  update 149000/500000: consistency_loss=0.0001  pi_loss=-1.0715  reward_loss=0.0173  total_loss=0.0352  value_loss=0.3150
  update 149500/500000: consistency_loss=0.0001  pi_loss=-1.0961  reward_loss=0.0168  total_loss=0.0366  value_loss=0.3232
  update 150000/500000: consistency_loss=0.0001  pi_loss=-1.1088  reward_loss=0.0289  total_loss=0.0369  value_loss=0.3204
  update 150500/500000: consistency_loss=0.0001  pi_loss=-1.1087  reward_loss=0.0258  total_loss=0.0373  value_loss=0.3228
  update 151000/500000: consistency_loss=0.0001  pi_loss=-1.0910  reward_loss=0.0224  total_loss=0.0364  value_loss=0.3179
  update 151500/500000: consistency_loss=0.0001  pi_loss=-1.0951  reward_loss=0.0125  total_loss=0.0348  value_loss=0.3135
  update 152000/500000: consistency_loss=0.0001  pi_loss=-1.0868  reward_loss=0.0175  total_loss=0.0347  value_loss=0.3113
  update 152500/500000: consistency_loss=0.0001  pi_loss=-1.0840  reward_loss=0.0264  total_loss=0.0367  value_loss=0.3109
  update 153000/500000: consistency_loss=0.0001  pi_loss=-1.0916  reward_loss=0.0207  total_loss=0.0350  value_loss=0.3096
  update 153500/500000: consistency_loss=0.0001  pi_loss=-1.0845  reward_loss=0.0286  total_loss=0.0366  value_loss=0.3166
  update 154000/500000: consistency_loss=0.0001  pi_loss=-1.0648  reward_loss=0.0139  total_loss=0.0357  value_loss=0.3197
  update 154500/500000: consistency_loss=0.0001  pi_loss=-1.0602  reward_loss=0.0131  total_loss=0.0356  value_loss=0.3229
  update 155000/500000: consistency_loss=0.0001  pi_loss=-1.0391  reward_loss=0.0222  total_loss=0.0352  value_loss=0.3090
  update 155500/500000: consistency_loss=0.0001  pi_loss=-1.0292  reward_loss=0.0213  total_loss=0.0360  value_loss=0.3200
  update 156000/500000: consistency_loss=0.0001  pi_loss=-1.0186  reward_loss=0.0234  total_loss=0.0372  value_loss=0.3289
  update 156500/500000: consistency_loss=0.0001  pi_loss=-1.0017  reward_loss=0.0269  total_loss=0.0366  value_loss=0.3151
  update 157000/500000: consistency_loss=0.0001  pi_loss=-0.9708  reward_loss=0.0211  total_loss=0.0360  value_loss=0.3113
  update 157500/500000: consistency_loss=0.0001  pi_loss=-0.9479  reward_loss=0.0288  total_loss=0.0375  value_loss=0.3256
  update 158000/500000: consistency_loss=0.0001  pi_loss=-0.9372  reward_loss=0.0181  total_loss=0.0364  value_loss=0.3207
  update 158500/500000: consistency_loss=0.0001  pi_loss=-0.9221  reward_loss=0.0158  total_loss=0.0362  value_loss=0.3223
  update 159000/500000: consistency_loss=0.0001  pi_loss=-0.9103  reward_loss=0.0275  total_loss=0.0365  value_loss=0.3167
  update 159500/500000: consistency_loss=0.0001  pi_loss=-0.9122  reward_loss=0.0240  total_loss=0.0359  value_loss=0.3121
  update 160000/500000: consistency_loss=0.0001  pi_loss=-0.9038  reward_loss=0.0172  total_loss=0.0357  value_loss=0.3176
  update 160500/500000: consistency_loss=0.0001  pi_loss=-0.8628  reward_loss=0.0204  total_loss=0.0368  value_loss=0.3229
  update 161000/500000: consistency_loss=0.0001  pi_loss=-0.8500  reward_loss=0.0268  total_loss=0.0372  value_loss=0.3226
  update 161500/500000: consistency_loss=0.0001  pi_loss=-0.8336  reward_loss=0.0198  total_loss=0.0363  value_loss=0.3208
  update 162000/500000: consistency_loss=0.0001  pi_loss=-0.8325  reward_loss=0.0308  total_loss=0.0364  value_loss=0.3124
  update 162500/500000: consistency_loss=0.0001  pi_loss=-0.8190  reward_loss=0.0201  total_loss=0.0359  value_loss=0.3193
  update 163000/500000: consistency_loss=0.0001  pi_loss=-0.7971  reward_loss=0.0221  total_loss=0.0370  value_loss=0.3267
  update 163500/500000: consistency_loss=0.0001  pi_loss=-0.7974  reward_loss=0.0166  total_loss=0.0350  value_loss=0.3142
  update 164000/500000: consistency_loss=0.0001  pi_loss=-0.7875  reward_loss=0.0269  total_loss=0.0357  value_loss=0.3088
  update 164500/500000: consistency_loss=0.0001  pi_loss=-0.7880  reward_loss=0.0278  total_loss=0.0361  value_loss=0.3153
  update 165000/500000: consistency_loss=0.0001  pi_loss=-0.7868  reward_loss=0.0408  total_loss=0.0375  value_loss=0.3157
  update 165500/500000: consistency_loss=0.0001  pi_loss=-0.8044  reward_loss=0.0297  total_loss=0.0358  value_loss=0.3099
  update 166000/500000: consistency_loss=0.0001  pi_loss=-0.7742  reward_loss=0.0217  total_loss=0.0328  value_loss=0.2867
  update 166500/500000: consistency_loss=0.0001  pi_loss=-0.7712  reward_loss=0.0203  total_loss=0.0350  value_loss=0.3097
  update 167000/500000: consistency_loss=0.0001  pi_loss=-0.7768  reward_loss=0.0187  total_loss=0.0350  value_loss=0.3131
  update 167500/500000: consistency_loss=0.0001  pi_loss=-0.7950  reward_loss=0.0327  total_loss=0.0371  value_loss=0.3199
  update 168000/500000: consistency_loss=0.0001  pi_loss=-0.7737  reward_loss=0.0192  total_loss=0.0365  value_loss=0.3208
  update 168500/500000: consistency_loss=0.0001  pi_loss=-0.7800  reward_loss=0.0203  total_loss=0.0366  value_loss=0.3250
  update 169000/500000: consistency_loss=0.0001  pi_loss=-0.7826  reward_loss=0.0265  total_loss=0.0372  value_loss=0.3223
  update 169500/500000: consistency_loss=0.0001  pi_loss=-0.7783  reward_loss=0.0224  total_loss=0.0345  value_loss=0.3039
  update 170000/500000: consistency_loss=0.0001  pi_loss=-0.7898  reward_loss=0.0334  total_loss=0.0359  value_loss=0.3049
  update 170500/500000: consistency_loss=0.0001  pi_loss=-0.7896  reward_loss=0.0269  total_loss=0.0348  value_loss=0.3045
  update 171000/500000: consistency_loss=0.0001  pi_loss=-0.7635  reward_loss=0.0251  total_loss=0.0357  value_loss=0.3117
  update 171500/500000: consistency_loss=0.0001  pi_loss=-0.7813  reward_loss=0.0230  total_loss=0.0357  value_loss=0.3134
  update 172000/500000: consistency_loss=0.0001  pi_loss=-0.7717  reward_loss=0.0262  total_loss=0.0356  value_loss=0.3107
  update 172500/500000: consistency_loss=0.0001  pi_loss=-0.7445  reward_loss=0.0169  total_loss=0.0343  value_loss=0.3070
  update 173000/500000: consistency_loss=0.0001  pi_loss=-0.7452  reward_loss=0.0227  total_loss=0.0343  value_loss=0.3005
  update 173500/500000: consistency_loss=0.0001  pi_loss=-0.7305  reward_loss=0.0178  total_loss=0.0340  value_loss=0.3039
  update 174000/500000: consistency_loss=0.0001  pi_loss=-0.7454  reward_loss=0.0188  total_loss=0.0345  value_loss=0.3078
  update 174500/500000: consistency_loss=0.0001  pi_loss=-0.7256  reward_loss=0.0318  total_loss=0.0374  value_loss=0.3165
  update 175000/500000: consistency_loss=0.0001  pi_loss=-0.7282  reward_loss=0.0274  total_loss=0.0347  value_loss=0.2986
  update 175500/500000: consistency_loss=0.0001  pi_loss=-0.7213  reward_loss=0.0197  total_loss=0.0362  value_loss=0.3167
  update 176000/500000: consistency_loss=0.0001  pi_loss=-0.7311  reward_loss=0.0189  total_loss=0.0363  value_loss=0.3220
  update 176500/500000: consistency_loss=0.0001  pi_loss=-0.7187  reward_loss=0.0183  total_loss=0.0342  value_loss=0.3058
  update 177000/500000: consistency_loss=0.0001  pi_loss=-0.7128  reward_loss=0.0198  total_loss=0.0339  value_loss=0.3014
  update 177500/500000: consistency_loss=0.0001  pi_loss=-0.7548  reward_loss=0.0137  total_loss=0.0342  value_loss=0.3094
  update 178000/500000: consistency_loss=0.0001  pi_loss=-0.7601  reward_loss=0.0195  total_loss=0.0314  value_loss=0.2763
  update 178500/500000: consistency_loss=0.0001  pi_loss=-0.7493  reward_loss=0.0265  total_loss=0.0356  value_loss=0.3071
  update 179000/500000: consistency_loss=0.0001  pi_loss=-0.7276  reward_loss=0.0098  total_loss=0.0337  value_loss=0.3058
  update 179500/500000: consistency_loss=0.0001  pi_loss=-0.7192  reward_loss=0.0225  total_loss=0.0346  value_loss=0.3029
  update 180000/500000: consistency_loss=0.0001  pi_loss=-0.7229  reward_loss=0.0223  total_loss=0.0347  value_loss=0.3048
  update 180500/500000: consistency_loss=0.0001  pi_loss=-0.7128  reward_loss=0.0261  total_loss=0.0349  value_loss=0.3040
  update 181000/500000: consistency_loss=0.0001  pi_loss=-0.7209  reward_loss=0.0302  total_loss=0.0368  value_loss=0.3187
  update 181500/500000: consistency_loss=0.0001  pi_loss=-0.6951  reward_loss=0.0156  total_loss=0.0351  value_loss=0.3153
  update 182000/500000: consistency_loss=0.0001  pi_loss=-0.7107  reward_loss=0.0320  total_loss=0.0377  value_loss=0.3226
  update 182500/500000: consistency_loss=0.0001  pi_loss=-0.7259  reward_loss=0.0369  total_loss=0.0373  value_loss=0.3147
  update 183000/500000: consistency_loss=0.0001  pi_loss=-0.7349  reward_loss=0.0300  total_loss=0.0359  value_loss=0.3098
  update 183500/500000: consistency_loss=0.0001  pi_loss=-0.7499  reward_loss=0.0281  total_loss=0.0359  value_loss=0.3074
  update 184000/500000: consistency_loss=0.0001  pi_loss=-0.7640  reward_loss=0.0193  total_loss=0.0346  value_loss=0.3078
  update 184500/500000: consistency_loss=0.0001  pi_loss=-0.7631  reward_loss=0.0286  total_loss=0.0370  value_loss=0.3224
  update 185000/500000: consistency_loss=0.0001  pi_loss=-0.7596  reward_loss=0.0184  total_loss=0.0346  value_loss=0.3069
  update 185500/500000: consistency_loss=0.0001  pi_loss=-0.7709  reward_loss=0.0204  total_loss=0.0335  value_loss=0.2966
  update 186000/500000: consistency_loss=0.0001  pi_loss=-0.7235  reward_loss=0.0236  total_loss=0.0353  value_loss=0.3110
  update 186500/500000: consistency_loss=0.0001  pi_loss=-0.7500  reward_loss=0.0316  total_loss=0.0364  value_loss=0.3120
  update 187000/500000: consistency_loss=0.0001  pi_loss=-0.7733  reward_loss=0.0211  total_loss=0.0357  value_loss=0.3155
  update 187500/500000: consistency_loss=0.0001  pi_loss=-0.7808  reward_loss=0.0280  total_loss=0.0363  value_loss=0.3154
  update 188000/500000: consistency_loss=0.0001  pi_loss=-0.7828  reward_loss=0.0178  total_loss=0.0355  value_loss=0.3163
  update 188500/500000: consistency_loss=0.0001  pi_loss=-0.7770  reward_loss=0.0219  total_loss=0.0350  value_loss=0.3109
  update 189000/500000: consistency_loss=0.0001  pi_loss=-0.7741  reward_loss=0.0211  total_loss=0.0368  value_loss=0.3284
  update 189500/500000: consistency_loss=0.0001  pi_loss=-0.7539  reward_loss=0.0198  total_loss=0.0353  value_loss=0.3173
  update 190000/500000: consistency_loss=0.0001  pi_loss=-0.7620  reward_loss=0.0251  total_loss=0.0356  value_loss=0.3119
  update 190500/500000: consistency_loss=0.0001  pi_loss=-0.7686  reward_loss=0.0267  total_loss=0.0354  value_loss=0.3078
  update 191000/500000: consistency_loss=0.0001  pi_loss=-0.7771  reward_loss=0.0293  total_loss=0.0351  value_loss=0.3036
  update 191500/500000: consistency_loss=0.0001  pi_loss=-0.7818  reward_loss=0.0217  total_loss=0.0356  value_loss=0.3123
  update 192000/500000: consistency_loss=0.0001  pi_loss=-0.7773  reward_loss=0.0303  total_loss=0.0337  value_loss=0.2896
  update 192500/500000: consistency_loss=0.0001  pi_loss=-0.7656  reward_loss=0.0157  total_loss=0.0354  value_loss=0.3153
  update 193000/500000: consistency_loss=0.0001  pi_loss=-0.7771  reward_loss=0.0235  total_loss=0.0359  value_loss=0.3182
  update 193500/500000: consistency_loss=0.0001  pi_loss=-0.7935  reward_loss=0.0180  total_loss=0.0349  value_loss=0.3127
  update 194000/500000: consistency_loss=0.0001  pi_loss=-0.7676  reward_loss=0.0124  total_loss=0.0346  value_loss=0.3093
  update 194500/500000: consistency_loss=0.0001  pi_loss=-0.7429  reward_loss=0.0222  total_loss=0.0355  value_loss=0.3120
  update 195000/500000: consistency_loss=0.0001  pi_loss=-0.7329  reward_loss=0.0287  total_loss=0.0348  value_loss=0.3023
  update 195500/500000: consistency_loss=0.0001  pi_loss=-0.7142  reward_loss=0.0164  total_loss=0.0315  value_loss=0.2809
  update 196000/500000: consistency_loss=0.0001  pi_loss=-0.7162  reward_loss=0.0254  total_loss=0.0348  value_loss=0.3007
  update 196500/500000: consistency_loss=0.0001  pi_loss=-0.7093  reward_loss=0.0210  total_loss=0.0346  value_loss=0.3047
  update 197000/500000: consistency_loss=0.0001  pi_loss=-0.7304  reward_loss=0.0255  total_loss=0.0363  value_loss=0.3184
  update 197500/500000: consistency_loss=0.0001  pi_loss=-0.7278  reward_loss=0.0239  total_loss=0.0357  value_loss=0.3128
  update 198000/500000: consistency_loss=0.0001  pi_loss=-0.7247  reward_loss=0.0242  total_loss=0.0363  value_loss=0.3183
  update 198500/500000: consistency_loss=0.0001  pi_loss=-0.7218  reward_loss=0.0218  total_loss=0.0367  value_loss=0.3222
  update 199000/500000: consistency_loss=0.0001  pi_loss=-0.7370  reward_loss=0.0217  total_loss=0.0364  value_loss=0.3208
  update 199500/500000: consistency_loss=0.0001  pi_loss=-0.7237  reward_loss=0.0151  total_loss=0.0357  value_loss=0.3226
  update 200000/500000: consistency_loss=0.0001  pi_loss=-0.7368  reward_loss=0.0235  total_loss=0.0353  value_loss=0.3085
Saved checkpoint at update 200000
  update 200500/500000: consistency_loss=0.0001  pi_loss=-0.7352  reward_loss=0.0266  total_loss=0.0370  value_loss=0.3272
  update 201000/500000: consistency_loss=0.0001  pi_loss=-0.7402  reward_loss=0.0276  total_loss=0.0359  value_loss=0.3133
  update 201500/500000: consistency_loss=0.0001  pi_loss=-0.7362  reward_loss=0.0156  total_loss=0.0361  value_loss=0.3254
  update 202000/500000: consistency_loss=0.0001  pi_loss=-0.7512  reward_loss=0.0248  total_loss=0.0360  value_loss=0.3155
  update 202500/500000: consistency_loss=0.0001  pi_loss=-0.7677  reward_loss=0.0174  total_loss=0.0348  value_loss=0.3114
  update 203000/500000: consistency_loss=0.0001  pi_loss=-0.7785  reward_loss=0.0311  total_loss=0.0360  value_loss=0.3090
  update 203500/500000: consistency_loss=0.0001  pi_loss=-0.7869  reward_loss=0.0274  total_loss=0.0344  value_loss=0.2997
  update 204000/500000: consistency_loss=0.0001  pi_loss=-0.7915  reward_loss=0.0175  total_loss=0.0325  value_loss=0.2914
  update 204500/500000: consistency_loss=0.0001  pi_loss=-0.7986  reward_loss=0.0185  total_loss=0.0343  value_loss=0.3094
  update 205000/500000: consistency_loss=0.0001  pi_loss=-0.8100  reward_loss=0.0226  total_loss=0.0354  value_loss=0.3111
  update 205500/500000: consistency_loss=0.0001  pi_loss=-0.8172  reward_loss=0.0228  total_loss=0.0346  value_loss=0.3047
  update 206000/500000: consistency_loss=0.0001  pi_loss=-0.8194  reward_loss=0.0170  total_loss=0.0349  value_loss=0.3131
  update 206500/500000: consistency_loss=0.0001  pi_loss=-0.8453  reward_loss=0.0193  total_loss=0.0346  value_loss=0.3090
  update 207000/500000: consistency_loss=0.0001  pi_loss=-0.8394  reward_loss=0.0128  total_loss=0.0339  value_loss=0.3090
  update 207500/500000: consistency_loss=0.0001  pi_loss=-0.8509  reward_loss=0.0349  total_loss=0.0368  value_loss=0.3146
  update 208000/500000: consistency_loss=0.0001  pi_loss=-0.8544  reward_loss=0.0362  total_loss=0.0376  value_loss=0.3185
  update 208500/500000: consistency_loss=0.0001  pi_loss=-0.8734  reward_loss=0.0289  total_loss=0.0369  value_loss=0.3209
  update 209000/500000: consistency_loss=0.0001  pi_loss=-0.8570  reward_loss=0.0197  total_loss=0.0342  value_loss=0.3034
  update 209500/500000: consistency_loss=0.0001  pi_loss=-0.8620  reward_loss=0.0293  total_loss=0.0361  value_loss=0.3146
  update 210000/500000: consistency_loss=0.0001  pi_loss=-0.8554  reward_loss=0.0289  total_loss=0.0362  value_loss=0.3158
  update 210500/500000: consistency_loss=0.0001  pi_loss=-0.8663  reward_loss=0.0250  total_loss=0.0368  value_loss=0.3224
  update 211000/500000: consistency_loss=0.0001  pi_loss=-0.8684  reward_loss=0.0252  total_loss=0.0362  value_loss=0.3171
  update 211500/500000: consistency_loss=0.0001  pi_loss=-0.8575  reward_loss=0.0150  total_loss=0.0342  value_loss=0.3087
  update 212000/500000: consistency_loss=0.0001  pi_loss=-0.8610  reward_loss=0.0334  total_loss=0.0366  value_loss=0.3153
  update 212500/500000: consistency_loss=0.0001  pi_loss=-0.8608  reward_loss=0.0186  total_loss=0.0349  value_loss=0.3094
  update 213000/500000: consistency_loss=0.0001  pi_loss=-0.8755  reward_loss=0.0161  total_loss=0.0354  value_loss=0.3203
  update 213500/500000: consistency_loss=0.0001  pi_loss=-0.8633  reward_loss=0.0149  total_loss=0.0336  value_loss=0.3040
  update 214000/500000: consistency_loss=0.0001  pi_loss=-0.8680  reward_loss=0.0176  total_loss=0.0360  value_loss=0.3221
  update 214500/500000: consistency_loss=0.0001  pi_loss=-0.8909  reward_loss=0.0277  total_loss=0.0367  value_loss=0.3193
  update 215000/500000: consistency_loss=0.0001  pi_loss=-0.8965  reward_loss=0.0170  total_loss=0.0342  value_loss=0.3072
  update 215500/500000: consistency_loss=0.0001  pi_loss=-0.8873  reward_loss=0.0348  total_loss=0.0369  value_loss=0.3124
  update 216000/500000: consistency_loss=0.0001  pi_loss=-0.8905  reward_loss=0.0248  total_loss=0.0358  value_loss=0.3146
  update 216500/500000: consistency_loss=0.0001  pi_loss=-0.8977  reward_loss=0.0234  total_loss=0.0347  value_loss=0.3058
  update 217000/500000: consistency_loss=0.0001  pi_loss=-0.9169  reward_loss=0.0233  total_loss=0.0352  value_loss=0.3081
  update 217500/500000: consistency_loss=0.0001  pi_loss=-0.9440  reward_loss=0.0146  total_loss=0.0362  value_loss=0.3252
  update 218000/500000: consistency_loss=0.0001  pi_loss=-0.9574  reward_loss=0.0191  total_loss=0.0349  value_loss=0.3126
  update 218500/500000: consistency_loss=0.0001  pi_loss=-0.9564  reward_loss=0.0284  total_loss=0.0352  value_loss=0.3055
  update 219000/500000: consistency_loss=0.0001  pi_loss=-0.9475  reward_loss=0.0216  total_loss=0.0346  value_loss=0.3071
  update 219500/500000: consistency_loss=0.0001  pi_loss=-0.9594  reward_loss=0.0283  total_loss=0.0347  value_loss=0.2968
  update 220000/500000: consistency_loss=0.0001  pi_loss=-0.9535  reward_loss=0.0304  total_loss=0.0340  value_loss=0.2925
  update 220500/500000: consistency_loss=0.0001  pi_loss=-0.9349  reward_loss=0.0196  total_loss=0.0331  value_loss=0.2901
  update 221000/500000: consistency_loss=0.0001  pi_loss=-0.9508  reward_loss=0.0299  total_loss=0.0349  value_loss=0.3014
  update 221500/500000: consistency_loss=0.0001  pi_loss=-0.9557  reward_loss=0.0163  total_loss=0.0346  value_loss=0.3082
  update 222000/500000: consistency_loss=0.0001  pi_loss=-0.9646  reward_loss=0.0199  total_loss=0.0359  value_loss=0.3177
  update 222500/500000: consistency_loss=0.0001  pi_loss=-0.9693  reward_loss=0.0164  total_loss=0.0345  value_loss=0.3130
  update 223000/500000: consistency_loss=0.0001  pi_loss=-0.9724  reward_loss=0.0182  total_loss=0.0343  value_loss=0.3063
  update 223500/500000: consistency_loss=0.0001  pi_loss=-0.9612  reward_loss=0.0236  total_loss=0.0354  value_loss=0.3090
  update 224000/500000: consistency_loss=0.0001  pi_loss=-0.9618  reward_loss=0.0218  total_loss=0.0344  value_loss=0.3026
  update 224500/500000: consistency_loss=0.0001  pi_loss=-0.9791  reward_loss=0.0154  total_loss=0.0331  value_loss=0.2955
  update 225000/500000: consistency_loss=0.0001  pi_loss=-0.9624  reward_loss=0.0151  total_loss=0.0336  value_loss=0.3051
  update 225500/500000: consistency_loss=0.0001  pi_loss=-0.9626  reward_loss=0.0203  total_loss=0.0350  value_loss=0.3096
  update 226000/500000: consistency_loss=0.0001  pi_loss=-0.9662  reward_loss=0.0290  total_loss=0.0352  value_loss=0.3047
  update 226500/500000: consistency_loss=0.0001  pi_loss=-0.9756  reward_loss=0.0203  total_loss=0.0339  value_loss=0.3037
  update 227000/500000: consistency_loss=0.0001  pi_loss=-0.9652  reward_loss=0.0151  total_loss=0.0342  value_loss=0.3109
  update 227500/500000: consistency_loss=0.0001  pi_loss=-0.9888  reward_loss=0.0180  total_loss=0.0341  value_loss=0.3027
  update 228000/500000: consistency_loss=0.0001  pi_loss=-0.9787  reward_loss=0.0186  total_loss=0.0348  value_loss=0.3062
  update 228500/500000: consistency_loss=0.0001  pi_loss=-0.9817  reward_loss=0.0201  total_loss=0.0333  value_loss=0.2956
  update 229000/500000: consistency_loss=0.0001  pi_loss=-1.0020  reward_loss=0.0271  total_loss=0.0355  value_loss=0.3101
  update 229500/500000: consistency_loss=0.0001  pi_loss=-1.0152  reward_loss=0.0133  total_loss=0.0344  value_loss=0.3103
  update 230000/500000: consistency_loss=0.0001  pi_loss=-1.0332  reward_loss=0.0273  total_loss=0.0361  value_loss=0.3149
  update 230500/500000: consistency_loss=0.0001  pi_loss=-1.0328  reward_loss=0.0210  total_loss=0.0351  value_loss=0.3085
  update 231000/500000: consistency_loss=0.0001  pi_loss=-1.0294  reward_loss=0.0210  total_loss=0.0344  value_loss=0.3080
  update 231500/500000: consistency_loss=0.0001  pi_loss=-1.0644  reward_loss=0.0122  total_loss=0.0355  value_loss=0.3205
  update 232000/500000: consistency_loss=0.0001  pi_loss=-1.0581  reward_loss=0.0187  total_loss=0.0353  value_loss=0.3159
  update 232500/500000: consistency_loss=0.0001  pi_loss=-1.0693  reward_loss=0.0232  total_loss=0.0367  value_loss=0.3267
  update 233000/500000: consistency_loss=0.0001  pi_loss=-1.0817  reward_loss=0.0133  total_loss=0.0354  value_loss=0.3232
  update 233500/500000: consistency_loss=0.0001  pi_loss=-1.0500  reward_loss=0.0230  total_loss=0.0358  value_loss=0.3133
  update 234000/500000: consistency_loss=0.0001  pi_loss=-1.0590  reward_loss=0.0171  total_loss=0.0346  value_loss=0.3093
  update 234500/500000: consistency_loss=0.0001  pi_loss=-1.0720  reward_loss=0.0216  total_loss=0.0359  value_loss=0.3193
  update 235000/500000: consistency_loss=0.0001  pi_loss=-1.0585  reward_loss=0.0214  total_loss=0.0353  value_loss=0.3123
  update 235500/500000: consistency_loss=0.0001  pi_loss=-1.0737  reward_loss=0.0179  total_loss=0.0349  value_loss=0.3120
  update 236000/500000: consistency_loss=0.0001  pi_loss=-1.0602  reward_loss=0.0152  total_loss=0.0341  value_loss=0.3084
  update 236500/500000: consistency_loss=0.0001  pi_loss=-1.0668  reward_loss=0.0196  total_loss=0.0346  value_loss=0.3092
  update 237000/500000: consistency_loss=0.0001  pi_loss=-1.0775  reward_loss=0.0189  total_loss=0.0339  value_loss=0.2997
  update 237500/500000: consistency_loss=0.0001  pi_loss=-1.0617  reward_loss=0.0211  total_loss=0.0344  value_loss=0.3075
  update 238000/500000: consistency_loss=0.0001  pi_loss=-1.0710  reward_loss=0.0233  total_loss=0.0352  value_loss=0.3112
  update 238500/500000: consistency_loss=0.0001  pi_loss=-1.0786  reward_loss=0.0208  total_loss=0.0344  value_loss=0.3058
  update 239000/500000: consistency_loss=0.0001  pi_loss=-1.0990  reward_loss=0.0328  total_loss=0.0365  value_loss=0.3124
  update 239500/500000: consistency_loss=0.0001  pi_loss=-1.0762  reward_loss=0.0286  total_loss=0.0367  value_loss=0.3196
  update 240000/500000: consistency_loss=0.0001  pi_loss=-1.0912  reward_loss=0.0201  total_loss=0.0358  value_loss=0.3188
  update 240500/500000: consistency_loss=0.0001  pi_loss=-1.0922  reward_loss=0.0281  total_loss=0.0356  value_loss=0.3093
  update 241000/500000: consistency_loss=0.0001  pi_loss=-1.1007  reward_loss=0.0279  total_loss=0.0364  value_loss=0.3160
  update 241500/500000: consistency_loss=0.0001  pi_loss=-1.0933  reward_loss=0.0205  total_loss=0.0361  value_loss=0.3187
  update 242000/500000: consistency_loss=0.0001  pi_loss=-1.0869  reward_loss=0.0157  total_loss=0.0347  value_loss=0.3103
  update 242500/500000: consistency_loss=0.0001  pi_loss=-1.0783  reward_loss=0.0208  total_loss=0.0352  value_loss=0.3117
  update 243000/500000: consistency_loss=0.0001  pi_loss=-1.0649  reward_loss=0.0198  total_loss=0.0341  value_loss=0.3037
  update 243500/500000: consistency_loss=0.0001  pi_loss=-1.0727  reward_loss=0.0193  total_loss=0.0340  value_loss=0.3012
  update 244000/500000: consistency_loss=0.0001  pi_loss=-1.0543  reward_loss=0.0174  total_loss=0.0343  value_loss=0.3064
  update 244500/500000: consistency_loss=0.0001  pi_loss=-1.0601  reward_loss=0.0282  total_loss=0.0358  value_loss=0.3065
  update 245000/500000: consistency_loss=0.0001  pi_loss=-1.0656  reward_loss=0.0208  total_loss=0.0339  value_loss=0.2987
  update 245500/500000: consistency_loss=0.0001  pi_loss=-1.0542  reward_loss=0.0289  total_loss=0.0355  value_loss=0.3074
  update 246000/500000: consistency_loss=0.0001  pi_loss=-1.0523  reward_loss=0.0196  total_loss=0.0351  value_loss=0.3142
  update 246500/500000: consistency_loss=0.0001  pi_loss=-1.0621  reward_loss=0.0220  total_loss=0.0340  value_loss=0.3038
  update 247000/500000: consistency_loss=0.0001  pi_loss=-1.0603  reward_loss=0.0220  total_loss=0.0366  value_loss=0.3244
  update 247500/500000: consistency_loss=0.0001  pi_loss=-1.0559  reward_loss=0.0286  total_loss=0.0365  value_loss=0.3177
  update 248000/500000: consistency_loss=0.0001  pi_loss=-1.0615  reward_loss=0.0211  total_loss=0.0346  value_loss=0.3101
  update 248500/500000: consistency_loss=0.0001  pi_loss=-1.0624  reward_loss=0.0229  total_loss=0.0351  value_loss=0.3117
  update 249000/500000: consistency_loss=0.0001  pi_loss=-1.0883  reward_loss=0.0268  total_loss=0.0363  value_loss=0.3192
  update 249500/500000: consistency_loss=0.0001  pi_loss=-1.0842  reward_loss=0.0266  total_loss=0.0367  value_loss=0.3177
  update 250000/500000: consistency_loss=0.0001  pi_loss=-1.0927  reward_loss=0.0167  total_loss=0.0341  value_loss=0.3088
  update 250500/500000: consistency_loss=0.0001  pi_loss=-1.0991  reward_loss=0.0234  total_loss=0.0345  value_loss=0.3039
  update 251000/500000: consistency_loss=0.0001  pi_loss=-1.0864  reward_loss=0.0144  total_loss=0.0347  value_loss=0.3138
  update 251500/500000: consistency_loss=0.0001  pi_loss=-1.0938  reward_loss=0.0251  total_loss=0.0343  value_loss=0.2983
  update 252000/500000: consistency_loss=0.0001  pi_loss=-1.1041  reward_loss=0.0196  total_loss=0.0336  value_loss=0.2966
  update 252500/500000: consistency_loss=0.0001  pi_loss=-1.1012  reward_loss=0.0185  total_loss=0.0329  value_loss=0.2942
  update 253000/500000: consistency_loss=0.0001  pi_loss=-1.0969  reward_loss=0.0256  total_loss=0.0341  value_loss=0.2996
  update 253500/500000: consistency_loss=0.0001  pi_loss=-1.1015  reward_loss=0.0191  total_loss=0.0326  value_loss=0.2914
  update 254000/500000: consistency_loss=0.0001  pi_loss=-1.0830  reward_loss=0.0144  total_loss=0.0324  value_loss=0.2928
  update 254500/500000: consistency_loss=0.0001  pi_loss=-1.0905  reward_loss=0.0191  total_loss=0.0343  value_loss=0.3082
  update 255000/500000: consistency_loss=0.0001  pi_loss=-1.0972  reward_loss=0.0239  total_loss=0.0342  value_loss=0.3024
  update 255500/500000: consistency_loss=0.0001  pi_loss=-1.0879  reward_loss=0.0160  total_loss=0.0340  value_loss=0.3085
  update 256000/500000: consistency_loss=0.0001  pi_loss=-1.0821  reward_loss=0.0135  total_loss=0.0332  value_loss=0.2999
  update 256500/500000: consistency_loss=0.0001  pi_loss=-1.0803  reward_loss=0.0201  total_loss=0.0346  value_loss=0.3067
  update 257000/500000: consistency_loss=0.0001  pi_loss=-1.0986  reward_loss=0.0181  total_loss=0.0363  value_loss=0.3192
  update 257500/500000: consistency_loss=0.0001  pi_loss=-1.1150  reward_loss=0.0143  total_loss=0.0335  value_loss=0.3042
  update 258000/500000: consistency_loss=0.0001  pi_loss=-1.1296  reward_loss=0.0304  total_loss=0.0353  value_loss=0.3051
  update 258500/500000: consistency_loss=0.0001  pi_loss=-1.1349  reward_loss=0.0193  total_loss=0.0332  value_loss=0.2935
  update 259000/500000: consistency_loss=0.0001  pi_loss=-1.1426  reward_loss=0.0174  total_loss=0.0338  value_loss=0.3035
  update 259500/500000: consistency_loss=0.0001  pi_loss=-1.1557  reward_loss=0.0182  total_loss=0.0350  value_loss=0.3103
  update 260000/500000: consistency_loss=0.0001  pi_loss=-1.1379  reward_loss=0.0247  total_loss=0.0339  value_loss=0.2982
  update 260500/500000: consistency_loss=0.0001  pi_loss=-1.1368  reward_loss=0.0215  total_loss=0.0350  value_loss=0.3090
  update 261000/500000: consistency_loss=0.0001  pi_loss=-1.1222  reward_loss=0.0194  total_loss=0.0333  value_loss=0.2930
  update 261500/500000: consistency_loss=0.0001  pi_loss=-1.1083  reward_loss=0.0212  total_loss=0.0337  value_loss=0.2985
  update 262000/500000: consistency_loss=0.0001  pi_loss=-1.0860  reward_loss=0.0239  total_loss=0.0349  value_loss=0.3081
  update 262500/500000: consistency_loss=0.0001  pi_loss=-1.1061  reward_loss=0.0278  total_loss=0.0346  value_loss=0.3007
  update 263000/500000: consistency_loss=0.0001  pi_loss=-1.1131  reward_loss=0.0205  total_loss=0.0345  value_loss=0.3021
  update 263500/500000: consistency_loss=0.0001  pi_loss=-1.1027  reward_loss=0.0144  total_loss=0.0334  value_loss=0.3041
  update 264000/500000: consistency_loss=0.0001  pi_loss=-1.1177  reward_loss=0.0286  total_loss=0.0342  value_loss=0.2959
  update 264500/500000: consistency_loss=0.0001  pi_loss=-1.1147  reward_loss=0.0265  total_loss=0.0346  value_loss=0.2982
  update 265000/500000: consistency_loss=0.0001  pi_loss=-1.1245  reward_loss=0.0248  total_loss=0.0323  value_loss=0.2824
  update 265500/500000: consistency_loss=0.0001  pi_loss=-1.1497  reward_loss=0.0131  total_loss=0.0323  value_loss=0.2904
  update 266000/500000: consistency_loss=0.0001  pi_loss=-1.1226  reward_loss=0.0142  total_loss=0.0331  value_loss=0.2986
  update 266500/500000: consistency_loss=0.0001  pi_loss=-1.1243  reward_loss=0.0151  total_loss=0.0338  value_loss=0.3029
  update 267000/500000: consistency_loss=0.0001  pi_loss=-1.1287  reward_loss=0.0131  total_loss=0.0338  value_loss=0.3065
  update 267500/500000: consistency_loss=0.0001  pi_loss=-1.1385  reward_loss=0.0208  total_loss=0.0346  value_loss=0.3079
  update 268000/500000: consistency_loss=0.0001  pi_loss=-1.1364  reward_loss=0.0227  total_loss=0.0349  value_loss=0.3087
  update 268500/500000: consistency_loss=0.0001  pi_loss=-1.1220  reward_loss=0.0137  total_loss=0.0336  value_loss=0.3061
  update 269000/500000: consistency_loss=0.0001  pi_loss=-1.1440  reward_loss=0.0230  total_loss=0.0341  value_loss=0.3027
  update 269500/500000: consistency_loss=0.0001  pi_loss=-1.1322  reward_loss=0.0223  total_loss=0.0353  value_loss=0.3159
  update 270000/500000: consistency_loss=0.0001  pi_loss=-1.1400  reward_loss=0.0279  total_loss=0.0342  value_loss=0.2960
  update 270500/500000: consistency_loss=0.0001  pi_loss=-1.1194  reward_loss=0.0279  total_loss=0.0343  value_loss=0.2975
  update 271000/500000: consistency_loss=0.0001  pi_loss=-1.1547  reward_loss=0.0262  total_loss=0.0352  value_loss=0.3060
  update 271500/500000: consistency_loss=0.0001  pi_loss=-1.1558  reward_loss=0.0152  total_loss=0.0325  value_loss=0.2941
  update 272000/500000: consistency_loss=0.0001  pi_loss=-1.1639  reward_loss=0.0160  total_loss=0.0332  value_loss=0.2989
  update 272500/500000: consistency_loss=0.0001  pi_loss=-1.1662  reward_loss=0.0128  total_loss=0.0331  value_loss=0.3029
  update 273000/500000: consistency_loss=0.0001  pi_loss=-1.1871  reward_loss=0.0226  total_loss=0.0341  value_loss=0.2988
  update 273500/500000: consistency_loss=0.0001  pi_loss=-1.2024  reward_loss=0.0201  total_loss=0.0326  value_loss=0.2901
  update 274000/500000: consistency_loss=0.0001  pi_loss=-1.1971  reward_loss=0.0193  total_loss=0.0336  value_loss=0.2976
  update 274500/500000: consistency_loss=0.0001  pi_loss=-1.1864  reward_loss=0.0188  total_loss=0.0338  value_loss=0.2997
  update 275000/500000: consistency_loss=0.0001  pi_loss=-1.1863  reward_loss=0.0192  total_loss=0.0336  value_loss=0.2997
  update 275500/500000: consistency_loss=0.0001  pi_loss=-1.1743  reward_loss=0.0205  total_loss=0.0338  value_loss=0.3003
  update 276000/500000: consistency_loss=0.0001  pi_loss=-1.1904  reward_loss=0.0389  total_loss=0.0357  value_loss=0.3037
  update 276500/500000: consistency_loss=0.0001  pi_loss=-1.1840  reward_loss=0.0203  total_loss=0.0331  value_loss=0.2936
  update 277000/500000: consistency_loss=0.0001  pi_loss=-1.1882  reward_loss=0.0340  total_loss=0.0347  value_loss=0.2973
  update 277500/500000: consistency_loss=0.0001  pi_loss=-1.1889  reward_loss=0.0209  total_loss=0.0344  value_loss=0.3069
  update 278000/500000: consistency_loss=0.0001  pi_loss=-1.2203  reward_loss=0.0271  total_loss=0.0336  value_loss=0.2937
  update 278500/500000: consistency_loss=0.0001  pi_loss=-1.2488  reward_loss=0.0148  total_loss=0.0352  value_loss=0.3187
  update 279000/500000: consistency_loss=0.0001  pi_loss=-1.2466  reward_loss=0.0393  total_loss=0.0362  value_loss=0.3034
  update 279500/500000: consistency_loss=0.0001  pi_loss=-1.3081  reward_loss=0.0219  total_loss=0.0346  value_loss=0.3018
  update 280000/500000: consistency_loss=0.0001  pi_loss=-1.3224  reward_loss=0.0160  total_loss=0.0341  value_loss=0.3076
  update 280500/500000: consistency_loss=0.0001  pi_loss=-1.3583  reward_loss=0.0151  total_loss=0.0350  value_loss=0.3157
  update 281000/500000: consistency_loss=0.0001  pi_loss=-1.3790  reward_loss=0.0253  total_loss=0.0345  value_loss=0.3017
  update 281500/500000: consistency_loss=0.0001  pi_loss=-1.4119  reward_loss=0.0324  total_loss=0.0359  value_loss=0.3049
  update 282000/500000: consistency_loss=0.0001  pi_loss=-1.4408  reward_loss=0.0155  total_loss=0.0324  value_loss=0.2932
  update 282500/500000: consistency_loss=0.0001  pi_loss=-1.4850  reward_loss=0.0205  total_loss=0.0329  value_loss=0.2906
  update 283000/500000: consistency_loss=0.0001  pi_loss=-1.5215  reward_loss=0.0243  total_loss=0.0337  value_loss=0.2949
  update 283500/500000: consistency_loss=0.0001  pi_loss=-1.5396  reward_loss=0.0148  total_loss=0.0339  value_loss=0.3081
  update 284000/500000: consistency_loss=0.0001  pi_loss=-1.5269  reward_loss=0.0182  total_loss=0.0341  value_loss=0.3072
  update 284500/500000: consistency_loss=0.0001  pi_loss=-1.5137  reward_loss=0.0206  total_loss=0.0356  value_loss=0.3169
  update 285000/500000: consistency_loss=0.0001  pi_loss=-1.5092  reward_loss=0.0214  total_loss=0.0359  value_loss=0.3198
  update 285500/500000: consistency_loss=0.0001  pi_loss=-1.5054  reward_loss=0.0229  total_loss=0.0337  value_loss=0.2975
  update 286000/500000: consistency_loss=0.0001  pi_loss=-1.4833  reward_loss=0.0284  total_loss=0.0353  value_loss=0.3084
  update 286500/500000: consistency_loss=0.0001  pi_loss=-1.4604  reward_loss=0.0245  total_loss=0.0343  value_loss=0.3015
  update 287000/500000: consistency_loss=0.0001  pi_loss=-1.4777  reward_loss=0.0267  total_loss=0.0348  value_loss=0.3057
  update 287500/500000: consistency_loss=0.0001  pi_loss=-1.4575  reward_loss=0.0274  total_loss=0.0363  value_loss=0.3175
  update 288000/500000: consistency_loss=0.0001  pi_loss=-1.4433  reward_loss=0.0337  total_loss=0.0365  value_loss=0.3159
  update 288500/500000: consistency_loss=0.0001  pi_loss=-1.4231  reward_loss=0.0211  total_loss=0.0359  value_loss=0.3140
  update 289000/500000: consistency_loss=0.0001  pi_loss=-1.4291  reward_loss=0.0183  total_loss=0.0345  value_loss=0.3119
  update 289500/500000: consistency_loss=0.0001  pi_loss=-1.4175  reward_loss=0.0216  total_loss=0.0355  value_loss=0.3131
  update 290000/500000: consistency_loss=0.0001  pi_loss=-1.4382  reward_loss=0.0202  total_loss=0.0349  value_loss=0.3101
  update 290500/500000: consistency_loss=0.0001  pi_loss=-1.4950  reward_loss=0.0232  total_loss=0.0355  value_loss=0.3145
  update 291000/500000: consistency_loss=0.0001  pi_loss=-1.5580  reward_loss=0.0277  total_loss=0.0364  value_loss=0.3157
  update 291500/500000: consistency_loss=0.0001  pi_loss=-1.6097  reward_loss=0.0164  total_loss=0.0353  value_loss=0.3199
  update 292000/500000: consistency_loss=0.0001  pi_loss=-1.6651  reward_loss=0.0348  total_loss=0.0371  value_loss=0.3178
  update 292500/500000: consistency_loss=0.0001  pi_loss=-1.7036  reward_loss=0.0288  total_loss=0.0353  value_loss=0.3083
  update 293000/500000: consistency_loss=0.0001  pi_loss=-1.7182  reward_loss=0.0176  total_loss=0.0355  value_loss=0.3208
  update 293500/500000: consistency_loss=0.0001  pi_loss=-1.7380  reward_loss=0.0218  total_loss=0.0347  value_loss=0.3073
  update 294000/500000: consistency_loss=0.0001  pi_loss=-1.7603  reward_loss=0.0239  total_loss=0.0349  value_loss=0.3053
  update 294500/500000: consistency_loss=0.0001  pi_loss=-1.7532  reward_loss=0.0150  total_loss=0.0334  value_loss=0.3025
  update 295000/500000: consistency_loss=0.0001  pi_loss=-1.7572  reward_loss=0.0289  total_loss=0.0368  value_loss=0.3213
  update 295500/500000: consistency_loss=0.0001  pi_loss=-1.7803  reward_loss=0.0208  total_loss=0.0362  value_loss=0.3201
  update 296000/500000: consistency_loss=0.0001  pi_loss=-1.7859  reward_loss=0.0235  total_loss=0.0365  value_loss=0.3240
  update 296500/500000: consistency_loss=0.0001  pi_loss=-1.8138  reward_loss=0.0195  total_loss=0.0341  value_loss=0.3056
  update 297000/500000: consistency_loss=0.0001  pi_loss=-1.8280  reward_loss=0.0159  total_loss=0.0336  value_loss=0.3037
  update 297500/500000: consistency_loss=0.0001  pi_loss=-1.8418  reward_loss=0.0351  total_loss=0.0360  value_loss=0.3108
  update 298000/500000: consistency_loss=0.0001  pi_loss=-1.8355  reward_loss=0.0257  total_loss=0.0358  value_loss=0.3156
  update 298500/500000: consistency_loss=0.0001  pi_loss=-1.8105  reward_loss=0.0167  total_loss=0.0349  value_loss=0.3172
  update 299000/500000: consistency_loss=0.0001  pi_loss=-1.7891  reward_loss=0.0259  total_loss=0.0352  value_loss=0.3093
  update 299500/500000: consistency_loss=0.0001  pi_loss=-1.7390  reward_loss=0.0176  total_loss=0.0362  value_loss=0.3268
  update 300000/500000: consistency_loss=0.0001  pi_loss=-1.7050  reward_loss=0.0219  total_loss=0.0361  value_loss=0.3188
Saved checkpoint at update 300000
  update 300500/500000: consistency_loss=0.0001  pi_loss=-1.7130  reward_loss=0.0210  total_loss=0.0351  value_loss=0.3125
  update 301000/500000: consistency_loss=0.0001  pi_loss=-1.7194  reward_loss=0.0198  total_loss=0.0362  value_loss=0.3274
  update 301500/500000: consistency_loss=0.0001  pi_loss=-1.7357  reward_loss=0.0244  total_loss=0.0361  value_loss=0.3208
  update 302000/500000: consistency_loss=0.0001  pi_loss=-1.7979  reward_loss=0.0212  total_loss=0.0355  value_loss=0.3171
  update 302500/500000: consistency_loss=0.0001  pi_loss=-1.8073  reward_loss=0.0241  total_loss=0.0359  value_loss=0.3199
  update 303000/500000: consistency_loss=0.0001  pi_loss=-1.8230  reward_loss=0.0232  total_loss=0.0346  value_loss=0.3029
  update 303500/500000: consistency_loss=0.0001  pi_loss=-1.8172  reward_loss=0.0194  total_loss=0.0347  value_loss=0.3074
  update 304000/500000: consistency_loss=0.0001  pi_loss=-1.7984  reward_loss=0.0262  total_loss=0.0345  value_loss=0.3019
  update 304500/500000: consistency_loss=0.0001  pi_loss=-1.7561  reward_loss=0.0182  total_loss=0.0348  value_loss=0.3112
  update 305000/500000: consistency_loss=0.0001  pi_loss=-1.7501  reward_loss=0.0212  total_loss=0.0348  value_loss=0.3111
  update 305500/500000: consistency_loss=0.0001  pi_loss=-1.7119  reward_loss=0.0243  total_loss=0.0350  value_loss=0.3088
  update 306000/500000: consistency_loss=0.0001  pi_loss=-1.7250  reward_loss=0.0153  total_loss=0.0328  value_loss=0.2963
  update 306500/500000: consistency_loss=0.0001  pi_loss=-1.7347  reward_loss=0.0200  total_loss=0.0359  value_loss=0.3153
  update 307000/500000: consistency_loss=0.0001  pi_loss=-1.7347  reward_loss=0.0180  total_loss=0.0340  value_loss=0.3073
  update 307500/500000: consistency_loss=0.0001  pi_loss=-1.7349  reward_loss=0.0245  total_loss=0.0342  value_loss=0.3016
  update 308000/500000: consistency_loss=0.0001  pi_loss=-1.7431  reward_loss=0.0268  total_loss=0.0351  value_loss=0.3068
  update 308500/500000: consistency_loss=0.0001  pi_loss=-1.7264  reward_loss=0.0283  total_loss=0.0364  value_loss=0.3117
  update 309000/500000: consistency_loss=0.0001  pi_loss=-1.7245  reward_loss=0.0154  total_loss=0.0345  value_loss=0.3134
  update 309500/500000: consistency_loss=0.0001  pi_loss=-1.7339  reward_loss=0.0154  total_loss=0.0352  value_loss=0.3171
  update 310000/500000: consistency_loss=0.0001  pi_loss=-1.7256  reward_loss=0.0165  total_loss=0.0348  value_loss=0.3121
  update 310500/500000: consistency_loss=0.0001  pi_loss=-1.7305  reward_loss=0.0218  total_loss=0.0354  value_loss=0.3157
  update 311000/500000: consistency_loss=0.0001  pi_loss=-1.7434  reward_loss=0.0292  total_loss=0.0343  value_loss=0.2982
  update 311500/500000: consistency_loss=0.0001  pi_loss=-1.7076  reward_loss=0.0178  total_loss=0.0341  value_loss=0.3087
  update 312000/500000: consistency_loss=0.0001  pi_loss=-1.6778  reward_loss=0.0207  total_loss=0.0348  value_loss=0.3121
  update 312500/500000: consistency_loss=0.0001  pi_loss=-1.6644  reward_loss=0.0300  total_loss=0.0346  value_loss=0.2979
  update 313000/500000: consistency_loss=0.0001  pi_loss=-1.6382  reward_loss=0.0101  total_loss=0.0351  value_loss=0.3195
  update 313500/500000: consistency_loss=0.0001  pi_loss=-1.6441  reward_loss=0.0277  total_loss=0.0349  value_loss=0.3038
  update 314000/500000: consistency_loss=0.0001  pi_loss=-1.6601  reward_loss=0.0268  total_loss=0.0360  value_loss=0.3167
  update 314500/500000: consistency_loss=0.0001  pi_loss=-1.6575  reward_loss=0.0177  total_loss=0.0345  value_loss=0.3123
  update 315000/500000: consistency_loss=0.0001  pi_loss=-1.6608  reward_loss=0.0187  total_loss=0.0357  value_loss=0.3198
  update 315500/500000: consistency_loss=0.0001  pi_loss=-1.6542  reward_loss=0.0269  total_loss=0.0344  value_loss=0.2998
  update 316000/500000: consistency_loss=0.0001  pi_loss=-1.6846  reward_loss=0.0214  total_loss=0.0358  value_loss=0.3152
  update 316500/500000: consistency_loss=0.0001  pi_loss=-1.6976  reward_loss=0.0182  total_loss=0.0347  value_loss=0.3119
  update 317000/500000: consistency_loss=0.0001  pi_loss=-1.7094  reward_loss=0.0117  total_loss=0.0338  value_loss=0.3095
  update 317500/500000: consistency_loss=0.0001  pi_loss=-1.7233  reward_loss=0.0104  total_loss=0.0333  value_loss=0.3093
  update 318000/500000: consistency_loss=0.0001  pi_loss=-1.7383  reward_loss=0.0223  total_loss=0.0349  value_loss=0.3096
  update 318500/500000: consistency_loss=0.0001  pi_loss=-1.7097  reward_loss=0.0185  total_loss=0.0344  value_loss=0.3094
  update 319000/500000: consistency_loss=0.0001  pi_loss=-1.6911  reward_loss=0.0210  total_loss=0.0351  value_loss=0.3084
  update 319500/500000: consistency_loss=0.0001  pi_loss=-1.6795  reward_loss=0.0264  total_loss=0.0353  value_loss=0.3045
  update 320000/500000: consistency_loss=0.0001  pi_loss=-1.6949  reward_loss=0.0181  total_loss=0.0343  value_loss=0.3098
  update 320500/500000: consistency_loss=0.0001  pi_loss=-1.7044  reward_loss=0.0312  total_loss=0.0356  value_loss=0.3090
  update 321000/500000: consistency_loss=0.0001  pi_loss=-1.6956  reward_loss=0.0255  total_loss=0.0351  value_loss=0.3067
  update 321500/500000: consistency_loss=0.0001  pi_loss=-1.6922  reward_loss=0.0164  total_loss=0.0346  value_loss=0.3135
  update 322000/500000: consistency_loss=0.0001  pi_loss=-1.7099  reward_loss=0.0180  total_loss=0.0347  value_loss=0.3115
  update 322500/500000: consistency_loss=0.0001  pi_loss=-1.6903  reward_loss=0.0133  total_loss=0.0334  value_loss=0.3062
  update 323000/500000: consistency_loss=0.0001  pi_loss=-1.7162  reward_loss=0.0194  total_loss=0.0348  value_loss=0.3123
  update 323500/500000: consistency_loss=0.0001  pi_loss=-1.7104  reward_loss=0.0259  total_loss=0.0355  value_loss=0.3130
  update 324000/500000: consistency_loss=0.0001  pi_loss=-1.7326  reward_loss=0.0205  total_loss=0.0334  value_loss=0.2933
  update 324500/500000: consistency_loss=0.0001  pi_loss=-1.7418  reward_loss=0.0250  total_loss=0.0336  value_loss=0.2951
  update 325000/500000: consistency_loss=0.0001  pi_loss=-1.7734  reward_loss=0.0306  total_loss=0.0343  value_loss=0.2976
  update 325500/500000: consistency_loss=0.0001  pi_loss=-1.8175  reward_loss=0.0182  total_loss=0.0343  value_loss=0.3073
  update 326000/500000: consistency_loss=0.0001  pi_loss=-1.7966  reward_loss=0.0200  total_loss=0.0348  value_loss=0.3081
  update 326500/500000: consistency_loss=0.0001  pi_loss=-1.7956  reward_loss=0.0266  total_loss=0.0352  value_loss=0.3079
  update 327000/500000: consistency_loss=0.0001  pi_loss=-1.7693  reward_loss=0.0090  total_loss=0.0338  value_loss=0.3147
  update 327500/500000: consistency_loss=0.0001  pi_loss=-1.7958  reward_loss=0.0264  total_loss=0.0358  value_loss=0.3146
  update 328000/500000: consistency_loss=0.0001  pi_loss=-1.7687  reward_loss=0.0236  total_loss=0.0349  value_loss=0.3104
  update 328500/500000: consistency_loss=0.0001  pi_loss=-1.7647  reward_loss=0.0225  total_loss=0.0353  value_loss=0.3146
  update 329000/500000: consistency_loss=0.0001  pi_loss=-1.7426  reward_loss=0.0232  total_loss=0.0357  value_loss=0.3173
  update 329500/500000: consistency_loss=0.0001  pi_loss=-1.7450  reward_loss=0.0223  total_loss=0.0349  value_loss=0.3084
  update 330000/500000: consistency_loss=0.0001  pi_loss=-1.7449  reward_loss=0.0162  total_loss=0.0343  value_loss=0.3097
  update 330500/500000: consistency_loss=0.0001  pi_loss=-1.7407  reward_loss=0.0151  total_loss=0.0334  value_loss=0.3010
  update 331000/500000: consistency_loss=0.0001  pi_loss=-1.7634  reward_loss=0.0122  total_loss=0.0339  value_loss=0.3109
  update 331500/500000: consistency_loss=0.0001  pi_loss=-1.7729  reward_loss=0.0223  total_loss=0.0349  value_loss=0.3001
  update 332000/500000: consistency_loss=0.0001  pi_loss=-1.7635  reward_loss=0.0169  total_loss=0.0337  value_loss=0.3060
  update 332500/500000: consistency_loss=0.0001  pi_loss=-1.7905  reward_loss=0.0355  total_loss=0.0359  value_loss=0.3074
  update 333000/500000: consistency_loss=0.0001  pi_loss=-1.7956  reward_loss=0.0217  total_loss=0.0354  value_loss=0.3149
  update 333500/500000: consistency_loss=0.0001  pi_loss=-1.7874  reward_loss=0.0196  total_loss=0.0358  value_loss=0.3175
  update 334000/500000: consistency_loss=0.0001  pi_loss=-1.7685  reward_loss=0.0252  total_loss=0.0359  value_loss=0.3174
  update 334500/500000: consistency_loss=0.0001  pi_loss=-1.7895  reward_loss=0.0297  total_loss=0.0348  value_loss=0.3001
  update 335000/500000: consistency_loss=0.0001  pi_loss=-1.7939  reward_loss=0.0274  total_loss=0.0351  value_loss=0.3046
  update 335500/500000: consistency_loss=0.0001  pi_loss=-1.8013  reward_loss=0.0242  total_loss=0.0340  value_loss=0.2985
  update 336000/500000: consistency_loss=0.0001  pi_loss=-1.8047  reward_loss=0.0284  total_loss=0.0348  value_loss=0.3017
  update 336500/500000: consistency_loss=0.0001  pi_loss=-1.7832  reward_loss=0.0186  total_loss=0.0340  value_loss=0.3037
  update 337000/500000: consistency_loss=0.0001  pi_loss=-1.7681  reward_loss=0.0261  total_loss=0.0341  value_loss=0.2983
  update 337500/500000: consistency_loss=0.0001  pi_loss=-1.7238  reward_loss=0.0204  total_loss=0.0346  value_loss=0.3103
  update 338000/500000: consistency_loss=0.0001  pi_loss=-1.6795  reward_loss=0.0239  total_loss=0.0338  value_loss=0.2966
  update 338500/500000: consistency_loss=0.0001  pi_loss=-1.6591  reward_loss=0.0261  total_loss=0.0347  value_loss=0.3006
  update 339000/500000: consistency_loss=0.0001  pi_loss=-1.6628  reward_loss=0.0200  total_loss=0.0337  value_loss=0.3015
  update 339500/500000: consistency_loss=0.0001  pi_loss=-1.6584  reward_loss=0.0264  total_loss=0.0340  value_loss=0.2995
  update 340000/500000: consistency_loss=0.0001  pi_loss=-1.6587  reward_loss=0.0142  total_loss=0.0339  value_loss=0.3058
  update 340500/500000: consistency_loss=0.0001  pi_loss=-1.6944  reward_loss=0.0362  total_loss=0.0345  value_loss=0.2934
  update 341000/500000: consistency_loss=0.0001  pi_loss=-1.7157  reward_loss=0.0257  total_loss=0.0350  value_loss=0.3072
  update 341500/500000: consistency_loss=0.0001  pi_loss=-1.7218  reward_loss=0.0135  total_loss=0.0329  value_loss=0.2994
  update 342000/500000: consistency_loss=0.0001  pi_loss=-1.7191  reward_loss=0.0209  total_loss=0.0341  value_loss=0.3003
  update 342500/500000: consistency_loss=0.0001  pi_loss=-1.6904  reward_loss=0.0226  total_loss=0.0342  value_loss=0.3032
  update 343000/500000: consistency_loss=0.0001  pi_loss=-1.7053  reward_loss=0.0232  total_loss=0.0359  value_loss=0.3165
  update 343500/500000: consistency_loss=0.0001  pi_loss=-1.6865  reward_loss=0.0197  total_loss=0.0350  value_loss=0.3139
  update 344000/500000: consistency_loss=0.0001  pi_loss=-1.6578  reward_loss=0.0149  total_loss=0.0344  value_loss=0.3098
  update 344500/500000: consistency_loss=0.0001  pi_loss=-1.7030  reward_loss=0.0196  total_loss=0.0352  value_loss=0.3125
  update 345000/500000: consistency_loss=0.0001  pi_loss=-1.6966  reward_loss=0.0295  total_loss=0.0338  value_loss=0.2918
  update 345500/500000: consistency_loss=0.0001  pi_loss=-1.7041  reward_loss=0.0194  total_loss=0.0328  value_loss=0.2947
  update 346000/500000: consistency_loss=0.0001  pi_loss=-1.7497  reward_loss=0.0191  total_loss=0.0328  value_loss=0.2941
  update 346500/500000: consistency_loss=0.0001  pi_loss=-1.7405  reward_loss=0.0164  total_loss=0.0311  value_loss=0.2814
  update 347000/500000: consistency_loss=0.0001  pi_loss=-1.7594  reward_loss=0.0270  total_loss=0.0323  value_loss=0.2788
  update 347500/500000: consistency_loss=0.0001  pi_loss=-1.7220  reward_loss=0.0183  total_loss=0.0337  value_loss=0.3028
  update 348000/500000: consistency_loss=0.0001  pi_loss=-1.7227  reward_loss=0.0204  total_loss=0.0341  value_loss=0.3012
  update 348500/500000: consistency_loss=0.0001  pi_loss=-1.6585  reward_loss=0.0151  total_loss=0.0330  value_loss=0.2976
  update 349000/500000: consistency_loss=0.0001  pi_loss=-1.6754  reward_loss=0.0223  total_loss=0.0341  value_loss=0.3011
  update 349500/500000: consistency_loss=0.0001  pi_loss=-1.6676  reward_loss=0.0176  total_loss=0.0334  value_loss=0.2999
  update 350000/500000: consistency_loss=0.0001  pi_loss=-1.7170  reward_loss=0.0220  total_loss=0.0350  value_loss=0.3082
  update 350500/500000: consistency_loss=0.0001  pi_loss=-1.7376  reward_loss=0.0171  total_loss=0.0324  value_loss=0.2915
  update 351000/500000: consistency_loss=0.0001  pi_loss=-1.7835  reward_loss=0.0259  total_loss=0.0347  value_loss=0.3030
  update 351500/500000: consistency_loss=0.0001  pi_loss=-1.8103  reward_loss=0.0098  total_loss=0.0331  value_loss=0.3040
  update 352000/500000: consistency_loss=0.0001  pi_loss=-1.8628  reward_loss=0.0228  total_loss=0.0341  value_loss=0.2983
  update 352500/500000: consistency_loss=0.0001  pi_loss=-1.8949  reward_loss=0.0310  total_loss=0.0333  value_loss=0.2868
  update 353000/500000: consistency_loss=0.0001  pi_loss=-1.8971  reward_loss=0.0201  total_loss=0.0326  value_loss=0.2889
  update 353500/500000: consistency_loss=0.0001  pi_loss=-1.9042  reward_loss=0.0207  total_loss=0.0328  value_loss=0.2921
  update 354000/500000: consistency_loss=0.0001  pi_loss=-1.9089  reward_loss=0.0223  total_loss=0.0331  value_loss=0.2929
  update 354500/500000: consistency_loss=0.0001  pi_loss=-1.9265  reward_loss=0.0259  total_loss=0.0339  value_loss=0.2954
  update 355000/500000: consistency_loss=0.0001  pi_loss=-1.9395  reward_loss=0.0241  total_loss=0.0334  value_loss=0.2902
  update 355500/500000: consistency_loss=0.0001  pi_loss=-1.9395  reward_loss=0.0277  total_loss=0.0334  value_loss=0.2913
  update 356000/500000: consistency_loss=0.0001  pi_loss=-1.9789  reward_loss=0.0237  total_loss=0.0326  value_loss=0.2876
  update 356500/500000: consistency_loss=0.0001  pi_loss=-1.9811  reward_loss=0.0191  total_loss=0.0335  value_loss=0.2997
  update 357000/500000: consistency_loss=0.0001  pi_loss=-1.9817  reward_loss=0.0252  total_loss=0.0328  value_loss=0.2863
  update 357500/500000: consistency_loss=0.0001  pi_loss=-1.9778  reward_loss=0.0200  total_loss=0.0329  value_loss=0.2921
  update 358000/500000: consistency_loss=0.0001  pi_loss=-1.9736  reward_loss=0.0246  total_loss=0.0322  value_loss=0.2836
  update 358500/500000: consistency_loss=0.0001  pi_loss=-1.9700  reward_loss=0.0184  total_loss=0.0330  value_loss=0.2936
  update 359000/500000: consistency_loss=0.0001  pi_loss=-1.9580  reward_loss=0.0183  total_loss=0.0325  value_loss=0.2910
  update 359500/500000: consistency_loss=0.0001  pi_loss=-1.9687  reward_loss=0.0293  total_loss=0.0333  value_loss=0.2845
  update 360000/500000: consistency_loss=0.0001  pi_loss=-1.9452  reward_loss=0.0234  total_loss=0.0340  value_loss=0.3015
  update 360500/500000: consistency_loss=0.0001  pi_loss=-1.9115  reward_loss=0.0171  total_loss=0.0333  value_loss=0.3026
  update 361000/500000: consistency_loss=0.0001  pi_loss=-1.8742  reward_loss=0.0166  total_loss=0.0333  value_loss=0.2982
  update 361500/500000: consistency_loss=0.0001  pi_loss=-1.8773  reward_loss=0.0244  total_loss=0.0340  value_loss=0.2977
  update 362000/500000: consistency_loss=0.0001  pi_loss=-1.8676  reward_loss=0.0112  total_loss=0.0333  value_loss=0.3008
  update 362500/500000: consistency_loss=0.0001  pi_loss=-1.8891  reward_loss=0.0263  total_loss=0.0346  value_loss=0.3028
  update 363000/500000: consistency_loss=0.0001  pi_loss=-1.8867  reward_loss=0.0178  total_loss=0.0330  value_loss=0.2953
  update 363500/500000: consistency_loss=0.0001  pi_loss=-1.9018  reward_loss=0.0182  total_loss=0.0327  value_loss=0.2906
  update 364000/500000: consistency_loss=0.0001  pi_loss=-1.9334  reward_loss=0.0340  total_loss=0.0351  value_loss=0.3010
  update 364500/500000: consistency_loss=0.0001  pi_loss=-1.9366  reward_loss=0.0182  total_loss=0.0343  value_loss=0.3069
  update 365000/500000: consistency_loss=0.0001  pi_loss=-1.9392  reward_loss=0.0309  total_loss=0.0343  value_loss=0.2958
  update 365500/500000: consistency_loss=0.0001  pi_loss=-1.9504  reward_loss=0.0264  total_loss=0.0338  value_loss=0.2986
  update 366000/500000: consistency_loss=0.0001  pi_loss=-1.9530  reward_loss=0.0284  total_loss=0.0342  value_loss=0.2971
  update 366500/500000: consistency_loss=0.0001  pi_loss=-1.9452  reward_loss=0.0178  total_loss=0.0315  value_loss=0.2824
  update 367000/500000: consistency_loss=0.0001  pi_loss=-1.9520  reward_loss=0.0257  total_loss=0.0328  value_loss=0.2860
  update 367500/500000: consistency_loss=0.0001  pi_loss=-1.9583  reward_loss=0.0196  total_loss=0.0322  value_loss=0.2866
  update 368000/500000: consistency_loss=0.0001  pi_loss=-1.9168  reward_loss=0.0304  total_loss=0.0332  value_loss=0.2879
  update 368500/500000: consistency_loss=0.0001  pi_loss=-1.9116  reward_loss=0.0286  total_loss=0.0331  value_loss=0.2869
  update 369000/500000: consistency_loss=0.0001  pi_loss=-1.8934  reward_loss=0.0202  total_loss=0.0334  value_loss=0.2981
  update 369500/500000: consistency_loss=0.0001  pi_loss=-1.8740  reward_loss=0.0259  total_loss=0.0335  value_loss=0.2921
  update 370000/500000: consistency_loss=0.0001  pi_loss=-1.8812  reward_loss=0.0133  total_loss=0.0320  value_loss=0.2897
  update 370500/500000: consistency_loss=0.0001  pi_loss=-1.8567  reward_loss=0.0110  total_loss=0.0321  value_loss=0.2918
  update 371000/500000: consistency_loss=0.0001  pi_loss=-1.8555  reward_loss=0.0198  total_loss=0.0324  value_loss=0.2873
  update 371500/500000: consistency_loss=0.0001  pi_loss=-1.8797  reward_loss=0.0299  total_loss=0.0324  value_loss=0.2789
  update 372000/500000: consistency_loss=0.0001  pi_loss=-1.8518  reward_loss=0.0220  total_loss=0.0332  value_loss=0.2958
  update 372500/500000: consistency_loss=0.0001  pi_loss=-1.8952  reward_loss=0.0202  total_loss=0.0321  value_loss=0.2838
  update 373000/500000: consistency_loss=0.0001  pi_loss=-1.9117  reward_loss=0.0149  total_loss=0.0319  value_loss=0.2869
  update 373500/500000: consistency_loss=0.0001  pi_loss=-1.9543  reward_loss=0.0132  total_loss=0.0308  value_loss=0.2777
  update 374000/500000: consistency_loss=0.0001  pi_loss=-1.9851  reward_loss=0.0192  total_loss=0.0329  value_loss=0.2909
  update 374500/500000: consistency_loss=0.0001  pi_loss=-1.9823  reward_loss=0.0198  total_loss=0.0329  value_loss=0.2924
  update 375000/500000: consistency_loss=0.0001  pi_loss=-1.9673  reward_loss=0.0194  total_loss=0.0323  value_loss=0.2884
  update 375500/500000: consistency_loss=0.0001  pi_loss=-1.9651  reward_loss=0.0232  total_loss=0.0347  value_loss=0.3053
  update 376000/500000: consistency_loss=0.0001  pi_loss=-1.9413  reward_loss=0.0212  total_loss=0.0339  value_loss=0.3023
  update 376500/500000: consistency_loss=0.0001  pi_loss=-1.8991  reward_loss=0.0236  total_loss=0.0318  value_loss=0.2802
  update 377000/500000: consistency_loss=0.0001  pi_loss=-1.9263  reward_loss=0.0267  total_loss=0.0331  value_loss=0.2884
  update 377500/500000: consistency_loss=0.0001  pi_loss=-1.9247  reward_loss=0.0178  total_loss=0.0329  value_loss=0.2947
  update 378000/500000: consistency_loss=0.0001  pi_loss=-1.9490  reward_loss=0.0209  total_loss=0.0340  value_loss=0.2937
  update 378500/500000: consistency_loss=0.0001  pi_loss=-1.9821  reward_loss=0.0322  total_loss=0.0325  value_loss=0.2771
  update 379000/500000: consistency_loss=0.0001  pi_loss=-1.9786  reward_loss=0.0335  total_loss=0.0334  value_loss=0.2841
  update 379500/500000: consistency_loss=0.0001  pi_loss=-1.9392  reward_loss=0.0120  total_loss=0.0314  value_loss=0.2852
  update 380000/500000: consistency_loss=0.0001  pi_loss=-1.8971  reward_loss=0.0284  total_loss=0.0330  value_loss=0.2851
  update 380500/500000: consistency_loss=0.0001  pi_loss=-1.8577  reward_loss=0.0153  total_loss=0.0316  value_loss=0.2851
  update 381000/500000: consistency_loss=0.0001  pi_loss=-1.8366  reward_loss=0.0158  total_loss=0.0330  value_loss=0.2974
  update 381500/500000: consistency_loss=0.0001  pi_loss=-1.8347  reward_loss=0.0140  total_loss=0.0333  value_loss=0.2986
  update 382000/500000: consistency_loss=0.0001  pi_loss=-1.8191  reward_loss=0.0232  total_loss=0.0326  value_loss=0.2867
  update 382500/500000: consistency_loss=0.0001  pi_loss=-1.8104  reward_loss=0.0124  total_loss=0.0322  value_loss=0.2941
  update 383000/500000: consistency_loss=0.0001  pi_loss=-1.8341  reward_loss=0.0281  total_loss=0.0343  value_loss=0.2983
  update 383500/500000: consistency_loss=0.0001  pi_loss=-1.7837  reward_loss=0.0180  total_loss=0.0323  value_loss=0.2904
  update 384000/500000: consistency_loss=0.0001  pi_loss=-1.7793  reward_loss=0.0324  total_loss=0.0343  value_loss=0.2948
  update 384500/500000: consistency_loss=0.0001  pi_loss=-1.7569  reward_loss=0.0295  total_loss=0.0331  value_loss=0.2858
  update 385000/500000: consistency_loss=0.0001  pi_loss=-1.7761  reward_loss=0.0135  total_loss=0.0331  value_loss=0.3020
  update 385500/500000: consistency_loss=0.0001  pi_loss=-1.7722  reward_loss=0.0270  total_loss=0.0331  value_loss=0.2882
  update 386000/500000: consistency_loss=0.0001  pi_loss=-1.8327  reward_loss=0.0171  total_loss=0.0335  value_loss=0.2996
  update 386500/500000: consistency_loss=0.0001  pi_loss=-1.8229  reward_loss=0.0268  total_loss=0.0334  value_loss=0.2921
  update 387000/500000: consistency_loss=0.0001  pi_loss=-1.8423  reward_loss=0.0200  total_loss=0.0319  value_loss=0.2825
  update 387500/500000: consistency_loss=0.0001  pi_loss=-1.8225  reward_loss=0.0108  total_loss=0.0312  value_loss=0.2838
  update 388000/500000: consistency_loss=0.0001  pi_loss=-1.8120  reward_loss=0.0169  total_loss=0.0306  value_loss=0.2720
  update 388500/500000: consistency_loss=0.0001  pi_loss=-1.8077  reward_loss=0.0218  total_loss=0.0307  value_loss=0.2681
  update 389000/500000: consistency_loss=0.0001  pi_loss=-1.7870  reward_loss=0.0138  total_loss=0.0322  value_loss=0.2882
  update 389500/500000: consistency_loss=0.0001  pi_loss=-1.8005  reward_loss=0.0293  total_loss=0.0346  value_loss=0.3001
  update 390000/500000: consistency_loss=0.0001  pi_loss=-1.7742  reward_loss=0.0149  total_loss=0.0333  value_loss=0.3005
  update 390500/500000: consistency_loss=0.0001  pi_loss=-1.7691  reward_loss=0.0229  total_loss=0.0334  value_loss=0.2975
  update 391000/500000: consistency_loss=0.0001  pi_loss=-1.7518  reward_loss=0.0147  total_loss=0.0328  value_loss=0.2960
  update 391500/500000: consistency_loss=0.0001  pi_loss=-1.7545  reward_loss=0.0216  total_loss=0.0325  value_loss=0.2875
  update 392000/500000: consistency_loss=0.0001  pi_loss=-1.7679  reward_loss=0.0205  total_loss=0.0333  value_loss=0.2939
  update 392500/500000: consistency_loss=0.0001  pi_loss=-1.7777  reward_loss=0.0317  total_loss=0.0327  value_loss=0.2782
  update 393000/500000: consistency_loss=0.0001  pi_loss=-1.7744  reward_loss=0.0250  total_loss=0.0341  value_loss=0.2990
  update 393500/500000: consistency_loss=0.0001  pi_loss=-1.7482  reward_loss=0.0198  total_loss=0.0323  value_loss=0.2877
  update 394000/500000: consistency_loss=0.0001  pi_loss=-1.7062  reward_loss=0.0216  total_loss=0.0308  value_loss=0.2720
  update 394500/500000: consistency_loss=0.0001  pi_loss=-1.6889  reward_loss=0.0234  total_loss=0.0325  value_loss=0.2775
  update 395000/500000: consistency_loss=0.0001  pi_loss=-1.6850  reward_loss=0.0149  total_loss=0.0324  value_loss=0.2925
  update 395500/500000: consistency_loss=0.0001  pi_loss=-1.6643  reward_loss=0.0204  total_loss=0.0330  value_loss=0.2939
  update 396000/500000: consistency_loss=0.0001  pi_loss=-1.6895  reward_loss=0.0113  total_loss=0.0317  value_loss=0.2919
  update 396500/500000: consistency_loss=0.0001  pi_loss=-1.7141  reward_loss=0.0275  total_loss=0.0339  value_loss=0.2950
  update 397000/500000: consistency_loss=0.0001  pi_loss=-1.6904  reward_loss=0.0157  total_loss=0.0319  value_loss=0.2877
  update 397500/500000: consistency_loss=0.0001  pi_loss=-1.6937  reward_loss=0.0259  total_loss=0.0325  value_loss=0.2848
  update 398000/500000: consistency_loss=0.0001  pi_loss=-1.6794  reward_loss=0.0234  total_loss=0.0321  value_loss=0.2814
  update 398500/500000: consistency_loss=0.0001  pi_loss=-1.6838  reward_loss=0.0218  total_loss=0.0325  value_loss=0.2885
  update 399000/500000: consistency_loss=0.0001  pi_loss=-1.6363  reward_loss=0.0077  total_loss=0.0313  value_loss=0.2883
  update 399500/500000: consistency_loss=0.0001  pi_loss=-1.6369  reward_loss=0.0314  total_loss=0.0338  value_loss=0.2909
  update 400000/500000: consistency_loss=0.0001  pi_loss=-1.6041  reward_loss=0.0277  total_loss=0.0342  value_loss=0.2970
Saved checkpoint at update 400000
  update 400500/500000: consistency_loss=0.0001  pi_loss=-1.5918  reward_loss=0.0203  total_loss=0.0331  value_loss=0.2953
  update 401000/500000: consistency_loss=0.0001  pi_loss=-1.5775  reward_loss=0.0178  total_loss=0.0334  value_loss=0.3001
  update 401500/500000: consistency_loss=0.0001  pi_loss=-1.5540  reward_loss=0.0223  total_loss=0.0319  value_loss=0.2833
  update 402000/500000: consistency_loss=0.0001  pi_loss=-1.5303  reward_loss=0.0239  total_loss=0.0312  value_loss=0.2732
  update 402500/500000: consistency_loss=0.0001  pi_loss=-1.4706  reward_loss=0.0144  total_loss=0.0301  value_loss=0.2727
  update 403000/500000: consistency_loss=0.0001  pi_loss=-1.4723  reward_loss=0.0227  total_loss=0.0322  value_loss=0.2826
  update 403500/500000: consistency_loss=0.0001  pi_loss=-1.4865  reward_loss=0.0156  total_loss=0.0314  value_loss=0.2837
  update 404000/500000: consistency_loss=0.0001  pi_loss=-1.4766  reward_loss=0.0169  total_loss=0.0335  value_loss=0.2994
  update 404500/500000: consistency_loss=0.0001  pi_loss=-1.4482  reward_loss=0.0148  total_loss=0.0319  value_loss=0.2890
  update 405000/500000: consistency_loss=0.0001  pi_loss=-1.4405  reward_loss=0.0167  total_loss=0.0339  value_loss=0.3038
  update 405500/500000: consistency_loss=0.0001  pi_loss=-1.4451  reward_loss=0.0137  total_loss=0.0326  value_loss=0.2971
  update 406000/500000: consistency_loss=0.0001  pi_loss=-1.4348  reward_loss=0.0229  total_loss=0.0345  value_loss=0.3052
  update 406500/500000: consistency_loss=0.0001  pi_loss=-1.4636  reward_loss=0.0252  total_loss=0.0336  value_loss=0.2958
  update 407000/500000: consistency_loss=0.0001  pi_loss=-1.4691  reward_loss=0.0259  total_loss=0.0340  value_loss=0.2960
  update 407500/500000: consistency_loss=0.0001  pi_loss=-1.5357  reward_loss=0.0284  total_loss=0.0322  value_loss=0.2768
  update 408000/500000: consistency_loss=0.0001  pi_loss=-1.6232  reward_loss=0.0184  total_loss=0.0326  value_loss=0.2918
  update 408500/500000: consistency_loss=0.0001  pi_loss=-1.6831  reward_loss=0.0291  total_loss=0.0343  value_loss=0.2962
  update 409000/500000: consistency_loss=0.0001  pi_loss=-1.6660  reward_loss=0.0314  total_loss=0.0342  value_loss=0.2943
  update 409500/500000: consistency_loss=0.0001  pi_loss=-1.7048  reward_loss=0.0237  total_loss=0.0336  value_loss=0.2964
  update 410000/500000: consistency_loss=0.0001  pi_loss=-1.7009  reward_loss=0.0176  total_loss=0.0337  value_loss=0.3029
  update 410500/500000: consistency_loss=0.0001  pi_loss=-1.7038  reward_loss=0.0246  total_loss=0.0339  value_loss=0.2983
  update 411000/500000: consistency_loss=0.0001  pi_loss=-1.6788  reward_loss=0.0189  total_loss=0.0345  value_loss=0.3115
  update 411500/500000: consistency_loss=0.0001  pi_loss=-1.6989  reward_loss=0.0240  total_loss=0.0340  value_loss=0.2966
  update 412000/500000: consistency_loss=0.0001  pi_loss=-1.7266  reward_loss=0.0275  total_loss=0.0339  value_loss=0.2959
  update 412500/500000: consistency_loss=0.0001  pi_loss=-1.7506  reward_loss=0.0205  total_loss=0.0332  value_loss=0.2959
  update 413000/500000: consistency_loss=0.0001  pi_loss=-1.7807  reward_loss=0.0302  total_loss=0.0337  value_loss=0.2834
  update 413500/500000: consistency_loss=0.0001  pi_loss=-1.8402  reward_loss=0.0148  total_loss=0.0319  value_loss=0.2874
  update 414000/500000: consistency_loss=0.0001  pi_loss=-1.8534  reward_loss=0.0247  total_loss=0.0332  value_loss=0.2930
  update 414500/500000: consistency_loss=0.0001  pi_loss=-1.8774  reward_loss=0.0194  total_loss=0.0305  value_loss=0.2710
  update 415000/500000: consistency_loss=0.0001  pi_loss=-1.9132  reward_loss=0.0160  total_loss=0.0312  value_loss=0.2799
  update 415500/500000: consistency_loss=0.0001  pi_loss=-1.9354  reward_loss=0.0297  total_loss=0.0328  value_loss=0.2798
  update 416000/500000: consistency_loss=0.0001  pi_loss=-1.9311  reward_loss=0.0214  total_loss=0.0312  value_loss=0.2743
  update 416500/500000: consistency_loss=0.0001  pi_loss=-1.9693  reward_loss=0.0214  total_loss=0.0329  value_loss=0.2915
  update 417000/500000: consistency_loss=0.0001  pi_loss=-1.9610  reward_loss=0.0275  total_loss=0.0324  value_loss=0.2796
  update 417500/500000: consistency_loss=0.0001  pi_loss=-1.9560  reward_loss=0.0198  total_loss=0.0324  value_loss=0.2906
  update 418000/500000: consistency_loss=0.0001  pi_loss=-1.9554  reward_loss=0.0310  total_loss=0.0339  value_loss=0.2895
  update 418500/500000: consistency_loss=0.0001  pi_loss=-1.9330  reward_loss=0.0340  total_loss=0.0341  value_loss=0.2915
  update 419000/500000: consistency_loss=0.0001  pi_loss=-1.9385  reward_loss=0.0245  total_loss=0.0325  value_loss=0.2854
  update 419500/500000: consistency_loss=0.0001  pi_loss=-1.9123  reward_loss=0.0139  total_loss=0.0330  value_loss=0.2995
  update 420000/500000: consistency_loss=0.0001  pi_loss=-1.9359  reward_loss=0.0247  total_loss=0.0334  value_loss=0.2915
  update 420500/500000: consistency_loss=0.0001  pi_loss=-1.9269  reward_loss=0.0314  total_loss=0.0331  value_loss=0.2827
  update 421000/500000: consistency_loss=0.0001  pi_loss=-1.9016  reward_loss=0.0245  total_loss=0.0327  value_loss=0.2838
  update 421500/500000: consistency_loss=0.0001  pi_loss=-1.8787  reward_loss=0.0164  total_loss=0.0329  value_loss=0.2964
  update 422000/500000: consistency_loss=0.0001  pi_loss=-1.8661  reward_loss=0.0214  total_loss=0.0336  value_loss=0.2954
  update 422500/500000: consistency_loss=0.0001  pi_loss=-1.8810  reward_loss=0.0302  total_loss=0.0346  value_loss=0.3008
  update 423000/500000: consistency_loss=0.0001  pi_loss=-1.8453  reward_loss=0.0176  total_loss=0.0318  value_loss=0.2844
  update 423500/500000: consistency_loss=0.0001  pi_loss=-1.8590  reward_loss=0.0252  total_loss=0.0317  value_loss=0.2766
  update 424000/500000: consistency_loss=0.0001  pi_loss=-1.8522  reward_loss=0.0300  total_loss=0.0334  value_loss=0.2897
  update 424500/500000: consistency_loss=0.0001  pi_loss=-1.8052  reward_loss=0.0254  total_loss=0.0313  value_loss=0.2726
  update 425000/500000: consistency_loss=0.0001  pi_loss=-1.8055  reward_loss=0.0180  total_loss=0.0317  value_loss=0.2833
  update 425500/500000: consistency_loss=0.0001  pi_loss=-1.7808  reward_loss=0.0144  total_loss=0.0316  value_loss=0.2815
  update 426000/500000: consistency_loss=0.0001  pi_loss=-1.7702  reward_loss=0.0081  total_loss=0.0302  value_loss=0.2791
  update 426500/500000: consistency_loss=0.0001  pi_loss=-1.7569  reward_loss=0.0254  total_loss=0.0326  value_loss=0.2849
  update 427000/500000: consistency_loss=0.0001  pi_loss=-1.7584  reward_loss=0.0183  total_loss=0.0321  value_loss=0.2824
  update 427500/500000: consistency_loss=0.0001  pi_loss=-1.7382  reward_loss=0.0164  total_loss=0.0307  value_loss=0.2762
  update 428000/500000: consistency_loss=0.0001  pi_loss=-1.7434  reward_loss=0.0328  total_loss=0.0340  value_loss=0.2900
  update 428500/500000: consistency_loss=0.0001  pi_loss=-1.7215  reward_loss=0.0269  total_loss=0.0335  value_loss=0.2862
  update 429000/500000: consistency_loss=0.0001  pi_loss=-1.7149  reward_loss=0.0137  total_loss=0.0316  value_loss=0.2860
  update 429500/500000: consistency_loss=0.0001  pi_loss=-1.7024  reward_loss=0.0192  total_loss=0.0322  value_loss=0.2868
  update 430000/500000: consistency_loss=0.0001  pi_loss=-1.6841  reward_loss=0.0296  total_loss=0.0325  value_loss=0.2790
  update 430500/500000: consistency_loss=0.0001  pi_loss=-1.6824  reward_loss=0.0219  total_loss=0.0321  value_loss=0.2843
  update 431000/500000: consistency_loss=0.0001  pi_loss=-1.6667  reward_loss=0.0279  total_loss=0.0333  value_loss=0.2891
  update 431500/500000: consistency_loss=0.0001  pi_loss=-1.6544  reward_loss=0.0290  total_loss=0.0331  value_loss=0.2863
  update 432000/500000: consistency_loss=0.0001  pi_loss=-1.6492  reward_loss=0.0266  total_loss=0.0343  value_loss=0.2982
  update 432500/500000: consistency_loss=0.0001  pi_loss=-1.6357  reward_loss=0.0263  total_loss=0.0329  value_loss=0.2859
  update 433000/500000: consistency_loss=0.0001  pi_loss=-1.6462  reward_loss=0.0221  total_loss=0.0334  value_loss=0.2966
  update 433500/500000: consistency_loss=0.0001  pi_loss=-1.6712  reward_loss=0.0232  total_loss=0.0342  value_loss=0.3023
  update 434000/500000: consistency_loss=0.0001  pi_loss=-1.7198  reward_loss=0.0234  total_loss=0.0327  value_loss=0.2862
  update 434500/500000: consistency_loss=0.0001  pi_loss=-1.7399  reward_loss=0.0254  total_loss=0.0319  value_loss=0.2783
  update 435000/500000: consistency_loss=0.0001  pi_loss=-1.7827  reward_loss=0.0262  total_loss=0.0333  value_loss=0.2869
  update 435500/500000: consistency_loss=0.0001  pi_loss=-1.7906  reward_loss=0.0295  total_loss=0.0320  value_loss=0.2750
  update 436000/500000: consistency_loss=0.0001  pi_loss=-1.7884  reward_loss=0.0194  total_loss=0.0311  value_loss=0.2753
  update 436500/500000: consistency_loss=0.0001  pi_loss=-1.7758  reward_loss=0.0160  total_loss=0.0307  value_loss=0.2760
  update 437000/500000: consistency_loss=0.0001  pi_loss=-1.7499  reward_loss=0.0209  total_loss=0.0330  value_loss=0.2928
  update 437500/500000: consistency_loss=0.0001  pi_loss=-1.7302  reward_loss=0.0180  total_loss=0.0330  value_loss=0.2957
  update 438000/500000: consistency_loss=0.0001  pi_loss=-1.7211  reward_loss=0.0246  total_loss=0.0327  value_loss=0.2851
  update 438500/500000: consistency_loss=0.0001  pi_loss=-1.7110  reward_loss=0.0218  total_loss=0.0321  value_loss=0.2813
  update 439000/500000: consistency_loss=0.0001  pi_loss=-1.7050  reward_loss=0.0144  total_loss=0.0299  value_loss=0.2710
  update 439500/500000: consistency_loss=0.0001  pi_loss=-1.7026  reward_loss=0.0273  total_loss=0.0343  value_loss=0.3005
  update 440000/500000: consistency_loss=0.0001  pi_loss=-1.7197  reward_loss=0.0243  total_loss=0.0329  value_loss=0.2914
  update 440500/500000: consistency_loss=0.0001  pi_loss=-1.7045  reward_loss=0.0272  total_loss=0.0333  value_loss=0.2910
  update 441000/500000: consistency_loss=0.0001  pi_loss=-1.7282  reward_loss=0.0242  total_loss=0.0311  value_loss=0.2701
  update 441500/500000: consistency_loss=0.0001  pi_loss=-1.7339  reward_loss=0.0158  total_loss=0.0318  value_loss=0.2884
  update 442000/500000: consistency_loss=0.0001  pi_loss=-1.7385  reward_loss=0.0142  total_loss=0.0315  value_loss=0.2844
  update 442500/500000: consistency_loss=0.0001  pi_loss=-1.7871  reward_loss=0.0161  total_loss=0.0312  value_loss=0.2808
  update 443000/500000: consistency_loss=0.0001  pi_loss=-1.8022  reward_loss=0.0189  total_loss=0.0306  value_loss=0.2714
  update 443500/500000: consistency_loss=0.0001  pi_loss=-1.8426  reward_loss=0.0188  total_loss=0.0303  value_loss=0.2680
  update 444000/500000: consistency_loss=0.0001  pi_loss=-1.8605  reward_loss=0.0263  total_loss=0.0302  value_loss=0.2611
  update 444500/500000: consistency_loss=0.0001  pi_loss=-1.8380  reward_loss=0.0232  total_loss=0.0323  value_loss=0.2842
  update 445000/500000: consistency_loss=0.0001  pi_loss=-1.8441  reward_loss=0.0236  total_loss=0.0321  value_loss=0.2808
  update 445500/500000: consistency_loss=0.0001  pi_loss=-1.8213  reward_loss=0.0227  total_loss=0.0325  value_loss=0.2850
  update 446000/500000: consistency_loss=0.0001  pi_loss=-1.8445  reward_loss=0.0117  total_loss=0.0312  value_loss=0.2830
  update 446500/500000: consistency_loss=0.0001  pi_loss=-1.8371  reward_loss=0.0199  total_loss=0.0310  value_loss=0.2749
  update 447000/500000: consistency_loss=0.0001  pi_loss=-1.8494  reward_loss=0.0203  total_loss=0.0309  value_loss=0.2753
  update 447500/500000: consistency_loss=0.0001  pi_loss=-1.8854  reward_loss=0.0270  total_loss=0.0308  value_loss=0.2669
  update 448000/500000: consistency_loss=0.0001  pi_loss=-1.9006  reward_loss=0.0139  total_loss=0.0303  value_loss=0.2746
  update 448500/500000: consistency_loss=0.0001  pi_loss=-1.8818  reward_loss=0.0193  total_loss=0.0287  value_loss=0.2533
  update 449000/500000: consistency_loss=0.0001  pi_loss=-1.8959  reward_loss=0.0099  total_loss=0.0297  value_loss=0.2732
  update 449500/500000: consistency_loss=0.0001  pi_loss=-1.9001  reward_loss=0.0277  total_loss=0.0322  value_loss=0.2792
  update 450000/500000: consistency_loss=0.0001  pi_loss=-1.8923  reward_loss=0.0196  total_loss=0.0317  value_loss=0.2831
  update 450500/500000: consistency_loss=0.0001  pi_loss=-1.9171  reward_loss=0.0128  total_loss=0.0299  value_loss=0.2728
  update 451000/500000: consistency_loss=0.0001  pi_loss=-1.9265  reward_loss=0.0299  total_loss=0.0325  value_loss=0.2738
  update 451500/500000: consistency_loss=0.0001  pi_loss=-1.9488  reward_loss=0.0155  total_loss=0.0311  value_loss=0.2800
  update 452000/500000: consistency_loss=0.0001  pi_loss=-1.9477  reward_loss=0.0238  total_loss=0.0314  value_loss=0.2750
  update 452500/500000: consistency_loss=0.0001  pi_loss=-1.9690  reward_loss=0.0321  total_loss=0.0326  value_loss=0.2760
  update 453000/500000: consistency_loss=0.0001  pi_loss=-1.9608  reward_loss=0.0234  total_loss=0.0306  value_loss=0.2681
  update 453500/500000: consistency_loss=0.0001  pi_loss=-1.9390  reward_loss=0.0126  total_loss=0.0315  value_loss=0.2889
  update 454000/500000: consistency_loss=0.0001  pi_loss=-1.9615  reward_loss=0.0381  total_loss=0.0339  value_loss=0.2837
  update 454500/500000: consistency_loss=0.0001  pi_loss=-1.9257  reward_loss=0.0343  total_loss=0.0332  value_loss=0.2822
  update 455000/500000: consistency_loss=0.0001  pi_loss=-1.8741  reward_loss=0.0266  total_loss=0.0330  value_loss=0.2907
  update 455500/500000: consistency_loss=0.0001  pi_loss=-1.8539  reward_loss=0.0236  total_loss=0.0321  value_loss=0.2829
  update 456000/500000: consistency_loss=0.0001  pi_loss=-1.8372  reward_loss=0.0281  total_loss=0.0304  value_loss=0.2597
  update 456500/500000: consistency_loss=0.0001  pi_loss=-1.8157  reward_loss=0.0165  total_loss=0.0312  value_loss=0.2815
  update 457000/500000: consistency_loss=0.0001  pi_loss=-1.8087  reward_loss=0.0192  total_loss=0.0311  value_loss=0.2763
  update 457500/500000: consistency_loss=0.0001  pi_loss=-1.7957  reward_loss=0.0232  total_loss=0.0320  value_loss=0.2803
  update 458000/500000: consistency_loss=0.0001  pi_loss=-1.8011  reward_loss=0.0261  total_loss=0.0327  value_loss=0.2834
  update 458500/500000: consistency_loss=0.0001  pi_loss=-1.7810  reward_loss=0.0276  total_loss=0.0321  value_loss=0.2735
  update 459000/500000: consistency_loss=0.0001  pi_loss=-1.7531  reward_loss=0.0224  total_loss=0.0318  value_loss=0.2788
  update 459500/500000: consistency_loss=0.0001  pi_loss=-1.7514  reward_loss=0.0252  total_loss=0.0326  value_loss=0.2855
  update 460000/500000: consistency_loss=0.0001  pi_loss=-1.6891  reward_loss=0.0219  total_loss=0.0323  value_loss=0.2857
  update 460500/500000: consistency_loss=0.0001  pi_loss=-1.6651  reward_loss=0.0156  total_loss=0.0313  value_loss=0.2826
  update 461000/500000: consistency_loss=0.0001  pi_loss=-1.6254  reward_loss=0.0243  total_loss=0.0307  value_loss=0.2688
  update 461500/500000: consistency_loss=0.0001  pi_loss=-1.6502  reward_loss=0.0214  total_loss=0.0327  value_loss=0.2908
  update 462000/500000: consistency_loss=0.0001  pi_loss=-1.6330  reward_loss=0.0271  total_loss=0.0323  value_loss=0.2753
  update 462500/500000: consistency_loss=0.0001  pi_loss=-1.6035  reward_loss=0.0194  total_loss=0.0304  value_loss=0.2713
  update 463000/500000: consistency_loss=0.0001  pi_loss=-1.5853  reward_loss=0.0167  total_loss=0.0307  value_loss=0.2754
  update 463500/500000: consistency_loss=0.0001  pi_loss=-1.5751  reward_loss=0.0234  total_loss=0.0309  value_loss=0.2701
  update 464000/500000: consistency_loss=0.0001  pi_loss=-1.5602  reward_loss=0.0229  total_loss=0.0325  value_loss=0.2868
  update 464500/500000: consistency_loss=0.0001  pi_loss=-1.5599  reward_loss=0.0169  total_loss=0.0323  value_loss=0.2907
  update 465000/500000: consistency_loss=0.0001  pi_loss=-1.5834  reward_loss=0.0198  total_loss=0.0299  value_loss=0.2636
  update 465500/500000: consistency_loss=0.0001  pi_loss=-1.5468  reward_loss=0.0196  total_loss=0.0312  value_loss=0.2775
  update 466000/500000: consistency_loss=0.0001  pi_loss=-1.5391  reward_loss=0.0200  total_loss=0.0318  value_loss=0.2820
  update 466500/500000: consistency_loss=0.0001  pi_loss=-1.5161  reward_loss=0.0171  total_loss=0.0312  value_loss=0.2812
  update 467000/500000: consistency_loss=0.0001  pi_loss=-1.5091  reward_loss=0.0140  total_loss=0.0308  value_loss=0.2800
  update 467500/500000: consistency_loss=0.0001  pi_loss=-1.5152  reward_loss=0.0135  total_loss=0.0327  value_loss=0.2987
  update 468000/500000: consistency_loss=0.0001  pi_loss=-1.5051  reward_loss=0.0223  total_loss=0.0325  value_loss=0.2881
  update 468500/500000: consistency_loss=0.0001  pi_loss=-1.5108  reward_loss=0.0294  total_loss=0.0330  value_loss=0.2844
  update 469000/500000: consistency_loss=0.0001  pi_loss=-1.5399  reward_loss=0.0185  total_loss=0.0318  value_loss=0.2832
  update 469500/500000: consistency_loss=0.0001  pi_loss=-1.5504  reward_loss=0.0216  total_loss=0.0312  value_loss=0.2758
  update 470000/500000: consistency_loss=0.0001  pi_loss=-1.5835  reward_loss=0.0340  total_loss=0.0333  value_loss=0.2838
  update 470500/500000: consistency_loss=0.0001  pi_loss=-1.5508  reward_loss=0.0153  total_loss=0.0313  value_loss=0.2822
  update 471000/500000: consistency_loss=0.0001  pi_loss=-1.5676  reward_loss=0.0070  total_loss=0.0296  value_loss=0.2762
  update 471500/500000: consistency_loss=0.0001  pi_loss=-1.5619  reward_loss=0.0180  total_loss=0.0315  value_loss=0.2819
  update 472000/500000: consistency_loss=0.0001  pi_loss=-1.5564  reward_loss=0.0355  total_loss=0.0327  value_loss=0.2694
  update 472500/500000: consistency_loss=0.0001  pi_loss=-1.5972  reward_loss=0.0290  total_loss=0.0337  value_loss=0.2939
  update 473000/500000: consistency_loss=0.0001  pi_loss=-1.5945  reward_loss=0.0281  total_loss=0.0334  value_loss=0.2888
  update 473500/500000: consistency_loss=0.0001  pi_loss=-1.6057  reward_loss=0.0115  total_loss=0.0324  value_loss=0.2947
  update 474000/500000: consistency_loss=0.0001  pi_loss=-1.6212  reward_loss=0.0133  total_loss=0.0308  value_loss=0.2791
  update 474500/500000: consistency_loss=0.0001  pi_loss=-1.6211  reward_loss=0.0227  total_loss=0.0322  value_loss=0.2858
  update 475000/500000: consistency_loss=0.0001  pi_loss=-1.6027  reward_loss=0.0122  total_loss=0.0313  value_loss=0.2852
  update 475500/500000: consistency_loss=0.0001  pi_loss=-1.6211  reward_loss=0.0278  total_loss=0.0322  value_loss=0.2801
  update 476000/500000: consistency_loss=0.0001  pi_loss=-1.6362  reward_loss=0.0362  total_loss=0.0332  value_loss=0.2774
  update 476500/500000: consistency_loss=0.0001  pi_loss=-1.6189  reward_loss=0.0227  total_loss=0.0320  value_loss=0.2808
  update 477000/500000: consistency_loss=0.0001  pi_loss=-1.6579  reward_loss=0.0295  total_loss=0.0307  value_loss=0.2638
  update 477500/500000: consistency_loss=0.0001  pi_loss=-1.6510  reward_loss=0.0231  total_loss=0.0318  value_loss=0.2793
  update 478000/500000: consistency_loss=0.0001  pi_loss=-1.6196  reward_loss=0.0184  total_loss=0.0315  value_loss=0.2807
  update 478500/500000: consistency_loss=0.0001  pi_loss=-1.6292  reward_loss=0.0262  total_loss=0.0321  value_loss=0.2797
  update 479000/500000: consistency_loss=0.0001  pi_loss=-1.6396  reward_loss=0.0281  total_loss=0.0323  value_loss=0.2770
  update 479500/500000: consistency_loss=0.0001  pi_loss=-1.6199  reward_loss=0.0254  total_loss=0.0320  value_loss=0.2779
  update 480000/500000: consistency_loss=0.0001  pi_loss=-1.6126  reward_loss=0.0212  total_loss=0.0314  value_loss=0.2766
  update 480500/500000: consistency_loss=0.0001  pi_loss=-1.6112  reward_loss=0.0293  total_loss=0.0319  value_loss=0.2723
  update 481000/500000: consistency_loss=0.0001  pi_loss=-1.5970  reward_loss=0.0130  total_loss=0.0320  value_loss=0.2909
  update 481500/500000: consistency_loss=0.0001  pi_loss=-1.6017  reward_loss=0.0189  total_loss=0.0311  value_loss=0.2766
  update 482000/500000: consistency_loss=0.0001  pi_loss=-1.6426  reward_loss=0.0304  total_loss=0.0330  value_loss=0.2859
  update 482500/500000: consistency_loss=0.0001  pi_loss=-1.6761  reward_loss=0.0133  total_loss=0.0305  value_loss=0.2753
  update 483000/500000: consistency_loss=0.0001  pi_loss=-1.6924  reward_loss=0.0296  total_loss=0.0336  value_loss=0.2889
  update 483500/500000: consistency_loss=0.0001  pi_loss=-1.7027  reward_loss=0.0205  total_loss=0.0310  value_loss=0.2764
  update 484000/500000: consistency_loss=0.0001  pi_loss=-1.7315  reward_loss=0.0196  total_loss=0.0310  value_loss=0.2771
  update 484500/500000: consistency_loss=0.0001  pi_loss=-1.7284  reward_loss=0.0261  total_loss=0.0322  value_loss=0.2779
  update 485000/500000: consistency_loss=0.0001  pi_loss=-1.7109  reward_loss=0.0226  total_loss=0.0318  value_loss=0.2789
  update 485500/500000: consistency_loss=0.0001  pi_loss=-1.7634  reward_loss=0.0312  total_loss=0.0325  value_loss=0.2778
  update 486000/500000: consistency_loss=0.0001  pi_loss=-1.7315  reward_loss=0.0331  total_loss=0.0316  value_loss=0.2675
  update 486500/500000: consistency_loss=0.0001  pi_loss=-1.7187  reward_loss=0.0279  total_loss=0.0320  value_loss=0.2760
  update 487000/500000: consistency_loss=0.0001  pi_loss=-1.7134  reward_loss=0.0220  total_loss=0.0306  value_loss=0.2681
  update 487500/500000: consistency_loss=0.0001  pi_loss=-1.6898  reward_loss=0.0200  total_loss=0.0318  value_loss=0.2831
  update 488000/500000: consistency_loss=0.0001  pi_loss=-1.6904  reward_loss=0.0198  total_loss=0.0315  value_loss=0.2819
  update 488500/500000: consistency_loss=0.0001  pi_loss=-1.6817  reward_loss=0.0346  total_loss=0.0327  value_loss=0.2737
  update 489000/500000: consistency_loss=0.0001  pi_loss=-1.7042  reward_loss=0.0218  total_loss=0.0318  value_loss=0.2777
  update 489500/500000: consistency_loss=0.0001  pi_loss=-1.6848  reward_loss=0.0209  total_loss=0.0314  value_loss=0.2794
  update 490000/500000: consistency_loss=0.0001  pi_loss=-1.7018  reward_loss=0.0127  total_loss=0.0300  value_loss=0.2735
  update 490500/500000: consistency_loss=0.0001  pi_loss=-1.6912  reward_loss=0.0161  total_loss=0.0312  value_loss=0.2822
  update 491000/500000: consistency_loss=0.0001  pi_loss=-1.6957  reward_loss=0.0193  total_loss=0.0307  value_loss=0.2710
  update 491500/500000: consistency_loss=0.0001  pi_loss=-1.7074  reward_loss=0.0232  total_loss=0.0301  value_loss=0.2631
  update 492000/500000: consistency_loss=0.0001  pi_loss=-1.7372  reward_loss=0.0164  total_loss=0.0308  value_loss=0.2749
  update 492500/500000: consistency_loss=0.0001  pi_loss=-1.7624  reward_loss=0.0310  total_loss=0.0313  value_loss=0.2657
  update 493000/500000: consistency_loss=0.0001  pi_loss=-1.7488  reward_loss=0.0236  total_loss=0.0307  value_loss=0.2698
  update 493500/500000: consistency_loss=0.0001  pi_loss=-1.7521  reward_loss=0.0123  total_loss=0.0301  value_loss=0.2683
  update 494000/500000: consistency_loss=0.0001  pi_loss=-1.7597  reward_loss=0.0268  total_loss=0.0312  value_loss=0.2710
  update 494500/500000: consistency_loss=0.0001  pi_loss=-1.7554  reward_loss=0.0229  total_loss=0.0305  value_loss=0.2672
  update 495000/500000: consistency_loss=0.0001  pi_loss=-1.7580  reward_loss=0.0320  total_loss=0.0328  value_loss=0.2779
  update 495500/500000: consistency_loss=0.0001  pi_loss=-1.7599  reward_loss=0.0242  total_loss=0.0327  value_loss=0.2889
  update 496000/500000: consistency_loss=0.0001  pi_loss=-1.7253  reward_loss=0.0228  total_loss=0.0332  value_loss=0.2913
  update 496500/500000: consistency_loss=0.0001  pi_loss=-1.7255  reward_loss=0.0241  total_loss=0.0328  value_loss=0.2864
  update 497000/500000: consistency_loss=0.0001  pi_loss=-1.6842  reward_loss=0.0171  total_loss=0.0310  value_loss=0.2779
  update 497500/500000: consistency_loss=0.0001  pi_loss=-1.6875  reward_loss=0.0133  total_loss=0.0319  value_loss=0.2901
  update 498000/500000: consistency_loss=0.0001  pi_loss=-1.7103  reward_loss=0.0286  total_loss=0.0317  value_loss=0.2754
  update 498500/500000: consistency_loss=0.0001  pi_loss=-1.6979  reward_loss=0.0260  total_loss=0.0317  value_loss=0.2695
  update 499000/500000: consistency_loss=0.0001  pi_loss=-1.6920  reward_loss=0.0200  total_loss=0.0302  value_loss=0.2659
  update 499500/500000: consistency_loss=0.0001  pi_loss=-1.7463  reward_loss=0.0254  total_loss=0.0320  value_loss=0.2781
  update 500000/500000: consistency_loss=0.0001  pi_loss=-1.7491  reward_loss=0.0182  total_loss=0.0318  value_loss=0.2829
DONE: 500000 updates -> /workspace/dreamerv3_runs/tm2wm_finger_awareq1s0_seed12/tm2_ckpt.pt
[Sun Jul 19 03:47:19 UTC 2026] adapt RUN_ID=adapt_tm2awareq1s0_finger_seed12_ckpt500000 TASK=dmc_finger_turn_hard STEPS=125000 SEED=12
/workspace/conda_envs/dreamerv3/lib/python3.11/site-packages/tensordict/_td.py:612: FutureWarning: TensorDict.to_module() is replacing an existing nn.Parameter in the destination module with a tensor leaf that is not an nn.Parameter. This historical behavior can remove the key from module.state_dict(). In tensordict v0.14, to_module() will preserve existing module parameter and buffer registrations by default. Pass preserve_module_state=False to keep the current replacement behavior, or preserve_module_state=True to opt in to the v0.14 behavior now.
  local_out = _set_tensor_dict(
Episode length: 1000
Discount factor: 0.995
Loaded + froze 20 tensors (928,512 params) from /workspace/dreamerv3_runs/tm2wm_finger_awareq1s0_seed12/tm2_ckpt.pt
Architecture: TD-MPC2 World Model
Encoder: ModuleDict(
  (state): Sequential(
    (0): NormedLinear(in_features=12, out_features=256, bias=True, act=Mish)
    (1): NormedLinear(in_features=256, out_features=512, bias=True, act=SimNorm)
  )
)
Dynamics: Sequential(
  (0): NormedLinear(in_features=514, out_features=512, bias=True, act=Mish)
  (1): NormedLinear(in_features=512, out_features=512, bias=True, act=Mish)
  (2): NormedLinear(in_features=512, out_features=512, bias=True, act=SimNorm)
)
Reward: Sequential(
  (0): NormedLinear(in_features=514, out_features=512, bias=True, act=Mish)
  (1): NormedLinear(in_features=512, out_features=512, bias=True, act=Mish)
  (2): Linear(in_features=512, out_features=101, bias=True)
)
Policy prior: Sequential(
  (0): NormedLinear(in_features=512, out_features=512, bias=True, act=Mish)
  (1): NormedLinear(in_features=512, out_features=512, bias=True, act=Mish)
  (2): Linear(in_features=512, out_features=4, bias=True)
)
Q-functions: Vectorized 5x Sequential(
  (0): NormedLinear(in_features=514, out_features=512, bias=True, dropout=0.01, act=Mish)
  (1): NormedLinear(in_features=512, out_features=512, bias=True, act=Mish)
  (2): Linear(in_features=512, out_features=101, bias=True)
)
Learnable parameters: 4,010,594
[eval] {'eval/episode_reward': 0.0, 'eval/episode_success': 0.0, 'eval/episode_length': 1000.0, 'eval/step': 0.0, 'eval/episode': 0.0, 'eval/elapsed_time': 443.89770126342773, 'eval/steps_per_second': 0.0}
Buffer capacity: 125,000
Storage required: 0.01 GB
Using CUDA:0 memory for storage.
[92m2026-07-19 03:54:48,666 [torchrl][INFO][0m    Initialized LazyTensorStorage with torch.Size([125000]) shape[92m [END][0m
Pretraining agent on seed data...
/workspace/conda_envs/dreamerv3/lib/python3.11/site-packages/torch/jit/_script.py:365: DeprecationWarning: `torch.jit.script_method` is deprecated. Please switch to `torch.compile` or `torch.export`.
  warnings.warn(
/workspace/conda_envs/dreamerv3/lib/python3.11/site-packages/torch/jit/_script.py:365: DeprecationWarning: `torch.jit.script_method` is deprecated. Please switch to `torch.compile` or `torch.export`.
  warnings.warn(
/workspace/conda_envs/dreamerv3/lib/python3.11/site-packages/torch/jit/_script.py:365: DeprecationWarning: `torch.jit.script_method` is deprecated. Please switch to `torch.compile` or `torch.export`.
  warnings.warn(
/workspace/conda_envs/dreamerv3/lib/python3.11/site-packages/torch/jit/_script.py:365: DeprecationWarning: `torch.jit.script_method` is deprecated. Please switch to `torch.compile` or `torch.export`.
  warnings.warn(
/workspace/conda_envs/dreamerv3/lib/python3.11/site-packages/torch/jit/_script.py:365: DeprecationWarning: `torch.jit.script_method` is deprecated. Please switch to `torch.compile` or `torch.export`.
  warnings.warn(
/workspace/conda_envs/dreamerv3/lib/python3.11/site-packages/torch/jit/_script.py:365: DeprecationWarning: `torch.jit.script_method` is deprecated. Please switch to `torch.compile` or `torch.export`.
  warnings.warn(
/workspace/conda_envs/dreamerv3/lib/python3.11/site-packages/torch/jit/_script.py:365: DeprecationWarning: `torch.jit.script_method` is deprecated. Please switch to `torch.compile` or `torch.export`.
  warnings.warn(
/workspace/conda_envs/dreamerv3/lib/python3.11/site-packages/torch/jit/_script.py:365: DeprecationWarning: `torch.jit.script_method` is deprecated. Please switch to `torch.compile` or `torch.export`.
  warnings.warn(
/workspace/conda_envs/dreamerv3/lib/python3.11/site-packages/torch/jit/_script.py:365: DeprecationWarning: `torch.jit.script_method` is deprecated. Please switch to `torch.compile` or `torch.export`.
  warnings.warn(
/workspace/conda_envs/dreamerv3/lib/python3.11/site-packages/torch/jit/_script.py:365: DeprecationWarning: `torch.jit.script_method` is deprecated. Please switch to `torch.compile` or `torch.export`.
  warnings.warn(
/workspace/conda_envs/dreamerv3/lib/python3.11/site-packages/torch/jit/_script.py:365: DeprecationWarning: `torch.jit.script_method` is deprecated. Please switch to `torch.compile` or `torch.export`.
  warnings.warn(
/workspace/conda_envs/dreamerv3/lib/python3.11/site-packages/torch/jit/_script.py:365: DeprecationWarning: `torch.jit.script_method` is deprecated. Please switch to `torch.compile` or `torch.export`.
  warnings.warn(
/workspace/conda_envs/dreamerv3/lib/python3.11/site-packages/torch/jit/_script.py:365: DeprecationWarning: `torch.jit.script_method` is deprecated. Please switch to `torch.compile` or `torch.export`.
  warnings.warn(
/workspace/conda_envs/dreamerv3/lib/python3.11/site-packages/torch/jit/_script.py:365: DeprecationWarning: `torch.jit.script_method` is deprecated. Please switch to `torch.compile` or `torch.export`.
  warnings.warn(
[eval] {'eval/episode_reward': 62.5625, 'eval/episode_success': 0.0, 'eval/episode_length': 1000.0, 'eval/step': 16000.0, 'eval/episode': 15.0, 'eval/elapsed_time': 1682.1944482326508, 'eval/steps_per_second': 9.511385569492242}
[eval] {'eval/episode_reward': 222.875, 'eval/episode_success': 0.0, 'eval/episode_length': 1000.0, 'eval/step': 32000.0, 'eval/episode': 31.0, 'eval/elapsed_time': 3062.771679162979, 'eval/steps_per_second': 10.448052728744456}
[eval] {'eval/episode_reward': 116.75, 'eval/episode_success': 0.0, 'eval/episode_length': 1000.0, 'eval/step': 48000.0, 'eval/episode': 47.0, 'eval/elapsed_time': 4445.757169008255, 'eval/steps_per_second': 10.796811021216367}
[eval] {'eval/episode_reward': 181.4375, 'eval/episode_success': 0.0, 'eval/episode_length': 1000.0, 'eval/step': 64000.0, 'eval/episode': 63.0, 'eval/elapsed_time': 5833.238503932953, 'eval/steps_per_second': 10.97160693101254}
[eval] {'eval/episode_reward': 680.0625, 'eval/episode_success': 0.0, 'eval/episode_length': 1000.0, 'eval/step': 80000.0, 'eval/episode': 79.0, 'eval/elapsed_time': 7210.3582973480225, 'eval/steps_per_second': 11.095149048199739}
[eval] {'eval/episode_reward': 495.0625, 'eval/episode_success': 0.0, 'eval/episode_length': 1000.0, 'eval/step': 96000.0, 'eval/episode': 95.0, 'eval/elapsed_time': 8546.128225326538, 'eval/steps_per_second': 11.233156988623575}
[eval] {'eval/episode_reward': 546.1875, 'eval/episode_success': 0.0, 'eval/episode_length': 1000.0, 'eval/step': 112000.0, 'eval/episode': 111.0, 'eval/elapsed_time': 9885.214499473572, 'eval/steps_per_second': 11.330052575587962}
ADAPT DONE -> /workspace/dreamerv3_runs/adapt_tm2awareq1s0_finger_seed12_ckpt500000
[Sun Jul 19 06:44:55 UTC 2026] tdmpc2 adapt_tm2awareq1s0_finger_seed12_ckpt500000 rc=0 status=DONE
