[Sat Jul 18 20:57:51 UTC 2026] offline_fit WM_RUN=tm2wm_finger_awareq1s0_seed9 ARM=aware DATA=/workspace/dreamerv3_runs/tm2_data/finger_q1_side0.pt UPDATES=500000 SEED=9
/workspace/conda_envs/dreamerv3/lib/python3.11/site-packages/tensordict/_td.py:612: FutureWarning: TensorDict.to_module() is replacing an existing nn.Parameter in the destination module with a tensor leaf that is not an nn.Parameter. This historical behavior can remove the key from module.state_dict(). In tensordict v0.14, to_module() will preserve existing module parameter and buffer registrations by default. Pass preserve_module_state=False to keep the current replacement behavior, or preserve_module_state=True to opt in to the v0.14 behavior now.
  local_out = _set_tensor_dict(
Episode length: 1000
Discount factor: 0.995
Buffer capacity: 200,200
Storage required: 0.01 GB
Using CUDA:0 memory for storage.
[92m2026-07-18 20:57:55,077 [torchrl][INFO][0m    Initialized LazyTensorStorage with torch.Size([200200]) shape[92m [END][0m
Loaded static data: 200 eps x 1001 rows = 200200 rows; arm=aware (reward_coef=0.1, value_coef=0.1)
  update      1/500000: consistency_loss=0.0157  pi_loss=-0.0002  reward_loss=2.6922  total_loss=0.8516  value_loss=2.6922
  update    500/500000: consistency_loss=0.0018  pi_loss=-0.1473  reward_loss=0.1528  total_loss=0.0910  value_loss=0.3943
  update   1000/500000: consistency_loss=0.0014  pi_loss=-0.1603  reward_loss=0.0590  total_loss=0.0679  value_loss=0.3368
  update   1500/500000: consistency_loss=0.0012  pi_loss=-0.1007  reward_loss=0.0436  total_loss=0.0593  value_loss=0.3088
  update   2000/500000: consistency_loss=0.0011  pi_loss=-0.0980  reward_loss=0.0391  total_loss=0.0556  value_loss=0.3058
  update   2500/500000: consistency_loss=0.0009  pi_loss=-0.0722  reward_loss=0.0422  total_loss=0.0530  value_loss=0.3114
  update   3000/500000: consistency_loss=0.0010  pi_loss=-0.0720  reward_loss=0.0343  total_loss=0.0545  value_loss=0.3198
  update   3500/500000: consistency_loss=0.0009  pi_loss=-0.0740  reward_loss=0.0531  total_loss=0.0606  value_loss=0.3742
  update   4000/500000: consistency_loss=0.0008  pi_loss=-0.0834  reward_loss=0.0630  total_loss=0.0615  value_loss=0.3887
  update   4500/500000: consistency_loss=0.0008  pi_loss=-0.0860  reward_loss=0.0622  total_loss=0.0705  value_loss=0.4826
  update   5000/500000: consistency_loss=0.0008  pi_loss=-0.0835  reward_loss=0.0414  total_loss=0.0698  value_loss=0.4879
  update   5500/500000: consistency_loss=0.0009  pi_loss=-0.1062  reward_loss=0.0493  total_loss=0.0732  value_loss=0.4994
  update   6000/500000: consistency_loss=0.0008  pi_loss=-0.2073  reward_loss=0.0272  total_loss=0.0645  value_loss=0.4638
  update   6500/500000: consistency_loss=0.0007  pi_loss=-0.3996  reward_loss=0.0356  total_loss=0.0513  value_loss=0.3365
  update   7000/500000: consistency_loss=0.0008  pi_loss=-0.6156  reward_loss=0.0340  total_loss=0.0470  value_loss=0.2783
  update   7500/500000: consistency_loss=0.0007  pi_loss=-0.7395  reward_loss=0.0494  total_loss=0.0450  value_loss=0.2681
  update   8000/500000: consistency_loss=0.0006  pi_loss=-0.7783  reward_loss=0.0262  total_loss=0.0393  value_loss=0.2405
  update   8500/500000: consistency_loss=0.0008  pi_loss=-0.7359  reward_loss=0.0323  total_loss=0.0426  value_loss=0.2440
  update   9000/500000: consistency_loss=0.0007  pi_loss=-0.7329  reward_loss=0.0384  total_loss=0.0479  value_loss=0.3005
  update   9500/500000: consistency_loss=0.0006  pi_loss=-0.7199  reward_loss=0.0656  total_loss=0.0507  value_loss=0.3123
  update  10000/500000: consistency_loss=0.0006  pi_loss=-0.6600  reward_loss=0.0415  total_loss=0.0487  value_loss=0.3202
  update  10500/500000: consistency_loss=0.0006  pi_loss=-0.6280  reward_loss=0.0319  total_loss=0.0513  value_loss=0.3551
  update  11000/500000: consistency_loss=0.0006  pi_loss=-0.5833  reward_loss=0.0430  total_loss=0.0552  value_loss=0.3807
  update  11500/500000: consistency_loss=0.0007  pi_loss=-0.5321  reward_loss=0.0507  total_loss=0.0579  value_loss=0.3919
  update  12000/500000: consistency_loss=0.0005  pi_loss=-0.4612  reward_loss=0.0449  total_loss=0.0544  value_loss=0.3902
  update  12500/500000: consistency_loss=0.0006  pi_loss=-0.4305  reward_loss=0.0579  total_loss=0.0582  value_loss=0.4036
  update  13000/500000: consistency_loss=0.0006  pi_loss=-0.3770  reward_loss=0.0340  total_loss=0.0524  value_loss=0.3789
  update  13500/500000: consistency_loss=0.0005  pi_loss=-0.3631  reward_loss=0.0394  total_loss=0.0505  value_loss=0.3620
  update  14000/500000: consistency_loss=0.0005  pi_loss=-0.3428  reward_loss=0.0391  total_loss=0.0510  value_loss=0.3637
  update  14500/500000: consistency_loss=0.0005  pi_loss=-0.3203  reward_loss=0.0233  total_loss=0.0484  value_loss=0.3519
  update  15000/500000: consistency_loss=0.0006  pi_loss=-0.3707  reward_loss=0.0422  total_loss=0.0526  value_loss=0.3715
  update  15500/500000: consistency_loss=0.0005  pi_loss=-0.3906  reward_loss=0.0441  total_loss=0.0515  value_loss=0.3640
  update  16000/500000: consistency_loss=0.0005  pi_loss=-0.4825  reward_loss=0.0409  total_loss=0.0461  value_loss=0.3237
  update  16500/500000: consistency_loss=0.0005  pi_loss=-0.7498  reward_loss=0.0156  total_loss=0.0395  value_loss=0.2864
  update  17000/500000: consistency_loss=0.0004  pi_loss=-1.2205  reward_loss=0.0302  total_loss=0.0389  value_loss=0.2751
  update  17500/500000: consistency_loss=0.0004  pi_loss=-1.3955  reward_loss=0.0310  total_loss=0.0401  value_loss=0.2815
  update  18000/500000: consistency_loss=0.0004  pi_loss=-1.3915  reward_loss=0.0400  total_loss=0.0421  value_loss=0.3012
  update  18500/500000: consistency_loss=0.0004  pi_loss=-1.3632  reward_loss=0.0275  total_loss=0.0421  value_loss=0.3051
  update  19000/500000: consistency_loss=0.0004  pi_loss=-1.3184  reward_loss=0.0257  total_loss=0.0438  value_loss=0.3321
  update  19500/500000: consistency_loss=0.0004  pi_loss=-1.3330  reward_loss=0.0308  total_loss=0.0438  value_loss=0.3352
  update  20000/500000: consistency_loss=0.0003  pi_loss=-1.3490  reward_loss=0.0336  total_loss=0.0425  value_loss=0.3238
  update  20500/500000: consistency_loss=0.0004  pi_loss=-1.2222  reward_loss=0.0438  total_loss=0.0427  value_loss=0.3014
  update  21000/500000: consistency_loss=0.0004  pi_loss=-1.1509  reward_loss=0.0431  total_loss=0.0357  value_loss=0.2372
  update  21500/500000: consistency_loss=0.0004  pi_loss=-1.0067  reward_loss=0.0376  total_loss=0.0302  value_loss=0.1853
  update  22000/500000: consistency_loss=0.0004  pi_loss=-0.9099  reward_loss=0.0440  total_loss=0.0362  value_loss=0.2431
  update  22500/500000: consistency_loss=0.0004  pi_loss=-0.8355  reward_loss=0.0347  total_loss=0.0425  value_loss=0.3099
  update  23000/500000: consistency_loss=0.0003  pi_loss=-0.7826  reward_loss=0.0379  total_loss=0.0436  value_loss=0.3290
  update  23500/500000: consistency_loss=0.0003  pi_loss=-0.7153  reward_loss=0.0408  total_loss=0.0445  value_loss=0.3395
  update  24000/500000: consistency_loss=0.0004  pi_loss=-0.6700  reward_loss=0.0294  total_loss=0.0429  value_loss=0.3269
  update  24500/500000: consistency_loss=0.0003  pi_loss=-0.6113  reward_loss=0.0235  total_loss=0.0410  value_loss=0.3218
  update  25000/500000: consistency_loss=0.0004  pi_loss=-0.5838  reward_loss=0.0416  total_loss=0.0418  value_loss=0.3000
  update  25500/500000: consistency_loss=0.0003  pi_loss=-0.5348  reward_loss=0.0310  total_loss=0.0363  value_loss=0.2627
  update  26000/500000: consistency_loss=0.0003  pi_loss=-0.5601  reward_loss=0.0303  total_loss=0.0370  value_loss=0.2727
  update  26500/500000: consistency_loss=0.0003  pi_loss=-0.5321  reward_loss=0.0319  total_loss=0.0348  value_loss=0.2561
  update  27000/500000: consistency_loss=0.0003  pi_loss=-0.5555  reward_loss=0.0331  total_loss=0.0378  value_loss=0.2809
  update  27500/500000: consistency_loss=0.0003  pi_loss=-0.5619  reward_loss=0.0291  total_loss=0.0376  value_loss=0.2820
  update  28000/500000: consistency_loss=0.0003  pi_loss=-0.5528  reward_loss=0.0203  total_loss=0.0374  value_loss=0.2923
  update  28500/500000: consistency_loss=0.0003  pi_loss=-0.5914  reward_loss=0.0412  total_loss=0.0369  value_loss=0.2763
  update  29000/500000: consistency_loss=0.0003  pi_loss=-0.6042  reward_loss=0.0305  total_loss=0.0382  value_loss=0.2941
  update  29500/500000: consistency_loss=0.0003  pi_loss=-0.7004  reward_loss=0.0528  total_loss=0.0394  value_loss=0.2837
  update  30000/500000: consistency_loss=0.0003  pi_loss=-0.7269  reward_loss=0.0388  total_loss=0.0368  value_loss=0.2747
  update  30500/500000: consistency_loss=0.0003  pi_loss=-0.7731  reward_loss=0.0383  total_loss=0.0374  value_loss=0.2836
  update  31000/500000: consistency_loss=0.0003  pi_loss=-0.7543  reward_loss=0.0345  total_loss=0.0393  value_loss=0.3000
  update  31500/500000: consistency_loss=0.0003  pi_loss=-0.7530  reward_loss=0.0299  total_loss=0.0380  value_loss=0.2966
  update  32000/500000: consistency_loss=0.0003  pi_loss=-0.7532  reward_loss=0.0411  total_loss=0.0410  value_loss=0.3182
  update  32500/500000: consistency_loss=0.0003  pi_loss=-0.7310  reward_loss=0.0305  total_loss=0.0388  value_loss=0.3010
  update  33000/500000: consistency_loss=0.0003  pi_loss=-0.7288  reward_loss=0.0253  total_loss=0.0384  value_loss=0.3014
  update  33500/500000: consistency_loss=0.0003  pi_loss=-0.7408  reward_loss=0.0331  total_loss=0.0394  value_loss=0.3086
  update  34000/500000: consistency_loss=0.0003  pi_loss=-0.7416  reward_loss=0.0332  total_loss=0.0358  value_loss=0.2688
  update  34500/500000: consistency_loss=0.0003  pi_loss=-0.7301  reward_loss=0.0390  total_loss=0.0367  value_loss=0.2776
  update  35000/500000: consistency_loss=0.0003  pi_loss=-0.7595  reward_loss=0.0359  total_loss=0.0365  value_loss=0.2763
  update  35500/500000: consistency_loss=0.0002  pi_loss=-0.7521  reward_loss=0.0447  total_loss=0.0364  value_loss=0.2755
  update  36000/500000: consistency_loss=0.0002  pi_loss=-0.7980  reward_loss=0.0406  total_loss=0.0375  value_loss=0.2854
  update  36500/500000: consistency_loss=0.0002  pi_loss=-0.7966  reward_loss=0.0238  total_loss=0.0365  value_loss=0.2924
  update  37000/500000: consistency_loss=0.0002  pi_loss=-0.8520  reward_loss=0.0332  total_loss=0.0372  value_loss=0.2901
  update  37500/500000: consistency_loss=0.0002  pi_loss=-0.8639  reward_loss=0.0249  total_loss=0.0367  value_loss=0.2959
  update  38000/500000: consistency_loss=0.0002  pi_loss=-0.8922  reward_loss=0.0232  total_loss=0.0361  value_loss=0.2922
  update  38500/500000: consistency_loss=0.0003  pi_loss=-0.9255  reward_loss=0.0355  total_loss=0.0379  value_loss=0.2917
  update  39000/500000: consistency_loss=0.0002  pi_loss=-0.9486  reward_loss=0.0329  total_loss=0.0347  value_loss=0.2699
  update  39500/500000: consistency_loss=0.0002  pi_loss=-0.9625  reward_loss=0.0310  total_loss=0.0350  value_loss=0.2816
  update  40000/500000: consistency_loss=0.0002  pi_loss=-0.9631  reward_loss=0.0169  total_loss=0.0362  value_loss=0.2969
  update  40500/500000: consistency_loss=0.0002  pi_loss=-1.0024  reward_loss=0.0227  total_loss=0.0359  value_loss=0.2966
  update  41000/500000: consistency_loss=0.0002  pi_loss=-1.0039  reward_loss=0.0203  total_loss=0.0371  value_loss=0.3034
  update  41500/500000: consistency_loss=0.0002  pi_loss=-0.9956  reward_loss=0.0288  total_loss=0.0382  value_loss=0.3096
  update  42000/500000: consistency_loss=0.0003  pi_loss=-0.9565  reward_loss=0.0363  total_loss=0.0406  value_loss=0.3190
  update  42500/500000: consistency_loss=0.0002  pi_loss=-0.9508  reward_loss=0.0373  total_loss=0.0385  value_loss=0.3083
  update  43000/500000: consistency_loss=0.0002  pi_loss=-0.9159  reward_loss=0.0289  total_loss=0.0376  value_loss=0.3050
  update  43500/500000: consistency_loss=0.0002  pi_loss=-0.8682  reward_loss=0.0184  total_loss=0.0377  value_loss=0.3163
  update  44000/500000: consistency_loss=0.0002  pi_loss=-0.8673  reward_loss=0.0359  total_loss=0.0398  value_loss=0.3179
  update  44500/500000: consistency_loss=0.0002  pi_loss=-0.8297  reward_loss=0.0280  total_loss=0.0389  value_loss=0.3203
  update  45000/500000: consistency_loss=0.0002  pi_loss=-0.8150  reward_loss=0.0261  total_loss=0.0379  value_loss=0.3066
  update  45500/500000: consistency_loss=0.0002  pi_loss=-0.8272  reward_loss=0.0374  total_loss=0.0400  value_loss=0.3157
  update  46000/500000: consistency_loss=0.0002  pi_loss=-0.8238  reward_loss=0.0263  total_loss=0.0374  value_loss=0.3063
  update  46500/500000: consistency_loss=0.0002  pi_loss=-0.8544  reward_loss=0.0380  total_loss=0.0380  value_loss=0.2982
  update  47000/500000: consistency_loss=0.0002  pi_loss=-0.8598  reward_loss=0.0212  total_loss=0.0368  value_loss=0.3058
  update  47500/500000: consistency_loss=0.0002  pi_loss=-0.9041  reward_loss=0.0135  total_loss=0.0357  value_loss=0.3003
  update  48000/500000: consistency_loss=0.0002  pi_loss=-0.9320  reward_loss=0.0132  total_loss=0.0341  value_loss=0.2887
  update  48500/500000: consistency_loss=0.0002  pi_loss=-1.0017  reward_loss=0.0262  total_loss=0.0364  value_loss=0.2978
  update  49000/500000: consistency_loss=0.0002  pi_loss=-1.0190  reward_loss=0.0203  total_loss=0.0356  value_loss=0.2962
  update  49500/500000: consistency_loss=0.0002  pi_loss=-1.0377  reward_loss=0.0302  total_loss=0.0345  value_loss=0.2754
  update  50000/500000: consistency_loss=0.0002  pi_loss=-1.0513  reward_loss=0.0335  total_loss=0.0362  value_loss=0.2927
  update  50500/500000: consistency_loss=0.0002  pi_loss=-1.0413  reward_loss=0.0242  total_loss=0.0376  value_loss=0.3108
  update  51000/500000: consistency_loss=0.0002  pi_loss=-1.0578  reward_loss=0.0357  total_loss=0.0370  value_loss=0.2961
  update  51500/500000: consistency_loss=0.0002  pi_loss=-1.0486  reward_loss=0.0271  total_loss=0.0360  value_loss=0.2871
  update  52000/500000: consistency_loss=0.0002  pi_loss=-1.0406  reward_loss=0.0188  total_loss=0.0351  value_loss=0.2979
  update  52500/500000: consistency_loss=0.0002  pi_loss=-1.0778  reward_loss=0.0310  total_loss=0.0390  value_loss=0.3151
  update  53000/500000: consistency_loss=0.0002  pi_loss=-1.0772  reward_loss=0.0287  total_loss=0.0368  value_loss=0.3040
  update  53500/500000: consistency_loss=0.0002  pi_loss=-1.0772  reward_loss=0.0228  total_loss=0.0361  value_loss=0.3046
  update  54000/500000: consistency_loss=0.0002  pi_loss=-1.1025  reward_loss=0.0124  total_loss=0.0365  value_loss=0.3142
  update  54500/500000: consistency_loss=0.0002  pi_loss=-1.1049  reward_loss=0.0205  total_loss=0.0360  value_loss=0.3050
  update  55000/500000: consistency_loss=0.0002  pi_loss=-1.1177  reward_loss=0.0233  total_loss=0.0390  value_loss=0.3298
  update  55500/500000: consistency_loss=0.0002  pi_loss=-1.1543  reward_loss=0.0199  total_loss=0.0373  value_loss=0.3205
  update  56000/500000: consistency_loss=0.0002  pi_loss=-1.2008  reward_loss=0.0293  total_loss=0.0394  value_loss=0.3279
  update  56500/500000: consistency_loss=0.0002  pi_loss=-1.2072  reward_loss=0.0274  total_loss=0.0380  value_loss=0.3171
  update  57000/500000: consistency_loss=0.0002  pi_loss=-1.2538  reward_loss=0.0142  total_loss=0.0368  value_loss=0.3166
  update  57500/500000: consistency_loss=0.0002  pi_loss=-1.3195  reward_loss=0.0228  total_loss=0.0374  value_loss=0.3185
  update  58000/500000: consistency_loss=0.0002  pi_loss=-1.3820  reward_loss=0.0334  total_loss=0.0394  value_loss=0.3256
  update  58500/500000: consistency_loss=0.0002  pi_loss=-1.4341  reward_loss=0.0325  total_loss=0.0383  value_loss=0.3170
  update  59000/500000: consistency_loss=0.0002  pi_loss=-1.4820  reward_loss=0.0256  total_loss=0.0371  value_loss=0.3143
  update  59500/500000: consistency_loss=0.0002  pi_loss=-1.4756  reward_loss=0.0317  total_loss=0.0377  value_loss=0.3101
  update  60000/500000: consistency_loss=0.0002  pi_loss=-1.4387  reward_loss=0.0291  total_loss=0.0366  value_loss=0.2964
  update  60500/500000: consistency_loss=0.0002  pi_loss=-1.4213  reward_loss=0.0301  total_loss=0.0376  value_loss=0.3070
  update  61000/500000: consistency_loss=0.0002  pi_loss=-1.3875  reward_loss=0.0174  total_loss=0.0377  value_loss=0.3288
  update  61500/500000: consistency_loss=0.0002  pi_loss=-1.3525  reward_loss=0.0269  total_loss=0.0380  value_loss=0.3191
  update  62000/500000: consistency_loss=0.0002  pi_loss=-1.2577  reward_loss=0.0242  total_loss=0.0385  value_loss=0.3231
  update  62500/500000: consistency_loss=0.0002  pi_loss=-1.1501  reward_loss=0.0186  total_loss=0.0370  value_loss=0.3182
  update  63000/500000: consistency_loss=0.0002  pi_loss=-1.0873  reward_loss=0.0334  total_loss=0.0371  value_loss=0.3034
  update  63500/500000: consistency_loss=0.0002  pi_loss=-1.0099  reward_loss=0.0292  total_loss=0.0372  value_loss=0.3090
  update  64000/500000: consistency_loss=0.0002  pi_loss=-0.9637  reward_loss=0.0233  total_loss=0.0362  value_loss=0.3017
  update  64500/500000: consistency_loss=0.0002  pi_loss=-0.9716  reward_loss=0.0295  total_loss=0.0363  value_loss=0.3012
  update  65000/500000: consistency_loss=0.0002  pi_loss=-0.9997  reward_loss=0.0336  total_loss=0.0376  value_loss=0.3066
  update  65500/500000: consistency_loss=0.0002  pi_loss=-1.0217  reward_loss=0.0407  total_loss=0.0376  value_loss=0.2966
  update  66000/500000: consistency_loss=0.0002  pi_loss=-1.0385  reward_loss=0.0278  total_loss=0.0353  value_loss=0.2916
  update  66500/500000: consistency_loss=0.0002  pi_loss=-1.0971  reward_loss=0.0339  total_loss=0.0344  value_loss=0.2745
  update  67000/500000: consistency_loss=0.0002  pi_loss=-1.0981  reward_loss=0.0156  total_loss=0.0324  value_loss=0.2760
  update  67500/500000: consistency_loss=0.0001  pi_loss=-1.0987  reward_loss=0.0216  total_loss=0.0317  value_loss=0.2680
  update  68000/500000: consistency_loss=0.0002  pi_loss=-1.1021  reward_loss=0.0212  total_loss=0.0327  value_loss=0.2761
  update  68500/500000: consistency_loss=0.0002  pi_loss=-1.0912  reward_loss=0.0173  total_loss=0.0344  value_loss=0.2928
  update  69000/500000: consistency_loss=0.0002  pi_loss=-1.0987  reward_loss=0.0271  total_loss=0.0359  value_loss=0.2965
  update  69500/500000: consistency_loss=0.0002  pi_loss=-1.0912  reward_loss=0.0258  total_loss=0.0373  value_loss=0.3144
  update  70000/500000: consistency_loss=0.0002  pi_loss=-1.0691  reward_loss=0.0155  total_loss=0.0351  value_loss=0.3043
  update  70500/500000: consistency_loss=0.0002  pi_loss=-1.0813  reward_loss=0.0215  total_loss=0.0356  value_loss=0.3042
  update  71000/500000: consistency_loss=0.0002  pi_loss=-1.0802  reward_loss=0.0395  total_loss=0.0366  value_loss=0.2942
  update  71500/500000: consistency_loss=0.0002  pi_loss=-1.0690  reward_loss=0.0207  total_loss=0.0357  value_loss=0.3004
  update  72000/500000: consistency_loss=0.0001  pi_loss=-1.0735  reward_loss=0.0289  total_loss=0.0357  value_loss=0.2988
  update  72500/500000: consistency_loss=0.0002  pi_loss=-1.0948  reward_loss=0.0307  total_loss=0.0359  value_loss=0.2942
  update  73000/500000: consistency_loss=0.0002  pi_loss=-1.1142  reward_loss=0.0352  total_loss=0.0354  value_loss=0.2823
  update  73500/500000: consistency_loss=0.0002  pi_loss=-1.1138  reward_loss=0.0256  total_loss=0.0368  value_loss=0.3107
  update  74000/500000: consistency_loss=0.0002  pi_loss=-1.1413  reward_loss=0.0262  total_loss=0.0396  value_loss=0.3323
  update  74500/500000: consistency_loss=0.0002  pi_loss=-1.1436  reward_loss=0.0266  total_loss=0.0371  value_loss=0.3119
  update  75000/500000: consistency_loss=0.0002  pi_loss=-1.1832  reward_loss=0.0298  total_loss=0.0382  value_loss=0.3206
  update  75500/500000: consistency_loss=0.0002  pi_loss=-1.1849  reward_loss=0.0144  total_loss=0.0369  value_loss=0.3229
  update  76000/500000: consistency_loss=0.0002  pi_loss=-1.2283  reward_loss=0.0235  total_loss=0.0378  value_loss=0.3184
  update  76500/500000: consistency_loss=0.0002  pi_loss=-1.2475  reward_loss=0.0228  total_loss=0.0375  value_loss=0.3171
  update  77000/500000: consistency_loss=0.0002  pi_loss=-1.2900  reward_loss=0.0215  total_loss=0.0375  value_loss=0.3226
  update  77500/500000: consistency_loss=0.0001  pi_loss=-1.2969  reward_loss=0.0266  total_loss=0.0376  value_loss=0.3204
  update  78000/500000: consistency_loss=0.0002  pi_loss=-1.3167  reward_loss=0.0260  total_loss=0.0368  value_loss=0.3115
  update  78500/500000: consistency_loss=0.0002  pi_loss=-1.3259  reward_loss=0.0228  total_loss=0.0379  value_loss=0.3239
  update  79000/500000: consistency_loss=0.0002  pi_loss=-1.3646  reward_loss=0.0327  total_loss=0.0392  value_loss=0.3252
  update  79500/500000: consistency_loss=0.0001  pi_loss=-1.3725  reward_loss=0.0079  total_loss=0.0365  value_loss=0.3297
  update  80000/500000: consistency_loss=0.0001  pi_loss=-1.4060  reward_loss=0.0276  total_loss=0.0381  value_loss=0.3260
  update  80500/500000: consistency_loss=0.0002  pi_loss=-1.3906  reward_loss=0.0216  total_loss=0.0381  value_loss=0.3243
  update  81000/500000: consistency_loss=0.0001  pi_loss=-1.4249  reward_loss=0.0260  total_loss=0.0381  value_loss=0.3249
  update  81500/500000: consistency_loss=0.0001  pi_loss=-1.4324  reward_loss=0.0255  total_loss=0.0366  value_loss=0.3130
  update  82000/500000: consistency_loss=0.0002  pi_loss=-1.4580  reward_loss=0.0261  total_loss=0.0376  value_loss=0.3169
  update  82500/500000: consistency_loss=0.0001  pi_loss=-1.4559  reward_loss=0.0242  total_loss=0.0372  value_loss=0.3211
  update  83000/500000: consistency_loss=0.0001  pi_loss=-1.5136  reward_loss=0.0255  total_loss=0.0369  value_loss=0.3171
  update  83500/500000: consistency_loss=0.0002  pi_loss=-1.5345  reward_loss=0.0157  total_loss=0.0379  value_loss=0.3311
  update  84000/500000: consistency_loss=0.0002  pi_loss=-1.5658  reward_loss=0.0278  total_loss=0.0360  value_loss=0.2993
  update  84500/500000: consistency_loss=0.0002  pi_loss=-1.5848  reward_loss=0.0266  total_loss=0.0370  value_loss=0.3077
  update  85000/500000: consistency_loss=0.0001  pi_loss=-1.5972  reward_loss=0.0280  total_loss=0.0369  value_loss=0.3124
  update  85500/500000: consistency_loss=0.0001  pi_loss=-1.6099  reward_loss=0.0279  total_loss=0.0363  value_loss=0.3065
  update  86000/500000: consistency_loss=0.0002  pi_loss=-1.6432  reward_loss=0.0239  total_loss=0.0360  value_loss=0.3051
  update  86500/500000: consistency_loss=0.0002  pi_loss=-1.6361  reward_loss=0.0213  total_loss=0.0347  value_loss=0.2903
  update  87000/500000: consistency_loss=0.0002  pi_loss=-1.6449  reward_loss=0.0120  total_loss=0.0348  value_loss=0.3055
  update  87500/500000: consistency_loss=0.0002  pi_loss=-1.6380  reward_loss=0.0322  total_loss=0.0365  value_loss=0.2983
  update  88000/500000: consistency_loss=0.0002  pi_loss=-1.6545  reward_loss=0.0301  total_loss=0.0351  value_loss=0.2895
  update  88500/500000: consistency_loss=0.0001  pi_loss=-1.6314  reward_loss=0.0206  total_loss=0.0361  value_loss=0.3117
  update  89000/500000: consistency_loss=0.0002  pi_loss=-1.6208  reward_loss=0.0226  total_loss=0.0366  value_loss=0.3120
  update  89500/500000: consistency_loss=0.0001  pi_loss=-1.6210  reward_loss=0.0249  total_loss=0.0368  value_loss=0.3140
  update  90000/500000: consistency_loss=0.0002  pi_loss=-1.6266  reward_loss=0.0212  total_loss=0.0367  value_loss=0.3125
  update  90500/500000: consistency_loss=0.0001  pi_loss=-1.6152  reward_loss=0.0152  total_loss=0.0363  value_loss=0.3206
  update  91000/500000: consistency_loss=0.0001  pi_loss=-1.6477  reward_loss=0.0309  total_loss=0.0353  value_loss=0.2926
  update  91500/500000: consistency_loss=0.0002  pi_loss=-1.6705  reward_loss=0.0213  total_loss=0.0358  value_loss=0.3057
  update  92000/500000: consistency_loss=0.0002  pi_loss=-1.6821  reward_loss=0.0257  total_loss=0.0374  value_loss=0.3130
  update  92500/500000: consistency_loss=0.0001  pi_loss=-1.6806  reward_loss=0.0382  total_loss=0.0374  value_loss=0.3072
  update  93000/500000: consistency_loss=0.0001  pi_loss=-1.6946  reward_loss=0.0133  total_loss=0.0351  value_loss=0.3106
  update  93500/500000: consistency_loss=0.0002  pi_loss=-1.7128  reward_loss=0.0355  total_loss=0.0366  value_loss=0.2987
  update  94000/500000: consistency_loss=0.0001  pi_loss=-1.7363  reward_loss=0.0307  total_loss=0.0359  value_loss=0.2987
  update  94500/500000: consistency_loss=0.0001  pi_loss=-1.7309  reward_loss=0.0237  total_loss=0.0343  value_loss=0.2946
  update  95000/500000: consistency_loss=0.0001  pi_loss=-1.7284  reward_loss=0.0181  total_loss=0.0349  value_loss=0.3010
  update  95500/500000: consistency_loss=0.0001  pi_loss=-1.7497  reward_loss=0.0239  total_loss=0.0330  value_loss=0.2798
  update  96000/500000: consistency_loss=0.0001  pi_loss=-1.7356  reward_loss=0.0249  total_loss=0.0336  value_loss=0.2845
  update  96500/500000: consistency_loss=0.0001  pi_loss=-1.7380  reward_loss=0.0215  total_loss=0.0330  value_loss=0.2806
  update  97000/500000: consistency_loss=0.0001  pi_loss=-1.7240  reward_loss=0.0234  total_loss=0.0340  value_loss=0.2884
  update  97500/500000: consistency_loss=0.0001  pi_loss=-1.7245  reward_loss=0.0177  total_loss=0.0335  value_loss=0.2885
  update  98000/500000: consistency_loss=0.0001  pi_loss=-1.6976  reward_loss=0.0207  total_loss=0.0338  value_loss=0.2887
  update  98500/500000: consistency_loss=0.0001  pi_loss=-1.6996  reward_loss=0.0246  total_loss=0.0333  value_loss=0.2817
  update  99000/500000: consistency_loss=0.0002  pi_loss=-1.6759  reward_loss=0.0219  total_loss=0.0330  value_loss=0.2753
  update  99500/500000: consistency_loss=0.0001  pi_loss=-1.6684  reward_loss=0.0201  total_loss=0.0339  value_loss=0.2926
  update 100000/500000: consistency_loss=0.0001  pi_loss=-1.6591  reward_loss=0.0381  total_loss=0.0340  value_loss=0.2745
Saved checkpoint at update 100000
  update 100500/500000: consistency_loss=0.0001  pi_loss=-1.6536  reward_loss=0.0209  total_loss=0.0329  value_loss=0.2790
  update 101000/500000: consistency_loss=0.0001  pi_loss=-1.6559  reward_loss=0.0232  total_loss=0.0322  value_loss=0.2702
  update 101500/500000: consistency_loss=0.0001  pi_loss=-1.6769  reward_loss=0.0235  total_loss=0.0340  value_loss=0.2878
  update 102000/500000: consistency_loss=0.0001  pi_loss=-1.7094  reward_loss=0.0251  total_loss=0.0341  value_loss=0.2899
  update 102500/500000: consistency_loss=0.0002  pi_loss=-1.6952  reward_loss=0.0180  total_loss=0.0335  value_loss=0.2825
  update 103000/500000: consistency_loss=0.0002  pi_loss=-1.6622  reward_loss=0.0220  total_loss=0.0334  value_loss=0.2805
  update 103500/500000: consistency_loss=0.0001  pi_loss=-1.6432  reward_loss=0.0083  total_loss=0.0319  value_loss=0.2845
  update 104000/500000: consistency_loss=0.0001  pi_loss=-1.6445  reward_loss=0.0142  total_loss=0.0307  value_loss=0.2647
  update 104500/500000: consistency_loss=0.0001  pi_loss=-1.5996  reward_loss=0.0218  total_loss=0.0337  value_loss=0.2872
  update 105000/500000: consistency_loss=0.0001  pi_loss=-1.5413  reward_loss=0.0282  total_loss=0.0343  value_loss=0.2881
  update 105500/500000: consistency_loss=0.0001  pi_loss=-1.5089  reward_loss=0.0176  total_loss=0.0317  value_loss=0.2723
  update 106000/500000: consistency_loss=0.0002  pi_loss=-1.5479  reward_loss=0.0389  total_loss=0.0353  value_loss=0.2815
  update 106500/500000: consistency_loss=0.0002  pi_loss=-1.5050  reward_loss=0.0244  total_loss=0.0343  value_loss=0.2876
  update 107000/500000: consistency_loss=0.0001  pi_loss=-1.5316  reward_loss=0.0161  total_loss=0.0322  value_loss=0.2788
  update 107500/500000: consistency_loss=0.0001  pi_loss=-1.5038  reward_loss=0.0167  total_loss=0.0328  value_loss=0.2829
  update 108000/500000: consistency_loss=0.0001  pi_loss=-1.5075  reward_loss=0.0252  total_loss=0.0339  value_loss=0.2865
  update 108500/500000: consistency_loss=0.0001  pi_loss=-1.4541  reward_loss=0.0304  total_loss=0.0339  value_loss=0.2829
  update 109000/500000: consistency_loss=0.0001  pi_loss=-1.4562  reward_loss=0.0186  total_loss=0.0342  value_loss=0.2951
  update 109500/500000: consistency_loss=0.0001  pi_loss=-1.4175  reward_loss=0.0196  total_loss=0.0332  value_loss=0.2853
  update 110000/500000: consistency_loss=0.0001  pi_loss=-1.3884  reward_loss=0.0251  total_loss=0.0338  value_loss=0.2835
  update 110500/500000: consistency_loss=0.0001  pi_loss=-1.3453  reward_loss=0.0132  total_loss=0.0323  value_loss=0.2872
  update 111000/500000: consistency_loss=0.0001  pi_loss=-1.2822  reward_loss=0.0203  total_loss=0.0318  value_loss=0.2721
  update 111500/500000: consistency_loss=0.0001  pi_loss=-1.2912  reward_loss=0.0252  total_loss=0.0340  value_loss=0.2888
  update 112000/500000: consistency_loss=0.0001  pi_loss=-1.2529  reward_loss=0.0194  total_loss=0.0331  value_loss=0.2834
  update 112500/500000: consistency_loss=0.0002  pi_loss=-1.2940  reward_loss=0.0282  total_loss=0.0349  value_loss=0.2896
  update 113000/500000: consistency_loss=0.0001  pi_loss=-1.2866  reward_loss=0.0126  total_loss=0.0338  value_loss=0.2966
  update 113500/500000: consistency_loss=0.0001  pi_loss=-1.2710  reward_loss=0.0292  total_loss=0.0344  value_loss=0.2850
  update 114000/500000: consistency_loss=0.0001  pi_loss=-1.2479  reward_loss=0.0269  total_loss=0.0332  value_loss=0.2814
  update 114500/500000: consistency_loss=0.0001  pi_loss=-1.1951  reward_loss=0.0229  total_loss=0.0337  value_loss=0.2888
  update 115000/500000: consistency_loss=0.0001  pi_loss=-1.1657  reward_loss=0.0220  total_loss=0.0339  value_loss=0.2886
  update 115500/500000: consistency_loss=0.0001  pi_loss=-1.1269  reward_loss=0.0218  total_loss=0.0330  value_loss=0.2784
  update 116000/500000: consistency_loss=0.0001  pi_loss=-1.0946  reward_loss=0.0227  total_loss=0.0355  value_loss=0.3035
  update 116500/500000: consistency_loss=0.0001  pi_loss=-1.0907  reward_loss=0.0241  total_loss=0.0341  value_loss=0.2906
  update 117000/500000: consistency_loss=0.0001  pi_loss=-1.1025  reward_loss=0.0235  total_loss=0.0349  value_loss=0.3003
  update 117500/500000: consistency_loss=0.0002  pi_loss=-1.1061  reward_loss=0.0257  total_loss=0.0359  value_loss=0.3014
  update 118000/500000: consistency_loss=0.0001  pi_loss=-1.1168  reward_loss=0.0166  total_loss=0.0347  value_loss=0.3031
  update 118500/500000: consistency_loss=0.0001  pi_loss=-1.1225  reward_loss=0.0162  total_loss=0.0335  value_loss=0.2924
  update 119000/500000: consistency_loss=0.0001  pi_loss=-1.1590  reward_loss=0.0157  total_loss=0.0333  value_loss=0.2943
  update 119500/500000: consistency_loss=0.0001  pi_loss=-1.1478  reward_loss=0.0200  total_loss=0.0335  value_loss=0.2909
  update 120000/500000: consistency_loss=0.0001  pi_loss=-1.1361  reward_loss=0.0207  total_loss=0.0343  value_loss=0.2949
  update 120500/500000: consistency_loss=0.0001  pi_loss=-1.1196  reward_loss=0.0142  total_loss=0.0316  value_loss=0.2776
  update 121000/500000: consistency_loss=0.0001  pi_loss=-1.1119  reward_loss=0.0196  total_loss=0.0336  value_loss=0.2930
  update 121500/500000: consistency_loss=0.0001  pi_loss=-1.0855  reward_loss=0.0188  total_loss=0.0339  value_loss=0.2972
  update 122000/500000: consistency_loss=0.0001  pi_loss=-1.0997  reward_loss=0.0386  total_loss=0.0376  value_loss=0.3087
  update 122500/500000: consistency_loss=0.0001  pi_loss=-1.0969  reward_loss=0.0324  total_loss=0.0355  value_loss=0.2977
  update 123000/500000: consistency_loss=0.0001  pi_loss=-1.0937  reward_loss=0.0329  total_loss=0.0351  value_loss=0.2922
  update 123500/500000: consistency_loss=0.0001  pi_loss=-1.0788  reward_loss=0.0114  total_loss=0.0318  value_loss=0.2838
  update 124000/500000: consistency_loss=0.0001  pi_loss=-1.0898  reward_loss=0.0154  total_loss=0.0297  value_loss=0.2586
  update 124500/500000: consistency_loss=0.0001  pi_loss=-1.1070  reward_loss=0.0336  total_loss=0.0334  value_loss=0.2740
  update 125000/500000: consistency_loss=0.0001  pi_loss=-1.1052  reward_loss=0.0193  total_loss=0.0316  value_loss=0.2708
  update 125500/500000: consistency_loss=0.0001  pi_loss=-1.0859  reward_loss=0.0150  total_loss=0.0328  value_loss=0.2838
  update 126000/500000: consistency_loss=0.0001  pi_loss=-1.0731  reward_loss=0.0252  total_loss=0.0327  value_loss=0.2760
  update 126500/500000: consistency_loss=0.0001  pi_loss=-1.0784  reward_loss=0.0216  total_loss=0.0330  value_loss=0.2819
  update 127000/500000: consistency_loss=0.0001  pi_loss=-1.0623  reward_loss=0.0118  total_loss=0.0314  value_loss=0.2815
  update 127500/500000: consistency_loss=0.0001  pi_loss=-1.0792  reward_loss=0.0175  total_loss=0.0305  value_loss=0.2635
  update 128000/500000: consistency_loss=0.0001  pi_loss=-1.1068  reward_loss=0.0274  total_loss=0.0345  value_loss=0.2951
  update 128500/500000: consistency_loss=0.0001  pi_loss=-1.0850  reward_loss=0.0197  total_loss=0.0331  value_loss=0.2905
  update 129000/500000: consistency_loss=0.0001  pi_loss=-1.0998  reward_loss=0.0230  total_loss=0.0345  value_loss=0.2962
  update 129500/500000: consistency_loss=0.0001  pi_loss=-1.1136  reward_loss=0.0192  total_loss=0.0329  value_loss=0.2863
  update 130000/500000: consistency_loss=0.0001  pi_loss=-1.1032  reward_loss=0.0167  total_loss=0.0344  value_loss=0.3024
  update 130500/500000: consistency_loss=0.0001  pi_loss=-1.1055  reward_loss=0.0260  total_loss=0.0337  value_loss=0.2863
  update 131000/500000: consistency_loss=0.0001  pi_loss=-1.1276  reward_loss=0.0257  total_loss=0.0343  value_loss=0.2931
  update 131500/500000: consistency_loss=0.0001  pi_loss=-1.1436  reward_loss=0.0187  total_loss=0.0329  value_loss=0.2895
  update 132000/500000: consistency_loss=0.0001  pi_loss=-1.1429  reward_loss=0.0205  total_loss=0.0344  value_loss=0.2992
  update 132500/500000: consistency_loss=0.0001  pi_loss=-1.1489  reward_loss=0.0171  total_loss=0.0349  value_loss=0.3081
  update 133000/500000: consistency_loss=0.0001  pi_loss=-1.1511  reward_loss=0.0189  total_loss=0.0347  value_loss=0.3023
  update 133500/500000: consistency_loss=0.0001  pi_loss=-1.1469  reward_loss=0.0165  total_loss=0.0354  value_loss=0.3149
  update 134000/500000: consistency_loss=0.0001  pi_loss=-1.1286  reward_loss=0.0123  total_loss=0.0353  value_loss=0.3165
  update 134500/500000: consistency_loss=0.0001  pi_loss=-1.1173  reward_loss=0.0160  total_loss=0.0358  value_loss=0.3177
  update 135000/500000: consistency_loss=0.0001  pi_loss=-1.0945  reward_loss=0.0234  total_loss=0.0363  value_loss=0.3167
  update 135500/500000: consistency_loss=0.0001  pi_loss=-1.0759  reward_loss=0.0254  total_loss=0.0351  value_loss=0.3009
  update 136000/500000: consistency_loss=0.0001  pi_loss=-1.0809  reward_loss=0.0314  total_loss=0.0360  value_loss=0.3032
  update 136500/500000: consistency_loss=0.0001  pi_loss=-1.0475  reward_loss=0.0136  total_loss=0.0344  value_loss=0.3079
  update 137000/500000: consistency_loss=0.0001  pi_loss=-1.0508  reward_loss=0.0348  total_loss=0.0361  value_loss=0.3016
  update 137500/500000: consistency_loss=0.0001  pi_loss=-1.0265  reward_loss=0.0202  total_loss=0.0360  value_loss=0.3159
  update 138000/500000: consistency_loss=0.0001  pi_loss=-1.0252  reward_loss=0.0252  total_loss=0.0346  value_loss=0.2920
  update 138500/500000: consistency_loss=0.0001  pi_loss=-1.0660  reward_loss=0.0191  total_loss=0.0346  value_loss=0.3062
  update 139000/500000: consistency_loss=0.0001  pi_loss=-1.0588  reward_loss=0.0230  total_loss=0.0354  value_loss=0.3064
  update 139500/500000: consistency_loss=0.0001  pi_loss=-1.0572  reward_loss=0.0214  total_loss=0.0352  value_loss=0.3034
  update 140000/500000: consistency_loss=0.0002  pi_loss=-1.0439  reward_loss=0.0200  total_loss=0.0344  value_loss=0.2916
  update 140500/500000: consistency_loss=0.0001  pi_loss=-1.0638  reward_loss=0.0278  total_loss=0.0339  value_loss=0.2899
  update 141000/500000: consistency_loss=0.0001  pi_loss=-1.0829  reward_loss=0.0218  total_loss=0.0346  value_loss=0.2994
  update 141500/500000: consistency_loss=0.0001  pi_loss=-1.0804  reward_loss=0.0318  total_loss=0.0356  value_loss=0.2964
  update 142000/500000: consistency_loss=0.0001  pi_loss=-1.0729  reward_loss=0.0182  total_loss=0.0336  value_loss=0.2969
  update 142500/500000: consistency_loss=0.0001  pi_loss=-1.0750  reward_loss=0.0104  total_loss=0.0340  value_loss=0.3060
  update 143000/500000: consistency_loss=0.0001  pi_loss=-1.0676  reward_loss=0.0260  total_loss=0.0357  value_loss=0.3077
  update 143500/500000: consistency_loss=0.0001  pi_loss=-1.0578  reward_loss=0.0245  total_loss=0.0357  value_loss=0.3079
  update 144000/500000: consistency_loss=0.0001  pi_loss=-1.0412  reward_loss=0.0192  total_loss=0.0357  value_loss=0.3167
  update 144500/500000: consistency_loss=0.0001  pi_loss=-1.0262  reward_loss=0.0253  total_loss=0.0372  value_loss=0.3231
  update 145000/500000: consistency_loss=0.0001  pi_loss=-1.0116  reward_loss=0.0261  total_loss=0.0378  value_loss=0.3263
  update 145500/500000: consistency_loss=0.0001  pi_loss=-0.9949  reward_loss=0.0211  total_loss=0.0361  value_loss=0.3151
  update 146000/500000: consistency_loss=0.0001  pi_loss=-0.9976  reward_loss=0.0392  total_loss=0.0368  value_loss=0.3068
  update 146500/500000: consistency_loss=0.0001  pi_loss=-0.9510  reward_loss=0.0125  total_loss=0.0357  value_loss=0.3195
  update 147000/500000: consistency_loss=0.0001  pi_loss=-0.9454  reward_loss=0.0274  total_loss=0.0346  value_loss=0.2982
  update 147500/500000: consistency_loss=0.0001  pi_loss=-0.9585  reward_loss=0.0294  total_loss=0.0349  value_loss=0.2973
  update 148000/500000: consistency_loss=0.0001  pi_loss=-0.9364  reward_loss=0.0287  total_loss=0.0362  value_loss=0.3088
  update 148500/500000: consistency_loss=0.0001  pi_loss=-0.9338  reward_loss=0.0215  total_loss=0.0340  value_loss=0.2966
  update 149000/500000: consistency_loss=0.0001  pi_loss=-0.9431  reward_loss=0.0181  total_loss=0.0349  value_loss=0.3120
  update 149500/500000: consistency_loss=0.0001  pi_loss=-0.9265  reward_loss=0.0179  total_loss=0.0343  value_loss=0.3012
  update 150000/500000: consistency_loss=0.0001  pi_loss=-0.9141  reward_loss=0.0163  total_loss=0.0338  value_loss=0.2992
  update 150500/500000: consistency_loss=0.0001  pi_loss=-0.9081  reward_loss=0.0242  total_loss=0.0355  value_loss=0.3058
  update 151000/500000: consistency_loss=0.0001  pi_loss=-0.9066  reward_loss=0.0129  total_loss=0.0348  value_loss=0.3145
  update 151500/500000: consistency_loss=0.0001  pi_loss=-0.9213  reward_loss=0.0236  total_loss=0.0362  value_loss=0.3105
  update 152000/500000: consistency_loss=0.0001  pi_loss=-0.8798  reward_loss=0.0163  total_loss=0.0374  value_loss=0.3277
  update 152500/500000: consistency_loss=0.0001  pi_loss=-0.9011  reward_loss=0.0105  total_loss=0.0349  value_loss=0.3168
  update 153000/500000: consistency_loss=0.0001  pi_loss=-0.8873  reward_loss=0.0257  total_loss=0.0353  value_loss=0.3076
  update 153500/500000: consistency_loss=0.0001  pi_loss=-0.8597  reward_loss=0.0209  total_loss=0.0347  value_loss=0.3055
  update 154000/500000: consistency_loss=0.0001  pi_loss=-0.8524  reward_loss=0.0249  total_loss=0.0356  value_loss=0.3086
  update 154500/500000: consistency_loss=0.0001  pi_loss=-0.8327  reward_loss=0.0126  total_loss=0.0341  value_loss=0.3102
  update 155000/500000: consistency_loss=0.0001  pi_loss=-0.8305  reward_loss=0.0127  total_loss=0.0344  value_loss=0.3074
  update 155500/500000: consistency_loss=0.0001  pi_loss=-0.8427  reward_loss=0.0184  total_loss=0.0351  value_loss=0.3091
  update 156000/500000: consistency_loss=0.0001  pi_loss=-0.8392  reward_loss=0.0148  total_loss=0.0372  value_loss=0.3337
  update 156500/500000: consistency_loss=0.0001  pi_loss=-0.8330  reward_loss=0.0258  total_loss=0.0371  value_loss=0.3232
  update 157000/500000: consistency_loss=0.0001  pi_loss=-0.8290  reward_loss=0.0212  total_loss=0.0362  value_loss=0.3190
  update 157500/500000: consistency_loss=0.0001  pi_loss=-0.8325  reward_loss=0.0261  total_loss=0.0366  value_loss=0.3174
  update 158000/500000: consistency_loss=0.0001  pi_loss=-0.8198  reward_loss=0.0271  total_loss=0.0354  value_loss=0.3042
  update 158500/500000: consistency_loss=0.0001  pi_loss=-0.8470  reward_loss=0.0306  total_loss=0.0367  value_loss=0.3088
  update 159000/500000: consistency_loss=0.0001  pi_loss=-0.8654  reward_loss=0.0236  total_loss=0.0356  value_loss=0.3117
  update 159500/500000: consistency_loss=0.0001  pi_loss=-0.8749  reward_loss=0.0203  total_loss=0.0367  value_loss=0.3211
  update 160000/500000: consistency_loss=0.0001  pi_loss=-0.8725  reward_loss=0.0148  total_loss=0.0352  value_loss=0.3207
  update 160500/500000: consistency_loss=0.0001  pi_loss=-0.9005  reward_loss=0.0258  total_loss=0.0363  value_loss=0.3148
  update 161000/500000: consistency_loss=0.0001  pi_loss=-0.9084  reward_loss=0.0282  total_loss=0.0369  value_loss=0.3168
  update 161500/500000: consistency_loss=0.0001  pi_loss=-0.9046  reward_loss=0.0217  total_loss=0.0356  value_loss=0.3150
  update 162000/500000: consistency_loss=0.0001  pi_loss=-0.9175  reward_loss=0.0184  total_loss=0.0359  value_loss=0.3148
  update 162500/500000: consistency_loss=0.0001  pi_loss=-0.9188  reward_loss=0.0149  total_loss=0.0358  value_loss=0.3221
  update 163000/500000: consistency_loss=0.0001  pi_loss=-0.9328  reward_loss=0.0225  total_loss=0.0361  value_loss=0.3159
  update 163500/500000: consistency_loss=0.0001  pi_loss=-0.8819  reward_loss=0.0332  total_loss=0.0371  value_loss=0.3162
  update 164000/500000: consistency_loss=0.0001  pi_loss=-0.8660  reward_loss=0.0241  total_loss=0.0346  value_loss=0.2990
  update 164500/500000: consistency_loss=0.0001  pi_loss=-0.8631  reward_loss=0.0221  total_loss=0.0346  value_loss=0.2979
  update 165000/500000: consistency_loss=0.0001  pi_loss=-0.8632  reward_loss=0.0321  total_loss=0.0363  value_loss=0.3088
  update 165500/500000: consistency_loss=0.0001  pi_loss=-0.8308  reward_loss=0.0192  total_loss=0.0354  value_loss=0.3152
  update 166000/500000: consistency_loss=0.0001  pi_loss=-0.8113  reward_loss=0.0283  total_loss=0.0367  value_loss=0.3185
  update 166500/500000: consistency_loss=0.0001  pi_loss=-0.7901  reward_loss=0.0258  total_loss=0.0370  value_loss=0.3239
  update 167000/500000: consistency_loss=0.0001  pi_loss=-0.7925  reward_loss=0.0131  total_loss=0.0363  value_loss=0.3326
  update 167500/500000: consistency_loss=0.0001  pi_loss=-0.7879  reward_loss=0.0236  total_loss=0.0365  value_loss=0.3201
  update 168000/500000: consistency_loss=0.0001  pi_loss=-0.8020  reward_loss=0.0224  total_loss=0.0379  value_loss=0.3380
  update 168500/500000: consistency_loss=0.0001  pi_loss=-0.7900  reward_loss=0.0260  total_loss=0.0362  value_loss=0.3130
  update 169000/500000: consistency_loss=0.0001  pi_loss=-0.7892  reward_loss=0.0180  total_loss=0.0358  value_loss=0.3188
  update 169500/500000: consistency_loss=0.0001  pi_loss=-0.7790  reward_loss=0.0326  total_loss=0.0373  value_loss=0.3168
  update 170000/500000: consistency_loss=0.0001  pi_loss=-0.7730  reward_loss=0.0173  total_loss=0.0354  value_loss=0.3199
  update 170500/500000: consistency_loss=0.0001  pi_loss=-0.7617  reward_loss=0.0295  total_loss=0.0365  value_loss=0.3139
  update 171000/500000: consistency_loss=0.0001  pi_loss=-0.7707  reward_loss=0.0216  total_loss=0.0355  value_loss=0.3101
  update 171500/500000: consistency_loss=0.0001  pi_loss=-0.7601  reward_loss=0.0275  total_loss=0.0361  value_loss=0.3144
  update 172000/500000: consistency_loss=0.0001  pi_loss=-0.7536  reward_loss=0.0251  total_loss=0.0368  value_loss=0.3249
  update 172500/500000: consistency_loss=0.0001  pi_loss=-0.7207  reward_loss=0.0207  total_loss=0.0368  value_loss=0.3220
  update 173000/500000: consistency_loss=0.0001  pi_loss=-0.7275  reward_loss=0.0250  total_loss=0.0368  value_loss=0.3229
  update 173500/500000: consistency_loss=0.0001  pi_loss=-0.7474  reward_loss=0.0206  total_loss=0.0374  value_loss=0.3312
  update 174000/500000: consistency_loss=0.0001  pi_loss=-0.7373  reward_loss=0.0194  total_loss=0.0372  value_loss=0.3329
  update 174500/500000: consistency_loss=0.0001  pi_loss=-0.7219  reward_loss=0.0281  total_loss=0.0374  value_loss=0.3230
  update 175000/500000: consistency_loss=0.0001  pi_loss=-0.7217  reward_loss=0.0190  total_loss=0.0361  value_loss=0.3220
  update 175500/500000: consistency_loss=0.0001  pi_loss=-0.7160  reward_loss=0.0198  total_loss=0.0368  value_loss=0.3227
  update 176000/500000: consistency_loss=0.0001  pi_loss=-0.7103  reward_loss=0.0220  total_loss=0.0353  value_loss=0.3061
  update 176500/500000: consistency_loss=0.0001  pi_loss=-0.7184  reward_loss=0.0232  total_loss=0.0344  value_loss=0.2992
  update 177000/500000: consistency_loss=0.0001  pi_loss=-0.7173  reward_loss=0.0216  total_loss=0.0346  value_loss=0.3023
  update 177500/500000: consistency_loss=0.0001  pi_loss=-0.7103  reward_loss=0.0226  total_loss=0.0352  value_loss=0.3074
  update 178000/500000: consistency_loss=0.0001  pi_loss=-0.7108  reward_loss=0.0218  total_loss=0.0356  value_loss=0.3152
  update 178500/500000: consistency_loss=0.0001  pi_loss=-0.7040  reward_loss=0.0280  total_loss=0.0358  value_loss=0.3101
  update 179000/500000: consistency_loss=0.0001  pi_loss=-0.7043  reward_loss=0.0151  total_loss=0.0358  value_loss=0.3195
  update 179500/500000: consistency_loss=0.0001  pi_loss=-0.7039  reward_loss=0.0332  total_loss=0.0370  value_loss=0.3177
  update 180000/500000: consistency_loss=0.0001  pi_loss=-0.7014  reward_loss=0.0443  total_loss=0.0376  value_loss=0.3122
  update 180500/500000: consistency_loss=0.0001  pi_loss=-0.6814  reward_loss=0.0087  total_loss=0.0352  value_loss=0.3192
  update 181000/500000: consistency_loss=0.0001  pi_loss=-0.6857  reward_loss=0.0166  total_loss=0.0343  value_loss=0.3050
  update 181500/500000: consistency_loss=0.0001  pi_loss=-0.6963  reward_loss=0.0170  total_loss=0.0356  value_loss=0.3202
  update 182000/500000: consistency_loss=0.0001  pi_loss=-0.6869  reward_loss=0.0122  total_loss=0.0329  value_loss=0.2984
  update 182500/500000: consistency_loss=0.0001  pi_loss=-0.6752  reward_loss=0.0222  total_loss=0.0357  value_loss=0.3107
  update 183000/500000: consistency_loss=0.0001  pi_loss=-0.6759  reward_loss=0.0212  total_loss=0.0356  value_loss=0.3137
  update 183500/500000: consistency_loss=0.0001  pi_loss=-0.6899  reward_loss=0.0256  total_loss=0.0350  value_loss=0.3054
  update 184000/500000: consistency_loss=0.0001  pi_loss=-0.6633  reward_loss=0.0172  total_loss=0.0365  value_loss=0.3242
  update 184500/500000: consistency_loss=0.0001  pi_loss=-0.6890  reward_loss=0.0181  total_loss=0.0336  value_loss=0.2960
  update 185000/500000: consistency_loss=0.0001  pi_loss=-0.6806  reward_loss=0.0185  total_loss=0.0347  value_loss=0.3085
  update 185500/500000: consistency_loss=0.0001  pi_loss=-0.6942  reward_loss=0.0240  total_loss=0.0346  value_loss=0.3022
  update 186000/500000: consistency_loss=0.0001  pi_loss=-0.6948  reward_loss=0.0230  total_loss=0.0378  value_loss=0.3310
  update 186500/500000: consistency_loss=0.0001  pi_loss=-0.7009  reward_loss=0.0179  total_loss=0.0359  value_loss=0.3213
  update 187000/500000: consistency_loss=0.0001  pi_loss=-0.7305  reward_loss=0.0325  total_loss=0.0372  value_loss=0.3170
  update 187500/500000: consistency_loss=0.0001  pi_loss=-0.7199  reward_loss=0.0176  total_loss=0.0367  value_loss=0.3302
  update 188000/500000: consistency_loss=0.0001  pi_loss=-0.6964  reward_loss=0.0199  total_loss=0.0350  value_loss=0.3139
  update 188500/500000: consistency_loss=0.0001  pi_loss=-0.7103  reward_loss=0.0091  total_loss=0.0350  value_loss=0.3201
  update 189000/500000: consistency_loss=0.0001  pi_loss=-0.6914  reward_loss=0.0226  total_loss=0.0354  value_loss=0.3086
  update 189500/500000: consistency_loss=0.0001  pi_loss=-0.6986  reward_loss=0.0158  total_loss=0.0343  value_loss=0.3105
  update 190000/500000: consistency_loss=0.0001  pi_loss=-0.6810  reward_loss=0.0155  total_loss=0.0355  value_loss=0.3169
  update 190500/500000: consistency_loss=0.0001  pi_loss=-0.6936  reward_loss=0.0257  total_loss=0.0369  value_loss=0.3227
  update 191000/500000: consistency_loss=0.0001  pi_loss=-0.7106  reward_loss=0.0285  total_loss=0.0375  value_loss=0.3229
  update 191500/500000: consistency_loss=0.0001  pi_loss=-0.7105  reward_loss=0.0216  total_loss=0.0354  value_loss=0.3112
  update 192000/500000: consistency_loss=0.0001  pi_loss=-0.7268  reward_loss=0.0282  total_loss=0.0369  value_loss=0.3204
  update 192500/500000: consistency_loss=0.0001  pi_loss=-0.7353  reward_loss=0.0183  total_loss=0.0357  value_loss=0.3221
  update 193000/500000: consistency_loss=0.0001  pi_loss=-0.7365  reward_loss=0.0338  total_loss=0.0372  value_loss=0.3129
  update 193500/500000: consistency_loss=0.0001  pi_loss=-0.7487  reward_loss=0.0230  total_loss=0.0364  value_loss=0.3213
  update 194000/500000: consistency_loss=0.0001  pi_loss=-0.7475  reward_loss=0.0375  total_loss=0.0374  value_loss=0.3157
  update 194500/500000: consistency_loss=0.0001  pi_loss=-0.7277  reward_loss=0.0196  total_loss=0.0362  value_loss=0.3221
  update 195000/500000: consistency_loss=0.0001  pi_loss=-0.7391  reward_loss=0.0246  total_loss=0.0358  value_loss=0.3150
  update 195500/500000: consistency_loss=0.0001  pi_loss=-0.7414  reward_loss=0.0282  total_loss=0.0384  value_loss=0.3284
  update 196000/500000: consistency_loss=0.0001  pi_loss=-0.7264  reward_loss=0.0314  total_loss=0.0385  value_loss=0.3331
  update 196500/500000: consistency_loss=0.0001  pi_loss=-0.7154  reward_loss=0.0292  total_loss=0.0354  value_loss=0.3072
  update 197000/500000: consistency_loss=0.0001  pi_loss=-0.7022  reward_loss=0.0268  total_loss=0.0360  value_loss=0.3142
  update 197500/500000: consistency_loss=0.0001  pi_loss=-0.7084  reward_loss=0.0206  total_loss=0.0355  value_loss=0.3134
  update 198000/500000: consistency_loss=0.0001  pi_loss=-0.7031  reward_loss=0.0245  total_loss=0.0379  value_loss=0.3319
  update 198500/500000: consistency_loss=0.0001  pi_loss=-0.7038  reward_loss=0.0113  total_loss=0.0349  value_loss=0.3184
  update 199000/500000: consistency_loss=0.0001  pi_loss=-0.7116  reward_loss=0.0221  total_loss=0.0361  value_loss=0.3185
  update 199500/500000: consistency_loss=0.0001  pi_loss=-0.6934  reward_loss=0.0221  total_loss=0.0364  value_loss=0.3251
  update 200000/500000: consistency_loss=0.0001  pi_loss=-0.7044  reward_loss=0.0187  total_loss=0.0354  value_loss=0.3143
Saved checkpoint at update 200000
  update 200500/500000: consistency_loss=0.0001  pi_loss=-0.7143  reward_loss=0.0205  total_loss=0.0365  value_loss=0.3253
  update 201000/500000: consistency_loss=0.0001  pi_loss=-0.7219  reward_loss=0.0219  total_loss=0.0367  value_loss=0.3257
  update 201500/500000: consistency_loss=0.0001  pi_loss=-0.7122  reward_loss=0.0361  total_loss=0.0371  value_loss=0.3142
  update 202000/500000: consistency_loss=0.0001  pi_loss=-0.7287  reward_loss=0.0179  total_loss=0.0356  value_loss=0.3199
  update 202500/500000: consistency_loss=0.0001  pi_loss=-0.7161  reward_loss=0.0277  total_loss=0.0360  value_loss=0.3133
  update 203000/500000: consistency_loss=0.0001  pi_loss=-0.7138  reward_loss=0.0202  total_loss=0.0356  value_loss=0.3158
  update 203500/500000: consistency_loss=0.0001  pi_loss=-0.7065  reward_loss=0.0248  total_loss=0.0361  value_loss=0.3172
  update 204000/500000: consistency_loss=0.0001  pi_loss=-0.7103  reward_loss=0.0246  total_loss=0.0359  value_loss=0.3149
  update 204500/500000: consistency_loss=0.0001  pi_loss=-0.7024  reward_loss=0.0293  total_loss=0.0374  value_loss=0.3222
  update 205000/500000: consistency_loss=0.0001  pi_loss=-0.7089  reward_loss=0.0178  total_loss=0.0348  value_loss=0.3129
  update 205500/500000: consistency_loss=0.0001  pi_loss=-0.7277  reward_loss=0.0167  total_loss=0.0349  value_loss=0.3124
  update 206000/500000: consistency_loss=0.0001  pi_loss=-0.7011  reward_loss=0.0212  total_loss=0.0368  value_loss=0.3271
  update 206500/500000: consistency_loss=0.0001  pi_loss=-0.7041  reward_loss=0.0199  total_loss=0.0366  value_loss=0.3260
  update 207000/500000: consistency_loss=0.0001  pi_loss=-0.7137  reward_loss=0.0248  total_loss=0.0377  value_loss=0.3324
  update 207500/500000: consistency_loss=0.0001  pi_loss=-0.7104  reward_loss=0.0142  total_loss=0.0363  value_loss=0.3313
  update 208000/500000: consistency_loss=0.0001  pi_loss=-0.7204  reward_loss=0.0261  total_loss=0.0365  value_loss=0.3188
  update 208500/500000: consistency_loss=0.0001  pi_loss=-0.7222  reward_loss=0.0186  total_loss=0.0358  value_loss=0.3228
  update 209000/500000: consistency_loss=0.0001  pi_loss=-0.7356  reward_loss=0.0257  total_loss=0.0366  value_loss=0.3202
  update 209500/500000: consistency_loss=0.0001  pi_loss=-0.7360  reward_loss=0.0163  total_loss=0.0353  value_loss=0.3199
  update 210000/500000: consistency_loss=0.0001  pi_loss=-0.7387  reward_loss=0.0309  total_loss=0.0367  value_loss=0.3104
  update 210500/500000: consistency_loss=0.0001  pi_loss=-0.7266  reward_loss=0.0177  total_loss=0.0357  value_loss=0.3195
  update 211000/500000: consistency_loss=0.0001  pi_loss=-0.7412  reward_loss=0.0199  total_loss=0.0360  value_loss=0.3182
  update 211500/500000: consistency_loss=0.0001  pi_loss=-0.7393  reward_loss=0.0325  total_loss=0.0371  value_loss=0.3172
  update 212000/500000: consistency_loss=0.0001  pi_loss=-0.7287  reward_loss=0.0160  total_loss=0.0358  value_loss=0.3218
  update 212500/500000: consistency_loss=0.0001  pi_loss=-0.7205  reward_loss=0.0243  total_loss=0.0350  value_loss=0.3066
  update 213000/500000: consistency_loss=0.0001  pi_loss=-0.7176  reward_loss=0.0315  total_loss=0.0371  value_loss=0.3183
  update 213500/500000: consistency_loss=0.0001  pi_loss=-0.7095  reward_loss=0.0244  total_loss=0.0357  value_loss=0.3143
  update 214000/500000: consistency_loss=0.0001  pi_loss=-0.6970  reward_loss=0.0199  total_loss=0.0365  value_loss=0.3284
  update 214500/500000: consistency_loss=0.0001  pi_loss=-0.7104  reward_loss=0.0165  total_loss=0.0353  value_loss=0.3170
  update 215000/500000: consistency_loss=0.0001  pi_loss=-0.7201  reward_loss=0.0207  total_loss=0.0351  value_loss=0.3124
  update 215500/500000: consistency_loss=0.0001  pi_loss=-0.7145  reward_loss=0.0288  total_loss=0.0377  value_loss=0.3243
  update 216000/500000: consistency_loss=0.0001  pi_loss=-0.7256  reward_loss=0.0242  total_loss=0.0374  value_loss=0.3300
  update 216500/500000: consistency_loss=0.0001  pi_loss=-0.7313  reward_loss=0.0275  total_loss=0.0365  value_loss=0.3179
  update 217000/500000: consistency_loss=0.0001  pi_loss=-0.7344  reward_loss=0.0210  total_loss=0.0348  value_loss=0.3097
  update 217500/500000: consistency_loss=0.0001  pi_loss=-0.7526  reward_loss=0.0126  total_loss=0.0358  value_loss=0.3253
  update 218000/500000: consistency_loss=0.0001  pi_loss=-0.7513  reward_loss=0.0227  total_loss=0.0357  value_loss=0.3154
  update 218500/500000: consistency_loss=0.0001  pi_loss=-0.7434  reward_loss=0.0287  total_loss=0.0358  value_loss=0.3109
  update 219000/500000: consistency_loss=0.0001  pi_loss=-0.7425  reward_loss=0.0204  total_loss=0.0352  value_loss=0.3085
  update 219500/500000: consistency_loss=0.0001  pi_loss=-0.7308  reward_loss=0.0283  total_loss=0.0383  value_loss=0.3292
  update 220000/500000: consistency_loss=0.0001  pi_loss=-0.7374  reward_loss=0.0197  total_loss=0.0348  value_loss=0.3095
  update 220500/500000: consistency_loss=0.0001  pi_loss=-0.7423  reward_loss=0.0275  total_loss=0.0356  value_loss=0.3070
  update 221000/500000: consistency_loss=0.0001  pi_loss=-0.7291  reward_loss=0.0230  total_loss=0.0351  value_loss=0.3085
  update 221500/500000: consistency_loss=0.0001  pi_loss=-0.7158  reward_loss=0.0084  total_loss=0.0341  value_loss=0.3127
  update 222000/500000: consistency_loss=0.0001  pi_loss=-0.7304  reward_loss=0.0223  total_loss=0.0359  value_loss=0.3175
  update 222500/500000: consistency_loss=0.0001  pi_loss=-0.7322  reward_loss=0.0284  total_loss=0.0352  value_loss=0.3046
  update 223000/500000: consistency_loss=0.0001  pi_loss=-0.7366  reward_loss=0.0210  total_loss=0.0362  value_loss=0.3200
  update 223500/500000: consistency_loss=0.0001  pi_loss=-0.7594  reward_loss=0.0246  total_loss=0.0360  value_loss=0.3166
  update 224000/500000: consistency_loss=0.0001  pi_loss=-0.7601  reward_loss=0.0184  total_loss=0.0349  value_loss=0.3092
  update 224500/500000: consistency_loss=0.0001  pi_loss=-0.7822  reward_loss=0.0229  total_loss=0.0368  value_loss=0.3268
  update 225000/500000: consistency_loss=0.0001  pi_loss=-0.7814  reward_loss=0.0154  total_loss=0.0368  value_loss=0.3322
  update 225500/500000: consistency_loss=0.0001  pi_loss=-0.7808  reward_loss=0.0241  total_loss=0.0351  value_loss=0.3085
  update 226000/500000: consistency_loss=0.0001  pi_loss=-0.7906  reward_loss=0.0212  total_loss=0.0344  value_loss=0.3059
  update 226500/500000: consistency_loss=0.0001  pi_loss=-0.8062  reward_loss=0.0185  total_loss=0.0335  value_loss=0.2971
  update 227000/500000: consistency_loss=0.0001  pi_loss=-0.7725  reward_loss=0.0217  total_loss=0.0351  value_loss=0.3107
  update 227500/500000: consistency_loss=0.0001  pi_loss=-0.7666  reward_loss=0.0153  total_loss=0.0346  value_loss=0.3143
  update 228000/500000: consistency_loss=0.0001  pi_loss=-0.7687  reward_loss=0.0169  total_loss=0.0362  value_loss=0.3215
  update 228500/500000: consistency_loss=0.0001  pi_loss=-0.7937  reward_loss=0.0243  total_loss=0.0351  value_loss=0.3077
  update 229000/500000: consistency_loss=0.0001  pi_loss=-0.7849  reward_loss=0.0429  total_loss=0.0374  value_loss=0.3142
  update 229500/500000: consistency_loss=0.0001  pi_loss=-0.7557  reward_loss=0.0223  total_loss=0.0371  value_loss=0.3288
  update 230000/500000: consistency_loss=0.0001  pi_loss=-0.7541  reward_loss=0.0205  total_loss=0.0360  value_loss=0.3219
  update 230500/500000: consistency_loss=0.0001  pi_loss=-0.7518  reward_loss=0.0287  total_loss=0.0375  value_loss=0.3280
  update 231000/500000: consistency_loss=0.0001  pi_loss=-0.7469  reward_loss=0.0286  total_loss=0.0368  value_loss=0.3240
  update 231500/500000: consistency_loss=0.0001  pi_loss=-0.7773  reward_loss=0.0250  total_loss=0.0375  value_loss=0.3279
  update 232000/500000: consistency_loss=0.0001  pi_loss=-0.7670  reward_loss=0.0236  total_loss=0.0351  value_loss=0.3106
  update 232500/500000: consistency_loss=0.0001  pi_loss=-0.7703  reward_loss=0.0219  total_loss=0.0357  value_loss=0.3160
  update 233000/500000: consistency_loss=0.0001  pi_loss=-0.7621  reward_loss=0.0212  total_loss=0.0338  value_loss=0.2998
  update 233500/500000: consistency_loss=0.0001  pi_loss=-0.7628  reward_loss=0.0152  total_loss=0.0341  value_loss=0.3059
  update 234000/500000: consistency_loss=0.0001  pi_loss=-0.7540  reward_loss=0.0167  total_loss=0.0352  value_loss=0.3148
  update 234500/500000: consistency_loss=0.0001  pi_loss=-0.7558  reward_loss=0.0242  total_loss=0.0347  value_loss=0.3019
  update 235000/500000: consistency_loss=0.0001  pi_loss=-0.7474  reward_loss=0.0217  total_loss=0.0346  value_loss=0.3072
  update 235500/500000: consistency_loss=0.0001  pi_loss=-0.7459  reward_loss=0.0261  total_loss=0.0339  value_loss=0.2928
  update 236000/500000: consistency_loss=0.0001  pi_loss=-0.7383  reward_loss=0.0272  total_loss=0.0350  value_loss=0.3031
  update 236500/500000: consistency_loss=0.0001  pi_loss=-0.7586  reward_loss=0.0255  total_loss=0.0347  value_loss=0.3037
  update 237000/500000: consistency_loss=0.0001  pi_loss=-0.7539  reward_loss=0.0277  total_loss=0.0355  value_loss=0.3073
  update 237500/500000: consistency_loss=0.0001  pi_loss=-0.7417  reward_loss=0.0223  total_loss=0.0357  value_loss=0.3128
  update 238000/500000: consistency_loss=0.0001  pi_loss=-0.7461  reward_loss=0.0224  total_loss=0.0352  value_loss=0.3119
  update 238500/500000: consistency_loss=0.0001  pi_loss=-0.7526  reward_loss=0.0209  total_loss=0.0360  value_loss=0.3164
  update 239000/500000: consistency_loss=0.0001  pi_loss=-0.7621  reward_loss=0.0333  total_loss=0.0373  value_loss=0.3177
  update 239500/500000: consistency_loss=0.0001  pi_loss=-0.7393  reward_loss=0.0194  total_loss=0.0358  value_loss=0.3203
  update 240000/500000: consistency_loss=0.0001  pi_loss=-0.7599  reward_loss=0.0253  total_loss=0.0354  value_loss=0.3059
  update 240500/500000: consistency_loss=0.0001  pi_loss=-0.7558  reward_loss=0.0147  total_loss=0.0349  value_loss=0.3147
  update 241000/500000: consistency_loss=0.0001  pi_loss=-0.7728  reward_loss=0.0268  total_loss=0.0362  value_loss=0.3146
  update 241500/500000: consistency_loss=0.0001  pi_loss=-0.7629  reward_loss=0.0289  total_loss=0.0352  value_loss=0.3049
  update 242000/500000: consistency_loss=0.0001  pi_loss=-0.7658  reward_loss=0.0192  total_loss=0.0351  value_loss=0.3142
  update 242500/500000: consistency_loss=0.0001  pi_loss=-0.7742  reward_loss=0.0277  total_loss=0.0351  value_loss=0.3069
  update 243000/500000: consistency_loss=0.0001  pi_loss=-0.7851  reward_loss=0.0307  total_loss=0.0373  value_loss=0.3234
  update 243500/500000: consistency_loss=0.0001  pi_loss=-0.7690  reward_loss=0.0203  total_loss=0.0350  value_loss=0.3099
  update 244000/500000: consistency_loss=0.0001  pi_loss=-0.7916  reward_loss=0.0261  total_loss=0.0366  value_loss=0.3217
  update 244500/500000: consistency_loss=0.0001  pi_loss=-0.7739  reward_loss=0.0202  total_loss=0.0336  value_loss=0.2991
  update 245000/500000: consistency_loss=0.0001  pi_loss=-0.7825  reward_loss=0.0222  total_loss=0.0360  value_loss=0.3191
  update 245500/500000: consistency_loss=0.0001  pi_loss=-0.7791  reward_loss=0.0178  total_loss=0.0338  value_loss=0.3039
  update 246000/500000: consistency_loss=0.0001  pi_loss=-0.7737  reward_loss=0.0168  total_loss=0.0348  value_loss=0.3113
  update 246500/500000: consistency_loss=0.0001  pi_loss=-0.7814  reward_loss=0.0252  total_loss=0.0341  value_loss=0.3012
  update 247000/500000: consistency_loss=0.0001  pi_loss=-0.7644  reward_loss=0.0282  total_loss=0.0353  value_loss=0.3055
  update 247500/500000: consistency_loss=0.0001  pi_loss=-0.7691  reward_loss=0.0298  total_loss=0.0352  value_loss=0.3046
  update 248000/500000: consistency_loss=0.0001  pi_loss=-0.7457  reward_loss=0.0189  total_loss=0.0352  value_loss=0.3142
  update 248500/500000: consistency_loss=0.0001  pi_loss=-0.7388  reward_loss=0.0277  total_loss=0.0365  value_loss=0.3177
  update 249000/500000: consistency_loss=0.0001  pi_loss=-0.7262  reward_loss=0.0269  total_loss=0.0347  value_loss=0.3034
  update 249500/500000: consistency_loss=0.0001  pi_loss=-0.7329  reward_loss=0.0274  total_loss=0.0335  value_loss=0.2908
  update 250000/500000: consistency_loss=0.0001  pi_loss=-0.7151  reward_loss=0.0219  total_loss=0.0337  value_loss=0.2917
  update 250500/500000: consistency_loss=0.0001  pi_loss=-0.7194  reward_loss=0.0277  total_loss=0.0333  value_loss=0.2859
  update 251000/500000: consistency_loss=0.0001  pi_loss=-0.7198  reward_loss=0.0243  total_loss=0.0322  value_loss=0.2783
  update 251500/500000: consistency_loss=0.0001  pi_loss=-0.7281  reward_loss=0.0178  total_loss=0.0337  value_loss=0.2985
  update 252000/500000: consistency_loss=0.0001  pi_loss=-0.6967  reward_loss=0.0346  total_loss=0.0350  value_loss=0.2973
  update 252500/500000: consistency_loss=0.0001  pi_loss=-0.7526  reward_loss=0.0206  total_loss=0.0349  value_loss=0.3111
  update 253000/500000: consistency_loss=0.0001  pi_loss=-0.7370  reward_loss=0.0111  total_loss=0.0328  value_loss=0.2999
  update 253500/500000: consistency_loss=0.0001  pi_loss=-0.7520  reward_loss=0.0297  total_loss=0.0344  value_loss=0.2983
  update 254000/500000: consistency_loss=0.0001  pi_loss=-0.7575  reward_loss=0.0209  total_loss=0.0328  value_loss=0.2863
  update 254500/500000: consistency_loss=0.0001  pi_loss=-0.7518  reward_loss=0.0229  total_loss=0.0329  value_loss=0.2886
  update 255000/500000: consistency_loss=0.0001  pi_loss=-0.7285  reward_loss=0.0105  total_loss=0.0336  value_loss=0.3081
  update 255500/500000: consistency_loss=0.0001  pi_loss=-0.7293  reward_loss=0.0286  total_loss=0.0359  value_loss=0.3118
  update 256000/500000: consistency_loss=0.0001  pi_loss=-0.7211  reward_loss=0.0272  total_loss=0.0360  value_loss=0.3152
  update 256500/500000: consistency_loss=0.0001  pi_loss=-0.7409  reward_loss=0.0291  total_loss=0.0355  value_loss=0.3082
  update 257000/500000: consistency_loss=0.0001  pi_loss=-0.7431  reward_loss=0.0214  total_loss=0.0347  value_loss=0.3078
  update 257500/500000: consistency_loss=0.0001  pi_loss=-0.6969  reward_loss=0.0124  total_loss=0.0335  value_loss=0.3046
  update 258000/500000: consistency_loss=0.0001  pi_loss=-0.7235  reward_loss=0.0237  total_loss=0.0352  value_loss=0.3100
  update 258500/500000: consistency_loss=0.0001  pi_loss=-0.7114  reward_loss=0.0244  total_loss=0.0356  value_loss=0.3139
  update 259000/500000: consistency_loss=0.0001  pi_loss=-0.7200  reward_loss=0.0194  total_loss=0.0348  value_loss=0.3118
  update 259500/500000: consistency_loss=0.0001  pi_loss=-0.7181  reward_loss=0.0232  total_loss=0.0347  value_loss=0.3072
  update 260000/500000: consistency_loss=0.0001  pi_loss=-0.7255  reward_loss=0.0136  total_loss=0.0338  value_loss=0.3044
  update 260500/500000: consistency_loss=0.0001  pi_loss=-0.7247  reward_loss=0.0249  total_loss=0.0349  value_loss=0.3029
  update 261000/500000: consistency_loss=0.0001  pi_loss=-0.7289  reward_loss=0.0243  total_loss=0.0352  value_loss=0.3100
  update 261500/500000: consistency_loss=0.0001  pi_loss=-0.7398  reward_loss=0.0214  total_loss=0.0347  value_loss=0.3078
  update 262000/500000: consistency_loss=0.0001  pi_loss=-0.7382  reward_loss=0.0219  total_loss=0.0353  value_loss=0.3121
  update 262500/500000: consistency_loss=0.0001  pi_loss=-0.7368  reward_loss=0.0176  total_loss=0.0363  value_loss=0.3236
  update 263000/500000: consistency_loss=0.0001  pi_loss=-0.7382  reward_loss=0.0292  total_loss=0.0354  value_loss=0.3043
  update 263500/500000: consistency_loss=0.0001  pi_loss=-0.7220  reward_loss=0.0175  total_loss=0.0344  value_loss=0.3064
  update 264000/500000: consistency_loss=0.0001  pi_loss=-0.7222  reward_loss=0.0148  total_loss=0.0343  value_loss=0.3092
  update 264500/500000: consistency_loss=0.0001  pi_loss=-0.7180  reward_loss=0.0212  total_loss=0.0362  value_loss=0.3203
  update 265000/500000: consistency_loss=0.0001  pi_loss=-0.7025  reward_loss=0.0214  total_loss=0.0346  value_loss=0.3077
  update 265500/500000: consistency_loss=0.0001  pi_loss=-0.6850  reward_loss=0.0217  total_loss=0.0349  value_loss=0.3084
  update 266000/500000: consistency_loss=0.0001  pi_loss=-0.7029  reward_loss=0.0255  total_loss=0.0353  value_loss=0.3115
  update 266500/500000: consistency_loss=0.0001  pi_loss=-0.6747  reward_loss=0.0206  total_loss=0.0351  value_loss=0.3106
  update 267000/500000: consistency_loss=0.0001  pi_loss=-0.6815  reward_loss=0.0275  total_loss=0.0345  value_loss=0.2992
  update 267500/500000: consistency_loss=0.0001  pi_loss=-0.6798  reward_loss=0.0110  total_loss=0.0342  value_loss=0.3113
  update 268000/500000: consistency_loss=0.0001  pi_loss=-0.6952  reward_loss=0.0165  total_loss=0.0349  value_loss=0.3179
  update 268500/500000: consistency_loss=0.0001  pi_loss=-0.6860  reward_loss=0.0238  total_loss=0.0337  value_loss=0.2988
  update 269000/500000: consistency_loss=0.0001  pi_loss=-0.6877  reward_loss=0.0153  total_loss=0.0335  value_loss=0.3041
  update 269500/500000: consistency_loss=0.0001  pi_loss=-0.6962  reward_loss=0.0280  total_loss=0.0359  value_loss=0.3086
  update 270000/500000: consistency_loss=0.0001  pi_loss=-0.6879  reward_loss=0.0258  total_loss=0.0346  value_loss=0.3018
  update 270500/500000: consistency_loss=0.0001  pi_loss=-0.6922  reward_loss=0.0257  total_loss=0.0357  value_loss=0.3137
  update 271000/500000: consistency_loss=0.0001  pi_loss=-0.6891  reward_loss=0.0153  total_loss=0.0345  value_loss=0.3113
  update 271500/500000: consistency_loss=0.0001  pi_loss=-0.6917  reward_loss=0.0205  total_loss=0.0349  value_loss=0.3100
  update 272000/500000: consistency_loss=0.0001  pi_loss=-0.6962  reward_loss=0.0256  total_loss=0.0353  value_loss=0.3060
  update 272500/500000: consistency_loss=0.0001  pi_loss=-0.6921  reward_loss=0.0146  total_loss=0.0342  value_loss=0.3106
  update 273000/500000: consistency_loss=0.0001  pi_loss=-0.6827  reward_loss=0.0257  total_loss=0.0356  value_loss=0.3134
  update 273500/500000: consistency_loss=0.0001  pi_loss=-0.6760  reward_loss=0.0196  total_loss=0.0342  value_loss=0.3067
  update 274000/500000: consistency_loss=0.0001  pi_loss=-0.6453  reward_loss=0.0277  total_loss=0.0344  value_loss=0.2994
  update 274500/500000: consistency_loss=0.0001  pi_loss=-0.6448  reward_loss=0.0263  total_loss=0.0359  value_loss=0.3155
  update 275000/500000: consistency_loss=0.0001  pi_loss=-0.6422  reward_loss=0.0298  total_loss=0.0356  value_loss=0.3041
  update 275500/500000: consistency_loss=0.0001  pi_loss=-0.6466  reward_loss=0.0583  total_loss=0.0405  value_loss=0.3192
  update 276000/500000: consistency_loss=0.0001  pi_loss=-0.6258  reward_loss=0.0106  total_loss=0.0333  value_loss=0.3054
  update 276500/500000: consistency_loss=0.0001  pi_loss=-0.6438  reward_loss=0.0331  total_loss=0.0353  value_loss=0.3033
  update 277000/500000: consistency_loss=0.0001  pi_loss=-0.6498  reward_loss=0.0205  total_loss=0.0355  value_loss=0.3170
  update 277500/500000: consistency_loss=0.0001  pi_loss=-0.6401  reward_loss=0.0117  total_loss=0.0337  value_loss=0.3077
  update 278000/500000: consistency_loss=0.0001  pi_loss=-0.6607  reward_loss=0.0186  total_loss=0.0343  value_loss=0.3041
  update 278500/500000: consistency_loss=0.0001  pi_loss=-0.6524  reward_loss=0.0160  total_loss=0.0344  value_loss=0.3125
  update 279000/500000: consistency_loss=0.0001  pi_loss=-0.6832  reward_loss=0.0151  total_loss=0.0340  value_loss=0.3088
  update 279500/500000: consistency_loss=0.0001  pi_loss=-0.6804  reward_loss=0.0306  total_loss=0.0348  value_loss=0.3007
  update 280000/500000: consistency_loss=0.0001  pi_loss=-0.6896  reward_loss=0.0210  total_loss=0.0320  value_loss=0.2820
  update 280500/500000: consistency_loss=0.0001  pi_loss=-0.7125  reward_loss=0.0273  total_loss=0.0355  value_loss=0.3081
  update 281000/500000: consistency_loss=0.0001  pi_loss=-0.7084  reward_loss=0.0210  total_loss=0.0333  value_loss=0.2961
  update 281500/500000: consistency_loss=0.0001  pi_loss=-0.7145  reward_loss=0.0279  total_loss=0.0353  value_loss=0.3007
  update 282000/500000: consistency_loss=0.0001  pi_loss=-0.6892  reward_loss=0.0256  total_loss=0.0353  value_loss=0.3111
  update 282500/500000: consistency_loss=0.0001  pi_loss=-0.6876  reward_loss=0.0241  total_loss=0.0355  value_loss=0.3152
  update 283000/500000: consistency_loss=0.0001  pi_loss=-0.6918  reward_loss=0.0245  total_loss=0.0348  value_loss=0.3060
  update 283500/500000: consistency_loss=0.0001  pi_loss=-0.6835  reward_loss=0.0151  total_loss=0.0348  value_loss=0.3177
  update 284000/500000: consistency_loss=0.0001  pi_loss=-0.6577  reward_loss=0.0160  total_loss=0.0344  value_loss=0.3103
  update 284500/500000: consistency_loss=0.0001  pi_loss=-0.7059  reward_loss=0.0463  total_loss=0.0373  value_loss=0.3069
  update 285000/500000: consistency_loss=0.0001  pi_loss=-0.6759  reward_loss=0.0263  total_loss=0.0350  value_loss=0.3072
  update 285500/500000: consistency_loss=0.0001  pi_loss=-0.6847  reward_loss=0.0333  total_loss=0.0353  value_loss=0.3010
  update 286000/500000: consistency_loss=0.0001  pi_loss=-0.6853  reward_loss=0.0248  total_loss=0.0350  value_loss=0.3065
  update 286500/500000: consistency_loss=0.0001  pi_loss=-0.6866  reward_loss=0.0293  total_loss=0.0351  value_loss=0.3026
  update 287000/500000: consistency_loss=0.0001  pi_loss=-0.6942  reward_loss=0.0199  total_loss=0.0350  value_loss=0.3139
  update 287500/500000: consistency_loss=0.0001  pi_loss=-0.6892  reward_loss=0.0238  total_loss=0.0347  value_loss=0.3059
  update 288000/500000: consistency_loss=0.0001  pi_loss=-0.6985  reward_loss=0.0311  total_loss=0.0353  value_loss=0.3075
  update 288500/500000: consistency_loss=0.0001  pi_loss=-0.7028  reward_loss=0.0176  total_loss=0.0353  value_loss=0.3182
  update 289000/500000: consistency_loss=0.0001  pi_loss=-0.6853  reward_loss=0.0140  total_loss=0.0336  value_loss=0.3045
  update 289500/500000: consistency_loss=0.0001  pi_loss=-0.6867  reward_loss=0.0201  total_loss=0.0356  value_loss=0.3170
  update 290000/500000: consistency_loss=0.0001  pi_loss=-0.6812  reward_loss=0.0118  total_loss=0.0344  value_loss=0.3149
  update 290500/500000: consistency_loss=0.0001  pi_loss=-0.6931  reward_loss=0.0180  total_loss=0.0343  value_loss=0.3050
  update 291000/500000: consistency_loss=0.0001  pi_loss=-0.6933  reward_loss=0.0243  total_loss=0.0343  value_loss=0.3001
  update 291500/500000: consistency_loss=0.0001  pi_loss=-0.6903  reward_loss=0.0157  total_loss=0.0349  value_loss=0.3158
  update 292000/500000: consistency_loss=0.0001  pi_loss=-0.6834  reward_loss=0.0140  total_loss=0.0338  value_loss=0.3043
  update 292500/500000: consistency_loss=0.0001  pi_loss=-0.6860  reward_loss=0.0176  total_loss=0.0344  value_loss=0.3049
  update 293000/500000: consistency_loss=0.0001  pi_loss=-0.6850  reward_loss=0.0260  total_loss=0.0347  value_loss=0.3037
  update 293500/500000: consistency_loss=0.0001  pi_loss=-0.6776  reward_loss=0.0378  total_loss=0.0371  value_loss=0.3137
  update 294000/500000: consistency_loss=0.0001  pi_loss=-0.6974  reward_loss=0.0232  total_loss=0.0355  value_loss=0.3153
  update 294500/500000: consistency_loss=0.0001  pi_loss=-0.6833  reward_loss=0.0210  total_loss=0.0349  value_loss=0.3103
  update 295000/500000: consistency_loss=0.0001  pi_loss=-0.6994  reward_loss=0.0184  total_loss=0.0342  value_loss=0.3052
  update 295500/500000: consistency_loss=0.0001  pi_loss=-0.7122  reward_loss=0.0241  total_loss=0.0338  value_loss=0.2977
  update 296000/500000: consistency_loss=0.0001  pi_loss=-0.7055  reward_loss=0.0276  total_loss=0.0352  value_loss=0.3084
  update 296500/500000: consistency_loss=0.0001  pi_loss=-0.7189  reward_loss=0.0228  total_loss=0.0340  value_loss=0.2991
  update 297000/500000: consistency_loss=0.0001  pi_loss=-0.7295  reward_loss=0.0183  total_loss=0.0325  value_loss=0.2924
  update 297500/500000: consistency_loss=0.0001  pi_loss=-0.7471  reward_loss=0.0249  total_loss=0.0341  value_loss=0.2980
  update 298000/500000: consistency_loss=0.0001  pi_loss=-0.7567  reward_loss=0.0104  total_loss=0.0321  value_loss=0.2945
  update 298500/500000: consistency_loss=0.0001  pi_loss=-0.7828  reward_loss=0.0252  total_loss=0.0332  value_loss=0.2907
  update 299000/500000: consistency_loss=0.0001  pi_loss=-0.7771  reward_loss=0.0229  total_loss=0.0316  value_loss=0.2771
  update 299500/500000: consistency_loss=0.0001  pi_loss=-0.8079  reward_loss=0.0122  total_loss=0.0327  value_loss=0.2983
  update 300000/500000: consistency_loss=0.0001  pi_loss=-0.8247  reward_loss=0.0202  total_loss=0.0337  value_loss=0.3019
Saved checkpoint at update 300000
  update 300500/500000: consistency_loss=0.0001  pi_loss=-0.8362  reward_loss=0.0256  total_loss=0.0363  value_loss=0.3215
  update 301000/500000: consistency_loss=0.0001  pi_loss=-0.8099  reward_loss=0.0200  total_loss=0.0341  value_loss=0.3047
  update 301500/500000: consistency_loss=0.0001  pi_loss=-0.8298  reward_loss=0.0254  total_loss=0.0346  value_loss=0.3066
  update 302000/500000: consistency_loss=0.0001  pi_loss=-0.8035  reward_loss=0.0115  total_loss=0.0353  value_loss=0.3250
  update 302500/500000: consistency_loss=0.0001  pi_loss=-0.8083  reward_loss=0.0158  total_loss=0.0359  value_loss=0.3278
  update 303000/500000: consistency_loss=0.0001  pi_loss=-0.8070  reward_loss=0.0291  total_loss=0.0371  value_loss=0.3210
  update 303500/500000: consistency_loss=0.0001  pi_loss=-0.8138  reward_loss=0.0142  total_loss=0.0344  value_loss=0.3135
  update 304000/500000: consistency_loss=0.0001  pi_loss=-0.7928  reward_loss=0.0225  total_loss=0.0356  value_loss=0.3172
  update 304500/500000: consistency_loss=0.0001  pi_loss=-0.8279  reward_loss=0.0223  total_loss=0.0339  value_loss=0.2991
  update 305000/500000: consistency_loss=0.0001  pi_loss=-0.8180  reward_loss=0.0260  total_loss=0.0344  value_loss=0.3019
  update 305500/500000: consistency_loss=0.0001  pi_loss=-0.8177  reward_loss=0.0232  total_loss=0.0356  value_loss=0.3153
  update 306000/500000: consistency_loss=0.0001  pi_loss=-0.8145  reward_loss=0.0259  total_loss=0.0336  value_loss=0.2912
  update 306500/500000: consistency_loss=0.0001  pi_loss=-0.8153  reward_loss=0.0255  total_loss=0.0336  value_loss=0.2947
  update 307000/500000: consistency_loss=0.0001  pi_loss=-0.8267  reward_loss=0.0126  total_loss=0.0330  value_loss=0.3014
  update 307500/500000: consistency_loss=0.0001  pi_loss=-0.8112  reward_loss=0.0355  total_loss=0.0336  value_loss=0.2858
  update 308000/500000: consistency_loss=0.0001  pi_loss=-0.8088  reward_loss=0.0137  total_loss=0.0327  value_loss=0.2960
  update 308500/500000: consistency_loss=0.0001  pi_loss=-0.8031  reward_loss=0.0173  total_loss=0.0340  value_loss=0.3071
  update 309000/500000: consistency_loss=0.0001  pi_loss=-0.7966  reward_loss=0.0221  total_loss=0.0344  value_loss=0.3057
  update 309500/500000: consistency_loss=0.0001  pi_loss=-0.8064  reward_loss=0.0191  total_loss=0.0348  value_loss=0.3152
  update 310000/500000: consistency_loss=0.0001  pi_loss=-0.7772  reward_loss=0.0136  total_loss=0.0334  value_loss=0.3005
  update 310500/500000: consistency_loss=0.0001  pi_loss=-0.7943  reward_loss=0.0270  total_loss=0.0350  value_loss=0.3030
  update 311000/500000: consistency_loss=0.0001  pi_loss=-0.8027  reward_loss=0.0264  total_loss=0.0344  value_loss=0.3001
  update 311500/500000: consistency_loss=0.0001  pi_loss=-0.7734  reward_loss=0.0122  total_loss=0.0332  value_loss=0.3048
  update 312000/500000: consistency_loss=0.0001  pi_loss=-0.8053  reward_loss=0.0287  total_loss=0.0341  value_loss=0.2949
  update 312500/500000: consistency_loss=0.0001  pi_loss=-0.8039  reward_loss=0.0180  total_loss=0.0329  value_loss=0.2964
  update 313000/500000: consistency_loss=0.0001  pi_loss=-0.8008  reward_loss=0.0211  total_loss=0.0331  value_loss=0.2917
  update 313500/500000: consistency_loss=0.0001  pi_loss=-0.8198  reward_loss=0.0326  total_loss=0.0358  value_loss=0.3096
  update 314000/500000: consistency_loss=0.0001  pi_loss=-0.8251  reward_loss=0.0160  total_loss=0.0352  value_loss=0.3199
  update 314500/500000: consistency_loss=0.0001  pi_loss=-0.8113  reward_loss=0.0175  total_loss=0.0341  value_loss=0.3056
  update 315000/500000: consistency_loss=0.0001  pi_loss=-0.7985  reward_loss=0.0153  total_loss=0.0349  value_loss=0.3122
  update 315500/500000: consistency_loss=0.0001  pi_loss=-0.8156  reward_loss=0.0207  total_loss=0.0345  value_loss=0.3095
  update 316000/500000: consistency_loss=0.0001  pi_loss=-0.8216  reward_loss=0.0173  total_loss=0.0333  value_loss=0.2995
  update 316500/500000: consistency_loss=0.0001  pi_loss=-0.8055  reward_loss=0.0202  total_loss=0.0342  value_loss=0.3078
  update 317000/500000: consistency_loss=0.0001  pi_loss=-0.8066  reward_loss=0.0233  total_loss=0.0332  value_loss=0.2898
  update 317500/500000: consistency_loss=0.0001  pi_loss=-0.8103  reward_loss=0.0205  total_loss=0.0348  value_loss=0.3117
  update 318000/500000: consistency_loss=0.0001  pi_loss=-0.8332  reward_loss=0.0221  total_loss=0.0349  value_loss=0.3046
  update 318500/500000: consistency_loss=0.0001  pi_loss=-0.8281  reward_loss=0.0332  total_loss=0.0337  value_loss=0.2834
  update 319000/500000: consistency_loss=0.0001  pi_loss=-0.8326  reward_loss=0.0234  total_loss=0.0329  value_loss=0.2890
  update 319500/500000: consistency_loss=0.0001  pi_loss=-0.8256  reward_loss=0.0288  total_loss=0.0336  value_loss=0.2855
  update 320000/500000: consistency_loss=0.0001  pi_loss=-0.8371  reward_loss=0.0286  total_loss=0.0332  value_loss=0.2883
  update 320500/500000: consistency_loss=0.0001  pi_loss=-0.8201  reward_loss=0.0191  total_loss=0.0341  value_loss=0.3010
  update 321000/500000: consistency_loss=0.0001  pi_loss=-0.8150  reward_loss=0.0185  total_loss=0.0335  value_loss=0.3011
  update 321500/500000: consistency_loss=0.0001  pi_loss=-0.8266  reward_loss=0.0147  total_loss=0.0337  value_loss=0.3040
  update 322000/500000: consistency_loss=0.0001  pi_loss=-0.8427  reward_loss=0.0178  total_loss=0.0338  value_loss=0.3048
  update 322500/500000: consistency_loss=0.0001  pi_loss=-0.8327  reward_loss=0.0250  total_loss=0.0329  value_loss=0.2878
  update 323000/500000: consistency_loss=0.0001  pi_loss=-0.8365  reward_loss=0.0233  total_loss=0.0339  value_loss=0.3022
  update 323500/500000: consistency_loss=0.0001  pi_loss=-0.8393  reward_loss=0.0203  total_loss=0.0335  value_loss=0.2973
  update 324000/500000: consistency_loss=0.0001  pi_loss=-0.8471  reward_loss=0.0317  total_loss=0.0334  value_loss=0.2859
  update 324500/500000: consistency_loss=0.0001  pi_loss=-0.8339  reward_loss=0.0385  total_loss=0.0351  value_loss=0.2953
  update 325000/500000: consistency_loss=0.0001  pi_loss=-0.8280  reward_loss=0.0233  total_loss=0.0335  value_loss=0.2959
  update 325500/500000: consistency_loss=0.0001  pi_loss=-0.8327  reward_loss=0.0122  total_loss=0.0339  value_loss=0.3071
  update 326000/500000: consistency_loss=0.0001  pi_loss=-0.8522  reward_loss=0.0235  total_loss=0.0341  value_loss=0.2960
  update 326500/500000: consistency_loss=0.0001  pi_loss=-0.8574  reward_loss=0.0269  total_loss=0.0342  value_loss=0.3005
  update 327000/500000: consistency_loss=0.0001  pi_loss=-0.8686  reward_loss=0.0290  total_loss=0.0341  value_loss=0.2959
  update 327500/500000: consistency_loss=0.0001  pi_loss=-0.8648  reward_loss=0.0176  total_loss=0.0322  value_loss=0.2885
  update 328000/500000: consistency_loss=0.0001  pi_loss=-0.8849  reward_loss=0.0237  total_loss=0.0335  value_loss=0.2961
  update 328500/500000: consistency_loss=0.0001  pi_loss=-0.8430  reward_loss=0.0329  total_loss=0.0346  value_loss=0.2959
  update 329000/500000: consistency_loss=0.0001  pi_loss=-0.8373  reward_loss=0.0196  total_loss=0.0335  value_loss=0.3000
  update 329500/500000: consistency_loss=0.0001  pi_loss=-0.8421  reward_loss=0.0250  total_loss=0.0345  value_loss=0.3050
  update 330000/500000: consistency_loss=0.0001  pi_loss=-0.8415  reward_loss=0.0219  total_loss=0.0334  value_loss=0.2964
  update 330500/500000: consistency_loss=0.0001  pi_loss=-0.8459  reward_loss=0.0203  total_loss=0.0327  value_loss=0.2883
  update 331000/500000: consistency_loss=0.0001  pi_loss=-0.8516  reward_loss=0.0271  total_loss=0.0331  value_loss=0.2883
  update 331500/500000: consistency_loss=0.0001  pi_loss=-0.8525  reward_loss=0.0237  total_loss=0.0338  value_loss=0.2948
  update 332000/500000: consistency_loss=0.0001  pi_loss=-0.8656  reward_loss=0.0245  total_loss=0.0347  value_loss=0.3069
  update 332500/500000: consistency_loss=0.0001  pi_loss=-0.8476  reward_loss=0.0248  total_loss=0.0340  value_loss=0.3010
  update 333000/500000: consistency_loss=0.0001  pi_loss=-0.8588  reward_loss=0.0246  total_loss=0.0347  value_loss=0.3054
  update 333500/500000: consistency_loss=0.0001  pi_loss=-0.8666  reward_loss=0.0217  total_loss=0.0352  value_loss=0.3116
  update 334000/500000: consistency_loss=0.0001  pi_loss=-0.8881  reward_loss=0.0169  total_loss=0.0345  value_loss=0.3106
  update 334500/500000: consistency_loss=0.0001  pi_loss=-0.8805  reward_loss=0.0163  total_loss=0.0334  value_loss=0.3014
  update 335000/500000: consistency_loss=0.0001  pi_loss=-0.9064  reward_loss=0.0353  total_loss=0.0344  value_loss=0.2928
  update 335500/500000: consistency_loss=0.0001  pi_loss=-0.8928  reward_loss=0.0241  total_loss=0.0350  value_loss=0.3100
  update 336000/500000: consistency_loss=0.0001  pi_loss=-0.9042  reward_loss=0.0278  total_loss=0.0351  value_loss=0.3072
  update 336500/500000: consistency_loss=0.0001  pi_loss=-0.8985  reward_loss=0.0205  total_loss=0.0343  value_loss=0.3026
  update 337000/500000: consistency_loss=0.0001  pi_loss=-0.9053  reward_loss=0.0228  total_loss=0.0335  value_loss=0.2961
  update 337500/500000: consistency_loss=0.0001  pi_loss=-0.8915  reward_loss=0.0108  total_loss=0.0310  value_loss=0.2814
  update 338000/500000: consistency_loss=0.0001  pi_loss=-0.8799  reward_loss=0.0234  total_loss=0.0337  value_loss=0.2975
  update 338500/500000: consistency_loss=0.0001  pi_loss=-0.8954  reward_loss=0.0293  total_loss=0.0359  value_loss=0.3124
  update 339000/500000: consistency_loss=0.0001  pi_loss=-0.8753  reward_loss=0.0305  total_loss=0.0345  value_loss=0.2980
  update 339500/500000: consistency_loss=0.0001  pi_loss=-0.8794  reward_loss=0.0223  total_loss=0.0336  value_loss=0.2968
  update 340000/500000: consistency_loss=0.0001  pi_loss=-0.8784  reward_loss=0.0203  total_loss=0.0339  value_loss=0.3048
  update 340500/500000: consistency_loss=0.0001  pi_loss=-0.9068  reward_loss=0.0310  total_loss=0.0350  value_loss=0.3027
  update 341000/500000: consistency_loss=0.0001  pi_loss=-0.9129  reward_loss=0.0410  total_loss=0.0346  value_loss=0.2867
  update 341500/500000: consistency_loss=0.0001  pi_loss=-0.8867  reward_loss=0.0185  total_loss=0.0332  value_loss=0.2939
  update 342000/500000: consistency_loss=0.0001  pi_loss=-0.8781  reward_loss=0.0250  total_loss=0.0318  value_loss=0.2787
  update 342500/500000: consistency_loss=0.0001  pi_loss=-0.8866  reward_loss=0.0135  total_loss=0.0334  value_loss=0.3041
  update 343000/500000: consistency_loss=0.0001  pi_loss=-0.8889  reward_loss=0.0146  total_loss=0.0327  value_loss=0.2959
  update 343500/500000: consistency_loss=0.0001  pi_loss=-0.9010  reward_loss=0.0176  total_loss=0.0335  value_loss=0.2986
  update 344000/500000: consistency_loss=0.0001  pi_loss=-0.8902  reward_loss=0.0230  total_loss=0.0352  value_loss=0.3105
  update 344500/500000: consistency_loss=0.0001  pi_loss=-0.8931  reward_loss=0.0196  total_loss=0.0338  value_loss=0.3032
  update 345000/500000: consistency_loss=0.0001  pi_loss=-0.8749  reward_loss=0.0220  total_loss=0.0345  value_loss=0.3072
  update 345500/500000: consistency_loss=0.0001  pi_loss=-0.8500  reward_loss=0.0171  total_loss=0.0334  value_loss=0.3007
  update 346000/500000: consistency_loss=0.0001  pi_loss=-0.8587  reward_loss=0.0272  total_loss=0.0358  value_loss=0.3143
  update 346500/500000: consistency_loss=0.0001  pi_loss=-0.8377  reward_loss=0.0266  total_loss=0.0348  value_loss=0.3051
  update 347000/500000: consistency_loss=0.0001  pi_loss=-0.8348  reward_loss=0.0189  total_loss=0.0337  value_loss=0.2990
  update 347500/500000: consistency_loss=0.0001  pi_loss=-0.8432  reward_loss=0.0237  total_loss=0.0339  value_loss=0.2966
  update 348000/500000: consistency_loss=0.0001  pi_loss=-0.8492  reward_loss=0.0283  total_loss=0.0335  value_loss=0.2863
  update 348500/500000: consistency_loss=0.0001  pi_loss=-0.8671  reward_loss=0.0225  total_loss=0.0338  value_loss=0.3008
  update 349000/500000: consistency_loss=0.0001  pi_loss=-0.8887  reward_loss=0.0237  total_loss=0.0341  value_loss=0.3007
  update 349500/500000: consistency_loss=0.0001  pi_loss=-0.8895  reward_loss=0.0229  total_loss=0.0338  value_loss=0.2980
  update 350000/500000: consistency_loss=0.0001  pi_loss=-0.8932  reward_loss=0.0299  total_loss=0.0337  value_loss=0.2908
  update 350500/500000: consistency_loss=0.0001  pi_loss=-0.9127  reward_loss=0.0137  total_loss=0.0335  value_loss=0.3070
  update 351000/500000: consistency_loss=0.0001  pi_loss=-0.9019  reward_loss=0.0178  total_loss=0.0332  value_loss=0.3009
  update 351500/500000: consistency_loss=0.0001  pi_loss=-0.8951  reward_loss=0.0153  total_loss=0.0329  value_loss=0.2969
  update 352000/500000: consistency_loss=0.0001  pi_loss=-0.8863  reward_loss=0.0188  total_loss=0.0337  value_loss=0.3020
  update 352500/500000: consistency_loss=0.0001  pi_loss=-0.8937  reward_loss=0.0239  total_loss=0.0344  value_loss=0.3002
  update 353000/500000: consistency_loss=0.0001  pi_loss=-0.8725  reward_loss=0.0163  total_loss=0.0348  value_loss=0.3145
  update 353500/500000: consistency_loss=0.0001  pi_loss=-0.8591  reward_loss=0.0167  total_loss=0.0345  value_loss=0.3138
  update 354000/500000: consistency_loss=0.0001  pi_loss=-0.8596  reward_loss=0.0125  total_loss=0.0332  value_loss=0.3045
  update 354500/500000: consistency_loss=0.0001  pi_loss=-0.8677  reward_loss=0.0205  total_loss=0.0336  value_loss=0.2974
  update 355000/500000: consistency_loss=0.0001  pi_loss=-0.8900  reward_loss=0.0187  total_loss=0.0337  value_loss=0.3058
  update 355500/500000: consistency_loss=0.0001  pi_loss=-0.8731  reward_loss=0.0185  total_loss=0.0345  value_loss=0.3115
  update 356000/500000: consistency_loss=0.0001  pi_loss=-0.9296  reward_loss=0.0277  total_loss=0.0347  value_loss=0.3022
  update 356500/500000: consistency_loss=0.0001  pi_loss=-0.9042  reward_loss=0.0234  total_loss=0.0348  value_loss=0.3082
  update 357000/500000: consistency_loss=0.0001  pi_loss=-0.8900  reward_loss=0.0203  total_loss=0.0336  value_loss=0.2995
  update 357500/500000: consistency_loss=0.0001  pi_loss=-0.9120  reward_loss=0.0234  total_loss=0.0334  value_loss=0.2957
  update 358000/500000: consistency_loss=0.0001  pi_loss=-0.8975  reward_loss=0.0184  total_loss=0.0323  value_loss=0.2872
  update 358500/500000: consistency_loss=0.0001  pi_loss=-0.8824  reward_loss=0.0243  total_loss=0.0335  value_loss=0.2963
  update 359000/500000: consistency_loss=0.0001  pi_loss=-0.8978  reward_loss=0.0315  total_loss=0.0333  value_loss=0.2843
  update 359500/500000: consistency_loss=0.0001  pi_loss=-0.8719  reward_loss=0.0198  total_loss=0.0331  value_loss=0.2989
  update 360000/500000: consistency_loss=0.0001  pi_loss=-0.8859  reward_loss=0.0232  total_loss=0.0351  value_loss=0.3068
  update 360500/500000: consistency_loss=0.0001  pi_loss=-0.8903  reward_loss=0.0142  total_loss=0.0314  value_loss=0.2847
  update 361000/500000: consistency_loss=0.0001  pi_loss=-0.9130  reward_loss=0.0249  total_loss=0.0341  value_loss=0.2978
  update 361500/500000: consistency_loss=0.0001  pi_loss=-0.9073  reward_loss=0.0214  total_loss=0.0347  value_loss=0.3094
  update 362000/500000: consistency_loss=0.0001  pi_loss=-0.9029  reward_loss=0.0231  total_loss=0.0359  value_loss=0.3142
  update 362500/500000: consistency_loss=0.0001  pi_loss=-0.9216  reward_loss=0.0227  total_loss=0.0347  value_loss=0.3066
  update 363000/500000: consistency_loss=0.0001  pi_loss=-0.9357  reward_loss=0.0229  total_loss=0.0352  value_loss=0.3117
  update 363500/500000: consistency_loss=0.0001  pi_loss=-0.9199  reward_loss=0.0200  total_loss=0.0340  value_loss=0.3017
  update 364000/500000: consistency_loss=0.0001  pi_loss=-0.9225  reward_loss=0.0229  total_loss=0.0332  value_loss=0.2945
  update 364500/500000: consistency_loss=0.0001  pi_loss=-0.9011  reward_loss=0.0115  total_loss=0.0323  value_loss=0.2957
  update 365000/500000: consistency_loss=0.0001  pi_loss=-0.9333  reward_loss=0.0263  total_loss=0.0347  value_loss=0.3017
  update 365500/500000: consistency_loss=0.0001  pi_loss=-0.9188  reward_loss=0.0145  total_loss=0.0344  value_loss=0.3117
  update 366000/500000: consistency_loss=0.0001  pi_loss=-0.9247  reward_loss=0.0133  total_loss=0.0336  value_loss=0.3067
  update 366500/500000: consistency_loss=0.0001  pi_loss=-0.9179  reward_loss=0.0222  total_loss=0.0339  value_loss=0.2936
  update 367000/500000: consistency_loss=0.0001  pi_loss=-0.9106  reward_loss=0.0320  total_loss=0.0340  value_loss=0.2909
  update 367500/500000: consistency_loss=0.0001  pi_loss=-0.9152  reward_loss=0.0175  total_loss=0.0334  value_loss=0.3021
  update 368000/500000: consistency_loss=0.0001  pi_loss=-0.9008  reward_loss=0.0156  total_loss=0.0320  value_loss=0.2911
  update 368500/500000: consistency_loss=0.0001  pi_loss=-0.9096  reward_loss=0.0137  total_loss=0.0336  value_loss=0.3038
  update 369000/500000: consistency_loss=0.0001  pi_loss=-0.9175  reward_loss=0.0160  total_loss=0.0325  value_loss=0.2903
  update 369500/500000: consistency_loss=0.0001  pi_loss=-0.9208  reward_loss=0.0149  total_loss=0.0337  value_loss=0.2980
  update 370000/500000: consistency_loss=0.0001  pi_loss=-0.9285  reward_loss=0.0115  total_loss=0.0332  value_loss=0.3036
  update 370500/500000: consistency_loss=0.0001  pi_loss=-0.9304  reward_loss=0.0229  total_loss=0.0345  value_loss=0.3052
  update 371000/500000: consistency_loss=0.0001  pi_loss=-0.9074  reward_loss=0.0209  total_loss=0.0330  value_loss=0.2960
  update 371500/500000: consistency_loss=0.0001  pi_loss=-0.9170  reward_loss=0.0320  total_loss=0.0342  value_loss=0.2901
  update 372000/500000: consistency_loss=0.0001  pi_loss=-0.8865  reward_loss=0.0172  total_loss=0.0314  value_loss=0.2826
  update 372500/500000: consistency_loss=0.0001  pi_loss=-0.8989  reward_loss=0.0214  total_loss=0.0323  value_loss=0.2839
  update 373000/500000: consistency_loss=0.0001  pi_loss=-0.9028  reward_loss=0.0189  total_loss=0.0327  value_loss=0.2898
  update 373500/500000: consistency_loss=0.0001  pi_loss=-0.9274  reward_loss=0.0089  total_loss=0.0328  value_loss=0.2994
  update 374000/500000: consistency_loss=0.0001  pi_loss=-0.9512  reward_loss=0.0306  total_loss=0.0350  value_loss=0.2953
  update 374500/500000: consistency_loss=0.0001  pi_loss=-0.9664  reward_loss=0.0139  total_loss=0.0322  value_loss=0.2935
  update 375000/500000: consistency_loss=0.0001  pi_loss=-0.9889  reward_loss=0.0151  total_loss=0.0321  value_loss=0.2906
  update 375500/500000: consistency_loss=0.0001  pi_loss=-0.9695  reward_loss=0.0160  total_loss=0.0353  value_loss=0.3176
  update 376000/500000: consistency_loss=0.0001  pi_loss=-0.9634  reward_loss=0.0356  total_loss=0.0358  value_loss=0.3073
  update 376500/500000: consistency_loss=0.0001  pi_loss=-0.9409  reward_loss=0.0196  total_loss=0.0331  value_loss=0.2958
  update 377000/500000: consistency_loss=0.0001  pi_loss=-0.9575  reward_loss=0.0261  total_loss=0.0338  value_loss=0.2949
  update 377500/500000: consistency_loss=0.0001  pi_loss=-0.9691  reward_loss=0.0312  total_loss=0.0350  value_loss=0.3006
  update 378000/500000: consistency_loss=0.0001  pi_loss=-0.9736  reward_loss=0.0226  total_loss=0.0349  value_loss=0.3086
  update 378500/500000: consistency_loss=0.0001  pi_loss=-0.9790  reward_loss=0.0175  total_loss=0.0338  value_loss=0.3047
  update 379000/500000: consistency_loss=0.0001  pi_loss=-0.9568  reward_loss=0.0227  total_loss=0.0322  value_loss=0.2837
  update 379500/500000: consistency_loss=0.0001  pi_loss=-0.9650  reward_loss=0.0191  total_loss=0.0319  value_loss=0.2832
  update 380000/500000: consistency_loss=0.0001  pi_loss=-0.9572  reward_loss=0.0223  total_loss=0.0330  value_loss=0.2938
  update 380500/500000: consistency_loss=0.0001  pi_loss=-0.9646  reward_loss=0.0269  total_loss=0.0341  value_loss=0.2970
  update 381000/500000: consistency_loss=0.0001  pi_loss=-0.9601  reward_loss=0.0243  total_loss=0.0335  value_loss=0.2890
  update 381500/500000: consistency_loss=0.0001  pi_loss=-0.9427  reward_loss=0.0251  total_loss=0.0336  value_loss=0.2936
  update 382000/500000: consistency_loss=0.0001  pi_loss=-0.9307  reward_loss=0.0248  total_loss=0.0325  value_loss=0.2826
  update 382500/500000: consistency_loss=0.0001  pi_loss=-0.9291  reward_loss=0.0268  total_loss=0.0334  value_loss=0.2927
  update 383000/500000: consistency_loss=0.0001  pi_loss=-0.9084  reward_loss=0.0097  total_loss=0.0301  value_loss=0.2768
  update 383500/500000: consistency_loss=0.0001  pi_loss=-0.9117  reward_loss=0.0252  total_loss=0.0320  value_loss=0.2799
  update 384000/500000: consistency_loss=0.0001  pi_loss=-0.9396  reward_loss=0.0230  total_loss=0.0327  value_loss=0.2864
  update 384500/500000: consistency_loss=0.0001  pi_loss=-0.9379  reward_loss=0.0309  total_loss=0.0343  value_loss=0.2895
  update 385000/500000: consistency_loss=0.0001  pi_loss=-0.9077  reward_loss=0.0144  total_loss=0.0313  value_loss=0.2842
  update 385500/500000: consistency_loss=0.0001  pi_loss=-0.8964  reward_loss=0.0135  total_loss=0.0320  value_loss=0.2895
  update 386000/500000: consistency_loss=0.0001  pi_loss=-0.8845  reward_loss=0.0171  total_loss=0.0309  value_loss=0.2769
  update 386500/500000: consistency_loss=0.0001  pi_loss=-0.8786  reward_loss=0.0285  total_loss=0.0318  value_loss=0.2740
  update 387000/500000: consistency_loss=0.0001  pi_loss=-0.8630  reward_loss=0.0182  total_loss=0.0299  value_loss=0.2672
  update 387500/500000: consistency_loss=0.0001  pi_loss=-0.8534  reward_loss=0.0153  total_loss=0.0328  value_loss=0.2988
  update 388000/500000: consistency_loss=0.0001  pi_loss=-0.8515  reward_loss=0.0245  total_loss=0.0330  value_loss=0.2902
  update 388500/500000: consistency_loss=0.0001  pi_loss=-0.8509  reward_loss=0.0272  total_loss=0.0329  value_loss=0.2856
  update 389000/500000: consistency_loss=0.0001  pi_loss=-0.8532  reward_loss=0.0279  total_loss=0.0341  value_loss=0.2978
  update 389500/500000: consistency_loss=0.0001  pi_loss=-0.8707  reward_loss=0.0241  total_loss=0.0339  value_loss=0.2999
  update 390000/500000: consistency_loss=0.0001  pi_loss=-0.8622  reward_loss=0.0246  total_loss=0.0328  value_loss=0.2844
  update 390500/500000: consistency_loss=0.0001  pi_loss=-0.8916  reward_loss=0.0227  total_loss=0.0315  value_loss=0.2770
  update 391000/500000: consistency_loss=0.0001  pi_loss=-0.8866  reward_loss=0.0207  total_loss=0.0309  value_loss=0.2741
  update 391500/500000: consistency_loss=0.0001  pi_loss=-0.8757  reward_loss=0.0227  total_loss=0.0304  value_loss=0.2643
  update 392000/500000: consistency_loss=0.0001  pi_loss=-0.8835  reward_loss=0.0255  total_loss=0.0322  value_loss=0.2788
  update 392500/500000: consistency_loss=0.0001  pi_loss=-0.8711  reward_loss=0.0231  total_loss=0.0327  value_loss=0.2859
  update 393000/500000: consistency_loss=0.0001  pi_loss=-0.8871  reward_loss=0.0270  total_loss=0.0325  value_loss=0.2792
  update 393500/500000: consistency_loss=0.0001  pi_loss=-0.8686  reward_loss=0.0347  total_loss=0.0334  value_loss=0.2836
  update 394000/500000: consistency_loss=0.0001  pi_loss=-0.8680  reward_loss=0.0267  total_loss=0.0321  value_loss=0.2768
  update 394500/500000: consistency_loss=0.0001  pi_loss=-0.8492  reward_loss=0.0128  total_loss=0.0314  value_loss=0.2868
  update 395000/500000: consistency_loss=0.0001  pi_loss=-0.8660  reward_loss=0.0236  total_loss=0.0321  value_loss=0.2840
  update 395500/500000: consistency_loss=0.0001  pi_loss=-0.8537  reward_loss=0.0200  total_loss=0.0323  value_loss=0.2875
  update 396000/500000: consistency_loss=0.0001  pi_loss=-0.8735  reward_loss=0.0234  total_loss=0.0322  value_loss=0.2861
  update 396500/500000: consistency_loss=0.0001  pi_loss=-0.8691  reward_loss=0.0198  total_loss=0.0349  value_loss=0.3043
  update 397000/500000: consistency_loss=0.0001  pi_loss=-0.8817  reward_loss=0.0214  total_loss=0.0321  value_loss=0.2828
  update 397500/500000: consistency_loss=0.0001  pi_loss=-0.8994  reward_loss=0.0241  total_loss=0.0320  value_loss=0.2799
  update 398000/500000: consistency_loss=0.0001  pi_loss=-0.8947  reward_loss=0.0232  total_loss=0.0324  value_loss=0.2860
  update 398500/500000: consistency_loss=0.0001  pi_loss=-0.9318  reward_loss=0.0254  total_loss=0.0355  value_loss=0.3103
  update 399000/500000: consistency_loss=0.0001  pi_loss=-0.9487  reward_loss=0.0252  total_loss=0.0337  value_loss=0.2933
  update 399500/500000: consistency_loss=0.0001  pi_loss=-0.9531  reward_loss=0.0396  total_loss=0.0353  value_loss=0.2977
  update 400000/500000: consistency_loss=0.0001  pi_loss=-0.9469  reward_loss=0.0236  total_loss=0.0343  value_loss=0.3017
Saved checkpoint at update 400000
  update 400500/500000: consistency_loss=0.0001  pi_loss=-0.9391  reward_loss=0.0196  total_loss=0.0334  value_loss=0.3005
  update 401000/500000: consistency_loss=0.0001  pi_loss=-0.9289  reward_loss=0.0243  total_loss=0.0338  value_loss=0.2977
  update 401500/500000: consistency_loss=0.0001  pi_loss=-0.9174  reward_loss=0.0252  total_loss=0.0335  value_loss=0.2948
  update 402000/500000: consistency_loss=0.0001  pi_loss=-0.9063  reward_loss=0.0160  total_loss=0.0329  value_loss=0.3001
  update 402500/500000: consistency_loss=0.0001  pi_loss=-0.8915  reward_loss=0.0184  total_loss=0.0330  value_loss=0.2923
  update 403000/500000: consistency_loss=0.0001  pi_loss=-0.8736  reward_loss=0.0186  total_loss=0.0321  value_loss=0.2837
  update 403500/500000: consistency_loss=0.0001  pi_loss=-0.8959  reward_loss=0.0201  total_loss=0.0328  value_loss=0.2938
  update 404000/500000: consistency_loss=0.0001  pi_loss=-0.8953  reward_loss=0.0202  total_loss=0.0326  value_loss=0.2887
  update 404500/500000: consistency_loss=0.0001  pi_loss=-0.8995  reward_loss=0.0146  total_loss=0.0333  value_loss=0.3048
  update 405000/500000: consistency_loss=0.0001  pi_loss=-0.9087  reward_loss=0.0306  total_loss=0.0339  value_loss=0.2933
  update 405500/500000: consistency_loss=0.0001  pi_loss=-0.8942  reward_loss=0.0198  total_loss=0.0328  value_loss=0.2941
  update 406000/500000: consistency_loss=0.0001  pi_loss=-0.8732  reward_loss=0.0212  total_loss=0.0316  value_loss=0.2790
  update 406500/500000: consistency_loss=0.0001  pi_loss=-0.8934  reward_loss=0.0200  total_loss=0.0325  value_loss=0.2882
  update 407000/500000: consistency_loss=0.0001  pi_loss=-0.9080  reward_loss=0.0281  total_loss=0.0335  value_loss=0.2917
  update 407500/500000: consistency_loss=0.0001  pi_loss=-0.9250  reward_loss=0.0198  total_loss=0.0326  value_loss=0.2926
  update 408000/500000: consistency_loss=0.0001  pi_loss=-0.9105  reward_loss=0.0219  total_loss=0.0324  value_loss=0.2891
  update 408500/500000: consistency_loss=0.0001  pi_loss=-0.9113  reward_loss=0.0236  total_loss=0.0335  value_loss=0.2956
  update 409000/500000: consistency_loss=0.0001  pi_loss=-0.8902  reward_loss=0.0193  total_loss=0.0325  value_loss=0.2895
  update 409500/500000: consistency_loss=0.0001  pi_loss=-0.8980  reward_loss=0.0261  total_loss=0.0328  value_loss=0.2872
  update 410000/500000: consistency_loss=0.0001  pi_loss=-0.9019  reward_loss=0.0234  total_loss=0.0342  value_loss=0.2977
  update 410500/500000: consistency_loss=0.0001  pi_loss=-0.9116  reward_loss=0.0233  total_loss=0.0332  value_loss=0.2921
  update 411000/500000: consistency_loss=0.0001  pi_loss=-0.8879  reward_loss=0.0178  total_loss=0.0340  value_loss=0.3013
  update 411500/500000: consistency_loss=0.0001  pi_loss=-0.9099  reward_loss=0.0259  total_loss=0.0333  value_loss=0.2930
  update 412000/500000: consistency_loss=0.0001  pi_loss=-0.8864  reward_loss=0.0241  total_loss=0.0321  value_loss=0.2833
  update 412500/500000: consistency_loss=0.0001  pi_loss=-0.9066  reward_loss=0.0239  total_loss=0.0334  value_loss=0.2911
  update 413000/500000: consistency_loss=0.0001  pi_loss=-0.8975  reward_loss=0.0235  total_loss=0.0325  value_loss=0.2857
  update 413500/500000: consistency_loss=0.0001  pi_loss=-0.8896  reward_loss=0.0207  total_loss=0.0320  value_loss=0.2848
  update 414000/500000: consistency_loss=0.0001  pi_loss=-0.8543  reward_loss=0.0182  total_loss=0.0303  value_loss=0.2725
  update 414500/500000: consistency_loss=0.0001  pi_loss=-0.8770  reward_loss=0.0201  total_loss=0.0323  value_loss=0.2848
  update 415000/500000: consistency_loss=0.0001  pi_loss=-0.8859  reward_loss=0.0209  total_loss=0.0325  value_loss=0.2883
  update 415500/500000: consistency_loss=0.0001  pi_loss=-0.8809  reward_loss=0.0099  total_loss=0.0301  value_loss=0.2763
  update 416000/500000: consistency_loss=0.0001  pi_loss=-0.8836  reward_loss=0.0146  total_loss=0.0308  value_loss=0.2786
  update 416500/500000: consistency_loss=0.0001  pi_loss=-0.8810  reward_loss=0.0191  total_loss=0.0302  value_loss=0.2650
  update 417000/500000: consistency_loss=0.0001  pi_loss=-0.8795  reward_loss=0.0193  total_loss=0.0307  value_loss=0.2718
  update 417500/500000: consistency_loss=0.0001  pi_loss=-0.8809  reward_loss=0.0286  total_loss=0.0326  value_loss=0.2828
  update 418000/500000: consistency_loss=0.0001  pi_loss=-0.8704  reward_loss=0.0248  total_loss=0.0313  value_loss=0.2712
  update 418500/500000: consistency_loss=0.0001  pi_loss=-0.8597  reward_loss=0.0254  total_loss=0.0312  value_loss=0.2693
  update 419000/500000: consistency_loss=0.0001  pi_loss=-0.8878  reward_loss=0.0180  total_loss=0.0324  value_loss=0.2915
  update 419500/500000: consistency_loss=0.0001  pi_loss=-0.8744  reward_loss=0.0220  total_loss=0.0316  value_loss=0.2786
  update 420000/500000: consistency_loss=0.0001  pi_loss=-0.8765  reward_loss=0.0234  total_loss=0.0326  value_loss=0.2867
  update 420500/500000: consistency_loss=0.0001  pi_loss=-0.9049  reward_loss=0.0252  total_loss=0.0316  value_loss=0.2763
  update 421000/500000: consistency_loss=0.0001  pi_loss=-0.8932  reward_loss=0.0312  total_loss=0.0330  value_loss=0.2823
  update 421500/500000: consistency_loss=0.0001  pi_loss=-0.8970  reward_loss=0.0249  total_loss=0.0321  value_loss=0.2792
  update 422000/500000: consistency_loss=0.0001  pi_loss=-0.8887  reward_loss=0.0196  total_loss=0.0330  value_loss=0.2959
  update 422500/500000: consistency_loss=0.0001  pi_loss=-0.9145  reward_loss=0.0218  total_loss=0.0318  value_loss=0.2789
  update 423000/500000: consistency_loss=0.0001  pi_loss=-0.8904  reward_loss=0.0298  total_loss=0.0323  value_loss=0.2777
  update 423500/500000: consistency_loss=0.0001  pi_loss=-0.9040  reward_loss=0.0187  total_loss=0.0323  value_loss=0.2890
  update 424000/500000: consistency_loss=0.0001  pi_loss=-0.9215  reward_loss=0.0225  total_loss=0.0326  value_loss=0.2897
  update 424500/500000: consistency_loss=0.0001  pi_loss=-0.9101  reward_loss=0.0198  total_loss=0.0315  value_loss=0.2811
  update 425000/500000: consistency_loss=0.0001  pi_loss=-0.8848  reward_loss=0.0167  total_loss=0.0314  value_loss=0.2807
  update 425500/500000: consistency_loss=0.0001  pi_loss=-0.8629  reward_loss=0.0088  total_loss=0.0291  value_loss=0.2675
  update 426000/500000: consistency_loss=0.0001  pi_loss=-0.8889  reward_loss=0.0300  total_loss=0.0320  value_loss=0.2730
  update 426500/500000: consistency_loss=0.0001  pi_loss=-0.8917  reward_loss=0.0235  total_loss=0.0315  value_loss=0.2744
  update 427000/500000: consistency_loss=0.0001  pi_loss=-0.8912  reward_loss=0.0216  total_loss=0.0322  value_loss=0.2812
  update 427500/500000: consistency_loss=0.0001  pi_loss=-0.8878  reward_loss=0.0236  total_loss=0.0323  value_loss=0.2845
  update 428000/500000: consistency_loss=0.0001  pi_loss=-0.8796  reward_loss=0.0126  total_loss=0.0310  value_loss=0.2821
  update 428500/500000: consistency_loss=0.0001  pi_loss=-0.8834  reward_loss=0.0282  total_loss=0.0332  value_loss=0.2892
  update 429000/500000: consistency_loss=0.0001  pi_loss=-0.8922  reward_loss=0.0223  total_loss=0.0339  value_loss=0.2973
  update 429500/500000: consistency_loss=0.0001  pi_loss=-0.8982  reward_loss=0.0263  total_loss=0.0335  value_loss=0.2936
  update 430000/500000: consistency_loss=0.0001  pi_loss=-0.9071  reward_loss=0.0223  total_loss=0.0318  value_loss=0.2807
  update 430500/500000: consistency_loss=0.0001  pi_loss=-0.9397  reward_loss=0.0187  total_loss=0.0322  value_loss=0.2880
  update 431000/500000: consistency_loss=0.0001  pi_loss=-0.9345  reward_loss=0.0252  total_loss=0.0328  value_loss=0.2871
  update 431500/500000: consistency_loss=0.0001  pi_loss=-0.9590  reward_loss=0.0277  total_loss=0.0336  value_loss=0.2909
  update 432000/500000: consistency_loss=0.0001  pi_loss=-0.9800  reward_loss=0.0108  total_loss=0.0319  value_loss=0.2950
  update 432500/500000: consistency_loss=0.0001  pi_loss=-0.9881  reward_loss=0.0218  total_loss=0.0328  value_loss=0.2903
  update 433000/500000: consistency_loss=0.0001  pi_loss=-0.9960  reward_loss=0.0209  total_loss=0.0341  value_loss=0.3010
  update 433500/500000: consistency_loss=0.0001  pi_loss=-1.0062  reward_loss=0.0379  total_loss=0.0361  value_loss=0.3075
  update 434000/500000: consistency_loss=0.0001  pi_loss=-0.9988  reward_loss=0.0142  total_loss=0.0335  value_loss=0.3061
  update 434500/500000: consistency_loss=0.0001  pi_loss=-1.0009  reward_loss=0.0290  total_loss=0.0363  value_loss=0.3199
  update 435000/500000: consistency_loss=0.0001  pi_loss=-0.9803  reward_loss=0.0157  total_loss=0.0355  value_loss=0.3237
  update 435500/500000: consistency_loss=0.0001  pi_loss=-0.9739  reward_loss=0.0169  total_loss=0.0342  value_loss=0.3069
  update 436000/500000: consistency_loss=0.0001  pi_loss=-0.9608  reward_loss=0.0087  total_loss=0.0341  value_loss=0.3148
  update 436500/500000: consistency_loss=0.0001  pi_loss=-0.9670  reward_loss=0.0162  total_loss=0.0329  value_loss=0.2994
  update 437000/500000: consistency_loss=0.0001  pi_loss=-0.9529  reward_loss=0.0191  total_loss=0.0321  value_loss=0.2875
  update 437500/500000: consistency_loss=0.0001  pi_loss=-0.9346  reward_loss=0.0209  total_loss=0.0315  value_loss=0.2793
  update 438000/500000: consistency_loss=0.0001  pi_loss=-0.9174  reward_loss=0.0180  total_loss=0.0325  value_loss=0.2911
  update 438500/500000: consistency_loss=0.0001  pi_loss=-0.9083  reward_loss=0.0160  total_loss=0.0326  value_loss=0.2917
  update 439000/500000: consistency_loss=0.0001  pi_loss=-0.8974  reward_loss=0.0229  total_loss=0.0324  value_loss=0.2844
  update 439500/500000: consistency_loss=0.0001  pi_loss=-0.9054  reward_loss=0.0139  total_loss=0.0316  value_loss=0.2866
  update 440000/500000: consistency_loss=0.0001  pi_loss=-0.8822  reward_loss=0.0202  total_loss=0.0308  value_loss=0.2753
  update 440500/500000: consistency_loss=0.0001  pi_loss=-0.8844  reward_loss=0.0239  total_loss=0.0314  value_loss=0.2756
  update 441000/500000: consistency_loss=0.0001  pi_loss=-0.8837  reward_loss=0.0113  total_loss=0.0317  value_loss=0.2905
  update 441500/500000: consistency_loss=0.0001  pi_loss=-0.8834  reward_loss=0.0187  total_loss=0.0326  value_loss=0.2903
  update 442000/500000: consistency_loss=0.0001  pi_loss=-0.8564  reward_loss=0.0218  total_loss=0.0328  value_loss=0.2911
  update 442500/500000: consistency_loss=0.0001  pi_loss=-0.8995  reward_loss=0.0284  total_loss=0.0336  value_loss=0.2944
  update 443000/500000: consistency_loss=0.0001  pi_loss=-0.8831  reward_loss=0.0205  total_loss=0.0339  value_loss=0.3040
  update 443500/500000: consistency_loss=0.0001  pi_loss=-0.9044  reward_loss=0.0234  total_loss=0.0348  value_loss=0.3089
  update 444000/500000: consistency_loss=0.0001  pi_loss=-0.9099  reward_loss=0.0191  total_loss=0.0332  value_loss=0.2969
  update 444500/500000: consistency_loss=0.0001  pi_loss=-0.9124  reward_loss=0.0298  total_loss=0.0353  value_loss=0.3080
  update 445000/500000: consistency_loss=0.0001  pi_loss=-0.9180  reward_loss=0.0200  total_loss=0.0345  value_loss=0.3082
  update 445500/500000: consistency_loss=0.0001  pi_loss=-0.9327  reward_loss=0.0280  total_loss=0.0337  value_loss=0.2940
  update 446000/500000: consistency_loss=0.0001  pi_loss=-0.9280  reward_loss=0.0211  total_loss=0.0344  value_loss=0.3104
  update 446500/500000: consistency_loss=0.0001  pi_loss=-0.9234  reward_loss=0.0225  total_loss=0.0329  value_loss=0.2921
  update 447000/500000: consistency_loss=0.0001  pi_loss=-0.9097  reward_loss=0.0220  total_loss=0.0319  value_loss=0.2827
  update 447500/500000: consistency_loss=0.0001  pi_loss=-0.9101  reward_loss=0.0385  total_loss=0.0337  value_loss=0.2823
  update 448000/500000: consistency_loss=0.0001  pi_loss=-0.9060  reward_loss=0.0224  total_loss=0.0333  value_loss=0.2908
  update 448500/500000: consistency_loss=0.0001  pi_loss=-0.8993  reward_loss=0.0191  total_loss=0.0331  value_loss=0.2981
  update 449000/500000: consistency_loss=0.0001  pi_loss=-0.9078  reward_loss=0.0225  total_loss=0.0339  value_loss=0.3016
  update 449500/500000: consistency_loss=0.0001  pi_loss=-0.9074  reward_loss=0.0225  total_loss=0.0336  value_loss=0.2950
  update 450000/500000: consistency_loss=0.0001  pi_loss=-0.9125  reward_loss=0.0306  total_loss=0.0333  value_loss=0.2873
  update 450500/500000: consistency_loss=0.0001  pi_loss=-0.8973  reward_loss=0.0162  total_loss=0.0325  value_loss=0.2935
  update 451000/500000: consistency_loss=0.0001  pi_loss=-0.8812  reward_loss=0.0146  total_loss=0.0318  value_loss=0.2891
  update 451500/500000: consistency_loss=0.0001  pi_loss=-0.8984  reward_loss=0.0115  total_loss=0.0323  value_loss=0.2953
  update 452000/500000: consistency_loss=0.0001  pi_loss=-0.9060  reward_loss=0.0187  total_loss=0.0334  value_loss=0.3013
  update 452500/500000: consistency_loss=0.0001  pi_loss=-0.9107  reward_loss=0.0241  total_loss=0.0335  value_loss=0.2947
  update 453000/500000: consistency_loss=0.0001  pi_loss=-0.9138  reward_loss=0.0205  total_loss=0.0317  value_loss=0.2811
  update 453500/500000: consistency_loss=0.0001  pi_loss=-0.8952  reward_loss=0.0247  total_loss=0.0319  value_loss=0.2776
  update 454000/500000: consistency_loss=0.0001  pi_loss=-0.8755  reward_loss=0.0306  total_loss=0.0314  value_loss=0.2698
  update 454500/500000: consistency_loss=0.0001  pi_loss=-0.8812  reward_loss=0.0273  total_loss=0.0330  value_loss=0.2865
  update 455000/500000: consistency_loss=0.0001  pi_loss=-0.8878  reward_loss=0.0196  total_loss=0.0317  value_loss=0.2814
  update 455500/500000: consistency_loss=0.0001  pi_loss=-0.8640  reward_loss=0.0227  total_loss=0.0321  value_loss=0.2843
  update 456000/500000: consistency_loss=0.0001  pi_loss=-0.8888  reward_loss=0.0274  total_loss=0.0331  value_loss=0.2874
  update 456500/500000: consistency_loss=0.0001  pi_loss=-0.9109  reward_loss=0.0218  total_loss=0.0338  value_loss=0.3009
  update 457000/500000: consistency_loss=0.0001  pi_loss=-0.9285  reward_loss=0.0281  total_loss=0.0328  value_loss=0.2851
  update 457500/500000: consistency_loss=0.0001  pi_loss=-0.9163  reward_loss=0.0223  total_loss=0.0313  value_loss=0.2773
  update 458000/500000: consistency_loss=0.0001  pi_loss=-0.9195  reward_loss=0.0176  total_loss=0.0316  value_loss=0.2833
  update 458500/500000: consistency_loss=0.0001  pi_loss=-0.9134  reward_loss=0.0230  total_loss=0.0325  value_loss=0.2860
  update 459000/500000: consistency_loss=0.0001  pi_loss=-0.9021  reward_loss=0.0109  total_loss=0.0302  value_loss=0.2765
  update 459500/500000: consistency_loss=0.0001  pi_loss=-0.9072  reward_loss=0.0198  total_loss=0.0320  value_loss=0.2841
  update 460000/500000: consistency_loss=0.0001  pi_loss=-0.9044  reward_loss=0.0344  total_loss=0.0335  value_loss=0.2848
  update 460500/500000: consistency_loss=0.0001  pi_loss=-0.9149  reward_loss=0.0383  total_loss=0.0343  value_loss=0.2869
  update 461000/500000: consistency_loss=0.0001  pi_loss=-0.8958  reward_loss=0.0167  total_loss=0.0314  value_loss=0.2842
  update 461500/500000: consistency_loss=0.0001  pi_loss=-0.8955  reward_loss=0.0205  total_loss=0.0309  value_loss=0.2739
  update 462000/500000: consistency_loss=0.0001  pi_loss=-0.9298  reward_loss=0.0153  total_loss=0.0331  value_loss=0.3012
  update 462500/500000: consistency_loss=0.0001  pi_loss=-0.9654  reward_loss=0.0353  total_loss=0.0346  value_loss=0.2944
  update 463000/500000: consistency_loss=0.0001  pi_loss=-0.9951  reward_loss=0.0198  total_loss=0.0325  value_loss=0.2910
  update 463500/500000: consistency_loss=0.0001  pi_loss=-1.0478  reward_loss=0.0304  total_loss=0.0344  value_loss=0.2992
  update 464000/500000: consistency_loss=0.0001  pi_loss=-1.0604  reward_loss=0.0211  total_loss=0.0326  value_loss=0.2915
  update 464500/500000: consistency_loss=0.0001  pi_loss=-1.0900  reward_loss=0.0196  total_loss=0.0322  value_loss=0.2868
  update 465000/500000: consistency_loss=0.0001  pi_loss=-1.1260  reward_loss=0.0235  total_loss=0.0343  value_loss=0.3044
  update 465500/500000: consistency_loss=0.0001  pi_loss=-1.1398  reward_loss=0.0181  total_loss=0.0336  value_loss=0.3039
  update 466000/500000: consistency_loss=0.0001  pi_loss=-1.1259  reward_loss=0.0308  total_loss=0.0353  value_loss=0.3037
  update 466500/500000: consistency_loss=0.0001  pi_loss=-1.1417  reward_loss=0.0259  total_loss=0.0340  value_loss=0.3007
  update 467000/500000: consistency_loss=0.0001  pi_loss=-1.1404  reward_loss=0.0216  total_loss=0.0342  value_loss=0.3051
  update 467500/500000: consistency_loss=0.0001  pi_loss=-1.1658  reward_loss=0.0223  total_loss=0.0344  value_loss=0.3064
  update 468000/500000: consistency_loss=0.0001  pi_loss=-1.1686  reward_loss=0.0217  total_loss=0.0349  value_loss=0.3096
  update 468500/500000: consistency_loss=0.0001  pi_loss=-1.1841  reward_loss=0.0319  total_loss=0.0364  value_loss=0.3168
  update 469000/500000: consistency_loss=0.0001  pi_loss=-1.1837  reward_loss=0.0342  total_loss=0.0349  value_loss=0.3021
  update 469500/500000: consistency_loss=0.0001  pi_loss=-1.1608  reward_loss=0.0184  total_loss=0.0334  value_loss=0.3004
  update 470000/500000: consistency_loss=0.0001  pi_loss=-1.1991  reward_loss=0.0166  total_loss=0.0350  value_loss=0.3191
  update 470500/500000: consistency_loss=0.0001  pi_loss=-1.1877  reward_loss=0.0284  total_loss=0.0360  value_loss=0.3174
  update 471000/500000: consistency_loss=0.0001  pi_loss=-1.1899  reward_loss=0.0342  total_loss=0.0352  value_loss=0.3049
  update 471500/500000: consistency_loss=0.0001  pi_loss=-1.1596  reward_loss=0.0188  total_loss=0.0331  value_loss=0.2983
  update 472000/500000: consistency_loss=0.0001  pi_loss=-1.1630  reward_loss=0.0188  total_loss=0.0330  value_loss=0.2966
  update 472500/500000: consistency_loss=0.0001  pi_loss=-1.1884  reward_loss=0.0171  total_loss=0.0325  value_loss=0.2931
  update 473000/500000: consistency_loss=0.0001  pi_loss=-1.2023  reward_loss=0.0288  total_loss=0.0346  value_loss=0.3020
  update 473500/500000: consistency_loss=0.0001  pi_loss=-1.2248  reward_loss=0.0274  total_loss=0.0338  value_loss=0.2942
  update 474000/500000: consistency_loss=0.0001  pi_loss=-1.2156  reward_loss=0.0255  total_loss=0.0340  value_loss=0.2970
  update 474500/500000: consistency_loss=0.0001  pi_loss=-1.2180  reward_loss=0.0344  total_loss=0.0336  value_loss=0.2873
  update 475000/500000: consistency_loss=0.0001  pi_loss=-1.2023  reward_loss=0.0214  total_loss=0.0327  value_loss=0.2901
  update 475500/500000: consistency_loss=0.0001  pi_loss=-1.1912  reward_loss=0.0225  total_loss=0.0340  value_loss=0.2995
  update 476000/500000: consistency_loss=0.0001  pi_loss=-1.1643  reward_loss=0.0219  total_loss=0.0340  value_loss=0.3035
  update 476500/500000: consistency_loss=0.0001  pi_loss=-1.1613  reward_loss=0.0207  total_loss=0.0339  value_loss=0.3053
  update 477000/500000: consistency_loss=0.0001  pi_loss=-1.1399  reward_loss=0.0180  total_loss=0.0335  value_loss=0.3025
  update 477500/500000: consistency_loss=0.0001  pi_loss=-1.0965  reward_loss=0.0196  total_loss=0.0343  value_loss=0.3071
  update 478000/500000: consistency_loss=0.0001  pi_loss=-1.0941  reward_loss=0.0226  total_loss=0.0364  value_loss=0.3231
  update 478500/500000: consistency_loss=0.0001  pi_loss=-1.0598  reward_loss=0.0140  total_loss=0.0340  value_loss=0.3113
  update 479000/500000: consistency_loss=0.0001  pi_loss=-1.0578  reward_loss=0.0243  total_loss=0.0350  value_loss=0.3112
  update 479500/500000: consistency_loss=0.0001  pi_loss=-1.0387  reward_loss=0.0128  total_loss=0.0341  value_loss=0.3123
  update 480000/500000: consistency_loss=0.0001  pi_loss=-1.0287  reward_loss=0.0234  total_loss=0.0346  value_loss=0.3035
  update 480500/500000: consistency_loss=0.0001  pi_loss=-1.0198  reward_loss=0.0229  total_loss=0.0343  value_loss=0.3019
  update 481000/500000: consistency_loss=0.0001  pi_loss=-1.0177  reward_loss=0.0196  total_loss=0.0335  value_loss=0.2990
  update 481500/500000: consistency_loss=0.0001  pi_loss=-1.0054  reward_loss=0.0191  total_loss=0.0341  value_loss=0.3071
  update 482000/500000: consistency_loss=0.0001  pi_loss=-1.0099  reward_loss=0.0187  total_loss=0.0340  value_loss=0.3065
  update 482500/500000: consistency_loss=0.0001  pi_loss=-1.0213  reward_loss=0.0182  total_loss=0.0352  value_loss=0.3160
  update 483000/500000: consistency_loss=0.0001  pi_loss=-1.0196  reward_loss=0.0295  total_loss=0.0356  value_loss=0.3101
  update 483500/500000: consistency_loss=0.0001  pi_loss=-1.0341  reward_loss=0.0262  total_loss=0.0352  value_loss=0.3101
  update 484000/500000: consistency_loss=0.0001  pi_loss=-1.0406  reward_loss=0.0232  total_loss=0.0341  value_loss=0.3035
  update 484500/500000: consistency_loss=0.0001  pi_loss=-1.0479  reward_loss=0.0166  total_loss=0.0328  value_loss=0.2972
  update 485000/500000: consistency_loss=0.0001  pi_loss=-1.0446  reward_loss=0.0228  total_loss=0.0332  value_loss=0.2962
  update 485500/500000: consistency_loss=0.0001  pi_loss=-1.0528  reward_loss=0.0160  total_loss=0.0323  value_loss=0.2900
  update 486000/500000: consistency_loss=0.0001  pi_loss=-1.0519  reward_loss=0.0240  total_loss=0.0340  value_loss=0.3019
  update 486500/500000: consistency_loss=0.0001  pi_loss=-1.0479  reward_loss=0.0248  total_loss=0.0331  value_loss=0.2914
  update 487000/500000: consistency_loss=0.0001  pi_loss=-1.0386  reward_loss=0.0295  total_loss=0.0343  value_loss=0.2985
  update 487500/500000: consistency_loss=0.0001  pi_loss=-1.0245  reward_loss=0.0200  total_loss=0.0339  value_loss=0.3037
  update 488000/500000: consistency_loss=0.0001  pi_loss=-1.0406  reward_loss=0.0149  total_loss=0.0343  value_loss=0.3083
  update 488500/500000: consistency_loss=0.0001  pi_loss=-1.0160  reward_loss=0.0135  total_loss=0.0328  value_loss=0.3010
  update 489000/500000: consistency_loss=0.0001  pi_loss=-1.0199  reward_loss=0.0225  total_loss=0.0326  value_loss=0.2875
  update 489500/500000: consistency_loss=0.0001  pi_loss=-1.0603  reward_loss=0.0189  total_loss=0.0330  value_loss=0.2950
  update 490000/500000: consistency_loss=0.0001  pi_loss=-1.0425  reward_loss=0.0198  total_loss=0.0325  value_loss=0.2902
  update 490500/500000: consistency_loss=0.0001  pi_loss=-1.0475  reward_loss=0.0257  total_loss=0.0323  value_loss=0.2805
  update 491000/500000: consistency_loss=0.0001  pi_loss=-1.0357  reward_loss=0.0421  total_loss=0.0341  value_loss=0.2864
  update 491500/500000: consistency_loss=0.0001  pi_loss=-1.0210  reward_loss=0.0188  total_loss=0.0334  value_loss=0.2980
  update 492000/500000: consistency_loss=0.0001  pi_loss=-1.0290  reward_loss=0.0293  total_loss=0.0350  value_loss=0.3055
  update 492500/500000: consistency_loss=0.0001  pi_loss=-1.0255  reward_loss=0.0153  total_loss=0.0320  value_loss=0.2903
  update 493000/500000: consistency_loss=0.0001  pi_loss=-1.0293  reward_loss=0.0225  total_loss=0.0346  value_loss=0.3063
  update 493500/500000: consistency_loss=0.0001  pi_loss=-1.0266  reward_loss=0.0167  total_loss=0.0328  value_loss=0.2953
  update 494000/500000: consistency_loss=0.0001  pi_loss=-1.0615  reward_loss=0.0175  total_loss=0.0323  value_loss=0.2908
  update 494500/500000: consistency_loss=0.0001  pi_loss=-1.0596  reward_loss=0.0124  total_loss=0.0316  value_loss=0.2885
  update 495000/500000: consistency_loss=0.0001  pi_loss=-1.0709  reward_loss=0.0182  total_loss=0.0326  value_loss=0.2932
  update 495500/500000: consistency_loss=0.0001  pi_loss=-1.0676  reward_loss=0.0248  total_loss=0.0319  value_loss=0.2772
  update 496000/500000: consistency_loss=0.0001  pi_loss=-1.0768  reward_loss=0.0256  total_loss=0.0333  value_loss=0.2915
  update 496500/500000: consistency_loss=0.0001  pi_loss=-1.0585  reward_loss=0.0185  total_loss=0.0329  value_loss=0.2954
  update 497000/500000: consistency_loss=0.0001  pi_loss=-1.0628  reward_loss=0.0167  total_loss=0.0341  value_loss=0.3054
  update 497500/500000: consistency_loss=0.0001  pi_loss=-1.0429  reward_loss=0.0281  total_loss=0.0338  value_loss=0.2956
  update 498000/500000: consistency_loss=0.0001  pi_loss=-1.0541  reward_loss=0.0248  total_loss=0.0337  value_loss=0.2959
  update 498500/500000: consistency_loss=0.0001  pi_loss=-1.0314  reward_loss=0.0250  total_loss=0.0345  value_loss=0.3032
  update 499000/500000: consistency_loss=0.0001  pi_loss=-1.0434  reward_loss=0.0239  total_loss=0.0329  value_loss=0.2908
  update 499500/500000: consistency_loss=0.0001  pi_loss=-1.0437  reward_loss=0.0226  total_loss=0.0335  value_loss=0.2976
  update 500000/500000: consistency_loss=0.0001  pi_loss=-1.0587  reward_loss=0.0205  total_loss=0.0336  value_loss=0.2991
DONE: 500000 updates -> /workspace/dreamerv3_runs/tm2wm_finger_awareq1s0_seed9/tm2_ckpt.pt
[Sun Jul 19 03:23:40 UTC 2026] adapt RUN_ID=adapt_tm2awareq1s0_finger_seed9_ckpt500000 TASK=dmc_finger_turn_hard STEPS=125000 SEED=9
/workspace/conda_envs/dreamerv3/lib/python3.11/site-packages/tensordict/_td.py:612: FutureWarning: TensorDict.to_module() is replacing an existing nn.Parameter in the destination module with a tensor leaf that is not an nn.Parameter. This historical behavior can remove the key from module.state_dict(). In tensordict v0.14, to_module() will preserve existing module parameter and buffer registrations by default. Pass preserve_module_state=False to keep the current replacement behavior, or preserve_module_state=True to opt in to the v0.14 behavior now.
  local_out = _set_tensor_dict(
Episode length: 1000
Discount factor: 0.995
Loaded + froze 20 tensors (928,512 params) from /workspace/dreamerv3_runs/tm2wm_finger_awareq1s0_seed9/tm2_ckpt.pt
Architecture: TD-MPC2 World Model
Encoder: ModuleDict(
  (state): Sequential(
    (0): NormedLinear(in_features=12, out_features=256, bias=True, act=Mish)
    (1): NormedLinear(in_features=256, out_features=512, bias=True, act=SimNorm)
  )
)
Dynamics: Sequential(
  (0): NormedLinear(in_features=514, out_features=512, bias=True, act=Mish)
  (1): NormedLinear(in_features=512, out_features=512, bias=True, act=Mish)
  (2): NormedLinear(in_features=512, out_features=512, bias=True, act=SimNorm)
)
Reward: Sequential(
  (0): NormedLinear(in_features=514, out_features=512, bias=True, act=Mish)
  (1): NormedLinear(in_features=512, out_features=512, bias=True, act=Mish)
  (2): Linear(in_features=512, out_features=101, bias=True)
)
Policy prior: Sequential(
  (0): NormedLinear(in_features=512, out_features=512, bias=True, act=Mish)
  (1): NormedLinear(in_features=512, out_features=512, bias=True, act=Mish)
  (2): Linear(in_features=512, out_features=4, bias=True)
)
Q-functions: Vectorized 5x Sequential(
  (0): NormedLinear(in_features=514, out_features=512, bias=True, dropout=0.01, act=Mish)
  (1): NormedLinear(in_features=512, out_features=512, bias=True, act=Mish)
  (2): Linear(in_features=512, out_features=101, bias=True)
)
Learnable parameters: 4,010,594
[eval] {'eval/episode_reward': 62.5, 'eval/episode_success': 0.0, 'eval/episode_length': 1000.0, 'eval/step': 0.0, 'eval/episode': 0.0, 'eval/elapsed_time': 448.1474266052246, 'eval/steps_per_second': 0.0}
Buffer capacity: 125,000
Storage required: 0.01 GB
Using CUDA:0 memory for storage.
[92m2026-07-19 03:31:13,231 [torchrl][INFO][0m    Initialized LazyTensorStorage with torch.Size([125000]) shape[92m [END][0m
Pretraining agent on seed data...
/workspace/conda_envs/dreamerv3/lib/python3.11/site-packages/torch/jit/_script.py:365: DeprecationWarning: `torch.jit.script_method` is deprecated. Please switch to `torch.compile` or `torch.export`.
  warnings.warn(
/workspace/conda_envs/dreamerv3/lib/python3.11/site-packages/torch/jit/_script.py:365: DeprecationWarning: `torch.jit.script_method` is deprecated. Please switch to `torch.compile` or `torch.export`.
  warnings.warn(
/workspace/conda_envs/dreamerv3/lib/python3.11/site-packages/torch/jit/_script.py:365: DeprecationWarning: `torch.jit.script_method` is deprecated. Please switch to `torch.compile` or `torch.export`.
  warnings.warn(
/workspace/conda_envs/dreamerv3/lib/python3.11/site-packages/torch/jit/_script.py:365: DeprecationWarning: `torch.jit.script_method` is deprecated. Please switch to `torch.compile` or `torch.export`.
  warnings.warn(
/workspace/conda_envs/dreamerv3/lib/python3.11/site-packages/torch/jit/_script.py:365: DeprecationWarning: `torch.jit.script_method` is deprecated. Please switch to `torch.compile` or `torch.export`.
  warnings.warn(
/workspace/conda_envs/dreamerv3/lib/python3.11/site-packages/torch/jit/_script.py:365: DeprecationWarning: `torch.jit.script_method` is deprecated. Please switch to `torch.compile` or `torch.export`.
  warnings.warn(
/workspace/conda_envs/dreamerv3/lib/python3.11/site-packages/torch/jit/_script.py:365: DeprecationWarning: `torch.jit.script_method` is deprecated. Please switch to `torch.compile` or `torch.export`.
  warnings.warn(
/workspace/conda_envs/dreamerv3/lib/python3.11/site-packages/torch/jit/_script.py:365: DeprecationWarning: `torch.jit.script_method` is deprecated. Please switch to `torch.compile` or `torch.export`.
  warnings.warn(
/workspace/conda_envs/dreamerv3/lib/python3.11/site-packages/torch/jit/_script.py:365: DeprecationWarning: `torch.jit.script_method` is deprecated. Please switch to `torch.compile` or `torch.export`.
  warnings.warn(
/workspace/conda_envs/dreamerv3/lib/python3.11/site-packages/torch/jit/_script.py:365: DeprecationWarning: `torch.jit.script_method` is deprecated. Please switch to `torch.compile` or `torch.export`.
  warnings.warn(
/workspace/conda_envs/dreamerv3/lib/python3.11/site-packages/torch/jit/_script.py:365: DeprecationWarning: `torch.jit.script_method` is deprecated. Please switch to `torch.compile` or `torch.export`.
  warnings.warn(
/workspace/conda_envs/dreamerv3/lib/python3.11/site-packages/torch/jit/_script.py:365: DeprecationWarning: `torch.jit.script_method` is deprecated. Please switch to `torch.compile` or `torch.export`.
  warnings.warn(
/workspace/conda_envs/dreamerv3/lib/python3.11/site-packages/torch/jit/_script.py:365: DeprecationWarning: `torch.jit.script_method` is deprecated. Please switch to `torch.compile` or `torch.export`.
  warnings.warn(
/workspace/conda_envs/dreamerv3/lib/python3.11/site-packages/torch/jit/_script.py:365: DeprecationWarning: `torch.jit.script_method` is deprecated. Please switch to `torch.compile` or `torch.export`.
  warnings.warn(
[eval] {'eval/episode_reward': 172.0, 'eval/episode_success': 0.0, 'eval/episode_length': 1000.0, 'eval/step': 16000.0, 'eval/episode': 15.0, 'eval/elapsed_time': 1694.9952521324158, 'eval/steps_per_second': 9.439554464752007}
[eval] {'eval/episode_reward': 434.875, 'eval/episode_success': 0.0, 'eval/episode_length': 1000.0, 'eval/step': 32000.0, 'eval/episode': 31.0, 'eval/elapsed_time': 3036.382348060608, 'eval/steps_per_second': 10.538857209612939}
[eval] {'eval/episode_reward': 124.5, 'eval/episode_success': 0.0, 'eval/episode_length': 1000.0, 'eval/step': 48000.0, 'eval/episode': 47.0, 'eval/elapsed_time': 4407.209131479263, 'eval/steps_per_second': 10.891246266747723}
[eval] {'eval/episode_reward': 245.375, 'eval/episode_success': 0.0, 'eval/episode_length': 1000.0, 'eval/step': 64000.0, 'eval/episode': 63.0, 'eval/elapsed_time': 5760.397069692612, 'eval/steps_per_second': 11.110345211569797}
[eval] {'eval/episode_reward': 165.0625, 'eval/episode_success': 0.0, 'eval/episode_length': 1000.0, 'eval/step': 80000.0, 'eval/episode': 79.0, 'eval/elapsed_time': 7150.822261571884, 'eval/steps_per_second': 11.187524605375174}
[eval] {'eval/episode_reward': 503.25, 'eval/episode_success': 0.0, 'eval/episode_length': 1000.0, 'eval/step': 96000.0, 'eval/episode': 95.0, 'eval/elapsed_time': 8515.084586381912, 'eval/steps_per_second': 11.274109966392093}
[eval] {'eval/episode_reward': 616.4375, 'eval/episode_success': 0.0, 'eval/episode_length': 1000.0, 'eval/step': 112000.0, 'eval/episode': 111.0, 'eval/elapsed_time': 10094.801089286804, 'eval/steps_per_second': 11.09481989881514}
ADAPT DONE -> /workspace/dreamerv3_runs/adapt_tm2awareq1s0_finger_seed9_ckpt500000
[Sun Jul 19 06:29:56 UTC 2026] tdmpc2 adapt_tm2awareq1s0_finger_seed9_ckpt500000 rc=0 status=DONE
