[Sun Jul 19 06:44:56 UTC 2026] offline_fit WM_RUN=tm2wm_finger_awareq1s0_seed16 ARM=aware DATA=/workspace/dreamerv3_runs/tm2_data/finger_q1_side0.pt UPDATES=500000 SEED=16
/workspace/conda_envs/dreamerv3/lib/python3.11/site-packages/tensordict/_td.py:612: FutureWarning: TensorDict.to_module() is replacing an existing nn.Parameter in the destination module with a tensor leaf that is not an nn.Parameter. This historical behavior can remove the key from module.state_dict(). In tensordict v0.14, to_module() will preserve existing module parameter and buffer registrations by default. Pass preserve_module_state=False to keep the current replacement behavior, or preserve_module_state=True to opt in to the v0.14 behavior now.
  local_out = _set_tensor_dict(
Episode length: 1000
Discount factor: 0.995
Buffer capacity: 200,200
Storage required: 0.01 GB
Using CUDA:0 memory for storage.
[92m2026-07-19 06:45:00,142 [torchrl][INFO][0m    Initialized LazyTensorStorage with torch.Size([200200]) shape[92m [END][0m
Loaded static data: 200 eps x 1001 rows = 200200 rows; arm=aware (reward_coef=0.1, value_coef=0.1)
  update      1/500000: consistency_loss=0.0156  pi_loss=-0.0004  reward_loss=2.6922  total_loss=0.8502  value_loss=2.6922
  update    500/500000: consistency_loss=0.0019  pi_loss=-0.1472  reward_loss=0.1960  total_loss=0.1003  value_loss=0.4272
  update   1000/500000: consistency_loss=0.0016  pi_loss=-0.1583  reward_loss=0.0517  total_loss=0.0694  value_loss=0.3281
  update   1500/500000: consistency_loss=0.0012  pi_loss=-0.1120  reward_loss=0.0324  total_loss=0.0566  value_loss=0.2981
  update   2000/500000: consistency_loss=0.0012  pi_loss=-0.1054  reward_loss=0.0631  total_loss=0.0629  value_loss=0.3309
  update   2500/500000: consistency_loss=0.0010  pi_loss=-0.0771  reward_loss=0.0391  total_loss=0.0594  value_loss=0.3584
  update   3000/500000: consistency_loss=0.0009  pi_loss=-0.0850  reward_loss=0.0488  total_loss=0.0601  value_loss=0.3813
  update   3500/500000: consistency_loss=0.0009  pi_loss=-0.0605  reward_loss=0.0354  total_loss=0.0636  value_loss=0.4166
  update   4000/500000: consistency_loss=0.0009  pi_loss=-0.0808  reward_loss=0.0561  total_loss=0.0671  value_loss=0.4354
  update   4500/500000: consistency_loss=0.0009  pi_loss=-0.0688  reward_loss=0.0272  total_loss=0.0606  value_loss=0.4069
  update   5000/500000: consistency_loss=0.0007  pi_loss=-0.1298  reward_loss=0.0551  total_loss=0.0648  value_loss=0.4516
  update   5500/500000: consistency_loss=0.0007  pi_loss=-0.1303  reward_loss=0.0515  total_loss=0.0603  value_loss=0.4049
  update   6000/500000: consistency_loss=0.0007  pi_loss=-0.1472  reward_loss=0.0456  total_loss=0.0602  value_loss=0.4110
  update   6500/500000: consistency_loss=0.0007  pi_loss=-0.1732  reward_loss=0.0303  total_loss=0.0586  value_loss=0.4064
  update   7000/500000: consistency_loss=0.0008  pi_loss=-0.2143  reward_loss=0.0376  total_loss=0.0605  value_loss=0.4072
  update   7500/500000: consistency_loss=0.0007  pi_loss=-0.2669  reward_loss=0.0476  total_loss=0.0539  value_loss=0.3420
  update   8000/500000: consistency_loss=0.0006  pi_loss=-0.2965  reward_loss=0.0274  total_loss=0.0463  value_loss=0.3060
  update   8500/500000: consistency_loss=0.0007  pi_loss=-0.3363  reward_loss=0.0597  total_loss=0.0514  value_loss=0.3177
  update   9000/500000: consistency_loss=0.0008  pi_loss=-0.3257  reward_loss=0.0500  total_loss=0.0521  value_loss=0.3194
  update   9500/500000: consistency_loss=0.0007  pi_loss=-0.2645  reward_loss=0.0256  total_loss=0.0466  value_loss=0.2989
  update  10000/500000: consistency_loss=0.0007  pi_loss=-0.2362  reward_loss=0.0544  total_loss=0.0528  value_loss=0.3319
  update  10500/500000: consistency_loss=0.0006  pi_loss=-0.1949  reward_loss=0.0444  total_loss=0.0532  value_loss=0.3585
  update  11000/500000: consistency_loss=0.0007  pi_loss=-0.1829  reward_loss=0.0426  total_loss=0.0557  value_loss=0.3767
  update  11500/500000: consistency_loss=0.0007  pi_loss=-0.2167  reward_loss=0.0410  total_loss=0.0553  value_loss=0.3728
  update  12000/500000: consistency_loss=0.0006  pi_loss=-0.3242  reward_loss=0.0317  total_loss=0.0559  value_loss=0.3970
  update  12500/500000: consistency_loss=0.0006  pi_loss=-0.4990  reward_loss=0.0469  total_loss=0.0524  value_loss=0.3492
  update  13000/500000: consistency_loss=0.0005  pi_loss=-0.6671  reward_loss=0.0303  total_loss=0.0402  value_loss=0.2754
  update  13500/500000: consistency_loss=0.0006  pi_loss=-0.9308  reward_loss=0.0413  total_loss=0.0418  value_loss=0.2622
  update  14000/500000: consistency_loss=0.0004  pi_loss=-1.3259  reward_loss=0.0545  total_loss=0.0400  value_loss=0.2667
  update  14500/500000: consistency_loss=0.0005  pi_loss=-1.6531  reward_loss=0.0489  total_loss=0.0464  value_loss=0.3099
  update  15000/500000: consistency_loss=0.0005  pi_loss=-1.9605  reward_loss=0.0524  total_loss=0.0495  value_loss=0.3476
  update  15500/500000: consistency_loss=0.0004  pi_loss=-1.8477  reward_loss=0.0394  total_loss=0.0501  value_loss=0.3732
  update  16000/500000: consistency_loss=0.0005  pi_loss=-1.6702  reward_loss=0.0166  total_loss=0.0492  value_loss=0.3832
  update  16500/500000: consistency_loss=0.0005  pi_loss=-1.4886  reward_loss=0.0439  total_loss=0.0504  value_loss=0.3700
  update  17000/500000: consistency_loss=0.0004  pi_loss=-1.2858  reward_loss=0.0435  total_loss=0.0461  value_loss=0.3348
  update  17500/500000: consistency_loss=0.0004  pi_loss=-1.1100  reward_loss=0.0335  total_loss=0.0388  value_loss=0.2713
  update  18000/500000: consistency_loss=0.0004  pi_loss=-0.9761  reward_loss=0.0296  total_loss=0.0309  value_loss=0.1894
  update  18500/500000: consistency_loss=0.0004  pi_loss=-0.8343  reward_loss=0.0333  total_loss=0.0307  value_loss=0.1940
  update  19000/500000: consistency_loss=0.0004  pi_loss=-0.7208  reward_loss=0.0219  total_loss=0.0366  value_loss=0.2676
  update  19500/500000: consistency_loss=0.0005  pi_loss=-0.6473  reward_loss=0.0329  total_loss=0.0446  value_loss=0.3140
  update  20000/500000: consistency_loss=0.0004  pi_loss=-0.5898  reward_loss=0.0324  total_loss=0.0434  value_loss=0.3240
  update  20500/500000: consistency_loss=0.0004  pi_loss=-0.5788  reward_loss=0.0394  total_loss=0.0448  value_loss=0.3387
  update  21000/500000: consistency_loss=0.0004  pi_loss=-0.5470  reward_loss=0.0344  total_loss=0.0450  value_loss=0.3433
  update  21500/500000: consistency_loss=0.0004  pi_loss=-0.5214  reward_loss=0.0166  total_loss=0.0430  value_loss=0.3363
  update  22000/500000: consistency_loss=0.0003  pi_loss=-0.5043  reward_loss=0.0283  total_loss=0.0414  value_loss=0.3207
  update  22500/500000: consistency_loss=0.0004  pi_loss=-0.4950  reward_loss=0.0260  total_loss=0.0430  value_loss=0.3223
  update  23000/500000: consistency_loss=0.0004  pi_loss=-0.4882  reward_loss=0.0313  total_loss=0.0429  value_loss=0.3234
  update  23500/500000: consistency_loss=0.0004  pi_loss=-0.4694  reward_loss=0.0307  total_loss=0.0404  value_loss=0.3015
  update  24000/500000: consistency_loss=0.0003  pi_loss=-0.4572  reward_loss=0.0300  total_loss=0.0385  value_loss=0.2889
  update  24500/500000: consistency_loss=0.0003  pi_loss=-0.4593  reward_loss=0.0299  total_loss=0.0392  value_loss=0.2979
  update  25000/500000: consistency_loss=0.0003  pi_loss=-0.4634  reward_loss=0.0283  total_loss=0.0369  value_loss=0.2793
  update  25500/500000: consistency_loss=0.0003  pi_loss=-0.4617  reward_loss=0.0297  total_loss=0.0398  value_loss=0.2983
  update  26000/500000: consistency_loss=0.0003  pi_loss=-0.4556  reward_loss=0.0347  total_loss=0.0405  value_loss=0.3098
  update  26500/500000: consistency_loss=0.0003  pi_loss=-0.4756  reward_loss=0.0478  total_loss=0.0402  value_loss=0.2946
  update  27000/500000: consistency_loss=0.0003  pi_loss=-0.4952  reward_loss=0.0266  total_loss=0.0369  value_loss=0.2898
  update  27500/500000: consistency_loss=0.0003  pi_loss=-0.5536  reward_loss=0.0243  total_loss=0.0364  value_loss=0.2868
  update  28000/500000: consistency_loss=0.0003  pi_loss=-0.6137  reward_loss=0.0250  total_loss=0.0361  value_loss=0.2823
  update  28500/500000: consistency_loss=0.0003  pi_loss=-0.6585  reward_loss=0.0361  total_loss=0.0376  value_loss=0.2870
  update  29000/500000: consistency_loss=0.0003  pi_loss=-0.6782  reward_loss=0.0251  total_loss=0.0369  value_loss=0.2869
  update  29500/500000: consistency_loss=0.0002  pi_loss=-0.7016  reward_loss=0.0306  total_loss=0.0376  value_loss=0.2971
  update  30000/500000: consistency_loss=0.0002  pi_loss=-0.7113  reward_loss=0.0236  total_loss=0.0385  value_loss=0.3113
  update  30500/500000: consistency_loss=0.0002  pi_loss=-0.6803  reward_loss=0.0448  total_loss=0.0391  value_loss=0.2994
  update  31000/500000: consistency_loss=0.0003  pi_loss=-0.6478  reward_loss=0.0267  total_loss=0.0384  value_loss=0.3038
  update  31500/500000: consistency_loss=0.0003  pi_loss=-0.6153  reward_loss=0.0290  total_loss=0.0384  value_loss=0.3041
  update  32000/500000: consistency_loss=0.0002  pi_loss=-0.5965  reward_loss=0.0458  total_loss=0.0382  value_loss=0.2890
  update  32500/500000: consistency_loss=0.0002  pi_loss=-0.5735  reward_loss=0.0170  total_loss=0.0358  value_loss=0.2960
  update  33000/500000: consistency_loss=0.0002  pi_loss=-0.5785  reward_loss=0.0374  total_loss=0.0356  value_loss=0.2712
  update  33500/500000: consistency_loss=0.0003  pi_loss=-0.5952  reward_loss=0.0280  total_loss=0.0365  value_loss=0.2813
  update  34000/500000: consistency_loss=0.0002  pi_loss=-0.6013  reward_loss=0.0338  total_loss=0.0363  value_loss=0.2820
  update  34500/500000: consistency_loss=0.0003  pi_loss=-0.6356  reward_loss=0.0354  total_loss=0.0375  value_loss=0.2884
  update  35000/500000: consistency_loss=0.0002  pi_loss=-0.6412  reward_loss=0.0334  total_loss=0.0384  value_loss=0.3006
  update  35500/500000: consistency_loss=0.0002  pi_loss=-0.6284  reward_loss=0.0290  total_loss=0.0365  value_loss=0.2889
  update  36000/500000: consistency_loss=0.0002  pi_loss=-0.6462  reward_loss=0.0375  total_loss=0.0355  value_loss=0.2767
  update  36500/500000: consistency_loss=0.0002  pi_loss=-0.6616  reward_loss=0.0366  total_loss=0.0372  value_loss=0.2934
  update  37000/500000: consistency_loss=0.0002  pi_loss=-0.6541  reward_loss=0.0320  total_loss=0.0360  value_loss=0.2906
  update  37500/500000: consistency_loss=0.0002  pi_loss=-0.6548  reward_loss=0.0254  total_loss=0.0357  value_loss=0.2897
  update  38000/500000: consistency_loss=0.0002  pi_loss=-0.6668  reward_loss=0.0381  total_loss=0.0370  value_loss=0.2879
  update  38500/500000: consistency_loss=0.0002  pi_loss=-0.6759  reward_loss=0.0328  total_loss=0.0372  value_loss=0.2963
  update  39000/500000: consistency_loss=0.0002  pi_loss=-0.7285  reward_loss=0.0269  total_loss=0.0351  value_loss=0.2869
  update  39500/500000: consistency_loss=0.0002  pi_loss=-0.7717  reward_loss=0.0285  total_loss=0.0368  value_loss=0.2974
  update  40000/500000: consistency_loss=0.0002  pi_loss=-0.7744  reward_loss=0.0302  total_loss=0.0373  value_loss=0.3013
  update  40500/500000: consistency_loss=0.0002  pi_loss=-0.7668  reward_loss=0.0309  total_loss=0.0361  value_loss=0.2910
  update  41000/500000: consistency_loss=0.0002  pi_loss=-0.7463  reward_loss=0.0236  total_loss=0.0376  value_loss=0.3119
  update  41500/500000: consistency_loss=0.0002  pi_loss=-0.6877  reward_loss=0.0319  total_loss=0.0373  value_loss=0.3024
  update  42000/500000: consistency_loss=0.0002  pi_loss=-0.6606  reward_loss=0.0184  total_loss=0.0344  value_loss=0.2884
  update  42500/500000: consistency_loss=0.0002  pi_loss=-0.6669  reward_loss=0.0208  total_loss=0.0341  value_loss=0.2865
  update  43000/500000: consistency_loss=0.0002  pi_loss=-0.6913  reward_loss=0.0348  total_loss=0.0354  value_loss=0.2785
  update  43500/500000: consistency_loss=0.0002  pi_loss=-0.6813  reward_loss=0.0276  total_loss=0.0356  value_loss=0.2951
  update  44000/500000: consistency_loss=0.0002  pi_loss=-0.7022  reward_loss=0.0368  total_loss=0.0366  value_loss=0.2960
  update  44500/500000: consistency_loss=0.0002  pi_loss=-0.7232  reward_loss=0.0254  total_loss=0.0359  value_loss=0.3000
  update  45000/500000: consistency_loss=0.0002  pi_loss=-0.7564  reward_loss=0.0260  total_loss=0.0352  value_loss=0.2863
  update  45500/500000: consistency_loss=0.0002  pi_loss=-0.7652  reward_loss=0.0308  total_loss=0.0354  value_loss=0.2847
  update  46000/500000: consistency_loss=0.0002  pi_loss=-0.7777  reward_loss=0.0229  total_loss=0.0331  value_loss=0.2753
  update  46500/500000: consistency_loss=0.0001  pi_loss=-0.7969  reward_loss=0.0281  total_loss=0.0347  value_loss=0.2893
  update  47000/500000: consistency_loss=0.0002  pi_loss=-0.8058  reward_loss=0.0238  total_loss=0.0360  value_loss=0.2999
  update  47500/500000: consistency_loss=0.0002  pi_loss=-0.8147  reward_loss=0.0276  total_loss=0.0354  value_loss=0.2894
  update  48000/500000: consistency_loss=0.0002  pi_loss=-0.8260  reward_loss=0.0358  total_loss=0.0363  value_loss=0.2937
  update  48500/500000: consistency_loss=0.0002  pi_loss=-0.8353  reward_loss=0.0171  total_loss=0.0358  value_loss=0.3097
  update  49000/500000: consistency_loss=0.0002  pi_loss=-0.8604  reward_loss=0.0232  total_loss=0.0365  value_loss=0.3106
  update  49500/500000: consistency_loss=0.0002  pi_loss=-0.8868  reward_loss=0.0249  total_loss=0.0367  value_loss=0.3052
  update  50000/500000: consistency_loss=0.0002  pi_loss=-0.9087  reward_loss=0.0396  total_loss=0.0373  value_loss=0.2936
  update  50500/500000: consistency_loss=0.0002  pi_loss=-0.9106  reward_loss=0.0226  total_loss=0.0348  value_loss=0.2893
  update  51000/500000: consistency_loss=0.0002  pi_loss=-0.9124  reward_loss=0.0173  total_loss=0.0339  value_loss=0.2893
  update  51500/500000: consistency_loss=0.0002  pi_loss=-0.9219  reward_loss=0.0397  total_loss=0.0369  value_loss=0.2914
  update  52000/500000: consistency_loss=0.0002  pi_loss=-0.9588  reward_loss=0.0355  total_loss=0.0368  value_loss=0.3017
  update  52500/500000: consistency_loss=0.0002  pi_loss=-0.9637  reward_loss=0.0328  total_loss=0.0357  value_loss=0.2944
  update  53000/500000: consistency_loss=0.0002  pi_loss=-1.0106  reward_loss=0.0403  total_loss=0.0379  value_loss=0.3006
  update  53500/500000: consistency_loss=0.0002  pi_loss=-1.0104  reward_loss=0.0203  total_loss=0.0362  value_loss=0.3091
  update  54000/500000: consistency_loss=0.0002  pi_loss=-1.0448  reward_loss=0.0238  total_loss=0.0367  value_loss=0.3125
  update  54500/500000: consistency_loss=0.0001  pi_loss=-1.0811  reward_loss=0.0292  total_loss=0.0382  value_loss=0.3240
  update  55000/500000: consistency_loss=0.0002  pi_loss=-1.0769  reward_loss=0.0240  total_loss=0.0367  value_loss=0.3077
  update  55500/500000: consistency_loss=0.0002  pi_loss=-1.0989  reward_loss=0.0238  total_loss=0.0373  value_loss=0.3181
  update  56000/500000: consistency_loss=0.0002  pi_loss=-1.1083  reward_loss=0.0277  total_loss=0.0379  value_loss=0.3163
  update  56500/500000: consistency_loss=0.0002  pi_loss=-1.0981  reward_loss=0.0154  total_loss=0.0378  value_loss=0.3304
  update  57000/500000: consistency_loss=0.0002  pi_loss=-1.1017  reward_loss=0.0245  total_loss=0.0380  value_loss=0.3216
  update  57500/500000: consistency_loss=0.0002  pi_loss=-1.1114  reward_loss=0.0314  total_loss=0.0377  value_loss=0.3119
  update  58000/500000: consistency_loss=0.0002  pi_loss=-1.1112  reward_loss=0.0226  total_loss=0.0383  value_loss=0.3273
  update  58500/500000: consistency_loss=0.0002  pi_loss=-1.0799  reward_loss=0.0246  total_loss=0.0379  value_loss=0.3234
  update  59000/500000: consistency_loss=0.0002  pi_loss=-1.0430  reward_loss=0.0232  total_loss=0.0381  value_loss=0.3239
  update  59500/500000: consistency_loss=0.0002  pi_loss=-0.9918  reward_loss=0.0241  total_loss=0.0385  value_loss=0.3223
  update  60000/500000: consistency_loss=0.0002  pi_loss=-0.9109  reward_loss=0.0162  total_loss=0.0363  value_loss=0.3161
  update  60500/500000: consistency_loss=0.0002  pi_loss=-0.8812  reward_loss=0.0379  total_loss=0.0383  value_loss=0.3134
  update  61000/500000: consistency_loss=0.0002  pi_loss=-0.8783  reward_loss=0.0184  total_loss=0.0374  value_loss=0.3203
  update  61500/500000: consistency_loss=0.0002  pi_loss=-0.8947  reward_loss=0.0311  total_loss=0.0368  value_loss=0.3064
  update  62000/500000: consistency_loss=0.0002  pi_loss=-0.9057  reward_loss=0.0347  total_loss=0.0388  value_loss=0.3169
  update  62500/500000: consistency_loss=0.0002  pi_loss=-0.9224  reward_loss=0.0281  total_loss=0.0368  value_loss=0.3098
  update  63000/500000: consistency_loss=0.0002  pi_loss=-0.9484  reward_loss=0.0200  total_loss=0.0356  value_loss=0.3060
  update  63500/500000: consistency_loss=0.0002  pi_loss=-0.9926  reward_loss=0.0230  total_loss=0.0362  value_loss=0.3069
  update  64000/500000: consistency_loss=0.0001  pi_loss=-1.0035  reward_loss=0.0183  total_loss=0.0352  value_loss=0.3042
  update  64500/500000: consistency_loss=0.0001  pi_loss=-1.0269  reward_loss=0.0094  total_loss=0.0330  value_loss=0.2955
  update  65000/500000: consistency_loss=0.0001  pi_loss=-1.0637  reward_loss=0.0223  total_loss=0.0359  value_loss=0.3077
  update  65500/500000: consistency_loss=0.0002  pi_loss=-1.0837  reward_loss=0.0278  total_loss=0.0363  value_loss=0.3047
  update  66000/500000: consistency_loss=0.0002  pi_loss=-1.1130  reward_loss=0.0228  total_loss=0.0369  value_loss=0.3121
  update  66500/500000: consistency_loss=0.0001  pi_loss=-1.0846  reward_loss=0.0234  total_loss=0.0373  value_loss=0.3197
  update  67000/500000: consistency_loss=0.0002  pi_loss=-1.0683  reward_loss=0.0240  total_loss=0.0370  value_loss=0.3151
  update  67500/500000: consistency_loss=0.0002  pi_loss=-1.0466  reward_loss=0.0144  total_loss=0.0369  value_loss=0.3227
  update  68000/500000: consistency_loss=0.0002  pi_loss=-1.0565  reward_loss=0.0330  total_loss=0.0382  value_loss=0.3157
  update  68500/500000: consistency_loss=0.0002  pi_loss=-1.0627  reward_loss=0.0199  total_loss=0.0365  value_loss=0.3115
  update  69000/500000: consistency_loss=0.0001  pi_loss=-1.0648  reward_loss=0.0198  total_loss=0.0376  value_loss=0.3271
  update  69500/500000: consistency_loss=0.0002  pi_loss=-1.0824  reward_loss=0.0349  total_loss=0.0379  value_loss=0.3128
  update  70000/500000: consistency_loss=0.0002  pi_loss=-1.0746  reward_loss=0.0342  total_loss=0.0376  value_loss=0.3059
  update  70500/500000: consistency_loss=0.0002  pi_loss=-1.0832  reward_loss=0.0173  total_loss=0.0356  value_loss=0.3071
  update  71000/500000: consistency_loss=0.0002  pi_loss=-1.0785  reward_loss=0.0259  total_loss=0.0363  value_loss=0.3056
  update  71500/500000: consistency_loss=0.0001  pi_loss=-1.0788  reward_loss=0.0351  total_loss=0.0360  value_loss=0.2983
  update  72000/500000: consistency_loss=0.0002  pi_loss=-1.0739  reward_loss=0.0267  total_loss=0.0364  value_loss=0.3058
  update  72500/500000: consistency_loss=0.0002  pi_loss=-1.0783  reward_loss=0.0255  total_loss=0.0377  value_loss=0.3204
  update  73000/500000: consistency_loss=0.0001  pi_loss=-1.1105  reward_loss=0.0283  total_loss=0.0383  value_loss=0.3254
  update  73500/500000: consistency_loss=0.0001  pi_loss=-1.1184  reward_loss=0.0279  total_loss=0.0391  value_loss=0.3350
  update  74000/500000: consistency_loss=0.0001  pi_loss=-1.1467  reward_loss=0.0174  total_loss=0.0383  value_loss=0.3356
  update  74500/500000: consistency_loss=0.0001  pi_loss=-1.1543  reward_loss=0.0254  total_loss=0.0382  value_loss=0.3292
  update  75000/500000: consistency_loss=0.0001  pi_loss=-1.1347  reward_loss=0.0244  total_loss=0.0385  value_loss=0.3329
  update  75500/500000: consistency_loss=0.0001  pi_loss=-1.1391  reward_loss=0.0328  total_loss=0.0391  value_loss=0.3308
  update  76000/500000: consistency_loss=0.0001  pi_loss=-1.1323  reward_loss=0.0237  total_loss=0.0371  value_loss=0.3192
  update  76500/500000: consistency_loss=0.0002  pi_loss=-1.1565  reward_loss=0.0259  total_loss=0.0389  value_loss=0.3321
  update  77000/500000: consistency_loss=0.0001  pi_loss=-1.1825  reward_loss=0.0181  total_loss=0.0374  value_loss=0.3266
  update  77500/500000: consistency_loss=0.0001  pi_loss=-1.1635  reward_loss=0.0243  total_loss=0.0385  value_loss=0.3319
  update  78000/500000: consistency_loss=0.0001  pi_loss=-1.1931  reward_loss=0.0222  total_loss=0.0371  value_loss=0.3236
  update  78500/500000: consistency_loss=0.0001  pi_loss=-1.2197  reward_loss=0.0371  total_loss=0.0388  value_loss=0.3220
  update  79000/500000: consistency_loss=0.0002  pi_loss=-1.2249  reward_loss=0.0230  total_loss=0.0389  value_loss=0.3332
  update  79500/500000: consistency_loss=0.0002  pi_loss=-1.2191  reward_loss=0.0246  total_loss=0.0388  value_loss=0.3328
  update  80000/500000: consistency_loss=0.0001  pi_loss=-1.2480  reward_loss=0.0278  total_loss=0.0385  value_loss=0.3276
  update  80500/500000: consistency_loss=0.0002  pi_loss=-1.2819  reward_loss=0.0256  total_loss=0.0374  value_loss=0.3176
  update  81000/500000: consistency_loss=0.0002  pi_loss=-1.2833  reward_loss=0.0271  total_loss=0.0378  value_loss=0.3191
  update  81500/500000: consistency_loss=0.0001  pi_loss=-1.2628  reward_loss=0.0269  total_loss=0.0379  value_loss=0.3232
  update  82000/500000: consistency_loss=0.0001  pi_loss=-1.2707  reward_loss=0.0252  total_loss=0.0382  value_loss=0.3291
  update  82500/500000: consistency_loss=0.0001  pi_loss=-1.2779  reward_loss=0.0213  total_loss=0.0381  value_loss=0.3317
  update  83000/500000: consistency_loss=0.0002  pi_loss=-1.2815  reward_loss=0.0192  total_loss=0.0373  value_loss=0.3211
  update  83500/500000: consistency_loss=0.0001  pi_loss=-1.2864  reward_loss=0.0288  total_loss=0.0384  value_loss=0.3271
  update  84000/500000: consistency_loss=0.0001  pi_loss=-1.2894  reward_loss=0.0294  total_loss=0.0368  value_loss=0.3124
  update  84500/500000: consistency_loss=0.0002  pi_loss=-1.3401  reward_loss=0.0220  total_loss=0.0371  value_loss=0.3168
  update  85000/500000: consistency_loss=0.0002  pi_loss=-1.3358  reward_loss=0.0226  total_loss=0.0366  value_loss=0.3115
  update  85500/500000: consistency_loss=0.0001  pi_loss=-1.3676  reward_loss=0.0271  total_loss=0.0381  value_loss=0.3246
  update  86000/500000: consistency_loss=0.0001  pi_loss=-1.3823  reward_loss=0.0194  total_loss=0.0363  value_loss=0.3165
  update  86500/500000: consistency_loss=0.0001  pi_loss=-1.3777  reward_loss=0.0258  total_loss=0.0367  value_loss=0.3139
  update  87000/500000: consistency_loss=0.0002  pi_loss=-1.3850  reward_loss=0.0220  total_loss=0.0365  value_loss=0.3126
  update  87500/500000: consistency_loss=0.0001  pi_loss=-1.4258  reward_loss=0.0184  total_loss=0.0360  value_loss=0.3140
  update  88000/500000: consistency_loss=0.0001  pi_loss=-1.4295  reward_loss=0.0167  total_loss=0.0355  value_loss=0.3100
  update  88500/500000: consistency_loss=0.0001  pi_loss=-1.4582  reward_loss=0.0283  total_loss=0.0368  value_loss=0.3121
  update  89000/500000: consistency_loss=0.0001  pi_loss=-1.4620  reward_loss=0.0219  total_loss=0.0361  value_loss=0.3107
  update  89500/500000: consistency_loss=0.0002  pi_loss=-1.4988  reward_loss=0.0239  total_loss=0.0370  value_loss=0.3141
  update  90000/500000: consistency_loss=0.0001  pi_loss=-1.4980  reward_loss=0.0136  total_loss=0.0358  value_loss=0.3164
  update  90500/500000: consistency_loss=0.0001  pi_loss=-1.5080  reward_loss=0.0151  total_loss=0.0356  value_loss=0.3156
  update  91000/500000: consistency_loss=0.0001  pi_loss=-1.5396  reward_loss=0.0348  total_loss=0.0362  value_loss=0.3016
  update  91500/500000: consistency_loss=0.0002  pi_loss=-1.5407  reward_loss=0.0198  total_loss=0.0368  value_loss=0.3132
  update  92000/500000: consistency_loss=0.0001  pi_loss=-1.5821  reward_loss=0.0197  total_loss=0.0361  value_loss=0.3126
  update  92500/500000: consistency_loss=0.0001  pi_loss=-1.5670  reward_loss=0.0173  total_loss=0.0345  value_loss=0.3009
  update  93000/500000: consistency_loss=0.0002  pi_loss=-1.5744  reward_loss=0.0245  total_loss=0.0357  value_loss=0.2979
  update  93500/500000: consistency_loss=0.0002  pi_loss=-1.6043  reward_loss=0.0146  total_loss=0.0347  value_loss=0.3019
  update  94000/500000: consistency_loss=0.0001  pi_loss=-1.5972  reward_loss=0.0176  total_loss=0.0337  value_loss=0.2902
  update  94500/500000: consistency_loss=0.0001  pi_loss=-1.5807  reward_loss=0.0187  total_loss=0.0338  value_loss=0.2942
  update  95000/500000: consistency_loss=0.0001  pi_loss=-1.6043  reward_loss=0.0296  total_loss=0.0349  value_loss=0.2935
  update  95500/500000: consistency_loss=0.0001  pi_loss=-1.5810  reward_loss=0.0210  total_loss=0.0345  value_loss=0.2965
  update  96000/500000: consistency_loss=0.0002  pi_loss=-1.6048  reward_loss=0.0245  total_loss=0.0358  value_loss=0.3001
  update  96500/500000: consistency_loss=0.0001  pi_loss=-1.6070  reward_loss=0.0305  total_loss=0.0349  value_loss=0.2915
  update  97000/500000: consistency_loss=0.0001  pi_loss=-1.5755  reward_loss=0.0223  total_loss=0.0346  value_loss=0.2945
  update  97500/500000: consistency_loss=0.0001  pi_loss=-1.5757  reward_loss=0.0233  total_loss=0.0337  value_loss=0.2834
  update  98000/500000: consistency_loss=0.0001  pi_loss=-1.5518  reward_loss=0.0230  total_loss=0.0330  value_loss=0.2795
  update  98500/500000: consistency_loss=0.0001  pi_loss=-1.5577  reward_loss=0.0283  total_loss=0.0339  value_loss=0.2848
  update  99000/500000: consistency_loss=0.0002  pi_loss=-1.5343  reward_loss=0.0326  total_loss=0.0356  value_loss=0.2911
  update  99500/500000: consistency_loss=0.0002  pi_loss=-1.5099  reward_loss=0.0368  total_loss=0.0339  value_loss=0.2726
  update 100000/500000: consistency_loss=0.0001  pi_loss=-1.4808  reward_loss=0.0236  total_loss=0.0328  value_loss=0.2811
Saved checkpoint at update 100000
  update 100500/500000: consistency_loss=0.0001  pi_loss=-1.4291  reward_loss=0.0149  total_loss=0.0319  value_loss=0.2793
  update 101000/500000: consistency_loss=0.0001  pi_loss=-1.3428  reward_loss=0.0247  total_loss=0.0330  value_loss=0.2818
  update 101500/500000: consistency_loss=0.0001  pi_loss=-1.3121  reward_loss=0.0149  total_loss=0.0326  value_loss=0.2847
  update 102000/500000: consistency_loss=0.0001  pi_loss=-1.2787  reward_loss=0.0220  total_loss=0.0327  value_loss=0.2779
  update 102500/500000: consistency_loss=0.0001  pi_loss=-1.2425  reward_loss=0.0228  total_loss=0.0332  value_loss=0.2805
  update 103000/500000: consistency_loss=0.0001  pi_loss=-1.2540  reward_loss=0.0248  total_loss=0.0349  value_loss=0.2944
  update 103500/500000: consistency_loss=0.0001  pi_loss=-1.2362  reward_loss=0.0199  total_loss=0.0337  value_loss=0.2922
  update 104000/500000: consistency_loss=0.0001  pi_loss=-1.2428  reward_loss=0.0199  total_loss=0.0344  value_loss=0.2970
  update 104500/500000: consistency_loss=0.0001  pi_loss=-1.2395  reward_loss=0.0244  total_loss=0.0330  value_loss=0.2826
  update 105000/500000: consistency_loss=0.0001  pi_loss=-1.2222  reward_loss=0.0254  total_loss=0.0326  value_loss=0.2755
  update 105500/500000: consistency_loss=0.0001  pi_loss=-1.2137  reward_loss=0.0202  total_loss=0.0323  value_loss=0.2757
  update 106000/500000: consistency_loss=0.0001  pi_loss=-1.2006  reward_loss=0.0250  total_loss=0.0328  value_loss=0.2752
  update 106500/500000: consistency_loss=0.0001  pi_loss=-1.1469  reward_loss=0.0147  total_loss=0.0319  value_loss=0.2781
  update 107000/500000: consistency_loss=0.0001  pi_loss=-1.1233  reward_loss=0.0166  total_loss=0.0342  value_loss=0.2996
  update 107500/500000: consistency_loss=0.0001  pi_loss=-1.0537  reward_loss=0.0211  total_loss=0.0341  value_loss=0.2960
  update 108000/500000: consistency_loss=0.0001  pi_loss=-1.0258  reward_loss=0.0197  total_loss=0.0332  value_loss=0.2839
  update 108500/500000: consistency_loss=0.0001  pi_loss=-1.0098  reward_loss=0.0177  total_loss=0.0323  value_loss=0.2832
  update 109000/500000: consistency_loss=0.0001  pi_loss=-1.0065  reward_loss=0.0288  total_loss=0.0366  value_loss=0.3079
  update 109500/500000: consistency_loss=0.0001  pi_loss=-0.9904  reward_loss=0.0207  total_loss=0.0345  value_loss=0.3009
  update 110000/500000: consistency_loss=0.0001  pi_loss=-1.0097  reward_loss=0.0131  total_loss=0.0348  value_loss=0.3066
  update 110500/500000: consistency_loss=0.0001  pi_loss=-1.0145  reward_loss=0.0185  total_loss=0.0358  value_loss=0.3131
  update 111000/500000: consistency_loss=0.0001  pi_loss=-1.0615  reward_loss=0.0225  total_loss=0.0355  value_loss=0.3084
  update 111500/500000: consistency_loss=0.0001  pi_loss=-1.0640  reward_loss=0.0325  total_loss=0.0365  value_loss=0.3076
  update 112000/500000: consistency_loss=0.0001  pi_loss=-1.0566  reward_loss=0.0267  total_loss=0.0349  value_loss=0.2981
  update 112500/500000: consistency_loss=0.0001  pi_loss=-1.0609  reward_loss=0.0341  total_loss=0.0364  value_loss=0.3068
  update 113000/500000: consistency_loss=0.0001  pi_loss=-1.0673  reward_loss=0.0305  total_loss=0.0376  value_loss=0.3216
  update 113500/500000: consistency_loss=0.0001  pi_loss=-1.1021  reward_loss=0.0304  total_loss=0.0374  value_loss=0.3190
  update 114000/500000: consistency_loss=0.0001  pi_loss=-1.1009  reward_loss=0.0267  total_loss=0.0364  value_loss=0.3120
  update 114500/500000: consistency_loss=0.0001  pi_loss=-1.0912  reward_loss=0.0168  total_loss=0.0358  value_loss=0.3172
  update 115000/500000: consistency_loss=0.0001  pi_loss=-1.0988  reward_loss=0.0214  total_loss=0.0365  value_loss=0.3189
  update 115500/500000: consistency_loss=0.0001  pi_loss=-1.1046  reward_loss=0.0236  total_loss=0.0370  value_loss=0.3216
  update 116000/500000: consistency_loss=0.0001  pi_loss=-1.1205  reward_loss=0.0237  total_loss=0.0362  value_loss=0.3131
  update 116500/500000: consistency_loss=0.0001  pi_loss=-1.1113  reward_loss=0.0205  total_loss=0.0356  value_loss=0.3111
  update 117000/500000: consistency_loss=0.0001  pi_loss=-1.0969  reward_loss=0.0168  total_loss=0.0356  value_loss=0.3153
  update 117500/500000: consistency_loss=0.0001  pi_loss=-1.1066  reward_loss=0.0160  total_loss=0.0366  value_loss=0.3238
  update 118000/500000: consistency_loss=0.0001  pi_loss=-1.0966  reward_loss=0.0219  total_loss=0.0370  value_loss=0.3216
  update 118500/500000: consistency_loss=0.0001  pi_loss=-1.0884  reward_loss=0.0209  total_loss=0.0376  value_loss=0.3323
  update 119000/500000: consistency_loss=0.0001  pi_loss=-1.0759  reward_loss=0.0144  total_loss=0.0363  value_loss=0.3239
  update 119500/500000: consistency_loss=0.0001  pi_loss=-1.0945  reward_loss=0.0261  total_loss=0.0373  value_loss=0.3220
  update 120000/500000: consistency_loss=0.0001  pi_loss=-1.1102  reward_loss=0.0334  total_loss=0.0393  value_loss=0.3329
  update 120500/500000: consistency_loss=0.0001  pi_loss=-1.0870  reward_loss=0.0261  total_loss=0.0370  value_loss=0.3214
  update 121000/500000: consistency_loss=0.0001  pi_loss=-1.1027  reward_loss=0.0234  total_loss=0.0368  value_loss=0.3197
  update 121500/500000: consistency_loss=0.0001  pi_loss=-1.1451  reward_loss=0.0283  total_loss=0.0382  value_loss=0.3274
  update 122000/500000: consistency_loss=0.0001  pi_loss=-1.1277  reward_loss=0.0207  total_loss=0.0370  value_loss=0.3254
  update 122500/500000: consistency_loss=0.0001  pi_loss=-1.1399  reward_loss=0.0153  total_loss=0.0377  value_loss=0.3354
  update 123000/500000: consistency_loss=0.0001  pi_loss=-1.1323  reward_loss=0.0261  total_loss=0.0383  value_loss=0.3317
  update 123500/500000: consistency_loss=0.0001  pi_loss=-1.1101  reward_loss=0.0277  total_loss=0.0383  value_loss=0.3284
  update 124000/500000: consistency_loss=0.0001  pi_loss=-1.0895  reward_loss=0.0225  total_loss=0.0382  value_loss=0.3374
  update 124500/500000: consistency_loss=0.0001  pi_loss=-1.0686  reward_loss=0.0187  total_loss=0.0378  value_loss=0.3361
  update 125000/500000: consistency_loss=0.0001  pi_loss=-1.0568  reward_loss=0.0207  total_loss=0.0372  value_loss=0.3258
  update 125500/500000: consistency_loss=0.0001  pi_loss=-1.0265  reward_loss=0.0257  total_loss=0.0364  value_loss=0.3164
  update 126000/500000: consistency_loss=0.0001  pi_loss=-1.0137  reward_loss=0.0269  total_loss=0.0377  value_loss=0.3216
  update 126500/500000: consistency_loss=0.0001  pi_loss=-1.0288  reward_loss=0.0328  total_loss=0.0386  value_loss=0.3272
  update 127000/500000: consistency_loss=0.0001  pi_loss=-1.0040  reward_loss=0.0271  total_loss=0.0380  value_loss=0.3282
  update 127500/500000: consistency_loss=0.0001  pi_loss=-0.9959  reward_loss=0.0348  total_loss=0.0377  value_loss=0.3180
  update 128000/500000: consistency_loss=0.0001  pi_loss=-1.0068  reward_loss=0.0161  total_loss=0.0364  value_loss=0.3218
  update 128500/500000: consistency_loss=0.0001  pi_loss=-0.9962  reward_loss=0.0181  total_loss=0.0370  value_loss=0.3285
  update 129000/500000: consistency_loss=0.0001  pi_loss=-0.9904  reward_loss=0.0321  total_loss=0.0380  value_loss=0.3224
  update 129500/500000: consistency_loss=0.0001  pi_loss=-0.9831  reward_loss=0.0183  total_loss=0.0358  value_loss=0.3179
  update 130000/500000: consistency_loss=0.0001  pi_loss=-0.9924  reward_loss=0.0267  total_loss=0.0380  value_loss=0.3306
  update 130500/500000: consistency_loss=0.0001  pi_loss=-0.9930  reward_loss=0.0219  total_loss=0.0375  value_loss=0.3280
  update 131000/500000: consistency_loss=0.0001  pi_loss=-1.0083  reward_loss=0.0301  total_loss=0.0368  value_loss=0.3100
  update 131500/500000: consistency_loss=0.0001  pi_loss=-1.0192  reward_loss=0.0145  total_loss=0.0362  value_loss=0.3225
  update 132000/500000: consistency_loss=0.0001  pi_loss=-1.0222  reward_loss=0.0236  total_loss=0.0358  value_loss=0.3107
  update 132500/500000: consistency_loss=0.0001  pi_loss=-1.0177  reward_loss=0.0162  total_loss=0.0365  value_loss=0.3212
  update 133000/500000: consistency_loss=0.0001  pi_loss=-1.0104  reward_loss=0.0078  total_loss=0.0341  value_loss=0.3116
  update 133500/500000: consistency_loss=0.0001  pi_loss=-1.0110  reward_loss=0.0149  total_loss=0.0346  value_loss=0.3082
  update 134000/500000: consistency_loss=0.0001  pi_loss=-1.0342  reward_loss=0.0208  total_loss=0.0367  value_loss=0.3193
  update 134500/500000: consistency_loss=0.0001  pi_loss=-1.0205  reward_loss=0.0235  total_loss=0.0368  value_loss=0.3214
  update 135000/500000: consistency_loss=0.0001  pi_loss=-1.0274  reward_loss=0.0272  total_loss=0.0364  value_loss=0.3126
  update 135500/500000: consistency_loss=0.0001  pi_loss=-1.0326  reward_loss=0.0195  total_loss=0.0355  value_loss=0.3122
  update 136000/500000: consistency_loss=0.0001  pi_loss=-1.0131  reward_loss=0.0263  total_loss=0.0369  value_loss=0.3160
  update 136500/500000: consistency_loss=0.0001  pi_loss=-1.0240  reward_loss=0.0193  total_loss=0.0355  value_loss=0.3153
  update 137000/500000: consistency_loss=0.0002  pi_loss=-1.0371  reward_loss=0.0295  total_loss=0.0385  value_loss=0.3226
  update 137500/500000: consistency_loss=0.0001  pi_loss=-1.0516  reward_loss=0.0203  total_loss=0.0368  value_loss=0.3252
  update 138000/500000: consistency_loss=0.0001  pi_loss=-1.0682  reward_loss=0.0273  total_loss=0.0383  value_loss=0.3330
  update 138500/500000: consistency_loss=0.0001  pi_loss=-1.0876  reward_loss=0.0316  total_loss=0.0364  value_loss=0.3095
  update 139000/500000: consistency_loss=0.0001  pi_loss=-1.0730  reward_loss=0.0213  total_loss=0.0359  value_loss=0.3160
  update 139500/500000: consistency_loss=0.0001  pi_loss=-1.0541  reward_loss=0.0195  total_loss=0.0362  value_loss=0.3184
  update 140000/500000: consistency_loss=0.0001  pi_loss=-1.0425  reward_loss=0.0284  total_loss=0.0366  value_loss=0.3153
  update 140500/500000: consistency_loss=0.0001  pi_loss=-1.0053  reward_loss=0.0196  total_loss=0.0338  value_loss=0.2997
  update 141000/500000: consistency_loss=0.0001  pi_loss=-0.9925  reward_loss=0.0299  total_loss=0.0373  value_loss=0.3187
  update 141500/500000: consistency_loss=0.0001  pi_loss=-0.9703  reward_loss=0.0328  total_loss=0.0376  value_loss=0.3176
  update 142000/500000: consistency_loss=0.0001  pi_loss=-0.9552  reward_loss=0.0197  total_loss=0.0362  value_loss=0.3209
  update 142500/500000: consistency_loss=0.0001  pi_loss=-0.9728  reward_loss=0.0329  total_loss=0.0383  value_loss=0.3273
  update 143000/500000: consistency_loss=0.0001  pi_loss=-0.9517  reward_loss=0.0203  total_loss=0.0366  value_loss=0.3254
  update 143500/500000: consistency_loss=0.0001  pi_loss=-0.9545  reward_loss=0.0261  total_loss=0.0379  value_loss=0.3269
  update 144000/500000: consistency_loss=0.0001  pi_loss=-0.9517  reward_loss=0.0327  total_loss=0.0388  value_loss=0.3346
  update 144500/500000: consistency_loss=0.0001  pi_loss=-0.9524  reward_loss=0.0238  total_loss=0.0374  value_loss=0.3300
  update 145000/500000: consistency_loss=0.0001  pi_loss=-0.9359  reward_loss=0.0202  total_loss=0.0355  value_loss=0.3112
  update 145500/500000: consistency_loss=0.0001  pi_loss=-0.9395  reward_loss=0.0333  total_loss=0.0368  value_loss=0.3135
  update 146000/500000: consistency_loss=0.0001  pi_loss=-0.9047  reward_loss=0.0206  total_loss=0.0356  value_loss=0.3157
  update 146500/500000: consistency_loss=0.0001  pi_loss=-0.9150  reward_loss=0.0263  total_loss=0.0366  value_loss=0.3171
  update 147000/500000: consistency_loss=0.0001  pi_loss=-0.9242  reward_loss=0.0327  total_loss=0.0370  value_loss=0.3145
  update 147500/500000: consistency_loss=0.0001  pi_loss=-0.8954  reward_loss=0.0206  total_loss=0.0359  value_loss=0.3150
  update 148000/500000: consistency_loss=0.0001  pi_loss=-0.9429  reward_loss=0.0260  total_loss=0.0362  value_loss=0.3160
  update 148500/500000: consistency_loss=0.0001  pi_loss=-0.9104  reward_loss=0.0158  total_loss=0.0356  value_loss=0.3168
  update 149000/500000: consistency_loss=0.0001  pi_loss=-0.9027  reward_loss=0.0126  total_loss=0.0346  value_loss=0.3141
  update 149500/500000: consistency_loss=0.0001  pi_loss=-0.9284  reward_loss=0.0301  total_loss=0.0384  value_loss=0.3273
  update 150000/500000: consistency_loss=0.0001  pi_loss=-0.9322  reward_loss=0.0303  total_loss=0.0386  value_loss=0.3312
  update 150500/500000: consistency_loss=0.0001  pi_loss=-0.9076  reward_loss=0.0209  total_loss=0.0357  value_loss=0.3153
  update 151000/500000: consistency_loss=0.0001  pi_loss=-0.9332  reward_loss=0.0252  total_loss=0.0381  value_loss=0.3339
  update 151500/500000: consistency_loss=0.0001  pi_loss=-0.9185  reward_loss=0.0135  total_loss=0.0346  value_loss=0.3117
  update 152000/500000: consistency_loss=0.0001  pi_loss=-0.9179  reward_loss=0.0407  total_loss=0.0371  value_loss=0.3073
  update 152500/500000: consistency_loss=0.0001  pi_loss=-0.9209  reward_loss=0.0226  total_loss=0.0377  value_loss=0.3321
  update 153000/500000: consistency_loss=0.0001  pi_loss=-0.9267  reward_loss=0.0237  total_loss=0.0359  value_loss=0.3154
  update 153500/500000: consistency_loss=0.0001  pi_loss=-0.9713  reward_loss=0.0220  total_loss=0.0361  value_loss=0.3151
  update 154000/500000: consistency_loss=0.0001  pi_loss=-0.9893  reward_loss=0.0182  total_loss=0.0362  value_loss=0.3228
  update 154500/500000: consistency_loss=0.0001  pi_loss=-0.9842  reward_loss=0.0192  total_loss=0.0362  value_loss=0.3195
  update 155000/500000: consistency_loss=0.0001  pi_loss=-0.9689  reward_loss=0.0176  total_loss=0.0351  value_loss=0.3135
  update 155500/500000: consistency_loss=0.0001  pi_loss=-0.9727  reward_loss=0.0270  total_loss=0.0359  value_loss=0.3106
  update 156000/500000: consistency_loss=0.0001  pi_loss=-0.9580  reward_loss=0.0252  total_loss=0.0373  value_loss=0.3270
  update 156500/500000: consistency_loss=0.0001  pi_loss=-0.9404  reward_loss=0.0235  total_loss=0.0360  value_loss=0.3153
  update 157000/500000: consistency_loss=0.0001  pi_loss=-0.9222  reward_loss=0.0199  total_loss=0.0362  value_loss=0.3185
  update 157500/500000: consistency_loss=0.0001  pi_loss=-0.9237  reward_loss=0.0214  total_loss=0.0369  value_loss=0.3281
  update 158000/500000: consistency_loss=0.0001  pi_loss=-0.9345  reward_loss=0.0213  total_loss=0.0378  value_loss=0.3375
  update 158500/500000: consistency_loss=0.0001  pi_loss=-0.9245  reward_loss=0.0212  total_loss=0.0378  value_loss=0.3335
  update 159000/500000: consistency_loss=0.0001  pi_loss=-0.9328  reward_loss=0.0250  total_loss=0.0372  value_loss=0.3236
  update 159500/500000: consistency_loss=0.0001  pi_loss=-0.9381  reward_loss=0.0249  total_loss=0.0362  value_loss=0.3168
  update 160000/500000: consistency_loss=0.0001  pi_loss=-0.9468  reward_loss=0.0249  total_loss=0.0373  value_loss=0.3257
  update 160500/500000: consistency_loss=0.0001  pi_loss=-0.9612  reward_loss=0.0148  total_loss=0.0361  value_loss=0.3233
  update 161000/500000: consistency_loss=0.0001  pi_loss=-0.9864  reward_loss=0.0324  total_loss=0.0383  value_loss=0.3265
  update 161500/500000: consistency_loss=0.0001  pi_loss=-0.9885  reward_loss=0.0191  total_loss=0.0370  value_loss=0.3292
  update 162000/500000: consistency_loss=0.0001  pi_loss=-1.0278  reward_loss=0.0307  total_loss=0.0387  value_loss=0.3328
  update 162500/500000: consistency_loss=0.0001  pi_loss=-0.9983  reward_loss=0.0112  total_loss=0.0350  value_loss=0.3168
  update 163000/500000: consistency_loss=0.0001  pi_loss=-1.0138  reward_loss=0.0293  total_loss=0.0357  value_loss=0.3081
  update 163500/500000: consistency_loss=0.0001  pi_loss=-0.9865  reward_loss=0.0262  total_loss=0.0359  value_loss=0.3101
  update 164000/500000: consistency_loss=0.0001  pi_loss=-1.0040  reward_loss=0.0217  total_loss=0.0354  value_loss=0.3086
  update 164500/500000: consistency_loss=0.0001  pi_loss=-1.0287  reward_loss=0.0140  total_loss=0.0350  value_loss=0.3128
  update 165000/500000: consistency_loss=0.0001  pi_loss=-1.0429  reward_loss=0.0226  total_loss=0.0371  value_loss=0.3270
  update 165500/500000: consistency_loss=0.0001  pi_loss=-1.0530  reward_loss=0.0285  total_loss=0.0371  value_loss=0.3222
  update 166000/500000: consistency_loss=0.0001  pi_loss=-1.0642  reward_loss=0.0227  total_loss=0.0380  value_loss=0.3373
  update 166500/500000: consistency_loss=0.0001  pi_loss=-1.0972  reward_loss=0.0231  total_loss=0.0375  value_loss=0.3296
  update 167000/500000: consistency_loss=0.0001  pi_loss=-1.0870  reward_loss=0.0238  total_loss=0.0381  value_loss=0.3359
  update 167500/500000: consistency_loss=0.0001  pi_loss=-1.0976  reward_loss=0.0203  total_loss=0.0367  value_loss=0.3226
  update 168000/500000: consistency_loss=0.0001  pi_loss=-1.1131  reward_loss=0.0247  total_loss=0.0377  value_loss=0.3255
  update 168500/500000: consistency_loss=0.0001  pi_loss=-1.0903  reward_loss=0.0240  total_loss=0.0364  value_loss=0.3184
  update 169000/500000: consistency_loss=0.0001  pi_loss=-1.1028  reward_loss=0.0133  total_loss=0.0368  value_loss=0.3331
  update 169500/500000: consistency_loss=0.0001  pi_loss=-1.0949  reward_loss=0.0095  total_loss=0.0349  value_loss=0.3174
  update 170000/500000: consistency_loss=0.0001  pi_loss=-1.0897  reward_loss=0.0259  total_loss=0.0361  value_loss=0.3121
  update 170500/500000: consistency_loss=0.0001  pi_loss=-1.0843  reward_loss=0.0244  total_loss=0.0354  value_loss=0.3097
  update 171000/500000: consistency_loss=0.0001  pi_loss=-1.0694  reward_loss=0.0207  total_loss=0.0351  value_loss=0.3085
  update 171500/500000: consistency_loss=0.0001  pi_loss=-1.0595  reward_loss=0.0164  total_loss=0.0338  value_loss=0.2991
  update 172000/500000: consistency_loss=0.0001  pi_loss=-1.0574  reward_loss=0.0266  total_loss=0.0360  value_loss=0.3160
  update 172500/500000: consistency_loss=0.0001  pi_loss=-1.0483  reward_loss=0.0336  total_loss=0.0365  value_loss=0.3112
  update 173000/500000: consistency_loss=0.0001  pi_loss=-1.0595  reward_loss=0.0211  total_loss=0.0357  value_loss=0.3138
  update 173500/500000: consistency_loss=0.0001  pi_loss=-1.0646  reward_loss=0.0246  total_loss=0.0361  value_loss=0.3117
  update 174000/500000: consistency_loss=0.0001  pi_loss=-1.0633  reward_loss=0.0241  total_loss=0.0353  value_loss=0.3111
  update 174500/500000: consistency_loss=0.0001  pi_loss=-1.0876  reward_loss=0.0127  total_loss=0.0340  value_loss=0.3046
  update 175000/500000: consistency_loss=0.0001  pi_loss=-1.1107  reward_loss=0.0267  total_loss=0.0356  value_loss=0.3053
  update 175500/500000: consistency_loss=0.0001  pi_loss=-1.1191  reward_loss=0.0184  total_loss=0.0352  value_loss=0.3129
  update 176000/500000: consistency_loss=0.0001  pi_loss=-1.1098  reward_loss=0.0210  total_loss=0.0361  value_loss=0.3200
  update 176500/500000: consistency_loss=0.0001  pi_loss=-1.1210  reward_loss=0.0191  total_loss=0.0353  value_loss=0.3132
  update 177000/500000: consistency_loss=0.0001  pi_loss=-1.1384  reward_loss=0.0251  total_loss=0.0368  value_loss=0.3215
  update 177500/500000: consistency_loss=0.0001  pi_loss=-1.1592  reward_loss=0.0260  total_loss=0.0359  value_loss=0.3126
  update 178000/500000: consistency_loss=0.0001  pi_loss=-1.1415  reward_loss=0.0199  total_loss=0.0354  value_loss=0.3154
  update 178500/500000: consistency_loss=0.0001  pi_loss=-1.1423  reward_loss=0.0334  total_loss=0.0357  value_loss=0.3042
  update 179000/500000: consistency_loss=0.0001  pi_loss=-1.1471  reward_loss=0.0193  total_loss=0.0359  value_loss=0.3197
  update 179500/500000: consistency_loss=0.0001  pi_loss=-1.1714  reward_loss=0.0374  total_loss=0.0374  value_loss=0.3176
  update 180000/500000: consistency_loss=0.0001  pi_loss=-1.1512  reward_loss=0.0219  total_loss=0.0360  value_loss=0.3165
  update 180500/500000: consistency_loss=0.0001  pi_loss=-1.1408  reward_loss=0.0223  total_loss=0.0354  value_loss=0.3116
  update 181000/500000: consistency_loss=0.0001  pi_loss=-1.1761  reward_loss=0.0330  total_loss=0.0364  value_loss=0.3119
  update 181500/500000: consistency_loss=0.0001  pi_loss=-1.1625  reward_loss=0.0307  total_loss=0.0368  value_loss=0.3143
  update 182000/500000: consistency_loss=0.0001  pi_loss=-1.1509  reward_loss=0.0303  total_loss=0.0379  value_loss=0.3221
  update 182500/500000: consistency_loss=0.0001  pi_loss=-1.1353  reward_loss=0.0231  total_loss=0.0363  value_loss=0.3186
  update 183000/500000: consistency_loss=0.0001  pi_loss=-1.1317  reward_loss=0.0336  total_loss=0.0372  value_loss=0.3205
  update 183500/500000: consistency_loss=0.0001  pi_loss=-1.1019  reward_loss=0.0156  total_loss=0.0358  value_loss=0.3201
  update 184000/500000: consistency_loss=0.0001  pi_loss=-1.1070  reward_loss=0.0235  total_loss=0.0355  value_loss=0.3075
  update 184500/500000: consistency_loss=0.0001  pi_loss=-1.1246  reward_loss=0.0176  total_loss=0.0353  value_loss=0.3132
  update 185000/500000: consistency_loss=0.0001  pi_loss=-1.1124  reward_loss=0.0232  total_loss=0.0344  value_loss=0.3017
  update 185500/500000: consistency_loss=0.0001  pi_loss=-1.1078  reward_loss=0.0227  total_loss=0.0356  value_loss=0.3123
  update 186000/500000: consistency_loss=0.0001  pi_loss=-1.0923  reward_loss=0.0244  total_loss=0.0357  value_loss=0.3123
  update 186500/500000: consistency_loss=0.0001  pi_loss=-1.1011  reward_loss=0.0266  total_loss=0.0358  value_loss=0.3104
  update 187000/500000: consistency_loss=0.0001  pi_loss=-1.0799  reward_loss=0.0207  total_loss=0.0355  value_loss=0.3126
  update 187500/500000: consistency_loss=0.0001  pi_loss=-1.1099  reward_loss=0.0256  total_loss=0.0367  value_loss=0.3206
  update 188000/500000: consistency_loss=0.0001  pi_loss=-1.0909  reward_loss=0.0187  total_loss=0.0350  value_loss=0.3142
  update 188500/500000: consistency_loss=0.0001  pi_loss=-1.1063  reward_loss=0.0332  total_loss=0.0353  value_loss=0.2993
  update 189000/500000: consistency_loss=0.0001  pi_loss=-1.1037  reward_loss=0.0122  total_loss=0.0350  value_loss=0.3155
  update 189500/500000: consistency_loss=0.0001  pi_loss=-1.1246  reward_loss=0.0197  total_loss=0.0348  value_loss=0.3078
  update 190000/500000: consistency_loss=0.0001  pi_loss=-1.1079  reward_loss=0.0213  total_loss=0.0362  value_loss=0.3177
  update 190500/500000: consistency_loss=0.0001  pi_loss=-1.1203  reward_loss=0.0236  total_loss=0.0357  value_loss=0.3118
  update 191000/500000: consistency_loss=0.0001  pi_loss=-1.1134  reward_loss=0.0271  total_loss=0.0368  value_loss=0.3159
  update 191500/500000: consistency_loss=0.0001  pi_loss=-1.1111  reward_loss=0.0216  total_loss=0.0362  value_loss=0.3203
  update 192000/500000: consistency_loss=0.0001  pi_loss=-1.0948  reward_loss=0.0271  total_loss=0.0373  value_loss=0.3216
  update 192500/500000: consistency_loss=0.0001  pi_loss=-1.0861  reward_loss=0.0176  total_loss=0.0370  value_loss=0.3331
  update 193000/500000: consistency_loss=0.0001  pi_loss=-1.0934  reward_loss=0.0228  total_loss=0.0366  value_loss=0.3232
  update 193500/500000: consistency_loss=0.0001  pi_loss=-1.0693  reward_loss=0.0130  total_loss=0.0354  value_loss=0.3188
  update 194000/500000: consistency_loss=0.0001  pi_loss=-1.0634  reward_loss=0.0210  total_loss=0.0359  value_loss=0.3165
  update 194500/500000: consistency_loss=0.0001  pi_loss=-1.0515  reward_loss=0.0283  total_loss=0.0366  value_loss=0.3152
  update 195000/500000: consistency_loss=0.0001  pi_loss=-1.0245  reward_loss=0.0199  total_loss=0.0342  value_loss=0.3031
  update 195500/500000: consistency_loss=0.0001  pi_loss=-1.0168  reward_loss=0.0243  total_loss=0.0350  value_loss=0.3061
  update 196000/500000: consistency_loss=0.0001  pi_loss=-1.0010  reward_loss=0.0284  total_loss=0.0351  value_loss=0.3044
  update 196500/500000: consistency_loss=0.0001  pi_loss=-1.0023  reward_loss=0.0228  total_loss=0.0358  value_loss=0.3145
  update 197000/500000: consistency_loss=0.0001  pi_loss=-1.0107  reward_loss=0.0236  total_loss=0.0362  value_loss=0.3157
  update 197500/500000: consistency_loss=0.0001  pi_loss=-1.0184  reward_loss=0.0298  total_loss=0.0369  value_loss=0.3141
  update 198000/500000: consistency_loss=0.0001  pi_loss=-1.0387  reward_loss=0.0252  total_loss=0.0365  value_loss=0.3167
  update 198500/500000: consistency_loss=0.0001  pi_loss=-1.0567  reward_loss=0.0278  total_loss=0.0363  value_loss=0.3151
  update 199000/500000: consistency_loss=0.0001  pi_loss=-1.0693  reward_loss=0.0313  total_loss=0.0364  value_loss=0.3102
  update 199500/500000: consistency_loss=0.0001  pi_loss=-1.0838  reward_loss=0.0165  total_loss=0.0350  value_loss=0.3102
  update 200000/500000: consistency_loss=0.0001  pi_loss=-1.0969  reward_loss=0.0135  total_loss=0.0351  value_loss=0.3141
Saved checkpoint at update 200000
  update 200500/500000: consistency_loss=0.0001  pi_loss=-1.1084  reward_loss=0.0256  total_loss=0.0346  value_loss=0.3008
  update 201000/500000: consistency_loss=0.0001  pi_loss=-1.1063  reward_loss=0.0197  total_loss=0.0352  value_loss=0.3133
  update 201500/500000: consistency_loss=0.0001  pi_loss=-1.1116  reward_loss=0.0169  total_loss=0.0353  value_loss=0.3065
  update 202000/500000: consistency_loss=0.0001  pi_loss=-1.1089  reward_loss=0.0194  total_loss=0.0352  value_loss=0.3093
  update 202500/500000: consistency_loss=0.0001  pi_loss=-1.1202  reward_loss=0.0291  total_loss=0.0362  value_loss=0.3081
  update 203000/500000: consistency_loss=0.0001  pi_loss=-1.1110  reward_loss=0.0224  total_loss=0.0346  value_loss=0.3041
  update 203500/500000: consistency_loss=0.0001  pi_loss=-1.1168  reward_loss=0.0265  total_loss=0.0359  value_loss=0.3134
  update 204000/500000: consistency_loss=0.0001  pi_loss=-1.1037  reward_loss=0.0218  total_loss=0.0358  value_loss=0.3191
  update 204500/500000: consistency_loss=0.0001  pi_loss=-1.1038  reward_loss=0.0203  total_loss=0.0359  value_loss=0.3178
  update 205000/500000: consistency_loss=0.0001  pi_loss=-1.1094  reward_loss=0.0336  total_loss=0.0374  value_loss=0.3184
  update 205500/500000: consistency_loss=0.0001  pi_loss=-1.1129  reward_loss=0.0267  total_loss=0.0371  value_loss=0.3216
  update 206000/500000: consistency_loss=0.0001  pi_loss=-1.1177  reward_loss=0.0164  total_loss=0.0349  value_loss=0.3139
  update 206500/500000: consistency_loss=0.0001  pi_loss=-1.1041  reward_loss=0.0266  total_loss=0.0352  value_loss=0.3068
  update 207000/500000: consistency_loss=0.0001  pi_loss=-1.1325  reward_loss=0.0338  total_loss=0.0380  value_loss=0.3248
  update 207500/500000: consistency_loss=0.0001  pi_loss=-1.1205  reward_loss=0.0192  total_loss=0.0355  value_loss=0.3177
  update 208000/500000: consistency_loss=0.0001  pi_loss=-1.1387  reward_loss=0.0246  total_loss=0.0373  value_loss=0.3284
  update 208500/500000: consistency_loss=0.0001  pi_loss=-1.1184  reward_loss=0.0086  total_loss=0.0348  value_loss=0.3210
  update 209000/500000: consistency_loss=0.0001  pi_loss=-1.1008  reward_loss=0.0178  total_loss=0.0358  value_loss=0.3214
  update 209500/500000: consistency_loss=0.0001  pi_loss=-1.1121  reward_loss=0.0234  total_loss=0.0370  value_loss=0.3220
  update 210000/500000: consistency_loss=0.0001  pi_loss=-1.0750  reward_loss=0.0227  total_loss=0.0360  value_loss=0.3185
  update 210500/500000: consistency_loss=0.0001  pi_loss=-1.0431  reward_loss=0.0148  total_loss=0.0353  value_loss=0.3176
  update 211000/500000: consistency_loss=0.0001  pi_loss=-1.0400  reward_loss=0.0239  total_loss=0.0353  value_loss=0.3119
  update 211500/500000: consistency_loss=0.0001  pi_loss=-1.0598  reward_loss=0.0266  total_loss=0.0352  value_loss=0.3069
  update 212000/500000: consistency_loss=0.0001  pi_loss=-1.0478  reward_loss=0.0204  total_loss=0.0351  value_loss=0.3118
  update 212500/500000: consistency_loss=0.0001  pi_loss=-1.0468  reward_loss=0.0185  total_loss=0.0353  value_loss=0.3139
  update 213000/500000: consistency_loss=0.0001  pi_loss=-1.0524  reward_loss=0.0277  total_loss=0.0368  value_loss=0.3204
  update 213500/500000: consistency_loss=0.0001  pi_loss=-1.0436  reward_loss=0.0191  total_loss=0.0356  value_loss=0.3147
  update 214000/500000: consistency_loss=0.0001  pi_loss=-1.0298  reward_loss=0.0159  total_loss=0.0352  value_loss=0.3146
  update 214500/500000: consistency_loss=0.0001  pi_loss=-1.0442  reward_loss=0.0146  total_loss=0.0345  value_loss=0.3134
  update 215000/500000: consistency_loss=0.0001  pi_loss=-1.0548  reward_loss=0.0178  total_loss=0.0361  value_loss=0.3209
  update 215500/500000: consistency_loss=0.0001  pi_loss=-1.0468  reward_loss=0.0166  total_loss=0.0349  value_loss=0.3136
  update 216000/500000: consistency_loss=0.0001  pi_loss=-1.0501  reward_loss=0.0255  total_loss=0.0348  value_loss=0.3046
  update 216500/500000: consistency_loss=0.0001  pi_loss=-1.0541  reward_loss=0.0188  total_loss=0.0330  value_loss=0.2915
  update 217000/500000: consistency_loss=0.0001  pi_loss=-1.0361  reward_loss=0.0185  total_loss=0.0343  value_loss=0.3059
  update 217500/500000: consistency_loss=0.0001  pi_loss=-1.0361  reward_loss=0.0254  total_loss=0.0352  value_loss=0.3071
  update 218000/500000: consistency_loss=0.0001  pi_loss=-1.0538  reward_loss=0.0231  total_loss=0.0337  value_loss=0.2954
  update 218500/500000: consistency_loss=0.0001  pi_loss=-1.0741  reward_loss=0.0237  total_loss=0.0355  value_loss=0.3130
  update 219000/500000: consistency_loss=0.0001  pi_loss=-1.0622  reward_loss=0.0267  total_loss=0.0362  value_loss=0.3144
  update 219500/500000: consistency_loss=0.0001  pi_loss=-1.0851  reward_loss=0.0239  total_loss=0.0356  value_loss=0.3131
  update 220000/500000: consistency_loss=0.0001  pi_loss=-1.0647  reward_loss=0.0331  total_loss=0.0353  value_loss=0.2981
  update 220500/500000: consistency_loss=0.0001  pi_loss=-1.0739  reward_loss=0.0312  total_loss=0.0361  value_loss=0.3090
  update 221000/500000: consistency_loss=0.0001  pi_loss=-1.0676  reward_loss=0.0235  total_loss=0.0346  value_loss=0.3006
  update 221500/500000: consistency_loss=0.0001  pi_loss=-1.0429  reward_loss=0.0224  total_loss=0.0339  value_loss=0.2951
  update 222000/500000: consistency_loss=0.0001  pi_loss=-1.0605  reward_loss=0.0139  total_loss=0.0341  value_loss=0.3089
  update 222500/500000: consistency_loss=0.0001  pi_loss=-1.0505  reward_loss=0.0186  total_loss=0.0343  value_loss=0.3046
  update 223000/500000: consistency_loss=0.0001  pi_loss=-1.0365  reward_loss=0.0181  total_loss=0.0346  value_loss=0.3104
  update 223500/500000: consistency_loss=0.0001  pi_loss=-1.0238  reward_loss=0.0339  total_loss=0.0360  value_loss=0.3077
  update 224000/500000: consistency_loss=0.0001  pi_loss=-1.0248  reward_loss=0.0279  total_loss=0.0353  value_loss=0.3069
  update 224500/500000: consistency_loss=0.0001  pi_loss=-1.0086  reward_loss=0.0190  total_loss=0.0346  value_loss=0.3078
  update 225000/500000: consistency_loss=0.0001  pi_loss=-1.0179  reward_loss=0.0251  total_loss=0.0321  value_loss=0.2783
  update 225500/500000: consistency_loss=0.0001  pi_loss=-1.0385  reward_loss=0.0226  total_loss=0.0339  value_loss=0.2967
  update 226000/500000: consistency_loss=0.0001  pi_loss=-1.0525  reward_loss=0.0207  total_loss=0.0347  value_loss=0.3041
  update 226500/500000: consistency_loss=0.0001  pi_loss=-1.0930  reward_loss=0.0297  total_loss=0.0363  value_loss=0.3105
  update 227000/500000: consistency_loss=0.0001  pi_loss=-1.1089  reward_loss=0.0234  total_loss=0.0354  value_loss=0.3110
  update 227500/500000: consistency_loss=0.0001  pi_loss=-1.1163  reward_loss=0.0239  total_loss=0.0348  value_loss=0.3047
  update 228000/500000: consistency_loss=0.0001  pi_loss=-1.1066  reward_loss=0.0177  total_loss=0.0357  value_loss=0.3168
  update 228500/500000: consistency_loss=0.0001  pi_loss=-1.0927  reward_loss=0.0212  total_loss=0.0356  value_loss=0.3149
  update 229000/500000: consistency_loss=0.0001  pi_loss=-1.0667  reward_loss=0.0197  total_loss=0.0346  value_loss=0.3072
  update 229500/500000: consistency_loss=0.0001  pi_loss=-1.0659  reward_loss=0.0156  total_loss=0.0338  value_loss=0.3060
  update 230000/500000: consistency_loss=0.0001  pi_loss=-1.0323  reward_loss=0.0214  total_loss=0.0347  value_loss=0.3059
  update 230500/500000: consistency_loss=0.0001  pi_loss=-1.0052  reward_loss=0.0230  total_loss=0.0347  value_loss=0.3035
  update 231000/500000: consistency_loss=0.0001  pi_loss=-0.9879  reward_loss=0.0214  total_loss=0.0351  value_loss=0.3086
  update 231500/500000: consistency_loss=0.0001  pi_loss=-0.9475  reward_loss=0.0173  total_loss=0.0337  value_loss=0.3009
  update 232000/500000: consistency_loss=0.0001  pi_loss=-0.9542  reward_loss=0.0194  total_loss=0.0355  value_loss=0.3165
  update 232500/500000: consistency_loss=0.0001  pi_loss=-0.9109  reward_loss=0.0189  total_loss=0.0325  value_loss=0.2862
  update 233000/500000: consistency_loss=0.0001  pi_loss=-0.9142  reward_loss=0.0211  total_loss=0.0349  value_loss=0.3088
  update 233500/500000: consistency_loss=0.0001  pi_loss=-0.8999  reward_loss=0.0211  total_loss=0.0347  value_loss=0.3051
  update 234000/500000: consistency_loss=0.0001  pi_loss=-0.9067  reward_loss=0.0264  total_loss=0.0363  value_loss=0.3166
  update 234500/500000: consistency_loss=0.0001  pi_loss=-0.9282  reward_loss=0.0271  total_loss=0.0349  value_loss=0.3037
  update 235000/500000: consistency_loss=0.0001  pi_loss=-0.9356  reward_loss=0.0151  total_loss=0.0340  value_loss=0.3047
  update 235500/500000: consistency_loss=0.0001  pi_loss=-0.9444  reward_loss=0.0241  total_loss=0.0360  value_loss=0.3126
  update 236000/500000: consistency_loss=0.0001  pi_loss=-0.9562  reward_loss=0.0079  total_loss=0.0336  value_loss=0.3077
  update 236500/500000: consistency_loss=0.0001  pi_loss=-1.0160  reward_loss=0.0263  total_loss=0.0354  value_loss=0.3084
  update 237000/500000: consistency_loss=0.0001  pi_loss=-1.0377  reward_loss=0.0151  total_loss=0.0338  value_loss=0.3029
  update 237500/500000: consistency_loss=0.0001  pi_loss=-1.0749  reward_loss=0.0206  total_loss=0.0348  value_loss=0.3070
  update 238000/500000: consistency_loss=0.0001  pi_loss=-1.0901  reward_loss=0.0238  total_loss=0.0350  value_loss=0.3070
  update 238500/500000: consistency_loss=0.0001  pi_loss=-1.1060  reward_loss=0.0256  total_loss=0.0330  value_loss=0.2859
  update 239000/500000: consistency_loss=0.0001  pi_loss=-1.1043  reward_loss=0.0127  total_loss=0.0335  value_loss=0.3015
  update 239500/500000: consistency_loss=0.0001  pi_loss=-1.1369  reward_loss=0.0277  total_loss=0.0340  value_loss=0.2968
  update 240000/500000: consistency_loss=0.0001  pi_loss=-1.1100  reward_loss=0.0212  total_loss=0.0351  value_loss=0.3125
  update 240500/500000: consistency_loss=0.0001  pi_loss=-1.0969  reward_loss=0.0239  total_loss=0.0348  value_loss=0.3079
  update 241000/500000: consistency_loss=0.0001  pi_loss=-1.0747  reward_loss=0.0244  total_loss=0.0367  value_loss=0.3224
  update 241500/500000: consistency_loss=0.0001  pi_loss=-1.0846  reward_loss=0.0287  total_loss=0.0354  value_loss=0.3064
  update 242000/500000: consistency_loss=0.0001  pi_loss=-1.0503  reward_loss=0.0234  total_loss=0.0350  value_loss=0.3102
  update 242500/500000: consistency_loss=0.0001  pi_loss=-1.0217  reward_loss=0.0165  total_loss=0.0345  value_loss=0.3128
  update 243000/500000: consistency_loss=0.0001  pi_loss=-1.0304  reward_loss=0.0194  total_loss=0.0359  value_loss=0.3224
  update 243500/500000: consistency_loss=0.0001  pi_loss=-1.0042  reward_loss=0.0149  total_loss=0.0346  value_loss=0.3148
  update 244000/500000: consistency_loss=0.0001  pi_loss=-1.0210  reward_loss=0.0239  total_loss=0.0349  value_loss=0.3070
  update 244500/500000: consistency_loss=0.0001  pi_loss=-1.0292  reward_loss=0.0243  total_loss=0.0346  value_loss=0.3034
  update 245000/500000: consistency_loss=0.0001  pi_loss=-1.0617  reward_loss=0.0293  total_loss=0.0350  value_loss=0.3040
  update 245500/500000: consistency_loss=0.0001  pi_loss=-1.0543  reward_loss=0.0221  total_loss=0.0348  value_loss=0.3060
  update 246000/500000: consistency_loss=0.0001  pi_loss=-1.0597  reward_loss=0.0261  total_loss=0.0359  value_loss=0.3130
  update 246500/500000: consistency_loss=0.0001  pi_loss=-1.0856  reward_loss=0.0137  total_loss=0.0341  value_loss=0.3047
  update 247000/500000: consistency_loss=0.0001  pi_loss=-1.0961  reward_loss=0.0239  total_loss=0.0355  value_loss=0.3111
  update 247500/500000: consistency_loss=0.0001  pi_loss=-1.1020  reward_loss=0.0216  total_loss=0.0348  value_loss=0.3099
  update 248000/500000: consistency_loss=0.0001  pi_loss=-1.1097  reward_loss=0.0157  total_loss=0.0334  value_loss=0.3014
  update 248500/500000: consistency_loss=0.0001  pi_loss=-1.1149  reward_loss=0.0302  total_loss=0.0349  value_loss=0.3012
  update 249000/500000: consistency_loss=0.0001  pi_loss=-1.1122  reward_loss=0.0273  total_loss=0.0362  value_loss=0.3164
  update 249500/500000: consistency_loss=0.0002  pi_loss=-1.0967  reward_loss=0.0191  total_loss=0.0363  value_loss=0.3097
  update 250000/500000: consistency_loss=0.0001  pi_loss=-1.1041  reward_loss=0.0230  total_loss=0.0353  value_loss=0.3105
  update 250500/500000: consistency_loss=0.0001  pi_loss=-1.1078  reward_loss=0.0250  total_loss=0.0354  value_loss=0.3077
  update 251000/500000: consistency_loss=0.0001  pi_loss=-1.0996  reward_loss=0.0208  total_loss=0.0345  value_loss=0.3051
  update 251500/500000: consistency_loss=0.0001  pi_loss=-1.0997  reward_loss=0.0233  total_loss=0.0347  value_loss=0.3068
  update 252000/500000: consistency_loss=0.0001  pi_loss=-1.0846  reward_loss=0.0151  total_loss=0.0344  value_loss=0.3124
  update 252500/500000: consistency_loss=0.0001  pi_loss=-1.0858  reward_loss=0.0220  total_loss=0.0344  value_loss=0.3017
  update 253000/500000: consistency_loss=0.0001  pi_loss=-1.1041  reward_loss=0.0203  total_loss=0.0351  value_loss=0.3083
  update 253500/500000: consistency_loss=0.0001  pi_loss=-1.1036  reward_loss=0.0237  total_loss=0.0331  value_loss=0.2913
  update 254000/500000: consistency_loss=0.0001  pi_loss=-1.1093  reward_loss=0.0164  total_loss=0.0338  value_loss=0.3047
  update 254500/500000: consistency_loss=0.0001  pi_loss=-1.1072  reward_loss=0.0194  total_loss=0.0344  value_loss=0.3040
  update 255000/500000: consistency_loss=0.0001  pi_loss=-1.1242  reward_loss=0.0248  total_loss=0.0350  value_loss=0.3056
  update 255500/500000: consistency_loss=0.0001  pi_loss=-1.1490  reward_loss=0.0174  total_loss=0.0354  value_loss=0.3179
  update 256000/500000: consistency_loss=0.0001  pi_loss=-1.1550  reward_loss=0.0183  total_loss=0.0343  value_loss=0.3088
  update 256500/500000: consistency_loss=0.0001  pi_loss=-1.1447  reward_loss=0.0166  total_loss=0.0340  value_loss=0.3068
  update 257000/500000: consistency_loss=0.0001  pi_loss=-1.1304  reward_loss=0.0241  total_loss=0.0345  value_loss=0.3030
  update 257500/500000: consistency_loss=0.0001  pi_loss=-1.1041  reward_loss=0.0165  total_loss=0.0335  value_loss=0.3008
  update 258000/500000: consistency_loss=0.0001  pi_loss=-1.1273  reward_loss=0.0268  total_loss=0.0328  value_loss=0.2817
  update 258500/500000: consistency_loss=0.0001  pi_loss=-1.1366  reward_loss=0.0320  total_loss=0.0349  value_loss=0.2973
  update 259000/500000: consistency_loss=0.0001  pi_loss=-1.1487  reward_loss=0.0151  total_loss=0.0329  value_loss=0.2942
  update 259500/500000: consistency_loss=0.0001  pi_loss=-1.1513  reward_loss=0.0160  total_loss=0.0344  value_loss=0.3098
  update 260000/500000: consistency_loss=0.0001  pi_loss=-1.1533  reward_loss=0.0157  total_loss=0.0355  value_loss=0.3204
  update 260500/500000: consistency_loss=0.0001  pi_loss=-1.1480  reward_loss=0.0268  total_loss=0.0352  value_loss=0.3076
  update 261000/500000: consistency_loss=0.0001  pi_loss=-1.1429  reward_loss=0.0188  total_loss=0.0356  value_loss=0.3187
  update 261500/500000: consistency_loss=0.0001  pi_loss=-1.1450  reward_loss=0.0322  total_loss=0.0359  value_loss=0.2999
  update 262000/500000: consistency_loss=0.0001  pi_loss=-1.1428  reward_loss=0.0109  total_loss=0.0341  value_loss=0.3113
  update 262500/500000: consistency_loss=0.0001  pi_loss=-1.1235  reward_loss=0.0241  total_loss=0.0351  value_loss=0.3111
  update 263000/500000: consistency_loss=0.0001  pi_loss=-1.1380  reward_loss=0.0174  total_loss=0.0361  value_loss=0.3251
  update 263500/500000: consistency_loss=0.0001  pi_loss=-1.1151  reward_loss=0.0169  total_loss=0.0344  value_loss=0.3067
  update 264000/500000: consistency_loss=0.0001  pi_loss=-1.1200  reward_loss=0.0207  total_loss=0.0354  value_loss=0.3174
  update 264500/500000: consistency_loss=0.0001  pi_loss=-1.1211  reward_loss=0.0142  total_loss=0.0349  value_loss=0.3110
  update 265000/500000: consistency_loss=0.0001  pi_loss=-1.1203  reward_loss=0.0198  total_loss=0.0340  value_loss=0.2995
  update 265500/500000: consistency_loss=0.0001  pi_loss=-1.1375  reward_loss=0.0181  total_loss=0.0342  value_loss=0.3060
  update 266000/500000: consistency_loss=0.0001  pi_loss=-1.1372  reward_loss=0.0275  total_loss=0.0352  value_loss=0.3040
  update 266500/500000: consistency_loss=0.0001  pi_loss=-1.1693  reward_loss=0.0293  total_loss=0.0344  value_loss=0.2966
  update 267000/500000: consistency_loss=0.0001  pi_loss=-1.1575  reward_loss=0.0162  total_loss=0.0344  value_loss=0.3114
  update 267500/500000: consistency_loss=0.0001  pi_loss=-1.1622  reward_loss=0.0124  total_loss=0.0333  value_loss=0.3041
  update 268000/500000: consistency_loss=0.0001  pi_loss=-1.1645  reward_loss=0.0106  total_loss=0.0331  value_loss=0.3032
  update 268500/500000: consistency_loss=0.0001  pi_loss=-1.1639  reward_loss=0.0193  total_loss=0.0342  value_loss=0.3038
  update 269000/500000: consistency_loss=0.0001  pi_loss=-1.1352  reward_loss=0.0152  total_loss=0.0326  value_loss=0.2912
  update 269500/500000: consistency_loss=0.0001  pi_loss=-1.1304  reward_loss=0.0249  total_loss=0.0337  value_loss=0.2951
  update 270000/500000: consistency_loss=0.0001  pi_loss=-1.1391  reward_loss=0.0277  total_loss=0.0330  value_loss=0.2831
  update 270500/500000: consistency_loss=0.0001  pi_loss=-1.1180  reward_loss=0.0391  total_loss=0.0340  value_loss=0.2824
  update 271000/500000: consistency_loss=0.0001  pi_loss=-1.1035  reward_loss=0.0188  total_loss=0.0327  value_loss=0.2892
  update 271500/500000: consistency_loss=0.0001  pi_loss=-1.0976  reward_loss=0.0219  total_loss=0.0319  value_loss=0.2793
  update 272000/500000: consistency_loss=0.0001  pi_loss=-1.0786  reward_loss=0.0129  total_loss=0.0344  value_loss=0.3105
  update 272500/500000: consistency_loss=0.0001  pi_loss=-1.0743  reward_loss=0.0238  total_loss=0.0333  value_loss=0.2909
  update 273000/500000: consistency_loss=0.0001  pi_loss=-1.0826  reward_loss=0.0233  total_loss=0.0345  value_loss=0.3002
  update 273500/500000: consistency_loss=0.0001  pi_loss=-1.1056  reward_loss=0.0306  total_loss=0.0360  value_loss=0.3103
  update 274000/500000: consistency_loss=0.0001  pi_loss=-1.1158  reward_loss=0.0224  total_loss=0.0350  value_loss=0.3072
  update 274500/500000: consistency_loss=0.0001  pi_loss=-1.1256  reward_loss=0.0265  total_loss=0.0342  value_loss=0.2979
  update 275000/500000: consistency_loss=0.0001  pi_loss=-1.1575  reward_loss=0.0199  total_loss=0.0338  value_loss=0.2985
  update 275500/500000: consistency_loss=0.0001  pi_loss=-1.1796  reward_loss=0.0297  total_loss=0.0354  value_loss=0.3056
  update 276000/500000: consistency_loss=0.0001  pi_loss=-1.1789  reward_loss=0.0271  total_loss=0.0359  value_loss=0.3074
  update 276500/500000: consistency_loss=0.0001  pi_loss=-1.1742  reward_loss=0.0124  total_loss=0.0328  value_loss=0.2970
  update 277000/500000: consistency_loss=0.0001  pi_loss=-1.1552  reward_loss=0.0177  total_loss=0.0342  value_loss=0.3039
  update 277500/500000: consistency_loss=0.0001  pi_loss=-1.1651  reward_loss=0.0268  total_loss=0.0342  value_loss=0.2950
  update 278000/500000: consistency_loss=0.0001  pi_loss=-1.1367  reward_loss=0.0151  total_loss=0.0346  value_loss=0.3164
  update 278500/500000: consistency_loss=0.0001  pi_loss=-1.1525  reward_loss=0.0252  total_loss=0.0361  value_loss=0.3144
  update 279000/500000: consistency_loss=0.0001  pi_loss=-1.1405  reward_loss=0.0258  total_loss=0.0345  value_loss=0.2999
  update 279500/500000: consistency_loss=0.0001  pi_loss=-1.1297  reward_loss=0.0331  total_loss=0.0356  value_loss=0.3051
  update 280000/500000: consistency_loss=0.0001  pi_loss=-1.1186  reward_loss=0.0320  total_loss=0.0349  value_loss=0.2999
  update 280500/500000: consistency_loss=0.0001  pi_loss=-1.1213  reward_loss=0.0205  total_loss=0.0333  value_loss=0.2930
  update 281000/500000: consistency_loss=0.0001  pi_loss=-1.1350  reward_loss=0.0278  total_loss=0.0340  value_loss=0.2964
  update 281500/500000: consistency_loss=0.0001  pi_loss=-1.1307  reward_loss=0.0210  total_loss=0.0334  value_loss=0.2977
  update 282000/500000: consistency_loss=0.0001  pi_loss=-1.1421  reward_loss=0.0250  total_loss=0.0338  value_loss=0.2946
  update 282500/500000: consistency_loss=0.0001  pi_loss=-1.1580  reward_loss=0.0276  total_loss=0.0350  value_loss=0.3065
  update 283000/500000: consistency_loss=0.0001  pi_loss=-1.1374  reward_loss=0.0191  total_loss=0.0339  value_loss=0.3028
  update 283500/500000: consistency_loss=0.0001  pi_loss=-1.1472  reward_loss=0.0277  total_loss=0.0340  value_loss=0.2940
  update 284000/500000: consistency_loss=0.0001  pi_loss=-1.1175  reward_loss=0.0186  total_loss=0.0333  value_loss=0.2982
  update 284500/500000: consistency_loss=0.0001  pi_loss=-1.1107  reward_loss=0.0238  total_loss=0.0341  value_loss=0.2987
  update 285000/500000: consistency_loss=0.0001  pi_loss=-1.0982  reward_loss=0.0128  total_loss=0.0315  value_loss=0.2843
  update 285500/500000: consistency_loss=0.0001  pi_loss=-1.0966  reward_loss=0.0166  total_loss=0.0317  value_loss=0.2796
  update 286000/500000: consistency_loss=0.0001  pi_loss=-1.1253  reward_loss=0.0200  total_loss=0.0332  value_loss=0.2923
  update 286500/500000: consistency_loss=0.0001  pi_loss=-1.1103  reward_loss=0.0288  total_loss=0.0348  value_loss=0.3006
  update 287000/500000: consistency_loss=0.0001  pi_loss=-1.1041  reward_loss=0.0259  total_loss=0.0349  value_loss=0.3065
  update 287500/500000: consistency_loss=0.0001  pi_loss=-1.1014  reward_loss=0.0158  total_loss=0.0355  value_loss=0.3227
  update 288000/500000: consistency_loss=0.0001  pi_loss=-1.1232  reward_loss=0.0202  total_loss=0.0341  value_loss=0.3002
  update 288500/500000: consistency_loss=0.0001  pi_loss=-1.1270  reward_loss=0.0245  total_loss=0.0347  value_loss=0.3034
  update 289000/500000: consistency_loss=0.0001  pi_loss=-1.1187  reward_loss=0.0097  total_loss=0.0333  value_loss=0.3041
  update 289500/500000: consistency_loss=0.0001  pi_loss=-1.1156  reward_loss=0.0202  total_loss=0.0340  value_loss=0.3014
  update 290000/500000: consistency_loss=0.0001  pi_loss=-1.1178  reward_loss=0.0160  total_loss=0.0331  value_loss=0.2972
  update 290500/500000: consistency_loss=0.0001  pi_loss=-1.1070  reward_loss=0.0165  total_loss=0.0334  value_loss=0.2963
  update 291000/500000: consistency_loss=0.0001  pi_loss=-1.0966  reward_loss=0.0166  total_loss=0.0325  value_loss=0.2903
  update 291500/500000: consistency_loss=0.0001  pi_loss=-1.0797  reward_loss=0.0207  total_loss=0.0324  value_loss=0.2863
  update 292000/500000: consistency_loss=0.0001  pi_loss=-1.0641  reward_loss=0.0273  total_loss=0.0330  value_loss=0.2879
  update 292500/500000: consistency_loss=0.0001  pi_loss=-1.0593  reward_loss=0.0225  total_loss=0.0341  value_loss=0.2998
  update 293000/500000: consistency_loss=0.0001  pi_loss=-1.0552  reward_loss=0.0151  total_loss=0.0324  value_loss=0.2930
  update 293500/500000: consistency_loss=0.0001  pi_loss=-1.0415  reward_loss=0.0178  total_loss=0.0332  value_loss=0.2976
  update 294000/500000: consistency_loss=0.0001  pi_loss=-1.0586  reward_loss=0.0326  total_loss=0.0360  value_loss=0.3098
  update 294500/500000: consistency_loss=0.0001  pi_loss=-1.0498  reward_loss=0.0215  total_loss=0.0341  value_loss=0.3036
  update 295000/500000: consistency_loss=0.0001  pi_loss=-1.0478  reward_loss=0.0192  total_loss=0.0341  value_loss=0.3034
  update 295500/500000: consistency_loss=0.0001  pi_loss=-1.0316  reward_loss=0.0177  total_loss=0.0351  value_loss=0.3137
  update 296000/500000: consistency_loss=0.0001  pi_loss=-1.0272  reward_loss=0.0143  total_loss=0.0331  value_loss=0.2965
  update 296500/500000: consistency_loss=0.0001  pi_loss=-1.0586  reward_loss=0.0248  total_loss=0.0343  value_loss=0.2998
  update 297000/500000: consistency_loss=0.0001  pi_loss=-1.0479  reward_loss=0.0299  total_loss=0.0345  value_loss=0.2990
  update 297500/500000: consistency_loss=0.0001  pi_loss=-1.0552  reward_loss=0.0230  total_loss=0.0349  value_loss=0.3050
  update 298000/500000: consistency_loss=0.0001  pi_loss=-1.0732  reward_loss=0.0171  total_loss=0.0336  value_loss=0.3009
  update 298500/500000: consistency_loss=0.0001  pi_loss=-1.0999  reward_loss=0.0209  total_loss=0.0328  value_loss=0.2903
  update 299000/500000: consistency_loss=0.0001  pi_loss=-1.1067  reward_loss=0.0210  total_loss=0.0328  value_loss=0.2916
  update 299500/500000: consistency_loss=0.0001  pi_loss=-1.1155  reward_loss=0.0187  total_loss=0.0337  value_loss=0.2995
  update 300000/500000: consistency_loss=0.0001  pi_loss=-1.1326  reward_loss=0.0291  total_loss=0.0345  value_loss=0.2995
Saved checkpoint at update 300000
  update 300500/500000: consistency_loss=0.0001  pi_loss=-1.1161  reward_loss=0.0250  total_loss=0.0352  value_loss=0.3101
  update 301000/500000: consistency_loss=0.0001  pi_loss=-1.1025  reward_loss=0.0164  total_loss=0.0312  value_loss=0.2794
  update 301500/500000: consistency_loss=0.0001  pi_loss=-1.0938  reward_loss=0.0182  total_loss=0.0332  value_loss=0.2891
  update 302000/500000: consistency_loss=0.0001  pi_loss=-1.0906  reward_loss=0.0210  total_loss=0.0340  value_loss=0.3017
  update 302500/500000: consistency_loss=0.0001  pi_loss=-1.0917  reward_loss=0.0097  total_loss=0.0331  value_loss=0.3052
  update 303000/500000: consistency_loss=0.0001  pi_loss=-1.0863  reward_loss=0.0162  total_loss=0.0342  value_loss=0.3071
  update 303500/500000: consistency_loss=0.0001  pi_loss=-1.0872  reward_loss=0.0225  total_loss=0.0350  value_loss=0.3103
  update 304000/500000: consistency_loss=0.0001  pi_loss=-1.0965  reward_loss=0.0224  total_loss=0.0363  value_loss=0.3222
  update 304500/500000: consistency_loss=0.0001  pi_loss=-1.0807  reward_loss=0.0178  total_loss=0.0342  value_loss=0.3068
  update 305000/500000: consistency_loss=0.0001  pi_loss=-1.0613  reward_loss=0.0218  total_loss=0.0344  value_loss=0.3041
  update 305500/500000: consistency_loss=0.0001  pi_loss=-1.0723  reward_loss=0.0140  total_loss=0.0320  value_loss=0.2891
  update 306000/500000: consistency_loss=0.0001  pi_loss=-1.0574  reward_loss=0.0212  total_loss=0.0332  value_loss=0.2913
  update 306500/500000: consistency_loss=0.0001  pi_loss=-1.0784  reward_loss=0.0171  total_loss=0.0332  value_loss=0.2931
  update 307000/500000: consistency_loss=0.0001  pi_loss=-1.0745  reward_loss=0.0228  total_loss=0.0336  value_loss=0.2973
  update 307500/500000: consistency_loss=0.0001  pi_loss=-1.0738  reward_loss=0.0135  total_loss=0.0332  value_loss=0.3020
  update 308000/500000: consistency_loss=0.0001  pi_loss=-1.0936  reward_loss=0.0078  total_loss=0.0332  value_loss=0.3065
  update 308500/500000: consistency_loss=0.0001  pi_loss=-1.0829  reward_loss=0.0286  total_loss=0.0343  value_loss=0.2965
  update 309000/500000: consistency_loss=0.0001  pi_loss=-1.0548  reward_loss=0.0235  total_loss=0.0338  value_loss=0.2948
  update 309500/500000: consistency_loss=0.0001  pi_loss=-1.0537  reward_loss=0.0263  total_loss=0.0337  value_loss=0.2926
  update 310000/500000: consistency_loss=0.0001  pi_loss=-1.0598  reward_loss=0.0239  total_loss=0.0337  value_loss=0.2945
  update 310500/500000: consistency_loss=0.0001  pi_loss=-1.0529  reward_loss=0.0161  total_loss=0.0319  value_loss=0.2827
  update 311000/500000: consistency_loss=0.0001  pi_loss=-1.0634  reward_loss=0.0205  total_loss=0.0319  value_loss=0.2824
  update 311500/500000: consistency_loss=0.0001  pi_loss=-1.1074  reward_loss=0.0258  total_loss=0.0327  value_loss=0.2847
  update 312000/500000: consistency_loss=0.0001  pi_loss=-1.1213  reward_loss=0.0291  total_loss=0.0334  value_loss=0.2860
  update 312500/500000: consistency_loss=0.0001  pi_loss=-1.0925  reward_loss=0.0135  total_loss=0.0309  value_loss=0.2816
  update 313000/500000: consistency_loss=0.0001  pi_loss=-1.0799  reward_loss=0.0139  total_loss=0.0311  value_loss=0.2759
  update 313500/500000: consistency_loss=0.0001  pi_loss=-1.0793  reward_loss=0.0097  total_loss=0.0326  value_loss=0.3002
  update 314000/500000: consistency_loss=0.0001  pi_loss=-1.0772  reward_loss=0.0164  total_loss=0.0334  value_loss=0.3014
  update 314500/500000: consistency_loss=0.0001  pi_loss=-1.0780  reward_loss=0.0286  total_loss=0.0352  value_loss=0.3031
  update 315000/500000: consistency_loss=0.0001  pi_loss=-1.0808  reward_loss=0.0247  total_loss=0.0329  value_loss=0.2862
  update 315500/500000: consistency_loss=0.0001  pi_loss=-1.0621  reward_loss=0.0244  total_loss=0.0328  value_loss=0.2888
  update 316000/500000: consistency_loss=0.0001  pi_loss=-1.0525  reward_loss=0.0248  total_loss=0.0314  value_loss=0.2737
  update 316500/500000: consistency_loss=0.0001  pi_loss=-1.0348  reward_loss=0.0112  total_loss=0.0326  value_loss=0.2969
  update 317000/500000: consistency_loss=0.0001  pi_loss=-1.0352  reward_loss=0.0201  total_loss=0.0324  value_loss=0.2879
  update 317500/500000: consistency_loss=0.0001  pi_loss=-1.0294  reward_loss=0.0202  total_loss=0.0328  value_loss=0.2891
  update 318000/500000: consistency_loss=0.0001  pi_loss=-1.0208  reward_loss=0.0178  total_loss=0.0341  value_loss=0.3062
  update 318500/500000: consistency_loss=0.0001  pi_loss=-1.0397  reward_loss=0.0386  total_loss=0.0366  value_loss=0.3076
  update 319000/500000: consistency_loss=0.0001  pi_loss=-1.0454  reward_loss=0.0269  total_loss=0.0342  value_loss=0.2991
  update 319500/500000: consistency_loss=0.0001  pi_loss=-1.0529  reward_loss=0.0160  total_loss=0.0331  value_loss=0.3010
  update 320000/500000: consistency_loss=0.0001  pi_loss=-1.0736  reward_loss=0.0191  total_loss=0.0351  value_loss=0.3145
  update 320500/500000: consistency_loss=0.0001  pi_loss=-1.0899  reward_loss=0.0115  total_loss=0.0330  value_loss=0.3030
  update 321000/500000: consistency_loss=0.0001  pi_loss=-1.1061  reward_loss=0.0156  total_loss=0.0339  value_loss=0.3071
  update 321500/500000: consistency_loss=0.0001  pi_loss=-1.1146  reward_loss=0.0268  total_loss=0.0344  value_loss=0.2967
  update 322000/500000: consistency_loss=0.0001  pi_loss=-1.1260  reward_loss=0.0178  total_loss=0.0333  value_loss=0.2979
  update 322500/500000: consistency_loss=0.0001  pi_loss=-1.1372  reward_loss=0.0313  total_loss=0.0348  value_loss=0.2988
  update 323000/500000: consistency_loss=0.0001  pi_loss=-1.1164  reward_loss=0.0194  total_loss=0.0333  value_loss=0.2970
  update 323500/500000: consistency_loss=0.0001  pi_loss=-1.1195  reward_loss=0.0304  total_loss=0.0324  value_loss=0.2731
  update 324000/500000: consistency_loss=0.0001  pi_loss=-1.1222  reward_loss=0.0119  total_loss=0.0322  value_loss=0.2923
  update 324500/500000: consistency_loss=0.0001  pi_loss=-1.1109  reward_loss=0.0257  total_loss=0.0321  value_loss=0.2787
  update 325000/500000: consistency_loss=0.0001  pi_loss=-1.1023  reward_loss=0.0168  total_loss=0.0316  value_loss=0.2825
  update 325500/500000: consistency_loss=0.0001  pi_loss=-1.1103  reward_loss=0.0180  total_loss=0.0330  value_loss=0.2936
  update 326000/500000: consistency_loss=0.0001  pi_loss=-1.1241  reward_loss=0.0250  total_loss=0.0327  value_loss=0.2869
  update 326500/500000: consistency_loss=0.0001  pi_loss=-1.1453  reward_loss=0.0236  total_loss=0.0330  value_loss=0.2898
  update 327000/500000: consistency_loss=0.0001  pi_loss=-1.1209  reward_loss=0.0145  total_loss=0.0332  value_loss=0.3007
  update 327500/500000: consistency_loss=0.0001  pi_loss=-1.1128  reward_loss=0.0329  total_loss=0.0340  value_loss=0.2906
  update 328000/500000: consistency_loss=0.0001  pi_loss=-1.1074  reward_loss=0.0252  total_loss=0.0321  value_loss=0.2779
  update 328500/500000: consistency_loss=0.0001  pi_loss=-1.0903  reward_loss=0.0209  total_loss=0.0330  value_loss=0.2932
  update 329000/500000: consistency_loss=0.0001  pi_loss=-1.0801  reward_loss=0.0216  total_loss=0.0314  value_loss=0.2764
  update 329500/500000: consistency_loss=0.0001  pi_loss=-1.1035  reward_loss=0.0208  total_loss=0.0321  value_loss=0.2828
  update 330000/500000: consistency_loss=0.0001  pi_loss=-1.1004  reward_loss=0.0200  total_loss=0.0319  value_loss=0.2807
  update 330500/500000: consistency_loss=0.0001  pi_loss=-1.1185  reward_loss=0.0257  total_loss=0.0328  value_loss=0.2839
  update 331000/500000: consistency_loss=0.0001  pi_loss=-1.1298  reward_loss=0.0250  total_loss=0.0327  value_loss=0.2829
  update 331500/500000: consistency_loss=0.0001  pi_loss=-1.1235  reward_loss=0.0166  total_loss=0.0313  value_loss=0.2809
  update 332000/500000: consistency_loss=0.0001  pi_loss=-1.1334  reward_loss=0.0261  total_loss=0.0325  value_loss=0.2822
  update 332500/500000: consistency_loss=0.0001  pi_loss=-1.1421  reward_loss=0.0283  total_loss=0.0326  value_loss=0.2790
  update 333000/500000: consistency_loss=0.0001  pi_loss=-1.1381  reward_loss=0.0270  total_loss=0.0322  value_loss=0.2774
  update 333500/500000: consistency_loss=0.0001  pi_loss=-1.1419  reward_loss=0.0234  total_loss=0.0316  value_loss=0.2757
  update 334000/500000: consistency_loss=0.0001  pi_loss=-1.1355  reward_loss=0.0142  total_loss=0.0313  value_loss=0.2817
  update 334500/500000: consistency_loss=0.0001  pi_loss=-1.1407  reward_loss=0.0144  total_loss=0.0302  value_loss=0.2713
  update 335000/500000: consistency_loss=0.0001  pi_loss=-1.1289  reward_loss=0.0203  total_loss=0.0325  value_loss=0.2879
  update 335500/500000: consistency_loss=0.0001  pi_loss=-1.1471  reward_loss=0.0388  total_loss=0.0337  value_loss=0.2832
  update 336000/500000: consistency_loss=0.0001  pi_loss=-1.1416  reward_loss=0.0165  total_loss=0.0303  value_loss=0.2691
  update 336500/500000: consistency_loss=0.0001  pi_loss=-1.1165  reward_loss=0.0207  total_loss=0.0305  value_loss=0.2710
  update 337000/500000: consistency_loss=0.0001  pi_loss=-1.1149  reward_loss=0.0178  total_loss=0.0327  value_loss=0.2889
  update 337500/500000: consistency_loss=0.0001  pi_loss=-1.0872  reward_loss=0.0241  total_loss=0.0332  value_loss=0.2903
  update 338000/500000: consistency_loss=0.0001  pi_loss=-1.0976  reward_loss=0.0209  total_loss=0.0335  value_loss=0.2989
  update 338500/500000: consistency_loss=0.0001  pi_loss=-1.0973  reward_loss=0.0192  total_loss=0.0337  value_loss=0.2952
  update 339000/500000: consistency_loss=0.0001  pi_loss=-1.1106  reward_loss=0.0308  total_loss=0.0345  value_loss=0.2985
  update 339500/500000: consistency_loss=0.0001  pi_loss=-1.0638  reward_loss=0.0301  total_loss=0.0329  value_loss=0.2812
  update 340000/500000: consistency_loss=0.0001  pi_loss=-1.0738  reward_loss=0.0182  total_loss=0.0336  value_loss=0.2991
  update 340500/500000: consistency_loss=0.0001  pi_loss=-1.0738  reward_loss=0.0241  total_loss=0.0343  value_loss=0.3042
  update 341000/500000: consistency_loss=0.0001  pi_loss=-1.0922  reward_loss=0.0268  total_loss=0.0332  value_loss=0.2874
  update 341500/500000: consistency_loss=0.0001  pi_loss=-1.0951  reward_loss=0.0297  total_loss=0.0330  value_loss=0.2845
  update 342000/500000: consistency_loss=0.0001  pi_loss=-1.1156  reward_loss=0.0131  total_loss=0.0332  value_loss=0.3034
  update 342500/500000: consistency_loss=0.0001  pi_loss=-1.1249  reward_loss=0.0172  total_loss=0.0335  value_loss=0.2923
  update 343000/500000: consistency_loss=0.0001  pi_loss=-1.1460  reward_loss=0.0233  total_loss=0.0328  value_loss=0.2876
  update 343500/500000: consistency_loss=0.0001  pi_loss=-1.1335  reward_loss=0.0202  total_loss=0.0322  value_loss=0.2862
  update 344000/500000: consistency_loss=0.0001  pi_loss=-1.1223  reward_loss=0.0174  total_loss=0.0328  value_loss=0.2944
  update 344500/500000: consistency_loss=0.0001  pi_loss=-1.1284  reward_loss=0.0342  total_loss=0.0339  value_loss=0.2891
  update 345000/500000: consistency_loss=0.0001  pi_loss=-1.0929  reward_loss=0.0191  total_loss=0.0320  value_loss=0.2789
  update 345500/500000: consistency_loss=0.0001  pi_loss=-1.1070  reward_loss=0.0266  total_loss=0.0325  value_loss=0.2822
  update 346000/500000: consistency_loss=0.0001  pi_loss=-1.0740  reward_loss=0.0187  total_loss=0.0322  value_loss=0.2864
  update 346500/500000: consistency_loss=0.0001  pi_loss=-1.0642  reward_loss=0.0139  total_loss=0.0321  value_loss=0.2885
  update 347000/500000: consistency_loss=0.0001  pi_loss=-1.0718  reward_loss=0.0191  total_loss=0.0322  value_loss=0.2858
  update 347500/500000: consistency_loss=0.0001  pi_loss=-1.0802  reward_loss=0.0287  total_loss=0.0342  value_loss=0.3000
  update 348000/500000: consistency_loss=0.0001  pi_loss=-1.0905  reward_loss=0.0225  total_loss=0.0333  value_loss=0.2950
  update 348500/500000: consistency_loss=0.0001  pi_loss=-1.0884  reward_loss=0.0198  total_loss=0.0330  value_loss=0.2943
  update 349000/500000: consistency_loss=0.0001  pi_loss=-1.1085  reward_loss=0.0274  total_loss=0.0332  value_loss=0.2885
  update 349500/500000: consistency_loss=0.0001  pi_loss=-1.1221  reward_loss=0.0298  total_loss=0.0346  value_loss=0.2993
  update 350000/500000: consistency_loss=0.0001  pi_loss=-1.1003  reward_loss=0.0242  total_loss=0.0334  value_loss=0.2933
  update 350500/500000: consistency_loss=0.0001  pi_loss=-1.0900  reward_loss=0.0158  total_loss=0.0336  value_loss=0.3041
  update 351000/500000: consistency_loss=0.0001  pi_loss=-1.1155  reward_loss=0.0237  total_loss=0.0347  value_loss=0.3053
  update 351500/500000: consistency_loss=0.0001  pi_loss=-1.0878  reward_loss=0.0214  total_loss=0.0319  value_loss=0.2826
  update 352000/500000: consistency_loss=0.0001  pi_loss=-1.0916  reward_loss=0.0222  total_loss=0.0330  value_loss=0.2911
  update 352500/500000: consistency_loss=0.0001  pi_loss=-1.0825  reward_loss=0.0215  total_loss=0.0324  value_loss=0.2801
  update 353000/500000: consistency_loss=0.0001  pi_loss=-1.0612  reward_loss=0.0142  total_loss=0.0322  value_loss=0.2919
  update 353500/500000: consistency_loss=0.0001  pi_loss=-1.0831  reward_loss=0.0243  total_loss=0.0319  value_loss=0.2769
  update 354000/500000: consistency_loss=0.0001  pi_loss=-1.0958  reward_loss=0.0244  total_loss=0.0326  value_loss=0.2838
  update 354500/500000: consistency_loss=0.0001  pi_loss=-1.1013  reward_loss=0.0128  total_loss=0.0307  value_loss=0.2790
  update 355000/500000: consistency_loss=0.0001  pi_loss=-1.1105  reward_loss=0.0196  total_loss=0.0319  value_loss=0.2847
  update 355500/500000: consistency_loss=0.0001  pi_loss=-1.1241  reward_loss=0.0209  total_loss=0.0326  value_loss=0.2881
  update 356000/500000: consistency_loss=0.0001  pi_loss=-1.1285  reward_loss=0.0272  total_loss=0.0327  value_loss=0.2794
  update 356500/500000: consistency_loss=0.0001  pi_loss=-1.1247  reward_loss=0.0241  total_loss=0.0329  value_loss=0.2890
  update 357000/500000: consistency_loss=0.0001  pi_loss=-1.1347  reward_loss=0.0231  total_loss=0.0334  value_loss=0.2942
  update 357500/500000: consistency_loss=0.0001  pi_loss=-1.1211  reward_loss=0.0336  total_loss=0.0334  value_loss=0.2861
  update 358000/500000: consistency_loss=0.0001  pi_loss=-1.1136  reward_loss=0.0208  total_loss=0.0333  value_loss=0.2948
  update 358500/500000: consistency_loss=0.0001  pi_loss=-1.1132  reward_loss=0.0130  total_loss=0.0326  value_loss=0.2991
  update 359000/500000: consistency_loss=0.0001  pi_loss=-1.1258  reward_loss=0.0196  total_loss=0.0321  value_loss=0.2843
  update 359500/500000: consistency_loss=0.0001  pi_loss=-1.1101  reward_loss=0.0189  total_loss=0.0315  value_loss=0.2820
  update 360000/500000: consistency_loss=0.0001  pi_loss=-1.1320  reward_loss=0.0305  total_loss=0.0335  value_loss=0.2876
  update 360500/500000: consistency_loss=0.0001  pi_loss=-1.1215  reward_loss=0.0192  total_loss=0.0321  value_loss=0.2851
  update 361000/500000: consistency_loss=0.0001  pi_loss=-1.1126  reward_loss=0.0138  total_loss=0.0315  value_loss=0.2840
  update 361500/500000: consistency_loss=0.0001  pi_loss=-1.1461  reward_loss=0.0202  total_loss=0.0335  value_loss=0.2996
  update 362000/500000: consistency_loss=0.0001  pi_loss=-1.1409  reward_loss=0.0271  total_loss=0.0336  value_loss=0.2922
  update 362500/500000: consistency_loss=0.0001  pi_loss=-1.1469  reward_loss=0.0246  total_loss=0.0340  value_loss=0.3001
  update 363000/500000: consistency_loss=0.0001  pi_loss=-1.1600  reward_loss=0.0315  total_loss=0.0346  value_loss=0.2977
  update 363500/500000: consistency_loss=0.0001  pi_loss=-1.1462  reward_loss=0.0204  total_loss=0.0335  value_loss=0.2960
  update 364000/500000: consistency_loss=0.0001  pi_loss=-1.1755  reward_loss=0.0234  total_loss=0.0332  value_loss=0.2921
  update 364500/500000: consistency_loss=0.0001  pi_loss=-1.1829  reward_loss=0.0166  total_loss=0.0317  value_loss=0.2853
  update 365000/500000: consistency_loss=0.0001  pi_loss=-1.1577  reward_loss=0.0200  total_loss=0.0314  value_loss=0.2788
  update 365500/500000: consistency_loss=0.0001  pi_loss=-1.1583  reward_loss=0.0232  total_loss=0.0335  value_loss=0.2958
  update 366000/500000: consistency_loss=0.0001  pi_loss=-1.1466  reward_loss=0.0128  total_loss=0.0302  value_loss=0.2735
  update 366500/500000: consistency_loss=0.0001  pi_loss=-1.1494  reward_loss=0.0227  total_loss=0.0322  value_loss=0.2829
  update 367000/500000: consistency_loss=0.0001  pi_loss=-1.1325  reward_loss=0.0219  total_loss=0.0312  value_loss=0.2749
  update 367500/500000: consistency_loss=0.0001  pi_loss=-1.1375  reward_loss=0.0232  total_loss=0.0318  value_loss=0.2770
  update 368000/500000: consistency_loss=0.0001  pi_loss=-1.1388  reward_loss=0.0225  total_loss=0.0324  value_loss=0.2866
  update 368500/500000: consistency_loss=0.0001  pi_loss=-1.1396  reward_loss=0.0167  total_loss=0.0322  value_loss=0.2862
  update 369000/500000: consistency_loss=0.0001  pi_loss=-1.1381  reward_loss=0.0221  total_loss=0.0325  value_loss=0.2891
  update 369500/500000: consistency_loss=0.0001  pi_loss=-1.1432  reward_loss=0.0186  total_loss=0.0324  value_loss=0.2864
  update 370000/500000: consistency_loss=0.0001  pi_loss=-1.1343  reward_loss=0.0172  total_loss=0.0321  value_loss=0.2903
  update 370500/500000: consistency_loss=0.0001  pi_loss=-1.1399  reward_loss=0.0281  total_loss=0.0335  value_loss=0.2908
  update 371000/500000: consistency_loss=0.0001  pi_loss=-1.1202  reward_loss=0.0214  total_loss=0.0333  value_loss=0.2937
  update 371500/500000: consistency_loss=0.0001  pi_loss=-1.1097  reward_loss=0.0214  total_loss=0.0335  value_loss=0.2990
  update 372000/500000: consistency_loss=0.0001  pi_loss=-1.1170  reward_loss=0.0257  total_loss=0.0338  value_loss=0.2959
  update 372500/500000: consistency_loss=0.0001  pi_loss=-1.1012  reward_loss=0.0178  total_loss=0.0333  value_loss=0.2996
  update 373000/500000: consistency_loss=0.0001  pi_loss=-1.1224  reward_loss=0.0221  total_loss=0.0331  value_loss=0.2937
  update 373500/500000: consistency_loss=0.0001  pi_loss=-1.1259  reward_loss=0.0219  total_loss=0.0338  value_loss=0.3018
  update 374000/500000: consistency_loss=0.0001  pi_loss=-1.1342  reward_loss=0.0129  total_loss=0.0321  value_loss=0.2935
  update 374500/500000: consistency_loss=0.0001  pi_loss=-1.1850  reward_loss=0.0287  total_loss=0.0329  value_loss=0.2829
  update 375000/500000: consistency_loss=0.0001  pi_loss=-1.1884  reward_loss=0.0214  total_loss=0.0328  value_loss=0.2879
  update 375500/500000: consistency_loss=0.0001  pi_loss=-1.1775  reward_loss=0.0128  total_loss=0.0319  value_loss=0.2920
  update 376000/500000: consistency_loss=0.0001  pi_loss=-1.1791  reward_loss=0.0248  total_loss=0.0339  value_loss=0.2974
  update 376500/500000: consistency_loss=0.0001  pi_loss=-1.1780  reward_loss=0.0291  total_loss=0.0334  value_loss=0.2867
  update 377000/500000: consistency_loss=0.0001  pi_loss=-1.1478  reward_loss=0.0285  total_loss=0.0329  value_loss=0.2829
  update 377500/500000: consistency_loss=0.0001  pi_loss=-1.1387  reward_loss=0.0115  total_loss=0.0317  value_loss=0.2887
  update 378000/500000: consistency_loss=0.0001  pi_loss=-1.1183  reward_loss=0.0198  total_loss=0.0331  value_loss=0.2946
  update 378500/500000: consistency_loss=0.0001  pi_loss=-1.1017  reward_loss=0.0184  total_loss=0.0330  value_loss=0.2962
  update 379000/500000: consistency_loss=0.0001  pi_loss=-1.1038  reward_loss=0.0244  total_loss=0.0344  value_loss=0.3018
  update 379500/500000: consistency_loss=0.0001  pi_loss=-1.0855  reward_loss=0.0390  total_loss=0.0355  value_loss=0.3003
  update 380000/500000: consistency_loss=0.0001  pi_loss=-1.0824  reward_loss=0.0287  total_loss=0.0345  value_loss=0.2982
  update 380500/500000: consistency_loss=0.0001  pi_loss=-1.0660  reward_loss=0.0160  total_loss=0.0322  value_loss=0.2906
  update 381000/500000: consistency_loss=0.0001  pi_loss=-1.0662  reward_loss=0.0116  total_loss=0.0313  value_loss=0.2860
  update 381500/500000: consistency_loss=0.0001  pi_loss=-1.0870  reward_loss=0.0272  total_loss=0.0323  value_loss=0.2780
  update 382000/500000: consistency_loss=0.0001  pi_loss=-1.0953  reward_loss=0.0281  total_loss=0.0336  value_loss=0.2916
  update 382500/500000: consistency_loss=0.0001  pi_loss=-1.0986  reward_loss=0.0180  total_loss=0.0331  value_loss=0.2973
  update 383000/500000: consistency_loss=0.0001  pi_loss=-1.1055  reward_loss=0.0248  total_loss=0.0317  value_loss=0.2777
  update 383500/500000: consistency_loss=0.0001  pi_loss=-1.1118  reward_loss=0.0286  total_loss=0.0318  value_loss=0.2740
  update 384000/500000: consistency_loss=0.0001  pi_loss=-1.1386  reward_loss=0.0187  total_loss=0.0325  value_loss=0.2886
  update 384500/500000: consistency_loss=0.0001  pi_loss=-1.1467  reward_loss=0.0198  total_loss=0.0341  value_loss=0.3008
  update 385000/500000: consistency_loss=0.0001  pi_loss=-1.1370  reward_loss=0.0274  total_loss=0.0342  value_loss=0.2998
  update 385500/500000: consistency_loss=0.0001  pi_loss=-1.1033  reward_loss=0.0149  total_loss=0.0345  value_loss=0.3164
  update 386000/500000: consistency_loss=0.0001  pi_loss=-1.1007  reward_loss=0.0261  total_loss=0.0358  value_loss=0.3152
  update 386500/500000: consistency_loss=0.0001  pi_loss=-1.1144  reward_loss=0.0191  total_loss=0.0343  value_loss=0.3081
  update 387000/500000: consistency_loss=0.0001  pi_loss=-1.1092  reward_loss=0.0207  total_loss=0.0331  value_loss=0.2936
  update 387500/500000: consistency_loss=0.0001  pi_loss=-1.1049  reward_loss=0.0232  total_loss=0.0341  value_loss=0.3023
  update 388000/500000: consistency_loss=0.0001  pi_loss=-1.1092  reward_loss=0.0186  total_loss=0.0337  value_loss=0.3047
  update 388500/500000: consistency_loss=0.0001  pi_loss=-1.1254  reward_loss=0.0232  total_loss=0.0332  value_loss=0.2925
  update 389000/500000: consistency_loss=0.0001  pi_loss=-1.1059  reward_loss=0.0209  total_loss=0.0334  value_loss=0.2984
  update 389500/500000: consistency_loss=0.0001  pi_loss=-1.1013  reward_loss=0.0194  total_loss=0.0325  value_loss=0.2890
  update 390000/500000: consistency_loss=0.0001  pi_loss=-1.1046  reward_loss=0.0313  total_loss=0.0339  value_loss=0.2915
  update 390500/500000: consistency_loss=0.0001  pi_loss=-1.1031  reward_loss=0.0155  total_loss=0.0315  value_loss=0.2831
  update 391000/500000: consistency_loss=0.0001  pi_loss=-1.1324  reward_loss=0.0203  total_loss=0.0321  value_loss=0.2840
  update 391500/500000: consistency_loss=0.0001  pi_loss=-1.1446  reward_loss=0.0264  total_loss=0.0327  value_loss=0.2836
  update 392000/500000: consistency_loss=0.0001  pi_loss=-1.1776  reward_loss=0.0190  total_loss=0.0319  value_loss=0.2856
  update 392500/500000: consistency_loss=0.0001  pi_loss=-1.2011  reward_loss=0.0371  total_loss=0.0336  value_loss=0.2842
  update 393000/500000: consistency_loss=0.0001  pi_loss=-1.2069  reward_loss=0.0182  total_loss=0.0315  value_loss=0.2793
  update 393500/500000: consistency_loss=0.0001  pi_loss=-1.2011  reward_loss=0.0229  total_loss=0.0330  value_loss=0.2909
  update 394000/500000: consistency_loss=0.0001  pi_loss=-1.1973  reward_loss=0.0193  total_loss=0.0318  value_loss=0.2833
  update 394500/500000: consistency_loss=0.0001  pi_loss=-1.2045  reward_loss=0.0233  total_loss=0.0322  value_loss=0.2802
  update 395000/500000: consistency_loss=0.0001  pi_loss=-1.1999  reward_loss=0.0284  total_loss=0.0327  value_loss=0.2827
  update 395500/500000: consistency_loss=0.0001  pi_loss=-1.1729  reward_loss=0.0227  total_loss=0.0319  value_loss=0.2793
  update 396000/500000: consistency_loss=0.0001  pi_loss=-1.2039  reward_loss=0.0206  total_loss=0.0337  value_loss=0.2948
  update 396500/500000: consistency_loss=0.0001  pi_loss=-1.1757  reward_loss=0.0131  total_loss=0.0325  value_loss=0.2967
  update 397000/500000: consistency_loss=0.0001  pi_loss=-1.1771  reward_loss=0.0278  total_loss=0.0337  value_loss=0.2932
  update 397500/500000: consistency_loss=0.0001  pi_loss=-1.1633  reward_loss=0.0206  total_loss=0.0329  value_loss=0.2936
  update 398000/500000: consistency_loss=0.0001  pi_loss=-1.1658  reward_loss=0.0346  total_loss=0.0335  value_loss=0.2837
  update 398500/500000: consistency_loss=0.0001  pi_loss=-1.1529  reward_loss=0.0250  total_loss=0.0340  value_loss=0.2992
  update 399000/500000: consistency_loss=0.0001  pi_loss=-1.1827  reward_loss=0.0268  total_loss=0.0327  value_loss=0.2841
  update 399500/500000: consistency_loss=0.0001  pi_loss=-1.1846  reward_loss=0.0258  total_loss=0.0320  value_loss=0.2781
  update 400000/500000: consistency_loss=0.0001  pi_loss=-1.1898  reward_loss=0.0259  total_loss=0.0317  value_loss=0.2769
Saved checkpoint at update 400000
  update 400500/500000: consistency_loss=0.0001  pi_loss=-1.2132  reward_loss=0.0193  total_loss=0.0306  value_loss=0.2730
  update 401000/500000: consistency_loss=0.0001  pi_loss=-1.1931  reward_loss=0.0164  total_loss=0.0299  value_loss=0.2687
  update 401500/500000: consistency_loss=0.0001  pi_loss=-1.2059  reward_loss=0.0214  total_loss=0.0324  value_loss=0.2869
  update 402000/500000: consistency_loss=0.0001  pi_loss=-1.1976  reward_loss=0.0216  total_loss=0.0291  value_loss=0.2536
  update 402500/500000: consistency_loss=0.0001  pi_loss=-1.1943  reward_loss=0.0301  total_loss=0.0306  value_loss=0.2597
  update 403000/500000: consistency_loss=0.0001  pi_loss=-1.1519  reward_loss=0.0140  total_loss=0.0295  value_loss=0.2635
  update 403500/500000: consistency_loss=0.0001  pi_loss=-1.1686  reward_loss=0.0329  total_loss=0.0325  value_loss=0.2769
  update 404000/500000: consistency_loss=0.0001  pi_loss=-1.1558  reward_loss=0.0209  total_loss=0.0330  value_loss=0.2959
  update 404500/500000: consistency_loss=0.0001  pi_loss=-1.1492  reward_loss=0.0227  total_loss=0.0323  value_loss=0.2866
  update 405000/500000: consistency_loss=0.0001  pi_loss=-1.1318  reward_loss=0.0125  total_loss=0.0318  value_loss=0.2900
  update 405500/500000: consistency_loss=0.0001  pi_loss=-1.1558  reward_loss=0.0131  total_loss=0.0317  value_loss=0.2886
  update 406000/500000: consistency_loss=0.0001  pi_loss=-1.1679  reward_loss=0.0197  total_loss=0.0328  value_loss=0.2927
  update 406500/500000: consistency_loss=0.0001  pi_loss=-1.2030  reward_loss=0.0202  total_loss=0.0319  value_loss=0.2841
  update 407000/500000: consistency_loss=0.0001  pi_loss=-1.2028  reward_loss=0.0209  total_loss=0.0309  value_loss=0.2708
  update 407500/500000: consistency_loss=0.0001  pi_loss=-1.2112  reward_loss=0.0199  total_loss=0.0297  value_loss=0.2626
  update 408000/500000: consistency_loss=0.0001  pi_loss=-1.2074  reward_loss=0.0337  total_loss=0.0323  value_loss=0.2750
  update 408500/500000: consistency_loss=0.0001  pi_loss=-1.2084  reward_loss=0.0189  total_loss=0.0315  value_loss=0.2785
  update 409000/500000: consistency_loss=0.0001  pi_loss=-1.2025  reward_loss=0.0223  total_loss=0.0321  value_loss=0.2817
  update 409500/500000: consistency_loss=0.0001  pi_loss=-1.1892  reward_loss=0.0188  total_loss=0.0316  value_loss=0.2813
  update 410000/500000: consistency_loss=0.0001  pi_loss=-1.1945  reward_loss=0.0173  total_loss=0.0322  value_loss=0.2874
  update 410500/500000: consistency_loss=0.0001  pi_loss=-1.2077  reward_loss=0.0239  total_loss=0.0326  value_loss=0.2855
  update 411000/500000: consistency_loss=0.0001  pi_loss=-1.1859  reward_loss=0.0200  total_loss=0.0311  value_loss=0.2762
  update 411500/500000: consistency_loss=0.0001  pi_loss=-1.1891  reward_loss=0.0249  total_loss=0.0325  value_loss=0.2822
  update 412000/500000: consistency_loss=0.0001  pi_loss=-1.1875  reward_loss=0.0212  total_loss=0.0341  value_loss=0.3046
  update 412500/500000: consistency_loss=0.0001  pi_loss=-1.1536  reward_loss=0.0146  total_loss=0.0330  value_loss=0.3012
  update 413000/500000: consistency_loss=0.0001  pi_loss=-1.1649  reward_loss=0.0147  total_loss=0.0306  value_loss=0.2791
  update 413500/500000: consistency_loss=0.0001  pi_loss=-1.1952  reward_loss=0.0146  total_loss=0.0324  value_loss=0.2898
  update 414000/500000: consistency_loss=0.0001  pi_loss=-1.1834  reward_loss=0.0200  total_loss=0.0335  value_loss=0.2985
  update 414500/500000: consistency_loss=0.0001  pi_loss=-1.1963  reward_loss=0.0244  total_loss=0.0334  value_loss=0.2901
  update 415000/500000: consistency_loss=0.0001  pi_loss=-1.1540  reward_loss=0.0191  total_loss=0.0318  value_loss=0.2842
  update 415500/500000: consistency_loss=0.0001  pi_loss=-1.1620  reward_loss=0.0252  total_loss=0.0335  value_loss=0.2897
  update 416000/500000: consistency_loss=0.0001  pi_loss=-1.1540  reward_loss=0.0200  total_loss=0.0333  value_loss=0.2964
  update 416500/500000: consistency_loss=0.0001  pi_loss=-1.1539  reward_loss=0.0081  total_loss=0.0303  value_loss=0.2800
  update 417000/500000: consistency_loss=0.0001  pi_loss=-1.1820  reward_loss=0.0261  total_loss=0.0330  value_loss=0.2881
  update 417500/500000: consistency_loss=0.0001  pi_loss=-1.1906  reward_loss=0.0220  total_loss=0.0326  value_loss=0.2882
  update 418000/500000: consistency_loss=0.0001  pi_loss=-1.1880  reward_loss=0.0217  total_loss=0.0327  value_loss=0.2881
  update 418500/500000: consistency_loss=0.0001  pi_loss=-1.1919  reward_loss=0.0198  total_loss=0.0321  value_loss=0.2845
  update 419000/500000: consistency_loss=0.0001  pi_loss=-1.1874  reward_loss=0.0288  total_loss=0.0333  value_loss=0.2903
  update 419500/500000: consistency_loss=0.0001  pi_loss=-1.1894  reward_loss=0.0246  total_loss=0.0331  value_loss=0.2869
  update 420000/500000: consistency_loss=0.0001  pi_loss=-1.1877  reward_loss=0.0189  total_loss=0.0331  value_loss=0.2940
  update 420500/500000: consistency_loss=0.0001  pi_loss=-1.2023  reward_loss=0.0393  total_loss=0.0338  value_loss=0.2801
  update 421000/500000: consistency_loss=0.0001  pi_loss=-1.2047  reward_loss=0.0331  total_loss=0.0333  value_loss=0.2833
  update 421500/500000: consistency_loss=0.0001  pi_loss=-1.1902  reward_loss=0.0304  total_loss=0.0332  value_loss=0.2827
  update 422000/500000: consistency_loss=0.0001  pi_loss=-1.1566  reward_loss=0.0196  total_loss=0.0314  value_loss=0.2803
  update 422500/500000: consistency_loss=0.0001  pi_loss=-1.1284  reward_loss=0.0152  total_loss=0.0315  value_loss=0.2841
  update 423000/500000: consistency_loss=0.0001  pi_loss=-1.1350  reward_loss=0.0173  total_loss=0.0312  value_loss=0.2782
  update 423500/500000: consistency_loss=0.0001  pi_loss=-1.1105  reward_loss=0.0216  total_loss=0.0323  value_loss=0.2864
  update 424000/500000: consistency_loss=0.0001  pi_loss=-1.1158  reward_loss=0.0173  total_loss=0.0334  value_loss=0.3033
  update 424500/500000: consistency_loss=0.0001  pi_loss=-1.1001  reward_loss=0.0186  total_loss=0.0325  value_loss=0.2881
  update 425000/500000: consistency_loss=0.0001  pi_loss=-1.1095  reward_loss=0.0290  total_loss=0.0338  value_loss=0.2927
  update 425500/500000: consistency_loss=0.0001  pi_loss=-1.1141  reward_loss=0.0205  total_loss=0.0339  value_loss=0.3025
  update 426000/500000: consistency_loss=0.0001  pi_loss=-1.1027  reward_loss=0.0212  total_loss=0.0336  value_loss=0.2991
  update 426500/500000: consistency_loss=0.0001  pi_loss=-1.1327  reward_loss=0.0196  total_loss=0.0338  value_loss=0.3019
  update 427000/500000: consistency_loss=0.0001  pi_loss=-1.1347  reward_loss=0.0273  total_loss=0.0336  value_loss=0.2928
  update 427500/500000: consistency_loss=0.0001  pi_loss=-1.1491  reward_loss=0.0149  total_loss=0.0333  value_loss=0.3015
  update 428000/500000: consistency_loss=0.0001  pi_loss=-1.1543  reward_loss=0.0261  total_loss=0.0329  value_loss=0.2890
  update 428500/500000: consistency_loss=0.0001  pi_loss=-1.1296  reward_loss=0.0137  total_loss=0.0319  value_loss=0.2923
  update 429000/500000: consistency_loss=0.0001  pi_loss=-1.1293  reward_loss=0.0185  total_loss=0.0334  value_loss=0.2987
  update 429500/500000: consistency_loss=0.0001  pi_loss=-1.1137  reward_loss=0.0286  total_loss=0.0342  value_loss=0.2968
  update 430000/500000: consistency_loss=0.0001  pi_loss=-1.1117  reward_loss=0.0237  total_loss=0.0338  value_loss=0.2979
  update 430500/500000: consistency_loss=0.0001  pi_loss=-1.0876  reward_loss=0.0292  total_loss=0.0328  value_loss=0.2837
  update 431000/500000: consistency_loss=0.0001  pi_loss=-1.0764  reward_loss=0.0191  total_loss=0.0319  value_loss=0.2840
  update 431500/500000: consistency_loss=0.0001  pi_loss=-1.0830  reward_loss=0.0105  total_loss=0.0313  value_loss=0.2876
  update 432000/500000: consistency_loss=0.0001  pi_loss=-1.0785  reward_loss=0.0162  total_loss=0.0320  value_loss=0.2897
  update 432500/500000: consistency_loss=0.0001  pi_loss=-1.1136  reward_loss=0.0236  total_loss=0.0331  value_loss=0.2908
  update 433000/500000: consistency_loss=0.0001  pi_loss=-1.1099  reward_loss=0.0226  total_loss=0.0315  value_loss=0.2764
  update 433500/500000: consistency_loss=0.0001  pi_loss=-1.1198  reward_loss=0.0187  total_loss=0.0322  value_loss=0.2893
  update 434000/500000: consistency_loss=0.0001  pi_loss=-1.1149  reward_loss=0.0234  total_loss=0.0327  value_loss=0.2883
  update 434500/500000: consistency_loss=0.0001  pi_loss=-1.1241  reward_loss=0.0169  total_loss=0.0325  value_loss=0.2945
  update 435000/500000: consistency_loss=0.0001  pi_loss=-1.1047  reward_loss=0.0135  total_loss=0.0323  value_loss=0.2957
  update 435500/500000: consistency_loss=0.0001  pi_loss=-1.0917  reward_loss=0.0234  total_loss=0.0330  value_loss=0.2904
  update 436000/500000: consistency_loss=0.0001  pi_loss=-1.1075  reward_loss=0.0272  total_loss=0.0332  value_loss=0.2858
  update 436500/500000: consistency_loss=0.0001  pi_loss=-1.0814  reward_loss=0.0178  total_loss=0.0323  value_loss=0.2904
  update 437000/500000: consistency_loss=0.0001  pi_loss=-1.0915  reward_loss=0.0214  total_loss=0.0327  value_loss=0.2905
  update 437500/500000: consistency_loss=0.0001  pi_loss=-1.0903  reward_loss=0.0216  total_loss=0.0323  value_loss=0.2854
  update 438000/500000: consistency_loss=0.0001  pi_loss=-1.0585  reward_loss=0.0146  total_loss=0.0328  value_loss=0.2977
  update 438500/500000: consistency_loss=0.0001  pi_loss=-1.0519  reward_loss=0.0216  total_loss=0.0351  value_loss=0.3145
  update 439000/500000: consistency_loss=0.0001  pi_loss=-1.0554  reward_loss=0.0289  total_loss=0.0354  value_loss=0.3105
  update 439500/500000: consistency_loss=0.0001  pi_loss=-1.0306  reward_loss=0.0246  total_loss=0.0351  value_loss=0.3103
  update 440000/500000: consistency_loss=0.0001  pi_loss=-1.0041  reward_loss=0.0342  total_loss=0.0358  value_loss=0.3081
  update 440500/500000: consistency_loss=0.0001  pi_loss=-0.9874  reward_loss=0.0224  total_loss=0.0351  value_loss=0.3134
  update 441000/500000: consistency_loss=0.0001  pi_loss=-0.9605  reward_loss=0.0160  total_loss=0.0333  value_loss=0.3017
  update 441500/500000: consistency_loss=0.0001  pi_loss=-0.9414  reward_loss=0.0183  total_loss=0.0332  value_loss=0.2998
  update 442000/500000: consistency_loss=0.0001  pi_loss=-0.9474  reward_loss=0.0326  total_loss=0.0334  value_loss=0.2885
  update 442500/500000: consistency_loss=0.0001  pi_loss=-0.9015  reward_loss=0.0283  total_loss=0.0336  value_loss=0.2935
  update 443000/500000: consistency_loss=0.0001  pi_loss=-0.9212  reward_loss=0.0360  total_loss=0.0348  value_loss=0.2946
  update 443500/500000: consistency_loss=0.0001  pi_loss=-0.8946  reward_loss=0.0144  total_loss=0.0320  value_loss=0.2895
  update 444000/500000: consistency_loss=0.0001  pi_loss=-0.9040  reward_loss=0.0259  total_loss=0.0319  value_loss=0.2787
  update 444500/500000: consistency_loss=0.0001  pi_loss=-0.8930  reward_loss=0.0216  total_loss=0.0317  value_loss=0.2796
  update 445000/500000: consistency_loss=0.0001  pi_loss=-0.8918  reward_loss=0.0110  total_loss=0.0313  value_loss=0.2868
  update 445500/500000: consistency_loss=0.0001  pi_loss=-0.8806  reward_loss=0.0191  total_loss=0.0335  value_loss=0.3006
  update 446000/500000: consistency_loss=0.0001  pi_loss=-0.9079  reward_loss=0.0344  total_loss=0.0349  value_loss=0.3005
  update 446500/500000: consistency_loss=0.0001  pi_loss=-0.8904  reward_loss=0.0241  total_loss=0.0337  value_loss=0.2978
  update 447000/500000: consistency_loss=0.0001  pi_loss=-0.9029  reward_loss=0.0110  total_loss=0.0326  value_loss=0.3009
  update 447500/500000: consistency_loss=0.0001  pi_loss=-0.9129  reward_loss=0.0252  total_loss=0.0333  value_loss=0.2923
  update 448000/500000: consistency_loss=0.0001  pi_loss=-0.9130  reward_loss=0.0160  total_loss=0.0343  value_loss=0.3075
  update 448500/500000: consistency_loss=0.0001  pi_loss=-0.9000  reward_loss=0.0122  total_loss=0.0337  value_loss=0.3111
  update 449000/500000: consistency_loss=0.0001  pi_loss=-0.9090  reward_loss=0.0292  total_loss=0.0344  value_loss=0.2968
  update 449500/500000: consistency_loss=0.0001  pi_loss=-0.9459  reward_loss=0.0313  total_loss=0.0353  value_loss=0.3061
  update 450000/500000: consistency_loss=0.0001  pi_loss=-0.9149  reward_loss=0.0237  total_loss=0.0348  value_loss=0.3095
  update 450500/500000: consistency_loss=0.0001  pi_loss=-0.9034  reward_loss=0.0295  total_loss=0.0347  value_loss=0.3017
  update 451000/500000: consistency_loss=0.0001  pi_loss=-0.8957  reward_loss=0.0179  total_loss=0.0338  value_loss=0.3043
  update 451500/500000: consistency_loss=0.0001  pi_loss=-0.8979  reward_loss=0.0241  total_loss=0.0345  value_loss=0.3074
  update 452000/500000: consistency_loss=0.0001  pi_loss=-0.8959  reward_loss=0.0149  total_loss=0.0333  value_loss=0.3034
  update 452500/500000: consistency_loss=0.0001  pi_loss=-0.8986  reward_loss=0.0199  total_loss=0.0318  value_loss=0.2809
  update 453000/500000: consistency_loss=0.0001  pi_loss=-0.9102  reward_loss=0.0243  total_loss=0.0328  value_loss=0.2876
  update 453500/500000: consistency_loss=0.0001  pi_loss=-0.9183  reward_loss=0.0224  total_loss=0.0341  value_loss=0.3047
  update 454000/500000: consistency_loss=0.0001  pi_loss=-0.9435  reward_loss=0.0313  total_loss=0.0340  value_loss=0.2934
  update 454500/500000: consistency_loss=0.0001  pi_loss=-0.9242  reward_loss=0.0198  total_loss=0.0320  value_loss=0.2870
  update 455000/500000: consistency_loss=0.0001  pi_loss=-0.9806  reward_loss=0.0258  total_loss=0.0345  value_loss=0.3043
  update 455500/500000: consistency_loss=0.0001  pi_loss=-1.0006  reward_loss=0.0153  total_loss=0.0348  value_loss=0.3173
  update 456000/500000: consistency_loss=0.0001  pi_loss=-1.0167  reward_loss=0.0139  total_loss=0.0361  value_loss=0.3314
  update 456500/500000: consistency_loss=0.0001  pi_loss=-1.0161  reward_loss=0.0189  total_loss=0.0344  value_loss=0.3121
  update 457000/500000: consistency_loss=0.0001  pi_loss=-1.0034  reward_loss=0.0273  total_loss=0.0352  value_loss=0.3113
  update 457500/500000: consistency_loss=0.0001  pi_loss=-0.9793  reward_loss=0.0191  total_loss=0.0340  value_loss=0.3072
  update 458000/500000: consistency_loss=0.0001  pi_loss=-1.0057  reward_loss=0.0239  total_loss=0.0336  value_loss=0.2942
  update 458500/500000: consistency_loss=0.0001  pi_loss=-1.0183  reward_loss=0.0207  total_loss=0.0342  value_loss=0.3053
  update 459000/500000: consistency_loss=0.0001  pi_loss=-1.0330  reward_loss=0.0185  total_loss=0.0324  value_loss=0.2896
  update 459500/500000: consistency_loss=0.0001  pi_loss=-1.0494  reward_loss=0.0229  total_loss=0.0327  value_loss=0.2916
  update 460000/500000: consistency_loss=0.0001  pi_loss=-1.0552  reward_loss=0.0223  total_loss=0.0338  value_loss=0.3035
  update 460500/500000: consistency_loss=0.0001  pi_loss=-1.0478  reward_loss=0.0205  total_loss=0.0344  value_loss=0.3073
  update 461000/500000: consistency_loss=0.0001  pi_loss=-1.0296  reward_loss=0.0218  total_loss=0.0335  value_loss=0.2992
  update 461500/500000: consistency_loss=0.0001  pi_loss=-1.0055  reward_loss=0.0216  total_loss=0.0341  value_loss=0.3064
  update 462000/500000: consistency_loss=0.0001  pi_loss=-0.9995  reward_loss=0.0223  total_loss=0.0336  value_loss=0.3006
  update 462500/500000: consistency_loss=0.0001  pi_loss=-0.9908  reward_loss=0.0227  total_loss=0.0355  value_loss=0.3190
  update 463000/500000: consistency_loss=0.0001  pi_loss=-0.9825  reward_loss=0.0226  total_loss=0.0333  value_loss=0.2970
  update 463500/500000: consistency_loss=0.0001  pi_loss=-1.0025  reward_loss=0.0252  total_loss=0.0347  value_loss=0.3059
  update 464000/500000: consistency_loss=0.0001  pi_loss=-0.9858  reward_loss=0.0202  total_loss=0.0352  value_loss=0.3141
  update 464500/500000: consistency_loss=0.0001  pi_loss=-1.0074  reward_loss=0.0236  total_loss=0.0343  value_loss=0.3027
  update 465000/500000: consistency_loss=0.0001  pi_loss=-1.0430  reward_loss=0.0174  total_loss=0.0343  value_loss=0.3101
  update 465500/500000: consistency_loss=0.0001  pi_loss=-1.0828  reward_loss=0.0241  total_loss=0.0344  value_loss=0.3053
  update 466000/500000: consistency_loss=0.0001  pi_loss=-1.1322  reward_loss=0.0139  total_loss=0.0321  value_loss=0.2929
  update 466500/500000: consistency_loss=0.0001  pi_loss=-1.1606  reward_loss=0.0211  total_loss=0.0330  value_loss=0.2949
  update 467000/500000: consistency_loss=0.0001  pi_loss=-1.1677  reward_loss=0.0251  total_loss=0.0334  value_loss=0.2945
  update 467500/500000: consistency_loss=0.0001  pi_loss=-1.1574  reward_loss=0.0313  total_loss=0.0340  value_loss=0.2934
  update 468000/500000: consistency_loss=0.0001  pi_loss=-1.1366  reward_loss=0.0259  total_loss=0.0337  value_loss=0.2965
  update 468500/500000: consistency_loss=0.0001  pi_loss=-1.0810  reward_loss=0.0171  total_loss=0.0324  value_loss=0.2925
  update 469000/500000: consistency_loss=0.0001  pi_loss=-1.0702  reward_loss=0.0142  total_loss=0.0352  value_loss=0.3237
  update 469500/500000: consistency_loss=0.0001  pi_loss=-1.0559  reward_loss=0.0099  total_loss=0.0348  value_loss=0.3245
  update 470000/500000: consistency_loss=0.0001  pi_loss=-1.0218  reward_loss=0.0198  total_loss=0.0336  value_loss=0.3023
  update 470500/500000: consistency_loss=0.0001  pi_loss=-1.0516  reward_loss=0.0269  total_loss=0.0343  value_loss=0.3020
  update 471000/500000: consistency_loss=0.0001  pi_loss=-1.0398  reward_loss=0.0149  total_loss=0.0318  value_loss=0.2888
  update 471500/500000: consistency_loss=0.0001  pi_loss=-1.0465  reward_loss=0.0320  total_loss=0.0346  value_loss=0.2981
  update 472000/500000: consistency_loss=0.0001  pi_loss=-1.0114  reward_loss=0.0126  total_loss=0.0323  value_loss=0.2966
  update 472500/500000: consistency_loss=0.0001  pi_loss=-1.0336  reward_loss=0.0166  total_loss=0.0323  value_loss=0.2928
  update 473000/500000: consistency_loss=0.0001  pi_loss=-1.0493  reward_loss=0.0117  total_loss=0.0317  value_loss=0.2930
  update 473500/500000: consistency_loss=0.0001  pi_loss=-1.0542  reward_loss=0.0237  total_loss=0.0336  value_loss=0.2977
  update 474000/500000: consistency_loss=0.0001  pi_loss=-1.0286  reward_loss=0.0193  total_loss=0.0337  value_loss=0.3052
  update 474500/500000: consistency_loss=0.0001  pi_loss=-1.0291  reward_loss=0.0308  total_loss=0.0342  value_loss=0.2990
  update 475000/500000: consistency_loss=0.0001  pi_loss=-1.0419  reward_loss=0.0108  total_loss=0.0334  value_loss=0.3087
  update 475500/500000: consistency_loss=0.0001  pi_loss=-1.0425  reward_loss=0.0165  total_loss=0.0341  value_loss=0.3108
  update 476000/500000: consistency_loss=0.0001  pi_loss=-1.0427  reward_loss=0.0177  total_loss=0.0350  value_loss=0.3170
  update 476500/500000: consistency_loss=0.0001  pi_loss=-1.0378  reward_loss=0.0180  total_loss=0.0353  value_loss=0.3204
  update 477000/500000: consistency_loss=0.0001  pi_loss=-1.0334  reward_loss=0.0238  total_loss=0.0335  value_loss=0.2973
  update 477500/500000: consistency_loss=0.0001  pi_loss=-1.0487  reward_loss=0.0326  total_loss=0.0345  value_loss=0.2969
  update 478000/500000: consistency_loss=0.0001  pi_loss=-1.0530  reward_loss=0.0270  total_loss=0.0337  value_loss=0.2954
  update 478500/500000: consistency_loss=0.0001  pi_loss=-1.0805  reward_loss=0.0275  total_loss=0.0342  value_loss=0.3011
  update 479000/500000: consistency_loss=0.0001  pi_loss=-1.0914  reward_loss=0.0212  total_loss=0.0338  value_loss=0.3012
  update 479500/500000: consistency_loss=0.0001  pi_loss=-1.1113  reward_loss=0.0328  total_loss=0.0348  value_loss=0.3004
  update 480000/500000: consistency_loss=0.0001  pi_loss=-1.1253  reward_loss=0.0236  total_loss=0.0322  value_loss=0.2840
  update 480500/500000: consistency_loss=0.0001  pi_loss=-1.1249  reward_loss=0.0209  total_loss=0.0335  value_loss=0.2997
  update 481000/500000: consistency_loss=0.0001  pi_loss=-1.1397  reward_loss=0.0229  total_loss=0.0354  value_loss=0.3142
  update 481500/500000: consistency_loss=0.0001  pi_loss=-1.1371  reward_loss=0.0325  total_loss=0.0365  value_loss=0.3167
  update 482000/500000: consistency_loss=0.0001  pi_loss=-1.1255  reward_loss=0.0200  total_loss=0.0355  value_loss=0.3200
  update 482500/500000: consistency_loss=0.0001  pi_loss=-1.1127  reward_loss=0.0158  total_loss=0.0336  value_loss=0.3068
  update 483000/500000: consistency_loss=0.0001  pi_loss=-1.1389  reward_loss=0.0187  total_loss=0.0338  value_loss=0.3057
  update 483500/500000: consistency_loss=0.0001  pi_loss=-1.1429  reward_loss=0.0214  total_loss=0.0336  value_loss=0.2999
  update 484000/500000: consistency_loss=0.0001  pi_loss=-1.1826  reward_loss=0.0232  total_loss=0.0338  value_loss=0.2999
  update 484500/500000: consistency_loss=0.0001  pi_loss=-1.2035  reward_loss=0.0250  total_loss=0.0331  value_loss=0.2935
  update 485000/500000: consistency_loss=0.0001  pi_loss=-1.1904  reward_loss=0.0212  total_loss=0.0326  value_loss=0.2880
  update 485500/500000: consistency_loss=0.0001  pi_loss=-1.1681  reward_loss=0.0172  total_loss=0.0322  value_loss=0.2889
  update 486000/500000: consistency_loss=0.0001  pi_loss=-1.1632  reward_loss=0.0333  total_loss=0.0342  value_loss=0.2952
  update 486500/500000: consistency_loss=0.0001  pi_loss=-1.1253  reward_loss=0.0259  total_loss=0.0339  value_loss=0.3001
  update 487000/500000: consistency_loss=0.0001  pi_loss=-1.1333  reward_loss=0.0241  total_loss=0.0353  value_loss=0.3156
  update 487500/500000: consistency_loss=0.0001  pi_loss=-1.1339  reward_loss=0.0146  total_loss=0.0347  value_loss=0.3194
  update 488000/500000: consistency_loss=0.0001  pi_loss=-1.1386  reward_loss=0.0250  total_loss=0.0356  value_loss=0.3134
  update 488500/500000: consistency_loss=0.0001  pi_loss=-1.1416  reward_loss=0.0245  total_loss=0.0352  value_loss=0.3102
  update 489000/500000: consistency_loss=0.0001  pi_loss=-1.1664  reward_loss=0.0306  total_loss=0.0349  value_loss=0.3027
  update 489500/500000: consistency_loss=0.0001  pi_loss=-1.1806  reward_loss=0.0151  total_loss=0.0333  value_loss=0.3034
  update 490000/500000: consistency_loss=0.0001  pi_loss=-1.1963  reward_loss=0.0112  total_loss=0.0318  value_loss=0.2937
  update 490500/500000: consistency_loss=0.0001  pi_loss=-1.1979  reward_loss=0.0250  total_loss=0.0340  value_loss=0.3023
  update 491000/500000: consistency_loss=0.0001  pi_loss=-1.2064  reward_loss=0.0219  total_loss=0.0353  value_loss=0.3136
  update 491500/500000: consistency_loss=0.0001  pi_loss=-1.1708  reward_loss=0.0279  total_loss=0.0347  value_loss=0.3024
  update 492000/500000: consistency_loss=0.0001  pi_loss=-1.1412  reward_loss=0.0266  total_loss=0.0335  value_loss=0.2931
  update 492500/500000: consistency_loss=0.0001  pi_loss=-1.1061  reward_loss=0.0256  total_loss=0.0345  value_loss=0.3052
  update 493000/500000: consistency_loss=0.0001  pi_loss=-1.0941  reward_loss=0.0354  total_loss=0.0367  value_loss=0.3180
  update 493500/500000: consistency_loss=0.0001  pi_loss=-1.0710  reward_loss=0.0144  total_loss=0.0343  value_loss=0.3110
  update 494000/500000: consistency_loss=0.0001  pi_loss=-1.0491  reward_loss=0.0324  total_loss=0.0364  value_loss=0.3107
  update 494500/500000: consistency_loss=0.0001  pi_loss=-1.0379  reward_loss=0.0333  total_loss=0.0351  value_loss=0.3031
  update 495000/500000: consistency_loss=0.0001  pi_loss=-1.0030  reward_loss=0.0235  total_loss=0.0338  value_loss=0.3004
  update 495500/500000: consistency_loss=0.0001  pi_loss=-0.9944  reward_loss=0.0321  total_loss=0.0329  value_loss=0.2811
  update 496000/500000: consistency_loss=0.0001  pi_loss=-0.9769  reward_loss=0.0236  total_loss=0.0315  value_loss=0.2787
  update 496500/500000: consistency_loss=0.0001  pi_loss=-0.9935  reward_loss=0.0273  total_loss=0.0339  value_loss=0.2976
  update 497000/500000: consistency_loss=0.0001  pi_loss=-1.0644  reward_loss=0.0232  total_loss=0.0336  value_loss=0.2996
  update 497500/500000: consistency_loss=0.0001  pi_loss=-1.0564  reward_loss=0.0169  total_loss=0.0332  value_loss=0.2993
  update 498000/500000: consistency_loss=0.0001  pi_loss=-1.0681  reward_loss=0.0198  total_loss=0.0327  value_loss=0.2903
  update 498500/500000: consistency_loss=0.0001  pi_loss=-1.0467  reward_loss=0.0189  total_loss=0.0317  value_loss=0.2847
  update 499000/500000: consistency_loss=0.0001  pi_loss=-1.0384  reward_loss=0.0239  total_loss=0.0339  value_loss=0.2936
  update 499500/500000: consistency_loss=0.0001  pi_loss=-1.0436  reward_loss=0.0236  total_loss=0.0331  value_loss=0.2919
  update 500000/500000: consistency_loss=0.0001  pi_loss=-1.0301  reward_loss=0.0151  total_loss=0.0331  value_loss=0.2995
DONE: 500000 updates -> /workspace/dreamerv3_runs/tm2wm_finger_awareq1s0_seed16/tm2_ckpt.pt
[Sun Jul 19 13:13:48 UTC 2026] adapt RUN_ID=adapt_tm2awareq1s0_finger_seed16_ckpt500000 TASK=dmc_finger_turn_hard STEPS=125000 SEED=16
/workspace/conda_envs/dreamerv3/lib/python3.11/site-packages/tensordict/_td.py:612: FutureWarning: TensorDict.to_module() is replacing an existing nn.Parameter in the destination module with a tensor leaf that is not an nn.Parameter. This historical behavior can remove the key from module.state_dict(). In tensordict v0.14, to_module() will preserve existing module parameter and buffer registrations by default. Pass preserve_module_state=False to keep the current replacement behavior, or preserve_module_state=True to opt in to the v0.14 behavior now.
  local_out = _set_tensor_dict(
Episode length: 1000
Discount factor: 0.995
Loaded + froze 20 tensors (928,512 params) from /workspace/dreamerv3_runs/tm2wm_finger_awareq1s0_seed16/tm2_ckpt.pt
Architecture: TD-MPC2 World Model
Encoder: ModuleDict(
  (state): Sequential(
    (0): NormedLinear(in_features=12, out_features=256, bias=True, act=Mish)
    (1): NormedLinear(in_features=256, out_features=512, bias=True, act=SimNorm)
  )
)
Dynamics: Sequential(
  (0): NormedLinear(in_features=514, out_features=512, bias=True, act=Mish)
  (1): NormedLinear(in_features=512, out_features=512, bias=True, act=Mish)
  (2): NormedLinear(in_features=512, out_features=512, bias=True, act=SimNorm)
)
Reward: Sequential(
  (0): NormedLinear(in_features=514, out_features=512, bias=True, act=Mish)
  (1): NormedLinear(in_features=512, out_features=512, bias=True, act=Mish)
  (2): Linear(in_features=512, out_features=101, bias=True)
)
Policy prior: Sequential(
  (0): NormedLinear(in_features=512, out_features=512, bias=True, act=Mish)
  (1): NormedLinear(in_features=512, out_features=512, bias=True, act=Mish)
  (2): Linear(in_features=512, out_features=4, bias=True)
)
Q-functions: Vectorized 5x Sequential(
  (0): NormedLinear(in_features=514, out_features=512, bias=True, dropout=0.01, act=Mish)
  (1): NormedLinear(in_features=512, out_features=512, bias=True, act=Mish)
  (2): Linear(in_features=512, out_features=101, bias=True)
)
Learnable parameters: 4,010,594
[eval] {'eval/episode_reward': 125.0, 'eval/episode_success': 0.0, 'eval/episode_length': 1000.0, 'eval/step': 0.0, 'eval/episode': 0.0, 'eval/elapsed_time': 447.39684081077576, 'eval/steps_per_second': 0.0}
Buffer capacity: 125,000
Storage required: 0.01 GB
Using CUDA:0 memory for storage.
[92m2026-07-19 13:21:21,343 [torchrl][INFO][0m    Initialized LazyTensorStorage with torch.Size([125000]) shape[92m [END][0m
Pretraining agent on seed data...
/workspace/conda_envs/dreamerv3/lib/python3.11/site-packages/torch/jit/_script.py:365: DeprecationWarning: `torch.jit.script_method` is deprecated. Please switch to `torch.compile` or `torch.export`.
  warnings.warn(
/workspace/conda_envs/dreamerv3/lib/python3.11/site-packages/torch/jit/_script.py:365: DeprecationWarning: `torch.jit.script_method` is deprecated. Please switch to `torch.compile` or `torch.export`.
  warnings.warn(
/workspace/conda_envs/dreamerv3/lib/python3.11/site-packages/torch/jit/_script.py:365: DeprecationWarning: `torch.jit.script_method` is deprecated. Please switch to `torch.compile` or `torch.export`.
  warnings.warn(
/workspace/conda_envs/dreamerv3/lib/python3.11/site-packages/torch/jit/_script.py:365: DeprecationWarning: `torch.jit.script_method` is deprecated. Please switch to `torch.compile` or `torch.export`.
  warnings.warn(
/workspace/conda_envs/dreamerv3/lib/python3.11/site-packages/torch/jit/_script.py:365: DeprecationWarning: `torch.jit.script_method` is deprecated. Please switch to `torch.compile` or `torch.export`.
  warnings.warn(
/workspace/conda_envs/dreamerv3/lib/python3.11/site-packages/torch/jit/_script.py:365: DeprecationWarning: `torch.jit.script_method` is deprecated. Please switch to `torch.compile` or `torch.export`.
  warnings.warn(
/workspace/conda_envs/dreamerv3/lib/python3.11/site-packages/torch/jit/_script.py:365: DeprecationWarning: `torch.jit.script_method` is deprecated. Please switch to `torch.compile` or `torch.export`.
  warnings.warn(
/workspace/conda_envs/dreamerv3/lib/python3.11/site-packages/torch/jit/_script.py:365: DeprecationWarning: `torch.jit.script_method` is deprecated. Please switch to `torch.compile` or `torch.export`.
  warnings.warn(
/workspace/conda_envs/dreamerv3/lib/python3.11/site-packages/torch/jit/_script.py:365: DeprecationWarning: `torch.jit.script_method` is deprecated. Please switch to `torch.compile` or `torch.export`.
  warnings.warn(
/workspace/conda_envs/dreamerv3/lib/python3.11/site-packages/torch/jit/_script.py:365: DeprecationWarning: `torch.jit.script_method` is deprecated. Please switch to `torch.compile` or `torch.export`.
  warnings.warn(
/workspace/conda_envs/dreamerv3/lib/python3.11/site-packages/torch/jit/_script.py:365: DeprecationWarning: `torch.jit.script_method` is deprecated. Please switch to `torch.compile` or `torch.export`.
  warnings.warn(
/workspace/conda_envs/dreamerv3/lib/python3.11/site-packages/torch/jit/_script.py:365: DeprecationWarning: `torch.jit.script_method` is deprecated. Please switch to `torch.compile` or `torch.export`.
  warnings.warn(
/workspace/conda_envs/dreamerv3/lib/python3.11/site-packages/torch/jit/_script.py:365: DeprecationWarning: `torch.jit.script_method` is deprecated. Please switch to `torch.compile` or `torch.export`.
  warnings.warn(
/workspace/conda_envs/dreamerv3/lib/python3.11/site-packages/torch/jit/_script.py:365: DeprecationWarning: `torch.jit.script_method` is deprecated. Please switch to `torch.compile` or `torch.export`.
  warnings.warn(
[eval] {'eval/episode_reward': 125.0, 'eval/episode_success': 0.0, 'eval/episode_length': 1000.0, 'eval/step': 16000.0, 'eval/episode': 15.0, 'eval/elapsed_time': 1658.4984645843506, 'eval/steps_per_second': 9.647280562306632}
[eval] {'eval/episode_reward': 186.9375, 'eval/episode_success': 0.0, 'eval/episode_length': 1000.0, 'eval/step': 32000.0, 'eval/episode': 31.0, 'eval/elapsed_time': 3045.0300872325897, 'eval/steps_per_second': 10.508927361398426}
[eval] {'eval/episode_reward': 310.25, 'eval/episode_success': 0.0, 'eval/episode_length': 1000.0, 'eval/step': 48000.0, 'eval/episode': 47.0, 'eval/elapsed_time': 4426.678459882736, 'eval/steps_per_second': 10.843344605894762}
[eval] {'eval/episode_reward': 126.125, 'eval/episode_success': 0.0, 'eval/episode_length': 1000.0, 'eval/step': 64000.0, 'eval/episode': 63.0, 'eval/elapsed_time': 5760.856226682663, 'eval/steps_per_second': 11.109459684754851}
[eval] {'eval/episode_reward': 249.5625, 'eval/episode_success': 0.0, 'eval/episode_length': 1000.0, 'eval/step': 80000.0, 'eval/episode': 79.0, 'eval/elapsed_time': 7143.48969244957, 'eval/steps_per_second': 11.199008250065416}
[eval] {'eval/episode_reward': 374.25, 'eval/episode_success': 0.0, 'eval/episode_length': 1000.0, 'eval/step': 96000.0, 'eval/episode': 95.0, 'eval/elapsed_time': 8526.422678470612, 'eval/steps_per_second': 11.259118110858136}
[eval] {'eval/episode_reward': 199.875, 'eval/episode_success': 0.0, 'eval/episode_length': 1000.0, 'eval/step': 112000.0, 'eval/episode': 111.0, 'eval/elapsed_time': 9921.306539773941, 'eval/steps_per_second': 11.288835754746465}
ADAPT DONE -> /workspace/dreamerv3_runs/adapt_tm2awareq1s0_finger_seed16_ckpt500000
[Sun Jul 19 16:12:04 UTC 2026] tdmpc2 adapt_tm2awareq1s0_finger_seed16_ckpt500000 rc=0 status=DONE
