[Sat Jul 18 21:26:19 UTC 2026] offline_fit WM_RUN=tm2wm_finger_awareq1s0_seed11 ARM=aware DATA=/workspace/dreamerv3_runs/tm2_data/finger_q1_side0.pt UPDATES=500000 SEED=11
/workspace/conda_envs/dreamerv3/lib/python3.11/site-packages/tensordict/_td.py:612: FutureWarning: TensorDict.to_module() is replacing an existing nn.Parameter in the destination module with a tensor leaf that is not an nn.Parameter. This historical behavior can remove the key from module.state_dict(). In tensordict v0.14, to_module() will preserve existing module parameter and buffer registrations by default. Pass preserve_module_state=False to keep the current replacement behavior, or preserve_module_state=True to opt in to the v0.14 behavior now.
  local_out = _set_tensor_dict(
Episode length: 1000
Discount factor: 0.995
Buffer capacity: 200,200
Storage required: 0.01 GB
Using CUDA:0 memory for storage.
[92m2026-07-18 21:26:23,916 [torchrl][INFO][0m    Initialized LazyTensorStorage with torch.Size([200200]) shape[92m [END][0m
Loaded static data: 200 eps x 1001 rows = 200200 rows; arm=aware (reward_coef=0.1, value_coef=0.1)
  update      1/500000: consistency_loss=0.0159  pi_loss=-0.0003  reward_loss=2.6922  total_loss=0.8572  value_loss=2.6922
  update    500/500000: consistency_loss=0.0018  pi_loss=-0.1391  reward_loss=0.1454  total_loss=0.0870  value_loss=0.3612
  update   1000/500000: consistency_loss=0.0015  pi_loss=-0.1572  reward_loss=0.0594  total_loss=0.0654  value_loss=0.2940
  update   1500/500000: consistency_loss=0.0013  pi_loss=-0.1025  reward_loss=0.0436  total_loss=0.0569  value_loss=0.2633
  update   2000/500000: consistency_loss=0.0011  pi_loss=-0.0830  reward_loss=0.0332  total_loss=0.0520  value_loss=0.2602
  update   2500/500000: consistency_loss=0.0010  pi_loss=-0.0807  reward_loss=0.0497  total_loss=0.0496  value_loss=0.2415
  update   3000/500000: consistency_loss=0.0010  pi_loss=-0.0621  reward_loss=0.0363  total_loss=0.0486  value_loss=0.2554
  update   3500/500000: consistency_loss=0.0009  pi_loss=-0.0619  reward_loss=0.0276  total_loss=0.0413  value_loss=0.1957
  update   4000/500000: consistency_loss=0.0010  pi_loss=-0.0711  reward_loss=0.0413  total_loss=0.0538  value_loss=0.2947
  update   4500/500000: consistency_loss=0.0008  pi_loss=-0.0615  reward_loss=0.0327  total_loss=0.0493  value_loss=0.2954
  update   5000/500000: consistency_loss=0.0009  pi_loss=-0.0648  reward_loss=0.0382  total_loss=0.0575  value_loss=0.3596
  update   5500/500000: consistency_loss=0.0008  pi_loss=-0.0807  reward_loss=0.0278  total_loss=0.0655  value_loss=0.4770
  update   6000/500000: consistency_loss=0.0009  pi_loss=-0.2123  reward_loss=0.0686  total_loss=0.0788  value_loss=0.5378
  update   6500/500000: consistency_loss=0.0007  pi_loss=-0.3845  reward_loss=0.0638  total_loss=0.0591  value_loss=0.3884
  update   7000/500000: consistency_loss=0.0008  pi_loss=-0.6939  reward_loss=0.0297  total_loss=0.0451  value_loss=0.2680
  update   7500/500000: consistency_loss=0.0007  pi_loss=-0.9153  reward_loss=0.0323  total_loss=0.0473  value_loss=0.2917
  update   8000/500000: consistency_loss=0.0006  pi_loss=-1.0090  reward_loss=0.0478  total_loss=0.0479  value_loss=0.3036
  update   8500/500000: consistency_loss=0.0007  pi_loss=-1.0383  reward_loss=0.0247  total_loss=0.0489  value_loss=0.3320
  update   9000/500000: consistency_loss=0.0006  pi_loss=-0.9518  reward_loss=0.0413  total_loss=0.0536  value_loss=0.3671
  update   9500/500000: consistency_loss=0.0006  pi_loss=-0.8149  reward_loss=0.0272  total_loss=0.0547  value_loss=0.3942
  update  10000/500000: consistency_loss=0.0006  pi_loss=-0.6748  reward_loss=0.0187  total_loss=0.0532  value_loss=0.3856
  update  10500/500000: consistency_loss=0.0006  pi_loss=-0.5772  reward_loss=0.0359  total_loss=0.0526  value_loss=0.3786
  update  11000/500000: consistency_loss=0.0006  pi_loss=-0.5004  reward_loss=0.0328  total_loss=0.0505  value_loss=0.3582
  update  11500/500000: consistency_loss=0.0006  pi_loss=-0.4627  reward_loss=0.0536  total_loss=0.0497  value_loss=0.3247
  update  12000/500000: consistency_loss=0.0006  pi_loss=-0.3865  reward_loss=0.0356  total_loss=0.0436  value_loss=0.2878
  update  12500/500000: consistency_loss=0.0005  pi_loss=-0.3519  reward_loss=0.0375  total_loss=0.0401  value_loss=0.2558
  update  13000/500000: consistency_loss=0.0005  pi_loss=-0.3259  reward_loss=0.0376  total_loss=0.0406  value_loss=0.2630
  update  13500/500000: consistency_loss=0.0005  pi_loss=-0.3109  reward_loss=0.0452  total_loss=0.0456  value_loss=0.3056
  update  14000/500000: consistency_loss=0.0005  pi_loss=-0.2836  reward_loss=0.0266  total_loss=0.0449  value_loss=0.3173
  update  14500/500000: consistency_loss=0.0005  pi_loss=-0.3016  reward_loss=0.0428  total_loss=0.0517  value_loss=0.3653
  update  15000/500000: consistency_loss=0.0005  pi_loss=-0.2983  reward_loss=0.0353  total_loss=0.0495  value_loss=0.3590
  update  15500/500000: consistency_loss=0.0005  pi_loss=-0.2462  reward_loss=0.0205  total_loss=0.0485  value_loss=0.3603
  update  16000/500000: consistency_loss=0.0005  pi_loss=-0.2544  reward_loss=0.0310  total_loss=0.0531  value_loss=0.3905
  update  16500/500000: consistency_loss=0.0005  pi_loss=-0.2724  reward_loss=0.0294  total_loss=0.0499  value_loss=0.3787
  update  17000/500000: consistency_loss=0.0005  pi_loss=-0.2656  reward_loss=0.0310  total_loss=0.0507  value_loss=0.3836
  update  17500/500000: consistency_loss=0.0005  pi_loss=-0.2885  reward_loss=0.0338  total_loss=0.0540  value_loss=0.4072
  update  18000/500000: consistency_loss=0.0005  pi_loss=-0.2838  reward_loss=0.0302  total_loss=0.0552  value_loss=0.4217
  update  18500/500000: consistency_loss=0.0005  pi_loss=-0.2745  reward_loss=0.0173  total_loss=0.0512  value_loss=0.4027
  update  19000/500000: consistency_loss=0.0004  pi_loss=-0.2677  reward_loss=0.0200  total_loss=0.0448  value_loss=0.3497
  update  19500/500000: consistency_loss=0.0005  pi_loss=-0.2883  reward_loss=0.0330  total_loss=0.0471  value_loss=0.3477
  update  20000/500000: consistency_loss=0.0004  pi_loss=-0.2832  reward_loss=0.0300  total_loss=0.0433  value_loss=0.3314
  update  20500/500000: consistency_loss=0.0004  pi_loss=-0.2976  reward_loss=0.0325  total_loss=0.0425  value_loss=0.3163
  update  21000/500000: consistency_loss=0.0004  pi_loss=-0.3054  reward_loss=0.0347  total_loss=0.0459  value_loss=0.3383
  update  21500/500000: consistency_loss=0.0004  pi_loss=-0.3268  reward_loss=0.0445  total_loss=0.0443  value_loss=0.3229
  update  22000/500000: consistency_loss=0.0004  pi_loss=-0.3246  reward_loss=0.0300  total_loss=0.0435  value_loss=0.3327
  update  22500/500000: consistency_loss=0.0003  pi_loss=-0.3373  reward_loss=0.0129  total_loss=0.0388  value_loss=0.3119
  update  23000/500000: consistency_loss=0.0004  pi_loss=-0.3675  reward_loss=0.0260  total_loss=0.0415  value_loss=0.3183
  update  23500/500000: consistency_loss=0.0003  pi_loss=-0.3913  reward_loss=0.0341  total_loss=0.0400  value_loss=0.3098
  update  24000/500000: consistency_loss=0.0003  pi_loss=-0.4358  reward_loss=0.0340  total_loss=0.0392  value_loss=0.2977
  update  24500/500000: consistency_loss=0.0003  pi_loss=-0.4509  reward_loss=0.0326  total_loss=0.0401  value_loss=0.3011
  update  25000/500000: consistency_loss=0.0003  pi_loss=-0.5033  reward_loss=0.0443  total_loss=0.0409  value_loss=0.3051
  update  25500/500000: consistency_loss=0.0003  pi_loss=-0.5187  reward_loss=0.0328  total_loss=0.0382  value_loss=0.2940
  update  26000/500000: consistency_loss=0.0003  pi_loss=-0.5197  reward_loss=0.0375  total_loss=0.0395  value_loss=0.2977
  update  26500/500000: consistency_loss=0.0003  pi_loss=-0.5418  reward_loss=0.0273  total_loss=0.0373  value_loss=0.2922
  update  27000/500000: consistency_loss=0.0003  pi_loss=-0.5663  reward_loss=0.0343  total_loss=0.0370  value_loss=0.2794
  update  27500/500000: consistency_loss=0.0003  pi_loss=-0.5602  reward_loss=0.0374  total_loss=0.0365  value_loss=0.2705
  update  28000/500000: consistency_loss=0.0003  pi_loss=-0.5607  reward_loss=0.0284  total_loss=0.0358  value_loss=0.2695
  update  28500/500000: consistency_loss=0.0003  pi_loss=-0.5507  reward_loss=0.0292  total_loss=0.0373  value_loss=0.2826
  update  29000/500000: consistency_loss=0.0003  pi_loss=-0.5173  reward_loss=0.0237  total_loss=0.0358  value_loss=0.2794
  update  29500/500000: consistency_loss=0.0002  pi_loss=-0.5230  reward_loss=0.0331  total_loss=0.0365  value_loss=0.2859
  update  30000/500000: consistency_loss=0.0002  pi_loss=-0.5225  reward_loss=0.0202  total_loss=0.0351  value_loss=0.2859
  update  30500/500000: consistency_loss=0.0002  pi_loss=-0.5279  reward_loss=0.0294  total_loss=0.0364  value_loss=0.2856
  update  31000/500000: consistency_loss=0.0002  pi_loss=-0.5448  reward_loss=0.0335  total_loss=0.0379  value_loss=0.2963
  update  31500/500000: consistency_loss=0.0003  pi_loss=-0.5644  reward_loss=0.0267  total_loss=0.0372  value_loss=0.2937
  update  32000/500000: consistency_loss=0.0002  pi_loss=-0.5718  reward_loss=0.0309  total_loss=0.0347  value_loss=0.2685
  update  32500/500000: consistency_loss=0.0002  pi_loss=-0.6224  reward_loss=0.0383  total_loss=0.0372  value_loss=0.2841
  update  33000/500000: consistency_loss=0.0003  pi_loss=-0.6268  reward_loss=0.0226  total_loss=0.0369  value_loss=0.2953
  update  33500/500000: consistency_loss=0.0002  pi_loss=-0.6699  reward_loss=0.0282  total_loss=0.0383  value_loss=0.3071
  update  34000/500000: consistency_loss=0.0002  pi_loss=-0.6479  reward_loss=0.0291  total_loss=0.0384  value_loss=0.3085
  update  34500/500000: consistency_loss=0.0002  pi_loss=-0.6668  reward_loss=0.0285  total_loss=0.0368  value_loss=0.2973
  update  35000/500000: consistency_loss=0.0002  pi_loss=-0.6556  reward_loss=0.0219  total_loss=0.0370  value_loss=0.3023
  update  35500/500000: consistency_loss=0.0002  pi_loss=-0.6532  reward_loss=0.0393  total_loss=0.0365  value_loss=0.2850
  update  36000/500000: consistency_loss=0.0002  pi_loss=-0.6306  reward_loss=0.0401  total_loss=0.0346  value_loss=0.2662
  update  36500/500000: consistency_loss=0.0002  pi_loss=-0.6089  reward_loss=0.0238  total_loss=0.0364  value_loss=0.2929
  update  37000/500000: consistency_loss=0.0002  pi_loss=-0.6064  reward_loss=0.0408  total_loss=0.0370  value_loss=0.2859
  update  37500/500000: consistency_loss=0.0002  pi_loss=-0.6167  reward_loss=0.0215  total_loss=0.0366  value_loss=0.3020
  update  38000/500000: consistency_loss=0.0002  pi_loss=-0.6201  reward_loss=0.0222  total_loss=0.0359  value_loss=0.2908
  update  38500/500000: consistency_loss=0.0002  pi_loss=-0.6304  reward_loss=0.0301  total_loss=0.0360  value_loss=0.2940
  update  39000/500000: consistency_loss=0.0002  pi_loss=-0.6620  reward_loss=0.0429  total_loss=0.0360  value_loss=0.2775
  update  39500/500000: consistency_loss=0.0002  pi_loss=-0.6813  reward_loss=0.0278  total_loss=0.0360  value_loss=0.2926
  update  40000/500000: consistency_loss=0.0002  pi_loss=-0.7098  reward_loss=0.0215  total_loss=0.0355  value_loss=0.2945
  update  40500/500000: consistency_loss=0.0002  pi_loss=-0.7019  reward_loss=0.0281  total_loss=0.0368  value_loss=0.3016
  update  41000/500000: consistency_loss=0.0002  pi_loss=-0.7251  reward_loss=0.0283  total_loss=0.0357  value_loss=0.2951
  update  41500/500000: consistency_loss=0.0002  pi_loss=-0.7350  reward_loss=0.0235  total_loss=0.0348  value_loss=0.2903
  update  42000/500000: consistency_loss=0.0002  pi_loss=-0.7623  reward_loss=0.0252  total_loss=0.0356  value_loss=0.2910
  update  42500/500000: consistency_loss=0.0002  pi_loss=-0.7772  reward_loss=0.0292  total_loss=0.0357  value_loss=0.2922
  update  43000/500000: consistency_loss=0.0002  pi_loss=-0.7865  reward_loss=0.0327  total_loss=0.0344  value_loss=0.2761
  update  43500/500000: consistency_loss=0.0002  pi_loss=-0.7782  reward_loss=0.0286  total_loss=0.0349  value_loss=0.2847
  update  44000/500000: consistency_loss=0.0002  pi_loss=-0.8049  reward_loss=0.0330  total_loss=0.0360  value_loss=0.2870
  update  44500/500000: consistency_loss=0.0002  pi_loss=-0.7998  reward_loss=0.0190  total_loss=0.0343  value_loss=0.2914
  update  45000/500000: consistency_loss=0.0002  pi_loss=-0.8042  reward_loss=0.0359  total_loss=0.0363  value_loss=0.2909
  update  45500/500000: consistency_loss=0.0002  pi_loss=-0.7965  reward_loss=0.0309  total_loss=0.0360  value_loss=0.2975
  update  46000/500000: consistency_loss=0.0002  pi_loss=-0.7844  reward_loss=0.0219  total_loss=0.0353  value_loss=0.3000
  update  46500/500000: consistency_loss=0.0002  pi_loss=-0.7921  reward_loss=0.0261  total_loss=0.0355  value_loss=0.2964
  update  47000/500000: consistency_loss=0.0002  pi_loss=-0.8198  reward_loss=0.0511  total_loss=0.0383  value_loss=0.2987
  update  47500/500000: consistency_loss=0.0002  pi_loss=-0.8161  reward_loss=0.0309  total_loss=0.0373  value_loss=0.3090
  update  48000/500000: consistency_loss=0.0002  pi_loss=-0.8276  reward_loss=0.0365  total_loss=0.0372  value_loss=0.2988
  update  48500/500000: consistency_loss=0.0002  pi_loss=-0.8177  reward_loss=0.0295  total_loss=0.0368  value_loss=0.3032
  update  49000/500000: consistency_loss=0.0002  pi_loss=-0.8363  reward_loss=0.0190  total_loss=0.0358  value_loss=0.3024
  update  49500/500000: consistency_loss=0.0002  pi_loss=-0.8602  reward_loss=0.0095  total_loss=0.0372  value_loss=0.3274
  update  50000/500000: consistency_loss=0.0002  pi_loss=-0.8956  reward_loss=0.0445  total_loss=0.0389  value_loss=0.3085
  update  50500/500000: consistency_loss=0.0002  pi_loss=-0.9260  reward_loss=0.0282  total_loss=0.0394  value_loss=0.3290
  update  51000/500000: consistency_loss=0.0002  pi_loss=-0.9587  reward_loss=0.0244  total_loss=0.0377  value_loss=0.3171
  update  51500/500000: consistency_loss=0.0002  pi_loss=-1.0003  reward_loss=0.0160  total_loss=0.0374  value_loss=0.3264
  update  52000/500000: consistency_loss=0.0002  pi_loss=-1.0346  reward_loss=0.0281  total_loss=0.0373  value_loss=0.3064
  update  52500/500000: consistency_loss=0.0002  pi_loss=-1.0424  reward_loss=0.0290  total_loss=0.0376  value_loss=0.3096
  update  53000/500000: consistency_loss=0.0002  pi_loss=-1.0526  reward_loss=0.0469  total_loss=0.0381  value_loss=0.3032
  update  53500/500000: consistency_loss=0.0001  pi_loss=-0.9845  reward_loss=0.0264  total_loss=0.0351  value_loss=0.2953
  update  54000/500000: consistency_loss=0.0002  pi_loss=-0.9709  reward_loss=0.0164  total_loss=0.0346  value_loss=0.2967
  update  54500/500000: consistency_loss=0.0002  pi_loss=-0.9329  reward_loss=0.0270  total_loss=0.0342  value_loss=0.2804
  update  55000/500000: consistency_loss=0.0001  pi_loss=-0.8737  reward_loss=0.0180  total_loss=0.0344  value_loss=0.2971
  update  55500/500000: consistency_loss=0.0001  pi_loss=-0.8287  reward_loss=0.0241  total_loss=0.0355  value_loss=0.3022
  update  56000/500000: consistency_loss=0.0002  pi_loss=-0.8070  reward_loss=0.0474  total_loss=0.0394  value_loss=0.3119
  update  56500/500000: consistency_loss=0.0002  pi_loss=-0.8003  reward_loss=0.0271  total_loss=0.0370  value_loss=0.3100
  update  57000/500000: consistency_loss=0.0001  pi_loss=-0.8210  reward_loss=0.0165  total_loss=0.0359  value_loss=0.3128
  update  57500/500000: consistency_loss=0.0002  pi_loss=-0.8220  reward_loss=0.0230  total_loss=0.0380  value_loss=0.3244
  update  58000/500000: consistency_loss=0.0002  pi_loss=-0.8473  reward_loss=0.0306  total_loss=0.0381  value_loss=0.3199
  update  58500/500000: consistency_loss=0.0002  pi_loss=-0.8523  reward_loss=0.0162  total_loss=0.0359  value_loss=0.3113
  update  59000/500000: consistency_loss=0.0002  pi_loss=-0.8716  reward_loss=0.0253  total_loss=0.0356  value_loss=0.2994
  update  59500/500000: consistency_loss=0.0002  pi_loss=-0.9183  reward_loss=0.0262  total_loss=0.0339  value_loss=0.2826
  update  60000/500000: consistency_loss=0.0001  pi_loss=-0.9509  reward_loss=0.0208  total_loss=0.0341  value_loss=0.2912
  update  60500/500000: consistency_loss=0.0001  pi_loss=-0.9671  reward_loss=0.0339  total_loss=0.0363  value_loss=0.3003
  update  61000/500000: consistency_loss=0.0002  pi_loss=-0.9760  reward_loss=0.0213  total_loss=0.0357  value_loss=0.3002
  update  61500/500000: consistency_loss=0.0002  pi_loss=-0.9662  reward_loss=0.0371  total_loss=0.0365  value_loss=0.2944
  update  62000/500000: consistency_loss=0.0002  pi_loss=-0.9236  reward_loss=0.0323  total_loss=0.0367  value_loss=0.3039
  update  62500/500000: consistency_loss=0.0002  pi_loss=-0.9033  reward_loss=0.0257  total_loss=0.0370  value_loss=0.3116
  update  63000/500000: consistency_loss=0.0001  pi_loss=-0.8997  reward_loss=0.0295  total_loss=0.0345  value_loss=0.2881
  update  63500/500000: consistency_loss=0.0002  pi_loss=-0.9054  reward_loss=0.0275  total_loss=0.0350  value_loss=0.2910
  update  64000/500000: consistency_loss=0.0001  pi_loss=-0.8677  reward_loss=0.0158  total_loss=0.0339  value_loss=0.2935
  update  64500/500000: consistency_loss=0.0001  pi_loss=-0.8899  reward_loss=0.0193  total_loss=0.0349  value_loss=0.3022
  update  65000/500000: consistency_loss=0.0001  pi_loss=-0.8966  reward_loss=0.0257  total_loss=0.0353  value_loss=0.2978
  update  65500/500000: consistency_loss=0.0001  pi_loss=-0.9118  reward_loss=0.0196  total_loss=0.0348  value_loss=0.2990
  update  66000/500000: consistency_loss=0.0001  pi_loss=-0.9420  reward_loss=0.0152  total_loss=0.0352  value_loss=0.3086
  update  66500/500000: consistency_loss=0.0001  pi_loss=-0.9478  reward_loss=0.0241  total_loss=0.0360  value_loss=0.3075
  update  67000/500000: consistency_loss=0.0001  pi_loss=-0.9647  reward_loss=0.0268  total_loss=0.0369  value_loss=0.3145
  update  67500/500000: consistency_loss=0.0001  pi_loss=-1.0026  reward_loss=0.0388  total_loss=0.0375  value_loss=0.3084
  update  68000/500000: consistency_loss=0.0001  pi_loss=-1.0367  reward_loss=0.0287  total_loss=0.0369  value_loss=0.3104
  update  68500/500000: consistency_loss=0.0002  pi_loss=-1.0544  reward_loss=0.0354  total_loss=0.0381  value_loss=0.3136
  update  69000/500000: consistency_loss=0.0001  pi_loss=-1.0709  reward_loss=0.0227  total_loss=0.0354  value_loss=0.3062
  update  69500/500000: consistency_loss=0.0001  pi_loss=-1.0688  reward_loss=0.0227  total_loss=0.0365  value_loss=0.3160
  update  70000/500000: consistency_loss=0.0002  pi_loss=-1.1086  reward_loss=0.0305  total_loss=0.0383  value_loss=0.3213
  update  70500/500000: consistency_loss=0.0001  pi_loss=-1.1073  reward_loss=0.0256  total_loss=0.0371  value_loss=0.3179
  update  71000/500000: consistency_loss=0.0001  pi_loss=-1.1220  reward_loss=0.0201  total_loss=0.0367  value_loss=0.3224
  update  71500/500000: consistency_loss=0.0001  pi_loss=-1.1491  reward_loss=0.0178  total_loss=0.0384  value_loss=0.3371
  update  72000/500000: consistency_loss=0.0001  pi_loss=-1.1392  reward_loss=0.0221  total_loss=0.0372  value_loss=0.3234
  update  72500/500000: consistency_loss=0.0001  pi_loss=-1.1254  reward_loss=0.0337  total_loss=0.0374  value_loss=0.3157
  update  73000/500000: consistency_loss=0.0002  pi_loss=-1.1422  reward_loss=0.0351  total_loss=0.0377  value_loss=0.3118
  update  73500/500000: consistency_loss=0.0001  pi_loss=-1.1360  reward_loss=0.0300  total_loss=0.0373  value_loss=0.3138
  update  74000/500000: consistency_loss=0.0001  pi_loss=-1.1171  reward_loss=0.0149  total_loss=0.0369  value_loss=0.3249
  update  74500/500000: consistency_loss=0.0002  pi_loss=-1.1172  reward_loss=0.0185  total_loss=0.0382  value_loss=0.3330
  update  75000/500000: consistency_loss=0.0001  pi_loss=-1.1128  reward_loss=0.0229  total_loss=0.0379  value_loss=0.3300
  update  75500/500000: consistency_loss=0.0001  pi_loss=-1.0819  reward_loss=0.0215  total_loss=0.0393  value_loss=0.3446
  update  76000/500000: consistency_loss=0.0001  pi_loss=-1.1024  reward_loss=0.0248  total_loss=0.0378  value_loss=0.3246
  update  76500/500000: consistency_loss=0.0002  pi_loss=-1.0998  reward_loss=0.0231  total_loss=0.0384  value_loss=0.3302
  update  77000/500000: consistency_loss=0.0001  pi_loss=-1.1035  reward_loss=0.0182  total_loss=0.0380  value_loss=0.3343
  update  77500/500000: consistency_loss=0.0001  pi_loss=-1.1183  reward_loss=0.0201  total_loss=0.0386  value_loss=0.3368
  update  78000/500000: consistency_loss=0.0001  pi_loss=-1.1221  reward_loss=0.0275  total_loss=0.0382  value_loss=0.3289
  update  78500/500000: consistency_loss=0.0001  pi_loss=-1.1345  reward_loss=0.0238  total_loss=0.0384  value_loss=0.3326
  update  79000/500000: consistency_loss=0.0001  pi_loss=-1.1556  reward_loss=0.0256  total_loss=0.0381  value_loss=0.3277
  update  79500/500000: consistency_loss=0.0001  pi_loss=-1.1484  reward_loss=0.0132  total_loss=0.0364  value_loss=0.3225
  update  80000/500000: consistency_loss=0.0001  pi_loss=-1.1626  reward_loss=0.0290  total_loss=0.0378  value_loss=0.3221
  update  80500/500000: consistency_loss=0.0001  pi_loss=-1.1282  reward_loss=0.0166  total_loss=0.0366  value_loss=0.3217
  update  81000/500000: consistency_loss=0.0001  pi_loss=-1.1034  reward_loss=0.0194  total_loss=0.0357  value_loss=0.3129
  update  81500/500000: consistency_loss=0.0001  pi_loss=-1.0660  reward_loss=0.0233  total_loss=0.0350  value_loss=0.3002
  update  82000/500000: consistency_loss=0.0001  pi_loss=-1.0625  reward_loss=0.0293  total_loss=0.0364  value_loss=0.3063
  update  82500/500000: consistency_loss=0.0001  pi_loss=-1.0574  reward_loss=0.0345  total_loss=0.0379  value_loss=0.3176
  update  83000/500000: consistency_loss=0.0001  pi_loss=-1.0756  reward_loss=0.0252  total_loss=0.0362  value_loss=0.3110
  update  83500/500000: consistency_loss=0.0001  pi_loss=-1.0914  reward_loss=0.0243  total_loss=0.0382  value_loss=0.3322
  update  84000/500000: consistency_loss=0.0001  pi_loss=-1.1019  reward_loss=0.0331  total_loss=0.0387  value_loss=0.3272
  update  84500/500000: consistency_loss=0.0001  pi_loss=-1.1416  reward_loss=0.0287  total_loss=0.0380  value_loss=0.3249
  update  85000/500000: consistency_loss=0.0001  pi_loss=-1.1500  reward_loss=0.0192  total_loss=0.0367  value_loss=0.3235
  update  85500/500000: consistency_loss=0.0001  pi_loss=-1.2206  reward_loss=0.0329  total_loss=0.0376  value_loss=0.3143
  update  86000/500000: consistency_loss=0.0001  pi_loss=-1.2390  reward_loss=0.0150  total_loss=0.0368  value_loss=0.3274
  update  86500/500000: consistency_loss=0.0001  pi_loss=-1.2170  reward_loss=0.0142  total_loss=0.0356  value_loss=0.3178
  update  87000/500000: consistency_loss=0.0001  pi_loss=-1.2302  reward_loss=0.0180  total_loss=0.0377  value_loss=0.3295
  update  87500/500000: consistency_loss=0.0001  pi_loss=-1.2461  reward_loss=0.0138  total_loss=0.0366  value_loss=0.3297
  update  88000/500000: consistency_loss=0.0001  pi_loss=-1.2892  reward_loss=0.0237  total_loss=0.0358  value_loss=0.3079
  update  88500/500000: consistency_loss=0.0001  pi_loss=-1.2848  reward_loss=0.0211  total_loss=0.0376  value_loss=0.3263
  update  89000/500000: consistency_loss=0.0001  pi_loss=-1.2964  reward_loss=0.0185  total_loss=0.0364  value_loss=0.3231
  update  89500/500000: consistency_loss=0.0001  pi_loss=-1.2397  reward_loss=0.0229  total_loss=0.0371  value_loss=0.3197
  update  90000/500000: consistency_loss=0.0001  pi_loss=-1.1892  reward_loss=0.0233  total_loss=0.0379  value_loss=0.3276
  update  90500/500000: consistency_loss=0.0001  pi_loss=-1.1653  reward_loss=0.0302  total_loss=0.0368  value_loss=0.3141
  update  91000/500000: consistency_loss=0.0002  pi_loss=-1.1677  reward_loss=0.0329  total_loss=0.0373  value_loss=0.3090
  update  91500/500000: consistency_loss=0.0001  pi_loss=-1.2048  reward_loss=0.0134  total_loss=0.0348  value_loss=0.3089
  update  92000/500000: consistency_loss=0.0001  pi_loss=-1.2323  reward_loss=0.0328  total_loss=0.0371  value_loss=0.3107
  update  92500/500000: consistency_loss=0.0001  pi_loss=-1.2184  reward_loss=0.0240  total_loss=0.0352  value_loss=0.3030
  update  93000/500000: consistency_loss=0.0001  pi_loss=-1.1851  reward_loss=0.0258  total_loss=0.0352  value_loss=0.3013
  update  93500/500000: consistency_loss=0.0001  pi_loss=-1.2122  reward_loss=0.0207  total_loss=0.0331  value_loss=0.2836
  update  94000/500000: consistency_loss=0.0002  pi_loss=-1.1849  reward_loss=0.0238  total_loss=0.0356  value_loss=0.3013
  update  94500/500000: consistency_loss=0.0001  pi_loss=-1.1764  reward_loss=0.0185  total_loss=0.0352  value_loss=0.3064
  update  95000/500000: consistency_loss=0.0001  pi_loss=-1.1280  reward_loss=0.0239  total_loss=0.0363  value_loss=0.3127
  update  95500/500000: consistency_loss=0.0001  pi_loss=-1.0901  reward_loss=0.0192  total_loss=0.0349  value_loss=0.3065
  update  96000/500000: consistency_loss=0.0001  pi_loss=-1.0800  reward_loss=0.0312  total_loss=0.0359  value_loss=0.3010
  update  96500/500000: consistency_loss=0.0001  pi_loss=-1.0752  reward_loss=0.0234  total_loss=0.0359  value_loss=0.3098
  update  97000/500000: consistency_loss=0.0001  pi_loss=-1.0474  reward_loss=0.0165  total_loss=0.0347  value_loss=0.3025
  update  97500/500000: consistency_loss=0.0001  pi_loss=-1.0506  reward_loss=0.0214  total_loss=0.0367  value_loss=0.3178
  update  98000/500000: consistency_loss=0.0001  pi_loss=-1.0605  reward_loss=0.0195  total_loss=0.0355  value_loss=0.3095
  update  98500/500000: consistency_loss=0.0001  pi_loss=-1.0816  reward_loss=0.0190  total_loss=0.0361  value_loss=0.3145
  update  99000/500000: consistency_loss=0.0002  pi_loss=-1.0889  reward_loss=0.0202  total_loss=0.0351  value_loss=0.3003
  update  99500/500000: consistency_loss=0.0001  pi_loss=-1.1063  reward_loss=0.0295  total_loss=0.0364  value_loss=0.3078
  update 100000/500000: consistency_loss=0.0001  pi_loss=-1.1140  reward_loss=0.0211  total_loss=0.0352  value_loss=0.3078
Saved checkpoint at update 100000
  update 100500/500000: consistency_loss=0.0001  pi_loss=-1.1018  reward_loss=0.0110  total_loss=0.0339  value_loss=0.3004
  update 101000/500000: consistency_loss=0.0002  pi_loss=-1.1328  reward_loss=0.0193  total_loss=0.0365  value_loss=0.3149
  update 101500/500000: consistency_loss=0.0001  pi_loss=-1.1348  reward_loss=0.0199  total_loss=0.0358  value_loss=0.3139
  update 102000/500000: consistency_loss=0.0001  pi_loss=-1.0855  reward_loss=0.0256  total_loss=0.0353  value_loss=0.3033
  update 102500/500000: consistency_loss=0.0001  pi_loss=-1.0842  reward_loss=0.0226  total_loss=0.0344  value_loss=0.2959
  update 103000/500000: consistency_loss=0.0001  pi_loss=-1.0477  reward_loss=0.0213  total_loss=0.0353  value_loss=0.3072
  update 103500/500000: consistency_loss=0.0001  pi_loss=-1.0336  reward_loss=0.0221  total_loss=0.0353  value_loss=0.3072
  update 104000/500000: consistency_loss=0.0001  pi_loss=-1.0107  reward_loss=0.0168  total_loss=0.0357  value_loss=0.3115
  update 104500/500000: consistency_loss=0.0001  pi_loss=-1.0357  reward_loss=0.0215  total_loss=0.0346  value_loss=0.2982
  update 105000/500000: consistency_loss=0.0001  pi_loss=-1.0222  reward_loss=0.0222  total_loss=0.0352  value_loss=0.3048
  update 105500/500000: consistency_loss=0.0001  pi_loss=-0.9969  reward_loss=0.0153  total_loss=0.0348  value_loss=0.3102
  update 106000/500000: consistency_loss=0.0001  pi_loss=-1.0138  reward_loss=0.0309  total_loss=0.0372  value_loss=0.3149
  update 106500/500000: consistency_loss=0.0001  pi_loss=-0.9946  reward_loss=0.0219  total_loss=0.0345  value_loss=0.3007
  update 107000/500000: consistency_loss=0.0001  pi_loss=-0.9771  reward_loss=0.0219  total_loss=0.0342  value_loss=0.2976
  update 107500/500000: consistency_loss=0.0001  pi_loss=-1.0131  reward_loss=0.0272  total_loss=0.0357  value_loss=0.3079
  update 108000/500000: consistency_loss=0.0001  pi_loss=-1.0166  reward_loss=0.0285  total_loss=0.0354  value_loss=0.2964
  update 108500/500000: consistency_loss=0.0001  pi_loss=-1.0173  reward_loss=0.0153  total_loss=0.0342  value_loss=0.3018
  update 109000/500000: consistency_loss=0.0001  pi_loss=-1.0483  reward_loss=0.0185  total_loss=0.0348  value_loss=0.3060
  update 109500/500000: consistency_loss=0.0002  pi_loss=-1.0461  reward_loss=0.0305  total_loss=0.0358  value_loss=0.2973
  update 110000/500000: consistency_loss=0.0001  pi_loss=-1.0783  reward_loss=0.0336  total_loss=0.0364  value_loss=0.3060
  update 110500/500000: consistency_loss=0.0001  pi_loss=-1.0619  reward_loss=0.0230  total_loss=0.0356  value_loss=0.3048
  update 111000/500000: consistency_loss=0.0001  pi_loss=-1.0706  reward_loss=0.0328  total_loss=0.0356  value_loss=0.2987
  update 111500/500000: consistency_loss=0.0001  pi_loss=-1.0388  reward_loss=0.0150  total_loss=0.0336  value_loss=0.2984
  update 112000/500000: consistency_loss=0.0001  pi_loss=-1.0302  reward_loss=0.0294  total_loss=0.0355  value_loss=0.3043
  update 112500/500000: consistency_loss=0.0001  pi_loss=-1.0108  reward_loss=0.0167  total_loss=0.0337  value_loss=0.2977
  update 113000/500000: consistency_loss=0.0001  pi_loss=-1.0168  reward_loss=0.0230  total_loss=0.0356  value_loss=0.3104
  update 113500/500000: consistency_loss=0.0001  pi_loss=-1.0256  reward_loss=0.0314  total_loss=0.0356  value_loss=0.2989
  update 114000/500000: consistency_loss=0.0001  pi_loss=-1.0217  reward_loss=0.0316  total_loss=0.0337  value_loss=0.2831
  update 114500/500000: consistency_loss=0.0001  pi_loss=-1.0286  reward_loss=0.0303  total_loss=0.0345  value_loss=0.2940
  update 115000/500000: consistency_loss=0.0001  pi_loss=-1.0416  reward_loss=0.0152  total_loss=0.0337  value_loss=0.2966
  update 115500/500000: consistency_loss=0.0001  pi_loss=-1.0492  reward_loss=0.0199  total_loss=0.0330  value_loss=0.2879
  update 116000/500000: consistency_loss=0.0001  pi_loss=-1.0681  reward_loss=0.0186  total_loss=0.0323  value_loss=0.2813
  update 116500/500000: consistency_loss=0.0001  pi_loss=-1.0791  reward_loss=0.0313  total_loss=0.0342  value_loss=0.2871
  update 117000/500000: consistency_loss=0.0001  pi_loss=-1.0948  reward_loss=0.0216  total_loss=0.0334  value_loss=0.2858
  update 117500/500000: consistency_loss=0.0001  pi_loss=-1.1311  reward_loss=0.0309  total_loss=0.0354  value_loss=0.3004
  update 118000/500000: consistency_loss=0.0001  pi_loss=-1.1347  reward_loss=0.0195  total_loss=0.0355  value_loss=0.3124
  update 118500/500000: consistency_loss=0.0001  pi_loss=-1.1616  reward_loss=0.0302  total_loss=0.0366  value_loss=0.3097
  update 119000/500000: consistency_loss=0.0001  pi_loss=-1.1605  reward_loss=0.0201  total_loss=0.0362  value_loss=0.3171
  update 119500/500000: consistency_loss=0.0001  pi_loss=-1.1703  reward_loss=0.0343  total_loss=0.0384  value_loss=0.3249
  update 120000/500000: consistency_loss=0.0001  pi_loss=-1.1552  reward_loss=0.0194  total_loss=0.0366  value_loss=0.3241
  update 120500/500000: consistency_loss=0.0001  pi_loss=-1.1257  reward_loss=0.0218  total_loss=0.0363  value_loss=0.3202
  update 121000/500000: consistency_loss=0.0001  pi_loss=-1.1008  reward_loss=0.0213  total_loss=0.0358  value_loss=0.3114
  update 121500/500000: consistency_loss=0.0001  pi_loss=-1.0943  reward_loss=0.0313  total_loss=0.0376  value_loss=0.3153
  update 122000/500000: consistency_loss=0.0001  pi_loss=-1.0411  reward_loss=0.0255  total_loss=0.0357  value_loss=0.3104
  update 122500/500000: consistency_loss=0.0001  pi_loss=-1.0563  reward_loss=0.0279  total_loss=0.0360  value_loss=0.3096
  update 123000/500000: consistency_loss=0.0001  pi_loss=-1.0319  reward_loss=0.0280  total_loss=0.0356  value_loss=0.3044
  update 123500/500000: consistency_loss=0.0001  pi_loss=-1.0300  reward_loss=0.0198  total_loss=0.0350  value_loss=0.3106
  update 124000/500000: consistency_loss=0.0001  pi_loss=-1.0326  reward_loss=0.0287  total_loss=0.0366  value_loss=0.3130
  update 124500/500000: consistency_loss=0.0001  pi_loss=-1.0113  reward_loss=0.0194  total_loss=0.0342  value_loss=0.3014
  update 125000/500000: consistency_loss=0.0001  pi_loss=-1.0102  reward_loss=0.0306  total_loss=0.0364  value_loss=0.3048
  update 125500/500000: consistency_loss=0.0001  pi_loss=-1.0187  reward_loss=0.0251  total_loss=0.0361  value_loss=0.3111
  update 126000/500000: consistency_loss=0.0001  pi_loss=-1.0193  reward_loss=0.0152  total_loss=0.0348  value_loss=0.3115
  update 126500/500000: consistency_loss=0.0001  pi_loss=-1.0066  reward_loss=0.0166  total_loss=0.0343  value_loss=0.3047
  update 127000/500000: consistency_loss=0.0001  pi_loss=-1.0096  reward_loss=0.0213  total_loss=0.0351  value_loss=0.3067
  update 127500/500000: consistency_loss=0.0001  pi_loss=-1.0208  reward_loss=0.0217  total_loss=0.0361  value_loss=0.3178
  update 128000/500000: consistency_loss=0.0001  pi_loss=-1.0209  reward_loss=0.0144  total_loss=0.0350  value_loss=0.3140
  update 128500/500000: consistency_loss=0.0001  pi_loss=-1.0105  reward_loss=0.0219  total_loss=0.0363  value_loss=0.3177
  update 129000/500000: consistency_loss=0.0001  pi_loss=-1.0170  reward_loss=0.0170  total_loss=0.0355  value_loss=0.3168
  update 129500/500000: consistency_loss=0.0001  pi_loss=-1.0560  reward_loss=0.0281  total_loss=0.0365  value_loss=0.3156
  update 130000/500000: consistency_loss=0.0001  pi_loss=-1.0468  reward_loss=0.0305  total_loss=0.0369  value_loss=0.3144
  update 130500/500000: consistency_loss=0.0001  pi_loss=-1.0671  reward_loss=0.0381  total_loss=0.0372  value_loss=0.3109
  update 131000/500000: consistency_loss=0.0001  pi_loss=-1.0584  reward_loss=0.0308  total_loss=0.0361  value_loss=0.3090
  update 131500/500000: consistency_loss=0.0001  pi_loss=-1.0391  reward_loss=0.0380  total_loss=0.0380  value_loss=0.3142
  update 132000/500000: consistency_loss=0.0001  pi_loss=-1.0240  reward_loss=0.0146  total_loss=0.0337  value_loss=0.3043
  update 132500/500000: consistency_loss=0.0001  pi_loss=-1.0212  reward_loss=0.0216  total_loss=0.0373  value_loss=0.3274
  update 133000/500000: consistency_loss=0.0001  pi_loss=-0.9996  reward_loss=0.0240  total_loss=0.0369  value_loss=0.3259
  update 133500/500000: consistency_loss=0.0001  pi_loss=-0.9678  reward_loss=0.0126  total_loss=0.0350  value_loss=0.3122
  update 134000/500000: consistency_loss=0.0001  pi_loss=-0.9631  reward_loss=0.0109  total_loss=0.0348  value_loss=0.3149
  update 134500/500000: consistency_loss=0.0001  pi_loss=-0.9858  reward_loss=0.0313  total_loss=0.0374  value_loss=0.3194
  update 135000/500000: consistency_loss=0.0001  pi_loss=-0.9785  reward_loss=0.0181  total_loss=0.0366  value_loss=0.3257
  update 135500/500000: consistency_loss=0.0001  pi_loss=-0.9891  reward_loss=0.0350  total_loss=0.0380  value_loss=0.3249
  update 136000/500000: consistency_loss=0.0001  pi_loss=-1.0073  reward_loss=0.0237  total_loss=0.0365  value_loss=0.3197
  update 136500/500000: consistency_loss=0.0001  pi_loss=-1.0188  reward_loss=0.0218  total_loss=0.0370  value_loss=0.3278
  update 137000/500000: consistency_loss=0.0001  pi_loss=-1.0176  reward_loss=0.0377  total_loss=0.0380  value_loss=0.3194
  update 137500/500000: consistency_loss=0.0001  pi_loss=-1.0009  reward_loss=0.0336  total_loss=0.0381  value_loss=0.3273
  update 138000/500000: consistency_loss=0.0001  pi_loss=-1.0008  reward_loss=0.0246  total_loss=0.0373  value_loss=0.3277
  update 138500/500000: consistency_loss=0.0001  pi_loss=-0.9779  reward_loss=0.0246  total_loss=0.0374  value_loss=0.3281
  update 139000/500000: consistency_loss=0.0001  pi_loss=-0.9636  reward_loss=0.0200  total_loss=0.0374  value_loss=0.3335
  update 139500/500000: consistency_loss=0.0001  pi_loss=-0.9517  reward_loss=0.0151  total_loss=0.0362  value_loss=0.3281
  update 140000/500000: consistency_loss=0.0001  pi_loss=-0.9802  reward_loss=0.0378  total_loss=0.0382  value_loss=0.3226
  update 140500/500000: consistency_loss=0.0001  pi_loss=-0.9392  reward_loss=0.0239  total_loss=0.0361  value_loss=0.3167
  update 141000/500000: consistency_loss=0.0001  pi_loss=-0.9439  reward_loss=0.0193  total_loss=0.0372  value_loss=0.3312
  update 141500/500000: consistency_loss=0.0001  pi_loss=-0.9660  reward_loss=0.0272  total_loss=0.0366  value_loss=0.3195
  update 142000/500000: consistency_loss=0.0001  pi_loss=-0.9550  reward_loss=0.0208  total_loss=0.0368  value_loss=0.3234
  update 142500/500000: consistency_loss=0.0001  pi_loss=-0.9604  reward_loss=0.0186  total_loss=0.0362  value_loss=0.3226
  update 143000/500000: consistency_loss=0.0001  pi_loss=-0.9506  reward_loss=0.0158  total_loss=0.0365  value_loss=0.3300
  update 143500/500000: consistency_loss=0.0001  pi_loss=-0.9564  reward_loss=0.0210  total_loss=0.0355  value_loss=0.3149
  update 144000/500000: consistency_loss=0.0001  pi_loss=-0.9182  reward_loss=0.0271  total_loss=0.0377  value_loss=0.3262
  update 144500/500000: consistency_loss=0.0001  pi_loss=-0.9264  reward_loss=0.0182  total_loss=0.0362  value_loss=0.3229
  update 145000/500000: consistency_loss=0.0001  pi_loss=-0.9271  reward_loss=0.0329  total_loss=0.0390  value_loss=0.3335
  update 145500/500000: consistency_loss=0.0001  pi_loss=-0.9244  reward_loss=0.0231  total_loss=0.0375  value_loss=0.3321
  update 146000/500000: consistency_loss=0.0001  pi_loss=-0.9081  reward_loss=0.0284  total_loss=0.0381  value_loss=0.3323
  update 146500/500000: consistency_loss=0.0001  pi_loss=-0.9132  reward_loss=0.0190  total_loss=0.0370  value_loss=0.3281
  update 147000/500000: consistency_loss=0.0001  pi_loss=-0.9170  reward_loss=0.0199  total_loss=0.0377  value_loss=0.3332
  update 147500/500000: consistency_loss=0.0001  pi_loss=-0.9268  reward_loss=0.0197  total_loss=0.0361  value_loss=0.3210
  update 148000/500000: consistency_loss=0.0001  pi_loss=-0.9241  reward_loss=0.0217  total_loss=0.0367  value_loss=0.3246
  update 148500/500000: consistency_loss=0.0001  pi_loss=-0.9313  reward_loss=0.0217  total_loss=0.0358  value_loss=0.3188
  update 149000/500000: consistency_loss=0.0001  pi_loss=-0.9471  reward_loss=0.0256  total_loss=0.0378  value_loss=0.3310
  update 149500/500000: consistency_loss=0.0001  pi_loss=-0.9476  reward_loss=0.0207  total_loss=0.0371  value_loss=0.3314
  update 150000/500000: consistency_loss=0.0001  pi_loss=-0.9512  reward_loss=0.0185  total_loss=0.0361  value_loss=0.3250
  update 150500/500000: consistency_loss=0.0001  pi_loss=-0.9413  reward_loss=0.0283  total_loss=0.0365  value_loss=0.3139
  update 151000/500000: consistency_loss=0.0001  pi_loss=-0.9337  reward_loss=0.0220  total_loss=0.0373  value_loss=0.3309
  update 151500/500000: consistency_loss=0.0001  pi_loss=-0.9208  reward_loss=0.0159  total_loss=0.0345  value_loss=0.3103
  update 152000/500000: consistency_loss=0.0001  pi_loss=-0.8988  reward_loss=0.0285  total_loss=0.0352  value_loss=0.3045
  update 152500/500000: consistency_loss=0.0001  pi_loss=-0.8849  reward_loss=0.0197  total_loss=0.0351  value_loss=0.3117
  update 153000/500000: consistency_loss=0.0001  pi_loss=-0.8951  reward_loss=0.0172  total_loss=0.0372  value_loss=0.3325
  update 153500/500000: consistency_loss=0.0001  pi_loss=-0.8936  reward_loss=0.0114  total_loss=0.0353  value_loss=0.3219
  update 154000/500000: consistency_loss=0.0001  pi_loss=-0.9150  reward_loss=0.0253  total_loss=0.0375  value_loss=0.3259
  update 154500/500000: consistency_loss=0.0001  pi_loss=-0.9096  reward_loss=0.0255  total_loss=0.0371  value_loss=0.3227
  update 155000/500000: consistency_loss=0.0001  pi_loss=-0.9038  reward_loss=0.0150  total_loss=0.0356  value_loss=0.3231
  update 155500/500000: consistency_loss=0.0001  pi_loss=-0.9023  reward_loss=0.0194  total_loss=0.0357  value_loss=0.3156
  update 156000/500000: consistency_loss=0.0001  pi_loss=-0.9270  reward_loss=0.0213  total_loss=0.0358  value_loss=0.3167
  update 156500/500000: consistency_loss=0.0001  pi_loss=-0.9414  reward_loss=0.0191  total_loss=0.0353  value_loss=0.3128
  update 157000/500000: consistency_loss=0.0001  pi_loss=-0.9806  reward_loss=0.0196  total_loss=0.0353  value_loss=0.3144
  update 157500/500000: consistency_loss=0.0001  pi_loss=-0.9990  reward_loss=0.0218  total_loss=0.0355  value_loss=0.3134
  update 158000/500000: consistency_loss=0.0001  pi_loss=-0.9866  reward_loss=0.0187  total_loss=0.0346  value_loss=0.3065
  update 158500/500000: consistency_loss=0.0001  pi_loss=-0.9793  reward_loss=0.0215  total_loss=0.0354  value_loss=0.3087
  update 159000/500000: consistency_loss=0.0001  pi_loss=-0.9864  reward_loss=0.0248  total_loss=0.0353  value_loss=0.3082
  update 159500/500000: consistency_loss=0.0001  pi_loss=-0.9841  reward_loss=0.0242  total_loss=0.0344  value_loss=0.2993
  update 160000/500000: consistency_loss=0.0001  pi_loss=-0.9692  reward_loss=0.0217  total_loss=0.0342  value_loss=0.3028
  update 160500/500000: consistency_loss=0.0001  pi_loss=-0.9639  reward_loss=0.0196  total_loss=0.0328  value_loss=0.2904
  update 161000/500000: consistency_loss=0.0001  pi_loss=-0.9713  reward_loss=0.0238  total_loss=0.0356  value_loss=0.3107
  update 161500/500000: consistency_loss=0.0001  pi_loss=-0.9668  reward_loss=0.0223  total_loss=0.0365  value_loss=0.3239
  update 162000/500000: consistency_loss=0.0001  pi_loss=-1.0007  reward_loss=0.0233  total_loss=0.0372  value_loss=0.3279
  update 162500/500000: consistency_loss=0.0001  pi_loss=-1.0050  reward_loss=0.0261  total_loss=0.0373  value_loss=0.3280
  update 163000/500000: consistency_loss=0.0001  pi_loss=-0.9944  reward_loss=0.0104  total_loss=0.0365  value_loss=0.3361
  update 163500/500000: consistency_loss=0.0001  pi_loss=-0.9849  reward_loss=0.0260  total_loss=0.0374  value_loss=0.3253
  update 164000/500000: consistency_loss=0.0001  pi_loss=-0.9700  reward_loss=0.0222  total_loss=0.0361  value_loss=0.3207
  update 164500/500000: consistency_loss=0.0001  pi_loss=-0.9612  reward_loss=0.0294  total_loss=0.0375  value_loss=0.3273
  update 165000/500000: consistency_loss=0.0001  pi_loss=-0.9504  reward_loss=0.0276  total_loss=0.0358  value_loss=0.3105
  update 165500/500000: consistency_loss=0.0001  pi_loss=-0.9215  reward_loss=0.0209  total_loss=0.0348  value_loss=0.3082
  update 166000/500000: consistency_loss=0.0001  pi_loss=-0.9531  reward_loss=0.0210  total_loss=0.0365  value_loss=0.3229
  update 166500/500000: consistency_loss=0.0001  pi_loss=-0.9402  reward_loss=0.0239  total_loss=0.0363  value_loss=0.3197
  update 167000/500000: consistency_loss=0.0001  pi_loss=-0.9702  reward_loss=0.0086  total_loss=0.0352  value_loss=0.3229
  update 167500/500000: consistency_loss=0.0001  pi_loss=-1.0041  reward_loss=0.0160  total_loss=0.0363  value_loss=0.3289
  update 168000/500000: consistency_loss=0.0001  pi_loss=-1.0383  reward_loss=0.0350  total_loss=0.0374  value_loss=0.3202
  update 168500/500000: consistency_loss=0.0001  pi_loss=-1.0756  reward_loss=0.0364  total_loss=0.0388  value_loss=0.3310
  update 169000/500000: consistency_loss=0.0001  pi_loss=-1.0507  reward_loss=0.0258  total_loss=0.0383  value_loss=0.3368
  update 169500/500000: consistency_loss=0.0001  pi_loss=-1.0559  reward_loss=0.0163  total_loss=0.0362  value_loss=0.3277
  update 170000/500000: consistency_loss=0.0001  pi_loss=-1.0604  reward_loss=0.0159  total_loss=0.0360  value_loss=0.3213
  update 170500/500000: consistency_loss=0.0001  pi_loss=-1.0829  reward_loss=0.0273  total_loss=0.0364  value_loss=0.3144
  update 171000/500000: consistency_loss=0.0001  pi_loss=-1.0683  reward_loss=0.0218  total_loss=0.0348  value_loss=0.3060
  update 171500/500000: consistency_loss=0.0001  pi_loss=-1.0978  reward_loss=0.0293  total_loss=0.0368  value_loss=0.3179
  update 172000/500000: consistency_loss=0.0001  pi_loss=-1.0699  reward_loss=0.0167  total_loss=0.0338  value_loss=0.2991
  update 172500/500000: consistency_loss=0.0001  pi_loss=-1.0954  reward_loss=0.0336  total_loss=0.0368  value_loss=0.3182
  update 173000/500000: consistency_loss=0.0001  pi_loss=-1.0626  reward_loss=0.0226  total_loss=0.0348  value_loss=0.3059
  update 173500/500000: consistency_loss=0.0001  pi_loss=-1.0756  reward_loss=0.0337  total_loss=0.0361  value_loss=0.3061
  update 174000/500000: consistency_loss=0.0001  pi_loss=-1.0810  reward_loss=0.0210  total_loss=0.0357  value_loss=0.3171
  update 174500/500000: consistency_loss=0.0001  pi_loss=-1.0971  reward_loss=0.0192  total_loss=0.0349  value_loss=0.3106
  update 175000/500000: consistency_loss=0.0001  pi_loss=-1.0811  reward_loss=0.0234  total_loss=0.0349  value_loss=0.3099
  update 175500/500000: consistency_loss=0.0001  pi_loss=-1.0917  reward_loss=0.0213  total_loss=0.0355  value_loss=0.3076
  update 176000/500000: consistency_loss=0.0001  pi_loss=-1.0982  reward_loss=0.0098  total_loss=0.0349  value_loss=0.3133
  update 176500/500000: consistency_loss=0.0001  pi_loss=-1.1064  reward_loss=0.0203  total_loss=0.0349  value_loss=0.3105
  update 177000/500000: consistency_loss=0.0001  pi_loss=-1.1120  reward_loss=0.0312  total_loss=0.0361  value_loss=0.3077
  update 177500/500000: consistency_loss=0.0001  pi_loss=-1.0853  reward_loss=0.0209  total_loss=0.0344  value_loss=0.3028
  update 178000/500000: consistency_loss=0.0001  pi_loss=-1.0995  reward_loss=0.0258  total_loss=0.0359  value_loss=0.3146
  update 178500/500000: consistency_loss=0.0001  pi_loss=-1.1166  reward_loss=0.0328  total_loss=0.0355  value_loss=0.3016
  update 179000/500000: consistency_loss=0.0001  pi_loss=-1.1137  reward_loss=0.0187  total_loss=0.0353  value_loss=0.3128
  update 179500/500000: consistency_loss=0.0001  pi_loss=-1.1364  reward_loss=0.0266  total_loss=0.0360  value_loss=0.3174
  update 180000/500000: consistency_loss=0.0001  pi_loss=-1.1146  reward_loss=0.0154  total_loss=0.0358  value_loss=0.3254
  update 180500/500000: consistency_loss=0.0001  pi_loss=-1.0978  reward_loss=0.0366  total_loss=0.0373  value_loss=0.3149
  update 181000/500000: consistency_loss=0.0001  pi_loss=-1.0850  reward_loss=0.0317  total_loss=0.0371  value_loss=0.3185
  update 181500/500000: consistency_loss=0.0001  pi_loss=-1.0800  reward_loss=0.0155  total_loss=0.0326  value_loss=0.2921
  update 182000/500000: consistency_loss=0.0001  pi_loss=-1.0664  reward_loss=0.0296  total_loss=0.0370  value_loss=0.3154
  update 182500/500000: consistency_loss=0.0001  pi_loss=-1.0801  reward_loss=0.0225  total_loss=0.0350  value_loss=0.3110
  update 183000/500000: consistency_loss=0.0001  pi_loss=-1.0826  reward_loss=0.0214  total_loss=0.0357  value_loss=0.3194
  update 183500/500000: consistency_loss=0.0001  pi_loss=-1.0976  reward_loss=0.0262  total_loss=0.0362  value_loss=0.3171
  update 184000/500000: consistency_loss=0.0001  pi_loss=-1.1012  reward_loss=0.0208  total_loss=0.0358  value_loss=0.3157
  update 184500/500000: consistency_loss=0.0001  pi_loss=-1.1014  reward_loss=0.0219  total_loss=0.0357  value_loss=0.3147
  update 185000/500000: consistency_loss=0.0001  pi_loss=-1.0981  reward_loss=0.0229  total_loss=0.0349  value_loss=0.3067
  update 185500/500000: consistency_loss=0.0001  pi_loss=-1.1280  reward_loss=0.0238  total_loss=0.0369  value_loss=0.3262
  update 186000/500000: consistency_loss=0.0001  pi_loss=-1.1223  reward_loss=0.0174  total_loss=0.0343  value_loss=0.3051
  update 186500/500000: consistency_loss=0.0001  pi_loss=-1.1182  reward_loss=0.0200  total_loss=0.0338  value_loss=0.3020
  update 187000/500000: consistency_loss=0.0001  pi_loss=-1.1335  reward_loss=0.0263  total_loss=0.0350  value_loss=0.3044
  update 187500/500000: consistency_loss=0.0001  pi_loss=-1.1591  reward_loss=0.0311  total_loss=0.0369  value_loss=0.3176
  update 188000/500000: consistency_loss=0.0001  pi_loss=-1.1256  reward_loss=0.0233  total_loss=0.0363  value_loss=0.3167
  update 188500/500000: consistency_loss=0.0001  pi_loss=-1.1306  reward_loss=0.0254  total_loss=0.0359  value_loss=0.3157
  update 189000/500000: consistency_loss=0.0001  pi_loss=-1.1395  reward_loss=0.0230  total_loss=0.0344  value_loss=0.3039
  update 189500/500000: consistency_loss=0.0001  pi_loss=-1.1199  reward_loss=0.0204  total_loss=0.0343  value_loss=0.3058
  update 190000/500000: consistency_loss=0.0001  pi_loss=-1.1193  reward_loss=0.0219  total_loss=0.0352  value_loss=0.3118
  update 190500/500000: consistency_loss=0.0001  pi_loss=-1.1182  reward_loss=0.0246  total_loss=0.0338  value_loss=0.2930
  update 191000/500000: consistency_loss=0.0001  pi_loss=-1.1223  reward_loss=0.0237  total_loss=0.0338  value_loss=0.2931
  update 191500/500000: consistency_loss=0.0001  pi_loss=-1.0986  reward_loss=0.0165  total_loss=0.0339  value_loss=0.3042
  update 192000/500000: consistency_loss=0.0001  pi_loss=-1.1094  reward_loss=0.0311  total_loss=0.0362  value_loss=0.3109
  update 192500/500000: consistency_loss=0.0001  pi_loss=-1.0778  reward_loss=0.0213  total_loss=0.0354  value_loss=0.3145
  update 193000/500000: consistency_loss=0.0001  pi_loss=-1.0956  reward_loss=0.0230  total_loss=0.0352  value_loss=0.3090
  update 193500/500000: consistency_loss=0.0001  pi_loss=-1.0905  reward_loss=0.0280  total_loss=0.0352  value_loss=0.3061
  update 194000/500000: consistency_loss=0.0001  pi_loss=-1.0992  reward_loss=0.0268  total_loss=0.0359  value_loss=0.3096
  update 194500/500000: consistency_loss=0.0001  pi_loss=-1.1276  reward_loss=0.0174  total_loss=0.0353  value_loss=0.3135
  update 195000/500000: consistency_loss=0.0001  pi_loss=-1.1017  reward_loss=0.0178  total_loss=0.0345  value_loss=0.3074
  update 195500/500000: consistency_loss=0.0001  pi_loss=-1.1152  reward_loss=0.0203  total_loss=0.0342  value_loss=0.3032
  update 196000/500000: consistency_loss=0.0001  pi_loss=-1.1077  reward_loss=0.0169  total_loss=0.0348  value_loss=0.3129
  update 196500/500000: consistency_loss=0.0001  pi_loss=-1.1197  reward_loss=0.0087  total_loss=0.0342  value_loss=0.3129
  update 197000/500000: consistency_loss=0.0001  pi_loss=-1.0841  reward_loss=0.0104  total_loss=0.0342  value_loss=0.3096
  update 197500/500000: consistency_loss=0.0001  pi_loss=-1.1243  reward_loss=0.0307  total_loss=0.0352  value_loss=0.3016
  update 198000/500000: consistency_loss=0.0001  pi_loss=-1.1263  reward_loss=0.0218  total_loss=0.0341  value_loss=0.2999
  update 198500/500000: consistency_loss=0.0001  pi_loss=-1.1267  reward_loss=0.0198  total_loss=0.0342  value_loss=0.3025
  update 199000/500000: consistency_loss=0.0001  pi_loss=-1.1309  reward_loss=0.0184  total_loss=0.0342  value_loss=0.3039
  update 199500/500000: consistency_loss=0.0001  pi_loss=-1.1227  reward_loss=0.0226  total_loss=0.0338  value_loss=0.2964
  update 200000/500000: consistency_loss=0.0001  pi_loss=-1.1177  reward_loss=0.0208  total_loss=0.0348  value_loss=0.3121
Saved checkpoint at update 200000
  update 200500/500000: consistency_loss=0.0001  pi_loss=-1.1087  reward_loss=0.0310  total_loss=0.0355  value_loss=0.3054
  update 201000/500000: consistency_loss=0.0001  pi_loss=-1.1075  reward_loss=0.0201  total_loss=0.0349  value_loss=0.3101
  update 201500/500000: consistency_loss=0.0001  pi_loss=-1.1085  reward_loss=0.0169  total_loss=0.0335  value_loss=0.3007
  update 202000/500000: consistency_loss=0.0001  pi_loss=-1.1037  reward_loss=0.0190  total_loss=0.0344  value_loss=0.3066
  update 202500/500000: consistency_loss=0.0001  pi_loss=-1.1299  reward_loss=0.0267  total_loss=0.0357  value_loss=0.3078
  update 203000/500000: consistency_loss=0.0001  pi_loss=-1.1302  reward_loss=0.0113  total_loss=0.0343  value_loss=0.3120
  update 203500/500000: consistency_loss=0.0001  pi_loss=-1.1409  reward_loss=0.0238  total_loss=0.0348  value_loss=0.3044
  update 204000/500000: consistency_loss=0.0001  pi_loss=-1.1759  reward_loss=0.0217  total_loss=0.0334  value_loss=0.2962
  update 204500/500000: consistency_loss=0.0001  pi_loss=-1.1802  reward_loss=0.0284  total_loss=0.0342  value_loss=0.2984
  update 205000/500000: consistency_loss=0.0001  pi_loss=-1.1922  reward_loss=0.0188  total_loss=0.0335  value_loss=0.3005
  update 205500/500000: consistency_loss=0.0001  pi_loss=-1.2077  reward_loss=0.0178  total_loss=0.0327  value_loss=0.2926
  update 206000/500000: consistency_loss=0.0001  pi_loss=-1.1968  reward_loss=0.0322  total_loss=0.0355  value_loss=0.3014
  update 206500/500000: consistency_loss=0.0001  pi_loss=-1.1825  reward_loss=0.0139  total_loss=0.0334  value_loss=0.3034
  update 207000/500000: consistency_loss=0.0001  pi_loss=-1.1667  reward_loss=0.0158  total_loss=0.0333  value_loss=0.2987
  update 207500/500000: consistency_loss=0.0001  pi_loss=-1.1800  reward_loss=0.0223  total_loss=0.0346  value_loss=0.3057
  update 208000/500000: consistency_loss=0.0001  pi_loss=-1.1676  reward_loss=0.0192  total_loss=0.0342  value_loss=0.3043
  update 208500/500000: consistency_loss=0.0001  pi_loss=-1.1290  reward_loss=0.0209  total_loss=0.0338  value_loss=0.2949
  update 209000/500000: consistency_loss=0.0001  pi_loss=-1.1106  reward_loss=0.0058  total_loss=0.0329  value_loss=0.3046
  update 209500/500000: consistency_loss=0.0001  pi_loss=-1.0998  reward_loss=0.0204  total_loss=0.0333  value_loss=0.2893
  update 210000/500000: consistency_loss=0.0001  pi_loss=-1.0809  reward_loss=0.0186  total_loss=0.0338  value_loss=0.2991
  update 210500/500000: consistency_loss=0.0001  pi_loss=-1.0743  reward_loss=0.0275  total_loss=0.0343  value_loss=0.2978
  update 211000/500000: consistency_loss=0.0001  pi_loss=-1.0606  reward_loss=0.0185  total_loss=0.0331  value_loss=0.2908
  update 211500/500000: consistency_loss=0.0001  pi_loss=-1.0587  reward_loss=0.0135  total_loss=0.0335  value_loss=0.3052
  update 212000/500000: consistency_loss=0.0001  pi_loss=-1.0592  reward_loss=0.0302  total_loss=0.0343  value_loss=0.2962
  update 212500/500000: consistency_loss=0.0001  pi_loss=-1.0538  reward_loss=0.0213  total_loss=0.0335  value_loss=0.2955
  update 213000/500000: consistency_loss=0.0001  pi_loss=-1.0799  reward_loss=0.0234  total_loss=0.0342  value_loss=0.2976
  update 213500/500000: consistency_loss=0.0001  pi_loss=-1.0995  reward_loss=0.0232  total_loss=0.0340  value_loss=0.2995
  update 214000/500000: consistency_loss=0.0001  pi_loss=-1.1113  reward_loss=0.0154  total_loss=0.0340  value_loss=0.3081
  update 214500/500000: consistency_loss=0.0001  pi_loss=-1.1769  reward_loss=0.0264  total_loss=0.0349  value_loss=0.3041
  update 215000/500000: consistency_loss=0.0001  pi_loss=-1.1962  reward_loss=0.0267  total_loss=0.0360  value_loss=0.3053
  update 215500/500000: consistency_loss=0.0001  pi_loss=-1.1969  reward_loss=0.0188  total_loss=0.0355  value_loss=0.3167
  update 216000/500000: consistency_loss=0.0001  pi_loss=-1.2209  reward_loss=0.0209  total_loss=0.0344  value_loss=0.3032
  update 216500/500000: consistency_loss=0.0001  pi_loss=-1.2198  reward_loss=0.0155  total_loss=0.0332  value_loss=0.2969
  update 217000/500000: consistency_loss=0.0001  pi_loss=-1.2412  reward_loss=0.0286  total_loss=0.0331  value_loss=0.2854
  update 217500/500000: consistency_loss=0.0001  pi_loss=-1.2284  reward_loss=0.0326  total_loss=0.0340  value_loss=0.2876
  update 218000/500000: consistency_loss=0.0001  pi_loss=-1.2214  reward_loss=0.0167  total_loss=0.0334  value_loss=0.2970
  update 218500/500000: consistency_loss=0.0001  pi_loss=-1.1807  reward_loss=0.0226  total_loss=0.0340  value_loss=0.2999
  update 219000/500000: consistency_loss=0.0001  pi_loss=-1.1671  reward_loss=0.0230  total_loss=0.0345  value_loss=0.3039
  update 219500/500000: consistency_loss=0.0001  pi_loss=-1.1456  reward_loss=0.0117  total_loss=0.0317  value_loss=0.2875
  update 220000/500000: consistency_loss=0.0001  pi_loss=-1.1665  reward_loss=0.0243  total_loss=0.0336  value_loss=0.2924
  update 220500/500000: consistency_loss=0.0001  pi_loss=-1.1723  reward_loss=0.0263  total_loss=0.0336  value_loss=0.2929
  update 221000/500000: consistency_loss=0.0001  pi_loss=-1.1583  reward_loss=0.0149  total_loss=0.0329  value_loss=0.2966
  update 221500/500000: consistency_loss=0.0001  pi_loss=-1.1461  reward_loss=0.0282  total_loss=0.0341  value_loss=0.2961
  update 222000/500000: consistency_loss=0.0001  pi_loss=-1.1698  reward_loss=0.0147  total_loss=0.0341  value_loss=0.3084
  update 222500/500000: consistency_loss=0.0001  pi_loss=-1.1850  reward_loss=0.0239  total_loss=0.0340  value_loss=0.2983
  update 223000/500000: consistency_loss=0.0001  pi_loss=-1.2264  reward_loss=0.0324  total_loss=0.0334  value_loss=0.2837
  update 223500/500000: consistency_loss=0.0001  pi_loss=-1.2597  reward_loss=0.0362  total_loss=0.0367  value_loss=0.3114
  update 224000/500000: consistency_loss=0.0001  pi_loss=-1.2827  reward_loss=0.0236  total_loss=0.0341  value_loss=0.3008
  update 224500/500000: consistency_loss=0.0001  pi_loss=-1.3074  reward_loss=0.0259  total_loss=0.0330  value_loss=0.2860
  update 225000/500000: consistency_loss=0.0001  pi_loss=-1.2668  reward_loss=0.0177  total_loss=0.0328  value_loss=0.2914
  update 225500/500000: consistency_loss=0.0001  pi_loss=-1.2422  reward_loss=0.0303  total_loss=0.0344  value_loss=0.2941
  update 226000/500000: consistency_loss=0.0001  pi_loss=-1.1966  reward_loss=0.0140  total_loss=0.0336  value_loss=0.3036
  update 226500/500000: consistency_loss=0.0001  pi_loss=-1.2099  reward_loss=0.0335  total_loss=0.0344  value_loss=0.2926
  update 227000/500000: consistency_loss=0.0001  pi_loss=-1.2073  reward_loss=0.0129  total_loss=0.0340  value_loss=0.3061
  update 227500/500000: consistency_loss=0.0001  pi_loss=-1.2107  reward_loss=0.0161  total_loss=0.0333  value_loss=0.2965
  update 228000/500000: consistency_loss=0.0001  pi_loss=-1.2341  reward_loss=0.0180  total_loss=0.0330  value_loss=0.2957
  update 228500/500000: consistency_loss=0.0001  pi_loss=-1.2367  reward_loss=0.0126  total_loss=0.0320  value_loss=0.2892
  update 229000/500000: consistency_loss=0.0001  pi_loss=-1.2360  reward_loss=0.0208  total_loss=0.0335  value_loss=0.2964
  update 229500/500000: consistency_loss=0.0001  pi_loss=-1.2450  reward_loss=0.0259  total_loss=0.0347  value_loss=0.3020
  update 230000/500000: consistency_loss=0.0001  pi_loss=-1.2397  reward_loss=0.0198  total_loss=0.0335  value_loss=0.2958
  update 230500/500000: consistency_loss=0.0001  pi_loss=-1.2492  reward_loss=0.0144  total_loss=0.0333  value_loss=0.3027
  update 231000/500000: consistency_loss=0.0001  pi_loss=-1.2551  reward_loss=0.0221  total_loss=0.0335  value_loss=0.2945
  update 231500/500000: consistency_loss=0.0001  pi_loss=-1.2464  reward_loss=0.0308  total_loss=0.0356  value_loss=0.3042
  update 232000/500000: consistency_loss=0.0001  pi_loss=-1.2363  reward_loss=0.0187  total_loss=0.0331  value_loss=0.2970
  update 232500/500000: consistency_loss=0.0001  pi_loss=-1.2507  reward_loss=0.0192  total_loss=0.0340  value_loss=0.3045
  update 233000/500000: consistency_loss=0.0001  pi_loss=-1.2239  reward_loss=0.0286  total_loss=0.0340  value_loss=0.2928
  update 233500/500000: consistency_loss=0.0001  pi_loss=-1.2253  reward_loss=0.0183  total_loss=0.0354  value_loss=0.3158
  update 234000/500000: consistency_loss=0.0001  pi_loss=-1.2432  reward_loss=0.0214  total_loss=0.0331  value_loss=0.2931
  update 234500/500000: consistency_loss=0.0001  pi_loss=-1.2593  reward_loss=0.0275  total_loss=0.0349  value_loss=0.3046
  update 235000/500000: consistency_loss=0.0001  pi_loss=-1.2426  reward_loss=0.0156  total_loss=0.0325  value_loss=0.2920
  update 235500/500000: consistency_loss=0.0001  pi_loss=-1.2371  reward_loss=0.0097  total_loss=0.0318  value_loss=0.2879
  update 236000/500000: consistency_loss=0.0001  pi_loss=-1.2355  reward_loss=0.0299  total_loss=0.0352  value_loss=0.3035
  update 236500/500000: consistency_loss=0.0001  pi_loss=-1.2413  reward_loss=0.0267  total_loss=0.0355  value_loss=0.3066
  update 237000/500000: consistency_loss=0.0001  pi_loss=-1.2202  reward_loss=0.0240  total_loss=0.0345  value_loss=0.2989
  update 237500/500000: consistency_loss=0.0001  pi_loss=-1.2193  reward_loss=0.0367  total_loss=0.0351  value_loss=0.2946
  update 238000/500000: consistency_loss=0.0001  pi_loss=-1.2291  reward_loss=0.0224  total_loss=0.0335  value_loss=0.2919
  update 238500/500000: consistency_loss=0.0001  pi_loss=-1.2450  reward_loss=0.0203  total_loss=0.0343  value_loss=0.3071
  update 239000/500000: consistency_loss=0.0001  pi_loss=-1.2650  reward_loss=0.0313  total_loss=0.0346  value_loss=0.2969
  update 239500/500000: consistency_loss=0.0001  pi_loss=-1.2854  reward_loss=0.0214  total_loss=0.0342  value_loss=0.3027
  update 240000/500000: consistency_loss=0.0001  pi_loss=-1.3240  reward_loss=0.0305  total_loss=0.0345  value_loss=0.2966
  update 240500/500000: consistency_loss=0.0001  pi_loss=-1.3191  reward_loss=0.0122  total_loss=0.0340  value_loss=0.3089
  update 241000/500000: consistency_loss=0.0001  pi_loss=-1.3464  reward_loss=0.0318  total_loss=0.0351  value_loss=0.2987
  update 241500/500000: consistency_loss=0.0001  pi_loss=-1.3631  reward_loss=0.0288  total_loss=0.0344  value_loss=0.3011
  update 242000/500000: consistency_loss=0.0001  pi_loss=-1.3540  reward_loss=0.0178  total_loss=0.0322  value_loss=0.2880
  update 242500/500000: consistency_loss=0.0001  pi_loss=-1.3849  reward_loss=0.0187  total_loss=0.0336  value_loss=0.2991
  update 243000/500000: consistency_loss=0.0001  pi_loss=-1.4206  reward_loss=0.0205  total_loss=0.0346  value_loss=0.3089
  update 243500/500000: consistency_loss=0.0001  pi_loss=-1.4295  reward_loss=0.0234  total_loss=0.0356  value_loss=0.3141
  update 244000/500000: consistency_loss=0.0001  pi_loss=-1.4259  reward_loss=0.0250  total_loss=0.0346  value_loss=0.3009
  update 244500/500000: consistency_loss=0.0001  pi_loss=-1.4502  reward_loss=0.0194  total_loss=0.0341  value_loss=0.3046
  update 245000/500000: consistency_loss=0.0001  pi_loss=-1.4537  reward_loss=0.0135  total_loss=0.0341  value_loss=0.3092
  update 245500/500000: consistency_loss=0.0001  pi_loss=-1.4449  reward_loss=0.0194  total_loss=0.0332  value_loss=0.2972
  update 246000/500000: consistency_loss=0.0001  pi_loss=-1.4583  reward_loss=0.0231  total_loss=0.0333  value_loss=0.2908
  update 246500/500000: consistency_loss=0.0001  pi_loss=-1.4417  reward_loss=0.0171  total_loss=0.0326  value_loss=0.2918
  update 247000/500000: consistency_loss=0.0001  pi_loss=-1.4374  reward_loss=0.0201  total_loss=0.0325  value_loss=0.2897
  update 247500/500000: consistency_loss=0.0001  pi_loss=-1.4386  reward_loss=0.0252  total_loss=0.0327  value_loss=0.2857
  update 248000/500000: consistency_loss=0.0001  pi_loss=-1.4540  reward_loss=0.0198  total_loss=0.0335  value_loss=0.2990
  update 248500/500000: consistency_loss=0.0001  pi_loss=-1.4640  reward_loss=0.0212  total_loss=0.0340  value_loss=0.3009
  update 249000/500000: consistency_loss=0.0001  pi_loss=-1.4617  reward_loss=0.0266  total_loss=0.0348  value_loss=0.3058
  update 249500/500000: consistency_loss=0.0001  pi_loss=-1.4244  reward_loss=0.0152  total_loss=0.0347  value_loss=0.3090
  update 250000/500000: consistency_loss=0.0001  pi_loss=-1.4292  reward_loss=0.0203  total_loss=0.0348  value_loss=0.3112
  update 250500/500000: consistency_loss=0.0001  pi_loss=-1.3892  reward_loss=0.0202  total_loss=0.0348  value_loss=0.3121
  update 251000/500000: consistency_loss=0.0001  pi_loss=-1.3786  reward_loss=0.0274  total_loss=0.0353  value_loss=0.3068
  update 251500/500000: consistency_loss=0.0001  pi_loss=-1.3615  reward_loss=0.0263  total_loss=0.0345  value_loss=0.2996
  update 252000/500000: consistency_loss=0.0001  pi_loss=-1.3227  reward_loss=0.0241  total_loss=0.0338  value_loss=0.2947
  update 252500/500000: consistency_loss=0.0001  pi_loss=-1.3246  reward_loss=0.0173  total_loss=0.0340  value_loss=0.3041
  update 253000/500000: consistency_loss=0.0001  pi_loss=-1.3202  reward_loss=0.0214  total_loss=0.0348  value_loss=0.3102
  update 253500/500000: consistency_loss=0.0001  pi_loss=-1.3528  reward_loss=0.0318  total_loss=0.0337  value_loss=0.2882
  update 254000/500000: consistency_loss=0.0001  pi_loss=-1.3645  reward_loss=0.0272  total_loss=0.0350  value_loss=0.3041
  update 254500/500000: consistency_loss=0.0001  pi_loss=-1.3211  reward_loss=0.0176  total_loss=0.0328  value_loss=0.2930
  update 255000/500000: consistency_loss=0.0001  pi_loss=-1.3316  reward_loss=0.0269  total_loss=0.0355  value_loss=0.3091
  update 255500/500000: consistency_loss=0.0001  pi_loss=-1.3310  reward_loss=0.0193  total_loss=0.0346  value_loss=0.3078
  update 256000/500000: consistency_loss=0.0001  pi_loss=-1.3531  reward_loss=0.0251  total_loss=0.0365  value_loss=0.3231
  update 256500/500000: consistency_loss=0.0001  pi_loss=-1.3509  reward_loss=0.0125  total_loss=0.0352  value_loss=0.3190
  update 257000/500000: consistency_loss=0.0001  pi_loss=-1.3433  reward_loss=0.0104  total_loss=0.0343  value_loss=0.3151
  update 257500/500000: consistency_loss=0.0001  pi_loss=-1.3182  reward_loss=0.0161  total_loss=0.0341  value_loss=0.3082
  update 258000/500000: consistency_loss=0.0001  pi_loss=-1.3216  reward_loss=0.0217  total_loss=0.0339  value_loss=0.3008
  update 258500/500000: consistency_loss=0.0001  pi_loss=-1.3313  reward_loss=0.0299  total_loss=0.0355  value_loss=0.3090
  update 259000/500000: consistency_loss=0.0001  pi_loss=-1.3942  reward_loss=0.0227  total_loss=0.0358  value_loss=0.3167
  update 259500/500000: consistency_loss=0.0001  pi_loss=-1.4439  reward_loss=0.0243  total_loss=0.0340  value_loss=0.2978
  update 260000/500000: consistency_loss=0.0001  pi_loss=-1.4053  reward_loss=0.0204  total_loss=0.0324  value_loss=0.2881
  update 260500/500000: consistency_loss=0.0001  pi_loss=-1.3781  reward_loss=0.0214  total_loss=0.0340  value_loss=0.3000
  update 261000/500000: consistency_loss=0.0001  pi_loss=-1.3297  reward_loss=0.0140  total_loss=0.0326  value_loss=0.2946
  update 261500/500000: consistency_loss=0.0001  pi_loss=-1.3232  reward_loss=0.0152  total_loss=0.0332  value_loss=0.3015
  update 262000/500000: consistency_loss=0.0001  pi_loss=-1.3274  reward_loss=0.0165  total_loss=0.0350  value_loss=0.3173
  update 262500/500000: consistency_loss=0.0001  pi_loss=-1.3262  reward_loss=0.0297  total_loss=0.0353  value_loss=0.3040
  update 263000/500000: consistency_loss=0.0001  pi_loss=-1.3223  reward_loss=0.0178  total_loss=0.0338  value_loss=0.2996
  update 263500/500000: consistency_loss=0.0001  pi_loss=-1.3347  reward_loss=0.0195  total_loss=0.0342  value_loss=0.3025
  update 264000/500000: consistency_loss=0.0001  pi_loss=-1.3189  reward_loss=0.0212  total_loss=0.0353  value_loss=0.3131
  update 264500/500000: consistency_loss=0.0001  pi_loss=-1.3368  reward_loss=0.0256  total_loss=0.0362  value_loss=0.3145
  update 265000/500000: consistency_loss=0.0001  pi_loss=-1.3406  reward_loss=0.0160  total_loss=0.0346  value_loss=0.3129
  update 265500/500000: consistency_loss=0.0001  pi_loss=-1.3384  reward_loss=0.0118  total_loss=0.0345  value_loss=0.3160
  update 266000/500000: consistency_loss=0.0001  pi_loss=-1.3573  reward_loss=0.0203  total_loss=0.0345  value_loss=0.3064
  update 266500/500000: consistency_loss=0.0001  pi_loss=-1.3449  reward_loss=0.0280  total_loss=0.0340  value_loss=0.2939
  update 267000/500000: consistency_loss=0.0001  pi_loss=-1.3202  reward_loss=0.0265  total_loss=0.0340  value_loss=0.2985
  update 267500/500000: consistency_loss=0.0001  pi_loss=-1.2854  reward_loss=0.0206  total_loss=0.0334  value_loss=0.2978
  update 268000/500000: consistency_loss=0.0001  pi_loss=-1.2890  reward_loss=0.0201  total_loss=0.0350  value_loss=0.3093
  update 268500/500000: consistency_loss=0.0001  pi_loss=-1.2638  reward_loss=0.0204  total_loss=0.0352  value_loss=0.3138
  update 269000/500000: consistency_loss=0.0001  pi_loss=-1.2768  reward_loss=0.0230  total_loss=0.0346  value_loss=0.3047
  update 269500/500000: consistency_loss=0.0001  pi_loss=-1.2699  reward_loss=0.0296  total_loss=0.0357  value_loss=0.3081
  update 270000/500000: consistency_loss=0.0001  pi_loss=-1.2850  reward_loss=0.0216  total_loss=0.0341  value_loss=0.3026
  update 270500/500000: consistency_loss=0.0001  pi_loss=-1.3054  reward_loss=0.0219  total_loss=0.0337  value_loss=0.2971
  update 271000/500000: consistency_loss=0.0001  pi_loss=-1.3175  reward_loss=0.0234  total_loss=0.0350  value_loss=0.3096
  update 271500/500000: consistency_loss=0.0001  pi_loss=-1.3509  reward_loss=0.0151  total_loss=0.0361  value_loss=0.3282
  update 272000/500000: consistency_loss=0.0001  pi_loss=-1.3808  reward_loss=0.0180  total_loss=0.0358  value_loss=0.3240
  update 272500/500000: consistency_loss=0.0001  pi_loss=-1.3967  reward_loss=0.0203  total_loss=0.0372  value_loss=0.3284
  update 273000/500000: consistency_loss=0.0001  pi_loss=-1.3971  reward_loss=0.0263  total_loss=0.0374  value_loss=0.3262
  update 273500/500000: consistency_loss=0.0001  pi_loss=-1.3632  reward_loss=0.0216  total_loss=0.0351  value_loss=0.3133
  update 274000/500000: consistency_loss=0.0001  pi_loss=-1.3524  reward_loss=0.0239  total_loss=0.0362  value_loss=0.3187
  update 274500/500000: consistency_loss=0.0001  pi_loss=-1.3445  reward_loss=0.0173  total_loss=0.0338  value_loss=0.3038
  update 275000/500000: consistency_loss=0.0001  pi_loss=-1.3476  reward_loss=0.0202  total_loss=0.0348  value_loss=0.3090
  update 275500/500000: consistency_loss=0.0001  pi_loss=-1.3563  reward_loss=0.0333  total_loss=0.0370  value_loss=0.3110
  update 276000/500000: consistency_loss=0.0001  pi_loss=-1.3702  reward_loss=0.0248  total_loss=0.0348  value_loss=0.3072
  update 276500/500000: consistency_loss=0.0001  pi_loss=-1.4117  reward_loss=0.0384  total_loss=0.0373  value_loss=0.3186
  update 277000/500000: consistency_loss=0.0001  pi_loss=-1.4263  reward_loss=0.0180  total_loss=0.0354  value_loss=0.3175
  update 277500/500000: consistency_loss=0.0001  pi_loss=-1.4501  reward_loss=0.0183  total_loss=0.0358  value_loss=0.3242
  update 278000/500000: consistency_loss=0.0001  pi_loss=-1.4256  reward_loss=0.0182  total_loss=0.0342  value_loss=0.3071
  update 278500/500000: consistency_loss=0.0001  pi_loss=-1.4135  reward_loss=0.0202  total_loss=0.0329  value_loss=0.2929
  update 279000/500000: consistency_loss=0.0001  pi_loss=-1.3912  reward_loss=0.0173  total_loss=0.0329  value_loss=0.2920
  update 279500/500000: consistency_loss=0.0001  pi_loss=-1.4354  reward_loss=0.0314  total_loss=0.0354  value_loss=0.3045
  update 280000/500000: consistency_loss=0.0001  pi_loss=-1.4321  reward_loss=0.0269  total_loss=0.0353  value_loss=0.3062
  update 280500/500000: consistency_loss=0.0001  pi_loss=-1.4013  reward_loss=0.0236  total_loss=0.0350  value_loss=0.3059
  update 281000/500000: consistency_loss=0.0001  pi_loss=-1.3889  reward_loss=0.0171  total_loss=0.0344  value_loss=0.3083
  update 281500/500000: consistency_loss=0.0001  pi_loss=-1.3531  reward_loss=0.0223  total_loss=0.0348  value_loss=0.3049
  update 282000/500000: consistency_loss=0.0001  pi_loss=-1.3663  reward_loss=0.0210  total_loss=0.0326  value_loss=0.2841
  update 282500/500000: consistency_loss=0.0001  pi_loss=-1.3367  reward_loss=0.0179  total_loss=0.0324  value_loss=0.2854
  update 283000/500000: consistency_loss=0.0001  pi_loss=-1.3294  reward_loss=0.0230  total_loss=0.0317  value_loss=0.2776
  update 283500/500000: consistency_loss=0.0001  pi_loss=-1.3270  reward_loss=0.0176  total_loss=0.0341  value_loss=0.3036
  update 284000/500000: consistency_loss=0.0001  pi_loss=-1.3336  reward_loss=0.0145  total_loss=0.0320  value_loss=0.2903
  update 284500/500000: consistency_loss=0.0001  pi_loss=-1.3769  reward_loss=0.0160  total_loss=0.0336  value_loss=0.3043
  update 285000/500000: consistency_loss=0.0001  pi_loss=-1.4223  reward_loss=0.0221  total_loss=0.0346  value_loss=0.3074
  update 285500/500000: consistency_loss=0.0001  pi_loss=-1.4240  reward_loss=0.0367  total_loss=0.0362  value_loss=0.3101
  update 286000/500000: consistency_loss=0.0001  pi_loss=-1.4256  reward_loss=0.0237  total_loss=0.0353  value_loss=0.3104
  update 286500/500000: consistency_loss=0.0001  pi_loss=-1.4262  reward_loss=0.0277  total_loss=0.0344  value_loss=0.3019
  update 287000/500000: consistency_loss=0.0001  pi_loss=-1.4451  reward_loss=0.0314  total_loss=0.0351  value_loss=0.3040
  update 287500/500000: consistency_loss=0.0001  pi_loss=-1.4228  reward_loss=0.0345  total_loss=0.0338  value_loss=0.2870
  update 288000/500000: consistency_loss=0.0001  pi_loss=-1.4016  reward_loss=0.0189  total_loss=0.0333  value_loss=0.2980
  update 288500/500000: consistency_loss=0.0001  pi_loss=-1.4169  reward_loss=0.0284  total_loss=0.0360  value_loss=0.3127
  update 289000/500000: consistency_loss=0.0001  pi_loss=-1.4304  reward_loss=0.0276  total_loss=0.0354  value_loss=0.3090
  update 289500/500000: consistency_loss=0.0001  pi_loss=-1.4030  reward_loss=0.0211  total_loss=0.0361  value_loss=0.3208
  update 290000/500000: consistency_loss=0.0001  pi_loss=-1.4400  reward_loss=0.0282  total_loss=0.0373  value_loss=0.3241
  update 290500/500000: consistency_loss=0.0001  pi_loss=-1.4826  reward_loss=0.0288  total_loss=0.0371  value_loss=0.3248
  update 291000/500000: consistency_loss=0.0001  pi_loss=-1.5155  reward_loss=0.0239  total_loss=0.0362  value_loss=0.3208
  update 291500/500000: consistency_loss=0.0001  pi_loss=-1.5008  reward_loss=0.0238  total_loss=0.0362  value_loss=0.3174
  update 292000/500000: consistency_loss=0.0001  pi_loss=-1.4744  reward_loss=0.0072  total_loss=0.0333  value_loss=0.3105
  update 292500/500000: consistency_loss=0.0001  pi_loss=-1.4633  reward_loss=0.0248  total_loss=0.0351  value_loss=0.3101
  update 293000/500000: consistency_loss=0.0001  pi_loss=-1.4341  reward_loss=0.0221  total_loss=0.0327  value_loss=0.2901
  update 293500/500000: consistency_loss=0.0001  pi_loss=-1.4390  reward_loss=0.0162  total_loss=0.0330  value_loss=0.2949
  update 294000/500000: consistency_loss=0.0001  pi_loss=-1.4445  reward_loss=0.0227  total_loss=0.0337  value_loss=0.2978
  update 294500/500000: consistency_loss=0.0001  pi_loss=-1.4386  reward_loss=0.0193  total_loss=0.0339  value_loss=0.3036
  update 295000/500000: consistency_loss=0.0001  pi_loss=-1.4628  reward_loss=0.0129  total_loss=0.0324  value_loss=0.2985
  update 295500/500000: consistency_loss=0.0001  pi_loss=-1.4889  reward_loss=0.0332  total_loss=0.0365  value_loss=0.3134
  update 296000/500000: consistency_loss=0.0001  pi_loss=-1.4946  reward_loss=0.0237  total_loss=0.0353  value_loss=0.3124
  update 296500/500000: consistency_loss=0.0001  pi_loss=-1.4437  reward_loss=0.0095  total_loss=0.0344  value_loss=0.3158
  update 297000/500000: consistency_loss=0.0001  pi_loss=-1.4426  reward_loss=0.0265  total_loss=0.0364  value_loss=0.3209
  update 297500/500000: consistency_loss=0.0001  pi_loss=-1.4146  reward_loss=0.0274  total_loss=0.0351  value_loss=0.3065
  update 298000/500000: consistency_loss=0.0001  pi_loss=-1.4565  reward_loss=0.0202  total_loss=0.0363  value_loss=0.3226
  update 298500/500000: consistency_loss=0.0001  pi_loss=-1.4492  reward_loss=0.0223  total_loss=0.0345  value_loss=0.3046
  update 299000/500000: consistency_loss=0.0001  pi_loss=-1.4366  reward_loss=0.0258  total_loss=0.0357  value_loss=0.3139
  update 299500/500000: consistency_loss=0.0001  pi_loss=-1.3888  reward_loss=0.0192  total_loss=0.0326  value_loss=0.2896
  update 300000/500000: consistency_loss=0.0001  pi_loss=-1.3642  reward_loss=0.0244  total_loss=0.0324  value_loss=0.2839
Saved checkpoint at update 300000
  update 300500/500000: consistency_loss=0.0001  pi_loss=-1.3688  reward_loss=0.0284  total_loss=0.0357  value_loss=0.3099
  update 301000/500000: consistency_loss=0.0001  pi_loss=-1.3557  reward_loss=0.0259  total_loss=0.0356  value_loss=0.3118
  update 301500/500000: consistency_loss=0.0001  pi_loss=-1.4004  reward_loss=0.0250  total_loss=0.0349  value_loss=0.3056
  update 302000/500000: consistency_loss=0.0001  pi_loss=-1.4251  reward_loss=0.0313  total_loss=0.0351  value_loss=0.3025
  update 302500/500000: consistency_loss=0.0001  pi_loss=-1.4886  reward_loss=0.0297  total_loss=0.0364  value_loss=0.3163
  update 303000/500000: consistency_loss=0.0001  pi_loss=-1.5064  reward_loss=0.0266  total_loss=0.0355  value_loss=0.3105
  update 303500/500000: consistency_loss=0.0001  pi_loss=-1.5034  reward_loss=0.0173  total_loss=0.0348  value_loss=0.3155
  update 304000/500000: consistency_loss=0.0001  pi_loss=-1.4729  reward_loss=0.0197  total_loss=0.0342  value_loss=0.3069
  update 304500/500000: consistency_loss=0.0001  pi_loss=-1.4420  reward_loss=0.0187  total_loss=0.0337  value_loss=0.2997
  update 305000/500000: consistency_loss=0.0001  pi_loss=-1.4115  reward_loss=0.0228  total_loss=0.0335  value_loss=0.2981
  update 305500/500000: consistency_loss=0.0001  pi_loss=-1.3947  reward_loss=0.0135  total_loss=0.0336  value_loss=0.3036
  update 306000/500000: consistency_loss=0.0001  pi_loss=-1.3852  reward_loss=0.0290  total_loss=0.0344  value_loss=0.2970
  update 306500/500000: consistency_loss=0.0001  pi_loss=-1.3852  reward_loss=0.0223  total_loss=0.0348  value_loss=0.3084
  update 307000/500000: consistency_loss=0.0001  pi_loss=-1.4102  reward_loss=0.0277  total_loss=0.0360  value_loss=0.3151
  update 307500/500000: consistency_loss=0.0001  pi_loss=-1.4430  reward_loss=0.0236  total_loss=0.0344  value_loss=0.3026
  update 308000/500000: consistency_loss=0.0001  pi_loss=-1.4196  reward_loss=0.0191  total_loss=0.0341  value_loss=0.3036
  update 308500/500000: consistency_loss=0.0001  pi_loss=-1.4491  reward_loss=0.0243  total_loss=0.0354  value_loss=0.3095
  update 309000/500000: consistency_loss=0.0001  pi_loss=-1.4238  reward_loss=0.0167  total_loss=0.0348  value_loss=0.3074
  update 309500/500000: consistency_loss=0.0001  pi_loss=-1.4521  reward_loss=0.0313  total_loss=0.0359  value_loss=0.3124
  update 310000/500000: consistency_loss=0.0001  pi_loss=-1.4117  reward_loss=0.0189  total_loss=0.0337  value_loss=0.3012
  update 310500/500000: consistency_loss=0.0001  pi_loss=-1.4170  reward_loss=0.0179  total_loss=0.0341  value_loss=0.3041
  update 311000/500000: consistency_loss=0.0001  pi_loss=-1.4005  reward_loss=0.0271  total_loss=0.0349  value_loss=0.3059
  update 311500/500000: consistency_loss=0.0001  pi_loss=-1.4214  reward_loss=0.0225  total_loss=0.0341  value_loss=0.3001
  update 312000/500000: consistency_loss=0.0001  pi_loss=-1.3984  reward_loss=0.0313  total_loss=0.0335  value_loss=0.2853
  update 312500/500000: consistency_loss=0.0001  pi_loss=-1.3404  reward_loss=0.0253  total_loss=0.0320  value_loss=0.2781
  update 313000/500000: consistency_loss=0.0001  pi_loss=-1.3366  reward_loss=0.0173  total_loss=0.0320  value_loss=0.2873
  update 313500/500000: consistency_loss=0.0001  pi_loss=-1.3551  reward_loss=0.0280  total_loss=0.0335  value_loss=0.2892
  update 314000/500000: consistency_loss=0.0001  pi_loss=-1.3774  reward_loss=0.0169  total_loss=0.0332  value_loss=0.2984
  update 314500/500000: consistency_loss=0.0001  pi_loss=-1.4026  reward_loss=0.0214  total_loss=0.0335  value_loss=0.2989
  update 315000/500000: consistency_loss=0.0001  pi_loss=-1.4551  reward_loss=0.0304  total_loss=0.0336  value_loss=0.2894
  update 315500/500000: consistency_loss=0.0001  pi_loss=-1.4257  reward_loss=0.0178  total_loss=0.0341  value_loss=0.3078
  update 316000/500000: consistency_loss=0.0001  pi_loss=-1.4128  reward_loss=0.0263  total_loss=0.0338  value_loss=0.2912
  update 316500/500000: consistency_loss=0.0001  pi_loss=-1.3797  reward_loss=0.0154  total_loss=0.0328  value_loss=0.2954
  update 317000/500000: consistency_loss=0.0001  pi_loss=-1.3755  reward_loss=0.0237  total_loss=0.0330  value_loss=0.2902
  update 317500/500000: consistency_loss=0.0001  pi_loss=-1.3512  reward_loss=0.0169  total_loss=0.0314  value_loss=0.2793
  update 318000/500000: consistency_loss=0.0001  pi_loss=-1.3282  reward_loss=0.0217  total_loss=0.0319  value_loss=0.2788
  update 318500/500000: consistency_loss=0.0001  pi_loss=-1.3043  reward_loss=0.0182  total_loss=0.0309  value_loss=0.2731
  update 319000/500000: consistency_loss=0.0001  pi_loss=-1.2840  reward_loss=0.0095  total_loss=0.0318  value_loss=0.2929
  update 319500/500000: consistency_loss=0.0001  pi_loss=-1.3101  reward_loss=0.0194  total_loss=0.0337  value_loss=0.2946
  update 320000/500000: consistency_loss=0.0001  pi_loss=-1.2933  reward_loss=0.0234  total_loss=0.0337  value_loss=0.2963
  update 320500/500000: consistency_loss=0.0001  pi_loss=-1.2875  reward_loss=0.0101  total_loss=0.0306  value_loss=0.2796
  update 321000/500000: consistency_loss=0.0001  pi_loss=-1.2854  reward_loss=0.0165  total_loss=0.0322  value_loss=0.2850
  update 321500/500000: consistency_loss=0.0001  pi_loss=-1.2874  reward_loss=0.0232  total_loss=0.0328  value_loss=0.2886
  update 322000/500000: consistency_loss=0.0001  pi_loss=-1.2924  reward_loss=0.0290  total_loss=0.0320  value_loss=0.2764
  update 322500/500000: consistency_loss=0.0001  pi_loss=-1.2642  reward_loss=0.0266  total_loss=0.0323  value_loss=0.2751
  update 323000/500000: consistency_loss=0.0001  pi_loss=-1.2423  reward_loss=0.0178  total_loss=0.0314  value_loss=0.2819
  update 323500/500000: consistency_loss=0.0001  pi_loss=-1.2372  reward_loss=0.0234  total_loss=0.0309  value_loss=0.2728
  update 324000/500000: consistency_loss=0.0001  pi_loss=-1.2220  reward_loss=0.0173  total_loss=0.0320  value_loss=0.2863
  update 324500/500000: consistency_loss=0.0001  pi_loss=-1.2034  reward_loss=0.0215  total_loss=0.0312  value_loss=0.2746
  update 325000/500000: consistency_loss=0.0001  pi_loss=-1.1985  reward_loss=0.0236  total_loss=0.0322  value_loss=0.2812
  update 325500/500000: consistency_loss=0.0001  pi_loss=-1.2045  reward_loss=0.0153  total_loss=0.0316  value_loss=0.2842
  update 326000/500000: consistency_loss=0.0001  pi_loss=-1.2159  reward_loss=0.0281  total_loss=0.0330  value_loss=0.2865
  update 326500/500000: consistency_loss=0.0001  pi_loss=-1.2325  reward_loss=0.0205  total_loss=0.0323  value_loss=0.2868
  update 327000/500000: consistency_loss=0.0001  pi_loss=-1.2577  reward_loss=0.0174  total_loss=0.0322  value_loss=0.2856
  update 327500/500000: consistency_loss=0.0001  pi_loss=-1.2410  reward_loss=0.0095  total_loss=0.0309  value_loss=0.2833
  update 328000/500000: consistency_loss=0.0001  pi_loss=-1.2730  reward_loss=0.0292  total_loss=0.0334  value_loss=0.2903
  update 328500/500000: consistency_loss=0.0001  pi_loss=-1.2697  reward_loss=0.0203  total_loss=0.0311  value_loss=0.2738
  update 329000/500000: consistency_loss=0.0001  pi_loss=-1.2628  reward_loss=0.0228  total_loss=0.0324  value_loss=0.2850
  update 329500/500000: consistency_loss=0.0001  pi_loss=-1.2422  reward_loss=0.0165  total_loss=0.0306  value_loss=0.2714
  update 330000/500000: consistency_loss=0.0001  pi_loss=-1.2019  reward_loss=0.0227  total_loss=0.0303  value_loss=0.2671
  update 330500/500000: consistency_loss=0.0001  pi_loss=-1.1900  reward_loss=0.0162  total_loss=0.0319  value_loss=0.2878
  update 331000/500000: consistency_loss=0.0001  pi_loss=-1.2066  reward_loss=0.0230  total_loss=0.0328  value_loss=0.2877
  update 331500/500000: consistency_loss=0.0001  pi_loss=-1.1954  reward_loss=0.0216  total_loss=0.0313  value_loss=0.2740
  update 332000/500000: consistency_loss=0.0001  pi_loss=-1.2090  reward_loss=0.0239  total_loss=0.0323  value_loss=0.2846
  update 332500/500000: consistency_loss=0.0001  pi_loss=-1.1715  reward_loss=0.0207  total_loss=0.0314  value_loss=0.2773
  update 333000/500000: consistency_loss=0.0001  pi_loss=-1.1782  reward_loss=0.0207  total_loss=0.0315  value_loss=0.2789
  update 333500/500000: consistency_loss=0.0001  pi_loss=-1.1546  reward_loss=0.0160  total_loss=0.0299  value_loss=0.2658
  update 334000/500000: consistency_loss=0.0001  pi_loss=-1.1316  reward_loss=0.0108  total_loss=0.0316  value_loss=0.2847
  update 334500/500000: consistency_loss=0.0001  pi_loss=-1.1374  reward_loss=0.0263  total_loss=0.0336  value_loss=0.2896
  update 335000/500000: consistency_loss=0.0001  pi_loss=-1.1338  reward_loss=0.0218  total_loss=0.0330  value_loss=0.2906
  update 335500/500000: consistency_loss=0.0001  pi_loss=-1.1363  reward_loss=0.0207  total_loss=0.0328  value_loss=0.2920
  update 336000/500000: consistency_loss=0.0001  pi_loss=-1.1486  reward_loss=0.0221  total_loss=0.0335  value_loss=0.2942
  update 336500/500000: consistency_loss=0.0001  pi_loss=-1.1466  reward_loss=0.0270  total_loss=0.0329  value_loss=0.2874
  update 337000/500000: consistency_loss=0.0001  pi_loss=-1.1570  reward_loss=0.0209  total_loss=0.0325  value_loss=0.2877
  update 337500/500000: consistency_loss=0.0001  pi_loss=-1.1593  reward_loss=0.0149  total_loss=0.0319  value_loss=0.2897
  update 338000/500000: consistency_loss=0.0001  pi_loss=-1.2002  reward_loss=0.0216  total_loss=0.0308  value_loss=0.2698
  update 338500/500000: consistency_loss=0.0001  pi_loss=-1.2171  reward_loss=0.0243  total_loss=0.0318  value_loss=0.2751
  update 339000/500000: consistency_loss=0.0001  pi_loss=-1.2591  reward_loss=0.0216  total_loss=0.0309  value_loss=0.2715
  update 339500/500000: consistency_loss=0.0001  pi_loss=-1.2381  reward_loss=0.0171  total_loss=0.0312  value_loss=0.2801
  update 340000/500000: consistency_loss=0.0001  pi_loss=-1.2252  reward_loss=0.0182  total_loss=0.0309  value_loss=0.2763
  update 340500/500000: consistency_loss=0.0001  pi_loss=-1.2050  reward_loss=0.0175  total_loss=0.0314  value_loss=0.2768
  update 341000/500000: consistency_loss=0.0001  pi_loss=-1.2067  reward_loss=0.0329  total_loss=0.0326  value_loss=0.2750
  update 341500/500000: consistency_loss=0.0001  pi_loss=-1.1745  reward_loss=0.0133  total_loss=0.0318  value_loss=0.2876
  update 342000/500000: consistency_loss=0.0001  pi_loss=-1.1963  reward_loss=0.0189  total_loss=0.0329  value_loss=0.2916
  update 342500/500000: consistency_loss=0.0001  pi_loss=-1.1994  reward_loss=0.0264  total_loss=0.0327  value_loss=0.2830
  update 343000/500000: consistency_loss=0.0001  pi_loss=-1.1822  reward_loss=0.0124  total_loss=0.0312  value_loss=0.2831
  update 343500/500000: consistency_loss=0.0001  pi_loss=-1.1975  reward_loss=0.0122  total_loss=0.0324  value_loss=0.2966
  update 344000/500000: consistency_loss=0.0001  pi_loss=-1.2289  reward_loss=0.0200  total_loss=0.0319  value_loss=0.2811
  update 344500/500000: consistency_loss=0.0001  pi_loss=-1.2604  reward_loss=0.0126  total_loss=0.0320  value_loss=0.2868
  update 345000/500000: consistency_loss=0.0001  pi_loss=-1.2866  reward_loss=0.0217  total_loss=0.0325  value_loss=0.2867
  update 345500/500000: consistency_loss=0.0001  pi_loss=-1.2840  reward_loss=0.0160  total_loss=0.0309  value_loss=0.2781
  update 346000/500000: consistency_loss=0.0001  pi_loss=-1.2626  reward_loss=0.0261  total_loss=0.0314  value_loss=0.2710
  update 346500/500000: consistency_loss=0.0001  pi_loss=-1.2704  reward_loss=0.0236  total_loss=0.0323  value_loss=0.2825
  update 347000/500000: consistency_loss=0.0001  pi_loss=-1.2395  reward_loss=0.0180  total_loss=0.0324  value_loss=0.2856
  update 347500/500000: consistency_loss=0.0001  pi_loss=-1.2571  reward_loss=0.0295  total_loss=0.0336  value_loss=0.2889
  update 348000/500000: consistency_loss=0.0001  pi_loss=-1.2763  reward_loss=0.0190  total_loss=0.0327  value_loss=0.2939
  update 348500/500000: consistency_loss=0.0001  pi_loss=-1.2928  reward_loss=0.0216  total_loss=0.0321  value_loss=0.2829
  update 349000/500000: consistency_loss=0.0001  pi_loss=-1.3056  reward_loss=0.0212  total_loss=0.0324  value_loss=0.2866
  update 349500/500000: consistency_loss=0.0001  pi_loss=-1.3131  reward_loss=0.0210  total_loss=0.0330  value_loss=0.2924
  update 350000/500000: consistency_loss=0.0001  pi_loss=-1.2943  reward_loss=0.0190  total_loss=0.0317  value_loss=0.2841
  update 350500/500000: consistency_loss=0.0001  pi_loss=-1.3007  reward_loss=0.0250  total_loss=0.0343  value_loss=0.2995
  update 351000/500000: consistency_loss=0.0001  pi_loss=-1.2882  reward_loss=0.0162  total_loss=0.0327  value_loss=0.2939
  update 351500/500000: consistency_loss=0.0001  pi_loss=-1.3189  reward_loss=0.0262  total_loss=0.0349  value_loss=0.3038
  update 352000/500000: consistency_loss=0.0001  pi_loss=-1.3299  reward_loss=0.0205  total_loss=0.0336  value_loss=0.3000
  update 352500/500000: consistency_loss=0.0001  pi_loss=-1.3326  reward_loss=0.0315  total_loss=0.0341  value_loss=0.2957
  update 353000/500000: consistency_loss=0.0001  pi_loss=-1.3145  reward_loss=0.0239  total_loss=0.0321  value_loss=0.2807
  update 353500/500000: consistency_loss=0.0001  pi_loss=-1.2859  reward_loss=0.0108  total_loss=0.0301  value_loss=0.2723
  update 354000/500000: consistency_loss=0.0001  pi_loss=-1.2973  reward_loss=0.0149  total_loss=0.0307  value_loss=0.2757
  update 354500/500000: consistency_loss=0.0001  pi_loss=-1.2901  reward_loss=0.0198  total_loss=0.0308  value_loss=0.2731
  update 355000/500000: consistency_loss=0.0001  pi_loss=-1.2937  reward_loss=0.0272  total_loss=0.0311  value_loss=0.2639
  update 355500/500000: consistency_loss=0.0001  pi_loss=-1.2869  reward_loss=0.0302  total_loss=0.0305  value_loss=0.2579
  update 356000/500000: consistency_loss=0.0001  pi_loss=-1.2722  reward_loss=0.0226  total_loss=0.0327  value_loss=0.2872
  update 356500/500000: consistency_loss=0.0001  pi_loss=-1.2814  reward_loss=0.0182  total_loss=0.0322  value_loss=0.2844
  update 357000/500000: consistency_loss=0.0001  pi_loss=-1.2570  reward_loss=0.0347  total_loss=0.0321  value_loss=0.2718
  update 357500/500000: consistency_loss=0.0001  pi_loss=-1.2656  reward_loss=0.0133  total_loss=0.0298  value_loss=0.2685
  update 358000/500000: consistency_loss=0.0001  pi_loss=-1.2613  reward_loss=0.0251  total_loss=0.0317  value_loss=0.2763
  update 358500/500000: consistency_loss=0.0001  pi_loss=-1.2645  reward_loss=0.0200  total_loss=0.0305  value_loss=0.2634
  update 359000/500000: consistency_loss=0.0001  pi_loss=-1.2764  reward_loss=0.0164  total_loss=0.0312  value_loss=0.2760
  update 359500/500000: consistency_loss=0.0001  pi_loss=-1.2767  reward_loss=0.0153  total_loss=0.0299  value_loss=0.2701
  update 360000/500000: consistency_loss=0.0001  pi_loss=-1.2984  reward_loss=0.0299  total_loss=0.0321  value_loss=0.2728
  update 360500/500000: consistency_loss=0.0001  pi_loss=-1.2982  reward_loss=0.0225  total_loss=0.0302  value_loss=0.2629
  update 361000/500000: consistency_loss=0.0001  pi_loss=-1.2949  reward_loss=0.0232  total_loss=0.0309  value_loss=0.2723
  update 361500/500000: consistency_loss=0.0001  pi_loss=-1.2820  reward_loss=0.0198  total_loss=0.0298  value_loss=0.2619
  update 362000/500000: consistency_loss=0.0001  pi_loss=-1.2995  reward_loss=0.0261  total_loss=0.0310  value_loss=0.2677
  update 362500/500000: consistency_loss=0.0001  pi_loss=-1.2933  reward_loss=0.0227  total_loss=0.0315  value_loss=0.2752
  update 363000/500000: consistency_loss=0.0001  pi_loss=-1.2736  reward_loss=0.0207  total_loss=0.0299  value_loss=0.2595
  update 363500/500000: consistency_loss=0.0001  pi_loss=-1.2778  reward_loss=0.0148  total_loss=0.0311  value_loss=0.2797
  update 364000/500000: consistency_loss=0.0001  pi_loss=-1.2894  reward_loss=0.0214  total_loss=0.0312  value_loss=0.2745
  update 364500/500000: consistency_loss=0.0001  pi_loss=-1.2774  reward_loss=0.0130  total_loss=0.0275  value_loss=0.2484
  update 365000/500000: consistency_loss=0.0001  pi_loss=-1.2644  reward_loss=0.0247  total_loss=0.0298  value_loss=0.2563
  update 365500/500000: consistency_loss=0.0001  pi_loss=-1.2878  reward_loss=0.0245  total_loss=0.0310  value_loss=0.2708
  update 366000/500000: consistency_loss=0.0001  pi_loss=-1.2827  reward_loss=0.0153  total_loss=0.0294  value_loss=0.2643
  update 366500/500000: consistency_loss=0.0001  pi_loss=-1.2710  reward_loss=0.0228  total_loss=0.0298  value_loss=0.2613
  update 367000/500000: consistency_loss=0.0001  pi_loss=-1.2586  reward_loss=0.0272  total_loss=0.0308  value_loss=0.2644
  update 367500/500000: consistency_loss=0.0001  pi_loss=-1.2596  reward_loss=0.0269  total_loss=0.0320  value_loss=0.2744
  update 368000/500000: consistency_loss=0.0001  pi_loss=-1.2634  reward_loss=0.0230  total_loss=0.0318  value_loss=0.2789
  update 368500/500000: consistency_loss=0.0001  pi_loss=-1.2560  reward_loss=0.0203  total_loss=0.0309  value_loss=0.2691
  update 369000/500000: consistency_loss=0.0001  pi_loss=-1.2577  reward_loss=0.0305  total_loss=0.0327  value_loss=0.2793
  update 369500/500000: consistency_loss=0.0001  pi_loss=-1.2591  reward_loss=0.0220  total_loss=0.0308  value_loss=0.2693
  update 370000/500000: consistency_loss=0.0001  pi_loss=-1.2567  reward_loss=0.0174  total_loss=0.0293  value_loss=0.2593
  update 370500/500000: consistency_loss=0.0001  pi_loss=-1.2568  reward_loss=0.0263  total_loss=0.0309  value_loss=0.2661
  update 371000/500000: consistency_loss=0.0001  pi_loss=-1.2769  reward_loss=0.0147  total_loss=0.0290  value_loss=0.2574
  update 371500/500000: consistency_loss=0.0001  pi_loss=-1.2839  reward_loss=0.0324  total_loss=0.0306  value_loss=0.2583
  update 372000/500000: consistency_loss=0.0001  pi_loss=-1.2752  reward_loss=0.0248  total_loss=0.0303  value_loss=0.2577
  update 372500/500000: consistency_loss=0.0001  pi_loss=-1.2859  reward_loss=0.0160  total_loss=0.0276  value_loss=0.2467
  update 373000/500000: consistency_loss=0.0001  pi_loss=-1.2779  reward_loss=0.0207  total_loss=0.0306  value_loss=0.2693
  update 373500/500000: consistency_loss=0.0001  pi_loss=-1.2595  reward_loss=0.0236  total_loss=0.0284  value_loss=0.2435
  update 374000/500000: consistency_loss=0.0001  pi_loss=-1.2530  reward_loss=0.0113  total_loss=0.0288  value_loss=0.2608
  update 374500/500000: consistency_loss=0.0001  pi_loss=-1.2445  reward_loss=0.0175  total_loss=0.0297  value_loss=0.2643
  update 375000/500000: consistency_loss=0.0001  pi_loss=-1.2363  reward_loss=0.0225  total_loss=0.0296  value_loss=0.2581
  update 375500/500000: consistency_loss=0.0001  pi_loss=-1.2251  reward_loss=0.0228  total_loss=0.0331  value_loss=0.2946
  update 376000/500000: consistency_loss=0.0001  pi_loss=-1.2527  reward_loss=0.0199  total_loss=0.0319  value_loss=0.2827
  update 376500/500000: consistency_loss=0.0001  pi_loss=-1.2383  reward_loss=0.0138  total_loss=0.0290  value_loss=0.2622
  update 377000/500000: consistency_loss=0.0001  pi_loss=-1.2577  reward_loss=0.0202  total_loss=0.0316  value_loss=0.2789
  update 377500/500000: consistency_loss=0.0001  pi_loss=-1.2465  reward_loss=0.0236  total_loss=0.0318  value_loss=0.2787
  update 378000/500000: consistency_loss=0.0001  pi_loss=-1.2578  reward_loss=0.0232  total_loss=0.0305  value_loss=0.2662
  update 378500/500000: consistency_loss=0.0001  pi_loss=-1.2613  reward_loss=0.0224  total_loss=0.0307  value_loss=0.2641
  update 379000/500000: consistency_loss=0.0001  pi_loss=-1.2689  reward_loss=0.0098  total_loss=0.0282  value_loss=0.2575
  update 379500/500000: consistency_loss=0.0001  pi_loss=-1.2724  reward_loss=0.0216  total_loss=0.0297  value_loss=0.2601
  update 380000/500000: consistency_loss=0.0001  pi_loss=-1.2848  reward_loss=0.0155  total_loss=0.0296  value_loss=0.2602
  update 380500/500000: consistency_loss=0.0001  pi_loss=-1.2852  reward_loss=0.0229  total_loss=0.0300  value_loss=0.2619
  update 381000/500000: consistency_loss=0.0001  pi_loss=-1.3026  reward_loss=0.0239  total_loss=0.0309  value_loss=0.2699
  update 381500/500000: consistency_loss=0.0001  pi_loss=-1.2793  reward_loss=0.0164  total_loss=0.0294  value_loss=0.2638
  update 382000/500000: consistency_loss=0.0001  pi_loss=-1.2599  reward_loss=0.0260  total_loss=0.0323  value_loss=0.2761
  update 382500/500000: consistency_loss=0.0001  pi_loss=-1.2734  reward_loss=0.0243  total_loss=0.0303  value_loss=0.2635
  update 383000/500000: consistency_loss=0.0001  pi_loss=-1.2472  reward_loss=0.0171  total_loss=0.0297  value_loss=0.2654
  update 383500/500000: consistency_loss=0.0001  pi_loss=-1.2634  reward_loss=0.0115  total_loss=0.0294  value_loss=0.2655
  update 384000/500000: consistency_loss=0.0001  pi_loss=-1.2879  reward_loss=0.0245  total_loss=0.0303  value_loss=0.2633
  update 384500/500000: consistency_loss=0.0001  pi_loss=-1.2853  reward_loss=0.0216  total_loss=0.0318  value_loss=0.2784
  update 385000/500000: consistency_loss=0.0001  pi_loss=-1.2871  reward_loss=0.0264  total_loss=0.0307  value_loss=0.2644
  update 385500/500000: consistency_loss=0.0001  pi_loss=-1.2898  reward_loss=0.0306  total_loss=0.0316  value_loss=0.2708
  update 386000/500000: consistency_loss=0.0001  pi_loss=-1.3011  reward_loss=0.0126  total_loss=0.0307  value_loss=0.2810
  update 386500/500000: consistency_loss=0.0001  pi_loss=-1.3117  reward_loss=0.0231  total_loss=0.0317  value_loss=0.2784
  update 387000/500000: consistency_loss=0.0001  pi_loss=-1.3186  reward_loss=0.0210  total_loss=0.0305  value_loss=0.2671
  update 387500/500000: consistency_loss=0.0001  pi_loss=-1.3149  reward_loss=0.0189  total_loss=0.0308  value_loss=0.2710
  update 388000/500000: consistency_loss=0.0001  pi_loss=-1.3250  reward_loss=0.0110  total_loss=0.0294  value_loss=0.2682
  update 388500/500000: consistency_loss=0.0001  pi_loss=-1.3355  reward_loss=0.0265  total_loss=0.0318  value_loss=0.2772
  update 389000/500000: consistency_loss=0.0001  pi_loss=-1.3490  reward_loss=0.0256  total_loss=0.0326  value_loss=0.2789
  update 389500/500000: consistency_loss=0.0001  pi_loss=-1.3417  reward_loss=0.0200  total_loss=0.0310  value_loss=0.2728
  update 390000/500000: consistency_loss=0.0001  pi_loss=-1.3493  reward_loss=0.0270  total_loss=0.0316  value_loss=0.2737
  update 390500/500000: consistency_loss=0.0001  pi_loss=-1.3631  reward_loss=0.0209  total_loss=0.0301  value_loss=0.2634
  update 391000/500000: consistency_loss=0.0001  pi_loss=-1.3487  reward_loss=0.0248  total_loss=0.0313  value_loss=0.2748
  update 391500/500000: consistency_loss=0.0001  pi_loss=-1.3456  reward_loss=0.0440  total_loss=0.0313  value_loss=0.2503
  update 392000/500000: consistency_loss=0.0001  pi_loss=-1.3342  reward_loss=0.0182  total_loss=0.0293  value_loss=0.2596
  update 392500/500000: consistency_loss=0.0001  pi_loss=-1.3336  reward_loss=0.0160  total_loss=0.0306  value_loss=0.2720
  update 393000/500000: consistency_loss=0.0001  pi_loss=-1.3412  reward_loss=0.0218  total_loss=0.0303  value_loss=0.2646
  update 393500/500000: consistency_loss=0.0001  pi_loss=-1.3302  reward_loss=0.0288  total_loss=0.0302  value_loss=0.2588
  update 394000/500000: consistency_loss=0.0001  pi_loss=-1.3405  reward_loss=0.0089  total_loss=0.0291  value_loss=0.2662
  update 394500/500000: consistency_loss=0.0001  pi_loss=-1.3415  reward_loss=0.0093  total_loss=0.0297  value_loss=0.2729
  update 395000/500000: consistency_loss=0.0001  pi_loss=-1.3544  reward_loss=0.0153  total_loss=0.0300  value_loss=0.2703
  update 395500/500000: consistency_loss=0.0001  pi_loss=-1.3497  reward_loss=0.0209  total_loss=0.0312  value_loss=0.2785
  update 396000/500000: consistency_loss=0.0001  pi_loss=-1.3747  reward_loss=0.0352  total_loss=0.0328  value_loss=0.2726
  update 396500/500000: consistency_loss=0.0001  pi_loss=-1.3917  reward_loss=0.0179  total_loss=0.0299  value_loss=0.2661
  update 397000/500000: consistency_loss=0.0001  pi_loss=-1.3701  reward_loss=0.0137  total_loss=0.0311  value_loss=0.2823
  update 397500/500000: consistency_loss=0.0001  pi_loss=-1.3720  reward_loss=0.0316  total_loss=0.0318  value_loss=0.2696
  update 398000/500000: consistency_loss=0.0001  pi_loss=-1.3686  reward_loss=0.0196  total_loss=0.0302  value_loss=0.2661
  update 398500/500000: consistency_loss=0.0001  pi_loss=-1.3882  reward_loss=0.0205  total_loss=0.0309  value_loss=0.2712
  update 399000/500000: consistency_loss=0.0001  pi_loss=-1.3744  reward_loss=0.0205  total_loss=0.0313  value_loss=0.2765
  update 399500/500000: consistency_loss=0.0001  pi_loss=-1.3779  reward_loss=0.0158  total_loss=0.0302  value_loss=0.2702
  update 400000/500000: consistency_loss=0.0001  pi_loss=-1.3806  reward_loss=0.0191  total_loss=0.0315  value_loss=0.2807
Saved checkpoint at update 400000
  update 400500/500000: consistency_loss=0.0001  pi_loss=-1.3520  reward_loss=0.0133  total_loss=0.0304  value_loss=0.2674
  update 401000/500000: consistency_loss=0.0001  pi_loss=-1.3643  reward_loss=0.0230  total_loss=0.0316  value_loss=0.2759
  update 401500/500000: consistency_loss=0.0001  pi_loss=-1.3366  reward_loss=0.0218  total_loss=0.0301  value_loss=0.2642
  update 402000/500000: consistency_loss=0.0001  pi_loss=-1.3363  reward_loss=0.0186  total_loss=0.0312  value_loss=0.2767
  update 402500/500000: consistency_loss=0.0001  pi_loss=-1.3455  reward_loss=0.0160  total_loss=0.0327  value_loss=0.2946
  update 403000/500000: consistency_loss=0.0001  pi_loss=-1.3580  reward_loss=0.0327  total_loss=0.0322  value_loss=0.2743
  update 403500/500000: consistency_loss=0.0001  pi_loss=-1.3585  reward_loss=0.0180  total_loss=0.0329  value_loss=0.2960
  update 404000/500000: consistency_loss=0.0001  pi_loss=-1.3701  reward_loss=0.0126  total_loss=0.0302  value_loss=0.2718
  update 404500/500000: consistency_loss=0.0001  pi_loss=-1.3828  reward_loss=0.0151  total_loss=0.0312  value_loss=0.2807
  update 405000/500000: consistency_loss=0.0001  pi_loss=-1.3938  reward_loss=0.0253  total_loss=0.0318  value_loss=0.2741
  update 405500/500000: consistency_loss=0.0001  pi_loss=-1.3777  reward_loss=0.0272  total_loss=0.0327  value_loss=0.2843
  update 406000/500000: consistency_loss=0.0001  pi_loss=-1.4034  reward_loss=0.0259  total_loss=0.0312  value_loss=0.2701
  update 406500/500000: consistency_loss=0.0001  pi_loss=-1.4052  reward_loss=0.0210  total_loss=0.0315  value_loss=0.2783
  update 407000/500000: consistency_loss=0.0001  pi_loss=-1.3937  reward_loss=0.0190  total_loss=0.0316  value_loss=0.2744
  update 407500/500000: consistency_loss=0.0001  pi_loss=-1.3805  reward_loss=0.0229  total_loss=0.0309  value_loss=0.2697
  update 408000/500000: consistency_loss=0.0001  pi_loss=-1.3717  reward_loss=0.0250  total_loss=0.0303  value_loss=0.2625
  update 408500/500000: consistency_loss=0.0001  pi_loss=-1.3595  reward_loss=0.0201  total_loss=0.0304  value_loss=0.2683
  update 409000/500000: consistency_loss=0.0001  pi_loss=-1.3613  reward_loss=0.0221  total_loss=0.0302  value_loss=0.2645
  update 409500/500000: consistency_loss=0.0001  pi_loss=-1.3556  reward_loss=0.0164  total_loss=0.0294  value_loss=0.2605
  update 410000/500000: consistency_loss=0.0001  pi_loss=-1.3776  reward_loss=0.0270  total_loss=0.0315  value_loss=0.2737
  update 410500/500000: consistency_loss=0.0001  pi_loss=-1.3962  reward_loss=0.0234  total_loss=0.0312  value_loss=0.2725
  update 411000/500000: consistency_loss=0.0001  pi_loss=-1.3609  reward_loss=0.0174  total_loss=0.0305  value_loss=0.2718
  update 411500/500000: consistency_loss=0.0001  pi_loss=-1.3660  reward_loss=0.0227  total_loss=0.0306  value_loss=0.2699
  update 412000/500000: consistency_loss=0.0001  pi_loss=-1.3277  reward_loss=0.0135  total_loss=0.0315  value_loss=0.2857
  update 412500/500000: consistency_loss=0.0001  pi_loss=-1.3162  reward_loss=0.0206  total_loss=0.0309  value_loss=0.2739
  update 413000/500000: consistency_loss=0.0001  pi_loss=-1.3375  reward_loss=0.0297  total_loss=0.0319  value_loss=0.2739
  update 413500/500000: consistency_loss=0.0001  pi_loss=-1.3762  reward_loss=0.0189  total_loss=0.0317  value_loss=0.2850
  update 414000/500000: consistency_loss=0.0001  pi_loss=-1.3770  reward_loss=0.0230  total_loss=0.0315  value_loss=0.2746
  update 414500/500000: consistency_loss=0.0001  pi_loss=-1.3866  reward_loss=0.0143  total_loss=0.0308  value_loss=0.2752
  update 415000/500000: consistency_loss=0.0001  pi_loss=-1.4061  reward_loss=0.0333  total_loss=0.0321  value_loss=0.2721
  update 415500/500000: consistency_loss=0.0001  pi_loss=-1.3918  reward_loss=0.0252  total_loss=0.0312  value_loss=0.2716
  update 416000/500000: consistency_loss=0.0001  pi_loss=-1.3637  reward_loss=0.0194  total_loss=0.0307  value_loss=0.2724
  update 416500/500000: consistency_loss=0.0001  pi_loss=-1.3652  reward_loss=0.0261  total_loss=0.0316  value_loss=0.2747
  update 417000/500000: consistency_loss=0.0001  pi_loss=-1.3655  reward_loss=0.0306  total_loss=0.0338  value_loss=0.2904
  update 417500/500000: consistency_loss=0.0001  pi_loss=-1.3852  reward_loss=0.0197  total_loss=0.0319  value_loss=0.2840
  update 418000/500000: consistency_loss=0.0001  pi_loss=-1.3763  reward_loss=0.0155  total_loss=0.0321  value_loss=0.2916
  update 418500/500000: consistency_loss=0.0001  pi_loss=-1.3675  reward_loss=0.0115  total_loss=0.0300  value_loss=0.2727
  update 419000/500000: consistency_loss=0.0001  pi_loss=-1.3716  reward_loss=0.0201  total_loss=0.0318  value_loss=0.2792
  update 419500/500000: consistency_loss=0.0001  pi_loss=-1.3524  reward_loss=0.0268  total_loss=0.0317  value_loss=0.2710
  update 420000/500000: consistency_loss=0.0001  pi_loss=-1.3528  reward_loss=0.0260  total_loss=0.0321  value_loss=0.2794
  update 420500/500000: consistency_loss=0.0001  pi_loss=-1.3585  reward_loss=0.0155  total_loss=0.0320  value_loss=0.2823
  update 421000/500000: consistency_loss=0.0001  pi_loss=-1.3989  reward_loss=0.0184  total_loss=0.0326  value_loss=0.2896
  update 421500/500000: consistency_loss=0.0001  pi_loss=-1.3982  reward_loss=0.0189  total_loss=0.0304  value_loss=0.2648
  update 422000/500000: consistency_loss=0.0001  pi_loss=-1.3963  reward_loss=0.0234  total_loss=0.0324  value_loss=0.2861
  update 422500/500000: consistency_loss=0.0001  pi_loss=-1.4283  reward_loss=0.0255  total_loss=0.0319  value_loss=0.2783
  update 423000/500000: consistency_loss=0.0001  pi_loss=-1.4287  reward_loss=0.0229  total_loss=0.0320  value_loss=0.2832
  update 423500/500000: consistency_loss=0.0001  pi_loss=-1.4212  reward_loss=0.0153  total_loss=0.0300  value_loss=0.2689
  update 424000/500000: consistency_loss=0.0001  pi_loss=-1.4035  reward_loss=0.0214  total_loss=0.0312  value_loss=0.2770
  update 424500/500000: consistency_loss=0.0001  pi_loss=-1.4217  reward_loss=0.0286  total_loss=0.0309  value_loss=0.2637
  update 425000/500000: consistency_loss=0.0001  pi_loss=-1.3986  reward_loss=0.0226  total_loss=0.0298  value_loss=0.2595
  update 425500/500000: consistency_loss=0.0001  pi_loss=-1.3939  reward_loss=0.0304  total_loss=0.0309  value_loss=0.2644
  update 426000/500000: consistency_loss=0.0001  pi_loss=-1.3953  reward_loss=0.0193  total_loss=0.0308  value_loss=0.2715
  update 426500/500000: consistency_loss=0.0001  pi_loss=-1.3747  reward_loss=0.0363  total_loss=0.0326  value_loss=0.2730
  update 427000/500000: consistency_loss=0.0001  pi_loss=-1.3923  reward_loss=0.0201  total_loss=0.0310  value_loss=0.2737
  update 427500/500000: consistency_loss=0.0001  pi_loss=-1.3845  reward_loss=0.0265  total_loss=0.0308  value_loss=0.2677
  update 428000/500000: consistency_loss=0.0001  pi_loss=-1.3829  reward_loss=0.0300  total_loss=0.0319  value_loss=0.2749
  update 428500/500000: consistency_loss=0.0001  pi_loss=-1.3738  reward_loss=0.0242  total_loss=0.0306  value_loss=0.2665
  update 429000/500000: consistency_loss=0.0001  pi_loss=-1.3994  reward_loss=0.0173  total_loss=0.0309  value_loss=0.2732
  update 429500/500000: consistency_loss=0.0001  pi_loss=-1.3990  reward_loss=0.0256  total_loss=0.0313  value_loss=0.2706
  update 430000/500000: consistency_loss=0.0001  pi_loss=-1.4051  reward_loss=0.0171  total_loss=0.0298  value_loss=0.2665
  update 430500/500000: consistency_loss=0.0001  pi_loss=-1.4168  reward_loss=0.0160  total_loss=0.0302  value_loss=0.2705
  update 431000/500000: consistency_loss=0.0001  pi_loss=-1.4124  reward_loss=0.0300  total_loss=0.0319  value_loss=0.2741
  update 431500/500000: consistency_loss=0.0001  pi_loss=-1.4276  reward_loss=0.0279  total_loss=0.0321  value_loss=0.2796
  update 432000/500000: consistency_loss=0.0001  pi_loss=-1.4113  reward_loss=0.0126  total_loss=0.0306  value_loss=0.2734
  update 432500/500000: consistency_loss=0.0001  pi_loss=-1.4252  reward_loss=0.0159  total_loss=0.0306  value_loss=0.2745
  update 433000/500000: consistency_loss=0.0001  pi_loss=-1.4381  reward_loss=0.0235  total_loss=0.0318  value_loss=0.2797
  update 433500/500000: consistency_loss=0.0001  pi_loss=-1.4120  reward_loss=0.0340  total_loss=0.0327  value_loss=0.2790
  update 434000/500000: consistency_loss=0.0001  pi_loss=-1.3998  reward_loss=0.0211  total_loss=0.0313  value_loss=0.2765
  update 434500/500000: consistency_loss=0.0001  pi_loss=-1.3733  reward_loss=0.0194  total_loss=0.0297  value_loss=0.2624
  update 435000/500000: consistency_loss=0.0001  pi_loss=-1.3497  reward_loss=0.0200  total_loss=0.0301  value_loss=0.2630
  update 435500/500000: consistency_loss=0.0001  pi_loss=-1.3599  reward_loss=0.0216  total_loss=0.0303  value_loss=0.2683
  update 436000/500000: consistency_loss=0.0001  pi_loss=-1.3394  reward_loss=0.0338  total_loss=0.0307  value_loss=0.2571
  update 436500/500000: consistency_loss=0.0001  pi_loss=-1.3518  reward_loss=0.0288  total_loss=0.0317  value_loss=0.2717
  update 437000/500000: consistency_loss=0.0001  pi_loss=-1.3236  reward_loss=0.0158  total_loss=0.0302  value_loss=0.2722
  update 437500/500000: consistency_loss=0.0001  pi_loss=-1.3430  reward_loss=0.0237  total_loss=0.0307  value_loss=0.2680
  update 438000/500000: consistency_loss=0.0001  pi_loss=-1.3625  reward_loss=0.0207  total_loss=0.0310  value_loss=0.2712
  update 438500/500000: consistency_loss=0.0001  pi_loss=-1.3614  reward_loss=0.0273  total_loss=0.0316  value_loss=0.2754
  update 439000/500000: consistency_loss=0.0001  pi_loss=-1.3718  reward_loss=0.0259  total_loss=0.0316  value_loss=0.2716
  update 439500/500000: consistency_loss=0.0001  pi_loss=-1.3559  reward_loss=0.0176  total_loss=0.0304  value_loss=0.2710
  update 440000/500000: consistency_loss=0.0001  pi_loss=-1.3825  reward_loss=0.0288  total_loss=0.0312  value_loss=0.2691
  update 440500/500000: consistency_loss=0.0001  pi_loss=-1.3802  reward_loss=0.0175  total_loss=0.0316  value_loss=0.2823
  update 441000/500000: consistency_loss=0.0001  pi_loss=-1.3676  reward_loss=0.0250  total_loss=0.0316  value_loss=0.2752
  update 441500/500000: consistency_loss=0.0001  pi_loss=-1.3369  reward_loss=0.0171  total_loss=0.0305  value_loss=0.2741
  update 442000/500000: consistency_loss=0.0001  pi_loss=-1.3456  reward_loss=0.0232  total_loss=0.0316  value_loss=0.2756
  update 442500/500000: consistency_loss=0.0001  pi_loss=-1.3382  reward_loss=0.0268  total_loss=0.0314  value_loss=0.2713
  update 443000/500000: consistency_loss=0.0001  pi_loss=-1.3330  reward_loss=0.0304  total_loss=0.0317  value_loss=0.2697
  update 443500/500000: consistency_loss=0.0001  pi_loss=-1.3288  reward_loss=0.0291  total_loss=0.0310  value_loss=0.2663
  update 444000/500000: consistency_loss=0.0001  pi_loss=-1.3308  reward_loss=0.0212  total_loss=0.0309  value_loss=0.2672
  update 444500/500000: consistency_loss=0.0001  pi_loss=-1.3067  reward_loss=0.0176  total_loss=0.0312  value_loss=0.2778
  update 445000/500000: consistency_loss=0.0001  pi_loss=-1.2884  reward_loss=0.0270  total_loss=0.0310  value_loss=0.2696
  update 445500/500000: consistency_loss=0.0001  pi_loss=-1.2899  reward_loss=0.0212  total_loss=0.0302  value_loss=0.2659
  update 446000/500000: consistency_loss=0.0001  pi_loss=-1.2910  reward_loss=0.0335  total_loss=0.0328  value_loss=0.2773
  update 446500/500000: consistency_loss=0.0001  pi_loss=-1.2747  reward_loss=0.0167  total_loss=0.0306  value_loss=0.2750
  update 447000/500000: consistency_loss=0.0001  pi_loss=-1.2753  reward_loss=0.0227  total_loss=0.0299  value_loss=0.2630
  update 447500/500000: consistency_loss=0.0001  pi_loss=-1.2824  reward_loss=0.0187  total_loss=0.0309  value_loss=0.2757
  update 448000/500000: consistency_loss=0.0001  pi_loss=-1.2872  reward_loss=0.0201  total_loss=0.0308  value_loss=0.2695
  update 448500/500000: consistency_loss=0.0001  pi_loss=-1.2939  reward_loss=0.0246  total_loss=0.0319  value_loss=0.2785
  update 449000/500000: consistency_loss=0.0001  pi_loss=-1.3102  reward_loss=0.0156  total_loss=0.0294  value_loss=0.2618
  update 449500/500000: consistency_loss=0.0001  pi_loss=-1.2975  reward_loss=0.0175  total_loss=0.0306  value_loss=0.2731
  update 450000/500000: consistency_loss=0.0001  pi_loss=-1.3295  reward_loss=0.0232  total_loss=0.0324  value_loss=0.2822
  update 450500/500000: consistency_loss=0.0001  pi_loss=-1.3406  reward_loss=0.0263  total_loss=0.0333  value_loss=0.2901
  update 451000/500000: consistency_loss=0.0001  pi_loss=-1.3616  reward_loss=0.0139  total_loss=0.0294  value_loss=0.2682
  update 451500/500000: consistency_loss=0.0001  pi_loss=-1.3633  reward_loss=0.0151  total_loss=0.0314  value_loss=0.2847
  update 452000/500000: consistency_loss=0.0001  pi_loss=-1.3513  reward_loss=0.0272  total_loss=0.0324  value_loss=0.2817
  update 452500/500000: consistency_loss=0.0001  pi_loss=-1.3835  reward_loss=0.0274  total_loss=0.0312  value_loss=0.2697
  update 453000/500000: consistency_loss=0.0001  pi_loss=-1.3820  reward_loss=0.0304  total_loss=0.0322  value_loss=0.2764
  update 453500/500000: consistency_loss=0.0001  pi_loss=-1.3900  reward_loss=0.0169  total_loss=0.0304  value_loss=0.2723
  update 454000/500000: consistency_loss=0.0001  pi_loss=-1.3917  reward_loss=0.0180  total_loss=0.0297  value_loss=0.2644
  update 454500/500000: consistency_loss=0.0001  pi_loss=-1.3829  reward_loss=0.0173  total_loss=0.0301  value_loss=0.2686
  update 455000/500000: consistency_loss=0.0001  pi_loss=-1.3761  reward_loss=0.0189  total_loss=0.0320  value_loss=0.2885
  update 455500/500000: consistency_loss=0.0001  pi_loss=-1.3952  reward_loss=0.0187  total_loss=0.0304  value_loss=0.2677
  update 456000/500000: consistency_loss=0.0001  pi_loss=-1.3898  reward_loss=0.0164  total_loss=0.0304  value_loss=0.2691
  update 456500/500000: consistency_loss=0.0001  pi_loss=-1.3726  reward_loss=0.0148  total_loss=0.0322  value_loss=0.2852
  update 457000/500000: consistency_loss=0.0001  pi_loss=-1.3724  reward_loss=0.0250  total_loss=0.0310  value_loss=0.2679
  update 457500/500000: consistency_loss=0.0001  pi_loss=-1.3868  reward_loss=0.0230  total_loss=0.0304  value_loss=0.2669
  update 458000/500000: consistency_loss=0.0001  pi_loss=-1.3903  reward_loss=0.0203  total_loss=0.0310  value_loss=0.2732
  update 458500/500000: consistency_loss=0.0001  pi_loss=-1.4037  reward_loss=0.0203  total_loss=0.0305  value_loss=0.2671
  update 459000/500000: consistency_loss=0.0001  pi_loss=-1.4144  reward_loss=0.0148  total_loss=0.0295  value_loss=0.2648
  update 459500/500000: consistency_loss=0.0001  pi_loss=-1.4137  reward_loss=0.0227  total_loss=0.0305  value_loss=0.2695
  update 460000/500000: consistency_loss=0.0001  pi_loss=-1.4126  reward_loss=0.0218  total_loss=0.0301  value_loss=0.2634
  update 460500/500000: consistency_loss=0.0001  pi_loss=-1.4174  reward_loss=0.0178  total_loss=0.0307  value_loss=0.2737
  update 461000/500000: consistency_loss=0.0001  pi_loss=-1.4280  reward_loss=0.0306  total_loss=0.0321  value_loss=0.2742
  update 461500/500000: consistency_loss=0.0001  pi_loss=-1.4528  reward_loss=0.0261  total_loss=0.0316  value_loss=0.2723
  update 462000/500000: consistency_loss=0.0001  pi_loss=-1.4391  reward_loss=0.0191  total_loss=0.0309  value_loss=0.2738
  update 462500/500000: consistency_loss=0.0001  pi_loss=-1.4430  reward_loss=0.0227  total_loss=0.0320  value_loss=0.2822
  update 463000/500000: consistency_loss=0.0001  pi_loss=-1.4557  reward_loss=0.0191  total_loss=0.0306  value_loss=0.2725
  update 463500/500000: consistency_loss=0.0001  pi_loss=-1.4411  reward_loss=0.0128  total_loss=0.0310  value_loss=0.2827
  update 464000/500000: consistency_loss=0.0001  pi_loss=-1.4385  reward_loss=0.0129  total_loss=0.0306  value_loss=0.2759
  update 464500/500000: consistency_loss=0.0001  pi_loss=-1.4344  reward_loss=0.0113  total_loss=0.0298  value_loss=0.2687
  update 465000/500000: consistency_loss=0.0001  pi_loss=-1.4499  reward_loss=0.0237  total_loss=0.0314  value_loss=0.2769
  update 465500/500000: consistency_loss=0.0001  pi_loss=-1.4393  reward_loss=0.0158  total_loss=0.0318  value_loss=0.2877
  update 466000/500000: consistency_loss=0.0001  pi_loss=-1.4384  reward_loss=0.0230  total_loss=0.0324  value_loss=0.2862
  update 466500/500000: consistency_loss=0.0001  pi_loss=-1.4492  reward_loss=0.0298  total_loss=0.0332  value_loss=0.2867
  update 467000/500000: consistency_loss=0.0001  pi_loss=-1.4550  reward_loss=0.0265  total_loss=0.0326  value_loss=0.2843
  update 467500/500000: consistency_loss=0.0001  pi_loss=-1.4472  reward_loss=0.0185  total_loss=0.0312  value_loss=0.2721
  update 468000/500000: consistency_loss=0.0001  pi_loss=-1.4577  reward_loss=0.0212  total_loss=0.0319  value_loss=0.2743
  update 468500/500000: consistency_loss=0.0001  pi_loss=-1.4378  reward_loss=0.0180  total_loss=0.0299  value_loss=0.2644
  update 469000/500000: consistency_loss=0.0001  pi_loss=-1.4317  reward_loss=0.0156  total_loss=0.0309  value_loss=0.2780
  update 469500/500000: consistency_loss=0.0001  pi_loss=-1.4748  reward_loss=0.0276  total_loss=0.0324  value_loss=0.2727
  update 470000/500000: consistency_loss=0.0001  pi_loss=-1.4604  reward_loss=0.0239  total_loss=0.0304  value_loss=0.2643
  update 470500/500000: consistency_loss=0.0001  pi_loss=-1.4468  reward_loss=0.0209  total_loss=0.0308  value_loss=0.2690
  update 471000/500000: consistency_loss=0.0001  pi_loss=-1.4577  reward_loss=0.0317  total_loss=0.0333  value_loss=0.2836
  update 471500/500000: consistency_loss=0.0001  pi_loss=-1.4552  reward_loss=0.0244  total_loss=0.0324  value_loss=0.2846
  update 472000/500000: consistency_loss=0.0001  pi_loss=-1.4335  reward_loss=0.0180  total_loss=0.0311  value_loss=0.2776
  update 472500/500000: consistency_loss=0.0001  pi_loss=-1.4321  reward_loss=0.0234  total_loss=0.0300  value_loss=0.2620
  update 473000/500000: consistency_loss=0.0001  pi_loss=-1.4446  reward_loss=0.0218  total_loss=0.0315  value_loss=0.2766
  update 473500/500000: consistency_loss=0.0001  pi_loss=-1.4273  reward_loss=0.0212  total_loss=0.0314  value_loss=0.2769
  update 474000/500000: consistency_loss=0.0001  pi_loss=-1.4191  reward_loss=0.0153  total_loss=0.0303  value_loss=0.2738
  update 474500/500000: consistency_loss=0.0001  pi_loss=-1.4300  reward_loss=0.0222  total_loss=0.0323  value_loss=0.2861
  update 475000/500000: consistency_loss=0.0001  pi_loss=-1.4328  reward_loss=0.0241  total_loss=0.0309  value_loss=0.2704
  update 475500/500000: consistency_loss=0.0001  pi_loss=-1.4638  reward_loss=0.0333  total_loss=0.0320  value_loss=0.2723
  update 476000/500000: consistency_loss=0.0001  pi_loss=-1.4554  reward_loss=0.0133  total_loss=0.0299  value_loss=0.2720
  update 476500/500000: consistency_loss=0.0001  pi_loss=-1.4660  reward_loss=0.0272  total_loss=0.0328  value_loss=0.2859
  update 477000/500000: consistency_loss=0.0001  pi_loss=-1.4837  reward_loss=0.0212  total_loss=0.0293  value_loss=0.2555
  update 477500/500000: consistency_loss=0.0001  pi_loss=-1.4740  reward_loss=0.0257  total_loss=0.0317  value_loss=0.2743
  update 478000/500000: consistency_loss=0.0001  pi_loss=-1.4658  reward_loss=0.0218  total_loss=0.0310  value_loss=0.2727
  update 478500/500000: consistency_loss=0.0001  pi_loss=-1.4429  reward_loss=0.0095  total_loss=0.0310  value_loss=0.2851
  update 479000/500000: consistency_loss=0.0001  pi_loss=-1.4399  reward_loss=0.0287  total_loss=0.0323  value_loss=0.2736
  update 479500/500000: consistency_loss=0.0001  pi_loss=-1.4467  reward_loss=0.0336  total_loss=0.0326  value_loss=0.2760
  update 480000/500000: consistency_loss=0.0001  pi_loss=-1.4651  reward_loss=0.0241  total_loss=0.0318  value_loss=0.2760
  update 480500/500000: consistency_loss=0.0001  pi_loss=-1.4708  reward_loss=0.0261  total_loss=0.0316  value_loss=0.2780
  update 481000/500000: consistency_loss=0.0001  pi_loss=-1.4914  reward_loss=0.0241  total_loss=0.0316  value_loss=0.2730
  update 481500/500000: consistency_loss=0.0001  pi_loss=-1.4668  reward_loss=0.0189  total_loss=0.0317  value_loss=0.2856
  update 482000/500000: consistency_loss=0.0001  pi_loss=-1.4619  reward_loss=0.0264  total_loss=0.0325  value_loss=0.2825
  update 482500/500000: consistency_loss=0.0001  pi_loss=-1.4405  reward_loss=0.0108  total_loss=0.0303  value_loss=0.2780
  update 483000/500000: consistency_loss=0.0001  pi_loss=-1.4363  reward_loss=0.0191  total_loss=0.0319  value_loss=0.2830
  update 483500/500000: consistency_loss=0.0001  pi_loss=-1.4418  reward_loss=0.0223  total_loss=0.0307  value_loss=0.2694
  update 484000/500000: consistency_loss=0.0001  pi_loss=-1.4455  reward_loss=0.0239  total_loss=0.0316  value_loss=0.2788
  update 484500/500000: consistency_loss=0.0001  pi_loss=-1.4395  reward_loss=0.0228  total_loss=0.0311  value_loss=0.2725
  update 485000/500000: consistency_loss=0.0001  pi_loss=-1.4323  reward_loss=0.0246  total_loss=0.0302  value_loss=0.2636
  update 485500/500000: consistency_loss=0.0001  pi_loss=-1.4442  reward_loss=0.0229  total_loss=0.0318  value_loss=0.2777
  update 486000/500000: consistency_loss=0.0001  pi_loss=-1.4178  reward_loss=0.0241  total_loss=0.0321  value_loss=0.2824
  update 486500/500000: consistency_loss=0.0001  pi_loss=-1.4416  reward_loss=0.0149  total_loss=0.0318  value_loss=0.2879
  update 487000/500000: consistency_loss=0.0001  pi_loss=-1.4544  reward_loss=0.0175  total_loss=0.0315  value_loss=0.2848
  update 487500/500000: consistency_loss=0.0001  pi_loss=-1.4762  reward_loss=0.0095  total_loss=0.0318  value_loss=0.2953
  update 488000/500000: consistency_loss=0.0001  pi_loss=-1.5045  reward_loss=0.0263  total_loss=0.0325  value_loss=0.2841
  update 488500/500000: consistency_loss=0.0001  pi_loss=-1.5317  reward_loss=0.0246  total_loss=0.0321  value_loss=0.2797
  update 489000/500000: consistency_loss=0.0001  pi_loss=-1.5188  reward_loss=0.0207  total_loss=0.0325  value_loss=0.2894
  update 489500/500000: consistency_loss=0.0001  pi_loss=-1.5028  reward_loss=0.0279  total_loss=0.0328  value_loss=0.2858
  update 490000/500000: consistency_loss=0.0001  pi_loss=-1.5018  reward_loss=0.0160  total_loss=0.0313  value_loss=0.2799
  update 490500/500000: consistency_loss=0.0001  pi_loss=-1.5200  reward_loss=0.0255  total_loss=0.0333  value_loss=0.2896
  update 491000/500000: consistency_loss=0.0001  pi_loss=-1.5454  reward_loss=0.0331  total_loss=0.0329  value_loss=0.2819
  update 491500/500000: consistency_loss=0.0001  pi_loss=-1.5351  reward_loss=0.0243  total_loss=0.0328  value_loss=0.2859
  update 492000/500000: consistency_loss=0.0001  pi_loss=-1.5272  reward_loss=0.0175  total_loss=0.0326  value_loss=0.2920
  update 492500/500000: consistency_loss=0.0001  pi_loss=-1.5049  reward_loss=0.0207  total_loss=0.0335  value_loss=0.2982
  update 493000/500000: consistency_loss=0.0001  pi_loss=-1.5144  reward_loss=0.0200  total_loss=0.0328  value_loss=0.2932
  update 493500/500000: consistency_loss=0.0001  pi_loss=-1.5262  reward_loss=0.0212  total_loss=0.0311  value_loss=0.2740
  update 494000/500000: consistency_loss=0.0001  pi_loss=-1.5338  reward_loss=0.0133  total_loss=0.0314  value_loss=0.2869
  update 494500/500000: consistency_loss=0.0001  pi_loss=-1.5203  reward_loss=0.0268  total_loss=0.0339  value_loss=0.2945
  update 495000/500000: consistency_loss=0.0001  pi_loss=-1.5473  reward_loss=0.0205  total_loss=0.0333  value_loss=0.2913
  update 495500/500000: consistency_loss=0.0001  pi_loss=-1.5533  reward_loss=0.0243  total_loss=0.0321  value_loss=0.2817
  update 496000/500000: consistency_loss=0.0001  pi_loss=-1.5772  reward_loss=0.0252  total_loss=0.0332  value_loss=0.2922
  update 496500/500000: consistency_loss=0.0001  pi_loss=-1.5925  reward_loss=0.0198  total_loss=0.0344  value_loss=0.3051
  update 497000/500000: consistency_loss=0.0001  pi_loss=-1.5666  reward_loss=0.0223  total_loss=0.0311  value_loss=0.2742
  update 497500/500000: consistency_loss=0.0001  pi_loss=-1.5502  reward_loss=0.0274  total_loss=0.0340  value_loss=0.2935
  update 498000/500000: consistency_loss=0.0001  pi_loss=-1.5353  reward_loss=0.0360  total_loss=0.0333  value_loss=0.2822
  update 498500/500000: consistency_loss=0.0001  pi_loss=-1.5118  reward_loss=0.0154  total_loss=0.0316  value_loss=0.2790
  update 499000/500000: consistency_loss=0.0001  pi_loss=-1.5147  reward_loss=0.0247  total_loss=0.0324  value_loss=0.2855
  update 499500/500000: consistency_loss=0.0001  pi_loss=-1.5172  reward_loss=0.0196  total_loss=0.0326  value_loss=0.2913
  update 500000/500000: consistency_loss=0.0001  pi_loss=-1.5476  reward_loss=0.0256  total_loss=0.0335  value_loss=0.2931
DONE: 500000 updates -> /workspace/dreamerv3_runs/tm2wm_finger_awareq1s0_seed11/tm2_ckpt.pt
[Sun Jul 19 03:47:33 UTC 2026] adapt RUN_ID=adapt_tm2awareq1s0_finger_seed11_ckpt500000 TASK=dmc_finger_turn_hard STEPS=125000 SEED=11
/workspace/conda_envs/dreamerv3/lib/python3.11/site-packages/tensordict/_td.py:612: FutureWarning: TensorDict.to_module() is replacing an existing nn.Parameter in the destination module with a tensor leaf that is not an nn.Parameter. This historical behavior can remove the key from module.state_dict(). In tensordict v0.14, to_module() will preserve existing module parameter and buffer registrations by default. Pass preserve_module_state=False to keep the current replacement behavior, or preserve_module_state=True to opt in to the v0.14 behavior now.
  local_out = _set_tensor_dict(
Episode length: 1000
Discount factor: 0.995
Loaded + froze 20 tensors (928,512 params) from /workspace/dreamerv3_runs/tm2wm_finger_awareq1s0_seed11/tm2_ckpt.pt
Architecture: TD-MPC2 World Model
Encoder: ModuleDict(
  (state): Sequential(
    (0): NormedLinear(in_features=12, out_features=256, bias=True, act=Mish)
    (1): NormedLinear(in_features=256, out_features=512, bias=True, act=SimNorm)
  )
)
Dynamics: Sequential(
  (0): NormedLinear(in_features=514, out_features=512, bias=True, act=Mish)
  (1): NormedLinear(in_features=512, out_features=512, bias=True, act=Mish)
  (2): NormedLinear(in_features=512, out_features=512, bias=True, act=SimNorm)
)
Reward: Sequential(
  (0): NormedLinear(in_features=514, out_features=512, bias=True, act=Mish)
  (1): NormedLinear(in_features=512, out_features=512, bias=True, act=Mish)
  (2): Linear(in_features=512, out_features=101, bias=True)
)
Policy prior: Sequential(
  (0): NormedLinear(in_features=512, out_features=512, bias=True, act=Mish)
  (1): NormedLinear(in_features=512, out_features=512, bias=True, act=Mish)
  (2): Linear(in_features=512, out_features=4, bias=True)
)
Q-functions: Vectorized 5x Sequential(
  (0): NormedLinear(in_features=514, out_features=512, bias=True, dropout=0.01, act=Mish)
  (1): NormedLinear(in_features=512, out_features=512, bias=True, act=Mish)
  (2): Linear(in_features=512, out_features=101, bias=True)
)
Learnable parameters: 4,010,594
[eval] {'eval/episode_reward': 66.875, 'eval/episode_success': 0.0, 'eval/episode_length': 1000.0, 'eval/step': 0.0, 'eval/episode': 0.0, 'eval/elapsed_time': 444.4833171367645, 'eval/steps_per_second': 0.0}
Buffer capacity: 125,000
Storage required: 0.01 GB
Using CUDA:0 memory for storage.
[92m2026-07-19 03:55:03,348 [torchrl][INFO][0m    Initialized LazyTensorStorage with torch.Size([125000]) shape[92m [END][0m
Pretraining agent on seed data...
/workspace/conda_envs/dreamerv3/lib/python3.11/site-packages/torch/jit/_script.py:365: DeprecationWarning: `torch.jit.script_method` is deprecated. Please switch to `torch.compile` or `torch.export`.
  warnings.warn(
/workspace/conda_envs/dreamerv3/lib/python3.11/site-packages/torch/jit/_script.py:365: DeprecationWarning: `torch.jit.script_method` is deprecated. Please switch to `torch.compile` or `torch.export`.
  warnings.warn(
/workspace/conda_envs/dreamerv3/lib/python3.11/site-packages/torch/jit/_script.py:365: DeprecationWarning: `torch.jit.script_method` is deprecated. Please switch to `torch.compile` or `torch.export`.
  warnings.warn(
/workspace/conda_envs/dreamerv3/lib/python3.11/site-packages/torch/jit/_script.py:365: DeprecationWarning: `torch.jit.script_method` is deprecated. Please switch to `torch.compile` or `torch.export`.
  warnings.warn(
/workspace/conda_envs/dreamerv3/lib/python3.11/site-packages/torch/jit/_script.py:365: DeprecationWarning: `torch.jit.script_method` is deprecated. Please switch to `torch.compile` or `torch.export`.
  warnings.warn(
/workspace/conda_envs/dreamerv3/lib/python3.11/site-packages/torch/jit/_script.py:365: DeprecationWarning: `torch.jit.script_method` is deprecated. Please switch to `torch.compile` or `torch.export`.
  warnings.warn(
/workspace/conda_envs/dreamerv3/lib/python3.11/site-packages/torch/jit/_script.py:365: DeprecationWarning: `torch.jit.script_method` is deprecated. Please switch to `torch.compile` or `torch.export`.
  warnings.warn(
/workspace/conda_envs/dreamerv3/lib/python3.11/site-packages/torch/jit/_script.py:365: DeprecationWarning: `torch.jit.script_method` is deprecated. Please switch to `torch.compile` or `torch.export`.
  warnings.warn(
/workspace/conda_envs/dreamerv3/lib/python3.11/site-packages/torch/jit/_script.py:365: DeprecationWarning: `torch.jit.script_method` is deprecated. Please switch to `torch.compile` or `torch.export`.
  warnings.warn(
/workspace/conda_envs/dreamerv3/lib/python3.11/site-packages/torch/jit/_script.py:365: DeprecationWarning: `torch.jit.script_method` is deprecated. Please switch to `torch.compile` or `torch.export`.
  warnings.warn(
/workspace/conda_envs/dreamerv3/lib/python3.11/site-packages/torch/jit/_script.py:365: DeprecationWarning: `torch.jit.script_method` is deprecated. Please switch to `torch.compile` or `torch.export`.
  warnings.warn(
/workspace/conda_envs/dreamerv3/lib/python3.11/site-packages/torch/jit/_script.py:365: DeprecationWarning: `torch.jit.script_method` is deprecated. Please switch to `torch.compile` or `torch.export`.
  warnings.warn(
/workspace/conda_envs/dreamerv3/lib/python3.11/site-packages/torch/jit/_script.py:365: DeprecationWarning: `torch.jit.script_method` is deprecated. Please switch to `torch.compile` or `torch.export`.
  warnings.warn(
/workspace/conda_envs/dreamerv3/lib/python3.11/site-packages/torch/jit/_script.py:365: DeprecationWarning: `torch.jit.script_method` is deprecated. Please switch to `torch.compile` or `torch.export`.
  warnings.warn(
[eval] {'eval/episode_reward': 186.875, 'eval/episode_success': 0.0, 'eval/episode_length': 1000.0, 'eval/step': 16000.0, 'eval/episode': 15.0, 'eval/elapsed_time': 1681.297816991806, 'eval/steps_per_second': 9.516457963781427}
[eval] {'eval/episode_reward': 131.0625, 'eval/episode_success': 0.0, 'eval/episode_length': 1000.0, 'eval/step': 32000.0, 'eval/episode': 31.0, 'eval/elapsed_time': 3055.4886207580566, 'eval/steps_per_second': 10.472956692622507}
[eval] {'eval/episode_reward': 390.0625, 'eval/episode_success': 0.0, 'eval/episode_length': 1000.0, 'eval/step': 48000.0, 'eval/episode': 47.0, 'eval/elapsed_time': 4431.349759578705, 'eval/steps_per_second': 10.831914112905281}
[eval] {'eval/episode_reward': 248.5625, 'eval/episode_success': 0.0, 'eval/episode_length': 1000.0, 'eval/step': 64000.0, 'eval/episode': 63.0, 'eval/elapsed_time': 5816.944066524506, 'eval/steps_per_second': 11.00234062216771}
[eval] {'eval/episode_reward': 185.3125, 'eval/episode_success': 0.0, 'eval/episode_length': 1000.0, 'eval/step': 80000.0, 'eval/episode': 79.0, 'eval/elapsed_time': 7193.197289228439, 'eval/steps_per_second': 11.121619049681453}
[eval] {'eval/episode_reward': 422.8125, 'eval/episode_success': 0.0, 'eval/episode_length': 1000.0, 'eval/step': 96000.0, 'eval/episode': 95.0, 'eval/elapsed_time': 8785.138121843338, 'eval/steps_per_second': 10.92754589268277}
[eval] {'eval/episode_reward': 131.9375, 'eval/episode_success': 0.0, 'eval/episode_length': 1000.0, 'eval/step': 112000.0, 'eval/episode': 111.0, 'eval/elapsed_time': 10604.985100269318, 'eval/steps_per_second': 10.561070943622138}
ADAPT DONE -> /workspace/dreamerv3_runs/adapt_tm2awareq1s0_finger_seed11_ckpt500000
[Sun Jul 19 07:02:15 UTC 2026] tdmpc2 adapt_tm2awareq1s0_finger_seed11_ckpt500000 rc=0 status=DONE
