[Sat Jul 18 21:26:43 UTC 2026] offline_fit WM_RUN=tm2wm_finger_awareq1s1_seed10 ARM=aware DATA=/workspace/dreamerv3_runs/tm2_data/finger_q1_side1.pt UPDATES=500000 SEED=10
/workspace/conda_envs/dreamerv3/lib/python3.11/site-packages/tensordict/_td.py:612: FutureWarning: TensorDict.to_module() is replacing an existing nn.Parameter in the destination module with a tensor leaf that is not an nn.Parameter. This historical behavior can remove the key from module.state_dict(). In tensordict v0.14, to_module() will preserve existing module parameter and buffer registrations by default. Pass preserve_module_state=False to keep the current replacement behavior, or preserve_module_state=True to opt in to the v0.14 behavior now.
  local_out = _set_tensor_dict(
Episode length: 1000
Discount factor: 0.995
Buffer capacity: 200,200
Storage required: 0.01 GB
Using CUDA:0 memory for storage.
[92m2026-07-18 21:26:47,487 [torchrl][INFO][0m    Initialized LazyTensorStorage with torch.Size([200200]) shape[92m [END][0m
Loaded static data: 200 eps x 1001 rows = 200200 rows; arm=aware (reward_coef=0.1, value_coef=0.1)
  update      1/500000: consistency_loss=0.0159  pi_loss=-0.0004  reward_loss=2.6922  total_loss=0.8565  value_loss=2.6922
  update    500/500000: consistency_loss=0.0015  pi_loss=-0.6027  reward_loss=0.1849  total_loss=0.0808  value_loss=0.3311
  update   1000/500000: consistency_loss=0.0012  pi_loss=-0.2984  reward_loss=0.1727  total_loss=0.0793  value_loss=0.3888
  update   1500/500000: consistency_loss=0.0012  pi_loss=-0.2508  reward_loss=0.1825  total_loss=0.0859  value_loss=0.4371
  update   2000/500000: consistency_loss=0.0010  pi_loss=-0.1901  reward_loss=0.1330  total_loss=0.0756  value_loss=0.4232
  update   2500/500000: consistency_loss=0.0008  pi_loss=-0.1954  reward_loss=0.1558  total_loss=0.0749  value_loss=0.4397
  update   3000/500000: consistency_loss=0.0007  pi_loss=-0.2041  reward_loss=0.1430  total_loss=0.0682  value_loss=0.4088
  update   3500/500000: consistency_loss=0.0006  pi_loss=-0.1894  reward_loss=0.1402  total_loss=0.0655  value_loss=0.3862
  update   4000/500000: consistency_loss=0.0007  pi_loss=-0.1925  reward_loss=0.1451  total_loss=0.0725  value_loss=0.4460
  update   4500/500000: consistency_loss=0.0007  pi_loss=-0.2181  reward_loss=0.1864  total_loss=0.0738  value_loss=0.4195
  update   5000/500000: consistency_loss=0.0006  pi_loss=-0.1880  reward_loss=0.1523  total_loss=0.0694  value_loss=0.4230
  update   5500/500000: consistency_loss=0.0005  pi_loss=-0.1823  reward_loss=0.1398  total_loss=0.0637  value_loss=0.3975
  update   6000/500000: consistency_loss=0.0005  pi_loss=-0.1856  reward_loss=0.1394  total_loss=0.0650  value_loss=0.4031
  update   6500/500000: consistency_loss=0.0006  pi_loss=-0.1782  reward_loss=0.1317  total_loss=0.0631  value_loss=0.3861
  update   7000/500000: consistency_loss=0.0006  pi_loss=-0.1948  reward_loss=0.1371  total_loss=0.0680  value_loss=0.4235
  update   7500/500000: consistency_loss=0.0004  pi_loss=-0.2026  reward_loss=0.1457  total_loss=0.0571  value_loss=0.3363
  update   8000/500000: consistency_loss=0.0005  pi_loss=-0.2031  reward_loss=0.1559  total_loss=0.0594  value_loss=0.3450
  update   8500/500000: consistency_loss=0.0004  pi_loss=-0.1920  reward_loss=0.1452  total_loss=0.0634  value_loss=0.3999
  update   9000/500000: consistency_loss=0.0004  pi_loss=-0.2056  reward_loss=0.1444  total_loss=0.0622  value_loss=0.4001
  update   9500/500000: consistency_loss=0.0004  pi_loss=-0.2084  reward_loss=0.1399  total_loss=0.0592  value_loss=0.3647
  update  10000/500000: consistency_loss=0.0004  pi_loss=-0.1945  reward_loss=0.1218  total_loss=0.0600  value_loss=0.3946
  update  10500/500000: consistency_loss=0.0004  pi_loss=-0.1902  reward_loss=0.1351  total_loss=0.0604  value_loss=0.3898
  update  11000/500000: consistency_loss=0.0004  pi_loss=-0.2065  reward_loss=0.1519  total_loss=0.0643  value_loss=0.4092
  update  11500/500000: consistency_loss=0.0005  pi_loss=-0.2122  reward_loss=0.1297  total_loss=0.0581  value_loss=0.3598
  update  12000/500000: consistency_loss=0.0005  pi_loss=-0.2265  reward_loss=0.1476  total_loss=0.0625  value_loss=0.3845
  update  12500/500000: consistency_loss=0.0004  pi_loss=-0.2200  reward_loss=0.1462  total_loss=0.0639  value_loss=0.4211
  update  13000/500000: consistency_loss=0.0005  pi_loss=-0.2239  reward_loss=0.1386  total_loss=0.0704  value_loss=0.4719
  update  13500/500000: consistency_loss=0.0004  pi_loss=-0.2339  reward_loss=0.1349  total_loss=0.0643  value_loss=0.4208
  update  14000/500000: consistency_loss=0.0004  pi_loss=-0.2208  reward_loss=0.1267  total_loss=0.0633  value_loss=0.4223
  update  14500/500000: consistency_loss=0.0004  pi_loss=-0.2547  reward_loss=0.1449  total_loss=0.0559  value_loss=0.3407
  update  15000/500000: consistency_loss=0.0004  pi_loss=-0.2623  reward_loss=0.1466  total_loss=0.0581  value_loss=0.3523
  update  15500/500000: consistency_loss=0.0003  pi_loss=-0.2625  reward_loss=0.1493  total_loss=0.0581  value_loss=0.3683
  update  16000/500000: consistency_loss=0.0004  pi_loss=-0.2646  reward_loss=0.1389  total_loss=0.0659  value_loss=0.4322
  update  16500/500000: consistency_loss=0.0003  pi_loss=-0.2775  reward_loss=0.1451  total_loss=0.0594  value_loss=0.3832
  update  17000/500000: consistency_loss=0.0004  pi_loss=-0.2723  reward_loss=0.1620  total_loss=0.0627  value_loss=0.3903
  update  17500/500000: consistency_loss=0.0004  pi_loss=-0.2850  reward_loss=0.1384  total_loss=0.0572  value_loss=0.3589
  update  18000/500000: consistency_loss=0.0003  pi_loss=-0.2958  reward_loss=0.1448  total_loss=0.0614  value_loss=0.4044
  update  18500/500000: consistency_loss=0.0004  pi_loss=-0.3080  reward_loss=0.1395  total_loss=0.0576  value_loss=0.3631
  update  19000/500000: consistency_loss=0.0003  pi_loss=-0.3189  reward_loss=0.1442  total_loss=0.0580  value_loss=0.3708
  update  19500/500000: consistency_loss=0.0003  pi_loss=-0.3158  reward_loss=0.1616  total_loss=0.0638  value_loss=0.4123
  update  20000/500000: consistency_loss=0.0003  pi_loss=-0.3259  reward_loss=0.1330  total_loss=0.0565  value_loss=0.3729
  update  20500/500000: consistency_loss=0.0003  pi_loss=-0.3355  reward_loss=0.1524  total_loss=0.0579  value_loss=0.3614
  update  21000/500000: consistency_loss=0.0003  pi_loss=-0.3611  reward_loss=0.1609  total_loss=0.0591  value_loss=0.3723
  update  21500/500000: consistency_loss=0.0003  pi_loss=-0.3331  reward_loss=0.1320  total_loss=0.0557  value_loss=0.3701
  update  22000/500000: consistency_loss=0.0003  pi_loss=-0.3365  reward_loss=0.1532  total_loss=0.0567  value_loss=0.3576
  update  22500/500000: consistency_loss=0.0002  pi_loss=-0.3598  reward_loss=0.1513  total_loss=0.0488  value_loss=0.2885
  update  23000/500000: consistency_loss=0.0003  pi_loss=-0.3302  reward_loss=0.1192  total_loss=0.0481  value_loss=0.3049
  update  23500/500000: consistency_loss=0.0003  pi_loss=-0.3640  reward_loss=0.1786  total_loss=0.0503  value_loss=0.2737
  update  24000/500000: consistency_loss=0.0003  pi_loss=-0.3477  reward_loss=0.1493  total_loss=0.0512  value_loss=0.3098
  update  24500/500000: consistency_loss=0.0003  pi_loss=-0.3274  reward_loss=0.1132  total_loss=0.0463  value_loss=0.2993
  update  25000/500000: consistency_loss=0.0003  pi_loss=-0.3344  reward_loss=0.1607  total_loss=0.0515  value_loss=0.3019
  update  25500/500000: consistency_loss=0.0002  pi_loss=-0.3519  reward_loss=0.1371  total_loss=0.0507  value_loss=0.3261
  update  26000/500000: consistency_loss=0.0003  pi_loss=-0.3717  reward_loss=0.1546  total_loss=0.0539  value_loss=0.3288
  update  26500/500000: consistency_loss=0.0003  pi_loss=-0.3747  reward_loss=0.1647  total_loss=0.0561  value_loss=0.3392
  update  27000/500000: consistency_loss=0.0002  pi_loss=-0.3698  reward_loss=0.1436  total_loss=0.0496  value_loss=0.3044
  update  27500/500000: consistency_loss=0.0003  pi_loss=-0.3878  reward_loss=0.1573  total_loss=0.0518  value_loss=0.3070
  update  28000/500000: consistency_loss=0.0002  pi_loss=-0.3694  reward_loss=0.1328  total_loss=0.0480  value_loss=0.3034
  update  28500/500000: consistency_loss=0.0002  pi_loss=-0.3752  reward_loss=0.1431  total_loss=0.0505  value_loss=0.3156
  update  29000/500000: consistency_loss=0.0002  pi_loss=-0.3812  reward_loss=0.1468  total_loss=0.0486  value_loss=0.2975
  update  29500/500000: consistency_loss=0.0002  pi_loss=-0.3827  reward_loss=0.1478  total_loss=0.0466  value_loss=0.2693
  update  30000/500000: consistency_loss=0.0002  pi_loss=-0.3957  reward_loss=0.1346  total_loss=0.0430  value_loss=0.2568
  update  30500/500000: consistency_loss=0.0002  pi_loss=-0.3935  reward_loss=0.1145  total_loss=0.0398  value_loss=0.2403
  update  31000/500000: consistency_loss=0.0002  pi_loss=-0.4156  reward_loss=0.1398  total_loss=0.0396  value_loss=0.2229
  update  31500/500000: consistency_loss=0.0002  pi_loss=-0.4010  reward_loss=0.1478  total_loss=0.0425  value_loss=0.2389
  update  32000/500000: consistency_loss=0.0002  pi_loss=-0.4158  reward_loss=0.1529  total_loss=0.0425  value_loss=0.2327
  update  32500/500000: consistency_loss=0.0002  pi_loss=-0.4164  reward_loss=0.1305  total_loss=0.0411  value_loss=0.2445
  update  33000/500000: consistency_loss=0.0002  pi_loss=-0.4338  reward_loss=0.1501  total_loss=0.0435  value_loss=0.2454
  update  33500/500000: consistency_loss=0.0002  pi_loss=-0.4562  reward_loss=0.1331  total_loss=0.0442  value_loss=0.2684
  update  34000/500000: consistency_loss=0.0002  pi_loss=-0.5555  reward_loss=0.1421  total_loss=0.0440  value_loss=0.2630
  update  34500/500000: consistency_loss=0.0002  pi_loss=-0.6476  reward_loss=0.1192  total_loss=0.0419  value_loss=0.2662
  update  35000/500000: consistency_loss=0.0002  pi_loss=-0.6678  reward_loss=0.1283  total_loss=0.0430  value_loss=0.2639
  update  35500/500000: consistency_loss=0.0001  pi_loss=-0.6774  reward_loss=0.1426  total_loss=0.0420  value_loss=0.2524
  update  36000/500000: consistency_loss=0.0002  pi_loss=-0.6392  reward_loss=0.1263  total_loss=0.0441  value_loss=0.2783
  update  36500/500000: consistency_loss=0.0002  pi_loss=-0.6307  reward_loss=0.1269  total_loss=0.0429  value_loss=0.2697
  update  37000/500000: consistency_loss=0.0002  pi_loss=-0.6083  reward_loss=0.1119  total_loss=0.0421  value_loss=0.2778
  update  37500/500000: consistency_loss=0.0002  pi_loss=-0.6190  reward_loss=0.1303  total_loss=0.0444  value_loss=0.2804
  update  38000/500000: consistency_loss=0.0002  pi_loss=-0.6066  reward_loss=0.1316  total_loss=0.0432  value_loss=0.2684
  update  38500/500000: consistency_loss=0.0002  pi_loss=-0.6113  reward_loss=0.1446  total_loss=0.0434  value_loss=0.2578
  update  39000/500000: consistency_loss=0.0002  pi_loss=-0.5800  reward_loss=0.1291  total_loss=0.0443  value_loss=0.2791
  update  39500/500000: consistency_loss=0.0001  pi_loss=-0.5955  reward_loss=0.1247  total_loss=0.0426  value_loss=0.2716
  update  40000/500000: consistency_loss=0.0001  pi_loss=-0.5703  reward_loss=0.1309  total_loss=0.0441  value_loss=0.2800
  update  40500/500000: consistency_loss=0.0002  pi_loss=-0.5475  reward_loss=0.1427  total_loss=0.0468  value_loss=0.2893
  update  41000/500000: consistency_loss=0.0002  pi_loss=-0.5292  reward_loss=0.1368  total_loss=0.0470  value_loss=0.2999
  update  41500/500000: consistency_loss=0.0002  pi_loss=-0.5098  reward_loss=0.1179  total_loss=0.0451  value_loss=0.2984
  update  42000/500000: consistency_loss=0.0002  pi_loss=-0.5269  reward_loss=0.1385  total_loss=0.0486  value_loss=0.3162
  update  42500/500000: consistency_loss=0.0002  pi_loss=-0.5146  reward_loss=0.1470  total_loss=0.0508  value_loss=0.3211
  update  43000/500000: consistency_loss=0.0002  pi_loss=-0.5049  reward_loss=0.1502  total_loss=0.0503  value_loss=0.3203
  update  43500/500000: consistency_loss=0.0002  pi_loss=-0.4879  reward_loss=0.1349  total_loss=0.0492  value_loss=0.3211
  update  44000/500000: consistency_loss=0.0002  pi_loss=-0.4966  reward_loss=0.1283  total_loss=0.0487  value_loss=0.3281
  update  44500/500000: consistency_loss=0.0002  pi_loss=-0.4934  reward_loss=0.1530  total_loss=0.0499  value_loss=0.3141
  update  45000/500000: consistency_loss=0.0001  pi_loss=-0.5228  reward_loss=0.1567  total_loss=0.0482  value_loss=0.3006
  update  45500/500000: consistency_loss=0.0001  pi_loss=-0.4929  reward_loss=0.1602  total_loss=0.0472  value_loss=0.2863
  update  46000/500000: consistency_loss=0.0002  pi_loss=-0.5048  reward_loss=0.1512  total_loss=0.0479  value_loss=0.2973
  update  46500/500000: consistency_loss=0.0001  pi_loss=-0.4963  reward_loss=0.1470  total_loss=0.0467  value_loss=0.2932
  update  47000/500000: consistency_loss=0.0001  pi_loss=-0.5091  reward_loss=0.1433  total_loss=0.0465  value_loss=0.2979
  update  47500/500000: consistency_loss=0.0002  pi_loss=-0.4823  reward_loss=0.1441  total_loss=0.0470  value_loss=0.2950
  update  48000/500000: consistency_loss=0.0002  pi_loss=-0.4949  reward_loss=0.1518  total_loss=0.0474  value_loss=0.2909
  update  48500/500000: consistency_loss=0.0002  pi_loss=-0.4741  reward_loss=0.1323  total_loss=0.0467  value_loss=0.3024
  update  49000/500000: consistency_loss=0.0001  pi_loss=-0.4760  reward_loss=0.1452  total_loss=0.0475  value_loss=0.3021
  update  49500/500000: consistency_loss=0.0002  pi_loss=-0.4974  reward_loss=0.1299  total_loss=0.0479  value_loss=0.3099
  update  50000/500000: consistency_loss=0.0002  pi_loss=-0.5006  reward_loss=0.1413  total_loss=0.0465  value_loss=0.2926
  update  50500/500000: consistency_loss=0.0002  pi_loss=-0.4761  reward_loss=0.1059  total_loss=0.0429  value_loss=0.2867
  update  51000/500000: consistency_loss=0.0001  pi_loss=-0.5008  reward_loss=0.1290  total_loss=0.0432  value_loss=0.2760
  update  51500/500000: consistency_loss=0.0002  pi_loss=-0.4876  reward_loss=0.1272  total_loss=0.0431  value_loss=0.2700
  update  52000/500000: consistency_loss=0.0002  pi_loss=-0.4805  reward_loss=0.1309  total_loss=0.0435  value_loss=0.2735
  update  52500/500000: consistency_loss=0.0001  pi_loss=-0.4940  reward_loss=0.1532  total_loss=0.0453  value_loss=0.2716
  update  53000/500000: consistency_loss=0.0001  pi_loss=-0.4722  reward_loss=0.1228  total_loss=0.0430  value_loss=0.2806
  update  53500/500000: consistency_loss=0.0001  pi_loss=-0.4770  reward_loss=0.1264  total_loss=0.0446  value_loss=0.2953
  update  54000/500000: consistency_loss=0.0001  pi_loss=-0.4691  reward_loss=0.1346  total_loss=0.0431  value_loss=0.2757
  update  54500/500000: consistency_loss=0.0001  pi_loss=-0.4781  reward_loss=0.1369  total_loss=0.0435  value_loss=0.2760
  update  55000/500000: consistency_loss=0.0001  pi_loss=-0.4710  reward_loss=0.1313  total_loss=0.0437  value_loss=0.2788
  update  55500/500000: consistency_loss=0.0001  pi_loss=-0.4656  reward_loss=0.1174  total_loss=0.0402  value_loss=0.2622
  update  56000/500000: consistency_loss=0.0001  pi_loss=-0.4701  reward_loss=0.1416  total_loss=0.0430  value_loss=0.2601
  update  56500/500000: consistency_loss=0.0002  pi_loss=-0.4566  reward_loss=0.1252  total_loss=0.0421  value_loss=0.2651
  update  57000/500000: consistency_loss=0.0002  pi_loss=-0.4569  reward_loss=0.1008  total_loss=0.0417  value_loss=0.2857
  update  57500/500000: consistency_loss=0.0001  pi_loss=-0.4732  reward_loss=0.1480  total_loss=0.0466  value_loss=0.2922
  update  58000/500000: consistency_loss=0.0001  pi_loss=-0.4718  reward_loss=0.1505  total_loss=0.0463  value_loss=0.2870
  update  58500/500000: consistency_loss=0.0001  pi_loss=-0.4738  reward_loss=0.1308  total_loss=0.0437  value_loss=0.2760
  update  59000/500000: consistency_loss=0.0001  pi_loss=-0.4754  reward_loss=0.1342  total_loss=0.0455  value_loss=0.2956
  update  59500/500000: consistency_loss=0.0001  pi_loss=-0.5092  reward_loss=0.1484  total_loss=0.0467  value_loss=0.2916
  update  60000/500000: consistency_loss=0.0001  pi_loss=-0.5075  reward_loss=0.1185  total_loss=0.0440  value_loss=0.2960
  update  60500/500000: consistency_loss=0.0001  pi_loss=-0.5465  reward_loss=0.1233  total_loss=0.0420  value_loss=0.2750
  update  61000/500000: consistency_loss=0.0001  pi_loss=-0.5826  reward_loss=0.1416  total_loss=0.0462  value_loss=0.2908
  update  61500/500000: consistency_loss=0.0001  pi_loss=-0.6237  reward_loss=0.1465  total_loss=0.0480  value_loss=0.3056
  update  62000/500000: consistency_loss=0.0001  pi_loss=-0.6213  reward_loss=0.1127  total_loss=0.0443  value_loss=0.3076
  update  62500/500000: consistency_loss=0.0001  pi_loss=-0.6379  reward_loss=0.1452  total_loss=0.0463  value_loss=0.2907
  update  63000/500000: consistency_loss=0.0001  pi_loss=-0.6231  reward_loss=0.1322  total_loss=0.0453  value_loss=0.2941
  update  63500/500000: consistency_loss=0.0002  pi_loss=-0.6445  reward_loss=0.1515  total_loss=0.0484  value_loss=0.3003
  update  64000/500000: consistency_loss=0.0001  pi_loss=-0.6238  reward_loss=0.1158  total_loss=0.0425  value_loss=0.2819
  update  64500/500000: consistency_loss=0.0001  pi_loss=-0.6319  reward_loss=0.1260  total_loss=0.0429  value_loss=0.2816
  update  65000/500000: consistency_loss=0.0001  pi_loss=-0.6187  reward_loss=0.1261  total_loss=0.0457  value_loss=0.3063
  update  65500/500000: consistency_loss=0.0001  pi_loss=-0.6124  reward_loss=0.1277  total_loss=0.0458  value_loss=0.3075
  update  66000/500000: consistency_loss=0.0001  pi_loss=-0.6005  reward_loss=0.1186  total_loss=0.0458  value_loss=0.3158
  update  66500/500000: consistency_loss=0.0001  pi_loss=-0.5899  reward_loss=0.1288  total_loss=0.0463  value_loss=0.3087
  update  67000/500000: consistency_loss=0.0001  pi_loss=-0.6006  reward_loss=0.1310  total_loss=0.0462  value_loss=0.3055
  update  67500/500000: consistency_loss=0.0001  pi_loss=-0.6029  reward_loss=0.1355  total_loss=0.0470  value_loss=0.3075
  update  68000/500000: consistency_loss=0.0001  pi_loss=-0.5874  reward_loss=0.1393  total_loss=0.0476  value_loss=0.3107
  update  68500/500000: consistency_loss=0.0001  pi_loss=-0.6128  reward_loss=0.1428  total_loss=0.0468  value_loss=0.2978
  update  69000/500000: consistency_loss=0.0001  pi_loss=-0.6158  reward_loss=0.1426  total_loss=0.0474  value_loss=0.3080
  update  69500/500000: consistency_loss=0.0001  pi_loss=-0.6139  reward_loss=0.1343  total_loss=0.0447  value_loss=0.2900
  update  70000/500000: consistency_loss=0.0001  pi_loss=-0.6139  reward_loss=0.1497  total_loss=0.0476  value_loss=0.3024
  update  70500/500000: consistency_loss=0.0001  pi_loss=-0.6012  reward_loss=0.1377  total_loss=0.0455  value_loss=0.2919
  update  71000/500000: consistency_loss=0.0001  pi_loss=-0.6029  reward_loss=0.1295  total_loss=0.0447  value_loss=0.2959
  update  71500/500000: consistency_loss=0.0001  pi_loss=-0.6057  reward_loss=0.1378  total_loss=0.0472  value_loss=0.3113
  update  72000/500000: consistency_loss=0.0001  pi_loss=-0.6040  reward_loss=0.1395  total_loss=0.0480  value_loss=0.3147
  update  72500/500000: consistency_loss=0.0001  pi_loss=-0.6333  reward_loss=0.1326  total_loss=0.0467  value_loss=0.3100
  update  73000/500000: consistency_loss=0.0001  pi_loss=-0.6139  reward_loss=0.1249  total_loss=0.0478  value_loss=0.3239
  update  73500/500000: consistency_loss=0.0001  pi_loss=-0.6294  reward_loss=0.1250  total_loss=0.0464  value_loss=0.3174
  update  74000/500000: consistency_loss=0.0001  pi_loss=-0.6238  reward_loss=0.1157  total_loss=0.0465  value_loss=0.3253
  update  74500/500000: consistency_loss=0.0001  pi_loss=-0.6336  reward_loss=0.1333  total_loss=0.0483  value_loss=0.3247
  update  75000/500000: consistency_loss=0.0001  pi_loss=-0.6565  reward_loss=0.1501  total_loss=0.0501  value_loss=0.3247
  update  75500/500000: consistency_loss=0.0001  pi_loss=-0.6288  reward_loss=0.1224  total_loss=0.0456  value_loss=0.3127
  update  76000/500000: consistency_loss=0.0001  pi_loss=-0.6365  reward_loss=0.1318  total_loss=0.0471  value_loss=0.3125
  update  76500/500000: consistency_loss=0.0001  pi_loss=-0.6518  reward_loss=0.1351  total_loss=0.0474  value_loss=0.3133
  update  77000/500000: consistency_loss=0.0001  pi_loss=-0.6559  reward_loss=0.1344  total_loss=0.0452  value_loss=0.2978
  update  77500/500000: consistency_loss=0.0001  pi_loss=-0.6537  reward_loss=0.1238  total_loss=0.0452  value_loss=0.3058
  update  78000/500000: consistency_loss=0.0001  pi_loss=-0.6579  reward_loss=0.1289  total_loss=0.0425  value_loss=0.2768
  update  78500/500000: consistency_loss=0.0001  pi_loss=-0.6929  reward_loss=0.1294  total_loss=0.0452  value_loss=0.2987
  update  79000/500000: consistency_loss=0.0001  pi_loss=-0.7118  reward_loss=0.1502  total_loss=0.0479  value_loss=0.3072
  update  79500/500000: consistency_loss=0.0001  pi_loss=-0.7098  reward_loss=0.1273  total_loss=0.0448  value_loss=0.3009
  update  80000/500000: consistency_loss=0.0001  pi_loss=-0.7299  reward_loss=0.1305  total_loss=0.0473  value_loss=0.3182
  update  80500/500000: consistency_loss=0.0001  pi_loss=-0.7234  reward_loss=0.1350  total_loss=0.0482  value_loss=0.3217
  update  81000/500000: consistency_loss=0.0001  pi_loss=-0.7485  reward_loss=0.1503  total_loss=0.0481  value_loss=0.3084
  update  81500/500000: consistency_loss=0.0001  pi_loss=-0.7334  reward_loss=0.1177  total_loss=0.0443  value_loss=0.2980
  update  82000/500000: consistency_loss=0.0001  pi_loss=-0.7571  reward_loss=0.1481  total_loss=0.0484  value_loss=0.3133
  update  82500/500000: consistency_loss=0.0001  pi_loss=-0.7559  reward_loss=0.1245  total_loss=0.0457  value_loss=0.3142
  update  83000/500000: consistency_loss=0.0001  pi_loss=-0.7724  reward_loss=0.1189  total_loss=0.0452  value_loss=0.3120
  update  83500/500000: consistency_loss=0.0001  pi_loss=-0.7947  reward_loss=0.1514  total_loss=0.0485  value_loss=0.3110
  update  84000/500000: consistency_loss=0.0001  pi_loss=-0.7970  reward_loss=0.1361  total_loss=0.0465  value_loss=0.3082
  update  84500/500000: consistency_loss=0.0001  pi_loss=-0.7893  reward_loss=0.1117  total_loss=0.0456  value_loss=0.3220
  update  85000/500000: consistency_loss=0.0001  pi_loss=-0.7966  reward_loss=0.1132  total_loss=0.0452  value_loss=0.3142
  update  85500/500000: consistency_loss=0.0001  pi_loss=-0.8160  reward_loss=0.1392  total_loss=0.0478  value_loss=0.3225
  update  86000/500000: consistency_loss=0.0001  pi_loss=-0.8115  reward_loss=0.1208  total_loss=0.0460  value_loss=0.3157
  update  86500/500000: consistency_loss=0.0001  pi_loss=-0.8036  reward_loss=0.1254  total_loss=0.0465  value_loss=0.3189
  update  87000/500000: consistency_loss=0.0001  pi_loss=-0.7991  reward_loss=0.1247  total_loss=0.0466  value_loss=0.3162
  update  87500/500000: consistency_loss=0.0001  pi_loss=-0.7895  reward_loss=0.1170  total_loss=0.0444  value_loss=0.3055
  update  88000/500000: consistency_loss=0.0001  pi_loss=-0.8108  reward_loss=0.1381  total_loss=0.0457  value_loss=0.3015
  update  88500/500000: consistency_loss=0.0001  pi_loss=-0.8271  reward_loss=0.1535  total_loss=0.0485  value_loss=0.3086
  update  89000/500000: consistency_loss=0.0001  pi_loss=-0.8233  reward_loss=0.1556  total_loss=0.0487  value_loss=0.3081
  update  89500/500000: consistency_loss=0.0001  pi_loss=-0.8009  reward_loss=0.1393  total_loss=0.0462  value_loss=0.3017
  update  90000/500000: consistency_loss=0.0001  pi_loss=-0.8096  reward_loss=0.1143  total_loss=0.0430  value_loss=0.2970
  update  90500/500000: consistency_loss=0.0001  pi_loss=-0.8225  reward_loss=0.1247  total_loss=0.0455  value_loss=0.3082
  update  91000/500000: consistency_loss=0.0001  pi_loss=-0.8333  reward_loss=0.1381  total_loss=0.0475  value_loss=0.3146
  update  91500/500000: consistency_loss=0.0001  pi_loss=-0.8122  reward_loss=0.1006  total_loss=0.0430  value_loss=0.3074
  update  92000/500000: consistency_loss=0.0001  pi_loss=-0.8551  reward_loss=0.1268  total_loss=0.0453  value_loss=0.3066
  update  92500/500000: consistency_loss=0.0001  pi_loss=-0.8745  reward_loss=0.1629  total_loss=0.0498  value_loss=0.3168
  update  93000/500000: consistency_loss=0.0001  pi_loss=-0.8589  reward_loss=0.1267  total_loss=0.0450  value_loss=0.3036
  update  93500/500000: consistency_loss=0.0001  pi_loss=-0.8784  reward_loss=0.1452  total_loss=0.0466  value_loss=0.3001
  update  94000/500000: consistency_loss=0.0001  pi_loss=-0.8871  reward_loss=0.1470  total_loss=0.0470  value_loss=0.3057
  update  94500/500000: consistency_loss=0.0001  pi_loss=-0.8827  reward_loss=0.1326  total_loss=0.0461  value_loss=0.3066
  update  95000/500000: consistency_loss=0.0001  pi_loss=-0.8936  reward_loss=0.1329  total_loss=0.0458  value_loss=0.3030
  update  95500/500000: consistency_loss=0.0001  pi_loss=-0.9035  reward_loss=0.1414  total_loss=0.0466  value_loss=0.3029
  update  96000/500000: consistency_loss=0.0001  pi_loss=-0.9274  reward_loss=0.1295  total_loss=0.0468  value_loss=0.3237
  update  96500/500000: consistency_loss=0.0001  pi_loss=-0.9468  reward_loss=0.1266  total_loss=0.0461  value_loss=0.3146
  update  97000/500000: consistency_loss=0.0001  pi_loss=-0.9656  reward_loss=0.1442  total_loss=0.0490  value_loss=0.3223
  update  97500/500000: consistency_loss=0.0001  pi_loss=-0.9717  reward_loss=0.1453  total_loss=0.0482  value_loss=0.3152
  update  98000/500000: consistency_loss=0.0001  pi_loss=-0.9695  reward_loss=0.1170  total_loss=0.0458  value_loss=0.3187
  update  98500/500000: consistency_loss=0.0001  pi_loss=-0.9792  reward_loss=0.1001  total_loss=0.0438  value_loss=0.3186
  update  99000/500000: consistency_loss=0.0001  pi_loss=-1.0130  reward_loss=0.1451  total_loss=0.0479  value_loss=0.3133
  update  99500/500000: consistency_loss=0.0001  pi_loss=-1.0077  reward_loss=0.1040  total_loss=0.0441  value_loss=0.3194
  update 100000/500000: consistency_loss=0.0001  pi_loss=-1.0110  reward_loss=0.1185  total_loss=0.0453  value_loss=0.3140
Saved checkpoint at update 100000
  update 100500/500000: consistency_loss=0.0001  pi_loss=-1.0317  reward_loss=0.1242  total_loss=0.0457  value_loss=0.3158
  update 101000/500000: consistency_loss=0.0001  pi_loss=-1.0506  reward_loss=0.1264  total_loss=0.0469  value_loss=0.3205
  update 101500/500000: consistency_loss=0.0001  pi_loss=-1.0686  reward_loss=0.1377  total_loss=0.0465  value_loss=0.3119
  update 102000/500000: consistency_loss=0.0001  pi_loss=-1.0625  reward_loss=0.1128  total_loss=0.0446  value_loss=0.3132
  update 102500/500000: consistency_loss=0.0001  pi_loss=-1.0606  reward_loss=0.1111  total_loss=0.0446  value_loss=0.3148
  update 103000/500000: consistency_loss=0.0001  pi_loss=-1.0568  reward_loss=0.1113  total_loss=0.0441  value_loss=0.3105
  update 103500/500000: consistency_loss=0.0001  pi_loss=-1.0490  reward_loss=0.1305  total_loss=0.0454  value_loss=0.3000
  update 104000/500000: consistency_loss=0.0001  pi_loss=-1.0372  reward_loss=0.1342  total_loss=0.0461  value_loss=0.3086
  update 104500/500000: consistency_loss=0.0001  pi_loss=-1.0400  reward_loss=0.1504  total_loss=0.0493  value_loss=0.3202
  update 105000/500000: consistency_loss=0.0001  pi_loss=-1.0577  reward_loss=0.1540  total_loss=0.0494  value_loss=0.3224
  update 105500/500000: consistency_loss=0.0001  pi_loss=-1.0312  reward_loss=0.1249  total_loss=0.0473  value_loss=0.3263
  update 106000/500000: consistency_loss=0.0001  pi_loss=-1.0136  reward_loss=0.1103  total_loss=0.0456  value_loss=0.3281
  update 106500/500000: consistency_loss=0.0001  pi_loss=-1.0273  reward_loss=0.1200  total_loss=0.0458  value_loss=0.3192
  update 107000/500000: consistency_loss=0.0001  pi_loss=-1.0436  reward_loss=0.1350  total_loss=0.0481  value_loss=0.3266
  update 107500/500000: consistency_loss=0.0001  pi_loss=-1.0176  reward_loss=0.1274  total_loss=0.0473  value_loss=0.3259
  update 108000/500000: consistency_loss=0.0001  pi_loss=-1.0173  reward_loss=0.1366  total_loss=0.0479  value_loss=0.3247
  update 108500/500000: consistency_loss=0.0001  pi_loss=-1.0132  reward_loss=0.1227  total_loss=0.0463  value_loss=0.3200
  update 109000/500000: consistency_loss=0.0001  pi_loss=-1.0363  reward_loss=0.1353  total_loss=0.0473  value_loss=0.3169
  update 109500/500000: consistency_loss=0.0001  pi_loss=-1.0434  reward_loss=0.1140  total_loss=0.0457  value_loss=0.3231
  update 110000/500000: consistency_loss=0.0001  pi_loss=-1.0738  reward_loss=0.1369  total_loss=0.0479  value_loss=0.3209
  update 110500/500000: consistency_loss=0.0001  pi_loss=-1.0834  reward_loss=0.1376  total_loss=0.0473  value_loss=0.3192
  update 111000/500000: consistency_loss=0.0001  pi_loss=-1.0885  reward_loss=0.1343  total_loss=0.0469  value_loss=0.3168
  update 111500/500000: consistency_loss=0.0001  pi_loss=-1.0848  reward_loss=0.1392  total_loss=0.0488  value_loss=0.3325
  update 112000/500000: consistency_loss=0.0001  pi_loss=-1.0614  reward_loss=0.1278  total_loss=0.0483  value_loss=0.3300
  update 112500/500000: consistency_loss=0.0001  pi_loss=-1.0521  reward_loss=0.1221  total_loss=0.0471  value_loss=0.3263
  update 113000/500000: consistency_loss=0.0001  pi_loss=-1.0739  reward_loss=0.1412  total_loss=0.0481  value_loss=0.3235
  update 113500/500000: consistency_loss=0.0001  pi_loss=-1.0505  reward_loss=0.1074  total_loss=0.0461  value_loss=0.3357
  update 114000/500000: consistency_loss=0.0001  pi_loss=-1.0625  reward_loss=0.1284  total_loss=0.0475  value_loss=0.3284
  update 114500/500000: consistency_loss=0.0001  pi_loss=-1.0589  reward_loss=0.1285  total_loss=0.0476  value_loss=0.3270
  update 115000/500000: consistency_loss=0.0001  pi_loss=-1.0949  reward_loss=0.1197  total_loss=0.0462  value_loss=0.3231
  update 115500/500000: consistency_loss=0.0001  pi_loss=-1.0843  reward_loss=0.1358  total_loss=0.0485  value_loss=0.3284
  update 116000/500000: consistency_loss=0.0001  pi_loss=-1.1100  reward_loss=0.1311  total_loss=0.0472  value_loss=0.3199
  update 116500/500000: consistency_loss=0.0001  pi_loss=-1.1254  reward_loss=0.1434  total_loss=0.0484  value_loss=0.3223
  update 117000/500000: consistency_loss=0.0001  pi_loss=-1.0998  reward_loss=0.1242  total_loss=0.0458  value_loss=0.3108
  update 117500/500000: consistency_loss=0.0001  pi_loss=-1.1347  reward_loss=0.1360  total_loss=0.0468  value_loss=0.3102
  update 118000/500000: consistency_loss=0.0001  pi_loss=-1.1412  reward_loss=0.1317  total_loss=0.0485  value_loss=0.3342
  update 118500/500000: consistency_loss=0.0001  pi_loss=-1.1119  reward_loss=0.1138  total_loss=0.0458  value_loss=0.3261
  update 119000/500000: consistency_loss=0.0001  pi_loss=-1.1322  reward_loss=0.1313  total_loss=0.0486  value_loss=0.3335
  update 119500/500000: consistency_loss=0.0001  pi_loss=-1.1467  reward_loss=0.1449  total_loss=0.0490  value_loss=0.3249
  update 120000/500000: consistency_loss=0.0001  pi_loss=-1.1569  reward_loss=0.1204  total_loss=0.0438  value_loss=0.3014
  update 120500/500000: consistency_loss=0.0001  pi_loss=-1.1744  reward_loss=0.1352  total_loss=0.0460  value_loss=0.3076
  update 121000/500000: consistency_loss=0.0001  pi_loss=-1.2035  reward_loss=0.1531  total_loss=0.0489  value_loss=0.3179
  update 121500/500000: consistency_loss=0.0001  pi_loss=-1.1672  reward_loss=0.1282  total_loss=0.0456  value_loss=0.3056
  update 122000/500000: consistency_loss=0.0001  pi_loss=-1.1408  reward_loss=0.1077  total_loss=0.0448  value_loss=0.3215
  update 122500/500000: consistency_loss=0.0001  pi_loss=-1.1461  reward_loss=0.1454  total_loss=0.0478  value_loss=0.3131
  update 123000/500000: consistency_loss=0.0001  pi_loss=-1.1234  reward_loss=0.1448  total_loss=0.0495  value_loss=0.3318
  update 123500/500000: consistency_loss=0.0001  pi_loss=-1.1110  reward_loss=0.1379  total_loss=0.0483  value_loss=0.3281
  update 124000/500000: consistency_loss=0.0001  pi_loss=-1.1034  reward_loss=0.1358  total_loss=0.0476  value_loss=0.3196
  update 124500/500000: consistency_loss=0.0001  pi_loss=-1.0958  reward_loss=0.1354  total_loss=0.0470  value_loss=0.3150
  update 125000/500000: consistency_loss=0.0001  pi_loss=-1.0907  reward_loss=0.1296  total_loss=0.0466  value_loss=0.3159
  update 125500/500000: consistency_loss=0.0001  pi_loss=-1.0759  reward_loss=0.1085  total_loss=0.0437  value_loss=0.3115
  update 126000/500000: consistency_loss=0.0001  pi_loss=-1.1130  reward_loss=0.1469  total_loss=0.0480  value_loss=0.3171
  update 126500/500000: consistency_loss=0.0001  pi_loss=-1.0750  reward_loss=0.1416  total_loss=0.0485  value_loss=0.3244
  update 127000/500000: consistency_loss=0.0001  pi_loss=-1.0350  reward_loss=0.1147  total_loss=0.0449  value_loss=0.3144
  update 127500/500000: consistency_loss=0.0001  pi_loss=-1.0507  reward_loss=0.1166  total_loss=0.0452  value_loss=0.3178
  update 128000/500000: consistency_loss=0.0001  pi_loss=-1.0357  reward_loss=0.1331  total_loss=0.0467  value_loss=0.3172
  update 128500/500000: consistency_loss=0.0001  pi_loss=-1.0350  reward_loss=0.1425  total_loss=0.0472  value_loss=0.3119
  update 129000/500000: consistency_loss=0.0001  pi_loss=-1.0415  reward_loss=0.1336  total_loss=0.0468  value_loss=0.3163
  update 129500/500000: consistency_loss=0.0001  pi_loss=-1.0320  reward_loss=0.1370  total_loss=0.0473  value_loss=0.3179
  update 130000/500000: consistency_loss=0.0001  pi_loss=-1.0274  reward_loss=0.1364  total_loss=0.0472  value_loss=0.3170
  update 130500/500000: consistency_loss=0.0001  pi_loss=-1.0151  reward_loss=0.1175  total_loss=0.0448  value_loss=0.3127
  update 131000/500000: consistency_loss=0.0001  pi_loss=-1.0173  reward_loss=0.1048  total_loss=0.0429  value_loss=0.3063
  update 131500/500000: consistency_loss=0.0001  pi_loss=-1.0642  reward_loss=0.1363  total_loss=0.0463  value_loss=0.3106
  update 132000/500000: consistency_loss=0.0001  pi_loss=-1.0736  reward_loss=0.1319  total_loss=0.0449  value_loss=0.3000
  update 132500/500000: consistency_loss=0.0001  pi_loss=-1.0851  reward_loss=0.1396  total_loss=0.0463  value_loss=0.3031
  update 133000/500000: consistency_loss=0.0001  pi_loss=-1.0857  reward_loss=0.1213  total_loss=0.0447  value_loss=0.3082
  update 133500/500000: consistency_loss=0.0001  pi_loss=-1.0963  reward_loss=0.1092  total_loss=0.0443  value_loss=0.3126
  update 134000/500000: consistency_loss=0.0001  pi_loss=-1.0987  reward_loss=0.1143  total_loss=0.0442  value_loss=0.3123
  update 134500/500000: consistency_loss=0.0001  pi_loss=-1.1033  reward_loss=0.1364  total_loss=0.0479  value_loss=0.3226
  update 135000/500000: consistency_loss=0.0001  pi_loss=-1.1118  reward_loss=0.1328  total_loss=0.0457  value_loss=0.3077
  update 135500/500000: consistency_loss=0.0001  pi_loss=-1.1119  reward_loss=0.1411  total_loss=0.0473  value_loss=0.3120
  update 136000/500000: consistency_loss=0.0001  pi_loss=-1.1576  reward_loss=0.1317  total_loss=0.0458  value_loss=0.3083
  update 136500/500000: consistency_loss=0.0001  pi_loss=-1.1775  reward_loss=0.1478  total_loss=0.0472  value_loss=0.3082
  update 137000/500000: consistency_loss=0.0001  pi_loss=-1.1977  reward_loss=0.1389  total_loss=0.0461  value_loss=0.3060
  update 137500/500000: consistency_loss=0.0001  pi_loss=-1.2104  reward_loss=0.1465  total_loss=0.0474  value_loss=0.3132
  update 138000/500000: consistency_loss=0.0001  pi_loss=-1.1721  reward_loss=0.1393  total_loss=0.0459  value_loss=0.3032
  update 138500/500000: consistency_loss=0.0001  pi_loss=-1.1650  reward_loss=0.1394  total_loss=0.0474  value_loss=0.3175
  update 139000/500000: consistency_loss=0.0001  pi_loss=-1.1309  reward_loss=0.1196  total_loss=0.0459  value_loss=0.3167
  update 139500/500000: consistency_loss=0.0001  pi_loss=-1.1413  reward_loss=0.1273  total_loss=0.0468  value_loss=0.3234
  update 140000/500000: consistency_loss=0.0001  pi_loss=-1.1352  reward_loss=0.1393  total_loss=0.0475  value_loss=0.3204
  update 140500/500000: consistency_loss=0.0001  pi_loss=-1.1275  reward_loss=0.1334  total_loss=0.0479  value_loss=0.3247
  update 141000/500000: consistency_loss=0.0001  pi_loss=-1.1587  reward_loss=0.1507  total_loss=0.0497  value_loss=0.3264
  update 141500/500000: consistency_loss=0.0001  pi_loss=-1.1571  reward_loss=0.1414  total_loss=0.0490  value_loss=0.3305
  update 142000/500000: consistency_loss=0.0001  pi_loss=-1.1636  reward_loss=0.1247  total_loss=0.0461  value_loss=0.3186
  update 142500/500000: consistency_loss=0.0001  pi_loss=-1.2084  reward_loss=0.1130  total_loss=0.0451  value_loss=0.3213
  update 143000/500000: consistency_loss=0.0001  pi_loss=-1.2495  reward_loss=0.1340  total_loss=0.0464  value_loss=0.3132
  update 143500/500000: consistency_loss=0.0001  pi_loss=-1.2693  reward_loss=0.1491  total_loss=0.0488  value_loss=0.3245
  update 144000/500000: consistency_loss=0.0001  pi_loss=-1.2177  reward_loss=0.1119  total_loss=0.0436  value_loss=0.3075
  update 144500/500000: consistency_loss=0.0001  pi_loss=-1.2022  reward_loss=0.1266  total_loss=0.0453  value_loss=0.3111
  update 145000/500000: consistency_loss=0.0001  pi_loss=-1.1880  reward_loss=0.1182  total_loss=0.0460  value_loss=0.3234
  update 145500/500000: consistency_loss=0.0001  pi_loss=-1.1881  reward_loss=0.1407  total_loss=0.0489  value_loss=0.3327
  update 146000/500000: consistency_loss=0.0001  pi_loss=-1.1960  reward_loss=0.1456  total_loss=0.0485  value_loss=0.3253
  update 146500/500000: consistency_loss=0.0001  pi_loss=-1.1887  reward_loss=0.1460  total_loss=0.0479  value_loss=0.3153
  update 147000/500000: consistency_loss=0.0001  pi_loss=-1.2194  reward_loss=0.1493  total_loss=0.0497  value_loss=0.3295
  update 147500/500000: consistency_loss=0.0001  pi_loss=-1.2008  reward_loss=0.1028  total_loss=0.0436  value_loss=0.3173
  update 148000/500000: consistency_loss=0.0001  pi_loss=-1.2475  reward_loss=0.1374  total_loss=0.0472  value_loss=0.3193
  update 148500/500000: consistency_loss=0.0001  pi_loss=-1.2557  reward_loss=0.1337  total_loss=0.0456  value_loss=0.3061
  update 149000/500000: consistency_loss=0.0001  pi_loss=-1.2356  reward_loss=0.1301  total_loss=0.0453  value_loss=0.3069
  update 149500/500000: consistency_loss=0.0001  pi_loss=-1.2269  reward_loss=0.1341  total_loss=0.0465  value_loss=0.3158
  update 150000/500000: consistency_loss=0.0001  pi_loss=-1.1939  reward_loss=0.1364  total_loss=0.0474  value_loss=0.3195
  update 150500/500000: consistency_loss=0.0001  pi_loss=-1.1701  reward_loss=0.1159  total_loss=0.0455  value_loss=0.3226
  update 151000/500000: consistency_loss=0.0001  pi_loss=-1.1631  reward_loss=0.1318  total_loss=0.0475  value_loss=0.3291
  update 151500/500000: consistency_loss=0.0001  pi_loss=-1.1704  reward_loss=0.1350  total_loss=0.0470  value_loss=0.3178
  update 152000/500000: consistency_loss=0.0001  pi_loss=-1.1780  reward_loss=0.1186  total_loss=0.0461  value_loss=0.3276
  update 152500/500000: consistency_loss=0.0001  pi_loss=-1.2078  reward_loss=0.1436  total_loss=0.0492  value_loss=0.3315
  update 153000/500000: consistency_loss=0.0001  pi_loss=-1.1967  reward_loss=0.1255  total_loss=0.0467  value_loss=0.3192
  update 153500/500000: consistency_loss=0.0001  pi_loss=-1.2295  reward_loss=0.1469  total_loss=0.0480  value_loss=0.3202
  update 154000/500000: consistency_loss=0.0001  pi_loss=-1.2060  reward_loss=0.1099  total_loss=0.0447  value_loss=0.3211
  update 154500/500000: consistency_loss=0.0001  pi_loss=-1.2083  reward_loss=0.1342  total_loss=0.0472  value_loss=0.3207
  update 155000/500000: consistency_loss=0.0001  pi_loss=-1.2143  reward_loss=0.1212  total_loss=0.0463  value_loss=0.3202
  update 155500/500000: consistency_loss=0.0001  pi_loss=-1.2147  reward_loss=0.1002  total_loss=0.0443  value_loss=0.3191
  update 156000/500000: consistency_loss=0.0001  pi_loss=-1.2260  reward_loss=0.1257  total_loss=0.0457  value_loss=0.3154
  update 156500/500000: consistency_loss=0.0001  pi_loss=-1.2461  reward_loss=0.1516  total_loss=0.0478  value_loss=0.3132
  update 157000/500000: consistency_loss=0.0001  pi_loss=-1.2257  reward_loss=0.1447  total_loss=0.0469  value_loss=0.3073
  update 157500/500000: consistency_loss=0.0001  pi_loss=-1.1825  reward_loss=0.1152  total_loss=0.0434  value_loss=0.3031
  update 158000/500000: consistency_loss=0.0001  pi_loss=-1.1780  reward_loss=0.1230  total_loss=0.0443  value_loss=0.3054
  update 158500/500000: consistency_loss=0.0001  pi_loss=-1.1541  reward_loss=0.1259  total_loss=0.0458  value_loss=0.3120
  update 159000/500000: consistency_loss=0.0001  pi_loss=-1.1425  reward_loss=0.1256  total_loss=0.0456  value_loss=0.3113
  update 159500/500000: consistency_loss=0.0001  pi_loss=-1.1460  reward_loss=0.1403  total_loss=0.0481  value_loss=0.3215
  update 160000/500000: consistency_loss=0.0001  pi_loss=-1.1218  reward_loss=0.1301  total_loss=0.0446  value_loss=0.3001
  update 160500/500000: consistency_loss=0.0001  pi_loss=-1.1272  reward_loss=0.1293  total_loss=0.0456  value_loss=0.3126
  update 161000/500000: consistency_loss=0.0001  pi_loss=-1.1306  reward_loss=0.1315  total_loss=0.0460  value_loss=0.3136
  update 161500/500000: consistency_loss=0.0001  pi_loss=-1.1385  reward_loss=0.1292  total_loss=0.0462  value_loss=0.3176
  update 162000/500000: consistency_loss=0.0001  pi_loss=-1.1418  reward_loss=0.1224  total_loss=0.0460  value_loss=0.3194
  update 162500/500000: consistency_loss=0.0001  pi_loss=-1.1618  reward_loss=0.1327  total_loss=0.0468  value_loss=0.3207
  update 163000/500000: consistency_loss=0.0001  pi_loss=-1.1431  reward_loss=0.1441  total_loss=0.0459  value_loss=0.3012
  update 163500/500000: consistency_loss=0.0001  pi_loss=-1.1707  reward_loss=0.1405  total_loss=0.0477  value_loss=0.3194
  update 164000/500000: consistency_loss=0.0001  pi_loss=-1.1590  reward_loss=0.1369  total_loss=0.0473  value_loss=0.3190
  update 164500/500000: consistency_loss=0.0001  pi_loss=-1.1798  reward_loss=0.1569  total_loss=0.0495  value_loss=0.3196
  update 165000/500000: consistency_loss=0.0001  pi_loss=-1.1488  reward_loss=0.1325  total_loss=0.0467  value_loss=0.3197
  update 165500/500000: consistency_loss=0.0001  pi_loss=-1.1592  reward_loss=0.1323  total_loss=0.0470  value_loss=0.3226
  update 166000/500000: consistency_loss=0.0001  pi_loss=-1.1533  reward_loss=0.1582  total_loss=0.0497  value_loss=0.3223
  update 166500/500000: consistency_loss=0.0001  pi_loss=-1.1308  reward_loss=0.1319  total_loss=0.0467  value_loss=0.3184
  update 167000/500000: consistency_loss=0.0001  pi_loss=-1.1402  reward_loss=0.1480  total_loss=0.0475  value_loss=0.3133
  update 167500/500000: consistency_loss=0.0001  pi_loss=-1.1211  reward_loss=0.1321  total_loss=0.0473  value_loss=0.3251
  update 168000/500000: consistency_loss=0.0001  pi_loss=-1.1439  reward_loss=0.1519  total_loss=0.0473  value_loss=0.3101
  update 168500/500000: consistency_loss=0.0001  pi_loss=-1.1486  reward_loss=0.1438  total_loss=0.0469  value_loss=0.3136
  update 169000/500000: consistency_loss=0.0001  pi_loss=-1.1309  reward_loss=0.1318  total_loss=0.0475  value_loss=0.3190
  update 169500/500000: consistency_loss=0.0001  pi_loss=-1.1285  reward_loss=0.1175  total_loss=0.0440  value_loss=0.3074
  update 170000/500000: consistency_loss=0.0001  pi_loss=-1.1717  reward_loss=0.1381  total_loss=0.0474  value_loss=0.3193
  update 170500/500000: consistency_loss=0.0001  pi_loss=-1.1992  reward_loss=0.1296  total_loss=0.0465  value_loss=0.3197
  update 171000/500000: consistency_loss=0.0001  pi_loss=-1.2479  reward_loss=0.1676  total_loss=0.0499  value_loss=0.3148
  update 171500/500000: consistency_loss=0.0001  pi_loss=-1.2401  reward_loss=0.1322  total_loss=0.0463  value_loss=0.3159
  update 172000/500000: consistency_loss=0.0001  pi_loss=-1.2695  reward_loss=0.1448  total_loss=0.0488  value_loss=0.3281
  update 172500/500000: consistency_loss=0.0001  pi_loss=-1.2285  reward_loss=0.1197  total_loss=0.0457  value_loss=0.3210
  update 173000/500000: consistency_loss=0.0001  pi_loss=-1.2594  reward_loss=0.1569  total_loss=0.0486  value_loss=0.3170
  update 173500/500000: consistency_loss=0.0001  pi_loss=-1.2297  reward_loss=0.1217  total_loss=0.0458  value_loss=0.3194
  update 174000/500000: consistency_loss=0.0001  pi_loss=-1.2784  reward_loss=0.1341  total_loss=0.0473  value_loss=0.3218
  update 174500/500000: consistency_loss=0.0001  pi_loss=-1.2808  reward_loss=0.1449  total_loss=0.0485  value_loss=0.3217
  update 175000/500000: consistency_loss=0.0001  pi_loss=-1.2850  reward_loss=0.1320  total_loss=0.0469  value_loss=0.3200
  update 175500/500000: consistency_loss=0.0001  pi_loss=-1.3304  reward_loss=0.1382  total_loss=0.0488  value_loss=0.3331
  update 176000/500000: consistency_loss=0.0001  pi_loss=-1.3048  reward_loss=0.1369  total_loss=0.0473  value_loss=0.3230
  update 176500/500000: consistency_loss=0.0001  pi_loss=-1.3286  reward_loss=0.1353  total_loss=0.0484  value_loss=0.3292
  update 177000/500000: consistency_loss=0.0001  pi_loss=-1.3239  reward_loss=0.1345  total_loss=0.0470  value_loss=0.3204
  update 177500/500000: consistency_loss=0.0001  pi_loss=-1.3225  reward_loss=0.1338  total_loss=0.0455  value_loss=0.3076
  update 178000/500000: consistency_loss=0.0001  pi_loss=-1.3114  reward_loss=0.1417  total_loss=0.0473  value_loss=0.3125
  update 178500/500000: consistency_loss=0.0001  pi_loss=-1.3032  reward_loss=0.1223  total_loss=0.0448  value_loss=0.3103
  update 179000/500000: consistency_loss=0.0001  pi_loss=-1.3015  reward_loss=0.1218  total_loss=0.0462  value_loss=0.3223
  update 179500/500000: consistency_loss=0.0001  pi_loss=-1.2827  reward_loss=0.1220  total_loss=0.0459  value_loss=0.3200
  update 180000/500000: consistency_loss=0.0001  pi_loss=-1.2966  reward_loss=0.1639  total_loss=0.0505  value_loss=0.3282
  update 180500/500000: consistency_loss=0.0001  pi_loss=-1.2774  reward_loss=0.1413  total_loss=0.0485  value_loss=0.3273
  update 181000/500000: consistency_loss=0.0001  pi_loss=-1.2754  reward_loss=0.1385  total_loss=0.0476  value_loss=0.3241
  update 181500/500000: consistency_loss=0.0001  pi_loss=-1.2825  reward_loss=0.1354  total_loss=0.0479  value_loss=0.3291
  update 182000/500000: consistency_loss=0.0001  pi_loss=-1.2752  reward_loss=0.1101  total_loss=0.0451  value_loss=0.3235
  update 182500/500000: consistency_loss=0.0001  pi_loss=-1.3024  reward_loss=0.1253  total_loss=0.0468  value_loss=0.3295
  update 183000/500000: consistency_loss=0.0001  pi_loss=-1.3089  reward_loss=0.1332  total_loss=0.0472  value_loss=0.3232
  update 183500/500000: consistency_loss=0.0001  pi_loss=-1.3225  reward_loss=0.1453  total_loss=0.0489  value_loss=0.3267
  update 184000/500000: consistency_loss=0.0001  pi_loss=-1.3429  reward_loss=0.1393  total_loss=0.0474  value_loss=0.3182
  update 184500/500000: consistency_loss=0.0001  pi_loss=-1.3335  reward_loss=0.1366  total_loss=0.0468  value_loss=0.3163
  update 185000/500000: consistency_loss=0.0001  pi_loss=-1.3311  reward_loss=0.1269  total_loss=0.0464  value_loss=0.3245
  update 185500/500000: consistency_loss=0.0001  pi_loss=-1.2875  reward_loss=0.1244  total_loss=0.0455  value_loss=0.3165
  update 186000/500000: consistency_loss=0.0001  pi_loss=-1.2816  reward_loss=0.1141  total_loss=0.0451  value_loss=0.3206
  update 186500/500000: consistency_loss=0.0001  pi_loss=-1.2770  reward_loss=0.1194  total_loss=0.0449  value_loss=0.3172
  update 187000/500000: consistency_loss=0.0001  pi_loss=-1.3005  reward_loss=0.1408  total_loss=0.0472  value_loss=0.3175
  update 187500/500000: consistency_loss=0.0001  pi_loss=-1.3196  reward_loss=0.1266  total_loss=0.0468  value_loss=0.3267
  update 188000/500000: consistency_loss=0.0001  pi_loss=-1.3416  reward_loss=0.1486  total_loss=0.0487  value_loss=0.3192
  update 188500/500000: consistency_loss=0.0001  pi_loss=-1.3169  reward_loss=0.1307  total_loss=0.0456  value_loss=0.3111
  update 189000/500000: consistency_loss=0.0001  pi_loss=-1.3372  reward_loss=0.1369  total_loss=0.0471  value_loss=0.3203
  update 189500/500000: consistency_loss=0.0001  pi_loss=-1.3246  reward_loss=0.1320  total_loss=0.0467  value_loss=0.3189
  update 190000/500000: consistency_loss=0.0001  pi_loss=-1.3321  reward_loss=0.1192  total_loss=0.0459  value_loss=0.3216
  update 190500/500000: consistency_loss=0.0001  pi_loss=-1.3435  reward_loss=0.1190  total_loss=0.0456  value_loss=0.3201
  update 191000/500000: consistency_loss=0.0001  pi_loss=-1.3081  reward_loss=0.1309  total_loss=0.0471  value_loss=0.3251
  update 191500/500000: consistency_loss=0.0001  pi_loss=-1.3399  reward_loss=0.1360  total_loss=0.0474  value_loss=0.3222
  update 192000/500000: consistency_loss=0.0001  pi_loss=-1.3303  reward_loss=0.1242  total_loss=0.0471  value_loss=0.3307
  update 192500/500000: consistency_loss=0.0001  pi_loss=-1.3508  reward_loss=0.1527  total_loss=0.0501  value_loss=0.3332
  update 193000/500000: consistency_loss=0.0001  pi_loss=-1.3433  reward_loss=0.1180  total_loss=0.0462  value_loss=0.3251
  update 193500/500000: consistency_loss=0.0001  pi_loss=-1.3482  reward_loss=0.1357  total_loss=0.0475  value_loss=0.3231
  update 194000/500000: consistency_loss=0.0001  pi_loss=-1.3261  reward_loss=0.1291  total_loss=0.0454  value_loss=0.3100
  update 194500/500000: consistency_loss=0.0001  pi_loss=-1.3115  reward_loss=0.1198  total_loss=0.0454  value_loss=0.3139
  update 195000/500000: consistency_loss=0.0001  pi_loss=-1.3392  reward_loss=0.1429  total_loss=0.0485  value_loss=0.3271
  update 195500/500000: consistency_loss=0.0001  pi_loss=-1.3319  reward_loss=0.1352  total_loss=0.0479  value_loss=0.3284
  update 196000/500000: consistency_loss=0.0001  pi_loss=-1.3033  reward_loss=0.1220  total_loss=0.0461  value_loss=0.3244
  update 196500/500000: consistency_loss=0.0001  pi_loss=-1.3070  reward_loss=0.1257  total_loss=0.0472  value_loss=0.3312
  update 197000/500000: consistency_loss=0.0001  pi_loss=-1.3097  reward_loss=0.1404  total_loss=0.0487  value_loss=0.3325
  update 197500/500000: consistency_loss=0.0001  pi_loss=-1.3146  reward_loss=0.1409  total_loss=0.0482  value_loss=0.3277
  update 198000/500000: consistency_loss=0.0001  pi_loss=-1.3472  reward_loss=0.1469  total_loss=0.0500  value_loss=0.3381
  update 198500/500000: consistency_loss=0.0001  pi_loss=-1.3151  reward_loss=0.1284  total_loss=0.0460  value_loss=0.3161
  update 199000/500000: consistency_loss=0.0001  pi_loss=-1.3416  reward_loss=0.1460  total_loss=0.0493  value_loss=0.3320
  update 199500/500000: consistency_loss=0.0001  pi_loss=-1.3353  reward_loss=0.1093  total_loss=0.0448  value_loss=0.3237
  update 200000/500000: consistency_loss=0.0001  pi_loss=-1.3299  reward_loss=0.1249  total_loss=0.0463  value_loss=0.3202
Saved checkpoint at update 200000
  update 200500/500000: consistency_loss=0.0001  pi_loss=-1.3163  reward_loss=0.1253  total_loss=0.0453  value_loss=0.3147
  update 201000/500000: consistency_loss=0.0001  pi_loss=-1.2920  reward_loss=0.1338  total_loss=0.0473  value_loss=0.3247
  update 201500/500000: consistency_loss=0.0001  pi_loss=-1.2544  reward_loss=0.1172  total_loss=0.0447  value_loss=0.3185
  update 202000/500000: consistency_loss=0.0001  pi_loss=-1.2660  reward_loss=0.1419  total_loss=0.0485  value_loss=0.3282
  update 202500/500000: consistency_loss=0.0001  pi_loss=-1.2669  reward_loss=0.1274  total_loss=0.0464  value_loss=0.3231
  update 203000/500000: consistency_loss=0.0001  pi_loss=-1.2762  reward_loss=0.0977  total_loss=0.0425  value_loss=0.3129
  update 203500/500000: consistency_loss=0.0001  pi_loss=-1.2992  reward_loss=0.1222  total_loss=0.0460  value_loss=0.3226
  update 204000/500000: consistency_loss=0.0001  pi_loss=-1.2821  reward_loss=0.1073  total_loss=0.0436  value_loss=0.3127
  update 204500/500000: consistency_loss=0.0001  pi_loss=-1.2984  reward_loss=0.1312  total_loss=0.0459  value_loss=0.3151
  update 205000/500000: consistency_loss=0.0001  pi_loss=-1.2840  reward_loss=0.1154  total_loss=0.0451  value_loss=0.3204
  update 205500/500000: consistency_loss=0.0001  pi_loss=-1.2952  reward_loss=0.1304  total_loss=0.0480  value_loss=0.3301
  update 206000/500000: consistency_loss=0.0001  pi_loss=-1.2872  reward_loss=0.1151  total_loss=0.0458  value_loss=0.3271
  update 206500/500000: consistency_loss=0.0001  pi_loss=-1.3201  reward_loss=0.1228  total_loss=0.0466  value_loss=0.3294
  update 207000/500000: consistency_loss=0.0001  pi_loss=-1.3214  reward_loss=0.1278  total_loss=0.0456  value_loss=0.3133
  update 207500/500000: consistency_loss=0.0001  pi_loss=-1.3316  reward_loss=0.1452  total_loss=0.0464  value_loss=0.3074
  update 208000/500000: consistency_loss=0.0001  pi_loss=-1.3137  reward_loss=0.1402  total_loss=0.0464  value_loss=0.3087
  update 208500/500000: consistency_loss=0.0001  pi_loss=-1.2678  reward_loss=0.1354  total_loss=0.0462  value_loss=0.3131
  update 209000/500000: consistency_loss=0.0001  pi_loss=-1.2543  reward_loss=0.1322  total_loss=0.0471  value_loss=0.3245
  update 209500/500000: consistency_loss=0.0001  pi_loss=-1.2369  reward_loss=0.1209  total_loss=0.0463  value_loss=0.3241
  update 210000/500000: consistency_loss=0.0001  pi_loss=-1.2595  reward_loss=0.1440  total_loss=0.0482  value_loss=0.3249
  update 210500/500000: consistency_loss=0.0001  pi_loss=-1.2929  reward_loss=0.1329  total_loss=0.0465  value_loss=0.3207
  update 211000/500000: consistency_loss=0.0001  pi_loss=-1.2741  reward_loss=0.1176  total_loss=0.0445  value_loss=0.3138
  update 211500/500000: consistency_loss=0.0001  pi_loss=-1.3152  reward_loss=0.1372  total_loss=0.0479  value_loss=0.3262
  update 212000/500000: consistency_loss=0.0001  pi_loss=-1.3187  reward_loss=0.1489  total_loss=0.0487  value_loss=0.3241
  update 212500/500000: consistency_loss=0.0001  pi_loss=-1.3142  reward_loss=0.1325  total_loss=0.0454  value_loss=0.3104
  update 213000/500000: consistency_loss=0.0001  pi_loss=-1.2951  reward_loss=0.1298  total_loss=0.0463  value_loss=0.3181
  update 213500/500000: consistency_loss=0.0001  pi_loss=-1.2793  reward_loss=0.1360  total_loss=0.0467  value_loss=0.3178
  update 214000/500000: consistency_loss=0.0001  pi_loss=-1.2651  reward_loss=0.1265  total_loss=0.0454  value_loss=0.3154
  update 214500/500000: consistency_loss=0.0001  pi_loss=-1.2308  reward_loss=0.1231  total_loss=0.0450  value_loss=0.3080
  update 215000/500000: consistency_loss=0.0001  pi_loss=-1.2416  reward_loss=0.1277  total_loss=0.0451  value_loss=0.3104
  update 215500/500000: consistency_loss=0.0001  pi_loss=-1.2349  reward_loss=0.1150  total_loss=0.0441  value_loss=0.3110
  update 216000/500000: consistency_loss=0.0001  pi_loss=-1.2399  reward_loss=0.1155  total_loss=0.0446  value_loss=0.3183
  update 216500/500000: consistency_loss=0.0001  pi_loss=-1.2477  reward_loss=0.1397  total_loss=0.0481  value_loss=0.3251
  update 217000/500000: consistency_loss=0.0001  pi_loss=-1.2538  reward_loss=0.1470  total_loss=0.0479  value_loss=0.3191
  update 217500/500000: consistency_loss=0.0001  pi_loss=-1.2631  reward_loss=0.1293  total_loss=0.0467  value_loss=0.3238
  update 218000/500000: consistency_loss=0.0001  pi_loss=-1.2571  reward_loss=0.1241  total_loss=0.0463  value_loss=0.3225
  update 218500/500000: consistency_loss=0.0001  pi_loss=-1.2696  reward_loss=0.1377  total_loss=0.0477  value_loss=0.3261
  update 219000/500000: consistency_loss=0.0001  pi_loss=-1.2847  reward_loss=0.1122  total_loss=0.0445  value_loss=0.3194
  update 219500/500000: consistency_loss=0.0001  pi_loss=-1.2943  reward_loss=0.1208  total_loss=0.0452  value_loss=0.3183
  update 220000/500000: consistency_loss=0.0001  pi_loss=-1.2684  reward_loss=0.1219  total_loss=0.0442  value_loss=0.3023
  update 220500/500000: consistency_loss=0.0001  pi_loss=-1.2803  reward_loss=0.1523  total_loss=0.0473  value_loss=0.3082
  update 221000/500000: consistency_loss=0.0001  pi_loss=-1.2587  reward_loss=0.1422  total_loss=0.0466  value_loss=0.3080
  update 221500/500000: consistency_loss=0.0001  pi_loss=-1.2502  reward_loss=0.1329  total_loss=0.0440  value_loss=0.2929
  update 222000/500000: consistency_loss=0.0001  pi_loss=-1.2257  reward_loss=0.1372  total_loss=0.0466  value_loss=0.3145
  update 222500/500000: consistency_loss=0.0001  pi_loss=-1.2070  reward_loss=0.0927  total_loss=0.0419  value_loss=0.3102
  update 223000/500000: consistency_loss=0.0001  pi_loss=-1.2255  reward_loss=0.1343  total_loss=0.0459  value_loss=0.3099
  update 223500/500000: consistency_loss=0.0001  pi_loss=-1.2550  reward_loss=0.1435  total_loss=0.0467  value_loss=0.3102
  update 224000/500000: consistency_loss=0.0001  pi_loss=-1.2685  reward_loss=0.1316  total_loss=0.0472  value_loss=0.3241
  update 224500/500000: consistency_loss=0.0001  pi_loss=-1.2891  reward_loss=0.1373  total_loss=0.0477  value_loss=0.3245
  update 225000/500000: consistency_loss=0.0001  pi_loss=-1.3030  reward_loss=0.1406  total_loss=0.0462  value_loss=0.3082
  update 225500/500000: consistency_loss=0.0001  pi_loss=-1.2713  reward_loss=0.1331  total_loss=0.0453  value_loss=0.3056
  update 226000/500000: consistency_loss=0.0001  pi_loss=-1.2375  reward_loss=0.1246  total_loss=0.0448  value_loss=0.3120
  update 226500/500000: consistency_loss=0.0001  pi_loss=-1.2225  reward_loss=0.1278  total_loss=0.0446  value_loss=0.2986
  update 227000/500000: consistency_loss=0.0001  pi_loss=-1.1976  reward_loss=0.1399  total_loss=0.0462  value_loss=0.3103
  update 227500/500000: consistency_loss=0.0001  pi_loss=-1.1705  reward_loss=0.1345  total_loss=0.0474  value_loss=0.3268
  update 228000/500000: consistency_loss=0.0001  pi_loss=-1.1948  reward_loss=0.1379  total_loss=0.0469  value_loss=0.3186
  update 228500/500000: consistency_loss=0.0001  pi_loss=-1.1985  reward_loss=0.1406  total_loss=0.0470  value_loss=0.3164
  update 229000/500000: consistency_loss=0.0001  pi_loss=-1.2171  reward_loss=0.1259  total_loss=0.0466  value_loss=0.3254
  update 229500/500000: consistency_loss=0.0001  pi_loss=-1.2430  reward_loss=0.1338  total_loss=0.0467  value_loss=0.3182
  update 230000/500000: consistency_loss=0.0001  pi_loss=-1.2885  reward_loss=0.1590  total_loss=0.0483  value_loss=0.3075
  update 230500/500000: consistency_loss=0.0001  pi_loss=-1.2795  reward_loss=0.1274  total_loss=0.0450  value_loss=0.3104
  update 231000/500000: consistency_loss=0.0001  pi_loss=-1.2758  reward_loss=0.1240  total_loss=0.0447  value_loss=0.3069
  update 231500/500000: consistency_loss=0.0001  pi_loss=-1.2536  reward_loss=0.1287  total_loss=0.0455  value_loss=0.3110
  update 232000/500000: consistency_loss=0.0001  pi_loss=-1.2433  reward_loss=0.1254  total_loss=0.0456  value_loss=0.3164
  update 232500/500000: consistency_loss=0.0001  pi_loss=-1.2232  reward_loss=0.1174  total_loss=0.0455  value_loss=0.3220
  update 233000/500000: consistency_loss=0.0001  pi_loss=-1.2227  reward_loss=0.1178  total_loss=0.0447  value_loss=0.3178
  update 233500/500000: consistency_loss=0.0001  pi_loss=-1.2579  reward_loss=0.1391  total_loss=0.0474  value_loss=0.3206
  update 234000/500000: consistency_loss=0.0001  pi_loss=-1.2486  reward_loss=0.1380  total_loss=0.0453  value_loss=0.3021
  update 234500/500000: consistency_loss=0.0001  pi_loss=-1.2439  reward_loss=0.1289  total_loss=0.0465  value_loss=0.3186
  update 235000/500000: consistency_loss=0.0001  pi_loss=-1.2312  reward_loss=0.1270  total_loss=0.0469  value_loss=0.3285
  update 235500/500000: consistency_loss=0.0001  pi_loss=-1.2733  reward_loss=0.1461  total_loss=0.0477  value_loss=0.3171
  update 236000/500000: consistency_loss=0.0001  pi_loss=-1.2582  reward_loss=0.1196  total_loss=0.0455  value_loss=0.3207
  update 236500/500000: consistency_loss=0.0001  pi_loss=-1.2719  reward_loss=0.1040  total_loss=0.0436  value_loss=0.3174
  update 237000/500000: consistency_loss=0.0001  pi_loss=-1.3180  reward_loss=0.1206  total_loss=0.0448  value_loss=0.3172
  update 237500/500000: consistency_loss=0.0001  pi_loss=-1.3500  reward_loss=0.1327  total_loss=0.0468  value_loss=0.3210
  update 238000/500000: consistency_loss=0.0001  pi_loss=-1.3713  reward_loss=0.1586  total_loss=0.0495  value_loss=0.3198
  update 238500/500000: consistency_loss=0.0001  pi_loss=-1.3479  reward_loss=0.1417  total_loss=0.0465  value_loss=0.3096
  update 239000/500000: consistency_loss=0.0001  pi_loss=-1.3530  reward_loss=0.1365  total_loss=0.0466  value_loss=0.3172
  update 239500/500000: consistency_loss=0.0001  pi_loss=-1.3250  reward_loss=0.1348  total_loss=0.0463  value_loss=0.3157
  update 240000/500000: consistency_loss=0.0001  pi_loss=-1.3115  reward_loss=0.1118  total_loss=0.0443  value_loss=0.3200
  update 240500/500000: consistency_loss=0.0001  pi_loss=-1.3357  reward_loss=0.1473  total_loss=0.0486  value_loss=0.3261
  update 241000/500000: consistency_loss=0.0001  pi_loss=-1.3336  reward_loss=0.1239  total_loss=0.0463  value_loss=0.3243
  update 241500/500000: consistency_loss=0.0001  pi_loss=-1.3767  reward_loss=0.1482  total_loss=0.0491  value_loss=0.3268
  update 242000/500000: consistency_loss=0.0001  pi_loss=-1.3691  reward_loss=0.1147  total_loss=0.0446  value_loss=0.3187
  update 242500/500000: consistency_loss=0.0001  pi_loss=-1.3920  reward_loss=0.1343  total_loss=0.0462  value_loss=0.3169
  update 243000/500000: consistency_loss=0.0001  pi_loss=-1.3942  reward_loss=0.1336  total_loss=0.0470  value_loss=0.3246
  update 243500/500000: consistency_loss=0.0001  pi_loss=-1.4044  reward_loss=0.1377  total_loss=0.0490  value_loss=0.3388
  update 244000/500000: consistency_loss=0.0001  pi_loss=-1.4109  reward_loss=0.1140  total_loss=0.0455  value_loss=0.3272
  update 244500/500000: consistency_loss=0.0001  pi_loss=-1.4550  reward_loss=0.1278  total_loss=0.0467  value_loss=0.3285
  update 245000/500000: consistency_loss=0.0001  pi_loss=-1.4649  reward_loss=0.1237  total_loss=0.0482  value_loss=0.3390
  update 245500/500000: consistency_loss=0.0001  pi_loss=-1.4905  reward_loss=0.1244  total_loss=0.0477  value_loss=0.3410
  update 246000/500000: consistency_loss=0.0001  pi_loss=-1.5029  reward_loss=0.1205  total_loss=0.0466  value_loss=0.3308
  update 246500/500000: consistency_loss=0.0001  pi_loss=-1.5039  reward_loss=0.1298  total_loss=0.0486  value_loss=0.3406
  update 247000/500000: consistency_loss=0.0001  pi_loss=-1.4831  reward_loss=0.1280  total_loss=0.0475  value_loss=0.3339
  update 247500/500000: consistency_loss=0.0001  pi_loss=-1.4848  reward_loss=0.1248  total_loss=0.0479  value_loss=0.3427
  update 248000/500000: consistency_loss=0.0001  pi_loss=-1.4832  reward_loss=0.1411  total_loss=0.0490  value_loss=0.3341
  update 248500/500000: consistency_loss=0.0001  pi_loss=-1.4842  reward_loss=0.1354  total_loss=0.0487  value_loss=0.3397
  update 249000/500000: consistency_loss=0.0001  pi_loss=-1.4827  reward_loss=0.1347  total_loss=0.0489  value_loss=0.3413
  update 249500/500000: consistency_loss=0.0001  pi_loss=-1.4665  reward_loss=0.1092  total_loss=0.0463  value_loss=0.3399
  update 250000/500000: consistency_loss=0.0001  pi_loss=-1.4776  reward_loss=0.1314  total_loss=0.0487  value_loss=0.3407
  update 250500/500000: consistency_loss=0.0001  pi_loss=-1.4535  reward_loss=0.1185  total_loss=0.0470  value_loss=0.3389
  update 251000/500000: consistency_loss=0.0001  pi_loss=-1.4736  reward_loss=0.1471  total_loss=0.0493  value_loss=0.3352
  update 251500/500000: consistency_loss=0.0001  pi_loss=-1.4433  reward_loss=0.1355  total_loss=0.0489  value_loss=0.3409
  update 252000/500000: consistency_loss=0.0001  pi_loss=-1.4537  reward_loss=0.1380  total_loss=0.0490  value_loss=0.3398
  update 252500/500000: consistency_loss=0.0001  pi_loss=-1.4703  reward_loss=0.1264  total_loss=0.0484  value_loss=0.3424
  update 253000/500000: consistency_loss=0.0001  pi_loss=-1.4893  reward_loss=0.1438  total_loss=0.0495  value_loss=0.3412
  update 253500/500000: consistency_loss=0.0001  pi_loss=-1.4741  reward_loss=0.1271  total_loss=0.0476  value_loss=0.3362
  update 254000/500000: consistency_loss=0.0001  pi_loss=-1.4881  reward_loss=0.1412  total_loss=0.0493  value_loss=0.3352
  update 254500/500000: consistency_loss=0.0001  pi_loss=-1.4602  reward_loss=0.1189  total_loss=0.0467  value_loss=0.3319
  update 255000/500000: consistency_loss=0.0001  pi_loss=-1.4569  reward_loss=0.1453  total_loss=0.0484  value_loss=0.3261
  update 255500/500000: consistency_loss=0.0001  pi_loss=-1.4325  reward_loss=0.1394  total_loss=0.0478  value_loss=0.3267
  update 256000/500000: consistency_loss=0.0001  pi_loss=-1.4383  reward_loss=0.1316  total_loss=0.0476  value_loss=0.3312
  update 256500/500000: consistency_loss=0.0001  pi_loss=-1.4362  reward_loss=0.1399  total_loss=0.0488  value_loss=0.3356
  update 257000/500000: consistency_loss=0.0001  pi_loss=-1.4476  reward_loss=0.1554  total_loss=0.0501  value_loss=0.3335
  update 257500/500000: consistency_loss=0.0001  pi_loss=-1.4551  reward_loss=0.1211  total_loss=0.0469  value_loss=0.3333
  update 258000/500000: consistency_loss=0.0001  pi_loss=-1.4513  reward_loss=0.1235  total_loss=0.0464  value_loss=0.3276
  update 258500/500000: consistency_loss=0.0001  pi_loss=-1.4408  reward_loss=0.1199  total_loss=0.0458  value_loss=0.3249
  update 259000/500000: consistency_loss=0.0001  pi_loss=-1.4067  reward_loss=0.1111  total_loss=0.0449  value_loss=0.3246
  update 259500/500000: consistency_loss=0.0001  pi_loss=-1.4087  reward_loss=0.1321  total_loss=0.0466  value_loss=0.3228
  update 260000/500000: consistency_loss=0.0001  pi_loss=-1.3875  reward_loss=0.1250  total_loss=0.0461  value_loss=0.3224
  update 260500/500000: consistency_loss=0.0001  pi_loss=-1.3504  reward_loss=0.1064  total_loss=0.0435  value_loss=0.3107
  update 261000/500000: consistency_loss=0.0001  pi_loss=-1.3945  reward_loss=0.1284  total_loss=0.0476  value_loss=0.3351
  update 261500/500000: consistency_loss=0.0001  pi_loss=-1.4037  reward_loss=0.1346  total_loss=0.0488  value_loss=0.3402
  update 262000/500000: consistency_loss=0.0001  pi_loss=-1.4253  reward_loss=0.1500  total_loss=0.0496  value_loss=0.3328
  update 262500/500000: consistency_loss=0.0001  pi_loss=-1.4091  reward_loss=0.1182  total_loss=0.0469  value_loss=0.3374
  update 263000/500000: consistency_loss=0.0001  pi_loss=-1.4045  reward_loss=0.1398  total_loss=0.0483  value_loss=0.3299
  update 263500/500000: consistency_loss=0.0001  pi_loss=-1.3908  reward_loss=0.1491  total_loss=0.0490  value_loss=0.3285
  update 264000/500000: consistency_loss=0.0001  pi_loss=-1.3752  reward_loss=0.1359  total_loss=0.0472  value_loss=0.3233
  update 264500/500000: consistency_loss=0.0001  pi_loss=-1.3710  reward_loss=0.1053  total_loss=0.0443  value_loss=0.3241
  update 265000/500000: consistency_loss=0.0001  pi_loss=-1.3607  reward_loss=0.1073  total_loss=0.0450  value_loss=0.3288
  update 265500/500000: consistency_loss=0.0001  pi_loss=-1.4020  reward_loss=0.1405  total_loss=0.0491  value_loss=0.3335
  update 266000/500000: consistency_loss=0.0001  pi_loss=-1.4014  reward_loss=0.1398  total_loss=0.0475  value_loss=0.3233
  update 266500/500000: consistency_loss=0.0001  pi_loss=-1.4016  reward_loss=0.1404  total_loss=0.0483  value_loss=0.3298
  update 267000/500000: consistency_loss=0.0001  pi_loss=-1.3631  reward_loss=0.1064  total_loss=0.0446  value_loss=0.3260
  update 267500/500000: consistency_loss=0.0001  pi_loss=-1.3763  reward_loss=0.1248  total_loss=0.0468  value_loss=0.3304
  update 268000/500000: consistency_loss=0.0001  pi_loss=-1.3777  reward_loss=0.1547  total_loss=0.0499  value_loss=0.3290
  update 268500/500000: consistency_loss=0.0001  pi_loss=-1.3498  reward_loss=0.1264  total_loss=0.0454  value_loss=0.3160
  update 269000/500000: consistency_loss=0.0001  pi_loss=-1.3397  reward_loss=0.1204  total_loss=0.0446  value_loss=0.3117
  update 269500/500000: consistency_loss=0.0001  pi_loss=-1.3467  reward_loss=0.1442  total_loss=0.0488  value_loss=0.3320
  update 270000/500000: consistency_loss=0.0001  pi_loss=-1.3241  reward_loss=0.1181  total_loss=0.0455  value_loss=0.3230
  update 270500/500000: consistency_loss=0.0001  pi_loss=-1.3268  reward_loss=0.0983  total_loss=0.0435  value_loss=0.3240
  update 271000/500000: consistency_loss=0.0001  pi_loss=-1.3797  reward_loss=0.1169  total_loss=0.0460  value_loss=0.3292
  update 271500/500000: consistency_loss=0.0001  pi_loss=-1.4257  reward_loss=0.1204  total_loss=0.0467  value_loss=0.3345
  update 272000/500000: consistency_loss=0.0001  pi_loss=-1.4584  reward_loss=0.1408  total_loss=0.0481  value_loss=0.3257
  update 272500/500000: consistency_loss=0.0001  pi_loss=-1.4649  reward_loss=0.1365  total_loss=0.0498  value_loss=0.3459
  update 273000/500000: consistency_loss=0.0001  pi_loss=-1.4291  reward_loss=0.1313  total_loss=0.0464  value_loss=0.3228
  update 273500/500000: consistency_loss=0.0001  pi_loss=-1.4155  reward_loss=0.1309  total_loss=0.0473  value_loss=0.3274
  update 274000/500000: consistency_loss=0.0001  pi_loss=-1.4123  reward_loss=0.1340  total_loss=0.0476  value_loss=0.3283
  update 274500/500000: consistency_loss=0.0001  pi_loss=-1.4141  reward_loss=0.1280  total_loss=0.0479  value_loss=0.3334
  update 275000/500000: consistency_loss=0.0001  pi_loss=-1.4367  reward_loss=0.1475  total_loss=0.0492  value_loss=0.3312
  update 275500/500000: consistency_loss=0.0001  pi_loss=-1.3932  reward_loss=0.1146  total_loss=0.0454  value_loss=0.3270
  update 276000/500000: consistency_loss=0.0001  pi_loss=-1.3856  reward_loss=0.1346  total_loss=0.0474  value_loss=0.3252
  update 276500/500000: consistency_loss=0.0001  pi_loss=-1.3892  reward_loss=0.1347  total_loss=0.0467  value_loss=0.3185
  update 277000/500000: consistency_loss=0.0001  pi_loss=-1.3937  reward_loss=0.1391  total_loss=0.0487  value_loss=0.3334
  update 277500/500000: consistency_loss=0.0001  pi_loss=-1.3656  reward_loss=0.1366  total_loss=0.0468  value_loss=0.3152
  update 278000/500000: consistency_loss=0.0001  pi_loss=-1.3381  reward_loss=0.1201  total_loss=0.0450  value_loss=0.3164
  update 278500/500000: consistency_loss=0.0001  pi_loss=-1.3742  reward_loss=0.1428  total_loss=0.0490  value_loss=0.3321
  update 279000/500000: consistency_loss=0.0001  pi_loss=-1.3704  reward_loss=0.1401  total_loss=0.0471  value_loss=0.3192
  update 279500/500000: consistency_loss=0.0001  pi_loss=-1.3824  reward_loss=0.1567  total_loss=0.0497  value_loss=0.3285
  update 280000/500000: consistency_loss=0.0001  pi_loss=-1.3753  reward_loss=0.1379  total_loss=0.0480  value_loss=0.3250
  update 280500/500000: consistency_loss=0.0001  pi_loss=-1.3367  reward_loss=0.1322  total_loss=0.0459  value_loss=0.3168
  update 281000/500000: consistency_loss=0.0001  pi_loss=-1.3245  reward_loss=0.1257  total_loss=0.0450  value_loss=0.3131
  update 281500/500000: consistency_loss=0.0001  pi_loss=-1.3330  reward_loss=0.1462  total_loss=0.0481  value_loss=0.3192
  update 282000/500000: consistency_loss=0.0001  pi_loss=-1.3212  reward_loss=0.1339  total_loss=0.0472  value_loss=0.3258
  update 282500/500000: consistency_loss=0.0001  pi_loss=-1.3654  reward_loss=0.1599  total_loss=0.0506  value_loss=0.3345
  update 283000/500000: consistency_loss=0.0001  pi_loss=-1.3600  reward_loss=0.1336  total_loss=0.0483  value_loss=0.3305
  update 283500/500000: consistency_loss=0.0001  pi_loss=-1.3789  reward_loss=0.1464  total_loss=0.0490  value_loss=0.3297
  update 284000/500000: consistency_loss=0.0001  pi_loss=-1.3842  reward_loss=0.1471  total_loss=0.0493  value_loss=0.3341
  update 284500/500000: consistency_loss=0.0001  pi_loss=-1.3857  reward_loss=0.1274  total_loss=0.0469  value_loss=0.3268
  update 285000/500000: consistency_loss=0.0001  pi_loss=-1.3910  reward_loss=0.1545  total_loss=0.0481  value_loss=0.3163
  update 285500/500000: consistency_loss=0.0001  pi_loss=-1.3691  reward_loss=0.1363  total_loss=0.0480  value_loss=0.3328
  update 286000/500000: consistency_loss=0.0001  pi_loss=-1.3318  reward_loss=0.1172  total_loss=0.0460  value_loss=0.3279
  update 286500/500000: consistency_loss=0.0001  pi_loss=-1.3344  reward_loss=0.1417  total_loss=0.0481  value_loss=0.3274
  update 287000/500000: consistency_loss=0.0001  pi_loss=-1.3411  reward_loss=0.1335  total_loss=0.0475  value_loss=0.3310
  update 287500/500000: consistency_loss=0.0001  pi_loss=-1.3479  reward_loss=0.1199  total_loss=0.0466  value_loss=0.3343
  update 288000/500000: consistency_loss=0.0001  pi_loss=-1.3459  reward_loss=0.1380  total_loss=0.0492  value_loss=0.3383
  update 288500/500000: consistency_loss=0.0001  pi_loss=-1.3755  reward_loss=0.1265  total_loss=0.0477  value_loss=0.3270
  update 289000/500000: consistency_loss=0.0001  pi_loss=-1.3674  reward_loss=0.1298  total_loss=0.0474  value_loss=0.3314
  update 289500/500000: consistency_loss=0.0001  pi_loss=-1.3544  reward_loss=0.1237  total_loss=0.0459  value_loss=0.3228
  update 290000/500000: consistency_loss=0.0001  pi_loss=-1.3490  reward_loss=0.1134  total_loss=0.0457  value_loss=0.3260
  update 290500/500000: consistency_loss=0.0001  pi_loss=-1.3691  reward_loss=0.1281  total_loss=0.0468  value_loss=0.3272
  update 291000/500000: consistency_loss=0.0001  pi_loss=-1.3645  reward_loss=0.1320  total_loss=0.0455  value_loss=0.3113
  update 291500/500000: consistency_loss=0.0001  pi_loss=-1.3520  reward_loss=0.1120  total_loss=0.0439  value_loss=0.3131
  update 292000/500000: consistency_loss=0.0001  pi_loss=-1.3748  reward_loss=0.1356  total_loss=0.0469  value_loss=0.3213
  update 292500/500000: consistency_loss=0.0001  pi_loss=-1.3755  reward_loss=0.1262  total_loss=0.0452  value_loss=0.3132
  update 293000/500000: consistency_loss=0.0001  pi_loss=-1.3801  reward_loss=0.1349  total_loss=0.0464  value_loss=0.3180
  update 293500/500000: consistency_loss=0.0001  pi_loss=-1.3426  reward_loss=0.1064  total_loss=0.0428  value_loss=0.3110
  update 294000/500000: consistency_loss=0.0001  pi_loss=-1.3645  reward_loss=0.1357  total_loss=0.0469  value_loss=0.3197
  update 294500/500000: consistency_loss=0.0001  pi_loss=-1.3525  reward_loss=0.1392  total_loss=0.0484  value_loss=0.3337
  update 295000/500000: consistency_loss=0.0001  pi_loss=-1.3454  reward_loss=0.1372  total_loss=0.0471  value_loss=0.3229
  update 295500/500000: consistency_loss=0.0001  pi_loss=-1.3500  reward_loss=0.1116  total_loss=0.0442  value_loss=0.3192
  update 296000/500000: consistency_loss=0.0001  pi_loss=-1.3590  reward_loss=0.1099  total_loss=0.0444  value_loss=0.3220
  update 296500/500000: consistency_loss=0.0001  pi_loss=-1.3855  reward_loss=0.1057  total_loss=0.0439  value_loss=0.3214
  update 297000/500000: consistency_loss=0.0001  pi_loss=-1.4060  reward_loss=0.1312  total_loss=0.0470  value_loss=0.3279
  update 297500/500000: consistency_loss=0.0001  pi_loss=-1.4062  reward_loss=0.1280  total_loss=0.0473  value_loss=0.3305
  update 298000/500000: consistency_loss=0.0001  pi_loss=-1.4048  reward_loss=0.1062  total_loss=0.0434  value_loss=0.3123
  update 298500/500000: consistency_loss=0.0001  pi_loss=-1.4187  reward_loss=0.1516  total_loss=0.0495  value_loss=0.3325
  update 299000/500000: consistency_loss=0.0001  pi_loss=-1.3909  reward_loss=0.1411  total_loss=0.0483  value_loss=0.3297
  update 299500/500000: consistency_loss=0.0001  pi_loss=-1.3729  reward_loss=0.1358  total_loss=0.0468  value_loss=0.3199
  update 300000/500000: consistency_loss=0.0001  pi_loss=-1.3674  reward_loss=0.1246  total_loss=0.0456  value_loss=0.3158
Saved checkpoint at update 300000
  update 300500/500000: consistency_loss=0.0000  pi_loss=-1.3793  reward_loss=0.1466  total_loss=0.0469  value_loss=0.3130
  update 301000/500000: consistency_loss=0.0001  pi_loss=-1.3651  reward_loss=0.1532  total_loss=0.0494  value_loss=0.3282
  update 301500/500000: consistency_loss=0.0001  pi_loss=-1.3498  reward_loss=0.1275  total_loss=0.0457  value_loss=0.3175
  update 302000/500000: consistency_loss=0.0001  pi_loss=-1.3689  reward_loss=0.1411  total_loss=0.0471  value_loss=0.3180
  update 302500/500000: consistency_loss=0.0001  pi_loss=-1.3421  reward_loss=0.1231  total_loss=0.0461  value_loss=0.3220
  update 303000/500000: consistency_loss=0.0001  pi_loss=-1.3518  reward_loss=0.1136  total_loss=0.0441  value_loss=0.3151
  update 303500/500000: consistency_loss=0.0001  pi_loss=-1.3609  reward_loss=0.1140  total_loss=0.0435  value_loss=0.3109
  update 304000/500000: consistency_loss=0.0001  pi_loss=-1.3879  reward_loss=0.1246  total_loss=0.0457  value_loss=0.3189
  update 304500/500000: consistency_loss=0.0001  pi_loss=-1.3846  reward_loss=0.1122  total_loss=0.0436  value_loss=0.3104
  update 305000/500000: consistency_loss=0.0001  pi_loss=-1.4105  reward_loss=0.1348  total_loss=0.0464  value_loss=0.3156
  update 305500/500000: consistency_loss=0.0001  pi_loss=-1.3852  reward_loss=0.1257  total_loss=0.0450  value_loss=0.3102
  update 306000/500000: consistency_loss=0.0001  pi_loss=-1.3485  reward_loss=0.1354  total_loss=0.0467  value_loss=0.3162
  update 306500/500000: consistency_loss=0.0001  pi_loss=-1.3419  reward_loss=0.1382  total_loss=0.0475  value_loss=0.3235
  update 307000/500000: consistency_loss=0.0001  pi_loss=-1.3256  reward_loss=0.1285  total_loss=0.0459  value_loss=0.3190
  update 307500/500000: consistency_loss=0.0001  pi_loss=-1.3061  reward_loss=0.1217  total_loss=0.0459  value_loss=0.3219
  update 308000/500000: consistency_loss=0.0001  pi_loss=-1.3298  reward_loss=0.1280  total_loss=0.0469  value_loss=0.3250
  update 308500/500000: consistency_loss=0.0001  pi_loss=-1.3175  reward_loss=0.0931  total_loss=0.0424  value_loss=0.3184
  update 309000/500000: consistency_loss=0.0001  pi_loss=-1.3739  reward_loss=0.1433  total_loss=0.0474  value_loss=0.3192
  update 309500/500000: consistency_loss=0.0001  pi_loss=-1.3384  reward_loss=0.1138  total_loss=0.0425  value_loss=0.3002
  update 310000/500000: consistency_loss=0.0001  pi_loss=-1.3463  reward_loss=0.1319  total_loss=0.0451  value_loss=0.3090
  update 310500/500000: consistency_loss=0.0001  pi_loss=-1.3227  reward_loss=0.1244  total_loss=0.0434  value_loss=0.2984
  update 311000/500000: consistency_loss=0.0001  pi_loss=-1.3057  reward_loss=0.1305  total_loss=0.0455  value_loss=0.3122
  update 311500/500000: consistency_loss=0.0001  pi_loss=-1.2922  reward_loss=0.1316  total_loss=0.0459  value_loss=0.3157
  update 312000/500000: consistency_loss=0.0001  pi_loss=-1.2715  reward_loss=0.1306  total_loss=0.0463  value_loss=0.3206
  update 312500/500000: consistency_loss=0.0001  pi_loss=-1.2454  reward_loss=0.1268  total_loss=0.0457  value_loss=0.3196
  update 313000/500000: consistency_loss=0.0001  pi_loss=-1.2393  reward_loss=0.1491  total_loss=0.0494  value_loss=0.3336
  update 313500/500000: consistency_loss=0.0001  pi_loss=-1.2138  reward_loss=0.1390  total_loss=0.0476  value_loss=0.3253
  update 314000/500000: consistency_loss=0.0001  pi_loss=-1.1999  reward_loss=0.1227  total_loss=0.0456  value_loss=0.3212
  update 314500/500000: consistency_loss=0.0001  pi_loss=-1.2166  reward_loss=0.1143  total_loss=0.0453  value_loss=0.3275
  update 315000/500000: consistency_loss=0.0001  pi_loss=-1.2478  reward_loss=0.1188  total_loss=0.0463  value_loss=0.3307
  update 315500/500000: consistency_loss=0.0001  pi_loss=-1.2564  reward_loss=0.1158  total_loss=0.0447  value_loss=0.3192
  update 316000/500000: consistency_loss=0.0001  pi_loss=-1.2805  reward_loss=0.1307  total_loss=0.0447  value_loss=0.3060
  update 316500/500000: consistency_loss=0.0001  pi_loss=-1.3178  reward_loss=0.1548  total_loss=0.0487  value_loss=0.3214
  update 317000/500000: consistency_loss=0.0001  pi_loss=-1.2976  reward_loss=0.1408  total_loss=0.0456  value_loss=0.3013
  update 317500/500000: consistency_loss=0.0001  pi_loss=-1.2794  reward_loss=0.1297  total_loss=0.0440  value_loss=0.2997
  update 318000/500000: consistency_loss=0.0001  pi_loss=-1.2600  reward_loss=0.1183  total_loss=0.0437  value_loss=0.3054
  update 318500/500000: consistency_loss=0.0001  pi_loss=-1.2267  reward_loss=0.1298  total_loss=0.0450  value_loss=0.3069
  update 319000/500000: consistency_loss=0.0001  pi_loss=-1.2213  reward_loss=0.1536  total_loss=0.0484  value_loss=0.3195
  update 319500/500000: consistency_loss=0.0001  pi_loss=-1.1858  reward_loss=0.1249  total_loss=0.0466  value_loss=0.3288
  update 320000/500000: consistency_loss=0.0001  pi_loss=-1.1825  reward_loss=0.1134  total_loss=0.0451  value_loss=0.3226
  update 320500/500000: consistency_loss=0.0001  pi_loss=-1.2123  reward_loss=0.1238  total_loss=0.0449  value_loss=0.3045
  update 321000/500000: consistency_loss=0.0000  pi_loss=-1.2522  reward_loss=0.1233  total_loss=0.0448  value_loss=0.3153
  update 321500/500000: consistency_loss=0.0001  pi_loss=-1.2944  reward_loss=0.1394  total_loss=0.0458  value_loss=0.3040
  update 322000/500000: consistency_loss=0.0001  pi_loss=-1.2684  reward_loss=0.1384  total_loss=0.0465  value_loss=0.3147
  update 322500/500000: consistency_loss=0.0001  pi_loss=-1.2439  reward_loss=0.1340  total_loss=0.0454  value_loss=0.3057
  update 323000/500000: consistency_loss=0.0001  pi_loss=-1.2070  reward_loss=0.1297  total_loss=0.0466  value_loss=0.3224
  update 323500/500000: consistency_loss=0.0001  pi_loss=-1.1990  reward_loss=0.1553  total_loss=0.0480  value_loss=0.3151
  update 324000/500000: consistency_loss=0.0001  pi_loss=-1.1828  reward_loss=0.1313  total_loss=0.0457  value_loss=0.3153
  update 324500/500000: consistency_loss=0.0001  pi_loss=-1.1831  reward_loss=0.1374  total_loss=0.0470  value_loss=0.3183
  update 325000/500000: consistency_loss=0.0001  pi_loss=-1.1767  reward_loss=0.1109  total_loss=0.0429  value_loss=0.3079
  update 325500/500000: consistency_loss=0.0001  pi_loss=-1.1773  reward_loss=0.1319  total_loss=0.0464  value_loss=0.3196
  update 326000/500000: consistency_loss=0.0001  pi_loss=-1.2066  reward_loss=0.1399  total_loss=0.0466  value_loss=0.3131
  update 326500/500000: consistency_loss=0.0001  pi_loss=-1.2401  reward_loss=0.1511  total_loss=0.0483  value_loss=0.3181
  update 327000/500000: consistency_loss=0.0001  pi_loss=-1.2531  reward_loss=0.1226  total_loss=0.0444  value_loss=0.3085
  update 327500/500000: consistency_loss=0.0001  pi_loss=-1.2698  reward_loss=0.1468  total_loss=0.0485  value_loss=0.3204
  update 328000/500000: consistency_loss=0.0001  pi_loss=-1.2622  reward_loss=0.1443  total_loss=0.0478  value_loss=0.3213
  update 328500/500000: consistency_loss=0.0000  pi_loss=-1.2416  reward_loss=0.1352  total_loss=0.0465  value_loss=0.3195
  update 329000/500000: consistency_loss=0.0001  pi_loss=-1.2306  reward_loss=0.1275  total_loss=0.0459  value_loss=0.3191
  update 329500/500000: consistency_loss=0.0001  pi_loss=-1.2203  reward_loss=0.1278  total_loss=0.0460  value_loss=0.3196
  update 330000/500000: consistency_loss=0.0001  pi_loss=-1.2502  reward_loss=0.1493  total_loss=0.0478  value_loss=0.3162
  update 330500/500000: consistency_loss=0.0001  pi_loss=-1.2680  reward_loss=0.1095  total_loss=0.0436  value_loss=0.3123
  update 331000/500000: consistency_loss=0.0001  pi_loss=-1.2429  reward_loss=0.1082  total_loss=0.0433  value_loss=0.3125
  update 331500/500000: consistency_loss=0.0001  pi_loss=-1.2606  reward_loss=0.1552  total_loss=0.0487  value_loss=0.3159
  update 332000/500000: consistency_loss=0.0001  pi_loss=-1.2254  reward_loss=0.1274  total_loss=0.0460  value_loss=0.3149
  update 332500/500000: consistency_loss=0.0001  pi_loss=-1.2294  reward_loss=0.1309  total_loss=0.0468  value_loss=0.3262
  update 333000/500000: consistency_loss=0.0001  pi_loss=-1.2284  reward_loss=0.1244  total_loss=0.0459  value_loss=0.3231
  update 333500/500000: consistency_loss=0.0001  pi_loss=-1.2311  reward_loss=0.1538  total_loss=0.0499  value_loss=0.3337
  update 334000/500000: consistency_loss=0.0001  pi_loss=-1.2316  reward_loss=0.1352  total_loss=0.0472  value_loss=0.3219
  update 334500/500000: consistency_loss=0.0001  pi_loss=-1.2469  reward_loss=0.1262  total_loss=0.0459  value_loss=0.3207
  update 335000/500000: consistency_loss=0.0001  pi_loss=-1.2857  reward_loss=0.1268  total_loss=0.0464  value_loss=0.3270
  update 335500/500000: consistency_loss=0.0001  pi_loss=-1.2966  reward_loss=0.1285  total_loss=0.0451  value_loss=0.3099
  update 336000/500000: consistency_loss=0.0001  pi_loss=-1.3403  reward_loss=0.1370  total_loss=0.0468  value_loss=0.3197
  update 336500/500000: consistency_loss=0.0001  pi_loss=-1.3549  reward_loss=0.1430  total_loss=0.0472  value_loss=0.3161
  update 337000/500000: consistency_loss=0.0001  pi_loss=-1.3517  reward_loss=0.1442  total_loss=0.0486  value_loss=0.3280
  update 337500/500000: consistency_loss=0.0000  pi_loss=-1.3362  reward_loss=0.1383  total_loss=0.0469  value_loss=0.3216
  update 338000/500000: consistency_loss=0.0001  pi_loss=-1.3140  reward_loss=0.1318  total_loss=0.0456  value_loss=0.3107
  update 338500/500000: consistency_loss=0.0001  pi_loss=-1.2970  reward_loss=0.1156  total_loss=0.0441  value_loss=0.3105
  update 339000/500000: consistency_loss=0.0001  pi_loss=-1.3084  reward_loss=0.1326  total_loss=0.0462  value_loss=0.3154
  update 339500/500000: consistency_loss=0.0001  pi_loss=-1.3331  reward_loss=0.1480  total_loss=0.0479  value_loss=0.3194
  update 340000/500000: consistency_loss=0.0001  pi_loss=-1.3299  reward_loss=0.1276  total_loss=0.0448  value_loss=0.3099
  update 340500/500000: consistency_loss=0.0001  pi_loss=-1.3416  reward_loss=0.1268  total_loss=0.0459  value_loss=0.3189
  update 341000/500000: consistency_loss=0.0001  pi_loss=-1.3303  reward_loss=0.1290  total_loss=0.0464  value_loss=0.3246
  update 341500/500000: consistency_loss=0.0001  pi_loss=-1.2868  reward_loss=0.1008  total_loss=0.0437  value_loss=0.3221
  update 342000/500000: consistency_loss=0.0001  pi_loss=-1.2719  reward_loss=0.1439  total_loss=0.0476  value_loss=0.3222
  update 342500/500000: consistency_loss=0.0001  pi_loss=-1.2682  reward_loss=0.1339  total_loss=0.0463  value_loss=0.3178
  update 343000/500000: consistency_loss=0.0001  pi_loss=-1.2604  reward_loss=0.1237  total_loss=0.0464  value_loss=0.3266
  update 343500/500000: consistency_loss=0.0001  pi_loss=-1.2803  reward_loss=0.1297  total_loss=0.0470  value_loss=0.3279
  update 344000/500000: consistency_loss=0.0000  pi_loss=-1.3187  reward_loss=0.1106  total_loss=0.0440  value_loss=0.3201
  update 344500/500000: consistency_loss=0.0001  pi_loss=-1.3631  reward_loss=0.1313  total_loss=0.0465  value_loss=0.3205
  update 345000/500000: consistency_loss=0.0001  pi_loss=-1.3633  reward_loss=0.1226  total_loss=0.0448  value_loss=0.3151
  update 345500/500000: consistency_loss=0.0001  pi_loss=-1.3637  reward_loss=0.1267  total_loss=0.0463  value_loss=0.3243
  update 346000/500000: consistency_loss=0.0001  pi_loss=-1.3798  reward_loss=0.1313  total_loss=0.0463  value_loss=0.3212
  update 346500/500000: consistency_loss=0.0001  pi_loss=-1.3390  reward_loss=0.1129  total_loss=0.0446  value_loss=0.3204
  update 347000/500000: consistency_loss=0.0001  pi_loss=-1.3499  reward_loss=0.1286  total_loss=0.0455  value_loss=0.3162
  update 347500/500000: consistency_loss=0.0001  pi_loss=-1.3167  reward_loss=0.1217  total_loss=0.0445  value_loss=0.3091
  update 348000/500000: consistency_loss=0.0001  pi_loss=-1.3197  reward_loss=0.1127  total_loss=0.0445  value_loss=0.3191
  update 348500/500000: consistency_loss=0.0000  pi_loss=-1.3394  reward_loss=0.1374  total_loss=0.0480  value_loss=0.3331
  update 349000/500000: consistency_loss=0.0001  pi_loss=-1.3172  reward_loss=0.1267  total_loss=0.0466  value_loss=0.3241
  update 349500/500000: consistency_loss=0.0001  pi_loss=-1.3590  reward_loss=0.1565  total_loss=0.0502  value_loss=0.3342
  update 350000/500000: consistency_loss=0.0001  pi_loss=-1.3413  reward_loss=0.1376  total_loss=0.0468  value_loss=0.3201
  update 350500/500000: consistency_loss=0.0001  pi_loss=-1.3601  reward_loss=0.1484  total_loss=0.0495  value_loss=0.3321
  update 351000/500000: consistency_loss=0.0001  pi_loss=-1.3592  reward_loss=0.1419  total_loss=0.0480  value_loss=0.3263
  update 351500/500000: consistency_loss=0.0001  pi_loss=-1.3496  reward_loss=0.1124  total_loss=0.0455  value_loss=0.3303
  update 352000/500000: consistency_loss=0.0001  pi_loss=-1.3761  reward_loss=0.1181  total_loss=0.0446  value_loss=0.3139
  update 352500/500000: consistency_loss=0.0001  pi_loss=-1.3734  reward_loss=0.1350  total_loss=0.0450  value_loss=0.3035
  update 353000/500000: consistency_loss=0.0001  pi_loss=-1.3397  reward_loss=0.1049  total_loss=0.0423  value_loss=0.3033
  update 353500/500000: consistency_loss=0.0001  pi_loss=-1.3419  reward_loss=0.1277  total_loss=0.0453  value_loss=0.3148
  update 354000/500000: consistency_loss=0.0001  pi_loss=-1.3390  reward_loss=0.1352  total_loss=0.0469  value_loss=0.3206
  update 354500/500000: consistency_loss=0.0001  pi_loss=-1.3179  reward_loss=0.1244  total_loss=0.0452  value_loss=0.3132
  update 355000/500000: consistency_loss=0.0001  pi_loss=-1.3199  reward_loss=0.1270  total_loss=0.0459  value_loss=0.3177
  update 355500/500000: consistency_loss=0.0001  pi_loss=-1.2954  reward_loss=0.1169  total_loss=0.0446  value_loss=0.3185
  update 356000/500000: consistency_loss=0.0001  pi_loss=-1.3327  reward_loss=0.1100  total_loss=0.0438  value_loss=0.3179
  update 356500/500000: consistency_loss=0.0001  pi_loss=-1.3653  reward_loss=0.1471  total_loss=0.0492  value_loss=0.3318
  update 357000/500000: consistency_loss=0.0001  pi_loss=-1.3590  reward_loss=0.1295  total_loss=0.0468  value_loss=0.3278
  update 357500/500000: consistency_loss=0.0001  pi_loss=-1.3822  reward_loss=0.1403  total_loss=0.0483  value_loss=0.3301
  update 358000/500000: consistency_loss=0.0001  pi_loss=-1.3782  reward_loss=0.1156  total_loss=0.0464  value_loss=0.3314
  update 358500/500000: consistency_loss=0.0000  pi_loss=-1.3960  reward_loss=0.1313  total_loss=0.0472  value_loss=0.3309
  update 359000/500000: consistency_loss=0.0001  pi_loss=-1.3974  reward_loss=0.1162  total_loss=0.0451  value_loss=0.3205
  update 359500/500000: consistency_loss=0.0001  pi_loss=-1.4199  reward_loss=0.1377  total_loss=0.0471  value_loss=0.3199
  update 360000/500000: consistency_loss=0.0001  pi_loss=-1.3934  reward_loss=0.1271  total_loss=0.0463  value_loss=0.3247
  update 360500/500000: consistency_loss=0.0001  pi_loss=-1.4126  reward_loss=0.1155  total_loss=0.0457  value_loss=0.3316
  update 361000/500000: consistency_loss=0.0001  pi_loss=-1.4218  reward_loss=0.1237  total_loss=0.0467  value_loss=0.3292
  update 361500/500000: consistency_loss=0.0001  pi_loss=-1.4546  reward_loss=0.1178  total_loss=0.0463  value_loss=0.3323
  update 362000/500000: consistency_loss=0.0001  pi_loss=-1.4546  reward_loss=0.1356  total_loss=0.0477  value_loss=0.3284
  update 362500/500000: consistency_loss=0.0001  pi_loss=-1.4629  reward_loss=0.1296  total_loss=0.0478  value_loss=0.3336
  update 363000/500000: consistency_loss=0.0001  pi_loss=-1.4547  reward_loss=0.1098  total_loss=0.0454  value_loss=0.3304
  update 363500/500000: consistency_loss=0.0001  pi_loss=-1.4219  reward_loss=0.1068  total_loss=0.0445  value_loss=0.3279
  update 364000/500000: consistency_loss=0.0001  pi_loss=-1.4464  reward_loss=0.1181  total_loss=0.0464  value_loss=0.3323
  update 364500/500000: consistency_loss=0.0001  pi_loss=-1.4770  reward_loss=0.1327  total_loss=0.0492  value_loss=0.3487
  update 365000/500000: consistency_loss=0.0001  pi_loss=-1.4899  reward_loss=0.1195  total_loss=0.0472  value_loss=0.3406
  update 365500/500000: consistency_loss=0.0001  pi_loss=-1.5036  reward_loss=0.1212  total_loss=0.0466  value_loss=0.3320
  update 366000/500000: consistency_loss=0.0001  pi_loss=-1.5063  reward_loss=0.1494  total_loss=0.0505  value_loss=0.3417
  update 366500/500000: consistency_loss=0.0001  pi_loss=-1.4867  reward_loss=0.1434  total_loss=0.0499  value_loss=0.3420
  update 367000/500000: consistency_loss=0.0000  pi_loss=-1.4986  reward_loss=0.1463  total_loss=0.0487  value_loss=0.3316
  update 367500/500000: consistency_loss=0.0001  pi_loss=-1.4596  reward_loss=0.1151  total_loss=0.0467  value_loss=0.3388
  update 368000/500000: consistency_loss=0.0000  pi_loss=-1.4794  reward_loss=0.1246  total_loss=0.0466  value_loss=0.3324
  update 368500/500000: consistency_loss=0.0001  pi_loss=-1.5127  reward_loss=0.1426  total_loss=0.0496  value_loss=0.3349
  update 369000/500000: consistency_loss=0.0001  pi_loss=-1.5371  reward_loss=0.1545  total_loss=0.0504  value_loss=0.3378
  update 369500/500000: consistency_loss=0.0000  pi_loss=-1.5347  reward_loss=0.1259  total_loss=0.0478  value_loss=0.3427
  update 370000/500000: consistency_loss=0.0001  pi_loss=-1.5328  reward_loss=0.1322  total_loss=0.0485  value_loss=0.3429
  update 370500/500000: consistency_loss=0.0001  pi_loss=-1.5241  reward_loss=0.1367  total_loss=0.0498  value_loss=0.3466
  update 371000/500000: consistency_loss=0.0001  pi_loss=-1.4817  reward_loss=0.0999  total_loss=0.0458  value_loss=0.3435
  update 371500/500000: consistency_loss=0.0001  pi_loss=-1.4896  reward_loss=0.1282  total_loss=0.0477  value_loss=0.3372
  update 372000/500000: consistency_loss=0.0001  pi_loss=-1.4852  reward_loss=0.1469  total_loss=0.0492  value_loss=0.3328
  update 372500/500000: consistency_loss=0.0001  pi_loss=-1.4886  reward_loss=0.1439  total_loss=0.0501  value_loss=0.3435
  update 373000/500000: consistency_loss=0.0001  pi_loss=-1.4992  reward_loss=0.1372  total_loss=0.0491  value_loss=0.3400
  update 373500/500000: consistency_loss=0.0001  pi_loss=-1.4988  reward_loss=0.1232  total_loss=0.0481  value_loss=0.3422
  update 374000/500000: consistency_loss=0.0001  pi_loss=-1.5081  reward_loss=0.1145  total_loss=0.0461  value_loss=0.3345
  update 374500/500000: consistency_loss=0.0001  pi_loss=-1.5429  reward_loss=0.1226  total_loss=0.0477  value_loss=0.3430
  update 375000/500000: consistency_loss=0.0001  pi_loss=-1.5784  reward_loss=0.1502  total_loss=0.0507  value_loss=0.3462
  update 375500/500000: consistency_loss=0.0001  pi_loss=-1.5748  reward_loss=0.1419  total_loss=0.0491  value_loss=0.3379
  update 376000/500000: consistency_loss=0.0001  pi_loss=-1.5744  reward_loss=0.1228  total_loss=0.0478  value_loss=0.3434
  update 376500/500000: consistency_loss=0.0001  pi_loss=-1.5766  reward_loss=0.1262  total_loss=0.0472  value_loss=0.3347
  update 377000/500000: consistency_loss=0.0001  pi_loss=-1.5879  reward_loss=0.1332  total_loss=0.0497  value_loss=0.3532
  update 377500/500000: consistency_loss=0.0001  pi_loss=-1.5541  reward_loss=0.1005  total_loss=0.0465  value_loss=0.3531
  update 378000/500000: consistency_loss=0.0001  pi_loss=-1.5725  reward_loss=0.1237  total_loss=0.0483  value_loss=0.3430
  update 378500/500000: consistency_loss=0.0001  pi_loss=-1.5678  reward_loss=0.1217  total_loss=0.0473  value_loss=0.3379
  update 379000/500000: consistency_loss=0.0000  pi_loss=-1.5877  reward_loss=0.1321  total_loss=0.0485  value_loss=0.3428
  update 379500/500000: consistency_loss=0.0001  pi_loss=-1.5780  reward_loss=0.1256  total_loss=0.0479  value_loss=0.3423
  update 380000/500000: consistency_loss=0.0001  pi_loss=-1.5710  reward_loss=0.1066  total_loss=0.0453  value_loss=0.3347
  update 380500/500000: consistency_loss=0.0001  pi_loss=-1.6037  reward_loss=0.1374  total_loss=0.0490  value_loss=0.3413
  update 381000/500000: consistency_loss=0.0000  pi_loss=-1.6028  reward_loss=0.1390  total_loss=0.0492  value_loss=0.3435
  update 381500/500000: consistency_loss=0.0001  pi_loss=-1.5681  reward_loss=0.1206  total_loss=0.0473  value_loss=0.3412
  update 382000/500000: consistency_loss=0.0001  pi_loss=-1.6247  reward_loss=0.1363  total_loss=0.0496  value_loss=0.3473
  update 382500/500000: consistency_loss=0.0001  pi_loss=-1.6086  reward_loss=0.1223  total_loss=0.0478  value_loss=0.3422
  update 383000/500000: consistency_loss=0.0001  pi_loss=-1.6359  reward_loss=0.1309  total_loss=0.0491  value_loss=0.3478
  update 383500/500000: consistency_loss=0.0001  pi_loss=-1.6384  reward_loss=0.1397  total_loss=0.0490  value_loss=0.3392
  update 384000/500000: consistency_loss=0.0001  pi_loss=-1.6648  reward_loss=0.1624  total_loss=0.0519  value_loss=0.3452
  update 384500/500000: consistency_loss=0.0001  pi_loss=-1.6367  reward_loss=0.1239  total_loss=0.0472  value_loss=0.3370
  update 385000/500000: consistency_loss=0.0000  pi_loss=-1.6564  reward_loss=0.1325  total_loss=0.0482  value_loss=0.3399
  update 385500/500000: consistency_loss=0.0001  pi_loss=-1.6651  reward_loss=0.1466  total_loss=0.0503  value_loss=0.3449
  update 386000/500000: consistency_loss=0.0001  pi_loss=-1.6522  reward_loss=0.1307  total_loss=0.0494  value_loss=0.3514
  update 386500/500000: consistency_loss=0.0001  pi_loss=-1.6418  reward_loss=0.1259  total_loss=0.0473  value_loss=0.3362
  update 387000/500000: consistency_loss=0.0000  pi_loss=-1.6474  reward_loss=0.1412  total_loss=0.0496  value_loss=0.3447
  update 387500/500000: consistency_loss=0.0001  pi_loss=-1.6408  reward_loss=0.1208  total_loss=0.0473  value_loss=0.3400
  update 388000/500000: consistency_loss=0.0001  pi_loss=-1.6397  reward_loss=0.1401  total_loss=0.0495  value_loss=0.3435
  update 388500/500000: consistency_loss=0.0001  pi_loss=-1.6273  reward_loss=0.1307  total_loss=0.0487  value_loss=0.3439
  update 389000/500000: consistency_loss=0.0001  pi_loss=-1.6252  reward_loss=0.1453  total_loss=0.0499  value_loss=0.3429
  update 389500/500000: consistency_loss=0.0001  pi_loss=-1.6148  reward_loss=0.1182  total_loss=0.0468  value_loss=0.3375
  update 390000/500000: consistency_loss=0.0001  pi_loss=-1.6472  reward_loss=0.1639  total_loss=0.0532  value_loss=0.3558
  update 390500/500000: consistency_loss=0.0001  pi_loss=-1.6045  reward_loss=0.1250  total_loss=0.0477  value_loss=0.3415
  update 391000/500000: consistency_loss=0.0001  pi_loss=-1.5915  reward_loss=0.1214  total_loss=0.0469  value_loss=0.3371
  update 391500/500000: consistency_loss=0.0001  pi_loss=-1.5559  reward_loss=0.1233  total_loss=0.0467  value_loss=0.3276
  update 392000/500000: consistency_loss=0.0001  pi_loss=-1.5537  reward_loss=0.1039  total_loss=0.0451  value_loss=0.3370
  update 392500/500000: consistency_loss=0.0001  pi_loss=-1.5788  reward_loss=0.1316  total_loss=0.0478  value_loss=0.3333
  update 393000/500000: consistency_loss=0.0001  pi_loss=-1.5666  reward_loss=0.1196  total_loss=0.0464  value_loss=0.3341
  update 393500/500000: consistency_loss=0.0001  pi_loss=-1.5466  reward_loss=0.1271  total_loss=0.0477  value_loss=0.3361
  update 394000/500000: consistency_loss=0.0001  pi_loss=-1.5656  reward_loss=0.1462  total_loss=0.0502  value_loss=0.3423
  update 394500/500000: consistency_loss=0.0001  pi_loss=-1.5115  reward_loss=0.1295  total_loss=0.0477  value_loss=0.3349
  update 395000/500000: consistency_loss=0.0001  pi_loss=-1.4975  reward_loss=0.1364  total_loss=0.0481  value_loss=0.3293
  update 395500/500000: consistency_loss=0.0001  pi_loss=-1.4908  reward_loss=0.1329  total_loss=0.0485  value_loss=0.3375
  update 396000/500000: consistency_loss=0.0001  pi_loss=-1.4711  reward_loss=0.1412  total_loss=0.0478  value_loss=0.3251
  update 396500/500000: consistency_loss=0.0001  pi_loss=-1.4646  reward_loss=0.1401  total_loss=0.0483  value_loss=0.3306
  update 397000/500000: consistency_loss=0.0001  pi_loss=-1.4493  reward_loss=0.1263  total_loss=0.0470  value_loss=0.3317
  update 397500/500000: consistency_loss=0.0001  pi_loss=-1.4367  reward_loss=0.1230  total_loss=0.0470  value_loss=0.3332
  update 398000/500000: consistency_loss=0.0001  pi_loss=-1.4758  reward_loss=0.1611  total_loss=0.0501  value_loss=0.3261
  update 398500/500000: consistency_loss=0.0001  pi_loss=-1.4644  reward_loss=0.1391  total_loss=0.0477  value_loss=0.3258
  update 399000/500000: consistency_loss=0.0001  pi_loss=-1.4544  reward_loss=0.1259  total_loss=0.0467  value_loss=0.3313
  update 399500/500000: consistency_loss=0.0001  pi_loss=-1.4714  reward_loss=0.1256  total_loss=0.0472  value_loss=0.3309
  update 400000/500000: consistency_loss=0.0001  pi_loss=-1.4463  reward_loss=0.1070  total_loss=0.0450  value_loss=0.3309
Saved checkpoint at update 400000
  update 400500/500000: consistency_loss=0.0001  pi_loss=-1.4387  reward_loss=0.1377  total_loss=0.0465  value_loss=0.3156
  update 401000/500000: consistency_loss=0.0001  pi_loss=-1.4293  reward_loss=0.1411  total_loss=0.0475  value_loss=0.3210
  update 401500/500000: consistency_loss=0.0001  pi_loss=-1.4078  reward_loss=0.1300  total_loss=0.0469  value_loss=0.3246
  update 402000/500000: consistency_loss=0.0001  pi_loss=-1.3992  reward_loss=0.1275  total_loss=0.0461  value_loss=0.3212
  update 402500/500000: consistency_loss=0.0001  pi_loss=-1.3968  reward_loss=0.1309  total_loss=0.0465  value_loss=0.3231
  update 403000/500000: consistency_loss=0.0001  pi_loss=-1.3938  reward_loss=0.1340  total_loss=0.0466  value_loss=0.3207
  update 403500/500000: consistency_loss=0.0001  pi_loss=-1.4106  reward_loss=0.1435  total_loss=0.0477  value_loss=0.3230
  update 404000/500000: consistency_loss=0.0001  pi_loss=-1.4119  reward_loss=0.1151  total_loss=0.0456  value_loss=0.3290
  update 404500/500000: consistency_loss=0.0001  pi_loss=-1.4356  reward_loss=0.1196  total_loss=0.0462  value_loss=0.3297
  update 405000/500000: consistency_loss=0.0001  pi_loss=-1.4795  reward_loss=0.1330  total_loss=0.0487  value_loss=0.3416
  update 405500/500000: consistency_loss=0.0000  pi_loss=-1.5076  reward_loss=0.1368  total_loss=0.0486  value_loss=0.3403
  update 406000/500000: consistency_loss=0.0001  pi_loss=-1.5137  reward_loss=0.1215  total_loss=0.0472  value_loss=0.3370
  update 406500/500000: consistency_loss=0.0001  pi_loss=-1.5352  reward_loss=0.1325  total_loss=0.0485  value_loss=0.3409
  update 407000/500000: consistency_loss=0.0000  pi_loss=-1.5158  reward_loss=0.1331  total_loss=0.0480  value_loss=0.3375
  update 407500/500000: consistency_loss=0.0001  pi_loss=-1.5503  reward_loss=0.1558  total_loss=0.0509  value_loss=0.3398
  update 408000/500000: consistency_loss=0.0001  pi_loss=-1.5295  reward_loss=0.1320  total_loss=0.0476  value_loss=0.3315
  update 408500/500000: consistency_loss=0.0001  pi_loss=-1.5098  reward_loss=0.1275  total_loss=0.0472  value_loss=0.3320
  update 409000/500000: consistency_loss=0.0000  pi_loss=-1.5178  reward_loss=0.1525  total_loss=0.0498  value_loss=0.3361
  update 409500/500000: consistency_loss=0.0001  pi_loss=-1.4987  reward_loss=0.1406  total_loss=0.0485  value_loss=0.3338
  update 410000/500000: consistency_loss=0.0000  pi_loss=-1.4801  reward_loss=0.1261  total_loss=0.0474  value_loss=0.3383
  update 410500/500000: consistency_loss=0.0001  pi_loss=-1.5112  reward_loss=0.1448  total_loss=0.0487  value_loss=0.3290
  update 411000/500000: consistency_loss=0.0001  pi_loss=-1.5278  reward_loss=0.1284  total_loss=0.0470  value_loss=0.3303
  update 411500/500000: consistency_loss=0.0000  pi_loss=-1.5828  reward_loss=0.1283  total_loss=0.0481  value_loss=0.3442
  update 412000/500000: consistency_loss=0.0001  pi_loss=-1.6108  reward_loss=0.1610  total_loss=0.0522  value_loss=0.3485
  update 412500/500000: consistency_loss=0.0001  pi_loss=-1.6268  reward_loss=0.1212  total_loss=0.0480  value_loss=0.3474
  update 413000/500000: consistency_loss=0.0001  pi_loss=-1.6442  reward_loss=0.1415  total_loss=0.0509  value_loss=0.3564
  update 413500/500000: consistency_loss=0.0001  pi_loss=-1.6571  reward_loss=0.1482  total_loss=0.0511  value_loss=0.3496
  update 414000/500000: consistency_loss=0.0001  pi_loss=-1.6081  reward_loss=0.1181  total_loss=0.0474  value_loss=0.3452
  update 414500/500000: consistency_loss=0.0001  pi_loss=-1.5937  reward_loss=0.1212  total_loss=0.0472  value_loss=0.3405
  update 415000/500000: consistency_loss=0.0001  pi_loss=-1.5830  reward_loss=0.1358  total_loss=0.0476  value_loss=0.3293
  update 415500/500000: consistency_loss=0.0000  pi_loss=-1.5728  reward_loss=0.1347  total_loss=0.0476  value_loss=0.3319
  update 416000/500000: consistency_loss=0.0001  pi_loss=-1.5727  reward_loss=0.1289  total_loss=0.0480  value_loss=0.3388
  update 416500/500000: consistency_loss=0.0001  pi_loss=-1.5874  reward_loss=0.1522  total_loss=0.0504  value_loss=0.3414
  update 417000/500000: consistency_loss=0.0001  pi_loss=-1.6036  reward_loss=0.1233  total_loss=0.0477  value_loss=0.3370
  update 417500/500000: consistency_loss=0.0000  pi_loss=-1.6232  reward_loss=0.1462  total_loss=0.0502  value_loss=0.3465
  update 418000/500000: consistency_loss=0.0001  pi_loss=-1.6279  reward_loss=0.1327  total_loss=0.0487  value_loss=0.3418
  update 418500/500000: consistency_loss=0.0001  pi_loss=-1.6304  reward_loss=0.1246  total_loss=0.0480  value_loss=0.3443
  update 419000/500000: consistency_loss=0.0001  pi_loss=-1.6131  reward_loss=0.1280  total_loss=0.0478  value_loss=0.3401
  update 419500/500000: consistency_loss=0.0001  pi_loss=-1.5910  reward_loss=0.1205  total_loss=0.0475  value_loss=0.3438
  update 420000/500000: consistency_loss=0.0001  pi_loss=-1.5903  reward_loss=0.1156  total_loss=0.0472  value_loss=0.3420
  update 420500/500000: consistency_loss=0.0001  pi_loss=-1.5518  reward_loss=0.1271  total_loss=0.0479  value_loss=0.3399
  update 421000/500000: consistency_loss=0.0000  pi_loss=-1.5500  reward_loss=0.1338  total_loss=0.0478  value_loss=0.3345
  update 421500/500000: consistency_loss=0.0001  pi_loss=-1.5511  reward_loss=0.1318  total_loss=0.0481  value_loss=0.3349
  update 422000/500000: consistency_loss=0.0001  pi_loss=-1.5774  reward_loss=0.1302  total_loss=0.0473  value_loss=0.3319
  update 422500/500000: consistency_loss=0.0001  pi_loss=-1.6016  reward_loss=0.1412  total_loss=0.0498  value_loss=0.3470
  update 423000/500000: consistency_loss=0.0001  pi_loss=-1.6352  reward_loss=0.1307  total_loss=0.0488  value_loss=0.3470
  update 423500/500000: consistency_loss=0.0001  pi_loss=-1.6459  reward_loss=0.1367  total_loss=0.0493  value_loss=0.3459
  update 424000/500000: consistency_loss=0.0001  pi_loss=-1.6443  reward_loss=0.1372  total_loss=0.0495  value_loss=0.3476
  update 424500/500000: consistency_loss=0.0001  pi_loss=-1.6073  reward_loss=0.1275  total_loss=0.0482  value_loss=0.3415
  update 425000/500000: consistency_loss=0.0001  pi_loss=-1.5923  reward_loss=0.1284  total_loss=0.0485  value_loss=0.3454
  update 425500/500000: consistency_loss=0.0000  pi_loss=-1.5863  reward_loss=0.1381  total_loss=0.0487  value_loss=0.3391
  update 426000/500000: consistency_loss=0.0001  pi_loss=-1.5728  reward_loss=0.1298  total_loss=0.0478  value_loss=0.3369
  update 426500/500000: consistency_loss=0.0000  pi_loss=-1.5642  reward_loss=0.1422  total_loss=0.0482  value_loss=0.3305
  update 427000/500000: consistency_loss=0.0001  pi_loss=-1.5372  reward_loss=0.1153  total_loss=0.0457  value_loss=0.3284
  update 427500/500000: consistency_loss=0.0001  pi_loss=-1.5632  reward_loss=0.1331  total_loss=0.0485  value_loss=0.3412
  update 428000/500000: consistency_loss=0.0001  pi_loss=-1.5511  reward_loss=0.1043  total_loss=0.0457  value_loss=0.3391
  update 428500/500000: consistency_loss=0.0001  pi_loss=-1.5529  reward_loss=0.1210  total_loss=0.0476  value_loss=0.3384
  update 429000/500000: consistency_loss=0.0001  pi_loss=-1.5831  reward_loss=0.1320  total_loss=0.0486  value_loss=0.3436
  update 429500/500000: consistency_loss=0.0001  pi_loss=-1.5691  reward_loss=0.1302  total_loss=0.0476  value_loss=0.3351
  update 430000/500000: consistency_loss=0.0001  pi_loss=-1.5529  reward_loss=0.1239  total_loss=0.0477  value_loss=0.3428
  update 430500/500000: consistency_loss=0.0001  pi_loss=-1.5475  reward_loss=0.1289  total_loss=0.0471  value_loss=0.3315
  update 431000/500000: consistency_loss=0.0000  pi_loss=-1.5681  reward_loss=0.1339  total_loss=0.0484  value_loss=0.3407
  update 431500/500000: consistency_loss=0.0001  pi_loss=-1.5547  reward_loss=0.1361  total_loss=0.0485  value_loss=0.3372
  update 432000/500000: consistency_loss=0.0001  pi_loss=-1.5539  reward_loss=0.1273  total_loss=0.0475  value_loss=0.3367
  update 432500/500000: consistency_loss=0.0001  pi_loss=-1.5345  reward_loss=0.1150  total_loss=0.0471  value_loss=0.3434
  update 433000/500000: consistency_loss=0.0000  pi_loss=-1.5268  reward_loss=0.1338  total_loss=0.0480  value_loss=0.3368
  update 433500/500000: consistency_loss=0.0001  pi_loss=-1.5175  reward_loss=0.1214  total_loss=0.0475  value_loss=0.3419
  update 434000/500000: consistency_loss=0.0001  pi_loss=-1.5431  reward_loss=0.1374  total_loss=0.0488  value_loss=0.3407
  update 434500/500000: consistency_loss=0.0001  pi_loss=-1.5195  reward_loss=0.1275  total_loss=0.0481  value_loss=0.3423
  update 435000/500000: consistency_loss=0.0001  pi_loss=-1.5305  reward_loss=0.1301  total_loss=0.0488  value_loss=0.3441
  update 435500/500000: consistency_loss=0.0001  pi_loss=-1.5226  reward_loss=0.1088  total_loss=0.0457  value_loss=0.3377
  update 436000/500000: consistency_loss=0.0000  pi_loss=-1.5450  reward_loss=0.1257  total_loss=0.0476  value_loss=0.3402
  update 436500/500000: consistency_loss=0.0001  pi_loss=-1.5753  reward_loss=0.1570  total_loss=0.0515  value_loss=0.3474
  update 437000/500000: consistency_loss=0.0000  pi_loss=-1.5900  reward_loss=0.1441  total_loss=0.0496  value_loss=0.3424
  update 437500/500000: consistency_loss=0.0001  pi_loss=-1.5862  reward_loss=0.1298  total_loss=0.0479  value_loss=0.3372
  update 438000/500000: consistency_loss=0.0001  pi_loss=-1.6055  reward_loss=0.1448  total_loss=0.0500  value_loss=0.3448
  update 438500/500000: consistency_loss=0.0001  pi_loss=-1.6363  reward_loss=0.1466  total_loss=0.0507  value_loss=0.3502
  update 439000/500000: consistency_loss=0.0001  pi_loss=-1.6176  reward_loss=0.1206  total_loss=0.0478  value_loss=0.3434
  update 439500/500000: consistency_loss=0.0001  pi_loss=-1.6431  reward_loss=0.1403  total_loss=0.0497  value_loss=0.3456
  update 440000/500000: consistency_loss=0.0000  pi_loss=-1.6562  reward_loss=0.1327  total_loss=0.0488  value_loss=0.3461
  update 440500/500000: consistency_loss=0.0001  pi_loss=-1.6312  reward_loss=0.1307  total_loss=0.0482  value_loss=0.3384
  update 441000/500000: consistency_loss=0.0001  pi_loss=-1.6595  reward_loss=0.1388  total_loss=0.0492  value_loss=0.3395
  update 441500/500000: consistency_loss=0.0001  pi_loss=-1.6183  reward_loss=0.1186  total_loss=0.0481  value_loss=0.3489
  update 442000/500000: consistency_loss=0.0001  pi_loss=-1.6502  reward_loss=0.1372  total_loss=0.0492  value_loss=0.3430
  update 442500/500000: consistency_loss=0.0001  pi_loss=-1.6428  reward_loss=0.1300  total_loss=0.0489  value_loss=0.3455
  update 443000/500000: consistency_loss=0.0000  pi_loss=-1.6616  reward_loss=0.1334  total_loss=0.0496  value_loss=0.3531
  update 443500/500000: consistency_loss=0.0001  pi_loss=-1.6463  reward_loss=0.1306  total_loss=0.0494  value_loss=0.3437
  update 444000/500000: consistency_loss=0.0001  pi_loss=-1.6284  reward_loss=0.1228  total_loss=0.0482  value_loss=0.3461
  update 444500/500000: consistency_loss=0.0000  pi_loss=-1.6457  reward_loss=0.1239  total_loss=0.0479  value_loss=0.3465
  update 445000/500000: consistency_loss=0.0001  pi_loss=-1.6488  reward_loss=0.1470  total_loss=0.0508  value_loss=0.3429
  update 445500/500000: consistency_loss=0.0001  pi_loss=-1.6295  reward_loss=0.1170  total_loss=0.0476  value_loss=0.3482
  update 446000/500000: consistency_loss=0.0001  pi_loss=-1.6147  reward_loss=0.1158  total_loss=0.0463  value_loss=0.3345
  update 446500/500000: consistency_loss=0.0000  pi_loss=-1.5948  reward_loss=0.1325  total_loss=0.0480  value_loss=0.3380
  update 447000/500000: consistency_loss=0.0001  pi_loss=-1.5978  reward_loss=0.1253  total_loss=0.0483  value_loss=0.3411
  update 447500/500000: consistency_loss=0.0001  pi_loss=-1.6038  reward_loss=0.1281  total_loss=0.0482  value_loss=0.3412
  update 448000/500000: consistency_loss=0.0001  pi_loss=-1.6185  reward_loss=0.1237  total_loss=0.0478  value_loss=0.3413
  update 448500/500000: consistency_loss=0.0001  pi_loss=-1.6290  reward_loss=0.1167  total_loss=0.0472  value_loss=0.3423
  update 449000/500000: consistency_loss=0.0001  pi_loss=-1.6155  reward_loss=0.1153  total_loss=0.0471  value_loss=0.3431
  update 449500/500000: consistency_loss=0.0001  pi_loss=-1.6351  reward_loss=0.1222  total_loss=0.0481  value_loss=0.3471
  update 450000/500000: consistency_loss=0.0001  pi_loss=-1.6536  reward_loss=0.1455  total_loss=0.0508  value_loss=0.3509
  update 450500/500000: consistency_loss=0.0001  pi_loss=-1.6142  reward_loss=0.1046  total_loss=0.0485  value_loss=0.3528
  update 451000/500000: consistency_loss=0.0001  pi_loss=-1.6147  reward_loss=0.1147  total_loss=0.0475  value_loss=0.3487
  update 451500/500000: consistency_loss=0.0001  pi_loss=-1.6108  reward_loss=0.1442  total_loss=0.0504  value_loss=0.3502
  update 452000/500000: consistency_loss=0.0001  pi_loss=-1.5968  reward_loss=0.1277  total_loss=0.0487  value_loss=0.3466
  update 452500/500000: consistency_loss=0.0001  pi_loss=-1.5654  reward_loss=0.1156  total_loss=0.0466  value_loss=0.3393
  update 453000/500000: consistency_loss=0.0001  pi_loss=-1.5703  reward_loss=0.1401  total_loss=0.0497  value_loss=0.3440
  update 453500/500000: consistency_loss=0.0001  pi_loss=-1.5778  reward_loss=0.1330  total_loss=0.0489  value_loss=0.3435
  update 454000/500000: consistency_loss=0.0001  pi_loss=-1.5735  reward_loss=0.1356  total_loss=0.0491  value_loss=0.3435
  update 454500/500000: consistency_loss=0.0001  pi_loss=-1.5472  reward_loss=0.1346  total_loss=0.0483  value_loss=0.3374
  update 455000/500000: consistency_loss=0.0001  pi_loss=-1.5668  reward_loss=0.1158  total_loss=0.0473  value_loss=0.3459
  update 455500/500000: consistency_loss=0.0001  pi_loss=-1.5642  reward_loss=0.1401  total_loss=0.0493  value_loss=0.3418
  update 456000/500000: consistency_loss=0.0001  pi_loss=-1.5830  reward_loss=0.1500  total_loss=0.0507  value_loss=0.3461
  update 456500/500000: consistency_loss=0.0001  pi_loss=-1.5746  reward_loss=0.1399  total_loss=0.0504  value_loss=0.3516
  update 457000/500000: consistency_loss=0.0000  pi_loss=-1.5464  reward_loss=0.1183  total_loss=0.0471  value_loss=0.3432
  update 457500/500000: consistency_loss=0.0001  pi_loss=-1.5389  reward_loss=0.1300  total_loss=0.0490  value_loss=0.3491
  update 458000/500000: consistency_loss=0.0001  pi_loss=-1.5187  reward_loss=0.1345  total_loss=0.0487  value_loss=0.3415
  update 458500/500000: consistency_loss=0.0001  pi_loss=-1.4937  reward_loss=0.1210  total_loss=0.0469  value_loss=0.3361
  update 459000/500000: consistency_loss=0.0000  pi_loss=-1.4999  reward_loss=0.1428  total_loss=0.0490  value_loss=0.3375
  update 459500/500000: consistency_loss=0.0001  pi_loss=-1.4935  reward_loss=0.1286  total_loss=0.0476  value_loss=0.3370
  update 460000/500000: consistency_loss=0.0001  pi_loss=-1.5036  reward_loss=0.0960  total_loss=0.0444  value_loss=0.3381
  update 460500/500000: consistency_loss=0.0001  pi_loss=-1.5419  reward_loss=0.1256  total_loss=0.0478  value_loss=0.3374
  update 461000/500000: consistency_loss=0.0001  pi_loss=-1.5452  reward_loss=0.1293  total_loss=0.0485  value_loss=0.3414
  update 461500/500000: consistency_loss=0.0001  pi_loss=-1.5643  reward_loss=0.1129  total_loss=0.0466  value_loss=0.3409
  update 462000/500000: consistency_loss=0.0001  pi_loss=-1.5703  reward_loss=0.1214  total_loss=0.0473  value_loss=0.3378
  update 462500/500000: consistency_loss=0.0001  pi_loss=-1.5691  reward_loss=0.1341  total_loss=0.0496  value_loss=0.3493
  update 463000/500000: consistency_loss=0.0001  pi_loss=-1.5294  reward_loss=0.1187  total_loss=0.0469  value_loss=0.3396
  update 463500/500000: consistency_loss=0.0000  pi_loss=-1.5244  reward_loss=0.1253  total_loss=0.0469  value_loss=0.3338
  update 464000/500000: consistency_loss=0.0001  pi_loss=-1.5198  reward_loss=0.1403  total_loss=0.0490  value_loss=0.3379
  update 464500/500000: consistency_loss=0.0001  pi_loss=-1.5065  reward_loss=0.1370  total_loss=0.0489  value_loss=0.3348
  update 465000/500000: consistency_loss=0.0001  pi_loss=-1.4827  reward_loss=0.1199  total_loss=0.0467  value_loss=0.3340
  update 465500/500000: consistency_loss=0.0000  pi_loss=-1.4790  reward_loss=0.1190  total_loss=0.0461  value_loss=0.3320
  update 466000/500000: consistency_loss=0.0000  pi_loss=-1.4986  reward_loss=0.1543  total_loss=0.0498  value_loss=0.3344
  update 466500/500000: consistency_loss=0.0001  pi_loss=-1.4927  reward_loss=0.1239  total_loss=0.0469  value_loss=0.3351
  update 467000/500000: consistency_loss=0.0001  pi_loss=-1.4874  reward_loss=0.1327  total_loss=0.0484  value_loss=0.3403
  update 467500/500000: consistency_loss=0.0001  pi_loss=-1.4931  reward_loss=0.1307  total_loss=0.0487  value_loss=0.3440
  update 468000/500000: consistency_loss=0.0000  pi_loss=-1.4930  reward_loss=0.1439  total_loss=0.0484  value_loss=0.3298
  update 468500/500000: consistency_loss=0.0001  pi_loss=-1.4683  reward_loss=0.1298  total_loss=0.0485  value_loss=0.3430
  update 469000/500000: consistency_loss=0.0001  pi_loss=-1.4571  reward_loss=0.1361  total_loss=0.0492  value_loss=0.3436
  update 469500/500000: consistency_loss=0.0001  pi_loss=-1.4383  reward_loss=0.1190  total_loss=0.0463  value_loss=0.3296
  update 470000/500000: consistency_loss=0.0001  pi_loss=-1.4524  reward_loss=0.1299  total_loss=0.0477  value_loss=0.3361
  update 470500/500000: consistency_loss=0.0001  pi_loss=-1.4256  reward_loss=0.1106  total_loss=0.0455  value_loss=0.3318
  update 471000/500000: consistency_loss=0.0001  pi_loss=-1.4641  reward_loss=0.1504  total_loss=0.0499  value_loss=0.3378
  update 471500/500000: consistency_loss=0.0001  pi_loss=-1.4659  reward_loss=0.1205  total_loss=0.0470  value_loss=0.3386
  update 472000/500000: consistency_loss=0.0001  pi_loss=-1.4368  reward_loss=0.1160  total_loss=0.0459  value_loss=0.3296
  update 472500/500000: consistency_loss=0.0001  pi_loss=-1.4413  reward_loss=0.1145  total_loss=0.0458  value_loss=0.3309
  update 473000/500000: consistency_loss=0.0001  pi_loss=-1.4354  reward_loss=0.1196  total_loss=0.0461  value_loss=0.3276
  update 473500/500000: consistency_loss=0.0001  pi_loss=-1.3961  reward_loss=0.1138  total_loss=0.0456  value_loss=0.3302
  update 474000/500000: consistency_loss=0.0001  pi_loss=-1.4038  reward_loss=0.1268  total_loss=0.0463  value_loss=0.3248
  update 474500/500000: consistency_loss=0.0001  pi_loss=-1.3880  reward_loss=0.1376  total_loss=0.0475  value_loss=0.3268
  update 475000/500000: consistency_loss=0.0001  pi_loss=-1.3764  reward_loss=0.1303  total_loss=0.0466  value_loss=0.3254
  update 475500/500000: consistency_loss=0.0001  pi_loss=-1.3648  reward_loss=0.1230  total_loss=0.0454  value_loss=0.3200
  update 476000/500000: consistency_loss=0.0001  pi_loss=-1.3674  reward_loss=0.0906  total_loss=0.0431  value_loss=0.3270
  update 476500/500000: consistency_loss=0.0000  pi_loss=-1.3860  reward_loss=0.1471  total_loss=0.0488  value_loss=0.3321
  update 477000/500000: consistency_loss=0.0001  pi_loss=-1.3562  reward_loss=0.1219  total_loss=0.0466  value_loss=0.3308
  update 477500/500000: consistency_loss=0.0001  pi_loss=-1.3438  reward_loss=0.1186  total_loss=0.0458  value_loss=0.3256
  update 478000/500000: consistency_loss=0.0001  pi_loss=-1.3416  reward_loss=0.1309  total_loss=0.0470  value_loss=0.3282
  update 478500/500000: consistency_loss=0.0001  pi_loss=-1.3505  reward_loss=0.1237  total_loss=0.0462  value_loss=0.3279
  update 479000/500000: consistency_loss=0.0000  pi_loss=-1.3592  reward_loss=0.1369  total_loss=0.0481  value_loss=0.3360
  update 479500/500000: consistency_loss=0.0001  pi_loss=-1.3533  reward_loss=0.1295  total_loss=0.0467  value_loss=0.3258
  update 480000/500000: consistency_loss=0.0001  pi_loss=-1.3503  reward_loss=0.1277  total_loss=0.0470  value_loss=0.3319
  update 480500/500000: consistency_loss=0.0001  pi_loss=-1.3459  reward_loss=0.1289  total_loss=0.0467  value_loss=0.3272
  update 481000/500000: consistency_loss=0.0000  pi_loss=-1.3241  reward_loss=0.1275  total_loss=0.0462  value_loss=0.3251
  update 481500/500000: consistency_loss=0.0001  pi_loss=-1.3220  reward_loss=0.1259  total_loss=0.0470  value_loss=0.3336
  update 482000/500000: consistency_loss=0.0001  pi_loss=-1.3332  reward_loss=0.1372  total_loss=0.0471  value_loss=0.3229
  update 482500/500000: consistency_loss=0.0001  pi_loss=-1.3413  reward_loss=0.1300  total_loss=0.0461  value_loss=0.3197
  update 483000/500000: consistency_loss=0.0001  pi_loss=-1.3670  reward_loss=0.1473  total_loss=0.0483  value_loss=0.3240
  update 483500/500000: consistency_loss=0.0000  pi_loss=-1.3396  reward_loss=0.1118  total_loss=0.0439  value_loss=0.3173
  update 484000/500000: consistency_loss=0.0001  pi_loss=-1.3356  reward_loss=0.1378  total_loss=0.0467  value_loss=0.3184
  update 484500/500000: consistency_loss=0.0001  pi_loss=-1.3393  reward_loss=0.1192  total_loss=0.0454  value_loss=0.3226
  update 485000/500000: consistency_loss=0.0000  pi_loss=-1.3452  reward_loss=0.1424  total_loss=0.0481  value_loss=0.3285
  update 485500/500000: consistency_loss=0.0001  pi_loss=-1.3323  reward_loss=0.1344  total_loss=0.0468  value_loss=0.3218
  update 486000/500000: consistency_loss=0.0001  pi_loss=-1.3767  reward_loss=0.1277  total_loss=0.0469  value_loss=0.3304
  update 486500/500000: consistency_loss=0.0000  pi_loss=-1.3849  reward_loss=0.1217  total_loss=0.0451  value_loss=0.3197
  update 487000/500000: consistency_loss=0.0001  pi_loss=-1.3921  reward_loss=0.1358  total_loss=0.0481  value_loss=0.3349
  update 487500/500000: consistency_loss=0.0001  pi_loss=-1.3658  reward_loss=0.1174  total_loss=0.0456  value_loss=0.3265
  update 488000/500000: consistency_loss=0.0000  pi_loss=-1.3632  reward_loss=0.1268  total_loss=0.0455  value_loss=0.3199
  update 488500/500000: consistency_loss=0.0000  pi_loss=-1.3889  reward_loss=0.1491  total_loss=0.0484  value_loss=0.3251
  update 489000/500000: consistency_loss=0.0001  pi_loss=-1.3852  reward_loss=0.1536  total_loss=0.0488  value_loss=0.3229
  update 489500/500000: consistency_loss=0.0001  pi_loss=-1.3942  reward_loss=0.1307  total_loss=0.0453  value_loss=0.3117
  update 490000/500000: consistency_loss=0.0001  pi_loss=-1.3614  reward_loss=0.1190  total_loss=0.0452  value_loss=0.3216
  update 490500/500000: consistency_loss=0.0001  pi_loss=-1.3782  reward_loss=0.1524  total_loss=0.0489  value_loss=0.3254
  update 491000/500000: consistency_loss=0.0001  pi_loss=-1.3903  reward_loss=0.1370  total_loss=0.0474  value_loss=0.3238
  update 491500/500000: consistency_loss=0.0001  pi_loss=-1.3807  reward_loss=0.1250  total_loss=0.0458  value_loss=0.3230
  update 492000/500000: consistency_loss=0.0001  pi_loss=-1.3503  reward_loss=0.1309  total_loss=0.0462  value_loss=0.3191
  update 492500/500000: consistency_loss=0.0001  pi_loss=-1.3820  reward_loss=0.1603  total_loss=0.0505  value_loss=0.3315
  update 493000/500000: consistency_loss=0.0001  pi_loss=-1.3560  reward_loss=0.1192  total_loss=0.0437  value_loss=0.3078
  update 493500/500000: consistency_loss=0.0000  pi_loss=-1.3730  reward_loss=0.1401  total_loss=0.0476  value_loss=0.3255
  update 494000/500000: consistency_loss=0.0001  pi_loss=-1.3405  reward_loss=0.1520  total_loss=0.0488  value_loss=0.3247
  update 494500/500000: consistency_loss=0.0001  pi_loss=-1.3025  reward_loss=0.1339  total_loss=0.0477  value_loss=0.3327
  update 495000/500000: consistency_loss=0.0001  pi_loss=-1.2764  reward_loss=0.1516  total_loss=0.0493  value_loss=0.3290
  update 495500/500000: consistency_loss=0.0001  pi_loss=-1.2654  reward_loss=0.1401  total_loss=0.0480  value_loss=0.3291
  update 496000/500000: consistency_loss=0.0001  pi_loss=-1.2740  reward_loss=0.1374  total_loss=0.0472  value_loss=0.3237
  update 496500/500000: consistency_loss=0.0001  pi_loss=-1.2799  reward_loss=0.1369  total_loss=0.0466  value_loss=0.3174
  update 497000/500000: consistency_loss=0.0001  pi_loss=-1.2949  reward_loss=0.1210  total_loss=0.0437  value_loss=0.3041
  update 497500/500000: consistency_loss=0.0001  pi_loss=-1.2838  reward_loss=0.1244  total_loss=0.0442  value_loss=0.3059
  update 498000/500000: consistency_loss=0.0000  pi_loss=-1.2801  reward_loss=0.1165  total_loss=0.0448  value_loss=0.3220
  update 498500/500000: consistency_loss=0.0001  pi_loss=-1.2650  reward_loss=0.1235  total_loss=0.0465  value_loss=0.3311
  update 499000/500000: consistency_loss=0.0001  pi_loss=-1.2475  reward_loss=0.1217  total_loss=0.0459  value_loss=0.3251
  update 499500/500000: consistency_loss=0.0000  pi_loss=-1.2348  reward_loss=0.1363  total_loss=0.0464  value_loss=0.3183
  update 500000/500000: consistency_loss=0.0001  pi_loss=-1.2474  reward_loss=0.1307  total_loss=0.0459  value_loss=0.3168
DONE: 500000 updates -> /workspace/dreamerv3_runs/tm2wm_finger_awareq1s1_seed10/tm2_ckpt.pt
[Sun Jul 19 04:01:52 UTC 2026] adapt RUN_ID=adapt_tm2awareq1s1_finger_seed10_ckpt500000 TASK=dmc_finger_turn_hard STEPS=125000 SEED=10
/workspace/conda_envs/dreamerv3/lib/python3.11/site-packages/tensordict/_td.py:612: FutureWarning: TensorDict.to_module() is replacing an existing nn.Parameter in the destination module with a tensor leaf that is not an nn.Parameter. This historical behavior can remove the key from module.state_dict(). In tensordict v0.14, to_module() will preserve existing module parameter and buffer registrations by default. Pass preserve_module_state=False to keep the current replacement behavior, or preserve_module_state=True to opt in to the v0.14 behavior now.
  local_out = _set_tensor_dict(
Episode length: 1000
Discount factor: 0.995
Loaded + froze 20 tensors (928,512 params) from /workspace/dreamerv3_runs/tm2wm_finger_awareq1s1_seed10/tm2_ckpt.pt
Architecture: TD-MPC2 World Model
Encoder: ModuleDict(
  (state): Sequential(
    (0): NormedLinear(in_features=12, out_features=256, bias=True, act=Mish)
    (1): NormedLinear(in_features=256, out_features=512, bias=True, act=SimNorm)
  )
)
Dynamics: Sequential(
  (0): NormedLinear(in_features=514, out_features=512, bias=True, act=Mish)
  (1): NormedLinear(in_features=512, out_features=512, bias=True, act=Mish)
  (2): NormedLinear(in_features=512, out_features=512, bias=True, act=SimNorm)
)
Reward: Sequential(
  (0): NormedLinear(in_features=514, out_features=512, bias=True, act=Mish)
  (1): NormedLinear(in_features=512, out_features=512, bias=True, act=Mish)
  (2): Linear(in_features=512, out_features=101, bias=True)
)
Policy prior: Sequential(
  (0): NormedLinear(in_features=512, out_features=512, bias=True, act=Mish)
  (1): NormedLinear(in_features=512, out_features=512, bias=True, act=Mish)
  (2): Linear(in_features=512, out_features=4, bias=True)
)
Q-functions: Vectorized 5x Sequential(
  (0): NormedLinear(in_features=514, out_features=512, bias=True, dropout=0.01, act=Mish)
  (1): NormedLinear(in_features=512, out_features=512, bias=True, act=Mish)
  (2): Linear(in_features=512, out_features=101, bias=True)
)
Learnable parameters: 4,010,594
[eval] {'eval/episode_reward': 43.3125, 'eval/episode_success': 0.0, 'eval/episode_length': 1000.0, 'eval/step': 0.0, 'eval/episode': 0.0, 'eval/elapsed_time': 434.4025900363922, 'eval/steps_per_second': 0.0}
Buffer capacity: 125,000
Storage required: 0.01 GB
Using CUDA:0 memory for storage.
[92m2026-07-19 04:09:11,413 [torchrl][INFO][0m    Initialized LazyTensorStorage with torch.Size([125000]) shape[92m [END][0m
Pretraining agent on seed data...
/workspace/conda_envs/dreamerv3/lib/python3.11/site-packages/torch/jit/_script.py:365: DeprecationWarning: `torch.jit.script_method` is deprecated. Please switch to `torch.compile` or `torch.export`.
  warnings.warn(
/workspace/conda_envs/dreamerv3/lib/python3.11/site-packages/torch/jit/_script.py:365: DeprecationWarning: `torch.jit.script_method` is deprecated. Please switch to `torch.compile` or `torch.export`.
  warnings.warn(
/workspace/conda_envs/dreamerv3/lib/python3.11/site-packages/torch/jit/_script.py:365: DeprecationWarning: `torch.jit.script_method` is deprecated. Please switch to `torch.compile` or `torch.export`.
  warnings.warn(
/workspace/conda_envs/dreamerv3/lib/python3.11/site-packages/torch/jit/_script.py:365: DeprecationWarning: `torch.jit.script_method` is deprecated. Please switch to `torch.compile` or `torch.export`.
  warnings.warn(
/workspace/conda_envs/dreamerv3/lib/python3.11/site-packages/torch/jit/_script.py:365: DeprecationWarning: `torch.jit.script_method` is deprecated. Please switch to `torch.compile` or `torch.export`.
  warnings.warn(
/workspace/conda_envs/dreamerv3/lib/python3.11/site-packages/torch/jit/_script.py:365: DeprecationWarning: `torch.jit.script_method` is deprecated. Please switch to `torch.compile` or `torch.export`.
  warnings.warn(
/workspace/conda_envs/dreamerv3/lib/python3.11/site-packages/torch/jit/_script.py:365: DeprecationWarning: `torch.jit.script_method` is deprecated. Please switch to `torch.compile` or `torch.export`.
  warnings.warn(
/workspace/conda_envs/dreamerv3/lib/python3.11/site-packages/torch/jit/_script.py:365: DeprecationWarning: `torch.jit.script_method` is deprecated. Please switch to `torch.compile` or `torch.export`.
  warnings.warn(
/workspace/conda_envs/dreamerv3/lib/python3.11/site-packages/torch/jit/_script.py:365: DeprecationWarning: `torch.jit.script_method` is deprecated. Please switch to `torch.compile` or `torch.export`.
  warnings.warn(
/workspace/conda_envs/dreamerv3/lib/python3.11/site-packages/torch/jit/_script.py:365: DeprecationWarning: `torch.jit.script_method` is deprecated. Please switch to `torch.compile` or `torch.export`.
  warnings.warn(
/workspace/conda_envs/dreamerv3/lib/python3.11/site-packages/torch/jit/_script.py:365: DeprecationWarning: `torch.jit.script_method` is deprecated. Please switch to `torch.compile` or `torch.export`.
  warnings.warn(
/workspace/conda_envs/dreamerv3/lib/python3.11/site-packages/torch/jit/_script.py:365: DeprecationWarning: `torch.jit.script_method` is deprecated. Please switch to `torch.compile` or `torch.export`.
  warnings.warn(
/workspace/conda_envs/dreamerv3/lib/python3.11/site-packages/torch/jit/_script.py:365: DeprecationWarning: `torch.jit.script_method` is deprecated. Please switch to `torch.compile` or `torch.export`.
  warnings.warn(
/workspace/conda_envs/dreamerv3/lib/python3.11/site-packages/torch/jit/_script.py:365: DeprecationWarning: `torch.jit.script_method` is deprecated. Please switch to `torch.compile` or `torch.export`.
  warnings.warn(
[eval] {'eval/episode_reward': 0.0, 'eval/episode_success': 0.0, 'eval/episode_length': 1000.0, 'eval/step': 16000.0, 'eval/episode': 15.0, 'eval/elapsed_time': 1672.807289838791, 'eval/steps_per_second': 9.56475984842338}
[eval] {'eval/episode_reward': 285.0, 'eval/episode_success': 0.0, 'eval/episode_length': 1000.0, 'eval/step': 32000.0, 'eval/episode': 31.0, 'eval/elapsed_time': 2998.134978055954, 'eval/steps_per_second': 10.67330198080321}
[eval] {'eval/episode_reward': 125.1875, 'eval/episode_success': 0.0, 'eval/episode_length': 1000.0, 'eval/step': 48000.0, 'eval/episode': 47.0, 'eval/elapsed_time': 4338.326581954956, 'eval/steps_per_second': 11.064173960451365}
[eval] {'eval/episode_reward': 252.125, 'eval/episode_success': 0.0, 'eval/episode_length': 1000.0, 'eval/step': 64000.0, 'eval/episode': 63.0, 'eval/elapsed_time': 5670.414924144745, 'eval/steps_per_second': 11.286652009800317}
[eval] {'eval/episode_reward': 380.3125, 'eval/episode_success': 0.0, 'eval/episode_length': 1000.0, 'eval/step': 80000.0, 'eval/episode': 79.0, 'eval/elapsed_time': 7064.0979545116425, 'eval/steps_per_second': 11.324871273749288}
[eval] {'eval/episode_reward': 534.125, 'eval/episode_success': 0.0, 'eval/episode_length': 1000.0, 'eval/step': 96000.0, 'eval/episode': 95.0, 'eval/elapsed_time': 8849.944245576859, 'eval/steps_per_second': 10.847525965825168}
[eval] {'eval/episode_reward': 496.75, 'eval/episode_success': 0.0, 'eval/episode_length': 1000.0, 'eval/step': 112000.0, 'eval/episode': 111.0, 'eval/elapsed_time': 10656.283059597015, 'eval/steps_per_second': 10.510231323025259}
ADAPT DONE -> /workspace/dreamerv3_runs/adapt_tm2awareq1s1_finger_seed10_ckpt500000
[Sun Jul 19 07:17:27 UTC 2026] tdmpc2 adapt_tm2awareq1s1_finger_seed10_ckpt500000 rc=0 status=DONE
