[Sun Jul 19 14:08:22 UTC 2026] bridge /workspace/dreamerv3_runs/axis1_finger/q1/side0 -> /workspace/dreamerv3_runs/tm2_data/finger_q1_side0.pt
wrote /workspace/dreamerv3_runs/tm2_data/finger_q1_side0.pt: 200 eps x 1001 steps, obs_dim 12, reward_sum 10732.00
[Sun Jul 19 14:08:28 UTC 2026] offline_fit WM_RUN=tm2wm_finger_awareq1s0_seed15 ARM=aware DATA=/workspace/dreamerv3_runs/tm2_data/finger_q1_side0.pt UPDATES=500000 SEED=15
/workspace/conda_envs/tdmpc2/lib/python3.11/site-packages/tensordict/_td.py:612: FutureWarning: TensorDict.to_module() is replacing an existing nn.Parameter in the destination module with a tensor leaf that is not an nn.Parameter. This historical behavior can remove the key from module.state_dict(). In tensordict v0.14, to_module() will preserve existing module parameter and buffer registrations by default. Pass preserve_module_state=False to keep the current replacement behavior, or preserve_module_state=True to opt in to the v0.14 behavior now.
  local_out = _set_tensor_dict(
Episode length: 1000
Discount factor: 0.995
Buffer capacity: 200,200
Storage required: 0.01 GB
Using CUDA:0 memory for storage.
[92m2026-07-19 14:08:31,692 [torchrl][INFO][0m    Initialized LazyTensorStorage with torch.Size([200200]) shape[92m [END][0m
Loaded static data: 200 eps x 1001 rows = 200200 rows; arm=aware (reward_coef=0.1, value_coef=0.1)
  update      1/500000: consistency_loss=0.0151  pi_loss=-0.0003  reward_loss=2.6922  total_loss=0.8397  value_loss=2.6922
  update    500/500000: consistency_loss=0.0018  pi_loss=-0.1421  reward_loss=0.1298  total_loss=0.0865  value_loss=0.3825
  update   1000/500000: consistency_loss=0.0014  pi_loss=-0.1737  reward_loss=0.0749  total_loss=0.0735  value_loss=0.3708
  update   1500/500000: consistency_loss=0.0013  pi_loss=-0.1171  reward_loss=0.0326  total_loss=0.0629  value_loss=0.3422
  update   2000/500000: consistency_loss=0.0011  pi_loss=-0.0908  reward_loss=0.0368  total_loss=0.0613  value_loss=0.3480
  update   2500/500000: consistency_loss=0.0010  pi_loss=-0.0826  reward_loss=0.0564  total_loss=0.0637  value_loss=0.3732
  update   3000/500000: consistency_loss=0.0008  pi_loss=-0.0679  reward_loss=0.0351  total_loss=0.0588  value_loss=0.3852
  update   3500/500000: consistency_loss=0.0008  pi_loss=-0.0908  reward_loss=0.0617  total_loss=0.0608  value_loss=0.3781
  update   4000/500000: consistency_loss=0.0008  pi_loss=-0.0783  reward_loss=0.0484  total_loss=0.0617  value_loss=0.4061
  update   4500/500000: consistency_loss=0.0008  pi_loss=-0.0553  reward_loss=0.0445  total_loss=0.0544  value_loss=0.3432
  update   5000/500000: consistency_loss=0.0008  pi_loss=-0.0584  reward_loss=0.0395  total_loss=0.0542  value_loss=0.3355
  update   5500/500000: consistency_loss=0.0008  pi_loss=-0.0601  reward_loss=0.0451  total_loss=0.0532  value_loss=0.3366
  update   6000/500000: consistency_loss=0.0008  pi_loss=-0.0707  reward_loss=0.0504  total_loss=0.0589  value_loss=0.3823
  update   6500/500000: consistency_loss=0.0008  pi_loss=-0.0812  reward_loss=0.0362  total_loss=0.0615  value_loss=0.4198
  update   7000/500000: consistency_loss=0.0008  pi_loss=-0.1102  reward_loss=0.0612  total_loss=0.0772  value_loss=0.5518
  update   7500/500000: consistency_loss=0.0008  pi_loss=-0.1283  reward_loss=0.0423  total_loss=0.0745  value_loss=0.5502
  update   8000/500000: consistency_loss=0.0007  pi_loss=-0.1941  reward_loss=0.0474  total_loss=0.0646  value_loss=0.4669
  update   8500/500000: consistency_loss=0.0007  pi_loss=-0.2408  reward_loss=0.0394  total_loss=0.0573  value_loss=0.3996
  update   9000/500000: consistency_loss=0.0006  pi_loss=-0.2760  reward_loss=0.0298  total_loss=0.0509  value_loss=0.3607
  update   9500/500000: consistency_loss=0.0006  pi_loss=-0.2842  reward_loss=0.0391  total_loss=0.0478  value_loss=0.3184
  update  10000/500000: consistency_loss=0.0006  pi_loss=-0.2839  reward_loss=0.0345  total_loss=0.0523  value_loss=0.3643
  update  10500/500000: consistency_loss=0.0006  pi_loss=-0.3593  reward_loss=0.0434  total_loss=0.0467  value_loss=0.3035
  update  11000/500000: consistency_loss=0.0006  pi_loss=-0.4510  reward_loss=0.0374  total_loss=0.0448  value_loss=0.2984
  update  11500/500000: consistency_loss=0.0005  pi_loss=-0.4570  reward_loss=0.0610  total_loss=0.0480  value_loss=0.3112
  update  12000/500000: consistency_loss=0.0005  pi_loss=-0.4094  reward_loss=0.0622  total_loss=0.0495  value_loss=0.3291
  update  12500/500000: consistency_loss=0.0005  pi_loss=-0.3786  reward_loss=0.0193  total_loss=0.0477  value_loss=0.3506
  update  13000/500000: consistency_loss=0.0005  pi_loss=-0.3520  reward_loss=0.0277  total_loss=0.0447  value_loss=0.3183
  update  13500/500000: consistency_loss=0.0005  pi_loss=-0.3352  reward_loss=0.0356  total_loss=0.0471  value_loss=0.3305
  update  14000/500000: consistency_loss=0.0005  pi_loss=-0.3033  reward_loss=0.0255  total_loss=0.0474  value_loss=0.3432
  update  14500/500000: consistency_loss=0.0005  pi_loss=-0.2686  reward_loss=0.0241  total_loss=0.0436  value_loss=0.3126
  update  15000/500000: consistency_loss=0.0005  pi_loss=-0.2724  reward_loss=0.0330  total_loss=0.0471  value_loss=0.3350
  update  15500/500000: consistency_loss=0.0005  pi_loss=-0.2809  reward_loss=0.0426  total_loss=0.0518  value_loss=0.3722
  update  16000/500000: consistency_loss=0.0004  pi_loss=-0.3187  reward_loss=0.0422  total_loss=0.0489  value_loss=0.3606
  update  16500/500000: consistency_loss=0.0005  pi_loss=-0.3398  reward_loss=0.0405  total_loss=0.0523  value_loss=0.3835
  update  17000/500000: consistency_loss=0.0004  pi_loss=-0.3343  reward_loss=0.0530  total_loss=0.0472  value_loss=0.3385
  update  17500/500000: consistency_loss=0.0004  pi_loss=-0.3504  reward_loss=0.0561  total_loss=0.0495  value_loss=0.3550
  update  18000/500000: consistency_loss=0.0004  pi_loss=-0.3431  reward_loss=0.0368  total_loss=0.0448  value_loss=0.3404
  update  18500/500000: consistency_loss=0.0004  pi_loss=-0.3481  reward_loss=0.0456  total_loss=0.0443  value_loss=0.3179
  update  19000/500000: consistency_loss=0.0004  pi_loss=-0.3573  reward_loss=0.0510  total_loss=0.0439  value_loss=0.3121
  update  19500/500000: consistency_loss=0.0004  pi_loss=-0.3338  reward_loss=0.0257  total_loss=0.0395  value_loss=0.2962
  update  20000/500000: consistency_loss=0.0004  pi_loss=-0.3453  reward_loss=0.0421  total_loss=0.0420  value_loss=0.3058
  update  20500/500000: consistency_loss=0.0004  pi_loss=-0.3686  reward_loss=0.0357  total_loss=0.0422  value_loss=0.3127
  update  21000/500000: consistency_loss=0.0004  pi_loss=-0.3685  reward_loss=0.0342  total_loss=0.0416  value_loss=0.3100
  update  21500/500000: consistency_loss=0.0004  pi_loss=-0.3675  reward_loss=0.0487  total_loss=0.0452  value_loss=0.3263
  update  22000/500000: consistency_loss=0.0003  pi_loss=-0.3669  reward_loss=0.0335  total_loss=0.0423  value_loss=0.3211
  update  22500/500000: consistency_loss=0.0003  pi_loss=-0.3721  reward_loss=0.0394  total_loss=0.0412  value_loss=0.3069
  update  23000/500000: consistency_loss=0.0003  pi_loss=-0.3734  reward_loss=0.0291  total_loss=0.0391  value_loss=0.3015
  update  23500/500000: consistency_loss=0.0003  pi_loss=-0.4099  reward_loss=0.0257  total_loss=0.0380  value_loss=0.2925
  update  24000/500000: consistency_loss=0.0003  pi_loss=-0.4338  reward_loss=0.0348  total_loss=0.0388  value_loss=0.2884
  update  24500/500000: consistency_loss=0.0003  pi_loss=-0.4929  reward_loss=0.0253  total_loss=0.0368  value_loss=0.2827
  update  25000/500000: consistency_loss=0.0003  pi_loss=-0.5370  reward_loss=0.0279  total_loss=0.0370  value_loss=0.2856
  update  25500/500000: consistency_loss=0.0003  pi_loss=-0.6239  reward_loss=0.0221  total_loss=0.0358  value_loss=0.2803
  update  26000/500000: consistency_loss=0.0003  pi_loss=-0.7416  reward_loss=0.0463  total_loss=0.0402  value_loss=0.2901
  update  26500/500000: consistency_loss=0.0003  pi_loss=-0.8286  reward_loss=0.0367  total_loss=0.0404  value_loss=0.3031
  update  27000/500000: consistency_loss=0.0003  pi_loss=-0.8279  reward_loss=0.0345  total_loss=0.0431  value_loss=0.3381
  update  27500/500000: consistency_loss=0.0003  pi_loss=-0.7940  reward_loss=0.0222  total_loss=0.0409  value_loss=0.3317
  update  28000/500000: consistency_loss=0.0003  pi_loss=-0.7862  reward_loss=0.0298  total_loss=0.0409  value_loss=0.3269
  update  28500/500000: consistency_loss=0.0003  pi_loss=-0.7708  reward_loss=0.0344  total_loss=0.0405  value_loss=0.3118
  update  29000/500000: consistency_loss=0.0003  pi_loss=-0.7341  reward_loss=0.0414  total_loss=0.0371  value_loss=0.2759
  update  29500/500000: consistency_loss=0.0003  pi_loss=-0.7102  reward_loss=0.0425  total_loss=0.0374  value_loss=0.2782
  update  30000/500000: consistency_loss=0.0002  pi_loss=-0.6678  reward_loss=0.0393  total_loss=0.0376  value_loss=0.2881
  update  30500/500000: consistency_loss=0.0003  pi_loss=-0.5715  reward_loss=0.0302  total_loss=0.0382  value_loss=0.3012
  update  31000/500000: consistency_loss=0.0002  pi_loss=-0.5172  reward_loss=0.0310  total_loss=0.0399  value_loss=0.3205
  update  31500/500000: consistency_loss=0.0002  pi_loss=-0.5042  reward_loss=0.0285  total_loss=0.0373  value_loss=0.3007
  update  32000/500000: consistency_loss=0.0002  pi_loss=-0.4969  reward_loss=0.0300  total_loss=0.0374  value_loss=0.2966
  update  32500/500000: consistency_loss=0.0002  pi_loss=-0.5117  reward_loss=0.0172  total_loss=0.0362  value_loss=0.2998
  update  33000/500000: consistency_loss=0.0002  pi_loss=-0.5310  reward_loss=0.0234  total_loss=0.0368  value_loss=0.3019
  update  33500/500000: consistency_loss=0.0002  pi_loss=-0.5500  reward_loss=0.0175  total_loss=0.0373  value_loss=0.3119
  update  34000/500000: consistency_loss=0.0002  pi_loss=-0.5898  reward_loss=0.0305  total_loss=0.0394  value_loss=0.3143
  update  34500/500000: consistency_loss=0.0002  pi_loss=-0.6256  reward_loss=0.0349  total_loss=0.0366  value_loss=0.2877
  update  35000/500000: consistency_loss=0.0002  pi_loss=-0.6585  reward_loss=0.0142  total_loss=0.0353  value_loss=0.2974
  update  35500/500000: consistency_loss=0.0002  pi_loss=-0.7523  reward_loss=0.0205  total_loss=0.0356  value_loss=0.2887
  update  36000/500000: consistency_loss=0.0002  pi_loss=-0.7891  reward_loss=0.0112  total_loss=0.0333  value_loss=0.2822
  update  36500/500000: consistency_loss=0.0002  pi_loss=-0.8193  reward_loss=0.0214  total_loss=0.0343  value_loss=0.2812
  update  37000/500000: consistency_loss=0.0002  pi_loss=-0.8862  reward_loss=0.0296  total_loss=0.0367  value_loss=0.2929
  update  37500/500000: consistency_loss=0.0002  pi_loss=-0.9015  reward_loss=0.0211  total_loss=0.0353  value_loss=0.2889
  update  38000/500000: consistency_loss=0.0002  pi_loss=-0.9471  reward_loss=0.0345  total_loss=0.0372  value_loss=0.2983
  update  38500/500000: consistency_loss=0.0002  pi_loss=-0.9618  reward_loss=0.0382  total_loss=0.0369  value_loss=0.2906
  update  39000/500000: consistency_loss=0.0002  pi_loss=-0.9594  reward_loss=0.0193  total_loss=0.0340  value_loss=0.2834
  update  39500/500000: consistency_loss=0.0002  pi_loss=-0.9537  reward_loss=0.0524  total_loss=0.0384  value_loss=0.2830
  update  40000/500000: consistency_loss=0.0002  pi_loss=-0.8606  reward_loss=0.0219  total_loss=0.0330  value_loss=0.2699
  update  40500/500000: consistency_loss=0.0002  pi_loss=-0.7837  reward_loss=0.0244  total_loss=0.0320  value_loss=0.2553
  update  41000/500000: consistency_loss=0.0002  pi_loss=-0.7146  reward_loss=0.0241  total_loss=0.0337  value_loss=0.2729
  update  41500/500000: consistency_loss=0.0002  pi_loss=-0.6892  reward_loss=0.0311  total_loss=0.0348  value_loss=0.2771
  update  42000/500000: consistency_loss=0.0002  pi_loss=-0.6643  reward_loss=0.0361  total_loss=0.0355  value_loss=0.2829
  update  42500/500000: consistency_loss=0.0002  pi_loss=-0.6568  reward_loss=0.0250  total_loss=0.0341  value_loss=0.2767
  update  43000/500000: consistency_loss=0.0002  pi_loss=-0.7029  reward_loss=0.0384  total_loss=0.0358  value_loss=0.2820
  update  43500/500000: consistency_loss=0.0002  pi_loss=-0.7037  reward_loss=0.0259  total_loss=0.0357  value_loss=0.2944
  update  44000/500000: consistency_loss=0.0002  pi_loss=-0.7534  reward_loss=0.0220  total_loss=0.0347  value_loss=0.2863
  update  44500/500000: consistency_loss=0.0002  pi_loss=-0.7908  reward_loss=0.0339  total_loss=0.0364  value_loss=0.2931
  update  45000/500000: consistency_loss=0.0002  pi_loss=-0.8312  reward_loss=0.0346  total_loss=0.0355  value_loss=0.2854
  update  45500/500000: consistency_loss=0.0002  pi_loss=-0.8292  reward_loss=0.0213  total_loss=0.0335  value_loss=0.2813
  update  46000/500000: consistency_loss=0.0002  pi_loss=-0.8470  reward_loss=0.0263  total_loss=0.0331  value_loss=0.2741
  update  46500/500000: consistency_loss=0.0002  pi_loss=-0.8432  reward_loss=0.0179  total_loss=0.0323  value_loss=0.2709
  update  47000/500000: consistency_loss=0.0002  pi_loss=-0.8902  reward_loss=0.0252  total_loss=0.0347  value_loss=0.2820
  update  47500/500000: consistency_loss=0.0002  pi_loss=-0.9046  reward_loss=0.0228  total_loss=0.0358  value_loss=0.2934
  update  48000/500000: consistency_loss=0.0002  pi_loss=-0.9059  reward_loss=0.0140  total_loss=0.0338  value_loss=0.2891
  update  48500/500000: consistency_loss=0.0002  pi_loss=-0.9173  reward_loss=0.0421  total_loss=0.0378  value_loss=0.2983
  update  49000/500000: consistency_loss=0.0002  pi_loss=-0.9048  reward_loss=0.0214  total_loss=0.0343  value_loss=0.2896
  update  49500/500000: consistency_loss=0.0002  pi_loss=-0.8994  reward_loss=0.0150  total_loss=0.0348  value_loss=0.2957
  update  50000/500000: consistency_loss=0.0002  pi_loss=-0.9035  reward_loss=0.0291  total_loss=0.0364  value_loss=0.2988
  update  50500/500000: consistency_loss=0.0001  pi_loss=-0.9177  reward_loss=0.0285  total_loss=0.0352  value_loss=0.2939
  update  51000/500000: consistency_loss=0.0002  pi_loss=-0.9478  reward_loss=0.0213  total_loss=0.0360  value_loss=0.3048
  update  51500/500000: consistency_loss=0.0002  pi_loss=-0.9746  reward_loss=0.0278  total_loss=0.0383  value_loss=0.3210
  update  52000/500000: consistency_loss=0.0002  pi_loss=-0.9867  reward_loss=0.0262  total_loss=0.0359  value_loss=0.3015
  update  52500/500000: consistency_loss=0.0002  pi_loss=-0.9740  reward_loss=0.0331  total_loss=0.0388  value_loss=0.3155
  update  53000/500000: consistency_loss=0.0002  pi_loss=-0.9649  reward_loss=0.0214  total_loss=0.0361  value_loss=0.3067
  update  53500/500000: consistency_loss=0.0002  pi_loss=-0.9540  reward_loss=0.0353  total_loss=0.0387  value_loss=0.3168
  update  54000/500000: consistency_loss=0.0002  pi_loss=-0.9338  reward_loss=0.0185  total_loss=0.0370  value_loss=0.3207
  update  54500/500000: consistency_loss=0.0002  pi_loss=-0.9374  reward_loss=0.0244  total_loss=0.0375  value_loss=0.3193
  update  55000/500000: consistency_loss=0.0002  pi_loss=-0.9471  reward_loss=0.0301  total_loss=0.0378  value_loss=0.3176
  update  55500/500000: consistency_loss=0.0002  pi_loss=-0.9423  reward_loss=0.0228  total_loss=0.0382  value_loss=0.3267
  update  56000/500000: consistency_loss=0.0002  pi_loss=-1.0217  reward_loss=0.0299  total_loss=0.0387  value_loss=0.3262
  update  56500/500000: consistency_loss=0.0002  pi_loss=-1.0563  reward_loss=0.0270  total_loss=0.0384  value_loss=0.3193
  update  57000/500000: consistency_loss=0.0001  pi_loss=-1.0786  reward_loss=0.0294  total_loss=0.0373  value_loss=0.3136
  update  57500/500000: consistency_loss=0.0002  pi_loss=-1.0417  reward_loss=0.0189  total_loss=0.0380  value_loss=0.3274
  update  58000/500000: consistency_loss=0.0002  pi_loss=-1.0025  reward_loss=0.0377  total_loss=0.0384  value_loss=0.3117
  update  58500/500000: consistency_loss=0.0002  pi_loss=-0.9281  reward_loss=0.0269  total_loss=0.0367  value_loss=0.3097
  update  59000/500000: consistency_loss=0.0002  pi_loss=-0.8735  reward_loss=0.0287  total_loss=0.0382  value_loss=0.3182
  update  59500/500000: consistency_loss=0.0002  pi_loss=-0.8695  reward_loss=0.0281  total_loss=0.0370  value_loss=0.3068
  update  60000/500000: consistency_loss=0.0002  pi_loss=-0.8589  reward_loss=0.0203  total_loss=0.0356  value_loss=0.3036
  update  60500/500000: consistency_loss=0.0001  pi_loss=-0.8345  reward_loss=0.0211  total_loss=0.0355  value_loss=0.3052
  update  61000/500000: consistency_loss=0.0002  pi_loss=-0.8332  reward_loss=0.0204  total_loss=0.0363  value_loss=0.3047
  update  61500/500000: consistency_loss=0.0002  pi_loss=-0.8589  reward_loss=0.0171  total_loss=0.0368  value_loss=0.3198
  update  62000/500000: consistency_loss=0.0002  pi_loss=-0.8936  reward_loss=0.0255  total_loss=0.0373  value_loss=0.3151
  update  62500/500000: consistency_loss=0.0001  pi_loss=-0.9252  reward_loss=0.0254  total_loss=0.0367  value_loss=0.3130
  update  63000/500000: consistency_loss=0.0002  pi_loss=-0.9448  reward_loss=0.0269  total_loss=0.0360  value_loss=0.3020
  update  63500/500000: consistency_loss=0.0002  pi_loss=-0.9964  reward_loss=0.0336  total_loss=0.0367  value_loss=0.3023
  update  64000/500000: consistency_loss=0.0002  pi_loss=-1.0064  reward_loss=0.0236  total_loss=0.0365  value_loss=0.3104
  update  64500/500000: consistency_loss=0.0001  pi_loss=-1.0134  reward_loss=0.0196  total_loss=0.0355  value_loss=0.3065
  update  65000/500000: consistency_loss=0.0002  pi_loss=-1.0212  reward_loss=0.0173  total_loss=0.0338  value_loss=0.2904
  update  65500/500000: consistency_loss=0.0001  pi_loss=-1.0503  reward_loss=0.0270  total_loss=0.0346  value_loss=0.2897
  update  66000/500000: consistency_loss=0.0002  pi_loss=-1.0665  reward_loss=0.0225  total_loss=0.0376  value_loss=0.3233
  update  66500/500000: consistency_loss=0.0002  pi_loss=-1.0581  reward_loss=0.0255  total_loss=0.0385  value_loss=0.3244
  update  67000/500000: consistency_loss=0.0002  pi_loss=-1.0130  reward_loss=0.0249  total_loss=0.0367  value_loss=0.3117
  update  67500/500000: consistency_loss=0.0002  pi_loss=-0.9922  reward_loss=0.0204  total_loss=0.0367  value_loss=0.3152
  update  68000/500000: consistency_loss=0.0002  pi_loss=-0.9833  reward_loss=0.0292  total_loss=0.0371  value_loss=0.3091
  update  68500/500000: consistency_loss=0.0002  pi_loss=-0.9757  reward_loss=0.0252  total_loss=0.0373  value_loss=0.3154
  update  69000/500000: consistency_loss=0.0001  pi_loss=-1.0012  reward_loss=0.0305  total_loss=0.0373  value_loss=0.3131
  update  69500/500000: consistency_loss=0.0002  pi_loss=-0.9940  reward_loss=0.0252  total_loss=0.0360  value_loss=0.3043
  update  70000/500000: consistency_loss=0.0001  pi_loss=-1.0351  reward_loss=0.0097  total_loss=0.0339  value_loss=0.3035
  update  70500/500000: consistency_loss=0.0001  pi_loss=-1.0755  reward_loss=0.0153  total_loss=0.0358  value_loss=0.3154
  update  71000/500000: consistency_loss=0.0002  pi_loss=-1.1154  reward_loss=0.0162  total_loss=0.0375  value_loss=0.3239
  update  71500/500000: consistency_loss=0.0002  pi_loss=-1.1803  reward_loss=0.0370  total_loss=0.0391  value_loss=0.3211
  update  72000/500000: consistency_loss=0.0002  pi_loss=-1.2111  reward_loss=0.0236  total_loss=0.0368  value_loss=0.3093
  update  72500/500000: consistency_loss=0.0001  pi_loss=-1.2417  reward_loss=0.0295  total_loss=0.0370  value_loss=0.3128
  update  73000/500000: consistency_loss=0.0001  pi_loss=-1.2251  reward_loss=0.0323  total_loss=0.0359  value_loss=0.2974
  update  73500/500000: consistency_loss=0.0001  pi_loss=-1.2505  reward_loss=0.0161  total_loss=0.0353  value_loss=0.3118
  update  74000/500000: consistency_loss=0.0001  pi_loss=-1.2685  reward_loss=0.0261  total_loss=0.0357  value_loss=0.3017
  update  74500/500000: consistency_loss=0.0001  pi_loss=-1.3298  reward_loss=0.0224  total_loss=0.0356  value_loss=0.3052
  update  75000/500000: consistency_loss=0.0001  pi_loss=-1.3583  reward_loss=0.0270  total_loss=0.0368  value_loss=0.3119
  update  75500/500000: consistency_loss=0.0002  pi_loss=-1.3828  reward_loss=0.0173  total_loss=0.0366  value_loss=0.3182
  update  76000/500000: consistency_loss=0.0001  pi_loss=-1.4014  reward_loss=0.0223  total_loss=0.0377  value_loss=0.3249
  update  76500/500000: consistency_loss=0.0002  pi_loss=-1.4169  reward_loss=0.0249  total_loss=0.0375  value_loss=0.3189
  update  77000/500000: consistency_loss=0.0002  pi_loss=-1.4225  reward_loss=0.0242  total_loss=0.0390  value_loss=0.3334
  update  77500/500000: consistency_loss=0.0001  pi_loss=-1.4104  reward_loss=0.0258  total_loss=0.0380  value_loss=0.3247
  update  78000/500000: consistency_loss=0.0001  pi_loss=-1.3896  reward_loss=0.0160  total_loss=0.0372  value_loss=0.3302
  update  78500/500000: consistency_loss=0.0002  pi_loss=-1.3971  reward_loss=0.0345  total_loss=0.0390  value_loss=0.3257
  update  79000/500000: consistency_loss=0.0001  pi_loss=-1.3761  reward_loss=0.0258  total_loss=0.0380  value_loss=0.3254
  update  79500/500000: consistency_loss=0.0002  pi_loss=-1.3700  reward_loss=0.0309  total_loss=0.0383  value_loss=0.3169
  update  80000/500000: consistency_loss=0.0002  pi_loss=-1.3296  reward_loss=0.0246  total_loss=0.0369  value_loss=0.3143
  update  80500/500000: consistency_loss=0.0001  pi_loss=-1.3533  reward_loss=0.0226  total_loss=0.0372  value_loss=0.3204
  update  81000/500000: consistency_loss=0.0001  pi_loss=-1.3738  reward_loss=0.0183  total_loss=0.0377  value_loss=0.3333
  update  81500/500000: consistency_loss=0.0001  pi_loss=-1.4320  reward_loss=0.0150  total_loss=0.0361  value_loss=0.3178
  update  82000/500000: consistency_loss=0.0002  pi_loss=-1.4826  reward_loss=0.0159  total_loss=0.0374  value_loss=0.3267
  update  82500/500000: consistency_loss=0.0001  pi_loss=-1.5394  reward_loss=0.0134  total_loss=0.0377  value_loss=0.3335
  update  83000/500000: consistency_loss=0.0002  pi_loss=-1.5871  reward_loss=0.0244  total_loss=0.0378  value_loss=0.3206
  update  83500/500000: consistency_loss=0.0002  pi_loss=-1.6352  reward_loss=0.0167  total_loss=0.0367  value_loss=0.3192
  update  84000/500000: consistency_loss=0.0001  pi_loss=-1.6569  reward_loss=0.0112  total_loss=0.0351  value_loss=0.3105
  update  84500/500000: consistency_loss=0.0001  pi_loss=-1.6801  reward_loss=0.0281  total_loss=0.0365  value_loss=0.3104
  update  85000/500000: consistency_loss=0.0001  pi_loss=-1.6855  reward_loss=0.0285  total_loss=0.0377  value_loss=0.3204
  update  85500/500000: consistency_loss=0.0002  pi_loss=-1.7074  reward_loss=0.0251  total_loss=0.0374  value_loss=0.3163
  update  86000/500000: consistency_loss=0.0002  pi_loss=-1.7008  reward_loss=0.0211  total_loss=0.0367  value_loss=0.3156
  update  86500/500000: consistency_loss=0.0002  pi_loss=-1.7018  reward_loss=0.0176  total_loss=0.0345  value_loss=0.2941
  update  87000/500000: consistency_loss=0.0002  pi_loss=-1.7441  reward_loss=0.0222  total_loss=0.0340  value_loss=0.2867
  update  87500/500000: consistency_loss=0.0001  pi_loss=-1.7415  reward_loss=0.0234  total_loss=0.0338  value_loss=0.2892
  update  88000/500000: consistency_loss=0.0001  pi_loss=-1.7030  reward_loss=0.0269  total_loss=0.0354  value_loss=0.2989
  update  88500/500000: consistency_loss=0.0001  pi_loss=-1.7304  reward_loss=0.0236  total_loss=0.0348  value_loss=0.2970
  update  89000/500000: consistency_loss=0.0001  pi_loss=-1.7310  reward_loss=0.0376  total_loss=0.0370  value_loss=0.3021
  update  89500/500000: consistency_loss=0.0002  pi_loss=-1.6820  reward_loss=0.0226  total_loss=0.0357  value_loss=0.3021
  update  90000/500000: consistency_loss=0.0001  pi_loss=-1.6966  reward_loss=0.0256  total_loss=0.0372  value_loss=0.3194
  update  90500/500000: consistency_loss=0.0001  pi_loss=-1.6620  reward_loss=0.0240  total_loss=0.0365  value_loss=0.3149
  update  91000/500000: consistency_loss=0.0001  pi_loss=-1.6782  reward_loss=0.0338  total_loss=0.0371  value_loss=0.3096
  update  91500/500000: consistency_loss=0.0001  pi_loss=-1.6631  reward_loss=0.0246  total_loss=0.0365  value_loss=0.3117
  update  92000/500000: consistency_loss=0.0002  pi_loss=-1.6824  reward_loss=0.0268  total_loss=0.0366  value_loss=0.3043
  update  92500/500000: consistency_loss=0.0001  pi_loss=-1.6807  reward_loss=0.0277  total_loss=0.0359  value_loss=0.3062
  update  93000/500000: consistency_loss=0.0001  pi_loss=-1.6919  reward_loss=0.0271  total_loss=0.0354  value_loss=0.3021
  update  93500/500000: consistency_loss=0.0001  pi_loss=-1.6840  reward_loss=0.0095  total_loss=0.0339  value_loss=0.3037
  update  94000/500000: consistency_loss=0.0002  pi_loss=-1.7084  reward_loss=0.0199  total_loss=0.0368  value_loss=0.3111
  update  94500/500000: consistency_loss=0.0001  pi_loss=-1.6946  reward_loss=0.0156  total_loss=0.0356  value_loss=0.3138
  update  95000/500000: consistency_loss=0.0001  pi_loss=-1.6979  reward_loss=0.0196  total_loss=0.0353  value_loss=0.3045
  update  95500/500000: consistency_loss=0.0002  pi_loss=-1.7033  reward_loss=0.0266  total_loss=0.0354  value_loss=0.2968
  update  96000/500000: consistency_loss=0.0001  pi_loss=-1.6674  reward_loss=0.0323  total_loss=0.0358  value_loss=0.2982
  update  96500/500000: consistency_loss=0.0002  pi_loss=-1.6376  reward_loss=0.0135  total_loss=0.0351  value_loss=0.3056
  update  97000/500000: consistency_loss=0.0001  pi_loss=-1.5623  reward_loss=0.0205  total_loss=0.0348  value_loss=0.3028
  update  97500/500000: consistency_loss=0.0002  pi_loss=-1.5183  reward_loss=0.0261  total_loss=0.0340  value_loss=0.2834
  update  98000/500000: consistency_loss=0.0001  pi_loss=-1.5099  reward_loss=0.0230  total_loss=0.0341  value_loss=0.2904
  update  98500/500000: consistency_loss=0.0001  pi_loss=-1.5257  reward_loss=0.0131  total_loss=0.0338  value_loss=0.2981
  update  99000/500000: consistency_loss=0.0002  pi_loss=-1.5579  reward_loss=0.0373  total_loss=0.0347  value_loss=0.2781
  update  99500/500000: consistency_loss=0.0001  pi_loss=-1.5361  reward_loss=0.0188  total_loss=0.0330  value_loss=0.2855
  update 100000/500000: consistency_loss=0.0001  pi_loss=-1.5348  reward_loss=0.0269  total_loss=0.0334  value_loss=0.2829
Saved checkpoint at update 100000
  update 100500/500000: consistency_loss=0.0001  pi_loss=-1.5480  reward_loss=0.0173  total_loss=0.0321  value_loss=0.2778
  update 101000/500000: consistency_loss=0.0001  pi_loss=-1.5699  reward_loss=0.0221  total_loss=0.0324  value_loss=0.2808
  update 101500/500000: consistency_loss=0.0001  pi_loss=-1.5801  reward_loss=0.0390  total_loss=0.0355  value_loss=0.2877
  update 102000/500000: consistency_loss=0.0001  pi_loss=-1.5951  reward_loss=0.0216  total_loss=0.0328  value_loss=0.2824
  update 102500/500000: consistency_loss=0.0001  pi_loss=-1.5959  reward_loss=0.0260  total_loss=0.0337  value_loss=0.2853
  update 103000/500000: consistency_loss=0.0001  pi_loss=-1.6347  reward_loss=0.0180  total_loss=0.0335  value_loss=0.2919
  update 103500/500000: consistency_loss=0.0001  pi_loss=-1.6697  reward_loss=0.0304  total_loss=0.0350  value_loss=0.2942
  update 104000/500000: consistency_loss=0.0001  pi_loss=-1.6775  reward_loss=0.0275  total_loss=0.0336  value_loss=0.2855
  update 104500/500000: consistency_loss=0.0001  pi_loss=-1.7017  reward_loss=0.0279  total_loss=0.0332  value_loss=0.2770
  update 105000/500000: consistency_loss=0.0001  pi_loss=-1.7001  reward_loss=0.0141  total_loss=0.0335  value_loss=0.2951
  update 105500/500000: consistency_loss=0.0001  pi_loss=-1.7261  reward_loss=0.0191  total_loss=0.0330  value_loss=0.2859
  update 106000/500000: consistency_loss=0.0002  pi_loss=-1.7210  reward_loss=0.0109  total_loss=0.0331  value_loss=0.2882
  update 106500/500000: consistency_loss=0.0001  pi_loss=-1.7331  reward_loss=0.0210  total_loss=0.0320  value_loss=0.2697
  update 107000/500000: consistency_loss=0.0001  pi_loss=-1.7523  reward_loss=0.0298  total_loss=0.0327  value_loss=0.2700
  update 107500/500000: consistency_loss=0.0001  pi_loss=-1.7344  reward_loss=0.0230  total_loss=0.0323  value_loss=0.2770
  update 108000/500000: consistency_loss=0.0001  pi_loss=-1.7457  reward_loss=0.0279  total_loss=0.0336  value_loss=0.2820
  update 108500/500000: consistency_loss=0.0001  pi_loss=-1.7439  reward_loss=0.0171  total_loss=0.0321  value_loss=0.2818
  update 109000/500000: consistency_loss=0.0001  pi_loss=-1.7443  reward_loss=0.0124  total_loss=0.0324  value_loss=0.2865
  update 109500/500000: consistency_loss=0.0001  pi_loss=-1.7742  reward_loss=0.0170  total_loss=0.0331  value_loss=0.2841
  update 110000/500000: consistency_loss=0.0001  pi_loss=-1.7533  reward_loss=0.0156  total_loss=0.0317  value_loss=0.2774
  update 110500/500000: consistency_loss=0.0001  pi_loss=-1.7745  reward_loss=0.0352  total_loss=0.0344  value_loss=0.2792
  update 111000/500000: consistency_loss=0.0001  pi_loss=-1.7409  reward_loss=0.0215  total_loss=0.0313  value_loss=0.2645
  update 111500/500000: consistency_loss=0.0001  pi_loss=-1.7206  reward_loss=0.0232  total_loss=0.0312  value_loss=0.2638
  update 112000/500000: consistency_loss=0.0001  pi_loss=-1.7367  reward_loss=0.0290  total_loss=0.0315  value_loss=0.2616
  update 112500/500000: consistency_loss=0.0001  pi_loss=-1.7363  reward_loss=0.0199  total_loss=0.0293  value_loss=0.2522
  update 113000/500000: consistency_loss=0.0001  pi_loss=-1.7327  reward_loss=0.0192  total_loss=0.0307  value_loss=0.2605
  update 113500/500000: consistency_loss=0.0001  pi_loss=-1.7234  reward_loss=0.0193  total_loss=0.0320  value_loss=0.2736
  update 114000/500000: consistency_loss=0.0001  pi_loss=-1.7049  reward_loss=0.0318  total_loss=0.0306  value_loss=0.2487
  update 114500/500000: consistency_loss=0.0001  pi_loss=-1.6271  reward_loss=0.0234  total_loss=0.0316  value_loss=0.2680
  update 115000/500000: consistency_loss=0.0001  pi_loss=-1.5353  reward_loss=0.0310  total_loss=0.0326  value_loss=0.2687
  update 115500/500000: consistency_loss=0.0001  pi_loss=-1.3823  reward_loss=0.0172  total_loss=0.0317  value_loss=0.2774
  update 116000/500000: consistency_loss=0.0001  pi_loss=-1.3004  reward_loss=0.0126  total_loss=0.0319  value_loss=0.2833
  update 116500/500000: consistency_loss=0.0001  pi_loss=-1.2679  reward_loss=0.0197  total_loss=0.0320  value_loss=0.2729
  update 117000/500000: consistency_loss=0.0001  pi_loss=-1.2058  reward_loss=0.0247  total_loss=0.0332  value_loss=0.2812
  update 117500/500000: consistency_loss=0.0001  pi_loss=-1.1835  reward_loss=0.0260  total_loss=0.0328  value_loss=0.2763
  update 118000/500000: consistency_loss=0.0001  pi_loss=-1.1760  reward_loss=0.0223  total_loss=0.0321  value_loss=0.2698
  update 118500/500000: consistency_loss=0.0001  pi_loss=-1.2120  reward_loss=0.0169  total_loss=0.0318  value_loss=0.2776
  update 119000/500000: consistency_loss=0.0001  pi_loss=-1.2684  reward_loss=0.0228  total_loss=0.0338  value_loss=0.2901
  update 119500/500000: consistency_loss=0.0001  pi_loss=-1.2920  reward_loss=0.0258  total_loss=0.0323  value_loss=0.2731
  update 120000/500000: consistency_loss=0.0001  pi_loss=-1.2826  reward_loss=0.0206  total_loss=0.0334  value_loss=0.2862
  update 120500/500000: consistency_loss=0.0001  pi_loss=-1.2651  reward_loss=0.0206  total_loss=0.0333  value_loss=0.2900
  update 121000/500000: consistency_loss=0.0001  pi_loss=-1.2164  reward_loss=0.0281  total_loss=0.0350  value_loss=0.2951
  update 121500/500000: consistency_loss=0.0001  pi_loss=-1.1923  reward_loss=0.0255  total_loss=0.0347  value_loss=0.2996
  update 122000/500000: consistency_loss=0.0001  pi_loss=-1.2108  reward_loss=0.0272  total_loss=0.0352  value_loss=0.3003
  update 122500/500000: consistency_loss=0.0001  pi_loss=-1.1775  reward_loss=0.0181  total_loss=0.0337  value_loss=0.2961
  update 123000/500000: consistency_loss=0.0001  pi_loss=-1.1784  reward_loss=0.0297  total_loss=0.0348  value_loss=0.2929
  update 123500/500000: consistency_loss=0.0001  pi_loss=-1.1583  reward_loss=0.0230  total_loss=0.0340  value_loss=0.2883
  update 124000/500000: consistency_loss=0.0001  pi_loss=-1.1483  reward_loss=0.0226  total_loss=0.0353  value_loss=0.3030
  update 124500/500000: consistency_loss=0.0001  pi_loss=-1.1379  reward_loss=0.0305  total_loss=0.0365  value_loss=0.3110
  update 125000/500000: consistency_loss=0.0001  pi_loss=-1.1203  reward_loss=0.0222  total_loss=0.0347  value_loss=0.3013
  update 125500/500000: consistency_loss=0.0001  pi_loss=-1.1306  reward_loss=0.0290  total_loss=0.0359  value_loss=0.3065
  update 126000/500000: consistency_loss=0.0001  pi_loss=-1.1180  reward_loss=0.0186  total_loss=0.0356  value_loss=0.3139
  update 126500/500000: consistency_loss=0.0001  pi_loss=-1.1501  reward_loss=0.0221  total_loss=0.0367  value_loss=0.3153
  update 127000/500000: consistency_loss=0.0001  pi_loss=-1.1864  reward_loss=0.0206  total_loss=0.0364  value_loss=0.3187
  update 127500/500000: consistency_loss=0.0001  pi_loss=-1.2199  reward_loss=0.0140  total_loss=0.0348  value_loss=0.3103
  update 128000/500000: consistency_loss=0.0001  pi_loss=-1.2228  reward_loss=0.0201  total_loss=0.0338  value_loss=0.2949
  update 128500/500000: consistency_loss=0.0001  pi_loss=-1.2586  reward_loss=0.0347  total_loss=0.0342  value_loss=0.2834
  update 129000/500000: consistency_loss=0.0001  pi_loss=-1.2393  reward_loss=0.0126  total_loss=0.0324  value_loss=0.2923
  update 129500/500000: consistency_loss=0.0001  pi_loss=-1.2473  reward_loss=0.0269  total_loss=0.0344  value_loss=0.2958
  update 130000/500000: consistency_loss=0.0001  pi_loss=-1.2358  reward_loss=0.0206  total_loss=0.0351  value_loss=0.3052
  update 130500/500000: consistency_loss=0.0001  pi_loss=-1.2544  reward_loss=0.0296  total_loss=0.0344  value_loss=0.2926
  update 131000/500000: consistency_loss=0.0001  pi_loss=-1.2537  reward_loss=0.0246  total_loss=0.0349  value_loss=0.3000
  update 131500/500000: consistency_loss=0.0001  pi_loss=-1.2715  reward_loss=0.0165  total_loss=0.0349  value_loss=0.3093
  update 132000/500000: consistency_loss=0.0001  pi_loss=-1.2778  reward_loss=0.0203  total_loss=0.0347  value_loss=0.3034
  update 132500/500000: consistency_loss=0.0001  pi_loss=-1.2728  reward_loss=0.0187  total_loss=0.0360  value_loss=0.3171
  update 133000/500000: consistency_loss=0.0001  pi_loss=-1.2698  reward_loss=0.0480  total_loss=0.0391  value_loss=0.3171
  update 133500/500000: consistency_loss=0.0001  pi_loss=-1.2385  reward_loss=0.0262  total_loss=0.0370  value_loss=0.3239
  update 134000/500000: consistency_loss=0.0001  pi_loss=-1.2539  reward_loss=0.0288  total_loss=0.0366  value_loss=0.3157
  update 134500/500000: consistency_loss=0.0001  pi_loss=-1.2184  reward_loss=0.0218  total_loss=0.0356  value_loss=0.3105
  update 135000/500000: consistency_loss=0.0001  pi_loss=-1.2165  reward_loss=0.0294  total_loss=0.0354  value_loss=0.2970
  update 135500/500000: consistency_loss=0.0001  pi_loss=-1.2119  reward_loss=0.0258  total_loss=0.0369  value_loss=0.3162
  update 136000/500000: consistency_loss=0.0001  pi_loss=-1.2173  reward_loss=0.0220  total_loss=0.0372  value_loss=0.3247
  update 136500/500000: consistency_loss=0.0001  pi_loss=-1.2135  reward_loss=0.0174  total_loss=0.0350  value_loss=0.3091
  update 137000/500000: consistency_loss=0.0001  pi_loss=-1.2683  reward_loss=0.0350  total_loss=0.0386  value_loss=0.3250
  update 137500/500000: consistency_loss=0.0001  pi_loss=-1.2714  reward_loss=0.0240  total_loss=0.0371  value_loss=0.3211
  update 138000/500000: consistency_loss=0.0001  pi_loss=-1.2714  reward_loss=0.0237  total_loss=0.0355  value_loss=0.3089
  update 138500/500000: consistency_loss=0.0001  pi_loss=-1.2742  reward_loss=0.0164  total_loss=0.0342  value_loss=0.3068
  update 139000/500000: consistency_loss=0.0001  pi_loss=-1.2724  reward_loss=0.0254  total_loss=0.0376  value_loss=0.3241
  update 139500/500000: consistency_loss=0.0001  pi_loss=-1.2892  reward_loss=0.0246  total_loss=0.0359  value_loss=0.3086
  update 140000/500000: consistency_loss=0.0001  pi_loss=-1.2758  reward_loss=0.0284  total_loss=0.0367  value_loss=0.3107
  update 140500/500000: consistency_loss=0.0001  pi_loss=-1.2442  reward_loss=0.0174  total_loss=0.0362  value_loss=0.3215
  update 141000/500000: consistency_loss=0.0001  pi_loss=-1.2377  reward_loss=0.0187  total_loss=0.0350  value_loss=0.3094
  update 141500/500000: consistency_loss=0.0001  pi_loss=-1.2148  reward_loss=0.0217  total_loss=0.0360  value_loss=0.3160
  update 142000/500000: consistency_loss=0.0001  pi_loss=-1.1856  reward_loss=0.0135  total_loss=0.0365  value_loss=0.3249
  update 142500/500000: consistency_loss=0.0001  pi_loss=-1.1704  reward_loss=0.0210  total_loss=0.0373  value_loss=0.3296
  update 143000/500000: consistency_loss=0.0001  pi_loss=-1.1490  reward_loss=0.0191  total_loss=0.0383  value_loss=0.3394
  update 143500/500000: consistency_loss=0.0001  pi_loss=-1.1240  reward_loss=0.0259  total_loss=0.0373  value_loss=0.3274
  update 144000/500000: consistency_loss=0.0001  pi_loss=-1.0994  reward_loss=0.0248  total_loss=0.0367  value_loss=0.3190
  update 144500/500000: consistency_loss=0.0001  pi_loss=-1.1013  reward_loss=0.0218  total_loss=0.0358  value_loss=0.3169
  update 145000/500000: consistency_loss=0.0001  pi_loss=-1.0801  reward_loss=0.0146  total_loss=0.0350  value_loss=0.3138
  update 145500/500000: consistency_loss=0.0001  pi_loss=-1.0909  reward_loss=0.0221  total_loss=0.0348  value_loss=0.3073
  update 146000/500000: consistency_loss=0.0001  pi_loss=-1.0854  reward_loss=0.0173  total_loss=0.0356  value_loss=0.3181
  update 146500/500000: consistency_loss=0.0001  pi_loss=-1.0918  reward_loss=0.0284  total_loss=0.0367  value_loss=0.3176
  update 147000/500000: consistency_loss=0.0001  pi_loss=-1.1064  reward_loss=0.0187  total_loss=0.0378  value_loss=0.3359
  update 147500/500000: consistency_loss=0.0001  pi_loss=-1.1389  reward_loss=0.0206  total_loss=0.0376  value_loss=0.3272
  update 148000/500000: consistency_loss=0.0001  pi_loss=-1.1617  reward_loss=0.0177  total_loss=0.0372  value_loss=0.3320
  update 148500/500000: consistency_loss=0.0001  pi_loss=-1.1929  reward_loss=0.0128  total_loss=0.0353  value_loss=0.3188
  update 149000/500000: consistency_loss=0.0001  pi_loss=-1.2259  reward_loss=0.0286  total_loss=0.0389  value_loss=0.3319
  update 149500/500000: consistency_loss=0.0001  pi_loss=-1.2369  reward_loss=0.0310  total_loss=0.0394  value_loss=0.3415
  update 150000/500000: consistency_loss=0.0001  pi_loss=-1.2726  reward_loss=0.0261  total_loss=0.0382  value_loss=0.3338
  update 150500/500000: consistency_loss=0.0001  pi_loss=-1.2918  reward_loss=0.0263  total_loss=0.0374  value_loss=0.3257
  update 151000/500000: consistency_loss=0.0001  pi_loss=-1.3010  reward_loss=0.0235  total_loss=0.0359  value_loss=0.3124
  update 151500/500000: consistency_loss=0.0001  pi_loss=-1.3152  reward_loss=0.0284  total_loss=0.0382  value_loss=0.3271
  update 152000/500000: consistency_loss=0.0001  pi_loss=-1.2792  reward_loss=0.0213  total_loss=0.0362  value_loss=0.3191
  update 152500/500000: consistency_loss=0.0001  pi_loss=-1.2816  reward_loss=0.0344  total_loss=0.0395  value_loss=0.3363
  update 153000/500000: consistency_loss=0.0001  pi_loss=-1.2297  reward_loss=0.0220  total_loss=0.0366  value_loss=0.3233
  update 153500/500000: consistency_loss=0.0001  pi_loss=-1.2393  reward_loss=0.0235  total_loss=0.0375  value_loss=0.3302
  update 154000/500000: consistency_loss=0.0001  pi_loss=-1.2347  reward_loss=0.0200  total_loss=0.0374  value_loss=0.3297
  update 154500/500000: consistency_loss=0.0001  pi_loss=-1.2549  reward_loss=0.0268  total_loss=0.0373  value_loss=0.3247
  update 155000/500000: consistency_loss=0.0001  pi_loss=-1.2296  reward_loss=0.0235  total_loss=0.0379  value_loss=0.3286
  update 155500/500000: consistency_loss=0.0001  pi_loss=-1.1814  reward_loss=0.0215  total_loss=0.0386  value_loss=0.3426
  update 156000/500000: consistency_loss=0.0001  pi_loss=-1.1317  reward_loss=0.0192  total_loss=0.0373  value_loss=0.3319
  update 156500/500000: consistency_loss=0.0001  pi_loss=-1.1206  reward_loss=0.0194  total_loss=0.0375  value_loss=0.3357
  update 157000/500000: consistency_loss=0.0001  pi_loss=-1.1062  reward_loss=0.0126  total_loss=0.0367  value_loss=0.3353
  update 157500/500000: consistency_loss=0.0001  pi_loss=-1.1305  reward_loss=0.0099  total_loss=0.0369  value_loss=0.3346
  update 158000/500000: consistency_loss=0.0001  pi_loss=-1.1859  reward_loss=0.0175  total_loss=0.0392  value_loss=0.3501
  update 158500/500000: consistency_loss=0.0001  pi_loss=-1.2992  reward_loss=0.0349  total_loss=0.0391  value_loss=0.3355
  update 159000/500000: consistency_loss=0.0001  pi_loss=-1.3762  reward_loss=0.0207  total_loss=0.0377  value_loss=0.3335
  update 159500/500000: consistency_loss=0.0001  pi_loss=-1.4518  reward_loss=0.0218  total_loss=0.0379  value_loss=0.3363
  update 160000/500000: consistency_loss=0.0001  pi_loss=-1.4534  reward_loss=0.0162  total_loss=0.0362  value_loss=0.3230
  update 160500/500000: consistency_loss=0.0001  pi_loss=-1.4455  reward_loss=0.0260  total_loss=0.0373  value_loss=0.3226
  update 161000/500000: consistency_loss=0.0001  pi_loss=-1.4162  reward_loss=0.0251  total_loss=0.0370  value_loss=0.3226
  update 161500/500000: consistency_loss=0.0001  pi_loss=-1.3897  reward_loss=0.0230  total_loss=0.0359  value_loss=0.3107
  update 162000/500000: consistency_loss=0.0001  pi_loss=-1.3567  reward_loss=0.0251  total_loss=0.0361  value_loss=0.3176
  update 162500/500000: consistency_loss=0.0001  pi_loss=-1.3068  reward_loss=0.0230  total_loss=0.0362  value_loss=0.3213
  update 163000/500000: consistency_loss=0.0001  pi_loss=-1.3042  reward_loss=0.0248  total_loss=0.0373  value_loss=0.3251
  update 163500/500000: consistency_loss=0.0001  pi_loss=-1.2617  reward_loss=0.0258  total_loss=0.0378  value_loss=0.3286
  update 164000/500000: consistency_loss=0.0001  pi_loss=-1.2075  reward_loss=0.0202  total_loss=0.0386  value_loss=0.3451
  update 164500/500000: consistency_loss=0.0001  pi_loss=-1.1618  reward_loss=0.0217  total_loss=0.0378  value_loss=0.3345
  update 165000/500000: consistency_loss=0.0001  pi_loss=-1.1560  reward_loss=0.0219  total_loss=0.0369  value_loss=0.3279
  update 165500/500000: consistency_loss=0.0001  pi_loss=-1.1377  reward_loss=0.0202  total_loss=0.0375  value_loss=0.3296
  update 166000/500000: consistency_loss=0.0001  pi_loss=-1.1250  reward_loss=0.0243  total_loss=0.0375  value_loss=0.3281
  update 166500/500000: consistency_loss=0.0001  pi_loss=-1.1102  reward_loss=0.0250  total_loss=0.0371  value_loss=0.3235
  update 167000/500000: consistency_loss=0.0001  pi_loss=-1.1371  reward_loss=0.0304  total_loss=0.0373  value_loss=0.3250
  update 167500/500000: consistency_loss=0.0001  pi_loss=-1.1618  reward_loss=0.0193  total_loss=0.0366  value_loss=0.3281
  update 168000/500000: consistency_loss=0.0001  pi_loss=-1.1908  reward_loss=0.0234  total_loss=0.0372  value_loss=0.3294
  update 168500/500000: consistency_loss=0.0001  pi_loss=-1.2637  reward_loss=0.0200  total_loss=0.0371  value_loss=0.3294
  update 169000/500000: consistency_loss=0.0001  pi_loss=-1.2837  reward_loss=0.0158  total_loss=0.0366  value_loss=0.3296
  update 169500/500000: consistency_loss=0.0001  pi_loss=-1.2955  reward_loss=0.0221  total_loss=0.0377  value_loss=0.3311
  update 170000/500000: consistency_loss=0.0001  pi_loss=-1.2908  reward_loss=0.0203  total_loss=0.0374  value_loss=0.3316
  update 170500/500000: consistency_loss=0.0001  pi_loss=-1.2737  reward_loss=0.0239  total_loss=0.0379  value_loss=0.3336
  update 171000/500000: consistency_loss=0.0001  pi_loss=-1.3138  reward_loss=0.0209  total_loss=0.0368  value_loss=0.3286
  update 171500/500000: consistency_loss=0.0001  pi_loss=-1.3463  reward_loss=0.0193  total_loss=0.0372  value_loss=0.3316
  update 172000/500000: consistency_loss=0.0001  pi_loss=-1.3681  reward_loss=0.0209  total_loss=0.0369  value_loss=0.3293
  update 172500/500000: consistency_loss=0.0001  pi_loss=-1.3904  reward_loss=0.0252  total_loss=0.0364  value_loss=0.3174
  update 173000/500000: consistency_loss=0.0001  pi_loss=-1.3608  reward_loss=0.0214  total_loss=0.0359  value_loss=0.3202
  update 173500/500000: consistency_loss=0.0001  pi_loss=-1.3281  reward_loss=0.0154  total_loss=0.0357  value_loss=0.3207
  update 174000/500000: consistency_loss=0.0001  pi_loss=-1.2764  reward_loss=0.0149  total_loss=0.0354  value_loss=0.3183
  update 174500/500000: consistency_loss=0.0001  pi_loss=-1.2796  reward_loss=0.0265  total_loss=0.0374  value_loss=0.3262
  update 175000/500000: consistency_loss=0.0001  pi_loss=-1.2543  reward_loss=0.0107  total_loss=0.0354  value_loss=0.3232
  update 175500/500000: consistency_loss=0.0001  pi_loss=-1.2410  reward_loss=0.0162  total_loss=0.0371  value_loss=0.3320
  update 176000/500000: consistency_loss=0.0001  pi_loss=-1.2534  reward_loss=0.0202  total_loss=0.0378  value_loss=0.3373
  update 176500/500000: consistency_loss=0.0001  pi_loss=-1.2315  reward_loss=0.0149  total_loss=0.0354  value_loss=0.3135
  update 177000/500000: consistency_loss=0.0001  pi_loss=-1.2103  reward_loss=0.0290  total_loss=0.0358  value_loss=0.3122
  update 177500/500000: consistency_loss=0.0001  pi_loss=-1.1734  reward_loss=0.0224  total_loss=0.0371  value_loss=0.3277
  update 178000/500000: consistency_loss=0.0001  pi_loss=-1.1483  reward_loss=0.0160  total_loss=0.0366  value_loss=0.3231
  update 178500/500000: consistency_loss=0.0001  pi_loss=-1.1163  reward_loss=0.0242  total_loss=0.0371  value_loss=0.3285
  update 179000/500000: consistency_loss=0.0001  pi_loss=-1.0988  reward_loss=0.0219  total_loss=0.0366  value_loss=0.3236
  update 179500/500000: consistency_loss=0.0001  pi_loss=-1.0599  reward_loss=0.0225  total_loss=0.0373  value_loss=0.3291
  update 180000/500000: consistency_loss=0.0001  pi_loss=-1.0526  reward_loss=0.0348  total_loss=0.0385  value_loss=0.3295
  update 180500/500000: consistency_loss=0.0001  pi_loss=-1.0286  reward_loss=0.0241  total_loss=0.0360  value_loss=0.3155
  update 181000/500000: consistency_loss=0.0001  pi_loss=-0.9972  reward_loss=0.0250  total_loss=0.0364  value_loss=0.3200
  update 181500/500000: consistency_loss=0.0001  pi_loss=-0.9863  reward_loss=0.0280  total_loss=0.0372  value_loss=0.3229
  update 182000/500000: consistency_loss=0.0001  pi_loss=-0.9512  reward_loss=0.0157  total_loss=0.0357  value_loss=0.3208
  update 182500/500000: consistency_loss=0.0001  pi_loss=-0.9733  reward_loss=0.0177  total_loss=0.0370  value_loss=0.3300
  update 183000/500000: consistency_loss=0.0001  pi_loss=-0.9600  reward_loss=0.0175  total_loss=0.0357  value_loss=0.3197
  update 183500/500000: consistency_loss=0.0001  pi_loss=-0.9543  reward_loss=0.0192  total_loss=0.0370  value_loss=0.3294
  update 184000/500000: consistency_loss=0.0001  pi_loss=-0.9674  reward_loss=0.0340  total_loss=0.0369  value_loss=0.3151
  update 184500/500000: consistency_loss=0.0001  pi_loss=-0.9440  reward_loss=0.0214  total_loss=0.0355  value_loss=0.3148
  update 185000/500000: consistency_loss=0.0001  pi_loss=-0.9467  reward_loss=0.0268  total_loss=0.0372  value_loss=0.3236
  update 185500/500000: consistency_loss=0.0001  pi_loss=-0.9288  reward_loss=0.0158  total_loss=0.0346  value_loss=0.3089
  update 186000/500000: consistency_loss=0.0001  pi_loss=-0.9205  reward_loss=0.0183  total_loss=0.0346  value_loss=0.3097
  update 186500/500000: consistency_loss=0.0001  pi_loss=-0.8953  reward_loss=0.0223  total_loss=0.0351  value_loss=0.3102
  update 187000/500000: consistency_loss=0.0001  pi_loss=-0.9058  reward_loss=0.0265  total_loss=0.0367  value_loss=0.3213
  update 187500/500000: consistency_loss=0.0001  pi_loss=-0.8734  reward_loss=0.0219  total_loss=0.0362  value_loss=0.3205
  update 188000/500000: consistency_loss=0.0001  pi_loss=-0.8791  reward_loss=0.0253  total_loss=0.0373  value_loss=0.3265
  update 188500/500000: consistency_loss=0.0001  pi_loss=-0.8796  reward_loss=0.0264  total_loss=0.0354  value_loss=0.3121
  update 189000/500000: consistency_loss=0.0001  pi_loss=-0.8629  reward_loss=0.0324  total_loss=0.0379  value_loss=0.3205
  update 189500/500000: consistency_loss=0.0001  pi_loss=-0.8545  reward_loss=0.0177  total_loss=0.0368  value_loss=0.3310
  update 190000/500000: consistency_loss=0.0001  pi_loss=-0.8414  reward_loss=0.0239  total_loss=0.0374  value_loss=0.3303
  update 190500/500000: consistency_loss=0.0001  pi_loss=-0.8296  reward_loss=0.0319  total_loss=0.0372  value_loss=0.3197
  update 191000/500000: consistency_loss=0.0001  pi_loss=-0.8293  reward_loss=0.0256  total_loss=0.0365  value_loss=0.3201
  update 191500/500000: consistency_loss=0.0001  pi_loss=-0.8167  reward_loss=0.0228  total_loss=0.0355  value_loss=0.3114
  update 192000/500000: consistency_loss=0.0001  pi_loss=-0.8041  reward_loss=0.0189  total_loss=0.0351  value_loss=0.3143
  update 192500/500000: consistency_loss=0.0001  pi_loss=-0.7944  reward_loss=0.0176  total_loss=0.0339  value_loss=0.3008
  update 193000/500000: consistency_loss=0.0001  pi_loss=-0.8089  reward_loss=0.0203  total_loss=0.0340  value_loss=0.3018
  update 193500/500000: consistency_loss=0.0001  pi_loss=-0.8027  reward_loss=0.0270  total_loss=0.0350  value_loss=0.3041
  update 194000/500000: consistency_loss=0.0001  pi_loss=-0.7926  reward_loss=0.0270  total_loss=0.0352  value_loss=0.3066
  update 194500/500000: consistency_loss=0.0001  pi_loss=-0.8105  reward_loss=0.0291  total_loss=0.0372  value_loss=0.3216
  update 195000/500000: consistency_loss=0.0001  pi_loss=-0.8034  reward_loss=0.0263  total_loss=0.0378  value_loss=0.3327
  update 195500/500000: consistency_loss=0.0001  pi_loss=-0.7817  reward_loss=0.0237  total_loss=0.0364  value_loss=0.3212
  update 196000/500000: consistency_loss=0.0001  pi_loss=-0.8021  reward_loss=0.0250  total_loss=0.0377  value_loss=0.3314
  update 196500/500000: consistency_loss=0.0001  pi_loss=-0.8165  reward_loss=0.0220  total_loss=0.0379  value_loss=0.3343
  update 197000/500000: consistency_loss=0.0001  pi_loss=-0.7868  reward_loss=0.0182  total_loss=0.0355  value_loss=0.3187
  update 197500/500000: consistency_loss=0.0001  pi_loss=-0.7951  reward_loss=0.0126  total_loss=0.0342  value_loss=0.3112
  update 198000/500000: consistency_loss=0.0001  pi_loss=-0.7913  reward_loss=0.0208  total_loss=0.0363  value_loss=0.3218
  update 198500/500000: consistency_loss=0.0001  pi_loss=-0.8051  reward_loss=0.0162  total_loss=0.0360  value_loss=0.3260
  update 199000/500000: consistency_loss=0.0001  pi_loss=-0.8088  reward_loss=0.0172  total_loss=0.0350  value_loss=0.3170
  update 199500/500000: consistency_loss=0.0001  pi_loss=-0.8288  reward_loss=0.0287  total_loss=0.0386  value_loss=0.3311
  update 200000/500000: consistency_loss=0.0001  pi_loss=-0.8554  reward_loss=0.0313  total_loss=0.0371  value_loss=0.3214
Saved checkpoint at update 200000
  update 200500/500000: consistency_loss=0.0001  pi_loss=-0.8659  reward_loss=0.0291  total_loss=0.0373  value_loss=0.3213
  update 201000/500000: consistency_loss=0.0001  pi_loss=-0.8522  reward_loss=0.0187  total_loss=0.0345  value_loss=0.3090
  update 201500/500000: consistency_loss=0.0001  pi_loss=-0.8513  reward_loss=0.0230  total_loss=0.0363  value_loss=0.3207
  update 202000/500000: consistency_loss=0.0001  pi_loss=-0.8559  reward_loss=0.0257  total_loss=0.0357  value_loss=0.3136
  update 202500/500000: consistency_loss=0.0001  pi_loss=-0.8613  reward_loss=0.0251  total_loss=0.0365  value_loss=0.3240
  update 203000/500000: consistency_loss=0.0001  pi_loss=-0.8614  reward_loss=0.0283  total_loss=0.0354  value_loss=0.3025
  update 203500/500000: consistency_loss=0.0001  pi_loss=-0.8536  reward_loss=0.0312  total_loss=0.0352  value_loss=0.3010
  update 204000/500000: consistency_loss=0.0001  pi_loss=-0.8528  reward_loss=0.0155  total_loss=0.0349  value_loss=0.3159
  update 204500/500000: consistency_loss=0.0001  pi_loss=-0.8278  reward_loss=0.0151  total_loss=0.0343  value_loss=0.3101
  update 205000/500000: consistency_loss=0.0001  pi_loss=-0.8458  reward_loss=0.0311  total_loss=0.0355  value_loss=0.3060
  update 205500/500000: consistency_loss=0.0001  pi_loss=-0.8477  reward_loss=0.0210  total_loss=0.0357  value_loss=0.3177
  update 206000/500000: consistency_loss=0.0001  pi_loss=-0.8334  reward_loss=0.0224  total_loss=0.0362  value_loss=0.3186
  update 206500/500000: consistency_loss=0.0001  pi_loss=-0.8439  reward_loss=0.0168  total_loss=0.0360  value_loss=0.3240
  update 207000/500000: consistency_loss=0.0001  pi_loss=-0.8939  reward_loss=0.0223  total_loss=0.0358  value_loss=0.3196
  update 207500/500000: consistency_loss=0.0001  pi_loss=-0.9217  reward_loss=0.0198  total_loss=0.0356  value_loss=0.3186
  update 208000/500000: consistency_loss=0.0001  pi_loss=-0.9316  reward_loss=0.0294  total_loss=0.0368  value_loss=0.3117
  update 208500/500000: consistency_loss=0.0001  pi_loss=-0.9255  reward_loss=0.0268  total_loss=0.0356  value_loss=0.3084
  update 209000/500000: consistency_loss=0.0001  pi_loss=-0.9094  reward_loss=0.0220  total_loss=0.0347  value_loss=0.3048
  update 209500/500000: consistency_loss=0.0001  pi_loss=-0.8779  reward_loss=0.0163  total_loss=0.0333  value_loss=0.2995
  update 210000/500000: consistency_loss=0.0001  pi_loss=-0.8836  reward_loss=0.0138  total_loss=0.0336  value_loss=0.3029
  update 210500/500000: consistency_loss=0.0001  pi_loss=-0.8891  reward_loss=0.0173  total_loss=0.0336  value_loss=0.3021
  update 211000/500000: consistency_loss=0.0001  pi_loss=-0.9114  reward_loss=0.0224  total_loss=0.0352  value_loss=0.3078
  update 211500/500000: consistency_loss=0.0001  pi_loss=-0.9031  reward_loss=0.0231  total_loss=0.0347  value_loss=0.3036
  update 212000/500000: consistency_loss=0.0001  pi_loss=-0.8839  reward_loss=0.0250  total_loss=0.0351  value_loss=0.3085
  update 212500/500000: consistency_loss=0.0001  pi_loss=-0.8810  reward_loss=0.0222  total_loss=0.0340  value_loss=0.3006
  update 213000/500000: consistency_loss=0.0001  pi_loss=-0.8625  reward_loss=0.0243  total_loss=0.0343  value_loss=0.2989
  update 213500/500000: consistency_loss=0.0001  pi_loss=-0.8346  reward_loss=0.0203  total_loss=0.0343  value_loss=0.3033
  update 214000/500000: consistency_loss=0.0001  pi_loss=-0.8251  reward_loss=0.0225  total_loss=0.0352  value_loss=0.3088
  update 214500/500000: consistency_loss=0.0001  pi_loss=-0.8151  reward_loss=0.0203  total_loss=0.0349  value_loss=0.3125
  update 215000/500000: consistency_loss=0.0001  pi_loss=-0.8233  reward_loss=0.0205  total_loss=0.0349  value_loss=0.3101
  update 215500/500000: consistency_loss=0.0001  pi_loss=-0.8461  reward_loss=0.0314  total_loss=0.0356  value_loss=0.3050
  update 216000/500000: consistency_loss=0.0001  pi_loss=-0.8488  reward_loss=0.0246  total_loss=0.0360  value_loss=0.3157
  update 216500/500000: consistency_loss=0.0001  pi_loss=-0.8844  reward_loss=0.0140  total_loss=0.0346  value_loss=0.3106
  update 217000/500000: consistency_loss=0.0001  pi_loss=-0.9026  reward_loss=0.0180  total_loss=0.0350  value_loss=0.3117
  update 217500/500000: consistency_loss=0.0001  pi_loss=-0.9041  reward_loss=0.0248  total_loss=0.0341  value_loss=0.2979
  update 218000/500000: consistency_loss=0.0001  pi_loss=-0.8836  reward_loss=0.0119  total_loss=0.0324  value_loss=0.2933
  update 218500/500000: consistency_loss=0.0001  pi_loss=-0.8712  reward_loss=0.0192  total_loss=0.0330  value_loss=0.2931
  update 219000/500000: consistency_loss=0.0001  pi_loss=-0.8528  reward_loss=0.0217  total_loss=0.0319  value_loss=0.2809
  update 219500/500000: consistency_loss=0.0001  pi_loss=-0.8654  reward_loss=0.0260  total_loss=0.0340  value_loss=0.2967
  update 220000/500000: consistency_loss=0.0001  pi_loss=-0.8492  reward_loss=0.0287  total_loss=0.0352  value_loss=0.2997
  update 220500/500000: consistency_loss=0.0001  pi_loss=-0.8360  reward_loss=0.0239  total_loss=0.0345  value_loss=0.3030
  update 221000/500000: consistency_loss=0.0001  pi_loss=-0.8415  reward_loss=0.0226  total_loss=0.0348  value_loss=0.3074
  update 221500/500000: consistency_loss=0.0001  pi_loss=-0.8346  reward_loss=0.0128  total_loss=0.0336  value_loss=0.3048
  update 222000/500000: consistency_loss=0.0001  pi_loss=-0.8628  reward_loss=0.0167  total_loss=0.0354  value_loss=0.3158
  update 222500/500000: consistency_loss=0.0001  pi_loss=-0.8830  reward_loss=0.0277  total_loss=0.0353  value_loss=0.3068
  update 223000/500000: consistency_loss=0.0001  pi_loss=-0.8701  reward_loss=0.0117  total_loss=0.0326  value_loss=0.2960
  update 223500/500000: consistency_loss=0.0001  pi_loss=-0.8620  reward_loss=0.0249  total_loss=0.0335  value_loss=0.2933
  update 224000/500000: consistency_loss=0.0001  pi_loss=-0.8634  reward_loss=0.0303  total_loss=0.0353  value_loss=0.3029
  update 224500/500000: consistency_loss=0.0001  pi_loss=-0.8474  reward_loss=0.0328  total_loss=0.0359  value_loss=0.3044
  update 225000/500000: consistency_loss=0.0001  pi_loss=-0.8300  reward_loss=0.0198  total_loss=0.0354  value_loss=0.3171
  update 225500/500000: consistency_loss=0.0001  pi_loss=-0.8520  reward_loss=0.0305  total_loss=0.0345  value_loss=0.2969
  update 226000/500000: consistency_loss=0.0001  pi_loss=-0.8510  reward_loss=0.0254  total_loss=0.0369  value_loss=0.3248
  update 226500/500000: consistency_loss=0.0001  pi_loss=-0.8529  reward_loss=0.0207  total_loss=0.0336  value_loss=0.2994
  update 227000/500000: consistency_loss=0.0001  pi_loss=-0.8399  reward_loss=0.0171  total_loss=0.0330  value_loss=0.2938
  update 227500/500000: consistency_loss=0.0001  pi_loss=-0.8331  reward_loss=0.0232  total_loss=0.0339  value_loss=0.2987
  update 228000/500000: consistency_loss=0.0001  pi_loss=-0.8218  reward_loss=0.0131  total_loss=0.0343  value_loss=0.3090
  update 228500/500000: consistency_loss=0.0001  pi_loss=-0.8302  reward_loss=0.0308  total_loss=0.0356  value_loss=0.3068
  update 229000/500000: consistency_loss=0.0001  pi_loss=-0.8247  reward_loss=0.0254  total_loss=0.0346  value_loss=0.3018
  update 229500/500000: consistency_loss=0.0001  pi_loss=-0.8365  reward_loss=0.0140  total_loss=0.0327  value_loss=0.2960
  update 230000/500000: consistency_loss=0.0001  pi_loss=-0.8547  reward_loss=0.0210  total_loss=0.0324  value_loss=0.2810
  update 230500/500000: consistency_loss=0.0001  pi_loss=-0.8666  reward_loss=0.0268  total_loss=0.0348  value_loss=0.2978
  update 231000/500000: consistency_loss=0.0001  pi_loss=-0.8667  reward_loss=0.0172  total_loss=0.0333  value_loss=0.2949
  update 231500/500000: consistency_loss=0.0001  pi_loss=-0.8540  reward_loss=0.0187  total_loss=0.0337  value_loss=0.3012
  update 232000/500000: consistency_loss=0.0001  pi_loss=-0.8363  reward_loss=0.0273  total_loss=0.0357  value_loss=0.3125
  update 232500/500000: consistency_loss=0.0001  pi_loss=-0.8737  reward_loss=0.0232  total_loss=0.0350  value_loss=0.3104
  update 233000/500000: consistency_loss=0.0001  pi_loss=-0.8640  reward_loss=0.0115  total_loss=0.0335  value_loss=0.3067
  update 233500/500000: consistency_loss=0.0001  pi_loss=-0.8502  reward_loss=0.0175  total_loss=0.0346  value_loss=0.3035
  update 234000/500000: consistency_loss=0.0001  pi_loss=-0.8663  reward_loss=0.0194  total_loss=0.0344  value_loss=0.3053
  update 234500/500000: consistency_loss=0.0001  pi_loss=-0.8549  reward_loss=0.0243  total_loss=0.0334  value_loss=0.2911
  update 235000/500000: consistency_loss=0.0001  pi_loss=-0.8652  reward_loss=0.0204  total_loss=0.0330  value_loss=0.2902
  update 235500/500000: consistency_loss=0.0001  pi_loss=-0.8708  reward_loss=0.0101  total_loss=0.0324  value_loss=0.2967
  update 236000/500000: consistency_loss=0.0001  pi_loss=-0.8972  reward_loss=0.0245  total_loss=0.0343  value_loss=0.3031
  update 236500/500000: consistency_loss=0.0001  pi_loss=-0.9087  reward_loss=0.0313  total_loss=0.0339  value_loss=0.2893
  update 237000/500000: consistency_loss=0.0001  pi_loss=-0.8947  reward_loss=0.0198  total_loss=0.0331  value_loss=0.2955
  update 237500/500000: consistency_loss=0.0001  pi_loss=-0.8864  reward_loss=0.0197  total_loss=0.0342  value_loss=0.3006
  update 238000/500000: consistency_loss=0.0001  pi_loss=-0.9060  reward_loss=0.0180  total_loss=0.0340  value_loss=0.3057
  update 238500/500000: consistency_loss=0.0001  pi_loss=-0.9047  reward_loss=0.0163  total_loss=0.0355  value_loss=0.3179
  update 239000/500000: consistency_loss=0.0001  pi_loss=-0.9319  reward_loss=0.0308  total_loss=0.0346  value_loss=0.2973
  update 239500/500000: consistency_loss=0.0001  pi_loss=-0.9566  reward_loss=0.0146  total_loss=0.0339  value_loss=0.3050
  update 240000/500000: consistency_loss=0.0001  pi_loss=-0.9676  reward_loss=0.0328  total_loss=0.0361  value_loss=0.3083
  update 240500/500000: consistency_loss=0.0001  pi_loss=-0.9846  reward_loss=0.0221  total_loss=0.0341  value_loss=0.3004
  update 241000/500000: consistency_loss=0.0001  pi_loss=-1.0150  reward_loss=0.0225  total_loss=0.0349  value_loss=0.3070
  update 241500/500000: consistency_loss=0.0001  pi_loss=-1.0202  reward_loss=0.0228  total_loss=0.0350  value_loss=0.3095
  update 242000/500000: consistency_loss=0.0001  pi_loss=-1.0284  reward_loss=0.0248  total_loss=0.0345  value_loss=0.3039
  update 242500/500000: consistency_loss=0.0001  pi_loss=-1.0243  reward_loss=0.0226  total_loss=0.0343  value_loss=0.3026
  update 243000/500000: consistency_loss=0.0001  pi_loss=-1.0139  reward_loss=0.0237  total_loss=0.0348  value_loss=0.3048
  update 243500/500000: consistency_loss=0.0001  pi_loss=-0.9935  reward_loss=0.0205  total_loss=0.0350  value_loss=0.3114
  update 244000/500000: consistency_loss=0.0001  pi_loss=-1.0582  reward_loss=0.0276  total_loss=0.0338  value_loss=0.2946
  update 244500/500000: consistency_loss=0.0001  pi_loss=-1.1194  reward_loss=0.0295  total_loss=0.0324  value_loss=0.2776
  update 245000/500000: consistency_loss=0.0001  pi_loss=-1.2011  reward_loss=0.0176  total_loss=0.0335  value_loss=0.3011
  update 245500/500000: consistency_loss=0.0001  pi_loss=-1.2540  reward_loss=0.0286  total_loss=0.0340  value_loss=0.2937
  update 246000/500000: consistency_loss=0.0001  pi_loss=-1.2826  reward_loss=0.0161  total_loss=0.0331  value_loss=0.2965
  update 246500/500000: consistency_loss=0.0001  pi_loss=-1.2954  reward_loss=0.0204  total_loss=0.0337  value_loss=0.2971
  update 247000/500000: consistency_loss=0.0001  pi_loss=-1.3368  reward_loss=0.0233  total_loss=0.0343  value_loss=0.2993
  update 247500/500000: consistency_loss=0.0001  pi_loss=-1.4108  reward_loss=0.0320  total_loss=0.0347  value_loss=0.2952
  update 248000/500000: consistency_loss=0.0001  pi_loss=-1.4749  reward_loss=0.0219  total_loss=0.0360  value_loss=0.3162
  update 248500/500000: consistency_loss=0.0001  pi_loss=-1.5270  reward_loss=0.0232  total_loss=0.0354  value_loss=0.3147
  update 249000/500000: consistency_loss=0.0001  pi_loss=-1.5702  reward_loss=0.0250  total_loss=0.0367  value_loss=0.3217
  update 249500/500000: consistency_loss=0.0001  pi_loss=-1.5232  reward_loss=0.0205  total_loss=0.0340  value_loss=0.3014
  update 250000/500000: consistency_loss=0.0001  pi_loss=-1.5441  reward_loss=0.0184  total_loss=0.0340  value_loss=0.3048
  update 250500/500000: consistency_loss=0.0001  pi_loss=-1.5523  reward_loss=0.0232  total_loss=0.0339  value_loss=0.2958
  update 251000/500000: consistency_loss=0.0001  pi_loss=-1.5654  reward_loss=0.0194  total_loss=0.0348  value_loss=0.3064
  update 251500/500000: consistency_loss=0.0001  pi_loss=-1.5783  reward_loss=0.0172  total_loss=0.0337  value_loss=0.3011
  update 252000/500000: consistency_loss=0.0001  pi_loss=-1.5817  reward_loss=0.0210  total_loss=0.0321  value_loss=0.2809
  update 252500/500000: consistency_loss=0.0001  pi_loss=-1.5878  reward_loss=0.0190  total_loss=0.0338  value_loss=0.3015
  update 253000/500000: consistency_loss=0.0001  pi_loss=-1.5774  reward_loss=0.0235  total_loss=0.0336  value_loss=0.2967
  update 253500/500000: consistency_loss=0.0001  pi_loss=-1.5857  reward_loss=0.0313  total_loss=0.0351  value_loss=0.3013
  update 254000/500000: consistency_loss=0.0001  pi_loss=-1.5839  reward_loss=0.0270  total_loss=0.0336  value_loss=0.2892
  update 254500/500000: consistency_loss=0.0001  pi_loss=-1.5770  reward_loss=0.0234  total_loss=0.0325  value_loss=0.2851
  update 255000/500000: consistency_loss=0.0001  pi_loss=-1.5942  reward_loss=0.0230  total_loss=0.0320  value_loss=0.2806
  update 255500/500000: consistency_loss=0.0001  pi_loss=-1.6211  reward_loss=0.0307  total_loss=0.0324  value_loss=0.2790
  update 256000/500000: consistency_loss=0.0001  pi_loss=-1.6755  reward_loss=0.0232  total_loss=0.0321  value_loss=0.2817
  update 256500/500000: consistency_loss=0.0001  pi_loss=-1.6893  reward_loss=0.0184  total_loss=0.0322  value_loss=0.2838
  update 257000/500000: consistency_loss=0.0001  pi_loss=-1.7469  reward_loss=0.0197  total_loss=0.0331  value_loss=0.2947
  update 257500/500000: consistency_loss=0.0001  pi_loss=-1.7574  reward_loss=0.0185  total_loss=0.0337  value_loss=0.3032
  update 258000/500000: consistency_loss=0.0001  pi_loss=-1.7602  reward_loss=0.0224  total_loss=0.0346  value_loss=0.3038
  update 258500/500000: consistency_loss=0.0001  pi_loss=-1.7468  reward_loss=0.0140  total_loss=0.0327  value_loss=0.2943
  update 259000/500000: consistency_loss=0.0001  pi_loss=-1.7521  reward_loss=0.0194  total_loss=0.0333  value_loss=0.2986
  update 259500/500000: consistency_loss=0.0001  pi_loss=-1.7862  reward_loss=0.0281  total_loss=0.0339  value_loss=0.2917
  update 260000/500000: consistency_loss=0.0001  pi_loss=-1.8220  reward_loss=0.0204  total_loss=0.0327  value_loss=0.2890
  update 260500/500000: consistency_loss=0.0001  pi_loss=-1.8535  reward_loss=0.0223  total_loss=0.0341  value_loss=0.2973
  update 261000/500000: consistency_loss=0.0001  pi_loss=-1.8448  reward_loss=0.0234  total_loss=0.0342  value_loss=0.2892
  update 261500/500000: consistency_loss=0.0001  pi_loss=-1.8516  reward_loss=0.0182  total_loss=0.0331  value_loss=0.2949
  update 262000/500000: consistency_loss=0.0001  pi_loss=-1.8764  reward_loss=0.0180  total_loss=0.0330  value_loss=0.2956
  update 262500/500000: consistency_loss=0.0001  pi_loss=-1.9036  reward_loss=0.0205  total_loss=0.0327  value_loss=0.2875
  update 263000/500000: consistency_loss=0.0001  pi_loss=-1.9031  reward_loss=0.0312  total_loss=0.0335  value_loss=0.2882
  update 263500/500000: consistency_loss=0.0001  pi_loss=-1.9002  reward_loss=0.0246  total_loss=0.0320  value_loss=0.2747
  update 264000/500000: consistency_loss=0.0001  pi_loss=-1.9075  reward_loss=0.0197  total_loss=0.0331  value_loss=0.2875
  update 264500/500000: consistency_loss=0.0001  pi_loss=-1.9305  reward_loss=0.0251  total_loss=0.0339  value_loss=0.2945
  update 265000/500000: consistency_loss=0.0001  pi_loss=-1.8854  reward_loss=0.0229  total_loss=0.0318  value_loss=0.2778
  update 265500/500000: consistency_loss=0.0001  pi_loss=-1.9242  reward_loss=0.0258  total_loss=0.0319  value_loss=0.2758
  update 266000/500000: consistency_loss=0.0001  pi_loss=-1.8887  reward_loss=0.0135  total_loss=0.0317  value_loss=0.2877
  update 266500/500000: consistency_loss=0.0001  pi_loss=-1.8902  reward_loss=0.0287  total_loss=0.0328  value_loss=0.2807
  update 267000/500000: consistency_loss=0.0001  pi_loss=-1.8796  reward_loss=0.0268  total_loss=0.0339  value_loss=0.2941
  update 267500/500000: consistency_loss=0.0001  pi_loss=-1.8089  reward_loss=0.0113  total_loss=0.0313  value_loss=0.2828
  update 268000/500000: consistency_loss=0.0001  pi_loss=-1.8109  reward_loss=0.0168  total_loss=0.0332  value_loss=0.2973
  update 268500/500000: consistency_loss=0.0001  pi_loss=-1.8090  reward_loss=0.0159  total_loss=0.0338  value_loss=0.3009
  update 269000/500000: consistency_loss=0.0001  pi_loss=-1.8099  reward_loss=0.0230  total_loss=0.0340  value_loss=0.2999
  update 269500/500000: consistency_loss=0.0001  pi_loss=-1.8283  reward_loss=0.0313  total_loss=0.0349  value_loss=0.2987
  update 270000/500000: consistency_loss=0.0001  pi_loss=-1.8591  reward_loss=0.0248  total_loss=0.0332  value_loss=0.2861
  update 270500/500000: consistency_loss=0.0001  pi_loss=-1.8807  reward_loss=0.0288  total_loss=0.0341  value_loss=0.2914
  update 271000/500000: consistency_loss=0.0001  pi_loss=-1.8810  reward_loss=0.0250  total_loss=0.0344  value_loss=0.3017
  update 271500/500000: consistency_loss=0.0001  pi_loss=-1.8927  reward_loss=0.0151  total_loss=0.0323  value_loss=0.2889
  update 272000/500000: consistency_loss=0.0001  pi_loss=-1.9140  reward_loss=0.0144  total_loss=0.0313  value_loss=0.2833
  update 272500/500000: consistency_loss=0.0001  pi_loss=-1.9398  reward_loss=0.0196  total_loss=0.0315  value_loss=0.2785
  update 273000/500000: consistency_loss=0.0001  pi_loss=-1.9739  reward_loss=0.0198  total_loss=0.0316  value_loss=0.2798
  update 273500/500000: consistency_loss=0.0001  pi_loss=-1.9770  reward_loss=0.0248  total_loss=0.0326  value_loss=0.2809
  update 274000/500000: consistency_loss=0.0001  pi_loss=-1.9831  reward_loss=0.0178  total_loss=0.0323  value_loss=0.2807
  update 274500/500000: consistency_loss=0.0001  pi_loss=-1.9734  reward_loss=0.0196  total_loss=0.0318  value_loss=0.2807
  update 275000/500000: consistency_loss=0.0001  pi_loss=-1.9431  reward_loss=0.0086  total_loss=0.0300  value_loss=0.2732
  update 275500/500000: consistency_loss=0.0001  pi_loss=-1.9226  reward_loss=0.0217  total_loss=0.0312  value_loss=0.2745
  update 276000/500000: consistency_loss=0.0001  pi_loss=-1.9505  reward_loss=0.0335  total_loss=0.0338  value_loss=0.2823
  update 276500/500000: consistency_loss=0.0001  pi_loss=-1.9385  reward_loss=0.0251  total_loss=0.0322  value_loss=0.2787
  update 277000/500000: consistency_loss=0.0001  pi_loss=-1.9612  reward_loss=0.0187  total_loss=0.0314  value_loss=0.2771
  update 277500/500000: consistency_loss=0.0001  pi_loss=-1.9602  reward_loss=0.0214  total_loss=0.0317  value_loss=0.2754
  update 278000/500000: consistency_loss=0.0001  pi_loss=-1.9859  reward_loss=0.0252  total_loss=0.0330  value_loss=0.2871
  update 278500/500000: consistency_loss=0.0001  pi_loss=-1.9961  reward_loss=0.0198  total_loss=0.0311  value_loss=0.2748
  update 279000/500000: consistency_loss=0.0001  pi_loss=-2.0061  reward_loss=0.0203  total_loss=0.0323  value_loss=0.2813
  update 279500/500000: consistency_loss=0.0001  pi_loss=-1.9772  reward_loss=0.0157  total_loss=0.0321  value_loss=0.2850
  update 280000/500000: consistency_loss=0.0001  pi_loss=-1.9817  reward_loss=0.0149  total_loss=0.0314  value_loss=0.2824
  update 280500/500000: consistency_loss=0.0001  pi_loss=-1.9643  reward_loss=0.0322  total_loss=0.0319  value_loss=0.2671
  update 281000/500000: consistency_loss=0.0001  pi_loss=-1.9801  reward_loss=0.0288  total_loss=0.0323  value_loss=0.2744
  update 281500/500000: consistency_loss=0.0001  pi_loss=-2.0052  reward_loss=0.0294  total_loss=0.0316  value_loss=0.2706
  update 282000/500000: consistency_loss=0.0001  pi_loss=-2.0226  reward_loss=0.0299  total_loss=0.0323  value_loss=0.2737
  update 282500/500000: consistency_loss=0.0001  pi_loss=-2.0281  reward_loss=0.0315  total_loss=0.0323  value_loss=0.2741
  update 283000/500000: consistency_loss=0.0001  pi_loss=-1.9809  reward_loss=0.0157  total_loss=0.0305  value_loss=0.2724
  update 283500/500000: consistency_loss=0.0001  pi_loss=-1.9916  reward_loss=0.0133  total_loss=0.0314  value_loss=0.2817
  update 284000/500000: consistency_loss=0.0001  pi_loss=-1.9873  reward_loss=0.0315  total_loss=0.0310  value_loss=0.2624
  update 284500/500000: consistency_loss=0.0001  pi_loss=-2.0044  reward_loss=0.0175  total_loss=0.0296  value_loss=0.2626
  update 285000/500000: consistency_loss=0.0001  pi_loss=-1.9767  reward_loss=0.0151  total_loss=0.0302  value_loss=0.2710
  update 285500/500000: consistency_loss=0.0001  pi_loss=-1.9677  reward_loss=0.0188  total_loss=0.0297  value_loss=0.2598
  update 286000/500000: consistency_loss=0.0001  pi_loss=-1.9568  reward_loss=0.0207  total_loss=0.0308  value_loss=0.2705
  update 286500/500000: consistency_loss=0.0001  pi_loss=-1.9282  reward_loss=0.0175  total_loss=0.0312  value_loss=0.2754
  update 287000/500000: consistency_loss=0.0001  pi_loss=-1.9679  reward_loss=0.0300  total_loss=0.0316  value_loss=0.2682
  update 287500/500000: consistency_loss=0.0001  pi_loss=-1.9610  reward_loss=0.0255  total_loss=0.0306  value_loss=0.2652
  update 288000/500000: consistency_loss=0.0001  pi_loss=-1.9340  reward_loss=0.0207  total_loss=0.0305  value_loss=0.2677
  update 288500/500000: consistency_loss=0.0001  pi_loss=-1.9318  reward_loss=0.0131  total_loss=0.0309  value_loss=0.2755
  update 289000/500000: consistency_loss=0.0001  pi_loss=-1.9218  reward_loss=0.0278  total_loss=0.0308  value_loss=0.2629
  update 289500/500000: consistency_loss=0.0001  pi_loss=-1.9171  reward_loss=0.0158  total_loss=0.0309  value_loss=0.2752
  update 290000/500000: consistency_loss=0.0001  pi_loss=-1.9248  reward_loss=0.0262  total_loss=0.0315  value_loss=0.2725
  update 290500/500000: consistency_loss=0.0001  pi_loss=-1.8984  reward_loss=0.0160  total_loss=0.0317  value_loss=0.2845
  update 291000/500000: consistency_loss=0.0001  pi_loss=-1.9034  reward_loss=0.0114  total_loss=0.0325  value_loss=0.2968
  update 291500/500000: consistency_loss=0.0001  pi_loss=-1.9041  reward_loss=0.0194  total_loss=0.0331  value_loss=0.2936
  update 292000/500000: consistency_loss=0.0001  pi_loss=-1.9354  reward_loss=0.0277  total_loss=0.0314  value_loss=0.2703
  update 292500/500000: consistency_loss=0.0001  pi_loss=-1.9417  reward_loss=0.0113  total_loss=0.0311  value_loss=0.2819
  update 293000/500000: consistency_loss=0.0001  pi_loss=-1.9726  reward_loss=0.0297  total_loss=0.0317  value_loss=0.2717
  update 293500/500000: consistency_loss=0.0001  pi_loss=-1.9458  reward_loss=0.0267  total_loss=0.0316  value_loss=0.2749
  update 294000/500000: consistency_loss=0.0001  pi_loss=-1.9048  reward_loss=0.0172  total_loss=0.0314  value_loss=0.2778
  update 294500/500000: consistency_loss=0.0001  pi_loss=-1.9149  reward_loss=0.0206  total_loss=0.0314  value_loss=0.2767
  update 295000/500000: consistency_loss=0.0001  pi_loss=-1.9371  reward_loss=0.0166  total_loss=0.0311  value_loss=0.2806
  update 295500/500000: consistency_loss=0.0001  pi_loss=-1.9286  reward_loss=0.0268  total_loss=0.0321  value_loss=0.2766
  update 296000/500000: consistency_loss=0.0001  pi_loss=-1.9150  reward_loss=0.0205  total_loss=0.0300  value_loss=0.2641
  update 296500/500000: consistency_loss=0.0001  pi_loss=-1.9164  reward_loss=0.0177  total_loss=0.0316  value_loss=0.2768
  update 297000/500000: consistency_loss=0.0001  pi_loss=-1.9352  reward_loss=0.0277  total_loss=0.0311  value_loss=0.2674
  update 297500/500000: consistency_loss=0.0001  pi_loss=-1.9447  reward_loss=0.0256  total_loss=0.0335  value_loss=0.2867
  update 298000/500000: consistency_loss=0.0001  pi_loss=-1.9672  reward_loss=0.0264  total_loss=0.0332  value_loss=0.2874
  update 298500/500000: consistency_loss=0.0001  pi_loss=-1.9159  reward_loss=0.0207  total_loss=0.0311  value_loss=0.2755
  update 299000/500000: consistency_loss=0.0001  pi_loss=-1.9435  reward_loss=0.0305  total_loss=0.0340  value_loss=0.2908
  update 299500/500000: consistency_loss=0.0001  pi_loss=-1.8930  reward_loss=0.0191  total_loss=0.0314  value_loss=0.2768
  update 300000/500000: consistency_loss=0.0001  pi_loss=-1.8762  reward_loss=0.0227  total_loss=0.0334  value_loss=0.2948
Saved checkpoint at update 300000
  update 300500/500000: consistency_loss=0.0001  pi_loss=-1.8701  reward_loss=0.0231  total_loss=0.0320  value_loss=0.2785
  update 301000/500000: consistency_loss=0.0001  pi_loss=-1.8649  reward_loss=0.0227  total_loss=0.0324  value_loss=0.2729
  update 301500/500000: consistency_loss=0.0001  pi_loss=-1.8809  reward_loss=0.0127  total_loss=0.0317  value_loss=0.2854
  update 302000/500000: consistency_loss=0.0001  pi_loss=-1.8798  reward_loss=0.0295  total_loss=0.0325  value_loss=0.2795
  update 302500/500000: consistency_loss=0.0001  pi_loss=-1.8752  reward_loss=0.0236  total_loss=0.0304  value_loss=0.2642
  update 303000/500000: consistency_loss=0.0001  pi_loss=-1.8724  reward_loss=0.0236  total_loss=0.0322  value_loss=0.2820
  update 303500/500000: consistency_loss=0.0001  pi_loss=-1.8865  reward_loss=0.0237  total_loss=0.0316  value_loss=0.2726
  update 304000/500000: consistency_loss=0.0001  pi_loss=-1.8958  reward_loss=0.0171  total_loss=0.0307  value_loss=0.2713
  update 304500/500000: consistency_loss=0.0001  pi_loss=-1.9384  reward_loss=0.0198  total_loss=0.0316  value_loss=0.2799
  update 305000/500000: consistency_loss=0.0001  pi_loss=-1.9188  reward_loss=0.0165  total_loss=0.0310  value_loss=0.2780
  update 305500/500000: consistency_loss=0.0001  pi_loss=-1.9467  reward_loss=0.0282  total_loss=0.0329  value_loss=0.2827
  update 306000/500000: consistency_loss=0.0001  pi_loss=-1.9219  reward_loss=0.0260  total_loss=0.0324  value_loss=0.2758
  update 306500/500000: consistency_loss=0.0001  pi_loss=-1.9349  reward_loss=0.0318  total_loss=0.0350  value_loss=0.2916
  update 307000/500000: consistency_loss=0.0001  pi_loss=-1.9570  reward_loss=0.0166  total_loss=0.0309  value_loss=0.2758
  update 307500/500000: consistency_loss=0.0001  pi_loss=-2.0103  reward_loss=0.0133  total_loss=0.0301  value_loss=0.2718
  update 308000/500000: consistency_loss=0.0001  pi_loss=-2.0277  reward_loss=0.0237  total_loss=0.0315  value_loss=0.2726
  update 308500/500000: consistency_loss=0.0001  pi_loss=-2.0102  reward_loss=0.0227  total_loss=0.0309  value_loss=0.2703
  update 309000/500000: consistency_loss=0.0001  pi_loss=-1.9970  reward_loss=0.0253  total_loss=0.0312  value_loss=0.2701
  update 309500/500000: consistency_loss=0.0001  pi_loss=-1.9735  reward_loss=0.0192  total_loss=0.0307  value_loss=0.2731
  update 310000/500000: consistency_loss=0.0001  pi_loss=-1.9657  reward_loss=0.0293  total_loss=0.0317  value_loss=0.2705
  update 310500/500000: consistency_loss=0.0001  pi_loss=-1.9077  reward_loss=0.0162  total_loss=0.0304  value_loss=0.2706
  update 311000/500000: consistency_loss=0.0001  pi_loss=-1.9288  reward_loss=0.0228  total_loss=0.0335  value_loss=0.2870
  update 311500/500000: consistency_loss=0.0001  pi_loss=-1.9161  reward_loss=0.0290  total_loss=0.0326  value_loss=0.2801
  update 312000/500000: consistency_loss=0.0001  pi_loss=-1.9294  reward_loss=0.0199  total_loss=0.0320  value_loss=0.2830
  update 312500/500000: consistency_loss=0.0001  pi_loss=-1.9230  reward_loss=0.0174  total_loss=0.0301  value_loss=0.2695
  update 313000/500000: consistency_loss=0.0001  pi_loss=-1.9091  reward_loss=0.0220  total_loss=0.0288  value_loss=0.2512
  update 313500/500000: consistency_loss=0.0001  pi_loss=-1.9138  reward_loss=0.0160  total_loss=0.0308  value_loss=0.2733
  update 314000/500000: consistency_loss=0.0001  pi_loss=-1.8911  reward_loss=0.0167  total_loss=0.0294  value_loss=0.2626
  update 314500/500000: consistency_loss=0.0001  pi_loss=-1.8951  reward_loss=0.0212  total_loss=0.0307  value_loss=0.2676
  update 315000/500000: consistency_loss=0.0001  pi_loss=-1.8855  reward_loss=0.0196  total_loss=0.0309  value_loss=0.2717
  update 315500/500000: consistency_loss=0.0001  pi_loss=-1.8995  reward_loss=0.0209  total_loss=0.0318  value_loss=0.2790
  update 316000/500000: consistency_loss=0.0001  pi_loss=-1.9106  reward_loss=0.0208  total_loss=0.0307  value_loss=0.2685
  update 316500/500000: consistency_loss=0.0001  pi_loss=-1.9426  reward_loss=0.0190  total_loss=0.0316  value_loss=0.2768
  update 317000/500000: consistency_loss=0.0001  pi_loss=-1.9657  reward_loss=0.0254  total_loss=0.0305  value_loss=0.2634
  update 317500/500000: consistency_loss=0.0001  pi_loss=-1.9757  reward_loss=0.0173  total_loss=0.0309  value_loss=0.2732
  update 318000/500000: consistency_loss=0.0001  pi_loss=-2.0017  reward_loss=0.0320  total_loss=0.0328  value_loss=0.2753
  update 318500/500000: consistency_loss=0.0001  pi_loss=-1.9853  reward_loss=0.0180  total_loss=0.0321  value_loss=0.2863
  update 319000/500000: consistency_loss=0.0001  pi_loss=-1.9631  reward_loss=0.0180  total_loss=0.0299  value_loss=0.2654
  update 319500/500000: consistency_loss=0.0001  pi_loss=-1.9752  reward_loss=0.0220  total_loss=0.0297  value_loss=0.2593
  update 320000/500000: consistency_loss=0.0001  pi_loss=-1.9871  reward_loss=0.0317  total_loss=0.0315  value_loss=0.2630
  update 320500/500000: consistency_loss=0.0001  pi_loss=-1.9895  reward_loss=0.0194  total_loss=0.0303  value_loss=0.2653
  update 321000/500000: consistency_loss=0.0001  pi_loss=-1.9946  reward_loss=0.0265  total_loss=0.0302  value_loss=0.2545
  update 321500/500000: consistency_loss=0.0001  pi_loss=-2.0131  reward_loss=0.0207  total_loss=0.0300  value_loss=0.2627
  update 322000/500000: consistency_loss=0.0001  pi_loss=-1.9926  reward_loss=0.0199  total_loss=0.0303  value_loss=0.2642
  update 322500/500000: consistency_loss=0.0001  pi_loss=-1.9705  reward_loss=0.0245  total_loss=0.0310  value_loss=0.2644
  update 323000/500000: consistency_loss=0.0001  pi_loss=-1.9625  reward_loss=0.0169  total_loss=0.0309  value_loss=0.2763
  update 323500/500000: consistency_loss=0.0001  pi_loss=-1.9525  reward_loss=0.0367  total_loss=0.0324  value_loss=0.2636
  update 324000/500000: consistency_loss=0.0001  pi_loss=-1.9481  reward_loss=0.0137  total_loss=0.0291  value_loss=0.2626
  update 324500/500000: consistency_loss=0.0001  pi_loss=-1.9681  reward_loss=0.0154  total_loss=0.0304  value_loss=0.2691
  update 325000/500000: consistency_loss=0.0001  pi_loss=-1.9722  reward_loss=0.0201  total_loss=0.0317  value_loss=0.2802
  update 325500/500000: consistency_loss=0.0001  pi_loss=-1.9466  reward_loss=0.0235  total_loss=0.0321  value_loss=0.2774
  update 326000/500000: consistency_loss=0.0001  pi_loss=-1.9514  reward_loss=0.0219  total_loss=0.0313  value_loss=0.2733
  update 326500/500000: consistency_loss=0.0001  pi_loss=-1.9220  reward_loss=0.0241  total_loss=0.0315  value_loss=0.2745
  update 327000/500000: consistency_loss=0.0001  pi_loss=-1.9368  reward_loss=0.0188  total_loss=0.0314  value_loss=0.2779
  update 327500/500000: consistency_loss=0.0001  pi_loss=-1.9226  reward_loss=0.0290  total_loss=0.0314  value_loss=0.2646
  update 328000/500000: consistency_loss=0.0001  pi_loss=-1.9315  reward_loss=0.0129  total_loss=0.0311  value_loss=0.2821
  update 328500/500000: consistency_loss=0.0001  pi_loss=-1.9315  reward_loss=0.0207  total_loss=0.0312  value_loss=0.2690
  update 329000/500000: consistency_loss=0.0001  pi_loss=-1.9596  reward_loss=0.0259  total_loss=0.0305  value_loss=0.2650
  update 329500/500000: consistency_loss=0.0001  pi_loss=-1.9385  reward_loss=0.0225  total_loss=0.0301  value_loss=0.2604
  update 330000/500000: consistency_loss=0.0001  pi_loss=-1.9110  reward_loss=0.0168  total_loss=0.0299  value_loss=0.2650
  update 330500/500000: consistency_loss=0.0001  pi_loss=-1.9110  reward_loss=0.0242  total_loss=0.0308  value_loss=0.2662
  update 331000/500000: consistency_loss=0.0001  pi_loss=-1.9102  reward_loss=0.0240  total_loss=0.0324  value_loss=0.2836
  update 331500/500000: consistency_loss=0.0001  pi_loss=-1.9181  reward_loss=0.0266  total_loss=0.0307  value_loss=0.2643
  update 332000/500000: consistency_loss=0.0001  pi_loss=-1.9271  reward_loss=0.0306  total_loss=0.0302  value_loss=0.2558
  update 332500/500000: consistency_loss=0.0001  pi_loss=-1.9053  reward_loss=0.0254  total_loss=0.0306  value_loss=0.2637
  update 333000/500000: consistency_loss=0.0001  pi_loss=-1.9431  reward_loss=0.0278  total_loss=0.0318  value_loss=0.2707
  update 333500/500000: consistency_loss=0.0001  pi_loss=-1.9503  reward_loss=0.0151  total_loss=0.0309  value_loss=0.2751
  update 334000/500000: consistency_loss=0.0001  pi_loss=-1.9871  reward_loss=0.0164  total_loss=0.0305  value_loss=0.2729
  update 334500/500000: consistency_loss=0.0001  pi_loss=-2.0053  reward_loss=0.0295  total_loss=0.0315  value_loss=0.2673
  update 335000/500000: consistency_loss=0.0001  pi_loss=-1.9928  reward_loss=0.0304  total_loss=0.0306  value_loss=0.2592
  update 335500/500000: consistency_loss=0.0001  pi_loss=-2.0255  reward_loss=0.0203  total_loss=0.0316  value_loss=0.2767
  update 336000/500000: consistency_loss=0.0001  pi_loss=-2.0095  reward_loss=0.0225  total_loss=0.0306  value_loss=0.2651
  update 336500/500000: consistency_loss=0.0001  pi_loss=-1.9867  reward_loss=0.0106  total_loss=0.0293  value_loss=0.2658
  update 337000/500000: consistency_loss=0.0001  pi_loss=-1.9837  reward_loss=0.0166  total_loss=0.0292  value_loss=0.2574
  update 337500/500000: consistency_loss=0.0001  pi_loss=-1.9847  reward_loss=0.0212  total_loss=0.0315  value_loss=0.2739
  update 338000/500000: consistency_loss=0.0001  pi_loss=-1.9664  reward_loss=0.0239  total_loss=0.0305  value_loss=0.2657
  update 338500/500000: consistency_loss=0.0001  pi_loss=-1.9617  reward_loss=0.0277  total_loss=0.0301  value_loss=0.2573
  update 339000/500000: consistency_loss=0.0001  pi_loss=-1.9520  reward_loss=0.0165  total_loss=0.0301  value_loss=0.2667
  update 339500/500000: consistency_loss=0.0001  pi_loss=-1.9482  reward_loss=0.0171  total_loss=0.0303  value_loss=0.2681
  update 340000/500000: consistency_loss=0.0001  pi_loss=-1.9777  reward_loss=0.0191  total_loss=0.0309  value_loss=0.2705
  update 340500/500000: consistency_loss=0.0001  pi_loss=-2.0080  reward_loss=0.0332  total_loss=0.0319  value_loss=0.2636
  update 341000/500000: consistency_loss=0.0001  pi_loss=-2.0147  reward_loss=0.0257  total_loss=0.0306  value_loss=0.2657
  update 341500/500000: consistency_loss=0.0001  pi_loss=-2.0083  reward_loss=0.0180  total_loss=0.0297  value_loss=0.2624
  update 342000/500000: consistency_loss=0.0001  pi_loss=-1.9904  reward_loss=0.0225  total_loss=0.0303  value_loss=0.2635
  update 342500/500000: consistency_loss=0.0001  pi_loss=-1.9888  reward_loss=0.0180  total_loss=0.0306  value_loss=0.2698
  update 343000/500000: consistency_loss=0.0001  pi_loss=-2.0001  reward_loss=0.0178  total_loss=0.0305  value_loss=0.2687
  update 343500/500000: consistency_loss=0.0001  pi_loss=-1.9887  reward_loss=0.0329  total_loss=0.0301  value_loss=0.2520
  update 344000/500000: consistency_loss=0.0001  pi_loss=-2.0047  reward_loss=0.0178  total_loss=0.0283  value_loss=0.2507
  update 344500/500000: consistency_loss=0.0001  pi_loss=-2.0205  reward_loss=0.0270  total_loss=0.0305  value_loss=0.2584
  update 345000/500000: consistency_loss=0.0001  pi_loss=-2.0011  reward_loss=0.0234  total_loss=0.0285  value_loss=0.2458
  update 345500/500000: consistency_loss=0.0001  pi_loss=-2.0308  reward_loss=0.0175  total_loss=0.0302  value_loss=0.2676
  update 346000/500000: consistency_loss=0.0001  pi_loss=-2.0022  reward_loss=0.0217  total_loss=0.0306  value_loss=0.2676
  update 346500/500000: consistency_loss=0.0001  pi_loss=-2.0099  reward_loss=0.0301  total_loss=0.0312  value_loss=0.2659
  update 347000/500000: consistency_loss=0.0001  pi_loss=-1.9887  reward_loss=0.0275  total_loss=0.0318  value_loss=0.2689
  update 347500/500000: consistency_loss=0.0001  pi_loss=-1.9783  reward_loss=0.0228  total_loss=0.0304  value_loss=0.2654
  update 348000/500000: consistency_loss=0.0001  pi_loss=-1.9983  reward_loss=0.0365  total_loss=0.0308  value_loss=0.2548
  update 348500/500000: consistency_loss=0.0001  pi_loss=-1.9788  reward_loss=0.0221  total_loss=0.0294  value_loss=0.2548
  update 349000/500000: consistency_loss=0.0001  pi_loss=-1.9705  reward_loss=0.0265  total_loss=0.0293  value_loss=0.2491
  update 349500/500000: consistency_loss=0.0001  pi_loss=-1.9100  reward_loss=0.0164  total_loss=0.0291  value_loss=0.2577
  update 350000/500000: consistency_loss=0.0001  pi_loss=-1.8863  reward_loss=0.0146  total_loss=0.0303  value_loss=0.2721
  update 350500/500000: consistency_loss=0.0001  pi_loss=-1.8695  reward_loss=0.0212  total_loss=0.0318  value_loss=0.2813
  update 351000/500000: consistency_loss=0.0001  pi_loss=-1.8691  reward_loss=0.0318  total_loss=0.0323  value_loss=0.2721
  update 351500/500000: consistency_loss=0.0001  pi_loss=-1.8471  reward_loss=0.0345  total_loss=0.0323  value_loss=0.2707
  update 352000/500000: consistency_loss=0.0001  pi_loss=-1.8518  reward_loss=0.0241  total_loss=0.0310  value_loss=0.2706
  update 352500/500000: consistency_loss=0.0001  pi_loss=-1.8723  reward_loss=0.0278  total_loss=0.0323  value_loss=0.2760
  update 353000/500000: consistency_loss=0.0001  pi_loss=-1.8804  reward_loss=0.0244  total_loss=0.0314  value_loss=0.2737
  update 353500/500000: consistency_loss=0.0001  pi_loss=-1.8846  reward_loss=0.0274  total_loss=0.0298  value_loss=0.2531
  update 354000/500000: consistency_loss=0.0001  pi_loss=-1.9296  reward_loss=0.0252  total_loss=0.0305  value_loss=0.2628
  update 354500/500000: consistency_loss=0.0001  pi_loss=-1.9135  reward_loss=0.0254  total_loss=0.0309  value_loss=0.2678
  update 355000/500000: consistency_loss=0.0001  pi_loss=-1.9142  reward_loss=0.0137  total_loss=0.0294  value_loss=0.2615
  update 355500/500000: consistency_loss=0.0001  pi_loss=-1.8766  reward_loss=0.0144  total_loss=0.0307  value_loss=0.2748
  update 356000/500000: consistency_loss=0.0001  pi_loss=-1.8722  reward_loss=0.0223  total_loss=0.0308  value_loss=0.2689
  update 356500/500000: consistency_loss=0.0001  pi_loss=-1.8721  reward_loss=0.0254  total_loss=0.0317  value_loss=0.2702
  update 357000/500000: consistency_loss=0.0001  pi_loss=-1.8864  reward_loss=0.0246  total_loss=0.0314  value_loss=0.2729
  update 357500/500000: consistency_loss=0.0001  pi_loss=-1.8863  reward_loss=0.0306  total_loss=0.0315  value_loss=0.2670
  update 358000/500000: consistency_loss=0.0001  pi_loss=-1.8934  reward_loss=0.0194  total_loss=0.0297  value_loss=0.2621
  update 358500/500000: consistency_loss=0.0001  pi_loss=-1.8994  reward_loss=0.0248  total_loss=0.0307  value_loss=0.2657
  update 359000/500000: consistency_loss=0.0001  pi_loss=-1.9111  reward_loss=0.0193  total_loss=0.0302  value_loss=0.2652
  update 359500/500000: consistency_loss=0.0001  pi_loss=-1.9115  reward_loss=0.0280  total_loss=0.0312  value_loss=0.2649
  update 360000/500000: consistency_loss=0.0001  pi_loss=-1.8815  reward_loss=0.0104  total_loss=0.0294  value_loss=0.2678
  update 360500/500000: consistency_loss=0.0001  pi_loss=-1.8578  reward_loss=0.0211  total_loss=0.0311  value_loss=0.2678
  update 361000/500000: consistency_loss=0.0001  pi_loss=-1.8625  reward_loss=0.0121  total_loss=0.0300  value_loss=0.2726
  update 361500/500000: consistency_loss=0.0001  pi_loss=-1.8377  reward_loss=0.0293  total_loss=0.0320  value_loss=0.2744
  update 362000/500000: consistency_loss=0.0001  pi_loss=-1.8351  reward_loss=0.0160  total_loss=0.0313  value_loss=0.2766
  update 362500/500000: consistency_loss=0.0001  pi_loss=-1.8226  reward_loss=0.0205  total_loss=0.0317  value_loss=0.2809
  update 363000/500000: consistency_loss=0.0001  pi_loss=-1.8426  reward_loss=0.0170  total_loss=0.0301  value_loss=0.2678
  update 363500/500000: consistency_loss=0.0001  pi_loss=-1.8580  reward_loss=0.0232  total_loss=0.0305  value_loss=0.2647
  update 364000/500000: consistency_loss=0.0001  pi_loss=-1.8921  reward_loss=0.0209  total_loss=0.0296  value_loss=0.2594
  update 364500/500000: consistency_loss=0.0001  pi_loss=-1.9136  reward_loss=0.0225  total_loss=0.0305  value_loss=0.2674
  update 365000/500000: consistency_loss=0.0001  pi_loss=-1.9388  reward_loss=0.0227  total_loss=0.0315  value_loss=0.2742
  update 365500/500000: consistency_loss=0.0001  pi_loss=-1.9386  reward_loss=0.0225  total_loss=0.0312  value_loss=0.2743
  update 366000/500000: consistency_loss=0.0001  pi_loss=-1.9379  reward_loss=0.0172  total_loss=0.0310  value_loss=0.2732
  update 366500/500000: consistency_loss=0.0001  pi_loss=-1.9184  reward_loss=0.0185  total_loss=0.0308  value_loss=0.2736
  update 367000/500000: consistency_loss=0.0001  pi_loss=-1.9322  reward_loss=0.0372  total_loss=0.0337  value_loss=0.2846
  update 367500/500000: consistency_loss=0.0001  pi_loss=-1.8619  reward_loss=0.0191  total_loss=0.0302  value_loss=0.2661
  update 368000/500000: consistency_loss=0.0001  pi_loss=-1.8627  reward_loss=0.0088  total_loss=0.0317  value_loss=0.2918
  update 368500/500000: consistency_loss=0.0001  pi_loss=-1.8606  reward_loss=0.0212  total_loss=0.0326  value_loss=0.2851
  update 369000/500000: consistency_loss=0.0001  pi_loss=-1.8885  reward_loss=0.0201  total_loss=0.0308  value_loss=0.2728
  update 369500/500000: consistency_loss=0.0001  pi_loss=-1.8899  reward_loss=0.0207  total_loss=0.0325  value_loss=0.2876
  update 370000/500000: consistency_loss=0.0001  pi_loss=-1.8883  reward_loss=0.0212  total_loss=0.0311  value_loss=0.2721
  update 370500/500000: consistency_loss=0.0001  pi_loss=-1.8832  reward_loss=0.0188  total_loss=0.0312  value_loss=0.2765
  update 371000/500000: consistency_loss=0.0001  pi_loss=-1.8966  reward_loss=0.0247  total_loss=0.0298  value_loss=0.2575
  update 371500/500000: consistency_loss=0.0001  pi_loss=-1.9181  reward_loss=0.0210  total_loss=0.0310  value_loss=0.2728
  update 372000/500000: consistency_loss=0.0001  pi_loss=-1.9025  reward_loss=0.0123  total_loss=0.0303  value_loss=0.2748
  update 372500/500000: consistency_loss=0.0001  pi_loss=-1.9116  reward_loss=0.0292  total_loss=0.0312  value_loss=0.2665
  update 373000/500000: consistency_loss=0.0001  pi_loss=-1.9053  reward_loss=0.0275  total_loss=0.0314  value_loss=0.2696
  update 373500/500000: consistency_loss=0.0001  pi_loss=-1.8957  reward_loss=0.0233  total_loss=0.0319  value_loss=0.2769
  update 374000/500000: consistency_loss=0.0001  pi_loss=-1.8613  reward_loss=0.0184  total_loss=0.0318  value_loss=0.2830
  update 374500/500000: consistency_loss=0.0001  pi_loss=-1.8514  reward_loss=0.0178  total_loss=0.0295  value_loss=0.2609
  update 375000/500000: consistency_loss=0.0001  pi_loss=-1.8927  reward_loss=0.0299  total_loss=0.0322  value_loss=0.2770
  update 375500/500000: consistency_loss=0.0001  pi_loss=-1.9065  reward_loss=0.0228  total_loss=0.0298  value_loss=0.2587
  update 376000/500000: consistency_loss=0.0001  pi_loss=-1.9438  reward_loss=0.0256  total_loss=0.0307  value_loss=0.2656
  update 376500/500000: consistency_loss=0.0001  pi_loss=-1.9501  reward_loss=0.0227  total_loss=0.0305  value_loss=0.2676
  update 377000/500000: consistency_loss=0.0001  pi_loss=-1.9735  reward_loss=0.0338  total_loss=0.0304  value_loss=0.2559
  update 377500/500000: consistency_loss=0.0001  pi_loss=-1.9724  reward_loss=0.0215  total_loss=0.0315  value_loss=0.2744
  update 378000/500000: consistency_loss=0.0001  pi_loss=-1.9464  reward_loss=0.0181  total_loss=0.0297  value_loss=0.2624
  update 378500/500000: consistency_loss=0.0001  pi_loss=-1.9372  reward_loss=0.0331  total_loss=0.0323  value_loss=0.2715
  update 379000/500000: consistency_loss=0.0001  pi_loss=-1.9142  reward_loss=0.0349  total_loss=0.0314  value_loss=0.2625
  update 379500/500000: consistency_loss=0.0001  pi_loss=-1.8992  reward_loss=0.0232  total_loss=0.0317  value_loss=0.2780
  update 380000/500000: consistency_loss=0.0001  pi_loss=-1.8826  reward_loss=0.0228  total_loss=0.0314  value_loss=0.2749
  update 380500/500000: consistency_loss=0.0001  pi_loss=-1.8667  reward_loss=0.0219  total_loss=0.0314  value_loss=0.2781
  update 381000/500000: consistency_loss=0.0001  pi_loss=-1.8784  reward_loss=0.0158  total_loss=0.0317  value_loss=0.2852
  update 381500/500000: consistency_loss=0.0001  pi_loss=-1.8641  reward_loss=0.0151  total_loss=0.0312  value_loss=0.2820
  update 382000/500000: consistency_loss=0.0001  pi_loss=-1.8808  reward_loss=0.0205  total_loss=0.0317  value_loss=0.2826
  update 382500/500000: consistency_loss=0.0001  pi_loss=-1.8683  reward_loss=0.0288  total_loss=0.0320  value_loss=0.2735
  update 383000/500000: consistency_loss=0.0001  pi_loss=-1.8739  reward_loss=0.0286  total_loss=0.0316  value_loss=0.2701
  update 383500/500000: consistency_loss=0.0001  pi_loss=-1.8239  reward_loss=0.0288  total_loss=0.0314  value_loss=0.2703
  update 384000/500000: consistency_loss=0.0001  pi_loss=-1.7622  reward_loss=0.0169  total_loss=0.0312  value_loss=0.2772
  update 384500/500000: consistency_loss=0.0001  pi_loss=-1.7149  reward_loss=0.0193  total_loss=0.0312  value_loss=0.2744
  update 385000/500000: consistency_loss=0.0001  pi_loss=-1.6544  reward_loss=0.0279  total_loss=0.0313  value_loss=0.2720
  update 385500/500000: consistency_loss=0.0001  pi_loss=-1.5939  reward_loss=0.0226  total_loss=0.0302  value_loss=0.2626
  update 386000/500000: consistency_loss=0.0001  pi_loss=-1.5576  reward_loss=0.0218  total_loss=0.0310  value_loss=0.2702
  update 386500/500000: consistency_loss=0.0001  pi_loss=-1.5645  reward_loss=0.0342  total_loss=0.0328  value_loss=0.2761
  update 387000/500000: consistency_loss=0.0001  pi_loss=-1.5028  reward_loss=0.0180  total_loss=0.0299  value_loss=0.2633
  update 387500/500000: consistency_loss=0.0001  pi_loss=-1.5279  reward_loss=0.0223  total_loss=0.0311  value_loss=0.2730
  update 388000/500000: consistency_loss=0.0001  pi_loss=-1.4956  reward_loss=0.0228  total_loss=0.0308  value_loss=0.2660
  update 388500/500000: consistency_loss=0.0001  pi_loss=-1.5011  reward_loss=0.0207  total_loss=0.0314  value_loss=0.2736
  update 389000/500000: consistency_loss=0.0001  pi_loss=-1.5082  reward_loss=0.0261  total_loss=0.0325  value_loss=0.2827
  update 389500/500000: consistency_loss=0.0001  pi_loss=-1.5557  reward_loss=0.0131  total_loss=0.0324  value_loss=0.2928
  update 390000/500000: consistency_loss=0.0001  pi_loss=-1.5432  reward_loss=0.0210  total_loss=0.0311  value_loss=0.2747
  update 390500/500000: consistency_loss=0.0001  pi_loss=-1.5357  reward_loss=0.0335  total_loss=0.0315  value_loss=0.2637
  update 391000/500000: consistency_loss=0.0001  pi_loss=-1.5233  reward_loss=0.0189  total_loss=0.0309  value_loss=0.2732
  update 391500/500000: consistency_loss=0.0001  pi_loss=-1.4956  reward_loss=0.0196  total_loss=0.0310  value_loss=0.2714
  update 392000/500000: consistency_loss=0.0001  pi_loss=-1.4904  reward_loss=0.0239  total_loss=0.0311  value_loss=0.2698
  update 392500/500000: consistency_loss=0.0001  pi_loss=-1.4536  reward_loss=0.0130  total_loss=0.0316  value_loss=0.2868
  update 393000/500000: consistency_loss=0.0001  pi_loss=-1.4562  reward_loss=0.0241  total_loss=0.0320  value_loss=0.2790
  update 393500/500000: consistency_loss=0.0001  pi_loss=-1.4312  reward_loss=0.0198  total_loss=0.0315  value_loss=0.2804
  update 394000/500000: consistency_loss=0.0001  pi_loss=-1.4301  reward_loss=0.0138  total_loss=0.0301  value_loss=0.2715
  update 394500/500000: consistency_loss=0.0001  pi_loss=-1.4175  reward_loss=0.0318  total_loss=0.0322  value_loss=0.2707
  update 395000/500000: consistency_loss=0.0001  pi_loss=-1.4074  reward_loss=0.0126  total_loss=0.0314  value_loss=0.2853
  update 395500/500000: consistency_loss=0.0001  pi_loss=-1.3762  reward_loss=0.0301  total_loss=0.0332  value_loss=0.2879
  update 396000/500000: consistency_loss=0.0001  pi_loss=-1.3837  reward_loss=0.0297  total_loss=0.0331  value_loss=0.2862
  update 396500/500000: consistency_loss=0.0001  pi_loss=-1.3972  reward_loss=0.0254  total_loss=0.0342  value_loss=0.2965
  update 397000/500000: consistency_loss=0.0001  pi_loss=-1.3881  reward_loss=0.0257  total_loss=0.0328  value_loss=0.2880
  update 397500/500000: consistency_loss=0.0001  pi_loss=-1.3969  reward_loss=0.0308  total_loss=0.0324  value_loss=0.2766
  update 398000/500000: consistency_loss=0.0001  pi_loss=-1.3749  reward_loss=0.0251  total_loss=0.0317  value_loss=0.2775
  update 398500/500000: consistency_loss=0.0001  pi_loss=-1.3506  reward_loss=0.0257  total_loss=0.0324  value_loss=0.2823
  update 399000/500000: consistency_loss=0.0001  pi_loss=-1.3546  reward_loss=0.0243  total_loss=0.0316  value_loss=0.2758
  update 399500/500000: consistency_loss=0.0001  pi_loss=-1.3215  reward_loss=0.0167  total_loss=0.0312  value_loss=0.2779
  update 400000/500000: consistency_loss=0.0001  pi_loss=-1.2967  reward_loss=0.0235  total_loss=0.0318  value_loss=0.2787
Saved checkpoint at update 400000
  update 400500/500000: consistency_loss=0.0001  pi_loss=-1.2727  reward_loss=0.0228  total_loss=0.0314  value_loss=0.2750
  update 401000/500000: consistency_loss=0.0001  pi_loss=-1.2294  reward_loss=0.0233  total_loss=0.0326  value_loss=0.2862
  update 401500/500000: consistency_loss=0.0001  pi_loss=-1.2093  reward_loss=0.0340  total_loss=0.0339  value_loss=0.2875
  update 402000/500000: consistency_loss=0.0001  pi_loss=-1.2001  reward_loss=0.0263  total_loss=0.0333  value_loss=0.2895
  update 402500/500000: consistency_loss=0.0001  pi_loss=-1.1594  reward_loss=0.0200  total_loss=0.0334  value_loss=0.2971
  update 403000/500000: consistency_loss=0.0001  pi_loss=-1.1557  reward_loss=0.0152  total_loss=0.0319  value_loss=0.2849
  update 403500/500000: consistency_loss=0.0001  pi_loss=-1.1495  reward_loss=0.0245  total_loss=0.0326  value_loss=0.2855
  update 404000/500000: consistency_loss=0.0001  pi_loss=-1.1343  reward_loss=0.0224  total_loss=0.0313  value_loss=0.2708
  update 404500/500000: consistency_loss=0.0001  pi_loss=-1.1416  reward_loss=0.0209  total_loss=0.0320  value_loss=0.2831
  update 405000/500000: consistency_loss=0.0001  pi_loss=-1.1296  reward_loss=0.0187  total_loss=0.0310  value_loss=0.2773
  update 405500/500000: consistency_loss=0.0001  pi_loss=-1.1438  reward_loss=0.0195  total_loss=0.0309  value_loss=0.2728
  update 406000/500000: consistency_loss=0.0001  pi_loss=-1.1475  reward_loss=0.0202  total_loss=0.0322  value_loss=0.2853
  update 406500/500000: consistency_loss=0.0001  pi_loss=-1.1650  reward_loss=0.0205  total_loss=0.0317  value_loss=0.2823
  update 407000/500000: consistency_loss=0.0001  pi_loss=-1.1829  reward_loss=0.0185  total_loss=0.0316  value_loss=0.2811
  update 407500/500000: consistency_loss=0.0001  pi_loss=-1.1534  reward_loss=0.0211  total_loss=0.0332  value_loss=0.2965
  update 408000/500000: consistency_loss=0.0001  pi_loss=-1.1530  reward_loss=0.0153  total_loss=0.0325  value_loss=0.2923
  update 408500/500000: consistency_loss=0.0001  pi_loss=-1.1807  reward_loss=0.0183  total_loss=0.0320  value_loss=0.2868
  update 409000/500000: consistency_loss=0.0001  pi_loss=-1.1747  reward_loss=0.0137  total_loss=0.0312  value_loss=0.2844
  update 409500/500000: consistency_loss=0.0001  pi_loss=-1.1889  reward_loss=0.0173  total_loss=0.0334  value_loss=0.2979
  update 410000/500000: consistency_loss=0.0001  pi_loss=-1.1815  reward_loss=0.0218  total_loss=0.0323  value_loss=0.2828
  update 410500/500000: consistency_loss=0.0001  pi_loss=-1.1722  reward_loss=0.0217  total_loss=0.0332  value_loss=0.2922
  update 411000/500000: consistency_loss=0.0001  pi_loss=-1.1859  reward_loss=0.0279  total_loss=0.0323  value_loss=0.2792
  update 411500/500000: consistency_loss=0.0001  pi_loss=-1.1922  reward_loss=0.0285  total_loss=0.0325  value_loss=0.2801
  update 412000/500000: consistency_loss=0.0001  pi_loss=-1.1802  reward_loss=0.0185  total_loss=0.0317  value_loss=0.2808
  update 412500/500000: consistency_loss=0.0001  pi_loss=-1.2314  reward_loss=0.0209  total_loss=0.0334  value_loss=0.2960
  update 413000/500000: consistency_loss=0.0001  pi_loss=-1.2015  reward_loss=0.0160  total_loss=0.0327  value_loss=0.2952
  update 413500/500000: consistency_loss=0.0001  pi_loss=-1.2243  reward_loss=0.0189  total_loss=0.0321  value_loss=0.2855
  update 414000/500000: consistency_loss=0.0001  pi_loss=-1.2191  reward_loss=0.0193  total_loss=0.0314  value_loss=0.2800
  update 414500/500000: consistency_loss=0.0001  pi_loss=-1.2294  reward_loss=0.0230  total_loss=0.0334  value_loss=0.2956
  update 415000/500000: consistency_loss=0.0001  pi_loss=-1.2476  reward_loss=0.0274  total_loss=0.0326  value_loss=0.2846
  update 415500/500000: consistency_loss=0.0001  pi_loss=-1.2601  reward_loss=0.0257  total_loss=0.0336  value_loss=0.2955
  update 416000/500000: consistency_loss=0.0001  pi_loss=-1.2699  reward_loss=0.0160  total_loss=0.0319  value_loss=0.2868
  update 416500/500000: consistency_loss=0.0001  pi_loss=-1.2846  reward_loss=0.0250  total_loss=0.0321  value_loss=0.2820
  update 417000/500000: consistency_loss=0.0001  pi_loss=-1.3071  reward_loss=0.0216  total_loss=0.0326  value_loss=0.2874
  update 417500/500000: consistency_loss=0.0001  pi_loss=-1.3015  reward_loss=0.0184  total_loss=0.0318  value_loss=0.2857
  update 418000/500000: consistency_loss=0.0001  pi_loss=-1.3132  reward_loss=0.0254  total_loss=0.0328  value_loss=0.2866
  update 418500/500000: consistency_loss=0.0001  pi_loss=-1.3109  reward_loss=0.0242  total_loss=0.0327  value_loss=0.2842
  update 419000/500000: consistency_loss=0.0001  pi_loss=-1.3432  reward_loss=0.0139  total_loss=0.0310  value_loss=0.2814
  update 419500/500000: consistency_loss=0.0001  pi_loss=-1.3458  reward_loss=0.0157  total_loss=0.0307  value_loss=0.2786
  update 420000/500000: consistency_loss=0.0001  pi_loss=-1.3473  reward_loss=0.0232  total_loss=0.0342  value_loss=0.3021
  update 420500/500000: consistency_loss=0.0001  pi_loss=-1.3910  reward_loss=0.0113  total_loss=0.0311  value_loss=0.2842
  update 421000/500000: consistency_loss=0.0001  pi_loss=-1.4948  reward_loss=0.0326  total_loss=0.0340  value_loss=0.2936
  update 421500/500000: consistency_loss=0.0001  pi_loss=-1.5176  reward_loss=0.0216  total_loss=0.0322  value_loss=0.2835
  update 422000/500000: consistency_loss=0.0001  pi_loss=-1.5436  reward_loss=0.0215  total_loss=0.0315  value_loss=0.2771
  update 422500/500000: consistency_loss=0.0001  pi_loss=-1.5732  reward_loss=0.0094  total_loss=0.0295  value_loss=0.2720
  update 423000/500000: consistency_loss=0.0001  pi_loss=-1.6195  reward_loss=0.0148  total_loss=0.0318  value_loss=0.2870
  update 423500/500000: consistency_loss=0.0001  pi_loss=-1.6269  reward_loss=0.0178  total_loss=0.0321  value_loss=0.2830
  update 424000/500000: consistency_loss=0.0001  pi_loss=-1.6603  reward_loss=0.0275  total_loss=0.0321  value_loss=0.2796
  update 424500/500000: consistency_loss=0.0001  pi_loss=-1.6959  reward_loss=0.0243  total_loss=0.0334  value_loss=0.2944
  update 425000/500000: consistency_loss=0.0001  pi_loss=-1.7169  reward_loss=0.0342  total_loss=0.0335  value_loss=0.2868
  update 425500/500000: consistency_loss=0.0001  pi_loss=-1.7432  reward_loss=0.0176  total_loss=0.0317  value_loss=0.2833
  update 426000/500000: consistency_loss=0.0001  pi_loss=-1.7895  reward_loss=0.0286  total_loss=0.0321  value_loss=0.2763
  update 426500/500000: consistency_loss=0.0001  pi_loss=-1.8217  reward_loss=0.0176  total_loss=0.0315  value_loss=0.2810
  update 427000/500000: consistency_loss=0.0001  pi_loss=-1.8339  reward_loss=0.0151  total_loss=0.0307  value_loss=0.2768
  update 427500/500000: consistency_loss=0.0001  pi_loss=-1.8734  reward_loss=0.0278  total_loss=0.0319  value_loss=0.2713
  update 428000/500000: consistency_loss=0.0001  pi_loss=-1.8780  reward_loss=0.0237  total_loss=0.0311  value_loss=0.2681
  update 428500/500000: consistency_loss=0.0001  pi_loss=-1.8781  reward_loss=0.0169  total_loss=0.0331  value_loss=0.2982
  update 429000/500000: consistency_loss=0.0001  pi_loss=-1.8403  reward_loss=0.0101  total_loss=0.0319  value_loss=0.2919
  update 429500/500000: consistency_loss=0.0001  pi_loss=-1.8259  reward_loss=0.0076  total_loss=0.0327  value_loss=0.3038
  update 430000/500000: consistency_loss=0.0001  pi_loss=-1.8473  reward_loss=0.0356  total_loss=0.0339  value_loss=0.2826
  update 430500/500000: consistency_loss=0.0001  pi_loss=-1.8434  reward_loss=0.0144  total_loss=0.0307  value_loss=0.2781
  update 431000/500000: consistency_loss=0.0001  pi_loss=-1.8461  reward_loss=0.0173  total_loss=0.0322  value_loss=0.2852
  update 431500/500000: consistency_loss=0.0001  pi_loss=-1.8705  reward_loss=0.0241  total_loss=0.0319  value_loss=0.2747
  update 432000/500000: consistency_loss=0.0001  pi_loss=-1.8849  reward_loss=0.0155  total_loss=0.0298  value_loss=0.2682
  update 432500/500000: consistency_loss=0.0001  pi_loss=-1.9258  reward_loss=0.0227  total_loss=0.0314  value_loss=0.2767
  update 433000/500000: consistency_loss=0.0001  pi_loss=-1.9454  reward_loss=0.0331  total_loss=0.0309  value_loss=0.2584
  update 433500/500000: consistency_loss=0.0001  pi_loss=-1.9316  reward_loss=0.0359  total_loss=0.0315  value_loss=0.2647
  update 434000/500000: consistency_loss=0.0001  pi_loss=-1.9412  reward_loss=0.0277  total_loss=0.0295  value_loss=0.2503
  update 434500/500000: consistency_loss=0.0001  pi_loss=-1.9648  reward_loss=0.0221  total_loss=0.0306  value_loss=0.2673
  update 435000/500000: consistency_loss=0.0001  pi_loss=-1.9655  reward_loss=0.0108  total_loss=0.0301  value_loss=0.2712
  update 435500/500000: consistency_loss=0.0001  pi_loss=-2.0151  reward_loss=0.0158  total_loss=0.0296  value_loss=0.2631
  update 436000/500000: consistency_loss=0.0001  pi_loss=-2.0134  reward_loss=0.0197  total_loss=0.0298  value_loss=0.2593
  update 436500/500000: consistency_loss=0.0001  pi_loss=-2.0165  reward_loss=0.0234  total_loss=0.0299  value_loss=0.2619
  update 437000/500000: consistency_loss=0.0001  pi_loss=-2.0201  reward_loss=0.0243  total_loss=0.0306  value_loss=0.2633
  update 437500/500000: consistency_loss=0.0001  pi_loss=-1.9905  reward_loss=0.0263  total_loss=0.0309  value_loss=0.2637
  update 438000/500000: consistency_loss=0.0001  pi_loss=-1.9684  reward_loss=0.0281  total_loss=0.0303  value_loss=0.2604
  update 438500/500000: consistency_loss=0.0001  pi_loss=-1.9343  reward_loss=0.0239  total_loss=0.0311  value_loss=0.2718
  update 439000/500000: consistency_loss=0.0001  pi_loss=-1.9118  reward_loss=0.0173  total_loss=0.0313  value_loss=0.2749
  update 439500/500000: consistency_loss=0.0001  pi_loss=-1.9130  reward_loss=0.0223  total_loss=0.0299  value_loss=0.2601
  update 440000/500000: consistency_loss=0.0001  pi_loss=-1.9160  reward_loss=0.0214  total_loss=0.0309  value_loss=0.2691
  update 440500/500000: consistency_loss=0.0001  pi_loss=-1.9291  reward_loss=0.0183  total_loss=0.0320  value_loss=0.2844
  update 441000/500000: consistency_loss=0.0001  pi_loss=-1.9503  reward_loss=0.0178  total_loss=0.0299  value_loss=0.2658
  update 441500/500000: consistency_loss=0.0001  pi_loss=-1.9539  reward_loss=0.0173  total_loss=0.0293  value_loss=0.2588
  update 442000/500000: consistency_loss=0.0001  pi_loss=-1.9861  reward_loss=0.0272  total_loss=0.0307  value_loss=0.2595
  update 442500/500000: consistency_loss=0.0001  pi_loss=-1.9961  reward_loss=0.0272  total_loss=0.0298  value_loss=0.2555
  update 443000/500000: consistency_loss=0.0001  pi_loss=-2.0013  reward_loss=0.0171  total_loss=0.0295  value_loss=0.2579
  update 443500/500000: consistency_loss=0.0001  pi_loss=-1.9830  reward_loss=0.0245  total_loss=0.0284  value_loss=0.2439
  update 444000/500000: consistency_loss=0.0001  pi_loss=-1.9828  reward_loss=0.0180  total_loss=0.0297  value_loss=0.2616
  update 444500/500000: consistency_loss=0.0001  pi_loss=-1.9751  reward_loss=0.0223  total_loss=0.0306  value_loss=0.2665
  update 445000/500000: consistency_loss=0.0001  pi_loss=-1.9448  reward_loss=0.0194  total_loss=0.0286  value_loss=0.2497
  update 445500/500000: consistency_loss=0.0001  pi_loss=-1.9620  reward_loss=0.0191  total_loss=0.0298  value_loss=0.2635
  update 446000/500000: consistency_loss=0.0001  pi_loss=-1.9186  reward_loss=0.0133  total_loss=0.0292  value_loss=0.2635
  update 446500/500000: consistency_loss=0.0001  pi_loss=-1.9267  reward_loss=0.0223  total_loss=0.0303  value_loss=0.2651
  update 447000/500000: consistency_loss=0.0001  pi_loss=-1.9101  reward_loss=0.0117  total_loss=0.0285  value_loss=0.2571
  update 447500/500000: consistency_loss=0.0001  pi_loss=-1.8848  reward_loss=0.0162  total_loss=0.0302  value_loss=0.2686
  update 448000/500000: consistency_loss=0.0001  pi_loss=-1.9165  reward_loss=0.0206  total_loss=0.0307  value_loss=0.2651
  update 448500/500000: consistency_loss=0.0001  pi_loss=-1.9307  reward_loss=0.0331  total_loss=0.0324  value_loss=0.2759
  update 449000/500000: consistency_loss=0.0001  pi_loss=-1.9164  reward_loss=0.0205  total_loss=0.0295  value_loss=0.2574
  update 449500/500000: consistency_loss=0.0001  pi_loss=-1.9264  reward_loss=0.0158  total_loss=0.0299  value_loss=0.2647
  update 450000/500000: consistency_loss=0.0001  pi_loss=-1.9469  reward_loss=0.0198  total_loss=0.0301  value_loss=0.2654
  update 450500/500000: consistency_loss=0.0001  pi_loss=-1.9372  reward_loss=0.0191  total_loss=0.0291  value_loss=0.2542
  update 451000/500000: consistency_loss=0.0001  pi_loss=-1.9650  reward_loss=0.0319  total_loss=0.0318  value_loss=0.2701
  update 451500/500000: consistency_loss=0.0001  pi_loss=-1.9701  reward_loss=0.0211  total_loss=0.0295  value_loss=0.2590
  update 452000/500000: consistency_loss=0.0001  pi_loss=-1.9932  reward_loss=0.0253  total_loss=0.0305  value_loss=0.2624
  update 452500/500000: consistency_loss=0.0001  pi_loss=-2.0076  reward_loss=0.0322  total_loss=0.0310  value_loss=0.2630
  update 453000/500000: consistency_loss=0.0001  pi_loss=-1.9951  reward_loss=0.0196  total_loss=0.0294  value_loss=0.2591
  update 453500/500000: consistency_loss=0.0001  pi_loss=-1.9972  reward_loss=0.0279  total_loss=0.0293  value_loss=0.2489
  update 454000/500000: consistency_loss=0.0001  pi_loss=-2.0019  reward_loss=0.0312  total_loss=0.0317  value_loss=0.2693
  update 454500/500000: consistency_loss=0.0001  pi_loss=-1.9810  reward_loss=0.0293  total_loss=0.0300  value_loss=0.2547
  update 455000/500000: consistency_loss=0.0001  pi_loss=-1.9909  reward_loss=0.0191  total_loss=0.0293  value_loss=0.2581
  update 455500/500000: consistency_loss=0.0001  pi_loss=-1.9803  reward_loss=0.0171  total_loss=0.0293  value_loss=0.2588
  update 456000/500000: consistency_loss=0.0001  pi_loss=-1.9675  reward_loss=0.0203  total_loss=0.0282  value_loss=0.2464
  update 456500/500000: consistency_loss=0.0001  pi_loss=-2.0025  reward_loss=0.0250  total_loss=0.0302  value_loss=0.2616
  update 457000/500000: consistency_loss=0.0001  pi_loss=-2.0152  reward_loss=0.0207  total_loss=0.0294  value_loss=0.2570
  update 457500/500000: consistency_loss=0.0001  pi_loss=-2.0052  reward_loss=0.0327  total_loss=0.0305  value_loss=0.2505
  update 458000/500000: consistency_loss=0.0001  pi_loss=-2.0395  reward_loss=0.0287  total_loss=0.0311  value_loss=0.2681
  update 458500/500000: consistency_loss=0.0001  pi_loss=-2.0089  reward_loss=0.0202  total_loss=0.0288  value_loss=0.2510
  update 459000/500000: consistency_loss=0.0001  pi_loss=-2.0103  reward_loss=0.0295  total_loss=0.0297  value_loss=0.2482
  update 459500/500000: consistency_loss=0.0001  pi_loss=-2.0071  reward_loss=0.0153  total_loss=0.0277  value_loss=0.2450
  update 460000/500000: consistency_loss=0.0001  pi_loss=-2.0122  reward_loss=0.0211  total_loss=0.0305  value_loss=0.2663
  update 460500/500000: consistency_loss=0.0001  pi_loss=-2.0117  reward_loss=0.0220  total_loss=0.0293  value_loss=0.2540
  update 461000/500000: consistency_loss=0.0001  pi_loss=-2.0319  reward_loss=0.0259  total_loss=0.0294  value_loss=0.2529
  update 461500/500000: consistency_loss=0.0001  pi_loss=-2.0167  reward_loss=0.0268  total_loss=0.0299  value_loss=0.2550
  update 462000/500000: consistency_loss=0.0001  pi_loss=-2.0320  reward_loss=0.0206  total_loss=0.0300  value_loss=0.2606
  update 462500/500000: consistency_loss=0.0001  pi_loss=-2.0365  reward_loss=0.0202  total_loss=0.0306  value_loss=0.2710
  update 463000/500000: consistency_loss=0.0001  pi_loss=-2.0135  reward_loss=0.0227  total_loss=0.0296  value_loss=0.2588
  update 463500/500000: consistency_loss=0.0001  pi_loss=-2.0322  reward_loss=0.0173  total_loss=0.0290  value_loss=0.2552
  update 464000/500000: consistency_loss=0.0001  pi_loss=-2.0467  reward_loss=0.0288  total_loss=0.0288  value_loss=0.2453
  update 464500/500000: consistency_loss=0.0001  pi_loss=-2.0229  reward_loss=0.0200  total_loss=0.0283  value_loss=0.2482
  update 465000/500000: consistency_loss=0.0001  pi_loss=-2.0089  reward_loss=0.0158  total_loss=0.0285  value_loss=0.2546
  update 465500/500000: consistency_loss=0.0001  pi_loss=-2.0372  reward_loss=0.0198  total_loss=0.0291  value_loss=0.2563
  update 466000/500000: consistency_loss=0.0001  pi_loss=-2.0226  reward_loss=0.0158  total_loss=0.0276  value_loss=0.2475
  update 466500/500000: consistency_loss=0.0001  pi_loss=-2.0497  reward_loss=0.0128  total_loss=0.0302  value_loss=0.2734
  update 467000/500000: consistency_loss=0.0001  pi_loss=-2.0639  reward_loss=0.0248  total_loss=0.0309  value_loss=0.2694
  update 467500/500000: consistency_loss=0.0001  pi_loss=-2.0425  reward_loss=0.0248  total_loss=0.0291  value_loss=0.2521
  update 468000/500000: consistency_loss=0.0001  pi_loss=-2.0601  reward_loss=0.0142  total_loss=0.0297  value_loss=0.2691
  update 468500/500000: consistency_loss=0.0001  pi_loss=-2.0519  reward_loss=0.0189  total_loss=0.0280  value_loss=0.2444
  update 469000/500000: consistency_loss=0.0001  pi_loss=-2.0554  reward_loss=0.0202  total_loss=0.0291  value_loss=0.2552
  update 469500/500000: consistency_loss=0.0001  pi_loss=-2.0528  reward_loss=0.0147  total_loss=0.0295  value_loss=0.2643
  update 470000/500000: consistency_loss=0.0001  pi_loss=-2.0426  reward_loss=0.0173  total_loss=0.0295  value_loss=0.2612
  update 470500/500000: consistency_loss=0.0001  pi_loss=-2.0364  reward_loss=0.0223  total_loss=0.0303  value_loss=0.2650
  update 471000/500000: consistency_loss=0.0001  pi_loss=-2.0290  reward_loss=0.0248  total_loss=0.0300  value_loss=0.2602
  update 471500/500000: consistency_loss=0.0001  pi_loss=-2.0137  reward_loss=0.0225  total_loss=0.0294  value_loss=0.2566
  update 472000/500000: consistency_loss=0.0001  pi_loss=-2.0452  reward_loss=0.0243  total_loss=0.0303  value_loss=0.2629
  update 472500/500000: consistency_loss=0.0001  pi_loss=-2.0399  reward_loss=0.0189  total_loss=0.0300  value_loss=0.2668
  update 473000/500000: consistency_loss=0.0001  pi_loss=-2.0623  reward_loss=0.0286  total_loss=0.0293  value_loss=0.2497
  update 473500/500000: consistency_loss=0.0001  pi_loss=-2.0719  reward_loss=0.0252  total_loss=0.0288  value_loss=0.2451
  update 474000/500000: consistency_loss=0.0001  pi_loss=-2.0591  reward_loss=0.0232  total_loss=0.0301  value_loss=0.2599
  update 474500/500000: consistency_loss=0.0001  pi_loss=-2.0479  reward_loss=0.0154  total_loss=0.0294  value_loss=0.2594
  update 475000/500000: consistency_loss=0.0001  pi_loss=-2.0265  reward_loss=0.0191  total_loss=0.0298  value_loss=0.2618
  update 475500/500000: consistency_loss=0.0001  pi_loss=-2.0515  reward_loss=0.0191  total_loss=0.0297  value_loss=0.2617
  update 476000/500000: consistency_loss=0.0001  pi_loss=-2.0467  reward_loss=0.0282  total_loss=0.0310  value_loss=0.2662
  update 476500/500000: consistency_loss=0.0001  pi_loss=-2.0368  reward_loss=0.0220  total_loss=0.0302  value_loss=0.2627
  update 477000/500000: consistency_loss=0.0001  pi_loss=-2.0273  reward_loss=0.0187  total_loss=0.0289  value_loss=0.2549
  update 477500/500000: consistency_loss=0.0001  pi_loss=-2.0408  reward_loss=0.0155  total_loss=0.0301  value_loss=0.2702
  update 478000/500000: consistency_loss=0.0001  pi_loss=-2.0433  reward_loss=0.0322  total_loss=0.0293  value_loss=0.2462
  update 478500/500000: consistency_loss=0.0001  pi_loss=-2.0144  reward_loss=0.0296  total_loss=0.0307  value_loss=0.2582
  update 479000/500000: consistency_loss=0.0001  pi_loss=-1.9917  reward_loss=0.0308  total_loss=0.0306  value_loss=0.2612
  update 479500/500000: consistency_loss=0.0001  pi_loss=-2.0108  reward_loss=0.0227  total_loss=0.0306  value_loss=0.2694
  update 480000/500000: consistency_loss=0.0001  pi_loss=-1.9965  reward_loss=0.0241  total_loss=0.0301  value_loss=0.2621
  update 480500/500000: consistency_loss=0.0001  pi_loss=-1.9923  reward_loss=0.0255  total_loss=0.0303  value_loss=0.2601
  update 481000/500000: consistency_loss=0.0001  pi_loss=-1.9763  reward_loss=0.0192  total_loss=0.0302  value_loss=0.2642
  update 481500/500000: consistency_loss=0.0001  pi_loss=-1.9876  reward_loss=0.0125  total_loss=0.0314  value_loss=0.2861
  update 482000/500000: consistency_loss=0.0001  pi_loss=-1.9811  reward_loss=0.0164  total_loss=0.0287  value_loss=0.2558
  update 482500/500000: consistency_loss=0.0001  pi_loss=-1.9606  reward_loss=0.0162  total_loss=0.0296  value_loss=0.2643
  update 483000/500000: consistency_loss=0.0001  pi_loss=-1.9976  reward_loss=0.0275  total_loss=0.0323  value_loss=0.2763
  update 483500/500000: consistency_loss=0.0001  pi_loss=-1.9890  reward_loss=0.0227  total_loss=0.0323  value_loss=0.2822
  update 484000/500000: consistency_loss=0.0001  pi_loss=-2.0354  reward_loss=0.0384  total_loss=0.0326  value_loss=0.2677
  update 484500/500000: consistency_loss=0.0001  pi_loss=-2.0079  reward_loss=0.0232  total_loss=0.0298  value_loss=0.2566
  update 485000/500000: consistency_loss=0.0001  pi_loss=-2.0138  reward_loss=0.0252  total_loss=0.0305  value_loss=0.2653
  update 485500/500000: consistency_loss=0.0001  pi_loss=-2.0192  reward_loss=0.0209  total_loss=0.0318  value_loss=0.2767
  update 486000/500000: consistency_loss=0.0001  pi_loss=-2.0243  reward_loss=0.0232  total_loss=0.0313  value_loss=0.2747
  update 486500/500000: consistency_loss=0.0001  pi_loss=-1.9843  reward_loss=0.0199  total_loss=0.0298  value_loss=0.2587
  update 487000/500000: consistency_loss=0.0001  pi_loss=-1.9741  reward_loss=0.0133  total_loss=0.0301  value_loss=0.2735
  update 487500/500000: consistency_loss=0.0001  pi_loss=-1.9841  reward_loss=0.0225  total_loss=0.0316  value_loss=0.2786
  update 488000/500000: consistency_loss=0.0001  pi_loss=-1.9721  reward_loss=0.0153  total_loss=0.0307  value_loss=0.2778
  update 488500/500000: consistency_loss=0.0001  pi_loss=-1.9758  reward_loss=0.0216  total_loss=0.0316  value_loss=0.2788
  update 489000/500000: consistency_loss=0.0001  pi_loss=-1.9541  reward_loss=0.0205  total_loss=0.0325  value_loss=0.2861
  update 489500/500000: consistency_loss=0.0001  pi_loss=-1.9505  reward_loss=0.0242  total_loss=0.0325  value_loss=0.2859
  update 490000/500000: consistency_loss=0.0001  pi_loss=-1.9371  reward_loss=0.0226  total_loss=0.0311  value_loss=0.2719
  update 490500/500000: consistency_loss=0.0001  pi_loss=-1.9045  reward_loss=0.0160  total_loss=0.0296  value_loss=0.2670
  update 491000/500000: consistency_loss=0.0001  pi_loss=-1.9121  reward_loss=0.0074  total_loss=0.0299  value_loss=0.2721
  update 491500/500000: consistency_loss=0.0001  pi_loss=-1.9234  reward_loss=0.0133  total_loss=0.0299  value_loss=0.2705
  update 492000/500000: consistency_loss=0.0001  pi_loss=-1.9232  reward_loss=0.0229  total_loss=0.0320  value_loss=0.2804
  update 492500/500000: consistency_loss=0.0001  pi_loss=-1.9229  reward_loss=0.0270  total_loss=0.0334  value_loss=0.2915
  update 493000/500000: consistency_loss=0.0001  pi_loss=-1.8684  reward_loss=0.0193  total_loss=0.0322  value_loss=0.2866
  update 493500/500000: consistency_loss=0.0001  pi_loss=-1.8491  reward_loss=0.0180  total_loss=0.0317  value_loss=0.2825
  update 494000/500000: consistency_loss=0.0001  pi_loss=-1.8451  reward_loss=0.0160  total_loss=0.0318  value_loss=0.2858
  update 494500/500000: consistency_loss=0.0001  pi_loss=-1.8492  reward_loss=0.0151  total_loss=0.0310  value_loss=0.2771
  update 495000/500000: consistency_loss=0.0001  pi_loss=-1.8402  reward_loss=0.0234  total_loss=0.0316  value_loss=0.2758
  update 495500/500000: consistency_loss=0.0001  pi_loss=-1.8458  reward_loss=0.0250  total_loss=0.0313  value_loss=0.2742
  update 496000/500000: consistency_loss=0.0001  pi_loss=-1.8459  reward_loss=0.0200  total_loss=0.0325  value_loss=0.2897
  update 496500/500000: consistency_loss=0.0001  pi_loss=-1.8681  reward_loss=0.0243  total_loss=0.0312  value_loss=0.2672
  update 497000/500000: consistency_loss=0.0001  pi_loss=-1.8626  reward_loss=0.0207  total_loss=0.0323  value_loss=0.2845
  update 497500/500000: consistency_loss=0.0001  pi_loss=-1.8335  reward_loss=0.0223  total_loss=0.0322  value_loss=0.2842
  update 498000/500000: consistency_loss=0.0001  pi_loss=-1.8383  reward_loss=0.0164  total_loss=0.0316  value_loss=0.2843
  update 498500/500000: consistency_loss=0.0001  pi_loss=-1.8424  reward_loss=0.0320  total_loss=0.0324  value_loss=0.2772
  update 499000/500000: consistency_loss=0.0001  pi_loss=-1.8510  reward_loss=0.0241  total_loss=0.0311  value_loss=0.2729
  update 499500/500000: consistency_loss=0.0001  pi_loss=-1.8477  reward_loss=0.0187  total_loss=0.0318  value_loss=0.2849
  update 500000/500000: consistency_loss=0.0001  pi_loss=-1.8482  reward_loss=0.0152  total_loss=0.0319  value_loss=0.2854
DONE: 500000 updates -> /workspace/dreamerv3_runs/tm2wm_finger_awareq1s0_seed15/tm2_ckpt.pt
[Sun Jul 19 20:45:01 UTC 2026] adapt RUN_ID=adapt_tm2awareq1s0_finger_seed15_ckpt500000 TASK=dmc_finger_turn_hard STEPS=125000 SEED=15
/workspace/conda_envs/tdmpc2/lib/python3.11/site-packages/tensordict/_td.py:612: FutureWarning: TensorDict.to_module() is replacing an existing nn.Parameter in the destination module with a tensor leaf that is not an nn.Parameter. This historical behavior can remove the key from module.state_dict(). In tensordict v0.14, to_module() will preserve existing module parameter and buffer registrations by default. Pass preserve_module_state=False to keep the current replacement behavior, or preserve_module_state=True to opt in to the v0.14 behavior now.
  local_out = _set_tensor_dict(
Episode length: 1000
Discount factor: 0.995
Loaded + froze 20 tensors (928,512 params) from /workspace/dreamerv3_runs/tm2wm_finger_awareq1s0_seed15/tm2_ckpt.pt
Architecture: TD-MPC2 World Model
Encoder: ModuleDict(
  (state): Sequential(
    (0): NormedLinear(in_features=12, out_features=256, bias=True, act=Mish)
    (1): NormedLinear(in_features=256, out_features=512, bias=True, act=SimNorm)
  )
)
Dynamics: Sequential(
  (0): NormedLinear(in_features=514, out_features=512, bias=True, act=Mish)
  (1): NormedLinear(in_features=512, out_features=512, bias=True, act=Mish)
  (2): NormedLinear(in_features=512, out_features=512, bias=True, act=SimNorm)
)
Reward: Sequential(
  (0): NormedLinear(in_features=514, out_features=512, bias=True, act=Mish)
  (1): NormedLinear(in_features=512, out_features=512, bias=True, act=Mish)
  (2): Linear(in_features=512, out_features=101, bias=True)
)
Policy prior: Sequential(
  (0): NormedLinear(in_features=512, out_features=512, bias=True, act=Mish)
  (1): NormedLinear(in_features=512, out_features=512, bias=True, act=Mish)
  (2): Linear(in_features=512, out_features=4, bias=True)
)
Q-functions: Vectorized 5x Sequential(
  (0): NormedLinear(in_features=514, out_features=512, bias=True, dropout=0.01, act=Mish)
  (1): NormedLinear(in_features=512, out_features=512, bias=True, act=Mish)
  (2): Linear(in_features=512, out_features=101, bias=True)
)
Learnable parameters: 4,010,594
[eval] {'eval/episode_reward': 122.75, 'eval/episode_success': 0.0, 'eval/episode_length': 1000.0, 'eval/step': 0.0, 'eval/episode': 0.0, 'eval/elapsed_time': 423.4008409976959, 'eval/steps_per_second': 0.0}
Buffer capacity: 125,000
Storage required: 0.01 GB
Using CUDA:0 memory for storage.
[92m2026-07-19 20:52:09,289 [torchrl][INFO][0m    Initialized LazyTensorStorage with torch.Size([125000]) shape[92m [END][0m
Pretraining agent on seed data...
/workspace/conda_envs/tdmpc2/lib/python3.11/site-packages/torch/jit/_script.py:365: DeprecationWarning: `torch.jit.script_method` is deprecated. Please switch to `torch.compile` or `torch.export`.
  warnings.warn(
/workspace/conda_envs/tdmpc2/lib/python3.11/site-packages/torch/jit/_script.py:365: DeprecationWarning: `torch.jit.script_method` is deprecated. Please switch to `torch.compile` or `torch.export`.
  warnings.warn(
/workspace/conda_envs/tdmpc2/lib/python3.11/site-packages/torch/jit/_script.py:365: DeprecationWarning: `torch.jit.script_method` is deprecated. Please switch to `torch.compile` or `torch.export`.
  warnings.warn(
/workspace/conda_envs/tdmpc2/lib/python3.11/site-packages/torch/jit/_script.py:365: DeprecationWarning: `torch.jit.script_method` is deprecated. Please switch to `torch.compile` or `torch.export`.
  warnings.warn(
/workspace/conda_envs/tdmpc2/lib/python3.11/site-packages/torch/jit/_script.py:365: DeprecationWarning: `torch.jit.script_method` is deprecated. Please switch to `torch.compile` or `torch.export`.
  warnings.warn(
/workspace/conda_envs/tdmpc2/lib/python3.11/site-packages/torch/jit/_script.py:365: DeprecationWarning: `torch.jit.script_method` is deprecated. Please switch to `torch.compile` or `torch.export`.
  warnings.warn(
/workspace/conda_envs/tdmpc2/lib/python3.11/site-packages/torch/jit/_script.py:365: DeprecationWarning: `torch.jit.script_method` is deprecated. Please switch to `torch.compile` or `torch.export`.
  warnings.warn(
/workspace/conda_envs/tdmpc2/lib/python3.11/site-packages/torch/jit/_script.py:365: DeprecationWarning: `torch.jit.script_method` is deprecated. Please switch to `torch.compile` or `torch.export`.
  warnings.warn(
/workspace/conda_envs/tdmpc2/lib/python3.11/site-packages/torch/jit/_script.py:365: DeprecationWarning: `torch.jit.script_method` is deprecated. Please switch to `torch.compile` or `torch.export`.
  warnings.warn(
/workspace/conda_envs/tdmpc2/lib/python3.11/site-packages/torch/jit/_script.py:365: DeprecationWarning: `torch.jit.script_method` is deprecated. Please switch to `torch.compile` or `torch.export`.
  warnings.warn(
/workspace/conda_envs/tdmpc2/lib/python3.11/site-packages/torch/jit/_script.py:365: DeprecationWarning: `torch.jit.script_method` is deprecated. Please switch to `torch.compile` or `torch.export`.
  warnings.warn(
/workspace/conda_envs/tdmpc2/lib/python3.11/site-packages/torch/jit/_script.py:365: DeprecationWarning: `torch.jit.script_method` is deprecated. Please switch to `torch.compile` or `torch.export`.
  warnings.warn(
/workspace/conda_envs/tdmpc2/lib/python3.11/site-packages/torch/jit/_script.py:365: DeprecationWarning: `torch.jit.script_method` is deprecated. Please switch to `torch.compile` or `torch.export`.
  warnings.warn(
/workspace/conda_envs/tdmpc2/lib/python3.11/site-packages/torch/jit/_script.py:365: DeprecationWarning: `torch.jit.script_method` is deprecated. Please switch to `torch.compile` or `torch.export`.
  warnings.warn(
[eval] {'eval/episode_reward': 186.6875, 'eval/episode_success': 0.0, 'eval/episode_length': 1000.0, 'eval/step': 16000.0, 'eval/episode': 15.0, 'eval/elapsed_time': 1649.8435621261597, 'eval/steps_per_second': 9.697889161915896}
