run_id,phase,task,expl_mode,seed,steps,ckpt_policy,logdir,status,su,notes,axis,paired_seed_set
pilot_p2e_cup_seed1,pilot,dmc_cup_catch,expl_p2e,1,1e5,replay_kept,/scratch/midway3/rickybao/dreamerv3_runs/pilot_p2e_cup_seed1,RUNNING,,,d0,
pilot_apt_cup_seed1,pilot,dmc_cup_catch,expl_apt,1,1e5,replay_kept,/scratch/midway3/rickybao/dreamerv3_runs/pilot_apt_cup_seed1,RUNNING,,,d0,
pilot_random_cup_seed1,pilot,dmc_cup_catch,expl_random,1,1e5,replay_kept,/scratch/midway3/rickybao/dreamerv3_runs/pilot_random_cup_seed1,RUNNING,,,d0,
pilot_goal_cup_seed1,pilot,dmc_cup_catch,goal,1,1e5,replay_kept,/scratch/midway3/rickybao/dreamerv3_runs/pilot_goal_cup_seed1,RUNNING,,,d0,
pilot_p2e_finger_seed1,pilot,dmc_finger_turn_hard,expl_p2e,1,1e5,replay_kept,/scratch/midway3/rickybao/dreamerv3_runs/pilot_p2e_finger_seed1,RUNNING,,,d0,
pilot_apt_finger_seed1,pilot,dmc_finger_turn_hard,expl_apt,1,1e5,replay_kept,/scratch/midway3/rickybao/dreamerv3_runs/pilot_apt_finger_seed1,RUNNING,,,d0,
pilot_goal_finger_seed1,pilot,dmc_finger_turn_hard,goal,1,1e5,replay_kept,/scratch/midway3/rickybao/dreamerv3_runs/pilot_goal_finger_seed1,RUNNING,,,d0,
pilot_random_finger_seed1,pilot,dmc_finger_turn_hard,expl_random,1,1e5,replay_kept,/scratch/midway3/rickybao/dreamerv3_runs/pilot_random_finger_seed1,RUNNING,,,d0,
pilot_p2e_reacher_seed1,pilot,dmc_reacher_hard,expl_p2e,1,1e5,replay_kept,/scratch/midway3/rickybao/dreamerv3_runs/pilot_p2e_reacher_seed1,RUNNING,,,d0,
pilot_apt_reacher_seed1,pilot,dmc_reacher_hard,expl_apt,1,1e5,replay_kept,/scratch/midway3/rickybao/dreamerv3_runs/pilot_apt_reacher_seed1,RUNNING,,,d0,
pilot_random_reacher_seed1,pilot,dmc_reacher_hard,expl_random,1,1e5,replay_kept,/scratch/midway3/rickybao/dreamerv3_runs/pilot_random_reacher_seed1,RUNNING,,,d0,
pilot_goal_reacher_seed1,pilot,dmc_reacher_hard,goal,1,1e5,replay_kept,/scratch/midway3/rickybao/dreamerv3_runs/pilot_goal_reacher_seed1,RUNNING,,,d0,
pretrain_p2e_walker_seed1,pretrain,dmc_walker_walk,expl_p2e,1,5e5,retained,/scratch/midway3/rickybao/dreamerv3_runs/pretrain_p2e_walker_seed1,DONE,,,,
pretrain_p2e_walker_seed2,pretrain,dmc_walker_walk,expl_p2e,2,5e5,retained,/scratch/midway3/rickybao/dreamerv3_runs/pretrain_p2e_walker_seed2,DONE,,,,
pretrain_p2e_walker_seed3,pretrain,dmc_walker_walk,expl_p2e,3,5e5,retained,/scratch/midway3/rickybao/dreamerv3_runs/pretrain_p2e_walker_seed3,DONE,,,,
pretrain_p2e_walker_seed4,pretrain,dmc_walker_walk,expl_p2e,4,5e5,retained,/scratch/midway3/rickybao/dreamerv3_runs/pretrain_p2e_walker_seed4,DONE,,,,
pretrain_p2e_walker_seed5,pretrain,dmc_walker_walk,expl_p2e,5,5e5,retained,/scratch/midway3/rickybao/dreamerv3_runs/pretrain_p2e_walker_seed5,DONE,,,,
pretrain_apt_walker_seed1,pretrain,dmc_walker_walk,expl_apt,1,5e5,retained,/scratch/midway3/rickybao/dreamerv3_runs/pretrain_apt_walker_seed1,DONE,,,,
pretrain_apt_walker_seed3,pretrain,dmc_walker_walk,expl_apt,3,5e5,retained,/scratch/midway3/rickybao/dreamerv3_runs/pretrain_apt_walker_seed3,DONE,,,,
pretrain_apt_walker_seed2,pretrain,dmc_walker_walk,expl_apt,2,5e5,retained,/scratch/midway3/rickybao/dreamerv3_runs/pretrain_apt_walker_seed2,DONE,,,,
pretrain_apt_walker_seed4,pretrain,dmc_walker_walk,expl_apt,4,5e5,retained,/scratch/midway3/rickybao/dreamerv3_runs/pretrain_apt_walker_seed4,DONE,,,,
pretrain_apt_walker_seed5,pretrain,dmc_walker_walk,expl_apt,5,5e5,retained,/scratch/midway3/rickybao/dreamerv3_runs/pretrain_apt_walker_seed5,DONE,,,,
pretrain_random_walker_seed1,pretrain,dmc_walker_walk,expl_random,1,5e5,retained,/scratch/midway3/rickybao/dreamerv3_runs/pretrain_random_walker_seed1,DONE,,,,
pretrain_random_walker_seed2,pretrain,dmc_walker_walk,expl_random,2,5e5,retained,/scratch/midway3/rickybao/dreamerv3_runs/pretrain_random_walker_seed2,DONE,,,,
pretrain_random_walker_seed5,pretrain,dmc_walker_walk,expl_random,5,5e5,retained,/scratch/midway3/rickybao/dreamerv3_runs/pretrain_random_walker_seed5,DONE,,,,
pretrain_p2e_cup_seed3,pretrain,dmc_cup_catch,expl_p2e,3,5e5,retained,/scratch/midway3/rickybao/dreamerv3_runs/pretrain_p2e_cup_seed3,DONE,,,,
pretrain_apt_cup_seed1,pretrain,dmc_cup_catch,expl_apt,1,5e5,retained,/scratch/midway3/rickybao/dreamerv3_runs/pretrain_apt_cup_seed1,DONE,,,,
pretrain_apt_cup_seed4,pretrain,dmc_cup_catch,expl_apt,4,5e5,retained,/scratch/midway3/rickybao/dreamerv3_runs/pretrain_apt_cup_seed4,DONE,,,,
pretrain_random_cup_seed2,pretrain,dmc_cup_catch,expl_random,2,5e5,retained,/scratch/midway3/rickybao/dreamerv3_runs/pretrain_random_cup_seed2,DONE,,,,
pretrain_p2e_cup_seed1,pretrain,dmc_cup_catch,expl_p2e,1,5e5,retained,/scratch/midway3/rickybao/dreamerv3_runs/pretrain_p2e_cup_seed1,DONE,,,,
pretrain_random_cup_seed5,pretrain,dmc_cup_catch,expl_random,5,5e5,retained,/scratch/midway3/rickybao/dreamerv3_runs/pretrain_random_cup_seed5,DONE,,,,
pretrain_random_cup_seed3,pretrain,dmc_cup_catch,expl_random,3,5e5,retained,/scratch/midway3/rickybao/dreamerv3_runs/pretrain_random_cup_seed3,DONE,,,,
pretrain_p2e_cup_seed4,pretrain,dmc_cup_catch,expl_p2e,4,5e5,retained,/scratch/midway3/rickybao/dreamerv3_runs/pretrain_p2e_cup_seed4,DONE,,,,
pretrain_p2e_finger_seed1,pretrain,dmc_finger_turn_hard,expl_p2e,1,5e5,retained,/scratch/midway3/rickybao/dreamerv3_runs/pretrain_p2e_finger_seed1,DONE,,,,
pretrain_random_cup_seed4,pretrain,dmc_cup_catch,expl_random,4,5e5,retained,/scratch/midway3/rickybao/dreamerv3_runs/pretrain_random_cup_seed4,DONE,,,,
pretrain_p2e_cup_seed2,pretrain,dmc_cup_catch,expl_p2e,2,5e5,retained,/scratch/midway3/rickybao/dreamerv3_runs/pretrain_p2e_cup_seed2,DONE,,,,
pretrain_p2e_cup_seed5,pretrain,dmc_cup_catch,expl_p2e,5,5e5,retained,/scratch/midway3/rickybao/dreamerv3_runs/pretrain_p2e_cup_seed5,DONE,,,,
pretrain_p2e_finger_seed2,pretrain,dmc_finger_turn_hard,expl_p2e,2,5e5,retained,/scratch/midway3/rickybao/dreamerv3_runs/pretrain_p2e_finger_seed2,DONE,,,,
pretrain_p2e_finger_seed3,pretrain,dmc_finger_turn_hard,expl_p2e,3,5e5,retained,/scratch/midway3/rickybao/dreamerv3_runs/pretrain_p2e_finger_seed3,DONE,,,,
pretrain_apt_cup_seed2,pretrain,dmc_cup_catch,expl_apt,2,5e5,retained,/scratch/midway3/rickybao/dreamerv3_runs/pretrain_apt_cup_seed2,DONE,,,,
pretrain_random_walker_seed3,pretrain,dmc_walker_walk,expl_random,3,5e5,retained,/scratch/midway3/rickybao/dreamerv3_runs/pretrain_random_walker_seed3,DONE,,,,
pretrain_apt_cup_seed5,pretrain,dmc_cup_catch,expl_apt,5,5e5,retained,/scratch/midway3/rickybao/dreamerv3_runs/pretrain_apt_cup_seed5,DONE,,,,
pretrain_random_walker_seed4,pretrain,dmc_walker_walk,expl_random,4,5e5,retained,/scratch/midway3/rickybao/dreamerv3_runs/pretrain_random_walker_seed4,DONE,,,,
pretrain_p2e_finger_seed4,pretrain,dmc_finger_turn_hard,expl_p2e,4,5e5,retained,/scratch/midway3/rickybao/dreamerv3_runs/pretrain_p2e_finger_seed4,DONE,,,,
pretrain_apt_finger_seed5,pretrain,dmc_finger_turn_hard,expl_apt,5,5e5,retained,/scratch/midway3/rickybao/dreamerv3_runs/pretrain_apt_finger_seed5,DONE,,,,
pretrain_apt_walker_seed4,pretrain,dmc_walker_walk,expl_apt,4,5e5,retained,/scratch/midway3/rickybao/dreamerv3_runs/pretrain_apt_walker_seed4,DONE,,,,
pretrain_p2e_walker_seed5,pretrain,dmc_walker_walk,expl_p2e,5,5e5,retained,/scratch/midway3/rickybao/dreamerv3_runs/pretrain_p2e_walker_seed5,DONE,,,,
pretrain_random_finger_seed3,pretrain,dmc_finger_turn_hard,expl_random,3,5e5,retained,/scratch/midway3/rickybao/dreamerv3_runs/pretrain_random_finger_seed3,DONE,,,,
pretrain_apt_walker_seed2,pretrain,dmc_walker_walk,expl_apt,2,5e5,retained,/scratch/midway3/rickybao/dreamerv3_runs/pretrain_apt_walker_seed2,DONE,,,,
pretrain_apt_walker_seed1,pretrain,dmc_walker_walk,expl_apt,1,5e5,retained,/scratch/midway3/rickybao/dreamerv3_runs/pretrain_apt_walker_seed1,DONE,,,,
pretrain_apt_finger_seed1,pretrain,dmc_finger_turn_hard,expl_apt,1,5e5,retained,/scratch/midway3/rickybao/dreamerv3_runs/pretrain_apt_finger_seed1,DONE,,,,
pretrain_apt_finger_seed2,pretrain,dmc_finger_turn_hard,expl_apt,2,5e5,retained,/scratch/midway3/rickybao/dreamerv3_runs/pretrain_apt_finger_seed2,DONE,,,,
pretrain_apt_finger_seed4,pretrain,dmc_finger_turn_hard,expl_apt,4,5e5,retained,/scratch/midway3/rickybao/dreamerv3_runs/pretrain_apt_finger_seed4,DONE,,,,
pretrain_random_finger_seed4,pretrain,dmc_finger_turn_hard,expl_random,4,5e5,retained,/scratch/midway3/rickybao/dreamerv3_runs/pretrain_random_finger_seed4,DONE,,,,
pretrain_p2e_finger_seed5,pretrain,dmc_finger_turn_hard,expl_p2e,5,5e5,retained,/scratch/midway3/rickybao/dreamerv3_runs/pretrain_p2e_finger_seed5,DONE,,,,
pretrain_random_finger_seed5,pretrain,dmc_finger_turn_hard,expl_random,5,5e5,retained,/scratch/midway3/rickybao/dreamerv3_runs/pretrain_random_finger_seed5,DONE,,,,
pretrain_apt_walker_seed5,pretrain,dmc_walker_walk,expl_apt,5,5e5,retained,/scratch/midway3/rickybao/dreamerv3_runs/pretrain_apt_walker_seed5,DONE,,,,
pretrain_apt_walker_seed3,pretrain,dmc_walker_walk,expl_apt,3,5e5,retained,/scratch/midway3/rickybao/dreamerv3_runs/pretrain_apt_walker_seed3,DONE,,,,
pretrain_apt_cup_seed2,pretrain,dmc_cup_catch,expl_apt,2,5e5,retained,/scratch/midway3/rickybao/dreamerv3_runs/pretrain_apt_cup_seed2,DONE,,,,
pretrain_random_cup_seed1,pretrain,dmc_cup_catch,expl_random,1,5e5,retained,/scratch/midway3/rickybao/dreamerv3_runs/pretrain_random_cup_seed1,DONE,,,,
pretrain_apt_cup_seed3,pretrain,dmc_cup_catch,expl_apt,3,5e5,retained,/scratch/midway3/rickybao/dreamerv3_runs/pretrain_apt_cup_seed3,DONE,,,,
pretrain_apt_cup_seed5,pretrain,dmc_cup_catch,expl_apt,5,5e5,retained,/scratch/midway3/rickybao/dreamerv3_runs/pretrain_apt_cup_seed5,DONE,,,,
pretrain_random_finger_seed1,pretrain,dmc_finger_turn_hard,expl_random,1,5e5,retained,/scratch/midway3/rickybao/dreamerv3_runs/pretrain_random_finger_seed1,DONE,,,,
pretrain_apt_finger_seed3,pretrain,dmc_finger_turn_hard,expl_apt,3,5e5,retained,/scratch/midway3/rickybao/dreamerv3_runs/pretrain_apt_finger_seed3,DONE,,,,
pretrain_apt_finger_seed2,pretrain,dmc_finger_turn_hard,expl_apt,2,5e5,retained,/scratch/midway3/rickybao/dreamerv3_runs/pretrain_apt_finger_seed2,DONE,,,,
pretrain_random_finger_seed2,pretrain,dmc_finger_turn,expl_random,2,5e5,retained,/scratch/midway3/rickybao/dreamerv3_runs/pretrain_random_finger_seed2,FAILED,,,,
pretrain_random_finger_seed2,pretrain,dmc_finger_turn,expl_random,2,5e5,retained,/scratch/midway3/rickybao/dreamerv3_runs/pretrain_random_finger_seed2,FAILED,,,,
pretrain_random_finger_seed2,pretrain,dmc_finger_turn_hard,expl_random,2,5e5,retained,/scratch/midway3/rickybao/dreamerv3_runs/pretrain_random_finger_seed2,DONE,,,,
adapt_apt_cup_seed1_ckpt50000,adapt,dmc_cup_catch,frozen_readout,1,1.25e5,/scratch/midway3/rickybao/dreamerv3_runs/pretrain_apt_cup_seed1/ckpt_snapshots/step000000049952,/scratch/midway3/rickybao/dreamerv3_runs/adapt_apt_cup_seed1_ckpt50000,DONE,,,,
adapt_apt_cup_seed1_ckpt300000,adapt,dmc_cup_catch,frozen_readout,1,1.25e5,/scratch/midway3/rickybao/dreamerv3_runs/pretrain_apt_cup_seed1/ckpt_snapshots/step000000299904,/scratch/midway3/rickybao/dreamerv3_runs/adapt_apt_cup_seed1_ckpt300000,DONE,,,,
adapt_apt_cup_seed1_ckpt100000,adapt,dmc_cup_catch,frozen_readout,1,1.25e5,/scratch/midway3/rickybao/dreamerv3_runs/pretrain_apt_cup_seed1/ckpt_snapshots/step000000099600,/scratch/midway3/rickybao/dreamerv3_runs/adapt_apt_cup_seed1_ckpt100000,DONE,,,,
adapt_apt_cup_seed2_ckpt50000,adapt,dmc_cup_catch,frozen_readout,2,1.25e5,/scratch/midway3/rickybao/dreamerv3_runs/pretrain_apt_cup_seed2/ckpt_snapshots/step000000050080,/scratch/midway3/rickybao/dreamerv3_runs/adapt_apt_cup_seed2_ckpt50000,RUNNING,,,,
adapt_apt_cup_seed1_ckpt100000,adapt,dmc_cup_catch,frozen_readout,1,1.25e5,/scratch/midway3/rickybao/dreamerv3_runs/pretrain_apt_cup_seed1/ckpt_snapshots/step000000099600,/scratch/midway3/rickybao/dreamerv3_runs/adapt_apt_cup_seed1_ckpt100000,DONE,,,,
adapt_apt_cup_seed2_ckpt100000,adapt,dmc_cup_catch,frozen_readout,2,1.25e5,/scratch/midway3/rickybao/dreamerv3_runs/pretrain_apt_cup_seed2/ckpt_snapshots/step000000099968,/scratch/midway3/rickybao/dreamerv3_runs/adapt_apt_cup_seed2_ckpt100000,DONE,,,,
adapt_apt_cup_seed3_ckpt100000,adapt,dmc_cup_catch,frozen_readout,3,1.25e5,/scratch/midway3/rickybao/dreamerv3_runs/pretrain_apt_cup_seed3/ckpt_snapshots/step000000099072,/scratch/midway3/rickybao/dreamerv3_runs/adapt_apt_cup_seed3_ckpt100000,DONE,,,,
adapt_apt_cup_seed4_ckpt100000,adapt,dmc_cup_catch,frozen_readout,4,1.25e5,/scratch/midway3/rickybao/dreamerv3_runs/pretrain_apt_cup_seed4/ckpt_snapshots/step000000100320,/scratch/midway3/rickybao/dreamerv3_runs/adapt_apt_cup_seed4_ckpt100000,DONE,,,,
adapt_apt_cup_seed1_ckpt200000,adapt,dmc_cup_catch,frozen_readout,1,1.25e5,/scratch/midway3/rickybao/dreamerv3_runs/pretrain_apt_cup_seed1/ckpt_snapshots/step000000200608,/scratch/midway3/rickybao/dreamerv3_runs/adapt_apt_cup_seed1_ckpt200000,DONE,,,,
adapt_apt_cup_seed3_ckpt200000,adapt,dmc_cup_catch,frozen_readout,3,1.25e5,/scratch/midway3/rickybao/dreamerv3_runs/pretrain_apt_cup_seed3/ckpt_snapshots/step000000200896,/scratch/midway3/rickybao/dreamerv3_runs/adapt_apt_cup_seed3_ckpt200000,DONE,,,,
adapt_apt_cup_seed2_ckpt200000,adapt,dmc_cup_catch,frozen_readout,2,1.25e5,/scratch/midway3/rickybao/dreamerv3_runs/pretrain_apt_cup_seed2/ckpt_snapshots/step000000200976,/scratch/midway3/rickybao/dreamerv3_runs/adapt_apt_cup_seed2_ckpt200000,DONE,,,,
adapt_apt_cup_seed4_ckpt200000,adapt,dmc_cup_catch,frozen_readout,4,1.25e5,/scratch/midway3/rickybao/dreamerv3_runs/pretrain_apt_cup_seed4/ckpt_snapshots/step000000200160,/scratch/midway3/rickybao/dreamerv3_runs/adapt_apt_cup_seed4_ckpt200000,DONE,,,,
adapt_apt_cup_seed1_ckpt300000,adapt,dmc_cup_catch,frozen_readout,1,1.25e5,/scratch/midway3/rickybao/dreamerv3_runs/pretrain_apt_cup_seed1/ckpt_snapshots/step000000299904,/scratch/midway3/rickybao/dreamerv3_runs/adapt_apt_cup_seed1_ckpt300000,DONE,,,,
adapt_apt_finger_seed1_ckpt100000,adapt,dmc_finger_turn_hard,frozen_readout,1,1.25e5,/scratch/midway3/rickybao/dreamerv3_runs/pretrain_apt_finger_seed1/ckpt_snapshots/step000000099072,/scratch/midway3/rickybao/dreamerv3_runs/adapt_apt_finger_seed1_ckpt100000,DONE,,,,
adapt_apt_cup_seed3_ckpt300000,adapt,dmc_cup_catch,frozen_readout,3,1.25e5,/scratch/midway3/rickybao/dreamerv3_runs/pretrain_apt_cup_seed3/ckpt_snapshots/step000000300352,/scratch/midway3/rickybao/dreamerv3_runs/adapt_apt_cup_seed3_ckpt300000,DONE,,,,
adapt_apt_cup_seed2_ckpt300000,adapt,dmc_cup_catch,frozen_readout,2,1.25e5,/scratch/midway3/rickybao/dreamerv3_runs/pretrain_apt_cup_seed2/ckpt_snapshots/step000000300432,/scratch/midway3/rickybao/dreamerv3_runs/adapt_apt_cup_seed2_ckpt300000,DONE,,,,
adapt_apt_finger_seed5_ckpt100000,adapt,dmc_finger_turn_hard,frozen_readout,5,1.25e5,/scratch/midway3/rickybao/dreamerv3_runs/pretrain_apt_finger_seed5/ckpt_snapshots/step000000100320,/scratch/midway3/rickybao/dreamerv3_runs/adapt_apt_finger_seed5_ckpt100000,DONE,,,,
adapt_apt_finger_seed2_ckpt100000,adapt,dmc_finger_turn_hard,frozen_readout,2,1.25e5,/scratch/midway3/rickybao/dreamerv3_runs/pretrain_apt_finger_seed2/ckpt_snapshots/step000000100672,/scratch/midway3/rickybao/dreamerv3_runs/adapt_apt_finger_seed2_ckpt100000,DONE,,,,
adapt_apt_finger_seed4_ckpt100000,adapt,dmc_finger_turn_hard,frozen_readout,4,1.25e5,/scratch/midway3/rickybao/dreamerv3_runs/pretrain_apt_finger_seed4/ckpt_snapshots/step000000101024,/scratch/midway3/rickybao/dreamerv3_runs/adapt_apt_finger_seed4_ckpt100000,DONE,,,,
pretrain_random_finger_seed2,pretrain,dmc_finger_turn_hard,expl_random,2,5e5,retained,/scratch/midway3/rickybao/dreamerv3_runs/pretrain_random_finger_seed2,DONE,,,,
adapt_apt_finger_seed1_ckpt100000,adapt,dmc_finger_turn_hard,frozen_readout,1,1.25e5,/scratch/midway3/rickybao/dreamerv3_runs/pretrain_apt_finger_seed1/ckpt_snapshots/step000000099072,/scratch/midway3/rickybao/dreamerv3_runs/adapt_apt_finger_seed1_ckpt100000,DONE,,,,
adapt_apt_cup_seed4_ckpt300000,adapt,dmc_cup_catch,frozen_readout,4,1.25e5,/scratch/midway3/rickybao/dreamerv3_runs/pretrain_apt_cup_seed4/ckpt_snapshots/step000000300016,/scratch/midway3/rickybao/dreamerv3_runs/adapt_apt_cup_seed4_ckpt300000,DONE,,,,
adapt_p2e_finger_seed2_ckpt100000,adapt,dmc_finger_turn_hard,frozen_readout,2,1.25e5,/scratch/midway3/rickybao/dreamerv3_runs/pretrain_p2e_finger_seed2/ckpt_snapshots/step000000100464,/scratch/midway3/rickybao/dreamerv3_runs/adapt_p2e_finger_seed2_ckpt100000,DONE,,,,
adapt_apt_walker_seed2_ckpt100000,adapt,dmc_walker_walk,frozen_readout,2,1.25e5,/scratch/midway3/rickybao/dreamerv3_runs/pretrain_apt_walker_seed2/ckpt_snapshots/step000000099632,/scratch/midway3/rickybao/dreamerv3_runs/adapt_apt_walker_seed2_ckpt100000,DONE,,,,
adapt_p2e_cup_seed2_ckpt100000,adapt,dmc_cup_catch,frozen_readout,2,1.25e5,/scratch/midway3/rickybao/dreamerv3_runs/pretrain_p2e_cup_seed2/ckpt_snapshots/step000000100736,/scratch/midway3/rickybao/dreamerv3_runs/adapt_p2e_cup_seed2_ckpt100000,DONE,,,,
adapt_apt_cup_seed1_ckpt400000,adapt,dmc_cup_catch,frozen_readout,1,1.25e5,/scratch/midway3/rickybao/dreamerv3_runs/pretrain_apt_cup_seed1/ckpt_snapshots/step000000399200,/scratch/midway3/rickybao/dreamerv3_runs/adapt_apt_cup_seed1_ckpt400000,DONE,,,,
adapt_apt_cup_seed3_ckpt400000,adapt,dmc_cup_catch,frozen_readout,3,1.25e5,/scratch/midway3/rickybao/dreamerv3_runs/pretrain_apt_cup_seed3/ckpt_snapshots/step000000399808,/scratch/midway3/rickybao/dreamerv3_runs/adapt_apt_cup_seed3_ckpt400000,DONE,,,,
adapt_apt_cup_seed2_ckpt400000,adapt,dmc_cup_catch,frozen_readout,2,1.25e5,/scratch/midway3/rickybao/dreamerv3_runs/pretrain_apt_cup_seed2/ckpt_snapshots/step000000399888,/scratch/midway3/rickybao/dreamerv3_runs/adapt_apt_cup_seed2_ckpt400000,DONE,,,,
adapt_p2e_walker_seed2_ckpt100000,adapt,dmc_walker_walk,frozen_readout,2,1.25e5,/scratch/midway3/rickybao/dreamerv3_runs/pretrain_p2e_walker_seed2/ckpt_snapshots/step000000100672,/scratch/midway3/rickybao/dreamerv3_runs/adapt_p2e_walker_seed2_ckpt100000,DONE,,,,
adapt_apt_finger_seed1_ckpt200000,adapt,dmc_finger_turn_hard,frozen_readout,1,1.25e5,/scratch/midway3/rickybao/dreamerv3_runs/pretrain_apt_finger_seed1/ckpt_snapshots/step000000200896,/scratch/midway3/rickybao/dreamerv3_runs/adapt_apt_finger_seed1_ckpt200000,DONE,,,,
adapt_p2e_finger_seed2_ckpt200000,adapt,dmc_finger_turn_hard,frozen_readout,2,1.25e5,/scratch/midway3/rickybao/dreamerv3_runs/pretrain_p2e_finger_seed2/ckpt_snapshots/step000000198992,/scratch/midway3/rickybao/dreamerv3_runs/adapt_p2e_finger_seed2_ckpt200000,DONE,,,,
adapt_apt_walker_seed2_ckpt200000,adapt,dmc_walker_walk,frozen_readout,2,1.25e5,/scratch/midway3/rickybao/dreamerv3_runs/pretrain_apt_walker_seed2/ckpt_snapshots/step000000200544,/scratch/midway3/rickybao/dreamerv3_runs/adapt_apt_walker_seed2_ckpt200000,DONE,,,,
adapt_p2e_cup_seed2_ckpt200000,adapt,dmc_cup_catch,frozen_readout,2,1.25e5,/scratch/midway3/rickybao/dreamerv3_runs/pretrain_p2e_cup_seed2/ckpt_snapshots/step000000199664,/scratch/midway3/rickybao/dreamerv3_runs/adapt_p2e_cup_seed2_ckpt200000,DONE,,,,
adapt_apt_cup_seed4_ckpt400000,adapt,dmc_cup_catch,frozen_readout,4,1.25e5,/scratch/midway3/rickybao/dreamerv3_runs/pretrain_apt_cup_seed4/ckpt_snapshots/step000000399872,/scratch/midway3/rickybao/dreamerv3_runs/adapt_apt_cup_seed4_ckpt400000,DONE,,,,
adapt_apt_cup_seed1_ckpt500000,adapt,dmc_cup_catch,frozen_readout,1,1.25e5,/scratch/midway3/rickybao/dreamerv3_runs/pretrain_apt_cup_seed1/ckpt_snapshots/step000000498512,/scratch/midway3/rickybao/dreamerv3_runs/adapt_apt_cup_seed1_ckpt500000,DONE,,,,
adapt_apt_cup_seed3_ckpt500000,adapt,dmc_cup_catch,frozen_readout,3,1.25e5,/scratch/midway3/rickybao/dreamerv3_runs/pretrain_apt_cup_seed3/ckpt_snapshots/step000000499216,/scratch/midway3/rickybao/dreamerv3_runs/adapt_apt_cup_seed3_ckpt500000,DONE,,,,
adapt_apt_cup_seed2_ckpt500000,adapt,dmc_cup_catch,frozen_readout,2,1.25e5,/scratch/midway3/rickybao/dreamerv3_runs/pretrain_apt_cup_seed2/ckpt_snapshots/step000000499344,/scratch/midway3/rickybao/dreamerv3_runs/adapt_apt_cup_seed2_ckpt500000,DONE,,,,
adapt_p2e_walker_seed2_ckpt200000,adapt,dmc_walker_walk,frozen_readout,2,1.25e5,/scratch/midway3/rickybao/dreamerv3_runs/pretrain_p2e_walker_seed2/ckpt_snapshots/step000000199472,/scratch/midway3/rickybao/dreamerv3_runs/adapt_p2e_walker_seed2_ckpt200000,DONE,,,,
adapt_apt_finger_seed1_ckpt300000,adapt,dmc_finger_turn_hard,frozen_readout,1,1.25e5,/scratch/midway3/rickybao/dreamerv3_runs/pretrain_apt_finger_seed1/ckpt_snapshots/step000000300352,/scratch/midway3/rickybao/dreamerv3_runs/adapt_apt_finger_seed1_ckpt300000,DONE,,,,
adapt_p2e_finger_seed2_ckpt300000,adapt,dmc_finger_turn_hard,frozen_readout,2,1.25e5,/scratch/midway3/rickybao/dreamerv3_runs/pretrain_p2e_finger_seed2/ckpt_snapshots/step000000297536,/scratch/midway3/rickybao/dreamerv3_runs/adapt_p2e_finger_seed2_ckpt300000,DONE,,,,
adapt_apt_walker_seed2_ckpt300000,adapt,dmc_walker_walk,frozen_readout,2,1.25e5,/scratch/midway3/rickybao/dreamerv3_runs/pretrain_apt_walker_seed2/ckpt_snapshots/step000000300672,/scratch/midway3/rickybao/dreamerv3_runs/adapt_apt_walker_seed2_ckpt300000,DONE,,,,
adapt_p2e_cup_seed2_ckpt300000,adapt,dmc_cup_catch,frozen_readout,2,1.25e5,/scratch/midway3/rickybao/dreamerv3_runs/pretrain_p2e_cup_seed2/ckpt_snapshots/step000000298560,/scratch/midway3/rickybao/dreamerv3_runs/adapt_p2e_cup_seed2_ckpt300000,DONE,,,,
adapt_apt_cup_seed4_ckpt500000,adapt,dmc_cup_catch,frozen_readout,4,1.25e5,/scratch/midway3/rickybao/dreamerv3_runs/pretrain_apt_cup_seed4/ckpt_snapshots/step000000499728,/scratch/midway3/rickybao/dreamerv3_runs/adapt_apt_cup_seed4_ckpt500000,DONE,,,,
adapt_apt_cup_seed5_ckpt100000,adapt,dmc_cup_catch,frozen_readout,5,1.25e5,/scratch/midway3/rickybao/dreamerv3_runs/pretrain_apt_cup_seed5/ckpt_snapshots/step000000099776,/scratch/midway3/rickybao/dreamerv3_runs/adapt_apt_cup_seed5_ckpt100000,DONE,,,,
adapt_random_finger_seed1_ckpt100000,adapt,dmc_finger_turn_hard,frozen_readout,1,1.25e5,/scratch/midway3/rickybao/dreamerv3_runs/pretrain_random_finger_seed1/ckpt_snapshots/step000000096208,/scratch/midway3/rickybao/dreamerv3_runs/adapt_random_finger_seed1_ckpt100000,DONE,,,,
adapt_p2e_walker_seed2_ckpt300000,adapt,dmc_walker_walk,frozen_readout,2,1.25e5,/scratch/midway3/rickybao/dreamerv3_runs/pretrain_p2e_walker_seed2/ckpt_snapshots/step000000298256,/scratch/midway3/rickybao/dreamerv3_runs/adapt_p2e_walker_seed2_ckpt300000,DONE,,,,
adapt_apt_walker_seed2_ckpt400000,adapt,dmc_walker_walk,frozen_readout,2,1.25e5,/scratch/midway3/rickybao/dreamerv3_runs/pretrain_apt_walker_seed2/ckpt_snapshots/step000000400800,/scratch/midway3/rickybao/dreamerv3_runs/adapt_apt_walker_seed2_ckpt400000,DONE,,,,
adapt_p2e_finger_seed2_ckpt400000,adapt,dmc_finger_turn_hard,frozen_readout,2,1.25e5,/scratch/midway3/rickybao/dreamerv3_runs/pretrain_p2e_finger_seed2/ckpt_snapshots/step000000401296,/scratch/midway3/rickybao/dreamerv3_runs/adapt_p2e_finger_seed2_ckpt400000,DONE,,,,
adapt_apt_finger_seed1_ckpt400000,adapt,dmc_finger_turn_hard,frozen_readout,1,1.25e5,/scratch/midway3/rickybao/dreamerv3_runs/pretrain_apt_finger_seed1/ckpt_snapshots/step000000399808,/scratch/midway3/rickybao/dreamerv3_runs/adapt_apt_finger_seed1_ckpt400000,DONE,,,,
adapt_p2e_cup_seed2_ckpt400000,adapt,dmc_cup_catch,frozen_readout,2,1.25e5,/scratch/midway3/rickybao/dreamerv3_runs/pretrain_p2e_cup_seed2/ckpt_snapshots/step000000401936,/scratch/midway3/rickybao/dreamerv3_runs/adapt_p2e_cup_seed2_ckpt400000,DONE,,,,
adapt_random_finger_seed1_ckpt200000,adapt,dmc_finger_turn_hard,frozen_readout,1,1.25e5,/scratch/midway3/rickybao/dreamerv3_runs/pretrain_random_finger_seed1/ckpt_snapshots/step000000199120,/scratch/midway3/rickybao/dreamerv3_runs/adapt_random_finger_seed1_ckpt200000,DONE,,,,
adapt_apt_cup_seed5_ckpt200000,adapt,dmc_cup_catch,frozen_readout,5,1.25e5,/scratch/midway3/rickybao/dreamerv3_runs/pretrain_apt_cup_seed5/ckpt_snapshots/step000000200000,/scratch/midway3/rickybao/dreamerv3_runs/adapt_apt_cup_seed5_ckpt200000,DONE,,,,
adapt_p2e_walker_seed2_ckpt400000,adapt,dmc_walker_walk,frozen_readout,2,1.25e5,/scratch/midway3/rickybao/dreamerv3_runs/pretrain_p2e_walker_seed2/ckpt_snapshots/step000000402256,/scratch/midway3/rickybao/dreamerv3_runs/adapt_p2e_walker_seed2_ckpt400000,DONE,,,,
adapt_apt_walker_seed2_ckpt500000,adapt,dmc_walker_walk,frozen_readout,2,1.25e5,/scratch/midway3/rickybao/dreamerv3_runs/pretrain_apt_walker_seed2/ckpt_snapshots/step000000498544,/scratch/midway3/rickybao/dreamerv3_runs/adapt_apt_walker_seed2_ckpt500000,DONE,,,,
adapt_p2e_finger_seed2_ckpt500000,adapt,dmc_finger_turn_hard,frozen_readout,2,1.25e5,/scratch/midway3/rickybao/dreamerv3_runs/pretrain_p2e_finger_seed2/ckpt_snapshots/step000000499840,/scratch/midway3/rickybao/dreamerv3_runs/adapt_p2e_finger_seed2_ckpt500000,DONE,,,,
adapt_apt_finger_seed1_ckpt500000,adapt,dmc_finger_turn_hard,frozen_readout,1,1.25e5,/scratch/midway3/rickybao/dreamerv3_runs/pretrain_apt_finger_seed1/ckpt_snapshots/step000000499264,/scratch/midway3/rickybao/dreamerv3_runs/adapt_apt_finger_seed1_ckpt500000,DONE,,,,
adapt_p2e_cup_seed2_ckpt500000,adapt,dmc_cup_catch,frozen_readout,2,1.25e5,/scratch/midway3/rickybao/dreamerv3_runs/pretrain_p2e_cup_seed2/ckpt_snapshots/step000000496336,/scratch/midway3/rickybao/dreamerv3_runs/adapt_p2e_cup_seed2_ckpt500000,DONE,,,,
adapt_random_finger_seed1_ckpt300000,adapt,dmc_finger_turn_hard,frozen_readout,1,1.25e5,/scratch/midway3/rickybao/dreamerv3_runs/pretrain_random_finger_seed1/ckpt_snapshots/step000000302032,/scratch/midway3/rickybao/dreamerv3_runs/adapt_random_finger_seed1_ckpt300000,DONE,,,,
adapt_apt_cup_seed5_ckpt300000,adapt,dmc_cup_catch,frozen_readout,5,1.25e5,/scratch/midway3/rickybao/dreamerv3_runs/pretrain_apt_cup_seed5/ckpt_snapshots/step000000300208,/scratch/midway3/rickybao/dreamerv3_runs/adapt_apt_cup_seed5_ckpt300000,DONE,,,,
adapt_p2e_walker_seed2_ckpt500000,adapt,dmc_walker_walk,frozen_readout,2,1.25e5,/scratch/midway3/rickybao/dreamerv3_runs/pretrain_p2e_walker_seed2/ckpt_snapshots/step000000495856,/scratch/midway3/rickybao/dreamerv3_runs/adapt_p2e_walker_seed2_ckpt500000,DONE,,,,
adapt_random_finger_seed1_ckpt400000,adapt,dmc_finger_turn_hard,frozen_readout,1,1.25e5,/scratch/midway3/rickybao/dreamerv3_runs/pretrain_random_finger_seed1/ckpt_snapshots/step000000396384,/scratch/midway3/rickybao/dreamerv3_runs/adapt_random_finger_seed1_ckpt400000,DONE,,,,
adapt_apt_cup_seed5_ckpt400000,adapt,dmc_cup_catch,frozen_readout,5,1.25e5,/scratch/midway3/rickybao/dreamerv3_runs/pretrain_apt_cup_seed5/ckpt_snapshots/step000000400368,/scratch/midway3/rickybao/dreamerv3_runs/adapt_apt_cup_seed5_ckpt400000,DONE,,,,
adapt_apt_walker_seed3_ckpt100000,adapt,dmc_walker_walk,frozen_readout,3,1.25e5,/scratch/midway3/rickybao/dreamerv3_runs/pretrain_apt_walker_seed3/ckpt_snapshots/step000000100496,/scratch/midway3/rickybao/dreamerv3_runs/adapt_apt_walker_seed3_ckpt100000,DONE,,,,
adapt_p2e_finger_seed3_ckpt100000,adapt,dmc_finger_turn_hard,frozen_readout,3,1.25e5,/scratch/midway3/rickybao/dreamerv3_runs/pretrain_p2e_finger_seed3/ckpt_snapshots/step000000100864,/scratch/midway3/rickybao/dreamerv3_runs/adapt_p2e_finger_seed3_ckpt100000,DONE,,,,
adapt_p2e_cup_seed3_ckpt100000,adapt,dmc_cup_catch,frozen_readout,3,1.25e5,/scratch/midway3/rickybao/dreamerv3_runs/pretrain_p2e_cup_seed3/ckpt_snapshots/step000000100736,/scratch/midway3/rickybao/dreamerv3_runs/adapt_p2e_cup_seed3_ckpt100000,DONE,,,,
adapt_apt_finger_seed2_ckpt100000,adapt,dmc_finger_turn_hard,frozen_readout,2,1.25e5,/scratch/midway3/rickybao/dreamerv3_runs/pretrain_apt_finger_seed2/ckpt_snapshots/step000000100672,/scratch/midway3/rickybao/dreamerv3_runs/adapt_apt_finger_seed2_ckpt100000,DONE,,,,
adapt_p2e_walker_seed3_ckpt100000,adapt,dmc_walker_walk,frozen_readout,3,1.25e5,/scratch/midway3/rickybao/dreamerv3_runs/pretrain_p2e_walker_seed3/ckpt_snapshots/step000000100656,/scratch/midway3/rickybao/dreamerv3_runs/adapt_p2e_walker_seed3_ckpt100000,DONE,,,,
adapt_random_finger_seed1_ckpt500000,adapt,dmc_finger_turn_hard,frozen_readout,1,1.25e5,/scratch/midway3/rickybao/dreamerv3_runs/pretrain_random_finger_seed1/ckpt_snapshots/step000000499312,/scratch/midway3/rickybao/dreamerv3_runs/adapt_random_finger_seed1_ckpt500000,DONE,,,,
adapt_apt_cup_seed5_ckpt500000,adapt,dmc_cup_catch,frozen_readout,5,1.25e5,/scratch/midway3/rickybao/dreamerv3_runs/pretrain_apt_cup_seed5/ckpt_snapshots/step000000498768,/scratch/midway3/rickybao/dreamerv3_runs/adapt_apt_cup_seed5_ckpt500000,DONE,,,,
adapt_apt_walker_seed3_ckpt200000,adapt,dmc_walker_walk,frozen_readout,3,1.25e5,/scratch/midway3/rickybao/dreamerv3_runs/pretrain_apt_walker_seed3/ckpt_snapshots/step000000199552,/scratch/midway3/rickybao/dreamerv3_runs/adapt_apt_walker_seed3_ckpt200000,DONE,,,,
adapt_p2e_finger_seed3_ckpt200000,adapt,dmc_finger_turn_hard,frozen_readout,3,1.25e5,/scratch/midway3/rickybao/dreamerv3_runs/pretrain_p2e_finger_seed3/ckpt_snapshots/step000000199776,/scratch/midway3/rickybao/dreamerv3_runs/adapt_p2e_finger_seed3_ckpt200000,DONE,,,,
adapt_p2e_cup_seed3_ckpt200000,adapt,dmc_cup_catch,frozen_readout,3,1.25e5,/scratch/midway3/rickybao/dreamerv3_runs/pretrain_p2e_cup_seed3/ckpt_snapshots/step000000199536,/scratch/midway3/rickybao/dreamerv3_runs/adapt_p2e_cup_seed3_ckpt200000,DONE,,,,
adapt_apt_finger_seed2_ckpt200000,adapt,dmc_finger_turn_hard,frozen_readout,2,1.25e5,/scratch/midway3/rickybao/dreamerv3_runs/pretrain_apt_finger_seed2/ckpt_snapshots/step000000199968,/scratch/midway3/rickybao/dreamerv3_runs/adapt_apt_finger_seed2_ckpt200000,DONE,,,,
adapt_p2e_walker_seed3_ckpt200000,adapt,dmc_walker_walk,frozen_readout,3,1.25e5,/scratch/midway3/rickybao/dreamerv3_runs/pretrain_p2e_walker_seed3/ckpt_snapshots/step000000199408,/scratch/midway3/rickybao/dreamerv3_runs/adapt_p2e_walker_seed3_ckpt200000,DONE,,,,
adapt_random_finger_seed2_ckpt100000,adapt,dmc_finger_turn_hard,frozen_readout,2,1.25e5,/scratch/midway3/rickybao/dreamerv3_runs/pretrain_random_finger_seed2/ckpt_snapshots/step000000098448,/scratch/midway3/rickybao/dreamerv3_runs/adapt_random_finger_seed2_ckpt100000,DONE,,,,
adapt_random_cup_seed2_ckpt100000,adapt,dmc_cup_catch,frozen_readout,2,1.25e5,/scratch/midway3/rickybao/dreamerv3_runs/pretrain_random_cup_seed2/ckpt_snapshots/step000000099248,/scratch/midway3/rickybao/dreamerv3_runs/adapt_random_cup_seed2_ckpt100000,DONE,,,,
adapt_apt_walker_seed3_ckpt300000,adapt,dmc_walker_walk,frozen_readout,3,1.25e5,/scratch/midway3/rickybao/dreamerv3_runs/pretrain_apt_walker_seed3/ckpt_snapshots/step000000299680,/scratch/midway3/rickybao/dreamerv3_runs/adapt_apt_walker_seed3_ckpt300000,DONE,,,,
adapt_p2e_finger_seed3_ckpt300000,adapt,dmc_finger_turn_hard,frozen_readout,3,1.25e5,/scratch/midway3/rickybao/dreamerv3_runs/pretrain_p2e_finger_seed3/ckpt_snapshots/step000000298688,/scratch/midway3/rickybao/dreamerv3_runs/adapt_p2e_finger_seed3_ckpt300000,DONE,,,,
adapt_p2e_cup_seed3_ckpt300000,adapt,dmc_cup_catch,frozen_readout,3,1.25e5,/scratch/midway3/rickybao/dreamerv3_runs/pretrain_p2e_cup_seed3/ckpt_snapshots/step000000298336,/scratch/midway3/rickybao/dreamerv3_runs/adapt_p2e_cup_seed3_ckpt300000,DONE,,,,
adapt_apt_finger_seed2_ckpt300000,adapt,dmc_finger_turn_hard,frozen_readout,2,1.25e5,/scratch/midway3/rickybao/dreamerv3_runs/pretrain_apt_finger_seed2/ckpt_snapshots/step000000299376,/scratch/midway3/rickybao/dreamerv3_runs/adapt_apt_finger_seed2_ckpt300000,DONE,,,,
adapt_p2e_walker_seed3_ckpt300000,adapt,dmc_walker_walk,frozen_readout,3,1.25e5,/scratch/midway3/rickybao/dreamerv3_runs/pretrain_p2e_walker_seed3/ckpt_snapshots/step000000298160,/scratch/midway3/rickybao/dreamerv3_runs/adapt_p2e_walker_seed3_ckpt300000,DONE,,,,
adapt_random_finger_seed2_ckpt200000,adapt,dmc_finger_turn_hard,frozen_readout,2,1.25e5,/scratch/midway3/rickybao/dreamerv3_runs/pretrain_random_finger_seed2/ckpt_snapshots/step000000203488,/scratch/midway3/rickybao/dreamerv3_runs/adapt_random_finger_seed2_ckpt200000,DONE,,,,
adapt_random_cup_seed2_ckpt200000,adapt,dmc_cup_catch,frozen_readout,2,1.25e5,/scratch/midway3/rickybao/dreamerv3_runs/pretrain_random_cup_seed2/ckpt_snapshots/step000000196704,/scratch/midway3/rickybao/dreamerv3_runs/adapt_random_cup_seed2_ckpt200000,DONE,,,,
adapt_apt_walker_seed3_ckpt400000,adapt,dmc_walker_walk,frozen_readout,3,1.25e5,/scratch/midway3/rickybao/dreamerv3_runs/pretrain_apt_walker_seed3/ckpt_snapshots/step000000399808,/scratch/midway3/rickybao/dreamerv3_runs/adapt_apt_walker_seed3_ckpt400000,DONE,,,,
adapt_p2e_walker_seed3_ckpt400000,adapt,dmc_walker_walk,frozen_readout,3,1.25e5,/scratch/midway3/rickybao/dreamerv3_runs/pretrain_p2e_walker_seed3/ckpt_snapshots/step000000402064,/scratch/midway3/rickybao/dreamerv3_runs/adapt_p2e_walker_seed3_ckpt400000,DONE,,,,
adapt_p2e_finger_seed3_ckpt400000,adapt,dmc_finger_turn_hard,frozen_readout,3,1.25e5,/scratch/midway3/rickybao/dreamerv3_runs/pretrain_p2e_finger_seed3/ckpt_snapshots/step000000402096,/scratch/midway3/rickybao/dreamerv3_runs/adapt_p2e_finger_seed3_ckpt400000,DONE,,,,
adapt_p2e_cup_seed3_ckpt400000,adapt,dmc_cup_catch,frozen_readout,3,1.25e5,/scratch/midway3/rickybao/dreamerv3_runs/pretrain_p2e_cup_seed3/ckpt_snapshots/step000000402368,/scratch/midway3/rickybao/dreamerv3_runs/adapt_p2e_cup_seed3_ckpt400000,DONE,,,,
adapt_apt_finger_seed2_ckpt400000,adapt,dmc_finger_turn_hard,frozen_readout,2,1.25e5,/scratch/midway3/rickybao/dreamerv3_runs/pretrain_apt_finger_seed2/ckpt_snapshots/step000000400608,/scratch/midway3/rickybao/dreamerv3_runs/adapt_apt_finger_seed2_ckpt400000,DONE,,,,
adapt_random_finger_seed2_ckpt300000,adapt,dmc_finger_turn_hard,frozen_readout,2,1.25e5,/scratch/midway3/rickybao/dreamerv3_runs/pretrain_random_finger_seed2/ckpt_snapshots/step000000299728,/scratch/midway3/rickybao/dreamerv3_runs/adapt_random_finger_seed2_ckpt300000,DONE,,,,
adapt_random_cup_seed2_ckpt300000,adapt,dmc_cup_catch,frozen_readout,2,1.25e5,/scratch/midway3/rickybao/dreamerv3_runs/pretrain_random_cup_seed2/ckpt_snapshots/step000000304960,/scratch/midway3/rickybao/dreamerv3_runs/adapt_random_cup_seed2_ckpt300000,DONE,,,,
adapt_p2e_walker_seed3_ckpt500000,adapt,dmc_walker_walk,frozen_readout,3,1.25e5,/scratch/midway3/rickybao/dreamerv3_runs/pretrain_p2e_walker_seed3/ckpt_snapshots/step000000495664,/scratch/midway3/rickybao/dreamerv3_runs/adapt_p2e_walker_seed3_ckpt500000,DONE,,,,
adapt_apt_walker_seed3_ckpt500000,adapt,dmc_walker_walk,frozen_readout,3,1.25e5,/scratch/midway3/rickybao/dreamerv3_runs/pretrain_apt_walker_seed3/ckpt_snapshots/step000000499840,/scratch/midway3/rickybao/dreamerv3_runs/adapt_apt_walker_seed3_ckpt500000,DONE,,,,
adapt_p2e_finger_seed3_ckpt500000,adapt,dmc_finger_turn_hard,frozen_readout,3,1.25e5,/scratch/midway3/rickybao/dreamerv3_runs/pretrain_p2e_finger_seed3/ckpt_snapshots/step000000496512,/scratch/midway3/rickybao/dreamerv3_runs/adapt_p2e_finger_seed3_ckpt500000,DONE,,,,
adapt_p2e_cup_seed3_ckpt500000,adapt,dmc_cup_catch,frozen_readout,3,1.25e5,/scratch/midway3/rickybao/dreamerv3_runs/pretrain_p2e_cup_seed3/ckpt_snapshots/step000000496000,/scratch/midway3/rickybao/dreamerv3_runs/adapt_p2e_cup_seed3_ckpt500000,DONE,,,,
adapt_apt_finger_seed2_ckpt500000,adapt,dmc_finger_turn_hard,frozen_readout,2,1.25e5,/scratch/midway3/rickybao/dreamerv3_runs/pretrain_apt_finger_seed2/ckpt_snapshots/step000000497872,/scratch/midway3/rickybao/dreamerv3_runs/adapt_apt_finger_seed2_ckpt500000,DONE,,,,
adapt_random_finger_seed2_ckpt400000,adapt,dmc_finger_turn_hard,frozen_readout,2,1.25e5,/scratch/midway3/rickybao/dreamerv3_runs/pretrain_random_finger_seed2/ckpt_snapshots/step000000396288,/scratch/midway3/rickybao/dreamerv3_runs/adapt_random_finger_seed2_ckpt400000,DONE,,,,
adapt_random_cup_seed2_ckpt400000,adapt,dmc_cup_catch,frozen_readout,2,1.25e5,/scratch/midway3/rickybao/dreamerv3_runs/pretrain_random_cup_seed2/ckpt_snapshots/step000000402400,/scratch/midway3/rickybao/dreamerv3_runs/adapt_random_cup_seed2_ckpt400000,DONE,,,,
adapt_p2e_walker_seed4_ckpt100000,adapt,dmc_walker_walk,frozen_readout,4,1.25e5,/scratch/midway3/rickybao/dreamerv3_runs/pretrain_p2e_walker_seed4/ckpt_snapshots/step000000100656,/scratch/midway3/rickybao/dreamerv3_runs/adapt_p2e_walker_seed4_ckpt100000,DONE,,,,
adapt_apt_walker_seed4_ckpt100000,adapt,dmc_walker_walk,frozen_readout,4,1.25e5,/scratch/midway3/rickybao/dreamerv3_runs/pretrain_apt_walker_seed4/ckpt_snapshots/step000000100512,/scratch/midway3/rickybao/dreamerv3_runs/adapt_apt_walker_seed4_ckpt100000,DONE,,,,
adapt_p2e_finger_seed4_ckpt100000,adapt,dmc_finger_turn_hard,frozen_readout,4,1.25e5,/scratch/midway3/rickybao/dreamerv3_runs/pretrain_p2e_finger_seed4/ckpt_snapshots/step000000100848,/scratch/midway3/rickybao/dreamerv3_runs/adapt_p2e_finger_seed4_ckpt100000,DONE,,,,
adapt_p2e_cup_seed4_ckpt100000,adapt,dmc_cup_catch,frozen_readout,4,1.25e5,/scratch/midway3/rickybao/dreamerv3_runs/pretrain_p2e_cup_seed4/ckpt_snapshots/step000000100736,/scratch/midway3/rickybao/dreamerv3_runs/adapt_p2e_cup_seed4_ckpt100000,DONE,,,,
adapt_apt_finger_seed4_ckpt100000,adapt,dmc_finger_turn_hard,frozen_readout,4,1.25e5,/scratch/midway3/rickybao/dreamerv3_runs/pretrain_apt_finger_seed4/ckpt_snapshots/step000000101024,/scratch/midway3/rickybao/dreamerv3_runs/adapt_apt_finger_seed4_ckpt100000,DONE,,,,
adapt_random_finger_seed2_ckpt500000,adapt,dmc_finger_turn_hard,frozen_readout,2,1.25e5,/scratch/midway3/rickybao/dreamerv3_runs/pretrain_random_finger_seed2/ckpt_snapshots/step000000497072,/scratch/midway3/rickybao/dreamerv3_runs/adapt_random_finger_seed2_ckpt500000,DONE,,,,
adapt_random_cup_seed2_ckpt500000,adapt,dmc_cup_catch,frozen_readout,2,1.25e5,/scratch/midway3/rickybao/dreamerv3_runs/pretrain_random_cup_seed2/ckpt_snapshots/step000000499840,/scratch/midway3/rickybao/dreamerv3_runs/adapt_random_cup_seed2_ckpt500000,DONE,,,,
adapt_p2e_walker_seed4_ckpt200000,adapt,dmc_walker_walk,frozen_readout,4,1.25e5,/scratch/midway3/rickybao/dreamerv3_runs/pretrain_p2e_walker_seed4/ckpt_snapshots/step000000199456,/scratch/midway3/rickybao/dreamerv3_runs/adapt_p2e_walker_seed4_ckpt200000,DONE,,,,
adapt_apt_walker_seed4_ckpt200000,adapt,dmc_walker_walk,frozen_readout,4,1.25e5,/scratch/midway3/rickybao/dreamerv3_runs/pretrain_apt_walker_seed4/ckpt_snapshots/step000000199344,/scratch/midway3/rickybao/dreamerv3_runs/adapt_apt_walker_seed4_ckpt200000,DONE,,,,
adapt_p2e_finger_seed4_ckpt200000,adapt,dmc_finger_turn_hard,frozen_readout,4,1.25e5,/scratch/midway3/rickybao/dreamerv3_runs/pretrain_p2e_finger_seed4/ckpt_snapshots/step000000199760,/scratch/midway3/rickybao/dreamerv3_runs/adapt_p2e_finger_seed4_ckpt200000,DONE,,,,
adapt_p2e_cup_seed4_ckpt200000,adapt,dmc_cup_catch,frozen_readout,4,1.25e5,/scratch/midway3/rickybao/dreamerv3_runs/pretrain_p2e_cup_seed4/ckpt_snapshots/step000000199632,/scratch/midway3/rickybao/dreamerv3_runs/adapt_p2e_cup_seed4_ckpt200000,DONE,,,,
adapt_apt_finger_seed4_ckpt200000,adapt,dmc_finger_turn_hard,frozen_readout,4,1.25e5,/scratch/midway3/rickybao/dreamerv3_runs/pretrain_apt_finger_seed4/ckpt_snapshots/step000000200256,/scratch/midway3/rickybao/dreamerv3_runs/adapt_apt_finger_seed4_ckpt200000,DONE,,,,
adapt_random_finger_seed3_ckpt100000,adapt,dmc_finger_turn_hard,frozen_readout,3,1.25e5,/scratch/midway3/rickybao/dreamerv3_runs/pretrain_random_finger_seed3/ckpt_snapshots/step000000100256,/scratch/midway3/rickybao/dreamerv3_runs/adapt_random_finger_seed3_ckpt100000,DONE,,,,
adapt_random_cup_seed3_ckpt100000,adapt,dmc_cup_catch,frozen_readout,3,1.25e5,/scratch/midway3/rickybao/dreamerv3_runs/pretrain_random_cup_seed3/ckpt_snapshots/step000000099360,/scratch/midway3/rickybao/dreamerv3_runs/adapt_random_cup_seed3_ckpt100000,DONE,,,,
adapt_p2e_walker_seed4_ckpt300000,adapt,dmc_walker_walk,frozen_readout,4,1.25e5,/scratch/midway3/rickybao/dreamerv3_runs/pretrain_p2e_walker_seed4/ckpt_snapshots/step000000298256,/scratch/midway3/rickybao/dreamerv3_runs/adapt_p2e_walker_seed4_ckpt300000,DONE,,,,
adapt_apt_finger_seed3_ckpt100000,adapt,dmc_finger_turn_hard,frozen_readout,3,1.25e5,/scratch/midway3/rickybao/dreamerv3_runs/pretrain_apt_finger_seed3/ckpt_snapshots/step000000099088,/scratch/midway3/rickybao/dreamerv3_runs/adapt_apt_finger_seed3_ckpt100000,DONE,,,,
adapt_apt_walker_seed4_ckpt300000,adapt,dmc_walker_walk,frozen_readout,4,1.25e5,/scratch/midway3/rickybao/dreamerv3_runs/pretrain_apt_walker_seed4/ckpt_snapshots/step000000301168,/scratch/midway3/rickybao/dreamerv3_runs/adapt_apt_walker_seed4_ckpt300000,DONE,,,,
adapt_p2e_finger_seed4_ckpt300000,adapt,dmc_finger_turn_hard,frozen_readout,4,1.25e5,/scratch/midway3/rickybao/dreamerv3_runs/pretrain_p2e_finger_seed4/ckpt_snapshots/step000000298656,/scratch/midway3/rickybao/dreamerv3_runs/adapt_p2e_finger_seed4_ckpt300000,DONE,,,,
adapt_random_finger_seed3_ckpt200000,adapt,dmc_finger_turn_hard,frozen_readout,3,1.25e5,/scratch/midway3/rickybao/dreamerv3_runs/pretrain_random_finger_seed3/ckpt_snapshots/step000000198640,/scratch/midway3/rickybao/dreamerv3_runs/adapt_random_finger_seed3_ckpt200000,DONE,,,,
adapt_p2e_cup_seed4_ckpt300000,adapt,dmc_cup_catch,frozen_readout,4,1.25e5,/scratch/midway3/rickybao/dreamerv3_runs/pretrain_p2e_cup_seed4/ckpt_snapshots/step000000298688,/scratch/midway3/rickybao/dreamerv3_runs/adapt_p2e_cup_seed4_ckpt300000,DONE,,,,
adapt_random_walker_seed3_ckpt100000,adapt,dmc_walker_walk,frozen_readout,3,1.25e5,/scratch/midway3/rickybao/dreamerv3_runs/pretrain_random_walker_seed3/ckpt_snapshots/step000000098528,/scratch/midway3/rickybao/dreamerv3_runs/adapt_random_walker_seed3_ckpt100000,DONE,,,,
adapt_random_cup_seed3_ckpt200000,adapt,dmc_cup_catch,frozen_readout,3,1.25e5,/scratch/midway3/rickybao/dreamerv3_runs/pretrain_random_cup_seed3/ckpt_snapshots/step000000196864,/scratch/midway3/rickybao/dreamerv3_runs/adapt_random_cup_seed3_ckpt200000,DONE,,,,
adapt_apt_finger_seed4_ckpt300000,adapt,dmc_finger_turn_hard,frozen_readout,4,1.25e5,/scratch/midway3/rickybao/dreamerv3_runs/pretrain_apt_finger_seed4/ckpt_snapshots/step000000299488,/scratch/midway3/rickybao/dreamerv3_runs/adapt_apt_finger_seed4_ckpt300000,DONE,,,,
adapt_p2e_walker_seed4_ckpt400000,adapt,dmc_walker_walk,frozen_readout,4,1.25e5,/scratch/midway3/rickybao/dreamerv3_runs/pretrain_p2e_walker_seed4/ckpt_snapshots/step000000402256,/scratch/midway3/rickybao/dreamerv3_runs/adapt_p2e_walker_seed4_ckpt400000,DONE,,,,
adapt_apt_finger_seed3_ckpt200000,adapt,dmc_finger_turn_hard,frozen_readout,3,1.25e5,/scratch/midway3/rickybao/dreamerv3_runs/pretrain_apt_finger_seed3/ckpt_snapshots/step000000200912,/scratch/midway3/rickybao/dreamerv3_runs/adapt_apt_finger_seed3_ckpt200000,DONE,,,,
adapt_random_finger_seed3_ckpt300000,adapt,dmc_finger_turn_hard,frozen_readout,3,1.25e5,/scratch/midway3/rickybao/dreamerv3_runs/pretrain_random_finger_seed3/ckpt_snapshots/step000000297040,/scratch/midway3/rickybao/dreamerv3_runs/adapt_random_finger_seed3_ckpt300000,DONE,,,,
adapt_apt_walker_seed4_ckpt400000,adapt,dmc_walker_walk,frozen_readout,4,1.25e5,/scratch/midway3/rickybao/dreamerv3_runs/pretrain_apt_walker_seed4/ckpt_snapshots/step000000400624,/scratch/midway3/rickybao/dreamerv3_runs/adapt_apt_walker_seed4_ckpt400000,DONE,,,,
adapt_p2e_finger_seed4_ckpt400000,adapt,dmc_finger_turn_hard,frozen_readout,4,1.25e5,/scratch/midway3/rickybao/dreamerv3_runs/pretrain_p2e_finger_seed4/ckpt_snapshots/step000000401984,/scratch/midway3/rickybao/dreamerv3_runs/adapt_p2e_finger_seed4_ckpt400000,DONE,,,,
adapt_random_cup_seed3_ckpt300000,adapt,dmc_cup_catch,frozen_readout,3,1.25e5,/scratch/midway3/rickybao/dreamerv3_runs/pretrain_random_cup_seed3/ckpt_snapshots/step000000305200,/scratch/midway3/rickybao/dreamerv3_runs/adapt_random_cup_seed3_ckpt300000,DONE,,,,
adapt_p2e_cup_seed4_ckpt400000,adapt,dmc_cup_catch,frozen_readout,4,1.25e5,/scratch/midway3/rickybao/dreamerv3_runs/pretrain_p2e_cup_seed4/ckpt_snapshots/step000000397712,/scratch/midway3/rickybao/dreamerv3_runs/adapt_p2e_cup_seed4_ckpt400000,DONE,,,,
adapt_random_walker_seed3_ckpt200000,adapt,dmc_walker_walk,frozen_readout,3,1.25e5,/scratch/midway3/rickybao/dreamerv3_runs/pretrain_random_walker_seed3/ckpt_snapshots/step000000203984,/scratch/midway3/rickybao/dreamerv3_runs/adapt_random_walker_seed3_ckpt200000,DONE,,,,
adapt_apt_finger_seed4_ckpt400000,adapt,dmc_finger_turn_hard,frozen_readout,4,1.25e5,/scratch/midway3/rickybao/dreamerv3_runs/pretrain_apt_finger_seed4/ckpt_snapshots/step000000401072,/scratch/midway3/rickybao/dreamerv3_runs/adapt_apt_finger_seed4_ckpt400000,DONE,,,,
adapt_p2e_walker_seed4_ckpt500000,adapt,dmc_walker_walk,frozen_readout,4,1.25e5,/scratch/midway3/rickybao/dreamerv3_runs/pretrain_p2e_walker_seed4/ckpt_snapshots/step000000495824,/scratch/midway3/rickybao/dreamerv3_runs/adapt_p2e_walker_seed4_ckpt500000,DONE,,,,
adapt_apt_finger_seed3_ckpt300000,adapt,dmc_finger_turn_hard,frozen_readout,3,1.25e5,/scratch/midway3/rickybao/dreamerv3_runs/pretrain_apt_finger_seed3/ckpt_snapshots/step000000300352,/scratch/midway3/rickybao/dreamerv3_runs/adapt_apt_finger_seed3_ckpt300000,FAILED,,,,
adapt_random_finger_seed3_ckpt400000,adapt,dmc_finger_turn_hard,frozen_readout,3,1.25e5,/scratch/midway3/rickybao/dreamerv3_runs/pretrain_random_finger_seed3/ckpt_snapshots/step000000404368,/scratch/midway3/rickybao/dreamerv3_runs/adapt_random_finger_seed3_ckpt400000,DONE,,,,
adapt_random_cup_seed3_ckpt400000,adapt,dmc_cup_catch,frozen_readout,3,1.25e5,/scratch/midway3/rickybao/dreamerv3_runs/pretrain_random_cup_seed3/ckpt_snapshots/step000000402752,/scratch/midway3/rickybao/dreamerv3_runs/adapt_random_cup_seed3_ckpt400000,DONE,,,,
adapt_apt_walker_seed4_ckpt500000,adapt,dmc_walker_walk,frozen_readout,4,1.25e5,/scratch/midway3/rickybao/dreamerv3_runs/pretrain_apt_walker_seed4/ckpt_snapshots/step000000497712,/scratch/midway3/rickybao/dreamerv3_runs/adapt_apt_walker_seed4_ckpt500000,DONE,,,,
adapt_p2e_finger_seed4_ckpt500000,adapt,dmc_finger_turn_hard,frozen_readout,4,1.25e5,/scratch/midway3/rickybao/dreamerv3_runs/pretrain_p2e_finger_seed4/ckpt_snapshots/step000000496352,/scratch/midway3/rickybao/dreamerv3_runs/adapt_p2e_finger_seed4_ckpt500000,DONE,,,,
adapt_p2e_cup_seed4_ckpt500000,adapt,dmc_cup_catch,frozen_readout,4,1.25e5,/scratch/midway3/rickybao/dreamerv3_runs/pretrain_p2e_cup_seed4/ckpt_snapshots/step000000496768,/scratch/midway3/rickybao/dreamerv3_runs/adapt_p2e_cup_seed4_ckpt500000,DONE,,,,
adapt_random_walker_seed3_ckpt300000,adapt,dmc_walker_walk,frozen_readout,3,1.25e5,/scratch/midway3/rickybao/dreamerv3_runs/pretrain_random_walker_seed3/ckpt_snapshots/step000000300544,/scratch/midway3/rickybao/dreamerv3_runs/adapt_random_walker_seed3_ckpt300000,DONE,,,,
adapt_apt_finger_seed4_ckpt500000,adapt,dmc_finger_turn_hard,frozen_readout,4,1.25e5,/scratch/midway3/rickybao/dreamerv3_runs/pretrain_apt_finger_seed4/ckpt_snapshots/step000000497744,/scratch/midway3/rickybao/dreamerv3_runs/adapt_apt_finger_seed4_ckpt500000,DONE,,,,
adapt_p2e_walker_seed5_ckpt100000,adapt,dmc_walker_walk,frozen_readout,5,1.25e5,/scratch/midway3/rickybao/dreamerv3_runs/pretrain_p2e_walker_seed5/ckpt_snapshots/step000000100912,/scratch/midway3/rickybao/dreamerv3_runs/adapt_p2e_walker_seed5_ckpt100000,DONE,,,,
adapt_random_finger_seed3_ckpt500000,adapt,dmc_finger_turn_hard,frozen_readout,3,1.25e5,/scratch/midway3/rickybao/dreamerv3_runs/pretrain_random_finger_seed3/ckpt_snapshots/step000000493840,/scratch/midway3/rickybao/dreamerv3_runs/adapt_random_finger_seed3_ckpt500000,DONE,,,,
adapt_random_cup_seed3_ckpt500000,adapt,dmc_cup_catch,frozen_readout,3,1.25e5,/scratch/midway3/rickybao/dreamerv3_runs/pretrain_random_cup_seed3/ckpt_snapshots/step000000489472,/scratch/midway3/rickybao/dreamerv3_runs/adapt_random_cup_seed3_ckpt500000,DONE,,,,
adapt_apt_walker_seed5_ckpt100000,adapt,dmc_walker_walk,frozen_readout,5,1.25e5,/scratch/midway3/rickybao/dreamerv3_runs/pretrain_apt_walker_seed5/ckpt_snapshots/step000000100336,/scratch/midway3/rickybao/dreamerv3_runs/adapt_apt_walker_seed5_ckpt100000,DONE,,,,
adapt_p2e_finger_seed5_ckpt100000,adapt,dmc_finger_turn_hard,frozen_readout,5,1.25e5,/scratch/midway3/rickybao/dreamerv3_runs/pretrain_p2e_finger_seed5/ckpt_snapshots/step000000100896,/scratch/midway3/rickybao/dreamerv3_runs/adapt_p2e_finger_seed5_ckpt100000,DONE,,,,
adapt_p2e_walker_seed5_ckpt200000,adapt,dmc_walker_walk,frozen_readout,5,1.25e5,/scratch/midway3/rickybao/dreamerv3_runs/pretrain_p2e_walker_seed5/ckpt_snapshots/step000000199920,/scratch/midway3/rickybao/dreamerv3_runs/adapt_p2e_walker_seed5_ckpt200000,DONE,,,,
adapt_p2e_cup_seed5_ckpt100000,adapt,dmc_cup_catch,frozen_readout,5,1.25e5,/scratch/midway3/rickybao/dreamerv3_runs/pretrain_p2e_cup_seed5/ckpt_snapshots/step000000100832,/scratch/midway3/rickybao/dreamerv3_runs/adapt_p2e_cup_seed5_ckpt100000,DONE,,,,
adapt_apt_finger_seed5_ckpt100000,adapt,dmc_finger_turn_hard,frozen_readout,5,1.25e5,/scratch/midway3/rickybao/dreamerv3_runs/pretrain_apt_finger_seed5/ckpt_snapshots/step000000100320,/scratch/midway3/rickybao/dreamerv3_runs/adapt_apt_finger_seed5_ckpt100000,DONE,,,,
adapt_random_finger_seed4_ckpt100000,adapt,dmc_finger_turn_hard,frozen_readout,4,1.25e5,/scratch/midway3/rickybao/dreamerv3_runs/pretrain_random_finger_seed4/ckpt_snapshots/step000000100512,/scratch/midway3/rickybao/dreamerv3_runs/adapt_random_finger_seed4_ckpt100000,DONE,,,,
adapt_random_cup_seed4_ckpt100000,adapt,dmc_cup_catch,frozen_readout,4,1.25e5,/scratch/midway3/rickybao/dreamerv3_runs/pretrain_random_cup_seed4/ckpt_snapshots/step000000099344,/scratch/midway3/rickybao/dreamerv3_runs/adapt_random_cup_seed4_ckpt100000,DONE,,,,
adapt_apt_walker_seed5_ckpt200000,adapt,dmc_walker_walk,frozen_readout,5,1.25e5,/scratch/midway3/rickybao/dreamerv3_runs/pretrain_apt_walker_seed5/ckpt_snapshots/step000000199168,/scratch/midway3/rickybao/dreamerv3_runs/adapt_apt_walker_seed5_ckpt200000,DONE,,,,
adapt_p2e_walker_seed5_ckpt300000,adapt,dmc_walker_walk,frozen_readout,5,1.25e5,/scratch/midway3/rickybao/dreamerv3_runs/pretrain_p2e_walker_seed5/ckpt_snapshots/step000000298960,/scratch/midway3/rickybao/dreamerv3_runs/adapt_p2e_walker_seed5_ckpt300000,DONE,,,,
adapt_p2e_finger_seed5_ckpt200000,adapt,dmc_finger_turn_hard,frozen_readout,5,1.25e5,/scratch/midway3/rickybao/dreamerv3_runs/pretrain_p2e_finger_seed5/ckpt_snapshots/step000000200000,/scratch/midway3/rickybao/dreamerv3_runs/adapt_p2e_finger_seed5_ckpt200000,DONE,,,,
adapt_p2e_cup_seed5_ckpt200000,adapt,dmc_cup_catch,frozen_readout,5,1.25e5,/scratch/midway3/rickybao/dreamerv3_runs/pretrain_p2e_cup_seed5/ckpt_snapshots/step000000199856,/scratch/midway3/rickybao/dreamerv3_runs/adapt_p2e_cup_seed5_ckpt200000,DONE,,,,
adapt_apt_finger_seed5_ckpt200000,adapt,dmc_finger_turn_hard,frozen_readout,5,1.25e5,/scratch/midway3/rickybao/dreamerv3_runs/pretrain_apt_finger_seed5/ckpt_snapshots/step000000200160,/scratch/midway3/rickybao/dreamerv3_runs/adapt_apt_finger_seed5_ckpt200000,DONE,,,,
adapt_random_finger_seed4_ckpt200000,adapt,dmc_finger_turn_hard,frozen_readout,4,1.25e5,/scratch/midway3/rickybao/dreamerv3_runs/pretrain_random_finger_seed4/ckpt_snapshots/step000000199216,/scratch/midway3/rickybao/dreamerv3_runs/adapt_random_finger_seed4_ckpt200000,DONE,,,,
adapt_random_cup_seed4_ckpt200000,adapt,dmc_cup_catch,frozen_readout,4,1.25e5,/scratch/midway3/rickybao/dreamerv3_runs/pretrain_random_cup_seed4/ckpt_snapshots/step000000196816,/scratch/midway3/rickybao/dreamerv3_runs/adapt_random_cup_seed4_ckpt200000,DONE,,,,
adapt_p2e_walker_seed5_ckpt400000,adapt,dmc_walker_walk,frozen_readout,5,1.25e5,/scratch/midway3/rickybao/dreamerv3_runs/pretrain_p2e_walker_seed5/ckpt_snapshots/step000000398000,/scratch/midway3/rickybao/dreamerv3_runs/adapt_p2e_walker_seed5_ckpt400000,DONE,,,,
adapt_apt_walker_seed5_ckpt300000,adapt,dmc_walker_walk,frozen_readout,5,1.25e5,/scratch/midway3/rickybao/dreamerv3_runs/pretrain_apt_walker_seed5/ckpt_snapshots/step000000300992,/scratch/midway3/rickybao/dreamerv3_runs/adapt_apt_walker_seed5_ckpt300000,DONE,,,,
adapt_p2e_finger_seed5_ckpt300000,adapt,dmc_finger_turn_hard,frozen_readout,5,1.25e5,/scratch/midway3/rickybao/dreamerv3_runs/pretrain_p2e_finger_seed5/ckpt_snapshots/step000000299136,/scratch/midway3/rickybao/dreamerv3_runs/adapt_p2e_finger_seed5_ckpt300000,DONE,,,,
adapt_p2e_cup_seed5_ckpt300000,adapt,dmc_cup_catch,frozen_readout,5,1.25e5,/scratch/midway3/rickybao/dreamerv3_runs/pretrain_p2e_cup_seed5/ckpt_snapshots/step000000298944,/scratch/midway3/rickybao/dreamerv3_runs/adapt_p2e_cup_seed5_ckpt300000,DONE,,,,
adapt_apt_finger_seed5_ckpt300000,adapt,dmc_finger_turn_hard,frozen_readout,5,1.25e5,/scratch/midway3/rickybao/dreamerv3_runs/pretrain_apt_finger_seed5/ckpt_snapshots/step000000300000,/scratch/midway3/rickybao/dreamerv3_runs/adapt_apt_finger_seed5_ckpt300000,DONE,,,,
adapt_random_finger_seed4_ckpt300000,adapt,dmc_finger_turn_hard,frozen_readout,4,1.25e5,/scratch/midway3/rickybao/dreamerv3_runs/pretrain_random_finger_seed4/ckpt_snapshots/step000000297952,/scratch/midway3/rickybao/dreamerv3_runs/adapt_random_finger_seed4_ckpt300000,DONE,,,,
adapt_random_cup_seed4_ckpt300000,adapt,dmc_cup_catch,frozen_readout,4,1.25e5,/scratch/midway3/rickybao/dreamerv3_runs/pretrain_random_cup_seed4/ckpt_snapshots/step000000305168,/scratch/midway3/rickybao/dreamerv3_runs/adapt_random_cup_seed4_ckpt300000,DONE,,,,
adapt_p2e_walker_seed5_ckpt500000,adapt,dmc_walker_walk,frozen_readout,5,1.25e5,/scratch/midway3/rickybao/dreamerv3_runs/pretrain_p2e_walker_seed5/ckpt_snapshots/step000000497104,/scratch/midway3/rickybao/dreamerv3_runs/adapt_p2e_walker_seed5_ckpt500000,DONE,,,,
adapt_apt_walker_seed5_ckpt400000,adapt,dmc_walker_walk,frozen_readout,5,1.25e5,/scratch/midway3/rickybao/dreamerv3_runs/pretrain_apt_walker_seed5/ckpt_snapshots/step000000400448,/scratch/midway3/rickybao/dreamerv3_runs/adapt_apt_walker_seed5_ckpt400000,DONE,,,,
adapt_p2e_finger_seed5_ckpt400000,adapt,dmc_finger_turn_hard,frozen_readout,5,1.25e5,/scratch/midway3/rickybao/dreamerv3_runs/pretrain_p2e_finger_seed5/ckpt_snapshots/step000000398096,/scratch/midway3/rickybao/dreamerv3_runs/adapt_p2e_finger_seed5_ckpt400000,DONE,,,,
adapt_p2e_cup_seed5_ckpt400000,adapt,dmc_cup_catch,frozen_readout,5,1.25e5,/scratch/midway3/rickybao/dreamerv3_runs/pretrain_p2e_cup_seed5/ckpt_snapshots/step000000397984,/scratch/midway3/rickybao/dreamerv3_runs/adapt_p2e_cup_seed5_ckpt400000,DONE,,,,
adapt_random_finger_seed4_ckpt400000,adapt,dmc_finger_turn_hard,frozen_readout,4,1.25e5,/scratch/midway3/rickybao/dreamerv3_runs/pretrain_random_finger_seed4/ckpt_snapshots/step000000396688,/scratch/midway3/rickybao/dreamerv3_runs/adapt_random_finger_seed4_ckpt400000,DONE,,,,
adapt_apt_finger_seed5_ckpt400000,adapt,dmc_finger_turn_hard,frozen_readout,5,1.25e5,/scratch/midway3/rickybao/dreamerv3_runs/pretrain_apt_finger_seed5/ckpt_snapshots/step000000399840,/scratch/midway3/rickybao/dreamerv3_runs/adapt_apt_finger_seed5_ckpt400000,DONE,,,,
adapt_random_cup_seed4_ckpt400000,adapt,dmc_cup_catch,frozen_readout,4,1.25e5,/scratch/midway3/rickybao/dreamerv3_runs/pretrain_random_cup_seed4/ckpt_snapshots/step000000402688,/scratch/midway3/rickybao/dreamerv3_runs/adapt_random_cup_seed4_ckpt400000,DONE,,,,
adapt_random_cup_seed1_ckpt100000,adapt,dmc_cup_catch,frozen_readout,1,1.25e5,/scratch/midway3/rickybao/dreamerv3_runs/pretrain_random_cup_seed1/ckpt_snapshots/step000000101056,/scratch/midway3/rickybao/dreamerv3_runs/adapt_random_cup_seed1_ckpt100000,DONE,,,,
adapt_apt_walker_seed5_ckpt500000,adapt,dmc_walker_walk,frozen_readout,5,1.25e5,/scratch/midway3/rickybao/dreamerv3_runs/pretrain_apt_walker_seed5/ckpt_snapshots/step000000499888,/scratch/midway3/rickybao/dreamerv3_runs/adapt_apt_walker_seed5_ckpt500000,DONE,,,,
adapt_p2e_finger_seed5_ckpt500000,adapt,dmc_finger_turn_hard,frozen_readout,5,1.25e5,/scratch/midway3/rickybao/dreamerv3_runs/pretrain_p2e_finger_seed5/ckpt_snapshots/step000000497296,/scratch/midway3/rickybao/dreamerv3_runs/adapt_p2e_finger_seed5_ckpt500000,DONE,,,,
adapt_p2e_cup_seed5_ckpt500000,adapt,dmc_cup_catch,frozen_readout,5,1.25e5,/scratch/midway3/rickybao/dreamerv3_runs/pretrain_p2e_cup_seed5/ckpt_snapshots/step000000497040,/scratch/midway3/rickybao/dreamerv3_runs/adapt_p2e_cup_seed5_ckpt500000,DONE,,,,
adapt_random_finger_seed4_ckpt500000,adapt,dmc_finger_turn_hard,frozen_readout,4,1.25e5,/scratch/midway3/rickybao/dreamerv3_runs/pretrain_random_finger_seed4/ckpt_snapshots/step000000495424,/scratch/midway3/rickybao/dreamerv3_runs/adapt_random_finger_seed4_ckpt500000,DONE,,,,
adapt_random_cup_seed4_ckpt500000,adapt,dmc_cup_catch,frozen_readout,4,1.25e5,/scratch/midway3/rickybao/dreamerv3_runs/pretrain_random_cup_seed4/ckpt_snapshots/step000000489360,/scratch/midway3/rickybao/dreamerv3_runs/adapt_random_cup_seed4_ckpt500000,DONE,,,,
adapt_apt_finger_seed5_ckpt500000,adapt,dmc_finger_turn_hard,frozen_readout,5,1.25e5,/scratch/midway3/rickybao/dreamerv3_runs/pretrain_apt_finger_seed5/ckpt_snapshots/step000000499680,/scratch/midway3/rickybao/dreamerv3_runs/adapt_apt_finger_seed5_ckpt500000,DONE,,,,
adapt_random_cup_seed1_ckpt200000,adapt,dmc_cup_catch,frozen_readout,1,1.25e5,/scratch/midway3/rickybao/dreamerv3_runs/pretrain_random_cup_seed1/ckpt_snapshots/step000000200304,/scratch/midway3/rickybao/dreamerv3_runs/adapt_random_cup_seed1_ckpt200000,DONE,,,,
adapt_p2e_cup_seed1_ckpt100000,adapt,dmc_cup_catch,frozen_readout,1,1.25e5,/scratch/midway3/rickybao/dreamerv3_runs/pretrain_p2e_cup_seed1/ckpt_snapshots/step000000100768,/scratch/midway3/rickybao/dreamerv3_runs/adapt_p2e_cup_seed1_ckpt100000,DONE,,,,
adapt_p2e_walker_seed1_ckpt100000,adapt,dmc_walker_walk,frozen_readout,1,1.25e5,/scratch/midway3/rickybao/dreamerv3_runs/pretrain_p2e_walker_seed1/ckpt_snapshots/step000000100720,/scratch/midway3/rickybao/dreamerv3_runs/adapt_p2e_walker_seed1_ckpt100000,DONE,,,,
adapt_random_finger_seed5_ckpt100000,adapt,dmc_finger_turn_hard,frozen_readout,5,1.25e5,/scratch/midway3/rickybao/dreamerv3_runs/pretrain_random_finger_seed5/ckpt_snapshots/step000000100240,/scratch/midway3/rickybao/dreamerv3_runs/adapt_random_finger_seed5_ckpt100000,DONE,,,,
adapt_p2e_finger_seed1_ckpt100000,adapt,dmc_finger_turn_hard,frozen_readout,1,1.25e5,/scratch/midway3/rickybao/dreamerv3_runs/pretrain_p2e_finger_seed1/ckpt_snapshots/step000000100432,/scratch/midway3/rickybao/dreamerv3_runs/adapt_p2e_finger_seed1_ckpt100000,DONE,,,,
adapt_random_cup_seed5_ckpt100000,adapt,dmc_cup_catch,frozen_readout,5,1.25e5,/scratch/midway3/rickybao/dreamerv3_runs/pretrain_random_cup_seed5/ckpt_snapshots/step000000099472,/scratch/midway3/rickybao/dreamerv3_runs/adapt_random_cup_seed5_ckpt100000,DONE,,,,
adapt_apt_walker_seed1_ckpt100000,adapt,dmc_walker_walk,frozen_readout,1,1.25e5,/scratch/midway3/rickybao/dreamerv3_runs/pretrain_apt_walker_seed1/ckpt_snapshots/step000000099296,/scratch/midway3/rickybao/dreamerv3_runs/adapt_apt_walker_seed1_ckpt100000,DONE,,,,
adapt_random_cup_seed1_ckpt300000,adapt,dmc_cup_catch,frozen_readout,1,1.25e5,/scratch/midway3/rickybao/dreamerv3_runs/pretrain_random_cup_seed1/ckpt_snapshots/step000000299568,/scratch/midway3/rickybao/dreamerv3_runs/adapt_random_cup_seed1_ckpt300000,DONE,,,,
adapt_p2e_cup_seed1_ckpt200000,adapt,dmc_cup_catch,frozen_readout,1,1.25e5,/scratch/midway3/rickybao/dreamerv3_runs/pretrain_p2e_cup_seed1/ckpt_snapshots/step000000199680,/scratch/midway3/rickybao/dreamerv3_runs/adapt_p2e_cup_seed1_ckpt200000,DONE,,,,
adapt_apt_finger_seed3_ckpt300000,adapt,dmc_finger_turn_hard,frozen_readout,3,1.25e5,/scratch/midway3/rickybao/dreamerv3_runs/pretrain_apt_finger_seed3/ckpt_snapshots/step000000300352,/scratch/midway3/rickybao/dreamerv3_runs/adapt_apt_finger_seed3_ckpt300000,FAILED,,,,
adapt_random_finger_seed5_ckpt200000,adapt,dmc_finger_turn_hard,frozen_readout,5,1.25e5,/scratch/midway3/rickybao/dreamerv3_runs/pretrain_random_finger_seed5/ckpt_snapshots/step000000198608,/scratch/midway3/rickybao/dreamerv3_runs/adapt_random_finger_seed5_ckpt200000,DONE,,,,
adapt_random_walker_seed3_ckpt500000,adapt,dmc_walker_walk,frozen_readout,3,1.25e5,/scratch/midway3/rickybao/dreamerv3_runs/pretrain_random_walker_seed3/ckpt_snapshots/step000000493616,/scratch/midway3/rickybao/dreamerv3_runs/adapt_random_walker_seed3_ckpt500000,FAILED,,,,
adapt_p2e_walker_seed1_ckpt200000,adapt,dmc_walker_walk,frozen_readout,1,1.25e5,/scratch/midway3/rickybao/dreamerv3_runs/pretrain_p2e_walker_seed1/ckpt_snapshots/step000000199520,/scratch/midway3/rickybao/dreamerv3_runs/adapt_p2e_walker_seed1_ckpt200000,DONE,,,,
adapt_random_cup_seed5_ckpt200000,adapt,dmc_cup_catch,frozen_readout,5,1.25e5,/scratch/midway3/rickybao/dreamerv3_runs/pretrain_random_cup_seed5/ckpt_snapshots/step000000197104,/scratch/midway3/rickybao/dreamerv3_runs/adapt_random_cup_seed5_ckpt200000,DONE,,,,
adapt_p2e_finger_seed1_ckpt200000,adapt,dmc_finger_turn_hard,frozen_readout,1,1.25e5,/scratch/midway3/rickybao/dreamerv3_runs/pretrain_p2e_finger_seed1/ckpt_snapshots/step000000198928,/scratch/midway3/rickybao/dreamerv3_runs/adapt_p2e_finger_seed1_ckpt200000,DONE,,,,
adapt_random_cup_seed1_ckpt400000,adapt,dmc_cup_catch,frozen_readout,1,1.25e5,/scratch/midway3/rickybao/dreamerv3_runs/pretrain_random_cup_seed1/ckpt_snapshots/step000000398832,/scratch/midway3/rickybao/dreamerv3_runs/adapt_random_cup_seed1_ckpt400000,DONE,,,,
adapt_apt_walker_seed1_ckpt200000,adapt,dmc_walker_walk,frozen_readout,1,1.25e5,/scratch/midway3/rickybao/dreamerv3_runs/pretrain_apt_walker_seed1/ckpt_snapshots/step000000201120,/scratch/midway3/rickybao/dreamerv3_runs/adapt_apt_walker_seed1_ckpt200000,DONE,,,,
adapt_random_finger_seed5_ckpt300000,adapt,dmc_finger_turn_hard,frozen_readout,5,1.25e5,/scratch/midway3/rickybao/dreamerv3_runs/pretrain_random_finger_seed5/ckpt_snapshots/step000000296896,/scratch/midway3/rickybao/dreamerv3_runs/adapt_random_finger_seed5_ckpt300000,DONE,,,,
adapt_p2e_cup_seed1_ckpt300000,adapt,dmc_cup_catch,frozen_readout,1,1.25e5,/scratch/midway3/rickybao/dreamerv3_runs/pretrain_p2e_cup_seed1/ckpt_snapshots/step000000298576,/scratch/midway3/rickybao/dreamerv3_runs/adapt_p2e_cup_seed1_ckpt300000,DONE,,,,
adapt_random_cup_seed5_ckpt300000,adapt,dmc_cup_catch,frozen_readout,5,1.25e5,/scratch/midway3/rickybao/dreamerv3_runs/pretrain_random_cup_seed5/ckpt_snapshots/step000000294752,/scratch/midway3/rickybao/dreamerv3_runs/adapt_random_cup_seed5_ckpt300000,DONE,,,,
adapt_p2e_walker_seed1_ckpt300000,adapt,dmc_walker_walk,frozen_readout,1,1.25e5,/scratch/midway3/rickybao/dreamerv3_runs/pretrain_p2e_walker_seed1/ckpt_snapshots/step000000298320,/scratch/midway3/rickybao/dreamerv3_runs/adapt_p2e_walker_seed1_ckpt300000,DONE,,,,
adapt_p2e_finger_seed1_ckpt300000,adapt,dmc_finger_turn_hard,frozen_readout,1,1.25e5,/scratch/midway3/rickybao/dreamerv3_runs/pretrain_p2e_finger_seed1/ckpt_snapshots/step000000297600,/scratch/midway3/rickybao/dreamerv3_runs/adapt_p2e_finger_seed1_ckpt300000,DONE,,,,
adapt_random_cup_seed1_ckpt500000,adapt,dmc_cup_catch,frozen_readout,1,1.25e5,/scratch/midway3/rickybao/dreamerv3_runs/pretrain_random_cup_seed1/ckpt_snapshots/step000000498144,/scratch/midway3/rickybao/dreamerv3_runs/adapt_random_cup_seed1_ckpt500000,DONE,,,,
adapt_apt_walker_seed1_ckpt300000,adapt,dmc_walker_walk,frozen_readout,1,1.25e5,/scratch/midway3/rickybao/dreamerv3_runs/pretrain_apt_walker_seed1/ckpt_snapshots/step000000300576,/scratch/midway3/rickybao/dreamerv3_runs/adapt_apt_walker_seed1_ckpt300000,DONE,,,,
adapt_random_finger_seed5_ckpt400000,adapt,dmc_finger_turn_hard,frozen_readout,5,1.25e5,/scratch/midway3/rickybao/dreamerv3_runs/pretrain_random_finger_seed5/ckpt_snapshots/step000000404176,/scratch/midway3/rickybao/dreamerv3_runs/adapt_random_finger_seed5_ckpt400000,DONE,,,,
adapt_random_cup_seed5_ckpt400000,adapt,dmc_cup_catch,frozen_readout,5,1.25e5,/scratch/midway3/rickybao/dreamerv3_runs/pretrain_random_cup_seed5/ckpt_snapshots/step000000403200,/scratch/midway3/rickybao/dreamerv3_runs/adapt_random_cup_seed5_ckpt400000,DONE,,,,
adapt_p2e_cup_seed1_ckpt400000,adapt,dmc_cup_catch,frozen_readout,1,1.25e5,/scratch/midway3/rickybao/dreamerv3_runs/pretrain_p2e_cup_seed1/ckpt_snapshots/step000000401936,/scratch/midway3/rickybao/dreamerv3_runs/adapt_p2e_cup_seed1_ckpt400000,DONE,,,,
adapt_p2e_walker_seed1_ckpt400000,adapt,dmc_walker_walk,frozen_readout,1,1.25e5,/scratch/midway3/rickybao/dreamerv3_runs/pretrain_p2e_walker_seed1/ckpt_snapshots/step000000402384,/scratch/midway3/rickybao/dreamerv3_runs/adapt_p2e_walker_seed1_ckpt400000,DONE,,,,
adapt_p2e_finger_seed1_ckpt400000,adapt,dmc_finger_turn_hard,frozen_readout,1,1.25e5,/scratch/midway3/rickybao/dreamerv3_runs/pretrain_p2e_finger_seed1/ckpt_snapshots/step000000401536,/scratch/midway3/rickybao/dreamerv3_runs/adapt_p2e_finger_seed1_ckpt400000,DONE,,,,
adapt_apt_walker_seed1_ckpt400000,adapt,dmc_walker_walk,frozen_readout,1,1.25e5,/scratch/midway3/rickybao/dreamerv3_runs/pretrain_apt_walker_seed1/ckpt_snapshots/step000000400032,/scratch/midway3/rickybao/dreamerv3_runs/adapt_apt_walker_seed1_ckpt400000,DONE,,,,
adapt_random_finger_seed5_ckpt500000,adapt,dmc_finger_turn_hard,frozen_readout,5,1.25e5,/scratch/midway3/rickybao/dreamerv3_runs/pretrain_random_finger_seed5/ckpt_snapshots/step000000493552,/scratch/midway3/rickybao/dreamerv3_runs/adapt_random_finger_seed5_ckpt500000,DONE,,,,
adapt_random_cup_seed5_ckpt500000,adapt,dmc_cup_catch,frozen_readout,5,1.25e5,/scratch/midway3/rickybao/dreamerv3_runs/pretrain_random_cup_seed5/ckpt_snapshots/step000000489968,/scratch/midway3/rickybao/dreamerv3_runs/adapt_random_cup_seed5_ckpt500000,DONE,,,,
adapt_p2e_cup_seed1_ckpt500000,adapt,dmc_cup_catch,frozen_readout,1,1.25e5,/scratch/midway3/rickybao/dreamerv3_runs/pretrain_p2e_cup_seed1/ckpt_snapshots/step000000496320,/scratch/midway3/rickybao/dreamerv3_runs/adapt_p2e_cup_seed1_ckpt500000,DONE,,,,
adapt_p2e_walker_seed1_ckpt500000,adapt,dmc_walker_walk,frozen_readout,1,1.25e5,/scratch/midway3/rickybao/dreamerv3_runs/pretrain_p2e_walker_seed1/ckpt_snapshots/step000000496032,/scratch/midway3/rickybao/dreamerv3_runs/adapt_p2e_walker_seed1_ckpt500000,DONE,,,,
adapt_p2e_finger_seed1_ckpt500000,adapt,dmc_finger_turn_hard,frozen_readout,1,1.25e5,/scratch/midway3/rickybao/dreamerv3_runs/pretrain_p2e_finger_seed1/ckpt_snapshots/step000000494928,/scratch/midway3/rickybao/dreamerv3_runs/adapt_p2e_finger_seed1_ckpt500000,DONE,,,,
adapt_apt_walker_seed1_ckpt500000,adapt,dmc_walker_walk,frozen_readout,1,1.25e5,/scratch/midway3/rickybao/dreamerv3_runs/pretrain_apt_walker_seed1/ckpt_snapshots/step000000499488,/scratch/midway3/rickybao/dreamerv3_runs/adapt_apt_walker_seed1_ckpt500000,DONE,,,,
adapt_apt_finger_seed3_ckpt300000,adapt,dmc_finger_turn_hard,frozen_readout,3,1.25e5,/scratch/midway3/rickybao/dreamerv3_runs/pretrain_apt_finger_seed3/ckpt_snapshots/step000000300352,/scratch/midway3/rickybao/dreamerv3_runs/adapt_apt_finger_seed3_ckpt300000,FAILED,,,,
adapt_random_walker_seed2_ckpt300000,adapt,dmc_walker_walk,frozen_readout,2,1.25e5,/scratch/midway3/rickybao/dreamerv3_runs/pretrain_random_walker_seed2/ckpt_snapshots/step000000303600,/scratch/midway3/rickybao/dreamerv3_runs/adapt_random_walker_seed2_ckpt300000,FAILED,,,,
adapt_random_walker_seed4_ckpt500000,adapt,dmc_walker_walk,frozen_readout,4,1.25e5,/scratch/midway3/rickybao/dreamerv3_runs/pretrain_random_walker_seed4/ckpt_snapshots/step000000495744,/scratch/midway3/rickybao/dreamerv3_runs/adapt_random_walker_seed4_ckpt500000,FAILED,,,,
adapt_apt_finger_seed3_ckpt300000,adapt,dmc_finger_turn_hard,frozen_readout,3,1.25e5,/scratch/midway3/rickybao/dreamerv3_runs/pretrain_apt_finger_seed3/ckpt_snapshots/step000000300352,/scratch/midway3/rickybao/dreamerv3_runs/adapt_apt_finger_seed3_ckpt300000,FAILED,,,,
adapt_random_walker_seed2_ckpt300000,adapt,dmc_walker_walk,frozen_readout,2,1.25e5,/scratch/midway3/rickybao/dreamerv3_runs/pretrain_random_walker_seed2/ckpt_snapshots/step000000303600,/scratch/midway3/rickybao/dreamerv3_runs/adapt_random_walker_seed2_ckpt300000,FAILED,,,,
adapt_random_walker_seed4_ckpt500000,adapt,dmc_walker_walk,frozen_readout,4,1.25e5,/scratch/midway3/rickybao/dreamerv3_runs/pretrain_random_walker_seed4/ckpt_snapshots/step000000495744,/scratch/midway3/rickybao/dreamerv3_runs/adapt_random_walker_seed4_ckpt500000,FAILED,,,,
adapt_random_walker_seed2_ckpt300000,adapt,dmc_walker_walk,frozen_readout,2,1.25e5,/scratch/midway3/rickybao/dreamerv3_runs/pretrain_random_walker_seed2/ckpt_snapshots/step000000303600,/scratch/midway3/rickybao/dreamerv3_runs/adapt_random_walker_seed2_ckpt300000,FAILED,,,,
adapt_apt_finger_seed3_ckpt300000,adapt,dmc_finger_turn_hard,frozen_readout,3,1.25e5,/scratch/midway3/rickybao/dreamerv3_runs/pretrain_apt_finger_seed3/ckpt_snapshots/step000000300352,/scratch/midway3/rickybao/dreamerv3_runs/adapt_apt_finger_seed3_ckpt300000,FAILED,,,,
adapt_random_walker_seed4_ckpt500000,adapt,dmc_walker_walk,frozen_readout,4,1.25e5,/scratch/midway3/rickybao/dreamerv3_runs/pretrain_random_walker_seed4/ckpt_snapshots/step000000495744,/scratch/midway3/rickybao/dreamerv3_runs/adapt_random_walker_seed4_ckpt500000,FAILED,,,,
adapt_random_walker_seed2_ckpt300000,adapt,dmc_walker_walk,frozen_readout,2,1.25e5,/scratch/midway3/rickybao/dreamerv3_runs/pretrain_random_walker_seed2/ckpt_snapshots/step000000303600,/scratch/midway3/rickybao/dreamerv3_runs/adapt_random_walker_seed2_ckpt300000,FAILED,,,,
adapt_random_walker_seed4_ckpt500000,adapt,dmc_walker_walk,frozen_readout,4,1.25e5,/scratch/midway3/rickybao/dreamerv3_runs/pretrain_random_walker_seed4/ckpt_snapshots/step000000495744,/scratch/midway3/rickybao/dreamerv3_runs/adapt_random_walker_seed4_ckpt500000,FAILED,,,,
adapt_apt_finger_seed3_ckpt300000,adapt,dmc_finger_turn_hard,frozen_readout,3,1.25e5,/scratch/midway3/rickybao/dreamerv3_runs/pretrain_apt_finger_seed3/ckpt_snapshots/step000000300352,/scratch/midway3/rickybao/dreamerv3_runs/adapt_apt_finger_seed3_ckpt300000,FAILED,,,,
smoke_adapt_apt_finger_seed3_ckpt300000,adapt,dmc_finger_turn_hard,frozen_readout,3,1000,/scratch/midway3/rickybao/dreamerv3_runs/pretrain_apt_finger_seed3/ckpt_snapshots/step000000300352,/scratch/midway3/rickybao/dreamerv3_runs/smoke_adapt_apt_finger_seed3_ckpt300000,FAILED,,,,
adapt_apt_finger_seed3_ckpt300000,adapt,dmc_finger_turn_hard,frozen_readout,3,1.25e5,/scratch/midway3/rickybao/dreamerv3_runs/pretrain_apt_finger_seed3/ckpt_snapshots/step000000300352,/scratch/midway3/rickybao/dreamerv3_runs/adapt_apt_finger_seed3_ckpt300000,FAILED,,,,
adapt_random_walker_seed3_ckpt400000,adapt,dmc_walker_walk,frozen_readout,3,1.25e5,/scratch/midway3/rickybao/dreamerv3_runs/pretrain_random_walker_seed3/ckpt_snapshots/step000000397072,/scratch/midway3/rickybao/dreamerv3_runs/adapt_random_walker_seed3_ckpt400000,FAILED,,,,
adapt_random_walker_seed1_ckpt500000,adapt,dmc_walker_walk,frozen_readout,1,1.25e5,/scratch/midway3/rickybao/dreamerv3_runs/pretrain_random_walker_seed1/ckpt_snapshots/step000000497104,/scratch/midway3/rickybao/dreamerv3_runs/adapt_random_walker_seed1_ckpt500000,FAILED,,,,
adapt_random_walker_seed5_ckpt100000,adapt,dmc_walker_walk,frozen_readout,5,1.25e5,/scratch/midway3/rickybao/dreamerv3_runs/pretrain_random_walker_seed5/ckpt_snapshots/step000000100096,/scratch/midway3/rickybao/dreamerv3_runs/adapt_random_walker_seed5_ckpt100000,FAILED,,,,
adapt_apt_finger_seed3_ckpt300000,adapt,dmc_finger_turn_hard,frozen_readout,3,1.25e5,/scratch/midway3/rickybao/dreamerv3_runs/pretrain_apt_finger_seed3/ckpt_snapshots/step000000300352,/scratch/midway3/rickybao/dreamerv3_runs/adapt_apt_finger_seed3_ckpt300000,FAILED,,,,
adapt_random_walker_seed5_ckpt100000,adapt,dmc_walker_walk,frozen_readout,5,1.25e5,/scratch/midway3/rickybao/dreamerv3_runs/pretrain_random_walker_seed5/ckpt_snapshots/step000000100096,/scratch/midway3/rickybao/dreamerv3_runs/adapt_random_walker_seed5_ckpt100000,DONE,,,,
adapt_random_walker_seed1_ckpt500000,adapt,dmc_walker_walk,frozen_readout,1,1.25e5,/scratch/midway3/rickybao/dreamerv3_runs/pretrain_random_walker_seed1/ckpt_snapshots/step000000497104,/scratch/midway3/rickybao/dreamerv3_runs/adapt_random_walker_seed1_ckpt500000,DONE,,,,
adapt_apt_finger_seed3_ckpt300000,adapt,dmc_finger_turn_hard,frozen_readout,3,1.25e5,/scratch/midway3/rickybao/dreamerv3_runs/pretrain_apt_finger_seed3/ckpt_snapshots/step000000300352,/scratch/midway3/rickybao/dreamerv3_runs/adapt_apt_finger_seed3_ckpt300000,DONE,,,,
adapt_random_walker_seed3_ckpt400000,adapt,dmc_walker_walk,frozen_readout,3,1.25e5,/scratch/midway3/rickybao/dreamerv3_runs/pretrain_random_walker_seed3/ckpt_snapshots/step000000397072,/scratch/midway3/rickybao/dreamerv3_runs/adapt_random_walker_seed3_ckpt400000,DONE,,,,
adapt_random_walker_seed2_ckpt200000,adapt,dmc_walker_walk,frozen_readout,2,1.25e5,/scratch/midway3/rickybao/dreamerv3_runs/pretrain_random_walker_seed2/ckpt_snapshots/step000000195824,/scratch/midway3/rickybao/dreamerv3_runs/adapt_random_walker_seed2_ckpt200000,DONE,,,,
adapt_apt_finger_seed3_ckpt300000,adapt,dmc_finger_turn_hard,frozen_readout,3,1.25e5,/scratch/midway3/rickybao/dreamerv3_runs/pretrain_apt_finger_seed3/ckpt_snapshots/step000000300352,/scratch/midway3/rickybao/dreamerv3_runs/adapt_apt_finger_seed3_ckpt300000,DONE,,,,
adapt_random_walker_seed4_ckpt300000,adapt,dmc_walker_walk,frozen_readout,4,1.25e5,/scratch/midway3/rickybao/dreamerv3_runs/pretrain_random_walker_seed4/ckpt_snapshots/step000000301344,/scratch/midway3/rickybao/dreamerv3_runs/adapt_random_walker_seed4_ckpt300000,DONE,,,,
adapt_random_walker_seed2_ckpt300000,adapt,dmc_walker_walk,frozen_readout,2,1.25e5,/scratch/midway3/rickybao/dreamerv3_runs/pretrain_random_walker_seed2/ckpt_snapshots/step000000303600,/scratch/midway3/rickybao/dreamerv3_runs/adapt_random_walker_seed2_ckpt300000,DONE,,,,
adapt_random_walker_seed4_ckpt400000,adapt,dmc_walker_walk,frozen_readout,4,1.25e5,/scratch/midway3/rickybao/dreamerv3_runs/pretrain_random_walker_seed4/ckpt_snapshots/step000000398544,/scratch/midway3/rickybao/dreamerv3_runs/adapt_random_walker_seed4_ckpt400000,DONE,,,,
adapt_random_walker_seed2_ckpt400000,adapt,dmc_walker_walk,frozen_readout,2,1.25e5,/scratch/midway3/rickybao/dreamerv3_runs/pretrain_random_walker_seed2/ckpt_snapshots/step000000400656,/scratch/midway3/rickybao/dreamerv3_runs/adapt_random_walker_seed2_ckpt400000,DONE,,,,
adapt_random_walker_seed4_ckpt500000,adapt,dmc_walker_walk,frozen_readout,4,1.25e5,/scratch/midway3/rickybao/dreamerv3_runs/pretrain_random_walker_seed4/ckpt_snapshots/step000000495744,/scratch/midway3/rickybao/dreamerv3_runs/adapt_random_walker_seed4_ckpt500000,DONE,,,,
adapt_random_walker_seed2_ckpt500000,adapt,dmc_walker_walk,frozen_readout,2,1.25e5,/scratch/midway3/rickybao/dreamerv3_runs/pretrain_random_walker_seed2/ckpt_snapshots/step000000497712,/scratch/midway3/rickybao/dreamerv3_runs/adapt_random_walker_seed2_ckpt500000,DONE,,,,
adapt_random_walker_seed5_ckpt100000,adapt,dmc_walker_walk,frozen_readout,5,1.25e5,/scratch/midway3/rickybao/dreamerv3_runs/pretrain_random_walker_seed5/ckpt_snapshots/step000000100096,/scratch/midway3/rickybao/dreamerv3_runs/adapt_random_walker_seed5_ckpt100000,DONE,,,,
adapt_random_walker_seed3_ckpt300000,adapt,dmc_walker_walk,frozen_readout,3,1.25e5,/scratch/midway3/rickybao/dreamerv3_runs/pretrain_random_walker_seed3/ckpt_snapshots/step000000300544,/scratch/midway3/rickybao/dreamerv3_runs/adapt_random_walker_seed3_ckpt300000,DONE,,,,
adapt_random_walker_seed5_ckpt200000,adapt,dmc_walker_walk,frozen_readout,5,1.25e5,/scratch/midway3/rickybao/dreamerv3_runs/pretrain_random_walker_seed5/ckpt_snapshots/step000000198320,/scratch/midway3/rickybao/dreamerv3_runs/adapt_random_walker_seed5_ckpt200000,DONE,,,,
adapt_random_walker_seed3_ckpt400000,adapt,dmc_walker_walk,frozen_readout,3,1.25e5,/scratch/midway3/rickybao/dreamerv3_runs/pretrain_random_walker_seed3/ckpt_snapshots/step000000397072,/scratch/midway3/rickybao/dreamerv3_runs/adapt_random_walker_seed3_ckpt400000,DONE,,,,
adapt_random_walker_seed5_ckpt300000,adapt,dmc_walker_walk,frozen_readout,5,1.25e5,/scratch/midway3/rickybao/dreamerv3_runs/pretrain_random_walker_seed5/ckpt_snapshots/step000000296656,/scratch/midway3/rickybao/dreamerv3_runs/adapt_random_walker_seed5_ckpt300000,DONE,,,,
adapt_apt_finger_seed3_ckpt400000,adapt,dmc_finger_turn_hard,frozen_readout,3,1.25e5,/scratch/midway3/rickybao/dreamerv3_runs/pretrain_apt_finger_seed3/ckpt_snapshots/step000000399792,/scratch/midway3/rickybao/dreamerv3_runs/adapt_apt_finger_seed3_ckpt400000,DONE,,,,
adapt_random_walker_seed3_ckpt500000,adapt,dmc_walker_walk,frozen_readout,3,1.25e5,/scratch/midway3/rickybao/dreamerv3_runs/pretrain_random_walker_seed3/ckpt_snapshots/step000000493616,/scratch/midway3/rickybao/dreamerv3_runs/adapt_random_walker_seed3_ckpt500000,DONE,,,,
adapt_random_walker_seed5_ckpt400000,adapt,dmc_walker_walk,frozen_readout,5,1.25e5,/scratch/midway3/rickybao/dreamerv3_runs/pretrain_random_walker_seed5/ckpt_snapshots/step000000404000,/scratch/midway3/rickybao/dreamerv3_runs/adapt_random_walker_seed5_ckpt400000,DONE,,,,
adapt_random_walker_seed4_ckpt100000,adapt,dmc_walker_walk,frozen_readout,4,1.25e5,/scratch/midway3/rickybao/dreamerv3_runs/pretrain_random_walker_seed4/ckpt_snapshots/step000000098576,/scratch/midway3/rickybao/dreamerv3_runs/adapt_random_walker_seed4_ckpt100000,DONE,,,,
adapt_random_walker_seed5_ckpt500000,adapt,dmc_walker_walk,frozen_readout,5,1.25e5,/scratch/midway3/rickybao/dreamerv3_runs/pretrain_random_walker_seed5/ckpt_snapshots/step000000493424,/scratch/midway3/rickybao/dreamerv3_runs/adapt_random_walker_seed5_ckpt500000,DONE,,,,
adapt_random_walker_seed4_ckpt200000,adapt,dmc_walker_walk,frozen_readout,4,1.25e5,/scratch/midway3/rickybao/dreamerv3_runs/pretrain_random_walker_seed4/ckpt_snapshots/step000000204160,/scratch/midway3/rickybao/dreamerv3_runs/adapt_random_walker_seed4_ckpt200000,DONE,,,,
ax1wm_cup_q1s0_seed1,offline_fit,dmc_cup_catch,static,1,500000,/scratch/midway3/rickybao/dreamerv3_runs/axis1_cup/q1/side0,/scratch/midway3/rickybao/dreamerv3_runs/ax1wm_cup_q1s0_seed1,DONE,,,axis1,ax1_cup_q1
adapt_apt_finger_seed3_ckpt500000,adapt,dmc_finger_turn_hard,frozen_readout,3,1.25e5,/scratch/midway3/rickybao/dreamerv3_runs/pretrain_apt_finger_seed3/ckpt_snapshots/step000000499248,/scratch/midway3/rickybao/dreamerv3_runs/adapt_apt_finger_seed3_ckpt500000,DONE,,,,
ax1wm_cup_q1s0_seed4,offline_fit,dmc_cup_catch,static,4,500000,/scratch/midway3/rickybao/dreamerv3_runs/axis1_cup/q1/side0,/scratch/midway3/rickybao/dreamerv3_runs/ax1wm_cup_q1s0_seed4,DONE,,,axis1,ax1_cup_q1
ax1wm_cup_q1s0_seed7,offline_fit,dmc_cup_catch,static,7,500000,/scratch/midway3/rickybao/dreamerv3_runs/axis1_cup/q1/side0,/scratch/midway3/rickybao/dreamerv3_runs/ax1wm_cup_q1s0_seed7,DONE,,,axis1,ax1_cup_q1
adapt_apt_finger_seed3_ckpt500000,adapt,dmc_finger_turn_hard,frozen_readout,3,1.25e5,/scratch/midway3/rickybao/dreamerv3_runs/pretrain_apt_finger_seed3/ckpt_snapshots/step000000499248,/scratch/midway3/rickybao/dreamerv3_runs/adapt_apt_finger_seed3_ckpt500000,DONE,,,,
adapt_random_walker_seed2_ckpt100000,adapt,dmc_walker_walk,frozen_readout,2,1.25e5,/scratch/midway3/rickybao/dreamerv3_runs/pretrain_random_walker_seed2/ckpt_snapshots/step000000098832,/scratch/midway3/rickybao/dreamerv3_runs/adapt_random_walker_seed2_ckpt100000,DONE,,,,
adapt_random_walker_seed1_ckpt300000,adapt,dmc_walker_walk,frozen_readout,1,1.25e5,/scratch/midway3/rickybao/dreamerv3_runs/pretrain_random_walker_seed1/ckpt_snapshots/step000000303248,/scratch/midway3/rickybao/dreamerv3_runs/adapt_random_walker_seed1_ckpt300000,DONE,,,,
ax1wm_cup_q1s0_seed1,offline_fit,dmc_cup_catch,static,1,500000,/scratch/midway3/rickybao/dreamerv3_runs/axis1_cup/q1/side0,/scratch/midway3/rickybao/dreamerv3_runs/ax1wm_cup_q1s0_seed1,DONE,,,axis1,ax1_cup_q1
ax1wm_cup_q1s0_seed4,offline_fit,dmc_cup_catch,static,4,500000,/scratch/midway3/rickybao/dreamerv3_runs/axis1_cup/q1/side0,/scratch/midway3/rickybao/dreamerv3_runs/ax1wm_cup_q1s0_seed4,DONE,,,axis1,ax1_cup_q1
ax1wm_cup_q1s0_seed7,offline_fit,dmc_cup_catch,static,7,500000,/scratch/midway3/rickybao/dreamerv3_runs/axis1_cup/q1/side0,/scratch/midway3/rickybao/dreamerv3_runs/ax1wm_cup_q1s0_seed7,DONE,,,axis1,ax1_cup_q1
adapt_random_walker_seed1_ckpt100000,adapt,dmc_walker_walk,frozen_readout,1,1.25e5,/scratch/midway3/rickybao/dreamerv3_runs/pretrain_random_walker_seed1/ckpt_snapshots/step000000098688,/scratch/midway3/rickybao/dreamerv3_runs/adapt_random_walker_seed1_ckpt100000,DONE,,,,
adapt_random_walker_seed1_ckpt400000,adapt,dmc_walker_walk,frozen_readout,1,1.25e5,/scratch/midway3/rickybao/dreamerv3_runs/pretrain_random_walker_seed1/ckpt_snapshots/step000000400160,/scratch/midway3/rickybao/dreamerv3_runs/adapt_random_walker_seed1_ckpt400000,DONE,,,,
ax1wm_cup_q1s1_seed2,offline_fit,dmc_cup_catch,static,2,500000,/scratch/midway3/rickybao/dreamerv3_runs/axis1_cup/q1/side1,/scratch/midway3/rickybao/dreamerv3_runs/ax1wm_cup_q1s1_seed2,DONE,,,axis1,ax1_cup_q1
adapt_random_walker_seed1_ckpt200000,adapt,dmc_walker_walk,frozen_readout,1,1.25e5,/scratch/midway3/rickybao/dreamerv3_runs/pretrain_random_walker_seed1/ckpt_snapshots/step000000195568,/scratch/midway3/rickybao/dreamerv3_runs/adapt_random_walker_seed1_ckpt200000,DONE,,,,
adapt_random_walker_seed1_ckpt500000,adapt,dmc_walker_walk,frozen_readout,1,1.25e5,/scratch/midway3/rickybao/dreamerv3_runs/pretrain_random_walker_seed1/ckpt_snapshots/step000000497104,/scratch/midway3/rickybao/dreamerv3_runs/adapt_random_walker_seed1_ckpt500000,DONE,,,,
ax1wm_cup_q1s1_seed5,offline_fit,dmc_cup_catch,static,5,500000,/scratch/midway3/rickybao/dreamerv3_runs/axis1_cup/q1/side1,/scratch/midway3/rickybao/dreamerv3_runs/ax1wm_cup_q1s1_seed5,DONE,,,axis1,ax1_cup_q1
adapt_ax1q1s0_cup_seed4_ckpt500000,adapt,dmc_cup_catch,frozen_readout,4,1.25e5,/scratch/midway3/rickybao/dreamerv3_runs/ax1wm_cup_q1s0_seed4/ckpt/20260707T162411F396258,/scratch/midway3/rickybao/dreamerv3_runs/adapt_ax1q1s0_cup_seed4_ckpt500000,DONE,,,axis1,ax1_cup_q1
ax1wm_cup_q1s0_seed5,offline_fit,dmc_cup_catch,static,5,500000,/scratch/midway3/rickybao/dreamerv3_runs/axis1_cup/q1/side0,/scratch/midway3/rickybao/dreamerv3_runs/ax1wm_cup_q1s0_seed5,DONE,,,axis1,ax1_cup_q1
adapt_ax1q1s0_cup_seed7_ckpt500000,adapt,dmc_cup_catch,frozen_readout,7,1.25e5,/scratch/midway3/rickybao/dreamerv3_runs/ax1wm_cup_q1s0_seed7/ckpt/20260707T174421F013643,/scratch/midway3/rickybao/dreamerv3_runs/adapt_ax1q1s0_cup_seed7_ckpt500000,DONE,,,axis1,ax1_cup_q1
ax1wm_cup_q1s0_seed8,offline_fit,dmc_cup_catch,static,8,500000,/scratch/midway3/rickybao/dreamerv3_runs/axis1_cup/q1/side0,/scratch/midway3/rickybao/dreamerv3_runs/ax1wm_cup_q1s0_seed8,DONE,,,axis1,ax1_cup_q1
adapt_ax1q1s1_cup_seed2_ckpt500000,adapt,dmc_cup_catch,frozen_readout,2,1.25e5,/scratch/midway3/rickybao/dreamerv3_runs/ax1wm_cup_q1s1_seed2/ckpt/20260707T184827F631462,/scratch/midway3/rickybao/dreamerv3_runs/adapt_ax1q1s1_cup_seed2_ckpt500000,DONE,,,axis1,ax1_cup_q1
ax1wm_cup_q1s1_seed3,offline_fit,dmc_cup_catch,static,3,500000,/scratch/midway3/rickybao/dreamerv3_runs/axis1_cup/q1/side1,/scratch/midway3/rickybao/dreamerv3_runs/ax1wm_cup_q1s1_seed3,DONE,,,axis1,ax1_cup_q1
adapt_ax1q1s1_cup_seed5_ckpt500000,adapt,dmc_cup_catch,frozen_readout,5,1.25e5,/scratch/midway3/rickybao/dreamerv3_runs/ax1wm_cup_q1s1_seed5/ckpt/20260707T220519F091202,/scratch/midway3/rickybao/dreamerv3_runs/adapt_ax1q1s1_cup_seed5_ckpt500000,DONE,,,axis1,ax1_cup_q1
ax1wm_cup_q1s1_seed6,offline_fit,dmc_cup_catch,static,6,500000,/scratch/midway3/rickybao/dreamerv3_runs/axis1_cup/q1/side1,/scratch/midway3/rickybao/dreamerv3_runs/ax1wm_cup_q1s1_seed6,DONE,,,axis1,ax1_cup_q1
adapt_ax1q1s0_cup_seed5_ckpt500000,adapt,dmc_cup_catch,frozen_readout,5,1.25e5,/scratch/midway3/rickybao/dreamerv3_runs/ax1wm_cup_q1s0_seed5/ckpt/20260707T230428F949588,/scratch/midway3/rickybao/dreamerv3_runs/adapt_ax1q1s0_cup_seed5_ckpt500000,DONE,,,axis1,ax1_cup_q1
ax1wm_cup_q1s0_seed6,offline_fit,dmc_cup_catch,static,6,500000,/scratch/midway3/rickybao/dreamerv3_runs/axis1_cup/q1/side0,/scratch/midway3/rickybao/dreamerv3_runs/ax1wm_cup_q1s0_seed6,DONE,,,axis1,ax1_cup_q1
adapt_ax1q1s0_cup_seed8_ckpt500000,adapt,dmc_cup_catch,frozen_readout,8,1.25e5,/scratch/midway3/rickybao/dreamerv3_runs/ax1wm_cup_q1s0_seed8/ckpt/20260708T013537F452510,/scratch/midway3/rickybao/dreamerv3_runs/adapt_ax1q1s0_cup_seed8_ckpt500000,DONE,,,axis1,ax1_cup_q1
ax1wm_cup_q1s1_seed1,offline_fit,dmc_cup_catch,static,1,500000,/scratch/midway3/rickybao/dreamerv3_runs/axis1_cup/q1/side1,/scratch/midway3/rickybao/dreamerv3_runs/ax1wm_cup_q1s1_seed1,DONE,,,axis1,ax1_cup_q1
adapt_ax1q1s1_cup_seed3_ckpt500000,adapt,dmc_cup_catch,frozen_readout,3,1.25e5,/scratch/midway3/rickybao/dreamerv3_runs/ax1wm_cup_q1s1_seed3/ckpt/20260708T024448F159205,/scratch/midway3/rickybao/dreamerv3_runs/adapt_ax1q1s1_cup_seed3_ckpt500000,DONE,,,axis1,ax1_cup_q1
ax1wm_cup_q1s1_seed4,offline_fit,dmc_cup_catch,static,4,500000,/scratch/midway3/rickybao/dreamerv3_runs/axis1_cup/q1/side1,/scratch/midway3/rickybao/dreamerv3_runs/ax1wm_cup_q1s1_seed4,RUNNING,,,axis1,ax1_cup_q1
adapt_ax1q1s0_cup_seed6_ckpt500000,adapt,dmc_cup_catch,frozen_readout,6,1.25e5,/scratch/midway3/rickybao/dreamerv3_runs/ax1wm_cup_q1s0_seed6/ckpt/20260708T053630F157565,/scratch/midway3/rickybao/dreamerv3_runs/adapt_ax1q1s0_cup_seed6_ckpt500000,DONE,,,axis1,ax1_cup_q1
adapt_ax1q1s1_cup_seed6_ckpt500000,adapt,dmc_cup_catch,frozen_readout,6,1.25e5,/scratch/midway3/rickybao/dreamerv3_runs/ax1wm_cup_q1s1_seed6/ckpt/20260708T060011F854852,/scratch/midway3/rickybao/dreamerv3_runs/adapt_ax1q1s1_cup_seed6_ckpt500000,DONE,,,axis1,ax1_cup_q1
ax1wm_cup_q1s1_seed7,offline_fit,dmc_cup_catch,static,7,500000,/scratch/midway3/rickybao/dreamerv3_runs/axis1_cup/q1/side1,/scratch/midway3/rickybao/dreamerv3_runs/ax1wm_cup_q1s1_seed7,DONE,,,axis1,ax1_cup_q1
ax1wm_cup_q1s1_seed8,offline_fit,dmc_cup_catch,static,8,500000,/scratch/midway3/rickybao/dreamerv3_runs/axis1_cup/q1/side1,/scratch/midway3/rickybao/dreamerv3_runs/ax1wm_cup_q1s1_seed8,DONE,,,axis1,ax1_cup_q1
ax1wm_cup_q2s0_seed3,offline_fit,dmc_cup_catch,static,3,500000,/scratch/midway3/rickybao/dreamerv3_runs/axis1_cup/q2/side0,/scratch/midway3/rickybao/dreamerv3_runs/ax1wm_cup_q2s0_seed3,DONE,,,axis1,ax1_cup_q2
ax1wm_cup_q2s0_seed6,offline_fit,dmc_cup_catch,static,6,500000,/workspace/dreamerv3_runs/axis1_cup/q2/side0,/workspace/dreamerv3_runs/ax1wm_cup_q2s0_seed6,DONE,,,axis1,ax1_cup_q2
ax1wm_cup_q2s1_seed1,offline_fit,dmc_cup_catch,static,1,500000,/scratch/midway3/rickybao/dreamerv3_runs/axis1_cup/q2/side1,/scratch/midway3/rickybao/dreamerv3_runs/ax1wm_cup_q2s1_seed1,DONE,,,axis1,ax1_cup_q2
ax1wm_cup_q2s1_seed4,offline_fit,dmc_cup_catch,static,4,500000,/scratch/midway3/rickybao/dreamerv3_runs/axis1_cup/q2/side1,/scratch/midway3/rickybao/dreamerv3_runs/ax1wm_cup_q2s1_seed4,RUNNING,,,axis1,ax1_cup_q2
adapt_ax1q1s1_cup_seed1_ckpt500000,adapt,dmc_cup_catch,frozen_readout,1,1.25e5,/scratch/midway3/rickybao/dreamerv3_runs/ax1wm_cup_q1s1_seed1/ckpt/20260708T093049F284130,/scratch/midway3/rickybao/dreamerv3_runs/adapt_ax1q1s1_cup_seed1_ckpt500000,DONE,,,axis1,ax1_cup_q1
ax1wm_cup_q2s1_seed7,offline_fit,dmc_cup_catch,static,7,500000,/workspace/dreamerv3_runs/axis1_cup/q2/side1,/workspace/dreamerv3_runs/ax1wm_cup_q2s1_seed7,DONE,,,axis1,ax1_cup_q2
ax1wm_finger_q1s0_seed2,offline_fit,dmc_finger_turn_hard,static,2,500000,/scratch/midway3/rickybao/dreamerv3_runs/axis1_finger/q1/side0,/scratch/midway3/rickybao/dreamerv3_runs/ax1wm_finger_q1s0_seed2,RUNNING,,,axis1,ax1_finger_q1
ax1wm_cup_q1s0_seed1,offline_fit,dmc_cup_catch,static,1,500000,/scratch/midway3/rickybao/dreamerv3_runs/axis1_cup/q1/side0,/scratch/midway3/rickybao/dreamerv3_runs/ax1wm_cup_q1s0_seed1,DONE,,,axis1,ax1_cup_q1
ax1wm_finger_q1s0_seed5,offline_fit,dmc_finger_turn_hard,static,5,500000,/workspace/dreamerv3_runs/axis1_finger/q1/side0,/workspace/dreamerv3_runs/ax1wm_finger_q1s0_seed5,DONE,,,axis1,ax1_finger_q1
ax1wm_cup_q1s0_seed1,offline_fit,dmc_cup_catch,static,1,500000,/scratch/midway3/rickybao/dreamerv3_runs/axis1_cup/q1/side0,/scratch/midway3/rickybao/dreamerv3_runs/ax1wm_cup_q1s0_seed1,DONE,,,axis1,ax1_cup_q1
ax1wm_cup_q1s1_seed7,offline_fit,dmc_cup_catch,static,7,500000,/scratch/midway3/rickybao/dreamerv3_runs/axis1_cup/q1/side1,/scratch/midway3/rickybao/dreamerv3_runs/ax1wm_cup_q1s1_seed7,DONE,,,axis1,ax1_cup_q1
ax1wm_cup_q2s0_seed3,offline_fit,dmc_cup_catch,static,3,500000,/scratch/midway3/rickybao/dreamerv3_runs/axis1_cup/q2/side0,/scratch/midway3/rickybao/dreamerv3_runs/ax1wm_cup_q2s0_seed3,DONE,,,axis1,ax1_cup_q2
ax1wm_cup_q2s0_seed7,offline_fit,dmc_cup_catch,static,7,500000,/scratch/midway3/rickybao/dreamerv3_runs/axis1_cup/q2/side0,/scratch/midway3/rickybao/dreamerv3_runs/ax1wm_cup_q2s0_seed7,DONE,,,axis1,ax1_cup_q2
ax1wm_cup_q2s1_seed3,offline_fit,dmc_cup_catch,static,3,500000,/scratch/midway3/rickybao/dreamerv3_runs/axis1_cup/q2/side1,/scratch/midway3/rickybao/dreamerv3_runs/ax1wm_cup_q2s1_seed3,RUNNING,,,axis1,ax1_cup_q2
ax1wm_cup_q2s1_seed7,offline_fit,dmc_cup_catch,static,7,500000,/workspace/dreamerv3_runs/axis1_cup/q2/side1,/workspace/dreamerv3_runs/ax1wm_cup_q2s1_seed7,DONE,,,axis1,ax1_cup_q2
adapt_ax1q2s0_cup_seed7_ckpt500000,adapt,dmc_cup_catch,frozen_readout,7,1.25e5,/scratch/midway3/rickybao/dreamerv3_runs/ax1wm_cup_q2s0_seed7/ckpt/20260708T214759F901027,/scratch/midway3/rickybao/dreamerv3_runs/adapt_ax1q2s0_cup_seed7_ckpt500000,DONE,,,axis1,ax1_cup_q2
ax1wm_cup_q2s0_seed8,offline_fit,dmc_cup_catch,static,8,500000,/scratch/midway3/rickybao/dreamerv3_runs/axis1_cup/q2/side0,/scratch/midway3/rickybao/dreamerv3_runs/ax1wm_cup_q2s0_seed8,DONE,,,axis1,ax1_cup_q2
adapt_ax1q1s0_cup_seed1_ckpt500000,adapt,dmc_cup_catch,frozen_readout,1,1.25e5,/scratch/midway3/rickybao/dreamerv3_runs/ax1wm_cup_q1s0_seed1/ckpt/20260708T224207F855536,/scratch/midway3/rickybao/dreamerv3_runs/adapt_ax1q1s0_cup_seed1_ckpt500000,DONE,,,axis1,ax1_cup_q1
adapt_ax1q1s1_cup_seed7_ckpt500000,adapt,dmc_cup_catch,frozen_readout,7,1.25e5,/scratch/midway3/rickybao/dreamerv3_runs/ax1wm_cup_q1s1_seed7/ckpt/20260708T224539F097884,/scratch/midway3/rickybao/dreamerv3_runs/adapt_ax1q1s1_cup_seed7_ckpt500000,DONE,,,axis1,ax1_cup_q1
adapt_ax1q2s0_cup_seed3_ckpt500000,adapt,dmc_cup_catch,frozen_readout,3,1.25e5,/scratch/midway3/rickybao/dreamerv3_runs/ax1wm_cup_q2s0_seed3/ckpt/20260708T225540F541016,/scratch/midway3/rickybao/dreamerv3_runs/adapt_ax1q2s0_cup_seed3_ckpt500000,DONE,,,axis1,ax1_cup_q2
ax1wm_cup_q1s0_seed2,offline_fit,dmc_cup_catch,static,2,500000,/scratch/midway3/rickybao/dreamerv3_runs/axis1_cup/q1/side0,/scratch/midway3/rickybao/dreamerv3_runs/ax1wm_cup_q1s0_seed2,DONE,,,axis1,ax1_cup_q1
ax1wm_cup_q1s1_seed8,offline_fit,dmc_cup_catch,static,8,500000,/scratch/midway3/rickybao/dreamerv3_runs/axis1_cup/q1/side1,/scratch/midway3/rickybao/dreamerv3_runs/ax1wm_cup_q1s1_seed8,DONE,,,axis1,ax1_cup_q1
ax1wm_cup_q2s0_seed4,offline_fit,dmc_cup_catch,static,4,500000,/scratch/midway3/rickybao/dreamerv3_runs/axis1_cup/q2/side0,/scratch/midway3/rickybao/dreamerv3_runs/ax1wm_cup_q2s0_seed4,DONE,,,axis1,ax1_cup_q2
adapt_ax1q2s0_cup_seed8_ckpt500000,adapt,dmc_cup_catch,frozen_readout,8,1.25e5,/scratch/midway3/rickybao/dreamerv3_runs/ax1wm_cup_q2s0_seed8/ckpt/20260709T041917F706557,/scratch/midway3/rickybao/dreamerv3_runs/adapt_ax1q2s0_cup_seed8_ckpt500000,DONE,,,axis1,ax1_cup_q2
ax1wm_cup_q2s1_seed1,offline_fit,dmc_cup_catch,static,1,500000,/scratch/midway3/rickybao/dreamerv3_runs/axis1_cup/q2/side1,/scratch/midway3/rickybao/dreamerv3_runs/ax1wm_cup_q2s1_seed1,DONE,,,axis1,ax1_cup_q2
adapt_ax1q1s0_cup_seed2_ckpt500000,adapt,dmc_cup_catch,frozen_readout,2,1.25e5,/scratch/midway3/rickybao/dreamerv3_runs/ax1wm_cup_q1s0_seed2/ckpt/20260709T063901F576476,/scratch/midway3/rickybao/dreamerv3_runs/adapt_ax1q1s0_cup_seed2_ckpt500000,DONE,,,axis1,ax1_cup_q1
adapt_ax1q1s1_cup_seed8_ckpt500000,adapt,dmc_cup_catch,frozen_readout,8,1.25e5,/scratch/midway3/rickybao/dreamerv3_runs/ax1wm_cup_q1s1_seed8/ckpt/20260709T063958F469778,/scratch/midway3/rickybao/dreamerv3_runs/adapt_ax1q1s1_cup_seed8_ckpt500000,DONE,,,axis1,ax1_cup_q1
adapt_ax1q2s0_cup_seed4_ckpt500000,adapt,dmc_cup_catch,frozen_readout,4,1.25e5,/scratch/midway3/rickybao/dreamerv3_runs/ax1wm_cup_q2s0_seed4/ckpt/20260709T065202F974759,/scratch/midway3/rickybao/dreamerv3_runs/adapt_ax1q2s0_cup_seed4_ckpt500000,DONE,,,axis1,ax1_cup_q2
ax1wm_cup_q1s0_seed3,offline_fit,dmc_cup_catch,static,3,500000,/scratch/midway3/rickybao/dreamerv3_runs/axis1_cup/q1/side0,/scratch/midway3/rickybao/dreamerv3_runs/ax1wm_cup_q1s0_seed3,RUNNING,,,axis1,ax1_cup_q1
ax1wm_cup_q2s0_seed1,offline_fit,dmc_cup_catch,static,1,500000,/scratch/midway3/rickybao/dreamerv3_runs/axis1_cup/q2/side0,/scratch/midway3/rickybao/dreamerv3_runs/ax1wm_cup_q2s0_seed1,RUNNING,,,axis1,ax1_cup_q2
ax1wm_cup_q2s0_seed5,offline_fit,dmc_cup_catch,static,5,500000,/workspace/dreamerv3_runs/axis1_cup/q2/side0,/workspace/dreamerv3_runs/ax1wm_cup_q2s0_seed5,DONE,,,axis1,ax1_cup_q2
adapt_ax1q2s1_cup_seed1_ckpt500000,adapt,dmc_cup_catch,frozen_readout,1,1.25e5,/scratch/midway3/rickybao/dreamerv3_runs/ax1wm_cup_q2s1_seed1/ckpt/20260709T105316F838786,/scratch/midway3/rickybao/dreamerv3_runs/adapt_ax1q2s1_cup_seed1_ckpt500000,RUNNING,,,axis1,ax1_cup_q2
ax1wm_cup_q1s0_seed7,offline_fit,dmc_cup_catch,static,7,500000,/workspace/dreamerv3_runs/axis1_cup/q1/side0,/workspace/dreamerv3_runs/ax1wm_cup_q1s0_seed7,DONE,,,axis1,ax1_cup_q1
ax1wm_cup_q1s0_seed6,offline_fit,dmc_cup_catch,static,6,500000,/workspace/dreamerv3_runs/axis1_cup/q1/side0,/workspace/dreamerv3_runs/ax1wm_cup_q1s0_seed6,DONE,,,axis1,ax1_cup_q1
ax1wm_cup_q1s0_seed8,offline_fit,dmc_cup_catch,static,8,500000,/workspace/dreamerv3_runs/axis1_cup/q1/side0,/workspace/dreamerv3_runs/ax1wm_cup_q1s0_seed8,DONE,,,axis1,ax1_cup_q1
ax1wm_cup_q1s0_seed5,offline_fit,dmc_cup_catch,static,5,500000,/workspace/dreamerv3_runs/axis1_cup/q1/side0,/workspace/dreamerv3_runs/ax1wm_cup_q1s0_seed5,DONE,,,axis1,ax1_cup_q1
adapt_ax1q1s0_cup_seed8_ckpt500000,adapt,dmc_cup_catch,frozen_readout,8,1.25e5,/workspace/dreamerv3_runs/ax1wm_cup_q1s0_seed8/ckpt/20260709T200403F881195-000000500000,/workspace/dreamerv3_runs/adapt_ax1q1s0_cup_seed8_ckpt500000,DONE,,,axis1,ax1_cup_q1
adapt_ax1q1s0_cup_seed5_ckpt500000,adapt,dmc_cup_catch,frozen_readout,5,1.25e5,/workspace/dreamerv3_runs/ax1wm_cup_q1s0_seed5/ckpt/20260709T200631F680147-000000500000,/workspace/dreamerv3_runs/adapt_ax1q1s0_cup_seed5_ckpt500000,DONE,,,axis1,ax1_cup_q1
adapt_ax1q1s0_cup_seed6_ckpt500000,adapt,dmc_cup_catch,frozen_readout,6,1.25e5,/workspace/dreamerv3_runs/ax1wm_cup_q1s0_seed6/ckpt/20260709T200946F515403-000000500000,/workspace/dreamerv3_runs/adapt_ax1q1s0_cup_seed6_ckpt500000,DONE,,,axis1,ax1_cup_q1
adapt_ax1q1s0_cup_seed7_ckpt500000,adapt,dmc_cup_catch,frozen_readout,7,1.25e5,/workspace/dreamerv3_runs/ax1wm_cup_q1s0_seed7/ckpt/20260709T201200F437545-000000500000,/workspace/dreamerv3_runs/adapt_ax1q1s0_cup_seed7_ckpt500000,DONE,,,axis1,ax1_cup_q1
ax1wm_cup_q1s1_seed8,offline_fit,dmc_cup_catch,static,8,500000,/workspace/dreamerv3_runs/axis1_cup/q1/side1,/workspace/dreamerv3_runs/ax1wm_cup_q1s1_seed8,DONE,,,axis1,ax1_cup_q1
ax1wm_cup_q1s1_seed5,offline_fit,dmc_cup_catch,static,5,500000,/workspace/dreamerv3_runs/axis1_cup/q1/side1,/workspace/dreamerv3_runs/ax1wm_cup_q1s1_seed5,DONE,,,axis1,ax1_cup_q1
ax1wm_cup_q1s1_seed6,offline_fit,dmc_cup_catch,static,6,500000,/workspace/dreamerv3_runs/axis1_cup/q1/side1,/workspace/dreamerv3_runs/ax1wm_cup_q1s1_seed6,DONE,,,axis1,ax1_cup_q1
ax1wm_cup_q1s1_seed7,offline_fit,dmc_cup_catch,static,7,500000,/workspace/dreamerv3_runs/axis1_cup/q1/side1,/workspace/dreamerv3_runs/ax1wm_cup_q1s1_seed7,DONE,,,axis1,ax1_cup_q1
adapt_ax1q1s1_cup_seed8_ckpt500000,adapt,dmc_cup_catch,frozen_readout,8,1.25e5,/workspace/dreamerv3_runs/ax1wm_cup_q1s1_seed8/ckpt/20260709T225757F698984-000000500000,/workspace/dreamerv3_runs/adapt_ax1q1s1_cup_seed8_ckpt500000,DONE,,,axis1,ax1_cup_q1
adapt_ax1q1s1_cup_seed5_ckpt500000,adapt,dmc_cup_catch,frozen_readout,5,1.25e5,/workspace/dreamerv3_runs/ax1wm_cup_q1s1_seed5/ckpt/20260709T230310F355306-000000500000,/workspace/dreamerv3_runs/adapt_ax1q1s1_cup_seed5_ckpt500000,DONE,,,axis1,ax1_cup_q1
adapt_ax1q1s1_cup_seed6_ckpt500000,adapt,dmc_cup_catch,frozen_readout,6,1.25e5,/workspace/dreamerv3_runs/ax1wm_cup_q1s1_seed6/ckpt/20260709T230959F009316-000000500000,/workspace/dreamerv3_runs/adapt_ax1q1s1_cup_seed6_ckpt500000,DONE,,,axis1,ax1_cup_q1
adapt_ax1q1s1_cup_seed7_ckpt500000,adapt,dmc_cup_catch,frozen_readout,7,1.25e5,/workspace/dreamerv3_runs/ax1wm_cup_q1s1_seed7/ckpt/20260709T231409F044291-000000500000,/workspace/dreamerv3_runs/adapt_ax1q1s1_cup_seed7_ckpt500000,DONE,,,axis1,ax1_cup_q1
ax1wm_cup_q2s0_seed8,offline_fit,dmc_cup_catch,static,8,500000,/workspace/dreamerv3_runs/axis1_cup/q2/side0,/workspace/dreamerv3_runs/ax1wm_cup_q2s0_seed8,DONE,,,axis1,ax1_cup_q2
ax1wm_cup_q2s0_seed5,offline_fit,dmc_cup_catch,static,5,500000,/workspace/dreamerv3_runs/axis1_cup/q2/side0,/workspace/dreamerv3_runs/ax1wm_cup_q2s0_seed5,DONE,,,axis1,ax1_cup_q2
ax1wm_cup_q2s0_seed6,offline_fit,dmc_cup_catch,static,6,500000,/workspace/dreamerv3_runs/axis1_cup/q2/side0,/workspace/dreamerv3_runs/ax1wm_cup_q2s0_seed6,DONE,,,axis1,ax1_cup_q2
ax1wm_cup_q2s0_seed7,offline_fit,dmc_cup_catch,static,7,500000,/workspace/dreamerv3_runs/axis1_cup/q2/side0,/workspace/dreamerv3_runs/ax1wm_cup_q2s0_seed7,DONE,,,axis1,ax1_cup_q2
adapt_ax1q2s0_cup_seed8_ckpt500000,adapt,dmc_cup_catch,frozen_readout,8,1.25e5,/workspace/dreamerv3_runs/ax1wm_cup_q2s0_seed8/ckpt/20260710T015149F990623-000000500000,/workspace/dreamerv3_runs/adapt_ax1q2s0_cup_seed8_ckpt500000,DONE,,,axis1,ax1_cup_q2
adapt_ax1q2s0_cup_seed5_ckpt500000,adapt,dmc_cup_catch,frozen_readout,5,1.25e5,/workspace/dreamerv3_runs/ax1wm_cup_q2s0_seed5/ckpt/20260710T015943F685332-000000500000,/workspace/dreamerv3_runs/adapt_ax1q2s0_cup_seed5_ckpt500000,DONE,,,axis1,ax1_cup_q2
adapt_ax1q2s0_cup_seed6_ckpt500000,adapt,dmc_cup_catch,frozen_readout,6,1.25e5,/workspace/dreamerv3_runs/ax1wm_cup_q2s0_seed6/ckpt/20260710T021024F002772-000000500000,/workspace/dreamerv3_runs/adapt_ax1q2s0_cup_seed6_ckpt500000,DONE,,,axis1,ax1_cup_q2
ax1wm_cup_q2s1_seed8,offline_fit,dmc_cup_catch,static,8,500000,/workspace/dreamerv3_runs/axis1_cup/q2/side1,/workspace/dreamerv3_runs/ax1wm_cup_q2s1_seed8,DONE,,,axis1,ax1_cup_q2
adapt_ax1q2s0_cup_seed7_ckpt500000,adapt,dmc_cup_catch,frozen_readout,7,1.25e5,/workspace/dreamerv3_runs/ax1wm_cup_q2s0_seed7/ckpt/20260710T021635F295910-000000500000,/workspace/dreamerv3_runs/adapt_ax1q2s0_cup_seed7_ckpt500000,DONE,,,axis1,ax1_cup_q2
ax1wm_cup_q2s1_seed5,offline_fit,dmc_cup_catch,static,5,500000,/workspace/dreamerv3_runs/axis1_cup/q2/side1,/workspace/dreamerv3_runs/ax1wm_cup_q2s1_seed5,DONE,,,axis1,ax1_cup_q2
ax1wm_cup_q2s1_seed6,offline_fit,dmc_cup_catch,static,6,500000,/workspace/dreamerv3_runs/axis1_cup/q2/side1,/workspace/dreamerv3_runs/ax1wm_cup_q2s1_seed6,DONE,,,axis1,ax1_cup_q2
ax1wm_cup_q2s1_seed7,offline_fit,dmc_cup_catch,static,7,500000,/workspace/dreamerv3_runs/axis1_cup/q2/side1,/workspace/dreamerv3_runs/ax1wm_cup_q2s1_seed7,DONE,,,axis1,ax1_cup_q2
adapt_ax1q2s1_cup_seed8_ckpt500000,adapt,dmc_cup_catch,frozen_readout,8,1.25e5,/workspace/dreamerv3_runs/ax1wm_cup_q2s1_seed8/ckpt/20260710T044539F421562-000000500000,/workspace/dreamerv3_runs/adapt_ax1q2s1_cup_seed8_ckpt500000,DONE,,,axis1,ax1_cup_q2
adapt_ax1q2s1_cup_seed5_ckpt500000,adapt,dmc_cup_catch,frozen_readout,5,1.25e5,/workspace/dreamerv3_runs/ax1wm_cup_q2s1_seed5/ckpt/20260710T045618F165312-000000500000,/workspace/dreamerv3_runs/adapt_ax1q2s1_cup_seed5_ckpt500000,DONE,,,axis1,ax1_cup_q2
ax1wm_finger_q1s0_seed8,offline_fit,dmc_finger_turn_hard,static,8,500000,/workspace/dreamerv3_runs/axis1_finger/q1/side0,/workspace/dreamerv3_runs/ax1wm_finger_q1s0_seed8,DONE,,,axis1,ax1_finger_q1
adapt_ax1q2s1_cup_seed6_ckpt500000,adapt,dmc_cup_catch,frozen_readout,6,1.25e5,/workspace/dreamerv3_runs/ax1wm_cup_q2s1_seed6/ckpt/20260710T051045F448161-000000500000,/workspace/dreamerv3_runs/adapt_ax1q2s1_cup_seed6_ckpt500000,DONE,,,axis1,ax1_cup_q2
adapt_ax1q2s1_cup_seed7_ckpt500000,adapt,dmc_cup_catch,frozen_readout,7,1.25e5,/workspace/dreamerv3_runs/ax1wm_cup_q2s1_seed7/ckpt/20260710T051904F386798-000000500000,/workspace/dreamerv3_runs/adapt_ax1q2s1_cup_seed7_ckpt500000,DONE,,,axis1,ax1_cup_q2
ax1wm_finger_q1s0_seed5,offline_fit,dmc_finger_turn_hard,static,5,500000,/workspace/dreamerv3_runs/axis1_finger/q1/side0,/workspace/dreamerv3_runs/ax1wm_finger_q1s0_seed5,DONE,,,axis1,ax1_finger_q1
ax1wm_finger_q1s0_seed6,offline_fit,dmc_finger_turn_hard,static,6,500000,/workspace/dreamerv3_runs/axis1_finger/q1/side0,/workspace/dreamerv3_runs/ax1wm_finger_q1s0_seed6,DONE,,,axis1,ax1_finger_q1
ax1wm_finger_q1s0_seed7,offline_fit,dmc_finger_turn_hard,static,7,500000,/workspace/dreamerv3_runs/axis1_finger/q1/side0,/workspace/dreamerv3_runs/ax1wm_finger_q1s0_seed7,DONE,,,axis1,ax1_finger_q1
adapt_ax1q1s0_finger_seed8_ckpt500000,adapt,dmc_finger_turn_hard,frozen_readout,8,1.25e5,/workspace/dreamerv3_runs/ax1wm_finger_q1s0_seed8/ckpt/20260710T073946F229856-000000500000,/workspace/dreamerv3_runs/adapt_ax1q1s0_finger_seed8_ckpt500000,DONE,,,axis1,ax1_finger_q1
adapt_ax1q1s0_finger_seed5_ckpt500000,adapt,dmc_finger_turn_hard,frozen_readout,5,1.25e5,/workspace/dreamerv3_runs/ax1wm_finger_q1s0_seed5/ckpt/20260710T075307F994146-000000500000,/workspace/dreamerv3_runs/adapt_ax1q1s0_finger_seed5_ckpt500000,DONE,,,axis1,ax1_finger_q1
ax1wm_finger_q1s1_seed8,offline_fit,dmc_finger_turn_hard,static,8,500000,/workspace/dreamerv3_runs/axis1_finger/q1/side1,/workspace/dreamerv3_runs/ax1wm_finger_q1s1_seed8,DONE,,,axis1,ax1_finger_q1
adapt_ax1q1s0_finger_seed6_ckpt500000,adapt,dmc_finger_turn_hard,frozen_readout,6,1.25e5,/workspace/dreamerv3_runs/ax1wm_finger_q1s0_seed6/ckpt/20260710T081112F428569-000000500000,/workspace/dreamerv3_runs/adapt_ax1q1s0_finger_seed6_ckpt500000,DONE,,,axis1,ax1_finger_q1
ax1wm_finger_q1s1_seed5,offline_fit,dmc_finger_turn_hard,static,5,500000,/workspace/dreamerv3_runs/axis1_finger/q1/side1,/workspace/dreamerv3_runs/ax1wm_finger_q1s1_seed5,DONE,,,axis1,ax1_finger_q1
adapt_ax1q1s0_finger_seed7_ckpt500000,adapt,dmc_finger_turn_hard,frozen_readout,7,1.25e5,/workspace/dreamerv3_runs/ax1wm_finger_q1s0_seed7/ckpt/20260710T082149F453845-000000500000,/workspace/dreamerv3_runs/adapt_ax1q1s0_finger_seed7_ckpt500000,DONE,,,axis1,ax1_finger_q1
ax1wm_finger_q1s1_seed6,offline_fit,dmc_finger_turn_hard,static,6,500000,/workspace/dreamerv3_runs/axis1_finger/q1/side1,/workspace/dreamerv3_runs/ax1wm_finger_q1s1_seed6,DONE,,,axis1,ax1_finger_q1
ax1wm_finger_q1s1_seed7,offline_fit,dmc_finger_turn_hard,static,7,500000,/workspace/dreamerv3_runs/axis1_finger/q1/side1,/workspace/dreamerv3_runs/ax1wm_finger_q1s1_seed7,DONE,,,axis1,ax1_finger_q1
adapt_ax1q1s1_finger_seed8_ckpt500000,adapt,dmc_finger_turn_hard,frozen_readout,8,1.25e5,/workspace/dreamerv3_runs/ax1wm_finger_q1s1_seed8/ckpt/20260710T103426F636624-000000500000,/workspace/dreamerv3_runs/adapt_ax1q1s1_finger_seed8_ckpt500000,DONE,,,axis1,ax1_finger_q1
adapt_ax1q1s1_finger_seed5_ckpt500000,adapt,dmc_finger_turn_hard,frozen_readout,5,1.25e5,/workspace/dreamerv3_runs/ax1wm_finger_q1s1_seed5/ckpt/20260710T105038F412043-000000500000,/workspace/dreamerv3_runs/adapt_ax1q1s1_finger_seed5_ckpt500000,DONE,,,axis1,ax1_finger_q1
ax1wm_finger_q2s0_seed8,offline_fit,dmc_finger_turn_hard,static,8,500000,/workspace/dreamerv3_runs/axis1_finger/q2/side0,/workspace/dreamerv3_runs/ax1wm_finger_q2s0_seed8,DONE,,,axis1,ax1_finger_q2
adapt_ax1q1s1_finger_seed6_ckpt500000,adapt,dmc_finger_turn_hard,frozen_readout,6,1.25e5,/workspace/dreamerv3_runs/ax1wm_finger_q1s1_seed6/ckpt/20260710T111223F029559-000000500000,/workspace/dreamerv3_runs/adapt_ax1q1s1_finger_seed6_ckpt500000,DONE,,,axis1,ax1_finger_q1
ax1wm_finger_q2s0_seed5,offline_fit,dmc_finger_turn_hard,static,5,500000,/workspace/dreamerv3_runs/axis1_finger/q2/side0,/workspace/dreamerv3_runs/ax1wm_finger_q2s0_seed5,DONE,,,axis1,ax1_finger_q2
adapt_ax1q1s1_finger_seed7_ckpt500000,adapt,dmc_finger_turn_hard,frozen_readout,7,1.25e5,/workspace/dreamerv3_runs/ax1wm_finger_q1s1_seed7/ckpt/20260710T112500F900120-000000500000,/workspace/dreamerv3_runs/adapt_ax1q1s1_finger_seed7_ckpt500000,DONE,,,axis1,ax1_finger_q1
ax1wm_finger_q2s0_seed6,offline_fit,dmc_finger_turn_hard,static,6,500000,/workspace/dreamerv3_runs/axis1_finger/q2/side0,/workspace/dreamerv3_runs/ax1wm_finger_q2s0_seed6,DONE,,,axis1,ax1_finger_q2
ax1wm_finger_q2s0_seed7,offline_fit,dmc_finger_turn_hard,static,7,500000,/workspace/dreamerv3_runs/axis1_finger/q2/side0,/workspace/dreamerv3_runs/ax1wm_finger_q2s0_seed7,DONE,,,axis1,ax1_finger_q2
adapt_ax1q2s0_finger_seed8_ckpt500000,adapt,dmc_finger_turn_hard,frozen_readout,8,1.25e5,/workspace/dreamerv3_runs/ax1wm_finger_q2s0_seed8/ckpt/20260710T132910F634416-000000500000,/workspace/dreamerv3_runs/adapt_ax1q2s0_finger_seed8_ckpt500000,DONE,,,axis1,ax1_finger_q2
adapt_ax1q2s0_finger_seed5_ckpt500000,adapt,dmc_finger_turn_hard,frozen_readout,5,1.25e5,/workspace/dreamerv3_runs/ax1wm_finger_q2s0_seed5/ckpt/20260710T134804F401945-000000500000,/workspace/dreamerv3_runs/adapt_ax1q2s0_finger_seed5_ckpt500000,DONE,,,axis1,ax1_finger_q2
ax1wm_finger_q2s1_seed8,offline_fit,dmc_finger_turn_hard,static,8,500000,/workspace/dreamerv3_runs/axis1_finger/q2/side1,/workspace/dreamerv3_runs/ax1wm_finger_q2s1_seed8,DONE,,,axis1,ax1_finger_q2
ax1wm_finger_q2s1_seed5,offline_fit,dmc_finger_turn_hard,static,5,500000,/workspace/dreamerv3_runs/axis1_finger/q2/side1,/workspace/dreamerv3_runs/ax1wm_finger_q2s1_seed5,DONE,,,axis1,ax1_finger_q2
adapt_ax1q2s0_finger_seed6_ckpt500000,adapt,dmc_finger_turn_hard,frozen_readout,6,1.25e5,/workspace/dreamerv3_runs/ax1wm_finger_q2s0_seed6/ckpt/20260710T141337F140484-000000500000,/workspace/dreamerv3_runs/adapt_ax1q2s0_finger_seed6_ckpt500000,DONE,,,axis1,ax1_finger_q2
adapt_ax1q2s0_finger_seed7_ckpt500000,adapt,dmc_finger_turn_hard,frozen_readout,7,1.25e5,/workspace/dreamerv3_runs/ax1wm_finger_q2s0_seed7/ckpt/20260710T142811F590515-000000500000,/workspace/dreamerv3_runs/adapt_ax1q2s0_finger_seed7_ckpt500000,DONE,,,axis1,ax1_finger_q2
ax1wm_finger_q2s1_seed6,offline_fit,dmc_finger_turn_hard,static,6,500000,/workspace/dreamerv3_runs/axis1_finger/q2/side1,/workspace/dreamerv3_runs/ax1wm_finger_q2s1_seed6,DONE,,,axis1,ax1_finger_q2
ax1wm_finger_q2s1_seed7,offline_fit,dmc_finger_turn_hard,static,7,500000,/workspace/dreamerv3_runs/axis1_finger/q2/side1,/workspace/dreamerv3_runs/ax1wm_finger_q2s1_seed7,DONE,,,axis1,ax1_finger_q2
adapt_ax1q2s1_finger_seed8_ckpt500000,adapt,dmc_finger_turn_hard,frozen_readout,8,1.25e5,/workspace/dreamerv3_runs/ax1wm_finger_q2s1_seed8/ckpt/20260710T162357F769083-000000500000,/workspace/dreamerv3_runs/adapt_ax1q2s1_finger_seed8_ckpt500000,DONE,,,axis1,ax1_finger_q2
adapt_ax1q2s1_finger_seed5_ckpt500000,adapt,dmc_finger_turn_hard,frozen_readout,5,1.25e5,/workspace/dreamerv3_runs/ax1wm_finger_q2s1_seed5/ckpt/20260710T164535F553009-000000500000,/workspace/dreamerv3_runs/adapt_ax1q2s1_finger_seed5_ckpt500000,DONE,,,axis1,ax1_finger_q2
adapt_ax1q2s1_finger_seed6_ckpt500000,adapt,dmc_finger_turn_hard,frozen_readout,6,1.25e5,/workspace/dreamerv3_runs/ax1wm_finger_q2s1_seed6/ckpt/20260710T171448F454219-000000500000,/workspace/dreamerv3_runs/adapt_ax1q2s1_finger_seed6_ckpt500000,DONE,,,axis1,ax1_finger_q2
adapt_ax1q2s1_finger_seed7_ckpt500000,adapt,dmc_finger_turn_hard,frozen_readout,7,1.25e5,/workspace/dreamerv3_runs/ax1wm_finger_q2s1_seed7/ckpt/20260710T173123F339150-000000500000,/workspace/dreamerv3_runs/adapt_ax1q2s1_finger_seed7_ckpt500000,DONE,,,axis1,ax1_finger_q2
