==============================
Slurm job started | Job ID: 49756633 | Node: midway3-0284.rcc.local
Start time: Mon May 18 10:54:55 CDT 2026
C1 from-scratch | Task: dmc_walker_run | Seed: 1
==============================
PYTHON=/scratch/midway3/rickybao/conda_envs/dreamerv3/bin/python
LOGDIR=/scratch/midway3/rickybao/dreamerv3_runs/c1_run_seed1
GPU check:
Mon May 18 10:54:55 2026       
+---------------------------------------------------------------------------------------+
| NVIDIA-SMI 535.216.03             Driver Version: 535.216.03   CUDA Version: 12.2     |
|-----------------------------------------+----------------------+----------------------+
| GPU  Name                 Persistence-M | Bus-Id        Disp.A | Volatile Uncorr. ECC |
| Fan  Temp   Perf          Pwr:Usage/Cap |         Memory-Usage | GPU-Util  Compute M. |
|                                         |                      |               MIG M. |
|=========================================+======================+======================|
|   0  Quadro RTX 6000                On  | 00000000:D8:00.0 Off |                  Off |
| N/A   29C    P8              14W / 250W |      0MiB / 24576MiB |      0%      Default |
|                                         |                      |                  N/A |
+-----------------------------------------+----------------------+----------------------+
                                                                                         
+---------------------------------------------------------------------------------------+
| Processes:                                                                            |
|  GPU   GI   CI        PID   Type   Process name                            GPU Memory |
|        ID   ID                                                             Usage      |
|=======================================================================================|
|  No running processes found                                                           |
+---------------------------------------------------------------------------------------+
Starting C1 from-scratch: task=dmc_walker_run seed=1
---  ___                           __   ______ ---
--- |   \ _ _ ___ __ _ _ __  ___ _ \ \ / /__ / ---
--- | |) | '_/ -_) _` | '  \/ -_) '/\ V / |_ \ ---
--- |___/|_| \___\__,_|_|_|_\___|_|  \_/ |___/ ---
Replica: 0 / 1
Logdir: /scratch/midway3/rickybao/dreamerv3_runs/c1_run_seed1
Run script: train
Observations
  reward           Space(float32, shape=(), low=-inf, high=inf)
  is_first         Space(bool, shape=(), low=False, high=True)
  is_last          Space(bool, shape=(), low=False, high=True)
  is_terminal      Space(bool, shape=(), low=False, high=True)
  orientations     Space(float32, shape=(14,), low=-inf, high=inf)
  height           Space(float32, shape=(), low=-inf, high=inf)
  velocity         Space(float32, shape=(9,), low=-inf, high=inf)
Actions
  action           Space(float32, shape=(6,), low=-1.0, high=1.0)
Extras
  consec           Space(int32, shape=(), low=-2147483648, high=2147483647)
  stepid           Space(uint8, shape=(20,), low=0, high=255)
  dyn/deter        Space(float32, shape=(512,), low=-inf, high=inf)
  dyn/stoch        Space(float32, shape=(32, 4), low=-inf, high=inf)
JAX devices (1): [cuda:0]
Policy devices: cuda:0
Train devices:  cuda:0
Initializing parameters...
Optimizer opt has 640,867 params:
       364,416 dyn
        66,111 val
        57,663 rew
        51,096 dec
        50,316 pol
        41,153 con
        10,112 enc
Done initializing!
Compiling 1 checkpoint groups...
Largest checkpoint group: 0 GB
Compiling train and report...
Train cost analysis:
  FLOPS:            7.3e+09
  Memory (temp):    2.3e+08
  Memory (inputs):  1.1e+07
  Memory (outputs): 9.3e+06
  Memory (code):    2.2e+06

Report cost analysis:
  FLOPS:            2.0e+06
  Memory (temp):    9.3e+05
  Memory (inputs):  2.8e+06
  Memory (outputs): 2.1e+04
  Memory (code):    9.7e+04

Done compiling!
Did not find any checkpoint.
Saving checkpoint: /scratch/midway3/rickybao/dreamerv3_runs/c1_run_seed1/ckpt/20260518T105530F331110
Saved checkpoint.
Start training loop
Start JAX profiler: /scratch/midway3/rickybao/dreamerv3_runs/c1_run_seed1
Stop JAX profiler

--------------------[Agent Step 4_496]--------------------
Metrics filtered by: 'score|length|fps|ratio|train/loss/|train/rand/'
train/loss/con 0.08 / train/loss/dyn 5.9 / train/loss/height 0.04 / train/loss/orientations 2.56 / train/loss/policy 0.64 / train/loss/rep 5.9 / train/loss/repval 5.95 / train/loss/rew 2.19 / train/loss/value 3.06 / train/loss/velocity 9.3 / replay/replay_ratio 733.87 / fps/policy 36.4 / fps/train 2e4

Writing metrics: /scratch/midway3/rickybao/dreamerv3_runs/c1_run_seed1/metrics.jsonlWriting metrics: /scratch/midway3/rickybao/dreamerv3_runs/c1_run_seed1/scores.jsonl


--------------------[Agent Step 7_216]--------------------
Metrics filtered by: 'score|length|fps|ratio|train/loss/|train/rand/'
train/loss/con 0.02 / train/loss/dyn 6.75 / train/loss/height 0.01 / train/loss/orientations 0.77 / train/loss/policy 0.91 / train/loss/rep 6.75 / train/loss/repval 2.76 / train/loss/rew 0.4 / train/loss/value 1.4 / train/loss/velocity 2.21 / replay/replay_ratio 1040 / fps/policy 22.59 / fps/train 2.3e4

Writing metrics: /scratch/midway3/rickybao/dreamerv3_runs/c1_run_seed1/metrics.jsonl
Writing metrics: /scratch/midway3/rickybao/dreamerv3_runs/c1_run_seed1/scores.jsonl

--------------------[Agent Step 9_936]--------------------
Metrics filtered by: 'score|length|fps|ratio|train/loss/|train/rand/'
train/loss/con 0.02 / train/loss/dyn 6.28 / train/loss/height 8e-3 / train/loss/orientations 0.6 / train/loss/policy 0.95 / train/loss/rep 6.28 / train/loss/repval 2.09 / train/loss/rew 0.38 / train/loss/value 1.15 / train/loss/velocity 1.8 / replay/replay_ratio 1040 / fps/policy 22.58 / fps/train 2.3e4

Writing metrics: /scratch/midway3/rickybao/dreamerv3_runs/c1_run_seed1/metrics.jsonlWriting metrics: /scratch/midway3/rickybao/dreamerv3_runs/c1_run_seed1/scores.jsonl


--------------------[Agent Step 12_656]--------------------
Metrics filtered by: 'score|length|fps|ratio|train/loss/|train/rand/'
train/loss/con 0.02 / train/loss/dyn 6.13 / train/loss/height 6.5e-3 / train/loss/orientations 0.56 / train/loss/policy 0.92 / train/loss/rep 6.13 / train/loss/repval 1.64 / train/loss/rew 0.38 / train/loss/value 1.11 / train/loss/velocity 1.67 / replay/replay_ratio 1040 / fps/policy 22.58 / fps/train 2.3e4

Writing metrics: /scratch/midway3/rickybao/dreamerv3_runs/c1_run_seed1/metrics.jsonlWriting metrics: /scratch/midway3/rickybao/dreamerv3_runs/c1_run_seed1/scores.jsonl


--------------------[Agent Step 15_376]--------------------
Metrics filtered by: 'score|length|fps|ratio|train/loss/|train/rand/'
train/loss/con 0.02 / train/loss/dyn 6.13 / train/loss/height 6.2e-3 / train/loss/orientations 0.53 / train/loss/policy 0.81 / train/loss/rep 6.13 / train/loss/repval 1.31 / train/loss/rew 0.39 / train/loss/value 0.97 / train/loss/velocity 1.63 / replay/replay_ratio 1040 / fps/policy 22.58 / fps/train 2.3e4

Writing metrics: /scratch/midway3/rickybao/dreamerv3_runs/c1_run_seed1/metrics.jsonlWriting metrics: /scratch/midway3/rickybao/dreamerv3_runs/c1_run_seed1/scores.jsonl


--------------------[Agent Step 18_080]--------------------
Metrics filtered by: 'score|length|fps|ratio|train/loss/|train/rand/'
episode/score 23.58 / episode/length 1001 / train/loss/con 0.02 / train/loss/dyn 6.13 / train/loss/height 8.3e-3 / train/loss/orientations 0.6 / train/loss/policy 0.6 / train/loss/rep 6.13 / train/loss/repval 1.17 / train/loss/rew 0.4 / train/loss/value 1 / train/loss/velocity 1.66 / replay/replay_ratio 1040 / fps/policy 22.48 / fps/train 2.3e4

Writing metrics: /scratch/midway3/rickybao/dreamerv3_runs/c1_run_seed1/scores.jsonlWriting metrics: /scratch/midway3/rickybao/dreamerv3_runs/c1_run_seed1/metrics.jsonl


--------------------[Agent Step 20_752]--------------------
Metrics filtered by: 'score|length|fps|ratio|train/loss/|train/rand/'
train/loss/con 0.02 / train/loss/dyn 5.93 / train/loss/height 8.9e-3 / train/loss/orientations 0.64 / train/loss/policy -0.05 / train/loss/rep 5.93 / train/loss/repval 1.01 / train/loss/rew 0.42 / train/loss/value 0.91 / train/loss/velocity 1.6 / replay/replay_ratio 1040 / fps/policy 22.17 / fps/train 2.3e4

Writing metrics: /scratch/midway3/rickybao/dreamerv3_runs/c1_run_seed1/metrics.jsonlWriting metrics: /scratch/midway3/rickybao/dreamerv3_runs/c1_run_seed1/scores.jsonl

Saving checkpoint: /scratch/midway3/rickybao/dreamerv3_runs/c1_run_seed1/ckpt/20260518T111032F639755
Saved checkpoint.

--------------------[Agent Step 23_440]--------------------
Metrics filtered by: 'score|length|fps|ratio|train/loss/|train/rand/'
train/loss/con 0.02 / train/loss/dyn 5.72 / train/loss/height 7.9e-3 / train/loss/orientations 0.59 / train/loss/policy -0.18 / train/loss/rep 5.72 / train/loss/repval 1.04 / train/loss/rew 0.43 / train/loss/value 0.93 / train/loss/velocity 1.47 / replay/replay_ratio 1040 / fps/policy 22.36 / fps/train 2.3e4

Writing metrics: /scratch/midway3/rickybao/dreamerv3_runs/c1_run_seed1/metrics.jsonlWriting metrics: /scratch/midway3/rickybao/dreamerv3_runs/c1_run_seed1/scores.jsonl


--------------------[Agent Step 26_144]--------------------
Metrics filtered by: 'score|length|fps|ratio|train/loss/|train/rand/'
train/loss/con 0.02 / train/loss/dyn 5.72 / train/loss/height 7.4e-3 / train/loss/orientations 0.56 / train/loss/policy -0.29 / train/loss/rep 5.72 / train/loss/repval 1.04 / train/loss/rew 0.44 / train/loss/value 0.85 / train/loss/velocity 1.41 / replay/replay_ratio 1040 / fps/policy 22.49 / fps/train 2.3e4

Writing metrics: /scratch/midway3/rickybao/dreamerv3_runs/c1_run_seed1/metrics.jsonlWriting metrics: /scratch/midway3/rickybao/dreamerv3_runs/c1_run_seed1/scores.jsonl


--------------------[Agent Step 28_848]--------------------
Metrics filtered by: 'score|length|fps|ratio|train/loss/|train/rand/'
train/loss/con 0.02 / train/loss/dyn 5.87 / train/loss/height 7.3e-3 / train/loss/orientations 0.58 / train/loss/policy -0.25 / train/loss/rep 5.87 / train/loss/repval 1.06 / train/loss/rew 0.44 / train/loss/value 0.88 / train/loss/velocity 1.4 / replay/replay_ratio 1040 / fps/policy 22.49 / fps/train 2.3e4

Writing metrics: /scratch/midway3/rickybao/dreamerv3_runs/c1_run_seed1/metrics.jsonl
Writing metrics: /scratch/midway3/rickybao/dreamerv3_runs/c1_run_seed1/scores.jsonl

--------------------[Agent Step 31_552]--------------------
Metrics filtered by: 'score|length|fps|ratio|train/loss/|train/rand/'
train/loss/con 0.02 / train/loss/dyn 6.05 / train/loss/height 7.1e-3 / train/loss/orientations 0.57 / train/loss/policy -0.31 / train/loss/rep 6.05 / train/loss/repval 0.95 / train/loss/rew 0.45 / train/loss/value 0.69 / train/loss/velocity 1.43 / replay/replay_ratio 1040 / fps/policy 22.47 / fps/train 2.3e4

Writing metrics: /scratch/midway3/rickybao/dreamerv3_runs/c1_run_seed1/metrics.jsonl
Writing metrics: /scratch/midway3/rickybao/dreamerv3_runs/c1_run_seed1/scores.jsonl

--------------------[Agent Step 34_240]--------------------
Metrics filtered by: 'score|length|fps|ratio|train/loss/|train/rand/'
episode/score 34.86 / episode/length 1001 / train/loss/con 0.02 / train/loss/dyn 6.22 / train/loss/height 7.8e-3 / train/loss/orientations 0.56 / train/loss/policy -0.2 / train/loss/rep 6.22 / train/loss/repval 1.23 / train/loss/rew 0.45 / train/loss/value 1.09 / train/loss/velocity 1.45 / replay/replay_ratio 1040 / fps/policy 22.34 / fps/train 2.3e4

Writing metrics: /scratch/midway3/rickybao/dreamerv3_runs/c1_run_seed1/metrics.jsonl
Writing metrics: /scratch/midway3/rickybao/dreamerv3_runs/c1_run_seed1/scores.jsonl

--------------------[Agent Step 36_944]--------------------
Metrics filtered by: 'score|length|fps|ratio|train/loss/|train/rand/'
train/loss/con 0.02 / train/loss/dyn 6.4 / train/loss/height 7.8e-3 / train/loss/orientations 0.55 / train/loss/policy -0.35 / train/loss/rep 6.4 / train/loss/repval 1.1 / train/loss/rew 0.45 / train/loss/value 1.01 / train/loss/velocity 1.46 / replay/replay_ratio 1040 / fps/policy 22.43 / fps/train 2.3e4

Writing metrics: /scratch/midway3/rickybao/dreamerv3_runs/c1_run_seed1/scores.jsonlWriting metrics: /scratch/midway3/rickybao/dreamerv3_runs/c1_run_seed1/metrics.jsonl


--------------------[Agent Step 39_648]--------------------
Metrics filtered by: 'score|length|fps|ratio|train/loss/|train/rand/'
train/loss/con 0.02 / train/loss/dyn 6.46 / train/loss/height 7.3e-3 / train/loss/orientations 0.53 / train/loss/policy -0.24 / train/loss/rep 6.46 / train/loss/repval 1.25 / train/loss/rew 0.46 / train/loss/value 0.8 / train/loss/velocity 1.43 / replay/replay_ratio 1040 / fps/policy 22.41 / fps/train 2.3e4

Writing metrics: /scratch/midway3/rickybao/dreamerv3_runs/c1_run_seed1/metrics.jsonlWriting metrics: /scratch/midway3/rickybao/dreamerv3_runs/c1_run_seed1/scores.jsonl

Saving checkpoint: /scratch/midway3/rickybao/dreamerv3_runs/c1_run_seed1/ckpt/20260518T112532F934248
Saved checkpoint.

--------------------[Agent Step 42_336]--------------------
Metrics filtered by: 'score|length|fps|ratio|train/loss/|train/rand/'
train/loss/con 0.02 / train/loss/dyn 6.37 / train/loss/height 6.9e-3 / train/loss/orientations 0.5 / train/loss/policy -0.19 / train/loss/rep 6.37 / train/loss/repval 1.09 / train/loss/rew 0.46 / train/loss/value 1.03 / train/loss/velocity 1.38 / replay/replay_ratio 1040 / fps/policy 22.35 / fps/train 2.3e4

Writing metrics: /scratch/midway3/rickybao/dreamerv3_runs/c1_run_seed1/metrics.jsonlWriting metrics: /scratch/midway3/rickybao/dreamerv3_runs/c1_run_seed1/scores.jsonl


--------------------[Agent Step 45_040]--------------------
Metrics filtered by: 'score|length|fps|ratio|train/loss/|train/rand/'
train/loss/con 0.02 / train/loss/dyn 6.42 / train/loss/height 6.3e-3 / train/loss/orientations 0.48 / train/loss/policy -0.15 / train/loss/rep 6.42 / train/loss/repval 1.23 / train/loss/rew 0.46 / train/loss/value 0.87 / train/loss/velocity 1.35 / replay/replay_ratio 1040 / fps/policy 22.52 / fps/train 2.3e4

Writing metrics: /scratch/midway3/rickybao/dreamerv3_runs/c1_run_seed1/metrics.jsonlWriting metrics: /scratch/midway3/rickybao/dreamerv3_runs/c1_run_seed1/scores.jsonl


--------------------[Agent Step 47_744]--------------------
Metrics filtered by: 'score|length|fps|ratio|train/loss/|train/rand/'
train/loss/con 0.02 / train/loss/dyn 6.49 / train/loss/height 6e-3 / train/loss/orientations 0.46 / train/loss/policy -0.11 / train/loss/rep 6.49 / train/loss/repval 1 / train/loss/rew 0.45 / train/loss/value 0.89 / train/loss/velocity 1.34 / replay/replay_ratio 1040 / fps/policy 22.51 / fps/train 2.3e4

Writing metrics: /scratch/midway3/rickybao/dreamerv3_runs/c1_run_seed1/metrics.jsonlWriting metrics: /scratch/midway3/rickybao/dreamerv3_runs/c1_run_seed1/scores.jsonl


--------------------[Agent Step 50_432]--------------------
Metrics filtered by: 'score|length|fps|ratio|train/loss/|train/rand/'
episode/score 54.19 / episode/length 1001 / train/loss/con 0.02 / train/loss/dyn 6.6 / train/loss/height 6.3e-3 / train/loss/orientations 0.46 / train/loss/policy -0.05 / train/loss/rep 6.6 / train/loss/repval 1.22 / train/loss/rew 0.45 / train/loss/value 1.12 / train/loss/velocity 1.35 / replay/replay_ratio 1040 / fps/policy 22.34 / fps/train 2.3e4

Writing metrics: /scratch/midway3/rickybao/dreamerv3_runs/c1_run_seed1/metrics.jsonlWriting metrics: /scratch/midway3/rickybao/dreamerv3_runs/c1_run_seed1/scores.jsonl


--------------------[Agent Step 53_136]--------------------
Metrics filtered by: 'score|length|fps|ratio|train/loss/|train/rand/'
train/loss/con 0.02 / train/loss/dyn 6.74 / train/loss/height 6.1e-3 / train/loss/orientations 0.46 / train/loss/policy -0.04 / train/loss/rep 6.74 / train/loss/repval 1.19 / train/loss/rew 0.45 / train/loss/value 1.16 / train/loss/velocity 1.34 / replay/replay_ratio 1040 / fps/policy 22.41 / fps/train 2.3e4

Writing metrics: /scratch/midway3/rickybao/dreamerv3_runs/c1_run_seed1/metrics.jsonlWriting metrics: /scratch/midway3/rickybao/dreamerv3_runs/c1_run_seed1/scores.jsonl


--------------------[Agent Step 55_840]--------------------
Metrics filtered by: 'score|length|fps|ratio|train/loss/|train/rand/'
train/loss/con 0.02 / train/loss/dyn 6.81 / train/loss/height 5.8e-3 / train/loss/orientations 0.45 / train/loss/policy -0.1 / train/loss/rep 6.81 / train/loss/repval 1.1 / train/loss/rew 0.45 / train/loss/value 1.09 / train/loss/velocity 1.33 / replay/replay_ratio 1040 / fps/policy 22.5 / fps/train 2.3e4

Writing metrics: /scratch/midway3/rickybao/dreamerv3_runs/c1_run_seed1/metrics.jsonlWriting metrics: /scratch/midway3/rickybao/dreamerv3_runs/c1_run_seed1/scores.jsonl


--------------------[Agent Step 58_576]--------------------
Metrics filtered by: 'score|length|fps|ratio|train/loss/|train/rand/'
train/loss/con 0.02 / train/loss/dyn 6.89 / train/loss/height 5.5e-3 / train/loss/orientations 0.44 / train/loss/policy -0.12 / train/loss/rep 6.89 / train/loss/repval 1.09 / train/loss/rew 0.46 / train/loss/value 1.13 / train/loss/velocity 1.32 / replay/replay_ratio 1040 / fps/policy 22.68 / fps/train 2.3e4

Writing metrics: /scratch/midway3/rickybao/dreamerv3_runs/c1_run_seed1/metrics.jsonlWriting metrics: /scratch/midway3/rickybao/dreamerv3_runs/c1_run_seed1/scores.jsonl


--------------------[Agent Step 61_312]--------------------
Metrics filtered by: 'score|length|fps|ratio|train/loss/|train/rand/'
train/loss/con 0.02 / train/loss/dyn 6.94 / train/loss/height 5.3e-3 / train/loss/orientations 0.43 / train/loss/policy -0.1 / train/loss/rep 6.94 / train/loss/repval 1.23 / train/loss/rew 0.46 / train/loss/value 1.17 / train/loss/velocity 1.31 / replay/replay_ratio 1040 / fps/policy 22.73 / fps/train 2.3e4

Writing metrics: /scratch/midway3/rickybao/dreamerv3_runs/c1_run_seed1/metrics.jsonl
Writing metrics: /scratch/midway3/rickybao/dreamerv3_runs/c1_run_seed1/scores.jsonl
Saving checkpoint: /scratch/midway3/rickybao/dreamerv3_runs/c1_run_seed1/ckpt/20260518T114032F982245
Saved checkpoint.

--------------------[Agent Step 64_032]--------------------
Metrics filtered by: 'score|length|fps|ratio|train/loss/|train/rand/'
train/loss/con 0.02 / train/loss/dyn 7.01 / train/loss/height 5.1e-3 / train/loss/orientations 0.42 / train/loss/policy -0.06 / train/loss/rep 7.01 / train/loss/repval 1.12 / train/loss/rew 0.46 / train/loss/value 1.12 / train/loss/velocity 1.3 / replay/replay_ratio 1040 / fps/policy 22.6 / fps/train 2.3e4

Writing metrics: /scratch/midway3/rickybao/dreamerv3_runs/c1_run_seed1/metrics.jsonl
Writing metrics: /scratch/midway3/rickybao/dreamerv3_runs/c1_run_seed1/scores.jsonl

--------------------[Agent Step 66_768]--------------------
Metrics filtered by: 'score|length|fps|ratio|train/loss/|train/rand/'
episode/score 45.01 / episode/length 1001 / train/loss/con 0.02 / train/loss/dyn 7.02 / train/loss/height 5.3e-3 / train/loss/orientations 0.41 / train/loss/policy -0.05 / train/loss/rep 7.02 / train/loss/repval 1.12 / train/loss/rew 0.46 / train/loss/value 1 / train/loss/velocity 1.29 / replay/replay_ratio 1040 / fps/policy 22.67 / fps/train 2.3e4

Writing metrics: /scratch/midway3/rickybao/dreamerv3_runs/c1_run_seed1/metrics.jsonlWriting metrics: /scratch/midway3/rickybao/dreamerv3_runs/c1_run_seed1/scores.jsonl


--------------------[Agent Step 69_504]--------------------
Metrics filtered by: 'score|length|fps|ratio|train/loss/|train/rand/'
train/loss/con 0.02 / train/loss/dyn 7.04 / train/loss/height 5.2e-3 / train/loss/orientations 0.4 / train/loss/policy -0.06 / train/loss/rep 7.04 / train/loss/repval 1.12 / train/loss/rew 0.46 / train/loss/value 1.05 / train/loss/velocity 1.28 / replay/replay_ratio 1040 / fps/policy 22.7 / fps/train 2.3e4

Writing metrics: /scratch/midway3/rickybao/dreamerv3_runs/c1_run_seed1/scores.jsonlWriting metrics: /scratch/midway3/rickybao/dreamerv3_runs/c1_run_seed1/metrics.jsonl


--------------------[Agent Step 72_240]--------------------
Metrics filtered by: 'score|length|fps|ratio|train/loss/|train/rand/'
train/loss/con 0.02 / train/loss/dyn 7.08 / train/loss/height 5.1e-3 / train/loss/orientations 0.39 / train/loss/policy -0.01 / train/loss/rep 7.08 / train/loss/repval 1.09 / train/loss/rew 0.47 / train/loss/value 0.95 / train/loss/velocity 1.27 / replay/replay_ratio 1040 / fps/policy 22.72 / fps/train 2.3e4

Writing metrics: /scratch/midway3/rickybao/dreamerv3_runs/c1_run_seed1/metrics.jsonlWriting metrics: /scratch/midway3/rickybao/dreamerv3_runs/c1_run_seed1/scores.jsonl


--------------------[Agent Step 74_976]--------------------
Metrics filtered by: 'score|length|fps|ratio|train/loss/|train/rand/'
train/loss/con 0.02 / train/loss/dyn 7.14 / train/loss/height 4.9e-3 / train/loss/orientations 0.39 / train/loss/policy -0.01 / train/loss/rep 7.14 / train/loss/repval 1.03 / train/loss/rew 0.47 / train/loss/value 1.04 / train/loss/velocity 1.26 / replay/replay_ratio 1040 / fps/policy 22.73 / fps/train 2.3e4

Writing metrics: /scratch/midway3/rickybao/dreamerv3_runs/c1_run_seed1/metrics.jsonlWriting metrics: /scratch/midway3/rickybao/dreamerv3_runs/c1_run_seed1/scores.jsonl


--------------------[Agent Step 77_712]--------------------
Metrics filtered by: 'score|length|fps|ratio|train/loss/|train/rand/'
train/loss/con 0.02 / train/loss/dyn 7.16 / train/loss/height 4.9e-3 / train/loss/orientations 0.38 / train/loss/policy -0.05 / train/loss/rep 7.16 / train/loss/repval 0.96 / train/loss/rew 0.47 / train/loss/value 1 / train/loss/velocity 1.25 / replay/replay_ratio 1040 / fps/policy 22.73 / fps/train 2.3e4

Writing metrics: /scratch/midway3/rickybao/dreamerv3_runs/c1_run_seed1/metrics.jsonlWriting metrics: /scratch/midway3/rickybao/dreamerv3_runs/c1_run_seed1/scores.jsonl


--------------------[Agent Step 80_448]--------------------
Metrics filtered by: 'score|length|fps|ratio|train/loss/|train/rand/'
episode/score 48.8 / episode/length 1001 / train/loss/con 0.02 / train/loss/dyn 7.2 / train/loss/height 4.7e-3 / train/loss/orientations 0.37 / train/loss/policy -0.04 / train/loss/rep 7.2 / train/loss/repval 0.98 / train/loss/rew 0.47 / train/loss/value 0.92 / train/loss/velocity 1.25 / replay/replay_ratio 1040 / fps/policy 22.72 / fps/train 2.3e4

Writing metrics: /scratch/midway3/rickybao/dreamerv3_runs/c1_run_seed1/metrics.jsonl
Writing metrics: /scratch/midway3/rickybao/dreamerv3_runs/c1_run_seed1/scores.jsonl
Saving checkpoint: /scratch/midway3/rickybao/dreamerv3_runs/c1_run_seed1/ckpt/20260518T115533F386193
Saved checkpoint.

--------------------[Agent Step 83_152]--------------------
Metrics filtered by: 'score|length|fps|ratio|train/loss/|train/rand/'
train/loss/con 0.02 / train/loss/dyn 7.21 / train/loss/height 4.8e-3 / train/loss/orientations 0.37 / train/loss/policy -0.03 / train/loss/rep 7.21 / train/loss/repval 1.09 / train/loss/rew 0.47 / train/loss/value 0.93 / train/loss/velocity 1.24 / replay/replay_ratio 1040 / fps/policy 22.52 / fps/train 2.3e4

Writing metrics: /scratch/midway3/rickybao/dreamerv3_runs/c1_run_seed1/metrics.jsonlWriting metrics: /scratch/midway3/rickybao/dreamerv3_runs/c1_run_seed1/scores.jsonl


--------------------[Agent Step 85_888]--------------------
Metrics filtered by: 'score|length|fps|ratio|train/loss/|train/rand/'
train/loss/con 0.02 / train/loss/dyn 7.2 / train/loss/height 4.8e-3 / train/loss/orientations 0.36 / train/loss/policy -0.07 / train/loss/rep 7.2 / train/loss/repval 1.1 / train/loss/rew 0.47 / train/loss/value 0.95 / train/loss/velocity 1.23 / replay/replay_ratio 1040 / fps/policy 22.71 / fps/train 2.3e4

Writing metrics: /scratch/midway3/rickybao/dreamerv3_runs/c1_run_seed1/metrics.jsonlWriting metrics: /scratch/midway3/rickybao/dreamerv3_runs/c1_run_seed1/scores.jsonl


--------------------[Agent Step 88_624]--------------------
Metrics filtered by: 'score|length|fps|ratio|train/loss/|train/rand/'
train/loss/con 0.02 / train/loss/dyn 7.19 / train/loss/height 4.6e-3 / train/loss/orientations 0.35 / train/loss/policy -0.14 / train/loss/rep 7.19 / train/loss/repval 1.07 / train/loss/rew 0.48 / train/loss/value 1.04 / train/loss/velocity 1.22 / replay/replay_ratio 1040 / fps/policy 22.75 / fps/train 2.3e4

Writing metrics: /scratch/midway3/rickybao/dreamerv3_runs/c1_run_seed1/metrics.jsonl
Writing metrics: /scratch/midway3/rickybao/dreamerv3_runs/c1_run_seed1/scores.jsonl

--------------------[Agent Step 91_360]--------------------
Metrics filtered by: 'score|length|fps|ratio|train/loss/|train/rand/'
train/loss/con 0.02 / train/loss/dyn 7.16 / train/loss/height 4.5e-3 / train/loss/orientations 0.33 / train/loss/policy -0.12 / train/loss/rep 7.16 / train/loss/repval 1.23 / train/loss/rew 0.47 / train/loss/value 1 / train/loss/velocity 1.2 / replay/replay_ratio 1040 / fps/policy 22.74 / fps/train 2.3e4

Writing metrics: /scratch/midway3/rickybao/dreamerv3_runs/c1_run_seed1/metrics.jsonlWriting metrics: /scratch/midway3/rickybao/dreamerv3_runs/c1_run_seed1/scores.jsonl


--------------------[Agent Step 94_096]--------------------
Metrics filtered by: 'score|length|fps|ratio|train/loss/|train/rand/'
train/loss/con 0.02 / train/loss/dyn 7.15 / train/loss/height 4.3e-3 / train/loss/orientations 0.32 / train/loss/policy -0.13 / train/loss/rep 7.15 / train/loss/repval 1.16 / train/loss/rew 0.48 / train/loss/value 0.89 / train/loss/velocity 1.19 / replay/replay_ratio 1040 / fps/policy 22.75 / fps/train 2.3e4

Writing metrics: /scratch/midway3/rickybao/dreamerv3_runs/c1_run_seed1/metrics.jsonlWriting metrics: /scratch/midway3/rickybao/dreamerv3_runs/c1_run_seed1/scores.jsonl


--------------------[Agent Step 96_832]--------------------
Metrics filtered by: 'score|length|fps|ratio|train/loss/|train/rand/'
episode/score 79.36 / episode/length 1001 / train/loss/con 0.02 / train/loss/dyn 7.16 / train/loss/height 4.2e-3 / train/loss/orientations 0.31 / train/loss/policy -0.12 / train/loss/rep 7.16 / train/loss/repval 1.04 / train/loss/rew 0.48 / train/loss/value 0.8 / train/loss/velocity 1.19 / replay/replay_ratio 1040 / fps/policy 22.73 / fps/train 2.3e4

Writing metrics: /scratch/midway3/rickybao/dreamerv3_runs/c1_run_seed1/metrics.jsonlWriting metrics: /scratch/midway3/rickybao/dreamerv3_runs/c1_run_seed1/scores.jsonl


--------------------[Agent Step 99_568]--------------------
Metrics filtered by: 'score|length|fps|ratio|train/loss/|train/rand/'
train/loss/con 0.02 / train/loss/dyn 7.16 / train/loss/height 4.2e-3 / train/loss/orientations 0.31 / train/loss/policy -0.1 / train/loss/rep 7.16 / train/loss/repval 0.95 / train/loss/rew 0.48 / train/loss/value 0.84 / train/loss/velocity 1.18 / replay/replay_ratio 1040 / fps/policy 22.69 / fps/train 2.3e4

Writing metrics: /scratch/midway3/rickybao/dreamerv3_runs/c1_run_seed1/metrics.jsonlWriting metrics: /scratch/midway3/rickybao/dreamerv3_runs/c1_run_seed1/scores.jsonl


--------------------[Agent Step 102_304]--------------------
Metrics filtered by: 'score|length|fps|ratio|train/loss/|train/rand/'
train/loss/con 0.02 / train/loss/dyn 7.15 / train/loss/height 4.1e-3 / train/loss/orientations 0.3 / train/loss/policy -0.1 / train/loss/rep 7.15 / train/loss/repval 0.94 / train/loss/rew 0.48 / train/loss/value 0.83 / train/loss/velocity 1.17 / replay/replay_ratio 1040 / fps/policy 22.73 / fps/train 2.3e4

Writing metrics: /scratch/midway3/rickybao/dreamerv3_runs/c1_run_seed1/metrics.jsonl
Writing metrics: /scratch/midway3/rickybao/dreamerv3_runs/c1_run_seed1/scores.jsonl
Saving checkpoint: /scratch/midway3/rickybao/dreamerv3_runs/c1_run_seed1/ckpt/20260518T121033F931488
Saved checkpoint.

--------------------[Agent Step 105_024]--------------------
Metrics filtered by: 'score|length|fps|ratio|train/loss/|train/rand/'
train/loss/con 0.02 / train/loss/dyn 7.13 / train/loss/height 4e-3 / train/loss/orientations 0.29 / train/loss/policy -0.11 / train/loss/rep 7.13 / train/loss/repval 0.92 / train/loss/rew 0.48 / train/loss/value 0.84 / train/loss/velocity 1.16 / replay/replay_ratio 1040 / fps/policy 22.6 / fps/train 2.3e4

Writing metrics: /scratch/midway3/rickybao/dreamerv3_runs/c1_run_seed1/metrics.jsonlWriting metrics: /scratch/midway3/rickybao/dreamerv3_runs/c1_run_seed1/scores.jsonl


--------------------[Agent Step 107_760]--------------------
Metrics filtered by: 'score|length|fps|ratio|train/loss/|train/rand/'
train/loss/con 0.02 / train/loss/dyn 7.14 / train/loss/height 3.9e-3 / train/loss/orientations 0.28 / train/loss/policy -0.12 / train/loss/rep 7.14 / train/loss/repval 0.85 / train/loss/rew 0.49 / train/loss/value 1 / train/loss/velocity 1.16 / replay/replay_ratio 1040 / fps/policy 22.75 / fps/train 2.3e4

Writing metrics: /scratch/midway3/rickybao/dreamerv3_runs/c1_run_seed1/metrics.jsonlWriting metrics: /scratch/midway3/rickybao/dreamerv3_runs/c1_run_seed1/scores.jsonl


--------------------[Agent Step 110_496]--------------------
Metrics filtered by: 'score|length|fps|ratio|train/loss/|train/rand/'
train/loss/con 0.02 / train/loss/dyn 7.13 / train/loss/height 3.8e-3 / train/loss/orientations 0.28 / train/loss/policy -0.14 / train/loss/rep 7.13 / train/loss/repval 0.94 / train/loss/rew 0.49 / train/loss/value 1.21 / train/loss/velocity 1.15 / replay/replay_ratio 1040 / fps/policy 22.74 / fps/train 2.3e4

Writing metrics: /scratch/midway3/rickybao/dreamerv3_runs/c1_run_seed1/metrics.jsonlWriting metrics: /scratch/midway3/rickybao/dreamerv3_runs/c1_run_seed1/scores.jsonl


--------------------[Agent Step 113_232]--------------------
Metrics filtered by: 'score|length|fps|ratio|train/loss/|train/rand/'
episode/score 97.58 / episode/length 1001 / train/loss/con 0.02 / train/loss/dyn 7.12 / train/loss/height 3.8e-3 / train/loss/orientations 0.27 / train/loss/policy -0.13 / train/loss/rep 7.12 / train/loss/repval 1.17 / train/loss/rew 0.49 / train/loss/value 1.25 / train/loss/velocity 1.14 / replay/replay_ratio 1040 / fps/policy 22.72 / fps/train 2.3e4

Writing metrics: /scratch/midway3/rickybao/dreamerv3_runs/c1_run_seed1/scores.jsonlWriting metrics: /scratch/midway3/rickybao/dreamerv3_runs/c1_run_seed1/metrics.jsonl


--------------------[Agent Step 115_952]--------------------
Metrics filtered by: 'score|length|fps|ratio|train/loss/|train/rand/'
train/loss/con 0.02 / train/loss/dyn 7.13 / train/loss/height 3.7e-3 / train/loss/orientations 0.26 / train/loss/policy -0.12 / train/loss/rep 7.13 / train/loss/repval 1.2 / train/loss/rew 0.49 / train/loss/value 1.23 / train/loss/velocity 1.13 / replay/replay_ratio 1040 / fps/policy 22.66 / fps/train 2.3e4

Writing metrics: /scratch/midway3/rickybao/dreamerv3_runs/c1_run_seed1/metrics.jsonlWriting metrics: /scratch/midway3/rickybao/dreamerv3_runs/c1_run_seed1/scores.jsonl


--------------------[Agent Step 118_688]--------------------
Metrics filtered by: 'score|length|fps|ratio|train/loss/|train/rand/'
train/loss/con 0.02 / train/loss/dyn 7.12 / train/loss/height 3.6e-3 / train/loss/orientations 0.26 / train/loss/policy -0.13 / train/loss/rep 7.12 / train/loss/repval 1.23 / train/loss/rew 0.49 / train/loss/value 1.15 / train/loss/velocity 1.13 / replay/replay_ratio 1040 / fps/policy 22.74 / fps/train 2.3e4

Writing metrics: /scratch/midway3/rickybao/dreamerv3_runs/c1_run_seed1/metrics.jsonlWriting metrics: /scratch/midway3/rickybao/dreamerv3_runs/c1_run_seed1/scores.jsonl


--------------------[Agent Step 121_424]--------------------
Metrics filtered by: 'score|length|fps|ratio|train/loss/|train/rand/'
train/loss/con 0.02 / train/loss/dyn 7.11 / train/loss/height 3.5e-3 / train/loss/orientations 0.25 / train/loss/policy -0.14 / train/loss/rep 7.11 / train/loss/repval 1.21 / train/loss/rew 0.49 / train/loss/value 0.87 / train/loss/velocity 1.12 / replay/replay_ratio 1040 / fps/policy 22.74 / fps/train 2.3e4

Writing metrics: /scratch/midway3/rickybao/dreamerv3_runs/c1_run_seed1/metrics.jsonlWriting metrics: /scratch/midway3/rickybao/dreamerv3_runs/c1_run_seed1/scores.jsonl

Saving checkpoint: /scratch/midway3/rickybao/dreamerv3_runs/c1_run_seed1/ckpt/20260518T122534F338823
Saved checkpoint.

--------------------[Agent Step 124_144]--------------------
Metrics filtered by: 'score|length|fps|ratio|train/loss/|train/rand/'
train/loss/con 0.02 / train/loss/dyn 7.1 / train/loss/height 3.5e-3 / train/loss/orientations 0.25 / train/loss/policy -0.15 / train/loss/rep 7.1 / train/loss/repval 1.02 / train/loss/rew 0.49 / train/loss/value 0.74 / train/loss/velocity 1.11 / replay/replay_ratio 1040 / fps/policy 22.61 / fps/train 2.3e4

Writing metrics: /scratch/midway3/rickybao/dreamerv3_runs/c1_run_seed1/metrics.jsonlWriting metrics: /scratch/midway3/rickybao/dreamerv3_runs/c1_run_seed1/scores.jsonl


--------------------[Agent Step 126_880]--------------------
Metrics filtered by: 'score|length|fps|ratio|train/loss/|train/rand/'
train/loss/con 0.02 / train/loss/dyn 7.11 / train/loss/height 3.4e-3 / train/loss/orientations 0.24 / train/loss/policy -0.16 / train/loss/rep 7.11 / train/loss/repval 0.86 / train/loss/rew 0.49 / train/loss/value 0.91 / train/loss/velocity 1.11 / replay/replay_ratio 1040 / fps/policy 22.74 / fps/train 2.3e4

Writing metrics: /scratch/midway3/rickybao/dreamerv3_runs/c1_run_seed1/metrics.jsonlWriting metrics: /scratch/midway3/rickybao/dreamerv3_runs/c1_run_seed1/scores.jsonl


--------------------[Agent Step 129_616]--------------------
Metrics filtered by: 'score|length|fps|ratio|train/loss/|train/rand/'
episode/score 98.73 / episode/length 1001 / train/loss/con 0.02 / train/loss/dyn 7.12 / train/loss/height 3.4e-3 / train/loss/orientations 0.24 / train/loss/policy -0.15 / train/loss/rep 7.12 / train/loss/repval 1.03 / train/loss/rew 0.49 / train/loss/value 1.23 / train/loss/velocity 1.1 / replay/replay_ratio 1040 / fps/policy 22.71 / fps/train 2.3e4

Writing metrics: /scratch/midway3/rickybao/dreamerv3_runs/c1_run_seed1/metrics.jsonlWriting metrics: /scratch/midway3/rickybao/dreamerv3_runs/c1_run_seed1/scores.jsonl


--------------------[Agent Step 132_352]--------------------
Metrics filtered by: 'score|length|fps|ratio|train/loss/|train/rand/'
train/loss/con 0.02 / train/loss/dyn 7.13 / train/loss/height 3.3e-3 / train/loss/orientations 0.24 / train/loss/policy -0.14 / train/loss/rep 7.13 / train/loss/repval 1.26 / train/loss/rew 0.5 / train/loss/value 1.15 / train/loss/velocity 1.1 / replay/replay_ratio 1040 / fps/policy 22.7 / fps/train 2.3e4

Writing metrics: /scratch/midway3/rickybao/dreamerv3_runs/c1_run_seed1/metrics.jsonlWriting metrics: /scratch/midway3/rickybao/dreamerv3_runs/c1_run_seed1/scores.jsonl


--------------------[Agent Step 135_088]--------------------
Metrics filtered by: 'score|length|fps|ratio|train/loss/|train/rand/'
train/loss/con 0.02 / train/loss/dyn 7.1 / train/loss/height 3.2e-3 / train/loss/orientations 0.23 / train/loss/policy -0.13 / train/loss/rep 7.1 / train/loss/repval 1.22 / train/loss/rew 0.5 / train/loss/value 0.87 / train/loss/velocity 1.09 / replay/replay_ratio 1040 / fps/policy 22.73 / fps/train 2.3e4

Writing metrics: /scratch/midway3/rickybao/dreamerv3_runs/c1_run_seed1/metrics.jsonl
Writing metrics: /scratch/midway3/rickybao/dreamerv3_runs/c1_run_seed1/scores.jsonl

--------------------[Agent Step 137_824]--------------------
Metrics filtered by: 'score|length|fps|ratio|train/loss/|train/rand/'
train/loss/con 0.02 / train/loss/dyn 7.09 / train/loss/height 3.2e-3 / train/loss/orientations 0.23 / train/loss/policy -0.12 / train/loss/rep 7.09 / train/loss/repval 1.08 / train/loss/rew 0.5 / train/loss/value 0.75 / train/loss/velocity 1.09 / replay/replay_ratio 1040 / fps/policy 22.74 / fps/train 2.3e4

Writing metrics: /scratch/midway3/rickybao/dreamerv3_runs/c1_run_seed1/metrics.jsonlWriting metrics: /scratch/midway3/rickybao/dreamerv3_runs/c1_run_seed1/scores.jsonl


--------------------[Agent Step 140_560]--------------------
Metrics filtered by: 'score|length|fps|ratio|train/loss/|train/rand/'
train/loss/con 0.02 / train/loss/dyn 7.09 / train/loss/height 3.1e-3 / train/loss/orientations 0.22 / train/loss/policy -0.09 / train/loss/rep 7.09 / train/loss/repval 0.98 / train/loss/rew 0.5 / train/loss/value 0.74 / train/loss/velocity 1.09 / replay/replay_ratio 1040 / fps/policy 22.74 / fps/train 2.3e4

Writing metrics: /scratch/midway3/rickybao/dreamerv3_runs/c1_run_seed1/metrics.jsonlWriting metrics: /scratch/midway3/rickybao/dreamerv3_runs/c1_run_seed1/scores.jsonl


--------------------[Agent Step 143_296]--------------------
Metrics filtered by: 'score|length|fps|ratio|train/loss/|train/rand/'
train/loss/con 0.02 / train/loss/dyn 7.08 / train/loss/height 3.1e-3 / train/loss/orientations 0.22 / train/loss/policy -0.1 / train/loss/rep 7.08 / train/loss/repval 1.09 / train/loss/rew 0.5 / train/loss/value 0.67 / train/loss/velocity 1.08 / replay/replay_ratio 1040 / fps/policy 22.74 / fps/train 2.3e4

Writing metrics: /scratch/midway3/rickybao/dreamerv3_runs/c1_run_seed1/metrics.jsonlWriting metrics: /scratch/midway3/rickybao/dreamerv3_runs/c1_run_seed1/scores.jsonl

Saving checkpoint: /scratch/midway3/rickybao/dreamerv3_runs/c1_run_seed1/ckpt/20260518T124034F654234
Saved checkpoint.

--------------------[Agent Step 146_016]--------------------
Metrics filtered by: 'score|length|fps|ratio|train/loss/|train/rand/'
episode/score 148.72 / episode/length 1001 / train/loss/con 0.02 / train/loss/dyn 7.08 / train/loss/height 3.1e-3 / train/loss/orientations 0.22 / train/loss/policy -0.15 / train/loss/rep 7.08 / train/loss/repval 1.12 / train/loss/rew 0.5 / train/loss/value 0.7 / train/loss/velocity 1.07 / replay/replay_ratio 1040 / fps/policy 22.56 / fps/train 2.3e4

Writing metrics: /scratch/midway3/rickybao/dreamerv3_runs/c1_run_seed1/metrics.jsonlWriting metrics: /scratch/midway3/rickybao/dreamerv3_runs/c1_run_seed1/scores.jsonl


--------------------[Agent Step 148_752]--------------------
Metrics filtered by: 'score|length|fps|ratio|train/loss/|train/rand/'
train/loss/con 0.02 / train/loss/dyn 7.08 / train/loss/height 3e-3 / train/loss/orientations 0.21 / train/loss/policy -0.17 / train/loss/rep 7.08 / train/loss/repval 0.93 / train/loss/rew 0.5 / train/loss/value 1.07 / train/loss/velocity 1.07 / replay/replay_ratio 1040 / fps/policy 22.7 / fps/train 2.3e4

Writing metrics: /scratch/midway3/rickybao/dreamerv3_runs/c1_run_seed1/metrics.jsonlWriting metrics: /scratch/midway3/rickybao/dreamerv3_runs/c1_run_seed1/scores.jsonl


--------------------[Agent Step 151_488]--------------------
Metrics filtered by: 'score|length|fps|ratio|train/loss/|train/rand/'
train/loss/con 0.02 / train/loss/dyn 7.08 / train/loss/height 3e-3 / train/loss/orientations 0.21 / train/loss/policy -0.12 / train/loss/rep 7.08 / train/loss/repval 1.09 / train/loss/rew 0.5 / train/loss/value 1.27 / train/loss/velocity 1.07 / replay/replay_ratio 1040 / fps/policy 22.73 / fps/train 2.3e4

Writing metrics: /scratch/midway3/rickybao/dreamerv3_runs/c1_run_seed1/metrics.jsonlWriting metrics: /scratch/midway3/rickybao/dreamerv3_runs/c1_run_seed1/scores.jsonl


--------------------[Agent Step 154_224]--------------------
Metrics filtered by: 'score|length|fps|ratio|train/loss/|train/rand/'
train/loss/con 0.02 / train/loss/dyn 7.08 / train/loss/height 2.9e-3 / train/loss/orientations 0.21 / train/loss/policy -0.13 / train/loss/rep 7.08 / train/loss/repval 1.09 / train/loss/rew 0.5 / train/loss/value 1.29 / train/loss/velocity 1.07 / replay/replay_ratio 1040 / fps/policy 22.74 / fps/train 2.3e4

Writing metrics: /scratch/midway3/rickybao/dreamerv3_runs/c1_run_seed1/scores.jsonlWriting metrics: /scratch/midway3/rickybao/dreamerv3_runs/c1_run_seed1/metrics.jsonl


--------------------[Agent Step 156_960]--------------------
Metrics filtered by: 'score|length|fps|ratio|train/loss/|train/rand/'
train/loss/con 0.02 / train/loss/dyn 7.09 / train/loss/height 2.9e-3 / train/loss/orientations 0.21 / train/loss/policy -0.13 / train/loss/rep 7.09 / train/loss/repval 1.13 / train/loss/rew 0.5 / train/loss/value 1.3 / train/loss/velocity 1.07 / replay/replay_ratio 1040 / fps/policy 22.74 / fps/train 2.3e4

Writing metrics: /scratch/midway3/rickybao/dreamerv3_runs/c1_run_seed1/metrics.jsonlWriting metrics: /scratch/midway3/rickybao/dreamerv3_runs/c1_run_seed1/scores.jsonl


--------------------[Agent Step 159_696]--------------------
Metrics filtered by: 'score|length|fps|ratio|train/loss/|train/rand/'
train/loss/con 0.02 / train/loss/dyn 7.08 / train/loss/height 2.9e-3 / train/loss/orientations 0.2 / train/loss/policy -0.12 / train/loss/rep 7.08 / train/loss/repval 1.04 / train/loss/rew 0.5 / train/loss/value 1.28 / train/loss/velocity 1.07 / replay/replay_ratio 1040 / fps/policy 22.75 / fps/train 2.3e4

Writing metrics: /scratch/midway3/rickybao/dreamerv3_runs/c1_run_seed1/scores.jsonlWriting metrics: /scratch/midway3/rickybao/dreamerv3_runs/c1_run_seed1/metrics.jsonl


--------------------[Agent Step 162_432]--------------------
Metrics filtered by: 'score|length|fps|ratio|train/loss/|train/rand/'
episode/score 154.3 / episode/length 1001 / train/loss/con 0.02 / train/loss/dyn 7.09 / train/loss/height 2.9e-3 / train/loss/orientations 0.2 / train/loss/policy -0.13 / train/loss/rep 7.09 / train/loss/repval 0.91 / train/loss/rew 0.5 / train/loss/value 1.23 / train/loss/velocity 1.07 / replay/replay_ratio 1040 / fps/policy 22.69 / fps/train 2.3e4

Writing metrics: /scratch/midway3/rickybao/dreamerv3_runs/c1_run_seed1/metrics.jsonlWriting metrics: /scratch/midway3/rickybao/dreamerv3_runs/c1_run_seed1/scores.jsonl

Saving checkpoint: /scratch/midway3/rickybao/dreamerv3_runs/c1_run_seed1/ckpt/20260518T125534F738128
Saved checkpoint.

--------------------[Agent Step 165_152]--------------------
Metrics filtered by: 'score|length|fps|ratio|train/loss/|train/rand/'
train/loss/con 0.02 / train/loss/dyn 7.08 / train/loss/height 2.9e-3 / train/loss/orientations 0.2 / train/loss/policy -0.15 / train/loss/rep 7.08 / train/loss/repval 0.92 / train/loss/rew 0.5 / train/loss/value 1.24 / train/loss/velocity 1.07 / replay/replay_ratio 1040 / fps/policy 22.56 / fps/train 2.3e4

Writing metrics: /scratch/midway3/rickybao/dreamerv3_runs/c1_run_seed1/metrics.jsonlWriting metrics: /scratch/midway3/rickybao/dreamerv3_runs/c1_run_seed1/scores.jsonl


--------------------[Agent Step 167_888]--------------------
Metrics filtered by: 'score|length|fps|ratio|train/loss/|train/rand/'
train/loss/con 0.02 / train/loss/dyn 7.08 / train/loss/height 2.8e-3 / train/loss/orientations 0.2 / train/loss/policy -0.14 / train/loss/rep 7.08 / train/loss/repval 1.04 / train/loss/rew 0.5 / train/loss/value 1.28 / train/loss/velocity 1.07 / replay/replay_ratio 1040 / fps/policy 22.74 / fps/train 2.3e4

Writing metrics: /scratch/midway3/rickybao/dreamerv3_runs/c1_run_seed1/metrics.jsonlWriting metrics: /scratch/midway3/rickybao/dreamerv3_runs/c1_run_seed1/scores.jsonl


--------------------[Agent Step 170_624]--------------------
Metrics filtered by: 'score|length|fps|ratio|train/loss/|train/rand/'
train/loss/con 0.02 / train/loss/dyn 7.07 / train/loss/height 2.8e-3 / train/loss/orientations 0.19 / train/loss/policy -0.14 / train/loss/rep 7.07 / train/loss/repval 1.14 / train/loss/rew 0.5 / train/loss/value 1.28 / train/loss/velocity 1.07 / replay/replay_ratio 1040 / fps/policy 22.74 / fps/train 2.3e4

Writing metrics: /scratch/midway3/rickybao/dreamerv3_runs/c1_run_seed1/metrics.jsonlWriting metrics: /scratch/midway3/rickybao/dreamerv3_runs/c1_run_seed1/scores.jsonl


--------------------[Agent Step 173_360]--------------------
Metrics filtered by: 'score|length|fps|ratio|train/loss/|train/rand/'
train/loss/con 0.02 / train/loss/dyn 7.06 / train/loss/height 2.8e-3 / train/loss/orientations 0.19 / train/loss/policy -0.14 / train/loss/rep 7.06 / train/loss/repval 1.27 / train/loss/rew 0.5 / train/loss/value 1.07 / train/loss/velocity 1.07 / replay/replay_ratio 1040 / fps/policy 22.74 / fps/train 2.3e4

Writing metrics: /scratch/midway3/rickybao/dreamerv3_runs/c1_run_seed1/metrics.jsonlWriting metrics: /scratch/midway3/rickybao/dreamerv3_runs/c1_run_seed1/scores.jsonl


--------------------[Agent Step 176_096]--------------------
Metrics filtered by: 'score|length|fps|ratio|train/loss/|train/rand/'
train/loss/con 0.02 / train/loss/dyn 7.05 / train/loss/height 2.7e-3 / train/loss/orientations 0.19 / train/loss/policy -0.14 / train/loss/rep 7.05 / train/loss/repval 1.17 / train/loss/rew 0.51 / train/loss/value 0.78 / train/loss/velocity 1.07 / replay/replay_ratio 1040 / fps/policy 22.75 / fps/train 2.3e4

Writing metrics: /scratch/midway3/rickybao/dreamerv3_runs/c1_run_seed1/metrics.jsonlWriting metrics: /scratch/midway3/rickybao/dreamerv3_runs/c1_run_seed1/scores.jsonl


--------------------[Agent Step 178_832]--------------------
Metrics filtered by: 'score|length|fps|ratio|train/loss/|train/rand/'
episode/score 169.26 / episode/length 1001 / train/loss/con 0.02 / train/loss/dyn 7.05 / train/loss/height 2.7e-3 / train/loss/orientations 0.19 / train/loss/policy -0.15 / train/loss/rep 7.05 / train/loss/repval 0.95 / train/loss/rew 0.51 / train/loss/value 0.76 / train/loss/velocity 1.07 / replay/replay_ratio 1040 / fps/policy 22.69 / fps/train 2.3e4

Writing metrics: /scratch/midway3/rickybao/dreamerv3_runs/c1_run_seed1/metrics.jsonlWriting metrics: /scratch/midway3/rickybao/dreamerv3_runs/c1_run_seed1/scores.jsonl


--------------------[Agent Step 181_568]--------------------
Metrics filtered by: 'score|length|fps|ratio|train/loss/|train/rand/'
train/loss/con 0.02 / train/loss/dyn 7.04 / train/loss/height 2.7e-3 / train/loss/orientations 0.18 / train/loss/policy -0.15 / train/loss/rep 7.04 / train/loss/repval 0.9 / train/loss/rew 0.51 / train/loss/value 1.14 / train/loss/velocity 1.07 / replay/replay_ratio 1040 / fps/policy 22.72 / fps/train 2.3e4

Writing metrics: /scratch/midway3/rickybao/dreamerv3_runs/c1_run_seed1/metrics.jsonlWriting metrics: /scratch/midway3/rickybao/dreamerv3_runs/c1_run_seed1/scores.jsonl


--------------------[Agent Step 184_304]--------------------
Metrics filtered by: 'score|length|fps|ratio|train/loss/|train/rand/'
train/loss/con 0.02 / train/loss/dyn 7.02 / train/loss/height 2.6e-3 / train/loss/orientations 0.18 / train/loss/policy -0.15 / train/loss/rep 7.02 / train/loss/repval 1.18 / train/loss/rew 0.51 / train/loss/value 1.24 / train/loss/velocity 1.07 / replay/replay_ratio 1040 / fps/policy 22.75 / fps/train 2.3e4

Writing metrics: /scratch/midway3/rickybao/dreamerv3_runs/c1_run_seed1/metrics.jsonlWriting metrics: /scratch/midway3/rickybao/dreamerv3_runs/c1_run_seed1/scores.jsonl

Saving checkpoint: /scratch/midway3/rickybao/dreamerv3_runs/c1_run_seed1/ckpt/20260518T131035F054225
Saved checkpoint.

--------------------[Agent Step 187_024]--------------------
Metrics filtered by: 'score|length|fps|ratio|train/loss/|train/rand/'
train/loss/con 0.02 / train/loss/dyn 7 / train/loss/height 2.6e-3 / train/loss/orientations 0.18 / train/loss/policy -0.14 / train/loss/rep 7 / train/loss/repval 1.26 / train/loss/rew 0.51 / train/loss/value 0.99 / train/loss/velocity 1.06 / replay/replay_ratio 1040 / fps/policy 22.59 / fps/train 2.3e4

Writing metrics: /scratch/midway3/rickybao/dreamerv3_runs/c1_run_seed1/metrics.jsonlWriting metrics: /scratch/midway3/rickybao/dreamerv3_runs/c1_run_seed1/scores.jsonl


--------------------[Agent Step 189_760]--------------------
Metrics filtered by: 'score|length|fps|ratio|train/loss/|train/rand/'
train/loss/con 0.02 / train/loss/dyn 6.98 / train/loss/height 2.5e-3 / train/loss/orientations 0.17 / train/loss/policy -0.17 / train/loss/rep 6.98 / train/loss/repval 1.1 / train/loss/rew 0.51 / train/loss/value 0.8 / train/loss/velocity 1.05 / replay/replay_ratio 1040 / fps/policy 22.75 / fps/train 2.3e4

Writing metrics: /scratch/midway3/rickybao/dreamerv3_runs/c1_run_seed1/metrics.jsonlWriting metrics: /scratch/midway3/rickybao/dreamerv3_runs/c1_run_seed1/scores.jsonl


--------------------[Agent Step 192_496]--------------------
Metrics filtered by: 'score|length|fps|ratio|train/loss/|train/rand/'
episode/score 224.95 / episode/length 1001 / train/loss/con 0.02 / train/loss/dyn 6.96 / train/loss/height 2.5e-3 / train/loss/orientations 0.17 / train/loss/policy -0.15 / train/loss/rep 6.96 / train/loss/repval 0.9 / train/loss/rew 0.51 / train/loss/value 1.12 / train/loss/velocity 1.05 / replay/replay_ratio 1040 / fps/policy 22.73 / fps/train 2.3e4

Writing metrics: /scratch/midway3/rickybao/dreamerv3_runs/c1_run_seed1/scores.jsonlWriting metrics: /scratch/midway3/rickybao/dreamerv3_runs/c1_run_seed1/metrics.jsonl


--------------------[Agent Step 195_232]--------------------
Metrics filtered by: 'score|length|fps|ratio|train/loss/|train/rand/'
train/loss/con 0.02 / train/loss/dyn 6.94 / train/loss/height 2.5e-3 / train/loss/orientations 0.17 / train/loss/policy -0.13 / train/loss/rep 6.94 / train/loss/repval 1.04 / train/loss/rew 0.51 / train/loss/value 1.26 / train/loss/velocity 1.05 / replay/replay_ratio 1040 / fps/policy 22.68 / fps/train 2.3e4

Writing metrics: /scratch/midway3/rickybao/dreamerv3_runs/c1_run_seed1/metrics.jsonlWriting metrics: /scratch/midway3/rickybao/dreamerv3_runs/c1_run_seed1/scores.jsonl


--------------------[Agent Step 197_968]--------------------
Metrics filtered by: 'score|length|fps|ratio|train/loss/|train/rand/'
train/loss/con 0.02 / train/loss/dyn 6.92 / train/loss/height 2.4e-3 / train/loss/orientations 0.17 / train/loss/policy -0.13 / train/loss/rep 6.92 / train/loss/repval 1.18 / train/loss/rew 0.51 / train/loss/value 1.22 / train/loss/velocity 1.04 / replay/replay_ratio 1040 / fps/policy 22.72 / fps/train 2.3e4

Writing metrics: /scratch/midway3/rickybao/dreamerv3_runs/c1_run_seed1/metrics.jsonlWriting metrics: /scratch/midway3/rickybao/dreamerv3_runs/c1_run_seed1/scores.jsonl


--------------------[Agent Step 200_704]--------------------
Metrics filtered by: 'score|length|fps|ratio|train/loss/|train/rand/'
train/loss/con 0.02 / train/loss/dyn 6.87 / train/loss/height 2.4e-3 / train/loss/orientations 0.16 / train/loss/policy -0.13 / train/loss/rep 6.87 / train/loss/repval 1.25 / train/loss/rew 0.51 / train/loss/value 1.02 / train/loss/velocity 1.04 / replay/replay_ratio 1040 / fps/policy 22.69 / fps/train 2.3e4

Writing metrics: /scratch/midway3/rickybao/dreamerv3_runs/c1_run_seed1/metrics.jsonlWriting metrics: /scratch/midway3/rickybao/dreamerv3_runs/c1_run_seed1/scores.jsonl


--------------------[Agent Step 203_440]--------------------
Metrics filtered by: 'score|length|fps|ratio|train/loss/|train/rand/'
train/loss/con 0.02 / train/loss/dyn 6.87 / train/loss/height 2.4e-3 / train/loss/orientations 0.16 / train/loss/policy -0.14 / train/loss/rep 6.87 / train/loss/repval 1.22 / train/loss/rew 0.51 / train/loss/value 0.87 / train/loss/velocity 1.03 / replay/replay_ratio 1040 / fps/policy 22.74 / fps/train 2.3e4

Writing metrics: /scratch/midway3/rickybao/dreamerv3_runs/c1_run_seed1/metrics.jsonlWriting metrics: /scratch/midway3/rickybao/dreamerv3_runs/c1_run_seed1/scores.jsonl

Saving checkpoint: /scratch/midway3/rickybao/dreamerv3_runs/c1_run_seed1/ckpt/20260518T132535F059397
Saved checkpoint.

--------------------[Agent Step 206_160]--------------------
Metrics filtered by: 'score|length|fps|ratio|train/loss/|train/rand/'
train/loss/con 0.02 / train/loss/dyn 6.85 / train/loss/height 2.4e-3 / train/loss/orientations 0.16 / train/loss/policy -0.16 / train/loss/rep 6.85 / train/loss/repval 0.99 / train/loss/rew 0.51 / train/loss/value 0.84 / train/loss/velocity 1.03 / replay/replay_ratio 1040 / fps/policy 22.6 / fps/train 2.3e4

Writing metrics: /scratch/midway3/rickybao/dreamerv3_runs/c1_run_seed1/metrics.jsonlWriting metrics: /scratch/midway3/rickybao/dreamerv3_runs/c1_run_seed1/scores.jsonl


--------------------[Agent Step 208_896]--------------------
Metrics filtered by: 'score|length|fps|ratio|train/loss/|train/rand/'
episode/score 255.13 / episode/length 1001 / train/loss/con 0.02 / train/loss/dyn 6.83 / train/loss/height 2.3e-3 / train/loss/orientations 0.15 / train/loss/policy -0.13 / train/loss/rep 6.83 / train/loss/repval 0.88 / train/loss/rew 0.51 / train/loss/value 1.1 / train/loss/velocity 1.03 / replay/replay_ratio 1040 / fps/policy 22.71 / fps/train 2.3e4

Writing metrics: /scratch/midway3/rickybao/dreamerv3_runs/c1_run_seed1/metrics.jsonlWriting metrics: /scratch/midway3/rickybao/dreamerv3_runs/c1_run_seed1/scores.jsonl


--------------------[Agent Step 211_632]--------------------
Metrics filtered by: 'score|length|fps|ratio|train/loss/|train/rand/'
train/loss/con 0.02 / train/loss/dyn 6.81 / train/loss/height 2.3e-3 / train/loss/orientations 0.15 / train/loss/policy -0.13 / train/loss/rep 6.81 / train/loss/repval 1 / train/loss/rew 0.51 / train/loss/value 1.24 / train/loss/velocity 1.02 / replay/replay_ratio 1040 / fps/policy 22.68 / fps/train 2.3e4

Writing metrics: /scratch/midway3/rickybao/dreamerv3_runs/c1_run_seed1/metrics.jsonlWriting metrics: /scratch/midway3/rickybao/dreamerv3_runs/c1_run_seed1/scores.jsonl


--------------------[Agent Step 214_368]--------------------
Metrics filtered by: 'score|length|fps|ratio|train/loss/|train/rand/'
train/loss/con 0.02 / train/loss/dyn 6.78 / train/loss/height 2.3e-3 / train/loss/orientations 0.15 / train/loss/policy -0.14 / train/loss/rep 6.78 / train/loss/repval 1.22 / train/loss/rew 0.51 / train/loss/value 1.13 / train/loss/velocity 1.02 / replay/replay_ratio 1040 / fps/policy 22.7 / fps/train 2.3e4

Writing metrics: /scratch/midway3/rickybao/dreamerv3_runs/c1_run_seed1/scores.jsonlWriting metrics: /scratch/midway3/rickybao/dreamerv3_runs/c1_run_seed1/metrics.jsonl


--------------------[Agent Step 217_104]--------------------
Metrics filtered by: 'score|length|fps|ratio|train/loss/|train/rand/'
train/loss/con 0.02 / train/loss/dyn 6.76 / train/loss/height 2.2e-3 / train/loss/orientations 0.15 / train/loss/policy -0.12 / train/loss/rep 6.76 / train/loss/repval 1.24 / train/loss/rew 0.51 / train/loss/value 0.99 / train/loss/velocity 1.01 / replay/replay_ratio 1040 / fps/policy 22.74 / fps/train 2.3e4

Writing metrics: /scratch/midway3/rickybao/dreamerv3_runs/c1_run_seed1/metrics.jsonlWriting metrics: /scratch/midway3/rickybao/dreamerv3_runs/c1_run_seed1/scores.jsonl


--------------------[Agent Step 219_840]--------------------
Metrics filtered by: 'score|length|fps|ratio|train/loss/|train/rand/'
train/loss/con 0.02 / train/loss/dyn 6.74 / train/loss/height 2.2e-3 / train/loss/orientations 0.14 / train/loss/policy -0.13 / train/loss/rep 6.74 / train/loss/repval 1.2 / train/loss/rew 0.51 / train/loss/value 0.87 / train/loss/velocity 1.01 / replay/replay_ratio 1040 / fps/policy 22.75 / fps/train 2.3e4

Writing metrics: /scratch/midway3/rickybao/dreamerv3_runs/c1_run_seed1/metrics.jsonlWriting metrics: /scratch/midway3/rickybao/dreamerv3_runs/c1_run_seed1/scores.jsonl


--------------------[Agent Step 222_576]--------------------
Metrics filtered by: 'score|length|fps|ratio|train/loss/|train/rand/'
train/loss/con 0.02 / train/loss/dyn 6.72 / train/loss/height 2.2e-3 / train/loss/orientations 0.14 / train/loss/policy -0.13 / train/loss/rep 6.72 / train/loss/repval 1.01 / train/loss/rew 0.51 / train/loss/value 0.81 / train/loss/velocity 1 / replay/replay_ratio 1040 / fps/policy 22.73 / fps/train 2.3e4

Writing metrics: /scratch/midway3/rickybao/dreamerv3_runs/c1_run_seed1/metrics.jsonlWriting metrics: /scratch/midway3/rickybao/dreamerv3_runs/c1_run_seed1/scores.jsonl


--------------------[Agent Step 225_312]--------------------
Metrics filtered by: 'score|length|fps|ratio|train/loss/|train/rand/'
episode/score 284.76 / episode/length 1001 / train/loss/con 0.02 / train/loss/dyn 6.68 / train/loss/height 2.2e-3 / train/loss/orientations 0.14 / train/loss/policy -0.12 / train/loss/rep 6.68 / train/loss/repval 0.9 / train/loss/rew 0.51 / train/loss/value 0.96 / train/loss/velocity 0.99 / replay/replay_ratio 1040 / fps/policy 22.71 / fps/train 2.3e4

Writing metrics: /scratch/midway3/rickybao/dreamerv3_runs/c1_run_seed1/metrics.jsonlWriting metrics: /scratch/midway3/rickybao/dreamerv3_runs/c1_run_seed1/scores.jsonl

Saving checkpoint: /scratch/midway3/rickybao/dreamerv3_runs/c1_run_seed1/ckpt/20260518T134035F255478
Saved checkpoint.

--------------------[Agent Step 228_032]--------------------
Metrics filtered by: 'score|length|fps|ratio|train/loss/|train/rand/'
train/loss/con 0.02 / train/loss/dyn 6.67 / train/loss/height 2.1e-3 / train/loss/orientations 0.14 / train/loss/policy -0.11 / train/loss/rep 6.67 / train/loss/repval 0.89 / train/loss/rew 0.51 / train/loss/value 1.12 / train/loss/velocity 0.99 / replay/replay_ratio 1040 / fps/policy 22.56 / fps/train 2.3e4

Writing metrics: /scratch/midway3/rickybao/dreamerv3_runs/c1_run_seed1/metrics.jsonlWriting metrics: /scratch/midway3/rickybao/dreamerv3_runs/c1_run_seed1/scores.jsonl


--------------------[Agent Step 230_768]--------------------
Metrics filtered by: 'score|length|fps|ratio|train/loss/|train/rand/'
train/loss/con 0.02 / train/loss/dyn 6.64 / train/loss/height 2.1e-3 / train/loss/orientations 0.14 / train/loss/policy -0.11 / train/loss/rep 6.64 / train/loss/repval 0.97 / train/loss/rew 0.51 / train/loss/value 1.23 / train/loss/velocity 0.99 / replay/replay_ratio 1040 / fps/policy 22.71 / fps/train 2.3e4

Writing metrics: /scratch/midway3/rickybao/dreamerv3_runs/c1_run_seed1/scores.jsonlWriting metrics: /scratch/midway3/rickybao/dreamerv3_runs/c1_run_seed1/metrics.jsonl


--------------------[Agent Step 233_504]--------------------
Metrics filtered by: 'score|length|fps|ratio|train/loss/|train/rand/'
train/loss/con 0.02 / train/loss/dyn 6.6 / train/loss/height 2.1e-3 / train/loss/orientations 0.13 / train/loss/policy -0.12 / train/loss/rep 6.6 / train/loss/repval 1.16 / train/loss/rew 0.51 / train/loss/value 1.17 / train/loss/velocity 0.98 / replay/replay_ratio 1040 / fps/policy 22.74 / fps/train 2.3e4

Writing metrics: /scratch/midway3/rickybao/dreamerv3_runs/c1_run_seed1/metrics.jsonlWriting metrics: /scratch/midway3/rickybao/dreamerv3_runs/c1_run_seed1/scores.jsonl


--------------------[Agent Step 236_240]--------------------
Metrics filtered by: 'score|length|fps|ratio|train/loss/|train/rand/'
train/loss/con 0.02 / train/loss/dyn 6.59 / train/loss/height 2e-3 / train/loss/orientations 0.13 / train/loss/policy -0.11 / train/loss/rep 6.59 / train/loss/repval 1.22 / train/loss/rew 0.51 / train/loss/value 1 / train/loss/velocity 0.98 / replay/replay_ratio 1040 / fps/policy 22.74 / fps/train 2.3e4

Writing metrics: /scratch/midway3/rickybao/dreamerv3_runs/c1_run_seed1/metrics.jsonlWriting metrics: /scratch/midway3/rickybao/dreamerv3_runs/c1_run_seed1/scores.jsonl


--------------------[Agent Step 238_976]--------------------
Metrics filtered by: 'score|length|fps|ratio|train/loss/|train/rand/'
train/loss/con 0.02 / train/loss/dyn 6.55 / train/loss/height 2e-3 / train/loss/orientations 0.13 / train/loss/policy -0.12 / train/loss/rep 6.55 / train/loss/repval 1.2 / train/loss/rew 0.51 / train/loss/value 0.89 / train/loss/velocity 0.97 / replay/replay_ratio 1040 / fps/policy 22.74 / fps/train 2.3e4

Writing metrics: /scratch/midway3/rickybao/dreamerv3_runs/c1_run_seed1/scores.jsonlWriting metrics: /scratch/midway3/rickybao/dreamerv3_runs/c1_run_seed1/metrics.jsonl


--------------------[Agent Step 241_712]--------------------
Metrics filtered by: 'score|length|fps|ratio|train/loss/|train/rand/'
episode/score 366.37 / episode/length 1001 / train/loss/con 0.02 / train/loss/dyn 6.55 / train/loss/height 2e-3 / train/loss/orientations 0.13 / train/loss/policy -0.13 / train/loss/rep 6.55 / train/loss/repval 1.05 / train/loss/rew 0.51 / train/loss/value 0.81 / train/loss/velocity 0.97 / replay/replay_ratio 1040 / fps/policy 22.71 / fps/train 2.3e4

Writing metrics: /scratch/midway3/rickybao/dreamerv3_runs/c1_run_seed1/scores.jsonlWriting metrics: /scratch/midway3/rickybao/dreamerv3_runs/c1_run_seed1/metrics.jsonl


--------------------[Agent Step 244_448]--------------------
Metrics filtered by: 'score|length|fps|ratio|train/loss/|train/rand/'
train/loss/con 0.02 / train/loss/dyn 6.54 / train/loss/height 2e-3 / train/loss/orientations 0.13 / train/loss/policy -0.09 / train/loss/rep 6.54 / train/loss/repval 1.02 / train/loss/rew 0.51 / train/loss/value 0.79 / train/loss/velocity 0.96 / replay/replay_ratio 1040 / fps/policy 22.69 / fps/train 2.3e4

Writing metrics: /scratch/midway3/rickybao/dreamerv3_runs/c1_run_seed1/metrics.jsonlWriting metrics: /scratch/midway3/rickybao/dreamerv3_runs/c1_run_seed1/scores.jsonl

Saving checkpoint: /scratch/midway3/rickybao/dreamerv3_runs/c1_run_seed1/ckpt/20260518T135535F284312
Saved checkpoint.

--------------------[Agent Step 247_168]--------------------
Metrics filtered by: 'score|length|fps|ratio|train/loss/|train/rand/'
train/loss/con 0.02 / train/loss/dyn 6.51 / train/loss/height 2e-3 / train/loss/orientations 0.13 / train/loss/policy -0.1 / train/loss/rep 6.51 / train/loss/repval 1.04 / train/loss/rew 0.52 / train/loss/value 0.8 / train/loss/velocity 0.96 / replay/replay_ratio 1040 / fps/policy 22.59 / fps/train 2.3e4

Writing metrics: /scratch/midway3/rickybao/dreamerv3_runs/c1_run_seed1/metrics.jsonlWriting metrics: /scratch/midway3/rickybao/dreamerv3_runs/c1_run_seed1/scores.jsonl


--------------------[Agent Step 249_904]--------------------
Metrics filtered by: 'score|length|fps|ratio|train/loss/|train/rand/'
train/loss/con 0.02 / train/loss/dyn 6.49 / train/loss/height 2e-3 / train/loss/orientations 0.12 / train/loss/policy -0.09 / train/loss/rep 6.49 / train/loss/repval 1.01 / train/loss/rew 0.52 / train/loss/value 0.84 / train/loss/velocity 0.95 / replay/replay_ratio 1040 / fps/policy 22.74 / fps/train 2.3e4

Writing metrics: /scratch/midway3/rickybao/dreamerv3_runs/c1_run_seed1/metrics.jsonlWriting metrics: /scratch/midway3/rickybao/dreamerv3_runs/c1_run_seed1/scores.jsonl


--------------------[Agent Step 252_640]--------------------
Metrics filtered by: 'score|length|fps|ratio|train/loss/|train/rand/'
train/loss/con 0.02 / train/loss/dyn 6.47 / train/loss/height 1.9e-3 / train/loss/orientations 0.12 / train/loss/policy -0.09 / train/loss/rep 6.47 / train/loss/repval 0.99 / train/loss/rew 0.52 / train/loss/value 0.87 / train/loss/velocity 0.95 / replay/replay_ratio 1040 / fps/policy 22.74 / fps/train 2.3e4

Writing metrics: /scratch/midway3/rickybao/dreamerv3_runs/c1_run_seed1/scores.jsonlWriting metrics: /scratch/midway3/rickybao/dreamerv3_runs/c1_run_seed1/metrics.jsonl


--------------------[Agent Step 255_376]--------------------
Metrics filtered by: 'score|length|fps|ratio|train/loss/|train/rand/'
train/loss/con 0.02 / train/loss/dyn 6.44 / train/loss/height 1.9e-3 / train/loss/orientations 0.12 / train/loss/policy -0.09 / train/loss/rep 6.44 / train/loss/repval 0.95 / train/loss/rew 0.52 / train/loss/value 0.96 / train/loss/velocity 0.94 / replay/replay_ratio 1040 / fps/policy 22.74 / fps/train 2.3e4

Writing metrics: /scratch/midway3/rickybao/dreamerv3_runs/c1_run_seed1/metrics.jsonlWriting metrics: /scratch/midway3/rickybao/dreamerv3_runs/c1_run_seed1/scores.jsonl


--------------------[Agent Step 258_112]--------------------
Metrics filtered by: 'score|length|fps|ratio|train/loss/|train/rand/'
episode/score 333 / episode/length 1001 / train/loss/con 0.02 / train/loss/dyn 6.42 / train/loss/height 1.9e-3 / train/loss/orientations 0.12 / train/loss/policy -0.09 / train/loss/rep 6.42 / train/loss/repval 0.92 / train/loss/rew 0.52 / train/loss/value 1.04 / train/loss/velocity 0.94 / replay/replay_ratio 1040 / fps/policy 22.69 / fps/train 2.3e4

Writing metrics: /scratch/midway3/rickybao/dreamerv3_runs/c1_run_seed1/metrics.jsonlWriting metrics: /scratch/midway3/rickybao/dreamerv3_runs/c1_run_seed1/scores.jsonl


--------------------[Agent Step 260_848]--------------------
Metrics filtered by: 'score|length|fps|ratio|train/loss/|train/rand/'
train/loss/con 0.02 / train/loss/dyn 6.4 / train/loss/height 1.9e-3 / train/loss/orientations 0.12 / train/loss/policy -0.1 / train/loss/rep 6.4 / train/loss/repval 0.9 / train/loss/rew 0.52 / train/loss/value 1.12 / train/loss/velocity 0.93 / replay/replay_ratio 1040 / fps/policy 22.68 / fps/train 2.3e4

Writing metrics: /scratch/midway3/rickybao/dreamerv3_runs/c1_run_seed1/metrics.jsonlWriting metrics: /scratch/midway3/rickybao/dreamerv3_runs/c1_run_seed1/scores.jsonl


--------------------[Agent Step 263_584]--------------------
Metrics filtered by: 'score|length|fps|ratio|train/loss/|train/rand/'
train/loss/con 0.02 / train/loss/dyn 6.39 / train/loss/height 1.8e-3 / train/loss/orientations 0.11 / train/loss/policy -0.09 / train/loss/rep 6.39 / train/loss/repval 0.92 / train/loss/rew 0.52 / train/loss/value 1.2 / train/loss/velocity 0.93 / replay/replay_ratio 1040 / fps/policy 22.72 / fps/train 2.3e4

Writing metrics: /scratch/midway3/rickybao/dreamerv3_runs/c1_run_seed1/scores.jsonlWriting metrics: /scratch/midway3/rickybao/dreamerv3_runs/c1_run_seed1/metrics.jsonl


--------------------[Agent Step 266_320]--------------------
Metrics filtered by: 'score|length|fps|ratio|train/loss/|train/rand/'
train/loss/con 0.02 / train/loss/dyn 6.35 / train/loss/height 1.8e-3 / train/loss/orientations 0.11 / train/loss/policy -0.09 / train/loss/rep 6.35 / train/loss/repval 0.98 / train/loss/rew 0.52 / train/loss/value 1.23 / train/loss/velocity 0.92 / replay/replay_ratio 1040 / fps/policy 22.74 / fps/train 2.3e4

Writing metrics: /scratch/midway3/rickybao/dreamerv3_runs/c1_run_seed1/metrics.jsonl
Writing metrics: /scratch/midway3/rickybao/dreamerv3_runs/c1_run_seed1/scores.jsonl
Saving checkpoint: /scratch/midway3/rickybao/dreamerv3_runs/c1_run_seed1/ckpt/20260518T141035F893276
Saved checkpoint.

--------------------[Agent Step 269_040]--------------------
Metrics filtered by: 'score|length|fps|ratio|train/loss/|train/rand/'
train/loss/con 0.02 / train/loss/dyn 6.34 / train/loss/height 1.8e-3 / train/loss/orientations 0.11 / train/loss/policy -0.09 / train/loss/rep 6.34 / train/loss/repval 1.06 / train/loss/rew 0.52 / train/loss/value 1.22 / train/loss/velocity 0.92 / replay/replay_ratio 1040 / fps/policy 22.6 / fps/train 2.3e4

Writing metrics: /scratch/midway3/rickybao/dreamerv3_runs/c1_run_seed1/metrics.jsonlWriting metrics: /scratch/midway3/rickybao/dreamerv3_runs/c1_run_seed1/scores.jsonl


--------------------[Agent Step 271_776]--------------------
Metrics filtered by: 'score|length|fps|ratio|train/loss/|train/rand/'
train/loss/con 0.02 / train/loss/dyn 6.33 / train/loss/height 1.8e-3 / train/loss/orientations 0.11 / train/loss/policy -0.09 / train/loss/rep 6.33 / train/loss/repval 1.13 / train/loss/rew 0.52 / train/loss/value 1.15 / train/loss/velocity 0.91 / replay/replay_ratio 1040 / fps/policy 22.75 / fps/train 2.3e4

Writing metrics: /scratch/midway3/rickybao/dreamerv3_runs/c1_run_seed1/metrics.jsonlWriting metrics: /scratch/midway3/rickybao/dreamerv3_runs/c1_run_seed1/scores.jsonl


--------------------[Agent Step 274_512]--------------------
Metrics filtered by: 'score|length|fps|ratio|train/loss/|train/rand/'
episode/score 432.28 / episode/length 1001 / train/loss/con 0.02 / train/loss/dyn 6.31 / train/loss/height 1.7e-3 / train/loss/orientations 0.11 / train/loss/policy -0.08 / train/loss/rep 6.31 / train/loss/repval 1.15 / train/loss/rew 0.52 / train/loss/value 1.06 / train/loss/velocity 0.91 / replay/replay_ratio 1040 / fps/policy 22.69 / fps/train 2.3e4

Writing metrics: /scratch/midway3/rickybao/dreamerv3_runs/c1_run_seed1/metrics.jsonlWriting metrics: /scratch/midway3/rickybao/dreamerv3_runs/c1_run_seed1/scores.jsonl


--------------------[Agent Step 277_248]--------------------
Metrics filtered by: 'score|length|fps|ratio|train/loss/|train/rand/'
train/loss/con 0.02 / train/loss/dyn 6.29 / train/loss/height 1.7e-3 / train/loss/orientations 0.11 / train/loss/policy -0.08 / train/loss/rep 6.29 / train/loss/repval 1.15 / train/loss/rew 0.52 / train/loss/value 0.97 / train/loss/velocity 0.91 / replay/replay_ratio 1040 / fps/policy 22.69 / fps/train 2.3e4

Writing metrics: /scratch/midway3/rickybao/dreamerv3_runs/c1_run_seed1/scores.jsonlWriting metrics: /scratch/midway3/rickybao/dreamerv3_runs/c1_run_seed1/metrics.jsonl


--------------------[Agent Step 279_984]--------------------
Metrics filtered by: 'score|length|fps|ratio|train/loss/|train/rand/'
train/loss/con 0.02 / train/loss/dyn 6.28 / train/loss/height 1.7e-3 / train/loss/orientations 0.11 / train/loss/policy -0.08 / train/loss/rep 6.28 / train/loss/repval 1.13 / train/loss/rew 0.52 / train/loss/value 0.93 / train/loss/velocity 0.9 / replay/replay_ratio 1040 / fps/policy 22.72 / fps/train 2.3e4

Writing metrics: /scratch/midway3/rickybao/dreamerv3_runs/c1_run_seed1/metrics.jsonl
Writing metrics: /scratch/midway3/rickybao/dreamerv3_runs/c1_run_seed1/scores.jsonl

--------------------[Agent Step 282_720]--------------------
Metrics filtered by: 'score|length|fps|ratio|train/loss/|train/rand/'
train/loss/con 0.02 / train/loss/dyn 6.25 / train/loss/height 1.7e-3 / train/loss/orientations 0.1 / train/loss/policy -0.09 / train/loss/rep 6.25 / train/loss/repval 1.15 / train/loss/rew 0.52 / train/loss/value 0.91 / train/loss/velocity 0.9 / replay/replay_ratio 1040 / fps/policy 22.74 / fps/train 2.3e4

Writing metrics: /scratch/midway3/rickybao/dreamerv3_runs/c1_run_seed1/metrics.jsonl
Writing metrics: /scratch/midway3/rickybao/dreamerv3_runs/c1_run_seed1/scores.jsonl

--------------------[Agent Step 285_456]--------------------
Metrics filtered by: 'score|length|fps|ratio|train/loss/|train/rand/'
train/loss/con 0.02 / train/loss/dyn 6.25 / train/loss/height 1.7e-3 / train/loss/orientations 0.1 / train/loss/policy -0.08 / train/loss/rep 6.25 / train/loss/repval 1.06 / train/loss/rew 0.52 / train/loss/value 0.86 / train/loss/velocity 0.89 / replay/replay_ratio 1040 / fps/policy 22.74 / fps/train 2.3e4

Writing metrics: /scratch/midway3/rickybao/dreamerv3_runs/c1_run_seed1/metrics.jsonlWriting metrics: /scratch/midway3/rickybao/dreamerv3_runs/c1_run_seed1/scores.jsonl

Saving checkpoint: /scratch/midway3/rickybao/dreamerv3_runs/c1_run_seed1/ckpt/20260518T142536F406015
Saved checkpoint.

--------------------[Agent Step 288_176]--------------------
Metrics filtered by: 'score|length|fps|ratio|train/loss/|train/rand/'
train/loss/con 0.02 / train/loss/dyn 6.23 / train/loss/height 1.7e-3 / train/loss/orientations 0.1 / train/loss/policy -0.08 / train/loss/rep 6.23 / train/loss/repval 1.06 / train/loss/rew 0.52 / train/loss/value 0.82 / train/loss/velocity 0.89 / replay/replay_ratio 1040 / fps/policy 22.6 / fps/train 2.3e4

Writing metrics: /scratch/midway3/rickybao/dreamerv3_runs/c1_run_seed1/metrics.jsonlWriting metrics: /scratch/midway3/rickybao/dreamerv3_runs/c1_run_seed1/scores.jsonl


--------------------[Agent Step 290_912]--------------------
Metrics filtered by: 'score|length|fps|ratio|train/loss/|train/rand/'
episode/score 419.81 / episode/length 1001 / train/loss/con 0.02 / train/loss/dyn 6.22 / train/loss/height 1.7e-3 / train/loss/orientations 0.1 / train/loss/policy -0.07 / train/loss/rep 6.22 / train/loss/repval 1.06 / train/loss/rew 0.52 / train/loss/value 0.81 / train/loss/velocity 0.89 / replay/replay_ratio 1040 / fps/policy 22.67 / fps/train 2.3e4

Writing metrics: /scratch/midway3/rickybao/dreamerv3_runs/c1_run_seed1/metrics.jsonlWriting metrics: /scratch/midway3/rickybao/dreamerv3_runs/c1_run_seed1/scores.jsonl


--------------------[Agent Step 293_632]--------------------
Metrics filtered by: 'score|length|fps|ratio|train/loss/|train/rand/'
train/loss/con 0.02 / train/loss/dyn 6.2 / train/loss/height 1.6e-3 / train/loss/orientations 0.1 / train/loss/policy -0.08 / train/loss/rep 6.2 / train/loss/repval 1.07 / train/loss/rew 0.52 / train/loss/value 0.81 / train/loss/velocity 0.89 / replay/replay_ratio 1040 / fps/policy 22.63 / fps/train 2.3e4

Writing metrics: /scratch/midway3/rickybao/dreamerv3_runs/c1_run_seed1/metrics.jsonlWriting metrics: /scratch/midway3/rickybao/dreamerv3_runs/c1_run_seed1/scores.jsonl


--------------------[Agent Step 296_368]--------------------
Metrics filtered by: 'score|length|fps|ratio|train/loss/|train/rand/'
train/loss/con 0.02 / train/loss/dyn 6.17 / train/loss/height 1.6e-3 / train/loss/orientations 0.1 / train/loss/policy -0.07 / train/loss/rep 6.17 / train/loss/repval 1.07 / train/loss/rew 0.52 / train/loss/value 0.81 / train/loss/velocity 0.88 / replay/replay_ratio 1040 / fps/policy 22.72 / fps/train 2.3e4

Writing metrics: /scratch/midway3/rickybao/dreamerv3_runs/c1_run_seed1/metrics.jsonl
Writing metrics: /scratch/midway3/rickybao/dreamerv3_runs/c1_run_seed1/scores.jsonl

--------------------[Agent Step 299_104]--------------------
Metrics filtered by: 'score|length|fps|ratio|train/loss/|train/rand/'
train/loss/con 0.02 / train/loss/dyn 6.16 / train/loss/height 1.6e-3 / train/loss/orientations 0.1 / train/loss/policy -0.07 / train/loss/rep 6.16 / train/loss/repval 1.05 / train/loss/rew 0.52 / train/loss/value 0.83 / train/loss/velocity 0.88 / replay/replay_ratio 1040 / fps/policy 22.74 / fps/train 2.3e4

Writing metrics: /scratch/midway3/rickybao/dreamerv3_runs/c1_run_seed1/metrics.jsonlWriting metrics: /scratch/midway3/rickybao/dreamerv3_runs/c1_run_seed1/scores.jsonl


--------------------[Agent Step 301_840]--------------------
Metrics filtered by: 'score|length|fps|ratio|train/loss/|train/rand/'
train/loss/con 0.02 / train/loss/dyn 6.14 / train/loss/height 1.6e-3 / train/loss/orientations 0.1 / train/loss/policy -0.07 / train/loss/rep 6.14 / train/loss/repval 1.03 / train/loss/rew 0.52 / train/loss/value 0.87 / train/loss/velocity 0.87 / replay/replay_ratio 1040 / fps/policy 22.74 / fps/train 2.3e4

Writing metrics: /scratch/midway3/rickybao/dreamerv3_runs/c1_run_seed1/metrics.jsonlWriting metrics: /scratch/midway3/rickybao/dreamerv3_runs/c1_run_seed1/scores.jsonl


--------------------[Agent Step 304_576]--------------------
Metrics filtered by: 'score|length|fps|ratio|train/loss/|train/rand/'
episode/score 437.59 / episode/length 1001 / train/loss/con 0.02 / train/loss/dyn 6.12 / train/loss/height 1.6e-3 / train/loss/orientations 0.09 / train/loss/policy -0.07 / train/loss/rep 6.12 / train/loss/repval 1.01 / train/loss/rew 0.52 / train/loss/value 0.92 / train/loss/velocity 0.87 / replay/replay_ratio 1040 / fps/policy 22.73 / fps/train 2.3e4

Writing metrics: /scratch/midway3/rickybao/dreamerv3_runs/c1_run_seed1/scores.jsonlWriting metrics: /scratch/midway3/rickybao/dreamerv3_runs/c1_run_seed1/metrics.jsonl


--------------------[Agent Step 307_312]--------------------
Metrics filtered by: 'score|length|fps|ratio|train/loss/|train/rand/'
train/loss/con 0.02 / train/loss/dyn 6.12 / train/loss/height 1.6e-3 / train/loss/orientations 0.09 / train/loss/policy -0.07 / train/loss/rep 6.12 / train/loss/repval 0.98 / train/loss/rew 0.52 / train/loss/value 1 / train/loss/velocity 0.87 / replay/replay_ratio 1040 / fps/policy 22.67 / fps/train 2.3e4

Writing metrics: /scratch/midway3/rickybao/dreamerv3_runs/c1_run_seed1/metrics.jsonlWriting metrics: /scratch/midway3/rickybao/dreamerv3_runs/c1_run_seed1/scores.jsonl

Saving checkpoint: /scratch/midway3/rickybao/dreamerv3_runs/c1_run_seed1/ckpt/20260518T144036F515114
Saved checkpoint.

--------------------[Agent Step 310_032]--------------------
Metrics filtered by: 'score|length|fps|ratio|train/loss/|train/rand/'
train/loss/con 0.02 / train/loss/dyn 6.09 / train/loss/height 1.6e-3 / train/loss/orientations 0.09 / train/loss/policy -0.07 / train/loss/rep 6.09 / train/loss/repval 0.97 / train/loss/rew 0.52 / train/loss/value 1.06 / train/loss/velocity 0.86 / replay/replay_ratio 1040 / fps/policy 22.54 / fps/train 2.3e4

Writing metrics: /scratch/midway3/rickybao/dreamerv3_runs/c1_run_seed1/scores.jsonlWriting metrics: /scratch/midway3/rickybao/dreamerv3_runs/c1_run_seed1/metrics.jsonl


--------------------[Agent Step 312_768]--------------------
Metrics filtered by: 'score|length|fps|ratio|train/loss/|train/rand/'
train/loss/con 0.02 / train/loss/dyn 6.08 / train/loss/height 1.5e-3 / train/loss/orientations 0.09 / train/loss/policy -0.07 / train/loss/rep 6.08 / train/loss/repval 0.97 / train/loss/rew 0.52 / train/loss/value 1.12 / train/loss/velocity 0.86 / replay/replay_ratio 1040 / fps/policy 22.73 / fps/train 2.3e4

Writing metrics: /scratch/midway3/rickybao/dreamerv3_runs/c1_run_seed1/metrics.jsonlWriting metrics: /scratch/midway3/rickybao/dreamerv3_runs/c1_run_seed1/scores.jsonl


--------------------[Agent Step 315_504]--------------------
Metrics filtered by: 'score|length|fps|ratio|train/loss/|train/rand/'
train/loss/con 0.02 / train/loss/dyn 6.04 / train/loss/height 1.5e-3 / train/loss/orientations 0.09 / train/loss/policy -0.07 / train/loss/rep 6.04 / train/loss/repval 0.97 / train/loss/rew 0.52 / train/loss/value 1.18 / train/loss/velocity 0.85 / replay/replay_ratio 1040 / fps/policy 22.75 / fps/train 2.3e4

Writing metrics: /scratch/midway3/rickybao/dreamerv3_runs/c1_run_seed1/metrics.jsonlWriting metrics: /scratch/midway3/rickybao/dreamerv3_runs/c1_run_seed1/scores.jsonl


--------------------[Agent Step 318_240]--------------------
Metrics filtered by: 'score|length|fps|ratio|train/loss/|train/rand/'
train/loss/con 0.02 / train/loss/dyn 6.03 / train/loss/height 1.5e-3 / train/loss/orientations 0.09 / train/loss/policy -0.08 / train/loss/rep 6.03 / train/loss/repval 0.99 / train/loss/rew 0.52 / train/loss/value 1.21 / train/loss/velocity 0.85 / replay/replay_ratio 1040 / fps/policy 22.74 / fps/train 2.3e4

Writing metrics: /scratch/midway3/rickybao/dreamerv3_runs/c1_run_seed1/scores.jsonlWriting metrics: /scratch/midway3/rickybao/dreamerv3_runs/c1_run_seed1/metrics.jsonl


--------------------[Agent Step 320_976]--------------------
Metrics filtered by: 'score|length|fps|ratio|train/loss/|train/rand/'
episode/score 419.34 / episode/length 1001 / train/loss/con 0.02 / train/loss/dyn 6 / train/loss/height 1.5e-3 / train/loss/orientations 0.09 / train/loss/policy -0.07 / train/loss/rep 6 / train/loss/repval 1.03 / train/loss/rew 0.52 / train/loss/value 1.22 / train/loss/velocity 0.85 / replay/replay_ratio 1040 / fps/policy 22.72 / fps/train 2.3e4

Writing metrics: /scratch/midway3/rickybao/dreamerv3_runs/c1_run_seed1/metrics.jsonlWriting metrics: /scratch/midway3/rickybao/dreamerv3_runs/c1_run_seed1/scores.jsonl


--------------------[Agent Step 323_712]--------------------
Metrics filtered by: 'score|length|fps|ratio|train/loss/|train/rand/'
train/loss/con 0.02 / train/loss/dyn 5.98 / train/loss/height 1.5e-3 / train/loss/orientations 0.09 / train/loss/policy -0.07 / train/loss/rep 5.98 / train/loss/repval 1.09 / train/loss/rew 0.52 / train/loss/value 1.18 / train/loss/velocity 0.84 / replay/replay_ratio 1040 / fps/policy 22.67 / fps/train 2.3e4

Writing metrics: /scratch/midway3/rickybao/dreamerv3_runs/c1_run_seed1/scores.jsonlWriting metrics: /scratch/midway3/rickybao/dreamerv3_runs/c1_run_seed1/metrics.jsonl


--------------------[Agent Step 326_448]--------------------
Metrics filtered by: 'score|length|fps|ratio|train/loss/|train/rand/'
train/loss/con 0.02 / train/loss/dyn 5.97 / train/loss/height 1.5e-3 / train/loss/orientations 0.09 / train/loss/policy -0.07 / train/loss/rep 5.97 / train/loss/repval 1.1 / train/loss/rew 0.52 / train/loss/value 1.11 / train/loss/velocity 0.84 / replay/replay_ratio 1040 / fps/policy 22.7 / fps/train 2.3e4

Writing metrics: /scratch/midway3/rickybao/dreamerv3_runs/c1_run_seed1/metrics.jsonlWriting metrics: /scratch/midway3/rickybao/dreamerv3_runs/c1_run_seed1/scores.jsonl

Saving checkpoint: /scratch/midway3/rickybao/dreamerv3_runs/c1_run_seed1/ckpt/20260518T145536F819606
Saved checkpoint.

--------------------[Agent Step 329_168]--------------------
Metrics filtered by: 'score|length|fps|ratio|train/loss/|train/rand/'
train/loss/con 0.02 / train/loss/dyn 5.95 / train/loss/height 1.4e-3 / train/loss/orientations 0.09 / train/loss/policy -0.07 / train/loss/rep 5.95 / train/loss/repval 1.11 / train/loss/rew 0.52 / train/loss/value 1.01 / train/loss/velocity 0.83 / replay/replay_ratio 1040 / fps/policy 22.59 / fps/train 2.3e4

Writing metrics: /scratch/midway3/rickybao/dreamerv3_runs/c1_run_seed1/metrics.jsonlWriting metrics: /scratch/midway3/rickybao/dreamerv3_runs/c1_run_seed1/scores.jsonl


--------------------[Agent Step 331_904]--------------------
Metrics filtered by: 'score|length|fps|ratio|train/loss/|train/rand/'
train/loss/con 0.02 / train/loss/dyn 5.92 / train/loss/height 1.4e-3 / train/loss/orientations 0.08 / train/loss/policy -0.07 / train/loss/rep 5.92 / train/loss/repval 1.1 / train/loss/rew 0.52 / train/loss/value 0.9 / train/loss/velocity 0.83 / replay/replay_ratio 1040 / fps/policy 22.73 / fps/train 2.3e4

Writing metrics: /scratch/midway3/rickybao/dreamerv3_runs/c1_run_seed1/metrics.jsonlWriting metrics: /scratch/midway3/rickybao/dreamerv3_runs/c1_run_seed1/scores.jsonl


--------------------[Agent Step 334_640]--------------------
Metrics filtered by: 'score|length|fps|ratio|train/loss/|train/rand/'
train/loss/con 0.02 / train/loss/dyn 5.91 / train/loss/height 1.4e-3 / train/loss/orientations 0.08 / train/loss/policy -0.07 / train/loss/rep 5.91 / train/loss/repval 1.09 / train/loss/rew 0.52 / train/loss/value 0.86 / train/loss/velocity 0.83 / replay/replay_ratio 1040 / fps/policy 22.74 / fps/train 2.3e4

Writing metrics: /scratch/midway3/rickybao/dreamerv3_runs/c1_run_seed1/metrics.jsonlWriting metrics: /scratch/midway3/rickybao/dreamerv3_runs/c1_run_seed1/scores.jsonl


--------------------[Agent Step 337_376]--------------------
Metrics filtered by: 'score|length|fps|ratio|train/loss/|train/rand/'
episode/score 474.78 / episode/length 1001 / train/loss/con 0.02 / train/loss/dyn 5.89 / train/loss/height 1.4e-3 / train/loss/orientations 0.08 / train/loss/policy -0.1 / train/loss/rep 5.89 / train/loss/repval 1.07 / train/loss/rew 0.52 / train/loss/value 1.03 / train/loss/velocity 0.82 / replay/replay_ratio 1040 / fps/policy 22.71 / fps/train 2.3e4

Writing metrics: /scratch/midway3/rickybao/dreamerv3_runs/c1_run_seed1/metrics.jsonlWriting metrics: /scratch/midway3/rickybao/dreamerv3_runs/c1_run_seed1/scores.jsonl


--------------------[Agent Step 340_096]--------------------
Metrics filtered by: 'score|length|fps|ratio|train/loss/|train/rand/'
train/loss/con 0.02 / train/loss/dyn 5.89 / train/loss/height 1.4e-3 / train/loss/orientations 0.08 / train/loss/policy -0.07 / train/loss/rep 5.89 / train/loss/repval 1.02 / train/loss/rew 0.52 / train/loss/value 1 / train/loss/velocity 0.82 / replay/replay_ratio 1040 / fps/policy 22.67 / fps/train 2.3e4

Writing metrics: /scratch/midway3/rickybao/dreamerv3_runs/c1_run_seed1/metrics.jsonlWriting metrics: /scratch/midway3/rickybao/dreamerv3_runs/c1_run_seed1/scores.jsonl


--------------------[Agent Step 342_832]--------------------
Metrics filtered by: 'score|length|fps|ratio|train/loss/|train/rand/'
train/loss/con 0.02 / train/loss/dyn 5.86 / train/loss/height 1.4e-3 / train/loss/orientations 0.08 / train/loss/policy -0.07 / train/loss/rep 5.86 / train/loss/repval 1.03 / train/loss/rew 0.52 / train/loss/value 0.98 / train/loss/velocity 0.82 / replay/replay_ratio 1040 / fps/policy 22.69 / fps/train 2.3e4

Writing metrics: /scratch/midway3/rickybao/dreamerv3_runs/c1_run_seed1/metrics.jsonlWriting metrics: /scratch/midway3/rickybao/dreamerv3_runs/c1_run_seed1/scores.jsonl


--------------------[Agent Step 345_568]--------------------
Metrics filtered by: 'score|length|fps|ratio|train/loss/|train/rand/'
train/loss/con 0.02 / train/loss/dyn 5.85 / train/loss/height 1.4e-3 / train/loss/orientations 0.08 / train/loss/policy -0.06 / train/loss/rep 5.85 / train/loss/repval 1.03 / train/loss/rew 0.52 / train/loss/value 0.97 / train/loss/velocity 0.82 / replay/replay_ratio 1040 / fps/policy 22.73 / fps/train 2.3e4

Writing metrics: /scratch/midway3/rickybao/dreamerv3_runs/c1_run_seed1/metrics.jsonlWriting metrics: /scratch/midway3/rickybao/dreamerv3_runs/c1_run_seed1/scores.jsonl


--------------------[Agent Step 348_304]--------------------
Metrics filtered by: 'score|length|fps|ratio|train/loss/|train/rand/'
train/loss/con 0.02 / train/loss/dyn 5.83 / train/loss/height 1.4e-3 / train/loss/orientations 0.08 / train/loss/policy -0.06 / train/loss/rep 5.83 / train/loss/repval 1.04 / train/loss/rew 0.51 / train/loss/value 0.96 / train/loss/velocity 0.81 / replay/replay_ratio 1040 / fps/policy 22.73 / fps/train 2.3e4

Writing metrics: /scratch/midway3/rickybao/dreamerv3_runs/c1_run_seed1/metrics.jsonlWriting metrics: /scratch/midway3/rickybao/dreamerv3_runs/c1_run_seed1/scores.jsonl

Saving checkpoint: /scratch/midway3/rickybao/dreamerv3_runs/c1_run_seed1/ckpt/20260518T151037F113196
Saved checkpoint.

--------------------[Agent Step 351_024]--------------------
Metrics filtered by: 'score|length|fps|ratio|train/loss/|train/rand/'
train/loss/con 0.02 / train/loss/dyn 5.79 / train/loss/height 1.3e-3 / train/loss/orientations 0.08 / train/loss/policy -0.07 / train/loss/rep 5.79 / train/loss/repval 1.03 / train/loss/rew 0.51 / train/loss/value 0.99 / train/loss/velocity 0.81 / replay/replay_ratio 1040 / fps/policy 22.59 / fps/train 2.3e4

Writing metrics: /scratch/midway3/rickybao/dreamerv3_runs/c1_run_seed1/metrics.jsonlWriting metrics: /scratch/midway3/rickybao/dreamerv3_runs/c1_run_seed1/scores.jsonl


--------------------[Agent Step 353_760]--------------------
Metrics filtered by: 'score|length|fps|ratio|train/loss/|train/rand/'
episode/score 538.34 / episode/length 1001 / train/loss/con 0.02 / train/loss/dyn 5.79 / train/loss/height 1.3e-3 / train/loss/orientations 0.08 / train/loss/policy -0.07 / train/loss/rep 5.79 / train/loss/repval 1.01 / train/loss/rew 0.51 / train/loss/value 1.04 / train/loss/velocity 0.8 / replay/replay_ratio 1040 / fps/policy 22.7 / fps/train 2.3e4

Writing metrics: /scratch/midway3/rickybao/dreamerv3_runs/c1_run_seed1/scores.jsonlWriting metrics: /scratch/midway3/rickybao/dreamerv3_runs/c1_run_seed1/metrics.jsonl


--------------------[Agent Step 356_496]--------------------
Metrics filtered by: 'score|length|fps|ratio|train/loss/|train/rand/'
train/loss/con 0.02 / train/loss/dyn 5.77 / train/loss/height 1.3e-3 / train/loss/orientations 0.08 / train/loss/policy -0.07 / train/loss/rep 5.77 / train/loss/repval 1.01 / train/loss/rew 0.51 / train/loss/value 1.07 / train/loss/velocity 0.8 / replay/replay_ratio 1040 / fps/policy 22.67 / fps/train 2.3e4

Writing metrics: /scratch/midway3/rickybao/dreamerv3_runs/c1_run_seed1/metrics.jsonlWriting metrics: /scratch/midway3/rickybao/dreamerv3_runs/c1_run_seed1/scores.jsonl


--------------------[Agent Step 359_232]--------------------
Metrics filtered by: 'score|length|fps|ratio|train/loss/|train/rand/'
train/loss/con 0.02 / train/loss/dyn 5.76 / train/loss/height 1.3e-3 / train/loss/orientations 0.08 / train/loss/policy -0.06 / train/loss/rep 5.76 / train/loss/repval 1.01 / train/loss/rew 0.51 / train/loss/value 1.11 / train/loss/velocity 0.8 / replay/replay_ratio 1040 / fps/policy 22.69 / fps/train 2.3e4

Writing metrics: /scratch/midway3/rickybao/dreamerv3_runs/c1_run_seed1/metrics.jsonlWriting metrics: /scratch/midway3/rickybao/dreamerv3_runs/c1_run_seed1/scores.jsonl


--------------------[Agent Step 361_968]--------------------
Metrics filtered by: 'score|length|fps|ratio|train/loss/|train/rand/'
train/loss/con 0.02 / train/loss/dyn 5.74 / train/loss/height 1.3e-3 / train/loss/orientations 0.08 / train/loss/policy -0.06 / train/loss/rep 5.74 / train/loss/repval 1 / train/loss/rew 0.51 / train/loss/value 1.15 / train/loss/velocity 0.79 / replay/replay_ratio 1040 / fps/policy 22.73 / fps/train 2.3e4

Writing metrics: /scratch/midway3/rickybao/dreamerv3_runs/c1_run_seed1/metrics.jsonlWriting metrics: /scratch/midway3/rickybao/dreamerv3_runs/c1_run_seed1/scores.jsonl


--------------------[Agent Step 364_704]--------------------
Metrics filtered by: 'score|length|fps|ratio|train/loss/|train/rand/'
train/loss/con 0.02 / train/loss/dyn 5.7 / train/loss/height 1.3e-3 / train/loss/orientations 0.08 / train/loss/policy -0.06 / train/loss/rep 5.7 / train/loss/repval 1 / train/loss/rew 0.51 / train/loss/value 1.19 / train/loss/velocity 0.79 / replay/replay_ratio 1040 / fps/policy 22.73 / fps/train 2.3e4

Writing metrics: /scratch/midway3/rickybao/dreamerv3_runs/c1_run_seed1/metrics.jsonlWriting metrics: /scratch/midway3/rickybao/dreamerv3_runs/c1_run_seed1/scores.jsonl


--------------------[Agent Step 367_440]--------------------
Metrics filtered by: 'score|length|fps|ratio|train/loss/|train/rand/'
train/loss/con 0.02 / train/loss/dyn 5.7 / train/loss/height 1.2e-3 / train/loss/orientations 0.08 / train/loss/policy -0.06 / train/loss/rep 5.7 / train/loss/repval 1 / train/loss/rew 0.51 / train/loss/value 1.21 / train/loss/velocity 0.79 / replay/replay_ratio 1040 / fps/policy 22.74 / fps/train 2.3e4

Writing metrics: /scratch/midway3/rickybao/dreamerv3_runs/c1_run_seed1/metrics.jsonl
Writing metrics: /scratch/midway3/rickybao/dreamerv3_runs/c1_run_seed1/scores.jsonl
Saving checkpoint: /scratch/midway3/rickybao/dreamerv3_runs/c1_run_seed1/ckpt/20260518T152537F490056
Saved checkpoint.

--------------------[Agent Step 370_144]--------------------
Metrics filtered by: 'score|length|fps|ratio|train/loss/|train/rand/'
episode/score 571.95 / episode/length 1001 / train/loss/con 0.02 / train/loss/dyn 5.67 / train/loss/height 1.2e-3 / train/loss/orientations 0.07 / train/loss/policy -0.06 / train/loss/rep 5.67 / train/loss/repval 1.02 / train/loss/rew 0.51 / train/loss/value 1.21 / train/loss/velocity 0.78 / replay/replay_ratio 1040 / fps/policy 22.51 / fps/train 2.3e4

Writing metrics: /scratch/midway3/rickybao/dreamerv3_runs/c1_run_seed1/metrics.jsonlWriting metrics: /scratch/midway3/rickybao/dreamerv3_runs/c1_run_seed1/scores.jsonl


--------------------[Agent Step 372_880]--------------------
Metrics filtered by: 'score|length|fps|ratio|train/loss/|train/rand/'
train/loss/con 0.02 / train/loss/dyn 5.65 / train/loss/height 1.2e-3 / train/loss/orientations 0.07 / train/loss/policy -0.06 / train/loss/rep 5.65 / train/loss/repval 1.04 / train/loss/rew 0.51 / train/loss/value 1.2 / train/loss/velocity 0.78 / replay/replay_ratio 1040 / fps/policy 22.67 / fps/train 2.3e4

Writing metrics: /scratch/midway3/rickybao/dreamerv3_runs/c1_run_seed1/metrics.jsonlWriting metrics: /scratch/midway3/rickybao/dreamerv3_runs/c1_run_seed1/scores.jsonl


--------------------[Agent Step 375_616]--------------------
Metrics filtered by: 'score|length|fps|ratio|train/loss/|train/rand/'
train/loss/con 0.02 / train/loss/dyn 5.64 / train/loss/height 1.2e-3 / train/loss/orientations 0.07 / train/loss/policy -0.06 / train/loss/rep 5.64 / train/loss/repval 1.05 / train/loss/rew 0.51 / train/loss/value 1.18 / train/loss/velocity 0.78 / replay/replay_ratio 1040 / fps/policy 22.71 / fps/train 2.3e4

Writing metrics: /scratch/midway3/rickybao/dreamerv3_runs/c1_run_seed1/metrics.jsonlWriting metrics: /scratch/midway3/rickybao/dreamerv3_runs/c1_run_seed1/scores.jsonl


--------------------[Agent Step 378_352]--------------------
Metrics filtered by: 'score|length|fps|ratio|train/loss/|train/rand/'
train/loss/con 0.02 / train/loss/dyn 5.62 / train/loss/height 1.2e-3 / train/loss/orientations 0.07 / train/loss/policy -0.06 / train/loss/rep 5.62 / train/loss/repval 1.07 / train/loss/rew 0.51 / train/loss/value 1.16 / train/loss/velocity 0.77 / replay/replay_ratio 1040 / fps/policy 22.73 / fps/train 2.3e4

Writing metrics: /scratch/midway3/rickybao/dreamerv3_runs/c1_run_seed1/metrics.jsonlWriting metrics: /scratch/midway3/rickybao/dreamerv3_runs/c1_run_seed1/scores.jsonl


--------------------[Agent Step 381_088]--------------------
Metrics filtered by: 'score|length|fps|ratio|train/loss/|train/rand/'
train/loss/con 0.02 / train/loss/dyn 5.61 / train/loss/height 1.2e-3 / train/loss/orientations 0.07 / train/loss/policy -0.06 / train/loss/rep 5.61 / train/loss/repval 1.08 / train/loss/rew 0.51 / train/loss/value 1.12 / train/loss/velocity 0.77 / replay/replay_ratio 1040 / fps/policy 22.73 / fps/train 2.3e4

Writing metrics: /scratch/midway3/rickybao/dreamerv3_runs/c1_run_seed1/metrics.jsonlWriting metrics: /scratch/midway3/rickybao/dreamerv3_runs/c1_run_seed1/scores.jsonl


--------------------[Agent Step 383_824]--------------------
Metrics filtered by: 'score|length|fps|ratio|train/loss/|train/rand/'
train/loss/con 0.02 / train/loss/dyn 5.59 / train/loss/height 1.2e-3 / train/loss/orientations 0.07 / train/loss/policy -0.06 / train/loss/rep 5.59 / train/loss/repval 1.09 / train/loss/rew 0.51 / train/loss/value 1.08 / train/loss/velocity 0.77 / replay/replay_ratio 1040 / fps/policy 22.74 / fps/train 2.3e4

Writing metrics: /scratch/midway3/rickybao/dreamerv3_runs/c1_run_seed1/metrics.jsonlWriting metrics: /scratch/midway3/rickybao/dreamerv3_runs/c1_run_seed1/scores.jsonl


--------------------[Agent Step 386_560]--------------------
Metrics filtered by: 'score|length|fps|ratio|train/loss/|train/rand/'
episode/score 575.47 / episode/length 1001 / train/loss/con 0.02 / train/loss/dyn 5.59 / train/loss/height 1.2e-3 / train/loss/orientations 0.07 / train/loss/policy -0.06 / train/loss/rep 5.59 / train/loss/repval 1.08 / train/loss/rew 0.51 / train/loss/value 1.06 / train/loss/velocity 0.77 / replay/replay_ratio 1040 / fps/policy 22.68 / fps/train 2.3e4

Writing metrics: /scratch/midway3/rickybao/dreamerv3_runs/c1_run_seed1/metrics.jsonlWriting metrics: /scratch/midway3/rickybao/dreamerv3_runs/c1_run_seed1/scores.jsonl


--------------------[Agent Step 389_296]--------------------
Metrics filtered by: 'score|length|fps|ratio|train/loss/|train/rand/'
train/loss/con 0.02 / train/loss/dyn 5.57 / train/loss/height 1.2e-3 / train/loss/orientations 0.07 / train/loss/policy -0.06 / train/loss/rep 5.57 / train/loss/repval 1.08 / train/loss/rew 0.51 / train/loss/value 1.04 / train/loss/velocity 0.76 / replay/replay_ratio 1040 / fps/policy 22.69 / fps/train 2.3e4

Writing metrics: /scratch/midway3/rickybao/dreamerv3_runs/c1_run_seed1/metrics.jsonlWriting metrics: /scratch/midway3/rickybao/dreamerv3_runs/c1_run_seed1/scores.jsonl

Saving checkpoint: /scratch/midway3/rickybao/dreamerv3_runs/c1_run_seed1/ckpt/20260518T154037F586629
Saved checkpoint.

--------------------[Agent Step 392_016]--------------------
Metrics filtered by: 'score|length|fps|ratio|train/loss/|train/rand/'
train/loss/con 0.02 / train/loss/dyn 5.56 / train/loss/height 1.1e-3 / train/loss/orientations 0.07 / train/loss/policy -0.06 / train/loss/rep 5.56 / train/loss/repval 1.07 / train/loss/rew 0.51 / train/loss/value 1.02 / train/loss/velocity 0.76 / replay/replay_ratio 1040 / fps/policy 22.55 / fps/train 2.3e4

Writing metrics: /scratch/midway3/rickybao/dreamerv3_runs/c1_run_seed1/metrics.jsonlWriting metrics: /scratch/midway3/rickybao/dreamerv3_runs/c1_run_seed1/scores.jsonl


--------------------[Agent Step 394_752]--------------------
Metrics filtered by: 'score|length|fps|ratio|train/loss/|train/rand/'
train/loss/con 0.02 / train/loss/dyn 5.53 / train/loss/height 1.1e-3 / train/loss/orientations 0.07 / train/loss/policy -0.05 / train/loss/rep 5.53 / train/loss/repval 1.07 / train/loss/rew 0.51 / train/loss/value 1.01 / train/loss/velocity 0.76 / replay/replay_ratio 1040 / fps/policy 22.74 / fps/train 2.3e4

Writing metrics: /scratch/midway3/rickybao/dreamerv3_runs/c1_run_seed1/metrics.jsonlWriting metrics: /scratch/midway3/rickybao/dreamerv3_runs/c1_run_seed1/scores.jsonl


--------------------[Agent Step 397_488]--------------------
Metrics filtered by: 'score|length|fps|ratio|train/loss/|train/rand/'
train/loss/con 0.02 / train/loss/dyn 5.52 / train/loss/height 1.1e-3 / train/loss/orientations 0.07 / train/loss/policy -0.06 / train/loss/rep 5.52 / train/loss/repval 1.06 / train/loss/rew 0.51 / train/loss/value 0.99 / train/loss/velocity 0.75 / replay/replay_ratio 1040 / fps/policy 22.74 / fps/train 2.3e4

Writing metrics: /scratch/midway3/rickybao/dreamerv3_runs/c1_run_seed1/metrics.jsonlWriting metrics: /scratch/midway3/rickybao/dreamerv3_runs/c1_run_seed1/scores.jsonl


--------------------[Agent Step 400_224]--------------------
Metrics filtered by: 'score|length|fps|ratio|train/loss/|train/rand/'
train/loss/con 0.02 / train/loss/dyn 5.5 / train/loss/height 1.1e-3 / train/loss/orientations 0.07 / train/loss/policy -0.05 / train/loss/rep 5.5 / train/loss/repval 1.06 / train/loss/rew 0.51 / train/loss/value 0.97 / train/loss/velocity 0.75 / replay/replay_ratio 1040 / fps/policy 22.68 / fps/train 2.3e4

Writing metrics: /scratch/midway3/rickybao/dreamerv3_runs/c1_run_seed1/metrics.jsonlWriting metrics: /scratch/midway3/rickybao/dreamerv3_runs/c1_run_seed1/scores.jsonl


--------------------[Agent Step 402_960]--------------------
Metrics filtered by: 'score|length|fps|ratio|train/loss/|train/rand/'
episode/score 562.46 / episode/length 1001 / train/loss/con 0.02 / train/loss/dyn 5.5 / train/loss/height 1.1e-3 / train/loss/orientations 0.07 / train/loss/policy -0.05 / train/loss/rep 5.5 / train/loss/repval 1.04 / train/loss/rew 0.5 / train/loss/value 0.95 / train/loss/velocity 0.75 / replay/replay_ratio 1040 / fps/policy 22.68 / fps/train 2.3e4

Writing metrics: /scratch/midway3/rickybao/dreamerv3_runs/c1_run_seed1/scores.jsonlWriting metrics: /scratch/midway3/rickybao/dreamerv3_runs/c1_run_seed1/metrics.jsonl


--------------------[Agent Step 405_696]--------------------
Metrics filtered by: 'score|length|fps|ratio|train/loss/|train/rand/'
train/loss/con 0.02 / train/loss/dyn 5.48 / train/loss/height 1.1e-3 / train/loss/orientations 0.07 / train/loss/policy -0.05 / train/loss/rep 5.48 / train/loss/repval 1.04 / train/loss/rew 0.5 / train/loss/value 0.94 / train/loss/velocity 0.75 / replay/replay_ratio 1040 / fps/policy 22.69 / fps/train 2.3e4

Writing metrics: /scratch/midway3/rickybao/dreamerv3_runs/c1_run_seed1/metrics.jsonlWriting metrics: /scratch/midway3/rickybao/dreamerv3_runs/c1_run_seed1/scores.jsonl


--------------------[Agent Step 408_432]--------------------
Metrics filtered by: 'score|length|fps|ratio|train/loss/|train/rand/'
train/loss/con 0.02 / train/loss/dyn 5.47 / train/loss/height 1.1e-3 / train/loss/orientations 0.07 / train/loss/policy -0.05 / train/loss/rep 5.47 / train/loss/repval 1.04 / train/loss/rew 0.5 / train/loss/value 0.92 / train/loss/velocity 0.74 / replay/replay_ratio 1040 / fps/policy 22.73 / fps/train 2.3e4

Writing metrics: /scratch/midway3/rickybao/dreamerv3_runs/c1_run_seed1/metrics.jsonl
Writing metrics: /scratch/midway3/rickybao/dreamerv3_runs/c1_run_seed1/scores.jsonl
Saving checkpoint: /scratch/midway3/rickybao/dreamerv3_runs/c1_run_seed1/ckpt/20260518T155538F084222
Saved checkpoint.

--------------------[Agent Step 411_152]--------------------
Metrics filtered by: 'score|length|fps|ratio|train/loss/|train/rand/'
train/loss/con 0.02 / train/loss/dyn 5.45 / train/loss/height 1.1e-3 / train/loss/orientations 0.07 / train/loss/policy -0.05 / train/loss/rep 5.45 / train/loss/repval 1.02 / train/loss/rew 0.5 / train/loss/value 0.89 / train/loss/velocity 0.74 / replay/replay_ratio 1040 / fps/policy 22.6 / fps/train 2.3e4

Writing metrics: /scratch/midway3/rickybao/dreamerv3_runs/c1_run_seed1/metrics.jsonlWriting metrics: /scratch/midway3/rickybao/dreamerv3_runs/c1_run_seed1/scores.jsonl


--------------------[Agent Step 413_888]--------------------
Metrics filtered by: 'score|length|fps|ratio|train/loss/|train/rand/'
train/loss/con 0.02 / train/loss/dyn 5.43 / train/loss/height 1.1e-3 / train/loss/orientations 0.07 / train/loss/policy -0.08 / train/loss/rep 5.43 / train/loss/repval 1.09 / train/loss/rew 0.5 / train/loss/value 0.96 / train/loss/velocity 0.74 / replay/replay_ratio 1040 / fps/policy 22.75 / fps/train 2.3e4

Writing metrics: /scratch/midway3/rickybao/dreamerv3_runs/c1_run_seed1/metrics.jsonlWriting metrics: /scratch/midway3/rickybao/dreamerv3_runs/c1_run_seed1/scores.jsonl


--------------------[Agent Step 416_624]--------------------
Metrics filtered by: 'score|length|fps|ratio|train/loss/|train/rand/'
episode/score 613.68 / episode/length 1001 / train/loss/con 0.02 / train/loss/dyn 5.42 / train/loss/height 1.1e-3 / train/loss/orientations 0.06 / train/loss/policy -0.04 / train/loss/rep 5.42 / train/loss/repval 1.09 / train/loss/rew 0.5 / train/loss/value 0.94 / train/loss/velocity 0.73 / replay/replay_ratio 1040 / fps/policy 22.74 / fps/train 2.3e4

Writing metrics: /scratch/midway3/rickybao/dreamerv3_runs/c1_run_seed1/scores.jsonlWriting metrics: /scratch/midway3/rickybao/dreamerv3_runs/c1_run_seed1/metrics.jsonl


--------------------[Agent Step 419_344]--------------------
Metrics filtered by: 'score|length|fps|ratio|train/loss/|train/rand/'
train/loss/con 0.02 / train/loss/dyn 5.42 / train/loss/height 1.1e-3 / train/loss/orientations 0.06 / train/loss/policy -0.05 / train/loss/rep 5.42 / train/loss/repval 1.08 / train/loss/rew 0.5 / train/loss/value 0.86 / train/loss/velocity 0.73 / replay/replay_ratio 1040 / fps/policy 22.66 / fps/train 2.3e4

Writing metrics: /scratch/midway3/rickybao/dreamerv3_runs/c1_run_seed1/metrics.jsonlWriting metrics: /scratch/midway3/rickybao/dreamerv3_runs/c1_run_seed1/scores.jsonl


--------------------[Agent Step 422_080]--------------------
Metrics filtered by: 'score|length|fps|ratio|train/loss/|train/rand/'
train/loss/con 0.02 / train/loss/dyn 5.42 / train/loss/height 1e-3 / train/loss/orientations 0.06 / train/loss/policy -0.04 / train/loss/rep 5.42 / train/loss/repval 1.05 / train/loss/rew 0.5 / train/loss/value 0.83 / train/loss/velocity 0.73 / replay/replay_ratio 1040 / fps/policy 22.69 / fps/train 2.3e4

Writing metrics: /scratch/midway3/rickybao/dreamerv3_runs/c1_run_seed1/metrics.jsonlWriting metrics: /scratch/midway3/rickybao/dreamerv3_runs/c1_run_seed1/scores.jsonl


--------------------[Agent Step 424_816]--------------------
Metrics filtered by: 'score|length|fps|ratio|train/loss/|train/rand/'
train/loss/con 0.02 / train/loss/dyn 5.4 / train/loss/height 1e-3 / train/loss/orientations 0.06 / train/loss/policy -0.05 / train/loss/rep 5.4 / train/loss/repval 1.02 / train/loss/rew 0.5 / train/loss/value 0.83 / train/loss/velocity 0.73 / replay/replay_ratio 1040 / fps/policy 22.73 / fps/train 2.3e4

Writing metrics: /scratch/midway3/rickybao/dreamerv3_runs/c1_run_seed1/metrics.jsonlWriting metrics: /scratch/midway3/rickybao/dreamerv3_runs/c1_run_seed1/scores.jsonl


--------------------[Agent Step 427_552]--------------------
Metrics filtered by: 'score|length|fps|ratio|train/loss/|train/rand/'
train/loss/con 0.02 / train/loss/dyn 5.38 / train/loss/height 1e-3 / train/loss/orientations 0.06 / train/loss/policy -0.05 / train/loss/rep 5.38 / train/loss/repval 1.01 / train/loss/rew 0.5 / train/loss/value 0.83 / train/loss/velocity 0.72 / replay/replay_ratio 1040 / fps/policy 22.74 / fps/train 2.3e4

Writing metrics: /scratch/midway3/rickybao/dreamerv3_runs/c1_run_seed1/metrics.jsonlWriting metrics: /scratch/midway3/rickybao/dreamerv3_runs/c1_run_seed1/scores.jsonl


--------------------[Agent Step 430_288]--------------------
Metrics filtered by: 'score|length|fps|ratio|train/loss/|train/rand/'
train/loss/con 0.02 / train/loss/dyn 5.36 / train/loss/height 1e-3 / train/loss/orientations 0.06 / train/loss/policy -0.05 / train/loss/rep 5.36 / train/loss/repval 1.02 / train/loss/rew 0.5 / train/loss/value 0.83 / train/loss/velocity 0.72 / replay/replay_ratio 1040 / fps/policy 22.74 / fps/train 2.3e4

Writing metrics: /scratch/midway3/rickybao/dreamerv3_runs/c1_run_seed1/metrics.jsonlWriting metrics: /scratch/midway3/rickybao/dreamerv3_runs/c1_run_seed1/scores.jsonl

Saving checkpoint: /scratch/midway3/rickybao/dreamerv3_runs/c1_run_seed1/ckpt/20260518T161038F724009
Saved checkpoint.

--------------------[Agent Step 433_008]--------------------
Metrics filtered by: 'score|length|fps|ratio|train/loss/|train/rand/'
episode/score 556.58 / episode/length 1001 / train/loss/con 0.02 / train/loss/dyn 5.35 / train/loss/height 1e-3 / train/loss/orientations 0.06 / train/loss/policy -0.05 / train/loss/rep 5.35 / train/loss/repval 1.04 / train/loss/rew 0.5 / train/loss/value 0.84 / train/loss/velocity 0.72 / replay/replay_ratio 1040 / fps/policy 22.56 / fps/train 2.3e4

Writing metrics: /scratch/midway3/rickybao/dreamerv3_runs/c1_run_seed1/metrics.jsonlWriting metrics: /scratch/midway3/rickybao/dreamerv3_runs/c1_run_seed1/scores.jsonl


--------------------[Agent Step 435_744]--------------------
Metrics filtered by: 'score|length|fps|ratio|train/loss/|train/rand/'
train/loss/con 0.02 / train/loss/dyn 5.34 / train/loss/height 1e-3 / train/loss/orientations 0.06 / train/loss/policy -0.05 / train/loss/rep 5.34 / train/loss/repval 1.05 / train/loss/rew 0.5 / train/loss/value 0.84 / train/loss/velocity 0.71 / replay/replay_ratio 1040 / fps/policy 22.67 / fps/train 2.3e4

Writing metrics: /scratch/midway3/rickybao/dreamerv3_runs/c1_run_seed1/metrics.jsonlWriting metrics: /scratch/midway3/rickybao/dreamerv3_runs/c1_run_seed1/scores.jsonl


--------------------[Agent Step 438_480]--------------------
Metrics filtered by: 'score|length|fps|ratio|train/loss/|train/rand/'
train/loss/con 0.02 / train/loss/dyn 5.32 / train/loss/height 9.9e-4 / train/loss/orientations 0.06 / train/loss/policy -0.05 / train/loss/rep 5.32 / train/loss/repval 1.07 / train/loss/rew 0.5 / train/loss/value 0.86 / train/loss/velocity 0.71 / replay/replay_ratio 1040 / fps/policy 22.68 / fps/train 2.3e4

Writing metrics: /scratch/midway3/rickybao/dreamerv3_runs/c1_run_seed1/metrics.jsonlWriting metrics: /scratch/midway3/rickybao/dreamerv3_runs/c1_run_seed1/scores.jsonl


--------------------[Agent Step 441_216]--------------------
Metrics filtered by: 'score|length|fps|ratio|train/loss/|train/rand/'
train/loss/con 0.02 / train/loss/dyn 5.3 / train/loss/height 9.8e-4 / train/loss/orientations 0.06 / train/loss/policy -0.04 / train/loss/rep 5.3 / train/loss/repval 1.08 / train/loss/rew 0.5 / train/loss/value 0.88 / train/loss/velocity 0.71 / replay/replay_ratio 1040 / fps/policy 22.72 / fps/train 2.3e4

Writing metrics: /scratch/midway3/rickybao/dreamerv3_runs/c1_run_seed1/metrics.jsonlWriting metrics: /scratch/midway3/rickybao/dreamerv3_runs/c1_run_seed1/scores.jsonl


--------------------[Agent Step 443_952]--------------------
Metrics filtered by: 'score|length|fps|ratio|train/loss/|train/rand/'
train/loss/con 0.02 / train/loss/dyn 5.3 / train/loss/height 9.8e-4 / train/loss/orientations 0.06 / train/loss/policy -0.05 / train/loss/rep 5.3 / train/loss/repval 1.1 / train/loss/rew 0.5 / train/loss/value 0.91 / train/loss/velocity 0.71 / replay/replay_ratio 1040 / fps/policy 22.74 / fps/train 2.3e4

Writing metrics: /scratch/midway3/rickybao/dreamerv3_runs/c1_run_seed1/metrics.jsonlWriting metrics: /scratch/midway3/rickybao/dreamerv3_runs/c1_run_seed1/scores.jsonl


--------------------[Agent Step 446_688]--------------------
Metrics filtered by: 'score|length|fps|ratio|train/loss/|train/rand/'
train/loss/con 0.02 / train/loss/dyn 5.29 / train/loss/height 9.7e-4 / train/loss/orientations 0.06 / train/loss/policy -0.05 / train/loss/rep 5.29 / train/loss/repval 1.1 / train/loss/rew 0.5 / train/loss/value 0.94 / train/loss/velocity 0.7 / replay/replay_ratio 1040 / fps/policy 22.74 / fps/train 2.3e4

Writing metrics: /scratch/midway3/rickybao/dreamerv3_runs/c1_run_seed1/metrics.jsonl
Writing metrics: /scratch/midway3/rickybao/dreamerv3_runs/c1_run_seed1/scores.jsonl

--------------------[Agent Step 449_424]--------------------
Metrics filtered by: 'score|length|fps|ratio|train/loss/|train/rand/'
episode/score 547.87 / episode/length 1001 / train/loss/con 0.02 / train/loss/dyn 5.28 / train/loss/height 9.6e-4 / train/loss/orientations 0.06 / train/loss/policy -0.04 / train/loss/rep 5.28 / train/loss/repval 1.11 / train/loss/rew 0.51 / train/loss/value 0.98 / train/loss/velocity 0.7 / replay/replay_ratio 1040 / fps/policy 22.71 / fps/train 2.3e4

Writing metrics: /scratch/midway3/rickybao/dreamerv3_runs/c1_run_seed1/metrics.jsonl
Writing metrics: /scratch/midway3/rickybao/dreamerv3_runs/c1_run_seed1/scores.jsonl
Saving checkpoint: /scratch/midway3/rickybao/dreamerv3_runs/c1_run_seed1/ckpt/20260518T162539F315611
Saved checkpoint.

--------------------[Agent Step 452_128]--------------------
Metrics filtered by: 'score|length|fps|ratio|train/loss/|train/rand/'
train/loss/con 0.02 / train/loss/dyn 5.26 / train/loss/height 9.6e-4 / train/loss/orientations 0.06 / train/loss/policy -0.04 / train/loss/rep 5.26 / train/loss/repval 1.1 / train/loss/rew 0.51 / train/loss/value 1.02 / train/loss/velocity 0.7 / replay/replay_ratio 1040 / fps/policy 22.52 / fps/train 2.3e4

Writing metrics: /scratch/midway3/rickybao/dreamerv3_runs/c1_run_seed1/metrics.jsonlWriting metrics: /scratch/midway3/rickybao/dreamerv3_runs/c1_run_seed1/scores.jsonl


--------------------[Agent Step 454_864]--------------------
Metrics filtered by: 'score|length|fps|ratio|train/loss/|train/rand/'
train/loss/con 0.02 / train/loss/dyn 5.26 / train/loss/height 9.5e-4 / train/loss/orientations 0.06 / train/loss/policy -0.04 / train/loss/rep 5.26 / train/loss/repval 1.1 / train/loss/rew 0.51 / train/loss/value 1.04 / train/loss/velocity 0.7 / replay/replay_ratio 1040 / fps/policy 22.69 / fps/train 2.3e4

Writing metrics: /scratch/midway3/rickybao/dreamerv3_runs/c1_run_seed1/metrics.jsonlWriting metrics: /scratch/midway3/rickybao/dreamerv3_runs/c1_run_seed1/scores.jsonl


--------------------[Agent Step 457_600]--------------------
Metrics filtered by: 'score|length|fps|ratio|train/loss/|train/rand/'
train/loss/con 0.02 / train/loss/dyn 5.25 / train/loss/height 9.5e-4 / train/loss/orientations 0.06 / train/loss/policy -0.04 / train/loss/rep 5.25 / train/loss/repval 1.09 / train/loss/rew 0.51 / train/loss/value 1.06 / train/loss/velocity 0.69 / replay/replay_ratio 1040 / fps/policy 22.72 / fps/train 2.3e4

Writing metrics: /scratch/midway3/rickybao/dreamerv3_runs/c1_run_seed1/metrics.jsonlWriting metrics: /scratch/midway3/rickybao/dreamerv3_runs/c1_run_seed1/scores.jsonl


--------------------[Agent Step 460_336]--------------------
Metrics filtered by: 'score|length|fps|ratio|train/loss/|train/rand/'
train/loss/con 0.02 / train/loss/dyn 5.24 / train/loss/height 9.4e-4 / train/loss/orientations 0.06 / train/loss/policy -0.04 / train/loss/rep 5.24 / train/loss/repval 1.08 / train/loss/rew 0.51 / train/loss/value 1.09 / train/loss/velocity 0.69 / replay/replay_ratio 1040 / fps/policy 22.74 / fps/train 2.3e4

Writing metrics: /scratch/midway3/rickybao/dreamerv3_runs/c1_run_seed1/metrics.jsonlWriting metrics: /scratch/midway3/rickybao/dreamerv3_runs/c1_run_seed1/scores.jsonl


--------------------[Agent Step 463_072]--------------------
Metrics filtered by: 'score|length|fps|ratio|train/loss/|train/rand/'
train/loss/con 0.02 / train/loss/dyn 5.23 / train/loss/height 9.3e-4 / train/loss/orientations 0.06 / train/loss/policy -0.04 / train/loss/rep 5.23 / train/loss/repval 1.07 / train/loss/rew 0.51 / train/loss/value 1.11 / train/loss/velocity 0.69 / replay/replay_ratio 1040 / fps/policy 22.74 / fps/train 2.3e4

Writing metrics: /scratch/midway3/rickybao/dreamerv3_runs/c1_run_seed1/metrics.jsonl
Writing metrics: /scratch/midway3/rickybao/dreamerv3_runs/c1_run_seed1/scores.jsonl

--------------------[Agent Step 465_808]--------------------
Metrics filtered by: 'score|length|fps|ratio|train/loss/|train/rand/'
episode/score 628.17 / episode/length 1001 / train/loss/con 0.02 / train/loss/dyn 5.22 / train/loss/height 9.2e-4 / train/loss/orientations 0.06 / train/loss/policy -0.04 / train/loss/rep 5.22 / train/loss/repval 1.07 / train/loss/rew 0.51 / train/loss/value 1.12 / train/loss/velocity 0.68 / replay/replay_ratio 1040 / fps/policy 22.69 / fps/train 2.3e4

Writing metrics: /scratch/midway3/rickybao/dreamerv3_runs/c1_run_seed1/scores.jsonlWriting metrics: /scratch/midway3/rickybao/dreamerv3_runs/c1_run_seed1/metrics.jsonl


--------------------[Agent Step 468_528]--------------------
Metrics filtered by: 'score|length|fps|ratio|train/loss/|train/rand/'
train/loss/con 0.02 / train/loss/dyn 5.21 / train/loss/height 9.2e-4 / train/loss/orientations 0.06 / train/loss/policy -0.04 / train/loss/rep 5.21 / train/loss/repval 1.06 / train/loss/rew 0.51 / train/loss/value 1.14 / train/loss/velocity 0.68 / replay/replay_ratio 1040 / fps/policy 22.66 / fps/train 2.3e4

Writing metrics: /scratch/midway3/rickybao/dreamerv3_runs/c1_run_seed1/metrics.jsonlWriting metrics: /scratch/midway3/rickybao/dreamerv3_runs/c1_run_seed1/scores.jsonl

Saving checkpoint: /scratch/midway3/rickybao/dreamerv3_runs/c1_run_seed1/ckpt/20260518T164039F335582
Saved checkpoint.

--------------------[Agent Step 471_248]--------------------
Metrics filtered by: 'score|length|fps|ratio|train/loss/|train/rand/'
train/loss/con 0.02 / train/loss/dyn 5.18 / train/loss/height 9e-4 / train/loss/orientations 0.06 / train/loss/policy -0.04 / train/loss/rep 5.18 / train/loss/repval 1.06 / train/loss/rew 0.51 / train/loss/value 1.15 / train/loss/velocity 0.68 / replay/replay_ratio 1040 / fps/policy 22.56 / fps/train 2.3e4

Writing metrics: /scratch/midway3/rickybao/dreamerv3_runs/c1_run_seed1/metrics.jsonlWriting metrics: /scratch/midway3/rickybao/dreamerv3_runs/c1_run_seed1/scores.jsonl


--------------------[Agent Step 473_984]--------------------
Metrics filtered by: 'score|length|fps|ratio|train/loss/|train/rand/'
train/loss/con 0.02 / train/loss/dyn 5.17 / train/loss/height 9.1e-4 / train/loss/orientations 0.06 / train/loss/policy -0.04 / train/loss/rep 5.17 / train/loss/repval 1.06 / train/loss/rew 0.51 / train/loss/value 1.15 / train/loss/velocity 0.68 / replay/replay_ratio 1040 / fps/policy 22.72 / fps/train 2.3e4

Writing metrics: /scratch/midway3/rickybao/dreamerv3_runs/c1_run_seed1/metrics.jsonlWriting metrics: /scratch/midway3/rickybao/dreamerv3_runs/c1_run_seed1/scores.jsonl


--------------------[Agent Step 476_720]--------------------
Metrics filtered by: 'score|length|fps|ratio|train/loss/|train/rand/'
train/loss/con 0.02 / train/loss/dyn 5.16 / train/loss/height 9e-4 / train/loss/orientations 0.06 / train/loss/policy -0.04 / train/loss/rep 5.16 / train/loss/repval 1.05 / train/loss/rew 0.51 / train/loss/value 1.16 / train/loss/velocity 0.67 / replay/replay_ratio 1040 / fps/policy 22.73 / fps/train 2.3e4

Writing metrics: /scratch/midway3/rickybao/dreamerv3_runs/c1_run_seed1/metrics.jsonlWriting metrics: /scratch/midway3/rickybao/dreamerv3_runs/c1_run_seed1/scores.jsonl


--------------------[Agent Step 479_456]--------------------
Metrics filtered by: 'score|length|fps|ratio|train/loss/|train/rand/'
train/loss/con 0.02 / train/loss/dyn 5.15 / train/loss/height 9e-4 / train/loss/orientations 0.06 / train/loss/policy -0.04 / train/loss/rep 5.15 / train/loss/repval 1.05 / train/loss/rew 0.51 / train/loss/value 1.16 / train/loss/velocity 0.67 / replay/replay_ratio 1040 / fps/policy 22.74 / fps/train 2.3e4

Writing metrics: /scratch/midway3/rickybao/dreamerv3_runs/c1_run_seed1/metrics.jsonl
Writing metrics: /scratch/midway3/rickybao/dreamerv3_runs/c1_run_seed1/scores.jsonl

--------------------[Agent Step 482_192]--------------------
Metrics filtered by: 'score|length|fps|ratio|train/loss/|train/rand/'
episode/score 677.37 / episode/length 1001 / train/loss/con 0.02 / train/loss/dyn 5.13 / train/loss/height 8.9e-4 / train/loss/orientations 0.05 / train/loss/policy -0.04 / train/loss/rep 5.13 / train/loss/repval 1.04 / train/loss/rew 0.51 / train/loss/value 1.17 / train/loss/velocity 0.67 / replay/replay_ratio 1040 / fps/policy 22.69 / fps/train 2.3e4

Writing metrics: /scratch/midway3/rickybao/dreamerv3_runs/c1_run_seed1/metrics.jsonlWriting metrics: /scratch/midway3/rickybao/dreamerv3_runs/c1_run_seed1/scores.jsonl


--------------------[Agent Step 484_928]--------------------
Metrics filtered by: 'score|length|fps|ratio|train/loss/|train/rand/'
train/loss/con 0.02 / train/loss/dyn 5.14 / train/loss/height 8.9e-4 / train/loss/orientations 0.05 / train/loss/policy -0.04 / train/loss/rep 5.14 / train/loss/repval 1.04 / train/loss/rew 0.51 / train/loss/value 1.17 / train/loss/velocity 0.67 / replay/replay_ratio 1040 / fps/policy 22.68 / fps/train 2.3e4

Writing metrics: /scratch/midway3/rickybao/dreamerv3_runs/c1_run_seed1/metrics.jsonl
Writing metrics: /scratch/midway3/rickybao/dreamerv3_runs/c1_run_seed1/scores.jsonl

--------------------[Agent Step 487_664]--------------------
Metrics filtered by: 'score|length|fps|ratio|train/loss/|train/rand/'
train/loss/con 0.02 / train/loss/dyn 5.12 / train/loss/height 8.8e-4 / train/loss/orientations 0.05 / train/loss/policy -0.04 / train/loss/rep 5.12 / train/loss/repval 1.04 / train/loss/rew 0.51 / train/loss/value 1.17 / train/loss/velocity 0.66 / replay/replay_ratio 1040 / fps/policy 22.7 / fps/train 2.3e4

Writing metrics: /scratch/midway3/rickybao/dreamerv3_runs/c1_run_seed1/metrics.jsonlWriting metrics: /scratch/midway3/rickybao/dreamerv3_runs/c1_run_seed1/scores.jsonl


--------------------[Agent Step 490_400]--------------------
Metrics filtered by: 'score|length|fps|ratio|train/loss/|train/rand/'
train/loss/con 0.02 / train/loss/dyn 5.1 / train/loss/height 8.8e-4 / train/loss/orientations 0.05 / train/loss/policy -0.04 / train/loss/rep 5.1 / train/loss/repval 1.03 / train/loss/rew 0.51 / train/loss/value 1.16 / train/loss/velocity 0.66 / replay/replay_ratio 1040 / fps/policy 22.72 / fps/train 2.3e4

Writing metrics: /scratch/midway3/rickybao/dreamerv3_runs/c1_run_seed1/metrics.jsonlWriting metrics: /scratch/midway3/rickybao/dreamerv3_runs/c1_run_seed1/scores.jsonl

Saving checkpoint: /scratch/midway3/rickybao/dreamerv3_runs/c1_run_seed1/ckpt/20260518T165539F680639
Saved checkpoint.

--------------------[Agent Step 493_120]--------------------
Metrics filtered by: 'score|length|fps|ratio|train/loss/|train/rand/'
train/loss/con 0.02 / train/loss/dyn 5.1 / train/loss/height 8.7e-4 / train/loss/orientations 0.05 / train/loss/policy -0.04 / train/loss/rep 5.1 / train/loss/repval 1.03 / train/loss/rew 0.51 / train/loss/value 1.16 / train/loss/velocity 0.66 / replay/replay_ratio 1040 / fps/policy 22.58 / fps/train 2.3e4

Writing metrics: /scratch/midway3/rickybao/dreamerv3_runs/c1_run_seed1/metrics.jsonlWriting metrics: /scratch/midway3/rickybao/dreamerv3_runs/c1_run_seed1/scores.jsonl


--------------------[Agent Step 495_856]--------------------
Metrics filtered by: 'score|length|fps|ratio|train/loss/|train/rand/'
train/loss/con 0.02 / train/loss/dyn 5.08 / train/loss/height 8.6e-4 / train/loss/orientations 0.05 / train/loss/policy -0.04 / train/loss/rep 5.08 / train/loss/repval 1.03 / train/loss/rew 0.51 / train/loss/value 1.16 / train/loss/velocity 0.65 / replay/replay_ratio 1040 / fps/policy 22.74 / fps/train 2.3e4

Writing metrics: /scratch/midway3/rickybao/dreamerv3_runs/c1_run_seed1/metrics.jsonlWriting metrics: /scratch/midway3/rickybao/dreamerv3_runs/c1_run_seed1/scores.jsonl


--------------------[Agent Step 498_592]--------------------
Metrics filtered by: 'score|length|fps|ratio|train/loss/|train/rand/'
episode/score 656.93 / episode/length 1001 / train/loss/con 0.02 / train/loss/dyn 5.08 / train/loss/height 8.6e-4 / train/loss/orientations 0.05 / train/loss/policy -0.04 / train/loss/rep 5.08 / train/loss/repval 1.02 / train/loss/rew 0.51 / train/loss/value 1.15 / train/loss/velocity 0.66 / replay/replay_ratio 1040 / fps/policy 22.68 / fps/train 2.3e4

Writing metrics: /scratch/midway3/rickybao/dreamerv3_runs/c1_run_seed1/scores.jsonlWriting metrics: /scratch/midway3/rickybao/dreamerv3_runs/c1_run_seed1/metrics.jsonl


--------------------[Agent Step 498_928]--------------------
Metrics filtered by: 'score|length|fps|ratio|train/loss/|train/rand/'
No metrics.

Writing metrics: /scratch/midway3/rickybao/dreamerv3_runs/c1_run_seed1/metrics.jsonlWriting metrics: /scratch/midway3/rickybao/dreamerv3_runs/c1_run_seed1/scores.jsonl

C1 run finished | End time: Mon May 18 17:01:52 CDT 2026
Logdir: /scratch/midway3/rickybao/dreamerv3_runs/c1_run_seed1
