==============================
Slurm job started
Job ID: 49714343
Job name: pretrain-apt-seed1
Node: midway3-0283.rcc.local
Start time: Sat May 16 17:29:54 CDT 2026
Condition: apt  |  Seed: 1
==============================
PYTHON=/scratch/midway3/rickybao/conda_envs/dreamerv3/bin/python
LOGDIR=/scratch/midway3/rickybao/dreamerv3_runs/pretrain_apt_seed1
GPU check:
Sat May 16 17:29:54 2026       
+---------------------------------------------------------------------------------------+
| NVIDIA-SMI 535.216.03             Driver Version: 535.216.03   CUDA Version: 12.2     |
|-----------------------------------------+----------------------+----------------------+
| GPU  Name                 Persistence-M | Bus-Id        Disp.A | Volatile Uncorr. ECC |
| Fan  Temp   Perf          Pwr:Usage/Cap |         Memory-Usage | GPU-Util  Compute M. |
|                                         |                      |               MIG M. |
|=========================================+======================+======================|
|   0  Quadro RTX 6000                On  | 00000000:2F:00.0 Off |                  Off |
| N/A   38C    P8              14W / 250W |      0MiB / 24576MiB |      0%      Default |
|                                         |                      |                  N/A |
+-----------------------------------------+----------------------+----------------------+
                                                                                         
+---------------------------------------------------------------------------------------+
| Processes:                                                                            |
|  GPU   GI   CI        PID   Type   Process name                            GPU Memory |
|        ID   ID                                                             Usage      |
|=======================================================================================|
|  No running processes found                                                           |
+---------------------------------------------------------------------------------------+
JAX check:
JAX devices: [CudaDevice(id=0)] | backend: gpu
Starting reward-free pretraining: condition=apt seed=1
---  ___                           __   ______ ---
--- |   \ _ _ ___ __ _ _ __  ___ _ \ \ / /__ / ---
--- | |) | '_/ -_) _` | '  \/ -_) '/\ V / |_ \ ---
--- |___/|_| \___\__,_|_|_|_\___|_|  \_/ |___/ ---
Replica: 0 / 1
Logdir: /scratch/midway3/rickybao/dreamerv3_runs/pretrain_apt_seed1
Run script: train
Observations
  reward           Space(float32, shape=(), low=-inf, high=inf)
  is_first         Space(bool, shape=(), low=False, high=True)
  is_last          Space(bool, shape=(), low=False, high=True)
  is_terminal      Space(bool, shape=(), low=False, high=True)
  orientations     Space(float32, shape=(14,), low=-inf, high=inf)
  height           Space(float32, shape=(), low=-inf, high=inf)
  velocity         Space(float32, shape=(9,), low=-inf, high=inf)
Actions
  action           Space(float32, shape=(6,), low=-1.0, high=1.0)
Extras
  consec           Space(int32, shape=(), low=-2147483648, high=2147483647)
  stepid           Space(uint8, shape=(20,), low=0, high=255)
  dyn/deter        Space(float32, shape=(512,), low=-inf, high=inf)
  dyn/stoch        Space(float32, shape=(32, 4), low=-inf, high=inf)
JAX devices (1): [cuda:0]
Policy devices: cuda:0
Train devices:  cuda:0
Initializing parameters...
Optimizer opt has 583,204 params:
       364,416 dyn
        66,111 val
        51,096 dec
        50,316 pol
        41,153 con
        10,112 enc
Done initializing!
Compiling 1 checkpoint groups...
Largest checkpoint group: 0 GB
Compiling train and report...
Train cost analysis:
  FLOPS:            3.6e+10
  Memory (temp):    2.6e+08
  Memory (inputs):  1.0e+07
  Memory (outputs): 8.6e+06
  Memory (code):    2.0e+06

Report cost analysis:
  FLOPS:            2.0e+06
  Memory (temp):    9.3e+05
  Memory (inputs):  2.8e+06
  Memory (outputs): 2.1e+04
  Memory (code):    9.7e+04

Done compiling!
Did not find any checkpoint.
Saving checkpoint: /scratch/midway3/rickybao/dreamerv3_runs/pretrain_apt_seed1/ckpt/20260516T173035F239332
Saved checkpoint.
Start training loop
Start JAX profiler: /scratch/midway3/rickybao/dreamerv3_runs/pretrain_apt_seed1
Stop JAX profiler

--------------------[Agent Step 2_672]--------------------
Metrics filtered by: 'score|length|fps|ratio|train/loss/|train/rand/'
train/loss/con 0.33 / train/loss/dyn 4.55 / train/loss/height 0.06 / train/loss/orientations 4.81 / train/loss/policy 4.09 / train/loss/rep 4.55 / train/loss/value 4.53 / train/loss/velocity 21.23 / replay/replay_ratio 395.05 / fps/policy 21.15 / fps/train 5066.28

Writing metrics: /scratch/midway3/rickybao/dreamerv3_runs/pretrain_apt_seed1/scores.jsonlWriting metrics: /scratch/midway3/rickybao/dreamerv3_runs/pretrain_apt_seed1/metrics.jsonl


--------------------[Agent Step 3_360]--------------------
Metrics filtered by: 'score|length|fps|ratio|train/loss/|train/rand/'
train/loss/con 0.03 / train/loss/dyn 5.87 / train/loss/height 0.04 / train/loss/orientations 2.3 / train/loss/policy 5.09 / train/loss/rep 5.87 / train/loss/value 6.97 / train/loss/velocity 8.27 / replay/replay_ratio 1040 / fps/policy 5.62 / fps/train 5759.96

Writing metrics: /scratch/midway3/rickybao/dreamerv3_runs/pretrain_apt_seed1/metrics.jsonlWriting metrics: /scratch/midway3/rickybao/dreamerv3_runs/pretrain_apt_seed1/scores.jsonl


--------------------[Agent Step 4_048]--------------------
Metrics filtered by: 'score|length|fps|ratio|train/loss/|train/rand/'
train/loss/con 0.02 / train/loss/dyn 6.88 / train/loss/height 0.02 / train/loss/orientations 1.24 / train/loss/policy 5.09 / train/loss/rep 6.88 / train/loss/value 4.9 / train/loss/velocity 3.72 / replay/replay_ratio 1040 / fps/policy 5.62 / fps/train 5758.03

Writing metrics: /scratch/midway3/rickybao/dreamerv3_runs/pretrain_apt_seed1/metrics.jsonlWriting metrics: /scratch/midway3/rickybao/dreamerv3_runs/pretrain_apt_seed1/scores.jsonl


--------------------[Agent Step 4_736]--------------------
Metrics filtered by: 'score|length|fps|ratio|train/loss/|train/rand/'
train/loss/con 0.02 / train/loss/dyn 7.12 / train/loss/height 0.02 / train/loss/orientations 0.97 / train/loss/policy 5.1 / train/loss/rep 7.12 / train/loss/value 4.14 / train/loss/velocity 2.86 / replay/replay_ratio 1040 / fps/policy 5.62 / fps/train 5756.89

Writing metrics: /scratch/midway3/rickybao/dreamerv3_runs/pretrain_apt_seed1/metrics.jsonlWriting metrics: /scratch/midway3/rickybao/dreamerv3_runs/pretrain_apt_seed1/scores.jsonl


--------------------[Agent Step 5_424]--------------------
Metrics filtered by: 'score|length|fps|ratio|train/loss/|train/rand/'
train/loss/con 0.02 / train/loss/dyn 6.98 / train/loss/height 0.01 / train/loss/orientations 0.85 / train/loss/policy 5.12 / train/loss/rep 6.98 / train/loss/value 3.72 / train/loss/velocity 2.48 / replay/replay_ratio 1040 / fps/policy 5.62 / fps/train 5755.45

Writing metrics: /scratch/midway3/rickybao/dreamerv3_runs/pretrain_apt_seed1/metrics.jsonlWriting metrics: /scratch/midway3/rickybao/dreamerv3_runs/pretrain_apt_seed1/scores.jsonl


--------------------[Agent Step 6_112]--------------------
Metrics filtered by: 'score|length|fps|ratio|train/loss/|train/rand/'
train/loss/con 0.02 / train/loss/dyn 6.85 / train/loss/height 0.01 / train/loss/orientations 0.79 / train/loss/policy 5.14 / train/loss/rep 6.85 / train/loss/value 3.47 / train/loss/velocity 2.24 / replay/replay_ratio 1040 / fps/policy 5.62 / fps/train 5756.33

Writing metrics: /scratch/midway3/rickybao/dreamerv3_runs/pretrain_apt_seed1/metrics.jsonl
Writing metrics: /scratch/midway3/rickybao/dreamerv3_runs/pretrain_apt_seed1/scores.jsonl

--------------------[Agent Step 6_800]--------------------
Metrics filtered by: 'score|length|fps|ratio|train/loss/|train/rand/'
train/loss/con 0.02 / train/loss/dyn 6.7 / train/loss/height 9.5e-3 / train/loss/orientations 0.75 / train/loss/policy 5.19 / train/loss/rep 6.7 / train/loss/value 3.22 / train/loss/velocity 2.1 / replay/replay_ratio 1040 / fps/policy 5.62 / fps/train 5756.63

Writing metrics: /scratch/midway3/rickybao/dreamerv3_runs/pretrain_apt_seed1/metrics.jsonlWriting metrics: /scratch/midway3/rickybao/dreamerv3_runs/pretrain_apt_seed1/scores.jsonl

Saving checkpoint: /scratch/midway3/rickybao/dreamerv3_runs/pretrain_apt_seed1/ckpt/20260516T174539F989007
Saved checkpoint.

--------------------[Agent Step 7_488]--------------------
Metrics filtered by: 'score|length|fps|ratio|train/loss/|train/rand/'
train/loss/con 0.02 / train/loss/dyn 6.53 / train/loss/height 8.6e-3 / train/loss/orientations 0.69 / train/loss/policy 5.22 / train/loss/rep 6.53 / train/loss/value 3.02 / train/loss/velocity 1.99 / replay/replay_ratio 1040 / fps/policy 5.6 / fps/train 5737.44

Writing metrics: /scratch/midway3/rickybao/dreamerv3_runs/pretrain_apt_seed1/metrics.jsonlWriting metrics: /scratch/midway3/rickybao/dreamerv3_runs/pretrain_apt_seed1/scores.jsonl


--------------------[Agent Step 8_176]--------------------
Metrics filtered by: 'score|length|fps|ratio|train/loss/|train/rand/'
train/loss/con 0.02 / train/loss/dyn 6.38 / train/loss/height 8e-3 / train/loss/orientations 0.65 / train/loss/policy 5.25 / train/loss/rep 6.38 / train/loss/value 2.81 / train/loss/velocity 1.88 / replay/replay_ratio 1040 / fps/policy 5.62 / fps/train 5754.07

Writing metrics: /scratch/midway3/rickybao/dreamerv3_runs/pretrain_apt_seed1/metrics.jsonlWriting metrics: /scratch/midway3/rickybao/dreamerv3_runs/pretrain_apt_seed1/scores.jsonl


--------------------[Agent Step 8_864]--------------------
Metrics filtered by: 'score|length|fps|ratio|train/loss/|train/rand/'
train/loss/con 0.02 / train/loss/dyn 6.34 / train/loss/height 7.2e-3 / train/loss/orientations 0.62 / train/loss/policy 5.34 / train/loss/rep 6.34 / train/loss/value 2.84 / train/loss/velocity 1.81 / replay/replay_ratio 1040 / fps/policy 5.62 / fps/train 5754.84

Writing metrics: /scratch/midway3/rickybao/dreamerv3_runs/pretrain_apt_seed1/metrics.jsonlWriting metrics: /scratch/midway3/rickybao/dreamerv3_runs/pretrain_apt_seed1/scores.jsonl


--------------------[Agent Step 9_552]--------------------
Metrics filtered by: 'score|length|fps|ratio|train/loss/|train/rand/'
train/loss/con 0.02 / train/loss/dyn 6.22 / train/loss/height 7e-3 / train/loss/orientations 0.61 / train/loss/policy 5.45 / train/loss/rep 6.22 / train/loss/value 2.57 / train/loss/velocity 1.75 / replay/replay_ratio 1040 / fps/policy 5.62 / fps/train 5754.42

Writing metrics: /scratch/midway3/rickybao/dreamerv3_runs/pretrain_apt_seed1/metrics.jsonlWriting metrics: /scratch/midway3/rickybao/dreamerv3_runs/pretrain_apt_seed1/scores.jsonl


--------------------[Agent Step 10_240]--------------------
Metrics filtered by: 'score|length|fps|ratio|train/loss/|train/rand/'
train/loss/con 0.02 / train/loss/dyn 6.06 / train/loss/height 6.6e-3 / train/loss/orientations 0.59 / train/loss/policy 5.39 / train/loss/rep 6.06 / train/loss/value 2.52 / train/loss/velocity 1.68 / replay/replay_ratio 1040 / fps/policy 5.62 / fps/train 5754.63

Writing metrics: /scratch/midway3/rickybao/dreamerv3_runs/pretrain_apt_seed1/metrics.jsonlWriting metrics: /scratch/midway3/rickybao/dreamerv3_runs/pretrain_apt_seed1/scores.jsonl


--------------------[Agent Step 10_928]--------------------
Metrics filtered by: 'score|length|fps|ratio|train/loss/|train/rand/'
train/loss/con 0.02 / train/loss/dyn 6.01 / train/loss/height 6.2e-3 / train/loss/orientations 0.58 / train/loss/policy 5.67 / train/loss/rep 6.01 / train/loss/value 2.59 / train/loss/velocity 1.63 / replay/replay_ratio 1040 / fps/policy 5.62 / fps/train 5753.28

Writing metrics: /scratch/midway3/rickybao/dreamerv3_runs/pretrain_apt_seed1/metrics.jsonlWriting metrics: /scratch/midway3/rickybao/dreamerv3_runs/pretrain_apt_seed1/scores.jsonl


--------------------[Agent Step 11_616]--------------------
Metrics filtered by: 'score|length|fps|ratio|train/loss/|train/rand/'
train/loss/con 0.02 / train/loss/dyn 5.94 / train/loss/height 5.8e-3 / train/loss/orientations 0.57 / train/loss/policy 6.26 / train/loss/rep 5.94 / train/loss/value 2.51 / train/loss/velocity 1.59 / replay/replay_ratio 1040 / fps/policy 5.62 / fps/train 5754.73

Writing metrics: /scratch/midway3/rickybao/dreamerv3_runs/pretrain_apt_seed1/metrics.jsonlWriting metrics: /scratch/midway3/rickybao/dreamerv3_runs/pretrain_apt_seed1/scores.jsonl

Saving checkpoint: /scratch/midway3/rickybao/dreamerv3_runs/pretrain_apt_seed1/ckpt/20260516T180040F057120
Saved checkpoint.

--------------------[Agent Step 12_304]--------------------
Metrics filtered by: 'score|length|fps|ratio|train/loss/|train/rand/'
train/loss/con 0.02 / train/loss/dyn 5.79 / train/loss/height 5.7e-3 / train/loss/orientations 0.56 / train/loss/policy 5.84 / train/loss/rep 5.79 / train/loss/value 2.4 / train/loss/velocity 1.54 / replay/replay_ratio 1040 / fps/policy 5.61 / fps/train 5742.45

Writing metrics: /scratch/midway3/rickybao/dreamerv3_runs/pretrain_apt_seed1/metrics.jsonlWriting metrics: /scratch/midway3/rickybao/dreamerv3_runs/pretrain_apt_seed1/scores.jsonl


--------------------[Agent Step 12_992]--------------------
Metrics filtered by: 'score|length|fps|ratio|train/loss/|train/rand/'
train/loss/con 0.02 / train/loss/dyn 5.75 / train/loss/height 5.6e-3 / train/loss/orientations 0.56 / train/loss/policy 5.5 / train/loss/rep 5.75 / train/loss/value 2.35 / train/loss/velocity 1.5 / replay/replay_ratio 1040 / fps/policy 5.62 / fps/train 5754.91

Writing metrics: /scratch/midway3/rickybao/dreamerv3_runs/pretrain_apt_seed1/metrics.jsonlWriting metrics: /scratch/midway3/rickybao/dreamerv3_runs/pretrain_apt_seed1/scores.jsonl


--------------------[Agent Step 13_680]--------------------
Metrics filtered by: 'score|length|fps|ratio|train/loss/|train/rand/'
train/loss/con 0.02 / train/loss/dyn 5.71 / train/loss/height 5.4e-3 / train/loss/orientations 0.56 / train/loss/policy 5.57 / train/loss/rep 5.71 / train/loss/value 2.19 / train/loss/velocity 1.46 / replay/replay_ratio 1040 / fps/policy 5.62 / fps/train 5754.78

Writing metrics: /scratch/midway3/rickybao/dreamerv3_runs/pretrain_apt_seed1/metrics.jsonlWriting metrics: /scratch/midway3/rickybao/dreamerv3_runs/pretrain_apt_seed1/scores.jsonl


--------------------[Agent Step 14_368]--------------------
Metrics filtered by: 'score|length|fps|ratio|train/loss/|train/rand/'
train/loss/con 0.02 / train/loss/dyn 5.65 / train/loss/height 5.5e-3 / train/loss/orientations 0.56 / train/loss/policy 5.24 / train/loss/rep 5.65 / train/loss/value 2 / train/loss/velocity 1.43 / replay/replay_ratio 1040 / fps/policy 5.62 / fps/train 5753.62

Writing metrics: /scratch/midway3/rickybao/dreamerv3_runs/pretrain_apt_seed1/metrics.jsonlWriting metrics: /scratch/midway3/rickybao/dreamerv3_runs/pretrain_apt_seed1/scores.jsonl


--------------------[Agent Step 15_056]--------------------
Metrics filtered by: 'score|length|fps|ratio|train/loss/|train/rand/'
train/loss/con 0.02 / train/loss/dyn 5.63 / train/loss/height 5.3e-3 / train/loss/orientations 0.56 / train/loss/policy 5.12 / train/loss/rep 5.63 / train/loss/value 2.08 / train/loss/velocity 1.4 / replay/replay_ratio 1040 / fps/policy 5.62 / fps/train 5754.03

Writing metrics: /scratch/midway3/rickybao/dreamerv3_runs/pretrain_apt_seed1/metrics.jsonlWriting metrics: /scratch/midway3/rickybao/dreamerv3_runs/pretrain_apt_seed1/scores.jsonl


--------------------[Agent Step 15_744]--------------------
Metrics filtered by: 'score|length|fps|ratio|train/loss/|train/rand/'
train/loss/con 0.02 / train/loss/dyn 5.78 / train/loss/height 5e-3 / train/loss/orientations 0.54 / train/loss/policy 5.61 / train/loss/rep 5.78 / train/loss/value 1.95 / train/loss/velocity 1.4 / replay/replay_ratio 1040 / fps/policy 5.62 / fps/train 5751.87

Writing metrics: /scratch/midway3/rickybao/dreamerv3_runs/pretrain_apt_seed1/scores.jsonlWriting metrics: /scratch/midway3/rickybao/dreamerv3_runs/pretrain_apt_seed1/metrics.jsonl


--------------------[Agent Step 16_432]--------------------
Metrics filtered by: 'score|length|fps|ratio|train/loss/|train/rand/'
episode/score 32.21 / episode/length 1001 / train/loss/con 0.02 / train/loss/dyn 5.86 / train/loss/height 5e-3 / train/loss/orientations 0.51 / train/loss/policy 7.55 / train/loss/rep 5.86 / train/loss/value 2.18 / train/loss/velocity 1.42 / replay/replay_ratio 1040 / fps/policy 5.61 / fps/train 5748.84

Writing metrics: /scratch/midway3/rickybao/dreamerv3_runs/pretrain_apt_seed1/metrics.jsonlWriting metrics: /scratch/midway3/rickybao/dreamerv3_runs/pretrain_apt_seed1/scores.jsonl


--------------------[Agent Step 17_104]--------------------
Metrics filtered by: 'score|length|fps|ratio|train/loss/|train/rand/'
train/loss/con 0.02 / train/loss/dyn 5.98 / train/loss/height 7.5e-3 / train/loss/orientations 0.55 / train/loss/policy 5.25 / train/loss/rep 5.98 / train/loss/value 1.73 / train/loss/velocity 1.47 / replay/replay_ratio 1040 / fps/policy 5.53 / fps/train 5661.31

Writing metrics: /scratch/midway3/rickybao/dreamerv3_runs/pretrain_apt_seed1/metrics.jsonlWriting metrics: /scratch/midway3/rickybao/dreamerv3_runs/pretrain_apt_seed1/scores.jsonl

Saving checkpoint: /scratch/midway3/rickybao/dreamerv3_runs/pretrain_apt_seed1/ckpt/20260516T181542F251453
Saved checkpoint.

--------------------[Agent Step 17_776]--------------------
Metrics filtered by: 'score|length|fps|ratio|train/loss/|train/rand/'
train/loss/con 0.02 / train/loss/dyn 5.96 / train/loss/height 8.5e-3 / train/loss/orientations 0.58 / train/loss/policy 5.25 / train/loss/rep 5.96 / train/loss/value 1.78 / train/loss/velocity 1.49 / replay/replay_ratio 1040 / fps/policy 5.59 / fps/train 5727.76

Writing metrics: /scratch/midway3/rickybao/dreamerv3_runs/pretrain_apt_seed1/metrics.jsonl
Writing metrics: /scratch/midway3/rickybao/dreamerv3_runs/pretrain_apt_seed1/scores.jsonl

--------------------[Agent Step 18_464]--------------------
Metrics filtered by: 'score|length|fps|ratio|train/loss/|train/rand/'
train/loss/con 0.02 / train/loss/dyn 5.94 / train/loss/height 8.5e-3 / train/loss/orientations 0.58 / train/loss/policy 5.32 / train/loss/rep 5.94 / train/loss/value 1.55 / train/loss/velocity 1.48 / replay/replay_ratio 1040 / fps/policy 5.61 / fps/train 5743.38

Writing metrics: /scratch/midway3/rickybao/dreamerv3_runs/pretrain_apt_seed1/metrics.jsonlWriting metrics: /scratch/midway3/rickybao/dreamerv3_runs/pretrain_apt_seed1/scores.jsonl


--------------------[Agent Step 19_152]--------------------
Metrics filtered by: 'score|length|fps|ratio|train/loss/|train/rand/'
train/loss/con 0.02 / train/loss/dyn 5.97 / train/loss/height 8.3e-3 / train/loss/orientations 0.55 / train/loss/policy 6.72 / train/loss/rep 5.97 / train/loss/value 1.68 / train/loss/velocity 1.47 / replay/replay_ratio 1040 / fps/policy 5.61 / fps/train 5743.81

Writing metrics: /scratch/midway3/rickybao/dreamerv3_runs/pretrain_apt_seed1/scores.jsonlWriting metrics: /scratch/midway3/rickybao/dreamerv3_runs/pretrain_apt_seed1/metrics.jsonl


--------------------[Agent Step 19_840]--------------------
Metrics filtered by: 'score|length|fps|ratio|train/loss/|train/rand/'
train/loss/con 0.02 / train/loss/dyn 5.96 / train/loss/height 8.2e-3 / train/loss/orientations 0.55 / train/loss/policy 5.08 / train/loss/rep 5.96 / train/loss/value 1.37 / train/loss/velocity 1.48 / replay/replay_ratio 1040 / fps/policy 5.61 / fps/train 5745.72

Writing metrics: /scratch/midway3/rickybao/dreamerv3_runs/pretrain_apt_seed1/metrics.jsonlWriting metrics: /scratch/midway3/rickybao/dreamerv3_runs/pretrain_apt_seed1/scores.jsonl


--------------------[Agent Step 20_528]--------------------
Metrics filtered by: 'score|length|fps|ratio|train/loss/|train/rand/'
train/loss/con 0.02 / train/loss/dyn 5.92 / train/loss/height 7.9e-3 / train/loss/orientations 0.56 / train/loss/policy 5.55 / train/loss/rep 5.92 / train/loss/value 1.52 / train/loss/velocity 1.46 / replay/replay_ratio 1040 / fps/policy 5.62 / fps/train 5749.85

Writing metrics: /scratch/midway3/rickybao/dreamerv3_runs/pretrain_apt_seed1/metrics.jsonlWriting metrics: /scratch/midway3/rickybao/dreamerv3_runs/pretrain_apt_seed1/scores.jsonl


--------------------[Agent Step 21_216]--------------------
Metrics filtered by: 'score|length|fps|ratio|train/loss/|train/rand/'
train/loss/con 0.02 / train/loss/dyn 6.01 / train/loss/height 8.2e-3 / train/loss/orientations 0.57 / train/loss/policy 5.36 / train/loss/rep 6.01 / train/loss/value 1.27 / train/loss/velocity 1.46 / replay/replay_ratio 1040 / fps/policy 5.62 / fps/train 5750.6

Writing metrics: /scratch/midway3/rickybao/dreamerv3_runs/pretrain_apt_seed1/metrics.jsonlWriting metrics: /scratch/midway3/rickybao/dreamerv3_runs/pretrain_apt_seed1/scores.jsonl


--------------------[Agent Step 21_904]--------------------
Metrics filtered by: 'score|length|fps|ratio|train/loss/|train/rand/'
train/loss/con 0.02 / train/loss/dyn 5.97 / train/loss/height 7.8e-3 / train/loss/orientations 0.54 / train/loss/policy 5.42 / train/loss/rep 5.97 / train/loss/value 1.38 / train/loss/velocity 1.43 / replay/replay_ratio 1040 / fps/policy 5.62 / fps/train 5750.03

Writing metrics: /scratch/midway3/rickybao/dreamerv3_runs/pretrain_apt_seed1/metrics.jsonlWriting metrics: /scratch/midway3/rickybao/dreamerv3_runs/pretrain_apt_seed1/scores.jsonl

Saving checkpoint: /scratch/midway3/rickybao/dreamerv3_runs/pretrain_apt_seed1/ckpt/20260516T183043F442531
Saved checkpoint.

--------------------[Agent Step 22_592]--------------------
Metrics filtered by: 'score|length|fps|ratio|train/loss/|train/rand/'
train/loss/con 0.02 / train/loss/dyn 6.02 / train/loss/height 7.6e-3 / train/loss/orientations 0.53 / train/loss/policy 5.79 / train/loss/rep 6.02 / train/loss/value 1.18 / train/loss/velocity 1.44 / replay/replay_ratio 1040 / fps/policy 5.6 / fps/train 5738.38

Writing metrics: /scratch/midway3/rickybao/dreamerv3_runs/pretrain_apt_seed1/metrics.jsonlWriting metrics: /scratch/midway3/rickybao/dreamerv3_runs/pretrain_apt_seed1/scores.jsonl


--------------------[Agent Step 23_280]--------------------
Metrics filtered by: 'score|length|fps|ratio|train/loss/|train/rand/'
train/loss/con 0.02 / train/loss/dyn 6.05 / train/loss/height 7.2e-3 / train/loss/orientations 0.53 / train/loss/policy 5.19 / train/loss/rep 6.05 / train/loss/value 1.25 / train/loss/velocity 1.44 / replay/replay_ratio 1040 / fps/policy 5.62 / fps/train 5750.02

Writing metrics: /scratch/midway3/rickybao/dreamerv3_runs/pretrain_apt_seed1/scores.jsonlWriting metrics: /scratch/midway3/rickybao/dreamerv3_runs/pretrain_apt_seed1/metrics.jsonl


--------------------[Agent Step 23_968]--------------------
Metrics filtered by: 'score|length|fps|ratio|train/loss/|train/rand/'
train/loss/con 0.02 / train/loss/dyn 6.08 / train/loss/height 7.2e-3 / train/loss/orientations 0.51 / train/loss/policy 5.38 / train/loss/rep 6.08 / train/loss/value 1.08 / train/loss/velocity 1.43 / replay/replay_ratio 1040 / fps/policy 5.61 / fps/train 5749.28

Writing metrics: /scratch/midway3/rickybao/dreamerv3_runs/pretrain_apt_seed1/metrics.jsonlWriting metrics: /scratch/midway3/rickybao/dreamerv3_runs/pretrain_apt_seed1/scores.jsonl


--------------------[Agent Step 24_656]--------------------
Metrics filtered by: 'score|length|fps|ratio|train/loss/|train/rand/'
train/loss/con 0.02 / train/loss/dyn 6.06 / train/loss/height 6.9e-3 / train/loss/orientations 0.49 / train/loss/policy 5.12 / train/loss/rep 6.06 / train/loss/value 1.12 / train/loss/velocity 1.41 / replay/replay_ratio 1040 / fps/policy 5.62 / fps/train 5751.62

Writing metrics: /scratch/midway3/rickybao/dreamerv3_runs/pretrain_apt_seed1/metrics.jsonl
Writing metrics: /scratch/midway3/rickybao/dreamerv3_runs/pretrain_apt_seed1/scores.jsonl

--------------------[Agent Step 25_344]--------------------
Metrics filtered by: 'score|length|fps|ratio|train/loss/|train/rand/'
train/loss/con 0.02 / train/loss/dyn 6.09 / train/loss/height 6.9e-3 / train/loss/orientations 0.49 / train/loss/policy 5.36 / train/loss/rep 6.09 / train/loss/value 0.88 / train/loss/velocity 1.4 / replay/replay_ratio 1040 / fps/policy 5.62 / fps/train 5752.44

Writing metrics: /scratch/midway3/rickybao/dreamerv3_runs/pretrain_apt_seed1/metrics.jsonlWriting metrics: /scratch/midway3/rickybao/dreamerv3_runs/pretrain_apt_seed1/scores.jsonl


--------------------[Agent Step 26_032]--------------------
Metrics filtered by: 'score|length|fps|ratio|train/loss/|train/rand/'
train/loss/con 0.02 / train/loss/dyn 6.11 / train/loss/height 6.5e-3 / train/loss/orientations 0.48 / train/loss/policy 5.17 / train/loss/rep 6.11 / train/loss/value 1.11 / train/loss/velocity 1.4 / replay/replay_ratio 1040 / fps/policy 5.62 / fps/train 5753.22

Writing metrics: /scratch/midway3/rickybao/dreamerv3_runs/pretrain_apt_seed1/metrics.jsonlWriting metrics: /scratch/midway3/rickybao/dreamerv3_runs/pretrain_apt_seed1/scores.jsonl


--------------------[Agent Step 26_720]--------------------
Metrics filtered by: 'score|length|fps|ratio|train/loss/|train/rand/'
train/loss/con 0.02 / train/loss/dyn 6.15 / train/loss/height 6.3e-3 / train/loss/orientations 0.48 / train/loss/policy 5.31 / train/loss/rep 6.15 / train/loss/value 0.73 / train/loss/velocity 1.4 / replay/replay_ratio 1040 / fps/policy 5.62 / fps/train 5752.95

Writing metrics: /scratch/midway3/rickybao/dreamerv3_runs/pretrain_apt_seed1/metrics.jsonlWriting metrics: /scratch/midway3/rickybao/dreamerv3_runs/pretrain_apt_seed1/scores.jsonl

Saving checkpoint: /scratch/midway3/rickybao/dreamerv3_runs/pretrain_apt_seed1/ckpt/20260516T184543F835436
Saved checkpoint.

--------------------[Agent Step 27_408]--------------------
Metrics filtered by: 'score|length|fps|ratio|train/loss/|train/rand/'
train/loss/con 0.02 / train/loss/dyn 6.17 / train/loss/height 6.4e-3 / train/loss/orientations 0.48 / train/loss/policy 5.16 / train/loss/rep 6.17 / train/loss/value 1.08 / train/loss/velocity 1.41 / replay/replay_ratio 1040 / fps/policy 5.61 / fps/train 5740.77

Writing metrics: /scratch/midway3/rickybao/dreamerv3_runs/pretrain_apt_seed1/metrics.jsonlWriting metrics: /scratch/midway3/rickybao/dreamerv3_runs/pretrain_apt_seed1/scores.jsonl


--------------------[Agent Step 28_096]--------------------
Metrics filtered by: 'score|length|fps|ratio|train/loss/|train/rand/'
train/loss/con 0.02 / train/loss/dyn 6.25 / train/loss/height 6.3e-3 / train/loss/orientations 0.48 / train/loss/policy 5.3 / train/loss/rep 6.25 / train/loss/value 0.64 / train/loss/velocity 1.41 / replay/replay_ratio 1040 / fps/policy 5.62 / fps/train 5751.35

Writing metrics: /scratch/midway3/rickybao/dreamerv3_runs/pretrain_apt_seed1/metrics.jsonlWriting metrics: /scratch/midway3/rickybao/dreamerv3_runs/pretrain_apt_seed1/scores.jsonl


--------------------[Agent Step 28_784]--------------------
Metrics filtered by: 'score|length|fps|ratio|train/loss/|train/rand/'
train/loss/con 0.02 / train/loss/dyn 6.23 / train/loss/height 6.1e-3 / train/loss/orientations 0.47 / train/loss/policy 5.07 / train/loss/rep 6.23 / train/loss/value 1.11 / train/loss/velocity 1.4 / replay/replay_ratio 1040 / fps/policy 5.62 / fps/train 5750.84

Writing metrics: /scratch/midway3/rickybao/dreamerv3_runs/pretrain_apt_seed1/metrics.jsonlWriting metrics: /scratch/midway3/rickybao/dreamerv3_runs/pretrain_apt_seed1/scores.jsonl


--------------------[Agent Step 29_472]--------------------
Metrics filtered by: 'score|length|fps|ratio|train/loss/|train/rand/'
train/loss/con 0.02 / train/loss/dyn 6.29 / train/loss/height 6.1e-3 / train/loss/orientations 0.46 / train/loss/policy 5.31 / train/loss/rep 6.29 / train/loss/value 0.47 / train/loss/velocity 1.4 / replay/replay_ratio 1040 / fps/policy 5.62 / fps/train 5750.46

Writing metrics: /scratch/midway3/rickybao/dreamerv3_runs/pretrain_apt_seed1/metrics.jsonlWriting metrics: /scratch/midway3/rickybao/dreamerv3_runs/pretrain_apt_seed1/scores.jsonl


--------------------[Agent Step 30_160]--------------------
Metrics filtered by: 'score|length|fps|ratio|train/loss/|train/rand/'
train/loss/con 0.02 / train/loss/dyn 6.21 / train/loss/height 5.9e-3 / train/loss/orientations 0.45 / train/loss/policy 5.06 / train/loss/rep 6.21 / train/loss/value 1.15 / train/loss/velocity 1.39 / replay/replay_ratio 1040 / fps/policy 5.62 / fps/train 5751.35

Writing metrics: /scratch/midway3/rickybao/dreamerv3_runs/pretrain_apt_seed1/metrics.jsonl
Writing metrics: /scratch/midway3/rickybao/dreamerv3_runs/pretrain_apt_seed1/scores.jsonl

--------------------[Agent Step 30_848]--------------------
Metrics filtered by: 'score|length|fps|ratio|train/loss/|train/rand/'
train/loss/con 0.02 / train/loss/dyn 6.24 / train/loss/height 5.5e-3 / train/loss/orientations 0.44 / train/loss/policy 5.18 / train/loss/rep 6.24 / train/loss/value 0.63 / train/loss/velocity 1.37 / replay/replay_ratio 1040 / fps/policy 5.62 / fps/train 5751.17

Writing metrics: /scratch/midway3/rickybao/dreamerv3_runs/pretrain_apt_seed1/metrics.jsonlWriting metrics: /scratch/midway3/rickybao/dreamerv3_runs/pretrain_apt_seed1/scores.jsonl


--------------------[Agent Step 31_536]--------------------
Metrics filtered by: 'score|length|fps|ratio|train/loss/|train/rand/'
train/loss/con 0.02 / train/loss/dyn 6.27 / train/loss/height 5.7e-3 / train/loss/orientations 0.44 / train/loss/policy 5.38 / train/loss/rep 6.27 / train/loss/value 0.42 / train/loss/velocity 1.37 / replay/replay_ratio 1040 / fps/policy 5.61 / fps/train 5748.83

Writing metrics: /scratch/midway3/rickybao/dreamerv3_runs/pretrain_apt_seed1/metrics.jsonl
Writing metrics: /scratch/midway3/rickybao/dreamerv3_runs/pretrain_apt_seed1/scores.jsonl

--------------------[Agent Step 32_224]--------------------
Metrics filtered by: 'score|length|fps|ratio|train/loss/|train/rand/'
episode/score 38.8 / episode/length 1001 / train/loss/con 0.02 / train/loss/dyn 6.22 / train/loss/height 5.6e-3 / train/loss/orientations 0.44 / train/loss/policy 5.21 / train/loss/rep 6.22 / train/loss/value 1.16 / train/loss/velocity 1.37 / replay/replay_ratio 1040 / fps/policy 5.62 / fps/train 5752.15

Writing metrics: /scratch/midway3/rickybao/dreamerv3_runs/pretrain_apt_seed1/metrics.jsonlWriting metrics: /scratch/midway3/rickybao/dreamerv3_runs/pretrain_apt_seed1/scores.jsonl

Saving checkpoint: /scratch/midway3/rickybao/dreamerv3_runs/pretrain_apt_seed1/ckpt/20260516T190044F383649
Saved checkpoint.

--------------------[Agent Step 32_912]--------------------
Metrics filtered by: 'score|length|fps|ratio|train/loss/|train/rand/'
train/loss/con 0.02 / train/loss/dyn 6.3 / train/loss/height 6.1e-3 / train/loss/orientations 0.45 / train/loss/policy 5.06 / train/loss/rep 6.3 / train/loss/value 1.19 / train/loss/velocity 1.37 / replay/replay_ratio 1040 / fps/policy 5.6 / fps/train 5736.31

Writing metrics: /scratch/midway3/rickybao/dreamerv3_runs/pretrain_apt_seed1/metrics.jsonl
Writing metrics: /scratch/midway3/rickybao/dreamerv3_runs/pretrain_apt_seed1/scores.jsonl

--------------------[Agent Step 33_600]--------------------
Metrics filtered by: 'score|length|fps|ratio|train/loss/|train/rand/'
train/loss/con 0.02 / train/loss/dyn 6.36 / train/loss/height 6.9e-3 / train/loss/orientations 0.46 / train/loss/policy 5.3 / train/loss/rep 6.36 / train/loss/value 0.33 / train/loss/velocity 1.39 / replay/replay_ratio 1040 / fps/policy 5.61 / fps/train 5748.75

Writing metrics: /scratch/midway3/rickybao/dreamerv3_runs/pretrain_apt_seed1/scores.jsonlWriting metrics: /scratch/midway3/rickybao/dreamerv3_runs/pretrain_apt_seed1/metrics.jsonl


--------------------[Agent Step 34_288]--------------------
Metrics filtered by: 'score|length|fps|ratio|train/loss/|train/rand/'
train/loss/con 0.02 / train/loss/dyn 6.31 / train/loss/height 6.7e-3 / train/loss/orientations 0.46 / train/loss/policy 5.3 / train/loss/rep 6.31 / train/loss/value 0.29 / train/loss/velocity 1.38 / replay/replay_ratio 1040 / fps/policy 5.61 / fps/train 5748.76

Writing metrics: /scratch/midway3/rickybao/dreamerv3_runs/pretrain_apt_seed1/metrics.jsonlWriting metrics: /scratch/midway3/rickybao/dreamerv3_runs/pretrain_apt_seed1/scores.jsonl


--------------------[Agent Step 34_976]--------------------
Metrics filtered by: 'score|length|fps|ratio|train/loss/|train/rand/'
train/loss/con 0.02 / train/loss/dyn 6.28 / train/loss/height 6.3e-3 / train/loss/orientations 0.44 / train/loss/policy 4.82 / train/loss/rep 6.28 / train/loss/value 0.89 / train/loss/velocity 1.37 / replay/replay_ratio 1040 / fps/policy 5.62 / fps/train 5751.34

Writing metrics: /scratch/midway3/rickybao/dreamerv3_runs/pretrain_apt_seed1/metrics.jsonlWriting metrics: /scratch/midway3/rickybao/dreamerv3_runs/pretrain_apt_seed1/scores.jsonl


--------------------[Agent Step 35_664]--------------------
Metrics filtered by: 'score|length|fps|ratio|train/loss/|train/rand/'
train/loss/con 0.02 / train/loss/dyn 6.35 / train/loss/height 6.5e-3 / train/loss/orientations 0.45 / train/loss/policy 4.45 / train/loss/rep 6.35 / train/loss/value 1.25 / train/loss/velocity 1.37 / replay/replay_ratio 1040 / fps/policy 5.62 / fps/train 5752.62

Writing metrics: /scratch/midway3/rickybao/dreamerv3_runs/pretrain_apt_seed1/metrics.jsonlWriting metrics: /scratch/midway3/rickybao/dreamerv3_runs/pretrain_apt_seed1/scores.jsonl


--------------------[Agent Step 36_352]--------------------
Metrics filtered by: 'score|length|fps|ratio|train/loss/|train/rand/'
train/loss/con 0.02 / train/loss/dyn 6.34 / train/loss/height 6.4e-3 / train/loss/orientations 0.44 / train/loss/policy 4.41 / train/loss/rep 6.34 / train/loss/value 1.35 / train/loss/velocity 1.37 / replay/replay_ratio 1040 / fps/policy 5.62 / fps/train 5753.16

Writing metrics: /scratch/midway3/rickybao/dreamerv3_runs/pretrain_apt_seed1/metrics.jsonlWriting metrics: /scratch/midway3/rickybao/dreamerv3_runs/pretrain_apt_seed1/scores.jsonl


--------------------[Agent Step 37_040]--------------------
Metrics filtered by: 'score|length|fps|ratio|train/loss/|train/rand/'
train/loss/con 0.02 / train/loss/dyn 6.34 / train/loss/height 6.2e-3 / train/loss/orientations 0.44 / train/loss/policy 4.4 / train/loss/rep 6.34 / train/loss/value 1.26 / train/loss/velocity 1.37 / replay/replay_ratio 1040 / fps/policy 5.62 / fps/train 5750.55

Writing metrics: /scratch/midway3/rickybao/dreamerv3_runs/pretrain_apt_seed1/scores.jsonlWriting metrics: /scratch/midway3/rickybao/dreamerv3_runs/pretrain_apt_seed1/metrics.jsonl

Saving checkpoint: /scratch/midway3/rickybao/dreamerv3_runs/pretrain_apt_seed1/ckpt/20260516T191544F912939
Saved checkpoint.

--------------------[Agent Step 37_728]--------------------
Metrics filtered by: 'score|length|fps|ratio|train/loss/|train/rand/'
train/loss/con 0.02 / train/loss/dyn 6.38 / train/loss/height 6.1e-3 / train/loss/orientations 0.44 / train/loss/policy 4.25 / train/loss/rep 6.38 / train/loss/value 1.08 / train/loss/velocity 1.37 / replay/replay_ratio 1040 / fps/policy 5.61 / fps/train 5742.76

Writing metrics: /scratch/midway3/rickybao/dreamerv3_runs/pretrain_apt_seed1/scores.jsonlWriting metrics: /scratch/midway3/rickybao/dreamerv3_runs/pretrain_apt_seed1/metrics.jsonl


--------------------[Agent Step 38_416]--------------------
Metrics filtered by: 'score|length|fps|ratio|train/loss/|train/rand/'
train/loss/con 0.02 / train/loss/dyn 6.37 / train/loss/height 6.1e-3 / train/loss/orientations 0.43 / train/loss/policy 3.88 / train/loss/rep 6.37 / train/loss/value 0.84 / train/loss/velocity 1.36 / replay/replay_ratio 1040 / fps/policy 5.62 / fps/train 5753.47

Writing metrics: /scratch/midway3/rickybao/dreamerv3_runs/pretrain_apt_seed1/metrics.jsonl
Writing metrics: /scratch/midway3/rickybao/dreamerv3_runs/pretrain_apt_seed1/scores.jsonl

--------------------[Agent Step 39_104]--------------------
Metrics filtered by: 'score|length|fps|ratio|train/loss/|train/rand/'
train/loss/con 0.02 / train/loss/dyn 6.4 / train/loss/height 5.9e-3 / train/loss/orientations 0.43 / train/loss/policy 3.42 / train/loss/rep 6.4 / train/loss/value 0.56 / train/loss/velocity 1.36 / replay/replay_ratio 1040 / fps/policy 5.62 / fps/train 5751.2

Writing metrics: /scratch/midway3/rickybao/dreamerv3_runs/pretrain_apt_seed1/metrics.jsonlWriting metrics: /scratch/midway3/rickybao/dreamerv3_runs/pretrain_apt_seed1/scores.jsonl


--------------------[Agent Step 39_792]--------------------
Metrics filtered by: 'score|length|fps|ratio|train/loss/|train/rand/'
train/loss/con 0.02 / train/loss/dyn 6.39 / train/loss/height 5.8e-3 / train/loss/orientations 0.42 / train/loss/policy 2.83 / train/loss/rep 6.39 / train/loss/value 0.24 / train/loss/velocity 1.35 / replay/replay_ratio 1040 / fps/policy 5.62 / fps/train 5751.63

Writing metrics: /scratch/midway3/rickybao/dreamerv3_runs/pretrain_apt_seed1/metrics.jsonlWriting metrics: /scratch/midway3/rickybao/dreamerv3_runs/pretrain_apt_seed1/scores.jsonl


--------------------[Agent Step 40_480]--------------------
Metrics filtered by: 'score|length|fps|ratio|train/loss/|train/rand/'
train/loss/con 0.02 / train/loss/dyn 6.4 / train/loss/height 5.7e-3 / train/loss/orientations 0.41 / train/loss/policy 2.61 / train/loss/rep 6.4 / train/loss/value 0.04 / train/loss/velocity 1.35 / replay/replay_ratio 1040 / fps/policy 5.62 / fps/train 5752.04

Writing metrics: /scratch/midway3/rickybao/dreamerv3_runs/pretrain_apt_seed1/scores.jsonlWriting metrics: /scratch/midway3/rickybao/dreamerv3_runs/pretrain_apt_seed1/metrics.jsonl


--------------------[Agent Step 41_168]--------------------
Metrics filtered by: 'score|length|fps|ratio|train/loss/|train/rand/'
train/loss/con 0.02 / train/loss/dyn 6.46 / train/loss/height 5.8e-3 / train/loss/orientations 0.42 / train/loss/policy 2.65 / train/loss/rep 6.46 / train/loss/value 0.03 / train/loss/velocity 1.35 / replay/replay_ratio 1040 / fps/policy 5.62 / fps/train 5753.73

Writing metrics: /scratch/midway3/rickybao/dreamerv3_runs/pretrain_apt_seed1/scores.jsonlWriting metrics: /scratch/midway3/rickybao/dreamerv3_runs/pretrain_apt_seed1/metrics.jsonl


--------------------[Agent Step 41_856]--------------------
Metrics filtered by: 'score|length|fps|ratio|train/loss/|train/rand/'
train/loss/con 0.02 / train/loss/dyn 6.46 / train/loss/height 5.8e-3 / train/loss/orientations 0.42 / train/loss/policy 2.41 / train/loss/rep 6.46 / train/loss/value 0.12 / train/loss/velocity 1.35 / replay/replay_ratio 1040 / fps/policy 5.62 / fps/train 5753.85

Writing metrics: /scratch/midway3/rickybao/dreamerv3_runs/pretrain_apt_seed1/metrics.jsonlWriting metrics: /scratch/midway3/rickybao/dreamerv3_runs/pretrain_apt_seed1/scores.jsonl

Saving checkpoint: /scratch/midway3/rickybao/dreamerv3_runs/pretrain_apt_seed1/ckpt/20260516T193045F095002
Saved checkpoint.

--------------------[Agent Step 42_544]--------------------
Metrics filtered by: 'score|length|fps|ratio|train/loss/|train/rand/'
train/loss/con 0.02 / train/loss/dyn 6.48 / train/loss/height 5.5e-3 / train/loss/orientations 0.41 / train/loss/policy 2.03 / train/loss/rep 6.48 / train/loss/value 0.26 / train/loss/velocity 1.34 / replay/replay_ratio 1040 / fps/policy 5.61 / fps/train 5742.93

Writing metrics: /scratch/midway3/rickybao/dreamerv3_runs/pretrain_apt_seed1/metrics.jsonlWriting metrics: /scratch/midway3/rickybao/dreamerv3_runs/pretrain_apt_seed1/scores.jsonl


--------------------[Agent Step 43_232]--------------------
Metrics filtered by: 'score|length|fps|ratio|train/loss/|train/rand/'
train/loss/con 0.02 / train/loss/dyn 6.46 / train/loss/height 5.5e-3 / train/loss/orientations 0.41 / train/loss/policy 1.7 / train/loss/rep 6.46 / train/loss/value 0.39 / train/loss/velocity 1.34 / replay/replay_ratio 1040 / fps/policy 5.62 / fps/train 5754.73

Writing metrics: /scratch/midway3/rickybao/dreamerv3_runs/pretrain_apt_seed1/metrics.jsonlWriting metrics: /scratch/midway3/rickybao/dreamerv3_runs/pretrain_apt_seed1/scores.jsonl


--------------------[Agent Step 43_920]--------------------
Metrics filtered by: 'score|length|fps|ratio|train/loss/|train/rand/'
train/loss/con 0.02 / train/loss/dyn 6.51 / train/loss/height 5.6e-3 / train/loss/orientations 0.41 / train/loss/policy 1.25 / train/loss/rep 6.51 / train/loss/value 0.5 / train/loss/velocity 1.34 / replay/replay_ratio 1040 / fps/policy 5.62 / fps/train 5755.86

Writing metrics: /scratch/midway3/rickybao/dreamerv3_runs/pretrain_apt_seed1/metrics.jsonlWriting metrics: /scratch/midway3/rickybao/dreamerv3_runs/pretrain_apt_seed1/scores.jsonl


--------------------[Agent Step 44_608]--------------------
Metrics filtered by: 'score|length|fps|ratio|train/loss/|train/rand/'
train/loss/con 0.02 / train/loss/dyn 6.5 / train/loss/height 5.3e-3 / train/loss/orientations 0.4 / train/loss/policy 0.92 / train/loss/rep 6.5 / train/loss/value 0.59 / train/loss/velocity 1.33 / replay/replay_ratio 1040 / fps/policy 5.62 / fps/train 5752.79

Writing metrics: /scratch/midway3/rickybao/dreamerv3_runs/pretrain_apt_seed1/metrics.jsonlWriting metrics: /scratch/midway3/rickybao/dreamerv3_runs/pretrain_apt_seed1/scores.jsonl


--------------------[Agent Step 45_296]--------------------
Metrics filtered by: 'score|length|fps|ratio|train/loss/|train/rand/'
train/loss/con 0.02 / train/loss/dyn 6.48 / train/loss/height 5.2e-3 / train/loss/orientations 0.39 / train/loss/policy 0.82 / train/loss/rep 6.48 / train/loss/value 0.66 / train/loss/velocity 1.32 / replay/replay_ratio 1040 / fps/policy 5.62 / fps/train 5753.57

Writing metrics: /scratch/midway3/rickybao/dreamerv3_runs/pretrain_apt_seed1/metrics.jsonl
Writing metrics: /scratch/midway3/rickybao/dreamerv3_runs/pretrain_apt_seed1/scores.jsonl

--------------------[Agent Step 45_984]--------------------
Metrics filtered by: 'score|length|fps|ratio|train/loss/|train/rand/'
train/loss/con 0.02 / train/loss/dyn 6.49 / train/loss/height 5.3e-3 / train/loss/orientations 0.39 / train/loss/policy 0.8 / train/loss/rep 6.49 / train/loss/value 0.72 / train/loss/velocity 1.32 / replay/replay_ratio 1040 / fps/policy 5.62 / fps/train 5751.9

Writing metrics: /scratch/midway3/rickybao/dreamerv3_runs/pretrain_apt_seed1/metrics.jsonlWriting metrics: /scratch/midway3/rickybao/dreamerv3_runs/pretrain_apt_seed1/scores.jsonl


--------------------[Agent Step 46_672]--------------------
Metrics filtered by: 'score|length|fps|ratio|train/loss/|train/rand/'
train/loss/con 0.02 / train/loss/dyn 6.45 / train/loss/height 5.1e-3 / train/loss/orientations 0.39 / train/loss/policy 0.68 / train/loss/rep 6.45 / train/loss/value 0.77 / train/loss/velocity 1.31 / replay/replay_ratio 1040 / fps/policy 5.62 / fps/train 5749.9

Writing metrics: /scratch/midway3/rickybao/dreamerv3_runs/pretrain_apt_seed1/metrics.jsonlWriting metrics: /scratch/midway3/rickybao/dreamerv3_runs/pretrain_apt_seed1/scores.jsonl


--------------------[Agent Step 47_360]--------------------
Metrics filtered by: 'score|length|fps|ratio|train/loss/|train/rand/'
train/loss/con 0.02 / train/loss/dyn 6.47 / train/loss/height 5.3e-3 / train/loss/orientations 0.39 / train/loss/policy 0.52 / train/loss/rep 6.47 / train/loss/value 0.81 / train/loss/velocity 1.31 / replay/replay_ratio 1040 / fps/policy 5.62 / fps/train 5752.12

Writing metrics: /scratch/midway3/rickybao/dreamerv3_runs/pretrain_apt_seed1/scores.jsonlWriting metrics: /scratch/midway3/rickybao/dreamerv3_runs/pretrain_apt_seed1/metrics.jsonl

Saving checkpoint: /scratch/midway3/rickybao/dreamerv3_runs/pretrain_apt_seed1/ckpt/20260516T194545F306193
Saved checkpoint.

--------------------[Agent Step 48_048]--------------------
Metrics filtered by: 'score|length|fps|ratio|train/loss/|train/rand/'
episode/score 37.65 / episode/length 1001 / train/loss/con 0.02 / train/loss/dyn 6.36 / train/loss/height 5.2e-3 / train/loss/orientations 0.38 / train/loss/policy 0.39 / train/loss/rep 6.36 / train/loss/value 0.84 / train/loss/velocity 1.29 / replay/replay_ratio 1040 / fps/policy 5.6 / fps/train 5738.47

Writing metrics: /scratch/midway3/rickybao/dreamerv3_runs/pretrain_apt_seed1/metrics.jsonlWriting metrics: /scratch/midway3/rickybao/dreamerv3_runs/pretrain_apt_seed1/scores.jsonl


--------------------[Agent Step 48_736]--------------------
Metrics filtered by: 'score|length|fps|ratio|train/loss/|train/rand/'
train/loss/con 0.02 / train/loss/dyn 6.4 / train/loss/height 5.4e-3 / train/loss/orientations 0.38 / train/loss/policy 0.31 / train/loss/rep 6.4 / train/loss/value 0.87 / train/loss/velocity 1.29 / replay/replay_ratio 1040 / fps/policy 5.62 / fps/train 5750.93

Writing metrics: /scratch/midway3/rickybao/dreamerv3_runs/pretrain_apt_seed1/metrics.jsonlWriting metrics: /scratch/midway3/rickybao/dreamerv3_runs/pretrain_apt_seed1/scores.jsonl


--------------------[Agent Step 49_424]--------------------
Metrics filtered by: 'score|length|fps|ratio|train/loss/|train/rand/'
train/loss/con 0.02 / train/loss/dyn 6.45 / train/loss/height 5.7e-3 / train/loss/orientations 0.39 / train/loss/policy 0.26 / train/loss/rep 6.45 / train/loss/value 0.89 / train/loss/velocity 1.3 / replay/replay_ratio 1040 / fps/policy 5.61 / fps/train 5746.84

Writing metrics: /scratch/midway3/rickybao/dreamerv3_runs/pretrain_apt_seed1/metrics.jsonl
Writing metrics: /scratch/midway3/rickybao/dreamerv3_runs/pretrain_apt_seed1/scores.jsonl

--------------------[Agent Step 50_112]--------------------
Metrics filtered by: 'score|length|fps|ratio|train/loss/|train/rand/'
train/loss/con 0.02 / train/loss/dyn 6.51 / train/loss/height 6e-3 / train/loss/orientations 0.4 / train/loss/policy 0.22 / train/loss/rep 6.51 / train/loss/value 0.91 / train/loss/velocity 1.31 / replay/replay_ratio 1040 / fps/policy 5.61 / fps/train 5748.74

Writing metrics: /scratch/midway3/rickybao/dreamerv3_runs/pretrain_apt_seed1/metrics.jsonlWriting metrics: /scratch/midway3/rickybao/dreamerv3_runs/pretrain_apt_seed1/scores.jsonl


--------------------[Agent Step 50_800]--------------------
Metrics filtered by: 'score|length|fps|ratio|train/loss/|train/rand/'
train/loss/con 0.02 / train/loss/dyn 6.47 / train/loss/height 5.8e-3 / train/loss/orientations 0.4 / train/loss/policy 0.19 / train/loss/rep 6.47 / train/loss/value 0.93 / train/loss/velocity 1.3 / replay/replay_ratio 1040 / fps/policy 5.61 / fps/train 5749.37

Writing metrics: /scratch/midway3/rickybao/dreamerv3_runs/pretrain_apt_seed1/metrics.jsonl
Writing metrics: /scratch/midway3/rickybao/dreamerv3_runs/pretrain_apt_seed1/scores.jsonl

--------------------[Agent Step 51_488]--------------------
Metrics filtered by: 'score|length|fps|ratio|train/loss/|train/rand/'
train/loss/con 0.02 / train/loss/dyn 6.45 / train/loss/height 5.8e-3 / train/loss/orientations 0.4 / train/loss/policy 0.16 / train/loss/rep 6.45 / train/loss/value 0.95 / train/loss/velocity 1.3 / replay/replay_ratio 1040 / fps/policy 5.62 / fps/train 5750.26

Writing metrics: /scratch/midway3/rickybao/dreamerv3_runs/pretrain_apt_seed1/metrics.jsonlWriting metrics: /scratch/midway3/rickybao/dreamerv3_runs/pretrain_apt_seed1/scores.jsonl


--------------------[Agent Step 52_176]--------------------
Metrics filtered by: 'score|length|fps|ratio|train/loss/|train/rand/'
train/loss/con 0.02 / train/loss/dyn 6.45 / train/loss/height 5.7e-3 / train/loss/orientations 0.4 / train/loss/policy 0.14 / train/loss/rep 6.45 / train/loss/value 0.97 / train/loss/velocity 1.29 / replay/replay_ratio 1040 / fps/policy 5.62 / fps/train 5750.53

Writing metrics: /scratch/midway3/rickybao/dreamerv3_runs/pretrain_apt_seed1/metrics.jsonlWriting metrics: /scratch/midway3/rickybao/dreamerv3_runs/pretrain_apt_seed1/scores.jsonl

Saving checkpoint: /scratch/midway3/rickybao/dreamerv3_runs/pretrain_apt_seed1/ckpt/20260516T200045F981440
Saved checkpoint.

--------------------[Agent Step 52_864]--------------------
Metrics filtered by: 'score|length|fps|ratio|train/loss/|train/rand/'
train/loss/con 0.02 / train/loss/dyn 6.45 / train/loss/height 5.8e-3 / train/loss/orientations 0.4 / train/loss/policy 0.12 / train/loss/rep 6.45 / train/loss/value 0.98 / train/loss/velocity 1.29 / replay/replay_ratio 1040 / fps/policy 5.61 / fps/train 5741.89

Writing metrics: /scratch/midway3/rickybao/dreamerv3_runs/pretrain_apt_seed1/metrics.jsonlWriting metrics: /scratch/midway3/rickybao/dreamerv3_runs/pretrain_apt_seed1/scores.jsonl


--------------------[Agent Step 53_552]--------------------
Metrics filtered by: 'score|length|fps|ratio|train/loss/|train/rand/'
train/loss/con 0.02 / train/loss/dyn 6.46 / train/loss/height 5.6e-3 / train/loss/orientations 0.41 / train/loss/policy 0.11 / train/loss/rep 6.46 / train/loss/value 1 / train/loss/velocity 1.29 / replay/replay_ratio 1040 / fps/policy 5.61 / fps/train 5749.61

Writing metrics: /scratch/midway3/rickybao/dreamerv3_runs/pretrain_apt_seed1/metrics.jsonlWriting metrics: /scratch/midway3/rickybao/dreamerv3_runs/pretrain_apt_seed1/scores.jsonl


--------------------[Agent Step 54_240]--------------------
Metrics filtered by: 'score|length|fps|ratio|train/loss/|train/rand/'
train/loss/con 0.02 / train/loss/dyn 6.43 / train/loss/height 5.9e-3 / train/loss/orientations 0.4 / train/loss/policy 0.09 / train/loss/rep 6.43 / train/loss/value 1.01 / train/loss/velocity 1.28 / replay/replay_ratio 1040 / fps/policy 5.62 / fps/train 5752.06

Writing metrics: /scratch/midway3/rickybao/dreamerv3_runs/pretrain_apt_seed1/scores.jsonlWriting metrics: /scratch/midway3/rickybao/dreamerv3_runs/pretrain_apt_seed1/metrics.jsonl


--------------------[Agent Step 54_928]--------------------
Metrics filtered by: 'score|length|fps|ratio|train/loss/|train/rand/'
train/loss/con 0.02 / train/loss/dyn 6.41 / train/loss/height 5.6e-3 / train/loss/orientations 0.39 / train/loss/policy 0.08 / train/loss/rep 6.41 / train/loss/value 1.02 / train/loss/velocity 1.27 / replay/replay_ratio 1040 / fps/policy 5.62 / fps/train 5753.75

Writing metrics: /scratch/midway3/rickybao/dreamerv3_runs/pretrain_apt_seed1/metrics.jsonlWriting metrics: /scratch/midway3/rickybao/dreamerv3_runs/pretrain_apt_seed1/scores.jsonl


--------------------[Agent Step 55_616]--------------------
Metrics filtered by: 'score|length|fps|ratio|train/loss/|train/rand/'
train/loss/con 0.02 / train/loss/dyn 6.43 / train/loss/height 5.6e-3 / train/loss/orientations 0.39 / train/loss/policy 0.07 / train/loss/rep 6.43 / train/loss/value 1.04 / train/loss/velocity 1.27 / replay/replay_ratio 1040 / fps/policy 5.62 / fps/train 5754.88

Writing metrics: /scratch/midway3/rickybao/dreamerv3_runs/pretrain_apt_seed1/metrics.jsonlWriting metrics: /scratch/midway3/rickybao/dreamerv3_runs/pretrain_apt_seed1/scores.jsonl


--------------------[Agent Step 56_304]--------------------
Metrics filtered by: 'score|length|fps|ratio|train/loss/|train/rand/'
train/loss/con 0.02 / train/loss/dyn 6.4 / train/loss/height 5.6e-3 / train/loss/orientations 0.39 / train/loss/policy 0.06 / train/loss/rep 6.4 / train/loss/value 1.05 / train/loss/velocity 1.27 / replay/replay_ratio 1040 / fps/policy 5.62 / fps/train 5753.24

Writing metrics: /scratch/midway3/rickybao/dreamerv3_runs/pretrain_apt_seed1/metrics.jsonl
Writing metrics: /scratch/midway3/rickybao/dreamerv3_runs/pretrain_apt_seed1/scores.jsonl

--------------------[Agent Step 56_992]--------------------
Metrics filtered by: 'score|length|fps|ratio|train/loss/|train/rand/'
train/loss/con 0.02 / train/loss/dyn 6.4 / train/loss/height 5.6e-3 / train/loss/orientations 0.39 / train/loss/policy 0.05 / train/loss/rep 6.4 / train/loss/value 1.06 / train/loss/velocity 1.26 / replay/replay_ratio 1040 / fps/policy 5.62 / fps/train 5754.66

Writing metrics: /scratch/midway3/rickybao/dreamerv3_runs/pretrain_apt_seed1/metrics.jsonlWriting metrics: /scratch/midway3/rickybao/dreamerv3_runs/pretrain_apt_seed1/scores.jsonl

Saving checkpoint: /scratch/midway3/rickybao/dreamerv3_runs/pretrain_apt_seed1/ckpt/20260516T201546F149440
Saved checkpoint.

--------------------[Agent Step 57_680]--------------------
Metrics filtered by: 'score|length|fps|ratio|train/loss/|train/rand/'
train/loss/con 0.02 / train/loss/dyn 6.43 / train/loss/height 5.6e-3 / train/loss/orientations 0.39 / train/loss/policy 0.04 / train/loss/rep 6.43 / train/loss/value 1.06 / train/loss/velocity 1.26 / replay/replay_ratio 1040 / fps/policy 5.6 / fps/train 5739.19

Writing metrics: /scratch/midway3/rickybao/dreamerv3_runs/pretrain_apt_seed1/metrics.jsonlWriting metrics: /scratch/midway3/rickybao/dreamerv3_runs/pretrain_apt_seed1/scores.jsonl


--------------------[Agent Step 58_368]--------------------
Metrics filtered by: 'score|length|fps|ratio|train/loss/|train/rand/'
train/loss/con 0.02 / train/loss/dyn 6.38 / train/loss/height 5.7e-3 / train/loss/orientations 0.4 / train/loss/policy 0.03 / train/loss/rep 6.38 / train/loss/value 1.07 / train/loss/velocity 1.25 / replay/replay_ratio 1040 / fps/policy 5.62 / fps/train 5752.3

Writing metrics: /scratch/midway3/rickybao/dreamerv3_runs/pretrain_apt_seed1/metrics.jsonlWriting metrics: /scratch/midway3/rickybao/dreamerv3_runs/pretrain_apt_seed1/scores.jsonl


--------------------[Agent Step 59_056]--------------------
Metrics filtered by: 'score|length|fps|ratio|train/loss/|train/rand/'
train/loss/con 0.02 / train/loss/dyn 6.4 / train/loss/height 5.5e-3 / train/loss/orientations 0.39 / train/loss/policy 0.03 / train/loss/rep 6.4 / train/loss/value 1.08 / train/loss/velocity 1.25 / replay/replay_ratio 1040 / fps/policy 5.62 / fps/train 5750.02

Writing metrics: /scratch/midway3/rickybao/dreamerv3_runs/pretrain_apt_seed1/metrics.jsonlWriting metrics: /scratch/midway3/rickybao/dreamerv3_runs/pretrain_apt_seed1/scores.jsonl


--------------------[Agent Step 59_744]--------------------
Metrics filtered by: 'score|length|fps|ratio|train/loss/|train/rand/'
train/loss/con 0.02 / train/loss/dyn 6.33 / train/loss/height 5.5e-3 / train/loss/orientations 0.39 / train/loss/policy 0.02 / train/loss/rep 6.33 / train/loss/value 1.08 / train/loss/velocity 1.24 / replay/replay_ratio 1040 / fps/policy 5.62 / fps/train 5752.91

Writing metrics: /scratch/midway3/rickybao/dreamerv3_runs/pretrain_apt_seed1/metrics.jsonlWriting metrics: /scratch/midway3/rickybao/dreamerv3_runs/pretrain_apt_seed1/scores.jsonl


--------------------[Agent Step 60_432]--------------------
Metrics filtered by: 'score|length|fps|ratio|train/loss/|train/rand/'
train/loss/con 0.02 / train/loss/dyn 6.35 / train/loss/height 5.4e-3 / train/loss/orientations 0.38 / train/loss/policy 0.02 / train/loss/rep 6.35 / train/loss/value 1.09 / train/loss/velocity 1.24 / replay/replay_ratio 1040 / fps/policy 5.63 / fps/train 5760.33

Writing metrics: /scratch/midway3/rickybao/dreamerv3_runs/pretrain_apt_seed1/metrics.jsonlWriting metrics: /scratch/midway3/rickybao/dreamerv3_runs/pretrain_apt_seed1/scores.jsonl


--------------------[Agent Step 61_120]--------------------
Metrics filtered by: 'score|length|fps|ratio|train/loss/|train/rand/'
train/loss/con 0.02 / train/loss/dyn 6.29 / train/loss/height 5.5e-3 / train/loss/orientations 0.38 / train/loss/policy 0.02 / train/loss/rep 6.29 / train/loss/value 1.09 / train/loss/velocity 1.23 / replay/replay_ratio 1040 / fps/policy 5.63 / fps/train 5765.7

Writing metrics: /scratch/midway3/rickybao/dreamerv3_runs/pretrain_apt_seed1/metrics.jsonlWriting metrics: /scratch/midway3/rickybao/dreamerv3_runs/pretrain_apt_seed1/scores.jsonl


--------------------[Agent Step 61_808]--------------------
Metrics filtered by: 'score|length|fps|ratio|train/loss/|train/rand/'
train/loss/con 0.02 / train/loss/dyn 6.29 / train/loss/height 5.5e-3 / train/loss/orientations 0.38 / train/loss/policy 0.01 / train/loss/rep 6.29 / train/loss/value 1.1 / train/loss/velocity 1.23 / replay/replay_ratio 1040 / fps/policy 5.63 / fps/train 5768.86

Writing metrics: /scratch/midway3/rickybao/dreamerv3_runs/pretrain_apt_seed1/metrics.jsonl
Writing metrics: /scratch/midway3/rickybao/dreamerv3_runs/pretrain_apt_seed1/scores.jsonl

--------------------[Agent Step 62_496]--------------------
Metrics filtered by: 'score|length|fps|ratio|train/loss/|train/rand/'
train/loss/con 0.02 / train/loss/dyn 6.28 / train/loss/height 5.3e-3 / train/loss/orientations 0.37 / train/loss/policy 8.5e-3 / train/loss/rep 6.28 / train/loss/value 1.1 / train/loss/velocity 1.22 / replay/replay_ratio 1040 / fps/policy 5.63 / fps/train 5766.53

Writing metrics: /scratch/midway3/rickybao/dreamerv3_runs/pretrain_apt_seed1/metrics.jsonlWriting metrics: /scratch/midway3/rickybao/dreamerv3_runs/pretrain_apt_seed1/scores.jsonl

Saving checkpoint: /scratch/midway3/rickybao/dreamerv3_runs/pretrain_apt_seed1/ckpt/20260516T203048F186750
Saved checkpoint.

--------------------[Agent Step 63_184]--------------------
Metrics filtered by: 'score|length|fps|ratio|train/loss/|train/rand/'
train/loss/con 0.02 / train/loss/dyn 6.28 / train/loss/height 5.4e-3 / train/loss/orientations 0.38 / train/loss/policy 4.4e-3 / train/loss/rep 6.28 / train/loss/value 1.11 / train/loss/velocity 1.22 / replay/replay_ratio 1040 / fps/policy 5.62 / fps/train 5757.05

Writing metrics: /scratch/midway3/rickybao/dreamerv3_runs/pretrain_apt_seed1/metrics.jsonlWriting metrics: /scratch/midway3/rickybao/dreamerv3_runs/pretrain_apt_seed1/scores.jsonl


--------------------[Agent Step 63_872]--------------------
Metrics filtered by: 'score|length|fps|ratio|train/loss/|train/rand/'
train/loss/con 0.02 / train/loss/dyn 6.25 / train/loss/height 5.2e-3 / train/loss/orientations 0.37 / train/loss/policy 3e-3 / train/loss/rep 6.25 / train/loss/value 1.11 / train/loss/velocity 1.21 / replay/replay_ratio 1040 / fps/policy 5.63 / fps/train 5769.67

Writing metrics: /scratch/midway3/rickybao/dreamerv3_runs/pretrain_apt_seed1/scores.jsonlWriting metrics: /scratch/midway3/rickybao/dreamerv3_runs/pretrain_apt_seed1/metrics.jsonl


--------------------[Agent Step 64_560]--------------------
Metrics filtered by: 'score|length|fps|ratio|train/loss/|train/rand/'
episode/score 33.8 / episode/length 1001 / train/loss/con 0.02 / train/loss/dyn 6.22 / train/loss/height 5.3e-3 / train/loss/orientations 0.37 / train/loss/policy 1.6e-3 / train/loss/rep 6.22 / train/loss/value 1.11 / train/loss/velocity 1.21 / replay/replay_ratio 1040 / fps/policy 5.63 / fps/train 5768.02

Writing metrics: /scratch/midway3/rickybao/dreamerv3_runs/pretrain_apt_seed1/metrics.jsonlWriting metrics: /scratch/midway3/rickybao/dreamerv3_runs/pretrain_apt_seed1/scores.jsonl


--------------------[Agent Step 65_248]--------------------
Metrics filtered by: 'score|length|fps|ratio|train/loss/|train/rand/'
train/loss/con 0.02 / train/loss/dyn 6.25 / train/loss/height 5.6e-3 / train/loss/orientations 0.37 / train/loss/policy 1.2e-3 / train/loss/rep 6.25 / train/loss/value 1.11 / train/loss/velocity 1.2 / replay/replay_ratio 1040 / fps/policy 5.63 / fps/train 5767.5

Writing metrics: /scratch/midway3/rickybao/dreamerv3_runs/pretrain_apt_seed1/metrics.jsonlWriting metrics: /scratch/midway3/rickybao/dreamerv3_runs/pretrain_apt_seed1/scores.jsonl


--------------------[Agent Step 65_936]--------------------
Metrics filtered by: 'score|length|fps|ratio|train/loss/|train/rand/'
train/loss/con 0.02 / train/loss/dyn 6.29 / train/loss/height 5.8e-3 / train/loss/orientations 0.39 / train/loss/policy -5.2e-4 / train/loss/rep 6.29 / train/loss/value 1.12 / train/loss/velocity 1.22 / replay/replay_ratio 1040 / fps/policy 5.64 / fps/train 5770.67

Writing metrics: /scratch/midway3/rickybao/dreamerv3_runs/pretrain_apt_seed1/metrics.jsonlWriting metrics: /scratch/midway3/rickybao/dreamerv3_runs/pretrain_apt_seed1/scores.jsonl


--------------------[Agent Step 66_624]--------------------
Metrics filtered by: 'score|length|fps|ratio|train/loss/|train/rand/'
train/loss/con 0.02 / train/loss/dyn 6.23 / train/loss/height 5.5e-3 / train/loss/orientations 0.37 / train/loss/policy 2.9e-4 / train/loss/rep 6.23 / train/loss/value 1.12 / train/loss/velocity 1.2 / replay/replay_ratio 1040 / fps/policy 5.64 / fps/train 5773.93

Writing metrics: /scratch/midway3/rickybao/dreamerv3_runs/pretrain_apt_seed1/metrics.jsonlWriting metrics: /scratch/midway3/rickybao/dreamerv3_runs/pretrain_apt_seed1/scores.jsonl


--------------------[Agent Step 67_312]--------------------
Metrics filtered by: 'score|length|fps|ratio|train/loss/|train/rand/'
train/loss/con 0.02 / train/loss/dyn 6.23 / train/loss/height 5.6e-3 / train/loss/orientations 0.38 / train/loss/policy -9.9e-4 / train/loss/rep 6.23 / train/loss/value 1.12 / train/loss/velocity 1.2 / replay/replay_ratio 1040 / fps/policy 5.64 / fps/train 5774.73

Writing metrics: /scratch/midway3/rickybao/dreamerv3_runs/pretrain_apt_seed1/scores.jsonlWriting metrics: /scratch/midway3/rickybao/dreamerv3_runs/pretrain_apt_seed1/metrics.jsonl

Saving checkpoint: /scratch/midway3/rickybao/dreamerv3_runs/pretrain_apt_seed1/ckpt/20260516T204548F389737
Saved checkpoint.

--------------------[Agent Step 68_000]--------------------
Metrics filtered by: 'score|length|fps|ratio|train/loss/|train/rand/'
train/loss/con 0.02 / train/loss/dyn 6.23 / train/loss/height 5.5e-3 / train/loss/orientations 0.37 / train/loss/policy -1.6e-3 / train/loss/rep 6.23 / train/loss/value 1.13 / train/loss/velocity 1.19 / replay/replay_ratio 1040 / fps/policy 5.63 / fps/train 5762.51

Writing metrics: /scratch/midway3/rickybao/dreamerv3_runs/pretrain_apt_seed1/metrics.jsonlWriting metrics: /scratch/midway3/rickybao/dreamerv3_runs/pretrain_apt_seed1/scores.jsonl


--------------------[Agent Step 68_688]--------------------
Metrics filtered by: 'score|length|fps|ratio|train/loss/|train/rand/'
train/loss/con 0.02 / train/loss/dyn 6.21 / train/loss/height 5.5e-3 / train/loss/orientations 0.37 / train/loss/policy -1.7e-3 / train/loss/rep 6.21 / train/loss/value 1.13 / train/loss/velocity 1.19 / replay/replay_ratio 1040 / fps/policy 5.64 / fps/train 5774.59

Writing metrics: /scratch/midway3/rickybao/dreamerv3_runs/pretrain_apt_seed1/metrics.jsonlWriting metrics: /scratch/midway3/rickybao/dreamerv3_runs/pretrain_apt_seed1/scores.jsonl


--------------------[Agent Step 69_376]--------------------
Metrics filtered by: 'score|length|fps|ratio|train/loss/|train/rand/'
train/loss/con 0.02 / train/loss/dyn 6.21 / train/loss/height 5.4e-3 / train/loss/orientations 0.37 / train/loss/policy 6.1e-4 / train/loss/rep 6.21 / train/loss/value 1.13 / train/loss/velocity 1.18 / replay/replay_ratio 1040 / fps/policy 5.64 / fps/train 5776.31

Writing metrics: /scratch/midway3/rickybao/dreamerv3_runs/pretrain_apt_seed1/metrics.jsonl
Writing metrics: /scratch/midway3/rickybao/dreamerv3_runs/pretrain_apt_seed1/scores.jsonl

--------------------[Agent Step 70_064]--------------------
Metrics filtered by: 'score|length|fps|ratio|train/loss/|train/rand/'
train/loss/con 0.02 / train/loss/dyn 6.21 / train/loss/height 5.4e-3 / train/loss/orientations 0.37 / train/loss/policy -4e-4 / train/loss/rep 6.21 / train/loss/value 1.13 / train/loss/velocity 1.18 / replay/replay_ratio 1040 / fps/policy 5.64 / fps/train 5776.11

Writing metrics: /scratch/midway3/rickybao/dreamerv3_runs/pretrain_apt_seed1/metrics.jsonlWriting metrics: /scratch/midway3/rickybao/dreamerv3_runs/pretrain_apt_seed1/scores.jsonl


--------------------[Agent Step 70_752]--------------------
Metrics filtered by: 'score|length|fps|ratio|train/loss/|train/rand/'
train/loss/con 0.02 / train/loss/dyn 6.2 / train/loss/height 5.4e-3 / train/loss/orientations 0.37 / train/loss/policy 9.9e-5 / train/loss/rep 6.2 / train/loss/value 1.13 / train/loss/velocity 1.17 / replay/replay_ratio 1040 / fps/policy 5.64 / fps/train 5776.78

Writing metrics: /scratch/midway3/rickybao/dreamerv3_runs/pretrain_apt_seed1/metrics.jsonlWriting metrics: /scratch/midway3/rickybao/dreamerv3_runs/pretrain_apt_seed1/scores.jsonl


--------------------[Agent Step 71_440]--------------------
Metrics filtered by: 'score|length|fps|ratio|train/loss/|train/rand/'
train/loss/con 0.02 / train/loss/dyn 6.2 / train/loss/height 5.4e-3 / train/loss/orientations 0.37 / train/loss/policy -1.2e-3 / train/loss/rep 6.2 / train/loss/value 1.13 / train/loss/velocity 1.18 / replay/replay_ratio 1040 / fps/policy 5.64 / fps/train 5775.82

Writing metrics: /scratch/midway3/rickybao/dreamerv3_runs/pretrain_apt_seed1/metrics.jsonlWriting metrics: /scratch/midway3/rickybao/dreamerv3_runs/pretrain_apt_seed1/scores.jsonl


--------------------[Agent Step 72_128]--------------------
Metrics filtered by: 'score|length|fps|ratio|train/loss/|train/rand/'
train/loss/con 0.02 / train/loss/dyn 6.22 / train/loss/height 5.4e-3 / train/loss/orientations 0.37 / train/loss/policy -2.9e-3 / train/loss/rep 6.22 / train/loss/value 1.14 / train/loss/velocity 1.17 / replay/replay_ratio 1040 / fps/policy 5.64 / fps/train 5776.06

Writing metrics: /scratch/midway3/rickybao/dreamerv3_runs/pretrain_apt_seed1/metrics.jsonl
Writing metrics: /scratch/midway3/rickybao/dreamerv3_runs/pretrain_apt_seed1/scores.jsonl

--------------------[Agent Step 72_816]--------------------
Metrics filtered by: 'score|length|fps|ratio|train/loss/|train/rand/'
train/loss/con 0.02 / train/loss/dyn 6.2 / train/loss/height 5.2e-3 / train/loss/orientations 0.36 / train/loss/policy -3.2e-3 / train/loss/rep 6.2 / train/loss/value 1.14 / train/loss/velocity 1.16 / replay/replay_ratio 1040 / fps/policy 5.64 / fps/train 5776.78

Writing metrics: /scratch/midway3/rickybao/dreamerv3_runs/pretrain_apt_seed1/metrics.jsonlWriting metrics: /scratch/midway3/rickybao/dreamerv3_runs/pretrain_apt_seed1/scores.jsonl

Saving checkpoint: /scratch/midway3/rickybao/dreamerv3_runs/pretrain_apt_seed1/ckpt/20260516T210050F710761
Saved checkpoint.

--------------------[Agent Step 73_504]--------------------
Metrics filtered by: 'score|length|fps|ratio|train/loss/|train/rand/'
train/loss/con 0.02 / train/loss/dyn 6.19 / train/loss/height 5.1e-3 / train/loss/orientations 0.36 / train/loss/policy -3.5e-3 / train/loss/rep 6.19 / train/loss/value 1.14 / train/loss/velocity 1.16 / replay/replay_ratio 1040 / fps/policy 5.63 / fps/train 5765.09

Writing metrics: /scratch/midway3/rickybao/dreamerv3_runs/pretrain_apt_seed1/metrics.jsonlWriting metrics: /scratch/midway3/rickybao/dreamerv3_runs/pretrain_apt_seed1/scores.jsonl


--------------------[Agent Step 74_192]--------------------
Metrics filtered by: 'score|length|fps|ratio|train/loss/|train/rand/'
train/loss/con 0.02 / train/loss/dyn 6.2 / train/loss/height 5.1e-3 / train/loss/orientations 0.35 / train/loss/policy -3.5e-3 / train/loss/rep 6.2 / train/loss/value 1.14 / train/loss/velocity 1.16 / replay/replay_ratio 1040 / fps/policy 5.64 / fps/train 5775.79

Writing metrics: /scratch/midway3/rickybao/dreamerv3_runs/pretrain_apt_seed1/metrics.jsonlWriting metrics: /scratch/midway3/rickybao/dreamerv3_runs/pretrain_apt_seed1/scores.jsonl


--------------------[Agent Step 74_880]--------------------
Metrics filtered by: 'score|length|fps|ratio|train/loss/|train/rand/'
train/loss/con 0.02 / train/loss/dyn 6.2 / train/loss/height 5.4e-3 / train/loss/orientations 0.35 / train/loss/policy -3.4e-3 / train/loss/rep 6.2 / train/loss/value 1.14 / train/loss/velocity 1.16 / replay/replay_ratio 1040 / fps/policy 5.64 / fps/train 5775.56

Writing metrics: /scratch/midway3/rickybao/dreamerv3_runs/pretrain_apt_seed1/metrics.jsonlWriting metrics: /scratch/midway3/rickybao/dreamerv3_runs/pretrain_apt_seed1/scores.jsonl


--------------------[Agent Step 75_568]--------------------
Metrics filtered by: 'score|length|fps|ratio|train/loss/|train/rand/'
train/loss/con 0.02 / train/loss/dyn 6.19 / train/loss/height 5.1e-3 / train/loss/orientations 0.35 / train/loss/policy -4.4e-3 / train/loss/rep 6.19 / train/loss/value 1.14 / train/loss/velocity 1.15 / replay/replay_ratio 1040 / fps/policy 5.64 / fps/train 5775.7

Writing metrics: /scratch/midway3/rickybao/dreamerv3_runs/pretrain_apt_seed1/metrics.jsonl
Writing metrics: /scratch/midway3/rickybao/dreamerv3_runs/pretrain_apt_seed1/scores.jsonl

--------------------[Agent Step 76_256]--------------------
Metrics filtered by: 'score|length|fps|ratio|train/loss/|train/rand/'
train/loss/con 0.02 / train/loss/dyn 6.19 / train/loss/height 5e-3 / train/loss/orientations 0.35 / train/loss/policy -4.5e-3 / train/loss/rep 6.19 / train/loss/value 1.15 / train/loss/velocity 1.15 / replay/replay_ratio 1040 / fps/policy 5.64 / fps/train 5778.01

Writing metrics: /scratch/midway3/rickybao/dreamerv3_runs/pretrain_apt_seed1/metrics.jsonlWriting metrics: /scratch/midway3/rickybao/dreamerv3_runs/pretrain_apt_seed1/scores.jsonl


--------------------[Agent Step 76_944]--------------------
Metrics filtered by: 'score|length|fps|ratio|train/loss/|train/rand/'
train/loss/con 0.02 / train/loss/dyn 6.17 / train/loss/height 5e-3 / train/loss/orientations 0.34 / train/loss/policy -5.3e-3 / train/loss/rep 6.17 / train/loss/value 1.15 / train/loss/velocity 1.14 / replay/replay_ratio 1040 / fps/policy 5.64 / fps/train 5776.29

Writing metrics: /scratch/midway3/rickybao/dreamerv3_runs/pretrain_apt_seed1/metrics.jsonlWriting metrics: /scratch/midway3/rickybao/dreamerv3_runs/pretrain_apt_seed1/scores.jsonl


--------------------[Agent Step 77_632]--------------------
Metrics filtered by: 'score|length|fps|ratio|train/loss/|train/rand/'
train/loss/con 0.02 / train/loss/dyn 6.23 / train/loss/height 5e-3 / train/loss/orientations 0.34 / train/loss/policy -4.2e-3 / train/loss/rep 6.23 / train/loss/value 1.15 / train/loss/velocity 1.14 / replay/replay_ratio 1040 / fps/policy 5.64 / fps/train 5776.92

Writing metrics: /scratch/midway3/rickybao/dreamerv3_runs/pretrain_apt_seed1/scores.jsonlWriting metrics: /scratch/midway3/rickybao/dreamerv3_runs/pretrain_apt_seed1/metrics.jsonl

Saving checkpoint: /scratch/midway3/rickybao/dreamerv3_runs/pretrain_apt_seed1/ckpt/20260516T211552F910024
Saved checkpoint.

--------------------[Agent Step 78_320]--------------------
Metrics filtered by: 'score|length|fps|ratio|train/loss/|train/rand/'
train/loss/con 0.02 / train/loss/dyn 6.16 / train/loss/height 4.9e-3 / train/loss/orientations 0.34 / train/loss/policy -5.5e-3 / train/loss/rep 6.16 / train/loss/value 1.15 / train/loss/velocity 1.13 / replay/replay_ratio 1040 / fps/policy 5.63 / fps/train 5763.78

Writing metrics: /scratch/midway3/rickybao/dreamerv3_runs/pretrain_apt_seed1/scores.jsonlWriting metrics: /scratch/midway3/rickybao/dreamerv3_runs/pretrain_apt_seed1/metrics.jsonl


--------------------[Agent Step 79_008]--------------------
Metrics filtered by: 'score|length|fps|ratio|train/loss/|train/rand/'
train/loss/con 0.02 / train/loss/dyn 6.14 / train/loss/height 4.8e-3 / train/loss/orientations 0.33 / train/loss/policy -5.3e-3 / train/loss/rep 6.14 / train/loss/value 1.15 / train/loss/velocity 1.13 / replay/replay_ratio 1040 / fps/policy 5.64 / fps/train 5774.23

Writing metrics: /scratch/midway3/rickybao/dreamerv3_runs/pretrain_apt_seed1/metrics.jsonlWriting metrics: /scratch/midway3/rickybao/dreamerv3_runs/pretrain_apt_seed1/scores.jsonl


--------------------[Agent Step 79_696]--------------------
Metrics filtered by: 'score|length|fps|ratio|train/loss/|train/rand/'
train/loss/con 0.02 / train/loss/dyn 6.18 / train/loss/height 4.8e-3 / train/loss/orientations 0.33 / train/loss/policy -6.5e-3 / train/loss/rep 6.18 / train/loss/value 1.15 / train/loss/velocity 1.13 / replay/replay_ratio 1040 / fps/policy 5.64 / fps/train 5773.59

Writing metrics: /scratch/midway3/rickybao/dreamerv3_runs/pretrain_apt_seed1/metrics.jsonlWriting metrics: /scratch/midway3/rickybao/dreamerv3_runs/pretrain_apt_seed1/scores.jsonl


--------------------[Agent Step 80_384]--------------------
Metrics filtered by: 'score|length|fps|ratio|train/loss/|train/rand/'
episode/score 33.56 / episode/length 1001 / train/loss/con 0.02 / train/loss/dyn 6.16 / train/loss/height 4.8e-3 / train/loss/orientations 0.33 / train/loss/policy -9.8e-3 / train/loss/rep 6.16 / train/loss/value 1.16 / train/loss/velocity 1.12 / replay/replay_ratio 1040 / fps/policy 5.63 / fps/train 5762.92

Writing metrics: /scratch/midway3/rickybao/dreamerv3_runs/pretrain_apt_seed1/metrics.jsonl
Writing metrics: /scratch/midway3/rickybao/dreamerv3_runs/pretrain_apt_seed1/scores.jsonl

--------------------[Agent Step 81_072]--------------------
Metrics filtered by: 'score|length|fps|ratio|train/loss/|train/rand/'
train/loss/con 0.02 / train/loss/dyn 6.16 / train/loss/height 4.9e-3 / train/loss/orientations 0.32 / train/loss/policy -7.4e-3 / train/loss/rep 6.16 / train/loss/value 1.16 / train/loss/velocity 1.12 / replay/replay_ratio 1040 / fps/policy 5.63 / fps/train 5769.25

Writing metrics: /scratch/midway3/rickybao/dreamerv3_runs/pretrain_apt_seed1/metrics.jsonl
Writing metrics: /scratch/midway3/rickybao/dreamerv3_runs/pretrain_apt_seed1/scores.jsonl

--------------------[Agent Step 81_760]--------------------
Metrics filtered by: 'score|length|fps|ratio|train/loss/|train/rand/'
train/loss/con 0.02 / train/loss/dyn 6.22 / train/loss/height 4.9e-3 / train/loss/orientations 0.33 / train/loss/policy -0.01 / train/loss/rep 6.22 / train/loss/value 1.16 / train/loss/velocity 1.13 / replay/replay_ratio 1040 / fps/policy 5.63 / fps/train 5768.68

Writing metrics: /scratch/midway3/rickybao/dreamerv3_runs/pretrain_apt_seed1/metrics.jsonlWriting metrics: /scratch/midway3/rickybao/dreamerv3_runs/pretrain_apt_seed1/scores.jsonl


--------------------[Agent Step 82_448]--------------------
Metrics filtered by: 'score|length|fps|ratio|train/loss/|train/rand/'
train/loss/con 0.02 / train/loss/dyn 6.2 / train/loss/height 5e-3 / train/loss/orientations 0.32 / train/loss/policy -0.01 / train/loss/rep 6.2 / train/loss/value 1.16 / train/loss/velocity 1.12 / replay/replay_ratio 1040 / fps/policy 5.64 / fps/train 5770.43

Writing metrics: /scratch/midway3/rickybao/dreamerv3_runs/pretrain_apt_seed1/metrics.jsonlWriting metrics: /scratch/midway3/rickybao/dreamerv3_runs/pretrain_apt_seed1/scores.jsonl

Saving checkpoint: /scratch/midway3/rickybao/dreamerv3_runs/pretrain_apt_seed1/ckpt/20260516T213053F204111
Saved checkpoint.

--------------------[Agent Step 83_136]--------------------
Metrics filtered by: 'score|length|fps|ratio|train/loss/|train/rand/'
train/loss/con 0.02 / train/loss/dyn 6.18 / train/loss/height 4.8e-3 / train/loss/orientations 0.32 / train/loss/policy -0.01 / train/loss/rep 6.18 / train/loss/value 1.16 / train/loss/velocity 1.11 / replay/replay_ratio 1040 / fps/policy 5.63 / fps/train 5760.14

Writing metrics: /scratch/midway3/rickybao/dreamerv3_runs/pretrain_apt_seed1/metrics.jsonlWriting metrics: /scratch/midway3/rickybao/dreamerv3_runs/pretrain_apt_seed1/scores.jsonl


--------------------[Agent Step 83_824]--------------------
Metrics filtered by: 'score|length|fps|ratio|train/loss/|train/rand/'
train/loss/con 0.02 / train/loss/dyn 6.18 / train/loss/height 4.9e-3 / train/loss/orientations 0.32 / train/loss/policy -9e-3 / train/loss/rep 6.18 / train/loss/value 1.16 / train/loss/velocity 1.11 / replay/replay_ratio 1040 / fps/policy 5.64 / fps/train 5771.76

Writing metrics: /scratch/midway3/rickybao/dreamerv3_runs/pretrain_apt_seed1/metrics.jsonlWriting metrics: /scratch/midway3/rickybao/dreamerv3_runs/pretrain_apt_seed1/scores.jsonl


--------------------[Agent Step 84_512]--------------------
Metrics filtered by: 'score|length|fps|ratio|train/loss/|train/rand/'
train/loss/con 0.02 / train/loss/dyn 6.18 / train/loss/height 4.8e-3 / train/loss/orientations 0.32 / train/loss/policy -0.01 / train/loss/rep 6.18 / train/loss/value 1.17 / train/loss/velocity 1.11 / replay/replay_ratio 1040 / fps/policy 5.64 / fps/train 5774.01

Writing metrics: /scratch/midway3/rickybao/dreamerv3_runs/pretrain_apt_seed1/scores.jsonlWriting metrics: /scratch/midway3/rickybao/dreamerv3_runs/pretrain_apt_seed1/metrics.jsonl


--------------------[Agent Step 85_200]--------------------
Metrics filtered by: 'score|length|fps|ratio|train/loss/|train/rand/'
train/loss/con 0.02 / train/loss/dyn 6.18 / train/loss/height 5e-3 / train/loss/orientations 0.32 / train/loss/policy -8.2e-3 / train/loss/rep 6.18 / train/loss/value 1.17 / train/loss/velocity 1.1 / replay/replay_ratio 1040 / fps/policy 5.64 / fps/train 5772.67

Writing metrics: /scratch/midway3/rickybao/dreamerv3_runs/pretrain_apt_seed1/metrics.jsonlWriting metrics: /scratch/midway3/rickybao/dreamerv3_runs/pretrain_apt_seed1/scores.jsonl


--------------------[Agent Step 85_888]--------------------
Metrics filtered by: 'score|length|fps|ratio|train/loss/|train/rand/'
train/loss/con 0.02 / train/loss/dyn 6.17 / train/loss/height 4.9e-3 / train/loss/orientations 0.31 / train/loss/policy -0.01 / train/loss/rep 6.17 / train/loss/value 1.17 / train/loss/velocity 1.1 / replay/replay_ratio 1040 / fps/policy 5.64 / fps/train 5772.45

Writing metrics: /scratch/midway3/rickybao/dreamerv3_runs/pretrain_apt_seed1/metrics.jsonlWriting metrics: /scratch/midway3/rickybao/dreamerv3_runs/pretrain_apt_seed1/scores.jsonl


--------------------[Agent Step 86_576]--------------------
Metrics filtered by: 'score|length|fps|ratio|train/loss/|train/rand/'
train/loss/con 0.02 / train/loss/dyn 6.18 / train/loss/height 4.7e-3 / train/loss/orientations 0.31 / train/loss/policy -0.01 / train/loss/rep 6.18 / train/loss/value 1.17 / train/loss/velocity 1.1 / replay/replay_ratio 1040 / fps/policy 5.64 / fps/train 5772.52

Writing metrics: /scratch/midway3/rickybao/dreamerv3_runs/pretrain_apt_seed1/metrics.jsonlWriting metrics: /scratch/midway3/rickybao/dreamerv3_runs/pretrain_apt_seed1/scores.jsonl


--------------------[Agent Step 87_264]--------------------
Metrics filtered by: 'score|length|fps|ratio|train/loss/|train/rand/'
train/loss/con 0.02 / train/loss/dyn 6.17 / train/loss/height 4.7e-3 / train/loss/orientations 0.31 / train/loss/policy -0.02 / train/loss/rep 6.17 / train/loss/value 1.17 / train/loss/velocity 1.1 / replay/replay_ratio 1040 / fps/policy 5.64 / fps/train 5773.98

Writing metrics: /scratch/midway3/rickybao/dreamerv3_runs/pretrain_apt_seed1/metrics.jsonlWriting metrics: /scratch/midway3/rickybao/dreamerv3_runs/pretrain_apt_seed1/scores.jsonl


--------------------[Agent Step 87_952]--------------------
Metrics filtered by: 'score|length|fps|ratio|train/loss/|train/rand/'
train/loss/con 0.02 / train/loss/dyn 6.17 / train/loss/height 4.6e-3 / train/loss/orientations 0.3 / train/loss/policy -0.02 / train/loss/rep 6.17 / train/loss/value 1.17 / train/loss/velocity 1.09 / replay/replay_ratio 1040 / fps/policy 5.64 / fps/train 5775.74

Writing metrics: /scratch/midway3/rickybao/dreamerv3_runs/pretrain_apt_seed1/metrics.jsonlWriting metrics: /scratch/midway3/rickybao/dreamerv3_runs/pretrain_apt_seed1/scores.jsonl

Saving checkpoint: /scratch/midway3/rickybao/dreamerv3_runs/pretrain_apt_seed1/ckpt/20260516T214555F908060
Saved checkpoint.

--------------------[Agent Step 88_640]--------------------
Metrics filtered by: 'score|length|fps|ratio|train/loss/|train/rand/'
train/loss/con 0.02 / train/loss/dyn 6.17 / train/loss/height 4.7e-3 / train/loss/orientations 0.3 / train/loss/policy -0.02 / train/loss/rep 6.17 / train/loss/value 1.17 / train/loss/velocity 1.09 / replay/replay_ratio 1040 / fps/policy 5.63 / fps/train 5761.36

Writing metrics: /scratch/midway3/rickybao/dreamerv3_runs/pretrain_apt_seed1/metrics.jsonlWriting metrics: /scratch/midway3/rickybao/dreamerv3_runs/pretrain_apt_seed1/scores.jsonl


--------------------[Agent Step 89_328]--------------------
Metrics filtered by: 'score|length|fps|ratio|train/loss/|train/rand/'
train/loss/con 0.02 / train/loss/dyn 6.17 / train/loss/height 4.8e-3 / train/loss/orientations 0.31 / train/loss/policy -0.02 / train/loss/rep 6.17 / train/loss/value 1.18 / train/loss/velocity 1.09 / replay/replay_ratio 1040 / fps/policy 5.64 / fps/train 5774.41

Writing metrics: /scratch/midway3/rickybao/dreamerv3_runs/pretrain_apt_seed1/metrics.jsonlWriting metrics: /scratch/midway3/rickybao/dreamerv3_runs/pretrain_apt_seed1/scores.jsonl


--------------------[Agent Step 90_016]--------------------
Metrics filtered by: 'score|length|fps|ratio|train/loss/|train/rand/'
train/loss/con 0.02 / train/loss/dyn 6.17 / train/loss/height 4.6e-3 / train/loss/orientations 0.3 / train/loss/policy -0.02 / train/loss/rep 6.17 / train/loss/value 1.18 / train/loss/velocity 1.08 / replay/replay_ratio 1040 / fps/policy 5.64 / fps/train 5776.05

Writing metrics: /scratch/midway3/rickybao/dreamerv3_runs/pretrain_apt_seed1/metrics.jsonlWriting metrics: /scratch/midway3/rickybao/dreamerv3_runs/pretrain_apt_seed1/scores.jsonl


--------------------[Agent Step 90_704]--------------------
Metrics filtered by: 'score|length|fps|ratio|train/loss/|train/rand/'
train/loss/con 0.02 / train/loss/dyn 6.15 / train/loss/height 4.7e-3 / train/loss/orientations 0.3 / train/loss/policy -0.02 / train/loss/rep 6.15 / train/loss/value 1.18 / train/loss/velocity 1.08 / replay/replay_ratio 1040 / fps/policy 5.64 / fps/train 5775.74

Writing metrics: /scratch/midway3/rickybao/dreamerv3_runs/pretrain_apt_seed1/metrics.jsonlWriting metrics: /scratch/midway3/rickybao/dreamerv3_runs/pretrain_apt_seed1/scores.jsonl


--------------------[Agent Step 91_392]--------------------
Metrics filtered by: 'score|length|fps|ratio|train/loss/|train/rand/'
train/loss/con 0.02 / train/loss/dyn 6.17 / train/loss/height 4.6e-3 / train/loss/orientations 0.3 / train/loss/policy -0.02 / train/loss/rep 6.17 / train/loss/value 1.18 / train/loss/velocity 1.08 / replay/replay_ratio 1040 / fps/policy 5.64 / fps/train 5777.01

Writing metrics: /scratch/midway3/rickybao/dreamerv3_runs/pretrain_apt_seed1/metrics.jsonlWriting metrics: /scratch/midway3/rickybao/dreamerv3_runs/pretrain_apt_seed1/scores.jsonl


--------------------[Agent Step 92_080]--------------------
Metrics filtered by: 'score|length|fps|ratio|train/loss/|train/rand/'
train/loss/con 0.02 / train/loss/dyn 6.14 / train/loss/height 4.5e-3 / train/loss/orientations 0.3 / train/loss/policy -0.01 / train/loss/rep 6.14 / train/loss/value 1.18 / train/loss/velocity 1.07 / replay/replay_ratio 1040 / fps/policy 5.64 / fps/train 5775.48

Writing metrics: /scratch/midway3/rickybao/dreamerv3_runs/pretrain_apt_seed1/metrics.jsonlWriting metrics: /scratch/midway3/rickybao/dreamerv3_runs/pretrain_apt_seed1/scores.jsonl


--------------------[Agent Step 92_768]--------------------
Metrics filtered by: 'score|length|fps|ratio|train/loss/|train/rand/'
train/loss/con 0.02 / train/loss/dyn 6.13 / train/loss/height 4.5e-3 / train/loss/orientations 0.29 / train/loss/policy -0.01 / train/loss/rep 6.13 / train/loss/value 1.18 / train/loss/velocity 1.06 / replay/replay_ratio 1040 / fps/policy 5.64 / fps/train 5775.84

Writing metrics: /scratch/midway3/rickybao/dreamerv3_runs/pretrain_apt_seed1/metrics.jsonl
Writing metrics: /scratch/midway3/rickybao/dreamerv3_runs/pretrain_apt_seed1/scores.jsonl
Saving checkpoint: /scratch/midway3/rickybao/dreamerv3_runs/pretrain_apt_seed1/ckpt/20260516T220058F282394
Saved checkpoint.

--------------------[Agent Step 93_456]--------------------
Metrics filtered by: 'score|length|fps|ratio|train/loss/|train/rand/'
train/loss/con 0.02 / train/loss/dyn 6.15 / train/loss/height 4.5e-3 / train/loss/orientations 0.29 / train/loss/policy -0.02 / train/loss/rep 6.15 / train/loss/value 1.18 / train/loss/velocity 1.06 / replay/replay_ratio 1040 / fps/policy 5.63 / fps/train 5761.98

Writing metrics: /scratch/midway3/rickybao/dreamerv3_runs/pretrain_apt_seed1/metrics.jsonlWriting metrics: /scratch/midway3/rickybao/dreamerv3_runs/pretrain_apt_seed1/scores.jsonl


--------------------[Agent Step 94_144]--------------------
Metrics filtered by: 'score|length|fps|ratio|train/loss/|train/rand/'
train/loss/con 0.02 / train/loss/dyn 6.19 / train/loss/height 4.6e-3 / train/loss/orientations 0.3 / train/loss/policy -0.01 / train/loss/rep 6.19 / train/loss/value 1.18 / train/loss/velocity 1.06 / replay/replay_ratio 1040 / fps/policy 5.64 / fps/train 5770.82

Writing metrics: /scratch/midway3/rickybao/dreamerv3_runs/pretrain_apt_seed1/scores.jsonlWriting metrics: /scratch/midway3/rickybao/dreamerv3_runs/pretrain_apt_seed1/metrics.jsonl


--------------------[Agent Step 94_832]--------------------
Metrics filtered by: 'score|length|fps|ratio|train/loss/|train/rand/'
train/loss/con 0.02 / train/loss/dyn 6.16 / train/loss/height 4.6e-3 / train/loss/orientations 0.29 / train/loss/policy -0.01 / train/loss/rep 6.16 / train/loss/value 1.18 / train/loss/velocity 1.06 / replay/replay_ratio 1040 / fps/policy 5.64 / fps/train 5770.81

Writing metrics: /scratch/midway3/rickybao/dreamerv3_runs/pretrain_apt_seed1/metrics.jsonl
Writing metrics: /scratch/midway3/rickybao/dreamerv3_runs/pretrain_apt_seed1/scores.jsonl

--------------------[Agent Step 95_520]--------------------
Metrics filtered by: 'score|length|fps|ratio|train/loss/|train/rand/'
train/loss/con 0.02 / train/loss/dyn 6.16 / train/loss/height 4.5e-3 / train/loss/orientations 0.29 / train/loss/policy -0.01 / train/loss/rep 6.16 / train/loss/value 1.19 / train/loss/velocity 1.06 / replay/replay_ratio 1040 / fps/policy 5.64 / fps/train 5771.46

Writing metrics: /scratch/midway3/rickybao/dreamerv3_runs/pretrain_apt_seed1/metrics.jsonlWriting metrics: /scratch/midway3/rickybao/dreamerv3_runs/pretrain_apt_seed1/scores.jsonl


--------------------[Agent Step 96_208]--------------------
Metrics filtered by: 'score|length|fps|ratio|train/loss/|train/rand/'
episode/score 32.68 / episode/length 1001 / train/loss/con 0.02 / train/loss/dyn 6.15 / train/loss/height 4.4e-3 / train/loss/orientations 0.29 / train/loss/policy -0.02 / train/loss/rep 6.15 / train/loss/value 1.19 / train/loss/velocity 1.05 / replay/replay_ratio 1040 / fps/policy 5.63 / fps/train 5769.14

Writing metrics: /scratch/midway3/rickybao/dreamerv3_runs/pretrain_apt_seed1/metrics.jsonl
Writing metrics: /scratch/midway3/rickybao/dreamerv3_runs/pretrain_apt_seed1/scores.jsonl

--------------------[Agent Step 96_896]--------------------
Metrics filtered by: 'score|length|fps|ratio|train/loss/|train/rand/'
train/loss/con 0.02 / train/loss/dyn 6.17 / train/loss/height 4.5e-3 / train/loss/orientations 0.28 / train/loss/policy -0.02 / train/loss/rep 6.17 / train/loss/value 1.19 / train/loss/velocity 1.06 / replay/replay_ratio 1040 / fps/policy 5.63 / fps/train 5767.32

Writing metrics: /scratch/midway3/rickybao/dreamerv3_runs/pretrain_apt_seed1/metrics.jsonlWriting metrics: /scratch/midway3/rickybao/dreamerv3_runs/pretrain_apt_seed1/scores.jsonl


--------------------[Agent Step 97_584]--------------------
Metrics filtered by: 'score|length|fps|ratio|train/loss/|train/rand/'
train/loss/con 0.02 / train/loss/dyn 6.19 / train/loss/height 4.6e-3 / train/loss/orientations 0.29 / train/loss/policy -0.02 / train/loss/rep 6.19 / train/loss/value 1.19 / train/loss/velocity 1.06 / replay/replay_ratio 1040 / fps/policy 5.63 / fps/train 5766.21

Writing metrics: /scratch/midway3/rickybao/dreamerv3_runs/pretrain_apt_seed1/metrics.jsonlWriting metrics: /scratch/midway3/rickybao/dreamerv3_runs/pretrain_apt_seed1/scores.jsonl

Saving checkpoint: /scratch/midway3/rickybao/dreamerv3_runs/pretrain_apt_seed1/ckpt/20260516T221558F763287
Saved checkpoint.

--------------------[Agent Step 98_272]--------------------
Metrics filtered by: 'score|length|fps|ratio|train/loss/|train/rand/'
train/loss/con 0.02 / train/loss/dyn 6.2 / train/loss/height 4.5e-3 / train/loss/orientations 0.29 / train/loss/policy -0.03 / train/loss/rep 6.2 / train/loss/value 1.19 / train/loss/velocity 1.06 / replay/replay_ratio 1040 / fps/policy 5.62 / fps/train 5756.28

Writing metrics: /scratch/midway3/rickybao/dreamerv3_runs/pretrain_apt_seed1/metrics.jsonlWriting metrics: /scratch/midway3/rickybao/dreamerv3_runs/pretrain_apt_seed1/scores.jsonl


--------------------[Agent Step 98_960]--------------------
Metrics filtered by: 'score|length|fps|ratio|train/loss/|train/rand/'
train/loss/con 0.02 / train/loss/dyn 6.18 / train/loss/height 4.5e-3 / train/loss/orientations 0.29 / train/loss/policy -0.02 / train/loss/rep 6.18 / train/loss/value 1.19 / train/loss/velocity 1.05 / replay/replay_ratio 1040 / fps/policy 5.63 / fps/train 5767.5

Writing metrics: /scratch/midway3/rickybao/dreamerv3_runs/pretrain_apt_seed1/metrics.jsonlWriting metrics: /scratch/midway3/rickybao/dreamerv3_runs/pretrain_apt_seed1/scores.jsonl


--------------------[Agent Step 99_648]--------------------
Metrics filtered by: 'score|length|fps|ratio|train/loss/|train/rand/'
train/loss/con 0.02 / train/loss/dyn 6.18 / train/loss/height 4.5e-3 / train/loss/orientations 0.29 / train/loss/policy -0.02 / train/loss/rep 6.18 / train/loss/value 1.19 / train/loss/velocity 1.05 / replay/replay_ratio 1040 / fps/policy 5.63 / fps/train 5767.75

Writing metrics: /scratch/midway3/rickybao/dreamerv3_runs/pretrain_apt_seed1/metrics.jsonlWriting metrics: /scratch/midway3/rickybao/dreamerv3_runs/pretrain_apt_seed1/scores.jsonl


--------------------[Agent Step 100_336]--------------------
Metrics filtered by: 'score|length|fps|ratio|train/loss/|train/rand/'
train/loss/con 0.02 / train/loss/dyn 6.17 / train/loss/height 4.4e-3 / train/loss/orientations 0.29 / train/loss/policy -0.02 / train/loss/rep 6.17 / train/loss/value 1.2 / train/loss/velocity 1.05 / replay/replay_ratio 1040 / fps/policy 5.63 / fps/train 5768.63

Writing metrics: /scratch/midway3/rickybao/dreamerv3_runs/pretrain_apt_seed1/metrics.jsonl
Writing metrics: /scratch/midway3/rickybao/dreamerv3_runs/pretrain_apt_seed1/scores.jsonl

--------------------[Agent Step 101_024]--------------------
Metrics filtered by: 'score|length|fps|ratio|train/loss/|train/rand/'
train/loss/con 0.02 / train/loss/dyn 6.18 / train/loss/height 4.4e-3 / train/loss/orientations 0.29 / train/loss/policy -0.01 / train/loss/rep 6.18 / train/loss/value 1.2 / train/loss/velocity 1.05 / replay/replay_ratio 1040 / fps/policy 5.63 / fps/train 5767.73

Writing metrics: /scratch/midway3/rickybao/dreamerv3_runs/pretrain_apt_seed1/metrics.jsonl
Writing metrics: /scratch/midway3/rickybao/dreamerv3_runs/pretrain_apt_seed1/scores.jsonl

--------------------[Agent Step 101_712]--------------------
Metrics filtered by: 'score|length|fps|ratio|train/loss/|train/rand/'
train/loss/con 0.02 / train/loss/dyn 6.17 / train/loss/height 4.4e-3 / train/loss/orientations 0.28 / train/loss/policy -5.7e-3 / train/loss/rep 6.17 / train/loss/value 1.2 / train/loss/velocity 1.05 / replay/replay_ratio 1040 / fps/policy 5.63 / fps/train 5767.74

Writing metrics: /scratch/midway3/rickybao/dreamerv3_runs/pretrain_apt_seed1/metrics.jsonlWriting metrics: /scratch/midway3/rickybao/dreamerv3_runs/pretrain_apt_seed1/scores.jsonl


--------------------[Agent Step 102_400]--------------------
Metrics filtered by: 'score|length|fps|ratio|train/loss/|train/rand/'
train/loss/con 0.02 / train/loss/dyn 6.19 / train/loss/height 4.4e-3 / train/loss/orientations 0.28 / train/loss/policy -0.01 / train/loss/rep 6.19 / train/loss/value 1.2 / train/loss/velocity 1.04 / replay/replay_ratio 1040 / fps/policy 5.63 / fps/train 5769.15

Writing metrics: /scratch/midway3/rickybao/dreamerv3_runs/pretrain_apt_seed1/metrics.jsonlWriting metrics: /scratch/midway3/rickybao/dreamerv3_runs/pretrain_apt_seed1/scores.jsonl


--------------------[Agent Step 103_088]--------------------
Metrics filtered by: 'score|length|fps|ratio|train/loss/|train/rand/'
train/loss/con 0.02 / train/loss/dyn 6.17 / train/loss/height 4.4e-3 / train/loss/orientations 0.28 / train/loss/policy -6.2e-3 / train/loss/rep 6.17 / train/loss/value 1.2 / train/loss/velocity 1.04 / replay/replay_ratio 1040 / fps/policy 5.64 / fps/train 5771.94

Writing metrics: /scratch/midway3/rickybao/dreamerv3_runs/pretrain_apt_seed1/metrics.jsonlWriting metrics: /scratch/midway3/rickybao/dreamerv3_runs/pretrain_apt_seed1/scores.jsonl

Saving checkpoint: /scratch/midway3/rickybao/dreamerv3_runs/pretrain_apt_seed1/ckpt/20260516T223059F342745
Saved checkpoint.

--------------------[Agent Step 103_776]--------------------
Metrics filtered by: 'score|length|fps|ratio|train/loss/|train/rand/'
train/loss/con 0.02 / train/loss/dyn 6.16 / train/loss/height 4.3e-3 / train/loss/orientations 0.28 / train/loss/policy -6.3e-3 / train/loss/rep 6.16 / train/loss/value 1.2 / train/loss/velocity 1.04 / replay/replay_ratio 1040 / fps/policy 5.62 / fps/train 5758.73

Writing metrics: /scratch/midway3/rickybao/dreamerv3_runs/pretrain_apt_seed1/metrics.jsonl
Writing metrics: /scratch/midway3/rickybao/dreamerv3_runs/pretrain_apt_seed1/scores.jsonl

--------------------[Agent Step 104_464]--------------------
Metrics filtered by: 'score|length|fps|ratio|train/loss/|train/rand/'
train/loss/con 0.02 / train/loss/dyn 6.16 / train/loss/height 4.3e-3 / train/loss/orientations 0.28 / train/loss/policy -7.8e-3 / train/loss/rep 6.16 / train/loss/value 1.2 / train/loss/velocity 1.03 / replay/replay_ratio 1040 / fps/policy 5.64 / fps/train 5774.03

Writing metrics: /scratch/midway3/rickybao/dreamerv3_runs/pretrain_apt_seed1/metrics.jsonlWriting metrics: /scratch/midway3/rickybao/dreamerv3_runs/pretrain_apt_seed1/scores.jsonl


--------------------[Agent Step 105_152]--------------------
Metrics filtered by: 'score|length|fps|ratio|train/loss/|train/rand/'
train/loss/con 0.02 / train/loss/dyn 6.17 / train/loss/height 4.4e-3 / train/loss/orientations 0.28 / train/loss/policy -4.2e-3 / train/loss/rep 6.17 / train/loss/value 1.2 / train/loss/velocity 1.03 / replay/replay_ratio 1040 / fps/policy 5.64 / fps/train 5776.54

Writing metrics: /scratch/midway3/rickybao/dreamerv3_runs/pretrain_apt_seed1/metrics.jsonlWriting metrics: /scratch/midway3/rickybao/dreamerv3_runs/pretrain_apt_seed1/scores.jsonl


--------------------[Agent Step 105_840]--------------------
Metrics filtered by: 'score|length|fps|ratio|train/loss/|train/rand/'
train/loss/con 0.02 / train/loss/dyn 6.14 / train/loss/height 4.2e-3 / train/loss/orientations 0.27 / train/loss/policy -3.5e-3 / train/loss/rep 6.14 / train/loss/value 1.2 / train/loss/velocity 1.03 / replay/replay_ratio 1040 / fps/policy 5.64 / fps/train 5775.49

Writing metrics: /scratch/midway3/rickybao/dreamerv3_runs/pretrain_apt_seed1/scores.jsonlWriting metrics: /scratch/midway3/rickybao/dreamerv3_runs/pretrain_apt_seed1/metrics.jsonl


--------------------[Agent Step 106_528]--------------------
Metrics filtered by: 'score|length|fps|ratio|train/loss/|train/rand/'
train/loss/con 0.02 / train/loss/dyn 6.15 / train/loss/height 4.1e-3 / train/loss/orientations 0.27 / train/loss/policy -5.7e-3 / train/loss/rep 6.15 / train/loss/value 1.2 / train/loss/velocity 1.02 / replay/replay_ratio 1040 / fps/policy 5.64 / fps/train 5776.03

Writing metrics: /scratch/midway3/rickybao/dreamerv3_runs/pretrain_apt_seed1/metrics.jsonl
Writing metrics: /scratch/midway3/rickybao/dreamerv3_runs/pretrain_apt_seed1/scores.jsonl

--------------------[Agent Step 107_216]--------------------
Metrics filtered by: 'score|length|fps|ratio|train/loss/|train/rand/'
train/loss/con 0.02 / train/loss/dyn 6.14 / train/loss/height 4.1e-3 / train/loss/orientations 0.27 / train/loss/policy -5e-3 / train/loss/rep 6.14 / train/loss/value 1.2 / train/loss/velocity 1.01 / replay/replay_ratio 1040 / fps/policy 5.64 / fps/train 5774.38

Writing metrics: /scratch/midway3/rickybao/dreamerv3_runs/pretrain_apt_seed1/metrics.jsonlWriting metrics: /scratch/midway3/rickybao/dreamerv3_runs/pretrain_apt_seed1/scores.jsonl


--------------------[Agent Step 107_904]--------------------
Metrics filtered by: 'score|length|fps|ratio|train/loss/|train/rand/'
train/loss/con 0.02 / train/loss/dyn 6.15 / train/loss/height 4.3e-3 / train/loss/orientations 0.27 / train/loss/policy -7.4e-3 / train/loss/rep 6.15 / train/loss/value 1.2 / train/loss/velocity 1.02 / replay/replay_ratio 1040 / fps/policy 5.64 / fps/train 5776.49

Writing metrics: /scratch/midway3/rickybao/dreamerv3_runs/pretrain_apt_seed1/metrics.jsonlWriting metrics: /scratch/midway3/rickybao/dreamerv3_runs/pretrain_apt_seed1/scores.jsonl

Saving checkpoint: /scratch/midway3/rickybao/dreamerv3_runs/pretrain_apt_seed1/ckpt/20260516T224601F781080
Saved checkpoint.

--------------------[Agent Step 108_592]--------------------
Metrics filtered by: 'score|length|fps|ratio|train/loss/|train/rand/'
train/loss/con 0.02 / train/loss/dyn 6.15 / train/loss/height 4.2e-3 / train/loss/orientations 0.27 / train/loss/policy -7.5e-3 / train/loss/rep 6.15 / train/loss/value 1.2 / train/loss/velocity 1.02 / replay/replay_ratio 1040 / fps/policy 5.63 / fps/train 5761.65

Writing metrics: /scratch/midway3/rickybao/dreamerv3_runs/pretrain_apt_seed1/scores.jsonlWriting metrics: /scratch/midway3/rickybao/dreamerv3_runs/pretrain_apt_seed1/metrics.jsonl


--------------------[Agent Step 109_280]--------------------
Metrics filtered by: 'score|length|fps|ratio|train/loss/|train/rand/'
train/loss/con 0.02 / train/loss/dyn 6.14 / train/loss/height 4.2e-3 / train/loss/orientations 0.26 / train/loss/policy -5.2e-3 / train/loss/rep 6.14 / train/loss/value 1.2 / train/loss/velocity 1.01 / replay/replay_ratio 1040 / fps/policy 5.64 / fps/train 5774.83

Writing metrics: /scratch/midway3/rickybao/dreamerv3_runs/pretrain_apt_seed1/metrics.jsonlWriting metrics: /scratch/midway3/rickybao/dreamerv3_runs/pretrain_apt_seed1/scores.jsonl


--------------------[Agent Step 109_968]--------------------
Metrics filtered by: 'score|length|fps|ratio|train/loss/|train/rand/'
train/loss/con 0.02 / train/loss/dyn 6.12 / train/loss/height 4.1e-3 / train/loss/orientations 0.26 / train/loss/policy -0.02 / train/loss/rep 6.12 / train/loss/value 1.2 / train/loss/velocity 1.01 / replay/replay_ratio 1040 / fps/policy 5.64 / fps/train 5775.55

Writing metrics: /scratch/midway3/rickybao/dreamerv3_runs/pretrain_apt_seed1/metrics.jsonlWriting metrics: /scratch/midway3/rickybao/dreamerv3_runs/pretrain_apt_seed1/scores.jsonl


--------------------[Agent Step 110_656]--------------------
Metrics filtered by: 'score|length|fps|ratio|train/loss/|train/rand/'
train/loss/con 0.02 / train/loss/dyn 6.12 / train/loss/height 4.1e-3 / train/loss/orientations 0.26 / train/loss/policy -0.02 / train/loss/rep 6.12 / train/loss/value 1.2 / train/loss/velocity 1 / replay/replay_ratio 1040 / fps/policy 5.64 / fps/train 5775.16

Writing metrics: /scratch/midway3/rickybao/dreamerv3_runs/pretrain_apt_seed1/metrics.jsonlWriting metrics: /scratch/midway3/rickybao/dreamerv3_runs/pretrain_apt_seed1/scores.jsonl


--------------------[Agent Step 111_344]--------------------
Metrics filtered by: 'score|length|fps|ratio|train/loss/|train/rand/'
train/loss/con 0.02 / train/loss/dyn 6.11 / train/loss/height 4.1e-3 / train/loss/orientations 0.26 / train/loss/policy -0.02 / train/loss/rep 6.11 / train/loss/value 1.21 / train/loss/velocity 1 / replay/replay_ratio 1040 / fps/policy 5.64 / fps/train 5774.83

Writing metrics: /scratch/midway3/rickybao/dreamerv3_runs/pretrain_apt_seed1/metrics.jsonl
Writing metrics: /scratch/midway3/rickybao/dreamerv3_runs/pretrain_apt_seed1/scores.jsonl

--------------------[Agent Step 112_032]--------------------
Metrics filtered by: 'score|length|fps|ratio|train/loss/|train/rand/'
train/loss/con 0.02 / train/loss/dyn 6.11 / train/loss/height 4e-3 / train/loss/orientations 0.26 / train/loss/policy -0.02 / train/loss/rep 6.11 / train/loss/value 1.21 / train/loss/velocity 1 / replay/replay_ratio 1040 / fps/policy 5.64 / fps/train 5774.56

Writing metrics: /scratch/midway3/rickybao/dreamerv3_runs/pretrain_apt_seed1/scores.jsonlWriting metrics: /scratch/midway3/rickybao/dreamerv3_runs/pretrain_apt_seed1/metrics.jsonl


--------------------[Agent Step 112_720]--------------------
Metrics filtered by: 'score|length|fps|ratio|train/loss/|train/rand/'
episode/score 38.87 / episode/length 1001 / train/loss/con 0.02 / train/loss/dyn 6.13 / train/loss/height 4e-3 / train/loss/orientations 0.26 / train/loss/policy -0.02 / train/loss/rep 6.13 / train/loss/value 1.21 / train/loss/velocity 1 / replay/replay_ratio 1040 / fps/policy 5.64 / fps/train 5770.37

Writing metrics: /scratch/midway3/rickybao/dreamerv3_runs/pretrain_apt_seed1/metrics.jsonlWriting metrics: /scratch/midway3/rickybao/dreamerv3_runs/pretrain_apt_seed1/scores.jsonl


--------------------[Agent Step 113_408]--------------------
Metrics filtered by: 'score|length|fps|ratio|train/loss/|train/rand/'
train/loss/con 0.02 / train/loss/dyn 6.15 / train/loss/height 4e-3 / train/loss/orientations 0.26 / train/loss/policy -0.02 / train/loss/rep 6.15 / train/loss/value 1.21 / train/loss/velocity 1 / replay/replay_ratio 1040 / fps/policy 5.64 / fps/train 5771.32

Writing metrics: /scratch/midway3/rickybao/dreamerv3_runs/pretrain_apt_seed1/metrics.jsonlWriting metrics: /scratch/midway3/rickybao/dreamerv3_runs/pretrain_apt_seed1/scores.jsonl

Saving checkpoint: /scratch/midway3/rickybao/dreamerv3_runs/pretrain_apt_seed1/ckpt/20260516T230104F464154
Saved checkpoint.

--------------------[Agent Step 114_096]--------------------
Metrics filtered by: 'score|length|fps|ratio|train/loss/|train/rand/'
train/loss/con 0.02 / train/loss/dyn 6.15 / train/loss/height 4.1e-3 / train/loss/orientations 0.26 / train/loss/policy -0.02 / train/loss/rep 6.15 / train/loss/value 1.21 / train/loss/velocity 1 / replay/replay_ratio 1040 / fps/policy 5.62 / fps/train 5753.91

Writing metrics: /scratch/midway3/rickybao/dreamerv3_runs/pretrain_apt_seed1/metrics.jsonlWriting metrics: /scratch/midway3/rickybao/dreamerv3_runs/pretrain_apt_seed1/scores.jsonl


--------------------[Agent Step 114_784]--------------------
Metrics filtered by: 'score|length|fps|ratio|train/loss/|train/rand/'
train/loss/con 0.02 / train/loss/dyn 6.15 / train/loss/height 4.1e-3 / train/loss/orientations 0.26 / train/loss/policy -0.01 / train/loss/rep 6.15 / train/loss/value 1.21 / train/loss/velocity 1 / replay/replay_ratio 1040 / fps/policy 5.63 / fps/train 5767.03

Writing metrics: /scratch/midway3/rickybao/dreamerv3_runs/pretrain_apt_seed1/metrics.jsonlWriting metrics: /scratch/midway3/rickybao/dreamerv3_runs/pretrain_apt_seed1/scores.jsonl


--------------------[Agent Step 115_472]--------------------
Metrics filtered by: 'score|length|fps|ratio|train/loss/|train/rand/'
train/loss/con 0.02 / train/loss/dyn 6.17 / train/loss/height 4e-3 / train/loss/orientations 0.26 / train/loss/policy -0.02 / train/loss/rep 6.17 / train/loss/value 1.21 / train/loss/velocity 0.99 / replay/replay_ratio 1040 / fps/policy 5.63 / fps/train 5767.84

Writing metrics: /scratch/midway3/rickybao/dreamerv3_runs/pretrain_apt_seed1/metrics.jsonlWriting metrics: /scratch/midway3/rickybao/dreamerv3_runs/pretrain_apt_seed1/scores.jsonl


--------------------[Agent Step 116_160]--------------------
Metrics filtered by: 'score|length|fps|ratio|train/loss/|train/rand/'
train/loss/con 0.02 / train/loss/dyn 6.11 / train/loss/height 4e-3 / train/loss/orientations 0.26 / train/loss/policy -0.01 / train/loss/rep 6.11 / train/loss/value 1.21 / train/loss/velocity 0.99 / replay/replay_ratio 1040 / fps/policy 5.63 / fps/train 5768.55

Writing metrics: /scratch/midway3/rickybao/dreamerv3_runs/pretrain_apt_seed1/scores.jsonlWriting metrics: /scratch/midway3/rickybao/dreamerv3_runs/pretrain_apt_seed1/metrics.jsonl


--------------------[Agent Step 116_848]--------------------
Metrics filtered by: 'score|length|fps|ratio|train/loss/|train/rand/'
train/loss/con 0.02 / train/loss/dyn 6.13 / train/loss/height 4e-3 / train/loss/orientations 0.25 / train/loss/policy -0.01 / train/loss/rep 6.13 / train/loss/value 1.22 / train/loss/velocity 0.99 / replay/replay_ratio 1040 / fps/policy 5.63 / fps/train 5768.81

Writing metrics: /scratch/midway3/rickybao/dreamerv3_runs/pretrain_apt_seed1/metrics.jsonlWriting metrics: /scratch/midway3/rickybao/dreamerv3_runs/pretrain_apt_seed1/scores.jsonl


--------------------[Agent Step 117_536]--------------------
Metrics filtered by: 'score|length|fps|ratio|train/loss/|train/rand/'
train/loss/con 0.02 / train/loss/dyn 6.11 / train/loss/height 3.9e-3 / train/loss/orientations 0.25 / train/loss/policy -9.2e-3 / train/loss/rep 6.11 / train/loss/value 1.22 / train/loss/velocity 0.98 / replay/replay_ratio 1040 / fps/policy 5.64 / fps/train 5770.42

Writing metrics: /scratch/midway3/rickybao/dreamerv3_runs/pretrain_apt_seed1/metrics.jsonl
Writing metrics: /scratch/midway3/rickybao/dreamerv3_runs/pretrain_apt_seed1/scores.jsonl

--------------------[Agent Step 118_224]--------------------
Metrics filtered by: 'score|length|fps|ratio|train/loss/|train/rand/'
train/loss/con 0.02 / train/loss/dyn 6.12 / train/loss/height 3.9e-3 / train/loss/orientations 0.25 / train/loss/policy -9e-3 / train/loss/rep 6.12 / train/loss/value 1.22 / train/loss/velocity 0.98 / replay/replay_ratio 1040 / fps/policy 5.63 / fps/train 5770.06

Writing metrics: /scratch/midway3/rickybao/dreamerv3_runs/pretrain_apt_seed1/metrics.jsonlWriting metrics: /scratch/midway3/rickybao/dreamerv3_runs/pretrain_apt_seed1/scores.jsonl

Saving checkpoint: /scratch/midway3/rickybao/dreamerv3_runs/pretrain_apt_seed1/ckpt/20260516T231605F046798
Saved checkpoint.

--------------------[Agent Step 118_912]--------------------
Metrics filtered by: 'score|length|fps|ratio|train/loss/|train/rand/'
train/loss/con 0.02 / train/loss/dyn 6.08 / train/loss/height 3.8e-3 / train/loss/orientations 0.24 / train/loss/policy -0.01 / train/loss/rep 6.08 / train/loss/value 1.22 / train/loss/velocity 0.97 / replay/replay_ratio 1040 / fps/policy 5.62 / fps/train 5759.39

Writing metrics: /scratch/midway3/rickybao/dreamerv3_runs/pretrain_apt_seed1/metrics.jsonl
Writing metrics: /scratch/midway3/rickybao/dreamerv3_runs/pretrain_apt_seed1/scores.jsonl

--------------------[Agent Step 119_600]--------------------
Metrics filtered by: 'score|length|fps|ratio|train/loss/|train/rand/'
train/loss/con 0.02 / train/loss/dyn 6.09 / train/loss/height 3.8e-3 / train/loss/orientations 0.25 / train/loss/policy -1.4e-3 / train/loss/rep 6.09 / train/loss/value 1.22 / train/loss/velocity 0.98 / replay/replay_ratio 1040 / fps/policy 5.64 / fps/train 5770.52

Writing metrics: /scratch/midway3/rickybao/dreamerv3_runs/pretrain_apt_seed1/metrics.jsonlWriting metrics: /scratch/midway3/rickybao/dreamerv3_runs/pretrain_apt_seed1/scores.jsonl


--------------------[Agent Step 120_288]--------------------
Metrics filtered by: 'score|length|fps|ratio|train/loss/|train/rand/'
train/loss/con 0.02 / train/loss/dyn 6.09 / train/loss/height 3.8e-3 / train/loss/orientations 0.24 / train/loss/policy 1.4e-3 / train/loss/rep 6.09 / train/loss/value 1.22 / train/loss/velocity 0.97 / replay/replay_ratio 1040 / fps/policy 5.64 / fps/train 5772.66

Writing metrics: /scratch/midway3/rickybao/dreamerv3_runs/pretrain_apt_seed1/metrics.jsonlWriting metrics: /scratch/midway3/rickybao/dreamerv3_runs/pretrain_apt_seed1/scores.jsonl


--------------------[Agent Step 120_976]--------------------
Metrics filtered by: 'score|length|fps|ratio|train/loss/|train/rand/'
train/loss/con 0.02 / train/loss/dyn 6.09 / train/loss/height 3.8e-3 / train/loss/orientations 0.24 / train/loss/policy -1.6e-3 / train/loss/rep 6.09 / train/loss/value 1.22 / train/loss/velocity 0.97 / replay/replay_ratio 1040 / fps/policy 5.64 / fps/train 5770.9

Writing metrics: /scratch/midway3/rickybao/dreamerv3_runs/pretrain_apt_seed1/metrics.jsonlWriting metrics: /scratch/midway3/rickybao/dreamerv3_runs/pretrain_apt_seed1/scores.jsonl


--------------------[Agent Step 121_664]--------------------
Metrics filtered by: 'score|length|fps|ratio|train/loss/|train/rand/'
train/loss/con 0.02 / train/loss/dyn 6.09 / train/loss/height 3.9e-3 / train/loss/orientations 0.24 / train/loss/policy -1.6e-3 / train/loss/rep 6.09 / train/loss/value 1.22 / train/loss/velocity 0.97 / replay/replay_ratio 1040 / fps/policy 5.64 / fps/train 5772.23

Writing metrics: /scratch/midway3/rickybao/dreamerv3_runs/pretrain_apt_seed1/metrics.jsonlWriting metrics: /scratch/midway3/rickybao/dreamerv3_runs/pretrain_apt_seed1/scores.jsonl


--------------------[Agent Step 122_352]--------------------
Metrics filtered by: 'score|length|fps|ratio|train/loss/|train/rand/'
train/loss/con 0.02 / train/loss/dyn 6.08 / train/loss/height 3.8e-3 / train/loss/orientations 0.24 / train/loss/policy -6.4e-3 / train/loss/rep 6.08 / train/loss/value 1.22 / train/loss/velocity 0.97 / replay/replay_ratio 1040 / fps/policy 5.63 / fps/train 5770.19

Writing metrics: /scratch/midway3/rickybao/dreamerv3_runs/pretrain_apt_seed1/metrics.jsonlWriting metrics: /scratch/midway3/rickybao/dreamerv3_runs/pretrain_apt_seed1/scores.jsonl


--------------------[Agent Step 123_040]--------------------
Metrics filtered by: 'score|length|fps|ratio|train/loss/|train/rand/'
train/loss/con 0.02 / train/loss/dyn 6.08 / train/loss/height 3.8e-3 / train/loss/orientations 0.24 / train/loss/policy -2.1e-3 / train/loss/rep 6.08 / train/loss/value 1.22 / train/loss/velocity 0.97 / replay/replay_ratio 1040 / fps/policy 5.63 / fps/train 5769.2

Writing metrics: /scratch/midway3/rickybao/dreamerv3_runs/pretrain_apt_seed1/metrics.jsonlWriting metrics: /scratch/midway3/rickybao/dreamerv3_runs/pretrain_apt_seed1/scores.jsonl

Saving checkpoint: /scratch/midway3/rickybao/dreamerv3_runs/pretrain_apt_seed1/ckpt/20260516T233105F248078
Saved checkpoint.

--------------------[Agent Step 123_728]--------------------
Metrics filtered by: 'score|length|fps|ratio|train/loss/|train/rand/'
train/loss/con 0.02 / train/loss/dyn 6.08 / train/loss/height 3.8e-3 / train/loss/orientations 0.24 / train/loss/policy -3.1e-3 / train/loss/rep 6.08 / train/loss/value 1.22 / train/loss/velocity 0.96 / replay/replay_ratio 1040 / fps/policy 5.62 / fps/train 5759.03

Writing metrics: /scratch/midway3/rickybao/dreamerv3_runs/pretrain_apt_seed1/metrics.jsonlWriting metrics: /scratch/midway3/rickybao/dreamerv3_runs/pretrain_apt_seed1/scores.jsonl


--------------------[Agent Step 124_416]--------------------
Metrics filtered by: 'score|length|fps|ratio|train/loss/|train/rand/'
train/loss/con 0.02 / train/loss/dyn 6.06 / train/loss/height 3.7e-3 / train/loss/orientations 0.24 / train/loss/policy -5.4e-3 / train/loss/rep 6.06 / train/loss/value 1.22 / train/loss/velocity 0.96 / replay/replay_ratio 1040 / fps/policy 5.64 / fps/train 5771.74

Writing metrics: /scratch/midway3/rickybao/dreamerv3_runs/pretrain_apt_seed1/scores.jsonlWriting metrics: /scratch/midway3/rickybao/dreamerv3_runs/pretrain_apt_seed1/metrics.jsonl


--------------------[Agent Step 125_104]--------------------
Metrics filtered by: 'score|length|fps|ratio|train/loss/|train/rand/'
train/loss/con 0.02 / train/loss/dyn 6.06 / train/loss/height 3.7e-3 / train/loss/orientations 0.24 / train/loss/policy -4.5e-3 / train/loss/rep 6.06 / train/loss/value 1.22 / train/loss/velocity 0.96 / replay/replay_ratio 1040 / fps/policy 5.62 / fps/train 5759.25

Writing metrics: /scratch/midway3/rickybao/dreamerv3_runs/pretrain_apt_seed1/metrics.jsonlWriting metrics: /scratch/midway3/rickybao/dreamerv3_runs/pretrain_apt_seed1/scores.jsonl


--------------------[Agent Step 125_792]--------------------
Metrics filtered by: 'score|length|fps|ratio|train/loss/|train/rand/'
train/loss/con 0.02 / train/loss/dyn 6.06 / train/loss/height 3.8e-3 / train/loss/orientations 0.24 / train/loss/policy -3.4e-3 / train/loss/rep 6.06 / train/loss/value 1.22 / train/loss/velocity 0.96 / replay/replay_ratio 1040 / fps/policy 5.62 / fps/train 5755.66

Writing metrics: /scratch/midway3/rickybao/dreamerv3_runs/pretrain_apt_seed1/metrics.jsonlWriting metrics: /scratch/midway3/rickybao/dreamerv3_runs/pretrain_apt_seed1/scores.jsonl


--------------------[Agent Step 126_480]--------------------
Metrics filtered by: 'score|length|fps|ratio|train/loss/|train/rand/'
train/loss/con 0.02 / train/loss/dyn 6.07 / train/loss/height 3.7e-3 / train/loss/orientations 0.24 / train/loss/policy -2.3e-3 / train/loss/rep 6.07 / train/loss/value 1.22 / train/loss/velocity 0.96 / replay/replay_ratio 1040 / fps/policy 5.62 / fps/train 5755.93

Writing metrics: /scratch/midway3/rickybao/dreamerv3_runs/pretrain_apt_seed1/metrics.jsonlWriting metrics: /scratch/midway3/rickybao/dreamerv3_runs/pretrain_apt_seed1/scores.jsonl


--------------------[Agent Step 127_168]--------------------
Metrics filtered by: 'score|length|fps|ratio|train/loss/|train/rand/'
train/loss/con 0.02 / train/loss/dyn 6.09 / train/loss/height 3.7e-3 / train/loss/orientations 0.24 / train/loss/policy -4.9e-4 / train/loss/rep 6.09 / train/loss/value 1.22 / train/loss/velocity 0.96 / replay/replay_ratio 1040 / fps/policy 5.62 / fps/train 5754.45

Writing metrics: /scratch/midway3/rickybao/dreamerv3_runs/pretrain_apt_seed1/metrics.jsonlWriting metrics: /scratch/midway3/rickybao/dreamerv3_runs/pretrain_apt_seed1/scores.jsonl


--------------------[Agent Step 127_856]--------------------
Metrics filtered by: 'score|length|fps|ratio|train/loss/|train/rand/'
train/loss/con 0.02 / train/loss/dyn 6.06 / train/loss/height 3.7e-3 / train/loss/orientations 0.23 / train/loss/policy -5.5e-3 / train/loss/rep 6.06 / train/loss/value 1.22 / train/loss/velocity 0.95 / replay/replay_ratio 1040 / fps/policy 5.62 / fps/train 5755.48

Writing metrics: /scratch/midway3/rickybao/dreamerv3_runs/pretrain_apt_seed1/metrics.jsonlWriting metrics: /scratch/midway3/rickybao/dreamerv3_runs/pretrain_apt_seed1/scores.jsonl


--------------------[Agent Step 128_544]--------------------
Metrics filtered by: 'score|length|fps|ratio|train/loss/|train/rand/'
episode/score 46.89 / episode/length 1001 / train/loss/con 0.02 / train/loss/dyn 6.06 / train/loss/height 3.6e-3 / train/loss/orientations 0.23 / train/loss/policy -6e-3 / train/loss/rep 6.06 / train/loss/value 1.22 / train/loss/velocity 0.95 / replay/replay_ratio 1040 / fps/policy 5.62 / fps/train 5752.54

Writing metrics: /scratch/midway3/rickybao/dreamerv3_runs/pretrain_apt_seed1/metrics.jsonlWriting metrics: /scratch/midway3/rickybao/dreamerv3_runs/pretrain_apt_seed1/scores.jsonl

Saving checkpoint: /scratch/midway3/rickybao/dreamerv3_runs/pretrain_apt_seed1/ckpt/20260516T234607F553933
Saved checkpoint.

--------------------[Agent Step 129_232]--------------------
Metrics filtered by: 'score|length|fps|ratio|train/loss/|train/rand/'
train/loss/con 0.02 / train/loss/dyn 6.08 / train/loss/height 3.8e-3 / train/loss/orientations 0.23 / train/loss/policy -5.4e-3 / train/loss/rep 6.08 / train/loss/value 1.22 / train/loss/velocity 0.95 / replay/replay_ratio 1040 / fps/policy 5.61 / fps/train 5740.75

Writing metrics: /scratch/midway3/rickybao/dreamerv3_runs/pretrain_apt_seed1/metrics.jsonlWriting metrics: /scratch/midway3/rickybao/dreamerv3_runs/pretrain_apt_seed1/scores.jsonl


--------------------[Agent Step 129_920]--------------------
Metrics filtered by: 'score|length|fps|ratio|train/loss/|train/rand/'
train/loss/con 0.02 / train/loss/dyn 6.05 / train/loss/height 3.8e-3 / train/loss/orientations 0.23 / train/loss/policy -6.6e-3 / train/loss/rep 6.05 / train/loss/value 1.22 / train/loss/velocity 0.95 / replay/replay_ratio 1040 / fps/policy 5.61 / fps/train 5748.16

Writing metrics: /scratch/midway3/rickybao/dreamerv3_runs/pretrain_apt_seed1/metrics.jsonlWriting metrics: /scratch/midway3/rickybao/dreamerv3_runs/pretrain_apt_seed1/scores.jsonl


--------------------[Agent Step 130_608]--------------------
Metrics filtered by: 'score|length|fps|ratio|train/loss/|train/rand/'
train/loss/con 0.02 / train/loss/dyn 6.07 / train/loss/height 3.8e-3 / train/loss/orientations 0.23 / train/loss/policy -6e-3 / train/loss/rep 6.07 / train/loss/value 1.22 / train/loss/velocity 0.95 / replay/replay_ratio 1040 / fps/policy 5.62 / fps/train 5752.48

Writing metrics: /scratch/midway3/rickybao/dreamerv3_runs/pretrain_apt_seed1/metrics.jsonlWriting metrics: /scratch/midway3/rickybao/dreamerv3_runs/pretrain_apt_seed1/scores.jsonl


--------------------[Agent Step 131_296]--------------------
Metrics filtered by: 'score|length|fps|ratio|train/loss/|train/rand/'
train/loss/con 0.02 / train/loss/dyn 6.07 / train/loss/height 3.8e-3 / train/loss/orientations 0.23 / train/loss/policy -4.5e-3 / train/loss/rep 6.07 / train/loss/value 1.23 / train/loss/velocity 0.95 / replay/replay_ratio 1040 / fps/policy 5.62 / fps/train 5753.41

Writing metrics: /scratch/midway3/rickybao/dreamerv3_runs/pretrain_apt_seed1/metrics.jsonl
Writing metrics: /scratch/midway3/rickybao/dreamerv3_runs/pretrain_apt_seed1/scores.jsonl

--------------------[Agent Step 131_984]--------------------
Metrics filtered by: 'score|length|fps|ratio|train/loss/|train/rand/'
train/loss/con 0.02 / train/loss/dyn 6.06 / train/loss/height 3.6e-3 / train/loss/orientations 0.22 / train/loss/policy -2.1e-3 / train/loss/rep 6.06 / train/loss/value 1.23 / train/loss/velocity 0.94 / replay/replay_ratio 1040 / fps/policy 5.62 / fps/train 5755.68

Writing metrics: /scratch/midway3/rickybao/dreamerv3_runs/pretrain_apt_seed1/metrics.jsonlWriting metrics: /scratch/midway3/rickybao/dreamerv3_runs/pretrain_apt_seed1/scores.jsonl


--------------------[Agent Step 132_672]--------------------
Metrics filtered by: 'score|length|fps|ratio|train/loss/|train/rand/'
train/loss/con 0.02 / train/loss/dyn 6.06 / train/loss/height 3.7e-3 / train/loss/orientations 0.23 / train/loss/policy -4.2e-3 / train/loss/rep 6.06 / train/loss/value 1.23 / train/loss/velocity 0.94 / replay/replay_ratio 1040 / fps/policy 5.62 / fps/train 5754.51

Writing metrics: /scratch/midway3/rickybao/dreamerv3_runs/pretrain_apt_seed1/metrics.jsonlWriting metrics: /scratch/midway3/rickybao/dreamerv3_runs/pretrain_apt_seed1/scores.jsonl


--------------------[Agent Step 133_360]--------------------
Metrics filtered by: 'score|length|fps|ratio|train/loss/|train/rand/'
train/loss/con 0.02 / train/loss/dyn 6.05 / train/loss/height 3.6e-3 / train/loss/orientations 0.22 / train/loss/policy -1.7e-3 / train/loss/rep 6.05 / train/loss/value 1.23 / train/loss/velocity 0.94 / replay/replay_ratio 1040 / fps/policy 5.62 / fps/train 5756.19

Writing metrics: /scratch/midway3/rickybao/dreamerv3_runs/pretrain_apt_seed1/scores.jsonlWriting metrics: /scratch/midway3/rickybao/dreamerv3_runs/pretrain_apt_seed1/metrics.jsonl

Saving checkpoint: /scratch/midway3/rickybao/dreamerv3_runs/pretrain_apt_seed1/ckpt/20260517T000107F637944
Saved checkpoint.

--------------------[Agent Step 134_048]--------------------
Metrics filtered by: 'score|length|fps|ratio|train/loss/|train/rand/'
train/loss/con 0.02 / train/loss/dyn 6.07 / train/loss/height 3.6e-3 / train/loss/orientations 0.22 / train/loss/policy -2.8e-3 / train/loss/rep 6.07 / train/loss/value 1.23 / train/loss/velocity 0.94 / replay/replay_ratio 1040 / fps/policy 5.61 / fps/train 5744.17

Writing metrics: /scratch/midway3/rickybao/dreamerv3_runs/pretrain_apt_seed1/metrics.jsonl
Writing metrics: /scratch/midway3/rickybao/dreamerv3_runs/pretrain_apt_seed1/scores.jsonl

--------------------[Agent Step 134_736]--------------------
Metrics filtered by: 'score|length|fps|ratio|train/loss/|train/rand/'
train/loss/con 0.02 / train/loss/dyn 6.04 / train/loss/height 3.5e-3 / train/loss/orientations 0.22 / train/loss/policy -3.2e-3 / train/loss/rep 6.04 / train/loss/value 1.23 / train/loss/velocity 0.93 / replay/replay_ratio 1040 / fps/policy 5.62 / fps/train 5753.64

Writing metrics: /scratch/midway3/rickybao/dreamerv3_runs/pretrain_apt_seed1/metrics.jsonlWriting metrics: /scratch/midway3/rickybao/dreamerv3_runs/pretrain_apt_seed1/scores.jsonl


--------------------[Agent Step 135_424]--------------------
Metrics filtered by: 'score|length|fps|ratio|train/loss/|train/rand/'
train/loss/con 0.02 / train/loss/dyn 6.06 / train/loss/height 3.6e-3 / train/loss/orientations 0.22 / train/loss/policy -2.7e-4 / train/loss/rep 6.06 / train/loss/value 1.23 / train/loss/velocity 0.93 / replay/replay_ratio 1040 / fps/policy 5.62 / fps/train 5755.56

Writing metrics: /scratch/midway3/rickybao/dreamerv3_runs/pretrain_apt_seed1/metrics.jsonlWriting metrics: /scratch/midway3/rickybao/dreamerv3_runs/pretrain_apt_seed1/scores.jsonl


--------------------[Agent Step 136_112]--------------------
Metrics filtered by: 'score|length|fps|ratio|train/loss/|train/rand/'
train/loss/con 0.02 / train/loss/dyn 6.04 / train/loss/height 3.5e-3 / train/loss/orientations 0.22 / train/loss/policy -2.2e-3 / train/loss/rep 6.04 / train/loss/value 1.23 / train/loss/velocity 0.93 / replay/replay_ratio 1040 / fps/policy 5.62 / fps/train 5756.38

Writing metrics: /scratch/midway3/rickybao/dreamerv3_runs/pretrain_apt_seed1/metrics.jsonl
Writing metrics: /scratch/midway3/rickybao/dreamerv3_runs/pretrain_apt_seed1/scores.jsonl

--------------------[Agent Step 136_800]--------------------
Metrics filtered by: 'score|length|fps|ratio|train/loss/|train/rand/'
train/loss/con 0.02 / train/loss/dyn 6.03 / train/loss/height 3.5e-3 / train/loss/orientations 0.22 / train/loss/policy -1.4e-3 / train/loss/rep 6.03 / train/loss/value 1.23 / train/loss/velocity 0.93 / replay/replay_ratio 1040 / fps/policy 5.62 / fps/train 5754.59

Writing metrics: /scratch/midway3/rickybao/dreamerv3_runs/pretrain_apt_seed1/metrics.jsonlWriting metrics: /scratch/midway3/rickybao/dreamerv3_runs/pretrain_apt_seed1/scores.jsonl


--------------------[Agent Step 137_488]--------------------
Metrics filtered by: 'score|length|fps|ratio|train/loss/|train/rand/'
train/loss/con 0.02 / train/loss/dyn 6.01 / train/loss/height 3.5e-3 / train/loss/orientations 0.21 / train/loss/policy -2.2e-3 / train/loss/rep 6.01 / train/loss/value 1.23 / train/loss/velocity 0.93 / replay/replay_ratio 1040 / fps/policy 5.62 / fps/train 5756.85

Writing metrics: /scratch/midway3/rickybao/dreamerv3_runs/pretrain_apt_seed1/metrics.jsonlWriting metrics: /scratch/midway3/rickybao/dreamerv3_runs/pretrain_apt_seed1/scores.jsonl


--------------------[Agent Step 138_176]--------------------
Metrics filtered by: 'score|length|fps|ratio|train/loss/|train/rand/'
train/loss/con 0.02 / train/loss/dyn 6.05 / train/loss/height 3.5e-3 / train/loss/orientations 0.21 / train/loss/policy -1.4e-3 / train/loss/rep 6.05 / train/loss/value 1.23 / train/loss/velocity 0.93 / replay/replay_ratio 1040 / fps/policy 5.62 / fps/train 5757.28

Writing metrics: /scratch/midway3/rickybao/dreamerv3_runs/pretrain_apt_seed1/metrics.jsonlWriting metrics: /scratch/midway3/rickybao/dreamerv3_runs/pretrain_apt_seed1/scores.jsonl

Saving checkpoint: /scratch/midway3/rickybao/dreamerv3_runs/pretrain_apt_seed1/ckpt/20260517T001610F167177
Saved checkpoint.

--------------------[Agent Step 138_864]--------------------
Metrics filtered by: 'score|length|fps|ratio|train/loss/|train/rand/'
train/loss/con 0.02 / train/loss/dyn 6.02 / train/loss/height 3.4e-3 / train/loss/orientations 0.21 / train/loss/policy -1.4e-3 / train/loss/rep 6.02 / train/loss/value 1.23 / train/loss/velocity 0.92 / replay/replay_ratio 1040 / fps/policy 5.61 / fps/train 5746.97

Writing metrics: /scratch/midway3/rickybao/dreamerv3_runs/pretrain_apt_seed1/metrics.jsonlWriting metrics: /scratch/midway3/rickybao/dreamerv3_runs/pretrain_apt_seed1/scores.jsonl


--------------------[Agent Step 139_552]--------------------
Metrics filtered by: 'score|length|fps|ratio|train/loss/|train/rand/'
train/loss/con 0.02 / train/loss/dyn 6.02 / train/loss/height 3.5e-3 / train/loss/orientations 0.21 / train/loss/policy -1.1e-3 / train/loss/rep 6.02 / train/loss/value 1.23 / train/loss/velocity 0.93 / replay/replay_ratio 1040 / fps/policy 5.62 / fps/train 5757.03

Writing metrics: /scratch/midway3/rickybao/dreamerv3_runs/pretrain_apt_seed1/metrics.jsonlWriting metrics: /scratch/midway3/rickybao/dreamerv3_runs/pretrain_apt_seed1/scores.jsonl


--------------------[Agent Step 140_240]--------------------
Metrics filtered by: 'score|length|fps|ratio|train/loss/|train/rand/'
train/loss/con 0.02 / train/loss/dyn 6.01 / train/loss/height 3.4e-3 / train/loss/orientations 0.21 / train/loss/policy -2.7e-3 / train/loss/rep 6.01 / train/loss/value 1.23 / train/loss/velocity 0.92 / replay/replay_ratio 1040 / fps/policy 5.62 / fps/train 5753.03

Writing metrics: /scratch/midway3/rickybao/dreamerv3_runs/pretrain_apt_seed1/metrics.jsonlWriting metrics: /scratch/midway3/rickybao/dreamerv3_runs/pretrain_apt_seed1/scores.jsonl


--------------------[Agent Step 140_928]--------------------
Metrics filtered by: 'score|length|fps|ratio|train/loss/|train/rand/'
train/loss/con 0.02 / train/loss/dyn 6.02 / train/loss/height 3.6e-3 / train/loss/orientations 0.21 / train/loss/policy -2.7e-3 / train/loss/rep 6.02 / train/loss/value 1.23 / train/loss/velocity 0.92 / replay/replay_ratio 1040 / fps/policy 5.62 / fps/train 5756.95

Writing metrics: /scratch/midway3/rickybao/dreamerv3_runs/pretrain_apt_seed1/metrics.jsonlWriting metrics: /scratch/midway3/rickybao/dreamerv3_runs/pretrain_apt_seed1/scores.jsonl


--------------------[Agent Step 141_616]--------------------
Metrics filtered by: 'score|length|fps|ratio|train/loss/|train/rand/'
train/loss/con 0.02 / train/loss/dyn 6 / train/loss/height 3.3e-3 / train/loss/orientations 0.21 / train/loss/policy -2.2e-3 / train/loss/rep 6 / train/loss/value 1.23 / train/loss/velocity 0.91 / replay/replay_ratio 1040 / fps/policy 5.62 / fps/train 5754.69

Writing metrics: /scratch/midway3/rickybao/dreamerv3_runs/pretrain_apt_seed1/scores.jsonlWriting metrics: /scratch/midway3/rickybao/dreamerv3_runs/pretrain_apt_seed1/metrics.jsonl


--------------------[Agent Step 142_304]--------------------
Metrics filtered by: 'score|length|fps|ratio|train/loss/|train/rand/'
train/loss/con 0.02 / train/loss/dyn 6.01 / train/loss/height 3.4e-3 / train/loss/orientations 0.21 / train/loss/policy -1.9e-3 / train/loss/rep 6.01 / train/loss/value 1.24 / train/loss/velocity 0.91 / replay/replay_ratio 1040 / fps/policy 5.62 / fps/train 5757.37

Writing metrics: /scratch/midway3/rickybao/dreamerv3_runs/pretrain_apt_seed1/scores.jsonlWriting metrics: /scratch/midway3/rickybao/dreamerv3_runs/pretrain_apt_seed1/metrics.jsonl


--------------------[Agent Step 142_992]--------------------
Metrics filtered by: 'score|length|fps|ratio|train/loss/|train/rand/'
train/loss/con 0.02 / train/loss/dyn 6 / train/loss/height 3.3e-3 / train/loss/orientations 0.2 / train/loss/policy -1.1e-3 / train/loss/rep 6 / train/loss/value 1.24 / train/loss/velocity 0.91 / replay/replay_ratio 1040 / fps/policy 5.62 / fps/train 5756.9

Writing metrics: /scratch/midway3/rickybao/dreamerv3_runs/pretrain_apt_seed1/metrics.jsonlWriting metrics: /scratch/midway3/rickybao/dreamerv3_runs/pretrain_apt_seed1/scores.jsonl


--------------------[Agent Step 143_680]--------------------
Metrics filtered by: 'score|length|fps|ratio|train/loss/|train/rand/'
train/loss/con 0.02 / train/loss/dyn 6.01 / train/loss/height 3.3e-3 / train/loss/orientations 0.21 / train/loss/policy -8.5e-4 / train/loss/rep 6.01 / train/loss/value 1.24 / train/loss/velocity 0.92 / replay/replay_ratio 1040 / fps/policy 5.62 / fps/train 5755.53

Writing metrics: /scratch/midway3/rickybao/dreamerv3_runs/pretrain_apt_seed1/metrics.jsonlWriting metrics: /scratch/midway3/rickybao/dreamerv3_runs/pretrain_apt_seed1/scores.jsonl

Saving checkpoint: /scratch/midway3/rickybao/dreamerv3_runs/pretrain_apt_seed1/ckpt/20260517T003112F793607
Saved checkpoint.

--------------------[Agent Step 144_368]--------------------
Metrics filtered by: 'score|length|fps|ratio|train/loss/|train/rand/'
episode/score 43.3 / episode/length 1001 / train/loss/con 0.02 / train/loss/dyn 5.98 / train/loss/height 3.3e-3 / train/loss/orientations 0.2 / train/loss/policy -2.8e-4 / train/loss/rep 5.98 / train/loss/value 1.24 / train/loss/velocity 0.91 / replay/replay_ratio 1040 / fps/policy 5.61 / fps/train 5744.59

Writing metrics: /scratch/midway3/rickybao/dreamerv3_runs/pretrain_apt_seed1/metrics.jsonlWriting metrics: /scratch/midway3/rickybao/dreamerv3_runs/pretrain_apt_seed1/scores.jsonl


--------------------[Agent Step 145_056]--------------------
Metrics filtered by: 'score|length|fps|ratio|train/loss/|train/rand/'
train/loss/con 0.02 / train/loss/dyn 6.02 / train/loss/height 3.4e-3 / train/loss/orientations 0.21 / train/loss/policy 4e-4 / train/loss/rep 6.02 / train/loss/value 1.24 / train/loss/velocity 0.91 / replay/replay_ratio 1040 / fps/policy 5.62 / fps/train 5751.13

Writing metrics: /scratch/midway3/rickybao/dreamerv3_runs/pretrain_apt_seed1/metrics.jsonlWriting metrics: /scratch/midway3/rickybao/dreamerv3_runs/pretrain_apt_seed1/scores.jsonl


--------------------[Agent Step 145_744]--------------------
Metrics filtered by: 'score|length|fps|ratio|train/loss/|train/rand/'
train/loss/con 0.02 / train/loss/dyn 6.01 / train/loss/height 3.4e-3 / train/loss/orientations 0.21 / train/loss/policy 1.1e-3 / train/loss/rep 6.01 / train/loss/value 1.24 / train/loss/velocity 0.91 / replay/replay_ratio 1040 / fps/policy 5.62 / fps/train 5752.77

Writing metrics: /scratch/midway3/rickybao/dreamerv3_runs/pretrain_apt_seed1/metrics.jsonlWriting metrics: /scratch/midway3/rickybao/dreamerv3_runs/pretrain_apt_seed1/scores.jsonl


--------------------[Agent Step 146_432]--------------------
Metrics filtered by: 'score|length|fps|ratio|train/loss/|train/rand/'
train/loss/con 0.02 / train/loss/dyn 6.01 / train/loss/height 3.4e-3 / train/loss/orientations 0.21 / train/loss/policy 1.3e-3 / train/loss/rep 6.01 / train/loss/value 1.24 / train/loss/velocity 0.92 / replay/replay_ratio 1040 / fps/policy 5.62 / fps/train 5751.75

Writing metrics: /scratch/midway3/rickybao/dreamerv3_runs/pretrain_apt_seed1/metrics.jsonlWriting metrics: /scratch/midway3/rickybao/dreamerv3_runs/pretrain_apt_seed1/scores.jsonl


--------------------[Agent Step 147_120]--------------------
Metrics filtered by: 'score|length|fps|ratio|train/loss/|train/rand/'
train/loss/con 0.02 / train/loss/dyn 6 / train/loss/height 3.3e-3 / train/loss/orientations 0.21 / train/loss/policy 6.4e-4 / train/loss/rep 6 / train/loss/value 1.24 / train/loss/velocity 0.91 / replay/replay_ratio 1040 / fps/policy 5.62 / fps/train 5751.98

Writing metrics: /scratch/midway3/rickybao/dreamerv3_runs/pretrain_apt_seed1/metrics.jsonlWriting metrics: /scratch/midway3/rickybao/dreamerv3_runs/pretrain_apt_seed1/scores.jsonl


--------------------[Agent Step 147_808]--------------------
Metrics filtered by: 'score|length|fps|ratio|train/loss/|train/rand/'
train/loss/con 0.02 / train/loss/dyn 6.01 / train/loss/height 3.4e-3 / train/loss/orientations 0.21 / train/loss/policy 1.2e-3 / train/loss/rep 6.01 / train/loss/value 1.24 / train/loss/velocity 0.91 / replay/replay_ratio 1040 / fps/policy 5.62 / fps/train 5754.94

Writing metrics: /scratch/midway3/rickybao/dreamerv3_runs/pretrain_apt_seed1/metrics.jsonlWriting metrics: /scratch/midway3/rickybao/dreamerv3_runs/pretrain_apt_seed1/scores.jsonl


--------------------[Agent Step 148_496]--------------------
Metrics filtered by: 'score|length|fps|ratio|train/loss/|train/rand/'
train/loss/con 0.02 / train/loss/dyn 6 / train/loss/height 3.4e-3 / train/loss/orientations 0.21 / train/loss/policy 1.1e-3 / train/loss/rep 6 / train/loss/value 1.24 / train/loss/velocity 0.91 / replay/replay_ratio 1040 / fps/policy 5.62 / fps/train 5756.32

Writing metrics: /scratch/midway3/rickybao/dreamerv3_runs/pretrain_apt_seed1/metrics.jsonlWriting metrics: /scratch/midway3/rickybao/dreamerv3_runs/pretrain_apt_seed1/scores.jsonl

Saving checkpoint: /scratch/midway3/rickybao/dreamerv3_runs/pretrain_apt_seed1/ckpt/20260517T004612F879769
Saved checkpoint.

--------------------[Agent Step 149_184]--------------------
Metrics filtered by: 'score|length|fps|ratio|train/loss/|train/rand/'
train/loss/con 0.02 / train/loss/dyn 6.02 / train/loss/height 3.4e-3 / train/loss/orientations 0.21 / train/loss/policy 2.2e-3 / train/loss/rep 6.02 / train/loss/value 1.24 / train/loss/velocity 0.91 / replay/replay_ratio 1040 / fps/policy 5.61 / fps/train 5740.67

Writing metrics: /scratch/midway3/rickybao/dreamerv3_runs/pretrain_apt_seed1/metrics.jsonlWriting metrics: /scratch/midway3/rickybao/dreamerv3_runs/pretrain_apt_seed1/scores.jsonl


--------------------[Agent Step 149_872]--------------------
Metrics filtered by: 'score|length|fps|ratio|train/loss/|train/rand/'
train/loss/con 0.02 / train/loss/dyn 6 / train/loss/height 3.3e-3 / train/loss/orientations 0.2 / train/loss/policy -3.2e-4 / train/loss/rep 6 / train/loss/value 1.24 / train/loss/velocity 0.91 / replay/replay_ratio 1040 / fps/policy 5.62 / fps/train 5753.05

Writing metrics: /scratch/midway3/rickybao/dreamerv3_runs/pretrain_apt_seed1/metrics.jsonlWriting metrics: /scratch/midway3/rickybao/dreamerv3_runs/pretrain_apt_seed1/scores.jsonl


--------------------[Agent Step 150_560]--------------------
Metrics filtered by: 'score|length|fps|ratio|train/loss/|train/rand/'
train/loss/con 0.02 / train/loss/dyn 6.01 / train/loss/height 3.3e-3 / train/loss/orientations 0.2 / train/loss/policy 1.4e-3 / train/loss/rep 6.01 / train/loss/value 1.24 / train/loss/velocity 0.91 / replay/replay_ratio 1040 / fps/policy 5.62 / fps/train 5754.36

Writing metrics: /scratch/midway3/rickybao/dreamerv3_runs/pretrain_apt_seed1/metrics.jsonlWriting metrics: /scratch/midway3/rickybao/dreamerv3_runs/pretrain_apt_seed1/scores.jsonl


--------------------[Agent Step 151_248]--------------------
Metrics filtered by: 'score|length|fps|ratio|train/loss/|train/rand/'
train/loss/con 0.02 / train/loss/dyn 6.01 / train/loss/height 3.3e-3 / train/loss/orientations 0.2 / train/loss/policy 2.1e-3 / train/loss/rep 6.01 / train/loss/value 1.24 / train/loss/velocity 0.91 / replay/replay_ratio 1040 / fps/policy 5.62 / fps/train 5755.89

Writing metrics: /scratch/midway3/rickybao/dreamerv3_runs/pretrain_apt_seed1/metrics.jsonlWriting metrics: /scratch/midway3/rickybao/dreamerv3_runs/pretrain_apt_seed1/scores.jsonl


--------------------[Agent Step 151_936]--------------------
Metrics filtered by: 'score|length|fps|ratio|train/loss/|train/rand/'
train/loss/con 0.02 / train/loss/dyn 6.02 / train/loss/height 3.3e-3 / train/loss/orientations 0.2 / train/loss/policy 2.5e-3 / train/loss/rep 6.02 / train/loss/value 1.24 / train/loss/velocity 0.91 / replay/replay_ratio 1040 / fps/policy 5.61 / fps/train 5746.22

Writing metrics: /scratch/midway3/rickybao/dreamerv3_runs/pretrain_apt_seed1/metrics.jsonlWriting metrics: /scratch/midway3/rickybao/dreamerv3_runs/pretrain_apt_seed1/scores.jsonl


--------------------[Agent Step 152_624]--------------------
Metrics filtered by: 'score|length|fps|ratio|train/loss/|train/rand/'
train/loss/con 0.02 / train/loss/dyn 5.98 / train/loss/height 3.4e-3 / train/loss/orientations 0.2 / train/loss/policy 3.7e-3 / train/loss/rep 5.98 / train/loss/value 1.24 / train/loss/velocity 0.91 / replay/replay_ratio 1040 / fps/policy 5.62 / fps/train 5759.42

Writing metrics: /scratch/midway3/rickybao/dreamerv3_runs/pretrain_apt_seed1/metrics.jsonlWriting metrics: /scratch/midway3/rickybao/dreamerv3_runs/pretrain_apt_seed1/scores.jsonl


--------------------[Agent Step 153_312]--------------------
Metrics filtered by: 'score|length|fps|ratio|train/loss/|train/rand/'
train/loss/con 0.02 / train/loss/dyn 6 / train/loss/height 3.2e-3 / train/loss/orientations 0.2 / train/loss/policy 2.4e-3 / train/loss/rep 6 / train/loss/value 1.24 / train/loss/velocity 0.91 / replay/replay_ratio 1040 / fps/policy 5.62 / fps/train 5758.47

Writing metrics: /scratch/midway3/rickybao/dreamerv3_runs/pretrain_apt_seed1/scores.jsonlWriting metrics: /scratch/midway3/rickybao/dreamerv3_runs/pretrain_apt_seed1/metrics.jsonl


--------------------[Agent Step 154_000]--------------------
Metrics filtered by: 'score|length|fps|ratio|train/loss/|train/rand/'
train/loss/con 0.02 / train/loss/dyn 6.01 / train/loss/height 3.2e-3 / train/loss/orientations 0.2 / train/loss/policy 2.8e-3 / train/loss/rep 6.01 / train/loss/value 1.25 / train/loss/velocity 0.91 / replay/replay_ratio 1040 / fps/policy 5.62 / fps/train 5757.62

Writing metrics: /scratch/midway3/rickybao/dreamerv3_runs/pretrain_apt_seed1/scores.jsonlWriting metrics: /scratch/midway3/rickybao/dreamerv3_runs/pretrain_apt_seed1/metrics.jsonl

Saving checkpoint: /scratch/midway3/rickybao/dreamerv3_runs/pretrain_apt_seed1/ckpt/20260517T010115F648662
Saved checkpoint.

--------------------[Agent Step 154_688]--------------------
Metrics filtered by: 'score|length|fps|ratio|train/loss/|train/rand/'
train/loss/con 0.02 / train/loss/dyn 6.01 / train/loss/height 3.3e-3 / train/loss/orientations 0.2 / train/loss/policy 1.6e-3 / train/loss/rep 6.01 / train/loss/value 1.25 / train/loss/velocity 0.91 / replay/replay_ratio 1040 / fps/policy 5.61 / fps/train 5745.61

Writing metrics: /scratch/midway3/rickybao/dreamerv3_runs/pretrain_apt_seed1/scores.jsonlWriting metrics: /scratch/midway3/rickybao/dreamerv3_runs/pretrain_apt_seed1/metrics.jsonl


--------------------[Agent Step 155_376]--------------------
Metrics filtered by: 'score|length|fps|ratio|train/loss/|train/rand/'
train/loss/con 0.02 / train/loss/dyn 5.98 / train/loss/height 3.2e-3 / train/loss/orientations 0.19 / train/loss/policy 4.7e-3 / train/loss/rep 5.98 / train/loss/value 1.25 / train/loss/velocity 0.9 / replay/replay_ratio 1040 / fps/policy 5.62 / fps/train 5755.92

Writing metrics: /scratch/midway3/rickybao/dreamerv3_runs/pretrain_apt_seed1/metrics.jsonlWriting metrics: /scratch/midway3/rickybao/dreamerv3_runs/pretrain_apt_seed1/scores.jsonl


--------------------[Agent Step 156_064]--------------------
Metrics filtered by: 'score|length|fps|ratio|train/loss/|train/rand/'
train/loss/con 0.02 / train/loss/dyn 6.02 / train/loss/height 3.2e-3 / train/loss/orientations 0.2 / train/loss/policy 2.4e-3 / train/loss/rep 6.02 / train/loss/value 1.25 / train/loss/velocity 0.9 / replay/replay_ratio 1040 / fps/policy 5.62 / fps/train 5755.95

Writing metrics: /scratch/midway3/rickybao/dreamerv3_runs/pretrain_apt_seed1/metrics.jsonlWriting metrics: /scratch/midway3/rickybao/dreamerv3_runs/pretrain_apt_seed1/scores.jsonl


--------------------[Agent Step 156_752]--------------------
Metrics filtered by: 'score|length|fps|ratio|train/loss/|train/rand/'
train/loss/con 0.02 / train/loss/dyn 5.99 / train/loss/height 3.2e-3 / train/loss/orientations 0.2 / train/loss/policy 1.9e-3 / train/loss/rep 5.99 / train/loss/value 1.25 / train/loss/velocity 0.9 / replay/replay_ratio 1040 / fps/policy 5.62 / fps/train 5757.45

Writing metrics: /scratch/midway3/rickybao/dreamerv3_runs/pretrain_apt_seed1/scores.jsonlWriting metrics: /scratch/midway3/rickybao/dreamerv3_runs/pretrain_apt_seed1/metrics.jsonl


--------------------[Agent Step 157_440]--------------------
Metrics filtered by: 'score|length|fps|ratio|train/loss/|train/rand/'
train/loss/con 0.02 / train/loss/dyn 5.98 / train/loss/height 3.1e-3 / train/loss/orientations 0.19 / train/loss/policy 3.6e-3 / train/loss/rep 5.98 / train/loss/value 1.25 / train/loss/velocity 0.9 / replay/replay_ratio 1040 / fps/policy 5.62 / fps/train 5754.43

Writing metrics: /scratch/midway3/rickybao/dreamerv3_runs/pretrain_apt_seed1/metrics.jsonlWriting metrics: /scratch/midway3/rickybao/dreamerv3_runs/pretrain_apt_seed1/scores.jsonl


--------------------[Agent Step 158_128]--------------------
Metrics filtered by: 'score|length|fps|ratio|train/loss/|train/rand/'
train/loss/con 0.02 / train/loss/dyn 6.01 / train/loss/height 3.1e-3 / train/loss/orientations 0.19 / train/loss/policy 1.7e-3 / train/loss/rep 6.01 / train/loss/value 1.25 / train/loss/velocity 0.9 / replay/replay_ratio 1040 / fps/policy 5.62 / fps/train 5755.91

Writing metrics: /scratch/midway3/rickybao/dreamerv3_runs/pretrain_apt_seed1/metrics.jsonlWriting metrics: /scratch/midway3/rickybao/dreamerv3_runs/pretrain_apt_seed1/scores.jsonl


--------------------[Agent Step 158_816]--------------------
Metrics filtered by: 'score|length|fps|ratio|train/loss/|train/rand/'
train/loss/con 0.02 / train/loss/dyn 5.98 / train/loss/height 3.1e-3 / train/loss/orientations 0.19 / train/loss/policy 3.4e-3 / train/loss/rep 5.98 / train/loss/value 1.25 / train/loss/velocity 0.9 / replay/replay_ratio 1040 / fps/policy 5.62 / fps/train 5758.97

Writing metrics: /scratch/midway3/rickybao/dreamerv3_runs/pretrain_apt_seed1/metrics.jsonlWriting metrics: /scratch/midway3/rickybao/dreamerv3_runs/pretrain_apt_seed1/scores.jsonl

Saving checkpoint: /scratch/midway3/rickybao/dreamerv3_runs/pretrain_apt_seed1/ckpt/20260517T011618F118971
Saved checkpoint.

--------------------[Agent Step 159_504]--------------------
Metrics filtered by: 'score|length|fps|ratio|train/loss/|train/rand/'
train/loss/con 0.02 / train/loss/dyn 6 / train/loss/height 3.1e-3 / train/loss/orientations 0.19 / train/loss/policy 2.9e-3 / train/loss/rep 6 / train/loss/value 1.25 / train/loss/velocity 0.9 / replay/replay_ratio 1040 / fps/policy 5.61 / fps/train 5747.29

Writing metrics: /scratch/midway3/rickybao/dreamerv3_runs/pretrain_apt_seed1/metrics.jsonlWriting metrics: /scratch/midway3/rickybao/dreamerv3_runs/pretrain_apt_seed1/scores.jsonl


--------------------[Agent Step 160_192]--------------------
Metrics filtered by: 'score|length|fps|ratio|train/loss/|train/rand/'
episode/score 41.02 / episode/length 1001 / train/loss/con 0.02 / train/loss/dyn 5.99 / train/loss/height 3.1e-3 / train/loss/orientations 0.19 / train/loss/policy 5.5e-3 / train/loss/rep 5.99 / train/loss/value 1.25 / train/loss/velocity 0.9 / replay/replay_ratio 1040 / fps/policy 5.62 / fps/train 5756.61

Writing metrics: /scratch/midway3/rickybao/dreamerv3_runs/pretrain_apt_seed1/metrics.jsonlWriting metrics: /scratch/midway3/rickybao/dreamerv3_runs/pretrain_apt_seed1/scores.jsonl


--------------------[Agent Step 160_880]--------------------
Metrics filtered by: 'score|length|fps|ratio|train/loss/|train/rand/'
train/loss/con 0.02 / train/loss/dyn 5.99 / train/loss/height 3.2e-3 / train/loss/orientations 0.19 / train/loss/policy 2.7e-3 / train/loss/rep 5.99 / train/loss/value 1.25 / train/loss/velocity 0.9 / replay/replay_ratio 1040 / fps/policy 5.62 / fps/train 5751.95

Writing metrics: /scratch/midway3/rickybao/dreamerv3_runs/pretrain_apt_seed1/metrics.jsonlWriting metrics: /scratch/midway3/rickybao/dreamerv3_runs/pretrain_apt_seed1/scores.jsonl


--------------------[Agent Step 161_568]--------------------
Metrics filtered by: 'score|length|fps|ratio|train/loss/|train/rand/'
train/loss/con 0.02 / train/loss/dyn 6.02 / train/loss/height 3.2e-3 / train/loss/orientations 0.19 / train/loss/policy 1.5e-3 / train/loss/rep 6.02 / train/loss/value 1.25 / train/loss/velocity 0.9 / replay/replay_ratio 1040 / fps/policy 5.62 / fps/train 5755.16

Writing metrics: /scratch/midway3/rickybao/dreamerv3_runs/pretrain_apt_seed1/metrics.jsonlWriting metrics: /scratch/midway3/rickybao/dreamerv3_runs/pretrain_apt_seed1/scores.jsonl


--------------------[Agent Step 162_256]--------------------
Metrics filtered by: 'score|length|fps|ratio|train/loss/|train/rand/'
train/loss/con 0.02 / train/loss/dyn 6 / train/loss/height 3.3e-3 / train/loss/orientations 0.19 / train/loss/policy 2.5e-3 / train/loss/rep 6 / train/loss/value 1.25 / train/loss/velocity 0.9 / replay/replay_ratio 1040 / fps/policy 5.62 / fps/train 5751.04

Writing metrics: /scratch/midway3/rickybao/dreamerv3_runs/pretrain_apt_seed1/metrics.jsonlWriting metrics: /scratch/midway3/rickybao/dreamerv3_runs/pretrain_apt_seed1/scores.jsonl


--------------------[Agent Step 162_944]--------------------
Metrics filtered by: 'score|length|fps|ratio|train/loss/|train/rand/'
train/loss/con 0.02 / train/loss/dyn 6.01 / train/loss/height 3.2e-3 / train/loss/orientations 0.19 / train/loss/policy 4.2e-3 / train/loss/rep 6.01 / train/loss/value 1.25 / train/loss/velocity 0.9 / replay/replay_ratio 1040 / fps/policy 5.62 / fps/train 5751.15

Writing metrics: /scratch/midway3/rickybao/dreamerv3_runs/pretrain_apt_seed1/metrics.jsonlWriting metrics: /scratch/midway3/rickybao/dreamerv3_runs/pretrain_apt_seed1/scores.jsonl


--------------------[Agent Step 163_632]--------------------
Metrics filtered by: 'score|length|fps|ratio|train/loss/|train/rand/'
train/loss/con 0.02 / train/loss/dyn 6.02 / train/loss/height 3.1e-3 / train/loss/orientations 0.19 / train/loss/policy 6.7e-3 / train/loss/rep 6.02 / train/loss/value 1.25 / train/loss/velocity 0.9 / replay/replay_ratio 1040 / fps/policy 5.62 / fps/train 5751.87

Writing metrics: /scratch/midway3/rickybao/dreamerv3_runs/pretrain_apt_seed1/metrics.jsonlWriting metrics: /scratch/midway3/rickybao/dreamerv3_runs/pretrain_apt_seed1/scores.jsonl

Saving checkpoint: /scratch/midway3/rickybao/dreamerv3_runs/pretrain_apt_seed1/ckpt/20260517T013118F169277
Saved checkpoint.

--------------------[Agent Step 164_320]--------------------
Metrics filtered by: 'score|length|fps|ratio|train/loss/|train/rand/'
train/loss/con 0.02 / train/loss/dyn 6.03 / train/loss/height 3.2e-3 / train/loss/orientations 0.19 / train/loss/policy 7.7e-3 / train/loss/rep 6.03 / train/loss/value 1.25 / train/loss/velocity 0.9 / replay/replay_ratio 1040 / fps/policy 5.61 / fps/train 5743.82

Writing metrics: /scratch/midway3/rickybao/dreamerv3_runs/pretrain_apt_seed1/metrics.jsonlWriting metrics: /scratch/midway3/rickybao/dreamerv3_runs/pretrain_apt_seed1/scores.jsonl


--------------------[Agent Step 165_008]--------------------
Metrics filtered by: 'score|length|fps|ratio|train/loss/|train/rand/'
train/loss/con 0.02 / train/loss/dyn 6.01 / train/loss/height 3.1e-3 / train/loss/orientations 0.19 / train/loss/policy 5e-3 / train/loss/rep 6.01 / train/loss/value 1.26 / train/loss/velocity 0.9 / replay/replay_ratio 1040 / fps/policy 5.62 / fps/train 5753.25

Writing metrics: /scratch/midway3/rickybao/dreamerv3_runs/pretrain_apt_seed1/metrics.jsonlWriting metrics: /scratch/midway3/rickybao/dreamerv3_runs/pretrain_apt_seed1/scores.jsonl


--------------------[Agent Step 165_696]--------------------
Metrics filtered by: 'score|length|fps|ratio|train/loss/|train/rand/'
train/loss/con 0.02 / train/loss/dyn 6.02 / train/loss/height 3.1e-3 / train/loss/orientations 0.19 / train/loss/policy 4.2e-3 / train/loss/rep 6.02 / train/loss/value 1.26 / train/loss/velocity 0.9 / replay/replay_ratio 1040 / fps/policy 5.62 / fps/train 5753.49

Writing metrics: /scratch/midway3/rickybao/dreamerv3_runs/pretrain_apt_seed1/metrics.jsonlWriting metrics: /scratch/midway3/rickybao/dreamerv3_runs/pretrain_apt_seed1/scores.jsonl


--------------------[Agent Step 166_384]--------------------
Metrics filtered by: 'score|length|fps|ratio|train/loss/|train/rand/'
train/loss/con 0.02 / train/loss/dyn 6.02 / train/loss/height 3.1e-3 / train/loss/orientations 0.19 / train/loss/policy 0.01 / train/loss/rep 6.02 / train/loss/value 1.26 / train/loss/velocity 0.9 / replay/replay_ratio 1040 / fps/policy 5.62 / fps/train 5754.18

Writing metrics: /scratch/midway3/rickybao/dreamerv3_runs/pretrain_apt_seed1/scores.jsonlWriting metrics: /scratch/midway3/rickybao/dreamerv3_runs/pretrain_apt_seed1/metrics.jsonl


--------------------[Agent Step 167_072]--------------------
Metrics filtered by: 'score|length|fps|ratio|train/loss/|train/rand/'
train/loss/con 0.02 / train/loss/dyn 6.03 / train/loss/height 3e-3 / train/loss/orientations 0.19 / train/loss/policy 8.9e-3 / train/loss/rep 6.03 / train/loss/value 1.26 / train/loss/velocity 0.9 / replay/replay_ratio 1040 / fps/policy 5.62 / fps/train 5753.7

Writing metrics: /scratch/midway3/rickybao/dreamerv3_runs/pretrain_apt_seed1/metrics.jsonlWriting metrics: /scratch/midway3/rickybao/dreamerv3_runs/pretrain_apt_seed1/scores.jsonl


--------------------[Agent Step 167_760]--------------------
Metrics filtered by: 'score|length|fps|ratio|train/loss/|train/rand/'
train/loss/con 0.02 / train/loss/dyn 6.01 / train/loss/height 3.1e-3 / train/loss/orientations 0.19 / train/loss/policy 9.5e-3 / train/loss/rep 6.01 / train/loss/value 1.26 / train/loss/velocity 0.9 / replay/replay_ratio 1040 / fps/policy 5.62 / fps/train 5752.1

Writing metrics: /scratch/midway3/rickybao/dreamerv3_runs/pretrain_apt_seed1/metrics.jsonl
Writing metrics: /scratch/midway3/rickybao/dreamerv3_runs/pretrain_apt_seed1/scores.jsonl

--------------------[Agent Step 168_448]--------------------
Metrics filtered by: 'score|length|fps|ratio|train/loss/|train/rand/'
train/loss/con 0.02 / train/loss/dyn 6.04 / train/loss/height 3.1e-3 / train/loss/orientations 0.18 / train/loss/policy 4.9e-3 / train/loss/rep 6.04 / train/loss/value 1.26 / train/loss/velocity 0.9 / replay/replay_ratio 1040 / fps/policy 5.62 / fps/train 5755.72

Writing metrics: /scratch/midway3/rickybao/dreamerv3_runs/pretrain_apt_seed1/metrics.jsonl
Writing metrics: /scratch/midway3/rickybao/dreamerv3_runs/pretrain_apt_seed1/scores.jsonl

--------------------[Agent Step 169_136]--------------------
Metrics filtered by: 'score|length|fps|ratio|train/loss/|train/rand/'
train/loss/con 0.02 / train/loss/dyn 6.01 / train/loss/height 3.1e-3 / train/loss/orientations 0.18 / train/loss/policy 9.7e-4 / train/loss/rep 6.01 / train/loss/value 1.26 / train/loss/velocity 0.9 / replay/replay_ratio 1040 / fps/policy 5.62 / fps/train 5758.6

Writing metrics: /scratch/midway3/rickybao/dreamerv3_runs/pretrain_apt_seed1/metrics.jsonlWriting metrics: /scratch/midway3/rickybao/dreamerv3_runs/pretrain_apt_seed1/scores.jsonl

Saving checkpoint: /scratch/midway3/rickybao/dreamerv3_runs/pretrain_apt_seed1/ckpt/20260517T014620F978352
Saved checkpoint.

--------------------[Agent Step 169_824]--------------------
Metrics filtered by: 'score|length|fps|ratio|train/loss/|train/rand/'
train/loss/con 0.02 / train/loss/dyn 6.02 / train/loss/height 3.1e-3 / train/loss/orientations 0.19 / train/loss/policy 8.2e-3 / train/loss/rep 6.02 / train/loss/value 1.26 / train/loss/velocity 0.9 / replay/replay_ratio 1040 / fps/policy 5.61 / fps/train 5747.17

Writing metrics: /scratch/midway3/rickybao/dreamerv3_runs/pretrain_apt_seed1/metrics.jsonlWriting metrics: /scratch/midway3/rickybao/dreamerv3_runs/pretrain_apt_seed1/scores.jsonl


--------------------[Agent Step 170_512]--------------------
Metrics filtered by: 'score|length|fps|ratio|train/loss/|train/rand/'
train/loss/con 0.02 / train/loss/dyn 6.02 / train/loss/height 3.1e-3 / train/loss/orientations 0.19 / train/loss/policy 8.5e-3 / train/loss/rep 6.02 / train/loss/value 1.26 / train/loss/velocity 0.9 / replay/replay_ratio 1040 / fps/policy 5.62 / fps/train 5757.57

Writing metrics: /scratch/midway3/rickybao/dreamerv3_runs/pretrain_apt_seed1/metrics.jsonlWriting metrics: /scratch/midway3/rickybao/dreamerv3_runs/pretrain_apt_seed1/scores.jsonl


--------------------[Agent Step 171_200]--------------------
Metrics filtered by: 'score|length|fps|ratio|train/loss/|train/rand/'
train/loss/con 0.02 / train/loss/dyn 6.02 / train/loss/height 3.1e-3 / train/loss/orientations 0.18 / train/loss/policy 6e-3 / train/loss/rep 6.02 / train/loss/value 1.26 / train/loss/velocity 0.9 / replay/replay_ratio 1040 / fps/policy 5.62 / fps/train 5755.18

Writing metrics: /scratch/midway3/rickybao/dreamerv3_runs/pretrain_apt_seed1/metrics.jsonlWriting metrics: /scratch/midway3/rickybao/dreamerv3_runs/pretrain_apt_seed1/scores.jsonl


--------------------[Agent Step 171_888]--------------------
Metrics filtered by: 'score|length|fps|ratio|train/loss/|train/rand/'
train/loss/con 0.02 / train/loss/dyn 6 / train/loss/height 3.2e-3 / train/loss/orientations 0.18 / train/loss/policy 2.3e-3 / train/loss/rep 6 / train/loss/value 1.26 / train/loss/velocity 0.89 / replay/replay_ratio 1040 / fps/policy 5.62 / fps/train 5755.78

Writing metrics: /scratch/midway3/rickybao/dreamerv3_runs/pretrain_apt_seed1/metrics.jsonl
Writing metrics: /scratch/midway3/rickybao/dreamerv3_runs/pretrain_apt_seed1/scores.jsonl

--------------------[Agent Step 172_576]--------------------
Metrics filtered by: 'score|length|fps|ratio|train/loss/|train/rand/'
train/loss/con 0.02 / train/loss/dyn 6.06 / train/loss/height 3.1e-3 / train/loss/orientations 0.19 / train/loss/policy 7.3e-3 / train/loss/rep 6.06 / train/loss/value 1.26 / train/loss/velocity 0.9 / replay/replay_ratio 1040 / fps/policy 5.62 / fps/train 5755.12

Writing metrics: /scratch/midway3/rickybao/dreamerv3_runs/pretrain_apt_seed1/metrics.jsonl
Writing metrics: /scratch/midway3/rickybao/dreamerv3_runs/pretrain_apt_seed1/scores.jsonl

--------------------[Agent Step 173_264]--------------------
Metrics filtered by: 'score|length|fps|ratio|train/loss/|train/rand/'
train/loss/con 0.02 / train/loss/dyn 6.05 / train/loss/height 3.1e-3 / train/loss/orientations 0.18 / train/loss/policy 4.6e-3 / train/loss/rep 6.05 / train/loss/value 1.26 / train/loss/velocity 0.9 / replay/replay_ratio 1040 / fps/policy 5.62 / fps/train 5755.64

Writing metrics: /scratch/midway3/rickybao/dreamerv3_runs/pretrain_apt_seed1/metrics.jsonlWriting metrics: /scratch/midway3/rickybao/dreamerv3_runs/pretrain_apt_seed1/scores.jsonl


--------------------[Agent Step 173_952]--------------------
Metrics filtered by: 'score|length|fps|ratio|train/loss/|train/rand/'
train/loss/con 0.02 / train/loss/dyn 6.04 / train/loss/height 3.1e-3 / train/loss/orientations 0.18 / train/loss/policy 6.4e-3 / train/loss/rep 6.04 / train/loss/value 1.26 / train/loss/velocity 0.89 / replay/replay_ratio 1040 / fps/policy 5.62 / fps/train 5755.72

Writing metrics: /scratch/midway3/rickybao/dreamerv3_runs/pretrain_apt_seed1/metrics.jsonlWriting metrics: /scratch/midway3/rickybao/dreamerv3_runs/pretrain_apt_seed1/scores.jsonl

Saving checkpoint: /scratch/midway3/rickybao/dreamerv3_runs/pretrain_apt_seed1/ckpt/20260517T020123F476711
Saved checkpoint.

--------------------[Agent Step 174_640]--------------------
Metrics filtered by: 'score|length|fps|ratio|train/loss/|train/rand/'
train/loss/con 0.02 / train/loss/dyn 6.05 / train/loss/height 3.1e-3 / train/loss/orientations 0.18 / train/loss/policy 6.4e-3 / train/loss/rep 6.05 / train/loss/value 1.27 / train/loss/velocity 0.9 / replay/replay_ratio 1040 / fps/policy 5.61 / fps/train 5744.65

Writing metrics: /scratch/midway3/rickybao/dreamerv3_runs/pretrain_apt_seed1/metrics.jsonlWriting metrics: /scratch/midway3/rickybao/dreamerv3_runs/pretrain_apt_seed1/scores.jsonl


--------------------[Agent Step 175_328]--------------------
Metrics filtered by: 'score|length|fps|ratio|train/loss/|train/rand/'
train/loss/con 0.02 / train/loss/dyn 6.07 / train/loss/height 3e-3 / train/loss/orientations 0.18 / train/loss/policy 4.3e-3 / train/loss/rep 6.07 / train/loss/value 1.27 / train/loss/velocity 0.9 / replay/replay_ratio 1040 / fps/policy 5.62 / fps/train 5755.68

Writing metrics: /scratch/midway3/rickybao/dreamerv3_runs/pretrain_apt_seed1/metrics.jsonlWriting metrics: /scratch/midway3/rickybao/dreamerv3_runs/pretrain_apt_seed1/scores.jsonl


--------------------[Agent Step 176_016]--------------------
Metrics filtered by: 'score|length|fps|ratio|train/loss/|train/rand/'
train/loss/con 0.02 / train/loss/dyn 6.03 / train/loss/height 3e-3 / train/loss/orientations 0.18 / train/loss/policy 7.8e-3 / train/loss/rep 6.03 / train/loss/value 1.27 / train/loss/velocity 0.9 / replay/replay_ratio 1040 / fps/policy 5.62 / fps/train 5758.33

Writing metrics: /scratch/midway3/rickybao/dreamerv3_runs/pretrain_apt_seed1/metrics.jsonlWriting metrics: /scratch/midway3/rickybao/dreamerv3_runs/pretrain_apt_seed1/scores.jsonl


--------------------[Agent Step 176_704]--------------------
Metrics filtered by: 'score|length|fps|ratio|train/loss/|train/rand/'
episode/score 31.73 / episode/length 1001 / train/loss/con 0.02 / train/loss/dyn 6.02 / train/loss/height 3e-3 / train/loss/orientations 0.18 / train/loss/policy 0.01 / train/loss/rep 6.02 / train/loss/value 1.27 / train/loss/velocity 0.89 / replay/replay_ratio 1040 / fps/policy 5.62 / fps/train 5750.48

Writing metrics: /scratch/midway3/rickybao/dreamerv3_runs/pretrain_apt_seed1/metrics.jsonlWriting metrics: /scratch/midway3/rickybao/dreamerv3_runs/pretrain_apt_seed1/scores.jsonl


--------------------[Agent Step 177_392]--------------------
Metrics filtered by: 'score|length|fps|ratio|train/loss/|train/rand/'
train/loss/con 0.02 / train/loss/dyn 6.05 / train/loss/height 3e-3 / train/loss/orientations 0.18 / train/loss/policy 2.4e-3 / train/loss/rep 6.05 / train/loss/value 1.27 / train/loss/velocity 0.9 / replay/replay_ratio 1040 / fps/policy 5.61 / fps/train 5749.69

Writing metrics: /scratch/midway3/rickybao/dreamerv3_runs/pretrain_apt_seed1/metrics.jsonlWriting metrics: /scratch/midway3/rickybao/dreamerv3_runs/pretrain_apt_seed1/scores.jsonl


--------------------[Agent Step 178_080]--------------------
Metrics filtered by: 'score|length|fps|ratio|train/loss/|train/rand/'
train/loss/con 0.02 / train/loss/dyn 6.06 / train/loss/height 3.1e-3 / train/loss/orientations 0.18 / train/loss/policy 3.8e-3 / train/loss/rep 6.06 / train/loss/value 1.27 / train/loss/velocity 0.9 / replay/replay_ratio 1040 / fps/policy 5.62 / fps/train 5750.44

Writing metrics: /scratch/midway3/rickybao/dreamerv3_runs/pretrain_apt_seed1/scores.jsonlWriting metrics: /scratch/midway3/rickybao/dreamerv3_runs/pretrain_apt_seed1/metrics.jsonl


--------------------[Agent Step 178_768]--------------------
Metrics filtered by: 'score|length|fps|ratio|train/loss/|train/rand/'
train/loss/con 0.02 / train/loss/dyn 6.07 / train/loss/height 3.1e-3 / train/loss/orientations 0.18 / train/loss/policy 2.6e-3 / train/loss/rep 6.07 / train/loss/value 1.27 / train/loss/velocity 0.9 / replay/replay_ratio 1040 / fps/policy 5.62 / fps/train 5753.8

Writing metrics: /scratch/midway3/rickybao/dreamerv3_runs/pretrain_apt_seed1/metrics.jsonlWriting metrics: /scratch/midway3/rickybao/dreamerv3_runs/pretrain_apt_seed1/scores.jsonl

Saving checkpoint: /scratch/midway3/rickybao/dreamerv3_runs/pretrain_apt_seed1/ckpt/20260517T021623F590253
Saved checkpoint.

--------------------[Agent Step 179_456]--------------------
Metrics filtered by: 'score|length|fps|ratio|train/loss/|train/rand/'
train/loss/con 0.02 / train/loss/dyn 6.05 / train/loss/height 3e-3 / train/loss/orientations 0.18 / train/loss/policy -2.7e-4 / train/loss/rep 6.05 / train/loss/value 1.27 / train/loss/velocity 0.9 / replay/replay_ratio 1040 / fps/policy 5.61 / fps/train 5743.13

Writing metrics: /scratch/midway3/rickybao/dreamerv3_runs/pretrain_apt_seed1/metrics.jsonl
Writing metrics: /scratch/midway3/rickybao/dreamerv3_runs/pretrain_apt_seed1/scores.jsonl

--------------------[Agent Step 180_144]--------------------
Metrics filtered by: 'score|length|fps|ratio|train/loss/|train/rand/'
train/loss/con 0.02 / train/loss/dyn 6.05 / train/loss/height 3.1e-3 / train/loss/orientations 0.18 / train/loss/policy 3.1e-3 / train/loss/rep 6.05 / train/loss/value 1.27 / train/loss/velocity 0.9 / replay/replay_ratio 1040 / fps/policy 5.62 / fps/train 5753.81

Writing metrics: /scratch/midway3/rickybao/dreamerv3_runs/pretrain_apt_seed1/metrics.jsonlWriting metrics: /scratch/midway3/rickybao/dreamerv3_runs/pretrain_apt_seed1/scores.jsonl


--------------------[Agent Step 180_832]--------------------
Metrics filtered by: 'score|length|fps|ratio|train/loss/|train/rand/'
train/loss/con 0.02 / train/loss/dyn 6.08 / train/loss/height 3.1e-3 / train/loss/orientations 0.18 / train/loss/policy 6e-3 / train/loss/rep 6.08 / train/loss/value 1.27 / train/loss/velocity 0.9 / replay/replay_ratio 1040 / fps/policy 5.62 / fps/train 5754.4

Writing metrics: /scratch/midway3/rickybao/dreamerv3_runs/pretrain_apt_seed1/metrics.jsonlWriting metrics: /scratch/midway3/rickybao/dreamerv3_runs/pretrain_apt_seed1/scores.jsonl


--------------------[Agent Step 181_520]--------------------
Metrics filtered by: 'score|length|fps|ratio|train/loss/|train/rand/'
train/loss/con 0.02 / train/loss/dyn 6.05 / train/loss/height 3.1e-3 / train/loss/orientations 0.18 / train/loss/policy 3.8e-3 / train/loss/rep 6.05 / train/loss/value 1.27 / train/loss/velocity 0.9 / replay/replay_ratio 1040 / fps/policy 5.62 / fps/train 5755.54

Writing metrics: /scratch/midway3/rickybao/dreamerv3_runs/pretrain_apt_seed1/metrics.jsonlWriting metrics: /scratch/midway3/rickybao/dreamerv3_runs/pretrain_apt_seed1/scores.jsonl


--------------------[Agent Step 182_208]--------------------
Metrics filtered by: 'score|length|fps|ratio|train/loss/|train/rand/'
train/loss/con 0.02 / train/loss/dyn 6.06 / train/loss/height 3e-3 / train/loss/orientations 0.18 / train/loss/policy 4.2e-3 / train/loss/rep 6.06 / train/loss/value 1.27 / train/loss/velocity 0.9 / replay/replay_ratio 1040 / fps/policy 5.62 / fps/train 5755.76

Writing metrics: /scratch/midway3/rickybao/dreamerv3_runs/pretrain_apt_seed1/metrics.jsonlWriting metrics: /scratch/midway3/rickybao/dreamerv3_runs/pretrain_apt_seed1/scores.jsonl


--------------------[Agent Step 182_896]--------------------
Metrics filtered by: 'score|length|fps|ratio|train/loss/|train/rand/'
train/loss/con 0.02 / train/loss/dyn 6.05 / train/loss/height 3e-3 / train/loss/orientations 0.18 / train/loss/policy 9.2e-3 / train/loss/rep 6.05 / train/loss/value 1.27 / train/loss/velocity 0.89 / replay/replay_ratio 1040 / fps/policy 5.62 / fps/train 5753.39

Writing metrics: /scratch/midway3/rickybao/dreamerv3_runs/pretrain_apt_seed1/metrics.jsonl
Writing metrics: /scratch/midway3/rickybao/dreamerv3_runs/pretrain_apt_seed1/scores.jsonl

--------------------[Agent Step 183_584]--------------------
Metrics filtered by: 'score|length|fps|ratio|train/loss/|train/rand/'
train/loss/con 0.02 / train/loss/dyn 6.07 / train/loss/height 3e-3 / train/loss/orientations 0.18 / train/loss/policy 7.7e-4 / train/loss/rep 6.07 / train/loss/value 1.27 / train/loss/velocity 0.9 / replay/replay_ratio 1040 / fps/policy 5.62 / fps/train 5757.23

Writing metrics: /scratch/midway3/rickybao/dreamerv3_runs/pretrain_apt_seed1/metrics.jsonlWriting metrics: /scratch/midway3/rickybao/dreamerv3_runs/pretrain_apt_seed1/scores.jsonl


--------------------[Agent Step 184_272]--------------------
Metrics filtered by: 'score|length|fps|ratio|train/loss/|train/rand/'
train/loss/con 0.02 / train/loss/dyn 6.06 / train/loss/height 3.1e-3 / train/loss/orientations 0.18 / train/loss/policy -3.3e-3 / train/loss/rep 6.06 / train/loss/value 1.27 / train/loss/velocity 0.9 / replay/replay_ratio 1040 / fps/policy 5.62 / fps/train 5754.36

Writing metrics: /scratch/midway3/rickybao/dreamerv3_runs/pretrain_apt_seed1/metrics.jsonlWriting metrics: /scratch/midway3/rickybao/dreamerv3_runs/pretrain_apt_seed1/scores.jsonl

Saving checkpoint: /scratch/midway3/rickybao/dreamerv3_runs/pretrain_apt_seed1/ckpt/20260517T023126F347352
Saved checkpoint.

--------------------[Agent Step 184_960]--------------------
Metrics filtered by: 'score|length|fps|ratio|train/loss/|train/rand/'
train/loss/con 0.02 / train/loss/dyn 6.05 / train/loss/height 3e-3 / train/loss/orientations 0.18 / train/loss/policy -2.5e-4 / train/loss/rep 6.05 / train/loss/value 1.27 / train/loss/velocity 0.9 / replay/replay_ratio 1040 / fps/policy 5.61 / fps/train 5744.98

Writing metrics: /scratch/midway3/rickybao/dreamerv3_runs/pretrain_apt_seed1/metrics.jsonlWriting metrics: /scratch/midway3/rickybao/dreamerv3_runs/pretrain_apt_seed1/scores.jsonl


--------------------[Agent Step 185_648]--------------------
Metrics filtered by: 'score|length|fps|ratio|train/loss/|train/rand/'
train/loss/con 0.02 / train/loss/dyn 6.06 / train/loss/height 3.1e-3 / train/loss/orientations 0.18 / train/loss/policy 6.9e-3 / train/loss/rep 6.06 / train/loss/value 1.27 / train/loss/velocity 0.9 / replay/replay_ratio 1040 / fps/policy 5.62 / fps/train 5758.91

Writing metrics: /scratch/midway3/rickybao/dreamerv3_runs/pretrain_apt_seed1/metrics.jsonlWriting metrics: /scratch/midway3/rickybao/dreamerv3_runs/pretrain_apt_seed1/scores.jsonl


--------------------[Agent Step 186_336]--------------------
Metrics filtered by: 'score|length|fps|ratio|train/loss/|train/rand/'
train/loss/con 0.02 / train/loss/dyn 6.05 / train/loss/height 3.1e-3 / train/loss/orientations 0.17 / train/loss/policy 1.7e-3 / train/loss/rep 6.05 / train/loss/value 1.27 / train/loss/velocity 0.89 / replay/replay_ratio 1040 / fps/policy 5.62 / fps/train 5756.3

Writing metrics: /scratch/midway3/rickybao/dreamerv3_runs/pretrain_apt_seed1/metrics.jsonlWriting metrics: /scratch/midway3/rickybao/dreamerv3_runs/pretrain_apt_seed1/scores.jsonl


--------------------[Agent Step 187_024]--------------------
Metrics filtered by: 'score|length|fps|ratio|train/loss/|train/rand/'
train/loss/con 0.02 / train/loss/dyn 6.05 / train/loss/height 2.9e-3 / train/loss/orientations 0.17 / train/loss/policy 2.5e-3 / train/loss/rep 6.05 / train/loss/value 1.27 / train/loss/velocity 0.89 / replay/replay_ratio 1040 / fps/policy 5.62 / fps/train 5756.37

Writing metrics: /scratch/midway3/rickybao/dreamerv3_runs/pretrain_apt_seed1/scores.jsonlWriting metrics: /scratch/midway3/rickybao/dreamerv3_runs/pretrain_apt_seed1/metrics.jsonl


--------------------[Agent Step 187_712]--------------------
Metrics filtered by: 'score|length|fps|ratio|train/loss/|train/rand/'
train/loss/con 0.02 / train/loss/dyn 6.06 / train/loss/height 3e-3 / train/loss/orientations 0.18 / train/loss/policy 7.1e-3 / train/loss/rep 6.06 / train/loss/value 1.27 / train/loss/velocity 0.9 / replay/replay_ratio 1040 / fps/policy 5.62 / fps/train 5757.09

Writing metrics: /scratch/midway3/rickybao/dreamerv3_runs/pretrain_apt_seed1/metrics.jsonlWriting metrics: /scratch/midway3/rickybao/dreamerv3_runs/pretrain_apt_seed1/scores.jsonl


--------------------[Agent Step 188_400]--------------------
Metrics filtered by: 'score|length|fps|ratio|train/loss/|train/rand/'
train/loss/con 0.02 / train/loss/dyn 6.05 / train/loss/height 3e-3 / train/loss/orientations 0.18 / train/loss/policy 3.7e-3 / train/loss/rep 6.05 / train/loss/value 1.27 / train/loss/velocity 0.9 / replay/replay_ratio 1040 / fps/policy 5.62 / fps/train 5758.83

Writing metrics: /scratch/midway3/rickybao/dreamerv3_runs/pretrain_apt_seed1/scores.jsonlWriting metrics: /scratch/midway3/rickybao/dreamerv3_runs/pretrain_apt_seed1/metrics.jsonl


--------------------[Agent Step 189_088]--------------------
Metrics filtered by: 'score|length|fps|ratio|train/loss/|train/rand/'
train/loss/con 0.02 / train/loss/dyn 6.06 / train/loss/height 3e-3 / train/loss/orientations 0.17 / train/loss/policy 4.8e-3 / train/loss/rep 6.06 / train/loss/value 1.27 / train/loss/velocity 0.89 / replay/replay_ratio 1040 / fps/policy 5.62 / fps/train 5758.02

Writing metrics: /scratch/midway3/rickybao/dreamerv3_runs/pretrain_apt_seed1/scores.jsonlWriting metrics: /scratch/midway3/rickybao/dreamerv3_runs/pretrain_apt_seed1/metrics.jsonl

Saving checkpoint: /scratch/midway3/rickybao/dreamerv3_runs/pretrain_apt_seed1/ckpt/20260517T024628F683662
Saved checkpoint.

--------------------[Agent Step 189_776]--------------------
Metrics filtered by: 'score|length|fps|ratio|train/loss/|train/rand/'
train/loss/con 0.02 / train/loss/dyn 6.05 / train/loss/height 2.9e-3 / train/loss/orientations 0.17 / train/loss/policy 5.1e-3 / train/loss/rep 6.05 / train/loss/value 1.27 / train/loss/velocity 0.89 / replay/replay_ratio 1040 / fps/policy 5.61 / fps/train 5743.75

Writing metrics: /scratch/midway3/rickybao/dreamerv3_runs/pretrain_apt_seed1/metrics.jsonlWriting metrics: /scratch/midway3/rickybao/dreamerv3_runs/pretrain_apt_seed1/scores.jsonl


--------------------[Agent Step 190_464]--------------------
Metrics filtered by: 'score|length|fps|ratio|train/loss/|train/rand/'
train/loss/con 0.02 / train/loss/dyn 6.06 / train/loss/height 3e-3 / train/loss/orientations 0.17 / train/loss/policy 1.1e-3 / train/loss/rep 6.06 / train/loss/value 1.27 / train/loss/velocity 0.89 / replay/replay_ratio 1040 / fps/policy 5.62 / fps/train 5754.8

Writing metrics: /scratch/midway3/rickybao/dreamerv3_runs/pretrain_apt_seed1/metrics.jsonlWriting metrics: /scratch/midway3/rickybao/dreamerv3_runs/pretrain_apt_seed1/scores.jsonl


--------------------[Agent Step 191_152]--------------------
Metrics filtered by: 'score|length|fps|ratio|train/loss/|train/rand/'
train/loss/con 0.02 / train/loss/dyn 6.05 / train/loss/height 2.9e-3 / train/loss/orientations 0.17 / train/loss/policy -2.5e-3 / train/loss/rep 6.05 / train/loss/value 1.27 / train/loss/velocity 0.89 / replay/replay_ratio 1040 / fps/policy 5.62 / fps/train 5755.54

Writing metrics: /scratch/midway3/rickybao/dreamerv3_runs/pretrain_apt_seed1/metrics.jsonlWriting metrics: /scratch/midway3/rickybao/dreamerv3_runs/pretrain_apt_seed1/scores.jsonl


--------------------[Agent Step 191_840]--------------------
Metrics filtered by: 'score|length|fps|ratio|train/loss/|train/rand/'
train/loss/con 0.02 / train/loss/dyn 6.07 / train/loss/height 2.9e-3 / train/loss/orientations 0.17 / train/loss/policy 3.9e-3 / train/loss/rep 6.07 / train/loss/value 1.27 / train/loss/velocity 0.9 / replay/replay_ratio 1040 / fps/policy 5.62 / fps/train 5756.76

Writing metrics: /scratch/midway3/rickybao/dreamerv3_runs/pretrain_apt_seed1/metrics.jsonlWriting metrics: /scratch/midway3/rickybao/dreamerv3_runs/pretrain_apt_seed1/scores.jsonl


--------------------[Agent Step 192_528]--------------------
Metrics filtered by: 'score|length|fps|ratio|train/loss/|train/rand/'
episode/score 23.66 / episode/length 1001 / train/loss/con 0.02 / train/loss/dyn 6.07 / train/loss/height 3e-3 / train/loss/orientations 0.17 / train/loss/policy 4.5e-3 / train/loss/rep 6.07 / train/loss/value 1.27 / train/loss/velocity 0.9 / replay/replay_ratio 1040 / fps/policy 5.62 / fps/train 5755.8

Writing metrics: /scratch/midway3/rickybao/dreamerv3_runs/pretrain_apt_seed1/scores.jsonlWriting metrics: /scratch/midway3/rickybao/dreamerv3_runs/pretrain_apt_seed1/metrics.jsonl


--------------------[Agent Step 193_216]--------------------
Metrics filtered by: 'score|length|fps|ratio|train/loss/|train/rand/'
train/loss/con 0.02 / train/loss/dyn 6.07 / train/loss/height 3e-3 / train/loss/orientations 0.17 / train/loss/policy 4.6e-3 / train/loss/rep 6.07 / train/loss/value 1.27 / train/loss/velocity 0.89 / replay/replay_ratio 1040 / fps/policy 5.62 / fps/train 5750.08

Writing metrics: /scratch/midway3/rickybao/dreamerv3_runs/pretrain_apt_seed1/metrics.jsonlWriting metrics: /scratch/midway3/rickybao/dreamerv3_runs/pretrain_apt_seed1/scores.jsonl


--------------------[Agent Step 193_904]--------------------
Metrics filtered by: 'score|length|fps|ratio|train/loss/|train/rand/'
train/loss/con 0.02 / train/loss/dyn 6.09 / train/loss/height 3.1e-3 / train/loss/orientations 0.17 / train/loss/policy 5.3e-3 / train/loss/rep 6.09 / train/loss/value 1.27 / train/loss/velocity 0.9 / replay/replay_ratio 1040 / fps/policy 5.62 / fps/train 5753.82

Writing metrics: /scratch/midway3/rickybao/dreamerv3_runs/pretrain_apt_seed1/scores.jsonlWriting metrics: /scratch/midway3/rickybao/dreamerv3_runs/pretrain_apt_seed1/metrics.jsonl


--------------------[Agent Step 194_592]--------------------
Metrics filtered by: 'score|length|fps|ratio|train/loss/|train/rand/'
train/loss/con 0.02 / train/loss/dyn 6.07 / train/loss/height 3e-3 / train/loss/orientations 0.17 / train/loss/policy 4.9e-3 / train/loss/rep 6.07 / train/loss/value 1.28 / train/loss/velocity 0.89 / replay/replay_ratio 1040 / fps/policy 5.62 / fps/train 5755.56

Writing metrics: /scratch/midway3/rickybao/dreamerv3_runs/pretrain_apt_seed1/metrics.jsonlSaving checkpoint: /scratch/midway3/rickybao/dreamerv3_runs/pretrain_apt_seed1/ckpt/20260517T030131F477032Writing metrics: /scratch/midway3/rickybao/dreamerv3_runs/pretrain_apt_seed1/scores.jsonl


Saved checkpoint.

--------------------[Agent Step 195_280]--------------------
Metrics filtered by: 'score|length|fps|ratio|train/loss/|train/rand/'
train/loss/con 0.02 / train/loss/dyn 6.08 / train/loss/height 3e-3 / train/loss/orientations 0.17 / train/loss/policy -2.1e-3 / train/loss/rep 6.08 / train/loss/value 1.28 / train/loss/velocity 0.9 / replay/replay_ratio 1040 / fps/policy 5.61 / fps/train 5741.86

Writing metrics: /scratch/midway3/rickybao/dreamerv3_runs/pretrain_apt_seed1/metrics.jsonlWriting metrics: /scratch/midway3/rickybao/dreamerv3_runs/pretrain_apt_seed1/scores.jsonl


--------------------[Agent Step 195_968]--------------------
Metrics filtered by: 'score|length|fps|ratio|train/loss/|train/rand/'
train/loss/con 0.02 / train/loss/dyn 6.09 / train/loss/height 3.1e-3 / train/loss/orientations 0.17 / train/loss/policy 2.9e-4 / train/loss/rep 6.09 / train/loss/value 1.28 / train/loss/velocity 0.9 / replay/replay_ratio 1040 / fps/policy 5.62 / fps/train 5754.12

Writing metrics: /scratch/midway3/rickybao/dreamerv3_runs/pretrain_apt_seed1/scores.jsonlWriting metrics: /scratch/midway3/rickybao/dreamerv3_runs/pretrain_apt_seed1/metrics.jsonl


--------------------[Agent Step 196_656]--------------------
Metrics filtered by: 'score|length|fps|ratio|train/loss/|train/rand/'
train/loss/con 0.02 / train/loss/dyn 6.08 / train/loss/height 3e-3 / train/loss/orientations 0.17 / train/loss/policy 4.5e-4 / train/loss/rep 6.08 / train/loss/value 1.28 / train/loss/velocity 0.89 / replay/replay_ratio 1040 / fps/policy 5.62 / fps/train 5752.44

Writing metrics: /scratch/midway3/rickybao/dreamerv3_runs/pretrain_apt_seed1/metrics.jsonlWriting metrics: /scratch/midway3/rickybao/dreamerv3_runs/pretrain_apt_seed1/scores.jsonl


--------------------[Agent Step 197_344]--------------------
Metrics filtered by: 'score|length|fps|ratio|train/loss/|train/rand/'
train/loss/con 0.02 / train/loss/dyn 6.07 / train/loss/height 2.9e-3 / train/loss/orientations 0.17 / train/loss/policy 2.6e-3 / train/loss/rep 6.07 / train/loss/value 1.28 / train/loss/velocity 0.89 / replay/replay_ratio 1040 / fps/policy 5.62 / fps/train 5751.02

Writing metrics: /scratch/midway3/rickybao/dreamerv3_runs/pretrain_apt_seed1/metrics.jsonlWriting metrics: /scratch/midway3/rickybao/dreamerv3_runs/pretrain_apt_seed1/scores.jsonl


--------------------[Agent Step 198_032]--------------------
Metrics filtered by: 'score|length|fps|ratio|train/loss/|train/rand/'
train/loss/con 0.02 / train/loss/dyn 6.08 / train/loss/height 3e-3 / train/loss/orientations 0.17 / train/loss/policy 6.1e-3 / train/loss/rep 6.08 / train/loss/value 1.28 / train/loss/velocity 0.89 / replay/replay_ratio 1040 / fps/policy 5.62 / fps/train 5751.56

Writing metrics: /scratch/midway3/rickybao/dreamerv3_runs/pretrain_apt_seed1/metrics.jsonl
Writing metrics: /scratch/midway3/rickybao/dreamerv3_runs/pretrain_apt_seed1/scores.jsonl

--------------------[Agent Step 198_720]--------------------
Metrics filtered by: 'score|length|fps|ratio|train/loss/|train/rand/'
train/loss/con 0.02 / train/loss/dyn 6.05 / train/loss/height 2.9e-3 / train/loss/orientations 0.17 / train/loss/policy 5.6e-3 / train/loss/rep 6.05 / train/loss/value 1.28 / train/loss/velocity 0.89 / replay/replay_ratio 1040 / fps/policy 5.62 / fps/train 5753.32

Writing metrics: /scratch/midway3/rickybao/dreamerv3_runs/pretrain_apt_seed1/metrics.jsonlWriting metrics: /scratch/midway3/rickybao/dreamerv3_runs/pretrain_apt_seed1/scores.jsonl


--------------------[Agent Step 199_408]--------------------
Metrics filtered by: 'score|length|fps|ratio|train/loss/|train/rand/'
train/loss/con 0.02 / train/loss/dyn 6.1 / train/loss/height 3e-3 / train/loss/orientations 0.17 / train/loss/policy 1.3e-3 / train/loss/rep 6.1 / train/loss/value 1.28 / train/loss/velocity 0.89 / replay/replay_ratio 1040 / fps/policy 5.62 / fps/train 5754.62

Writing metrics: /scratch/midway3/rickybao/dreamerv3_runs/pretrain_apt_seed1/metrics.jsonl
Writing metrics: /scratch/midway3/rickybao/dreamerv3_runs/pretrain_apt_seed1/scores.jsonl
Saving checkpoint: /scratch/midway3/rickybao/dreamerv3_runs/pretrain_apt_seed1/ckpt/20260517T031631F641113
Saved checkpoint.

--------------------[Agent Step 200_096]--------------------
Metrics filtered by: 'score|length|fps|ratio|train/loss/|train/rand/'
train/loss/con 0.02 / train/loss/dyn 6.1 / train/loss/height 3e-3 / train/loss/orientations 0.17 / train/loss/policy 0.01 / train/loss/rep 6.1 / train/loss/value 1.28 / train/loss/velocity 0.9 / replay/replay_ratio 1040 / fps/policy 5.61 / fps/train 5745.42

Writing metrics: /scratch/midway3/rickybao/dreamerv3_runs/pretrain_apt_seed1/metrics.jsonlWriting metrics: /scratch/midway3/rickybao/dreamerv3_runs/pretrain_apt_seed1/scores.jsonl


--------------------[Agent Step 200_784]--------------------
Metrics filtered by: 'score|length|fps|ratio|train/loss/|train/rand/'
train/loss/con 0.02 / train/loss/dyn 6.1 / train/loss/height 3e-3 / train/loss/orientations 0.17 / train/loss/policy 4.6e-3 / train/loss/rep 6.1 / train/loss/value 1.28 / train/loss/velocity 0.89 / replay/replay_ratio 1040 / fps/policy 5.62 / fps/train 5757.64

Writing metrics: /scratch/midway3/rickybao/dreamerv3_runs/pretrain_apt_seed1/metrics.jsonlWriting metrics: /scratch/midway3/rickybao/dreamerv3_runs/pretrain_apt_seed1/scores.jsonl


--------------------[Agent Step 201_472]--------------------
Metrics filtered by: 'score|length|fps|ratio|train/loss/|train/rand/'
train/loss/con 0.02 / train/loss/dyn 6.07 / train/loss/height 2.9e-3 / train/loss/orientations 0.16 / train/loss/policy 1.4e-3 / train/loss/rep 6.07 / train/loss/value 1.28 / train/loss/velocity 0.89 / replay/replay_ratio 1040 / fps/policy 5.62 / fps/train 5755.37

Writing metrics: /scratch/midway3/rickybao/dreamerv3_runs/pretrain_apt_seed1/metrics.jsonlWriting metrics: /scratch/midway3/rickybao/dreamerv3_runs/pretrain_apt_seed1/scores.jsonl


--------------------[Agent Step 202_160]--------------------
Metrics filtered by: 'score|length|fps|ratio|train/loss/|train/rand/'
train/loss/con 0.02 / train/loss/dyn 6.08 / train/loss/height 2.9e-3 / train/loss/orientations 0.16 / train/loss/policy 5.6e-3 / train/loss/rep 6.08 / train/loss/value 1.28 / train/loss/velocity 0.89 / replay/replay_ratio 1040 / fps/policy 5.62 / fps/train 5757.06

Writing metrics: /scratch/midway3/rickybao/dreamerv3_runs/pretrain_apt_seed1/metrics.jsonlWriting metrics: /scratch/midway3/rickybao/dreamerv3_runs/pretrain_apt_seed1/scores.jsonl


--------------------[Agent Step 202_848]--------------------
Metrics filtered by: 'score|length|fps|ratio|train/loss/|train/rand/'
train/loss/con 0.02 / train/loss/dyn 6.06 / train/loss/height 3e-3 / train/loss/orientations 0.16 / train/loss/policy 5e-3 / train/loss/rep 6.06 / train/loss/value 1.28 / train/loss/velocity 0.89 / replay/replay_ratio 1040 / fps/policy 5.62 / fps/train 5756.89

Writing metrics: /scratch/midway3/rickybao/dreamerv3_runs/pretrain_apt_seed1/metrics.jsonlWriting metrics: /scratch/midway3/rickybao/dreamerv3_runs/pretrain_apt_seed1/scores.jsonl


--------------------[Agent Step 203_536]--------------------
Metrics filtered by: 'score|length|fps|ratio|train/loss/|train/rand/'
train/loss/con 0.02 / train/loss/dyn 6.1 / train/loss/height 3e-3 / train/loss/orientations 0.17 / train/loss/policy 5e-3 / train/loss/rep 6.1 / train/loss/value 1.28 / train/loss/velocity 0.89 / replay/replay_ratio 1040 / fps/policy 5.62 / fps/train 5757.76

Writing metrics: /scratch/midway3/rickybao/dreamerv3_runs/pretrain_apt_seed1/metrics.jsonlWriting metrics: /scratch/midway3/rickybao/dreamerv3_runs/pretrain_apt_seed1/scores.jsonl


--------------------[Agent Step 204_224]--------------------
Metrics filtered by: 'score|length|fps|ratio|train/loss/|train/rand/'
train/loss/con 0.02 / train/loss/dyn 6.06 / train/loss/height 2.9e-3 / train/loss/orientations 0.16 / train/loss/policy 1.5e-3 / train/loss/rep 6.06 / train/loss/value 1.28 / train/loss/velocity 0.89 / replay/replay_ratio 1040 / fps/policy 5.62 / fps/train 5755.43

Writing metrics: /scratch/midway3/rickybao/dreamerv3_runs/pretrain_apt_seed1/metrics.jsonlWriting metrics: /scratch/midway3/rickybao/dreamerv3_runs/pretrain_apt_seed1/scores.jsonl

Saving checkpoint: /scratch/midway3/rickybao/dreamerv3_runs/pretrain_apt_seed1/ckpt/20260517T033134F069396
Saved checkpoint.

--------------------[Agent Step 204_912]--------------------
Metrics filtered by: 'score|length|fps|ratio|train/loss/|train/rand/'
train/loss/con 0.02 / train/loss/dyn 6.07 / train/loss/height 2.8e-3 / train/loss/orientations 0.16 / train/loss/policy 2.8e-3 / train/loss/rep 6.07 / train/loss/value 1.28 / train/loss/velocity 0.89 / replay/replay_ratio 1040 / fps/policy 5.61 / fps/train 5744.66

Writing metrics: /scratch/midway3/rickybao/dreamerv3_runs/pretrain_apt_seed1/metrics.jsonlWriting metrics: /scratch/midway3/rickybao/dreamerv3_runs/pretrain_apt_seed1/scores.jsonl


--------------------[Agent Step 205_600]--------------------
Metrics filtered by: 'score|length|fps|ratio|train/loss/|train/rand/'
train/loss/con 0.02 / train/loss/dyn 6.05 / train/loss/height 2.8e-3 / train/loss/orientations 0.16 / train/loss/policy 4.3e-3 / train/loss/rep 6.05 / train/loss/value 1.28 / train/loss/velocity 0.88 / replay/replay_ratio 1040 / fps/policy 5.62 / fps/train 5754.83

Writing metrics: /scratch/midway3/rickybao/dreamerv3_runs/pretrain_apt_seed1/metrics.jsonlWriting metrics: /scratch/midway3/rickybao/dreamerv3_runs/pretrain_apt_seed1/scores.jsonl


--------------------[Agent Step 206_288]--------------------
Metrics filtered by: 'score|length|fps|ratio|train/loss/|train/rand/'
train/loss/con 0.02 / train/loss/dyn 6.08 / train/loss/height 2.9e-3 / train/loss/orientations 0.16 / train/loss/policy 5.1e-3 / train/loss/rep 6.08 / train/loss/value 1.28 / train/loss/velocity 0.89 / replay/replay_ratio 1040 / fps/policy 5.62 / fps/train 5759.05

Writing metrics: /scratch/midway3/rickybao/dreamerv3_runs/pretrain_apt_seed1/metrics.jsonlWriting metrics: /scratch/midway3/rickybao/dreamerv3_runs/pretrain_apt_seed1/scores.jsonl


--------------------[Agent Step 206_976]--------------------
Metrics filtered by: 'score|length|fps|ratio|train/loss/|train/rand/'
train/loss/con 0.02 / train/loss/dyn 6.07 / train/loss/height 2.9e-3 / train/loss/orientations 0.16 / train/loss/policy 8.4e-3 / train/loss/rep 6.07 / train/loss/value 1.28 / train/loss/velocity 0.89 / replay/replay_ratio 1040 / fps/policy 5.62 / fps/train 5756.82

Writing metrics: /scratch/midway3/rickybao/dreamerv3_runs/pretrain_apt_seed1/metrics.jsonlWriting metrics: /scratch/midway3/rickybao/dreamerv3_runs/pretrain_apt_seed1/scores.jsonl


--------------------[Agent Step 207_664]--------------------
Metrics filtered by: 'score|length|fps|ratio|train/loss/|train/rand/'
train/loss/con 0.02 / train/loss/dyn 6.08 / train/loss/height 2.9e-3 / train/loss/orientations 0.16 / train/loss/policy 1.2e-3 / train/loss/rep 6.08 / train/loss/value 1.28 / train/loss/velocity 0.89 / replay/replay_ratio 1040 / fps/policy 5.62 / fps/train 5756.93

Writing metrics: /scratch/midway3/rickybao/dreamerv3_runs/pretrain_apt_seed1/metrics.jsonl
Writing metrics: /scratch/midway3/rickybao/dreamerv3_runs/pretrain_apt_seed1/scores.jsonl

--------------------[Agent Step 208_352]--------------------
Metrics filtered by: 'score|length|fps|ratio|train/loss/|train/rand/'
episode/score 28.24 / episode/length 1001 / train/loss/con 0.02 / train/loss/dyn 6.1 / train/loss/height 2.9e-3 / train/loss/orientations 0.16 / train/loss/policy -1.5e-3 / train/loss/rep 6.1 / train/loss/value 1.28 / train/loss/velocity 0.89 / replay/replay_ratio 1040 / fps/policy 5.62 / fps/train 5755.55

Writing metrics: /scratch/midway3/rickybao/dreamerv3_runs/pretrain_apt_seed1/metrics.jsonlWriting metrics: /scratch/midway3/rickybao/dreamerv3_runs/pretrain_apt_seed1/scores.jsonl


--------------------[Agent Step 209_040]--------------------
Metrics filtered by: 'score|length|fps|ratio|train/loss/|train/rand/'
train/loss/con 0.02 / train/loss/dyn 6.05 / train/loss/height 2.9e-3 / train/loss/orientations 0.16 / train/loss/policy 5.2e-3 / train/loss/rep 6.05 / train/loss/value 1.28 / train/loss/velocity 0.88 / replay/replay_ratio 1040 / fps/policy 5.62 / fps/train 5752.85

Writing metrics: /scratch/midway3/rickybao/dreamerv3_runs/pretrain_apt_seed1/scores.jsonlWriting metrics: /scratch/midway3/rickybao/dreamerv3_runs/pretrain_apt_seed1/metrics.jsonl


--------------------[Agent Step 209_728]--------------------
Metrics filtered by: 'score|length|fps|ratio|train/loss/|train/rand/'
train/loss/con 0.02 / train/loss/dyn 6.06 / train/loss/height 2.9e-3 / train/loss/orientations 0.16 / train/loss/policy 8.9e-3 / train/loss/rep 6.06 / train/loss/value 1.28 / train/loss/velocity 0.89 / replay/replay_ratio 1040 / fps/policy 5.62 / fps/train 5752.48

Writing metrics: /scratch/midway3/rickybao/dreamerv3_runs/pretrain_apt_seed1/metrics.jsonlWriting metrics: /scratch/midway3/rickybao/dreamerv3_runs/pretrain_apt_seed1/scores.jsonl

Saving checkpoint: /scratch/midway3/rickybao/dreamerv3_runs/pretrain_apt_seed1/ckpt/20260517T034636F749472
Saved checkpoint.

--------------------[Agent Step 210_416]--------------------
Metrics filtered by: 'score|length|fps|ratio|train/loss/|train/rand/'
train/loss/con 0.02 / train/loss/dyn 6.05 / train/loss/height 2.8e-3 / train/loss/orientations 0.16 / train/loss/policy 3.1e-3 / train/loss/rep 6.05 / train/loss/value 1.28 / train/loss/velocity 0.89 / replay/replay_ratio 1040 / fps/policy 5.61 / fps/train 5740.87

Writing metrics: /scratch/midway3/rickybao/dreamerv3_runs/pretrain_apt_seed1/scores.jsonlWriting metrics: /scratch/midway3/rickybao/dreamerv3_runs/pretrain_apt_seed1/metrics.jsonl


--------------------[Agent Step 211_104]--------------------
Metrics filtered by: 'score|length|fps|ratio|train/loss/|train/rand/'
train/loss/con 0.02 / train/loss/dyn 6.08 / train/loss/height 2.9e-3 / train/loss/orientations 0.16 / train/loss/policy 3.6e-3 / train/loss/rep 6.08 / train/loss/value 1.28 / train/loss/velocity 0.89 / replay/replay_ratio 1040 / fps/policy 5.62 / fps/train 5753.01

Writing metrics: /scratch/midway3/rickybao/dreamerv3_runs/pretrain_apt_seed1/scores.jsonl
Writing metrics: /scratch/midway3/rickybao/dreamerv3_runs/pretrain_apt_seed1/metrics.jsonl

--------------------[Agent Step 211_792]--------------------
Metrics filtered by: 'score|length|fps|ratio|train/loss/|train/rand/'
train/loss/con 0.02 / train/loss/dyn 6.07 / train/loss/height 2.8e-3 / train/loss/orientations 0.16 / train/loss/policy 3.6e-3 / train/loss/rep 6.07 / train/loss/value 1.28 / train/loss/velocity 0.88 / replay/replay_ratio 1040 / fps/policy 5.62 / fps/train 5753.09

Writing metrics: /scratch/midway3/rickybao/dreamerv3_runs/pretrain_apt_seed1/metrics.jsonlWriting metrics: /scratch/midway3/rickybao/dreamerv3_runs/pretrain_apt_seed1/scores.jsonl


--------------------[Agent Step 212_480]--------------------
Metrics filtered by: 'score|length|fps|ratio|train/loss/|train/rand/'
train/loss/con 0.02 / train/loss/dyn 6.11 / train/loss/height 3e-3 / train/loss/orientations 0.16 / train/loss/policy 8.3e-5 / train/loss/rep 6.11 / train/loss/value 1.28 / train/loss/velocity 0.89 / replay/replay_ratio 1040 / fps/policy 5.62 / fps/train 5754.27

Writing metrics: /scratch/midway3/rickybao/dreamerv3_runs/pretrain_apt_seed1/scores.jsonlWriting metrics: /scratch/midway3/rickybao/dreamerv3_runs/pretrain_apt_seed1/metrics.jsonl


--------------------[Agent Step 213_168]--------------------
Metrics filtered by: 'score|length|fps|ratio|train/loss/|train/rand/'
train/loss/con 0.02 / train/loss/dyn 6.08 / train/loss/height 2.8e-3 / train/loss/orientations 0.16 / train/loss/policy 1.9e-3 / train/loss/rep 6.08 / train/loss/value 1.28 / train/loss/velocity 0.88 / replay/replay_ratio 1040 / fps/policy 5.62 / fps/train 5753.48

Writing metrics: /scratch/midway3/rickybao/dreamerv3_runs/pretrain_apt_seed1/metrics.jsonlWriting metrics: /scratch/midway3/rickybao/dreamerv3_runs/pretrain_apt_seed1/scores.jsonl


--------------------[Agent Step 213_856]--------------------
Metrics filtered by: 'score|length|fps|ratio|train/loss/|train/rand/'
train/loss/con 0.02 / train/loss/dyn 6.08 / train/loss/height 2.9e-3 / train/loss/orientations 0.16 / train/loss/policy 1.8e-3 / train/loss/rep 6.08 / train/loss/value 1.28 / train/loss/velocity 0.89 / replay/replay_ratio 1040 / fps/policy 5.62 / fps/train 5754.4

Writing metrics: /scratch/midway3/rickybao/dreamerv3_runs/pretrain_apt_seed1/metrics.jsonlWriting metrics: /scratch/midway3/rickybao/dreamerv3_runs/pretrain_apt_seed1/scores.jsonl


--------------------[Agent Step 214_544]--------------------
Metrics filtered by: 'score|length|fps|ratio|train/loss/|train/rand/'
train/loss/con 0.02 / train/loss/dyn 6.08 / train/loss/height 2.9e-3 / train/loss/orientations 0.16 / train/loss/policy 1.9e-4 / train/loss/rep 6.08 / train/loss/value 1.28 / train/loss/velocity 0.89 / replay/replay_ratio 1040 / fps/policy 5.62 / fps/train 5754.13

Writing metrics: /scratch/midway3/rickybao/dreamerv3_runs/pretrain_apt_seed1/metrics.jsonlWriting metrics: /scratch/midway3/rickybao/dreamerv3_runs/pretrain_apt_seed1/scores.jsonl

Saving checkpoint: /scratch/midway3/rickybao/dreamerv3_runs/pretrain_apt_seed1/ckpt/20260517T040136F810240
Saved checkpoint.

--------------------[Agent Step 215_232]--------------------
Metrics filtered by: 'score|length|fps|ratio|train/loss/|train/rand/'
train/loss/con 0.02 / train/loss/dyn 6.11 / train/loss/height 2.9e-3 / train/loss/orientations 0.16 / train/loss/policy 5.7e-3 / train/loss/rep 6.11 / train/loss/value 1.28 / train/loss/velocity 0.89 / replay/replay_ratio 1040 / fps/policy 5.61 / fps/train 5743.25

Writing metrics: /scratch/midway3/rickybao/dreamerv3_runs/pretrain_apt_seed1/metrics.jsonlWriting metrics: /scratch/midway3/rickybao/dreamerv3_runs/pretrain_apt_seed1/scores.jsonl


--------------------[Agent Step 215_920]--------------------
Metrics filtered by: 'score|length|fps|ratio|train/loss/|train/rand/'
train/loss/con 0.02 / train/loss/dyn 6.09 / train/loss/height 2.9e-3 / train/loss/orientations 0.16 / train/loss/policy 9.7e-4 / train/loss/rep 6.09 / train/loss/value 1.28 / train/loss/velocity 0.89 / replay/replay_ratio 1040 / fps/policy 5.62 / fps/train 5754.96

Writing metrics: /scratch/midway3/rickybao/dreamerv3_runs/pretrain_apt_seed1/metrics.jsonl
Writing metrics: /scratch/midway3/rickybao/dreamerv3_runs/pretrain_apt_seed1/scores.jsonl

--------------------[Agent Step 216_608]--------------------
Metrics filtered by: 'score|length|fps|ratio|train/loss/|train/rand/'
train/loss/con 0.02 / train/loss/dyn 6.1 / train/loss/height 2.8e-3 / train/loss/orientations 0.16 / train/loss/policy -8.6e-5 / train/loss/rep 6.1 / train/loss/value 1.28 / train/loss/velocity 0.89 / replay/replay_ratio 1040 / fps/policy 5.62 / fps/train 5754.17

Writing metrics: /scratch/midway3/rickybao/dreamerv3_runs/pretrain_apt_seed1/metrics.jsonlWriting metrics: /scratch/midway3/rickybao/dreamerv3_runs/pretrain_apt_seed1/scores.jsonl


--------------------[Agent Step 217_296]--------------------
Metrics filtered by: 'score|length|fps|ratio|train/loss/|train/rand/'
train/loss/con 0.02 / train/loss/dyn 6.09 / train/loss/height 2.8e-3 / train/loss/orientations 0.15 / train/loss/policy 3.6e-3 / train/loss/rep 6.09 / train/loss/value 1.28 / train/loss/velocity 0.89 / replay/replay_ratio 1040 / fps/policy 5.62 / fps/train 5756.53

Writing metrics: /scratch/midway3/rickybao/dreamerv3_runs/pretrain_apt_seed1/metrics.jsonlWriting metrics: /scratch/midway3/rickybao/dreamerv3_runs/pretrain_apt_seed1/scores.jsonl


--------------------[Agent Step 217_984]--------------------
Metrics filtered by: 'score|length|fps|ratio|train/loss/|train/rand/'
train/loss/con 0.02 / train/loss/dyn 6.07 / train/loss/height 2.8e-3 / train/loss/orientations 0.16 / train/loss/policy 4.9e-3 / train/loss/rep 6.07 / train/loss/value 1.28 / train/loss/velocity 0.88 / replay/replay_ratio 1040 / fps/policy 5.62 / fps/train 5757.9

Writing metrics: /scratch/midway3/rickybao/dreamerv3_runs/pretrain_apt_seed1/metrics.jsonl
Writing metrics: /scratch/midway3/rickybao/dreamerv3_runs/pretrain_apt_seed1/scores.jsonl

--------------------[Agent Step 218_672]--------------------
Metrics filtered by: 'score|length|fps|ratio|train/loss/|train/rand/'
train/loss/con 0.02 / train/loss/dyn 6.08 / train/loss/height 2.8e-3 / train/loss/orientations 0.15 / train/loss/policy 4.5e-3 / train/loss/rep 6.08 / train/loss/value 1.28 / train/loss/velocity 0.89 / replay/replay_ratio 1040 / fps/policy 5.62 / fps/train 5756.64

Writing metrics: /scratch/midway3/rickybao/dreamerv3_runs/pretrain_apt_seed1/metrics.jsonlWriting metrics: /scratch/midway3/rickybao/dreamerv3_runs/pretrain_apt_seed1/scores.jsonl


--------------------[Agent Step 219_360]--------------------
Metrics filtered by: 'score|length|fps|ratio|train/loss/|train/rand/'
train/loss/con 0.02 / train/loss/dyn 6.09 / train/loss/height 2.8e-3 / train/loss/orientations 0.15 / train/loss/policy 1.7e-3 / train/loss/rep 6.09 / train/loss/value 1.28 / train/loss/velocity 0.88 / replay/replay_ratio 1040 / fps/policy 5.62 / fps/train 5759.87

Writing metrics: /scratch/midway3/rickybao/dreamerv3_runs/pretrain_apt_seed1/metrics.jsonlWriting metrics: /scratch/midway3/rickybao/dreamerv3_runs/pretrain_apt_seed1/scores.jsonl

Saving checkpoint: /scratch/midway3/rickybao/dreamerv3_runs/pretrain_apt_seed1/ckpt/20260517T041639F234159
Saved checkpoint.

--------------------[Agent Step 220_048]--------------------
Metrics filtered by: 'score|length|fps|ratio|train/loss/|train/rand/'
train/loss/con 0.02 / train/loss/dyn 6.07 / train/loss/height 2.8e-3 / train/loss/orientations 0.15 / train/loss/policy 4.8e-3 / train/loss/rep 6.07 / train/loss/value 1.28 / train/loss/velocity 0.88 / replay/replay_ratio 1040 / fps/policy 5.61 / fps/train 5745.44

Writing metrics: /scratch/midway3/rickybao/dreamerv3_runs/pretrain_apt_seed1/metrics.jsonl
Writing metrics: /scratch/midway3/rickybao/dreamerv3_runs/pretrain_apt_seed1/scores.jsonl

--------------------[Agent Step 220_736]--------------------
Metrics filtered by: 'score|length|fps|ratio|train/loss/|train/rand/'
train/loss/con 0.02 / train/loss/dyn 6.07 / train/loss/height 2.8e-3 / train/loss/orientations 0.15 / train/loss/policy 4.6e-5 / train/loss/rep 6.07 / train/loss/value 1.28 / train/loss/velocity 0.88 / replay/replay_ratio 1040 / fps/policy 5.62 / fps/train 5757.18

Writing metrics: /scratch/midway3/rickybao/dreamerv3_runs/pretrain_apt_seed1/scores.jsonlWriting metrics: /scratch/midway3/rickybao/dreamerv3_runs/pretrain_apt_seed1/metrics.jsonl


--------------------[Agent Step 221_424]--------------------
Metrics filtered by: 'score|length|fps|ratio|train/loss/|train/rand/'
train/loss/con 0.02 / train/loss/dyn 6.06 / train/loss/height 2.8e-3 / train/loss/orientations 0.15 / train/loss/policy 3.7e-3 / train/loss/rep 6.06 / train/loss/value 1.28 / train/loss/velocity 0.88 / replay/replay_ratio 1040 / fps/policy 5.62 / fps/train 5756.12

Writing metrics: /scratch/midway3/rickybao/dreamerv3_runs/pretrain_apt_seed1/metrics.jsonlWriting metrics: /scratch/midway3/rickybao/dreamerv3_runs/pretrain_apt_seed1/scores.jsonl


--------------------[Agent Step 222_112]--------------------
Metrics filtered by: 'score|length|fps|ratio|train/loss/|train/rand/'
train/loss/con 0.02 / train/loss/dyn 6.07 / train/loss/height 2.7e-3 / train/loss/orientations 0.15 / train/loss/policy 5.5e-3 / train/loss/rep 6.07 / train/loss/value 1.29 / train/loss/velocity 0.88 / replay/replay_ratio 1040 / fps/policy 5.62 / fps/train 5757.77

Writing metrics: /scratch/midway3/rickybao/dreamerv3_runs/pretrain_apt_seed1/metrics.jsonl
Writing metrics: /scratch/midway3/rickybao/dreamerv3_runs/pretrain_apt_seed1/scores.jsonl

--------------------[Agent Step 222_800]--------------------
Metrics filtered by: 'score|length|fps|ratio|train/loss/|train/rand/'
train/loss/con 0.02 / train/loss/dyn 6.09 / train/loss/height 2.8e-3 / train/loss/orientations 0.15 / train/loss/policy -2.2e-4 / train/loss/rep 6.09 / train/loss/value 1.29 / train/loss/velocity 0.88 / replay/replay_ratio 1040 / fps/policy 5.62 / fps/train 5754.67

Writing metrics: /scratch/midway3/rickybao/dreamerv3_runs/pretrain_apt_seed1/metrics.jsonlWriting metrics: /scratch/midway3/rickybao/dreamerv3_runs/pretrain_apt_seed1/scores.jsonl


--------------------[Agent Step 223_488]--------------------
Metrics filtered by: 'score|length|fps|ratio|train/loss/|train/rand/'
train/loss/con 0.02 / train/loss/dyn 6.1 / train/loss/height 2.8e-3 / train/loss/orientations 0.15 / train/loss/policy 3.2e-3 / train/loss/rep 6.1 / train/loss/value 1.29 / train/loss/velocity 0.89 / replay/replay_ratio 1040 / fps/policy 5.62 / fps/train 5756.22

Writing metrics: /scratch/midway3/rickybao/dreamerv3_runs/pretrain_apt_seed1/scores.jsonlWriting metrics: /scratch/midway3/rickybao/dreamerv3_runs/pretrain_apt_seed1/metrics.jsonl


--------------------[Agent Step 224_176]--------------------
Metrics filtered by: 'score|length|fps|ratio|train/loss/|train/rand/'
train/loss/con 0.02 / train/loss/dyn 6.09 / train/loss/height 2.8e-3 / train/loss/orientations 0.15 / train/loss/policy 5.2e-3 / train/loss/rep 6.09 / train/loss/value 1.29 / train/loss/velocity 0.88 / replay/replay_ratio 1040 / fps/policy 5.62 / fps/train 5757.18

Writing metrics: /scratch/midway3/rickybao/dreamerv3_runs/pretrain_apt_seed1/metrics.jsonlWriting metrics: /scratch/midway3/rickybao/dreamerv3_runs/pretrain_apt_seed1/scores.jsonl


--------------------[Agent Step 224_864]--------------------
Metrics filtered by: 'score|length|fps|ratio|train/loss/|train/rand/'
episode/score 56.68 / episode/length 1001 / train/loss/con 0.02 / train/loss/dyn 6.11 / train/loss/height 2.7e-3 / train/loss/orientations 0.15 / train/loss/policy 0.01 / train/loss/rep 6.11 / train/loss/value 1.29 / train/loss/velocity 0.88 / replay/replay_ratio 1040 / fps/policy 5.62 / fps/train 5752.39

Writing metrics: /scratch/midway3/rickybao/dreamerv3_runs/pretrain_apt_seed1/scores.jsonl
Writing metrics: /scratch/midway3/rickybao/dreamerv3_runs/pretrain_apt_seed1/metrics.jsonl
Saving checkpoint: /scratch/midway3/rickybao/dreamerv3_runs/pretrain_apt_seed1/ckpt/20260517T043141F877338
Saved checkpoint.

--------------------[Agent Step 225_552]--------------------
Metrics filtered by: 'score|length|fps|ratio|train/loss/|train/rand/'
train/loss/con 0.02 / train/loss/dyn 6.11 / train/loss/height 2.9e-3 / train/loss/orientations 0.15 / train/loss/policy 2.1e-3 / train/loss/rep 6.11 / train/loss/value 1.29 / train/loss/velocity 0.89 / replay/replay_ratio 1040 / fps/policy 5.61 / fps/train 5739.59

Writing metrics: /scratch/midway3/rickybao/dreamerv3_runs/pretrain_apt_seed1/metrics.jsonlWriting metrics: /scratch/midway3/rickybao/dreamerv3_runs/pretrain_apt_seed1/scores.jsonl


--------------------[Agent Step 226_240]--------------------
Metrics filtered by: 'score|length|fps|ratio|train/loss/|train/rand/'
train/loss/con 0.02 / train/loss/dyn 6.1 / train/loss/height 2.8e-3 / train/loss/orientations 0.15 / train/loss/policy 3.4e-3 / train/loss/rep 6.1 / train/loss/value 1.29 / train/loss/velocity 0.89 / replay/replay_ratio 1040 / fps/policy 5.62 / fps/train 5752.94

Writing metrics: /scratch/midway3/rickybao/dreamerv3_runs/pretrain_apt_seed1/metrics.jsonlWriting metrics: /scratch/midway3/rickybao/dreamerv3_runs/pretrain_apt_seed1/scores.jsonl


--------------------[Agent Step 226_928]--------------------
Metrics filtered by: 'score|length|fps|ratio|train/loss/|train/rand/'
train/loss/con 0.02 / train/loss/dyn 6.1 / train/loss/height 2.9e-3 / train/loss/orientations 0.15 / train/loss/policy 2.5e-3 / train/loss/rep 6.1 / train/loss/value 1.29 / train/loss/velocity 0.88 / replay/replay_ratio 1040 / fps/policy 5.62 / fps/train 5754.27

Writing metrics: /scratch/midway3/rickybao/dreamerv3_runs/pretrain_apt_seed1/metrics.jsonlWriting metrics: /scratch/midway3/rickybao/dreamerv3_runs/pretrain_apt_seed1/scores.jsonl


--------------------[Agent Step 227_616]--------------------
Metrics filtered by: 'score|length|fps|ratio|train/loss/|train/rand/'
train/loss/con 0.02 / train/loss/dyn 6.1 / train/loss/height 2.8e-3 / train/loss/orientations 0.15 / train/loss/policy -3.4e-3 / train/loss/rep 6.1 / train/loss/value 1.29 / train/loss/velocity 0.88 / replay/replay_ratio 1040 / fps/policy 5.62 / fps/train 5752.81

Writing metrics: /scratch/midway3/rickybao/dreamerv3_runs/pretrain_apt_seed1/metrics.jsonl
Writing metrics: /scratch/midway3/rickybao/dreamerv3_runs/pretrain_apt_seed1/scores.jsonl

--------------------[Agent Step 228_304]--------------------
Metrics filtered by: 'score|length|fps|ratio|train/loss/|train/rand/'
train/loss/con 0.02 / train/loss/dyn 6.09 / train/loss/height 2.8e-3 / train/loss/orientations 0.15 / train/loss/policy 8.1e-3 / train/loss/rep 6.09 / train/loss/value 1.29 / train/loss/velocity 0.88 / replay/replay_ratio 1040 / fps/policy 5.62 / fps/train 5753.85

Writing metrics: /scratch/midway3/rickybao/dreamerv3_runs/pretrain_apt_seed1/metrics.jsonlWriting metrics: /scratch/midway3/rickybao/dreamerv3_runs/pretrain_apt_seed1/scores.jsonl


--------------------[Agent Step 228_992]--------------------
Metrics filtered by: 'score|length|fps|ratio|train/loss/|train/rand/'
train/loss/con 0.02 / train/loss/dyn 6.12 / train/loss/height 2.8e-3 / train/loss/orientations 0.15 / train/loss/policy 2.4e-3 / train/loss/rep 6.12 / train/loss/value 1.29 / train/loss/velocity 0.88 / replay/replay_ratio 1040 / fps/policy 5.62 / fps/train 5751.77

Writing metrics: /scratch/midway3/rickybao/dreamerv3_runs/pretrain_apt_seed1/metrics.jsonlWriting metrics: /scratch/midway3/rickybao/dreamerv3_runs/pretrain_apt_seed1/scores.jsonl


--------------------[Agent Step 229_680]--------------------
Metrics filtered by: 'score|length|fps|ratio|train/loss/|train/rand/'
train/loss/con 0.02 / train/loss/dyn 6.12 / train/loss/height 2.8e-3 / train/loss/orientations 0.15 / train/loss/policy 5.6e-3 / train/loss/rep 6.12 / train/loss/value 1.29 / train/loss/velocity 0.89 / replay/replay_ratio 1040 / fps/policy 5.61 / fps/train 5739.57

Writing metrics: /scratch/midway3/rickybao/dreamerv3_runs/pretrain_apt_seed1/metrics.jsonlWriting metrics: /scratch/midway3/rickybao/dreamerv3_runs/pretrain_apt_seed1/scores.jsonl

Saving checkpoint: /scratch/midway3/rickybao/dreamerv3_runs/pretrain_apt_seed1/ckpt/20260517T044642F347671
Saved checkpoint.

--------------------[Agent Step 230_368]--------------------
Metrics filtered by: 'score|length|fps|ratio|train/loss/|train/rand/'
train/loss/con 0.02 / train/loss/dyn 6.09 / train/loss/height 2.8e-3 / train/loss/orientations 0.15 / train/loss/policy 3e-3 / train/loss/rep 6.09 / train/loss/value 1.29 / train/loss/velocity 0.88 / replay/replay_ratio 1040 / fps/policy 5.61 / fps/train 5741.58

Writing metrics: /scratch/midway3/rickybao/dreamerv3_runs/pretrain_apt_seed1/metrics.jsonlWriting metrics: /scratch/midway3/rickybao/dreamerv3_runs/pretrain_apt_seed1/scores.jsonl


--------------------[Agent Step 231_056]--------------------
Metrics filtered by: 'score|length|fps|ratio|train/loss/|train/rand/'
train/loss/con 0.02 / train/loss/dyn 6.12 / train/loss/height 2.8e-3 / train/loss/orientations 0.15 / train/loss/policy 6.9e-3 / train/loss/rep 6.12 / train/loss/value 1.29 / train/loss/velocity 0.89 / replay/replay_ratio 1040 / fps/policy 5.62 / fps/train 5755.86

Writing metrics: /scratch/midway3/rickybao/dreamerv3_runs/pretrain_apt_seed1/scores.jsonlWriting metrics: /scratch/midway3/rickybao/dreamerv3_runs/pretrain_apt_seed1/metrics.jsonl


--------------------[Agent Step 231_744]--------------------
Metrics filtered by: 'score|length|fps|ratio|train/loss/|train/rand/'
train/loss/con 0.02 / train/loss/dyn 6.08 / train/loss/height 2.7e-3 / train/loss/orientations 0.15 / train/loss/policy -1.2e-3 / train/loss/rep 6.08 / train/loss/value 1.29 / train/loss/velocity 0.88 / replay/replay_ratio 1040 / fps/policy 5.62 / fps/train 5757.29

Writing metrics: /scratch/midway3/rickybao/dreamerv3_runs/pretrain_apt_seed1/metrics.jsonlWriting metrics: /scratch/midway3/rickybao/dreamerv3_runs/pretrain_apt_seed1/scores.jsonl


--------------------[Agent Step 232_432]--------------------
Metrics filtered by: 'score|length|fps|ratio|train/loss/|train/rand/'
train/loss/con 0.02 / train/loss/dyn 6.11 / train/loss/height 2.7e-3 / train/loss/orientations 0.15 / train/loss/policy 4.2e-3 / train/loss/rep 6.11 / train/loss/value 1.29 / train/loss/velocity 0.89 / replay/replay_ratio 1040 / fps/policy 5.62 / fps/train 5756.59

Writing metrics: /scratch/midway3/rickybao/dreamerv3_runs/pretrain_apt_seed1/metrics.jsonl
Writing metrics: /scratch/midway3/rickybao/dreamerv3_runs/pretrain_apt_seed1/scores.jsonl

--------------------[Agent Step 233_120]--------------------
Metrics filtered by: 'score|length|fps|ratio|train/loss/|train/rand/'
train/loss/con 0.02 / train/loss/dyn 6.12 / train/loss/height 2.7e-3 / train/loss/orientations 0.15 / train/loss/policy 4.6e-3 / train/loss/rep 6.12 / train/loss/value 1.29 / train/loss/velocity 0.89 / replay/replay_ratio 1040 / fps/policy 5.62 / fps/train 5757.2

Writing metrics: /scratch/midway3/rickybao/dreamerv3_runs/pretrain_apt_seed1/scores.jsonlWriting metrics: /scratch/midway3/rickybao/dreamerv3_runs/pretrain_apt_seed1/metrics.jsonl


--------------------[Agent Step 233_808]--------------------
Metrics filtered by: 'score|length|fps|ratio|train/loss/|train/rand/'
train/loss/con 0.02 / train/loss/dyn 6.1 / train/loss/height 2.7e-3 / train/loss/orientations 0.15 / train/loss/policy 7e-3 / train/loss/rep 6.1 / train/loss/value 1.29 / train/loss/velocity 0.88 / replay/replay_ratio 1040 / fps/policy 5.62 / fps/train 5758.22

Writing metrics: /scratch/midway3/rickybao/dreamerv3_runs/pretrain_apt_seed1/metrics.jsonlWriting metrics: /scratch/midway3/rickybao/dreamerv3_runs/pretrain_apt_seed1/scores.jsonl


--------------------[Agent Step 234_496]--------------------
Metrics filtered by: 'score|length|fps|ratio|train/loss/|train/rand/'
train/loss/con 0.02 / train/loss/dyn 6.1 / train/loss/height 2.7e-3 / train/loss/orientations 0.15 / train/loss/policy 6.8e-3 / train/loss/rep 6.1 / train/loss/value 1.29 / train/loss/velocity 0.88 / replay/replay_ratio 1040 / fps/policy 5.62 / fps/train 5755.96

Writing metrics: /scratch/midway3/rickybao/dreamerv3_runs/pretrain_apt_seed1/metrics.jsonl
Writing metrics: /scratch/midway3/rickybao/dreamerv3_runs/pretrain_apt_seed1/scores.jsonl
Saving checkpoint: /scratch/midway3/rickybao/dreamerv3_runs/pretrain_apt_seed1/ckpt/20260517T050144F797496
Saved checkpoint.

--------------------[Agent Step 235_184]--------------------
Metrics filtered by: 'score|length|fps|ratio|train/loss/|train/rand/'
train/loss/con 0.02 / train/loss/dyn 6.09 / train/loss/height 2.7e-3 / train/loss/orientations 0.14 / train/loss/policy 9e-3 / train/loss/rep 6.09 / train/loss/value 1.29 / train/loss/velocity 0.88 / replay/replay_ratio 1040 / fps/policy 5.61 / fps/train 5745.64

Writing metrics: /scratch/midway3/rickybao/dreamerv3_runs/pretrain_apt_seed1/metrics.jsonlWriting metrics: /scratch/midway3/rickybao/dreamerv3_runs/pretrain_apt_seed1/scores.jsonl


--------------------[Agent Step 235_872]--------------------
Metrics filtered by: 'score|length|fps|ratio|train/loss/|train/rand/'
train/loss/con 0.02 / train/loss/dyn 6.12 / train/loss/height 2.7e-3 / train/loss/orientations 0.15 / train/loss/policy 8.4e-3 / train/loss/rep 6.12 / train/loss/value 1.29 / train/loss/velocity 0.89 / replay/replay_ratio 1040 / fps/policy 5.62 / fps/train 5755.52

Writing metrics: /scratch/midway3/rickybao/dreamerv3_runs/pretrain_apt_seed1/metrics.jsonlWriting metrics: /scratch/midway3/rickybao/dreamerv3_runs/pretrain_apt_seed1/scores.jsonl


--------------------[Agent Step 236_560]--------------------
Metrics filtered by: 'score|length|fps|ratio|train/loss/|train/rand/'
train/loss/con 0.02 / train/loss/dyn 6.09 / train/loss/height 2.7e-3 / train/loss/orientations 0.14 / train/loss/policy 5.3e-3 / train/loss/rep 6.09 / train/loss/value 1.29 / train/loss/velocity 0.88 / replay/replay_ratio 1040 / fps/policy 5.62 / fps/train 5756.37

Writing metrics: /scratch/midway3/rickybao/dreamerv3_runs/pretrain_apt_seed1/metrics.jsonlWriting metrics: /scratch/midway3/rickybao/dreamerv3_runs/pretrain_apt_seed1/scores.jsonl


--------------------[Agent Step 237_248]--------------------
Metrics filtered by: 'score|length|fps|ratio|train/loss/|train/rand/'
train/loss/con 0.02 / train/loss/dyn 6.1 / train/loss/height 2.6e-3 / train/loss/orientations 0.14 / train/loss/policy 6.4e-3 / train/loss/rep 6.1 / train/loss/value 1.29 / train/loss/velocity 0.88 / replay/replay_ratio 1040 / fps/policy 5.62 / fps/train 5756.9

Writing metrics: /scratch/midway3/rickybao/dreamerv3_runs/pretrain_apt_seed1/metrics.jsonlWriting metrics: /scratch/midway3/rickybao/dreamerv3_runs/pretrain_apt_seed1/scores.jsonl


--------------------[Agent Step 237_936]--------------------
Metrics filtered by: 'score|length|fps|ratio|train/loss/|train/rand/'
train/loss/con 0.02 / train/loss/dyn 6.11 / train/loss/height 2.7e-3 / train/loss/orientations 0.14 / train/loss/policy 0.01 / train/loss/rep 6.11 / train/loss/value 1.29 / train/loss/velocity 0.88 / replay/replay_ratio 1040 / fps/policy 5.62 / fps/train 5752.72

Writing metrics: /scratch/midway3/rickybao/dreamerv3_runs/pretrain_apt_seed1/metrics.jsonlWriting metrics: /scratch/midway3/rickybao/dreamerv3_runs/pretrain_apt_seed1/scores.jsonl


--------------------[Agent Step 238_624]--------------------
Metrics filtered by: 'score|length|fps|ratio|train/loss/|train/rand/'
train/loss/con 0.02 / train/loss/dyn 6.08 / train/loss/height 2.6e-3 / train/loss/orientations 0.14 / train/loss/policy 8.3e-3 / train/loss/rep 6.08 / train/loss/value 1.29 / train/loss/velocity 0.88 / replay/replay_ratio 1040 / fps/policy 5.62 / fps/train 5755.24

Writing metrics: /scratch/midway3/rickybao/dreamerv3_runs/pretrain_apt_seed1/metrics.jsonlWriting metrics: /scratch/midway3/rickybao/dreamerv3_runs/pretrain_apt_seed1/scores.jsonl


--------------------[Agent Step 239_312]--------------------
Metrics filtered by: 'score|length|fps|ratio|train/loss/|train/rand/'
train/loss/con 0.02 / train/loss/dyn 6.1 / train/loss/height 2.7e-3 / train/loss/orientations 0.14 / train/loss/policy 1e-3 / train/loss/rep 6.1 / train/loss/value 1.29 / train/loss/velocity 0.88 / replay/replay_ratio 1040 / fps/policy 5.62 / fps/train 5756.07

Writing metrics: /scratch/midway3/rickybao/dreamerv3_runs/pretrain_apt_seed1/metrics.jsonlWriting metrics: /scratch/midway3/rickybao/dreamerv3_runs/pretrain_apt_seed1/scores.jsonl


--------------------[Agent Step 240_000]--------------------
Metrics filtered by: 'score|length|fps|ratio|train/loss/|train/rand/'
train/loss/con 0.02 / train/loss/dyn 6.06 / train/loss/height 2.6e-3 / train/loss/orientations 0.14 / train/loss/policy -7.1e-4 / train/loss/rep 6.06 / train/loss/value 1.29 / train/loss/velocity 0.87 / replay/replay_ratio 1040 / fps/policy 5.62 / fps/train 5758.94

Writing metrics: /scratch/midway3/rickybao/dreamerv3_runs/pretrain_apt_seed1/scores.jsonlWriting metrics: /scratch/midway3/rickybao/dreamerv3_runs/pretrain_apt_seed1/metrics.jsonl

Saving checkpoint: /scratch/midway3/rickybao/dreamerv3_runs/pretrain_apt_seed1/ckpt/20260517T051647F368159
Saved checkpoint.

--------------------[Agent Step 240_688]--------------------
Metrics filtered by: 'score|length|fps|ratio|train/loss/|train/rand/'
episode/score 59.21 / episode/length 1001 / train/loss/con 0.02 / train/loss/dyn 6.12 / train/loss/height 2.7e-3 / train/loss/orientations 0.14 / train/loss/policy 4.6e-3 / train/loss/rep 6.12 / train/loss/value 1.29 / train/loss/velocity 0.88 / replay/replay_ratio 1040 / fps/policy 5.61 / fps/train 5743.08

Writing metrics: /scratch/midway3/rickybao/dreamerv3_runs/pretrain_apt_seed1/metrics.jsonlWriting metrics: /scratch/midway3/rickybao/dreamerv3_runs/pretrain_apt_seed1/scores.jsonl


--------------------[Agent Step 241_376]--------------------
Metrics filtered by: 'score|length|fps|ratio|train/loss/|train/rand/'
train/loss/con 0.02 / train/loss/dyn 6.1 / train/loss/height 2.6e-3 / train/loss/orientations 0.14 / train/loss/policy 8.4e-3 / train/loss/rep 6.1 / train/loss/value 1.29 / train/loss/velocity 0.88 / replay/replay_ratio 1040 / fps/policy 5.62 / fps/train 5751.43

Writing metrics: /scratch/midway3/rickybao/dreamerv3_runs/pretrain_apt_seed1/metrics.jsonlWriting metrics: /scratch/midway3/rickybao/dreamerv3_runs/pretrain_apt_seed1/scores.jsonl


--------------------[Agent Step 242_064]--------------------
Metrics filtered by: 'score|length|fps|ratio|train/loss/|train/rand/'
train/loss/con 0.02 / train/loss/dyn 6.09 / train/loss/height 2.6e-3 / train/loss/orientations 0.14 / train/loss/policy 1.2e-3 / train/loss/rep 6.09 / train/loss/value 1.29 / train/loss/velocity 0.88 / replay/replay_ratio 1040 / fps/policy 5.62 / fps/train 5750.43

Writing metrics: /scratch/midway3/rickybao/dreamerv3_runs/pretrain_apt_seed1/scores.jsonlWriting metrics: /scratch/midway3/rickybao/dreamerv3_runs/pretrain_apt_seed1/metrics.jsonl


--------------------[Agent Step 242_752]--------------------
Metrics filtered by: 'score|length|fps|ratio|train/loss/|train/rand/'
train/loss/con 0.02 / train/loss/dyn 6.09 / train/loss/height 2.6e-3 / train/loss/orientations 0.14 / train/loss/policy 8.7e-3 / train/loss/rep 6.09 / train/loss/value 1.29 / train/loss/velocity 0.88 / replay/replay_ratio 1040 / fps/policy 5.61 / fps/train 5749.68

Writing metrics: /scratch/midway3/rickybao/dreamerv3_runs/pretrain_apt_seed1/metrics.jsonlWriting metrics: /scratch/midway3/rickybao/dreamerv3_runs/pretrain_apt_seed1/scores.jsonl


--------------------[Agent Step 243_440]--------------------
Metrics filtered by: 'score|length|fps|ratio|train/loss/|train/rand/'
train/loss/con 0.02 / train/loss/dyn 6.1 / train/loss/height 2.6e-3 / train/loss/orientations 0.14 / train/loss/policy 0.01 / train/loss/rep 6.1 / train/loss/value 1.29 / train/loss/velocity 0.88 / replay/replay_ratio 1040 / fps/policy 5.62 / fps/train 5753.09

Writing metrics: /scratch/midway3/rickybao/dreamerv3_runs/pretrain_apt_seed1/metrics.jsonlWriting metrics: /scratch/midway3/rickybao/dreamerv3_runs/pretrain_apt_seed1/scores.jsonl


--------------------[Agent Step 244_128]--------------------
Metrics filtered by: 'score|length|fps|ratio|train/loss/|train/rand/'
train/loss/con 0.02 / train/loss/dyn 6.07 / train/loss/height 2.6e-3 / train/loss/orientations 0.14 / train/loss/policy 7.4e-3 / train/loss/rep 6.07 / train/loss/value 1.29 / train/loss/velocity 0.87 / replay/replay_ratio 1040 / fps/policy 5.62 / fps/train 5752.07

Writing metrics: /scratch/midway3/rickybao/dreamerv3_runs/pretrain_apt_seed1/metrics.jsonlWriting metrics: /scratch/midway3/rickybao/dreamerv3_runs/pretrain_apt_seed1/scores.jsonl


--------------------[Agent Step 244_816]--------------------
Metrics filtered by: 'score|length|fps|ratio|train/loss/|train/rand/'
train/loss/con 0.02 / train/loss/dyn 6.13 / train/loss/height 2.7e-3 / train/loss/orientations 0.14 / train/loss/policy 4e-3 / train/loss/rep 6.13 / train/loss/value 1.29 / train/loss/velocity 0.88 / replay/replay_ratio 1040 / fps/policy 5.62 / fps/train 5752.53

Writing metrics: /scratch/midway3/rickybao/dreamerv3_runs/pretrain_apt_seed1/metrics.jsonlWriting metrics: /scratch/midway3/rickybao/dreamerv3_runs/pretrain_apt_seed1/scores.jsonl

Saving checkpoint: /scratch/midway3/rickybao/dreamerv3_runs/pretrain_apt_seed1/ckpt/20260517T053147F753894
Saved checkpoint.

--------------------[Agent Step 245_504]--------------------
Metrics filtered by: 'score|length|fps|ratio|train/loss/|train/rand/'
train/loss/con 0.02 / train/loss/dyn 6.1 / train/loss/height 2.7e-3 / train/loss/orientations 0.14 / train/loss/policy 2.8e-3 / train/loss/rep 6.1 / train/loss/value 1.29 / train/loss/velocity 0.88 / replay/replay_ratio 1040 / fps/policy 5.6 / fps/train 5739.22

Writing metrics: /scratch/midway3/rickybao/dreamerv3_runs/pretrain_apt_seed1/metrics.jsonlWriting metrics: /scratch/midway3/rickybao/dreamerv3_runs/pretrain_apt_seed1/scores.jsonl


--------------------[Agent Step 246_192]--------------------
Metrics filtered by: 'score|length|fps|ratio|train/loss/|train/rand/'
train/loss/con 0.02 / train/loss/dyn 6.1 / train/loss/height 2.6e-3 / train/loss/orientations 0.14 / train/loss/policy -1.2e-3 / train/loss/rep 6.1 / train/loss/value 1.29 / train/loss/velocity 0.88 / replay/replay_ratio 1040 / fps/policy 5.62 / fps/train 5752.99

Writing metrics: /scratch/midway3/rickybao/dreamerv3_runs/pretrain_apt_seed1/scores.jsonlWriting metrics: /scratch/midway3/rickybao/dreamerv3_runs/pretrain_apt_seed1/metrics.jsonl


--------------------[Agent Step 246_880]--------------------
Metrics filtered by: 'score|length|fps|ratio|train/loss/|train/rand/'
train/loss/con 0.02 / train/loss/dyn 6.1 / train/loss/height 2.6e-3 / train/loss/orientations 0.14 / train/loss/policy 8.3e-3 / train/loss/rep 6.1 / train/loss/value 1.29 / train/loss/velocity 0.88 / replay/replay_ratio 1040 / fps/policy 5.62 / fps/train 5755.85

Writing metrics: /scratch/midway3/rickybao/dreamerv3_runs/pretrain_apt_seed1/scores.jsonlWriting metrics: /scratch/midway3/rickybao/dreamerv3_runs/pretrain_apt_seed1/metrics.jsonl


--------------------[Agent Step 247_568]--------------------
Metrics filtered by: 'score|length|fps|ratio|train/loss/|train/rand/'
train/loss/con 0.02 / train/loss/dyn 6.1 / train/loss/height 2.6e-3 / train/loss/orientations 0.14 / train/loss/policy 0.01 / train/loss/rep 6.1 / train/loss/value 1.3 / train/loss/velocity 0.88 / replay/replay_ratio 1040 / fps/policy 5.62 / fps/train 5755.82

Writing metrics: /scratch/midway3/rickybao/dreamerv3_runs/pretrain_apt_seed1/metrics.jsonlWriting metrics: /scratch/midway3/rickybao/dreamerv3_runs/pretrain_apt_seed1/scores.jsonl


--------------------[Agent Step 248_256]--------------------
Metrics filtered by: 'score|length|fps|ratio|train/loss/|train/rand/'
train/loss/con 0.02 / train/loss/dyn 6.08 / train/loss/height 2.5e-3 / train/loss/orientations 0.14 / train/loss/policy 8.1e-3 / train/loss/rep 6.08 / train/loss/value 1.3 / train/loss/velocity 0.88 / replay/replay_ratio 1040 / fps/policy 5.62 / fps/train 5756.24

Writing metrics: /scratch/midway3/rickybao/dreamerv3_runs/pretrain_apt_seed1/metrics.jsonlWriting metrics: /scratch/midway3/rickybao/dreamerv3_runs/pretrain_apt_seed1/scores.jsonl


--------------------[Agent Step 248_944]--------------------
Metrics filtered by: 'score|length|fps|ratio|train/loss/|train/rand/'
train/loss/con 0.02 / train/loss/dyn 6.09 / train/loss/height 2.5e-3 / train/loss/orientations 0.14 / train/loss/policy 0.01 / train/loss/rep 6.09 / train/loss/value 1.3 / train/loss/velocity 0.88 / replay/replay_ratio 1040 / fps/policy 5.62 / fps/train 5755.4

Writing metrics: /scratch/midway3/rickybao/dreamerv3_runs/pretrain_apt_seed1/metrics.jsonlWriting metrics: /scratch/midway3/rickybao/dreamerv3_runs/pretrain_apt_seed1/scores.jsonl


--------------------[Agent Step 249_632]--------------------
Metrics filtered by: 'score|length|fps|ratio|train/loss/|train/rand/'
train/loss/con 0.02 / train/loss/dyn 6.09 / train/loss/height 2.6e-3 / train/loss/orientations 0.14 / train/loss/policy 1.9e-3 / train/loss/rep 6.09 / train/loss/value 1.3 / train/loss/velocity 0.88 / replay/replay_ratio 1040 / fps/policy 5.62 / fps/train 5755.99

Writing metrics: /scratch/midway3/rickybao/dreamerv3_runs/pretrain_apt_seed1/metrics.jsonl
Writing metrics: /scratch/midway3/rickybao/dreamerv3_runs/pretrain_apt_seed1/scores.jsonl

--------------------[Agent Step 250_320]--------------------
Metrics filtered by: 'score|length|fps|ratio|train/loss/|train/rand/'
train/loss/con 0.02 / train/loss/dyn 6.07 / train/loss/height 2.5e-3 / train/loss/orientations 0.14 / train/loss/policy -9.3e-5 / train/loss/rep 6.07 / train/loss/value 1.3 / train/loss/velocity 0.88 / replay/replay_ratio 1040 / fps/policy 5.62 / fps/train 5755.62

Writing metrics: /scratch/midway3/rickybao/dreamerv3_runs/pretrain_apt_seed1/metrics.jsonlWriting metrics: /scratch/midway3/rickybao/dreamerv3_runs/pretrain_apt_seed1/scores.jsonlSaving checkpoint: /scratch/midway3/rickybao/dreamerv3_runs/pretrain_apt_seed1/ckpt/20260517T054650F471837


Saved checkpoint.

--------------------[Agent Step 251_008]--------------------
Metrics filtered by: 'score|length|fps|ratio|train/loss/|train/rand/'
train/loss/con 0.02 / train/loss/dyn 6.09 / train/loss/height 2.6e-3 / train/loss/orientations 0.14 / train/loss/policy -9.1e-3 / train/loss/rep 6.09 / train/loss/value 1.3 / train/loss/velocity 0.88 / replay/replay_ratio 1040 / fps/policy 5.61 / fps/train 5744.17

Writing metrics: /scratch/midway3/rickybao/dreamerv3_runs/pretrain_apt_seed1/scores.jsonlWriting metrics: /scratch/midway3/rickybao/dreamerv3_runs/pretrain_apt_seed1/metrics.jsonl


--------------------[Agent Step 251_696]--------------------
Metrics filtered by: 'score|length|fps|ratio|train/loss/|train/rand/'
train/loss/con 0.02 / train/loss/dyn 6.06 / train/loss/height 2.4e-3 / train/loss/orientations 0.14 / train/loss/policy -4e-3 / train/loss/rep 6.06 / train/loss/value 1.3 / train/loss/velocity 0.87 / replay/replay_ratio 1040 / fps/policy 5.62 / fps/train 5755.61

Writing metrics: /scratch/midway3/rickybao/dreamerv3_runs/pretrain_apt_seed1/scores.jsonlWriting metrics: /scratch/midway3/rickybao/dreamerv3_runs/pretrain_apt_seed1/metrics.jsonl


--------------------[Agent Step 252_384]--------------------
Metrics filtered by: 'score|length|fps|ratio|train/loss/|train/rand/'
train/loss/con 0.02 / train/loss/dyn 6.08 / train/loss/height 2.5e-3 / train/loss/orientations 0.13 / train/loss/policy 3.7e-4 / train/loss/rep 6.08 / train/loss/value 1.3 / train/loss/velocity 0.87 / replay/replay_ratio 1040 / fps/policy 5.62 / fps/train 5757.44

Writing metrics: /scratch/midway3/rickybao/dreamerv3_runs/pretrain_apt_seed1/metrics.jsonlWriting metrics: /scratch/midway3/rickybao/dreamerv3_runs/pretrain_apt_seed1/scores.jsonl


--------------------[Agent Step 253_072]--------------------
Metrics filtered by: 'score|length|fps|ratio|train/loss/|train/rand/'
train/loss/con 0.02 / train/loss/dyn 6.06 / train/loss/height 2.5e-3 / train/loss/orientations 0.13 / train/loss/policy -6.1e-4 / train/loss/rep 6.06 / train/loss/value 1.3 / train/loss/velocity 0.87 / replay/replay_ratio 1040 / fps/policy 5.62 / fps/train 5757.95

Writing metrics: /scratch/midway3/rickybao/dreamerv3_runs/pretrain_apt_seed1/metrics.jsonlWriting metrics: /scratch/midway3/rickybao/dreamerv3_runs/pretrain_apt_seed1/scores.jsonl


--------------------[Agent Step 253_760]--------------------
Metrics filtered by: 'score|length|fps|ratio|train/loss/|train/rand/'
train/loss/con 0.02 / train/loss/dyn 6.06 / train/loss/height 2.5e-3 / train/loss/orientations 0.13 / train/loss/policy -3e-3 / train/loss/rep 6.06 / train/loss/value 1.3 / train/loss/velocity 0.87 / replay/replay_ratio 1040 / fps/policy 5.62 / fps/train 5756.38

Writing metrics: /scratch/midway3/rickybao/dreamerv3_runs/pretrain_apt_seed1/metrics.jsonlWriting metrics: /scratch/midway3/rickybao/dreamerv3_runs/pretrain_apt_seed1/scores.jsonl


--------------------[Agent Step 254_448]--------------------
Metrics filtered by: 'score|length|fps|ratio|train/loss/|train/rand/'
train/loss/con 0.02 / train/loss/dyn 6.08 / train/loss/height 2.5e-3 / train/loss/orientations 0.13 / train/loss/policy 6.9e-3 / train/loss/rep 6.08 / train/loss/value 1.3 / train/loss/velocity 0.87 / replay/replay_ratio 1040 / fps/policy 5.62 / fps/train 5756.85

Writing metrics: /scratch/midway3/rickybao/dreamerv3_runs/pretrain_apt_seed1/metrics.jsonl
Writing metrics: /scratch/midway3/rickybao/dreamerv3_runs/pretrain_apt_seed1/scores.jsonl

--------------------[Agent Step 255_136]--------------------
Metrics filtered by: 'score|length|fps|ratio|train/loss/|train/rand/'
train/loss/con 0.02 / train/loss/dyn 6.08 / train/loss/height 2.5e-3 / train/loss/orientations 0.14 / train/loss/policy 2.8e-3 / train/loss/rep 6.08 / train/loss/value 1.3 / train/loss/velocity 0.87 / replay/replay_ratio 1040 / fps/policy 5.62 / fps/train 5757.47

Writing metrics: /scratch/midway3/rickybao/dreamerv3_runs/pretrain_apt_seed1/metrics.jsonlWriting metrics: /scratch/midway3/rickybao/dreamerv3_runs/pretrain_apt_seed1/scores.jsonl

Saving checkpoint: /scratch/midway3/rickybao/dreamerv3_runs/pretrain_apt_seed1/ckpt/20260517T060152F900698
Saved checkpoint.

--------------------[Agent Step 255_824]--------------------
Metrics filtered by: 'score|length|fps|ratio|train/loss/|train/rand/'
train/loss/con 0.02 / train/loss/dyn 6.08 / train/loss/height 2.5e-3 / train/loss/orientations 0.13 / train/loss/policy 1e-3 / train/loss/rep 6.08 / train/loss/value 1.3 / train/loss/velocity 0.87 / replay/replay_ratio 1040 / fps/policy 5.61 / fps/train 5744.53

Writing metrics: /scratch/midway3/rickybao/dreamerv3_runs/pretrain_apt_seed1/metrics.jsonlWriting metrics: /scratch/midway3/rickybao/dreamerv3_runs/pretrain_apt_seed1/scores.jsonl


--------------------[Agent Step 256_512]--------------------
Metrics filtered by: 'score|length|fps|ratio|train/loss/|train/rand/'
episode/score 59.5 / episode/length 1001 / train/loss/con 0.02 / train/loss/dyn 6.08 / train/loss/height 2.4e-3 / train/loss/orientations 0.13 / train/loss/policy 7.2e-3 / train/loss/rep 6.08 / train/loss/value 1.3 / train/loss/velocity 0.87 / replay/replay_ratio 1040 / fps/policy 5.62 / fps/train 5752.47

Writing metrics: /scratch/midway3/rickybao/dreamerv3_runs/pretrain_apt_seed1/scores.jsonlWriting metrics: /scratch/midway3/rickybao/dreamerv3_runs/pretrain_apt_seed1/metrics.jsonl


--------------------[Agent Step 257_200]--------------------
Metrics filtered by: 'score|length|fps|ratio|train/loss/|train/rand/'
train/loss/con 0.02 / train/loss/dyn 6.06 / train/loss/height 2.5e-3 / train/loss/orientations 0.13 / train/loss/policy 7.6e-3 / train/loss/rep 6.06 / train/loss/value 1.3 / train/loss/velocity 0.87 / replay/replay_ratio 1040 / fps/policy 5.62 / fps/train 5753.08

Writing metrics: /scratch/midway3/rickybao/dreamerv3_runs/pretrain_apt_seed1/metrics.jsonlWriting metrics: /scratch/midway3/rickybao/dreamerv3_runs/pretrain_apt_seed1/scores.jsonl


--------------------[Agent Step 257_888]--------------------
Metrics filtered by: 'score|length|fps|ratio|train/loss/|train/rand/'
train/loss/con 0.02 / train/loss/dyn 6.06 / train/loss/height 2.5e-3 / train/loss/orientations 0.13 / train/loss/policy 8.6e-3 / train/loss/rep 6.06 / train/loss/value 1.3 / train/loss/velocity 0.87 / replay/replay_ratio 1040 / fps/policy 5.62 / fps/train 5752.58

Writing metrics: /scratch/midway3/rickybao/dreamerv3_runs/pretrain_apt_seed1/metrics.jsonlWriting metrics: /scratch/midway3/rickybao/dreamerv3_runs/pretrain_apt_seed1/scores.jsonl


--------------------[Agent Step 258_576]--------------------
Metrics filtered by: 'score|length|fps|ratio|train/loss/|train/rand/'
train/loss/con 0.02 / train/loss/dyn 6.06 / train/loss/height 2.5e-3 / train/loss/orientations 0.13 / train/loss/policy 7.9e-3 / train/loss/rep 6.06 / train/loss/value 1.3 / train/loss/velocity 0.87 / replay/replay_ratio 1040 / fps/policy 5.62 / fps/train 5753.19

Writing metrics: /scratch/midway3/rickybao/dreamerv3_runs/pretrain_apt_seed1/metrics.jsonlWriting metrics: /scratch/midway3/rickybao/dreamerv3_runs/pretrain_apt_seed1/scores.jsonl


--------------------[Agent Step 259_264]--------------------
Metrics filtered by: 'score|length|fps|ratio|train/loss/|train/rand/'
train/loss/con 0.02 / train/loss/dyn 6.07 / train/loss/height 2.5e-3 / train/loss/orientations 0.13 / train/loss/policy -1.6e-3 / train/loss/rep 6.07 / train/loss/value 1.3 / train/loss/velocity 0.87 / replay/replay_ratio 1040 / fps/policy 5.62 / fps/train 5752.61

Writing metrics: /scratch/midway3/rickybao/dreamerv3_runs/pretrain_apt_seed1/metrics.jsonlWriting metrics: /scratch/midway3/rickybao/dreamerv3_runs/pretrain_apt_seed1/scores.jsonl


--------------------[Agent Step 259_952]--------------------
Metrics filtered by: 'score|length|fps|ratio|train/loss/|train/rand/'
train/loss/con 0.02 / train/loss/dyn 6.08 / train/loss/height 2.5e-3 / train/loss/orientations 0.13 / train/loss/policy 0.01 / train/loss/rep 6.08 / train/loss/value 1.3 / train/loss/velocity 0.87 / replay/replay_ratio 1040 / fps/policy 5.62 / fps/train 5753.08

Writing metrics: /scratch/midway3/rickybao/dreamerv3_runs/pretrain_apt_seed1/metrics.jsonlWriting metrics: /scratch/midway3/rickybao/dreamerv3_runs/pretrain_apt_seed1/scores.jsonl

Saving checkpoint: /scratch/midway3/rickybao/dreamerv3_runs/pretrain_apt_seed1/ckpt/20260517T061653F071885
Saved checkpoint.

--------------------[Agent Step 260_640]--------------------
Metrics filtered by: 'score|length|fps|ratio|train/loss/|train/rand/'
train/loss/con 0.02 / train/loss/dyn 6.1 / train/loss/height 2.5e-3 / train/loss/orientations 0.13 / train/loss/policy 6e-3 / train/loss/rep 6.1 / train/loss/value 1.3 / train/loss/velocity 0.88 / replay/replay_ratio 1040 / fps/policy 5.61 / fps/train 5742.05

Writing metrics: /scratch/midway3/rickybao/dreamerv3_runs/pretrain_apt_seed1/metrics.jsonlWriting metrics: /scratch/midway3/rickybao/dreamerv3_runs/pretrain_apt_seed1/scores.jsonl


--------------------[Agent Step 261_328]--------------------
Metrics filtered by: 'score|length|fps|ratio|train/loss/|train/rand/'
train/loss/con 0.02 / train/loss/dyn 6.09 / train/loss/height 2.5e-3 / train/loss/orientations 0.13 / train/loss/policy 4.9e-3 / train/loss/rep 6.09 / train/loss/value 1.3 / train/loss/velocity 0.87 / replay/replay_ratio 1040 / fps/policy 5.62 / fps/train 5752.79

Writing metrics: /scratch/midway3/rickybao/dreamerv3_runs/pretrain_apt_seed1/metrics.jsonlWriting metrics: /scratch/midway3/rickybao/dreamerv3_runs/pretrain_apt_seed1/scores.jsonl


--------------------[Agent Step 262_016]--------------------
Metrics filtered by: 'score|length|fps|ratio|train/loss/|train/rand/'
train/loss/con 0.02 / train/loss/dyn 6.06 / train/loss/height 2.5e-3 / train/loss/orientations 0.13 / train/loss/policy 7.5e-3 / train/loss/rep 6.06 / train/loss/value 1.3 / train/loss/velocity 0.87 / replay/replay_ratio 1040 / fps/policy 5.62 / fps/train 5752.23

Writing metrics: /scratch/midway3/rickybao/dreamerv3_runs/pretrain_apt_seed1/metrics.jsonlWriting metrics: /scratch/midway3/rickybao/dreamerv3_runs/pretrain_apt_seed1/scores.jsonl


--------------------[Agent Step 262_704]--------------------
Metrics filtered by: 'score|length|fps|ratio|train/loss/|train/rand/'
train/loss/con 0.02 / train/loss/dyn 6.06 / train/loss/height 2.4e-3 / train/loss/orientations 0.13 / train/loss/policy 9.8e-3 / train/loss/rep 6.06 / train/loss/value 1.3 / train/loss/velocity 0.87 / replay/replay_ratio 1040 / fps/policy 5.62 / fps/train 5753.87

Writing metrics: /scratch/midway3/rickybao/dreamerv3_runs/pretrain_apt_seed1/metrics.jsonlWriting metrics: /scratch/midway3/rickybao/dreamerv3_runs/pretrain_apt_seed1/scores.jsonl


--------------------[Agent Step 263_392]--------------------
Metrics filtered by: 'score|length|fps|ratio|train/loss/|train/rand/'
train/loss/con 0.02 / train/loss/dyn 6.08 / train/loss/height 2.5e-3 / train/loss/orientations 0.13 / train/loss/policy 2e-3 / train/loss/rep 6.08 / train/loss/value 1.3 / train/loss/velocity 0.87 / replay/replay_ratio 1040 / fps/policy 5.62 / fps/train 5751.75

Writing metrics: /scratch/midway3/rickybao/dreamerv3_runs/pretrain_apt_seed1/metrics.jsonlWriting metrics: /scratch/midway3/rickybao/dreamerv3_runs/pretrain_apt_seed1/scores.jsonl


--------------------[Agent Step 264_080]--------------------
Metrics filtered by: 'score|length|fps|ratio|train/loss/|train/rand/'
train/loss/con 0.02 / train/loss/dyn 6.04 / train/loss/height 2.4e-3 / train/loss/orientations 0.13 / train/loss/policy 1.8e-3 / train/loss/rep 6.04 / train/loss/value 1.3 / train/loss/velocity 0.86 / replay/replay_ratio 1040 / fps/policy 5.62 / fps/train 5755.94

Writing metrics: /scratch/midway3/rickybao/dreamerv3_runs/pretrain_apt_seed1/metrics.jsonlWriting metrics: /scratch/midway3/rickybao/dreamerv3_runs/pretrain_apt_seed1/scores.jsonl


--------------------[Agent Step 264_768]--------------------
Metrics filtered by: 'score|length|fps|ratio|train/loss/|train/rand/'
train/loss/con 0.02 / train/loss/dyn 6.08 / train/loss/height 2.4e-3 / train/loss/orientations 0.13 / train/loss/policy 7.5e-3 / train/loss/rep 6.08 / train/loss/value 1.3 / train/loss/velocity 0.87 / replay/replay_ratio 1040 / fps/policy 5.62 / fps/train 5755.2

Writing metrics: /scratch/midway3/rickybao/dreamerv3_runs/pretrain_apt_seed1/metrics.jsonlWriting metrics: /scratch/midway3/rickybao/dreamerv3_runs/pretrain_apt_seed1/scores.jsonl


--------------------[Agent Step 265_456]--------------------
Metrics filtered by: 'score|length|fps|ratio|train/loss/|train/rand/'
train/loss/con 0.02 / train/loss/dyn 6.04 / train/loss/height 2.4e-3 / train/loss/orientations 0.13 / train/loss/policy 3.6e-3 / train/loss/rep 6.04 / train/loss/value 1.3 / train/loss/velocity 0.87 / replay/replay_ratio 1040 / fps/policy 5.62 / fps/train 5755.87

Writing metrics: /scratch/midway3/rickybao/dreamerv3_runs/pretrain_apt_seed1/scores.jsonlWriting metrics: /scratch/midway3/rickybao/dreamerv3_runs/pretrain_apt_seed1/metrics.jsonl

Saving checkpoint: /scratch/midway3/rickybao/dreamerv3_runs/pretrain_apt_seed1/ckpt/20260517T063153F113165
Saved checkpoint.

--------------------[Agent Step 266_144]--------------------
Metrics filtered by: 'score|length|fps|ratio|train/loss/|train/rand/'
train/loss/con 0.02 / train/loss/dyn 6.06 / train/loss/height 2.5e-3 / train/loss/orientations 0.13 / train/loss/policy 7.2e-3 / train/loss/rep 6.06 / train/loss/value 1.3 / train/loss/velocity 0.87 / replay/replay_ratio 1040 / fps/policy 5.61 / fps/train 5744.13

Writing metrics: /scratch/midway3/rickybao/dreamerv3_runs/pretrain_apt_seed1/metrics.jsonlWriting metrics: /scratch/midway3/rickybao/dreamerv3_runs/pretrain_apt_seed1/scores.jsonl


--------------------[Agent Step 266_832]--------------------
Metrics filtered by: 'score|length|fps|ratio|train/loss/|train/rand/'
train/loss/con 0.02 / train/loss/dyn 6.06 / train/loss/height 2.4e-3 / train/loss/orientations 0.13 / train/loss/policy 9e-3 / train/loss/rep 6.06 / train/loss/value 1.3 / train/loss/velocity 0.87 / replay/replay_ratio 1040 / fps/policy 5.62 / fps/train 5754.91

Writing metrics: /scratch/midway3/rickybao/dreamerv3_runs/pretrain_apt_seed1/metrics.jsonlWriting metrics: /scratch/midway3/rickybao/dreamerv3_runs/pretrain_apt_seed1/scores.jsonl


--------------------[Agent Step 267_520]--------------------
Metrics filtered by: 'score|length|fps|ratio|train/loss/|train/rand/'
train/loss/con 0.02 / train/loss/dyn 6.05 / train/loss/height 2.5e-3 / train/loss/orientations 0.13 / train/loss/policy 7.2e-3 / train/loss/rep 6.05 / train/loss/value 1.3 / train/loss/velocity 0.87 / replay/replay_ratio 1040 / fps/policy 5.62 / fps/train 5759.4

Writing metrics: /scratch/midway3/rickybao/dreamerv3_runs/pretrain_apt_seed1/metrics.jsonlWriting metrics: /scratch/midway3/rickybao/dreamerv3_runs/pretrain_apt_seed1/scores.jsonl


--------------------[Agent Step 268_208]--------------------
Metrics filtered by: 'score|length|fps|ratio|train/loss/|train/rand/'
train/loss/con 0.02 / train/loss/dyn 6.06 / train/loss/height 2.5e-3 / train/loss/orientations 0.13 / train/loss/policy 7.3e-3 / train/loss/rep 6.06 / train/loss/value 1.3 / train/loss/velocity 0.87 / replay/replay_ratio 1040 / fps/policy 5.62 / fps/train 5757.37

Writing metrics: /scratch/midway3/rickybao/dreamerv3_runs/pretrain_apt_seed1/metrics.jsonl
Writing metrics: /scratch/midway3/rickybao/dreamerv3_runs/pretrain_apt_seed1/scores.jsonl

--------------------[Agent Step 268_896]--------------------
Metrics filtered by: 'score|length|fps|ratio|train/loss/|train/rand/'
train/loss/con 0.02 / train/loss/dyn 6.04 / train/loss/height 2.4e-3 / train/loss/orientations 0.13 / train/loss/policy -8.8e-4 / train/loss/rep 6.04 / train/loss/value 1.3 / train/loss/velocity 0.86 / replay/replay_ratio 1040 / fps/policy 5.62 / fps/train 5757.09

Writing metrics: /scratch/midway3/rickybao/dreamerv3_runs/pretrain_apt_seed1/metrics.jsonlWriting metrics: /scratch/midway3/rickybao/dreamerv3_runs/pretrain_apt_seed1/scores.jsonl


--------------------[Agent Step 269_584]--------------------
Metrics filtered by: 'score|length|fps|ratio|train/loss/|train/rand/'
train/loss/con 0.02 / train/loss/dyn 6.07 / train/loss/height 2.4e-3 / train/loss/orientations 0.13 / train/loss/policy 6.8e-3 / train/loss/rep 6.07 / train/loss/value 1.3 / train/loss/velocity 0.87 / replay/replay_ratio 1040 / fps/policy 5.62 / fps/train 5757.65

Writing metrics: /scratch/midway3/rickybao/dreamerv3_runs/pretrain_apt_seed1/metrics.jsonlWriting metrics: /scratch/midway3/rickybao/dreamerv3_runs/pretrain_apt_seed1/scores.jsonl


--------------------[Agent Step 270_272]--------------------
Metrics filtered by: 'score|length|fps|ratio|train/loss/|train/rand/'
train/loss/con 0.02 / train/loss/dyn 6.06 / train/loss/height 2.4e-3 / train/loss/orientations 0.12 / train/loss/policy 0.01 / train/loss/rep 6.06 / train/loss/value 1.3 / train/loss/velocity 0.87 / replay/replay_ratio 1040 / fps/policy 5.62 / fps/train 5757.87

Writing metrics: /scratch/midway3/rickybao/dreamerv3_runs/pretrain_apt_seed1/metrics.jsonl
Writing metrics: /scratch/midway3/rickybao/dreamerv3_runs/pretrain_apt_seed1/scores.jsonl
Saving checkpoint: /scratch/midway3/rickybao/dreamerv3_runs/pretrain_apt_seed1/ckpt/20260517T064655F521156
Saved checkpoint.

--------------------[Agent Step 270_960]--------------------
Metrics filtered by: 'score|length|fps|ratio|train/loss/|train/rand/'
train/loss/con 0.02 / train/loss/dyn 6.05 / train/loss/height 2.3e-3 / train/loss/orientations 0.13 / train/loss/policy 8e-3 / train/loss/rep 6.05 / train/loss/value 1.3 / train/loss/velocity 0.87 / replay/replay_ratio 1040 / fps/policy 5.6 / fps/train 5738.27

Writing metrics: /scratch/midway3/rickybao/dreamerv3_runs/pretrain_apt_seed1/metrics.jsonl
Writing metrics: /scratch/midway3/rickybao/dreamerv3_runs/pretrain_apt_seed1/scores.jsonl

--------------------[Agent Step 271_648]--------------------
Metrics filtered by: 'score|length|fps|ratio|train/loss/|train/rand/'
train/loss/con 0.02 / train/loss/dyn 6.04 / train/loss/height 2.4e-3 / train/loss/orientations 0.12 / train/loss/policy -2.9e-4 / train/loss/rep 6.04 / train/loss/value 1.3 / train/loss/velocity 0.86 / replay/replay_ratio 1040 / fps/policy 5.62 / fps/train 5750.24

Writing metrics: /scratch/midway3/rickybao/dreamerv3_runs/pretrain_apt_seed1/scores.jsonlWriting metrics: /scratch/midway3/rickybao/dreamerv3_runs/pretrain_apt_seed1/metrics.jsonl


--------------------[Agent Step 272_336]--------------------
Metrics filtered by: 'score|length|fps|ratio|train/loss/|train/rand/'
episode/score 59.64 / episode/length 1001 / train/loss/con 0.02 / train/loss/dyn 6.03 / train/loss/height 2.3e-3 / train/loss/orientations 0.12 / train/loss/policy 6.4e-3 / train/loss/rep 6.03 / train/loss/value 1.3 / train/loss/velocity 0.86 / replay/replay_ratio 1040 / fps/policy 5.61 / fps/train 5749.2

Writing metrics: /scratch/midway3/rickybao/dreamerv3_runs/pretrain_apt_seed1/metrics.jsonlWriting metrics: /scratch/midway3/rickybao/dreamerv3_runs/pretrain_apt_seed1/scores.jsonl


--------------------[Agent Step 273_024]--------------------
Metrics filtered by: 'score|length|fps|ratio|train/loss/|train/rand/'
train/loss/con 0.02 / train/loss/dyn 6.07 / train/loss/height 2.4e-3 / train/loss/orientations 0.13 / train/loss/policy 1.3e-3 / train/loss/rep 6.07 / train/loss/value 1.3 / train/loss/velocity 0.87 / replay/replay_ratio 1040 / fps/policy 5.61 / fps/train 5745.9

Writing metrics: /scratch/midway3/rickybao/dreamerv3_runs/pretrain_apt_seed1/metrics.jsonlWriting metrics: /scratch/midway3/rickybao/dreamerv3_runs/pretrain_apt_seed1/scores.jsonl


--------------------[Agent Step 273_712]--------------------
Metrics filtered by: 'score|length|fps|ratio|train/loss/|train/rand/'
train/loss/con 0.02 / train/loss/dyn 6.04 / train/loss/height 2.3e-3 / train/loss/orientations 0.12 / train/loss/policy 0.01 / train/loss/rep 6.04 / train/loss/value 1.3 / train/loss/velocity 0.86 / replay/replay_ratio 1040 / fps/policy 5.61 / fps/train 5747.03

Writing metrics: /scratch/midway3/rickybao/dreamerv3_runs/pretrain_apt_seed1/scores.jsonlWriting metrics: /scratch/midway3/rickybao/dreamerv3_runs/pretrain_apt_seed1/metrics.jsonl


--------------------[Agent Step 274_400]--------------------
Metrics filtered by: 'score|length|fps|ratio|train/loss/|train/rand/'
train/loss/con 0.02 / train/loss/dyn 6.03 / train/loss/height 2.3e-3 / train/loss/orientations 0.12 / train/loss/policy 4.4e-3 / train/loss/rep 6.03 / train/loss/value 1.3 / train/loss/velocity 0.86 / replay/replay_ratio 1040 / fps/policy 5.61 / fps/train 5746.57

Writing metrics: /scratch/midway3/rickybao/dreamerv3_runs/pretrain_apt_seed1/metrics.jsonl
Writing metrics: /scratch/midway3/rickybao/dreamerv3_runs/pretrain_apt_seed1/scores.jsonl

--------------------[Agent Step 275_088]--------------------
Metrics filtered by: 'score|length|fps|ratio|train/loss/|train/rand/'
train/loss/con 0.02 / train/loss/dyn 6.03 / train/loss/height 2.4e-3 / train/loss/orientations 0.12 / train/loss/policy 4.5e-3 / train/loss/rep 6.03 / train/loss/value 1.3 / train/loss/velocity 0.86 / replay/replay_ratio 1040 / fps/policy 5.61 / fps/train 5747.55

Writing metrics: /scratch/midway3/rickybao/dreamerv3_runs/pretrain_apt_seed1/metrics.jsonlWriting metrics: /scratch/midway3/rickybao/dreamerv3_runs/pretrain_apt_seed1/scores.jsonl

Saving checkpoint: /scratch/midway3/rickybao/dreamerv3_runs/pretrain_apt_seed1/ckpt/20260517T070156F524681
Saved checkpoint.

--------------------[Agent Step 275_760]--------------------
Metrics filtered by: 'score|length|fps|ratio|train/loss/|train/rand/'
train/loss/con 0.02 / train/loss/dyn 6.04 / train/loss/height 2.3e-3 / train/loss/orientations 0.12 / train/loss/policy 0.01 / train/loss/rep 6.04 / train/loss/value 1.3 / train/loss/velocity 0.86 / replay/replay_ratio 1040 / fps/policy 5.6 / fps/train 5733.67

Writing metrics: /scratch/midway3/rickybao/dreamerv3_runs/pretrain_apt_seed1/metrics.jsonlWriting metrics: /scratch/midway3/rickybao/dreamerv3_runs/pretrain_apt_seed1/scores.jsonl


--------------------[Agent Step 276_448]--------------------
Metrics filtered by: 'score|length|fps|ratio|train/loss/|train/rand/'
train/loss/con 0.02 / train/loss/dyn 6.06 / train/loss/height 2.3e-3 / train/loss/orientations 0.12 / train/loss/policy 8.9e-3 / train/loss/rep 6.06 / train/loss/value 1.3 / train/loss/velocity 0.86 / replay/replay_ratio 1040 / fps/policy 5.61 / fps/train 5747.19

Writing metrics: /scratch/midway3/rickybao/dreamerv3_runs/pretrain_apt_seed1/metrics.jsonlWriting metrics: /scratch/midway3/rickybao/dreamerv3_runs/pretrain_apt_seed1/scores.jsonl


--------------------[Agent Step 277_136]--------------------
Metrics filtered by: 'score|length|fps|ratio|train/loss/|train/rand/'
train/loss/con 0.02 / train/loss/dyn 6.02 / train/loss/height 2.4e-3 / train/loss/orientations 0.12 / train/loss/policy 5e-3 / train/loss/rep 6.02 / train/loss/value 1.3 / train/loss/velocity 0.86 / replay/replay_ratio 1040 / fps/policy 5.61 / fps/train 5748.4

Writing metrics: /scratch/midway3/rickybao/dreamerv3_runs/pretrain_apt_seed1/metrics.jsonlWriting metrics: /scratch/midway3/rickybao/dreamerv3_runs/pretrain_apt_seed1/scores.jsonl


--------------------[Agent Step 277_824]--------------------
Metrics filtered by: 'score|length|fps|ratio|train/loss/|train/rand/'
train/loss/con 0.02 / train/loss/dyn 6.02 / train/loss/height 2.3e-3 / train/loss/orientations 0.12 / train/loss/policy 8.4e-3 / train/loss/rep 6.02 / train/loss/value 1.3 / train/loss/velocity 0.86 / replay/replay_ratio 1040 / fps/policy 5.61 / fps/train 5749.57

Writing metrics: /scratch/midway3/rickybao/dreamerv3_runs/pretrain_apt_seed1/metrics.jsonlWriting metrics: /scratch/midway3/rickybao/dreamerv3_runs/pretrain_apt_seed1/scores.jsonl


--------------------[Agent Step 278_512]--------------------
Metrics filtered by: 'score|length|fps|ratio|train/loss/|train/rand/'
train/loss/con 0.02 / train/loss/dyn 6.06 / train/loss/height 2.3e-3 / train/loss/orientations 0.12 / train/loss/policy 4.9e-3 / train/loss/rep 6.06 / train/loss/value 1.3 / train/loss/velocity 0.87 / replay/replay_ratio 1040 / fps/policy 5.62 / fps/train 5749.87

Writing metrics: /scratch/midway3/rickybao/dreamerv3_runs/pretrain_apt_seed1/metrics.jsonlWriting metrics: /scratch/midway3/rickybao/dreamerv3_runs/pretrain_apt_seed1/scores.jsonl


--------------------[Agent Step 279_200]--------------------
Metrics filtered by: 'score|length|fps|ratio|train/loss/|train/rand/'
train/loss/con 0.02 / train/loss/dyn 6.03 / train/loss/height 2.3e-3 / train/loss/orientations 0.12 / train/loss/policy 6.4e-3 / train/loss/rep 6.03 / train/loss/value 1.31 / train/loss/velocity 0.86 / replay/replay_ratio 1040 / fps/policy 5.61 / fps/train 5748.85

Writing metrics: /scratch/midway3/rickybao/dreamerv3_runs/pretrain_apt_seed1/metrics.jsonlWriting metrics: /scratch/midway3/rickybao/dreamerv3_runs/pretrain_apt_seed1/scores.jsonl


--------------------[Agent Step 279_888]--------------------
Metrics filtered by: 'score|length|fps|ratio|train/loss/|train/rand/'
train/loss/con 0.02 / train/loss/dyn 6.03 / train/loss/height 2.3e-3 / train/loss/orientations 0.12 / train/loss/policy 9e-3 / train/loss/rep 6.03 / train/loss/value 1.31 / train/loss/velocity 0.86 / replay/replay_ratio 1040 / fps/policy 5.61 / fps/train 5749.32

Writing metrics: /scratch/midway3/rickybao/dreamerv3_runs/pretrain_apt_seed1/metrics.jsonlWriting metrics: /scratch/midway3/rickybao/dreamerv3_runs/pretrain_apt_seed1/scores.jsonl


--------------------[Agent Step 280_576]--------------------
Metrics filtered by: 'score|length|fps|ratio|train/loss/|train/rand/'
train/loss/con 0.02 / train/loss/dyn 6.03 / train/loss/height 2.3e-3 / train/loss/orientations 0.12 / train/loss/policy 1.7e-3 / train/loss/rep 6.03 / train/loss/value 1.31 / train/loss/velocity 0.86 / replay/replay_ratio 1040 / fps/policy 5.62 / fps/train 5750.38

Writing metrics: /scratch/midway3/rickybao/dreamerv3_runs/pretrain_apt_seed1/scores.jsonlWriting metrics: /scratch/midway3/rickybao/dreamerv3_runs/pretrain_apt_seed1/metrics.jsonl

Saving checkpoint: /scratch/midway3/rickybao/dreamerv3_runs/pretrain_apt_seed1/ckpt/20260517T071657F381201
Saved checkpoint.

--------------------[Agent Step 281_264]--------------------
Metrics filtered by: 'score|length|fps|ratio|train/loss/|train/rand/'
train/loss/con 0.02 / train/loss/dyn 6.01 / train/loss/height 2.3e-3 / train/loss/orientations 0.12 / train/loss/policy 5.8e-3 / train/loss/rep 6.01 / train/loss/value 1.31 / train/loss/velocity 0.86 / replay/replay_ratio 1040 / fps/policy 5.61 / fps/train 5741.79

Writing metrics: /scratch/midway3/rickybao/dreamerv3_runs/pretrain_apt_seed1/metrics.jsonlWriting metrics: /scratch/midway3/rickybao/dreamerv3_runs/pretrain_apt_seed1/scores.jsonl


--------------------[Agent Step 281_952]--------------------
Metrics filtered by: 'score|length|fps|ratio|train/loss/|train/rand/'
train/loss/con 0.02 / train/loss/dyn 6.03 / train/loss/height 2.3e-3 / train/loss/orientations 0.12 / train/loss/policy 4.5e-4 / train/loss/rep 6.03 / train/loss/value 1.31 / train/loss/velocity 0.86 / replay/replay_ratio 1040 / fps/policy 5.62 / fps/train 5751.87

Writing metrics: /scratch/midway3/rickybao/dreamerv3_runs/pretrain_apt_seed1/metrics.jsonlWriting metrics: /scratch/midway3/rickybao/dreamerv3_runs/pretrain_apt_seed1/scores.jsonl


--------------------[Agent Step 282_640]--------------------
Metrics filtered by: 'score|length|fps|ratio|train/loss/|train/rand/'
train/loss/con 0.02 / train/loss/dyn 6.02 / train/loss/height 2.2e-3 / train/loss/orientations 0.12 / train/loss/policy -7.4e-3 / train/loss/rep 6.02 / train/loss/value 1.31 / train/loss/velocity 0.86 / replay/replay_ratio 1040 / fps/policy 5.62 / fps/train 5754.85

Writing metrics: /scratch/midway3/rickybao/dreamerv3_runs/pretrain_apt_seed1/metrics.jsonlWriting metrics: /scratch/midway3/rickybao/dreamerv3_runs/pretrain_apt_seed1/scores.jsonl


--------------------[Agent Step 283_328]--------------------
Metrics filtered by: 'score|length|fps|ratio|train/loss/|train/rand/'
train/loss/con 0.02 / train/loss/dyn 6.02 / train/loss/height 2.3e-3 / train/loss/orientations 0.12 / train/loss/policy -1.4e-3 / train/loss/rep 6.02 / train/loss/value 1.31 / train/loss/velocity 0.86 / replay/replay_ratio 1040 / fps/policy 5.62 / fps/train 5753.07

Writing metrics: /scratch/midway3/rickybao/dreamerv3_runs/pretrain_apt_seed1/metrics.jsonlWriting metrics: /scratch/midway3/rickybao/dreamerv3_runs/pretrain_apt_seed1/scores.jsonl


--------------------[Agent Step 284_016]--------------------
Metrics filtered by: 'score|length|fps|ratio|train/loss/|train/rand/'
train/loss/con 0.02 / train/loss/dyn 6.05 / train/loss/height 2.3e-3 / train/loss/orientations 0.12 / train/loss/policy 0.01 / train/loss/rep 6.05 / train/loss/value 1.31 / train/loss/velocity 0.86 / replay/replay_ratio 1040 / fps/policy 5.62 / fps/train 5752.1

Writing metrics: /scratch/midway3/rickybao/dreamerv3_runs/pretrain_apt_seed1/metrics.jsonlWriting metrics: /scratch/midway3/rickybao/dreamerv3_runs/pretrain_apt_seed1/scores.jsonl


--------------------[Agent Step 284_704]--------------------
Metrics filtered by: 'score|length|fps|ratio|train/loss/|train/rand/'
train/loss/con 0.02 / train/loss/dyn 6.04 / train/loss/height 2.3e-3 / train/loss/orientations 0.12 / train/loss/policy 2.8e-3 / train/loss/rep 6.04 / train/loss/value 1.31 / train/loss/velocity 0.86 / replay/replay_ratio 1040 / fps/policy 5.62 / fps/train 5754.24

Writing metrics: /scratch/midway3/rickybao/dreamerv3_runs/pretrain_apt_seed1/scores.jsonlWriting metrics: /scratch/midway3/rickybao/dreamerv3_runs/pretrain_apt_seed1/metrics.jsonl


--------------------[Agent Step 285_392]--------------------
Metrics filtered by: 'score|length|fps|ratio|train/loss/|train/rand/'
train/loss/con 0.02 / train/loss/dyn 6.03 / train/loss/height 2.2e-3 / train/loss/orientations 0.12 / train/loss/policy -3.5e-3 / train/loss/rep 6.03 / train/loss/value 1.31 / train/loss/velocity 0.86 / replay/replay_ratio 1040 / fps/policy 5.62 / fps/train 5752.88

Writing metrics: /scratch/midway3/rickybao/dreamerv3_runs/pretrain_apt_seed1/metrics.jsonlWriting metrics: /scratch/midway3/rickybao/dreamerv3_runs/pretrain_apt_seed1/scores.jsonl

Saving checkpoint: /scratch/midway3/rickybao/dreamerv3_runs/pretrain_apt_seed1/ckpt/20260517T073157F521283
Saved checkpoint.

--------------------[Agent Step 286_080]--------------------
Metrics filtered by: 'score|length|fps|ratio|train/loss/|train/rand/'
train/loss/con 0.02 / train/loss/dyn 6.04 / train/loss/height 2.2e-3 / train/loss/orientations 0.12 / train/loss/policy 1.6e-3 / train/loss/rep 6.04 / train/loss/value 1.31 / train/loss/velocity 0.86 / replay/replay_ratio 1040 / fps/policy 5.61 / fps/train 5741.22

Writing metrics: /scratch/midway3/rickybao/dreamerv3_runs/pretrain_apt_seed1/metrics.jsonlWriting metrics: /scratch/midway3/rickybao/dreamerv3_runs/pretrain_apt_seed1/scores.jsonl


--------------------[Agent Step 286_768]--------------------
Metrics filtered by: 'score|length|fps|ratio|train/loss/|train/rand/'
train/loss/con 0.02 / train/loss/dyn 6.04 / train/loss/height 2.3e-3 / train/loss/orientations 0.12 / train/loss/policy 0.01 / train/loss/rep 6.04 / train/loss/value 1.31 / train/loss/velocity 0.86 / replay/replay_ratio 1040 / fps/policy 5.62 / fps/train 5752.95

Writing metrics: /scratch/midway3/rickybao/dreamerv3_runs/pretrain_apt_seed1/metrics.jsonlWriting metrics: /scratch/midway3/rickybao/dreamerv3_runs/pretrain_apt_seed1/scores.jsonl


--------------------[Agent Step 287_456]--------------------
Metrics filtered by: 'score|length|fps|ratio|train/loss/|train/rand/'
train/loss/con 0.02 / train/loss/dyn 6.01 / train/loss/height 2.3e-3 / train/loss/orientations 0.12 / train/loss/policy 7.2e-3 / train/loss/rep 6.01 / train/loss/value 1.31 / train/loss/velocity 0.86 / replay/replay_ratio 1040 / fps/policy 5.62 / fps/train 5751.86

Writing metrics: /scratch/midway3/rickybao/dreamerv3_runs/pretrain_apt_seed1/metrics.jsonl
Writing metrics: /scratch/midway3/rickybao/dreamerv3_runs/pretrain_apt_seed1/scores.jsonl

--------------------[Agent Step 288_144]--------------------
Metrics filtered by: 'score|length|fps|ratio|train/loss/|train/rand/'
train/loss/con 0.02 / train/loss/dyn 6.05 / train/loss/height 2.2e-3 / train/loss/orientations 0.12 / train/loss/policy 8.9e-3 / train/loss/rep 6.05 / train/loss/value 1.31 / train/loss/velocity 0.86 / replay/replay_ratio 1040 / fps/policy 5.62 / fps/train 5754.1

Writing metrics: /scratch/midway3/rickybao/dreamerv3_runs/pretrain_apt_seed1/metrics.jsonlWriting metrics: /scratch/midway3/rickybao/dreamerv3_runs/pretrain_apt_seed1/scores.jsonl


--------------------[Agent Step 288_832]--------------------
Metrics filtered by: 'score|length|fps|ratio|train/loss/|train/rand/'
episode/score 71.08 / episode/length 1001 / train/loss/con 0.02 / train/loss/dyn 5.99 / train/loss/height 2.2e-3 / train/loss/orientations 0.11 / train/loss/policy 0.02 / train/loss/rep 5.99 / train/loss/value 1.31 / train/loss/velocity 0.85 / replay/replay_ratio 1040 / fps/policy 5.61 / fps/train 5748.87

Writing metrics: /scratch/midway3/rickybao/dreamerv3_runs/pretrain_apt_seed1/metrics.jsonlWriting metrics: /scratch/midway3/rickybao/dreamerv3_runs/pretrain_apt_seed1/scores.jsonl


--------------------[Agent Step 289_520]--------------------
Metrics filtered by: 'score|length|fps|ratio|train/loss/|train/rand/'
train/loss/con 0.02 / train/loss/dyn 6.03 / train/loss/height 2.2e-3 / train/loss/orientations 0.12 / train/loss/policy 0.01 / train/loss/rep 6.03 / train/loss/value 1.31 / train/loss/velocity 0.86 / replay/replay_ratio 1040 / fps/policy 5.61 / fps/train 5745.16

Writing metrics: /scratch/midway3/rickybao/dreamerv3_runs/pretrain_apt_seed1/metrics.jsonlWriting metrics: /scratch/midway3/rickybao/dreamerv3_runs/pretrain_apt_seed1/scores.jsonl


--------------------[Agent Step 290_208]--------------------
Metrics filtered by: 'score|length|fps|ratio|train/loss/|train/rand/'
train/loss/con 0.02 / train/loss/dyn 6.01 / train/loss/height 2.2e-3 / train/loss/orientations 0.12 / train/loss/policy 9.4e-3 / train/loss/rep 6.01 / train/loss/value 1.31 / train/loss/velocity 0.86 / replay/replay_ratio 1040 / fps/policy 5.61 / fps/train 5746.79

Writing metrics: /scratch/midway3/rickybao/dreamerv3_runs/pretrain_apt_seed1/metrics.jsonlWriting metrics: /scratch/midway3/rickybao/dreamerv3_runs/pretrain_apt_seed1/scores.jsonl

Saving checkpoint: /scratch/midway3/rickybao/dreamerv3_runs/pretrain_apt_seed1/ckpt/20260517T074658F159281
Saved checkpoint.

--------------------[Agent Step 290_896]--------------------
Metrics filtered by: 'score|length|fps|ratio|train/loss/|train/rand/'
train/loss/con 0.02 / train/loss/dyn 6.01 / train/loss/height 2.2e-3 / train/loss/orientations 0.11 / train/loss/policy 8.6e-3 / train/loss/rep 6.01 / train/loss/value 1.31 / train/loss/velocity 0.86 / replay/replay_ratio 1040 / fps/policy 5.6 / fps/train 5737.08

Writing metrics: /scratch/midway3/rickybao/dreamerv3_runs/pretrain_apt_seed1/metrics.jsonlWriting metrics: /scratch/midway3/rickybao/dreamerv3_runs/pretrain_apt_seed1/scores.jsonl


--------------------[Agent Step 291_584]--------------------
Metrics filtered by: 'score|length|fps|ratio|train/loss/|train/rand/'
train/loss/con 0.02 / train/loss/dyn 6.01 / train/loss/height 2.2e-3 / train/loss/orientations 0.11 / train/loss/policy 8.5e-3 / train/loss/rep 6.01 / train/loss/value 1.31 / train/loss/velocity 0.86 / replay/replay_ratio 1040 / fps/policy 5.61 / fps/train 5746.47

Writing metrics: /scratch/midway3/rickybao/dreamerv3_runs/pretrain_apt_seed1/metrics.jsonlWriting metrics: /scratch/midway3/rickybao/dreamerv3_runs/pretrain_apt_seed1/scores.jsonl


--------------------[Agent Step 292_272]--------------------
Metrics filtered by: 'score|length|fps|ratio|train/loss/|train/rand/'
train/loss/con 0.02 / train/loss/dyn 6 / train/loss/height 2.3e-3 / train/loss/orientations 0.11 / train/loss/policy 0.01 / train/loss/rep 6 / train/loss/value 1.31 / train/loss/velocity 0.86 / replay/replay_ratio 1040 / fps/policy 5.61 / fps/train 5747.55

Writing metrics: /scratch/midway3/rickybao/dreamerv3_runs/pretrain_apt_seed1/scores.jsonlWriting metrics: /scratch/midway3/rickybao/dreamerv3_runs/pretrain_apt_seed1/metrics.jsonl


--------------------[Agent Step 292_960]--------------------
Metrics filtered by: 'score|length|fps|ratio|train/loss/|train/rand/'
train/loss/con 0.02 / train/loss/dyn 6.01 / train/loss/height 2.3e-3 / train/loss/orientations 0.12 / train/loss/policy 8.3e-3 / train/loss/rep 6.01 / train/loss/value 1.31 / train/loss/velocity 0.86 / replay/replay_ratio 1040 / fps/policy 5.61 / fps/train 5749.48

Writing metrics: /scratch/midway3/rickybao/dreamerv3_runs/pretrain_apt_seed1/metrics.jsonlWriting metrics: /scratch/midway3/rickybao/dreamerv3_runs/pretrain_apt_seed1/scores.jsonl


--------------------[Agent Step 293_648]--------------------
Metrics filtered by: 'score|length|fps|ratio|train/loss/|train/rand/'
train/loss/con 0.02 / train/loss/dyn 6.03 / train/loss/height 2.3e-3 / train/loss/orientations 0.11 / train/loss/policy 9.2e-3 / train/loss/rep 6.03 / train/loss/value 1.31 / train/loss/velocity 0.86 / replay/replay_ratio 1040 / fps/policy 5.61 / fps/train 5749.01

Writing metrics: /scratch/midway3/rickybao/dreamerv3_runs/pretrain_apt_seed1/metrics.jsonlWriting metrics: /scratch/midway3/rickybao/dreamerv3_runs/pretrain_apt_seed1/scores.jsonl


--------------------[Agent Step 294_336]--------------------
Metrics filtered by: 'score|length|fps|ratio|train/loss/|train/rand/'
train/loss/con 0.02 / train/loss/dyn 6.01 / train/loss/height 2.1e-3 / train/loss/orientations 0.11 / train/loss/policy 0.01 / train/loss/rep 6.01 / train/loss/value 1.31 / train/loss/velocity 0.85 / replay/replay_ratio 1040 / fps/policy 5.61 / fps/train 5749.37

Writing metrics: /scratch/midway3/rickybao/dreamerv3_runs/pretrain_apt_seed1/metrics.jsonl
Writing metrics: /scratch/midway3/rickybao/dreamerv3_runs/pretrain_apt_seed1/scores.jsonl

--------------------[Agent Step 295_024]--------------------
Metrics filtered by: 'score|length|fps|ratio|train/loss/|train/rand/'
train/loss/con 0.02 / train/loss/dyn 6.02 / train/loss/height 2.2e-3 / train/loss/orientations 0.11 / train/loss/policy 4.4e-3 / train/loss/rep 6.02 / train/loss/value 1.31 / train/loss/velocity 0.86 / replay/replay_ratio 1040 / fps/policy 5.62 / fps/train 5750.05

Writing metrics: /scratch/midway3/rickybao/dreamerv3_runs/pretrain_apt_seed1/metrics.jsonlWriting metrics: /scratch/midway3/rickybao/dreamerv3_runs/pretrain_apt_seed1/scores.jsonl


--------------------[Agent Step 295_712]--------------------
Metrics filtered by: 'score|length|fps|ratio|train/loss/|train/rand/'
train/loss/con 0.02 / train/loss/dyn 6 / train/loss/height 2.1e-3 / train/loss/orientations 0.11 / train/loss/policy 2e-3 / train/loss/rep 6 / train/loss/value 1.31 / train/loss/velocity 0.86 / replay/replay_ratio 1040 / fps/policy 5.62 / fps/train 5750.04

Writing metrics: /scratch/midway3/rickybao/dreamerv3_runs/pretrain_apt_seed1/metrics.jsonlWriting metrics: /scratch/midway3/rickybao/dreamerv3_runs/pretrain_apt_seed1/scores.jsonl

Saving checkpoint: /scratch/midway3/rickybao/dreamerv3_runs/pretrain_apt_seed1/ckpt/20260517T080159F006901
Saved checkpoint.

--------------------[Agent Step 296_400]--------------------
Metrics filtered by: 'score|length|fps|ratio|train/loss/|train/rand/'
train/loss/con 0.02 / train/loss/dyn 6 / train/loss/height 2.2e-3 / train/loss/orientations 0.11 / train/loss/policy 2.3e-3 / train/loss/rep 6 / train/loss/value 1.31 / train/loss/velocity 0.85 / replay/replay_ratio 1040 / fps/policy 5.6 / fps/train 5738.38

Writing metrics: /scratch/midway3/rickybao/dreamerv3_runs/pretrain_apt_seed1/metrics.jsonlWriting metrics: /scratch/midway3/rickybao/dreamerv3_runs/pretrain_apt_seed1/scores.jsonl


--------------------[Agent Step 297_088]--------------------
Metrics filtered by: 'score|length|fps|ratio|train/loss/|train/rand/'
train/loss/con 0.02 / train/loss/dyn 6 / train/loss/height 2.2e-3 / train/loss/orientations 0.11 / train/loss/policy 4e-3 / train/loss/rep 6 / train/loss/value 1.31 / train/loss/velocity 0.85 / replay/replay_ratio 1040 / fps/policy 5.62 / fps/train 5752.01

Writing metrics: /scratch/midway3/rickybao/dreamerv3_runs/pretrain_apt_seed1/metrics.jsonlWriting metrics: /scratch/midway3/rickybao/dreamerv3_runs/pretrain_apt_seed1/scores.jsonl


--------------------[Agent Step 297_776]--------------------
Metrics filtered by: 'score|length|fps|ratio|train/loss/|train/rand/'
train/loss/con 0.02 / train/loss/dyn 5.99 / train/loss/height 2.1e-3 / train/loss/orientations 0.11 / train/loss/policy -5.3e-4 / train/loss/rep 5.99 / train/loss/value 1.31 / train/loss/velocity 0.85 / replay/replay_ratio 1040 / fps/policy 5.62 / fps/train 5752.95

Writing metrics: /scratch/midway3/rickybao/dreamerv3_runs/pretrain_apt_seed1/metrics.jsonl
Writing metrics: /scratch/midway3/rickybao/dreamerv3_runs/pretrain_apt_seed1/scores.jsonl

--------------------[Agent Step 298_464]--------------------
Metrics filtered by: 'score|length|fps|ratio|train/loss/|train/rand/'
train/loss/con 0.02 / train/loss/dyn 5.98 / train/loss/height 2.1e-3 / train/loss/orientations 0.11 / train/loss/policy 7.1e-4 / train/loss/rep 5.98 / train/loss/value 1.31 / train/loss/velocity 0.85 / replay/replay_ratio 1040 / fps/policy 5.62 / fps/train 5752.67

Writing metrics: /scratch/midway3/rickybao/dreamerv3_runs/pretrain_apt_seed1/scores.jsonlWriting metrics: /scratch/midway3/rickybao/dreamerv3_runs/pretrain_apt_seed1/metrics.jsonl


--------------------[Agent Step 299_152]--------------------
Metrics filtered by: 'score|length|fps|ratio|train/loss/|train/rand/'
train/loss/con 0.02 / train/loss/dyn 5.99 / train/loss/height 2.2e-3 / train/loss/orientations 0.11 / train/loss/policy 4.6e-3 / train/loss/rep 5.99 / train/loss/value 1.31 / train/loss/velocity 0.85 / replay/replay_ratio 1040 / fps/policy 5.62 / fps/train 5751.42

Writing metrics: /scratch/midway3/rickybao/dreamerv3_runs/pretrain_apt_seed1/metrics.jsonlWriting metrics: /scratch/midway3/rickybao/dreamerv3_runs/pretrain_apt_seed1/scores.jsonl


--------------------[Agent Step 299_840]--------------------
Metrics filtered by: 'score|length|fps|ratio|train/loss/|train/rand/'
train/loss/con 0.02 / train/loss/dyn 5.98 / train/loss/height 2.1e-3 / train/loss/orientations 0.11 / train/loss/policy 3e-3 / train/loss/rep 5.98 / train/loss/value 1.31 / train/loss/velocity 0.85 / replay/replay_ratio 1040 / fps/policy 5.62 / fps/train 5753.58

Writing metrics: /scratch/midway3/rickybao/dreamerv3_runs/pretrain_apt_seed1/metrics.jsonlWriting metrics: /scratch/midway3/rickybao/dreamerv3_runs/pretrain_apt_seed1/scores.jsonl


--------------------[Agent Step 300_528]--------------------
Metrics filtered by: 'score|length|fps|ratio|train/loss/|train/rand/'
train/loss/con 0.02 / train/loss/dyn 5.99 / train/loss/height 2.1e-3 / train/loss/orientations 0.11 / train/loss/policy 7e-3 / train/loss/rep 5.99 / train/loss/value 1.31 / train/loss/velocity 0.85 / replay/replay_ratio 1040 / fps/policy 5.62 / fps/train 5751.62

Writing metrics: /scratch/midway3/rickybao/dreamerv3_runs/pretrain_apt_seed1/metrics.jsonlWriting metrics: /scratch/midway3/rickybao/dreamerv3_runs/pretrain_apt_seed1/scores.jsonl

Saving checkpoint: /scratch/midway3/rickybao/dreamerv3_runs/pretrain_apt_seed1/ckpt/20260517T081659F307331
Saved checkpoint.

--------------------[Agent Step 301_216]--------------------
Metrics filtered by: 'score|length|fps|ratio|train/loss/|train/rand/'
train/loss/con 0.02 / train/loss/dyn 5.97 / train/loss/height 2.1e-3 / train/loss/orientations 0.11 / train/loss/policy 6.5e-3 / train/loss/rep 5.97 / train/loss/value 1.31 / train/loss/velocity 0.85 / replay/replay_ratio 1040 / fps/policy 5.61 / fps/train 5741.38

Writing metrics: /scratch/midway3/rickybao/dreamerv3_runs/pretrain_apt_seed1/metrics.jsonlWriting metrics: /scratch/midway3/rickybao/dreamerv3_runs/pretrain_apt_seed1/scores.jsonl


--------------------[Agent Step 301_904]--------------------
Metrics filtered by: 'score|length|fps|ratio|train/loss/|train/rand/'
train/loss/con 0.02 / train/loss/dyn 5.98 / train/loss/height 2.1e-3 / train/loss/orientations 0.11 / train/loss/policy 9.4e-3 / train/loss/rep 5.98 / train/loss/value 1.31 / train/loss/velocity 0.85 / replay/replay_ratio 1040 / fps/policy 5.62 / fps/train 5752.33

Writing metrics: /scratch/midway3/rickybao/dreamerv3_runs/pretrain_apt_seed1/metrics.jsonlWriting metrics: /scratch/midway3/rickybao/dreamerv3_runs/pretrain_apt_seed1/scores.jsonl


--------------------[Agent Step 302_592]--------------------
Metrics filtered by: 'score|length|fps|ratio|train/loss/|train/rand/'
train/loss/con 0.02 / train/loss/dyn 5.96 / train/loss/height 2.1e-3 / train/loss/orientations 0.11 / train/loss/policy -8.2e-3 / train/loss/rep 5.96 / train/loss/value 1.31 / train/loss/velocity 0.85 / replay/replay_ratio 1040 / fps/policy 5.62 / fps/train 5753.8

Writing metrics: /scratch/midway3/rickybao/dreamerv3_runs/pretrain_apt_seed1/metrics.jsonlWriting metrics: /scratch/midway3/rickybao/dreamerv3_runs/pretrain_apt_seed1/scores.jsonl


--------------------[Agent Step 303_280]--------------------
Metrics filtered by: 'score|length|fps|ratio|train/loss/|train/rand/'
train/loss/con 0.02 / train/loss/dyn 5.95 / train/loss/height 2.1e-3 / train/loss/orientations 0.11 / train/loss/policy 0.01 / train/loss/rep 5.95 / train/loss/value 1.31 / train/loss/velocity 0.85 / replay/replay_ratio 1040 / fps/policy 5.62 / fps/train 5753.6

Writing metrics: /scratch/midway3/rickybao/dreamerv3_runs/pretrain_apt_seed1/metrics.jsonlWriting metrics: /scratch/midway3/rickybao/dreamerv3_runs/pretrain_apt_seed1/scores.jsonl


--------------------[Agent Step 303_968]--------------------
Metrics filtered by: 'score|length|fps|ratio|train/loss/|train/rand/'
train/loss/con 0.02 / train/loss/dyn 5.98 / train/loss/height 2.1e-3 / train/loss/orientations 0.11 / train/loss/policy -1.6e-3 / train/loss/rep 5.98 / train/loss/value 1.31 / train/loss/velocity 0.85 / replay/replay_ratio 1040 / fps/policy 5.62 / fps/train 5753.33

Writing metrics: /scratch/midway3/rickybao/dreamerv3_runs/pretrain_apt_seed1/scores.jsonlWriting metrics: /scratch/midway3/rickybao/dreamerv3_runs/pretrain_apt_seed1/metrics.jsonl


--------------------[Agent Step 304_656]--------------------
Metrics filtered by: 'score|length|fps|ratio|train/loss/|train/rand/'
episode/score 86.57 / episode/length 1001 / train/loss/con 0.02 / train/loss/dyn 5.97 / train/loss/height 2.1e-3 / train/loss/orientations 0.11 / train/loss/policy 3.6e-3 / train/loss/rep 5.97 / train/loss/value 1.31 / train/loss/velocity 0.85 / replay/replay_ratio 1040 / fps/policy 5.61 / fps/train 5749.16

Writing metrics: /scratch/midway3/rickybao/dreamerv3_runs/pretrain_apt_seed1/metrics.jsonlWriting metrics: /scratch/midway3/rickybao/dreamerv3_runs/pretrain_apt_seed1/scores.jsonl


--------------------[Agent Step 305_344]--------------------
Metrics filtered by: 'score|length|fps|ratio|train/loss/|train/rand/'
train/loss/con 0.02 / train/loss/dyn 5.94 / train/loss/height 2.1e-3 / train/loss/orientations 0.11 / train/loss/policy 5.4e-3 / train/loss/rep 5.94 / train/loss/value 1.31 / train/loss/velocity 0.84 / replay/replay_ratio 1040 / fps/policy 5.61 / fps/train 5748.4

Writing metrics: /scratch/midway3/rickybao/dreamerv3_runs/pretrain_apt_seed1/metrics.jsonlWriting metrics: /scratch/midway3/rickybao/dreamerv3_runs/pretrain_apt_seed1/scores.jsonl

Saving checkpoint: /scratch/midway3/rickybao/dreamerv3_runs/pretrain_apt_seed1/ckpt/20260517T083159F763919
Saved checkpoint.

--------------------[Agent Step 306_032]--------------------
Metrics filtered by: 'score|length|fps|ratio|train/loss/|train/rand/'
train/loss/con 0.02 / train/loss/dyn 5.95 / train/loss/height 2.1e-3 / train/loss/orientations 0.11 / train/loss/policy 7e-4 / train/loss/rep 5.95 / train/loss/value 1.31 / train/loss/velocity 0.84 / replay/replay_ratio 1040 / fps/policy 5.6 / fps/train 5734.94

Writing metrics: /scratch/midway3/rickybao/dreamerv3_runs/pretrain_apt_seed1/metrics.jsonlWriting metrics: /scratch/midway3/rickybao/dreamerv3_runs/pretrain_apt_seed1/scores.jsonl


--------------------[Agent Step 306_720]--------------------
Metrics filtered by: 'score|length|fps|ratio|train/loss/|train/rand/'
train/loss/con 0.02 / train/loss/dyn 5.96 / train/loss/height 2.1e-3 / train/loss/orientations 0.11 / train/loss/policy 2.1e-3 / train/loss/rep 5.96 / train/loss/value 1.31 / train/loss/velocity 0.85 / replay/replay_ratio 1040 / fps/policy 5.61 / fps/train 5748.07

Writing metrics: /scratch/midway3/rickybao/dreamerv3_runs/pretrain_apt_seed1/scores.jsonlWriting metrics: /scratch/midway3/rickybao/dreamerv3_runs/pretrain_apt_seed1/metrics.jsonl


--------------------[Agent Step 307_408]--------------------
Metrics filtered by: 'score|length|fps|ratio|train/loss/|train/rand/'
train/loss/con 0.02 / train/loss/dyn 5.97 / train/loss/height 2.1e-3 / train/loss/orientations 0.11 / train/loss/policy 5.9e-3 / train/loss/rep 5.97 / train/loss/value 1.31 / train/loss/velocity 0.85 / replay/replay_ratio 1040 / fps/policy 5.61 / fps/train 5748.55

Writing metrics: /scratch/midway3/rickybao/dreamerv3_runs/pretrain_apt_seed1/metrics.jsonlWriting metrics: /scratch/midway3/rickybao/dreamerv3_runs/pretrain_apt_seed1/scores.jsonl


--------------------[Agent Step 308_096]--------------------
Metrics filtered by: 'score|length|fps|ratio|train/loss/|train/rand/'
train/loss/con 0.02 / train/loss/dyn 5.94 / train/loss/height 2e-3 / train/loss/orientations 0.11 / train/loss/policy 5.8e-3 / train/loss/rep 5.94 / train/loss/value 1.31 / train/loss/velocity 0.85 / replay/replay_ratio 1040 / fps/policy 5.61 / fps/train 5748.64

Writing metrics: /scratch/midway3/rickybao/dreamerv3_runs/pretrain_apt_seed1/metrics.jsonlWriting metrics: /scratch/midway3/rickybao/dreamerv3_runs/pretrain_apt_seed1/scores.jsonl


--------------------[Agent Step 308_784]--------------------
Metrics filtered by: 'score|length|fps|ratio|train/loss/|train/rand/'
train/loss/con 0.02 / train/loss/dyn 5.97 / train/loss/height 2e-3 / train/loss/orientations 0.11 / train/loss/policy 6.9e-3 / train/loss/rep 5.97 / train/loss/value 1.31 / train/loss/velocity 0.85 / replay/replay_ratio 1040 / fps/policy 5.61 / fps/train 5749.32

Writing metrics: /scratch/midway3/rickybao/dreamerv3_runs/pretrain_apt_seed1/metrics.jsonl
Writing metrics: /scratch/midway3/rickybao/dreamerv3_runs/pretrain_apt_seed1/scores.jsonl

--------------------[Agent Step 309_472]--------------------
Metrics filtered by: 'score|length|fps|ratio|train/loss/|train/rand/'
train/loss/con 0.02 / train/loss/dyn 5.94 / train/loss/height 2e-3 / train/loss/orientations 0.11 / train/loss/policy 8.5e-3 / train/loss/rep 5.94 / train/loss/value 1.31 / train/loss/velocity 0.84 / replay/replay_ratio 1040 / fps/policy 5.61 / fps/train 5748.84

Writing metrics: /scratch/midway3/rickybao/dreamerv3_runs/pretrain_apt_seed1/metrics.jsonlWriting metrics: /scratch/midway3/rickybao/dreamerv3_runs/pretrain_apt_seed1/scores.jsonl


--------------------[Agent Step 310_160]--------------------
Metrics filtered by: 'score|length|fps|ratio|train/loss/|train/rand/'
train/loss/con 0.02 / train/loss/dyn 5.94 / train/loss/height 2e-3 / train/loss/orientations 0.11 / train/loss/policy 0.01 / train/loss/rep 5.94 / train/loss/value 1.31 / train/loss/velocity 0.85 / replay/replay_ratio 1040 / fps/policy 5.61 / fps/train 5749.74

Writing metrics: /scratch/midway3/rickybao/dreamerv3_runs/pretrain_apt_seed1/metrics.jsonlWriting metrics: /scratch/midway3/rickybao/dreamerv3_runs/pretrain_apt_seed1/scores.jsonl


--------------------[Agent Step 310_848]--------------------
Metrics filtered by: 'score|length|fps|ratio|train/loss/|train/rand/'
train/loss/con 0.02 / train/loss/dyn 5.94 / train/loss/height 2e-3 / train/loss/orientations 0.11 / train/loss/policy 3e-3 / train/loss/rep 5.94 / train/loss/value 1.31 / train/loss/velocity 0.85 / replay/replay_ratio 1040 / fps/policy 5.61 / fps/train 5743.71

Writing metrics: /scratch/midway3/rickybao/dreamerv3_runs/pretrain_apt_seed1/scores.jsonlWriting metrics: /scratch/midway3/rickybao/dreamerv3_runs/pretrain_apt_seed1/metrics.jsonl

Saving checkpoint: /scratch/midway3/rickybao/dreamerv3_runs/pretrain_apt_seed1/ckpt/20260517T084700F796728
Saved checkpoint.

--------------------[Agent Step 311_520]--------------------
Metrics filtered by: 'score|length|fps|ratio|train/loss/|train/rand/'
train/loss/con 0.02 / train/loss/dyn 5.96 / train/loss/height 2e-3 / train/loss/orientations 0.11 / train/loss/policy 5.1e-3 / train/loss/rep 5.96 / train/loss/value 1.31 / train/loss/velocity 0.85 / replay/replay_ratio 1040 / fps/policy 5.58 / fps/train 5709.35

Writing metrics: /scratch/midway3/rickybao/dreamerv3_runs/pretrain_apt_seed1/metrics.jsonlWriting metrics: /scratch/midway3/rickybao/dreamerv3_runs/pretrain_apt_seed1/scores.jsonl


--------------------[Agent Step 312_192]--------------------
Metrics filtered by: 'score|length|fps|ratio|train/loss/|train/rand/'
train/loss/con 0.02 / train/loss/dyn 5.94 / train/loss/height 2e-3 / train/loss/orientations 0.1 / train/loss/policy 7.8e-3 / train/loss/rep 5.94 / train/loss/value 1.31 / train/loss/velocity 0.85 / replay/replay_ratio 1040 / fps/policy 5.57 / fps/train 5703.41

Writing metrics: /scratch/midway3/rickybao/dreamerv3_runs/pretrain_apt_seed1/metrics.jsonlWriting metrics: /scratch/midway3/rickybao/dreamerv3_runs/pretrain_apt_seed1/scores.jsonl


--------------------[Agent Step 312_864]--------------------
Metrics filtered by: 'score|length|fps|ratio|train/loss/|train/rand/'
train/loss/con 0.02 / train/loss/dyn 5.93 / train/loss/height 2e-3 / train/loss/orientations 0.1 / train/loss/policy 3.7e-3 / train/loss/rep 5.93 / train/loss/value 1.31 / train/loss/velocity 0.84 / replay/replay_ratio 1040 / fps/policy 5.57 / fps/train 5701.91

Writing metrics: /scratch/midway3/rickybao/dreamerv3_runs/pretrain_apt_seed1/metrics.jsonlWriting metrics: /scratch/midway3/rickybao/dreamerv3_runs/pretrain_apt_seed1/scores.jsonl


--------------------[Agent Step 313_536]--------------------
Metrics filtered by: 'score|length|fps|ratio|train/loss/|train/rand/'
train/loss/con 0.02 / train/loss/dyn 5.93 / train/loss/height 2e-3 / train/loss/orientations 0.1 / train/loss/policy 2.5e-3 / train/loss/rep 5.93 / train/loss/value 1.31 / train/loss/velocity 0.84 / replay/replay_ratio 1040 / fps/policy 5.58 / fps/train 5713.77

Writing metrics: /scratch/midway3/rickybao/dreamerv3_runs/pretrain_apt_seed1/scores.jsonlWriting metrics: /scratch/midway3/rickybao/dreamerv3_runs/pretrain_apt_seed1/metrics.jsonl


--------------------[Agent Step 314_208]--------------------
Metrics filtered by: 'score|length|fps|ratio|train/loss/|train/rand/'
train/loss/con 0.02 / train/loss/dyn 5.95 / train/loss/height 2e-3 / train/loss/orientations 0.1 / train/loss/policy 0.01 / train/loss/rep 5.95 / train/loss/value 1.31 / train/loss/velocity 0.85 / replay/replay_ratio 1040 / fps/policy 5.58 / fps/train 5715.94

Writing metrics: /scratch/midway3/rickybao/dreamerv3_runs/pretrain_apt_seed1/scores.jsonlWriting metrics: /scratch/midway3/rickybao/dreamerv3_runs/pretrain_apt_seed1/metrics.jsonl


--------------------[Agent Step 314_880]--------------------
Metrics filtered by: 'score|length|fps|ratio|train/loss/|train/rand/'
train/loss/con 0.02 / train/loss/dyn 5.94 / train/loss/height 2e-3 / train/loss/orientations 0.1 / train/loss/policy 9.4e-3 / train/loss/rep 5.94 / train/loss/value 1.31 / train/loss/velocity 0.85 / replay/replay_ratio 1040 / fps/policy 5.56 / fps/train 5697.6

Writing metrics: /scratch/midway3/rickybao/dreamerv3_runs/pretrain_apt_seed1/metrics.jsonlWriting metrics: /scratch/midway3/rickybao/dreamerv3_runs/pretrain_apt_seed1/scores.jsonl


--------------------[Agent Step 315_552]--------------------
Metrics filtered by: 'score|length|fps|ratio|train/loss/|train/rand/'
train/loss/con 0.02 / train/loss/dyn 5.92 / train/loss/height 2e-3 / train/loss/orientations 0.1 / train/loss/policy 9.1e-4 / train/loss/rep 5.92 / train/loss/value 1.31 / train/loss/velocity 0.84 / replay/replay_ratio 1040 / fps/policy 5.58 / fps/train 5718.55

Writing metrics: /scratch/midway3/rickybao/dreamerv3_runs/pretrain_apt_seed1/metrics.jsonlWriting metrics: /scratch/midway3/rickybao/dreamerv3_runs/pretrain_apt_seed1/scores.jsonl

Saving checkpoint: /scratch/midway3/rickybao/dreamerv3_runs/pretrain_apt_seed1/ckpt/20260517T090201F938564
Saved checkpoint.

--------------------[Agent Step 316_224]--------------------
Metrics filtered by: 'score|length|fps|ratio|train/loss/|train/rand/'
train/loss/con 0.02 / train/loss/dyn 5.91 / train/loss/height 1.9e-3 / train/loss/orientations 0.1 / train/loss/policy 6.1e-3 / train/loss/rep 5.91 / train/loss/value 1.32 / train/loss/velocity 0.84 / replay/replay_ratio 1040 / fps/policy 5.57 / fps/train 5707.83

Writing metrics: /scratch/midway3/rickybao/dreamerv3_runs/pretrain_apt_seed1/metrics.jsonlWriting metrics: /scratch/midway3/rickybao/dreamerv3_runs/pretrain_apt_seed1/scores.jsonl


--------------------[Agent Step 316_896]--------------------
Metrics filtered by: 'score|length|fps|ratio|train/loss/|train/rand/'
train/loss/con 0.02 / train/loss/dyn 5.91 / train/loss/height 1.9e-3 / train/loss/orientations 0.1 / train/loss/policy 0.01 / train/loss/rep 5.91 / train/loss/value 1.32 / train/loss/velocity 0.84 / replay/replay_ratio 1040 / fps/policy 5.58 / fps/train 5715.03

Writing metrics: /scratch/midway3/rickybao/dreamerv3_runs/pretrain_apt_seed1/metrics.jsonlWriting metrics: /scratch/midway3/rickybao/dreamerv3_runs/pretrain_apt_seed1/scores.jsonl


--------------------[Agent Step 317_568]--------------------
Metrics filtered by: 'score|length|fps|ratio|train/loss/|train/rand/'
train/loss/con 0.02 / train/loss/dyn 5.89 / train/loss/height 1.9e-3 / train/loss/orientations 0.1 / train/loss/policy 5.1e-3 / train/loss/rep 5.89 / train/loss/value 1.32 / train/loss/velocity 0.84 / replay/replay_ratio 1040 / fps/policy 5.59 / fps/train 5722.31

Writing metrics: /scratch/midway3/rickybao/dreamerv3_runs/pretrain_apt_seed1/metrics.jsonlWriting metrics: /scratch/midway3/rickybao/dreamerv3_runs/pretrain_apt_seed1/scores.jsonl


--------------------[Agent Step 318_240]--------------------
Metrics filtered by: 'score|length|fps|ratio|train/loss/|train/rand/'
train/loss/con 0.02 / train/loss/dyn 5.92 / train/loss/height 1.9e-3 / train/loss/orientations 0.1 / train/loss/policy -8.8e-4 / train/loss/rep 5.92 / train/loss/value 1.32 / train/loss/velocity 0.84 / replay/replay_ratio 1040 / fps/policy 5.58 / fps/train 5711.45

Writing metrics: /scratch/midway3/rickybao/dreamerv3_runs/pretrain_apt_seed1/metrics.jsonlWriting metrics: /scratch/midway3/rickybao/dreamerv3_runs/pretrain_apt_seed1/scores.jsonl


--------------------[Agent Step 318_912]--------------------
Metrics filtered by: 'score|length|fps|ratio|train/loss/|train/rand/'
train/loss/con 0.02 / train/loss/dyn 5.9 / train/loss/height 1.9e-3 / train/loss/orientations 0.1 / train/loss/policy 1.2e-3 / train/loss/rep 5.9 / train/loss/value 1.32 / train/loss/velocity 0.84 / replay/replay_ratio 1040 / fps/policy 5.59 / fps/train 5720.85

Writing metrics: /scratch/midway3/rickybao/dreamerv3_runs/pretrain_apt_seed1/scores.jsonlWriting metrics: /scratch/midway3/rickybao/dreamerv3_runs/pretrain_apt_seed1/metrics.jsonl


--------------------[Agent Step 319_584]--------------------
Metrics filtered by: 'score|length|fps|ratio|train/loss/|train/rand/'
train/loss/con 0.02 / train/loss/dyn 5.88 / train/loss/height 1.9e-3 / train/loss/orientations 0.1 / train/loss/policy 2.8e-3 / train/loss/rep 5.88 / train/loss/value 1.32 / train/loss/velocity 0.84 / replay/replay_ratio 1040 / fps/policy 5.58 / fps/train 5712.33

Writing metrics: /scratch/midway3/rickybao/dreamerv3_runs/pretrain_apt_seed1/metrics.jsonlWriting metrics: /scratch/midway3/rickybao/dreamerv3_runs/pretrain_apt_seed1/scores.jsonl


--------------------[Agent Step 320_256]--------------------
Metrics filtered by: 'score|length|fps|ratio|train/loss/|train/rand/'
train/loss/con 0.02 / train/loss/dyn 5.89 / train/loss/height 1.9e-3 / train/loss/orientations 0.1 / train/loss/policy 6.8e-3 / train/loss/rep 5.89 / train/loss/value 1.32 / train/loss/velocity 0.83 / replay/replay_ratio 1040 / fps/policy 5.58 / fps/train 5714.82

Writing metrics: /scratch/midway3/rickybao/dreamerv3_runs/pretrain_apt_seed1/metrics.jsonlWriting metrics: /scratch/midway3/rickybao/dreamerv3_runs/pretrain_apt_seed1/scores.jsonl


--------------------[Agent Step 320_928]--------------------
Metrics filtered by: 'score|length|fps|ratio|train/loss/|train/rand/'
episode/score 89.23 / episode/length 1001 / train/loss/con 0.02 / train/loss/dyn 5.93 / train/loss/height 1.9e-3 / train/loss/orientations 0.1 / train/loss/policy 0.01 / train/loss/rep 5.93 / train/loss/value 1.32 / train/loss/velocity 0.84 / replay/replay_ratio 1040 / fps/policy 5.59 / fps/train 5727.4

Writing metrics: /scratch/midway3/rickybao/dreamerv3_runs/pretrain_apt_seed1/metrics.jsonlWriting metrics: /scratch/midway3/rickybao/dreamerv3_runs/pretrain_apt_seed1/scores.jsonl

Saving checkpoint: /scratch/midway3/rickybao/dreamerv3_runs/pretrain_apt_seed1/ckpt/20260517T091702F049803
Saved checkpoint.

--------------------[Agent Step 321_600]--------------------
Metrics filtered by: 'score|length|fps|ratio|train/loss/|train/rand/'
train/loss/con 0.02 / train/loss/dyn 5.87 / train/loss/height 1.9e-3 / train/loss/orientations 0.1 / train/loss/policy 0.01 / train/loss/rep 5.87 / train/loss/value 1.32 / train/loss/velocity 0.83 / replay/replay_ratio 1040 / fps/policy 5.56 / fps/train 5694.45

Writing metrics: /scratch/midway3/rickybao/dreamerv3_runs/pretrain_apt_seed1/metrics.jsonlWriting metrics: /scratch/midway3/rickybao/dreamerv3_runs/pretrain_apt_seed1/scores.jsonl


--------------------[Agent Step 322_272]--------------------
Metrics filtered by: 'score|length|fps|ratio|train/loss/|train/rand/'
train/loss/con 0.02 / train/loss/dyn 5.89 / train/loss/height 1.9e-3 / train/loss/orientations 0.1 / train/loss/policy 6e-3 / train/loss/rep 5.89 / train/loss/value 1.32 / train/loss/velocity 0.84 / replay/replay_ratio 1040 / fps/policy 5.58 / fps/train 5712.81

Writing metrics: /scratch/midway3/rickybao/dreamerv3_runs/pretrain_apt_seed1/metrics.jsonl
Writing metrics: /scratch/midway3/rickybao/dreamerv3_runs/pretrain_apt_seed1/scores.jsonl

--------------------[Agent Step 322_944]--------------------
Metrics filtered by: 'score|length|fps|ratio|train/loss/|train/rand/'
train/loss/con 0.02 / train/loss/dyn 5.87 / train/loss/height 1.8e-3 / train/loss/orientations 0.1 / train/loss/policy 5e-3 / train/loss/rep 5.87 / train/loss/value 1.32 / train/loss/velocity 0.84 / replay/replay_ratio 1040 / fps/policy 5.58 / fps/train 5709.76

Writing metrics: /scratch/midway3/rickybao/dreamerv3_runs/pretrain_apt_seed1/metrics.jsonlWriting metrics: /scratch/midway3/rickybao/dreamerv3_runs/pretrain_apt_seed1/scores.jsonl


--------------------[Agent Step 323_616]--------------------
Metrics filtered by: 'score|length|fps|ratio|train/loss/|train/rand/'
train/loss/con 0.02 / train/loss/dyn 5.87 / train/loss/height 1.9e-3 / train/loss/orientations 0.1 / train/loss/policy 2.1e-3 / train/loss/rep 5.87 / train/loss/value 1.32 / train/loss/velocity 0.84 / replay/replay_ratio 1040 / fps/policy 5.57 / fps/train 5706.77

Writing metrics: /scratch/midway3/rickybao/dreamerv3_runs/pretrain_apt_seed1/metrics.jsonl
Writing metrics: /scratch/midway3/rickybao/dreamerv3_runs/pretrain_apt_seed1/scores.jsonl

--------------------[Agent Step 324_288]--------------------
Metrics filtered by: 'score|length|fps|ratio|train/loss/|train/rand/'
train/loss/con 0.02 / train/loss/dyn 5.89 / train/loss/height 1.9e-3 / train/loss/orientations 0.1 / train/loss/policy 0.01 / train/loss/rep 5.89 / train/loss/value 1.32 / train/loss/velocity 0.84 / replay/replay_ratio 1040 / fps/policy 5.59 / fps/train 5719.31

Writing metrics: /scratch/midway3/rickybao/dreamerv3_runs/pretrain_apt_seed1/metrics.jsonlWriting metrics: /scratch/midway3/rickybao/dreamerv3_runs/pretrain_apt_seed1/scores.jsonl


--------------------[Agent Step 324_960]--------------------
Metrics filtered by: 'score|length|fps|ratio|train/loss/|train/rand/'
train/loss/con 0.02 / train/loss/dyn 5.87 / train/loss/height 1.8e-3 / train/loss/orientations 0.1 / train/loss/policy -4.1e-4 / train/loss/rep 5.87 / train/loss/value 1.32 / train/loss/velocity 0.83 / replay/replay_ratio 1040 / fps/policy 5.58 / fps/train 5715.04

Writing metrics: /scratch/midway3/rickybao/dreamerv3_runs/pretrain_apt_seed1/metrics.jsonl
Writing metrics: /scratch/midway3/rickybao/dreamerv3_runs/pretrain_apt_seed1/scores.jsonl
