==============================
Slurm job started
Job ID: 49729081
Job name: pretrain-apt-seed1
Node: midway3-0280.rcc.local
Start time: Sun May 17 11:46:27 CDT 2026
Condition: apt  |  Seed: 1
==============================
PYTHON=/scratch/midway3/rickybao/conda_envs/dreamerv3/bin/python
LOGDIR=/scratch/midway3/rickybao/dreamerv3_runs/pretrain_apt_seed1
GPU check:
Sun May 17 11:46:27 2026       
+---------------------------------------------------------------------------------------+
| NVIDIA-SMI 535.216.03             Driver Version: 535.216.03   CUDA Version: 12.2     |
|-----------------------------------------+----------------------+----------------------+
| GPU  Name                 Persistence-M | Bus-Id        Disp.A | Volatile Uncorr. ECC |
| Fan  Temp   Perf          Pwr:Usage/Cap |         Memory-Usage | GPU-Util  Compute M. |
|                                         |                      |               MIG M. |
|=========================================+======================+======================|
|   0  Tesla V100-PCIE-16GB           On  | 00000000:06:00.0 Off |                  Off |
| N/A   54C    P0              48W / 250W |      0MiB / 16384MiB |      0%      Default |
|                                         |                      |                  N/A |
+-----------------------------------------+----------------------+----------------------+
                                                                                         
+---------------------------------------------------------------------------------------+
| Processes:                                                                            |
|  GPU   GI   CI        PID   Type   Process name                            GPU Memory |
|        ID   ID                                                             Usage      |
|=======================================================================================|
|  No running processes found                                                           |
+---------------------------------------------------------------------------------------+
JAX check:
JAX devices: [CudaDevice(id=0)] | backend: gpu
Starting reward-free pretraining: condition=apt seed=1
---  ___                           __   ______ ---
--- |   \ _ _ ___ __ _ _ __  ___ _ \ \ / /__ / ---
--- | |) | '_/ -_) _` | '  \/ -_) '/\ V / |_ \ ---
--- |___/|_| \___\__,_|_|_|_\___|_|  \_/ |___/ ---
Replica: 0 / 1
Logdir: /scratch/midway3/rickybao/dreamerv3_runs/pretrain_apt_seed1
Run script: train
Observations
  reward           Space(float32, shape=(), low=-inf, high=inf)
  is_first         Space(bool, shape=(), low=False, high=True)
  is_last          Space(bool, shape=(), low=False, high=True)
  is_terminal      Space(bool, shape=(), low=False, high=True)
  orientations     Space(float32, shape=(14,), low=-inf, high=inf)
  height           Space(float32, shape=(), low=-inf, high=inf)
  velocity         Space(float32, shape=(9,), low=-inf, high=inf)
Actions
  action           Space(float32, shape=(6,), low=-1.0, high=1.0)
Extras
  consec           Space(int32, shape=(), low=-2147483648, high=2147483647)
  stepid           Space(uint8, shape=(20,), low=0, high=255)
  dyn/deter        Space(float32, shape=(512,), low=-inf, high=inf)
  dyn/stoch        Space(float32, shape=(32, 4), low=-inf, high=inf)
JAX devices (1): [cuda:0]
Policy devices: cuda:0
Train devices:  cuda:0
Initializing parameters...
Optimizer opt has 583,204 params:
       364,416 dyn
        66,111 val
        51,096 dec
        50,316 pol
        41,153 con
        10,112 enc
Done initializing!
Compiling 1 checkpoint groups...
Largest checkpoint group: 0 GB
Compiling train and report...
Train cost analysis:
  FLOPS:            3.6e+10
  Memory (temp):    2.2e+08
  Memory (inputs):  1.0e+07
  Memory (outputs): 8.6e+06
  Memory (code):    2.0e+06

Report cost analysis:
  FLOPS:            1.9e+06
  Memory (temp):    9.3e+05
  Memory (inputs):  2.8e+06
  Memory (outputs): 2.1e+04
  Memory (code):    9.7e+04

Done compiling!
Found existing checkpoint.
Loading checkpoint: /scratch/midway3/rickybao/dreamerv3_runs/pretrain_apt_seed1/ckpt/20260517T091702F049803
Loaded checkpoint.
Start training loop

--------------------[Agent Step 322_032]--------------------
Metrics filtered by: 'score|length|fps|ratio|train/loss/|train/rand/'
train/loss/con 0.02 / train/loss/dyn 6.16 / train/loss/height 2.1e-3 / train/loss/orientations 0.11 / train/loss/policy 0.01 / train/loss/rep 6.16 / train/loss/value 1.32 / train/loss/velocity 0.88 / replay/replay_ratio nan / fps/policy 7.31 / fps/train 7483.94

Writing metrics: /scratch/midway3/rickybao/dreamerv3_runs/pretrain_apt_seed1/metrics.jsonlWriting metrics: /scratch/midway3/rickybao/dreamerv3_runs/pretrain_apt_seed1/scores.jsonl


--------------------[Agent Step 322_976]--------------------
Metrics filtered by: 'score|length|fps|ratio|train/loss/|train/rand/'
train/loss/con 0.02 / train/loss/dyn 5.87 / train/loss/height 1.9e-3 / train/loss/orientations 0.1 / train/loss/policy -2.6e-3 / train/loss/rep 5.87 / train/loss/value 1.32 / train/loss/velocity 0.84 / replay/replay_ratio 1115.64 / fps/policy 7.85 / fps/train 8043.31

Writing metrics: /scratch/midway3/rickybao/dreamerv3_runs/pretrain_apt_seed1/metrics.jsonlWriting metrics: /scratch/midway3/rickybao/dreamerv3_runs/pretrain_apt_seed1/scores.jsonl


--------------------[Agent Step 323_920]--------------------
Metrics filtered by: 'score|length|fps|ratio|train/loss/|train/rand/'
train/loss/con 0.02 / train/loss/dyn 5.85 / train/loss/height 1.9e-3 / train/loss/orientations 0.1 / train/loss/policy 5.7e-3 / train/loss/rep 5.85 / train/loss/value 1.32 / train/loss/velocity 0.83 / replay/replay_ratio 1040 / fps/policy 7.85 / fps/train 8040.73

Writing metrics: /scratch/midway3/rickybao/dreamerv3_runs/pretrain_apt_seed1/metrics.jsonlWriting metrics: /scratch/midway3/rickybao/dreamerv3_runs/pretrain_apt_seed1/scores.jsonl


--------------------[Agent Step 324_864]--------------------
Metrics filtered by: 'score|length|fps|ratio|train/loss/|train/rand/'
train/loss/con 0.02 / train/loss/dyn 5.86 / train/loss/height 1.8e-3 / train/loss/orientations 0.1 / train/loss/policy -1.7e-3 / train/loss/rep 5.86 / train/loss/value 1.32 / train/loss/velocity 0.84 / replay/replay_ratio 1040 / fps/policy 7.85 / fps/train 8043.25

Writing metrics: /scratch/midway3/rickybao/dreamerv3_runs/pretrain_apt_seed1/metrics.jsonl
Writing metrics: /scratch/midway3/rickybao/dreamerv3_runs/pretrain_apt_seed1/scores.jsonl

--------------------[Agent Step 325_808]--------------------
Metrics filtered by: 'score|length|fps|ratio|train/loss/|train/rand/'
train/loss/con 0.02 / train/loss/dyn 5.86 / train/loss/height 1.8e-3 / train/loss/orientations 0.1 / train/loss/policy 1.9e-3 / train/loss/rep 5.86 / train/loss/value 1.32 / train/loss/velocity 0.83 / replay/replay_ratio 1040 / fps/policy 7.85 / fps/train 8043.21

Writing metrics: /scratch/midway3/rickybao/dreamerv3_runs/pretrain_apt_seed1/metrics.jsonlWriting metrics: /scratch/midway3/rickybao/dreamerv3_runs/pretrain_apt_seed1/scores.jsonl


--------------------[Agent Step 326_752]--------------------
Metrics filtered by: 'score|length|fps|ratio|train/loss/|train/rand/'
train/loss/con 0.02 / train/loss/dyn 5.86 / train/loss/height 1.8e-3 / train/loss/orientations 0.1 / train/loss/policy 3.3e-3 / train/loss/rep 5.86 / train/loss/value 1.32 / train/loss/velocity 0.83 / replay/replay_ratio 1040 / fps/policy 7.85 / fps/train 8042.65

Writing metrics: /scratch/midway3/rickybao/dreamerv3_runs/pretrain_apt_seed1/metrics.jsonlWriting metrics: /scratch/midway3/rickybao/dreamerv3_runs/pretrain_apt_seed1/scores.jsonl


--------------------[Agent Step 327_696]--------------------
Metrics filtered by: 'score|length|fps|ratio|train/loss/|train/rand/'
train/loss/con 0.02 / train/loss/dyn 5.86 / train/loss/height 1.8e-3 / train/loss/orientations 0.1 / train/loss/policy -1e-3 / train/loss/rep 5.86 / train/loss/value 1.32 / train/loss/velocity 0.83 / replay/replay_ratio 1040 / fps/policy 7.85 / fps/train 8042.65

Writing metrics: /scratch/midway3/rickybao/dreamerv3_runs/pretrain_apt_seed1/metrics.jsonlWriting metrics: /scratch/midway3/rickybao/dreamerv3_runs/pretrain_apt_seed1/scores.jsonl

Saving checkpoint: /scratch/midway3/rickybao/dreamerv3_runs/pretrain_apt_seed1/ckpt/20260517T120223F270135
Saved checkpoint.

--------------------[Agent Step 328_640]--------------------
Metrics filtered by: 'score|length|fps|ratio|train/loss/|train/rand/'
train/loss/con 0.02 / train/loss/dyn 5.84 / train/loss/height 1.8e-3 / train/loss/orientations 0.1 / train/loss/policy -0.01 / train/loss/rep 5.84 / train/loss/value 1.32 / train/loss/velocity 0.83 / replay/replay_ratio 1040 / fps/policy 7.83 / fps/train 8018.6

Writing metrics: /scratch/midway3/rickybao/dreamerv3_runs/pretrain_apt_seed1/metrics.jsonlWriting metrics: /scratch/midway3/rickybao/dreamerv3_runs/pretrain_apt_seed1/scores.jsonl


--------------------[Agent Step 329_584]--------------------
Metrics filtered by: 'score|length|fps|ratio|train/loss/|train/rand/'
train/loss/con 0.02 / train/loss/dyn 5.86 / train/loss/height 1.8e-3 / train/loss/orientations 0.1 / train/loss/policy 2.9e-3 / train/loss/rep 5.86 / train/loss/value 1.32 / train/loss/velocity 0.83 / replay/replay_ratio 1040 / fps/policy 7.85 / fps/train 8043.06

Writing metrics: /scratch/midway3/rickybao/dreamerv3_runs/pretrain_apt_seed1/metrics.jsonlWriting metrics: /scratch/midway3/rickybao/dreamerv3_runs/pretrain_apt_seed1/scores.jsonl


--------------------[Agent Step 330_528]--------------------
Metrics filtered by: 'score|length|fps|ratio|train/loss/|train/rand/'
train/loss/con 0.02 / train/loss/dyn 5.85 / train/loss/height 1.8e-3 / train/loss/orientations 0.1 / train/loss/policy 4.4e-3 / train/loss/rep 5.85 / train/loss/value 1.32 / train/loss/velocity 0.83 / replay/replay_ratio 1040 / fps/policy 7.86 / fps/train 8043.54

Writing metrics: /scratch/midway3/rickybao/dreamerv3_runs/pretrain_apt_seed1/metrics.jsonlWriting metrics: /scratch/midway3/rickybao/dreamerv3_runs/pretrain_apt_seed1/scores.jsonl


--------------------[Agent Step 331_472]--------------------
Metrics filtered by: 'score|length|fps|ratio|train/loss/|train/rand/'
train/loss/con 0.02 / train/loss/dyn 5.83 / train/loss/height 1.8e-3 / train/loss/orientations 0.1 / train/loss/policy 8e-3 / train/loss/rep 5.83 / train/loss/value 1.32 / train/loss/velocity 0.83 / replay/replay_ratio 1040 / fps/policy 7.85 / fps/train 8043.08

Writing metrics: /scratch/midway3/rickybao/dreamerv3_runs/pretrain_apt_seed1/metrics.jsonlWriting metrics: /scratch/midway3/rickybao/dreamerv3_runs/pretrain_apt_seed1/scores.jsonl


--------------------[Agent Step 332_416]--------------------
Metrics filtered by: 'score|length|fps|ratio|train/loss/|train/rand/'
train/loss/con 0.02 / train/loss/dyn 5.86 / train/loss/height 1.7e-3 / train/loss/orientations 0.1 / train/loss/policy 0.01 / train/loss/rep 5.86 / train/loss/value 1.32 / train/loss/velocity 0.83 / replay/replay_ratio 1040 / fps/policy 7.85 / fps/train 8043.26

Writing metrics: /scratch/midway3/rickybao/dreamerv3_runs/pretrain_apt_seed1/scores.jsonlWriting metrics: /scratch/midway3/rickybao/dreamerv3_runs/pretrain_apt_seed1/metrics.jsonl


--------------------[Agent Step 333_360]--------------------
Metrics filtered by: 'score|length|fps|ratio|train/loss/|train/rand/'
train/loss/con 0.02 / train/loss/dyn 5.83 / train/loss/height 1.8e-3 / train/loss/orientations 0.1 / train/loss/policy 7.9e-3 / train/loss/rep 5.83 / train/loss/value 1.32 / train/loss/velocity 0.83 / replay/replay_ratio 1040 / fps/policy 7.85 / fps/train 8043.19

Writing metrics: /scratch/midway3/rickybao/dreamerv3_runs/pretrain_apt_seed1/metrics.jsonlWriting metrics: /scratch/midway3/rickybao/dreamerv3_runs/pretrain_apt_seed1/scores.jsonl


--------------------[Agent Step 334_304]--------------------
Metrics filtered by: 'score|length|fps|ratio|train/loss/|train/rand/'
train/loss/con 0.02 / train/loss/dyn 5.83 / train/loss/height 1.7e-3 / train/loss/orientations 0.1 / train/loss/policy 3.8e-3 / train/loss/rep 5.83 / train/loss/value 1.32 / train/loss/velocity 0.83 / replay/replay_ratio 1040 / fps/policy 7.85 / fps/train 8043.48

Writing metrics: /scratch/midway3/rickybao/dreamerv3_runs/pretrain_apt_seed1/metrics.jsonlWriting metrics: /scratch/midway3/rickybao/dreamerv3_runs/pretrain_apt_seed1/scores.jsonl

Saving checkpoint: /scratch/midway3/rickybao/dreamerv3_runs/pretrain_apt_seed1/ckpt/20260517T121723F982243
Saved checkpoint.

--------------------[Agent Step 335_248]--------------------
Metrics filtered by: 'score|length|fps|ratio|train/loss/|train/rand/'
train/loss/con 0.02 / train/loss/dyn 5.82 / train/loss/height 1.7e-3 / train/loss/orientations 0.1 / train/loss/policy 2e-3 / train/loss/rep 5.82 / train/loss/value 1.32 / train/loss/velocity 0.82 / replay/replay_ratio 1040 / fps/policy 7.83 / fps/train 8019.71

Writing metrics: /scratch/midway3/rickybao/dreamerv3_runs/pretrain_apt_seed1/metrics.jsonl
Writing metrics: /scratch/midway3/rickybao/dreamerv3_runs/pretrain_apt_seed1/scores.jsonl

--------------------[Agent Step 336_192]--------------------
Metrics filtered by: 'score|length|fps|ratio|train/loss/|train/rand/'
train/loss/con 0.02 / train/loss/dyn 5.83 / train/loss/height 1.7e-3 / train/loss/orientations 0.1 / train/loss/policy -3.1e-3 / train/loss/rep 5.83 / train/loss/value 1.32 / train/loss/velocity 0.83 / replay/replay_ratio 1040 / fps/policy 7.85 / fps/train 8042.88

Writing metrics: /scratch/midway3/rickybao/dreamerv3_runs/pretrain_apt_seed1/metrics.jsonlWriting metrics: /scratch/midway3/rickybao/dreamerv3_runs/pretrain_apt_seed1/scores.jsonl


--------------------[Agent Step 337_136]--------------------
Metrics filtered by: 'score|length|fps|ratio|train/loss/|train/rand/'
episode/score 109.29 / episode/length 1001 / train/loss/con 0.02 / train/loss/dyn 5.81 / train/loss/height 1.7e-3 / train/loss/orientations 0.09 / train/loss/policy 7.9e-3 / train/loss/rep 5.81 / train/loss/value 1.32 / train/loss/velocity 0.82 / replay/replay_ratio 1040 / fps/policy 7.85 / fps/train 8042.26

Writing metrics: /scratch/midway3/rickybao/dreamerv3_runs/pretrain_apt_seed1/metrics.jsonlWriting metrics: /scratch/midway3/rickybao/dreamerv3_runs/pretrain_apt_seed1/scores.jsonl


--------------------[Agent Step 338_080]--------------------
Metrics filtered by: 'score|length|fps|ratio|train/loss/|train/rand/'
train/loss/con 0.02 / train/loss/dyn 5.78 / train/loss/height 1.7e-3 / train/loss/orientations 0.09 / train/loss/policy 3.1e-3 / train/loss/rep 5.78 / train/loss/value 1.32 / train/loss/velocity 0.82 / replay/replay_ratio 1040 / fps/policy 7.76 / fps/train 7941.55

Writing metrics: /scratch/midway3/rickybao/dreamerv3_runs/pretrain_apt_seed1/metrics.jsonlWriting metrics: /scratch/midway3/rickybao/dreamerv3_runs/pretrain_apt_seed1/scores.jsonl


--------------------[Agent Step 339_024]--------------------
Metrics filtered by: 'score|length|fps|ratio|train/loss/|train/rand/'
train/loss/con 0.02 / train/loss/dyn 5.8 / train/loss/height 1.7e-3 / train/loss/orientations 0.09 / train/loss/policy 4e-3 / train/loss/rep 5.8 / train/loss/value 1.32 / train/loss/velocity 0.82 / replay/replay_ratio 1040 / fps/policy 7.85 / fps/train 8043

Writing metrics: /scratch/midway3/rickybao/dreamerv3_runs/pretrain_apt_seed1/scores.jsonlWriting metrics: /scratch/midway3/rickybao/dreamerv3_runs/pretrain_apt_seed1/metrics.jsonl


--------------------[Agent Step 339_968]--------------------
Metrics filtered by: 'score|length|fps|ratio|train/loss/|train/rand/'
train/loss/con 0.02 / train/loss/dyn 5.78 / train/loss/height 1.7e-3 / train/loss/orientations 0.09 / train/loss/policy 7.5e-3 / train/loss/rep 5.78 / train/loss/value 1.32 / train/loss/velocity 0.82 / replay/replay_ratio 1040 / fps/policy 7.85 / fps/train 8042.8

Writing metrics: /scratch/midway3/rickybao/dreamerv3_runs/pretrain_apt_seed1/metrics.jsonl
Writing metrics: /scratch/midway3/rickybao/dreamerv3_runs/pretrain_apt_seed1/scores.jsonl

--------------------[Agent Step 340_912]--------------------
Metrics filtered by: 'score|length|fps|ratio|train/loss/|train/rand/'
train/loss/con 0.02 / train/loss/dyn 5.77 / train/loss/height 1.7e-3 / train/loss/orientations 0.09 / train/loss/policy 1.7e-3 / train/loss/rep 5.77 / train/loss/value 1.32 / train/loss/velocity 0.82 / replay/replay_ratio 1040 / fps/policy 7.85 / fps/train 8042.2

Writing metrics: /scratch/midway3/rickybao/dreamerv3_runs/pretrain_apt_seed1/metrics.jsonl
Writing metrics: /scratch/midway3/rickybao/dreamerv3_runs/pretrain_apt_seed1/scores.jsonl

--------------------[Agent Step 341_856]--------------------
Metrics filtered by: 'score|length|fps|ratio|train/loss/|train/rand/'
train/loss/con 0.02 / train/loss/dyn 5.78 / train/loss/height 1.7e-3 / train/loss/orientations 0.09 / train/loss/policy 1.5e-3 / train/loss/rep 5.78 / train/loss/value 1.32 / train/loss/velocity 0.82 / replay/replay_ratio 1040 / fps/policy 7.85 / fps/train 8042.14

Writing metrics: /scratch/midway3/rickybao/dreamerv3_runs/pretrain_apt_seed1/metrics.jsonlWriting metrics: /scratch/midway3/rickybao/dreamerv3_runs/pretrain_apt_seed1/scores.jsonl

Saving checkpoint: /scratch/midway3/rickybao/dreamerv3_runs/pretrain_apt_seed1/ckpt/20260517T123224F252828
Saved checkpoint.

--------------------[Agent Step 342_800]--------------------
Metrics filtered by: 'score|length|fps|ratio|train/loss/|train/rand/'
train/loss/con 0.02 / train/loss/dyn 5.78 / train/loss/height 1.7e-3 / train/loss/orientations 0.09 / train/loss/policy 1e-2 / train/loss/rep 5.78 / train/loss/value 1.32 / train/loss/velocity 0.82 / replay/replay_ratio 1040 / fps/policy 7.83 / fps/train 8018.92

Writing metrics: /scratch/midway3/rickybao/dreamerv3_runs/pretrain_apt_seed1/metrics.jsonlWriting metrics: /scratch/midway3/rickybao/dreamerv3_runs/pretrain_apt_seed1/scores.jsonl


--------------------[Agent Step 343_744]--------------------
Metrics filtered by: 'score|length|fps|ratio|train/loss/|train/rand/'
train/loss/con 0.02 / train/loss/dyn 5.78 / train/loss/height 1.7e-3 / train/loss/orientations 0.09 / train/loss/policy 4e-3 / train/loss/rep 5.78 / train/loss/value 1.32 / train/loss/velocity 0.82 / replay/replay_ratio 1040 / fps/policy 7.85 / fps/train 8043.13

Writing metrics: /scratch/midway3/rickybao/dreamerv3_runs/pretrain_apt_seed1/metrics.jsonl
Writing metrics: /scratch/midway3/rickybao/dreamerv3_runs/pretrain_apt_seed1/scores.jsonl

--------------------[Agent Step 344_688]--------------------
Metrics filtered by: 'score|length|fps|ratio|train/loss/|train/rand/'
train/loss/con 0.02 / train/loss/dyn 5.78 / train/loss/height 1.7e-3 / train/loss/orientations 0.09 / train/loss/policy 3.8e-3 / train/loss/rep 5.78 / train/loss/value 1.32 / train/loss/velocity 0.82 / replay/replay_ratio 1040 / fps/policy 7.85 / fps/train 8043

Writing metrics: /scratch/midway3/rickybao/dreamerv3_runs/pretrain_apt_seed1/metrics.jsonlWriting metrics: /scratch/midway3/rickybao/dreamerv3_runs/pretrain_apt_seed1/scores.jsonl


--------------------[Agent Step 345_632]--------------------
Metrics filtered by: 'score|length|fps|ratio|train/loss/|train/rand/'
train/loss/con 0.02 / train/loss/dyn 5.79 / train/loss/height 1.7e-3 / train/loss/orientations 0.09 / train/loss/policy 2.4e-3 / train/loss/rep 5.79 / train/loss/value 1.32 / train/loss/velocity 0.82 / replay/replay_ratio 1040 / fps/policy 7.85 / fps/train 8042.85

Writing metrics: /scratch/midway3/rickybao/dreamerv3_runs/pretrain_apt_seed1/metrics.jsonl
Writing metrics: /scratch/midway3/rickybao/dreamerv3_runs/pretrain_apt_seed1/scores.jsonl

--------------------[Agent Step 346_576]--------------------
Metrics filtered by: 'score|length|fps|ratio|train/loss/|train/rand/'
train/loss/con 0.02 / train/loss/dyn 5.74 / train/loss/height 1.6e-3 / train/loss/orientations 0.09 / train/loss/policy 7.9e-3 / train/loss/rep 5.74 / train/loss/value 1.32 / train/loss/velocity 0.82 / replay/replay_ratio 1040 / fps/policy 7.85 / fps/train 8042.35

Writing metrics: /scratch/midway3/rickybao/dreamerv3_runs/pretrain_apt_seed1/metrics.jsonlWriting metrics: /scratch/midway3/rickybao/dreamerv3_runs/pretrain_apt_seed1/scores.jsonl


--------------------[Agent Step 347_520]--------------------
Metrics filtered by: 'score|length|fps|ratio|train/loss/|train/rand/'
train/loss/con 0.02 / train/loss/dyn 5.77 / train/loss/height 1.6e-3 / train/loss/orientations 0.09 / train/loss/policy 2e-3 / train/loss/rep 5.77 / train/loss/value 1.32 / train/loss/velocity 0.82 / replay/replay_ratio 1040 / fps/policy 7.85 / fps/train 8042.94

Writing metrics: /scratch/midway3/rickybao/dreamerv3_runs/pretrain_apt_seed1/metrics.jsonlWriting metrics: /scratch/midway3/rickybao/dreamerv3_runs/pretrain_apt_seed1/scores.jsonl


--------------------[Agent Step 348_464]--------------------
Metrics filtered by: 'score|length|fps|ratio|train/loss/|train/rand/'
train/loss/con 0.02 / train/loss/dyn 5.77 / train/loss/height 1.6e-3 / train/loss/orientations 0.09 / train/loss/policy 1.7e-3 / train/loss/rep 5.77 / train/loss/value 1.32 / train/loss/velocity 0.82 / replay/replay_ratio 1040 / fps/policy 7.86 / fps/train 8043.66

Writing metrics: /scratch/midway3/rickybao/dreamerv3_runs/pretrain_apt_seed1/metrics.jsonl
Writing metrics: /scratch/midway3/rickybao/dreamerv3_runs/pretrain_apt_seed1/scores.jsonl
Saving checkpoint: /scratch/midway3/rickybao/dreamerv3_runs/pretrain_apt_seed1/ckpt/20260517T124725F156933
Saved checkpoint.

--------------------[Agent Step 349_408]--------------------
Metrics filtered by: 'score|length|fps|ratio|train/loss/|train/rand/'
train/loss/con 0.02 / train/loss/dyn 5.73 / train/loss/height 1.6e-3 / train/loss/orientations 0.09 / train/loss/policy 1.2e-3 / train/loss/rep 5.73 / train/loss/value 1.32 / train/loss/velocity 0.81 / replay/replay_ratio 1040 / fps/policy 7.82 / fps/train 8009.34

Writing metrics: /scratch/midway3/rickybao/dreamerv3_runs/pretrain_apt_seed1/metrics.jsonlWriting metrics: /scratch/midway3/rickybao/dreamerv3_runs/pretrain_apt_seed1/scores.jsonl


--------------------[Agent Step 350_352]--------------------
Metrics filtered by: 'score|length|fps|ratio|train/loss/|train/rand/'
train/loss/con 0.02 / train/loss/dyn 5.79 / train/loss/height 1.6e-3 / train/loss/orientations 0.09 / train/loss/policy -1.6e-3 / train/loss/rep 5.79 / train/loss/value 1.32 / train/loss/velocity 0.82 / replay/replay_ratio 1040 / fps/policy 7.85 / fps/train 8043.46

Writing metrics: /scratch/midway3/rickybao/dreamerv3_runs/pretrain_apt_seed1/metrics.jsonl
Writing metrics: /scratch/midway3/rickybao/dreamerv3_runs/pretrain_apt_seed1/scores.jsonl

--------------------[Agent Step 351_296]--------------------
Metrics filtered by: 'score|length|fps|ratio|train/loss/|train/rand/'
train/loss/con 0.02 / train/loss/dyn 5.76 / train/loss/height 1.6e-3 / train/loss/orientations 0.09 / train/loss/policy 7.6e-3 / train/loss/rep 5.76 / train/loss/value 1.32 / train/loss/velocity 0.82 / replay/replay_ratio 1040 / fps/policy 7.86 / fps/train 8043.55

Writing metrics: /scratch/midway3/rickybao/dreamerv3_runs/pretrain_apt_seed1/metrics.jsonlWriting metrics: /scratch/midway3/rickybao/dreamerv3_runs/pretrain_apt_seed1/scores.jsonl


--------------------[Agent Step 352_240]--------------------
Metrics filtered by: 'score|length|fps|ratio|train/loss/|train/rand/'
train/loss/con 0.02 / train/loss/dyn 5.73 / train/loss/height 1.6e-3 / train/loss/orientations 0.09 / train/loss/policy -1.4e-3 / train/loss/rep 5.73 / train/loss/value 1.32 / train/loss/velocity 0.81 / replay/replay_ratio 1040 / fps/policy 7.86 / fps/train 8043.61

Writing metrics: /scratch/midway3/rickybao/dreamerv3_runs/pretrain_apt_seed1/metrics.jsonlWriting metrics: /scratch/midway3/rickybao/dreamerv3_runs/pretrain_apt_seed1/scores.jsonl


--------------------[Agent Step 353_184]--------------------
Metrics filtered by: 'score|length|fps|ratio|train/loss/|train/rand/'
episode/score 60.87 / episode/length 1001 / train/loss/con 0.02 / train/loss/dyn 5.72 / train/loss/height 1.6e-3 / train/loss/orientations 0.09 / train/loss/policy 9e-3 / train/loss/rep 5.72 / train/loss/value 1.32 / train/loss/velocity 0.81 / replay/replay_ratio 1040 / fps/policy 7.85 / fps/train 8042.27

Writing metrics: /scratch/midway3/rickybao/dreamerv3_runs/pretrain_apt_seed1/metrics.jsonlWriting metrics: /scratch/midway3/rickybao/dreamerv3_runs/pretrain_apt_seed1/scores.jsonl


--------------------[Agent Step 354_128]--------------------
Metrics filtered by: 'score|length|fps|ratio|train/loss/|train/rand/'
train/loss/con 0.02 / train/loss/dyn 5.7 / train/loss/height 1.5e-3 / train/loss/orientations 0.09 / train/loss/policy 1.4e-3 / train/loss/rep 5.7 / train/loss/value 1.32 / train/loss/velocity 0.81 / replay/replay_ratio 1040 / fps/policy 7.86 / fps/train 8044.2

Writing metrics: /scratch/midway3/rickybao/dreamerv3_runs/pretrain_apt_seed1/metrics.jsonlWriting metrics: /scratch/midway3/rickybao/dreamerv3_runs/pretrain_apt_seed1/scores.jsonl


--------------------[Agent Step 355_072]--------------------
Metrics filtered by: 'score|length|fps|ratio|train/loss/|train/rand/'
train/loss/con 0.02 / train/loss/dyn 5.72 / train/loss/height 1.5e-3 / train/loss/orientations 0.09 / train/loss/policy 9e-4 / train/loss/rep 5.72 / train/loss/value 1.32 / train/loss/velocity 0.81 / replay/replay_ratio 1040 / fps/policy 7.86 / fps/train 8043.53

Writing metrics: /scratch/midway3/rickybao/dreamerv3_runs/pretrain_apt_seed1/metrics.jsonl
Writing metrics: /scratch/midway3/rickybao/dreamerv3_runs/pretrain_apt_seed1/scores.jsonl

--------------------[Agent Step 356_016]--------------------
Metrics filtered by: 'score|length|fps|ratio|train/loss/|train/rand/'
train/loss/con 0.02 / train/loss/dyn 5.7 / train/loss/height 1.5e-3 / train/loss/orientations 0.09 / train/loss/policy 7.7e-3 / train/loss/rep 5.7 / train/loss/value 1.32 / train/loss/velocity 0.81 / replay/replay_ratio 1040 / fps/policy 7.86 / fps/train 8043.71

Writing metrics: /scratch/midway3/rickybao/dreamerv3_runs/pretrain_apt_seed1/metrics.jsonlWriting metrics: /scratch/midway3/rickybao/dreamerv3_runs/pretrain_apt_seed1/scores.jsonl

Saving checkpoint: /scratch/midway3/rickybao/dreamerv3_runs/pretrain_apt_seed1/ckpt/20260517T130225F822323
Saved checkpoint.

--------------------[Agent Step 356_960]--------------------
Metrics filtered by: 'score|length|fps|ratio|train/loss/|train/rand/'
train/loss/con 0.02 / train/loss/dyn 5.71 / train/loss/height 1.5e-3 / train/loss/orientations 0.09 / train/loss/policy 0.02 / train/loss/rep 5.71 / train/loss/value 1.32 / train/loss/velocity 0.81 / replay/replay_ratio 1040 / fps/policy 7.83 / fps/train 8019.82

Writing metrics: /scratch/midway3/rickybao/dreamerv3_runs/pretrain_apt_seed1/metrics.jsonlWriting metrics: /scratch/midway3/rickybao/dreamerv3_runs/pretrain_apt_seed1/scores.jsonl


--------------------[Agent Step 357_904]--------------------
Metrics filtered by: 'score|length|fps|ratio|train/loss/|train/rand/'
train/loss/con 0.02 / train/loss/dyn 5.71 / train/loss/height 1.5e-3 / train/loss/orientations 0.09 / train/loss/policy 5.3e-3 / train/loss/rep 5.71 / train/loss/value 1.32 / train/loss/velocity 0.81 / replay/replay_ratio 1040 / fps/policy 7.86 / fps/train 8044.39

Writing metrics: /scratch/midway3/rickybao/dreamerv3_runs/pretrain_apt_seed1/metrics.jsonlWriting metrics: /scratch/midway3/rickybao/dreamerv3_runs/pretrain_apt_seed1/scores.jsonl


--------------------[Agent Step 358_848]--------------------
Metrics filtered by: 'score|length|fps|ratio|train/loss/|train/rand/'
train/loss/con 0.02 / train/loss/dyn 5.72 / train/loss/height 1.5e-3 / train/loss/orientations 0.09 / train/loss/policy 2e-3 / train/loss/rep 5.72 / train/loss/value 1.32 / train/loss/velocity 0.81 / replay/replay_ratio 1040 / fps/policy 7.86 / fps/train 8044

Writing metrics: /scratch/midway3/rickybao/dreamerv3_runs/pretrain_apt_seed1/metrics.jsonlWriting metrics: /scratch/midway3/rickybao/dreamerv3_runs/pretrain_apt_seed1/scores.jsonl


--------------------[Agent Step 359_792]--------------------
Metrics filtered by: 'score|length|fps|ratio|train/loss/|train/rand/'
train/loss/con 0.02 / train/loss/dyn 5.69 / train/loss/height 1.5e-3 / train/loss/orientations 0.09 / train/loss/policy 3.8e-3 / train/loss/rep 5.69 / train/loss/value 1.32 / train/loss/velocity 0.81 / replay/replay_ratio 1040 / fps/policy 7.86 / fps/train 8043.62

Writing metrics: /scratch/midway3/rickybao/dreamerv3_runs/pretrain_apt_seed1/metrics.jsonlWriting metrics: /scratch/midway3/rickybao/dreamerv3_runs/pretrain_apt_seed1/scores.jsonl


--------------------[Agent Step 360_736]--------------------
Metrics filtered by: 'score|length|fps|ratio|train/loss/|train/rand/'
train/loss/con 0.02 / train/loss/dyn 5.7 / train/loss/height 1.5e-3 / train/loss/orientations 0.09 / train/loss/policy 1.6e-4 / train/loss/rep 5.7 / train/loss/value 1.32 / train/loss/velocity 0.81 / replay/replay_ratio 1040 / fps/policy 7.86 / fps/train 8043.85

Writing metrics: /scratch/midway3/rickybao/dreamerv3_runs/pretrain_apt_seed1/scores.jsonlWriting metrics: /scratch/midway3/rickybao/dreamerv3_runs/pretrain_apt_seed1/metrics.jsonl


--------------------[Agent Step 361_680]--------------------
Metrics filtered by: 'score|length|fps|ratio|train/loss/|train/rand/'
train/loss/con 0.02 / train/loss/dyn 5.7 / train/loss/height 1.5e-3 / train/loss/orientations 0.09 / train/loss/policy 8.7e-3 / train/loss/rep 5.7 / train/loss/value 1.32 / train/loss/velocity 0.81 / replay/replay_ratio 1040 / fps/policy 7.85 / fps/train 8042.6

Writing metrics: /scratch/midway3/rickybao/dreamerv3_runs/pretrain_apt_seed1/scores.jsonlWriting metrics: /scratch/midway3/rickybao/dreamerv3_runs/pretrain_apt_seed1/metrics.jsonl


--------------------[Agent Step 362_624]--------------------
Metrics filtered by: 'score|length|fps|ratio|train/loss/|train/rand/'
train/loss/con 0.02 / train/loss/dyn 5.67 / train/loss/height 1.4e-3 / train/loss/orientations 0.09 / train/loss/policy 3.2e-3 / train/loss/rep 5.67 / train/loss/value 1.32 / train/loss/velocity 0.8 / replay/replay_ratio 1040 / fps/policy 7.86 / fps/train 8043.96

Writing metrics: /scratch/midway3/rickybao/dreamerv3_runs/pretrain_apt_seed1/metrics.jsonlWriting metrics: /scratch/midway3/rickybao/dreamerv3_runs/pretrain_apt_seed1/scores.jsonl

Saving checkpoint: /scratch/midway3/rickybao/dreamerv3_runs/pretrain_apt_seed1/ckpt/20260517T131726F467418
Saved checkpoint.

--------------------[Agent Step 363_568]--------------------
Metrics filtered by: 'score|length|fps|ratio|train/loss/|train/rand/'
train/loss/con 0.02 / train/loss/dyn 5.69 / train/loss/height 1.5e-3 / train/loss/orientations 0.09 / train/loss/policy 2.1e-3 / train/loss/rep 5.69 / train/loss/value 1.32 / train/loss/velocity 0.81 / replay/replay_ratio 1040 / fps/policy 7.83 / fps/train 8019.72

Writing metrics: /scratch/midway3/rickybao/dreamerv3_runs/pretrain_apt_seed1/metrics.jsonlWriting metrics: /scratch/midway3/rickybao/dreamerv3_runs/pretrain_apt_seed1/scores.jsonl


--------------------[Agent Step 364_512]--------------------
Metrics filtered by: 'score|length|fps|ratio|train/loss/|train/rand/'
train/loss/con 0.02 / train/loss/dyn 5.68 / train/loss/height 1.4e-3 / train/loss/orientations 0.09 / train/loss/policy 6.2e-3 / train/loss/rep 5.68 / train/loss/value 1.32 / train/loss/velocity 0.81 / replay/replay_ratio 1040 / fps/policy 7.86 / fps/train 8043.59

Writing metrics: /scratch/midway3/rickybao/dreamerv3_runs/pretrain_apt_seed1/metrics.jsonlWriting metrics: /scratch/midway3/rickybao/dreamerv3_runs/pretrain_apt_seed1/scores.jsonl


--------------------[Agent Step 365_456]--------------------
Metrics filtered by: 'score|length|fps|ratio|train/loss/|train/rand/'
train/loss/con 0.02 / train/loss/dyn 5.7 / train/loss/height 1.4e-3 / train/loss/orientations 0.09 / train/loss/policy 0.01 / train/loss/rep 5.7 / train/loss/value 1.32 / train/loss/velocity 0.81 / replay/replay_ratio 1040 / fps/policy 7.86 / fps/train 8044.26

Writing metrics: /scratch/midway3/rickybao/dreamerv3_runs/pretrain_apt_seed1/metrics.jsonlWriting metrics: /scratch/midway3/rickybao/dreamerv3_runs/pretrain_apt_seed1/scores.jsonl


--------------------[Agent Step 366_400]--------------------
Metrics filtered by: 'score|length|fps|ratio|train/loss/|train/rand/'
train/loss/con 0.02 / train/loss/dyn 5.67 / train/loss/height 1.4e-3 / train/loss/orientations 0.09 / train/loss/policy 8.1e-3 / train/loss/rep 5.67 / train/loss/value 1.32 / train/loss/velocity 0.8 / replay/replay_ratio 1040 / fps/policy 7.86 / fps/train 8043.55

Writing metrics: /scratch/midway3/rickybao/dreamerv3_runs/pretrain_apt_seed1/scores.jsonlWriting metrics: /scratch/midway3/rickybao/dreamerv3_runs/pretrain_apt_seed1/metrics.jsonl


--------------------[Agent Step 367_344]--------------------
Metrics filtered by: 'score|length|fps|ratio|train/loss/|train/rand/'
train/loss/con 0.02 / train/loss/dyn 5.62 / train/loss/height 1.4e-3 / train/loss/orientations 0.09 / train/loss/policy -1.4e-3 / train/loss/rep 5.62 / train/loss/value 1.32 / train/loss/velocity 0.8 / replay/replay_ratio 1040 / fps/policy 7.86 / fps/train 8043.98

Writing metrics: /scratch/midway3/rickybao/dreamerv3_runs/pretrain_apt_seed1/metrics.jsonlWriting metrics: /scratch/midway3/rickybao/dreamerv3_runs/pretrain_apt_seed1/scores.jsonl


--------------------[Agent Step 368_288]--------------------
Metrics filtered by: 'score|length|fps|ratio|train/loss/|train/rand/'
train/loss/con 0.02 / train/loss/dyn 5.67 / train/loss/height 1.4e-3 / train/loss/orientations 0.09 / train/loss/policy -4.8e-4 / train/loss/rep 5.67 / train/loss/value 1.33 / train/loss/velocity 0.81 / replay/replay_ratio 1040 / fps/policy 7.85 / fps/train 8043.43

Writing metrics: /scratch/midway3/rickybao/dreamerv3_runs/pretrain_apt_seed1/metrics.jsonlWriting metrics: /scratch/midway3/rickybao/dreamerv3_runs/pretrain_apt_seed1/scores.jsonl


--------------------[Agent Step 369_232]--------------------
Metrics filtered by: 'score|length|fps|ratio|train/loss/|train/rand/'
episode/score 45.96 / episode/length 1001 / train/loss/con 0.02 / train/loss/dyn 5.67 / train/loss/height 1.4e-3 / train/loss/orientations 0.09 / train/loss/policy 5.4e-3 / train/loss/rep 5.67 / train/loss/value 1.33 / train/loss/velocity 0.8 / replay/replay_ratio 1040 / fps/policy 7.85 / fps/train 8042.59

Writing metrics: /scratch/midway3/rickybao/dreamerv3_runs/pretrain_apt_seed1/metrics.jsonlWriting metrics: /scratch/midway3/rickybao/dreamerv3_runs/pretrain_apt_seed1/scores.jsonl


--------------------[Agent Step 370_176]--------------------
Metrics filtered by: 'score|length|fps|ratio|train/loss/|train/rand/'
train/loss/con 0.02 / train/loss/dyn 5.67 / train/loss/height 1.4e-3 / train/loss/orientations 0.09 / train/loss/policy -1.4e-3 / train/loss/rep 5.67 / train/loss/value 1.33 / train/loss/velocity 0.8 / replay/replay_ratio 1040 / fps/policy 7.85 / fps/train 8043.12

Writing metrics: /scratch/midway3/rickybao/dreamerv3_runs/pretrain_apt_seed1/metrics.jsonlWriting metrics: /scratch/midway3/rickybao/dreamerv3_runs/pretrain_apt_seed1/scores.jsonl

Saving checkpoint: /scratch/midway3/rickybao/dreamerv3_runs/pretrain_apt_seed1/ckpt/20260517T133227F151390
Saved checkpoint.

--------------------[Agent Step 371_120]--------------------
Metrics filtered by: 'score|length|fps|ratio|train/loss/|train/rand/'
train/loss/con 0.02 / train/loss/dyn 5.64 / train/loss/height 1.4e-3 / train/loss/orientations 0.09 / train/loss/policy 3e-3 / train/loss/rep 5.64 / train/loss/value 1.33 / train/loss/velocity 0.8 / replay/replay_ratio 1040 / fps/policy 7.83 / fps/train 8015.97

Writing metrics: /scratch/midway3/rickybao/dreamerv3_runs/pretrain_apt_seed1/metrics.jsonlWriting metrics: /scratch/midway3/rickybao/dreamerv3_runs/pretrain_apt_seed1/scores.jsonl


--------------------[Agent Step 372_064]--------------------
Metrics filtered by: 'score|length|fps|ratio|train/loss/|train/rand/'
train/loss/con 0.02 / train/loss/dyn 5.62 / train/loss/height 1.4e-3 / train/loss/orientations 0.08 / train/loss/policy 3.7e-3 / train/loss/rep 5.62 / train/loss/value 1.33 / train/loss/velocity 0.8 / replay/replay_ratio 1040 / fps/policy 7.86 / fps/train 8043.63

Writing metrics: /scratch/midway3/rickybao/dreamerv3_runs/pretrain_apt_seed1/metrics.jsonlWriting metrics: /scratch/midway3/rickybao/dreamerv3_runs/pretrain_apt_seed1/scores.jsonl


--------------------[Agent Step 373_008]--------------------
Metrics filtered by: 'score|length|fps|ratio|train/loss/|train/rand/'
train/loss/con 0.02 / train/loss/dyn 5.64 / train/loss/height 1.4e-3 / train/loss/orientations 0.09 / train/loss/policy 2.5e-3 / train/loss/rep 5.64 / train/loss/value 1.33 / train/loss/velocity 0.8 / replay/replay_ratio 1040 / fps/policy 7.85 / fps/train 8043.47

Writing metrics: /scratch/midway3/rickybao/dreamerv3_runs/pretrain_apt_seed1/metrics.jsonlWriting metrics: /scratch/midway3/rickybao/dreamerv3_runs/pretrain_apt_seed1/scores.jsonl


--------------------[Agent Step 373_952]--------------------
Metrics filtered by: 'score|length|fps|ratio|train/loss/|train/rand/'
train/loss/con 0.02 / train/loss/dyn 5.64 / train/loss/height 1.4e-3 / train/loss/orientations 0.08 / train/loss/policy 1.7e-3 / train/loss/rep 5.64 / train/loss/value 1.33 / train/loss/velocity 0.8 / replay/replay_ratio 1040 / fps/policy 7.86 / fps/train 8043.66

Writing metrics: /scratch/midway3/rickybao/dreamerv3_runs/pretrain_apt_seed1/metrics.jsonlWriting metrics: /scratch/midway3/rickybao/dreamerv3_runs/pretrain_apt_seed1/scores.jsonl


--------------------[Agent Step 374_896]--------------------
Metrics filtered by: 'score|length|fps|ratio|train/loss/|train/rand/'
train/loss/con 0.02 / train/loss/dyn 5.63 / train/loss/height 1.3e-3 / train/loss/orientations 0.08 / train/loss/policy -6e-5 / train/loss/rep 5.63 / train/loss/value 1.33 / train/loss/velocity 0.8 / replay/replay_ratio 1040 / fps/policy 7.86 / fps/train 8043.65

Writing metrics: /scratch/midway3/rickybao/dreamerv3_runs/pretrain_apt_seed1/metrics.jsonlWriting metrics: /scratch/midway3/rickybao/dreamerv3_runs/pretrain_apt_seed1/scores.jsonl


--------------------[Agent Step 375_840]--------------------
Metrics filtered by: 'score|length|fps|ratio|train/loss/|train/rand/'
train/loss/con 0.02 / train/loss/dyn 5.63 / train/loss/height 1.3e-3 / train/loss/orientations 0.08 / train/loss/policy 1.9e-3 / train/loss/rep 5.63 / train/loss/value 1.33 / train/loss/velocity 0.8 / replay/replay_ratio 1040 / fps/policy 7.85 / fps/train 8043.37

Writing metrics: /scratch/midway3/rickybao/dreamerv3_runs/pretrain_apt_seed1/metrics.jsonlWriting metrics: /scratch/midway3/rickybao/dreamerv3_runs/pretrain_apt_seed1/scores.jsonl


--------------------[Agent Step 376_784]--------------------
Metrics filtered by: 'score|length|fps|ratio|train/loss/|train/rand/'
train/loss/con 0.02 / train/loss/dyn 5.62 / train/loss/height 1.3e-3 / train/loss/orientations 0.08 / train/loss/policy 7.4e-3 / train/loss/rep 5.62 / train/loss/value 1.33 / train/loss/velocity 0.8 / replay/replay_ratio 1040 / fps/policy 7.86 / fps/train 8043.74

Writing metrics: /scratch/midway3/rickybao/dreamerv3_runs/pretrain_apt_seed1/metrics.jsonl
Writing metrics: /scratch/midway3/rickybao/dreamerv3_runs/pretrain_apt_seed1/scores.jsonl
Saving checkpoint: /scratch/midway3/rickybao/dreamerv3_runs/pretrain_apt_seed1/ckpt/20260517T134727F865089
Saved checkpoint.

--------------------[Agent Step 377_728]--------------------
Metrics filtered by: 'score|length|fps|ratio|train/loss/|train/rand/'
train/loss/con 0.02 / train/loss/dyn 5.62 / train/loss/height 1.3e-3 / train/loss/orientations 0.08 / train/loss/policy 6.5e-3 / train/loss/rep 5.62 / train/loss/value 1.33 / train/loss/velocity 0.8 / replay/replay_ratio 1040 / fps/policy 7.84 / fps/train 8026.63

Writing metrics: /scratch/midway3/rickybao/dreamerv3_runs/pretrain_apt_seed1/metrics.jsonlWriting metrics: /scratch/midway3/rickybao/dreamerv3_runs/pretrain_apt_seed1/scores.jsonl


--------------------[Agent Step 378_672]--------------------
Metrics filtered by: 'score|length|fps|ratio|train/loss/|train/rand/'
train/loss/con 0.02 / train/loss/dyn 5.61 / train/loss/height 1.3e-3 / train/loss/orientations 0.08 / train/loss/policy -5.4e-3 / train/loss/rep 5.61 / train/loss/value 1.33 / train/loss/velocity 0.79 / replay/replay_ratio 1040 / fps/policy 7.86 / fps/train 8043.85

Writing metrics: /scratch/midway3/rickybao/dreamerv3_runs/pretrain_apt_seed1/metrics.jsonlWriting metrics: /scratch/midway3/rickybao/dreamerv3_runs/pretrain_apt_seed1/scores.jsonl


--------------------[Agent Step 379_616]--------------------
Metrics filtered by: 'score|length|fps|ratio|train/loss/|train/rand/'
train/loss/con 0.02 / train/loss/dyn 5.61 / train/loss/height 1.3e-3 / train/loss/orientations 0.08 / train/loss/policy 9.5e-3 / train/loss/rep 5.61 / train/loss/value 1.33 / train/loss/velocity 0.79 / replay/replay_ratio 1040 / fps/policy 7.86 / fps/train 8044.28

Writing metrics: /scratch/midway3/rickybao/dreamerv3_runs/pretrain_apt_seed1/metrics.jsonlWriting metrics: /scratch/midway3/rickybao/dreamerv3_runs/pretrain_apt_seed1/scores.jsonl


--------------------[Agent Step 380_560]--------------------
Metrics filtered by: 'score|length|fps|ratio|train/loss/|train/rand/'
train/loss/con 0.02 / train/loss/dyn 5.61 / train/loss/height 1.3e-3 / train/loss/orientations 0.08 / train/loss/policy 8.5e-3 / train/loss/rep 5.61 / train/loss/value 1.33 / train/loss/velocity 0.8 / replay/replay_ratio 1040 / fps/policy 7.86 / fps/train 8043.55

Writing metrics: /scratch/midway3/rickybao/dreamerv3_runs/pretrain_apt_seed1/metrics.jsonlWriting metrics: /scratch/midway3/rickybao/dreamerv3_runs/pretrain_apt_seed1/scores.jsonl


--------------------[Agent Step 381_504]--------------------
Metrics filtered by: 'score|length|fps|ratio|train/loss/|train/rand/'
train/loss/con 0.02 / train/loss/dyn 5.59 / train/loss/height 1.3e-3 / train/loss/orientations 0.08 / train/loss/policy 7.6e-4 / train/loss/rep 5.59 / train/loss/value 1.33 / train/loss/velocity 0.79 / replay/replay_ratio 1040 / fps/policy 7.85 / fps/train 8043.11

Writing metrics: /scratch/midway3/rickybao/dreamerv3_runs/pretrain_apt_seed1/metrics.jsonlWriting metrics: /scratch/midway3/rickybao/dreamerv3_runs/pretrain_apt_seed1/scores.jsonl


--------------------[Agent Step 382_448]--------------------
Metrics filtered by: 'score|length|fps|ratio|train/loss/|train/rand/'
train/loss/con 0.02 / train/loss/dyn 5.61 / train/loss/height 1.3e-3 / train/loss/orientations 0.08 / train/loss/policy 4e-3 / train/loss/rep 5.61 / train/loss/value 1.33 / train/loss/velocity 0.79 / replay/replay_ratio 1040 / fps/policy 7.85 / fps/train 8043.22

Writing metrics: /scratch/midway3/rickybao/dreamerv3_runs/pretrain_apt_seed1/metrics.jsonlWriting metrics: /scratch/midway3/rickybao/dreamerv3_runs/pretrain_apt_seed1/scores.jsonl


--------------------[Agent Step 383_392]--------------------
Metrics filtered by: 'score|length|fps|ratio|train/loss/|train/rand/'
train/loss/con 0.02 / train/loss/dyn 5.59 / train/loss/height 1.3e-3 / train/loss/orientations 0.08 / train/loss/policy 3.8e-3 / train/loss/rep 5.59 / train/loss/value 1.33 / train/loss/velocity 0.79 / replay/replay_ratio 1040 / fps/policy 7.85 / fps/train 8042.93

Writing metrics: /scratch/midway3/rickybao/dreamerv3_runs/pretrain_apt_seed1/metrics.jsonlWriting metrics: /scratch/midway3/rickybao/dreamerv3_runs/pretrain_apt_seed1/scores.jsonl


--------------------[Agent Step 384_336]--------------------
Metrics filtered by: 'score|length|fps|ratio|train/loss/|train/rand/'
train/loss/con 0.02 / train/loss/dyn 5.57 / train/loss/height 1.3e-3 / train/loss/orientations 0.08 / train/loss/policy 4e-3 / train/loss/rep 5.57 / train/loss/value 1.33 / train/loss/velocity 0.79 / replay/replay_ratio 1040 / fps/policy 7.86 / fps/train 8043.94

Writing metrics: /scratch/midway3/rickybao/dreamerv3_runs/pretrain_apt_seed1/metrics.jsonlWriting metrics: /scratch/midway3/rickybao/dreamerv3_runs/pretrain_apt_seed1/scores.jsonl

Saving checkpoint: /scratch/midway3/rickybao/dreamerv3_runs/pretrain_apt_seed1/ckpt/20260517T140228F455034
Saved checkpoint.

--------------------[Agent Step 385_280]--------------------
Metrics filtered by: 'score|length|fps|ratio|train/loss/|train/rand/'
episode/score 66.62 / episode/length 1001 / train/loss/con 0.02 / train/loss/dyn 5.56 / train/loss/height 1.2e-3 / train/loss/orientations 0.08 / train/loss/policy -1.2e-5 / train/loss/rep 5.56 / train/loss/value 1.33 / train/loss/velocity 0.78 / replay/replay_ratio 1040 / fps/policy 7.83 / fps/train 8017.58

Writing metrics: /scratch/midway3/rickybao/dreamerv3_runs/pretrain_apt_seed1/metrics.jsonlWriting metrics: /scratch/midway3/rickybao/dreamerv3_runs/pretrain_apt_seed1/scores.jsonl


--------------------[Agent Step 386_224]--------------------
Metrics filtered by: 'score|length|fps|ratio|train/loss/|train/rand/'
train/loss/con 0.02 / train/loss/dyn 5.58 / train/loss/height 1.3e-3 / train/loss/orientations 0.08 / train/loss/policy 5.8e-3 / train/loss/rep 5.58 / train/loss/value 1.33 / train/loss/velocity 0.79 / replay/replay_ratio 1040 / fps/policy 7.86 / fps/train 8043.53

Writing metrics: /scratch/midway3/rickybao/dreamerv3_runs/pretrain_apt_seed1/metrics.jsonlWriting metrics: /scratch/midway3/rickybao/dreamerv3_runs/pretrain_apt_seed1/scores.jsonl


--------------------[Agent Step 387_168]--------------------
Metrics filtered by: 'score|length|fps|ratio|train/loss/|train/rand/'
train/loss/con 0.02 / train/loss/dyn 5.56 / train/loss/height 1.3e-3 / train/loss/orientations 0.08 / train/loss/policy -1.6e-3 / train/loss/rep 5.56 / train/loss/value 1.33 / train/loss/velocity 0.79 / replay/replay_ratio 1040 / fps/policy 7.85 / fps/train 8043.13

Writing metrics: /scratch/midway3/rickybao/dreamerv3_runs/pretrain_apt_seed1/metrics.jsonlWriting metrics: /scratch/midway3/rickybao/dreamerv3_runs/pretrain_apt_seed1/scores.jsonl


--------------------[Agent Step 388_112]--------------------
Metrics filtered by: 'score|length|fps|ratio|train/loss/|train/rand/'
train/loss/con 0.02 / train/loss/dyn 5.55 / train/loss/height 1.3e-3 / train/loss/orientations 0.08 / train/loss/policy -4e-3 / train/loss/rep 5.55 / train/loss/value 1.33 / train/loss/velocity 0.79 / replay/replay_ratio 1040 / fps/policy 7.85 / fps/train 8043.07

Writing metrics: /scratch/midway3/rickybao/dreamerv3_runs/pretrain_apt_seed1/metrics.jsonlWriting metrics: /scratch/midway3/rickybao/dreamerv3_runs/pretrain_apt_seed1/scores.jsonl


--------------------[Agent Step 389_056]--------------------
Metrics filtered by: 'score|length|fps|ratio|train/loss/|train/rand/'
train/loss/con 0.02 / train/loss/dyn 5.58 / train/loss/height 1.3e-3 / train/loss/orientations 0.08 / train/loss/policy 4.9e-3 / train/loss/rep 5.58 / train/loss/value 1.33 / train/loss/velocity 0.79 / replay/replay_ratio 1040 / fps/policy 7.85 / fps/train 8043.39

Writing metrics: /scratch/midway3/rickybao/dreamerv3_runs/pretrain_apt_seed1/metrics.jsonl
Writing metrics: /scratch/midway3/rickybao/dreamerv3_runs/pretrain_apt_seed1/scores.jsonl

--------------------[Agent Step 390_000]--------------------
Metrics filtered by: 'score|length|fps|ratio|train/loss/|train/rand/'
train/loss/con 0.02 / train/loss/dyn 5.55 / train/loss/height 1.2e-3 / train/loss/orientations 0.08 / train/loss/policy 4.2e-3 / train/loss/rep 5.55 / train/loss/value 1.33 / train/loss/velocity 0.79 / replay/replay_ratio 1040 / fps/policy 7.85 / fps/train 8043.27

Writing metrics: /scratch/midway3/rickybao/dreamerv3_runs/pretrain_apt_seed1/metrics.jsonlWriting metrics: /scratch/midway3/rickybao/dreamerv3_runs/pretrain_apt_seed1/scores.jsonl


--------------------[Agent Step 390_944]--------------------
Metrics filtered by: 'score|length|fps|ratio|train/loss/|train/rand/'
train/loss/con 0.02 / train/loss/dyn 5.55 / train/loss/height 1.3e-3 / train/loss/orientations 0.08 / train/loss/policy 4.5e-3 / train/loss/rep 5.55 / train/loss/value 1.33 / train/loss/velocity 0.79 / replay/replay_ratio 1040 / fps/policy 7.85 / fps/train 8043.47

Writing metrics: /scratch/midway3/rickybao/dreamerv3_runs/pretrain_apt_seed1/scores.jsonlWriting metrics: /scratch/midway3/rickybao/dreamerv3_runs/pretrain_apt_seed1/metrics.jsonl

Saving checkpoint: /scratch/midway3/rickybao/dreamerv3_runs/pretrain_apt_seed1/ckpt/20260517T141729F166773
Saved checkpoint.

--------------------[Agent Step 391_888]--------------------
Metrics filtered by: 'score|length|fps|ratio|train/loss/|train/rand/'
train/loss/con 0.02 / train/loss/dyn 5.53 / train/loss/height 1.2e-3 / train/loss/orientations 0.08 / train/loss/policy 8e-3 / train/loss/rep 5.53 / train/loss/value 1.33 / train/loss/velocity 0.78 / replay/replay_ratio 1040 / fps/policy 7.84 / fps/train 8025.38

Writing metrics: /scratch/midway3/rickybao/dreamerv3_runs/pretrain_apt_seed1/scores.jsonlWriting metrics: /scratch/midway3/rickybao/dreamerv3_runs/pretrain_apt_seed1/metrics.jsonl


--------------------[Agent Step 392_832]--------------------
Metrics filtered by: 'score|length|fps|ratio|train/loss/|train/rand/'
train/loss/con 0.02 / train/loss/dyn 5.54 / train/loss/height 1.2e-3 / train/loss/orientations 0.08 / train/loss/policy 2.3e-3 / train/loss/rep 5.54 / train/loss/value 1.33 / train/loss/velocity 0.79 / replay/replay_ratio 1040 / fps/policy 7.85 / fps/train 8042.79

Writing metrics: /scratch/midway3/rickybao/dreamerv3_runs/pretrain_apt_seed1/metrics.jsonlWriting metrics: /scratch/midway3/rickybao/dreamerv3_runs/pretrain_apt_seed1/scores.jsonl


--------------------[Agent Step 393_776]--------------------
Metrics filtered by: 'score|length|fps|ratio|train/loss/|train/rand/'
train/loss/con 0.02 / train/loss/dyn 5.55 / train/loss/height 1.2e-3 / train/loss/orientations 0.08 / train/loss/policy 3e-3 / train/loss/rep 5.55 / train/loss/value 1.33 / train/loss/velocity 0.79 / replay/replay_ratio 1040 / fps/policy 7.85 / fps/train 8042.66

Writing metrics: /scratch/midway3/rickybao/dreamerv3_runs/pretrain_apt_seed1/metrics.jsonlWriting metrics: /scratch/midway3/rickybao/dreamerv3_runs/pretrain_apt_seed1/scores.jsonl


--------------------[Agent Step 394_720]--------------------
Metrics filtered by: 'score|length|fps|ratio|train/loss/|train/rand/'
train/loss/con 0.02 / train/loss/dyn 5.53 / train/loss/height 1.2e-3 / train/loss/orientations 0.08 / train/loss/policy 3.3e-3 / train/loss/rep 5.53 / train/loss/value 1.33 / train/loss/velocity 0.78 / replay/replay_ratio 1040 / fps/policy 7.85 / fps/train 8043.4

Writing metrics: /scratch/midway3/rickybao/dreamerv3_runs/pretrain_apt_seed1/metrics.jsonlWriting metrics: /scratch/midway3/rickybao/dreamerv3_runs/pretrain_apt_seed1/scores.jsonl


--------------------[Agent Step 395_664]--------------------
Metrics filtered by: 'score|length|fps|ratio|train/loss/|train/rand/'
train/loss/con 0.02 / train/loss/dyn 5.54 / train/loss/height 1.2e-3 / train/loss/orientations 0.08 / train/loss/policy 1.3e-3 / train/loss/rep 5.54 / train/loss/value 1.33 / train/loss/velocity 0.78 / replay/replay_ratio 1040 / fps/policy 7.86 / fps/train 8043.53

Writing metrics: /scratch/midway3/rickybao/dreamerv3_runs/pretrain_apt_seed1/metrics.jsonlWriting metrics: /scratch/midway3/rickybao/dreamerv3_runs/pretrain_apt_seed1/scores.jsonl


--------------------[Agent Step 396_608]--------------------
Metrics filtered by: 'score|length|fps|ratio|train/loss/|train/rand/'
train/loss/con 0.02 / train/loss/dyn 5.54 / train/loss/height 1.2e-3 / train/loss/orientations 0.08 / train/loss/policy -3e-4 / train/loss/rep 5.54 / train/loss/value 1.33 / train/loss/velocity 0.78 / replay/replay_ratio 1040 / fps/policy 7.86 / fps/train 8043.75

Writing metrics: /scratch/midway3/rickybao/dreamerv3_runs/pretrain_apt_seed1/metrics.jsonlWriting metrics: /scratch/midway3/rickybao/dreamerv3_runs/pretrain_apt_seed1/scores.jsonl


--------------------[Agent Step 397_552]--------------------
Metrics filtered by: 'score|length|fps|ratio|train/loss/|train/rand/'
train/loss/con 0.02 / train/loss/dyn 5.51 / train/loss/height 1.2e-3 / train/loss/orientations 0.08 / train/loss/policy 8.7e-4 / train/loss/rep 5.51 / train/loss/value 1.33 / train/loss/velocity 0.78 / replay/replay_ratio 1040 / fps/policy 7.86 / fps/train 8043.88

Writing metrics: /scratch/midway3/rickybao/dreamerv3_runs/pretrain_apt_seed1/metrics.jsonlWriting metrics: /scratch/midway3/rickybao/dreamerv3_runs/pretrain_apt_seed1/scores.jsonl


--------------------[Agent Step 398_496]--------------------
Metrics filtered by: 'score|length|fps|ratio|train/loss/|train/rand/'
train/loss/con 0.02 / train/loss/dyn 5.54 / train/loss/height 1.2e-3 / train/loss/orientations 0.08 / train/loss/policy -8.6e-4 / train/loss/rep 5.54 / train/loss/value 1.33 / train/loss/velocity 0.78 / replay/replay_ratio 1040 / fps/policy 7.86 / fps/train 8043.7

Writing metrics: /scratch/midway3/rickybao/dreamerv3_runs/pretrain_apt_seed1/metrics.jsonlWriting metrics: /scratch/midway3/rickybao/dreamerv3_runs/pretrain_apt_seed1/scores.jsonl

Saving checkpoint: /scratch/midway3/rickybao/dreamerv3_runs/pretrain_apt_seed1/ckpt/20260517T143229F780707
Saved checkpoint.

--------------------[Agent Step 399_440]--------------------
Metrics filtered by: 'score|length|fps|ratio|train/loss/|train/rand/'
train/loss/con 0.02 / train/loss/dyn 5.53 / train/loss/height 1.2e-3 / train/loss/orientations 0.08 / train/loss/policy 9.1e-3 / train/loss/rep 5.53 / train/loss/value 1.33 / train/loss/velocity 0.78 / replay/replay_ratio 1040 / fps/policy 7.83 / fps/train 8017.96

Writing metrics: /scratch/midway3/rickybao/dreamerv3_runs/pretrain_apt_seed1/metrics.jsonl
Writing metrics: /scratch/midway3/rickybao/dreamerv3_runs/pretrain_apt_seed1/scores.jsonl

--------------------[Agent Step 400_384]--------------------
Metrics filtered by: 'score|length|fps|ratio|train/loss/|train/rand/'
train/loss/con 0.02 / train/loss/dyn 5.52 / train/loss/height 1.2e-3 / train/loss/orientations 0.08 / train/loss/policy 6.5e-3 / train/loss/rep 5.52 / train/loss/value 1.33 / train/loss/velocity 0.78 / replay/replay_ratio 1040 / fps/policy 7.86 / fps/train 8044.1

Writing metrics: /scratch/midway3/rickybao/dreamerv3_runs/pretrain_apt_seed1/metrics.jsonlWriting metrics: /scratch/midway3/rickybao/dreamerv3_runs/pretrain_apt_seed1/scores.jsonl


--------------------[Agent Step 401_328]--------------------
Metrics filtered by: 'score|length|fps|ratio|train/loss/|train/rand/'
episode/score 66.57 / episode/length 1001 / train/loss/con 0.02 / train/loss/dyn 5.5 / train/loss/height 1.2e-3 / train/loss/orientations 0.08 / train/loss/policy 4e-3 / train/loss/rep 5.5 / train/loss/value 1.33 / train/loss/velocity 0.78 / replay/replay_ratio 1040 / fps/policy 7.85 / fps/train 8043.29

Writing metrics: /scratch/midway3/rickybao/dreamerv3_runs/pretrain_apt_seed1/metrics.jsonlWriting metrics: /scratch/midway3/rickybao/dreamerv3_runs/pretrain_apt_seed1/scores.jsonl


--------------------[Agent Step 402_272]--------------------
Metrics filtered by: 'score|length|fps|ratio|train/loss/|train/rand/'
train/loss/con 0.02 / train/loss/dyn 5.49 / train/loss/height 1.2e-3 / train/loss/orientations 0.08 / train/loss/policy 4.9e-3 / train/loss/rep 5.49 / train/loss/value 1.33 / train/loss/velocity 0.78 / replay/replay_ratio 1040 / fps/policy 7.85 / fps/train 8042.73

Writing metrics: /scratch/midway3/rickybao/dreamerv3_runs/pretrain_apt_seed1/metrics.jsonlWriting metrics: /scratch/midway3/rickybao/dreamerv3_runs/pretrain_apt_seed1/scores.jsonl


--------------------[Agent Step 403_216]--------------------
Metrics filtered by: 'score|length|fps|ratio|train/loss/|train/rand/'
train/loss/con 0.02 / train/loss/dyn 5.5 / train/loss/height 1.2e-3 / train/loss/orientations 0.08 / train/loss/policy 4.7e-3 / train/loss/rep 5.5 / train/loss/value 1.33 / train/loss/velocity 0.78 / replay/replay_ratio 1040 / fps/policy 7.86 / fps/train 8043.73

Writing metrics: /scratch/midway3/rickybao/dreamerv3_runs/pretrain_apt_seed1/metrics.jsonlWriting metrics: /scratch/midway3/rickybao/dreamerv3_runs/pretrain_apt_seed1/scores.jsonl


--------------------[Agent Step 404_160]--------------------
Metrics filtered by: 'score|length|fps|ratio|train/loss/|train/rand/'
train/loss/con 0.02 / train/loss/dyn 5.47 / train/loss/height 1.2e-3 / train/loss/orientations 0.08 / train/loss/policy 5.9e-4 / train/loss/rep 5.47 / train/loss/value 1.33 / train/loss/velocity 0.77 / replay/replay_ratio 1040 / fps/policy 7.86 / fps/train 8043.94

Writing metrics: /scratch/midway3/rickybao/dreamerv3_runs/pretrain_apt_seed1/metrics.jsonl
Writing metrics: /scratch/midway3/rickybao/dreamerv3_runs/pretrain_apt_seed1/scores.jsonl

--------------------[Agent Step 405_104]--------------------
Metrics filtered by: 'score|length|fps|ratio|train/loss/|train/rand/'
train/loss/con 0.02 / train/loss/dyn 5.48 / train/loss/height 1.2e-3 / train/loss/orientations 0.08 / train/loss/policy 1.2e-3 / train/loss/rep 5.48 / train/loss/value 1.33 / train/loss/velocity 0.78 / replay/replay_ratio 1040 / fps/policy 7.86 / fps/train 8043.73

Writing metrics: /scratch/midway3/rickybao/dreamerv3_runs/pretrain_apt_seed1/metrics.jsonlWriting metrics: /scratch/midway3/rickybao/dreamerv3_runs/pretrain_apt_seed1/scores.jsonl

Saving checkpoint: /scratch/midway3/rickybao/dreamerv3_runs/pretrain_apt_seed1/ckpt/20260517T144730F461967
Saved checkpoint.

--------------------[Agent Step 406_048]--------------------
Metrics filtered by: 'score|length|fps|ratio|train/loss/|train/rand/'
train/loss/con 0.02 / train/loss/dyn 5.48 / train/loss/height 1.2e-3 / train/loss/orientations 0.08 / train/loss/policy 4.3e-3 / train/loss/rep 5.48 / train/loss/value 1.33 / train/loss/velocity 0.77 / replay/replay_ratio 1040 / fps/policy 7.83 / fps/train 8020.84

Writing metrics: /scratch/midway3/rickybao/dreamerv3_runs/pretrain_apt_seed1/scores.jsonlWriting metrics: /scratch/midway3/rickybao/dreamerv3_runs/pretrain_apt_seed1/metrics.jsonl


--------------------[Agent Step 406_992]--------------------
Metrics filtered by: 'score|length|fps|ratio|train/loss/|train/rand/'
train/loss/con 0.02 / train/loss/dyn 5.47 / train/loss/height 1.2e-3 / train/loss/orientations 0.08 / train/loss/policy 1.6e-3 / train/loss/rep 5.47 / train/loss/value 1.33 / train/loss/velocity 0.77 / replay/replay_ratio 1040 / fps/policy 7.86 / fps/train 8044.09

Writing metrics: /scratch/midway3/rickybao/dreamerv3_runs/pretrain_apt_seed1/metrics.jsonlWriting metrics: /scratch/midway3/rickybao/dreamerv3_runs/pretrain_apt_seed1/scores.jsonl


--------------------[Agent Step 407_936]--------------------
Metrics filtered by: 'score|length|fps|ratio|train/loss/|train/rand/'
train/loss/con 0.02 / train/loss/dyn 5.48 / train/loss/height 1.2e-3 / train/loss/orientations 0.08 / train/loss/policy 1e-3 / train/loss/rep 5.48 / train/loss/value 1.33 / train/loss/velocity 0.77 / replay/replay_ratio 1040 / fps/policy 7.86 / fps/train 8043.85

Writing metrics: /scratch/midway3/rickybao/dreamerv3_runs/pretrain_apt_seed1/metrics.jsonlWriting metrics: /scratch/midway3/rickybao/dreamerv3_runs/pretrain_apt_seed1/scores.jsonl


--------------------[Agent Step 408_880]--------------------
Metrics filtered by: 'score|length|fps|ratio|train/loss/|train/rand/'
train/loss/con 0.02 / train/loss/dyn 5.47 / train/loss/height 1.2e-3 / train/loss/orientations 0.08 / train/loss/policy -1.5e-3 / train/loss/rep 5.47 / train/loss/value 1.33 / train/loss/velocity 0.77 / replay/replay_ratio 1040 / fps/policy 7.86 / fps/train 8043.53

Writing metrics: /scratch/midway3/rickybao/dreamerv3_runs/pretrain_apt_seed1/metrics.jsonlWriting metrics: /scratch/midway3/rickybao/dreamerv3_runs/pretrain_apt_seed1/scores.jsonl


--------------------[Agent Step 409_824]--------------------
Metrics filtered by: 'score|length|fps|ratio|train/loss/|train/rand/'
train/loss/con 0.02 / train/loss/dyn 5.46 / train/loss/height 1.2e-3 / train/loss/orientations 0.08 / train/loss/policy 2.8e-3 / train/loss/rep 5.46 / train/loss/value 1.33 / train/loss/velocity 0.77 / replay/replay_ratio 1040 / fps/policy 7.86 / fps/train 8043.54

Writing metrics: /scratch/midway3/rickybao/dreamerv3_runs/pretrain_apt_seed1/metrics.jsonlWriting metrics: /scratch/midway3/rickybao/dreamerv3_runs/pretrain_apt_seed1/scores.jsonl


--------------------[Agent Step 410_768]--------------------
Metrics filtered by: 'score|length|fps|ratio|train/loss/|train/rand/'
train/loss/con 0.02 / train/loss/dyn 5.47 / train/loss/height 1.1e-3 / train/loss/orientations 0.08 / train/loss/policy 9.3e-4 / train/loss/rep 5.47 / train/loss/value 1.33 / train/loss/velocity 0.77 / replay/replay_ratio 1040 / fps/policy 7.85 / fps/train 8043.27

Writing metrics: /scratch/midway3/rickybao/dreamerv3_runs/pretrain_apt_seed1/scores.jsonlWriting metrics: /scratch/midway3/rickybao/dreamerv3_runs/pretrain_apt_seed1/metrics.jsonl


--------------------[Agent Step 411_712]--------------------
Metrics filtered by: 'score|length|fps|ratio|train/loss/|train/rand/'
train/loss/con 0.02 / train/loss/dyn 5.45 / train/loss/height 1.1e-3 / train/loss/orientations 0.08 / train/loss/policy -1.9e-3 / train/loss/rep 5.45 / train/loss/value 1.33 / train/loss/velocity 0.77 / replay/replay_ratio 1040 / fps/policy 7.85 / fps/train 8043.15

Writing metrics: /scratch/midway3/rickybao/dreamerv3_runs/pretrain_apt_seed1/metrics.jsonlWriting metrics: /scratch/midway3/rickybao/dreamerv3_runs/pretrain_apt_seed1/scores.jsonl


--------------------[Agent Step 412_656]--------------------
Metrics filtered by: 'score|length|fps|ratio|train/loss/|train/rand/'
train/loss/con 0.02 / train/loss/dyn 5.47 / train/loss/height 1.1e-3 / train/loss/orientations 0.08 / train/loss/policy 3.2e-3 / train/loss/rep 5.47 / train/loss/value 1.33 / train/loss/velocity 0.77 / replay/replay_ratio 1040 / fps/policy 7.86 / fps/train 8044.24

Writing metrics: /scratch/midway3/rickybao/dreamerv3_runs/pretrain_apt_seed1/metrics.jsonlWriting metrics: /scratch/midway3/rickybao/dreamerv3_runs/pretrain_apt_seed1/scores.jsonl

Saving checkpoint: /scratch/midway3/rickybao/dreamerv3_runs/pretrain_apt_seed1/ckpt/20260517T150231F108637
Saved checkpoint.

--------------------[Agent Step 413_600]--------------------
Metrics filtered by: 'score|length|fps|ratio|train/loss/|train/rand/'
train/loss/con 0.02 / train/loss/dyn 5.46 / train/loss/height 1.1e-3 / train/loss/orientations 0.08 / train/loss/policy 4.8e-3 / train/loss/rep 5.46 / train/loss/value 1.33 / train/loss/velocity 0.77 / replay/replay_ratio 1040 / fps/policy 7.83 / fps/train 8019.61

Writing metrics: /scratch/midway3/rickybao/dreamerv3_runs/pretrain_apt_seed1/metrics.jsonlWriting metrics: /scratch/midway3/rickybao/dreamerv3_runs/pretrain_apt_seed1/scores.jsonl


--------------------[Agent Step 414_544]--------------------
Metrics filtered by: 'score|length|fps|ratio|train/loss/|train/rand/'
train/loss/con 0.02 / train/loss/dyn 5.44 / train/loss/height 1.1e-3 / train/loss/orientations 0.08 / train/loss/policy 1.4e-3 / train/loss/rep 5.44 / train/loss/value 1.33 / train/loss/velocity 0.77 / replay/replay_ratio 1040 / fps/policy 7.85 / fps/train 8043.27

Writing metrics: /scratch/midway3/rickybao/dreamerv3_runs/pretrain_apt_seed1/metrics.jsonlWriting metrics: /scratch/midway3/rickybao/dreamerv3_runs/pretrain_apt_seed1/scores.jsonl


--------------------[Agent Step 415_488]--------------------
Metrics filtered by: 'score|length|fps|ratio|train/loss/|train/rand/'
train/loss/con 0.02 / train/loss/dyn 5.42 / train/loss/height 1.1e-3 / train/loss/orientations 0.08 / train/loss/policy -4.2e-4 / train/loss/rep 5.42 / train/loss/value 1.33 / train/loss/velocity 0.76 / replay/replay_ratio 1040 / fps/policy 7.85 / fps/train 8043.34

Writing metrics: /scratch/midway3/rickybao/dreamerv3_runs/pretrain_apt_seed1/metrics.jsonlWriting metrics: /scratch/midway3/rickybao/dreamerv3_runs/pretrain_apt_seed1/scores.jsonl


--------------------[Agent Step 416_432]--------------------
Metrics filtered by: 'score|length|fps|ratio|train/loss/|train/rand/'
train/loss/con 0.02 / train/loss/dyn 5.44 / train/loss/height 1.1e-3 / train/loss/orientations 0.08 / train/loss/policy 1.2e-3 / train/loss/rep 5.44 / train/loss/value 1.33 / train/loss/velocity 0.77 / replay/replay_ratio 1040 / fps/policy 7.85 / fps/train 8043.2

Writing metrics: /scratch/midway3/rickybao/dreamerv3_runs/pretrain_apt_seed1/metrics.jsonlWriting metrics: /scratch/midway3/rickybao/dreamerv3_runs/pretrain_apt_seed1/scores.jsonl


--------------------[Agent Step 417_376]--------------------
Metrics filtered by: 'score|length|fps|ratio|train/loss/|train/rand/'
episode/score 52.17 / episode/length 1001 / train/loss/con 0.02 / train/loss/dyn 5.44 / train/loss/height 1.1e-3 / train/loss/orientations 0.08 / train/loss/policy -6.2e-3 / train/loss/rep 5.44 / train/loss/value 1.33 / train/loss/velocity 0.77 / replay/replay_ratio 1040 / fps/policy 7.85 / fps/train 8042

Writing metrics: /scratch/midway3/rickybao/dreamerv3_runs/pretrain_apt_seed1/metrics.jsonl
Writing metrics: /scratch/midway3/rickybao/dreamerv3_runs/pretrain_apt_seed1/scores.jsonl

--------------------[Agent Step 418_320]--------------------
Metrics filtered by: 'score|length|fps|ratio|train/loss/|train/rand/'
train/loss/con 0.02 / train/loss/dyn 5.42 / train/loss/height 1.1e-3 / train/loss/orientations 0.08 / train/loss/policy 8.7e-4 / train/loss/rep 5.42 / train/loss/value 1.33 / train/loss/velocity 0.76 / replay/replay_ratio 1040 / fps/policy 7.86 / fps/train 8043.6

Writing metrics: /scratch/midway3/rickybao/dreamerv3_runs/pretrain_apt_seed1/metrics.jsonlWriting metrics: /scratch/midway3/rickybao/dreamerv3_runs/pretrain_apt_seed1/scores.jsonl


--------------------[Agent Step 419_264]--------------------
Metrics filtered by: 'score|length|fps|ratio|train/loss/|train/rand/'
train/loss/con 0.02 / train/loss/dyn 5.42 / train/loss/height 1.1e-3 / train/loss/orientations 0.08 / train/loss/policy 2.2e-3 / train/loss/rep 5.42 / train/loss/value 1.33 / train/loss/velocity 0.76 / replay/replay_ratio 1040 / fps/policy 7.85 / fps/train 8043.4

Writing metrics: /scratch/midway3/rickybao/dreamerv3_runs/pretrain_apt_seed1/metrics.jsonlWriting metrics: /scratch/midway3/rickybao/dreamerv3_runs/pretrain_apt_seed1/scores.jsonl

Saving checkpoint: /scratch/midway3/rickybao/dreamerv3_runs/pretrain_apt_seed1/ckpt/20260517T151731F822144
Saved checkpoint.

--------------------[Agent Step 420_208]--------------------
Metrics filtered by: 'score|length|fps|ratio|train/loss/|train/rand/'
train/loss/con 0.02 / train/loss/dyn 5.42 / train/loss/height 1.1e-3 / train/loss/orientations 0.08 / train/loss/policy 4.5e-3 / train/loss/rep 5.42 / train/loss/value 1.33 / train/loss/velocity 0.76 / replay/replay_ratio 1040 / fps/policy 7.83 / fps/train 8023.03

Writing metrics: /scratch/midway3/rickybao/dreamerv3_runs/pretrain_apt_seed1/metrics.jsonl
Writing metrics: /scratch/midway3/rickybao/dreamerv3_runs/pretrain_apt_seed1/scores.jsonl

--------------------[Agent Step 421_152]--------------------
Metrics filtered by: 'score|length|fps|ratio|train/loss/|train/rand/'
train/loss/con 0.02 / train/loss/dyn 5.43 / train/loss/height 1.1e-3 / train/loss/orientations 0.08 / train/loss/policy 2.8e-3 / train/loss/rep 5.43 / train/loss/value 1.33 / train/loss/velocity 0.77 / replay/replay_ratio 1040 / fps/policy 7.86 / fps/train 8043.72

Writing metrics: /scratch/midway3/rickybao/dreamerv3_runs/pretrain_apt_seed1/metrics.jsonl
Writing metrics: /scratch/midway3/rickybao/dreamerv3_runs/pretrain_apt_seed1/scores.jsonl

--------------------[Agent Step 422_096]--------------------
Metrics filtered by: 'score|length|fps|ratio|train/loss/|train/rand/'
train/loss/con 0.02 / train/loss/dyn 5.4 / train/loss/height 1.1e-3 / train/loss/orientations 0.08 / train/loss/policy 4.7e-3 / train/loss/rep 5.4 / train/loss/value 1.33 / train/loss/velocity 0.76 / replay/replay_ratio 1040 / fps/policy 7.86 / fps/train 8044.09

Writing metrics: /scratch/midway3/rickybao/dreamerv3_runs/pretrain_apt_seed1/metrics.jsonlWriting metrics: /scratch/midway3/rickybao/dreamerv3_runs/pretrain_apt_seed1/scores.jsonl


--------------------[Agent Step 423_040]--------------------
Metrics filtered by: 'score|length|fps|ratio|train/loss/|train/rand/'
train/loss/con 0.02 / train/loss/dyn 5.4 / train/loss/height 1.1e-3 / train/loss/orientations 0.08 / train/loss/policy 9.2e-3 / train/loss/rep 5.4 / train/loss/value 1.33 / train/loss/velocity 0.76 / replay/replay_ratio 1040 / fps/policy 7.86 / fps/train 8043.8

Writing metrics: /scratch/midway3/rickybao/dreamerv3_runs/pretrain_apt_seed1/metrics.jsonlWriting metrics: /scratch/midway3/rickybao/dreamerv3_runs/pretrain_apt_seed1/scores.jsonl


--------------------[Agent Step 423_984]--------------------
Metrics filtered by: 'score|length|fps|ratio|train/loss/|train/rand/'
train/loss/con 0.02 / train/loss/dyn 5.4 / train/loss/height 1.1e-3 / train/loss/orientations 0.07 / train/loss/policy 2e-3 / train/loss/rep 5.4 / train/loss/value 1.33 / train/loss/velocity 0.76 / replay/replay_ratio 1040 / fps/policy 7.85 / fps/train 8043.34

Writing metrics: /scratch/midway3/rickybao/dreamerv3_runs/pretrain_apt_seed1/metrics.jsonlWriting metrics: /scratch/midway3/rickybao/dreamerv3_runs/pretrain_apt_seed1/scores.jsonl


--------------------[Agent Step 424_928]--------------------
Metrics filtered by: 'score|length|fps|ratio|train/loss/|train/rand/'
train/loss/con 0.02 / train/loss/dyn 5.39 / train/loss/height 1.1e-3 / train/loss/orientations 0.07 / train/loss/policy -3.2e-4 / train/loss/rep 5.39 / train/loss/value 1.33 / train/loss/velocity 0.76 / replay/replay_ratio 1040 / fps/policy 7.85 / fps/train 8043.27

Writing metrics: /scratch/midway3/rickybao/dreamerv3_runs/pretrain_apt_seed1/metrics.jsonlWriting metrics: /scratch/midway3/rickybao/dreamerv3_runs/pretrain_apt_seed1/scores.jsonl


--------------------[Agent Step 425_872]--------------------
Metrics filtered by: 'score|length|fps|ratio|train/loss/|train/rand/'
train/loss/con 0.02 / train/loss/dyn 5.4 / train/loss/height 1.1e-3 / train/loss/orientations 0.08 / train/loss/policy 3.9e-3 / train/loss/rep 5.4 / train/loss/value 1.33 / train/loss/velocity 0.76 / replay/replay_ratio 1040 / fps/policy 7.85 / fps/train 8043.34

Writing metrics: /scratch/midway3/rickybao/dreamerv3_runs/pretrain_apt_seed1/scores.jsonlWriting metrics: /scratch/midway3/rickybao/dreamerv3_runs/pretrain_apt_seed1/metrics.jsonl


--------------------[Agent Step 426_816]--------------------
Metrics filtered by: 'score|length|fps|ratio|train/loss/|train/rand/'
train/loss/con 0.02 / train/loss/dyn 5.39 / train/loss/height 1.1e-3 / train/loss/orientations 0.07 / train/loss/policy -4.5e-3 / train/loss/rep 5.39 / train/loss/value 1.33 / train/loss/velocity 0.76 / replay/replay_ratio 1040 / fps/policy 7.85 / fps/train 8043.47

Writing metrics: /scratch/midway3/rickybao/dreamerv3_runs/pretrain_apt_seed1/metrics.jsonlWriting metrics: /scratch/midway3/rickybao/dreamerv3_runs/pretrain_apt_seed1/scores.jsonl

Saving checkpoint: /scratch/midway3/rickybao/dreamerv3_runs/pretrain_apt_seed1/ckpt/20260517T153232F448389
Saved checkpoint.

--------------------[Agent Step 427_760]--------------------
Metrics filtered by: 'score|length|fps|ratio|train/loss/|train/rand/'
train/loss/con 0.02 / train/loss/dyn 5.39 / train/loss/height 1.1e-3 / train/loss/orientations 0.07 / train/loss/policy 4.6e-3 / train/loss/rep 5.39 / train/loss/value 1.33 / train/loss/velocity 0.76 / replay/replay_ratio 1040 / fps/policy 7.84 / fps/train 8026.5

Writing metrics: /scratch/midway3/rickybao/dreamerv3_runs/pretrain_apt_seed1/metrics.jsonlWriting metrics: /scratch/midway3/rickybao/dreamerv3_runs/pretrain_apt_seed1/scores.jsonl


--------------------[Agent Step 428_704]--------------------
Metrics filtered by: 'score|length|fps|ratio|train/loss/|train/rand/'
train/loss/con 0.02 / train/loss/dyn 5.38 / train/loss/height 1.1e-3 / train/loss/orientations 0.07 / train/loss/policy 1.9e-3 / train/loss/rep 5.38 / train/loss/value 1.33 / train/loss/velocity 0.76 / replay/replay_ratio 1040 / fps/policy 7.85 / fps/train 8043.45

Writing metrics: /scratch/midway3/rickybao/dreamerv3_runs/pretrain_apt_seed1/metrics.jsonl
Writing metrics: /scratch/midway3/rickybao/dreamerv3_runs/pretrain_apt_seed1/scores.jsonl

--------------------[Agent Step 429_648]--------------------
Metrics filtered by: 'score|length|fps|ratio|train/loss/|train/rand/'
train/loss/con 0.02 / train/loss/dyn 5.38 / train/loss/height 1.1e-3 / train/loss/orientations 0.07 / train/loss/policy -3.2e-3 / train/loss/rep 5.38 / train/loss/value 1.33 / train/loss/velocity 0.76 / replay/replay_ratio 1040 / fps/policy 7.86 / fps/train 8043.58

Writing metrics: /scratch/midway3/rickybao/dreamerv3_runs/pretrain_apt_seed1/metrics.jsonlWriting metrics: /scratch/midway3/rickybao/dreamerv3_runs/pretrain_apt_seed1/scores.jsonl


--------------------[Agent Step 430_592]--------------------
Metrics filtered by: 'score|length|fps|ratio|train/loss/|train/rand/'
train/loss/con 0.02 / train/loss/dyn 5.37 / train/loss/height 1.1e-3 / train/loss/orientations 0.07 / train/loss/policy -1.1e-3 / train/loss/rep 5.37 / train/loss/value 1.33 / train/loss/velocity 0.76 / replay/replay_ratio 1040 / fps/policy 7.85 / fps/train 8043.42

Writing metrics: /scratch/midway3/rickybao/dreamerv3_runs/pretrain_apt_seed1/metrics.jsonlWriting metrics: /scratch/midway3/rickybao/dreamerv3_runs/pretrain_apt_seed1/scores.jsonl


--------------------[Agent Step 431_536]--------------------
Metrics filtered by: 'score|length|fps|ratio|train/loss/|train/rand/'
train/loss/con 0.02 / train/loss/dyn 5.36 / train/loss/height 1e-3 / train/loss/orientations 0.07 / train/loss/policy 4e-6 / train/loss/rep 5.36 / train/loss/value 1.33 / train/loss/velocity 0.75 / replay/replay_ratio 1040 / fps/policy 7.85 / fps/train 8043.09

Writing metrics: /scratch/midway3/rickybao/dreamerv3_runs/pretrain_apt_seed1/metrics.jsonlWriting metrics: /scratch/midway3/rickybao/dreamerv3_runs/pretrain_apt_seed1/scores.jsonl


--------------------[Agent Step 432_480]--------------------
Metrics filtered by: 'score|length|fps|ratio|train/loss/|train/rand/'
train/loss/con 0.02 / train/loss/dyn 5.36 / train/loss/height 1e-3 / train/loss/orientations 0.07 / train/loss/policy 7.2e-3 / train/loss/rep 5.36 / train/loss/value 1.33 / train/loss/velocity 0.75 / replay/replay_ratio 1040 / fps/policy 7.86 / fps/train 8043.73

Writing metrics: /scratch/midway3/rickybao/dreamerv3_runs/pretrain_apt_seed1/metrics.jsonl
Writing metrics: /scratch/midway3/rickybao/dreamerv3_runs/pretrain_apt_seed1/scores.jsonl

--------------------[Agent Step 433_424]--------------------
Metrics filtered by: 'score|length|fps|ratio|train/loss/|train/rand/'
episode/score 62.59 / episode/length 1001 / train/loss/con 0.02 / train/loss/dyn 5.36 / train/loss/height 1e-3 / train/loss/orientations 0.07 / train/loss/policy 2.6e-3 / train/loss/rep 5.36 / train/loss/value 1.33 / train/loss/velocity 0.75 / replay/replay_ratio 1040 / fps/policy 7.85 / fps/train 8042.64

Writing metrics: /scratch/midway3/rickybao/dreamerv3_runs/pretrain_apt_seed1/metrics.jsonlWriting metrics: /scratch/midway3/rickybao/dreamerv3_runs/pretrain_apt_seed1/scores.jsonl

Saving checkpoint: /scratch/midway3/rickybao/dreamerv3_runs/pretrain_apt_seed1/ckpt/20260517T154733F036891
Saved checkpoint.

--------------------[Agent Step 434_368]--------------------
Metrics filtered by: 'score|length|fps|ratio|train/loss/|train/rand/'
train/loss/con 0.02 / train/loss/dyn 5.37 / train/loss/height 1e-3 / train/loss/orientations 0.07 / train/loss/policy 7.1e-3 / train/loss/rep 5.37 / train/loss/value 1.33 / train/loss/velocity 0.76 / replay/replay_ratio 1040 / fps/policy 7.84 / fps/train 8025.67

Writing metrics: /scratch/midway3/rickybao/dreamerv3_runs/pretrain_apt_seed1/metrics.jsonlWriting metrics: /scratch/midway3/rickybao/dreamerv3_runs/pretrain_apt_seed1/scores.jsonl


--------------------[Agent Step 435_312]--------------------
Metrics filtered by: 'score|length|fps|ratio|train/loss/|train/rand/'
train/loss/con 0.02 / train/loss/dyn 5.36 / train/loss/height 1e-3 / train/loss/orientations 0.07 / train/loss/policy -1.4e-3 / train/loss/rep 5.36 / train/loss/value 1.33 / train/loss/velocity 0.75 / replay/replay_ratio 1040 / fps/policy 7.85 / fps/train 8043.45

Writing metrics: /scratch/midway3/rickybao/dreamerv3_runs/pretrain_apt_seed1/metrics.jsonlWriting metrics: /scratch/midway3/rickybao/dreamerv3_runs/pretrain_apt_seed1/scores.jsonl


--------------------[Agent Step 436_256]--------------------
Metrics filtered by: 'score|length|fps|ratio|train/loss/|train/rand/'
train/loss/con 0.02 / train/loss/dyn 5.36 / train/loss/height 1e-3 / train/loss/orientations 0.07 / train/loss/policy 3e-3 / train/loss/rep 5.36 / train/loss/value 1.33 / train/loss/velocity 0.75 / replay/replay_ratio 1040 / fps/policy 7.86 / fps/train 8043.88

Writing metrics: /scratch/midway3/rickybao/dreamerv3_runs/pretrain_apt_seed1/scores.jsonlWriting metrics: /scratch/midway3/rickybao/dreamerv3_runs/pretrain_apt_seed1/metrics.jsonl


--------------------[Agent Step 437_200]--------------------
Metrics filtered by: 'score|length|fps|ratio|train/loss/|train/rand/'
train/loss/con 0.02 / train/loss/dyn 5.35 / train/loss/height 1e-3 / train/loss/orientations 0.07 / train/loss/policy -2e-3 / train/loss/rep 5.35 / train/loss/value 1.33 / train/loss/velocity 0.75 / replay/replay_ratio 1040 / fps/policy 7.85 / fps/train 8043.4

Writing metrics: /scratch/midway3/rickybao/dreamerv3_runs/pretrain_apt_seed1/metrics.jsonlWriting metrics: /scratch/midway3/rickybao/dreamerv3_runs/pretrain_apt_seed1/scores.jsonl


--------------------[Agent Step 438_144]--------------------
Metrics filtered by: 'score|length|fps|ratio|train/loss/|train/rand/'
train/loss/con 0.02 / train/loss/dyn 5.35 / train/loss/height 1e-3 / train/loss/orientations 0.07 / train/loss/policy 7.4e-3 / train/loss/rep 5.35 / train/loss/value 1.33 / train/loss/velocity 0.75 / replay/replay_ratio 1040 / fps/policy 7.86 / fps/train 8043.6

Writing metrics: /scratch/midway3/rickybao/dreamerv3_runs/pretrain_apt_seed1/metrics.jsonlWriting metrics: /scratch/midway3/rickybao/dreamerv3_runs/pretrain_apt_seed1/scores.jsonl


--------------------[Agent Step 439_088]--------------------
Metrics filtered by: 'score|length|fps|ratio|train/loss/|train/rand/'
train/loss/con 0.02 / train/loss/dyn 5.33 / train/loss/height 1e-3 / train/loss/orientations 0.07 / train/loss/policy 3.8e-3 / train/loss/rep 5.33 / train/loss/value 1.33 / train/loss/velocity 0.75 / replay/replay_ratio 1040 / fps/policy 7.86 / fps/train 8043.93

Writing metrics: /scratch/midway3/rickybao/dreamerv3_runs/pretrain_apt_seed1/metrics.jsonlWriting metrics: /scratch/midway3/rickybao/dreamerv3_runs/pretrain_apt_seed1/scores.jsonl


--------------------[Agent Step 440_032]--------------------
Metrics filtered by: 'score|length|fps|ratio|train/loss/|train/rand/'
train/loss/con 0.02 / train/loss/dyn 5.33 / train/loss/height 1e-3 / train/loss/orientations 0.07 / train/loss/policy 5.6e-3 / train/loss/rep 5.33 / train/loss/value 1.33 / train/loss/velocity 0.75 / replay/replay_ratio 1040 / fps/policy 7.85 / fps/train 8043.41

Writing metrics: /scratch/midway3/rickybao/dreamerv3_runs/pretrain_apt_seed1/metrics.jsonl
Writing metrics: /scratch/midway3/rickybao/dreamerv3_runs/pretrain_apt_seed1/scores.jsonl

--------------------[Agent Step 440_976]--------------------
Metrics filtered by: 'score|length|fps|ratio|train/loss/|train/rand/'
train/loss/con 0.02 / train/loss/dyn 5.33 / train/loss/height 1e-3 / train/loss/orientations 0.07 / train/loss/policy 2.6e-4 / train/loss/rep 5.33 / train/loss/value 1.33 / train/loss/velocity 0.75 / replay/replay_ratio 1040 / fps/policy 7.86 / fps/train 8044

Writing metrics: /scratch/midway3/rickybao/dreamerv3_runs/pretrain_apt_seed1/metrics.jsonlWriting metrics: /scratch/midway3/rickybao/dreamerv3_runs/pretrain_apt_seed1/scores.jsonl

Saving checkpoint: /scratch/midway3/rickybao/dreamerv3_runs/pretrain_apt_seed1/ckpt/20260517T160233F603020
Saved checkpoint.

--------------------[Agent Step 441_920]--------------------
Metrics filtered by: 'score|length|fps|ratio|train/loss/|train/rand/'
train/loss/con 0.02 / train/loss/dyn 5.32 / train/loss/height 1e-3 / train/loss/orientations 0.07 / train/loss/policy 2.1e-3 / train/loss/rep 5.32 / train/loss/value 1.33 / train/loss/velocity 0.75 / replay/replay_ratio 1040 / fps/policy 7.84 / fps/train 8024.64

Writing metrics: /scratch/midway3/rickybao/dreamerv3_runs/pretrain_apt_seed1/metrics.jsonlWriting metrics: /scratch/midway3/rickybao/dreamerv3_runs/pretrain_apt_seed1/scores.jsonl


--------------------[Agent Step 442_864]--------------------
Metrics filtered by: 'score|length|fps|ratio|train/loss/|train/rand/'
train/loss/con 0.02 / train/loss/dyn 5.34 / train/loss/height 1e-3 / train/loss/orientations 0.07 / train/loss/policy 7e-4 / train/loss/rep 5.34 / train/loss/value 1.33 / train/loss/velocity 0.75 / replay/replay_ratio 1040 / fps/policy 7.86 / fps/train 8043.86

Writing metrics: /scratch/midway3/rickybao/dreamerv3_runs/pretrain_apt_seed1/metrics.jsonlWriting metrics: /scratch/midway3/rickybao/dreamerv3_runs/pretrain_apt_seed1/scores.jsonl


--------------------[Agent Step 443_808]--------------------
Metrics filtered by: 'score|length|fps|ratio|train/loss/|train/rand/'
train/loss/con 0.02 / train/loss/dyn 5.33 / train/loss/height 1e-3 / train/loss/orientations 0.07 / train/loss/policy 5.6e-3 / train/loss/rep 5.33 / train/loss/value 1.33 / train/loss/velocity 0.75 / replay/replay_ratio 1040 / fps/policy 7.85 / fps/train 8043.45

Writing metrics: /scratch/midway3/rickybao/dreamerv3_runs/pretrain_apt_seed1/metrics.jsonlWriting metrics: /scratch/midway3/rickybao/dreamerv3_runs/pretrain_apt_seed1/scores.jsonl


--------------------[Agent Step 444_752]--------------------
Metrics filtered by: 'score|length|fps|ratio|train/loss/|train/rand/'
train/loss/con 0.02 / train/loss/dyn 5.33 / train/loss/height 9.9e-4 / train/loss/orientations 0.07 / train/loss/policy -2.9e-3 / train/loss/rep 5.33 / train/loss/value 1.33 / train/loss/velocity 0.74 / replay/replay_ratio 1040 / fps/policy 7.85 / fps/train 8043.22

Writing metrics: /scratch/midway3/rickybao/dreamerv3_runs/pretrain_apt_seed1/metrics.jsonlWriting metrics: /scratch/midway3/rickybao/dreamerv3_runs/pretrain_apt_seed1/scores.jsonl


--------------------[Agent Step 445_696]--------------------
Metrics filtered by: 'score|length|fps|ratio|train/loss/|train/rand/'
train/loss/con 0.02 / train/loss/dyn 5.32 / train/loss/height 1e-3 / train/loss/orientations 0.07 / train/loss/policy 3.8e-3 / train/loss/rep 5.32 / train/loss/value 1.33 / train/loss/velocity 0.74 / replay/replay_ratio 1040 / fps/policy 7.86 / fps/train 8044.12

Writing metrics: /scratch/midway3/rickybao/dreamerv3_runs/pretrain_apt_seed1/metrics.jsonlWriting metrics: /scratch/midway3/rickybao/dreamerv3_runs/pretrain_apt_seed1/scores.jsonl


--------------------[Agent Step 446_640]--------------------
Metrics filtered by: 'score|length|fps|ratio|train/loss/|train/rand/'
train/loss/con 0.02 / train/loss/dyn 5.31 / train/loss/height 1e-3 / train/loss/orientations 0.07 / train/loss/policy -2e-3 / train/loss/rep 5.31 / train/loss/value 1.33 / train/loss/velocity 0.74 / replay/replay_ratio 1040 / fps/policy 7.86 / fps/train 8043.77

Writing metrics: /scratch/midway3/rickybao/dreamerv3_runs/pretrain_apt_seed1/metrics.jsonlWriting metrics: /scratch/midway3/rickybao/dreamerv3_runs/pretrain_apt_seed1/scores.jsonl


--------------------[Agent Step 447_584]--------------------
Metrics filtered by: 'score|length|fps|ratio|train/loss/|train/rand/'
train/loss/con 0.02 / train/loss/dyn 5.32 / train/loss/height 9.9e-4 / train/loss/orientations 0.07 / train/loss/policy -4.3e-3 / train/loss/rep 5.32 / train/loss/value 1.33 / train/loss/velocity 0.75 / replay/replay_ratio 1040 / fps/policy 7.86 / fps/train 8043.84

Writing metrics: /scratch/midway3/rickybao/dreamerv3_runs/pretrain_apt_seed1/metrics.jsonlWriting metrics: /scratch/midway3/rickybao/dreamerv3_runs/pretrain_apt_seed1/scores.jsonl

Saving checkpoint: /scratch/midway3/rickybao/dreamerv3_runs/pretrain_apt_seed1/ckpt/20260517T161734F173455
Saved checkpoint.

--------------------[Agent Step 448_528]--------------------
Metrics filtered by: 'score|length|fps|ratio|train/loss/|train/rand/'
train/loss/con 0.02 / train/loss/dyn 5.33 / train/loss/height 9.9e-4 / train/loss/orientations 0.07 / train/loss/policy 6.1e-3 / train/loss/rep 5.33 / train/loss/value 1.33 / train/loss/velocity 0.75 / replay/replay_ratio 1040 / fps/policy 7.83 / fps/train 8021.1

Writing metrics: /scratch/midway3/rickybao/dreamerv3_runs/pretrain_apt_seed1/metrics.jsonlWriting metrics: /scratch/midway3/rickybao/dreamerv3_runs/pretrain_apt_seed1/scores.jsonl


--------------------[Agent Step 449_472]--------------------
Metrics filtered by: 'score|length|fps|ratio|train/loss/|train/rand/'
episode/score 97.62 / episode/length 1001 / train/loss/con 0.02 / train/loss/dyn 5.3 / train/loss/height 9.9e-4 / train/loss/orientations 0.07 / train/loss/policy -1.1e-3 / train/loss/rep 5.3 / train/loss/value 1.33 / train/loss/velocity 0.74 / replay/replay_ratio 1040 / fps/policy 7.85 / fps/train 8043.07

Writing metrics: /scratch/midway3/rickybao/dreamerv3_runs/pretrain_apt_seed1/metrics.jsonlWriting metrics: /scratch/midway3/rickybao/dreamerv3_runs/pretrain_apt_seed1/scores.jsonl


--------------------[Agent Step 450_416]--------------------
Metrics filtered by: 'score|length|fps|ratio|train/loss/|train/rand/'
train/loss/con 0.02 / train/loss/dyn 5.3 / train/loss/height 9.9e-4 / train/loss/orientations 0.07 / train/loss/policy -4.1e-3 / train/loss/rep 5.3 / train/loss/value 1.33 / train/loss/velocity 0.74 / replay/replay_ratio 1040 / fps/policy 7.86 / fps/train 8044.41

Writing metrics: /scratch/midway3/rickybao/dreamerv3_runs/pretrain_apt_seed1/metrics.jsonlWriting metrics: /scratch/midway3/rickybao/dreamerv3_runs/pretrain_apt_seed1/scores.jsonl


--------------------[Agent Step 451_360]--------------------
Metrics filtered by: 'score|length|fps|ratio|train/loss/|train/rand/'
train/loss/con 0.02 / train/loss/dyn 5.29 / train/loss/height 1e-3 / train/loss/orientations 0.07 / train/loss/policy 2.7e-3 / train/loss/rep 5.29 / train/loss/value 1.33 / train/loss/velocity 0.74 / replay/replay_ratio 1040 / fps/policy 7.84 / fps/train 8029.54

Writing metrics: /scratch/midway3/rickybao/dreamerv3_runs/pretrain_apt_seed1/metrics.jsonlWriting metrics: /scratch/midway3/rickybao/dreamerv3_runs/pretrain_apt_seed1/scores.jsonl


--------------------[Agent Step 452_304]--------------------
Metrics filtered by: 'score|length|fps|ratio|train/loss/|train/rand/'
train/loss/con 0.02 / train/loss/dyn 5.29 / train/loss/height 9.9e-4 / train/loss/orientations 0.07 / train/loss/policy 2.4e-3 / train/loss/rep 5.29 / train/loss/value 1.33 / train/loss/velocity 0.74 / replay/replay_ratio 1040 / fps/policy 7.86 / fps/train 8043.77

Writing metrics: /scratch/midway3/rickybao/dreamerv3_runs/pretrain_apt_seed1/metrics.jsonlWriting metrics: /scratch/midway3/rickybao/dreamerv3_runs/pretrain_apt_seed1/scores.jsonl


--------------------[Agent Step 453_248]--------------------
Metrics filtered by: 'score|length|fps|ratio|train/loss/|train/rand/'
train/loss/con 0.02 / train/loss/dyn 5.31 / train/loss/height 9.9e-4 / train/loss/orientations 0.07 / train/loss/policy 3.8e-3 / train/loss/rep 5.31 / train/loss/value 1.33 / train/loss/velocity 0.74 / replay/replay_ratio 1040 / fps/policy 7.85 / fps/train 8043.32

Writing metrics: /scratch/midway3/rickybao/dreamerv3_runs/pretrain_apt_seed1/scores.jsonlWriting metrics: /scratch/midway3/rickybao/dreamerv3_runs/pretrain_apt_seed1/metrics.jsonl


--------------------[Agent Step 454_192]--------------------
Metrics filtered by: 'score|length|fps|ratio|train/loss/|train/rand/'
train/loss/con 0.02 / train/loss/dyn 5.28 / train/loss/height 9.7e-4 / train/loss/orientations 0.07 / train/loss/policy 6.9e-3 / train/loss/rep 5.28 / train/loss/value 1.33 / train/loss/velocity 0.74 / replay/replay_ratio 1040 / fps/policy 7.86 / fps/train 8043.59

Writing metrics: /scratch/midway3/rickybao/dreamerv3_runs/pretrain_apt_seed1/scores.jsonlWriting metrics: /scratch/midway3/rickybao/dreamerv3_runs/pretrain_apt_seed1/metrics.jsonl


--------------------[Agent Step 455_136]--------------------
Metrics filtered by: 'score|length|fps|ratio|train/loss/|train/rand/'
train/loss/con 0.02 / train/loss/dyn 5.28 / train/loss/height 9.7e-4 / train/loss/orientations 0.07 / train/loss/policy 9.3e-3 / train/loss/rep 5.28 / train/loss/value 1.33 / train/loss/velocity 0.74 / replay/replay_ratio 1040 / fps/policy 7.86 / fps/train 8044.69

Writing metrics: /scratch/midway3/rickybao/dreamerv3_runs/pretrain_apt_seed1/metrics.jsonlWriting metrics: /scratch/midway3/rickybao/dreamerv3_runs/pretrain_apt_seed1/scores.jsonl

Saving checkpoint: /scratch/midway3/rickybao/dreamerv3_runs/pretrain_apt_seed1/ckpt/20260517T163235F022008
Saved checkpoint.

--------------------[Agent Step 456_080]--------------------
Metrics filtered by: 'score|length|fps|ratio|train/loss/|train/rand/'
train/loss/con 0.02 / train/loss/dyn 5.29 / train/loss/height 9.6e-4 / train/loss/orientations 0.07 / train/loss/policy -1.2e-3 / train/loss/rep 5.29 / train/loss/value 1.33 / train/loss/velocity 0.74 / replay/replay_ratio 1040 / fps/policy 7.84 / fps/train 8028.91

Writing metrics: /scratch/midway3/rickybao/dreamerv3_runs/pretrain_apt_seed1/metrics.jsonl
Writing metrics: /scratch/midway3/rickybao/dreamerv3_runs/pretrain_apt_seed1/scores.jsonl

--------------------[Agent Step 457_024]--------------------
Metrics filtered by: 'score|length|fps|ratio|train/loss/|train/rand/'
train/loss/con 0.02 / train/loss/dyn 5.28 / train/loss/height 9.6e-4 / train/loss/orientations 0.07 / train/loss/policy 1.6e-3 / train/loss/rep 5.28 / train/loss/value 1.33 / train/loss/velocity 0.74 / replay/replay_ratio 1040 / fps/policy 7.86 / fps/train 8045.07

Writing metrics: /scratch/midway3/rickybao/dreamerv3_runs/pretrain_apt_seed1/metrics.jsonlWriting metrics: /scratch/midway3/rickybao/dreamerv3_runs/pretrain_apt_seed1/scores.jsonl


--------------------[Agent Step 457_968]--------------------
Metrics filtered by: 'score|length|fps|ratio|train/loss/|train/rand/'
train/loss/con 0.02 / train/loss/dyn 5.28 / train/loss/height 9.6e-4 / train/loss/orientations 0.07 / train/loss/policy -1.1e-3 / train/loss/rep 5.28 / train/loss/value 1.33 / train/loss/velocity 0.74 / replay/replay_ratio 1040 / fps/policy 7.86 / fps/train 8045

Writing metrics: /scratch/midway3/rickybao/dreamerv3_runs/pretrain_apt_seed1/metrics.jsonlWriting metrics: /scratch/midway3/rickybao/dreamerv3_runs/pretrain_apt_seed1/scores.jsonl


--------------------[Agent Step 458_912]--------------------
Metrics filtered by: 'score|length|fps|ratio|train/loss/|train/rand/'
train/loss/con 0.02 / train/loss/dyn 5.28 / train/loss/height 9.5e-4 / train/loss/orientations 0.07 / train/loss/policy -2e-5 / train/loss/rep 5.28 / train/loss/value 1.33 / train/loss/velocity 0.73 / replay/replay_ratio 1040 / fps/policy 7.86 / fps/train 8044.76

Writing metrics: /scratch/midway3/rickybao/dreamerv3_runs/pretrain_apt_seed1/metrics.jsonlWriting metrics: /scratch/midway3/rickybao/dreamerv3_runs/pretrain_apt_seed1/scores.jsonl


--------------------[Agent Step 459_856]--------------------
Metrics filtered by: 'score|length|fps|ratio|train/loss/|train/rand/'
train/loss/con 0.02 / train/loss/dyn 5.27 / train/loss/height 9.7e-4 / train/loss/orientations 0.07 / train/loss/policy -1.8e-3 / train/loss/rep 5.27 / train/loss/value 1.33 / train/loss/velocity 0.73 / replay/replay_ratio 1040 / fps/policy 7.86 / fps/train 8045.67

Writing metrics: /scratch/midway3/rickybao/dreamerv3_runs/pretrain_apt_seed1/metrics.jsonlWriting metrics: /scratch/midway3/rickybao/dreamerv3_runs/pretrain_apt_seed1/scores.jsonl


--------------------[Agent Step 460_800]--------------------
Metrics filtered by: 'score|length|fps|ratio|train/loss/|train/rand/'
train/loss/con 0.02 / train/loss/dyn 5.27 / train/loss/height 9.7e-4 / train/loss/orientations 0.07 / train/loss/policy 2.2e-3 / train/loss/rep 5.27 / train/loss/value 1.34 / train/loss/velocity 0.74 / replay/replay_ratio 1040 / fps/policy 7.86 / fps/train 8045.01

Writing metrics: /scratch/midway3/rickybao/dreamerv3_runs/pretrain_apt_seed1/metrics.jsonlWriting metrics: /scratch/midway3/rickybao/dreamerv3_runs/pretrain_apt_seed1/scores.jsonl


--------------------[Agent Step 461_744]--------------------
Metrics filtered by: 'score|length|fps|ratio|train/loss/|train/rand/'
train/loss/con 0.02 / train/loss/dyn 5.26 / train/loss/height 9.5e-4 / train/loss/orientations 0.07 / train/loss/policy 3e-3 / train/loss/rep 5.26 / train/loss/value 1.34 / train/loss/velocity 0.73 / replay/replay_ratio 1040 / fps/policy 7.86 / fps/train 8044.8

Writing metrics: /scratch/midway3/rickybao/dreamerv3_runs/pretrain_apt_seed1/metrics.jsonl
Writing metrics: /scratch/midway3/rickybao/dreamerv3_runs/pretrain_apt_seed1/scores.jsonl
Saving checkpoint: /scratch/midway3/rickybao/dreamerv3_runs/pretrain_apt_seed1/ckpt/20260517T164735F400309
Saved checkpoint.

--------------------[Agent Step 462_688]--------------------
Metrics filtered by: 'score|length|fps|ratio|train/loss/|train/rand/'
train/loss/con 0.02 / train/loss/dyn 5.28 / train/loss/height 9.7e-4 / train/loss/orientations 0.07 / train/loss/policy -3.1e-3 / train/loss/rep 5.28 / train/loss/value 1.34 / train/loss/velocity 0.74 / replay/replay_ratio 1040 / fps/policy 7.83 / fps/train 8018.37

Writing metrics: /scratch/midway3/rickybao/dreamerv3_runs/pretrain_apt_seed1/metrics.jsonlWriting metrics: /scratch/midway3/rickybao/dreamerv3_runs/pretrain_apt_seed1/scores.jsonl


--------------------[Agent Step 463_632]--------------------
Metrics filtered by: 'score|length|fps|ratio|train/loss/|train/rand/'
train/loss/con 0.02 / train/loss/dyn 5.26 / train/loss/height 9.5e-4 / train/loss/orientations 0.07 / train/loss/policy 0.01 / train/loss/rep 5.26 / train/loss/value 1.34 / train/loss/velocity 0.73 / replay/replay_ratio 1040 / fps/policy 7.86 / fps/train 8044.3

Writing metrics: /scratch/midway3/rickybao/dreamerv3_runs/pretrain_apt_seed1/metrics.jsonlWriting metrics: /scratch/midway3/rickybao/dreamerv3_runs/pretrain_apt_seed1/scores.jsonl


--------------------[Agent Step 464_576]--------------------
Metrics filtered by: 'score|length|fps|ratio|train/loss/|train/rand/'
train/loss/con 0.02 / train/loss/dyn 5.26 / train/loss/height 9.5e-4 / train/loss/orientations 0.07 / train/loss/policy 4.6e-3 / train/loss/rep 5.26 / train/loss/value 1.34 / train/loss/velocity 0.73 / replay/replay_ratio 1040 / fps/policy 7.86 / fps/train 8044.73

Writing metrics: /scratch/midway3/rickybao/dreamerv3_runs/pretrain_apt_seed1/scores.jsonlWriting metrics: /scratch/midway3/rickybao/dreamerv3_runs/pretrain_apt_seed1/metrics.jsonl


--------------------[Agent Step 465_520]--------------------
Metrics filtered by: 'score|length|fps|ratio|train/loss/|train/rand/'
episode/score 111.93 / episode/length 1001 / train/loss/con 0.02 / train/loss/dyn 5.27 / train/loss/height 9.4e-4 / train/loss/orientations 0.07 / train/loss/policy -3.9e-3 / train/loss/rep 5.27 / train/loss/value 1.34 / train/loss/velocity 0.73 / replay/replay_ratio 1040 / fps/policy 7.86 / fps/train 8043.54

Writing metrics: /scratch/midway3/rickybao/dreamerv3_runs/pretrain_apt_seed1/metrics.jsonlWriting metrics: /scratch/midway3/rickybao/dreamerv3_runs/pretrain_apt_seed1/scores.jsonl


--------------------[Agent Step 466_464]--------------------
Metrics filtered by: 'score|length|fps|ratio|train/loss/|train/rand/'
train/loss/con 0.02 / train/loss/dyn 5.26 / train/loss/height 9.5e-4 / train/loss/orientations 0.07 / train/loss/policy 3.8e-3 / train/loss/rep 5.26 / train/loss/value 1.34 / train/loss/velocity 0.73 / replay/replay_ratio 1040 / fps/policy 7.86 / fps/train 8044.41

Writing metrics: /scratch/midway3/rickybao/dreamerv3_runs/pretrain_apt_seed1/metrics.jsonlWriting metrics: /scratch/midway3/rickybao/dreamerv3_runs/pretrain_apt_seed1/scores.jsonl


--------------------[Agent Step 467_408]--------------------
Metrics filtered by: 'score|length|fps|ratio|train/loss/|train/rand/'
train/loss/con 0.02 / train/loss/dyn 5.24 / train/loss/height 9.2e-4 / train/loss/orientations 0.07 / train/loss/policy 5.3e-3 / train/loss/rep 5.24 / train/loss/value 1.34 / train/loss/velocity 0.73 / replay/replay_ratio 1040 / fps/policy 7.86 / fps/train 8044.34

Writing metrics: /scratch/midway3/rickybao/dreamerv3_runs/pretrain_apt_seed1/metrics.jsonlWriting metrics: /scratch/midway3/rickybao/dreamerv3_runs/pretrain_apt_seed1/scores.jsonl


--------------------[Agent Step 468_352]--------------------
Metrics filtered by: 'score|length|fps|ratio|train/loss/|train/rand/'
train/loss/con 0.02 / train/loss/dyn 5.27 / train/loss/height 9.4e-4 / train/loss/orientations 0.07 / train/loss/policy 4.2e-3 / train/loss/rep 5.27 / train/loss/value 1.34 / train/loss/velocity 0.73 / replay/replay_ratio 1040 / fps/policy 7.86 / fps/train 8044.94

Writing metrics: /scratch/midway3/rickybao/dreamerv3_runs/pretrain_apt_seed1/metrics.jsonlWriting metrics: /scratch/midway3/rickybao/dreamerv3_runs/pretrain_apt_seed1/scores.jsonl


--------------------[Agent Step 469_296]--------------------
Metrics filtered by: 'score|length|fps|ratio|train/loss/|train/rand/'
train/loss/con 0.02 / train/loss/dyn 5.23 / train/loss/height 9.2e-4 / train/loss/orientations 0.07 / train/loss/policy -9.9e-4 / train/loss/rep 5.23 / train/loss/value 1.34 / train/loss/velocity 0.73 / replay/replay_ratio 1040 / fps/policy 7.86 / fps/train 8045.15

Writing metrics: /scratch/midway3/rickybao/dreamerv3_runs/pretrain_apt_seed1/metrics.jsonlWriting metrics: /scratch/midway3/rickybao/dreamerv3_runs/pretrain_apt_seed1/scores.jsonl

Saving checkpoint: /scratch/midway3/rickybao/dreamerv3_runs/pretrain_apt_seed1/ckpt/20260517T170236F019289
Saved checkpoint.

--------------------[Agent Step 470_240]--------------------
Metrics filtered by: 'score|length|fps|ratio|train/loss/|train/rand/'
train/loss/con 0.02 / train/loss/dyn 5.24 / train/loss/height 9.3e-4 / train/loss/orientations 0.07 / train/loss/policy 1.2e-4 / train/loss/rep 5.24 / train/loss/value 1.34 / train/loss/velocity 0.73 / replay/replay_ratio 1040 / fps/policy 7.84 / fps/train 8023.51

Writing metrics: /scratch/midway3/rickybao/dreamerv3_runs/pretrain_apt_seed1/metrics.jsonlWriting metrics: /scratch/midway3/rickybao/dreamerv3_runs/pretrain_apt_seed1/scores.jsonl


--------------------[Agent Step 471_184]--------------------
Metrics filtered by: 'score|length|fps|ratio|train/loss/|train/rand/'
train/loss/con 0.02 / train/loss/dyn 5.23 / train/loss/height 9.1e-4 / train/loss/orientations 0.07 / train/loss/policy 3e-3 / train/loss/rep 5.23 / train/loss/value 1.34 / train/loss/velocity 0.73 / replay/replay_ratio 1040 / fps/policy 7.86 / fps/train 8045.2

Writing metrics: /scratch/midway3/rickybao/dreamerv3_runs/pretrain_apt_seed1/metrics.jsonlWriting metrics: /scratch/midway3/rickybao/dreamerv3_runs/pretrain_apt_seed1/scores.jsonl


--------------------[Agent Step 472_128]--------------------
Metrics filtered by: 'score|length|fps|ratio|train/loss/|train/rand/'
train/loss/con 0.02 / train/loss/dyn 5.22 / train/loss/height 9.1e-4 / train/loss/orientations 0.07 / train/loss/policy 2.5e-3 / train/loss/rep 5.22 / train/loss/value 1.34 / train/loss/velocity 0.73 / replay/replay_ratio 1040 / fps/policy 7.86 / fps/train 8045.34

Writing metrics: /scratch/midway3/rickybao/dreamerv3_runs/pretrain_apt_seed1/metrics.jsonlWriting metrics: /scratch/midway3/rickybao/dreamerv3_runs/pretrain_apt_seed1/scores.jsonl


--------------------[Agent Step 473_072]--------------------
Metrics filtered by: 'score|length|fps|ratio|train/loss/|train/rand/'
train/loss/con 0.02 / train/loss/dyn 5.22 / train/loss/height 9.1e-4 / train/loss/orientations 0.07 / train/loss/policy -7.8e-4 / train/loss/rep 5.22 / train/loss/value 1.34 / train/loss/velocity 0.73 / replay/replay_ratio 1040 / fps/policy 7.86 / fps/train 8045.01

Writing metrics: /scratch/midway3/rickybao/dreamerv3_runs/pretrain_apt_seed1/metrics.jsonlWriting metrics: /scratch/midway3/rickybao/dreamerv3_runs/pretrain_apt_seed1/scores.jsonl


--------------------[Agent Step 474_016]--------------------
Metrics filtered by: 'score|length|fps|ratio|train/loss/|train/rand/'
train/loss/con 0.02 / train/loss/dyn 5.23 / train/loss/height 9.3e-4 / train/loss/orientations 0.07 / train/loss/policy 2e-3 / train/loss/rep 5.23 / train/loss/value 1.34 / train/loss/velocity 0.73 / replay/replay_ratio 1040 / fps/policy 7.86 / fps/train 8044.87

Writing metrics: /scratch/midway3/rickybao/dreamerv3_runs/pretrain_apt_seed1/metrics.jsonlWriting metrics: /scratch/midway3/rickybao/dreamerv3_runs/pretrain_apt_seed1/scores.jsonl


--------------------[Agent Step 474_960]--------------------
Metrics filtered by: 'score|length|fps|ratio|train/loss/|train/rand/'
train/loss/con 0.02 / train/loss/dyn 5.23 / train/loss/height 9.1e-4 / train/loss/orientations 0.07 / train/loss/policy 1.9e-3 / train/loss/rep 5.23 / train/loss/value 1.34 / train/loss/velocity 0.73 / replay/replay_ratio 1040 / fps/policy 7.86 / fps/train 8044.61

Writing metrics: /scratch/midway3/rickybao/dreamerv3_runs/pretrain_apt_seed1/metrics.jsonlWriting metrics: /scratch/midway3/rickybao/dreamerv3_runs/pretrain_apt_seed1/scores.jsonl


--------------------[Agent Step 475_904]--------------------
Metrics filtered by: 'score|length|fps|ratio|train/loss/|train/rand/'
train/loss/con 0.02 / train/loss/dyn 5.23 / train/loss/height 9.1e-4 / train/loss/orientations 0.07 / train/loss/policy -4.6e-4 / train/loss/rep 5.23 / train/loss/value 1.34 / train/loss/velocity 0.73 / replay/replay_ratio 1040 / fps/policy 7.86 / fps/train 8044.36

Writing metrics: /scratch/midway3/rickybao/dreamerv3_runs/pretrain_apt_seed1/metrics.jsonlWriting metrics: /scratch/midway3/rickybao/dreamerv3_runs/pretrain_apt_seed1/scores.jsonl

Saving checkpoint: /scratch/midway3/rickybao/dreamerv3_runs/pretrain_apt_seed1/ckpt/20260517T171736F493245
Saved checkpoint.

--------------------[Agent Step 476_848]--------------------
Metrics filtered by: 'score|length|fps|ratio|train/loss/|train/rand/'
train/loss/con 0.02 / train/loss/dyn 5.2 / train/loss/height 9e-4 / train/loss/orientations 0.07 / train/loss/policy -7.6e-3 / train/loss/rep 5.2 / train/loss/value 1.34 / train/loss/velocity 0.72 / replay/replay_ratio 1040 / fps/policy 7.83 / fps/train 8019.41

Writing metrics: /scratch/midway3/rickybao/dreamerv3_runs/pretrain_apt_seed1/metrics.jsonlWriting metrics: /scratch/midway3/rickybao/dreamerv3_runs/pretrain_apt_seed1/scores.jsonl


--------------------[Agent Step 477_792]--------------------
Metrics filtered by: 'score|length|fps|ratio|train/loss/|train/rand/'
train/loss/con 0.02 / train/loss/dyn 5.21 / train/loss/height 8.9e-4 / train/loss/orientations 0.07 / train/loss/policy -7.1e-4 / train/loss/rep 5.21 / train/loss/value 1.34 / train/loss/velocity 0.72 / replay/replay_ratio 1040 / fps/policy 7.86 / fps/train 8044.47

Writing metrics: /scratch/midway3/rickybao/dreamerv3_runs/pretrain_apt_seed1/metrics.jsonlWriting metrics: /scratch/midway3/rickybao/dreamerv3_runs/pretrain_apt_seed1/scores.jsonl


--------------------[Agent Step 478_736]--------------------
Metrics filtered by: 'score|length|fps|ratio|train/loss/|train/rand/'
train/loss/con 0.02 / train/loss/dyn 5.24 / train/loss/height 8.9e-4 / train/loss/orientations 0.07 / train/loss/policy -4.4e-3 / train/loss/rep 5.24 / train/loss/value 1.34 / train/loss/velocity 0.73 / replay/replay_ratio 1040 / fps/policy 7.86 / fps/train 8044.54

Writing metrics: /scratch/midway3/rickybao/dreamerv3_runs/pretrain_apt_seed1/metrics.jsonlWriting metrics: /scratch/midway3/rickybao/dreamerv3_runs/pretrain_apt_seed1/scores.jsonl


--------------------[Agent Step 479_680]--------------------
Metrics filtered by: 'score|length|fps|ratio|train/loss/|train/rand/'
train/loss/con 0.02 / train/loss/dyn 5.2 / train/loss/height 8.9e-4 / train/loss/orientations 0.07 / train/loss/policy 1.4e-5 / train/loss/rep 5.2 / train/loss/value 1.34 / train/loss/velocity 0.72 / replay/replay_ratio 1040 / fps/policy 7.86 / fps/train 8045.07

Writing metrics: /scratch/midway3/rickybao/dreamerv3_runs/pretrain_apt_seed1/metrics.jsonlWriting metrics: /scratch/midway3/rickybao/dreamerv3_runs/pretrain_apt_seed1/scores.jsonl


--------------------[Agent Step 480_624]--------------------
Metrics filtered by: 'score|length|fps|ratio|train/loss/|train/rand/'
train/loss/con 0.02 / train/loss/dyn 5.21 / train/loss/height 9e-4 / train/loss/orientations 0.07 / train/loss/policy 2.7e-3 / train/loss/rep 5.21 / train/loss/value 1.34 / train/loss/velocity 0.72 / replay/replay_ratio 1040 / fps/policy 7.86 / fps/train 8044.94

Writing metrics: /scratch/midway3/rickybao/dreamerv3_runs/pretrain_apt_seed1/metrics.jsonlWriting metrics: /scratch/midway3/rickybao/dreamerv3_runs/pretrain_apt_seed1/scores.jsonl


--------------------[Agent Step 481_568]--------------------
Metrics filtered by: 'score|length|fps|ratio|train/loss/|train/rand/'
episode/score 72.91 / episode/length 1001 / train/loss/con 0.02 / train/loss/dyn 5.21 / train/loss/height 9e-4 / train/loss/orientations 0.07 / train/loss/policy 9e-3 / train/loss/rep 5.21 / train/loss/value 1.34 / train/loss/velocity 0.72 / replay/replay_ratio 1040 / fps/policy 7.86 / fps/train 8043.99

Writing metrics: /scratch/midway3/rickybao/dreamerv3_runs/pretrain_apt_seed1/metrics.jsonl
Writing metrics: /scratch/midway3/rickybao/dreamerv3_runs/pretrain_apt_seed1/scores.jsonl

--------------------[Agent Step 482_512]--------------------
Metrics filtered by: 'score|length|fps|ratio|train/loss/|train/rand/'
train/loss/con 0.02 / train/loss/dyn 5.22 / train/loss/height 8.9e-4 / train/loss/orientations 0.07 / train/loss/policy 2.6e-3 / train/loss/rep 5.22 / train/loss/value 1.34 / train/loss/velocity 0.72 / replay/replay_ratio 1040 / fps/policy 7.86 / fps/train 8044.44

Writing metrics: /scratch/midway3/rickybao/dreamerv3_runs/pretrain_apt_seed1/metrics.jsonlWriting metrics: /scratch/midway3/rickybao/dreamerv3_runs/pretrain_apt_seed1/scores.jsonl


--------------------[Agent Step 483_456]--------------------
Metrics filtered by: 'score|length|fps|ratio|train/loss/|train/rand/'
train/loss/con 0.02 / train/loss/dyn 5.18 / train/loss/height 8.9e-4 / train/loss/orientations 0.07 / train/loss/policy 3.7e-3 / train/loss/rep 5.18 / train/loss/value 1.34 / train/loss/velocity 0.72 / replay/replay_ratio 1040 / fps/policy 7.86 / fps/train 8044.59

Writing metrics: /scratch/midway3/rickybao/dreamerv3_runs/pretrain_apt_seed1/metrics.jsonlWriting metrics: /scratch/midway3/rickybao/dreamerv3_runs/pretrain_apt_seed1/scores.jsonl

Saving checkpoint: /scratch/midway3/rickybao/dreamerv3_runs/pretrain_apt_seed1/ckpt/20260517T173237F083389
Saved checkpoint.

--------------------[Agent Step 484_400]--------------------
Metrics filtered by: 'score|length|fps|ratio|train/loss/|train/rand/'
train/loss/con 0.02 / train/loss/dyn 5.21 / train/loss/height 9e-4 / train/loss/orientations 0.07 / train/loss/policy -2.9e-3 / train/loss/rep 5.21 / train/loss/value 1.34 / train/loss/velocity 0.72 / replay/replay_ratio 1040 / fps/policy 7.83 / fps/train 8020.65

Writing metrics: /scratch/midway3/rickybao/dreamerv3_runs/pretrain_apt_seed1/metrics.jsonl
Writing metrics: /scratch/midway3/rickybao/dreamerv3_runs/pretrain_apt_seed1/scores.jsonl

--------------------[Agent Step 485_344]--------------------
Metrics filtered by: 'score|length|fps|ratio|train/loss/|train/rand/'
train/loss/con 0.02 / train/loss/dyn 5.2 / train/loss/height 9e-4 / train/loss/orientations 0.07 / train/loss/policy 5.2e-4 / train/loss/rep 5.2 / train/loss/value 1.34 / train/loss/velocity 0.72 / replay/replay_ratio 1040 / fps/policy 7.86 / fps/train 8044.62

Writing metrics: /scratch/midway3/rickybao/dreamerv3_runs/pretrain_apt_seed1/metrics.jsonlWriting metrics: /scratch/midway3/rickybao/dreamerv3_runs/pretrain_apt_seed1/scores.jsonl


--------------------[Agent Step 486_288]--------------------
Metrics filtered by: 'score|length|fps|ratio|train/loss/|train/rand/'
train/loss/con 0.02 / train/loss/dyn 5.19 / train/loss/height 8.9e-4 / train/loss/orientations 0.07 / train/loss/policy 5.7e-3 / train/loss/rep 5.19 / train/loss/value 1.34 / train/loss/velocity 0.72 / replay/replay_ratio 1040 / fps/policy 7.86 / fps/train 8044.68

Writing metrics: /scratch/midway3/rickybao/dreamerv3_runs/pretrain_apt_seed1/metrics.jsonlWriting metrics: /scratch/midway3/rickybao/dreamerv3_runs/pretrain_apt_seed1/scores.jsonl


--------------------[Agent Step 487_232]--------------------
Metrics filtered by: 'score|length|fps|ratio|train/loss/|train/rand/'
train/loss/con 0.02 / train/loss/dyn 5.19 / train/loss/height 8.7e-4 / train/loss/orientations 0.07 / train/loss/policy -7.8e-3 / train/loss/rep 5.19 / train/loss/value 1.34 / train/loss/velocity 0.72 / replay/replay_ratio 1040 / fps/policy 7.86 / fps/train 8044.2

Writing metrics: /scratch/midway3/rickybao/dreamerv3_runs/pretrain_apt_seed1/metrics.jsonl
Writing metrics: /scratch/midway3/rickybao/dreamerv3_runs/pretrain_apt_seed1/scores.jsonl

--------------------[Agent Step 488_176]--------------------
Metrics filtered by: 'score|length|fps|ratio|train/loss/|train/rand/'
train/loss/con 0.02 / train/loss/dyn 5.19 / train/loss/height 8.8e-4 / train/loss/orientations 0.07 / train/loss/policy 9.5e-4 / train/loss/rep 5.19 / train/loss/value 1.34 / train/loss/velocity 0.72 / replay/replay_ratio 1040 / fps/policy 7.86 / fps/train 8045.4

Writing metrics: /scratch/midway3/rickybao/dreamerv3_runs/pretrain_apt_seed1/metrics.jsonl
Writing metrics: /scratch/midway3/rickybao/dreamerv3_runs/pretrain_apt_seed1/scores.jsonl

--------------------[Agent Step 489_120]--------------------
Metrics filtered by: 'score|length|fps|ratio|train/loss/|train/rand/'
train/loss/con 0.02 / train/loss/dyn 5.17 / train/loss/height 8.6e-4 / train/loss/orientations 0.07 / train/loss/policy 4.2e-4 / train/loss/rep 5.17 / train/loss/value 1.34 / train/loss/velocity 0.72 / replay/replay_ratio 1040 / fps/policy 7.86 / fps/train 8044.74

Writing metrics: /scratch/midway3/rickybao/dreamerv3_runs/pretrain_apt_seed1/metrics.jsonlWriting metrics: /scratch/midway3/rickybao/dreamerv3_runs/pretrain_apt_seed1/scores.jsonl


--------------------[Agent Step 490_064]--------------------
Metrics filtered by: 'score|length|fps|ratio|train/loss/|train/rand/'
train/loss/con 0.02 / train/loss/dyn 5.19 / train/loss/height 8.6e-4 / train/loss/orientations 0.07 / train/loss/policy 2.5e-3 / train/loss/rep 5.19 / train/loss/value 1.34 / train/loss/velocity 0.72 / replay/replay_ratio 1040 / fps/policy 7.86 / fps/train 8045.13

Writing metrics: /scratch/midway3/rickybao/dreamerv3_runs/pretrain_apt_seed1/metrics.jsonlWriting metrics: /scratch/midway3/rickybao/dreamerv3_runs/pretrain_apt_seed1/scores.jsonl

Saving checkpoint: /scratch/midway3/rickybao/dreamerv3_runs/pretrain_apt_seed1/ckpt/20260517T174737F609574
Saved checkpoint.

--------------------[Agent Step 491_008]--------------------
Metrics filtered by: 'score|length|fps|ratio|train/loss/|train/rand/'
train/loss/con 0.02 / train/loss/dyn 5.17 / train/loss/height 8.6e-4 / train/loss/orientations 0.07 / train/loss/policy 2.8e-3 / train/loss/rep 5.17 / train/loss/value 1.34 / train/loss/velocity 0.71 / replay/replay_ratio 1040 / fps/policy 7.83 / fps/train 8017.52

Writing metrics: /scratch/midway3/rickybao/dreamerv3_runs/pretrain_apt_seed1/metrics.jsonlWriting metrics: /scratch/midway3/rickybao/dreamerv3_runs/pretrain_apt_seed1/scores.jsonl


--------------------[Agent Step 491_952]--------------------
Metrics filtered by: 'score|length|fps|ratio|train/loss/|train/rand/'
train/loss/con 0.02 / train/loss/dyn 5.19 / train/loss/height 8.7e-4 / train/loss/orientations 0.07 / train/loss/policy 3.6e-3 / train/loss/rep 5.19 / train/loss/value 1.34 / train/loss/velocity 0.72 / replay/replay_ratio 1040 / fps/policy 7.86 / fps/train 8045.75

Writing metrics: /scratch/midway3/rickybao/dreamerv3_runs/pretrain_apt_seed1/metrics.jsonlWriting metrics: /scratch/midway3/rickybao/dreamerv3_runs/pretrain_apt_seed1/scores.jsonl


--------------------[Agent Step 492_896]--------------------
Metrics filtered by: 'score|length|fps|ratio|train/loss/|train/rand/'
train/loss/con 0.02 / train/loss/dyn 5.17 / train/loss/height 8.7e-4 / train/loss/orientations 0.07 / train/loss/policy 1.4e-3 / train/loss/rep 5.17 / train/loss/value 1.34 / train/loss/velocity 0.72 / replay/replay_ratio 1040 / fps/policy 7.86 / fps/train 8045.63

Writing metrics: /scratch/midway3/rickybao/dreamerv3_runs/pretrain_apt_seed1/metrics.jsonlWriting metrics: /scratch/midway3/rickybao/dreamerv3_runs/pretrain_apt_seed1/scores.jsonl


--------------------[Agent Step 493_840]--------------------
Metrics filtered by: 'score|length|fps|ratio|train/loss/|train/rand/'
train/loss/con 0.02 / train/loss/dyn 5.18 / train/loss/height 8.7e-4 / train/loss/orientations 0.07 / train/loss/policy 2.4e-3 / train/loss/rep 5.18 / train/loss/value 1.34 / train/loss/velocity 0.72 / replay/replay_ratio 1040 / fps/policy 7.86 / fps/train 8044.38

Writing metrics: /scratch/midway3/rickybao/dreamerv3_runs/pretrain_apt_seed1/metrics.jsonlWriting metrics: /scratch/midway3/rickybao/dreamerv3_runs/pretrain_apt_seed1/scores.jsonl


--------------------[Agent Step 494_784]--------------------
Metrics filtered by: 'score|length|fps|ratio|train/loss/|train/rand/'
train/loss/con 0.02 / train/loss/dyn 5.17 / train/loss/height 8.7e-4 / train/loss/orientations 0.07 / train/loss/policy 1.5e-3 / train/loss/rep 5.17 / train/loss/value 1.34 / train/loss/velocity 0.71 / replay/replay_ratio 1040 / fps/policy 7.86 / fps/train 8043.95

Writing metrics: /scratch/midway3/rickybao/dreamerv3_runs/pretrain_apt_seed1/metrics.jsonlWriting metrics: /scratch/midway3/rickybao/dreamerv3_runs/pretrain_apt_seed1/scores.jsonl


--------------------[Agent Step 495_728]--------------------
Metrics filtered by: 'score|length|fps|ratio|train/loss/|train/rand/'
train/loss/con 0.02 / train/loss/dyn 5.17 / train/loss/height 8.6e-4 / train/loss/orientations 0.07 / train/loss/policy 1.6e-3 / train/loss/rep 5.17 / train/loss/value 1.34 / train/loss/velocity 0.72 / replay/replay_ratio 1040 / fps/policy 7.86 / fps/train 8044.21

Writing metrics: /scratch/midway3/rickybao/dreamerv3_runs/pretrain_apt_seed1/metrics.jsonlWriting metrics: /scratch/midway3/rickybao/dreamerv3_runs/pretrain_apt_seed1/scores.jsonl


--------------------[Agent Step 496_672]--------------------
Metrics filtered by: 'score|length|fps|ratio|train/loss/|train/rand/'
train/loss/con 0.02 / train/loss/dyn 5.17 / train/loss/height 8.7e-4 / train/loss/orientations 0.07 / train/loss/policy 1.7e-4 / train/loss/rep 5.17 / train/loss/value 1.34 / train/loss/velocity 0.71 / replay/replay_ratio 1040 / fps/policy 7.86 / fps/train 8044.67

Writing metrics: /scratch/midway3/rickybao/dreamerv3_runs/pretrain_apt_seed1/metrics.jsonlWriting metrics: /scratch/midway3/rickybao/dreamerv3_runs/pretrain_apt_seed1/scores.jsonl


--------------------[Agent Step 497_616]--------------------
Metrics filtered by: 'score|length|fps|ratio|train/loss/|train/rand/'
episode/score 81.42 / episode/length 1001 / train/loss/con 0.02 / train/loss/dyn 5.17 / train/loss/height 8.5e-4 / train/loss/orientations 0.07 / train/loss/policy 2.5e-3 / train/loss/rep 5.17 / train/loss/value 1.34 / train/loss/velocity 0.71 / replay/replay_ratio 1040 / fps/policy 7.85 / fps/train 8043.41

Writing metrics: /scratch/midway3/rickybao/dreamerv3_runs/pretrain_apt_seed1/metrics.jsonlWriting metrics: /scratch/midway3/rickybao/dreamerv3_runs/pretrain_apt_seed1/scores.jsonl

Saving checkpoint: /scratch/midway3/rickybao/dreamerv3_runs/pretrain_apt_seed1/ckpt/20260517T180238F226879
Saved checkpoint.

--------------------[Agent Step 498_560]--------------------
Metrics filtered by: 'score|length|fps|ratio|train/loss/|train/rand/'
train/loss/con 0.02 / train/loss/dyn 5.16 / train/loss/height 8.5e-4 / train/loss/orientations 0.07 / train/loss/policy 2.4e-3 / train/loss/rep 5.16 / train/loss/value 1.34 / train/loss/velocity 0.71 / replay/replay_ratio 1040 / fps/policy 7.83 / fps/train 8021.04

Writing metrics: /scratch/midway3/rickybao/dreamerv3_runs/pretrain_apt_seed1/scores.jsonlWriting metrics: /scratch/midway3/rickybao/dreamerv3_runs/pretrain_apt_seed1/metrics.jsonl


--------------------[Agent Step 499_504]--------------------
Metrics filtered by: 'score|length|fps|ratio|train/loss/|train/rand/'
train/loss/con 0.02 / train/loss/dyn 5.15 / train/loss/height 8.4e-4 / train/loss/orientations 0.07 / train/loss/policy -3.7e-4 / train/loss/rep 5.15 / train/loss/value 1.34 / train/loss/velocity 0.71 / replay/replay_ratio 1040 / fps/policy 7.86 / fps/train 8044.25

Writing metrics: /scratch/midway3/rickybao/dreamerv3_runs/pretrain_apt_seed1/metrics.jsonlWriting metrics: /scratch/midway3/rickybao/dreamerv3_runs/pretrain_apt_seed1/scores.jsonl

Pretraining finished
End time: Sun May 17 18:07:13 CDT 2026
Checkpoint + replay: /scratch/midway3/rickybao/dreamerv3_runs/pretrain_apt_seed1
