nohup: ignoring input
Observations
  reward           Space(float32, shape=(), low=-inf, high=inf)
  is_first         Space(bool, shape=(), low=False, high=True)
  is_last          Space(bool, shape=(), low=False, high=True)
  is_terminal      Space(bool, shape=(), low=False, high=True)
  position         Space(float32, shape=(4,), low=-inf, high=inf)
  velocity         Space(float32, shape=(3,), low=-inf, high=inf)
  touch            Space(float32, shape=(2,), low=-inf, high=inf)
  target_position  Space(float32, shape=(2,), low=-inf, high=inf)
  dist_to_target   Space(float32, shape=(), low=-inf, high=inf)
Actions
  action           Space(float32, shape=(2,), low=-1.0, high=1.0)
Extras
  consec           Space(int32, shape=(), low=-2147483648, high=2147483647)
  stepid           Space(uint8, shape=(20,), low=0, high=255)
  dyn/deter        Space(float32, shape=(512,), low=-inf, high=inf)
  dyn/stoch        Space(float32, shape=(32, 4), low=-inf, high=inf)
JAX devices (1): [cuda:0]
Policy devices: cuda:0
Train devices:  cuda:0
Initializing parameters...
/workspace/dreamerv3/embodied/jax/agent.py:112: DeprecationWarning: `with mesh:` context manager has been deprecated. Please use `with jax.set_mesh(mesh):` instead.
  with self.train_mesh:
Optimizer opt has 214,723 params:
        66,111 val
        57,663 rew
        49,796 pol
        41,153 con
/workspace/conda_envs/dreamerv3/lib/python3.11/site-packages/optax/_src/linear_algebra.py:44: DeprecationWarning: optax.global_norm is deprecated in favor of optax.tree.norm
  warnings.warn(
Done initializing!
Compiling 1 checkpoint groups...
Largest checkpoint group: 0 GB
Loading checkpoint: /workspace/goodhart_runs/adapt_p2elong_finger_seed1_ckpt500000/ckpt/20260711T040721F002376
Loaded checkpoint.
Observations
  reward           Space(float32, shape=(), low=-inf, high=inf)
  is_first         Space(bool, shape=(), low=False, high=True)
  is_last          Space(bool, shape=(), low=False, high=True)
  is_terminal      Space(bool, shape=(), low=False, high=True)
  position         Space(float32, shape=(4,), low=-inf, high=inf)
  velocity         Space(float32, shape=(3,), low=-inf, high=inf)
  touch            Space(float32, shape=(2,), low=-inf, high=inf)
  target_position  Space(float32, shape=(2,), low=-inf, high=inf)
  dist_to_target   Space(float32, shape=(), low=-inf, high=inf)
Actions
  action           Space(float32, shape=(2,), low=-1.0, high=1.0)
Extras
  consec           Space(int32, shape=(), low=-2147483648, high=2147483647)
  stepid           Space(uint8, shape=(20,), low=0, high=255)
  dyn/deter        Space(float32, shape=(512,), low=-inf, high=inf)
  dyn/stoch        Space(float32, shape=(32, 4), low=-inf, high=inf)
JAX devices (1): [cuda:0]
Policy devices: cuda:0
Train devices:  cuda:0
Initializing parameters...
/workspace/dreamerv3/embodied/jax/agent.py:112: DeprecationWarning: `with mesh:` context manager has been deprecated. Please use `with jax.set_mesh(mesh):` instead.
  with self.train_mesh:
Optimizer opt has 214,723 params:
        66,111 val
        57,663 rew
        49,796 pol
        41,153 con
/workspace/conda_envs/dreamerv3/lib/python3.11/site-packages/optax/_src/linear_algebra.py:44: DeprecationWarning: optax.global_norm is deprecated in favor of optax.tree.norm
  warnings.warn(
Done initializing!
Compiling 1 checkpoint groups...
Largest checkpoint group: 0 GB
Loading checkpoint: /workspace/goodhart_runs/adapt_apt_finger_seed1_ckpt500000/ckpt/20260706T035801F740967
Loaded checkpoint.
adapt_apt_finger_seed1_ckpt500000: M-return 0.90 (median 0.88, survived 1.00) -> /workspace/goodhart_runs/goodhart_p2elong/eval_adapt_apt_finger_seed1_ckpt500000.json
Observations
  reward           Space(float32, shape=(), low=-inf, high=inf)
  is_first         Space(bool, shape=(), low=False, high=True)
  is_last          Space(bool, shape=(), low=False, high=True)
  is_terminal      Space(bool, shape=(), low=False, high=True)
  position         Space(float32, shape=(4,), low=-inf, high=inf)
  velocity         Space(float32, shape=(3,), low=-inf, high=inf)
  touch            Space(float32, shape=(2,), low=-inf, high=inf)
  target_position  Space(float32, shape=(2,), low=-inf, high=inf)
  dist_to_target   Space(float32, shape=(), low=-inf, high=inf)
Actions
  action           Space(float32, shape=(2,), low=-1.0, high=1.0)
Extras
  consec           Space(int32, shape=(), low=-2147483648, high=2147483647)
  stepid           Space(uint8, shape=(20,), low=0, high=255)
  dyn/deter        Space(float32, shape=(512,), low=-inf, high=inf)
  dyn/stoch        Space(float32, shape=(32, 4), low=-inf, high=inf)
JAX devices (1): [cuda:0]
Policy devices: cuda:0
Train devices:  cuda:0
Initializing parameters...
/workspace/dreamerv3/embodied/jax/agent.py:112: DeprecationWarning: `with mesh:` context manager has been deprecated. Please use `with jax.set_mesh(mesh):` instead.
  with self.train_mesh:
Optimizer opt has 214,723 params:
        66,111 val
        57,663 rew
        49,796 pol
        41,153 con
/workspace/conda_envs/dreamerv3/lib/python3.11/site-packages/optax/_src/linear_algebra.py:44: DeprecationWarning: optax.global_norm is deprecated in favor of optax.tree.norm
  warnings.warn(
Done initializing!
Compiling 1 checkpoint groups...
Largest checkpoint group: 0 GB
Loading checkpoint: /workspace/goodhart_runs/adapt_p2elong_finger_seed1_ckpt500000/ckpt/20260711T040721F002376
Loaded checkpoint.
Observations
  reward           Space(float32, shape=(), low=-inf, high=inf)
  is_first         Space(bool, shape=(), low=False, high=True)
  is_last          Space(bool, shape=(), low=False, high=True)
  is_terminal      Space(bool, shape=(), low=False, high=True)
  position         Space(float32, shape=(4,), low=-inf, high=inf)
  velocity         Space(float32, shape=(3,), low=-inf, high=inf)
  touch            Space(float32, shape=(2,), low=-inf, high=inf)
  target_position  Space(float32, shape=(2,), low=-inf, high=inf)
  dist_to_target   Space(float32, shape=(), low=-inf, high=inf)
Actions
  action           Space(float32, shape=(2,), low=-1.0, high=1.0)
Extras
  consec           Space(int32, shape=(), low=-2147483648, high=2147483647)
  stepid           Space(uint8, shape=(20,), low=0, high=255)
  dyn/deter        Space(float32, shape=(512,), low=-inf, high=inf)
  dyn/stoch        Space(float32, shape=(32, 4), low=-inf, high=inf)
JAX devices (1): [cuda:0]
Policy devices: cuda:0
Train devices:  cuda:0
Initializing parameters...
/workspace/dreamerv3/embodied/jax/agent.py:112: DeprecationWarning: `with mesh:` context manager has been deprecated. Please use `with jax.set_mesh(mesh):` instead.
  with self.train_mesh:
Optimizer opt has 214,723 params:
        66,111 val
        57,663 rew
        49,796 pol
        41,153 con
/workspace/conda_envs/dreamerv3/lib/python3.11/site-packages/optax/_src/linear_algebra.py:44: DeprecationWarning: optax.global_norm is deprecated in favor of optax.tree.norm
  warnings.warn(
Done initializing!
Compiling 1 checkpoint groups...
Largest checkpoint group: 0 GB
Loading checkpoint: /workspace/goodhart_runs/adapt_apt_finger_seed2_ckpt500000/ckpt/20260706T084244F004232
Loaded checkpoint.
adapt_apt_finger_seed2_ckpt500000: M-return 2.54 (median 2.52, survived 1.00) -> /workspace/goodhart_runs/goodhart_p2elong/eval_adapt_apt_finger_seed2_ckpt500000.json
Observations
  reward           Space(float32, shape=(), low=-inf, high=inf)
  is_first         Space(bool, shape=(), low=False, high=True)
  is_last          Space(bool, shape=(), low=False, high=True)
  is_terminal      Space(bool, shape=(), low=False, high=True)
  position         Space(float32, shape=(4,), low=-inf, high=inf)
  velocity         Space(float32, shape=(3,), low=-inf, high=inf)
  touch            Space(float32, shape=(2,), low=-inf, high=inf)
  target_position  Space(float32, shape=(2,), low=-inf, high=inf)
  dist_to_target   Space(float32, shape=(), low=-inf, high=inf)
Actions
  action           Space(float32, shape=(2,), low=-1.0, high=1.0)
Extras
  consec           Space(int32, shape=(), low=-2147483648, high=2147483647)
  stepid           Space(uint8, shape=(20,), low=0, high=255)
  dyn/deter        Space(float32, shape=(512,), low=-inf, high=inf)
  dyn/stoch        Space(float32, shape=(32, 4), low=-inf, high=inf)
JAX devices (1): [cuda:0]
Policy devices: cuda:0
Train devices:  cuda:0
Initializing parameters...
/workspace/dreamerv3/embodied/jax/agent.py:112: DeprecationWarning: `with mesh:` context manager has been deprecated. Please use `with jax.set_mesh(mesh):` instead.
  with self.train_mesh:
Optimizer opt has 214,723 params:
        66,111 val
        57,663 rew
        49,796 pol
        41,153 con
/workspace/conda_envs/dreamerv3/lib/python3.11/site-packages/optax/_src/linear_algebra.py:44: DeprecationWarning: optax.global_norm is deprecated in favor of optax.tree.norm
  warnings.warn(
Done initializing!
Compiling 1 checkpoint groups...
Largest checkpoint group: 0 GB
Loading checkpoint: /workspace/goodhart_runs/adapt_p2elong_finger_seed1_ckpt500000/ckpt/20260711T040721F002376
Loaded checkpoint.
Observations
  reward           Space(float32, shape=(), low=-inf, high=inf)
  is_first         Space(bool, shape=(), low=False, high=True)
  is_last          Space(bool, shape=(), low=False, high=True)
  is_terminal      Space(bool, shape=(), low=False, high=True)
  position         Space(float32, shape=(4,), low=-inf, high=inf)
  velocity         Space(float32, shape=(3,), low=-inf, high=inf)
  touch            Space(float32, shape=(2,), low=-inf, high=inf)
  target_position  Space(float32, shape=(2,), low=-inf, high=inf)
  dist_to_target   Space(float32, shape=(), low=-inf, high=inf)
Actions
  action           Space(float32, shape=(2,), low=-1.0, high=1.0)
Extras
  consec           Space(int32, shape=(), low=-2147483648, high=2147483647)
  stepid           Space(uint8, shape=(20,), low=0, high=255)
  dyn/deter        Space(float32, shape=(512,), low=-inf, high=inf)
  dyn/stoch        Space(float32, shape=(32, 4), low=-inf, high=inf)
JAX devices (1): [cuda:0]
Policy devices: cuda:0
Train devices:  cuda:0
Initializing parameters...
/workspace/dreamerv3/embodied/jax/agent.py:112: DeprecationWarning: `with mesh:` context manager has been deprecated. Please use `with jax.set_mesh(mesh):` instead.
  with self.train_mesh:
Optimizer opt has 214,723 params:
        66,111 val
        57,663 rew
        49,796 pol
        41,153 con
/workspace/conda_envs/dreamerv3/lib/python3.11/site-packages/optax/_src/linear_algebra.py:44: DeprecationWarning: optax.global_norm is deprecated in favor of optax.tree.norm
  warnings.warn(
Done initializing!
Compiling 1 checkpoint groups...
Largest checkpoint group: 0 GB
Loading checkpoint: /workspace/goodhart_runs/adapt_apt_finger_seed3_ckpt500000/ckpt/20260707T112001F475375
Loaded checkpoint.
adapt_apt_finger_seed3_ckpt500000: M-return 0.70 (median 0.67, survived 1.00) -> /workspace/goodhart_runs/goodhart_p2elong/eval_adapt_apt_finger_seed3_ckpt500000.json
Observations
  reward           Space(float32, shape=(), low=-inf, high=inf)
  is_first         Space(bool, shape=(), low=False, high=True)
  is_last          Space(bool, shape=(), low=False, high=True)
  is_terminal      Space(bool, shape=(), low=False, high=True)
  position         Space(float32, shape=(4,), low=-inf, high=inf)
  velocity         Space(float32, shape=(3,), low=-inf, high=inf)
  touch            Space(float32, shape=(2,), low=-inf, high=inf)
  target_position  Space(float32, shape=(2,), low=-inf, high=inf)
  dist_to_target   Space(float32, shape=(), low=-inf, high=inf)
Actions
  action           Space(float32, shape=(2,), low=-1.0, high=1.0)
Extras
  consec           Space(int32, shape=(), low=-2147483648, high=2147483647)
  stepid           Space(uint8, shape=(20,), low=0, high=255)
  dyn/deter        Space(float32, shape=(512,), low=-inf, high=inf)
  dyn/stoch        Space(float32, shape=(32, 4), low=-inf, high=inf)
JAX devices (1): [cuda:0]
Policy devices: cuda:0
Train devices:  cuda:0
Initializing parameters...
/workspace/dreamerv3/embodied/jax/agent.py:112: DeprecationWarning: `with mesh:` context manager has been deprecated. Please use `with jax.set_mesh(mesh):` instead.
  with self.train_mesh:
Optimizer opt has 214,723 params:
        66,111 val
        57,663 rew
        49,796 pol
        41,153 con
/workspace/conda_envs/dreamerv3/lib/python3.11/site-packages/optax/_src/linear_algebra.py:44: DeprecationWarning: optax.global_norm is deprecated in favor of optax.tree.norm
  warnings.warn(
Done initializing!
Compiling 1 checkpoint groups...
Largest checkpoint group: 0 GB
Loading checkpoint: /workspace/goodhart_runs/adapt_p2elong_finger_seed1_ckpt500000/ckpt/20260711T040721F002376
Loaded checkpoint.
Observations
  reward           Space(float32, shape=(), low=-inf, high=inf)
  is_first         Space(bool, shape=(), low=False, high=True)
  is_last          Space(bool, shape=(), low=False, high=True)
  is_terminal      Space(bool, shape=(), low=False, high=True)
  position         Space(float32, shape=(4,), low=-inf, high=inf)
  velocity         Space(float32, shape=(3,), low=-inf, high=inf)
  touch            Space(float32, shape=(2,), low=-inf, high=inf)
  target_position  Space(float32, shape=(2,), low=-inf, high=inf)
  dist_to_target   Space(float32, shape=(), low=-inf, high=inf)
Actions
  action           Space(float32, shape=(2,), low=-1.0, high=1.0)
Extras
  consec           Space(int32, shape=(), low=-2147483648, high=2147483647)
  stepid           Space(uint8, shape=(20,), low=0, high=255)
  dyn/deter        Space(float32, shape=(512,), low=-inf, high=inf)
  dyn/stoch        Space(float32, shape=(32, 4), low=-inf, high=inf)
JAX devices (1): [cuda:0]
Policy devices: cuda:0
Train devices:  cuda:0
Initializing parameters...
/workspace/dreamerv3/embodied/jax/agent.py:112: DeprecationWarning: `with mesh:` context manager has been deprecated. Please use `with jax.set_mesh(mesh):` instead.
  with self.train_mesh:
Optimizer opt has 214,723 params:
        66,111 val
        57,663 rew
        49,796 pol
        41,153 con
/workspace/conda_envs/dreamerv3/lib/python3.11/site-packages/optax/_src/linear_algebra.py:44: DeprecationWarning: optax.global_norm is deprecated in favor of optax.tree.norm
  warnings.warn(
Done initializing!
Compiling 1 checkpoint groups...
Largest checkpoint group: 0 GB
Loading checkpoint: /workspace/goodhart_runs/adapt_apt_finger_seed4_ckpt500000/ckpt/20260706T132845F043358
Loaded checkpoint.
adapt_apt_finger_seed4_ckpt500000: M-return 1.34 (median 1.29, survived 1.00) -> /workspace/goodhart_runs/goodhart_p2elong/eval_adapt_apt_finger_seed4_ckpt500000.json
Observations
  reward           Space(float32, shape=(), low=-inf, high=inf)
  is_first         Space(bool, shape=(), low=False, high=True)
  is_last          Space(bool, shape=(), low=False, high=True)
  is_terminal      Space(bool, shape=(), low=False, high=True)
  position         Space(float32, shape=(4,), low=-inf, high=inf)
  velocity         Space(float32, shape=(3,), low=-inf, high=inf)
  touch            Space(float32, shape=(2,), low=-inf, high=inf)
  target_position  Space(float32, shape=(2,), low=-inf, high=inf)
  dist_to_target   Space(float32, shape=(), low=-inf, high=inf)
Actions
  action           Space(float32, shape=(2,), low=-1.0, high=1.0)
Extras
  consec           Space(int32, shape=(), low=-2147483648, high=2147483647)
  stepid           Space(uint8, shape=(20,), low=0, high=255)
  dyn/deter        Space(float32, shape=(512,), low=-inf, high=inf)
  dyn/stoch        Space(float32, shape=(32, 4), low=-inf, high=inf)
JAX devices (1): [cuda:0]
Policy devices: cuda:0
Train devices:  cuda:0
Initializing parameters...
/workspace/dreamerv3/embodied/jax/agent.py:112: DeprecationWarning: `with mesh:` context manager has been deprecated. Please use `with jax.set_mesh(mesh):` instead.
  with self.train_mesh:
Optimizer opt has 214,723 params:
        66,111 val
        57,663 rew
        49,796 pol
        41,153 con
/workspace/conda_envs/dreamerv3/lib/python3.11/site-packages/optax/_src/linear_algebra.py:44: DeprecationWarning: optax.global_norm is deprecated in favor of optax.tree.norm
  warnings.warn(
Done initializing!
Compiling 1 checkpoint groups...
Largest checkpoint group: 0 GB
Loading checkpoint: /workspace/goodhart_runs/adapt_p2elong_finger_seed1_ckpt500000/ckpt/20260711T040721F002376
Loaded checkpoint.
Observations
  reward           Space(float32, shape=(), low=-inf, high=inf)
  is_first         Space(bool, shape=(), low=False, high=True)
  is_last          Space(bool, shape=(), low=False, high=True)
  is_terminal      Space(bool, shape=(), low=False, high=True)
  position         Space(float32, shape=(4,), low=-inf, high=inf)
  velocity         Space(float32, shape=(3,), low=-inf, high=inf)
  touch            Space(float32, shape=(2,), low=-inf, high=inf)
  target_position  Space(float32, shape=(2,), low=-inf, high=inf)
  dist_to_target   Space(float32, shape=(), low=-inf, high=inf)
Actions
  action           Space(float32, shape=(2,), low=-1.0, high=1.0)
Extras
  consec           Space(int32, shape=(), low=-2147483648, high=2147483647)
  stepid           Space(uint8, shape=(20,), low=0, high=255)
  dyn/deter        Space(float32, shape=(512,), low=-inf, high=inf)
  dyn/stoch        Space(float32, shape=(32, 4), low=-inf, high=inf)
JAX devices (1): [cuda:0]
Policy devices: cuda:0
Train devices:  cuda:0
Initializing parameters...
/workspace/dreamerv3/embodied/jax/agent.py:112: DeprecationWarning: `with mesh:` context manager has been deprecated. Please use `with jax.set_mesh(mesh):` instead.
  with self.train_mesh:
Optimizer opt has 214,723 params:
        66,111 val
        57,663 rew
        49,796 pol
        41,153 con
/workspace/conda_envs/dreamerv3/lib/python3.11/site-packages/optax/_src/linear_algebra.py:44: DeprecationWarning: optax.global_norm is deprecated in favor of optax.tree.norm
  warnings.warn(
Done initializing!
Compiling 1 checkpoint groups...
Largest checkpoint group: 0 GB
Loading checkpoint: /workspace/goodhart_runs/adapt_apt_finger_seed5_ckpt500000/ckpt/20260706T181505F269815
Loaded checkpoint.
adapt_apt_finger_seed5_ckpt500000: M-return 1.73 (median 1.84, survived 1.00) -> /workspace/goodhart_runs/goodhart_p2elong/eval_adapt_apt_finger_seed5_ckpt500000.json
Observations
  reward           Space(float32, shape=(), low=-inf, high=inf)
  is_first         Space(bool, shape=(), low=False, high=True)
  is_last          Space(bool, shape=(), low=False, high=True)
  is_terminal      Space(bool, shape=(), low=False, high=True)
  position         Space(float32, shape=(4,), low=-inf, high=inf)
  velocity         Space(float32, shape=(3,), low=-inf, high=inf)
  touch            Space(float32, shape=(2,), low=-inf, high=inf)
  target_position  Space(float32, shape=(2,), low=-inf, high=inf)
  dist_to_target   Space(float32, shape=(), low=-inf, high=inf)
Actions
  action           Space(float32, shape=(2,), low=-1.0, high=1.0)
Extras
  consec           Space(int32, shape=(), low=-2147483648, high=2147483647)
  stepid           Space(uint8, shape=(20,), low=0, high=255)
  dyn/deter        Space(float32, shape=(512,), low=-inf, high=inf)
  dyn/stoch        Space(float32, shape=(32, 4), low=-inf, high=inf)
JAX devices (1): [cuda:0]
Policy devices: cuda:0
Train devices:  cuda:0
Initializing parameters...
/workspace/dreamerv3/embodied/jax/agent.py:112: DeprecationWarning: `with mesh:` context manager has been deprecated. Please use `with jax.set_mesh(mesh):` instead.
  with self.train_mesh:
Optimizer opt has 214,723 params:
        66,111 val
        57,663 rew
        49,796 pol
        41,153 con
/workspace/conda_envs/dreamerv3/lib/python3.11/site-packages/optax/_src/linear_algebra.py:44: DeprecationWarning: optax.global_norm is deprecated in favor of optax.tree.norm
  warnings.warn(
Done initializing!
Compiling 1 checkpoint groups...
Largest checkpoint group: 0 GB
Loading checkpoint: /workspace/goodhart_runs/adapt_p2elong_finger_seed1_ckpt500000/ckpt/20260711T040721F002376
Loaded checkpoint.
Observations
  reward           Space(float32, shape=(), low=-inf, high=inf)
  is_first         Space(bool, shape=(), low=False, high=True)
  is_last          Space(bool, shape=(), low=False, high=True)
  is_terminal      Space(bool, shape=(), low=False, high=True)
  position         Space(float32, shape=(4,), low=-inf, high=inf)
  velocity         Space(float32, shape=(3,), low=-inf, high=inf)
  touch            Space(float32, shape=(2,), low=-inf, high=inf)
  target_position  Space(float32, shape=(2,), low=-inf, high=inf)
  dist_to_target   Space(float32, shape=(), low=-inf, high=inf)
Actions
  action           Space(float32, shape=(2,), low=-1.0, high=1.0)
Extras
  consec           Space(int32, shape=(), low=-2147483648, high=2147483647)
  stepid           Space(uint8, shape=(20,), low=0, high=255)
  dyn/deter        Space(float32, shape=(512,), low=-inf, high=inf)
  dyn/stoch        Space(float32, shape=(32, 4), low=-inf, high=inf)
JAX devices (1): [cuda:0]
Policy devices: cuda:0
Train devices:  cuda:0
Initializing parameters...
/workspace/dreamerv3/embodied/jax/agent.py:112: DeprecationWarning: `with mesh:` context manager has been deprecated. Please use `with jax.set_mesh(mesh):` instead.
  with self.train_mesh:
Optimizer opt has 214,723 params:
        66,111 val
        57,663 rew
        49,796 pol
        41,153 con
/workspace/conda_envs/dreamerv3/lib/python3.11/site-packages/optax/_src/linear_algebra.py:44: DeprecationWarning: optax.global_norm is deprecated in favor of optax.tree.norm
  warnings.warn(
Done initializing!
Compiling 1 checkpoint groups...
Largest checkpoint group: 0 GB
Loading checkpoint: /workspace/goodhart_runs/adapt_ax1fq1s0_finger_seed10_ckpt500000/ckpt/20260714T021852F590883
Loaded checkpoint.
adapt_ax1fq1s0_finger_seed10_ckpt500000: M-return 0.77 (median 0.69, survived 1.00) -> /workspace/goodhart_runs/goodhart_p2elong/eval_adapt_ax1fq1s0_finger_seed10_ckpt500000.json
Observations
  reward           Space(float32, shape=(), low=-inf, high=inf)
  is_first         Space(bool, shape=(), low=False, high=True)
  is_last          Space(bool, shape=(), low=False, high=True)
  is_terminal      Space(bool, shape=(), low=False, high=True)
  position         Space(float32, shape=(4,), low=-inf, high=inf)
  velocity         Space(float32, shape=(3,), low=-inf, high=inf)
  touch            Space(float32, shape=(2,), low=-inf, high=inf)
  target_position  Space(float32, shape=(2,), low=-inf, high=inf)
  dist_to_target   Space(float32, shape=(), low=-inf, high=inf)
Actions
  action           Space(float32, shape=(2,), low=-1.0, high=1.0)
Extras
  consec           Space(int32, shape=(), low=-2147483648, high=2147483647)
  stepid           Space(uint8, shape=(20,), low=0, high=255)
  dyn/deter        Space(float32, shape=(512,), low=-inf, high=inf)
  dyn/stoch        Space(float32, shape=(32, 4), low=-inf, high=inf)
JAX devices (1): [cuda:0]
Policy devices: cuda:0
Train devices:  cuda:0
Initializing parameters...
/workspace/dreamerv3/embodied/jax/agent.py:112: DeprecationWarning: `with mesh:` context manager has been deprecated. Please use `with jax.set_mesh(mesh):` instead.
  with self.train_mesh:
Optimizer opt has 214,723 params:
        66,111 val
        57,663 rew
        49,796 pol
        41,153 con
/workspace/conda_envs/dreamerv3/lib/python3.11/site-packages/optax/_src/linear_algebra.py:44: DeprecationWarning: optax.global_norm is deprecated in favor of optax.tree.norm
  warnings.warn(
Done initializing!
Compiling 1 checkpoint groups...
Largest checkpoint group: 0 GB
Loading checkpoint: /workspace/goodhart_runs/adapt_p2elong_finger_seed1_ckpt500000/ckpt/20260711T040721F002376
Loaded checkpoint.
Observations
  reward           Space(float32, shape=(), low=-inf, high=inf)
  is_first         Space(bool, shape=(), low=False, high=True)
  is_last          Space(bool, shape=(), low=False, high=True)
  is_terminal      Space(bool, shape=(), low=False, high=True)
  position         Space(float32, shape=(4,), low=-inf, high=inf)
  velocity         Space(float32, shape=(3,), low=-inf, high=inf)
  touch            Space(float32, shape=(2,), low=-inf, high=inf)
  target_position  Space(float32, shape=(2,), low=-inf, high=inf)
  dist_to_target   Space(float32, shape=(), low=-inf, high=inf)
Actions
  action           Space(float32, shape=(2,), low=-1.0, high=1.0)
Extras
  consec           Space(int32, shape=(), low=-2147483648, high=2147483647)
  stepid           Space(uint8, shape=(20,), low=0, high=255)
  dyn/deter        Space(float32, shape=(512,), low=-inf, high=inf)
  dyn/stoch        Space(float32, shape=(32, 4), low=-inf, high=inf)
JAX devices (1): [cuda:0]
Policy devices: cuda:0
Train devices:  cuda:0
Initializing parameters...
/workspace/dreamerv3/embodied/jax/agent.py:112: DeprecationWarning: `with mesh:` context manager has been deprecated. Please use `with jax.set_mesh(mesh):` instead.
  with self.train_mesh:
Optimizer opt has 214,723 params:
        66,111 val
        57,663 rew
        49,796 pol
        41,153 con
/workspace/conda_envs/dreamerv3/lib/python3.11/site-packages/optax/_src/linear_algebra.py:44: DeprecationWarning: optax.global_norm is deprecated in favor of optax.tree.norm
  warnings.warn(
Done initializing!
Compiling 1 checkpoint groups...
Largest checkpoint group: 0 GB
Loading checkpoint: /workspace/goodhart_runs/adapt_ax1fq1s0_finger_seed11_ckpt500000/ckpt/20260714T021651F975480
Loaded checkpoint.
adapt_ax1fq1s0_finger_seed11_ckpt500000: M-return 2.15 (median 2.06, survived 1.00) -> /workspace/goodhart_runs/goodhart_p2elong/eval_adapt_ax1fq1s0_finger_seed11_ckpt500000.json
Observations
  reward           Space(float32, shape=(), low=-inf, high=inf)
  is_first         Space(bool, shape=(), low=False, high=True)
  is_last          Space(bool, shape=(), low=False, high=True)
  is_terminal      Space(bool, shape=(), low=False, high=True)
  position         Space(float32, shape=(4,), low=-inf, high=inf)
  velocity         Space(float32, shape=(3,), low=-inf, high=inf)
  touch            Space(float32, shape=(2,), low=-inf, high=inf)
  target_position  Space(float32, shape=(2,), low=-inf, high=inf)
  dist_to_target   Space(float32, shape=(), low=-inf, high=inf)
Actions
  action           Space(float32, shape=(2,), low=-1.0, high=1.0)
Extras
  consec           Space(int32, shape=(), low=-2147483648, high=2147483647)
  stepid           Space(uint8, shape=(20,), low=0, high=255)
  dyn/deter        Space(float32, shape=(512,), low=-inf, high=inf)
  dyn/stoch        Space(float32, shape=(32, 4), low=-inf, high=inf)
JAX devices (1): [cuda:0]
Policy devices: cuda:0
Train devices:  cuda:0
Initializing parameters...
/workspace/dreamerv3/embodied/jax/agent.py:112: DeprecationWarning: `with mesh:` context manager has been deprecated. Please use `with jax.set_mesh(mesh):` instead.
  with self.train_mesh:
Optimizer opt has 214,723 params:
        66,111 val
        57,663 rew
        49,796 pol
        41,153 con
/workspace/conda_envs/dreamerv3/lib/python3.11/site-packages/optax/_src/linear_algebra.py:44: DeprecationWarning: optax.global_norm is deprecated in favor of optax.tree.norm
  warnings.warn(
Done initializing!
Compiling 1 checkpoint groups...
Largest checkpoint group: 0 GB
Loading checkpoint: /workspace/goodhart_runs/adapt_p2elong_finger_seed1_ckpt500000/ckpt/20260711T040721F002376
Loaded checkpoint.
Observations
  reward           Space(float32, shape=(), low=-inf, high=inf)
  is_first         Space(bool, shape=(), low=False, high=True)
  is_last          Space(bool, shape=(), low=False, high=True)
  is_terminal      Space(bool, shape=(), low=False, high=True)
  position         Space(float32, shape=(4,), low=-inf, high=inf)
  velocity         Space(float32, shape=(3,), low=-inf, high=inf)
  touch            Space(float32, shape=(2,), low=-inf, high=inf)
  target_position  Space(float32, shape=(2,), low=-inf, high=inf)
  dist_to_target   Space(float32, shape=(), low=-inf, high=inf)
Actions
  action           Space(float32, shape=(2,), low=-1.0, high=1.0)
Extras
  consec           Space(int32, shape=(), low=-2147483648, high=2147483647)
  stepid           Space(uint8, shape=(20,), low=0, high=255)
  dyn/deter        Space(float32, shape=(512,), low=-inf, high=inf)
  dyn/stoch        Space(float32, shape=(32, 4), low=-inf, high=inf)
JAX devices (1): [cuda:0]
Policy devices: cuda:0
Train devices:  cuda:0
Initializing parameters...
/workspace/dreamerv3/embodied/jax/agent.py:112: DeprecationWarning: `with mesh:` context manager has been deprecated. Please use `with jax.set_mesh(mesh):` instead.
  with self.train_mesh:
Optimizer opt has 214,723 params:
        66,111 val
        57,663 rew
        49,796 pol
        41,153 con
/workspace/conda_envs/dreamerv3/lib/python3.11/site-packages/optax/_src/linear_algebra.py:44: DeprecationWarning: optax.global_norm is deprecated in favor of optax.tree.norm
  warnings.warn(
Done initializing!
Compiling 1 checkpoint groups...
Largest checkpoint group: 0 GB
Loading checkpoint: /workspace/goodhart_runs/adapt_ax1fq1s0_finger_seed12_ckpt500000/ckpt/20260714T021755F759348
Loaded checkpoint.
adapt_ax1fq1s0_finger_seed12_ckpt500000: M-return 1.96 (median 1.90, survived 1.00) -> /workspace/goodhart_runs/goodhart_p2elong/eval_adapt_ax1fq1s0_finger_seed12_ckpt500000.json
Observations
  reward           Space(float32, shape=(), low=-inf, high=inf)
  is_first         Space(bool, shape=(), low=False, high=True)
  is_last          Space(bool, shape=(), low=False, high=True)
  is_terminal      Space(bool, shape=(), low=False, high=True)
  position         Space(float32, shape=(4,), low=-inf, high=inf)
  velocity         Space(float32, shape=(3,), low=-inf, high=inf)
  touch            Space(float32, shape=(2,), low=-inf, high=inf)
  target_position  Space(float32, shape=(2,), low=-inf, high=inf)
  dist_to_target   Space(float32, shape=(), low=-inf, high=inf)
Actions
  action           Space(float32, shape=(2,), low=-1.0, high=1.0)
Extras
  consec           Space(int32, shape=(), low=-2147483648, high=2147483647)
  stepid           Space(uint8, shape=(20,), low=0, high=255)
  dyn/deter        Space(float32, shape=(512,), low=-inf, high=inf)
  dyn/stoch        Space(float32, shape=(32, 4), low=-inf, high=inf)
JAX devices (1): [cuda:0]
Policy devices: cuda:0
Train devices:  cuda:0
Initializing parameters...
/workspace/dreamerv3/embodied/jax/agent.py:112: DeprecationWarning: `with mesh:` context manager has been deprecated. Please use `with jax.set_mesh(mesh):` instead.
  with self.train_mesh:
Optimizer opt has 214,723 params:
        66,111 val
        57,663 rew
        49,796 pol
        41,153 con
/workspace/conda_envs/dreamerv3/lib/python3.11/site-packages/optax/_src/linear_algebra.py:44: DeprecationWarning: optax.global_norm is deprecated in favor of optax.tree.norm
  warnings.warn(
Done initializing!
Compiling 1 checkpoint groups...
Largest checkpoint group: 0 GB
Loading checkpoint: /workspace/goodhart_runs/adapt_p2elong_finger_seed1_ckpt500000/ckpt/20260711T040721F002376
Loaded checkpoint.
Observations
  reward           Space(float32, shape=(), low=-inf, high=inf)
  is_first         Space(bool, shape=(), low=False, high=True)
  is_last          Space(bool, shape=(), low=False, high=True)
  is_terminal      Space(bool, shape=(), low=False, high=True)
  position         Space(float32, shape=(4,), low=-inf, high=inf)
  velocity         Space(float32, shape=(3,), low=-inf, high=inf)
  touch            Space(float32, shape=(2,), low=-inf, high=inf)
  target_position  Space(float32, shape=(2,), low=-inf, high=inf)
  dist_to_target   Space(float32, shape=(), low=-inf, high=inf)
Actions
  action           Space(float32, shape=(2,), low=-1.0, high=1.0)
Extras
  consec           Space(int32, shape=(), low=-2147483648, high=2147483647)
  stepid           Space(uint8, shape=(20,), low=0, high=255)
  dyn/deter        Space(float32, shape=(512,), low=-inf, high=inf)
  dyn/stoch        Space(float32, shape=(32, 4), low=-inf, high=inf)
JAX devices (1): [cuda:0]
Policy devices: cuda:0
Train devices:  cuda:0
Initializing parameters...
/workspace/dreamerv3/embodied/jax/agent.py:112: DeprecationWarning: `with mesh:` context manager has been deprecated. Please use `with jax.set_mesh(mesh):` instead.
  with self.train_mesh:
Optimizer opt has 214,723 params:
        66,111 val
        57,663 rew
        49,796 pol
        41,153 con
/workspace/conda_envs/dreamerv3/lib/python3.11/site-packages/optax/_src/linear_algebra.py:44: DeprecationWarning: optax.global_norm is deprecated in favor of optax.tree.norm
  warnings.warn(
Done initializing!
Compiling 1 checkpoint groups...
Largest checkpoint group: 0 GB
Loading checkpoint: /workspace/goodhart_runs/adapt_ax1fq1s0_finger_seed13_ckpt500000/ckpt/20260714T022151F847188
Loaded checkpoint.
adapt_ax1fq1s0_finger_seed13_ckpt500000: M-return 0.70 (median 0.61, survived 1.00) -> /workspace/goodhart_runs/goodhart_p2elong/eval_adapt_ax1fq1s0_finger_seed13_ckpt500000.json
Observations
  reward           Space(float32, shape=(), low=-inf, high=inf)
  is_first         Space(bool, shape=(), low=False, high=True)
  is_last          Space(bool, shape=(), low=False, high=True)
  is_terminal      Space(bool, shape=(), low=False, high=True)
  position         Space(float32, shape=(4,), low=-inf, high=inf)
  velocity         Space(float32, shape=(3,), low=-inf, high=inf)
  touch            Space(float32, shape=(2,), low=-inf, high=inf)
  target_position  Space(float32, shape=(2,), low=-inf, high=inf)
  dist_to_target   Space(float32, shape=(), low=-inf, high=inf)
Actions
  action           Space(float32, shape=(2,), low=-1.0, high=1.0)
Extras
  consec           Space(int32, shape=(), low=-2147483648, high=2147483647)
  stepid           Space(uint8, shape=(20,), low=0, high=255)
  dyn/deter        Space(float32, shape=(512,), low=-inf, high=inf)
  dyn/stoch        Space(float32, shape=(32, 4), low=-inf, high=inf)
JAX devices (1): [cuda:0]
Policy devices: cuda:0
Train devices:  cuda:0
Initializing parameters...
/workspace/dreamerv3/embodied/jax/agent.py:112: DeprecationWarning: `with mesh:` context manager has been deprecated. Please use `with jax.set_mesh(mesh):` instead.
  with self.train_mesh:
Optimizer opt has 214,723 params:
        66,111 val
        57,663 rew
        49,796 pol
        41,153 con
/workspace/conda_envs/dreamerv3/lib/python3.11/site-packages/optax/_src/linear_algebra.py:44: DeprecationWarning: optax.global_norm is deprecated in favor of optax.tree.norm
  warnings.warn(
Done initializing!
Compiling 1 checkpoint groups...
Largest checkpoint group: 0 GB
Loading checkpoint: /workspace/goodhart_runs/adapt_p2elong_finger_seed1_ckpt500000/ckpt/20260711T040721F002376
Loaded checkpoint.
Observations
  reward           Space(float32, shape=(), low=-inf, high=inf)
  is_first         Space(bool, shape=(), low=False, high=True)
  is_last          Space(bool, shape=(), low=False, high=True)
  is_terminal      Space(bool, shape=(), low=False, high=True)
  position         Space(float32, shape=(4,), low=-inf, high=inf)
  velocity         Space(float32, shape=(3,), low=-inf, high=inf)
  touch            Space(float32, shape=(2,), low=-inf, high=inf)
  target_position  Space(float32, shape=(2,), low=-inf, high=inf)
  dist_to_target   Space(float32, shape=(), low=-inf, high=inf)
Actions
  action           Space(float32, shape=(2,), low=-1.0, high=1.0)
Extras
  consec           Space(int32, shape=(), low=-2147483648, high=2147483647)
  stepid           Space(uint8, shape=(20,), low=0, high=255)
  dyn/deter        Space(float32, shape=(512,), low=-inf, high=inf)
  dyn/stoch        Space(float32, shape=(32, 4), low=-inf, high=inf)
JAX devices (1): [cuda:0]
Policy devices: cuda:0
Train devices:  cuda:0
Initializing parameters...
/workspace/dreamerv3/embodied/jax/agent.py:112: DeprecationWarning: `with mesh:` context manager has been deprecated. Please use `with jax.set_mesh(mesh):` instead.
  with self.train_mesh:
Optimizer opt has 214,723 params:
        66,111 val
        57,663 rew
        49,796 pol
        41,153 con
/workspace/conda_envs/dreamerv3/lib/python3.11/site-packages/optax/_src/linear_algebra.py:44: DeprecationWarning: optax.global_norm is deprecated in favor of optax.tree.norm
  warnings.warn(
Done initializing!
Compiling 1 checkpoint groups...
Largest checkpoint group: 0 GB
Loading checkpoint: /workspace/goodhart_runs/adapt_ax1fq1s0_finger_seed14_ckpt500000/ckpt/20260714T022532F701002
Loaded checkpoint.
adapt_ax1fq1s0_finger_seed14_ckpt500000: M-return 0.46 (median 0.42, survived 1.00) -> /workspace/goodhart_runs/goodhart_p2elong/eval_adapt_ax1fq1s0_finger_seed14_ckpt500000.json
Observations
  reward           Space(float32, shape=(), low=-inf, high=inf)
  is_first         Space(bool, shape=(), low=False, high=True)
  is_last          Space(bool, shape=(), low=False, high=True)
  is_terminal      Space(bool, shape=(), low=False, high=True)
  position         Space(float32, shape=(4,), low=-inf, high=inf)
  velocity         Space(float32, shape=(3,), low=-inf, high=inf)
  touch            Space(float32, shape=(2,), low=-inf, high=inf)
  target_position  Space(float32, shape=(2,), low=-inf, high=inf)
  dist_to_target   Space(float32, shape=(), low=-inf, high=inf)
Actions
  action           Space(float32, shape=(2,), low=-1.0, high=1.0)
Extras
  consec           Space(int32, shape=(), low=-2147483648, high=2147483647)
  stepid           Space(uint8, shape=(20,), low=0, high=255)
  dyn/deter        Space(float32, shape=(512,), low=-inf, high=inf)
  dyn/stoch        Space(float32, shape=(32, 4), low=-inf, high=inf)
JAX devices (1): [cuda:0]
Policy devices: cuda:0
Train devices:  cuda:0
Initializing parameters...
/workspace/dreamerv3/embodied/jax/agent.py:112: DeprecationWarning: `with mesh:` context manager has been deprecated. Please use `with jax.set_mesh(mesh):` instead.
  with self.train_mesh:
Optimizer opt has 214,723 params:
        66,111 val
        57,663 rew
        49,796 pol
        41,153 con
/workspace/conda_envs/dreamerv3/lib/python3.11/site-packages/optax/_src/linear_algebra.py:44: DeprecationWarning: optax.global_norm is deprecated in favor of optax.tree.norm
  warnings.warn(
Done initializing!
Compiling 1 checkpoint groups...
Largest checkpoint group: 0 GB
Loading checkpoint: /workspace/goodhart_runs/adapt_p2elong_finger_seed1_ckpt500000/ckpt/20260711T040721F002376
Loaded checkpoint.
Observations
  reward           Space(float32, shape=(), low=-inf, high=inf)
  is_first         Space(bool, shape=(), low=False, high=True)
  is_last          Space(bool, shape=(), low=False, high=True)
  is_terminal      Space(bool, shape=(), low=False, high=True)
  position         Space(float32, shape=(4,), low=-inf, high=inf)
  velocity         Space(float32, shape=(3,), low=-inf, high=inf)
  touch            Space(float32, shape=(2,), low=-inf, high=inf)
  target_position  Space(float32, shape=(2,), low=-inf, high=inf)
  dist_to_target   Space(float32, shape=(), low=-inf, high=inf)
Actions
  action           Space(float32, shape=(2,), low=-1.0, high=1.0)
Extras
  consec           Space(int32, shape=(), low=-2147483648, high=2147483647)
  stepid           Space(uint8, shape=(20,), low=0, high=255)
  dyn/deter        Space(float32, shape=(512,), low=-inf, high=inf)
  dyn/stoch        Space(float32, shape=(32, 4), low=-inf, high=inf)
JAX devices (1): [cuda:0]
Policy devices: cuda:0
Train devices:  cuda:0
Initializing parameters...
/workspace/dreamerv3/embodied/jax/agent.py:112: DeprecationWarning: `with mesh:` context manager has been deprecated. Please use `with jax.set_mesh(mesh):` instead.
  with self.train_mesh:
Optimizer opt has 214,723 params:
        66,111 val
        57,663 rew
        49,796 pol
        41,153 con
/workspace/conda_envs/dreamerv3/lib/python3.11/site-packages/optax/_src/linear_algebra.py:44: DeprecationWarning: optax.global_norm is deprecated in favor of optax.tree.norm
  warnings.warn(
Done initializing!
Compiling 1 checkpoint groups...
Largest checkpoint group: 0 GB
Loading checkpoint: /workspace/goodhart_runs/adapt_ax1fq1s0_finger_seed15_ckpt500000/ckpt/20260714T023020F137615
Loaded checkpoint.
adapt_ax1fq1s0_finger_seed15_ckpt500000: M-return 0.53 (median 0.38, survived 1.00) -> /workspace/goodhart_runs/goodhart_p2elong/eval_adapt_ax1fq1s0_finger_seed15_ckpt500000.json
Observations
  reward           Space(float32, shape=(), low=-inf, high=inf)
  is_first         Space(bool, shape=(), low=False, high=True)
  is_last          Space(bool, shape=(), low=False, high=True)
  is_terminal      Space(bool, shape=(), low=False, high=True)
  position         Space(float32, shape=(4,), low=-inf, high=inf)
  velocity         Space(float32, shape=(3,), low=-inf, high=inf)
  touch            Space(float32, shape=(2,), low=-inf, high=inf)
  target_position  Space(float32, shape=(2,), low=-inf, high=inf)
  dist_to_target   Space(float32, shape=(), low=-inf, high=inf)
Actions
  action           Space(float32, shape=(2,), low=-1.0, high=1.0)
Extras
  consec           Space(int32, shape=(), low=-2147483648, high=2147483647)
  stepid           Space(uint8, shape=(20,), low=0, high=255)
  dyn/deter        Space(float32, shape=(512,), low=-inf, high=inf)
  dyn/stoch        Space(float32, shape=(32, 4), low=-inf, high=inf)
JAX devices (1): [cuda:0]
Policy devices: cuda:0
Train devices:  cuda:0
Initializing parameters...
/workspace/dreamerv3/embodied/jax/agent.py:112: DeprecationWarning: `with mesh:` context manager has been deprecated. Please use `with jax.set_mesh(mesh):` instead.
  with self.train_mesh:
Optimizer opt has 214,723 params:
        66,111 val
        57,663 rew
        49,796 pol
        41,153 con
/workspace/conda_envs/dreamerv3/lib/python3.11/site-packages/optax/_src/linear_algebra.py:44: DeprecationWarning: optax.global_norm is deprecated in favor of optax.tree.norm
  warnings.warn(
Done initializing!
Compiling 1 checkpoint groups...
Largest checkpoint group: 0 GB
Loading checkpoint: /workspace/goodhart_runs/adapt_p2elong_finger_seed1_ckpt500000/ckpt/20260711T040721F002376
Loaded checkpoint.
Observations
  reward           Space(float32, shape=(), low=-inf, high=inf)
  is_first         Space(bool, shape=(), low=False, high=True)
  is_last          Space(bool, shape=(), low=False, high=True)
  is_terminal      Space(bool, shape=(), low=False, high=True)
  position         Space(float32, shape=(4,), low=-inf, high=inf)
  velocity         Space(float32, shape=(3,), low=-inf, high=inf)
  touch            Space(float32, shape=(2,), low=-inf, high=inf)
  target_position  Space(float32, shape=(2,), low=-inf, high=inf)
  dist_to_target   Space(float32, shape=(), low=-inf, high=inf)
Actions
  action           Space(float32, shape=(2,), low=-1.0, high=1.0)
Extras
  consec           Space(int32, shape=(), low=-2147483648, high=2147483647)
  stepid           Space(uint8, shape=(20,), low=0, high=255)
  dyn/deter        Space(float32, shape=(512,), low=-inf, high=inf)
  dyn/stoch        Space(float32, shape=(32, 4), low=-inf, high=inf)
JAX devices (1): [cuda:0]
Policy devices: cuda:0
Train devices:  cuda:0
Initializing parameters...
/workspace/dreamerv3/embodied/jax/agent.py:112: DeprecationWarning: `with mesh:` context manager has been deprecated. Please use `with jax.set_mesh(mesh):` instead.
  with self.train_mesh:
Optimizer opt has 214,723 params:
        66,111 val
        57,663 rew
        49,796 pol
        41,153 con
/workspace/conda_envs/dreamerv3/lib/python3.11/site-packages/optax/_src/linear_algebra.py:44: DeprecationWarning: optax.global_norm is deprecated in favor of optax.tree.norm
  warnings.warn(
Done initializing!
Compiling 1 checkpoint groups...
Largest checkpoint group: 0 GB
Loading checkpoint: /workspace/goodhart_runs/adapt_ax1fq1s0_finger_seed16_ckpt500000/ckpt/20260714T021808F881243
Loaded checkpoint.
adapt_ax1fq1s0_finger_seed16_ckpt500000: M-return 2.61 (median 2.62, survived 1.00) -> /workspace/goodhart_runs/goodhart_p2elong/eval_adapt_ax1fq1s0_finger_seed16_ckpt500000.json
Observations
  reward           Space(float32, shape=(), low=-inf, high=inf)
  is_first         Space(bool, shape=(), low=False, high=True)
  is_last          Space(bool, shape=(), low=False, high=True)
  is_terminal      Space(bool, shape=(), low=False, high=True)
  position         Space(float32, shape=(4,), low=-inf, high=inf)
  velocity         Space(float32, shape=(3,), low=-inf, high=inf)
  touch            Space(float32, shape=(2,), low=-inf, high=inf)
  target_position  Space(float32, shape=(2,), low=-inf, high=inf)
  dist_to_target   Space(float32, shape=(), low=-inf, high=inf)
Actions
  action           Space(float32, shape=(2,), low=-1.0, high=1.0)
Extras
  consec           Space(int32, shape=(), low=-2147483648, high=2147483647)
  stepid           Space(uint8, shape=(20,), low=0, high=255)
  dyn/deter        Space(float32, shape=(512,), low=-inf, high=inf)
  dyn/stoch        Space(float32, shape=(32, 4), low=-inf, high=inf)
JAX devices (1): [cuda:0]
Policy devices: cuda:0
Train devices:  cuda:0
Initializing parameters...
/workspace/dreamerv3/embodied/jax/agent.py:112: DeprecationWarning: `with mesh:` context manager has been deprecated. Please use `with jax.set_mesh(mesh):` instead.
  with self.train_mesh:
Optimizer opt has 214,723 params:
        66,111 val
        57,663 rew
        49,796 pol
        41,153 con
/workspace/conda_envs/dreamerv3/lib/python3.11/site-packages/optax/_src/linear_algebra.py:44: DeprecationWarning: optax.global_norm is deprecated in favor of optax.tree.norm
  warnings.warn(
Done initializing!
Compiling 1 checkpoint groups...
Largest checkpoint group: 0 GB
Loading checkpoint: /workspace/goodhart_runs/adapt_p2elong_finger_seed1_ckpt500000/ckpt/20260711T040721F002376
Loaded checkpoint.
Observations
  reward           Space(float32, shape=(), low=-inf, high=inf)
  is_first         Space(bool, shape=(), low=False, high=True)
  is_last          Space(bool, shape=(), low=False, high=True)
  is_terminal      Space(bool, shape=(), low=False, high=True)
  position         Space(float32, shape=(4,), low=-inf, high=inf)
  velocity         Space(float32, shape=(3,), low=-inf, high=inf)
  touch            Space(float32, shape=(2,), low=-inf, high=inf)
  target_position  Space(float32, shape=(2,), low=-inf, high=inf)
  dist_to_target   Space(float32, shape=(), low=-inf, high=inf)
Actions
  action           Space(float32, shape=(2,), low=-1.0, high=1.0)
Extras
  consec           Space(int32, shape=(), low=-2147483648, high=2147483647)
  stepid           Space(uint8, shape=(20,), low=0, high=255)
  dyn/deter        Space(float32, shape=(512,), low=-inf, high=inf)
  dyn/stoch        Space(float32, shape=(32, 4), low=-inf, high=inf)
JAX devices (1): [cuda:0]
Policy devices: cuda:0
Train devices:  cuda:0
Initializing parameters...
/workspace/dreamerv3/embodied/jax/agent.py:112: DeprecationWarning: `with mesh:` context manager has been deprecated. Please use `with jax.set_mesh(mesh):` instead.
  with self.train_mesh:
Optimizer opt has 214,723 params:
        66,111 val
        57,663 rew
        49,796 pol
        41,153 con
/workspace/conda_envs/dreamerv3/lib/python3.11/site-packages/optax/_src/linear_algebra.py:44: DeprecationWarning: optax.global_norm is deprecated in favor of optax.tree.norm
  warnings.warn(
Done initializing!
Compiling 1 checkpoint groups...
Largest checkpoint group: 0 GB
Loading checkpoint: /workspace/goodhart_runs/adapt_ax1fq1s0_finger_seed1_ckpt500000/ckpt/20260713T031307F638400
Loaded checkpoint.
adapt_ax1fq1s0_finger_seed1_ckpt500000: M-return 1.39 (median 1.32, survived 1.00) -> /workspace/goodhart_runs/goodhart_p2elong/eval_adapt_ax1fq1s0_finger_seed1_ckpt500000.json
Observations
  reward           Space(float32, shape=(), low=-inf, high=inf)
  is_first         Space(bool, shape=(), low=False, high=True)
  is_last          Space(bool, shape=(), low=False, high=True)
  is_terminal      Space(bool, shape=(), low=False, high=True)
  position         Space(float32, shape=(4,), low=-inf, high=inf)
  velocity         Space(float32, shape=(3,), low=-inf, high=inf)
  touch            Space(float32, shape=(2,), low=-inf, high=inf)
  target_position  Space(float32, shape=(2,), low=-inf, high=inf)
  dist_to_target   Space(float32, shape=(), low=-inf, high=inf)
Actions
  action           Space(float32, shape=(2,), low=-1.0, high=1.0)
Extras
  consec           Space(int32, shape=(), low=-2147483648, high=2147483647)
  stepid           Space(uint8, shape=(20,), low=0, high=255)
  dyn/deter        Space(float32, shape=(512,), low=-inf, high=inf)
  dyn/stoch        Space(float32, shape=(32, 4), low=-inf, high=inf)
JAX devices (1): [cuda:0]
Policy devices: cuda:0
Train devices:  cuda:0
Initializing parameters...
/workspace/dreamerv3/embodied/jax/agent.py:112: DeprecationWarning: `with mesh:` context manager has been deprecated. Please use `with jax.set_mesh(mesh):` instead.
  with self.train_mesh:
Optimizer opt has 214,723 params:
        66,111 val
        57,663 rew
        49,796 pol
        41,153 con
/workspace/conda_envs/dreamerv3/lib/python3.11/site-packages/optax/_src/linear_algebra.py:44: DeprecationWarning: optax.global_norm is deprecated in favor of optax.tree.norm
  warnings.warn(
Done initializing!
Compiling 1 checkpoint groups...
Largest checkpoint group: 0 GB
Loading checkpoint: /workspace/goodhart_runs/adapt_p2elong_finger_seed1_ckpt500000/ckpt/20260711T040721F002376
Loaded checkpoint.
Observations
  reward           Space(float32, shape=(), low=-inf, high=inf)
  is_first         Space(bool, shape=(), low=False, high=True)
  is_last          Space(bool, shape=(), low=False, high=True)
  is_terminal      Space(bool, shape=(), low=False, high=True)
  position         Space(float32, shape=(4,), low=-inf, high=inf)
  velocity         Space(float32, shape=(3,), low=-inf, high=inf)
  touch            Space(float32, shape=(2,), low=-inf, high=inf)
  target_position  Space(float32, shape=(2,), low=-inf, high=inf)
  dist_to_target   Space(float32, shape=(), low=-inf, high=inf)
Actions
  action           Space(float32, shape=(2,), low=-1.0, high=1.0)
Extras
  consec           Space(int32, shape=(), low=-2147483648, high=2147483647)
  stepid           Space(uint8, shape=(20,), low=0, high=255)
  dyn/deter        Space(float32, shape=(512,), low=-inf, high=inf)
  dyn/stoch        Space(float32, shape=(32, 4), low=-inf, high=inf)
JAX devices (1): [cuda:0]
Policy devices: cuda:0
Train devices:  cuda:0
Initializing parameters...
/workspace/dreamerv3/embodied/jax/agent.py:112: DeprecationWarning: `with mesh:` context manager has been deprecated. Please use `with jax.set_mesh(mesh):` instead.
  with self.train_mesh:
Optimizer opt has 214,723 params:
        66,111 val
        57,663 rew
        49,796 pol
        41,153 con
/workspace/conda_envs/dreamerv3/lib/python3.11/site-packages/optax/_src/linear_algebra.py:44: DeprecationWarning: optax.global_norm is deprecated in favor of optax.tree.norm
  warnings.warn(
Done initializing!
Compiling 1 checkpoint groups...
Largest checkpoint group: 0 GB
Loading checkpoint: /workspace/goodhart_runs/adapt_ax1fq1s0_finger_seed2_ckpt500000/ckpt/20260713T024833F631465
Loaded checkpoint.
adapt_ax1fq1s0_finger_seed2_ckpt500000: M-return 0.71 (median 0.70, survived 1.00) -> /workspace/goodhart_runs/goodhart_p2elong/eval_adapt_ax1fq1s0_finger_seed2_ckpt500000.json
Observations
  reward           Space(float32, shape=(), low=-inf, high=inf)
  is_first         Space(bool, shape=(), low=False, high=True)
  is_last          Space(bool, shape=(), low=False, high=True)
  is_terminal      Space(bool, shape=(), low=False, high=True)
  position         Space(float32, shape=(4,), low=-inf, high=inf)
  velocity         Space(float32, shape=(3,), low=-inf, high=inf)
  touch            Space(float32, shape=(2,), low=-inf, high=inf)
  target_position  Space(float32, shape=(2,), low=-inf, high=inf)
  dist_to_target   Space(float32, shape=(), low=-inf, high=inf)
Actions
  action           Space(float32, shape=(2,), low=-1.0, high=1.0)
Extras
  consec           Space(int32, shape=(), low=-2147483648, high=2147483647)
  stepid           Space(uint8, shape=(20,), low=0, high=255)
  dyn/deter        Space(float32, shape=(512,), low=-inf, high=inf)
  dyn/stoch        Space(float32, shape=(32, 4), low=-inf, high=inf)
JAX devices (1): [cuda:0]
Policy devices: cuda:0
Train devices:  cuda:0
Initializing parameters...
/workspace/dreamerv3/embodied/jax/agent.py:112: DeprecationWarning: `with mesh:` context manager has been deprecated. Please use `with jax.set_mesh(mesh):` instead.
  with self.train_mesh:
Optimizer opt has 214,723 params:
        66,111 val
        57,663 rew
        49,796 pol
        41,153 con
/workspace/conda_envs/dreamerv3/lib/python3.11/site-packages/optax/_src/linear_algebra.py:44: DeprecationWarning: optax.global_norm is deprecated in favor of optax.tree.norm
  warnings.warn(
Done initializing!
Compiling 1 checkpoint groups...
Largest checkpoint group: 0 GB
Loading checkpoint: /workspace/goodhart_runs/adapt_p2elong_finger_seed1_ckpt500000/ckpt/20260711T040721F002376
Loaded checkpoint.
Observations
  reward           Space(float32, shape=(), low=-inf, high=inf)
  is_first         Space(bool, shape=(), low=False, high=True)
  is_last          Space(bool, shape=(), low=False, high=True)
  is_terminal      Space(bool, shape=(), low=False, high=True)
  position         Space(float32, shape=(4,), low=-inf, high=inf)
  velocity         Space(float32, shape=(3,), low=-inf, high=inf)
  touch            Space(float32, shape=(2,), low=-inf, high=inf)
  target_position  Space(float32, shape=(2,), low=-inf, high=inf)
  dist_to_target   Space(float32, shape=(), low=-inf, high=inf)
Actions
  action           Space(float32, shape=(2,), low=-1.0, high=1.0)
Extras
  consec           Space(int32, shape=(), low=-2147483648, high=2147483647)
  stepid           Space(uint8, shape=(20,), low=0, high=255)
  dyn/deter        Space(float32, shape=(512,), low=-inf, high=inf)
  dyn/stoch        Space(float32, shape=(32, 4), low=-inf, high=inf)
JAX devices (1): [cuda:0]
Policy devices: cuda:0
Train devices:  cuda:0
Initializing parameters...
/workspace/dreamerv3/embodied/jax/agent.py:112: DeprecationWarning: `with mesh:` context manager has been deprecated. Please use `with jax.set_mesh(mesh):` instead.
  with self.train_mesh:
Optimizer opt has 214,723 params:
        66,111 val
        57,663 rew
        49,796 pol
        41,153 con
/workspace/conda_envs/dreamerv3/lib/python3.11/site-packages/optax/_src/linear_algebra.py:44: DeprecationWarning: optax.global_norm is deprecated in favor of optax.tree.norm
  warnings.warn(
Done initializing!
Compiling 1 checkpoint groups...
Largest checkpoint group: 0 GB
Loading checkpoint: /workspace/goodhart_runs/adapt_ax1fq1s0_finger_seed3_ckpt500000/ckpt/20260713T023736F006040
Loaded checkpoint.
adapt_ax1fq1s0_finger_seed3_ckpt500000: M-return 0.88 (median 0.78, survived 1.00) -> /workspace/goodhart_runs/goodhart_p2elong/eval_adapt_ax1fq1s0_finger_seed3_ckpt500000.json
Observations
  reward           Space(float32, shape=(), low=-inf, high=inf)
  is_first         Space(bool, shape=(), low=False, high=True)
  is_last          Space(bool, shape=(), low=False, high=True)
  is_terminal      Space(bool, shape=(), low=False, high=True)
  position         Space(float32, shape=(4,), low=-inf, high=inf)
  velocity         Space(float32, shape=(3,), low=-inf, high=inf)
  touch            Space(float32, shape=(2,), low=-inf, high=inf)
  target_position  Space(float32, shape=(2,), low=-inf, high=inf)
  dist_to_target   Space(float32, shape=(), low=-inf, high=inf)
Actions
  action           Space(float32, shape=(2,), low=-1.0, high=1.0)
Extras
  consec           Space(int32, shape=(), low=-2147483648, high=2147483647)
  stepid           Space(uint8, shape=(20,), low=0, high=255)
  dyn/deter        Space(float32, shape=(512,), low=-inf, high=inf)
  dyn/stoch        Space(float32, shape=(32, 4), low=-inf, high=inf)
JAX devices (1): [cuda:0]
Policy devices: cuda:0
Train devices:  cuda:0
Initializing parameters...
/workspace/dreamerv3/embodied/jax/agent.py:112: DeprecationWarning: `with mesh:` context manager has been deprecated. Please use `with jax.set_mesh(mesh):` instead.
  with self.train_mesh:
Optimizer opt has 214,723 params:
        66,111 val
        57,663 rew
        49,796 pol
        41,153 con
/workspace/conda_envs/dreamerv3/lib/python3.11/site-packages/optax/_src/linear_algebra.py:44: DeprecationWarning: optax.global_norm is deprecated in favor of optax.tree.norm
  warnings.warn(
Done initializing!
Compiling 1 checkpoint groups...
Largest checkpoint group: 0 GB
Loading checkpoint: /workspace/goodhart_runs/adapt_p2elong_finger_seed1_ckpt500000/ckpt/20260711T040721F002376
Loaded checkpoint.
Observations
  reward           Space(float32, shape=(), low=-inf, high=inf)
  is_first         Space(bool, shape=(), low=False, high=True)
  is_last          Space(bool, shape=(), low=False, high=True)
  is_terminal      Space(bool, shape=(), low=False, high=True)
  position         Space(float32, shape=(4,), low=-inf, high=inf)
  velocity         Space(float32, shape=(3,), low=-inf, high=inf)
  touch            Space(float32, shape=(2,), low=-inf, high=inf)
  target_position  Space(float32, shape=(2,), low=-inf, high=inf)
  dist_to_target   Space(float32, shape=(), low=-inf, high=inf)
Actions
  action           Space(float32, shape=(2,), low=-1.0, high=1.0)
Extras
  consec           Space(int32, shape=(), low=-2147483648, high=2147483647)
  stepid           Space(uint8, shape=(20,), low=0, high=255)
  dyn/deter        Space(float32, shape=(512,), low=-inf, high=inf)
  dyn/stoch        Space(float32, shape=(32, 4), low=-inf, high=inf)
JAX devices (1): [cuda:0]
Policy devices: cuda:0
Train devices:  cuda:0
Initializing parameters...
/workspace/dreamerv3/embodied/jax/agent.py:112: DeprecationWarning: `with mesh:` context manager has been deprecated. Please use `with jax.set_mesh(mesh):` instead.
  with self.train_mesh:
Optimizer opt has 214,723 params:
        66,111 val
        57,663 rew
        49,796 pol
        41,153 con
/workspace/conda_envs/dreamerv3/lib/python3.11/site-packages/optax/_src/linear_algebra.py:44: DeprecationWarning: optax.global_norm is deprecated in favor of optax.tree.norm
  warnings.warn(
Done initializing!
Compiling 1 checkpoint groups...
Largest checkpoint group: 0 GB
Loading checkpoint: /workspace/goodhart_runs/adapt_ax1fq1s0_finger_seed4_ckpt500000/ckpt/20260713T024018F549760
Loaded checkpoint.
adapt_ax1fq1s0_finger_seed4_ckpt500000: M-return 0.69 (median 0.61, survived 1.00) -> /workspace/goodhart_runs/goodhart_p2elong/eval_adapt_ax1fq1s0_finger_seed4_ckpt500000.json
Observations
  reward           Space(float32, shape=(), low=-inf, high=inf)
  is_first         Space(bool, shape=(), low=False, high=True)
  is_last          Space(bool, shape=(), low=False, high=True)
  is_terminal      Space(bool, shape=(), low=False, high=True)
  position         Space(float32, shape=(4,), low=-inf, high=inf)
  velocity         Space(float32, shape=(3,), low=-inf, high=inf)
  touch            Space(float32, shape=(2,), low=-inf, high=inf)
  target_position  Space(float32, shape=(2,), low=-inf, high=inf)
  dist_to_target   Space(float32, shape=(), low=-inf, high=inf)
Actions
  action           Space(float32, shape=(2,), low=-1.0, high=1.0)
Extras
  consec           Space(int32, shape=(), low=-2147483648, high=2147483647)
  stepid           Space(uint8, shape=(20,), low=0, high=255)
  dyn/deter        Space(float32, shape=(512,), low=-inf, high=inf)
  dyn/stoch        Space(float32, shape=(32, 4), low=-inf, high=inf)
JAX devices (1): [cuda:0]
Policy devices: cuda:0
Train devices:  cuda:0
Initializing parameters...
/workspace/dreamerv3/embodied/jax/agent.py:112: DeprecationWarning: `with mesh:` context manager has been deprecated. Please use `with jax.set_mesh(mesh):` instead.
  with self.train_mesh:
Optimizer opt has 214,723 params:
        66,111 val
        57,663 rew
        49,796 pol
        41,153 con
/workspace/conda_envs/dreamerv3/lib/python3.11/site-packages/optax/_src/linear_algebra.py:44: DeprecationWarning: optax.global_norm is deprecated in favor of optax.tree.norm
  warnings.warn(
Done initializing!
Compiling 1 checkpoint groups...
Largest checkpoint group: 0 GB
Loading checkpoint: /workspace/goodhart_runs/adapt_p2elong_finger_seed1_ckpt500000/ckpt/20260711T040721F002376
Loaded checkpoint.
Observations
  reward           Space(float32, shape=(), low=-inf, high=inf)
  is_first         Space(bool, shape=(), low=False, high=True)
  is_last          Space(bool, shape=(), low=False, high=True)
  is_terminal      Space(bool, shape=(), low=False, high=True)
  position         Space(float32, shape=(4,), low=-inf, high=inf)
  velocity         Space(float32, shape=(3,), low=-inf, high=inf)
  touch            Space(float32, shape=(2,), low=-inf, high=inf)
  target_position  Space(float32, shape=(2,), low=-inf, high=inf)
  dist_to_target   Space(float32, shape=(), low=-inf, high=inf)
Actions
  action           Space(float32, shape=(2,), low=-1.0, high=1.0)
Extras
  consec           Space(int32, shape=(), low=-2147483648, high=2147483647)
  stepid           Space(uint8, shape=(20,), low=0, high=255)
  dyn/deter        Space(float32, shape=(512,), low=-inf, high=inf)
  dyn/stoch        Space(float32, shape=(32, 4), low=-inf, high=inf)
JAX devices (1): [cuda:0]
Policy devices: cuda:0
Train devices:  cuda:0
Initializing parameters...
/workspace/dreamerv3/embodied/jax/agent.py:112: DeprecationWarning: `with mesh:` context manager has been deprecated. Please use `with jax.set_mesh(mesh):` instead.
  with self.train_mesh:
Optimizer opt has 214,723 params:
        66,111 val
        57,663 rew
        49,796 pol
        41,153 con
/workspace/conda_envs/dreamerv3/lib/python3.11/site-packages/optax/_src/linear_algebra.py:44: DeprecationWarning: optax.global_norm is deprecated in favor of optax.tree.norm
  warnings.warn(
Done initializing!
Compiling 1 checkpoint groups...
Largest checkpoint group: 0 GB
Loading checkpoint: /workspace/goodhart_runs/adapt_ax1fq1s0_finger_seed9_ckpt500000/ckpt/20260714T022310F679999
Loaded checkpoint.
adapt_ax1fq1s0_finger_seed9_ckpt500000: M-return 0.48 (median 0.47, survived 1.00) -> /workspace/goodhart_runs/goodhart_p2elong/eval_adapt_ax1fq1s0_finger_seed9_ckpt500000.json
Observations
  reward           Space(float32, shape=(), low=-inf, high=inf)
  is_first         Space(bool, shape=(), low=False, high=True)
  is_last          Space(bool, shape=(), low=False, high=True)
  is_terminal      Space(bool, shape=(), low=False, high=True)
  position         Space(float32, shape=(4,), low=-inf, high=inf)
  velocity         Space(float32, shape=(3,), low=-inf, high=inf)
  touch            Space(float32, shape=(2,), low=-inf, high=inf)
  target_position  Space(float32, shape=(2,), low=-inf, high=inf)
  dist_to_target   Space(float32, shape=(), low=-inf, high=inf)
Actions
  action           Space(float32, shape=(2,), low=-1.0, high=1.0)
Extras
  consec           Space(int32, shape=(), low=-2147483648, high=2147483647)
  stepid           Space(uint8, shape=(20,), low=0, high=255)
  dyn/deter        Space(float32, shape=(512,), low=-inf, high=inf)
  dyn/stoch        Space(float32, shape=(32, 4), low=-inf, high=inf)
JAX devices (1): [cuda:0]
Policy devices: cuda:0
Train devices:  cuda:0
Initializing parameters...
/workspace/dreamerv3/embodied/jax/agent.py:112: DeprecationWarning: `with mesh:` context manager has been deprecated. Please use `with jax.set_mesh(mesh):` instead.
  with self.train_mesh:
Optimizer opt has 214,723 params:
        66,111 val
        57,663 rew
        49,796 pol
        41,153 con
/workspace/conda_envs/dreamerv3/lib/python3.11/site-packages/optax/_src/linear_algebra.py:44: DeprecationWarning: optax.global_norm is deprecated in favor of optax.tree.norm
  warnings.warn(
Done initializing!
Compiling 1 checkpoint groups...
Largest checkpoint group: 0 GB
Loading checkpoint: /workspace/goodhart_runs/adapt_p2elong_finger_seed1_ckpt500000/ckpt/20260711T040721F002376
Loaded checkpoint.
Observations
  reward           Space(float32, shape=(), low=-inf, high=inf)
  is_first         Space(bool, shape=(), low=False, high=True)
  is_last          Space(bool, shape=(), low=False, high=True)
  is_terminal      Space(bool, shape=(), low=False, high=True)
  position         Space(float32, shape=(4,), low=-inf, high=inf)
  velocity         Space(float32, shape=(3,), low=-inf, high=inf)
  touch            Space(float32, shape=(2,), low=-inf, high=inf)
  target_position  Space(float32, shape=(2,), low=-inf, high=inf)
  dist_to_target   Space(float32, shape=(), low=-inf, high=inf)
Actions
  action           Space(float32, shape=(2,), low=-1.0, high=1.0)
Extras
  consec           Space(int32, shape=(), low=-2147483648, high=2147483647)
  stepid           Space(uint8, shape=(20,), low=0, high=255)
  dyn/deter        Space(float32, shape=(512,), low=-inf, high=inf)
  dyn/stoch        Space(float32, shape=(32, 4), low=-inf, high=inf)
JAX devices (1): [cuda:0]
Policy devices: cuda:0
Train devices:  cuda:0
Initializing parameters...
/workspace/dreamerv3/embodied/jax/agent.py:112: DeprecationWarning: `with mesh:` context manager has been deprecated. Please use `with jax.set_mesh(mesh):` instead.
  with self.train_mesh:
Optimizer opt has 214,723 params:
        66,111 val
        57,663 rew
        49,796 pol
        41,153 con
/workspace/conda_envs/dreamerv3/lib/python3.11/site-packages/optax/_src/linear_algebra.py:44: DeprecationWarning: optax.global_norm is deprecated in favor of optax.tree.norm
  warnings.warn(
Done initializing!
Compiling 1 checkpoint groups...
Largest checkpoint group: 0 GB
Loading checkpoint: /workspace/goodhart_runs/adapt_ax1fq1s1_finger_seed10_ckpt500000/ckpt/20260714T022839F600440
Loaded checkpoint.
adapt_ax1fq1s1_finger_seed10_ckpt500000: M-return 0.84 (median 0.70, survived 1.00) -> /workspace/goodhart_runs/goodhart_p2elong/eval_adapt_ax1fq1s1_finger_seed10_ckpt500000.json
Observations
  reward           Space(float32, shape=(), low=-inf, high=inf)
  is_first         Space(bool, shape=(), low=False, high=True)
  is_last          Space(bool, shape=(), low=False, high=True)
  is_terminal      Space(bool, shape=(), low=False, high=True)
  position         Space(float32, shape=(4,), low=-inf, high=inf)
  velocity         Space(float32, shape=(3,), low=-inf, high=inf)
  touch            Space(float32, shape=(2,), low=-inf, high=inf)
  target_position  Space(float32, shape=(2,), low=-inf, high=inf)
  dist_to_target   Space(float32, shape=(), low=-inf, high=inf)
Actions
  action           Space(float32, shape=(2,), low=-1.0, high=1.0)
Extras
  consec           Space(int32, shape=(), low=-2147483648, high=2147483647)
  stepid           Space(uint8, shape=(20,), low=0, high=255)
  dyn/deter        Space(float32, shape=(512,), low=-inf, high=inf)
  dyn/stoch        Space(float32, shape=(32, 4), low=-inf, high=inf)
JAX devices (1): [cuda:0]
Policy devices: cuda:0
Train devices:  cuda:0
Initializing parameters...
/workspace/dreamerv3/embodied/jax/agent.py:112: DeprecationWarning: `with mesh:` context manager has been deprecated. Please use `with jax.set_mesh(mesh):` instead.
  with self.train_mesh:
Optimizer opt has 214,723 params:
        66,111 val
        57,663 rew
        49,796 pol
        41,153 con
/workspace/conda_envs/dreamerv3/lib/python3.11/site-packages/optax/_src/linear_algebra.py:44: DeprecationWarning: optax.global_norm is deprecated in favor of optax.tree.norm
  warnings.warn(
Done initializing!
Compiling 1 checkpoint groups...
Largest checkpoint group: 0 GB
Loading checkpoint: /workspace/goodhart_runs/adapt_p2elong_finger_seed1_ckpt500000/ckpt/20260711T040721F002376
Loaded checkpoint.
Observations
  reward           Space(float32, shape=(), low=-inf, high=inf)
  is_first         Space(bool, shape=(), low=False, high=True)
  is_last          Space(bool, shape=(), low=False, high=True)
  is_terminal      Space(bool, shape=(), low=False, high=True)
  position         Space(float32, shape=(4,), low=-inf, high=inf)
  velocity         Space(float32, shape=(3,), low=-inf, high=inf)
  touch            Space(float32, shape=(2,), low=-inf, high=inf)
  target_position  Space(float32, shape=(2,), low=-inf, high=inf)
  dist_to_target   Space(float32, shape=(), low=-inf, high=inf)
Actions
  action           Space(float32, shape=(2,), low=-1.0, high=1.0)
Extras
  consec           Space(int32, shape=(), low=-2147483648, high=2147483647)
  stepid           Space(uint8, shape=(20,), low=0, high=255)
  dyn/deter        Space(float32, shape=(512,), low=-inf, high=inf)
  dyn/stoch        Space(float32, shape=(32, 4), low=-inf, high=inf)
JAX devices (1): [cuda:0]
Policy devices: cuda:0
Train devices:  cuda:0
Initializing parameters...
/workspace/dreamerv3/embodied/jax/agent.py:112: DeprecationWarning: `with mesh:` context manager has been deprecated. Please use `with jax.set_mesh(mesh):` instead.
  with self.train_mesh:
Optimizer opt has 214,723 params:
        66,111 val
        57,663 rew
        49,796 pol
        41,153 con
/workspace/conda_envs/dreamerv3/lib/python3.11/site-packages/optax/_src/linear_algebra.py:44: DeprecationWarning: optax.global_norm is deprecated in favor of optax.tree.norm
  warnings.warn(
Done initializing!
Compiling 1 checkpoint groups...
Largest checkpoint group: 0 GB
Loading checkpoint: /workspace/goodhart_runs/adapt_ax1fq1s1_finger_seed11_ckpt500000/ckpt/20260714T022454F846875
Loaded checkpoint.
adapt_ax1fq1s1_finger_seed11_ckpt500000: M-return 2.37 (median 2.39, survived 1.00) -> /workspace/goodhart_runs/goodhart_p2elong/eval_adapt_ax1fq1s1_finger_seed11_ckpt500000.json
Observations
  reward           Space(float32, shape=(), low=-inf, high=inf)
  is_first         Space(bool, shape=(), low=False, high=True)
  is_last          Space(bool, shape=(), low=False, high=True)
  is_terminal      Space(bool, shape=(), low=False, high=True)
  position         Space(float32, shape=(4,), low=-inf, high=inf)
  velocity         Space(float32, shape=(3,), low=-inf, high=inf)
  touch            Space(float32, shape=(2,), low=-inf, high=inf)
  target_position  Space(float32, shape=(2,), low=-inf, high=inf)
  dist_to_target   Space(float32, shape=(), low=-inf, high=inf)
Actions
  action           Space(float32, shape=(2,), low=-1.0, high=1.0)
Extras
  consec           Space(int32, shape=(), low=-2147483648, high=2147483647)
  stepid           Space(uint8, shape=(20,), low=0, high=255)
  dyn/deter        Space(float32, shape=(512,), low=-inf, high=inf)
  dyn/stoch        Space(float32, shape=(32, 4), low=-inf, high=inf)
JAX devices (1): [cuda:0]
Policy devices: cuda:0
Train devices:  cuda:0
Initializing parameters...
/workspace/dreamerv3/embodied/jax/agent.py:112: DeprecationWarning: `with mesh:` context manager has been deprecated. Please use `with jax.set_mesh(mesh):` instead.
  with self.train_mesh:
Optimizer opt has 214,723 params:
        66,111 val
        57,663 rew
        49,796 pol
        41,153 con
/workspace/conda_envs/dreamerv3/lib/python3.11/site-packages/optax/_src/linear_algebra.py:44: DeprecationWarning: optax.global_norm is deprecated in favor of optax.tree.norm
  warnings.warn(
Done initializing!
Compiling 1 checkpoint groups...
Largest checkpoint group: 0 GB
Loading checkpoint: /workspace/goodhart_runs/adapt_p2elong_finger_seed1_ckpt500000/ckpt/20260711T040721F002376
Loaded checkpoint.
Observations
  reward           Space(float32, shape=(), low=-inf, high=inf)
  is_first         Space(bool, shape=(), low=False, high=True)
  is_last          Space(bool, shape=(), low=False, high=True)
  is_terminal      Space(bool, shape=(), low=False, high=True)
  position         Space(float32, shape=(4,), low=-inf, high=inf)
  velocity         Space(float32, shape=(3,), low=-inf, high=inf)
  touch            Space(float32, shape=(2,), low=-inf, high=inf)
  target_position  Space(float32, shape=(2,), low=-inf, high=inf)
  dist_to_target   Space(float32, shape=(), low=-inf, high=inf)
Actions
  action           Space(float32, shape=(2,), low=-1.0, high=1.0)
Extras
  consec           Space(int32, shape=(), low=-2147483648, high=2147483647)
  stepid           Space(uint8, shape=(20,), low=0, high=255)
  dyn/deter        Space(float32, shape=(512,), low=-inf, high=inf)
  dyn/stoch        Space(float32, shape=(32, 4), low=-inf, high=inf)
JAX devices (1): [cuda:0]
Policy devices: cuda:0
Train devices:  cuda:0
Initializing parameters...
/workspace/dreamerv3/embodied/jax/agent.py:112: DeprecationWarning: `with mesh:` context manager has been deprecated. Please use `with jax.set_mesh(mesh):` instead.
  with self.train_mesh:
Optimizer opt has 214,723 params:
        66,111 val
        57,663 rew
        49,796 pol
        41,153 con
/workspace/conda_envs/dreamerv3/lib/python3.11/site-packages/optax/_src/linear_algebra.py:44: DeprecationWarning: optax.global_norm is deprecated in favor of optax.tree.norm
  warnings.warn(
Done initializing!
Compiling 1 checkpoint groups...
Largest checkpoint group: 0 GB
Loading checkpoint: /workspace/goodhart_runs/adapt_ax1fq1s1_finger_seed12_ckpt500000/ckpt/20260714T021909F403880
Loaded checkpoint.
adapt_ax1fq1s1_finger_seed12_ckpt500000: M-return 1.56 (median 1.51, survived 1.00) -> /workspace/goodhart_runs/goodhart_p2elong/eval_adapt_ax1fq1s1_finger_seed12_ckpt500000.json
Observations
  reward           Space(float32, shape=(), low=-inf, high=inf)
  is_first         Space(bool, shape=(), low=False, high=True)
  is_last          Space(bool, shape=(), low=False, high=True)
  is_terminal      Space(bool, shape=(), low=False, high=True)
  position         Space(float32, shape=(4,), low=-inf, high=inf)
  velocity         Space(float32, shape=(3,), low=-inf, high=inf)
  touch            Space(float32, shape=(2,), low=-inf, high=inf)
  target_position  Space(float32, shape=(2,), low=-inf, high=inf)
  dist_to_target   Space(float32, shape=(), low=-inf, high=inf)
Actions
  action           Space(float32, shape=(2,), low=-1.0, high=1.0)
Extras
  consec           Space(int32, shape=(), low=-2147483648, high=2147483647)
  stepid           Space(uint8, shape=(20,), low=0, high=255)
  dyn/deter        Space(float32, shape=(512,), low=-inf, high=inf)
  dyn/stoch        Space(float32, shape=(32, 4), low=-inf, high=inf)
JAX devices (1): [cuda:0]
Policy devices: cuda:0
Train devices:  cuda:0
Initializing parameters...
/workspace/dreamerv3/embodied/jax/agent.py:112: DeprecationWarning: `with mesh:` context manager has been deprecated. Please use `with jax.set_mesh(mesh):` instead.
  with self.train_mesh:
Optimizer opt has 214,723 params:
        66,111 val
        57,663 rew
        49,796 pol
        41,153 con
/workspace/conda_envs/dreamerv3/lib/python3.11/site-packages/optax/_src/linear_algebra.py:44: DeprecationWarning: optax.global_norm is deprecated in favor of optax.tree.norm
  warnings.warn(
Done initializing!
Compiling 1 checkpoint groups...
Largest checkpoint group: 0 GB
Loading checkpoint: /workspace/goodhart_runs/adapt_p2elong_finger_seed1_ckpt500000/ckpt/20260711T040721F002376
Loaded checkpoint.
Observations
  reward           Space(float32, shape=(), low=-inf, high=inf)
  is_first         Space(bool, shape=(), low=False, high=True)
  is_last          Space(bool, shape=(), low=False, high=True)
  is_terminal      Space(bool, shape=(), low=False, high=True)
  position         Space(float32, shape=(4,), low=-inf, high=inf)
  velocity         Space(float32, shape=(3,), low=-inf, high=inf)
  touch            Space(float32, shape=(2,), low=-inf, high=inf)
  target_position  Space(float32, shape=(2,), low=-inf, high=inf)
  dist_to_target   Space(float32, shape=(), low=-inf, high=inf)
Actions
  action           Space(float32, shape=(2,), low=-1.0, high=1.0)
Extras
  consec           Space(int32, shape=(), low=-2147483648, high=2147483647)
  stepid           Space(uint8, shape=(20,), low=0, high=255)
  dyn/deter        Space(float32, shape=(512,), low=-inf, high=inf)
  dyn/stoch        Space(float32, shape=(32, 4), low=-inf, high=inf)
JAX devices (1): [cuda:0]
Policy devices: cuda:0
Train devices:  cuda:0
Initializing parameters...
/workspace/dreamerv3/embodied/jax/agent.py:112: DeprecationWarning: `with mesh:` context manager has been deprecated. Please use `with jax.set_mesh(mesh):` instead.
  with self.train_mesh:
Optimizer opt has 214,723 params:
        66,111 val
        57,663 rew
        49,796 pol
        41,153 con
/workspace/conda_envs/dreamerv3/lib/python3.11/site-packages/optax/_src/linear_algebra.py:44: DeprecationWarning: optax.global_norm is deprecated in favor of optax.tree.norm
  warnings.warn(
Done initializing!
Compiling 1 checkpoint groups...
Largest checkpoint group: 0 GB
Loading checkpoint: /workspace/goodhart_runs/adapt_ax1fq1s1_finger_seed13_ckpt500000/ckpt/20260714T025930F811211
Loaded checkpoint.
adapt_ax1fq1s1_finger_seed13_ckpt500000: M-return 1.05 (median 0.97, survived 1.00) -> /workspace/goodhart_runs/goodhart_p2elong/eval_adapt_ax1fq1s1_finger_seed13_ckpt500000.json
Observations
  reward           Space(float32, shape=(), low=-inf, high=inf)
  is_first         Space(bool, shape=(), low=False, high=True)
  is_last          Space(bool, shape=(), low=False, high=True)
  is_terminal      Space(bool, shape=(), low=False, high=True)
  position         Space(float32, shape=(4,), low=-inf, high=inf)
  velocity         Space(float32, shape=(3,), low=-inf, high=inf)
  touch            Space(float32, shape=(2,), low=-inf, high=inf)
  target_position  Space(float32, shape=(2,), low=-inf, high=inf)
  dist_to_target   Space(float32, shape=(), low=-inf, high=inf)
Actions
  action           Space(float32, shape=(2,), low=-1.0, high=1.0)
Extras
  consec           Space(int32, shape=(), low=-2147483648, high=2147483647)
  stepid           Space(uint8, shape=(20,), low=0, high=255)
  dyn/deter        Space(float32, shape=(512,), low=-inf, high=inf)
  dyn/stoch        Space(float32, shape=(32, 4), low=-inf, high=inf)
JAX devices (1): [cuda:0]
Policy devices: cuda:0
Train devices:  cuda:0
Initializing parameters...
/workspace/dreamerv3/embodied/jax/agent.py:112: DeprecationWarning: `with mesh:` context manager has been deprecated. Please use `with jax.set_mesh(mesh):` instead.
  with self.train_mesh:
Optimizer opt has 214,723 params:
        66,111 val
        57,663 rew
        49,796 pol
        41,153 con
/workspace/conda_envs/dreamerv3/lib/python3.11/site-packages/optax/_src/linear_algebra.py:44: DeprecationWarning: optax.global_norm is deprecated in favor of optax.tree.norm
  warnings.warn(
Done initializing!
Compiling 1 checkpoint groups...
Largest checkpoint group: 0 GB
Loading checkpoint: /workspace/goodhart_runs/adapt_p2elong_finger_seed1_ckpt500000/ckpt/20260711T040721F002376
Loaded checkpoint.
Observations
  reward           Space(float32, shape=(), low=-inf, high=inf)
  is_first         Space(bool, shape=(), low=False, high=True)
  is_last          Space(bool, shape=(), low=False, high=True)
  is_terminal      Space(bool, shape=(), low=False, high=True)
  position         Space(float32, shape=(4,), low=-inf, high=inf)
  velocity         Space(float32, shape=(3,), low=-inf, high=inf)
  touch            Space(float32, shape=(2,), low=-inf, high=inf)
  target_position  Space(float32, shape=(2,), low=-inf, high=inf)
  dist_to_target   Space(float32, shape=(), low=-inf, high=inf)
Actions
  action           Space(float32, shape=(2,), low=-1.0, high=1.0)
Extras
  consec           Space(int32, shape=(), low=-2147483648, high=2147483647)
  stepid           Space(uint8, shape=(20,), low=0, high=255)
  dyn/deter        Space(float32, shape=(512,), low=-inf, high=inf)
  dyn/stoch        Space(float32, shape=(32, 4), low=-inf, high=inf)
JAX devices (1): [cuda:0]
Policy devices: cuda:0
Train devices:  cuda:0
Initializing parameters...
/workspace/dreamerv3/embodied/jax/agent.py:112: DeprecationWarning: `with mesh:` context manager has been deprecated. Please use `with jax.set_mesh(mesh):` instead.
  with self.train_mesh:
Optimizer opt has 214,723 params:
        66,111 val
        57,663 rew
        49,796 pol
        41,153 con
/workspace/conda_envs/dreamerv3/lib/python3.11/site-packages/optax/_src/linear_algebra.py:44: DeprecationWarning: optax.global_norm is deprecated in favor of optax.tree.norm
  warnings.warn(
Done initializing!
Compiling 1 checkpoint groups...
Largest checkpoint group: 0 GB
Loading checkpoint: /workspace/goodhart_runs/adapt_ax1fq1s1_finger_seed14_ckpt500000/ckpt/20260714T030011F608969
Loaded checkpoint.
adapt_ax1fq1s1_finger_seed14_ckpt500000: M-return 1.05 (median 1.00, survived 1.00) -> /workspace/goodhart_runs/goodhart_p2elong/eval_adapt_ax1fq1s1_finger_seed14_ckpt500000.json
Observations
  reward           Space(float32, shape=(), low=-inf, high=inf)
  is_first         Space(bool, shape=(), low=False, high=True)
  is_last          Space(bool, shape=(), low=False, high=True)
  is_terminal      Space(bool, shape=(), low=False, high=True)
  position         Space(float32, shape=(4,), low=-inf, high=inf)
  velocity         Space(float32, shape=(3,), low=-inf, high=inf)
  touch            Space(float32, shape=(2,), low=-inf, high=inf)
  target_position  Space(float32, shape=(2,), low=-inf, high=inf)
  dist_to_target   Space(float32, shape=(), low=-inf, high=inf)
Actions
  action           Space(float32, shape=(2,), low=-1.0, high=1.0)
Extras
  consec           Space(int32, shape=(), low=-2147483648, high=2147483647)
  stepid           Space(uint8, shape=(20,), low=0, high=255)
  dyn/deter        Space(float32, shape=(512,), low=-inf, high=inf)
  dyn/stoch        Space(float32, shape=(32, 4), low=-inf, high=inf)
JAX devices (1): [cuda:0]
Policy devices: cuda:0
Train devices:  cuda:0
Initializing parameters...
/workspace/dreamerv3/embodied/jax/agent.py:112: DeprecationWarning: `with mesh:` context manager has been deprecated. Please use `with jax.set_mesh(mesh):` instead.
  with self.train_mesh:
Optimizer opt has 214,723 params:
        66,111 val
        57,663 rew
        49,796 pol
        41,153 con
/workspace/conda_envs/dreamerv3/lib/python3.11/site-packages/optax/_src/linear_algebra.py:44: DeprecationWarning: optax.global_norm is deprecated in favor of optax.tree.norm
  warnings.warn(
Done initializing!
Compiling 1 checkpoint groups...
Largest checkpoint group: 0 GB
Loading checkpoint: /workspace/goodhart_runs/adapt_p2elong_finger_seed1_ckpt500000/ckpt/20260711T040721F002376
Loaded checkpoint.
Observations
  reward           Space(float32, shape=(), low=-inf, high=inf)
  is_first         Space(bool, shape=(), low=False, high=True)
  is_last          Space(bool, shape=(), low=False, high=True)
  is_terminal      Space(bool, shape=(), low=False, high=True)
  position         Space(float32, shape=(4,), low=-inf, high=inf)
  velocity         Space(float32, shape=(3,), low=-inf, high=inf)
  touch            Space(float32, shape=(2,), low=-inf, high=inf)
  target_position  Space(float32, shape=(2,), low=-inf, high=inf)
  dist_to_target   Space(float32, shape=(), low=-inf, high=inf)
Actions
  action           Space(float32, shape=(2,), low=-1.0, high=1.0)
Extras
  consec           Space(int32, shape=(), low=-2147483648, high=2147483647)
  stepid           Space(uint8, shape=(20,), low=0, high=255)
  dyn/deter        Space(float32, shape=(512,), low=-inf, high=inf)
  dyn/stoch        Space(float32, shape=(32, 4), low=-inf, high=inf)
JAX devices (1): [cuda:0]
Policy devices: cuda:0
Train devices:  cuda:0
Initializing parameters...
/workspace/dreamerv3/embodied/jax/agent.py:112: DeprecationWarning: `with mesh:` context manager has been deprecated. Please use `with jax.set_mesh(mesh):` instead.
  with self.train_mesh:
Optimizer opt has 214,723 params:
        66,111 val
        57,663 rew
        49,796 pol
        41,153 con
/workspace/conda_envs/dreamerv3/lib/python3.11/site-packages/optax/_src/linear_algebra.py:44: DeprecationWarning: optax.global_norm is deprecated in favor of optax.tree.norm
  warnings.warn(
Done initializing!
Compiling 1 checkpoint groups...
Largest checkpoint group: 0 GB
Loading checkpoint: /workspace/goodhart_runs/adapt_ax1fq1s1_finger_seed15_ckpt500000/ckpt/20260714T025825F406438
Loaded checkpoint.
adapt_ax1fq1s1_finger_seed15_ckpt500000: M-return 1.04 (median 0.93, survived 1.00) -> /workspace/goodhart_runs/goodhart_p2elong/eval_adapt_ax1fq1s1_finger_seed15_ckpt500000.json
Observations
  reward           Space(float32, shape=(), low=-inf, high=inf)
  is_first         Space(bool, shape=(), low=False, high=True)
  is_last          Space(bool, shape=(), low=False, high=True)
  is_terminal      Space(bool, shape=(), low=False, high=True)
  position         Space(float32, shape=(4,), low=-inf, high=inf)
  velocity         Space(float32, shape=(3,), low=-inf, high=inf)
  touch            Space(float32, shape=(2,), low=-inf, high=inf)
  target_position  Space(float32, shape=(2,), low=-inf, high=inf)
  dist_to_target   Space(float32, shape=(), low=-inf, high=inf)
Actions
  action           Space(float32, shape=(2,), low=-1.0, high=1.0)
Extras
  consec           Space(int32, shape=(), low=-2147483648, high=2147483647)
  stepid           Space(uint8, shape=(20,), low=0, high=255)
  dyn/deter        Space(float32, shape=(512,), low=-inf, high=inf)
  dyn/stoch        Space(float32, shape=(32, 4), low=-inf, high=inf)
JAX devices (1): [cuda:0]
Policy devices: cuda:0
Train devices:  cuda:0
Initializing parameters...
/workspace/dreamerv3/embodied/jax/agent.py:112: DeprecationWarning: `with mesh:` context manager has been deprecated. Please use `with jax.set_mesh(mesh):` instead.
  with self.train_mesh:
Optimizer opt has 214,723 params:
        66,111 val
        57,663 rew
        49,796 pol
        41,153 con
/workspace/conda_envs/dreamerv3/lib/python3.11/site-packages/optax/_src/linear_algebra.py:44: DeprecationWarning: optax.global_norm is deprecated in favor of optax.tree.norm
  warnings.warn(
Done initializing!
Compiling 1 checkpoint groups...
Largest checkpoint group: 0 GB
Loading checkpoint: /workspace/goodhart_runs/adapt_p2elong_finger_seed1_ckpt500000/ckpt/20260711T040721F002376
Loaded checkpoint.
Observations
  reward           Space(float32, shape=(), low=-inf, high=inf)
  is_first         Space(bool, shape=(), low=False, high=True)
  is_last          Space(bool, shape=(), low=False, high=True)
  is_terminal      Space(bool, shape=(), low=False, high=True)
  position         Space(float32, shape=(4,), low=-inf, high=inf)
  velocity         Space(float32, shape=(3,), low=-inf, high=inf)
  touch            Space(float32, shape=(2,), low=-inf, high=inf)
  target_position  Space(float32, shape=(2,), low=-inf, high=inf)
  dist_to_target   Space(float32, shape=(), low=-inf, high=inf)
Actions
  action           Space(float32, shape=(2,), low=-1.0, high=1.0)
Extras
  consec           Space(int32, shape=(), low=-2147483648, high=2147483647)
  stepid           Space(uint8, shape=(20,), low=0, high=255)
  dyn/deter        Space(float32, shape=(512,), low=-inf, high=inf)
  dyn/stoch        Space(float32, shape=(32, 4), low=-inf, high=inf)
JAX devices (1): [cuda:0]
Policy devices: cuda:0
Train devices:  cuda:0
Initializing parameters...
/workspace/dreamerv3/embodied/jax/agent.py:112: DeprecationWarning: `with mesh:` context manager has been deprecated. Please use `with jax.set_mesh(mesh):` instead.
  with self.train_mesh:
Optimizer opt has 214,723 params:
        66,111 val
        57,663 rew
        49,796 pol
        41,153 con
/workspace/conda_envs/dreamerv3/lib/python3.11/site-packages/optax/_src/linear_algebra.py:44: DeprecationWarning: optax.global_norm is deprecated in favor of optax.tree.norm
  warnings.warn(
Done initializing!
Compiling 1 checkpoint groups...
Largest checkpoint group: 0 GB
Loading checkpoint: /workspace/goodhart_runs/adapt_ax1fq1s1_finger_seed16_ckpt500000/ckpt/20260714T025917F009473
Loaded checkpoint.
adapt_ax1fq1s1_finger_seed16_ckpt500000: M-return 1.04 (median 0.93, survived 1.00) -> /workspace/goodhart_runs/goodhart_p2elong/eval_adapt_ax1fq1s1_finger_seed16_ckpt500000.json
Observations
  reward           Space(float32, shape=(), low=-inf, high=inf)
  is_first         Space(bool, shape=(), low=False, high=True)
  is_last          Space(bool, shape=(), low=False, high=True)
  is_terminal      Space(bool, shape=(), low=False, high=True)
  position         Space(float32, shape=(4,), low=-inf, high=inf)
  velocity         Space(float32, shape=(3,), low=-inf, high=inf)
  touch            Space(float32, shape=(2,), low=-inf, high=inf)
  target_position  Space(float32, shape=(2,), low=-inf, high=inf)
  dist_to_target   Space(float32, shape=(), low=-inf, high=inf)
Actions
  action           Space(float32, shape=(2,), low=-1.0, high=1.0)
Extras
  consec           Space(int32, shape=(), low=-2147483648, high=2147483647)
  stepid           Space(uint8, shape=(20,), low=0, high=255)
  dyn/deter        Space(float32, shape=(512,), low=-inf, high=inf)
  dyn/stoch        Space(float32, shape=(32, 4), low=-inf, high=inf)
JAX devices (1): [cuda:0]
Policy devices: cuda:0
Train devices:  cuda:0
Initializing parameters...
/workspace/dreamerv3/embodied/jax/agent.py:112: DeprecationWarning: `with mesh:` context manager has been deprecated. Please use `with jax.set_mesh(mesh):` instead.
  with self.train_mesh:
Optimizer opt has 214,723 params:
        66,111 val
        57,663 rew
        49,796 pol
        41,153 con
/workspace/conda_envs/dreamerv3/lib/python3.11/site-packages/optax/_src/linear_algebra.py:44: DeprecationWarning: optax.global_norm is deprecated in favor of optax.tree.norm
  warnings.warn(
Done initializing!
Compiling 1 checkpoint groups...
Largest checkpoint group: 0 GB
Loading checkpoint: /workspace/goodhart_runs/adapt_p2elong_finger_seed1_ckpt500000/ckpt/20260711T040721F002376
Loaded checkpoint.
Observations
  reward           Space(float32, shape=(), low=-inf, high=inf)
  is_first         Space(bool, shape=(), low=False, high=True)
  is_last          Space(bool, shape=(), low=False, high=True)
  is_terminal      Space(bool, shape=(), low=False, high=True)
  position         Space(float32, shape=(4,), low=-inf, high=inf)
  velocity         Space(float32, shape=(3,), low=-inf, high=inf)
  touch            Space(float32, shape=(2,), low=-inf, high=inf)
  target_position  Space(float32, shape=(2,), low=-inf, high=inf)
  dist_to_target   Space(float32, shape=(), low=-inf, high=inf)
Actions
  action           Space(float32, shape=(2,), low=-1.0, high=1.0)
Extras
  consec           Space(int32, shape=(), low=-2147483648, high=2147483647)
  stepid           Space(uint8, shape=(20,), low=0, high=255)
  dyn/deter        Space(float32, shape=(512,), low=-inf, high=inf)
  dyn/stoch        Space(float32, shape=(32, 4), low=-inf, high=inf)
JAX devices (1): [cuda:0]
Policy devices: cuda:0
Train devices:  cuda:0
Initializing parameters...
/workspace/dreamerv3/embodied/jax/agent.py:112: DeprecationWarning: `with mesh:` context manager has been deprecated. Please use `with jax.set_mesh(mesh):` instead.
  with self.train_mesh:
Optimizer opt has 214,723 params:
        66,111 val
        57,663 rew
        49,796 pol
        41,153 con
/workspace/conda_envs/dreamerv3/lib/python3.11/site-packages/optax/_src/linear_algebra.py:44: DeprecationWarning: optax.global_norm is deprecated in favor of optax.tree.norm
  warnings.warn(
Done initializing!
Compiling 1 checkpoint groups...
Largest checkpoint group: 0 GB
Loading checkpoint: /workspace/goodhart_runs/adapt_ax1fq1s1_finger_seed1_ckpt500000/ckpt/20260713T082733F345923
Loaded checkpoint.
adapt_ax1fq1s1_finger_seed1_ckpt500000: M-return 1.67 (median 1.69, survived 1.00) -> /workspace/goodhart_runs/goodhart_p2elong/eval_adapt_ax1fq1s1_finger_seed1_ckpt500000.json
Observations
  reward           Space(float32, shape=(), low=-inf, high=inf)
  is_first         Space(bool, shape=(), low=False, high=True)
  is_last          Space(bool, shape=(), low=False, high=True)
  is_terminal      Space(bool, shape=(), low=False, high=True)
  position         Space(float32, shape=(4,), low=-inf, high=inf)
  velocity         Space(float32, shape=(3,), low=-inf, high=inf)
  touch            Space(float32, shape=(2,), low=-inf, high=inf)
  target_position  Space(float32, shape=(2,), low=-inf, high=inf)
  dist_to_target   Space(float32, shape=(), low=-inf, high=inf)
Actions
  action           Space(float32, shape=(2,), low=-1.0, high=1.0)
Extras
  consec           Space(int32, shape=(), low=-2147483648, high=2147483647)
  stepid           Space(uint8, shape=(20,), low=0, high=255)
  dyn/deter        Space(float32, shape=(512,), low=-inf, high=inf)
  dyn/stoch        Space(float32, shape=(32, 4), low=-inf, high=inf)
JAX devices (1): [cuda:0]
Policy devices: cuda:0
Train devices:  cuda:0
Initializing parameters...
/workspace/dreamerv3/embodied/jax/agent.py:112: DeprecationWarning: `with mesh:` context manager has been deprecated. Please use `with jax.set_mesh(mesh):` instead.
  with self.train_mesh:
Optimizer opt has 214,723 params:
        66,111 val
        57,663 rew
        49,796 pol
        41,153 con
/workspace/conda_envs/dreamerv3/lib/python3.11/site-packages/optax/_src/linear_algebra.py:44: DeprecationWarning: optax.global_norm is deprecated in favor of optax.tree.norm
  warnings.warn(
Done initializing!
Compiling 1 checkpoint groups...
Largest checkpoint group: 0 GB
Loading checkpoint: /workspace/goodhart_runs/adapt_p2elong_finger_seed1_ckpt500000/ckpt/20260711T040721F002376
Loaded checkpoint.
Observations
  reward           Space(float32, shape=(), low=-inf, high=inf)
  is_first         Space(bool, shape=(), low=False, high=True)
  is_last          Space(bool, shape=(), low=False, high=True)
  is_terminal      Space(bool, shape=(), low=False, high=True)
  position         Space(float32, shape=(4,), low=-inf, high=inf)
  velocity         Space(float32, shape=(3,), low=-inf, high=inf)
  touch            Space(float32, shape=(2,), low=-inf, high=inf)
  target_position  Space(float32, shape=(2,), low=-inf, high=inf)
  dist_to_target   Space(float32, shape=(), low=-inf, high=inf)
Actions
  action           Space(float32, shape=(2,), low=-1.0, high=1.0)
Extras
  consec           Space(int32, shape=(), low=-2147483648, high=2147483647)
  stepid           Space(uint8, shape=(20,), low=0, high=255)
  dyn/deter        Space(float32, shape=(512,), low=-inf, high=inf)
  dyn/stoch        Space(float32, shape=(32, 4), low=-inf, high=inf)
JAX devices (1): [cuda:0]
Policy devices: cuda:0
Train devices:  cuda:0
Initializing parameters...
/workspace/dreamerv3/embodied/jax/agent.py:112: DeprecationWarning: `with mesh:` context manager has been deprecated. Please use `with jax.set_mesh(mesh):` instead.
  with self.train_mesh:
Optimizer opt has 214,723 params:
        66,111 val
        57,663 rew
        49,796 pol
        41,153 con
/workspace/conda_envs/dreamerv3/lib/python3.11/site-packages/optax/_src/linear_algebra.py:44: DeprecationWarning: optax.global_norm is deprecated in favor of optax.tree.norm
  warnings.warn(
Done initializing!
Compiling 1 checkpoint groups...
Largest checkpoint group: 0 GB
Loading checkpoint: /workspace/goodhart_runs/adapt_ax1fq1s1_finger_seed2_ckpt500000/ckpt/20260713T075808F548437
Loaded checkpoint.
adapt_ax1fq1s1_finger_seed2_ckpt500000: M-return 0.54 (median 0.53, survived 1.00) -> /workspace/goodhart_runs/goodhart_p2elong/eval_adapt_ax1fq1s1_finger_seed2_ckpt500000.json
Observations
  reward           Space(float32, shape=(), low=-inf, high=inf)
  is_first         Space(bool, shape=(), low=False, high=True)
  is_last          Space(bool, shape=(), low=False, high=True)
  is_terminal      Space(bool, shape=(), low=False, high=True)
  position         Space(float32, shape=(4,), low=-inf, high=inf)
  velocity         Space(float32, shape=(3,), low=-inf, high=inf)
  touch            Space(float32, shape=(2,), low=-inf, high=inf)
  target_position  Space(float32, shape=(2,), low=-inf, high=inf)
  dist_to_target   Space(float32, shape=(), low=-inf, high=inf)
Actions
  action           Space(float32, shape=(2,), low=-1.0, high=1.0)
Extras
  consec           Space(int32, shape=(), low=-2147483648, high=2147483647)
  stepid           Space(uint8, shape=(20,), low=0, high=255)
  dyn/deter        Space(float32, shape=(512,), low=-inf, high=inf)
  dyn/stoch        Space(float32, shape=(32, 4), low=-inf, high=inf)
JAX devices (1): [cuda:0]
Policy devices: cuda:0
Train devices:  cuda:0
Initializing parameters...
/workspace/dreamerv3/embodied/jax/agent.py:112: DeprecationWarning: `with mesh:` context manager has been deprecated. Please use `with jax.set_mesh(mesh):` instead.
  with self.train_mesh:
Optimizer opt has 214,723 params:
        66,111 val
        57,663 rew
        49,796 pol
        41,153 con
/workspace/conda_envs/dreamerv3/lib/python3.11/site-packages/optax/_src/linear_algebra.py:44: DeprecationWarning: optax.global_norm is deprecated in favor of optax.tree.norm
  warnings.warn(
Done initializing!
Compiling 1 checkpoint groups...
Largest checkpoint group: 0 GB
Loading checkpoint: /workspace/goodhart_runs/adapt_p2elong_finger_seed1_ckpt500000/ckpt/20260711T040721F002376
Loaded checkpoint.
Observations
  reward           Space(float32, shape=(), low=-inf, high=inf)
  is_first         Space(bool, shape=(), low=False, high=True)
  is_last          Space(bool, shape=(), low=False, high=True)
  is_terminal      Space(bool, shape=(), low=False, high=True)
  position         Space(float32, shape=(4,), low=-inf, high=inf)
  velocity         Space(float32, shape=(3,), low=-inf, high=inf)
  touch            Space(float32, shape=(2,), low=-inf, high=inf)
  target_position  Space(float32, shape=(2,), low=-inf, high=inf)
  dist_to_target   Space(float32, shape=(), low=-inf, high=inf)
Actions
  action           Space(float32, shape=(2,), low=-1.0, high=1.0)
Extras
  consec           Space(int32, shape=(), low=-2147483648, high=2147483647)
  stepid           Space(uint8, shape=(20,), low=0, high=255)
  dyn/deter        Space(float32, shape=(512,), low=-inf, high=inf)
  dyn/stoch        Space(float32, shape=(32, 4), low=-inf, high=inf)
JAX devices (1): [cuda:0]
Policy devices: cuda:0
Train devices:  cuda:0
Initializing parameters...
/workspace/dreamerv3/embodied/jax/agent.py:112: DeprecationWarning: `with mesh:` context manager has been deprecated. Please use `with jax.set_mesh(mesh):` instead.
  with self.train_mesh:
Optimizer opt has 214,723 params:
        66,111 val
        57,663 rew
        49,796 pol
        41,153 con
/workspace/conda_envs/dreamerv3/lib/python3.11/site-packages/optax/_src/linear_algebra.py:44: DeprecationWarning: optax.global_norm is deprecated in favor of optax.tree.norm
  warnings.warn(
Done initializing!
Compiling 1 checkpoint groups...
Largest checkpoint group: 0 GB
Loading checkpoint: /workspace/goodhart_runs/adapt_ax1fq1s1_finger_seed3_ckpt500000/ckpt/20260713T074459F609360
Loaded checkpoint.
adapt_ax1fq1s1_finger_seed3_ckpt500000: M-return 0.43 (median 0.42, survived 1.00) -> /workspace/goodhart_runs/goodhart_p2elong/eval_adapt_ax1fq1s1_finger_seed3_ckpt500000.json
Observations
  reward           Space(float32, shape=(), low=-inf, high=inf)
  is_first         Space(bool, shape=(), low=False, high=True)
  is_last          Space(bool, shape=(), low=False, high=True)
  is_terminal      Space(bool, shape=(), low=False, high=True)
  position         Space(float32, shape=(4,), low=-inf, high=inf)
  velocity         Space(float32, shape=(3,), low=-inf, high=inf)
  touch            Space(float32, shape=(2,), low=-inf, high=inf)
  target_position  Space(float32, shape=(2,), low=-inf, high=inf)
  dist_to_target   Space(float32, shape=(), low=-inf, high=inf)
Actions
  action           Space(float32, shape=(2,), low=-1.0, high=1.0)
Extras
  consec           Space(int32, shape=(), low=-2147483648, high=2147483647)
  stepid           Space(uint8, shape=(20,), low=0, high=255)
  dyn/deter        Space(float32, shape=(512,), low=-inf, high=inf)
  dyn/stoch        Space(float32, shape=(32, 4), low=-inf, high=inf)
JAX devices (1): [cuda:0]
Policy devices: cuda:0
Train devices:  cuda:0
Initializing parameters...
/workspace/dreamerv3/embodied/jax/agent.py:112: DeprecationWarning: `with mesh:` context manager has been deprecated. Please use `with jax.set_mesh(mesh):` instead.
  with self.train_mesh:
Optimizer opt has 214,723 params:
        66,111 val
        57,663 rew
        49,796 pol
        41,153 con
/workspace/conda_envs/dreamerv3/lib/python3.11/site-packages/optax/_src/linear_algebra.py:44: DeprecationWarning: optax.global_norm is deprecated in favor of optax.tree.norm
  warnings.warn(
Done initializing!
Compiling 1 checkpoint groups...
Largest checkpoint group: 0 GB
Loading checkpoint: /workspace/goodhart_runs/adapt_p2elong_finger_seed1_ckpt500000/ckpt/20260711T040721F002376
Loaded checkpoint.
Observations
  reward           Space(float32, shape=(), low=-inf, high=inf)
  is_first         Space(bool, shape=(), low=False, high=True)
  is_last          Space(bool, shape=(), low=False, high=True)
  is_terminal      Space(bool, shape=(), low=False, high=True)
  position         Space(float32, shape=(4,), low=-inf, high=inf)
  velocity         Space(float32, shape=(3,), low=-inf, high=inf)
  touch            Space(float32, shape=(2,), low=-inf, high=inf)
  target_position  Space(float32, shape=(2,), low=-inf, high=inf)
  dist_to_target   Space(float32, shape=(), low=-inf, high=inf)
Actions
  action           Space(float32, shape=(2,), low=-1.0, high=1.0)
Extras
  consec           Space(int32, shape=(), low=-2147483648, high=2147483647)
  stepid           Space(uint8, shape=(20,), low=0, high=255)
  dyn/deter        Space(float32, shape=(512,), low=-inf, high=inf)
  dyn/stoch        Space(float32, shape=(32, 4), low=-inf, high=inf)
JAX devices (1): [cuda:0]
Policy devices: cuda:0
Train devices:  cuda:0
Initializing parameters...
/workspace/dreamerv3/embodied/jax/agent.py:112: DeprecationWarning: `with mesh:` context manager has been deprecated. Please use `with jax.set_mesh(mesh):` instead.
  with self.train_mesh:
Optimizer opt has 214,723 params:
        66,111 val
        57,663 rew
        49,796 pol
        41,153 con
/workspace/conda_envs/dreamerv3/lib/python3.11/site-packages/optax/_src/linear_algebra.py:44: DeprecationWarning: optax.global_norm is deprecated in favor of optax.tree.norm
  warnings.warn(
Done initializing!
Compiling 1 checkpoint groups...
Largest checkpoint group: 0 GB
Loading checkpoint: /workspace/goodhart_runs/adapt_ax1fq1s1_finger_seed4_ckpt500000/ckpt/20260713T074830F467678
Loaded checkpoint.
adapt_ax1fq1s1_finger_seed4_ckpt500000: M-return 2.40 (median 2.38, survived 1.00) -> /workspace/goodhart_runs/goodhart_p2elong/eval_adapt_ax1fq1s1_finger_seed4_ckpt500000.json
Observations
  reward           Space(float32, shape=(), low=-inf, high=inf)
  is_first         Space(bool, shape=(), low=False, high=True)
  is_last          Space(bool, shape=(), low=False, high=True)
  is_terminal      Space(bool, shape=(), low=False, high=True)
  position         Space(float32, shape=(4,), low=-inf, high=inf)
  velocity         Space(float32, shape=(3,), low=-inf, high=inf)
  touch            Space(float32, shape=(2,), low=-inf, high=inf)
  target_position  Space(float32, shape=(2,), low=-inf, high=inf)
  dist_to_target   Space(float32, shape=(), low=-inf, high=inf)
Actions
  action           Space(float32, shape=(2,), low=-1.0, high=1.0)
Extras
  consec           Space(int32, shape=(), low=-2147483648, high=2147483647)
  stepid           Space(uint8, shape=(20,), low=0, high=255)
  dyn/deter        Space(float32, shape=(512,), low=-inf, high=inf)
  dyn/stoch        Space(float32, shape=(32, 4), low=-inf, high=inf)
JAX devices (1): [cuda:0]
Policy devices: cuda:0
Train devices:  cuda:0
Initializing parameters...
/workspace/dreamerv3/embodied/jax/agent.py:112: DeprecationWarning: `with mesh:` context manager has been deprecated. Please use `with jax.set_mesh(mesh):` instead.
  with self.train_mesh:
Optimizer opt has 214,723 params:
        66,111 val
        57,663 rew
        49,796 pol
        41,153 con
/workspace/conda_envs/dreamerv3/lib/python3.11/site-packages/optax/_src/linear_algebra.py:44: DeprecationWarning: optax.global_norm is deprecated in favor of optax.tree.norm
  warnings.warn(
Done initializing!
Compiling 1 checkpoint groups...
Largest checkpoint group: 0 GB
Loading checkpoint: /workspace/goodhart_runs/adapt_p2elong_finger_seed1_ckpt500000/ckpt/20260711T040721F002376
Loaded checkpoint.
Observations
  reward           Space(float32, shape=(), low=-inf, high=inf)
  is_first         Space(bool, shape=(), low=False, high=True)
  is_last          Space(bool, shape=(), low=False, high=True)
  is_terminal      Space(bool, shape=(), low=False, high=True)
  position         Space(float32, shape=(4,), low=-inf, high=inf)
  velocity         Space(float32, shape=(3,), low=-inf, high=inf)
  touch            Space(float32, shape=(2,), low=-inf, high=inf)
  target_position  Space(float32, shape=(2,), low=-inf, high=inf)
  dist_to_target   Space(float32, shape=(), low=-inf, high=inf)
Actions
  action           Space(float32, shape=(2,), low=-1.0, high=1.0)
Extras
  consec           Space(int32, shape=(), low=-2147483648, high=2147483647)
  stepid           Space(uint8, shape=(20,), low=0, high=255)
  dyn/deter        Space(float32, shape=(512,), low=-inf, high=inf)
  dyn/stoch        Space(float32, shape=(32, 4), low=-inf, high=inf)
JAX devices (1): [cuda:0]
Policy devices: cuda:0
Train devices:  cuda:0
Initializing parameters...
/workspace/dreamerv3/embodied/jax/agent.py:112: DeprecationWarning: `with mesh:` context manager has been deprecated. Please use `with jax.set_mesh(mesh):` instead.
  with self.train_mesh:
Optimizer opt has 214,723 params:
        66,111 val
        57,663 rew
        49,796 pol
        41,153 con
/workspace/conda_envs/dreamerv3/lib/python3.11/site-packages/optax/_src/linear_algebra.py:44: DeprecationWarning: optax.global_norm is deprecated in favor of optax.tree.norm
  warnings.warn(
Done initializing!
Compiling 1 checkpoint groups...
Largest checkpoint group: 0 GB
Loading checkpoint: /workspace/goodhart_runs/adapt_ax1fq1s1_finger_seed9_ckpt500000/ckpt/20260714T022125F118925
Loaded checkpoint.
adapt_ax1fq1s1_finger_seed9_ckpt500000: M-return 0.78 (median 0.78, survived 1.00) -> /workspace/goodhart_runs/goodhart_p2elong/eval_adapt_ax1fq1s1_finger_seed9_ckpt500000.json
Observations
  reward           Space(float32, shape=(), low=-inf, high=inf)
  is_first         Space(bool, shape=(), low=False, high=True)
  is_last          Space(bool, shape=(), low=False, high=True)
  is_terminal      Space(bool, shape=(), low=False, high=True)
  position         Space(float32, shape=(4,), low=-inf, high=inf)
  velocity         Space(float32, shape=(3,), low=-inf, high=inf)
  touch            Space(float32, shape=(2,), low=-inf, high=inf)
  target_position  Space(float32, shape=(2,), low=-inf, high=inf)
  dist_to_target   Space(float32, shape=(), low=-inf, high=inf)
Actions
  action           Space(float32, shape=(2,), low=-1.0, high=1.0)
Extras
  consec           Space(int32, shape=(), low=-2147483648, high=2147483647)
  stepid           Space(uint8, shape=(20,), low=0, high=255)
  dyn/deter        Space(float32, shape=(512,), low=-inf, high=inf)
  dyn/stoch        Space(float32, shape=(32, 4), low=-inf, high=inf)
JAX devices (1): [cuda:0]
Policy devices: cuda:0
Train devices:  cuda:0
Initializing parameters...
/workspace/dreamerv3/embodied/jax/agent.py:112: DeprecationWarning: `with mesh:` context manager has been deprecated. Please use `with jax.set_mesh(mesh):` instead.
  with self.train_mesh:
Optimizer opt has 214,723 params:
        66,111 val
        57,663 rew
        49,796 pol
        41,153 con
/workspace/conda_envs/dreamerv3/lib/python3.11/site-packages/optax/_src/linear_algebra.py:44: DeprecationWarning: optax.global_norm is deprecated in favor of optax.tree.norm
  warnings.warn(
Done initializing!
Compiling 1 checkpoint groups...
Largest checkpoint group: 0 GB
Loading checkpoint: /workspace/goodhart_runs/adapt_p2elong_finger_seed1_ckpt500000/ckpt/20260711T040721F002376
Loaded checkpoint.
Observations
  reward           Space(float32, shape=(), low=-inf, high=inf)
  is_first         Space(bool, shape=(), low=False, high=True)
  is_last          Space(bool, shape=(), low=False, high=True)
  is_terminal      Space(bool, shape=(), low=False, high=True)
  position         Space(float32, shape=(4,), low=-inf, high=inf)
  velocity         Space(float32, shape=(3,), low=-inf, high=inf)
  touch            Space(float32, shape=(2,), low=-inf, high=inf)
  target_position  Space(float32, shape=(2,), low=-inf, high=inf)
  dist_to_target   Space(float32, shape=(), low=-inf, high=inf)
Actions
  action           Space(float32, shape=(2,), low=-1.0, high=1.0)
Extras
  consec           Space(int32, shape=(), low=-2147483648, high=2147483647)
  stepid           Space(uint8, shape=(20,), low=0, high=255)
  dyn/deter        Space(float32, shape=(512,), low=-inf, high=inf)
  dyn/stoch        Space(float32, shape=(32, 4), low=-inf, high=inf)
JAX devices (1): [cuda:0]
Policy devices: cuda:0
Train devices:  cuda:0
Initializing parameters...
/workspace/dreamerv3/embodied/jax/agent.py:112: DeprecationWarning: `with mesh:` context manager has been deprecated. Please use `with jax.set_mesh(mesh):` instead.
  with self.train_mesh:
Optimizer opt has 214,723 params:
        66,111 val
        57,663 rew
        49,796 pol
        41,153 con
/workspace/conda_envs/dreamerv3/lib/python3.11/site-packages/optax/_src/linear_algebra.py:44: DeprecationWarning: optax.global_norm is deprecated in favor of optax.tree.norm
  warnings.warn(
Done initializing!
Compiling 1 checkpoint groups...
Largest checkpoint group: 0 GB
Loading checkpoint: /workspace/goodhart_runs/adapt_ax1q1s0_finger_seed10_ckpt500000/ckpt/20260711T180016F869234
Loaded checkpoint.
adapt_ax1q1s0_finger_seed10_ckpt500000: M-return 1.01 (median 0.89, survived 1.00) -> /workspace/goodhart_runs/goodhart_p2elong/eval_adapt_ax1q1s0_finger_seed10_ckpt500000.json
Observations
  reward           Space(float32, shape=(), low=-inf, high=inf)
  is_first         Space(bool, shape=(), low=False, high=True)
  is_last          Space(bool, shape=(), low=False, high=True)
  is_terminal      Space(bool, shape=(), low=False, high=True)
  position         Space(float32, shape=(4,), low=-inf, high=inf)
  velocity         Space(float32, shape=(3,), low=-inf, high=inf)
  touch            Space(float32, shape=(2,), low=-inf, high=inf)
  target_position  Space(float32, shape=(2,), low=-inf, high=inf)
  dist_to_target   Space(float32, shape=(), low=-inf, high=inf)
Actions
  action           Space(float32, shape=(2,), low=-1.0, high=1.0)
Extras
  consec           Space(int32, shape=(), low=-2147483648, high=2147483647)
  stepid           Space(uint8, shape=(20,), low=0, high=255)
  dyn/deter        Space(float32, shape=(512,), low=-inf, high=inf)
  dyn/stoch        Space(float32, shape=(32, 4), low=-inf, high=inf)
JAX devices (1): [cuda:0]
Policy devices: cuda:0
Train devices:  cuda:0
Initializing parameters...
/workspace/dreamerv3/embodied/jax/agent.py:112: DeprecationWarning: `with mesh:` context manager has been deprecated. Please use `with jax.set_mesh(mesh):` instead.
  with self.train_mesh:
Optimizer opt has 214,723 params:
        66,111 val
        57,663 rew
        49,796 pol
        41,153 con
/workspace/conda_envs/dreamerv3/lib/python3.11/site-packages/optax/_src/linear_algebra.py:44: DeprecationWarning: optax.global_norm is deprecated in favor of optax.tree.norm
  warnings.warn(
Done initializing!
Compiling 1 checkpoint groups...
Largest checkpoint group: 0 GB
Loading checkpoint: /workspace/goodhart_runs/adapt_p2elong_finger_seed1_ckpt500000/ckpt/20260711T040721F002376
Loaded checkpoint.
Observations
  reward           Space(float32, shape=(), low=-inf, high=inf)
  is_first         Space(bool, shape=(), low=False, high=True)
  is_last          Space(bool, shape=(), low=False, high=True)
  is_terminal      Space(bool, shape=(), low=False, high=True)
  position         Space(float32, shape=(4,), low=-inf, high=inf)
  velocity         Space(float32, shape=(3,), low=-inf, high=inf)
  touch            Space(float32, shape=(2,), low=-inf, high=inf)
  target_position  Space(float32, shape=(2,), low=-inf, high=inf)
  dist_to_target   Space(float32, shape=(), low=-inf, high=inf)
Actions
  action           Space(float32, shape=(2,), low=-1.0, high=1.0)
Extras
  consec           Space(int32, shape=(), low=-2147483648, high=2147483647)
  stepid           Space(uint8, shape=(20,), low=0, high=255)
  dyn/deter        Space(float32, shape=(512,), low=-inf, high=inf)
  dyn/stoch        Space(float32, shape=(32, 4), low=-inf, high=inf)
JAX devices (1): [cuda:0]
Policy devices: cuda:0
Train devices:  cuda:0
Initializing parameters...
/workspace/dreamerv3/embodied/jax/agent.py:112: DeprecationWarning: `with mesh:` context manager has been deprecated. Please use `with jax.set_mesh(mesh):` instead.
  with self.train_mesh:
Optimizer opt has 214,723 params:
        66,111 val
        57,663 rew
        49,796 pol
        41,153 con
/workspace/conda_envs/dreamerv3/lib/python3.11/site-packages/optax/_src/linear_algebra.py:44: DeprecationWarning: optax.global_norm is deprecated in favor of optax.tree.norm
  warnings.warn(
Done initializing!
Compiling 1 checkpoint groups...
Largest checkpoint group: 0 GB
Loading checkpoint: /workspace/goodhart_runs/adapt_ax1q1s0_finger_seed11_ckpt500000/ckpt/20260711T174252F305978
Loaded checkpoint.
adapt_ax1q1s0_finger_seed11_ckpt500000: M-return 0.97 (median 1.00, survived 1.00) -> /workspace/goodhart_runs/goodhart_p2elong/eval_adapt_ax1q1s0_finger_seed11_ckpt500000.json
Observations
  reward           Space(float32, shape=(), low=-inf, high=inf)
  is_first         Space(bool, shape=(), low=False, high=True)
  is_last          Space(bool, shape=(), low=False, high=True)
  is_terminal      Space(bool, shape=(), low=False, high=True)
  position         Space(float32, shape=(4,), low=-inf, high=inf)
  velocity         Space(float32, shape=(3,), low=-inf, high=inf)
  touch            Space(float32, shape=(2,), low=-inf, high=inf)
  target_position  Space(float32, shape=(2,), low=-inf, high=inf)
  dist_to_target   Space(float32, shape=(), low=-inf, high=inf)
Actions
  action           Space(float32, shape=(2,), low=-1.0, high=1.0)
Extras
  consec           Space(int32, shape=(), low=-2147483648, high=2147483647)
  stepid           Space(uint8, shape=(20,), low=0, high=255)
  dyn/deter        Space(float32, shape=(512,), low=-inf, high=inf)
  dyn/stoch        Space(float32, shape=(32, 4), low=-inf, high=inf)
JAX devices (1): [cuda:0]
Policy devices: cuda:0
Train devices:  cuda:0
Initializing parameters...
/workspace/dreamerv3/embodied/jax/agent.py:112: DeprecationWarning: `with mesh:` context manager has been deprecated. Please use `with jax.set_mesh(mesh):` instead.
  with self.train_mesh:
Optimizer opt has 214,723 params:
        66,111 val
        57,663 rew
        49,796 pol
        41,153 con
/workspace/conda_envs/dreamerv3/lib/python3.11/site-packages/optax/_src/linear_algebra.py:44: DeprecationWarning: optax.global_norm is deprecated in favor of optax.tree.norm
  warnings.warn(
Done initializing!
Compiling 1 checkpoint groups...
Largest checkpoint group: 0 GB
Loading checkpoint: /workspace/goodhart_runs/adapt_p2elong_finger_seed1_ckpt500000/ckpt/20260711T040721F002376
Loaded checkpoint.
Observations
  reward           Space(float32, shape=(), low=-inf, high=inf)
  is_first         Space(bool, shape=(), low=False, high=True)
  is_last          Space(bool, shape=(), low=False, high=True)
  is_terminal      Space(bool, shape=(), low=False, high=True)
  position         Space(float32, shape=(4,), low=-inf, high=inf)
  velocity         Space(float32, shape=(3,), low=-inf, high=inf)
  touch            Space(float32, shape=(2,), low=-inf, high=inf)
  target_position  Space(float32, shape=(2,), low=-inf, high=inf)
  dist_to_target   Space(float32, shape=(), low=-inf, high=inf)
Actions
  action           Space(float32, shape=(2,), low=-1.0, high=1.0)
Extras
  consec           Space(int32, shape=(), low=-2147483648, high=2147483647)
  stepid           Space(uint8, shape=(20,), low=0, high=255)
  dyn/deter        Space(float32, shape=(512,), low=-inf, high=inf)
  dyn/stoch        Space(float32, shape=(32, 4), low=-inf, high=inf)
JAX devices (1): [cuda:0]
Policy devices: cuda:0
Train devices:  cuda:0
Initializing parameters...
/workspace/dreamerv3/embodied/jax/agent.py:112: DeprecationWarning: `with mesh:` context manager has been deprecated. Please use `with jax.set_mesh(mesh):` instead.
  with self.train_mesh:
Optimizer opt has 214,723 params:
        66,111 val
        57,663 rew
        49,796 pol
        41,153 con
/workspace/conda_envs/dreamerv3/lib/python3.11/site-packages/optax/_src/linear_algebra.py:44: DeprecationWarning: optax.global_norm is deprecated in favor of optax.tree.norm
  warnings.warn(
Done initializing!
Compiling 1 checkpoint groups...
Largest checkpoint group: 0 GB
Loading checkpoint: /workspace/goodhart_runs/adapt_ax1q1s0_finger_seed12_ckpt500000/ckpt/20260711T174726F737441
Loaded checkpoint.
adapt_ax1q1s0_finger_seed12_ckpt500000: M-return 0.74 (median 0.69, survived 1.00) -> /workspace/goodhart_runs/goodhart_p2elong/eval_adapt_ax1q1s0_finger_seed12_ckpt500000.json
Observations
  reward           Space(float32, shape=(), low=-inf, high=inf)
  is_first         Space(bool, shape=(), low=False, high=True)
  is_last          Space(bool, shape=(), low=False, high=True)
  is_terminal      Space(bool, shape=(), low=False, high=True)
  position         Space(float32, shape=(4,), low=-inf, high=inf)
  velocity         Space(float32, shape=(3,), low=-inf, high=inf)
  touch            Space(float32, shape=(2,), low=-inf, high=inf)
  target_position  Space(float32, shape=(2,), low=-inf, high=inf)
  dist_to_target   Space(float32, shape=(), low=-inf, high=inf)
Actions
  action           Space(float32, shape=(2,), low=-1.0, high=1.0)
Extras
  consec           Space(int32, shape=(), low=-2147483648, high=2147483647)
  stepid           Space(uint8, shape=(20,), low=0, high=255)
  dyn/deter        Space(float32, shape=(512,), low=-inf, high=inf)
  dyn/stoch        Space(float32, shape=(32, 4), low=-inf, high=inf)
JAX devices (1): [cuda:0]
Policy devices: cuda:0
Train devices:  cuda:0
Initializing parameters...
/workspace/dreamerv3/embodied/jax/agent.py:112: DeprecationWarning: `with mesh:` context manager has been deprecated. Please use `with jax.set_mesh(mesh):` instead.
  with self.train_mesh:
Optimizer opt has 214,723 params:
        66,111 val
        57,663 rew
        49,796 pol
        41,153 con
/workspace/conda_envs/dreamerv3/lib/python3.11/site-packages/optax/_src/linear_algebra.py:44: DeprecationWarning: optax.global_norm is deprecated in favor of optax.tree.norm
  warnings.warn(
Done initializing!
Compiling 1 checkpoint groups...
Largest checkpoint group: 0 GB
Loading checkpoint: /workspace/goodhart_runs/adapt_p2elong_finger_seed1_ckpt500000/ckpt/20260711T040721F002376
Loaded checkpoint.
Observations
  reward           Space(float32, shape=(), low=-inf, high=inf)
  is_first         Space(bool, shape=(), low=False, high=True)
  is_last          Space(bool, shape=(), low=False, high=True)
  is_terminal      Space(bool, shape=(), low=False, high=True)
  position         Space(float32, shape=(4,), low=-inf, high=inf)
  velocity         Space(float32, shape=(3,), low=-inf, high=inf)
  touch            Space(float32, shape=(2,), low=-inf, high=inf)
  target_position  Space(float32, shape=(2,), low=-inf, high=inf)
  dist_to_target   Space(float32, shape=(), low=-inf, high=inf)
Actions
  action           Space(float32, shape=(2,), low=-1.0, high=1.0)
Extras
  consec           Space(int32, shape=(), low=-2147483648, high=2147483647)
  stepid           Space(uint8, shape=(20,), low=0, high=255)
  dyn/deter        Space(float32, shape=(512,), low=-inf, high=inf)
  dyn/stoch        Space(float32, shape=(32, 4), low=-inf, high=inf)
JAX devices (1): [cuda:0]
Policy devices: cuda:0
Train devices:  cuda:0
Initializing parameters...
/workspace/dreamerv3/embodied/jax/agent.py:112: DeprecationWarning: `with mesh:` context manager has been deprecated. Please use `with jax.set_mesh(mesh):` instead.
  with self.train_mesh:
Optimizer opt has 214,723 params:
        66,111 val
        57,663 rew
        49,796 pol
        41,153 con
/workspace/conda_envs/dreamerv3/lib/python3.11/site-packages/optax/_src/linear_algebra.py:44: DeprecationWarning: optax.global_norm is deprecated in favor of optax.tree.norm
  warnings.warn(
Done initializing!
Compiling 1 checkpoint groups...
Largest checkpoint group: 0 GB
Loading checkpoint: /workspace/goodhart_runs/adapt_ax1q1s0_finger_seed1_ckpt500000/ckpt/20260710T081631F952782
Loaded checkpoint.
adapt_ax1q1s0_finger_seed1_ckpt500000: M-return 1.07 (median 1.04, survived 1.00) -> /workspace/goodhart_runs/goodhart_p2elong/eval_adapt_ax1q1s0_finger_seed1_ckpt500000.json
Observations
  reward           Space(float32, shape=(), low=-inf, high=inf)
  is_first         Space(bool, shape=(), low=False, high=True)
  is_last          Space(bool, shape=(), low=False, high=True)
  is_terminal      Space(bool, shape=(), low=False, high=True)
  position         Space(float32, shape=(4,), low=-inf, high=inf)
  velocity         Space(float32, shape=(3,), low=-inf, high=inf)
  touch            Space(float32, shape=(2,), low=-inf, high=inf)
  target_position  Space(float32, shape=(2,), low=-inf, high=inf)
  dist_to_target   Space(float32, shape=(), low=-inf, high=inf)
Actions
  action           Space(float32, shape=(2,), low=-1.0, high=1.0)
Extras
  consec           Space(int32, shape=(), low=-2147483648, high=2147483647)
  stepid           Space(uint8, shape=(20,), low=0, high=255)
  dyn/deter        Space(float32, shape=(512,), low=-inf, high=inf)
  dyn/stoch        Space(float32, shape=(32, 4), low=-inf, high=inf)
JAX devices (1): [cuda:0]
Policy devices: cuda:0
Train devices:  cuda:0
Initializing parameters...
/workspace/dreamerv3/embodied/jax/agent.py:112: DeprecationWarning: `with mesh:` context manager has been deprecated. Please use `with jax.set_mesh(mesh):` instead.
  with self.train_mesh:
Optimizer opt has 214,723 params:
        66,111 val
        57,663 rew
        49,796 pol
        41,153 con
/workspace/conda_envs/dreamerv3/lib/python3.11/site-packages/optax/_src/linear_algebra.py:44: DeprecationWarning: optax.global_norm is deprecated in favor of optax.tree.norm
  warnings.warn(
Done initializing!
Compiling 1 checkpoint groups...
Largest checkpoint group: 0 GB
Loading checkpoint: /workspace/goodhart_runs/adapt_p2elong_finger_seed1_ckpt500000/ckpt/20260711T040721F002376
Loaded checkpoint.
Observations
  reward           Space(float32, shape=(), low=-inf, high=inf)
  is_first         Space(bool, shape=(), low=False, high=True)
  is_last          Space(bool, shape=(), low=False, high=True)
  is_terminal      Space(bool, shape=(), low=False, high=True)
  position         Space(float32, shape=(4,), low=-inf, high=inf)
  velocity         Space(float32, shape=(3,), low=-inf, high=inf)
  touch            Space(float32, shape=(2,), low=-inf, high=inf)
  target_position  Space(float32, shape=(2,), low=-inf, high=inf)
  dist_to_target   Space(float32, shape=(), low=-inf, high=inf)
Actions
  action           Space(float32, shape=(2,), low=-1.0, high=1.0)
Extras
  consec           Space(int32, shape=(), low=-2147483648, high=2147483647)
  stepid           Space(uint8, shape=(20,), low=0, high=255)
  dyn/deter        Space(float32, shape=(512,), low=-inf, high=inf)
  dyn/stoch        Space(float32, shape=(32, 4), low=-inf, high=inf)
JAX devices (1): [cuda:0]
Policy devices: cuda:0
Train devices:  cuda:0
Initializing parameters...
/workspace/dreamerv3/embodied/jax/agent.py:112: DeprecationWarning: `with mesh:` context manager has been deprecated. Please use `with jax.set_mesh(mesh):` instead.
  with self.train_mesh:
Optimizer opt has 214,723 params:
        66,111 val
        57,663 rew
        49,796 pol
        41,153 con
/workspace/conda_envs/dreamerv3/lib/python3.11/site-packages/optax/_src/linear_algebra.py:44: DeprecationWarning: optax.global_norm is deprecated in favor of optax.tree.norm
  warnings.warn(
Done initializing!
Compiling 1 checkpoint groups...
Largest checkpoint group: 0 GB
Loading checkpoint: /workspace/goodhart_runs/adapt_ax1q1s0_finger_seed2_ckpt500000/ckpt/20260710T080015F864335
Loaded checkpoint.
adapt_ax1q1s0_finger_seed2_ckpt500000: M-return 0.78 (median 0.59, survived 1.00) -> /workspace/goodhart_runs/goodhart_p2elong/eval_adapt_ax1q1s0_finger_seed2_ckpt500000.json
Observations
  reward           Space(float32, shape=(), low=-inf, high=inf)
  is_first         Space(bool, shape=(), low=False, high=True)
  is_last          Space(bool, shape=(), low=False, high=True)
  is_terminal      Space(bool, shape=(), low=False, high=True)
  position         Space(float32, shape=(4,), low=-inf, high=inf)
  velocity         Space(float32, shape=(3,), low=-inf, high=inf)
  touch            Space(float32, shape=(2,), low=-inf, high=inf)
  target_position  Space(float32, shape=(2,), low=-inf, high=inf)
  dist_to_target   Space(float32, shape=(), low=-inf, high=inf)
Actions
  action           Space(float32, shape=(2,), low=-1.0, high=1.0)
Extras
  consec           Space(int32, shape=(), low=-2147483648, high=2147483647)
  stepid           Space(uint8, shape=(20,), low=0, high=255)
  dyn/deter        Space(float32, shape=(512,), low=-inf, high=inf)
  dyn/stoch        Space(float32, shape=(32, 4), low=-inf, high=inf)
JAX devices (1): [cuda:0]
Policy devices: cuda:0
Train devices:  cuda:0
Initializing parameters...
/workspace/dreamerv3/embodied/jax/agent.py:112: DeprecationWarning: `with mesh:` context manager has been deprecated. Please use `with jax.set_mesh(mesh):` instead.
  with self.train_mesh:
Optimizer opt has 214,723 params:
        66,111 val
        57,663 rew
        49,796 pol
        41,153 con
/workspace/conda_envs/dreamerv3/lib/python3.11/site-packages/optax/_src/linear_algebra.py:44: DeprecationWarning: optax.global_norm is deprecated in favor of optax.tree.norm
  warnings.warn(
Done initializing!
Compiling 1 checkpoint groups...
Largest checkpoint group: 0 GB
Loading checkpoint: /workspace/goodhart_runs/adapt_p2elong_finger_seed1_ckpt500000/ckpt/20260711T040721F002376
Loaded checkpoint.
Observations
  reward           Space(float32, shape=(), low=-inf, high=inf)
  is_first         Space(bool, shape=(), low=False, high=True)
  is_last          Space(bool, shape=(), low=False, high=True)
  is_terminal      Space(bool, shape=(), low=False, high=True)
  position         Space(float32, shape=(4,), low=-inf, high=inf)
  velocity         Space(float32, shape=(3,), low=-inf, high=inf)
  touch            Space(float32, shape=(2,), low=-inf, high=inf)
  target_position  Space(float32, shape=(2,), low=-inf, high=inf)
  dist_to_target   Space(float32, shape=(), low=-inf, high=inf)
Actions
  action           Space(float32, shape=(2,), low=-1.0, high=1.0)
Extras
  consec           Space(int32, shape=(), low=-2147483648, high=2147483647)
  stepid           Space(uint8, shape=(20,), low=0, high=255)
  dyn/deter        Space(float32, shape=(512,), low=-inf, high=inf)
  dyn/stoch        Space(float32, shape=(32, 4), low=-inf, high=inf)
JAX devices (1): [cuda:0]
Policy devices: cuda:0
Train devices:  cuda:0
Initializing parameters...
/workspace/dreamerv3/embodied/jax/agent.py:112: DeprecationWarning: `with mesh:` context manager has been deprecated. Please use `with jax.set_mesh(mesh):` instead.
  with self.train_mesh:
Optimizer opt has 214,723 params:
        66,111 val
        57,663 rew
        49,796 pol
        41,153 con
/workspace/conda_envs/dreamerv3/lib/python3.11/site-packages/optax/_src/linear_algebra.py:44: DeprecationWarning: optax.global_norm is deprecated in favor of optax.tree.norm
  warnings.warn(
Done initializing!
Compiling 1 checkpoint groups...
Largest checkpoint group: 0 GB
Loading checkpoint: /workspace/goodhart_runs/adapt_ax1q1s0_finger_seed3_ckpt500000/ckpt/20260710T074408F533196
Loaded checkpoint.
adapt_ax1q1s0_finger_seed3_ckpt500000: M-return 2.44 (median 2.31, survived 1.00) -> /workspace/goodhart_runs/goodhart_p2elong/eval_adapt_ax1q1s0_finger_seed3_ckpt500000.json
Observations
  reward           Space(float32, shape=(), low=-inf, high=inf)
  is_first         Space(bool, shape=(), low=False, high=True)
  is_last          Space(bool, shape=(), low=False, high=True)
  is_terminal      Space(bool, shape=(), low=False, high=True)
  position         Space(float32, shape=(4,), low=-inf, high=inf)
  velocity         Space(float32, shape=(3,), low=-inf, high=inf)
  touch            Space(float32, shape=(2,), low=-inf, high=inf)
  target_position  Space(float32, shape=(2,), low=-inf, high=inf)
  dist_to_target   Space(float32, shape=(), low=-inf, high=inf)
Actions
  action           Space(float32, shape=(2,), low=-1.0, high=1.0)
Extras
  consec           Space(int32, shape=(), low=-2147483648, high=2147483647)
  stepid           Space(uint8, shape=(20,), low=0, high=255)
  dyn/deter        Space(float32, shape=(512,), low=-inf, high=inf)
  dyn/stoch        Space(float32, shape=(32, 4), low=-inf, high=inf)
JAX devices (1): [cuda:0]
Policy devices: cuda:0
Train devices:  cuda:0
Initializing parameters...
/workspace/dreamerv3/embodied/jax/agent.py:112: DeprecationWarning: `with mesh:` context manager has been deprecated. Please use `with jax.set_mesh(mesh):` instead.
  with self.train_mesh:
Optimizer opt has 214,723 params:
        66,111 val
        57,663 rew
        49,796 pol
        41,153 con
/workspace/conda_envs/dreamerv3/lib/python3.11/site-packages/optax/_src/linear_algebra.py:44: DeprecationWarning: optax.global_norm is deprecated in favor of optax.tree.norm
  warnings.warn(
Done initializing!
Compiling 1 checkpoint groups...
Largest checkpoint group: 0 GB
Loading checkpoint: /workspace/goodhart_runs/adapt_p2elong_finger_seed1_ckpt500000/ckpt/20260711T040721F002376
Loaded checkpoint.
Observations
  reward           Space(float32, shape=(), low=-inf, high=inf)
  is_first         Space(bool, shape=(), low=False, high=True)
  is_last          Space(bool, shape=(), low=False, high=True)
  is_terminal      Space(bool, shape=(), low=False, high=True)
  position         Space(float32, shape=(4,), low=-inf, high=inf)
  velocity         Space(float32, shape=(3,), low=-inf, high=inf)
  touch            Space(float32, shape=(2,), low=-inf, high=inf)
  target_position  Space(float32, shape=(2,), low=-inf, high=inf)
  dist_to_target   Space(float32, shape=(), low=-inf, high=inf)
Actions
  action           Space(float32, shape=(2,), low=-1.0, high=1.0)
Extras
  consec           Space(int32, shape=(), low=-2147483648, high=2147483647)
  stepid           Space(uint8, shape=(20,), low=0, high=255)
  dyn/deter        Space(float32, shape=(512,), low=-inf, high=inf)
  dyn/stoch        Space(float32, shape=(32, 4), low=-inf, high=inf)
JAX devices (1): [cuda:0]
Policy devices: cuda:0
Train devices:  cuda:0
Initializing parameters...
/workspace/dreamerv3/embodied/jax/agent.py:112: DeprecationWarning: `with mesh:` context manager has been deprecated. Please use `with jax.set_mesh(mesh):` instead.
  with self.train_mesh:
Optimizer opt has 214,723 params:
        66,111 val
        57,663 rew
        49,796 pol
        41,153 con
/workspace/conda_envs/dreamerv3/lib/python3.11/site-packages/optax/_src/linear_algebra.py:44: DeprecationWarning: optax.global_norm is deprecated in favor of optax.tree.norm
  warnings.warn(
Done initializing!
Compiling 1 checkpoint groups...
Largest checkpoint group: 0 GB
Loading checkpoint: /workspace/goodhart_runs/adapt_ax1q1s0_finger_seed4_ckpt500000/ckpt/20260710T074725F048597
Loaded checkpoint.
adapt_ax1q1s0_finger_seed4_ckpt500000: M-return 2.14 (median 1.98, survived 1.00) -> /workspace/goodhart_runs/goodhart_p2elong/eval_adapt_ax1q1s0_finger_seed4_ckpt500000.json
Observations
  reward           Space(float32, shape=(), low=-inf, high=inf)
  is_first         Space(bool, shape=(), low=False, high=True)
  is_last          Space(bool, shape=(), low=False, high=True)
  is_terminal      Space(bool, shape=(), low=False, high=True)
  position         Space(float32, shape=(4,), low=-inf, high=inf)
  velocity         Space(float32, shape=(3,), low=-inf, high=inf)
  touch            Space(float32, shape=(2,), low=-inf, high=inf)
  target_position  Space(float32, shape=(2,), low=-inf, high=inf)
  dist_to_target   Space(float32, shape=(), low=-inf, high=inf)
Actions
  action           Space(float32, shape=(2,), low=-1.0, high=1.0)
Extras
  consec           Space(int32, shape=(), low=-2147483648, high=2147483647)
  stepid           Space(uint8, shape=(20,), low=0, high=255)
  dyn/deter        Space(float32, shape=(512,), low=-inf, high=inf)
  dyn/stoch        Space(float32, shape=(32, 4), low=-inf, high=inf)
JAX devices (1): [cuda:0]
Policy devices: cuda:0
Train devices:  cuda:0
Initializing parameters...
/workspace/dreamerv3/embodied/jax/agent.py:112: DeprecationWarning: `with mesh:` context manager has been deprecated. Please use `with jax.set_mesh(mesh):` instead.
  with self.train_mesh:
Optimizer opt has 214,723 params:
        66,111 val
        57,663 rew
        49,796 pol
        41,153 con
/workspace/conda_envs/dreamerv3/lib/python3.11/site-packages/optax/_src/linear_algebra.py:44: DeprecationWarning: optax.global_norm is deprecated in favor of optax.tree.norm
  warnings.warn(
Done initializing!
Compiling 1 checkpoint groups...
Largest checkpoint group: 0 GB
Loading checkpoint: /workspace/goodhart_runs/adapt_p2elong_finger_seed1_ckpt500000/ckpt/20260711T040721F002376
Loaded checkpoint.
Observations
  reward           Space(float32, shape=(), low=-inf, high=inf)
  is_first         Space(bool, shape=(), low=False, high=True)
  is_last          Space(bool, shape=(), low=False, high=True)
  is_terminal      Space(bool, shape=(), low=False, high=True)
  position         Space(float32, shape=(4,), low=-inf, high=inf)
  velocity         Space(float32, shape=(3,), low=-inf, high=inf)
  touch            Space(float32, shape=(2,), low=-inf, high=inf)
  target_position  Space(float32, shape=(2,), low=-inf, high=inf)
  dist_to_target   Space(float32, shape=(), low=-inf, high=inf)
Actions
  action           Space(float32, shape=(2,), low=-1.0, high=1.0)
Extras
  consec           Space(int32, shape=(), low=-2147483648, high=2147483647)
  stepid           Space(uint8, shape=(20,), low=0, high=255)
  dyn/deter        Space(float32, shape=(512,), low=-inf, high=inf)
  dyn/stoch        Space(float32, shape=(32, 4), low=-inf, high=inf)
JAX devices (1): [cuda:0]
Policy devices: cuda:0
Train devices:  cuda:0
Initializing parameters...
/workspace/dreamerv3/embodied/jax/agent.py:112: DeprecationWarning: `with mesh:` context manager has been deprecated. Please use `with jax.set_mesh(mesh):` instead.
  with self.train_mesh:
Optimizer opt has 214,723 params:
        66,111 val
        57,663 rew
        49,796 pol
        41,153 con
/workspace/conda_envs/dreamerv3/lib/python3.11/site-packages/optax/_src/linear_algebra.py:44: DeprecationWarning: optax.global_norm is deprecated in favor of optax.tree.norm
  warnings.warn(
Done initializing!
Compiling 1 checkpoint groups...
Largest checkpoint group: 0 GB
Loading checkpoint: /workspace/goodhart_runs/adapt_ax1q1s0_finger_seed5_ckpt500000/ckpt/20260710T080916F847944
Loaded checkpoint.
adapt_ax1q1s0_finger_seed5_ckpt500000: M-return 0.42 (median 0.37, survived 1.00) -> /workspace/goodhart_runs/goodhart_p2elong/eval_adapt_ax1q1s0_finger_seed5_ckpt500000.json
Observations
  reward           Space(float32, shape=(), low=-inf, high=inf)
  is_first         Space(bool, shape=(), low=False, high=True)
  is_last          Space(bool, shape=(), low=False, high=True)
  is_terminal      Space(bool, shape=(), low=False, high=True)
  position         Space(float32, shape=(4,), low=-inf, high=inf)
  velocity         Space(float32, shape=(3,), low=-inf, high=inf)
  touch            Space(float32, shape=(2,), low=-inf, high=inf)
  target_position  Space(float32, shape=(2,), low=-inf, high=inf)
  dist_to_target   Space(float32, shape=(), low=-inf, high=inf)
Actions
  action           Space(float32, shape=(2,), low=-1.0, high=1.0)
Extras
  consec           Space(int32, shape=(), low=-2147483648, high=2147483647)
  stepid           Space(uint8, shape=(20,), low=0, high=255)
  dyn/deter        Space(float32, shape=(512,), low=-inf, high=inf)
  dyn/stoch        Space(float32, shape=(32, 4), low=-inf, high=inf)
JAX devices (1): [cuda:0]
Policy devices: cuda:0
Train devices:  cuda:0
Initializing parameters...
/workspace/dreamerv3/embodied/jax/agent.py:112: DeprecationWarning: `with mesh:` context manager has been deprecated. Please use `with jax.set_mesh(mesh):` instead.
  with self.train_mesh:
Optimizer opt has 214,723 params:
        66,111 val
        57,663 rew
        49,796 pol
        41,153 con
/workspace/conda_envs/dreamerv3/lib/python3.11/site-packages/optax/_src/linear_algebra.py:44: DeprecationWarning: optax.global_norm is deprecated in favor of optax.tree.norm
  warnings.warn(
Done initializing!
Compiling 1 checkpoint groups...
Largest checkpoint group: 0 GB
Loading checkpoint: /workspace/goodhart_runs/adapt_p2elong_finger_seed1_ckpt500000/ckpt/20260711T040721F002376
Loaded checkpoint.
Observations
  reward           Space(float32, shape=(), low=-inf, high=inf)
  is_first         Space(bool, shape=(), low=False, high=True)
  is_last          Space(bool, shape=(), low=False, high=True)
  is_terminal      Space(bool, shape=(), low=False, high=True)
  position         Space(float32, shape=(4,), low=-inf, high=inf)
  velocity         Space(float32, shape=(3,), low=-inf, high=inf)
  touch            Space(float32, shape=(2,), low=-inf, high=inf)
  target_position  Space(float32, shape=(2,), low=-inf, high=inf)
  dist_to_target   Space(float32, shape=(), low=-inf, high=inf)
Actions
  action           Space(float32, shape=(2,), low=-1.0, high=1.0)
Extras
  consec           Space(int32, shape=(), low=-2147483648, high=2147483647)
  stepid           Space(uint8, shape=(20,), low=0, high=255)
  dyn/deter        Space(float32, shape=(512,), low=-inf, high=inf)
  dyn/stoch        Space(float32, shape=(32, 4), low=-inf, high=inf)
JAX devices (1): [cuda:0]
Policy devices: cuda:0
Train devices:  cuda:0
Initializing parameters...
/workspace/dreamerv3/embodied/jax/agent.py:112: DeprecationWarning: `with mesh:` context manager has been deprecated. Please use `with jax.set_mesh(mesh):` instead.
  with self.train_mesh:
Optimizer opt has 214,723 params:
        66,111 val
        57,663 rew
        49,796 pol
        41,153 con
/workspace/conda_envs/dreamerv3/lib/python3.11/site-packages/optax/_src/linear_algebra.py:44: DeprecationWarning: optax.global_norm is deprecated in favor of optax.tree.norm
  warnings.warn(
Done initializing!
Compiling 1 checkpoint groups...
Largest checkpoint group: 0 GB
Loading checkpoint: /workspace/goodhart_runs/adapt_ax1q1s0_finger_seed6_ckpt500000/ckpt/20260710T082721F738348
Loaded checkpoint.
adapt_ax1q1s0_finger_seed6_ckpt500000: M-return 1.45 (median 1.28, survived 1.00) -> /workspace/goodhart_runs/goodhart_p2elong/eval_adapt_ax1q1s0_finger_seed6_ckpt500000.json
Observations
  reward           Space(float32, shape=(), low=-inf, high=inf)
  is_first         Space(bool, shape=(), low=False, high=True)
  is_last          Space(bool, shape=(), low=False, high=True)
  is_terminal      Space(bool, shape=(), low=False, high=True)
  position         Space(float32, shape=(4,), low=-inf, high=inf)
  velocity         Space(float32, shape=(3,), low=-inf, high=inf)
  touch            Space(float32, shape=(2,), low=-inf, high=inf)
  target_position  Space(float32, shape=(2,), low=-inf, high=inf)
  dist_to_target   Space(float32, shape=(), low=-inf, high=inf)
Actions
  action           Space(float32, shape=(2,), low=-1.0, high=1.0)
Extras
  consec           Space(int32, shape=(), low=-2147483648, high=2147483647)
  stepid           Space(uint8, shape=(20,), low=0, high=255)
  dyn/deter        Space(float32, shape=(512,), low=-inf, high=inf)
  dyn/stoch        Space(float32, shape=(32, 4), low=-inf, high=inf)
JAX devices (1): [cuda:0]
Policy devices: cuda:0
Train devices:  cuda:0
Initializing parameters...
/workspace/dreamerv3/embodied/jax/agent.py:112: DeprecationWarning: `with mesh:` context manager has been deprecated. Please use `with jax.set_mesh(mesh):` instead.
  with self.train_mesh:
Optimizer opt has 214,723 params:
        66,111 val
        57,663 rew
        49,796 pol
        41,153 con
/workspace/conda_envs/dreamerv3/lib/python3.11/site-packages/optax/_src/linear_algebra.py:44: DeprecationWarning: optax.global_norm is deprecated in favor of optax.tree.norm
  warnings.warn(
Done initializing!
Compiling 1 checkpoint groups...
Largest checkpoint group: 0 GB
Loading checkpoint: /workspace/goodhart_runs/adapt_p2elong_finger_seed1_ckpt500000/ckpt/20260711T040721F002376
Loaded checkpoint.
Observations
  reward           Space(float32, shape=(), low=-inf, high=inf)
  is_first         Space(bool, shape=(), low=False, high=True)
  is_last          Space(bool, shape=(), low=False, high=True)
  is_terminal      Space(bool, shape=(), low=False, high=True)
  position         Space(float32, shape=(4,), low=-inf, high=inf)
  velocity         Space(float32, shape=(3,), low=-inf, high=inf)
  touch            Space(float32, shape=(2,), low=-inf, high=inf)
  target_position  Space(float32, shape=(2,), low=-inf, high=inf)
  dist_to_target   Space(float32, shape=(), low=-inf, high=inf)
Actions
  action           Space(float32, shape=(2,), low=-1.0, high=1.0)
Extras
  consec           Space(int32, shape=(), low=-2147483648, high=2147483647)
  stepid           Space(uint8, shape=(20,), low=0, high=255)
  dyn/deter        Space(float32, shape=(512,), low=-inf, high=inf)
  dyn/stoch        Space(float32, shape=(32, 4), low=-inf, high=inf)
JAX devices (1): [cuda:0]
Policy devices: cuda:0
Train devices:  cuda:0
Initializing parameters...
/workspace/dreamerv3/embodied/jax/agent.py:112: DeprecationWarning: `with mesh:` context manager has been deprecated. Please use `with jax.set_mesh(mesh):` instead.
  with self.train_mesh:
Optimizer opt has 214,723 params:
        66,111 val
        57,663 rew
        49,796 pol
        41,153 con
/workspace/conda_envs/dreamerv3/lib/python3.11/site-packages/optax/_src/linear_algebra.py:44: DeprecationWarning: optax.global_norm is deprecated in favor of optax.tree.norm
  warnings.warn(
Done initializing!
Compiling 1 checkpoint groups...
Largest checkpoint group: 0 GB
Loading checkpoint: /workspace/goodhart_runs/adapt_ax1q1s0_finger_seed7_ckpt500000/ckpt/20260710T083759F375218
Loaded checkpoint.
adapt_ax1q1s0_finger_seed7_ckpt500000: M-return 0.96 (median 0.76, survived 1.00) -> /workspace/goodhart_runs/goodhart_p2elong/eval_adapt_ax1q1s0_finger_seed7_ckpt500000.json
Observations
  reward           Space(float32, shape=(), low=-inf, high=inf)
  is_first         Space(bool, shape=(), low=False, high=True)
  is_last          Space(bool, shape=(), low=False, high=True)
  is_terminal      Space(bool, shape=(), low=False, high=True)
  position         Space(float32, shape=(4,), low=-inf, high=inf)
  velocity         Space(float32, shape=(3,), low=-inf, high=inf)
  touch            Space(float32, shape=(2,), low=-inf, high=inf)
  target_position  Space(float32, shape=(2,), low=-inf, high=inf)
  dist_to_target   Space(float32, shape=(), low=-inf, high=inf)
Actions
  action           Space(float32, shape=(2,), low=-1.0, high=1.0)
Extras
  consec           Space(int32, shape=(), low=-2147483648, high=2147483647)
  stepid           Space(uint8, shape=(20,), low=0, high=255)
  dyn/deter        Space(float32, shape=(512,), low=-inf, high=inf)
  dyn/stoch        Space(float32, shape=(32, 4), low=-inf, high=inf)
JAX devices (1): [cuda:0]
Policy devices: cuda:0
Train devices:  cuda:0
Initializing parameters...
/workspace/dreamerv3/embodied/jax/agent.py:112: DeprecationWarning: `with mesh:` context manager has been deprecated. Please use `with jax.set_mesh(mesh):` instead.
  with self.train_mesh:
Optimizer opt has 214,723 params:
        66,111 val
        57,663 rew
        49,796 pol
        41,153 con
/workspace/conda_envs/dreamerv3/lib/python3.11/site-packages/optax/_src/linear_algebra.py:44: DeprecationWarning: optax.global_norm is deprecated in favor of optax.tree.norm
  warnings.warn(
Done initializing!
Compiling 1 checkpoint groups...
Largest checkpoint group: 0 GB
Loading checkpoint: /workspace/goodhart_runs/adapt_p2elong_finger_seed1_ckpt500000/ckpt/20260711T040721F002376
Loaded checkpoint.
Observations
  reward           Space(float32, shape=(), low=-inf, high=inf)
  is_first         Space(bool, shape=(), low=False, high=True)
  is_last          Space(bool, shape=(), low=False, high=True)
  is_terminal      Space(bool, shape=(), low=False, high=True)
  position         Space(float32, shape=(4,), low=-inf, high=inf)
  velocity         Space(float32, shape=(3,), low=-inf, high=inf)
  touch            Space(float32, shape=(2,), low=-inf, high=inf)
  target_position  Space(float32, shape=(2,), low=-inf, high=inf)
  dist_to_target   Space(float32, shape=(), low=-inf, high=inf)
Actions
  action           Space(float32, shape=(2,), low=-1.0, high=1.0)
Extras
  consec           Space(int32, shape=(), low=-2147483648, high=2147483647)
  stepid           Space(uint8, shape=(20,), low=0, high=255)
  dyn/deter        Space(float32, shape=(512,), low=-inf, high=inf)
  dyn/stoch        Space(float32, shape=(32, 4), low=-inf, high=inf)
JAX devices (1): [cuda:0]
Policy devices: cuda:0
Train devices:  cuda:0
Initializing parameters...
/workspace/dreamerv3/embodied/jax/agent.py:112: DeprecationWarning: `with mesh:` context manager has been deprecated. Please use `with jax.set_mesh(mesh):` instead.
  with self.train_mesh:
Optimizer opt has 214,723 params:
        66,111 val
        57,663 rew
        49,796 pol
        41,153 con
/workspace/conda_envs/dreamerv3/lib/python3.11/site-packages/optax/_src/linear_algebra.py:44: DeprecationWarning: optax.global_norm is deprecated in favor of optax.tree.norm
  warnings.warn(
Done initializing!
Compiling 1 checkpoint groups...
Largest checkpoint group: 0 GB
Loading checkpoint: /workspace/goodhart_runs/adapt_ax1q1s0_finger_seed8_ckpt500000/ckpt/20260710T075554F148548
Loaded checkpoint.
adapt_ax1q1s0_finger_seed8_ckpt500000: M-return 0.62 (median 0.40, survived 1.00) -> /workspace/goodhart_runs/goodhart_p2elong/eval_adapt_ax1q1s0_finger_seed8_ckpt500000.json
Observations
  reward           Space(float32, shape=(), low=-inf, high=inf)
  is_first         Space(bool, shape=(), low=False, high=True)
  is_last          Space(bool, shape=(), low=False, high=True)
  is_terminal      Space(bool, shape=(), low=False, high=True)
  position         Space(float32, shape=(4,), low=-inf, high=inf)
  velocity         Space(float32, shape=(3,), low=-inf, high=inf)
  touch            Space(float32, shape=(2,), low=-inf, high=inf)
  target_position  Space(float32, shape=(2,), low=-inf, high=inf)
  dist_to_target   Space(float32, shape=(), low=-inf, high=inf)
Actions
  action           Space(float32, shape=(2,), low=-1.0, high=1.0)
Extras
  consec           Space(int32, shape=(), low=-2147483648, high=2147483647)
  stepid           Space(uint8, shape=(20,), low=0, high=255)
  dyn/deter        Space(float32, shape=(512,), low=-inf, high=inf)
  dyn/stoch        Space(float32, shape=(32, 4), low=-inf, high=inf)
JAX devices (1): [cuda:0]
Policy devices: cuda:0
Train devices:  cuda:0
Initializing parameters...
/workspace/dreamerv3/embodied/jax/agent.py:112: DeprecationWarning: `with mesh:` context manager has been deprecated. Please use `with jax.set_mesh(mesh):` instead.
  with self.train_mesh:
Optimizer opt has 214,723 params:
        66,111 val
        57,663 rew
        49,796 pol
        41,153 con
/workspace/conda_envs/dreamerv3/lib/python3.11/site-packages/optax/_src/linear_algebra.py:44: DeprecationWarning: optax.global_norm is deprecated in favor of optax.tree.norm
  warnings.warn(
Done initializing!
Compiling 1 checkpoint groups...
Largest checkpoint group: 0 GB
Loading checkpoint: /workspace/goodhart_runs/adapt_p2elong_finger_seed1_ckpt500000/ckpt/20260711T040721F002376
Loaded checkpoint.
Observations
  reward           Space(float32, shape=(), low=-inf, high=inf)
  is_first         Space(bool, shape=(), low=False, high=True)
  is_last          Space(bool, shape=(), low=False, high=True)
  is_terminal      Space(bool, shape=(), low=False, high=True)
  position         Space(float32, shape=(4,), low=-inf, high=inf)
  velocity         Space(float32, shape=(3,), low=-inf, high=inf)
  touch            Space(float32, shape=(2,), low=-inf, high=inf)
  target_position  Space(float32, shape=(2,), low=-inf, high=inf)
  dist_to_target   Space(float32, shape=(), low=-inf, high=inf)
Actions
  action           Space(float32, shape=(2,), low=-1.0, high=1.0)
Extras
  consec           Space(int32, shape=(), low=-2147483648, high=2147483647)
  stepid           Space(uint8, shape=(20,), low=0, high=255)
  dyn/deter        Space(float32, shape=(512,), low=-inf, high=inf)
  dyn/stoch        Space(float32, shape=(32, 4), low=-inf, high=inf)
JAX devices (1): [cuda:0]
Policy devices: cuda:0
Train devices:  cuda:0
Initializing parameters...
/workspace/dreamerv3/embodied/jax/agent.py:112: DeprecationWarning: `with mesh:` context manager has been deprecated. Please use `with jax.set_mesh(mesh):` instead.
  with self.train_mesh:
Optimizer opt has 214,723 params:
        66,111 val
        57,663 rew
        49,796 pol
        41,153 con
/workspace/conda_envs/dreamerv3/lib/python3.11/site-packages/optax/_src/linear_algebra.py:44: DeprecationWarning: optax.global_norm is deprecated in favor of optax.tree.norm
  warnings.warn(
Done initializing!
Compiling 1 checkpoint groups...
Largest checkpoint group: 0 GB
Loading checkpoint: /workspace/goodhart_runs/adapt_ax1q1s0_finger_seed9_ckpt500000/ckpt/20260711T181626F651692
Loaded checkpoint.
adapt_ax1q1s0_finger_seed9_ckpt500000: M-return 0.72 (median 0.69, survived 1.00) -> /workspace/goodhart_runs/goodhart_p2elong/eval_adapt_ax1q1s0_finger_seed9_ckpt500000.json
Observations
  reward           Space(float32, shape=(), low=-inf, high=inf)
  is_first         Space(bool, shape=(), low=False, high=True)
  is_last          Space(bool, shape=(), low=False, high=True)
  is_terminal      Space(bool, shape=(), low=False, high=True)
  position         Space(float32, shape=(4,), low=-inf, high=inf)
  velocity         Space(float32, shape=(3,), low=-inf, high=inf)
  touch            Space(float32, shape=(2,), low=-inf, high=inf)
  target_position  Space(float32, shape=(2,), low=-inf, high=inf)
  dist_to_target   Space(float32, shape=(), low=-inf, high=inf)
Actions
  action           Space(float32, shape=(2,), low=-1.0, high=1.0)
Extras
  consec           Space(int32, shape=(), low=-2147483648, high=2147483647)
  stepid           Space(uint8, shape=(20,), low=0, high=255)
  dyn/deter        Space(float32, shape=(512,), low=-inf, high=inf)
  dyn/stoch        Space(float32, shape=(32, 4), low=-inf, high=inf)
JAX devices (1): [cuda:0]
Policy devices: cuda:0
Train devices:  cuda:0
Initializing parameters...
/workspace/dreamerv3/embodied/jax/agent.py:112: DeprecationWarning: `with mesh:` context manager has been deprecated. Please use `with jax.set_mesh(mesh):` instead.
  with self.train_mesh:
Optimizer opt has 214,723 params:
        66,111 val
        57,663 rew
        49,796 pol
        41,153 con
/workspace/conda_envs/dreamerv3/lib/python3.11/site-packages/optax/_src/linear_algebra.py:44: DeprecationWarning: optax.global_norm is deprecated in favor of optax.tree.norm
  warnings.warn(
Done initializing!
Compiling 1 checkpoint groups...
Largest checkpoint group: 0 GB
Loading checkpoint: /workspace/goodhart_runs/adapt_p2elong_finger_seed1_ckpt500000/ckpt/20260711T040721F002376
Loaded checkpoint.
Observations
  reward           Space(float32, shape=(), low=-inf, high=inf)
  is_first         Space(bool, shape=(), low=False, high=True)
  is_last          Space(bool, shape=(), low=False, high=True)
  is_terminal      Space(bool, shape=(), low=False, high=True)
  position         Space(float32, shape=(4,), low=-inf, high=inf)
  velocity         Space(float32, shape=(3,), low=-inf, high=inf)
  touch            Space(float32, shape=(2,), low=-inf, high=inf)
  target_position  Space(float32, shape=(2,), low=-inf, high=inf)
  dist_to_target   Space(float32, shape=(), low=-inf, high=inf)
Actions
  action           Space(float32, shape=(2,), low=-1.0, high=1.0)
Extras
  consec           Space(int32, shape=(), low=-2147483648, high=2147483647)
  stepid           Space(uint8, shape=(20,), low=0, high=255)
  dyn/deter        Space(float32, shape=(512,), low=-inf, high=inf)
  dyn/stoch        Space(float32, shape=(32, 4), low=-inf, high=inf)
JAX devices (1): [cuda:0]
Policy devices: cuda:0
Train devices:  cuda:0
Initializing parameters...
/workspace/dreamerv3/embodied/jax/agent.py:112: DeprecationWarning: `with mesh:` context manager has been deprecated. Please use `with jax.set_mesh(mesh):` instead.
  with self.train_mesh:
Optimizer opt has 214,723 params:
        66,111 val
        57,663 rew
        49,796 pol
        41,153 con
/workspace/conda_envs/dreamerv3/lib/python3.11/site-packages/optax/_src/linear_algebra.py:44: DeprecationWarning: optax.global_norm is deprecated in favor of optax.tree.norm
  warnings.warn(
Done initializing!
Compiling 1 checkpoint groups...
Largest checkpoint group: 0 GB
Loading checkpoint: /workspace/goodhart_runs/adapt_ax1q1s1_finger_seed10_ckpt500000/ckpt/20260711T205550F201998
Loaded checkpoint.
adapt_ax1q1s1_finger_seed10_ckpt500000: M-return 1.56 (median 1.45, survived 1.00) -> /workspace/goodhart_runs/goodhart_p2elong/eval_adapt_ax1q1s1_finger_seed10_ckpt500000.json
Observations
  reward           Space(float32, shape=(), low=-inf, high=inf)
  is_first         Space(bool, shape=(), low=False, high=True)
  is_last          Space(bool, shape=(), low=False, high=True)
  is_terminal      Space(bool, shape=(), low=False, high=True)
  position         Space(float32, shape=(4,), low=-inf, high=inf)
  velocity         Space(float32, shape=(3,), low=-inf, high=inf)
  touch            Space(float32, shape=(2,), low=-inf, high=inf)
  target_position  Space(float32, shape=(2,), low=-inf, high=inf)
  dist_to_target   Space(float32, shape=(), low=-inf, high=inf)
Actions
  action           Space(float32, shape=(2,), low=-1.0, high=1.0)
Extras
  consec           Space(int32, shape=(), low=-2147483648, high=2147483647)
  stepid           Space(uint8, shape=(20,), low=0, high=255)
  dyn/deter        Space(float32, shape=(512,), low=-inf, high=inf)
  dyn/stoch        Space(float32, shape=(32, 4), low=-inf, high=inf)
JAX devices (1): [cuda:0]
Policy devices: cuda:0
Train devices:  cuda:0
Initializing parameters...
/workspace/dreamerv3/embodied/jax/agent.py:112: DeprecationWarning: `with mesh:` context manager has been deprecated. Please use `with jax.set_mesh(mesh):` instead.
  with self.train_mesh:
Optimizer opt has 214,723 params:
        66,111 val
        57,663 rew
        49,796 pol
        41,153 con
/workspace/conda_envs/dreamerv3/lib/python3.11/site-packages/optax/_src/linear_algebra.py:44: DeprecationWarning: optax.global_norm is deprecated in favor of optax.tree.norm
  warnings.warn(
Done initializing!
Compiling 1 checkpoint groups...
Largest checkpoint group: 0 GB
Loading checkpoint: /workspace/goodhart_runs/adapt_p2elong_finger_seed1_ckpt500000/ckpt/20260711T040721F002376
Loaded checkpoint.
Observations
  reward           Space(float32, shape=(), low=-inf, high=inf)
  is_first         Space(bool, shape=(), low=False, high=True)
  is_last          Space(bool, shape=(), low=False, high=True)
  is_terminal      Space(bool, shape=(), low=False, high=True)
  position         Space(float32, shape=(4,), low=-inf, high=inf)
  velocity         Space(float32, shape=(3,), low=-inf, high=inf)
  touch            Space(float32, shape=(2,), low=-inf, high=inf)
  target_position  Space(float32, shape=(2,), low=-inf, high=inf)
  dist_to_target   Space(float32, shape=(), low=-inf, high=inf)
Actions
  action           Space(float32, shape=(2,), low=-1.0, high=1.0)
Extras
  consec           Space(int32, shape=(), low=-2147483648, high=2147483647)
  stepid           Space(uint8, shape=(20,), low=0, high=255)
  dyn/deter        Space(float32, shape=(512,), low=-inf, high=inf)
  dyn/stoch        Space(float32, shape=(32, 4), low=-inf, high=inf)
JAX devices (1): [cuda:0]
Policy devices: cuda:0
Train devices:  cuda:0
Initializing parameters...
/workspace/dreamerv3/embodied/jax/agent.py:112: DeprecationWarning: `with mesh:` context manager has been deprecated. Please use `with jax.set_mesh(mesh):` instead.
  with self.train_mesh:
Optimizer opt has 214,723 params:
        66,111 val
        57,663 rew
        49,796 pol
        41,153 con
/workspace/conda_envs/dreamerv3/lib/python3.11/site-packages/optax/_src/linear_algebra.py:44: DeprecationWarning: optax.global_norm is deprecated in favor of optax.tree.norm
  warnings.warn(
Done initializing!
Compiling 1 checkpoint groups...
Largest checkpoint group: 0 GB
Loading checkpoint: /workspace/goodhart_runs/adapt_ax1q1s1_finger_seed11_ckpt500000/ckpt/20260711T203452F068983
Loaded checkpoint.
adapt_ax1q1s1_finger_seed11_ckpt500000: M-return 1.13 (median 1.07, survived 1.00) -> /workspace/goodhart_runs/goodhart_p2elong/eval_adapt_ax1q1s1_finger_seed11_ckpt500000.json
Observations
  reward           Space(float32, shape=(), low=-inf, high=inf)
  is_first         Space(bool, shape=(), low=False, high=True)
  is_last          Space(bool, shape=(), low=False, high=True)
  is_terminal      Space(bool, shape=(), low=False, high=True)
  position         Space(float32, shape=(4,), low=-inf, high=inf)
  velocity         Space(float32, shape=(3,), low=-inf, high=inf)
  touch            Space(float32, shape=(2,), low=-inf, high=inf)
  target_position  Space(float32, shape=(2,), low=-inf, high=inf)
  dist_to_target   Space(float32, shape=(), low=-inf, high=inf)
Actions
  action           Space(float32, shape=(2,), low=-1.0, high=1.0)
Extras
  consec           Space(int32, shape=(), low=-2147483648, high=2147483647)
  stepid           Space(uint8, shape=(20,), low=0, high=255)
  dyn/deter        Space(float32, shape=(512,), low=-inf, high=inf)
  dyn/stoch        Space(float32, shape=(32, 4), low=-inf, high=inf)
JAX devices (1): [cuda:0]
Policy devices: cuda:0
Train devices:  cuda:0
Initializing parameters...
/workspace/dreamerv3/embodied/jax/agent.py:112: DeprecationWarning: `with mesh:` context manager has been deprecated. Please use `with jax.set_mesh(mesh):` instead.
  with self.train_mesh:
Optimizer opt has 214,723 params:
        66,111 val
        57,663 rew
        49,796 pol
        41,153 con
/workspace/conda_envs/dreamerv3/lib/python3.11/site-packages/optax/_src/linear_algebra.py:44: DeprecationWarning: optax.global_norm is deprecated in favor of optax.tree.norm
  warnings.warn(
Done initializing!
Compiling 1 checkpoint groups...
Largest checkpoint group: 0 GB
Loading checkpoint: /workspace/goodhart_runs/adapt_p2elong_finger_seed1_ckpt500000/ckpt/20260711T040721F002376
Loaded checkpoint.
Observations
  reward           Space(float32, shape=(), low=-inf, high=inf)
  is_first         Space(bool, shape=(), low=False, high=True)
  is_last          Space(bool, shape=(), low=False, high=True)
  is_terminal      Space(bool, shape=(), low=False, high=True)
  position         Space(float32, shape=(4,), low=-inf, high=inf)
  velocity         Space(float32, shape=(3,), low=-inf, high=inf)
  touch            Space(float32, shape=(2,), low=-inf, high=inf)
  target_position  Space(float32, shape=(2,), low=-inf, high=inf)
  dist_to_target   Space(float32, shape=(), low=-inf, high=inf)
Actions
  action           Space(float32, shape=(2,), low=-1.0, high=1.0)
Extras
  consec           Space(int32, shape=(), low=-2147483648, high=2147483647)
  stepid           Space(uint8, shape=(20,), low=0, high=255)
  dyn/deter        Space(float32, shape=(512,), low=-inf, high=inf)
  dyn/stoch        Space(float32, shape=(32, 4), low=-inf, high=inf)
JAX devices (1): [cuda:0]
Policy devices: cuda:0
Train devices:  cuda:0
Initializing parameters...
/workspace/dreamerv3/embodied/jax/agent.py:112: DeprecationWarning: `with mesh:` context manager has been deprecated. Please use `with jax.set_mesh(mesh):` instead.
  with self.train_mesh:
Optimizer opt has 214,723 params:
        66,111 val
        57,663 rew
        49,796 pol
        41,153 con
/workspace/conda_envs/dreamerv3/lib/python3.11/site-packages/optax/_src/linear_algebra.py:44: DeprecationWarning: optax.global_norm is deprecated in favor of optax.tree.norm
  warnings.warn(
Done initializing!
Compiling 1 checkpoint groups...
Largest checkpoint group: 0 GB
Loading checkpoint: /workspace/goodhart_runs/adapt_ax1q1s1_finger_seed12_ckpt500000/ckpt/20260711T204026F535240
Loaded checkpoint.
adapt_ax1q1s1_finger_seed12_ckpt500000: M-return 1.72 (median 1.69, survived 1.00) -> /workspace/goodhart_runs/goodhart_p2elong/eval_adapt_ax1q1s1_finger_seed12_ckpt500000.json
Observations
  reward           Space(float32, shape=(), low=-inf, high=inf)
  is_first         Space(bool, shape=(), low=False, high=True)
  is_last          Space(bool, shape=(), low=False, high=True)
  is_terminal      Space(bool, shape=(), low=False, high=True)
  position         Space(float32, shape=(4,), low=-inf, high=inf)
  velocity         Space(float32, shape=(3,), low=-inf, high=inf)
  touch            Space(float32, shape=(2,), low=-inf, high=inf)
  target_position  Space(float32, shape=(2,), low=-inf, high=inf)
  dist_to_target   Space(float32, shape=(), low=-inf, high=inf)
Actions
  action           Space(float32, shape=(2,), low=-1.0, high=1.0)
Extras
  consec           Space(int32, shape=(), low=-2147483648, high=2147483647)
  stepid           Space(uint8, shape=(20,), low=0, high=255)
  dyn/deter        Space(float32, shape=(512,), low=-inf, high=inf)
  dyn/stoch        Space(float32, shape=(32, 4), low=-inf, high=inf)
JAX devices (1): [cuda:0]
Policy devices: cuda:0
Train devices:  cuda:0
Initializing parameters...
/workspace/dreamerv3/embodied/jax/agent.py:112: DeprecationWarning: `with mesh:` context manager has been deprecated. Please use `with jax.set_mesh(mesh):` instead.
  with self.train_mesh:
Optimizer opt has 214,723 params:
        66,111 val
        57,663 rew
        49,796 pol
        41,153 con
/workspace/conda_envs/dreamerv3/lib/python3.11/site-packages/optax/_src/linear_algebra.py:44: DeprecationWarning: optax.global_norm is deprecated in favor of optax.tree.norm
  warnings.warn(
Done initializing!
Compiling 1 checkpoint groups...
Largest checkpoint group: 0 GB
Loading checkpoint: /workspace/goodhart_runs/adapt_p2elong_finger_seed1_ckpt500000/ckpt/20260711T040721F002376
Loaded checkpoint.
Observations
  reward           Space(float32, shape=(), low=-inf, high=inf)
  is_first         Space(bool, shape=(), low=False, high=True)
  is_last          Space(bool, shape=(), low=False, high=True)
  is_terminal      Space(bool, shape=(), low=False, high=True)
  position         Space(float32, shape=(4,), low=-inf, high=inf)
  velocity         Space(float32, shape=(3,), low=-inf, high=inf)
  touch            Space(float32, shape=(2,), low=-inf, high=inf)
  target_position  Space(float32, shape=(2,), low=-inf, high=inf)
  dist_to_target   Space(float32, shape=(), low=-inf, high=inf)
Actions
  action           Space(float32, shape=(2,), low=-1.0, high=1.0)
Extras
  consec           Space(int32, shape=(), low=-2147483648, high=2147483647)
  stepid           Space(uint8, shape=(20,), low=0, high=255)
  dyn/deter        Space(float32, shape=(512,), low=-inf, high=inf)
  dyn/stoch        Space(float32, shape=(32, 4), low=-inf, high=inf)
JAX devices (1): [cuda:0]
Policy devices: cuda:0
Train devices:  cuda:0
Initializing parameters...
/workspace/dreamerv3/embodied/jax/agent.py:112: DeprecationWarning: `with mesh:` context manager has been deprecated. Please use `with jax.set_mesh(mesh):` instead.
  with self.train_mesh:
Optimizer opt has 214,723 params:
        66,111 val
        57,663 rew
        49,796 pol
        41,153 con
/workspace/conda_envs/dreamerv3/lib/python3.11/site-packages/optax/_src/linear_algebra.py:44: DeprecationWarning: optax.global_norm is deprecated in favor of optax.tree.norm
  warnings.warn(
Done initializing!
Compiling 1 checkpoint groups...
Largest checkpoint group: 0 GB
Loading checkpoint: /workspace/goodhart_runs/adapt_ax1q1s1_finger_seed1_ckpt500000/ckpt/20260710T111457F273058
Loaded checkpoint.
adapt_ax1q1s1_finger_seed1_ckpt500000: M-return 1.77 (median 1.66, survived 1.00) -> /workspace/goodhart_runs/goodhart_p2elong/eval_adapt_ax1q1s1_finger_seed1_ckpt500000.json
Observations
  reward           Space(float32, shape=(), low=-inf, high=inf)
  is_first         Space(bool, shape=(), low=False, high=True)
  is_last          Space(bool, shape=(), low=False, high=True)
  is_terminal      Space(bool, shape=(), low=False, high=True)
  position         Space(float32, shape=(4,), low=-inf, high=inf)
  velocity         Space(float32, shape=(3,), low=-inf, high=inf)
  touch            Space(float32, shape=(2,), low=-inf, high=inf)
  target_position  Space(float32, shape=(2,), low=-inf, high=inf)
  dist_to_target   Space(float32, shape=(), low=-inf, high=inf)
Actions
  action           Space(float32, shape=(2,), low=-1.0, high=1.0)
Extras
  consec           Space(int32, shape=(), low=-2147483648, high=2147483647)
  stepid           Space(uint8, shape=(20,), low=0, high=255)
  dyn/deter        Space(float32, shape=(512,), low=-inf, high=inf)
  dyn/stoch        Space(float32, shape=(32, 4), low=-inf, high=inf)
JAX devices (1): [cuda:0]
Policy devices: cuda:0
Train devices:  cuda:0
Initializing parameters...
/workspace/dreamerv3/embodied/jax/agent.py:112: DeprecationWarning: `with mesh:` context manager has been deprecated. Please use `with jax.set_mesh(mesh):` instead.
  with self.train_mesh:
Optimizer opt has 214,723 params:
        66,111 val
        57,663 rew
        49,796 pol
        41,153 con
/workspace/conda_envs/dreamerv3/lib/python3.11/site-packages/optax/_src/linear_algebra.py:44: DeprecationWarning: optax.global_norm is deprecated in favor of optax.tree.norm
  warnings.warn(
Done initializing!
Compiling 1 checkpoint groups...
Largest checkpoint group: 0 GB
Loading checkpoint: /workspace/goodhart_runs/adapt_p2elong_finger_seed1_ckpt500000/ckpt/20260711T040721F002376
Loaded checkpoint.
Observations
  reward           Space(float32, shape=(), low=-inf, high=inf)
  is_first         Space(bool, shape=(), low=False, high=True)
  is_last          Space(bool, shape=(), low=False, high=True)
  is_terminal      Space(bool, shape=(), low=False, high=True)
  position         Space(float32, shape=(4,), low=-inf, high=inf)
  velocity         Space(float32, shape=(3,), low=-inf, high=inf)
  touch            Space(float32, shape=(2,), low=-inf, high=inf)
  target_position  Space(float32, shape=(2,), low=-inf, high=inf)
  dist_to_target   Space(float32, shape=(), low=-inf, high=inf)
Actions
  action           Space(float32, shape=(2,), low=-1.0, high=1.0)
Extras
  consec           Space(int32, shape=(), low=-2147483648, high=2147483647)
  stepid           Space(uint8, shape=(20,), low=0, high=255)
  dyn/deter        Space(float32, shape=(512,), low=-inf, high=inf)
  dyn/stoch        Space(float32, shape=(32, 4), low=-inf, high=inf)
JAX devices (1): [cuda:0]
Policy devices: cuda:0
Train devices:  cuda:0
Initializing parameters...
/workspace/dreamerv3/embodied/jax/agent.py:112: DeprecationWarning: `with mesh:` context manager has been deprecated. Please use `with jax.set_mesh(mesh):` instead.
  with self.train_mesh:
Optimizer opt has 214,723 params:
        66,111 val
        57,663 rew
        49,796 pol
        41,153 con
/workspace/conda_envs/dreamerv3/lib/python3.11/site-packages/optax/_src/linear_algebra.py:44: DeprecationWarning: optax.global_norm is deprecated in favor of optax.tree.norm
  warnings.warn(
Done initializing!
Compiling 1 checkpoint groups...
Largest checkpoint group: 0 GB
Loading checkpoint: /workspace/goodhart_runs/adapt_ax1q1s1_finger_seed2_ckpt500000/ckpt/20260710T105541F848422
Loaded checkpoint.
adapt_ax1q1s1_finger_seed2_ckpt500000: M-return 1.81 (median 1.85, survived 1.00) -> /workspace/goodhart_runs/goodhart_p2elong/eval_adapt_ax1q1s1_finger_seed2_ckpt500000.json
Observations
  reward           Space(float32, shape=(), low=-inf, high=inf)
  is_first         Space(bool, shape=(), low=False, high=True)
  is_last          Space(bool, shape=(), low=False, high=True)
  is_terminal      Space(bool, shape=(), low=False, high=True)
  position         Space(float32, shape=(4,), low=-inf, high=inf)
  velocity         Space(float32, shape=(3,), low=-inf, high=inf)
  touch            Space(float32, shape=(2,), low=-inf, high=inf)
  target_position  Space(float32, shape=(2,), low=-inf, high=inf)
  dist_to_target   Space(float32, shape=(), low=-inf, high=inf)
Actions
  action           Space(float32, shape=(2,), low=-1.0, high=1.0)
Extras
  consec           Space(int32, shape=(), low=-2147483648, high=2147483647)
  stepid           Space(uint8, shape=(20,), low=0, high=255)
  dyn/deter        Space(float32, shape=(512,), low=-inf, high=inf)
  dyn/stoch        Space(float32, shape=(32, 4), low=-inf, high=inf)
JAX devices (1): [cuda:0]
Policy devices: cuda:0
Train devices:  cuda:0
Initializing parameters...
/workspace/dreamerv3/embodied/jax/agent.py:112: DeprecationWarning: `with mesh:` context manager has been deprecated. Please use `with jax.set_mesh(mesh):` instead.
  with self.train_mesh:
Optimizer opt has 214,723 params:
        66,111 val
        57,663 rew
        49,796 pol
        41,153 con
/workspace/conda_envs/dreamerv3/lib/python3.11/site-packages/optax/_src/linear_algebra.py:44: DeprecationWarning: optax.global_norm is deprecated in favor of optax.tree.norm
  warnings.warn(
Done initializing!
Compiling 1 checkpoint groups...
Largest checkpoint group: 0 GB
Loading checkpoint: /workspace/goodhart_runs/adapt_p2elong_finger_seed1_ckpt500000/ckpt/20260711T040721F002376
Loaded checkpoint.
Observations
  reward           Space(float32, shape=(), low=-inf, high=inf)
  is_first         Space(bool, shape=(), low=False, high=True)
  is_last          Space(bool, shape=(), low=False, high=True)
  is_terminal      Space(bool, shape=(), low=False, high=True)
  position         Space(float32, shape=(4,), low=-inf, high=inf)
  velocity         Space(float32, shape=(3,), low=-inf, high=inf)
  touch            Space(float32, shape=(2,), low=-inf, high=inf)
  target_position  Space(float32, shape=(2,), low=-inf, high=inf)
  dist_to_target   Space(float32, shape=(), low=-inf, high=inf)
Actions
  action           Space(float32, shape=(2,), low=-1.0, high=1.0)
Extras
  consec           Space(int32, shape=(), low=-2147483648, high=2147483647)
  stepid           Space(uint8, shape=(20,), low=0, high=255)
  dyn/deter        Space(float32, shape=(512,), low=-inf, high=inf)
  dyn/stoch        Space(float32, shape=(32, 4), low=-inf, high=inf)
JAX devices (1): [cuda:0]
Policy devices: cuda:0
Train devices:  cuda:0
Initializing parameters...
/workspace/dreamerv3/embodied/jax/agent.py:112: DeprecationWarning: `with mesh:` context manager has been deprecated. Please use `with jax.set_mesh(mesh):` instead.
  with self.train_mesh:
Optimizer opt has 214,723 params:
        66,111 val
        57,663 rew
        49,796 pol
        41,153 con
/workspace/conda_envs/dreamerv3/lib/python3.11/site-packages/optax/_src/linear_algebra.py:44: DeprecationWarning: optax.global_norm is deprecated in favor of optax.tree.norm
  warnings.warn(
Done initializing!
Compiling 1 checkpoint groups...
Largest checkpoint group: 0 GB
Loading checkpoint: /workspace/goodhart_runs/adapt_ax1q1s1_finger_seed3_ckpt500000/ckpt/20260710T103608F943183
Loaded checkpoint.
adapt_ax1q1s1_finger_seed3_ckpt500000: M-return 0.64 (median 0.61, survived 1.00) -> /workspace/goodhart_runs/goodhart_p2elong/eval_adapt_ax1q1s1_finger_seed3_ckpt500000.json
Observations
  reward           Space(float32, shape=(), low=-inf, high=inf)
  is_first         Space(bool, shape=(), low=False, high=True)
  is_last          Space(bool, shape=(), low=False, high=True)
  is_terminal      Space(bool, shape=(), low=False, high=True)
  position         Space(float32, shape=(4,), low=-inf, high=inf)
  velocity         Space(float32, shape=(3,), low=-inf, high=inf)
  touch            Space(float32, shape=(2,), low=-inf, high=inf)
  target_position  Space(float32, shape=(2,), low=-inf, high=inf)
  dist_to_target   Space(float32, shape=(), low=-inf, high=inf)
Actions
  action           Space(float32, shape=(2,), low=-1.0, high=1.0)
Extras
  consec           Space(int32, shape=(), low=-2147483648, high=2147483647)
  stepid           Space(uint8, shape=(20,), low=0, high=255)
  dyn/deter        Space(float32, shape=(512,), low=-inf, high=inf)
  dyn/stoch        Space(float32, shape=(32, 4), low=-inf, high=inf)
JAX devices (1): [cuda:0]
Policy devices: cuda:0
Train devices:  cuda:0
Initializing parameters...
/workspace/dreamerv3/embodied/jax/agent.py:112: DeprecationWarning: `with mesh:` context manager has been deprecated. Please use `with jax.set_mesh(mesh):` instead.
  with self.train_mesh:
Optimizer opt has 214,723 params:
        66,111 val
        57,663 rew
        49,796 pol
        41,153 con
/workspace/conda_envs/dreamerv3/lib/python3.11/site-packages/optax/_src/linear_algebra.py:44: DeprecationWarning: optax.global_norm is deprecated in favor of optax.tree.norm
  warnings.warn(
Done initializing!
Compiling 1 checkpoint groups...
Largest checkpoint group: 0 GB
Loading checkpoint: /workspace/goodhart_runs/adapt_p2elong_finger_seed1_ckpt500000/ckpt/20260711T040721F002376
Loaded checkpoint.
Observations
  reward           Space(float32, shape=(), low=-inf, high=inf)
  is_first         Space(bool, shape=(), low=False, high=True)
  is_last          Space(bool, shape=(), low=False, high=True)
  is_terminal      Space(bool, shape=(), low=False, high=True)
  position         Space(float32, shape=(4,), low=-inf, high=inf)
  velocity         Space(float32, shape=(3,), low=-inf, high=inf)
  touch            Space(float32, shape=(2,), low=-inf, high=inf)
  target_position  Space(float32, shape=(2,), low=-inf, high=inf)
  dist_to_target   Space(float32, shape=(), low=-inf, high=inf)
Actions
  action           Space(float32, shape=(2,), low=-1.0, high=1.0)
Extras
  consec           Space(int32, shape=(), low=-2147483648, high=2147483647)
  stepid           Space(uint8, shape=(20,), low=0, high=255)
  dyn/deter        Space(float32, shape=(512,), low=-inf, high=inf)
  dyn/stoch        Space(float32, shape=(32, 4), low=-inf, high=inf)
JAX devices (1): [cuda:0]
Policy devices: cuda:0
Train devices:  cuda:0
Initializing parameters...
/workspace/dreamerv3/embodied/jax/agent.py:112: DeprecationWarning: `with mesh:` context manager has been deprecated. Please use `with jax.set_mesh(mesh):` instead.
  with self.train_mesh:
Optimizer opt has 214,723 params:
        66,111 val
        57,663 rew
        49,796 pol
        41,153 con
/workspace/conda_envs/dreamerv3/lib/python3.11/site-packages/optax/_src/linear_algebra.py:44: DeprecationWarning: optax.global_norm is deprecated in favor of optax.tree.norm
  warnings.warn(
Done initializing!
Compiling 1 checkpoint groups...
Largest checkpoint group: 0 GB
Loading checkpoint: /workspace/goodhart_runs/adapt_ax1q1s1_finger_seed4_ckpt500000/ckpt/20260710T104019F428573
Loaded checkpoint.
adapt_ax1q1s1_finger_seed4_ckpt500000: M-return 1.62 (median 1.54, survived 1.00) -> /workspace/goodhart_runs/goodhart_p2elong/eval_adapt_ax1q1s1_finger_seed4_ckpt500000.json
Observations
  reward           Space(float32, shape=(), low=-inf, high=inf)
  is_first         Space(bool, shape=(), low=False, high=True)
  is_last          Space(bool, shape=(), low=False, high=True)
  is_terminal      Space(bool, shape=(), low=False, high=True)
  position         Space(float32, shape=(4,), low=-inf, high=inf)
  velocity         Space(float32, shape=(3,), low=-inf, high=inf)
  touch            Space(float32, shape=(2,), low=-inf, high=inf)
  target_position  Space(float32, shape=(2,), low=-inf, high=inf)
  dist_to_target   Space(float32, shape=(), low=-inf, high=inf)
Actions
  action           Space(float32, shape=(2,), low=-1.0, high=1.0)
Extras
  consec           Space(int32, shape=(), low=-2147483648, high=2147483647)
  stepid           Space(uint8, shape=(20,), low=0, high=255)
  dyn/deter        Space(float32, shape=(512,), low=-inf, high=inf)
  dyn/stoch        Space(float32, shape=(32, 4), low=-inf, high=inf)
JAX devices (1): [cuda:0]
Policy devices: cuda:0
Train devices:  cuda:0
Initializing parameters...
/workspace/dreamerv3/embodied/jax/agent.py:112: DeprecationWarning: `with mesh:` context manager has been deprecated. Please use `with jax.set_mesh(mesh):` instead.
  with self.train_mesh:
Optimizer opt has 214,723 params:
        66,111 val
        57,663 rew
        49,796 pol
        41,153 con
/workspace/conda_envs/dreamerv3/lib/python3.11/site-packages/optax/_src/linear_algebra.py:44: DeprecationWarning: optax.global_norm is deprecated in favor of optax.tree.norm
  warnings.warn(
Done initializing!
Compiling 1 checkpoint groups...
Largest checkpoint group: 0 GB
Loading checkpoint: /workspace/goodhart_runs/adapt_p2elong_finger_seed1_ckpt500000/ckpt/20260711T040721F002376
Loaded checkpoint.
Observations
  reward           Space(float32, shape=(), low=-inf, high=inf)
  is_first         Space(bool, shape=(), low=False, high=True)
  is_last          Space(bool, shape=(), low=False, high=True)
  is_terminal      Space(bool, shape=(), low=False, high=True)
  position         Space(float32, shape=(4,), low=-inf, high=inf)
  velocity         Space(float32, shape=(3,), low=-inf, high=inf)
  touch            Space(float32, shape=(2,), low=-inf, high=inf)
  target_position  Space(float32, shape=(2,), low=-inf, high=inf)
  dist_to_target   Space(float32, shape=(), low=-inf, high=inf)
Actions
  action           Space(float32, shape=(2,), low=-1.0, high=1.0)
Extras
  consec           Space(int32, shape=(), low=-2147483648, high=2147483647)
  stepid           Space(uint8, shape=(20,), low=0, high=255)
  dyn/deter        Space(float32, shape=(512,), low=-inf, high=inf)
  dyn/stoch        Space(float32, shape=(32, 4), low=-inf, high=inf)
JAX devices (1): [cuda:0]
Policy devices: cuda:0
Train devices:  cuda:0
Initializing parameters...
/workspace/dreamerv3/embodied/jax/agent.py:112: DeprecationWarning: `with mesh:` context manager has been deprecated. Please use `with jax.set_mesh(mesh):` instead.
  with self.train_mesh:
Optimizer opt has 214,723 params:
        66,111 val
        57,663 rew
        49,796 pol
        41,153 con
/workspace/conda_envs/dreamerv3/lib/python3.11/site-packages/optax/_src/linear_algebra.py:44: DeprecationWarning: optax.global_norm is deprecated in favor of optax.tree.norm
  warnings.warn(
Done initializing!
Compiling 1 checkpoint groups...
Largest checkpoint group: 0 GB
Loading checkpoint: /workspace/goodhart_runs/adapt_ax1q1s1_finger_seed5_ckpt500000/ckpt/20260710T110647F339057
Loaded checkpoint.
adapt_ax1q1s1_finger_seed5_ckpt500000: M-return 0.36 (median 0.28, survived 1.00) -> /workspace/goodhart_runs/goodhart_p2elong/eval_adapt_ax1q1s1_finger_seed5_ckpt500000.json
Observations
  reward           Space(float32, shape=(), low=-inf, high=inf)
  is_first         Space(bool, shape=(), low=False, high=True)
  is_last          Space(bool, shape=(), low=False, high=True)
  is_terminal      Space(bool, shape=(), low=False, high=True)
  position         Space(float32, shape=(4,), low=-inf, high=inf)
  velocity         Space(float32, shape=(3,), low=-inf, high=inf)
  touch            Space(float32, shape=(2,), low=-inf, high=inf)
  target_position  Space(float32, shape=(2,), low=-inf, high=inf)
  dist_to_target   Space(float32, shape=(), low=-inf, high=inf)
Actions
  action           Space(float32, shape=(2,), low=-1.0, high=1.0)
Extras
  consec           Space(int32, shape=(), low=-2147483648, high=2147483647)
  stepid           Space(uint8, shape=(20,), low=0, high=255)
  dyn/deter        Space(float32, shape=(512,), low=-inf, high=inf)
  dyn/stoch        Space(float32, shape=(32, 4), low=-inf, high=inf)
JAX devices (1): [cuda:0]
Policy devices: cuda:0
Train devices:  cuda:0
Initializing parameters...
/workspace/dreamerv3/embodied/jax/agent.py:112: DeprecationWarning: `with mesh:` context manager has been deprecated. Please use `with jax.set_mesh(mesh):` instead.
  with self.train_mesh:
Optimizer opt has 214,723 params:
        66,111 val
        57,663 rew
        49,796 pol
        41,153 con
/workspace/conda_envs/dreamerv3/lib/python3.11/site-packages/optax/_src/linear_algebra.py:44: DeprecationWarning: optax.global_norm is deprecated in favor of optax.tree.norm
  warnings.warn(
Done initializing!
Compiling 1 checkpoint groups...
Largest checkpoint group: 0 GB
Loading checkpoint: /workspace/goodhart_runs/adapt_p2elong_finger_seed1_ckpt500000/ckpt/20260711T040721F002376
Loaded checkpoint.
Observations
  reward           Space(float32, shape=(), low=-inf, high=inf)
  is_first         Space(bool, shape=(), low=False, high=True)
  is_last          Space(bool, shape=(), low=False, high=True)
  is_terminal      Space(bool, shape=(), low=False, high=True)
  position         Space(float32, shape=(4,), low=-inf, high=inf)
  velocity         Space(float32, shape=(3,), low=-inf, high=inf)
  touch            Space(float32, shape=(2,), low=-inf, high=inf)
  target_position  Space(float32, shape=(2,), low=-inf, high=inf)
  dist_to_target   Space(float32, shape=(), low=-inf, high=inf)
Actions
  action           Space(float32, shape=(2,), low=-1.0, high=1.0)
Extras
  consec           Space(int32, shape=(), low=-2147483648, high=2147483647)
  stepid           Space(uint8, shape=(20,), low=0, high=255)
  dyn/deter        Space(float32, shape=(512,), low=-inf, high=inf)
  dyn/stoch        Space(float32, shape=(32, 4), low=-inf, high=inf)
JAX devices (1): [cuda:0]
Policy devices: cuda:0
Train devices:  cuda:0
Initializing parameters...
/workspace/dreamerv3/embodied/jax/agent.py:112: DeprecationWarning: `with mesh:` context manager has been deprecated. Please use `with jax.set_mesh(mesh):` instead.
  with self.train_mesh:
Optimizer opt has 214,723 params:
        66,111 val
        57,663 rew
        49,796 pol
        41,153 con
/workspace/conda_envs/dreamerv3/lib/python3.11/site-packages/optax/_src/linear_algebra.py:44: DeprecationWarning: optax.global_norm is deprecated in favor of optax.tree.norm
  warnings.warn(
Done initializing!
Compiling 1 checkpoint groups...
Largest checkpoint group: 0 GB
Loading checkpoint: /workspace/goodhart_runs/adapt_ax1q1s1_finger_seed6_ckpt500000/ckpt/20260710T112832F714837
Loaded checkpoint.
adapt_ax1q1s1_finger_seed6_ckpt500000: M-return 1.69 (median 1.65, survived 1.00) -> /workspace/goodhart_runs/goodhart_p2elong/eval_adapt_ax1q1s1_finger_seed6_ckpt500000.json
Observations
  reward           Space(float32, shape=(), low=-inf, high=inf)
  is_first         Space(bool, shape=(), low=False, high=True)
  is_last          Space(bool, shape=(), low=False, high=True)
  is_terminal      Space(bool, shape=(), low=False, high=True)
  position         Space(float32, shape=(4,), low=-inf, high=inf)
  velocity         Space(float32, shape=(3,), low=-inf, high=inf)
  touch            Space(float32, shape=(2,), low=-inf, high=inf)
  target_position  Space(float32, shape=(2,), low=-inf, high=inf)
  dist_to_target   Space(float32, shape=(), low=-inf, high=inf)
Actions
  action           Space(float32, shape=(2,), low=-1.0, high=1.0)
Extras
  consec           Space(int32, shape=(), low=-2147483648, high=2147483647)
  stepid           Space(uint8, shape=(20,), low=0, high=255)
  dyn/deter        Space(float32, shape=(512,), low=-inf, high=inf)
  dyn/stoch        Space(float32, shape=(32, 4), low=-inf, high=inf)
JAX devices (1): [cuda:0]
Policy devices: cuda:0
Train devices:  cuda:0
Initializing parameters...
/workspace/dreamerv3/embodied/jax/agent.py:112: DeprecationWarning: `with mesh:` context manager has been deprecated. Please use `with jax.set_mesh(mesh):` instead.
  with self.train_mesh:
Optimizer opt has 214,723 params:
        66,111 val
        57,663 rew
        49,796 pol
        41,153 con
/workspace/conda_envs/dreamerv3/lib/python3.11/site-packages/optax/_src/linear_algebra.py:44: DeprecationWarning: optax.global_norm is deprecated in favor of optax.tree.norm
  warnings.warn(
Done initializing!
Compiling 1 checkpoint groups...
Largest checkpoint group: 0 GB
Loading checkpoint: /workspace/goodhart_runs/adapt_p2elong_finger_seed1_ckpt500000/ckpt/20260711T040721F002376
Loaded checkpoint.
Observations
  reward           Space(float32, shape=(), low=-inf, high=inf)
  is_first         Space(bool, shape=(), low=False, high=True)
  is_last          Space(bool, shape=(), low=False, high=True)
  is_terminal      Space(bool, shape=(), low=False, high=True)
  position         Space(float32, shape=(4,), low=-inf, high=inf)
  velocity         Space(float32, shape=(3,), low=-inf, high=inf)
  touch            Space(float32, shape=(2,), low=-inf, high=inf)
  target_position  Space(float32, shape=(2,), low=-inf, high=inf)
  dist_to_target   Space(float32, shape=(), low=-inf, high=inf)
Actions
  action           Space(float32, shape=(2,), low=-1.0, high=1.0)
Extras
  consec           Space(int32, shape=(), low=-2147483648, high=2147483647)
  stepid           Space(uint8, shape=(20,), low=0, high=255)
  dyn/deter        Space(float32, shape=(512,), low=-inf, high=inf)
  dyn/stoch        Space(float32, shape=(32, 4), low=-inf, high=inf)
JAX devices (1): [cuda:0]
Policy devices: cuda:0
Train devices:  cuda:0
Initializing parameters...
/workspace/dreamerv3/embodied/jax/agent.py:112: DeprecationWarning: `with mesh:` context manager has been deprecated. Please use `with jax.set_mesh(mesh):` instead.
  with self.train_mesh:
Optimizer opt has 214,723 params:
        66,111 val
        57,663 rew
        49,796 pol
        41,153 con
/workspace/conda_envs/dreamerv3/lib/python3.11/site-packages/optax/_src/linear_algebra.py:44: DeprecationWarning: optax.global_norm is deprecated in favor of optax.tree.norm
  warnings.warn(
Done initializing!
Compiling 1 checkpoint groups...
Largest checkpoint group: 0 GB
Loading checkpoint: /workspace/goodhart_runs/adapt_ax1q1s1_finger_seed7_ckpt500000/ckpt/20260710T114109F984966
Loaded checkpoint.
adapt_ax1q1s1_finger_seed7_ckpt500000: M-return 1.07 (median 1.00, survived 1.00) -> /workspace/goodhart_runs/goodhart_p2elong/eval_adapt_ax1q1s1_finger_seed7_ckpt500000.json
Observations
  reward           Space(float32, shape=(), low=-inf, high=inf)
  is_first         Space(bool, shape=(), low=False, high=True)
  is_last          Space(bool, shape=(), low=False, high=True)
  is_terminal      Space(bool, shape=(), low=False, high=True)
  position         Space(float32, shape=(4,), low=-inf, high=inf)
  velocity         Space(float32, shape=(3,), low=-inf, high=inf)
  touch            Space(float32, shape=(2,), low=-inf, high=inf)
  target_position  Space(float32, shape=(2,), low=-inf, high=inf)
  dist_to_target   Space(float32, shape=(), low=-inf, high=inf)
Actions
  action           Space(float32, shape=(2,), low=-1.0, high=1.0)
Extras
  consec           Space(int32, shape=(), low=-2147483648, high=2147483647)
  stepid           Space(uint8, shape=(20,), low=0, high=255)
  dyn/deter        Space(float32, shape=(512,), low=-inf, high=inf)
  dyn/stoch        Space(float32, shape=(32, 4), low=-inf, high=inf)
JAX devices (1): [cuda:0]
Policy devices: cuda:0
Train devices:  cuda:0
Initializing parameters...
/workspace/dreamerv3/embodied/jax/agent.py:112: DeprecationWarning: `with mesh:` context manager has been deprecated. Please use `with jax.set_mesh(mesh):` instead.
  with self.train_mesh:
Optimizer opt has 214,723 params:
        66,111 val
        57,663 rew
        49,796 pol
        41,153 con
/workspace/conda_envs/dreamerv3/lib/python3.11/site-packages/optax/_src/linear_algebra.py:44: DeprecationWarning: optax.global_norm is deprecated in favor of optax.tree.norm
  warnings.warn(
Done initializing!
Compiling 1 checkpoint groups...
Largest checkpoint group: 0 GB
Loading checkpoint: /workspace/goodhart_runs/adapt_p2elong_finger_seed1_ckpt500000/ckpt/20260711T040721F002376
Loaded checkpoint.
Observations
  reward           Space(float32, shape=(), low=-inf, high=inf)
  is_first         Space(bool, shape=(), low=False, high=True)
  is_last          Space(bool, shape=(), low=False, high=True)
  is_terminal      Space(bool, shape=(), low=False, high=True)
  position         Space(float32, shape=(4,), low=-inf, high=inf)
  velocity         Space(float32, shape=(3,), low=-inf, high=inf)
  touch            Space(float32, shape=(2,), low=-inf, high=inf)
  target_position  Space(float32, shape=(2,), low=-inf, high=inf)
  dist_to_target   Space(float32, shape=(), low=-inf, high=inf)
Actions
  action           Space(float32, shape=(2,), low=-1.0, high=1.0)
Extras
  consec           Space(int32, shape=(), low=-2147483648, high=2147483647)
  stepid           Space(uint8, shape=(20,), low=0, high=255)
  dyn/deter        Space(float32, shape=(512,), low=-inf, high=inf)
  dyn/stoch        Space(float32, shape=(32, 4), low=-inf, high=inf)
JAX devices (1): [cuda:0]
Policy devices: cuda:0
Train devices:  cuda:0
Initializing parameters...
/workspace/dreamerv3/embodied/jax/agent.py:112: DeprecationWarning: `with mesh:` context manager has been deprecated. Please use `with jax.set_mesh(mesh):` instead.
  with self.train_mesh:
Optimizer opt has 214,723 params:
        66,111 val
        57,663 rew
        49,796 pol
        41,153 con
/workspace/conda_envs/dreamerv3/lib/python3.11/site-packages/optax/_src/linear_algebra.py:44: DeprecationWarning: optax.global_norm is deprecated in favor of optax.tree.norm
  warnings.warn(
Done initializing!
Compiling 1 checkpoint groups...
Largest checkpoint group: 0 GB
Loading checkpoint: /workspace/goodhart_runs/adapt_ax1q1s1_finger_seed8_ckpt500000/ckpt/20260710T105036F128395
Loaded checkpoint.
adapt_ax1q1s1_finger_seed8_ckpt500000: M-return 1.73 (median 1.69, survived 1.00) -> /workspace/goodhart_runs/goodhart_p2elong/eval_adapt_ax1q1s1_finger_seed8_ckpt500000.json
Observations
  reward           Space(float32, shape=(), low=-inf, high=inf)
  is_first         Space(bool, shape=(), low=False, high=True)
  is_last          Space(bool, shape=(), low=False, high=True)
  is_terminal      Space(bool, shape=(), low=False, high=True)
  position         Space(float32, shape=(4,), low=-inf, high=inf)
  velocity         Space(float32, shape=(3,), low=-inf, high=inf)
  touch            Space(float32, shape=(2,), low=-inf, high=inf)
  target_position  Space(float32, shape=(2,), low=-inf, high=inf)
  dist_to_target   Space(float32, shape=(), low=-inf, high=inf)
Actions
  action           Space(float32, shape=(2,), low=-1.0, high=1.0)
Extras
  consec           Space(int32, shape=(), low=-2147483648, high=2147483647)
  stepid           Space(uint8, shape=(20,), low=0, high=255)
  dyn/deter        Space(float32, shape=(512,), low=-inf, high=inf)
  dyn/stoch        Space(float32, shape=(32, 4), low=-inf, high=inf)
JAX devices (1): [cuda:0]
Policy devices: cuda:0
Train devices:  cuda:0
Initializing parameters...
/workspace/dreamerv3/embodied/jax/agent.py:112: DeprecationWarning: `with mesh:` context manager has been deprecated. Please use `with jax.set_mesh(mesh):` instead.
  with self.train_mesh:
Optimizer opt has 214,723 params:
        66,111 val
        57,663 rew
        49,796 pol
        41,153 con
/workspace/conda_envs/dreamerv3/lib/python3.11/site-packages/optax/_src/linear_algebra.py:44: DeprecationWarning: optax.global_norm is deprecated in favor of optax.tree.norm
  warnings.warn(
Done initializing!
Compiling 1 checkpoint groups...
Largest checkpoint group: 0 GB
Loading checkpoint: /workspace/goodhart_runs/adapt_p2elong_finger_seed1_ckpt500000/ckpt/20260711T040721F002376
Loaded checkpoint.
Observations
  reward           Space(float32, shape=(), low=-inf, high=inf)
  is_first         Space(bool, shape=(), low=False, high=True)
  is_last          Space(bool, shape=(), low=False, high=True)
  is_terminal      Space(bool, shape=(), low=False, high=True)
  position         Space(float32, shape=(4,), low=-inf, high=inf)
  velocity         Space(float32, shape=(3,), low=-inf, high=inf)
  touch            Space(float32, shape=(2,), low=-inf, high=inf)
  target_position  Space(float32, shape=(2,), low=-inf, high=inf)
  dist_to_target   Space(float32, shape=(), low=-inf, high=inf)
Actions
  action           Space(float32, shape=(2,), low=-1.0, high=1.0)
Extras
  consec           Space(int32, shape=(), low=-2147483648, high=2147483647)
  stepid           Space(uint8, shape=(20,), low=0, high=255)
  dyn/deter        Space(float32, shape=(512,), low=-inf, high=inf)
  dyn/stoch        Space(float32, shape=(32, 4), low=-inf, high=inf)
JAX devices (1): [cuda:0]
Policy devices: cuda:0
Train devices:  cuda:0
Initializing parameters...
/workspace/dreamerv3/embodied/jax/agent.py:112: DeprecationWarning: `with mesh:` context manager has been deprecated. Please use `with jax.set_mesh(mesh):` instead.
  with self.train_mesh:
Optimizer opt has 214,723 params:
        66,111 val
        57,663 rew
        49,796 pol
        41,153 con
/workspace/conda_envs/dreamerv3/lib/python3.11/site-packages/optax/_src/linear_algebra.py:44: DeprecationWarning: optax.global_norm is deprecated in favor of optax.tree.norm
  warnings.warn(
Done initializing!
Compiling 1 checkpoint groups...
Largest checkpoint group: 0 GB
Loading checkpoint: /workspace/goodhart_runs/adapt_ax1q1s1_finger_seed9_ckpt500000/ckpt/20260711T211509F006824
Loaded checkpoint.
adapt_ax1q1s1_finger_seed9_ckpt500000: M-return 1.74 (median 1.73, survived 1.00) -> /workspace/goodhart_runs/goodhart_p2elong/eval_adapt_ax1q1s1_finger_seed9_ckpt500000.json
Observations
  reward           Space(float32, shape=(), low=-inf, high=inf)
  is_first         Space(bool, shape=(), low=False, high=True)
  is_last          Space(bool, shape=(), low=False, high=True)
  is_terminal      Space(bool, shape=(), low=False, high=True)
  position         Space(float32, shape=(4,), low=-inf, high=inf)
  velocity         Space(float32, shape=(3,), low=-inf, high=inf)
  touch            Space(float32, shape=(2,), low=-inf, high=inf)
  target_position  Space(float32, shape=(2,), low=-inf, high=inf)
  dist_to_target   Space(float32, shape=(), low=-inf, high=inf)
Actions
  action           Space(float32, shape=(2,), low=-1.0, high=1.0)
Extras
  consec           Space(int32, shape=(), low=-2147483648, high=2147483647)
  stepid           Space(uint8, shape=(20,), low=0, high=255)
  dyn/deter        Space(float32, shape=(512,), low=-inf, high=inf)
  dyn/stoch        Space(float32, shape=(32, 4), low=-inf, high=inf)
JAX devices (1): [cuda:0]
Policy devices: cuda:0
Train devices:  cuda:0
Initializing parameters...
/workspace/dreamerv3/embodied/jax/agent.py:112: DeprecationWarning: `with mesh:` context manager has been deprecated. Please use `with jax.set_mesh(mesh):` instead.
  with self.train_mesh:
Optimizer opt has 214,723 params:
        66,111 val
        57,663 rew
        49,796 pol
        41,153 con
/workspace/conda_envs/dreamerv3/lib/python3.11/site-packages/optax/_src/linear_algebra.py:44: DeprecationWarning: optax.global_norm is deprecated in favor of optax.tree.norm
  warnings.warn(
Done initializing!
Compiling 1 checkpoint groups...
Largest checkpoint group: 0 GB
Loading checkpoint: /workspace/goodhart_runs/adapt_p2elong_finger_seed1_ckpt500000/ckpt/20260711T040721F002376
Loaded checkpoint.
Observations
  reward           Space(float32, shape=(), low=-inf, high=inf)
  is_first         Space(bool, shape=(), low=False, high=True)
  is_last          Space(bool, shape=(), low=False, high=True)
  is_terminal      Space(bool, shape=(), low=False, high=True)
  position         Space(float32, shape=(4,), low=-inf, high=inf)
  velocity         Space(float32, shape=(3,), low=-inf, high=inf)
  touch            Space(float32, shape=(2,), low=-inf, high=inf)
  target_position  Space(float32, shape=(2,), low=-inf, high=inf)
  dist_to_target   Space(float32, shape=(), low=-inf, high=inf)
Actions
  action           Space(float32, shape=(2,), low=-1.0, high=1.0)
Extras
  consec           Space(int32, shape=(), low=-2147483648, high=2147483647)
  stepid           Space(uint8, shape=(20,), low=0, high=255)
  dyn/deter        Space(float32, shape=(512,), low=-inf, high=inf)
  dyn/stoch        Space(float32, shape=(32, 4), low=-inf, high=inf)
JAX devices (1): [cuda:0]
Policy devices: cuda:0
Train devices:  cuda:0
Initializing parameters...
/workspace/dreamerv3/embodied/jax/agent.py:112: DeprecationWarning: `with mesh:` context manager has been deprecated. Please use `with jax.set_mesh(mesh):` instead.
  with self.train_mesh:
Optimizer opt has 214,723 params:
        66,111 val
        57,663 rew
        49,796 pol
        41,153 con
/workspace/conda_envs/dreamerv3/lib/python3.11/site-packages/optax/_src/linear_algebra.py:44: DeprecationWarning: optax.global_norm is deprecated in favor of optax.tree.norm
  warnings.warn(
Done initializing!
Compiling 1 checkpoint groups...
Largest checkpoint group: 0 GB
Loading checkpoint: /workspace/goodhart_runs/adapt_ax1q2s0_finger_seed10_ckpt500000/ckpt/20260711T235121F335636
Loaded checkpoint.
adapt_ax1q2s0_finger_seed10_ckpt500000: M-return 1.75 (median 0.99, survived 1.00) -> /workspace/goodhart_runs/goodhart_p2elong/eval_adapt_ax1q2s0_finger_seed10_ckpt500000.json
Observations
  reward           Space(float32, shape=(), low=-inf, high=inf)
  is_first         Space(bool, shape=(), low=False, high=True)
  is_last          Space(bool, shape=(), low=False, high=True)
  is_terminal      Space(bool, shape=(), low=False, high=True)
  position         Space(float32, shape=(4,), low=-inf, high=inf)
  velocity         Space(float32, shape=(3,), low=-inf, high=inf)
  touch            Space(float32, shape=(2,), low=-inf, high=inf)
  target_position  Space(float32, shape=(2,), low=-inf, high=inf)
  dist_to_target   Space(float32, shape=(), low=-inf, high=inf)
Actions
  action           Space(float32, shape=(2,), low=-1.0, high=1.0)
Extras
  consec           Space(int32, shape=(), low=-2147483648, high=2147483647)
  stepid           Space(uint8, shape=(20,), low=0, high=255)
  dyn/deter        Space(float32, shape=(512,), low=-inf, high=inf)
  dyn/stoch        Space(float32, shape=(32, 4), low=-inf, high=inf)
JAX devices (1): [cuda:0]
Policy devices: cuda:0
Train devices:  cuda:0
Initializing parameters...
/workspace/dreamerv3/embodied/jax/agent.py:112: DeprecationWarning: `with mesh:` context manager has been deprecated. Please use `with jax.set_mesh(mesh):` instead.
  with self.train_mesh:
Optimizer opt has 214,723 params:
        66,111 val
        57,663 rew
        49,796 pol
        41,153 con
/workspace/conda_envs/dreamerv3/lib/python3.11/site-packages/optax/_src/linear_algebra.py:44: DeprecationWarning: optax.global_norm is deprecated in favor of optax.tree.norm
  warnings.warn(
Done initializing!
Compiling 1 checkpoint groups...
Largest checkpoint group: 0 GB
Loading checkpoint: /workspace/goodhart_runs/adapt_p2elong_finger_seed1_ckpt500000/ckpt/20260711T040721F002376
Loaded checkpoint.
Observations
  reward           Space(float32, shape=(), low=-inf, high=inf)
  is_first         Space(bool, shape=(), low=False, high=True)
  is_last          Space(bool, shape=(), low=False, high=True)
  is_terminal      Space(bool, shape=(), low=False, high=True)
  position         Space(float32, shape=(4,), low=-inf, high=inf)
  velocity         Space(float32, shape=(3,), low=-inf, high=inf)
  touch            Space(float32, shape=(2,), low=-inf, high=inf)
  target_position  Space(float32, shape=(2,), low=-inf, high=inf)
  dist_to_target   Space(float32, shape=(), low=-inf, high=inf)
Actions
  action           Space(float32, shape=(2,), low=-1.0, high=1.0)
Extras
  consec           Space(int32, shape=(), low=-2147483648, high=2147483647)
  stepid           Space(uint8, shape=(20,), low=0, high=255)
  dyn/deter        Space(float32, shape=(512,), low=-inf, high=inf)
  dyn/stoch        Space(float32, shape=(32, 4), low=-inf, high=inf)
JAX devices (1): [cuda:0]
Policy devices: cuda:0
Train devices:  cuda:0
Initializing parameters...
/workspace/dreamerv3/embodied/jax/agent.py:112: DeprecationWarning: `with mesh:` context manager has been deprecated. Please use `with jax.set_mesh(mesh):` instead.
  with self.train_mesh:
Optimizer opt has 214,723 params:
        66,111 val
        57,663 rew
        49,796 pol
        41,153 con
/workspace/conda_envs/dreamerv3/lib/python3.11/site-packages/optax/_src/linear_algebra.py:44: DeprecationWarning: optax.global_norm is deprecated in favor of optax.tree.norm
  warnings.warn(
Done initializing!
Compiling 1 checkpoint groups...
Largest checkpoint group: 0 GB
Loading checkpoint: /workspace/goodhart_runs/adapt_ax1q2s0_finger_seed11_ckpt500000/ckpt/20260711T232644F920496
Loaded checkpoint.
adapt_ax1q2s0_finger_seed11_ckpt500000: M-return 2.54 (median 2.42, survived 1.00) -> /workspace/goodhart_runs/goodhart_p2elong/eval_adapt_ax1q2s0_finger_seed11_ckpt500000.json
Observations
  reward           Space(float32, shape=(), low=-inf, high=inf)
  is_first         Space(bool, shape=(), low=False, high=True)
  is_last          Space(bool, shape=(), low=False, high=True)
  is_terminal      Space(bool, shape=(), low=False, high=True)
  position         Space(float32, shape=(4,), low=-inf, high=inf)
  velocity         Space(float32, shape=(3,), low=-inf, high=inf)
  touch            Space(float32, shape=(2,), low=-inf, high=inf)
  target_position  Space(float32, shape=(2,), low=-inf, high=inf)
  dist_to_target   Space(float32, shape=(), low=-inf, high=inf)
Actions
  action           Space(float32, shape=(2,), low=-1.0, high=1.0)
Extras
  consec           Space(int32, shape=(), low=-2147483648, high=2147483647)
  stepid           Space(uint8, shape=(20,), low=0, high=255)
  dyn/deter        Space(float32, shape=(512,), low=-inf, high=inf)
  dyn/stoch        Space(float32, shape=(32, 4), low=-inf, high=inf)
JAX devices (1): [cuda:0]
Policy devices: cuda:0
Train devices:  cuda:0
Initializing parameters...
/workspace/dreamerv3/embodied/jax/agent.py:112: DeprecationWarning: `with mesh:` context manager has been deprecated. Please use `with jax.set_mesh(mesh):` instead.
  with self.train_mesh:
Optimizer opt has 214,723 params:
        66,111 val
        57,663 rew
        49,796 pol
        41,153 con
/workspace/conda_envs/dreamerv3/lib/python3.11/site-packages/optax/_src/linear_algebra.py:44: DeprecationWarning: optax.global_norm is deprecated in favor of optax.tree.norm
  warnings.warn(
Done initializing!
Compiling 1 checkpoint groups...
Largest checkpoint group: 0 GB
Loading checkpoint: /workspace/goodhart_runs/adapt_p2elong_finger_seed1_ckpt500000/ckpt/20260711T040721F002376
Loaded checkpoint.
Observations
  reward           Space(float32, shape=(), low=-inf, high=inf)
  is_first         Space(bool, shape=(), low=False, high=True)
  is_last          Space(bool, shape=(), low=False, high=True)
  is_terminal      Space(bool, shape=(), low=False, high=True)
  position         Space(float32, shape=(4,), low=-inf, high=inf)
  velocity         Space(float32, shape=(3,), low=-inf, high=inf)
  touch            Space(float32, shape=(2,), low=-inf, high=inf)
  target_position  Space(float32, shape=(2,), low=-inf, high=inf)
  dist_to_target   Space(float32, shape=(), low=-inf, high=inf)
Actions
  action           Space(float32, shape=(2,), low=-1.0, high=1.0)
Extras
  consec           Space(int32, shape=(), low=-2147483648, high=2147483647)
  stepid           Space(uint8, shape=(20,), low=0, high=255)
  dyn/deter        Space(float32, shape=(512,), low=-inf, high=inf)
  dyn/stoch        Space(float32, shape=(32, 4), low=-inf, high=inf)
JAX devices (1): [cuda:0]
Policy devices: cuda:0
Train devices:  cuda:0
Initializing parameters...
/workspace/dreamerv3/embodied/jax/agent.py:112: DeprecationWarning: `with mesh:` context manager has been deprecated. Please use `with jax.set_mesh(mesh):` instead.
  with self.train_mesh:
Optimizer opt has 214,723 params:
        66,111 val
        57,663 rew
        49,796 pol
        41,153 con
/workspace/conda_envs/dreamerv3/lib/python3.11/site-packages/optax/_src/linear_algebra.py:44: DeprecationWarning: optax.global_norm is deprecated in favor of optax.tree.norm
  warnings.warn(
Done initializing!
Compiling 1 checkpoint groups...
Largest checkpoint group: 0 GB
Loading checkpoint: /workspace/goodhart_runs/adapt_ax1q2s0_finger_seed12_ckpt500000/ckpt/20260711T233317F938071
Loaded checkpoint.
adapt_ax1q2s0_finger_seed12_ckpt500000: M-return 0.90 (median 0.85, survived 1.00) -> /workspace/goodhart_runs/goodhart_p2elong/eval_adapt_ax1q2s0_finger_seed12_ckpt500000.json
Observations
  reward           Space(float32, shape=(), low=-inf, high=inf)
  is_first         Space(bool, shape=(), low=False, high=True)
  is_last          Space(bool, shape=(), low=False, high=True)
  is_terminal      Space(bool, shape=(), low=False, high=True)
  position         Space(float32, shape=(4,), low=-inf, high=inf)
  velocity         Space(float32, shape=(3,), low=-inf, high=inf)
  touch            Space(float32, shape=(2,), low=-inf, high=inf)
  target_position  Space(float32, shape=(2,), low=-inf, high=inf)
  dist_to_target   Space(float32, shape=(), low=-inf, high=inf)
Actions
  action           Space(float32, shape=(2,), low=-1.0, high=1.0)
Extras
  consec           Space(int32, shape=(), low=-2147483648, high=2147483647)
  stepid           Space(uint8, shape=(20,), low=0, high=255)
  dyn/deter        Space(float32, shape=(512,), low=-inf, high=inf)
  dyn/stoch        Space(float32, shape=(32, 4), low=-inf, high=inf)
JAX devices (1): [cuda:0]
Policy devices: cuda:0
Train devices:  cuda:0
Initializing parameters...
/workspace/dreamerv3/embodied/jax/agent.py:112: DeprecationWarning: `with mesh:` context manager has been deprecated. Please use `with jax.set_mesh(mesh):` instead.
  with self.train_mesh:
Optimizer opt has 214,723 params:
        66,111 val
        57,663 rew
        49,796 pol
        41,153 con
/workspace/conda_envs/dreamerv3/lib/python3.11/site-packages/optax/_src/linear_algebra.py:44: DeprecationWarning: optax.global_norm is deprecated in favor of optax.tree.norm
  warnings.warn(
Done initializing!
Compiling 1 checkpoint groups...
Largest checkpoint group: 0 GB
Loading checkpoint: /workspace/goodhart_runs/adapt_p2elong_finger_seed1_ckpt500000/ckpt/20260711T040721F002376
Loaded checkpoint.
Observations
  reward           Space(float32, shape=(), low=-inf, high=inf)
  is_first         Space(bool, shape=(), low=False, high=True)
  is_last          Space(bool, shape=(), low=False, high=True)
  is_terminal      Space(bool, shape=(), low=False, high=True)
  position         Space(float32, shape=(4,), low=-inf, high=inf)
  velocity         Space(float32, shape=(3,), low=-inf, high=inf)
  touch            Space(float32, shape=(2,), low=-inf, high=inf)
  target_position  Space(float32, shape=(2,), low=-inf, high=inf)
  dist_to_target   Space(float32, shape=(), low=-inf, high=inf)
Actions
  action           Space(float32, shape=(2,), low=-1.0, high=1.0)
Extras
  consec           Space(int32, shape=(), low=-2147483648, high=2147483647)
  stepid           Space(uint8, shape=(20,), low=0, high=255)
  dyn/deter        Space(float32, shape=(512,), low=-inf, high=inf)
  dyn/stoch        Space(float32, shape=(32, 4), low=-inf, high=inf)
JAX devices (1): [cuda:0]
Policy devices: cuda:0
Train devices:  cuda:0
Initializing parameters...
/workspace/dreamerv3/embodied/jax/agent.py:112: DeprecationWarning: `with mesh:` context manager has been deprecated. Please use `with jax.set_mesh(mesh):` instead.
  with self.train_mesh:
Optimizer opt has 214,723 params:
        66,111 val
        57,663 rew
        49,796 pol
        41,153 con
/workspace/conda_envs/dreamerv3/lib/python3.11/site-packages/optax/_src/linear_algebra.py:44: DeprecationWarning: optax.global_norm is deprecated in favor of optax.tree.norm
  warnings.warn(
Done initializing!
Compiling 1 checkpoint groups...
Largest checkpoint group: 0 GB
Loading checkpoint: /workspace/goodhart_runs/adapt_ax1q2s0_finger_seed13_ckpt500000/ckpt/20260716T084332F890304
Loaded checkpoint.
adapt_ax1q2s0_finger_seed13_ckpt500000: M-return 1.75 (median 1.77, survived 1.00) -> /workspace/goodhart_runs/goodhart_p2elong/eval_adapt_ax1q2s0_finger_seed13_ckpt500000.json
Observations
  reward           Space(float32, shape=(), low=-inf, high=inf)
  is_first         Space(bool, shape=(), low=False, high=True)
  is_last          Space(bool, shape=(), low=False, high=True)
  is_terminal      Space(bool, shape=(), low=False, high=True)
  position         Space(float32, shape=(4,), low=-inf, high=inf)
  velocity         Space(float32, shape=(3,), low=-inf, high=inf)
  touch            Space(float32, shape=(2,), low=-inf, high=inf)
  target_position  Space(float32, shape=(2,), low=-inf, high=inf)
  dist_to_target   Space(float32, shape=(), low=-inf, high=inf)
Actions
  action           Space(float32, shape=(2,), low=-1.0, high=1.0)
Extras
  consec           Space(int32, shape=(), low=-2147483648, high=2147483647)
  stepid           Space(uint8, shape=(20,), low=0, high=255)
  dyn/deter        Space(float32, shape=(512,), low=-inf, high=inf)
  dyn/stoch        Space(float32, shape=(32, 4), low=-inf, high=inf)
JAX devices (1): [cuda:0]
Policy devices: cuda:0
Train devices:  cuda:0
Initializing parameters...
/workspace/dreamerv3/embodied/jax/agent.py:112: DeprecationWarning: `with mesh:` context manager has been deprecated. Please use `with jax.set_mesh(mesh):` instead.
  with self.train_mesh:
Optimizer opt has 214,723 params:
        66,111 val
        57,663 rew
        49,796 pol
        41,153 con
/workspace/conda_envs/dreamerv3/lib/python3.11/site-packages/optax/_src/linear_algebra.py:44: DeprecationWarning: optax.global_norm is deprecated in favor of optax.tree.norm
  warnings.warn(
Done initializing!
Compiling 1 checkpoint groups...
Largest checkpoint group: 0 GB
Loading checkpoint: /workspace/goodhart_runs/adapt_p2elong_finger_seed1_ckpt500000/ckpt/20260711T040721F002376
Loaded checkpoint.
Observations
  reward           Space(float32, shape=(), low=-inf, high=inf)
  is_first         Space(bool, shape=(), low=False, high=True)
  is_last          Space(bool, shape=(), low=False, high=True)
  is_terminal      Space(bool, shape=(), low=False, high=True)
  position         Space(float32, shape=(4,), low=-inf, high=inf)
  velocity         Space(float32, shape=(3,), low=-inf, high=inf)
  touch            Space(float32, shape=(2,), low=-inf, high=inf)
  target_position  Space(float32, shape=(2,), low=-inf, high=inf)
  dist_to_target   Space(float32, shape=(), low=-inf, high=inf)
Actions
  action           Space(float32, shape=(2,), low=-1.0, high=1.0)
Extras
  consec           Space(int32, shape=(), low=-2147483648, high=2147483647)
  stepid           Space(uint8, shape=(20,), low=0, high=255)
  dyn/deter        Space(float32, shape=(512,), low=-inf, high=inf)
  dyn/stoch        Space(float32, shape=(32, 4), low=-inf, high=inf)
JAX devices (1): [cuda:0]
Policy devices: cuda:0
Train devices:  cuda:0
Initializing parameters...
/workspace/dreamerv3/embodied/jax/agent.py:112: DeprecationWarning: `with mesh:` context manager has been deprecated. Please use `with jax.set_mesh(mesh):` instead.
  with self.train_mesh:
Optimizer opt has 214,723 params:
        66,111 val
        57,663 rew
        49,796 pol
        41,153 con
/workspace/conda_envs/dreamerv3/lib/python3.11/site-packages/optax/_src/linear_algebra.py:44: DeprecationWarning: optax.global_norm is deprecated in favor of optax.tree.norm
  warnings.warn(
Done initializing!
Compiling 1 checkpoint groups...
Largest checkpoint group: 0 GB
Loading checkpoint: /workspace/goodhart_runs/adapt_ax1q2s0_finger_seed14_ckpt500000/ckpt/20260716T085026F348925
Loaded checkpoint.
adapt_ax1q2s0_finger_seed14_ckpt500000: M-return 0.76 (median 0.68, survived 1.00) -> /workspace/goodhart_runs/goodhart_p2elong/eval_adapt_ax1q2s0_finger_seed14_ckpt500000.json
Observations
  reward           Space(float32, shape=(), low=-inf, high=inf)
  is_first         Space(bool, shape=(), low=False, high=True)
  is_last          Space(bool, shape=(), low=False, high=True)
  is_terminal      Space(bool, shape=(), low=False, high=True)
  position         Space(float32, shape=(4,), low=-inf, high=inf)
  velocity         Space(float32, shape=(3,), low=-inf, high=inf)
  touch            Space(float32, shape=(2,), low=-inf, high=inf)
  target_position  Space(float32, shape=(2,), low=-inf, high=inf)
  dist_to_target   Space(float32, shape=(), low=-inf, high=inf)
Actions
  action           Space(float32, shape=(2,), low=-1.0, high=1.0)
Extras
  consec           Space(int32, shape=(), low=-2147483648, high=2147483647)
  stepid           Space(uint8, shape=(20,), low=0, high=255)
  dyn/deter        Space(float32, shape=(512,), low=-inf, high=inf)
  dyn/stoch        Space(float32, shape=(32, 4), low=-inf, high=inf)
JAX devices (1): [cuda:0]
Policy devices: cuda:0
Train devices:  cuda:0
Initializing parameters...
/workspace/dreamerv3/embodied/jax/agent.py:112: DeprecationWarning: `with mesh:` context manager has been deprecated. Please use `with jax.set_mesh(mesh):` instead.
  with self.train_mesh:
Optimizer opt has 214,723 params:
        66,111 val
        57,663 rew
        49,796 pol
        41,153 con
/workspace/conda_envs/dreamerv3/lib/python3.11/site-packages/optax/_src/linear_algebra.py:44: DeprecationWarning: optax.global_norm is deprecated in favor of optax.tree.norm
  warnings.warn(
Done initializing!
Compiling 1 checkpoint groups...
Largest checkpoint group: 0 GB
Loading checkpoint: /workspace/goodhart_runs/adapt_p2elong_finger_seed1_ckpt500000/ckpt/20260711T040721F002376
Loaded checkpoint.
Observations
  reward           Space(float32, shape=(), low=-inf, high=inf)
  is_first         Space(bool, shape=(), low=False, high=True)
  is_last          Space(bool, shape=(), low=False, high=True)
  is_terminal      Space(bool, shape=(), low=False, high=True)
  position         Space(float32, shape=(4,), low=-inf, high=inf)
  velocity         Space(float32, shape=(3,), low=-inf, high=inf)
  touch            Space(float32, shape=(2,), low=-inf, high=inf)
  target_position  Space(float32, shape=(2,), low=-inf, high=inf)
  dist_to_target   Space(float32, shape=(), low=-inf, high=inf)
Actions
  action           Space(float32, shape=(2,), low=-1.0, high=1.0)
Extras
  consec           Space(int32, shape=(), low=-2147483648, high=2147483647)
  stepid           Space(uint8, shape=(20,), low=0, high=255)
  dyn/deter        Space(float32, shape=(512,), low=-inf, high=inf)
  dyn/stoch        Space(float32, shape=(32, 4), low=-inf, high=inf)
JAX devices (1): [cuda:0]
Policy devices: cuda:0
Train devices:  cuda:0
Initializing parameters...
/workspace/dreamerv3/embodied/jax/agent.py:112: DeprecationWarning: `with mesh:` context manager has been deprecated. Please use `with jax.set_mesh(mesh):` instead.
  with self.train_mesh:
Optimizer opt has 214,723 params:
        66,111 val
        57,663 rew
        49,796 pol
        41,153 con
/workspace/conda_envs/dreamerv3/lib/python3.11/site-packages/optax/_src/linear_algebra.py:44: DeprecationWarning: optax.global_norm is deprecated in favor of optax.tree.norm
  warnings.warn(
Done initializing!
Compiling 1 checkpoint groups...
Largest checkpoint group: 0 GB
Loading checkpoint: /workspace/goodhart_runs/adapt_ax1q2s0_finger_seed15_ckpt500000/ckpt/20260716T085709F233721
Loaded checkpoint.
adapt_ax1q2s0_finger_seed15_ckpt500000: M-return 2.74 (median 2.42, survived 1.00) -> /workspace/goodhart_runs/goodhart_p2elong/eval_adapt_ax1q2s0_finger_seed15_ckpt500000.json
Observations
  reward           Space(float32, shape=(), low=-inf, high=inf)
  is_first         Space(bool, shape=(), low=False, high=True)
  is_last          Space(bool, shape=(), low=False, high=True)
  is_terminal      Space(bool, shape=(), low=False, high=True)
  position         Space(float32, shape=(4,), low=-inf, high=inf)
  velocity         Space(float32, shape=(3,), low=-inf, high=inf)
  touch            Space(float32, shape=(2,), low=-inf, high=inf)
  target_position  Space(float32, shape=(2,), low=-inf, high=inf)
  dist_to_target   Space(float32, shape=(), low=-inf, high=inf)
Actions
  action           Space(float32, shape=(2,), low=-1.0, high=1.0)
Extras
  consec           Space(int32, shape=(), low=-2147483648, high=2147483647)
  stepid           Space(uint8, shape=(20,), low=0, high=255)
  dyn/deter        Space(float32, shape=(512,), low=-inf, high=inf)
  dyn/stoch        Space(float32, shape=(32, 4), low=-inf, high=inf)
JAX devices (1): [cuda:0]
Policy devices: cuda:0
Train devices:  cuda:0
Initializing parameters...
/workspace/dreamerv3/embodied/jax/agent.py:112: DeprecationWarning: `with mesh:` context manager has been deprecated. Please use `with jax.set_mesh(mesh):` instead.
  with self.train_mesh:
Optimizer opt has 214,723 params:
        66,111 val
        57,663 rew
        49,796 pol
        41,153 con
/workspace/conda_envs/dreamerv3/lib/python3.11/site-packages/optax/_src/linear_algebra.py:44: DeprecationWarning: optax.global_norm is deprecated in favor of optax.tree.norm
  warnings.warn(
Done initializing!
Compiling 1 checkpoint groups...
Largest checkpoint group: 0 GB
Loading checkpoint: /workspace/goodhart_runs/adapt_p2elong_finger_seed1_ckpt500000/ckpt/20260711T040721F002376
Loaded checkpoint.
Observations
  reward           Space(float32, shape=(), low=-inf, high=inf)
  is_first         Space(bool, shape=(), low=False, high=True)
  is_last          Space(bool, shape=(), low=False, high=True)
  is_terminal      Space(bool, shape=(), low=False, high=True)
  position         Space(float32, shape=(4,), low=-inf, high=inf)
  velocity         Space(float32, shape=(3,), low=-inf, high=inf)
  touch            Space(float32, shape=(2,), low=-inf, high=inf)
  target_position  Space(float32, shape=(2,), low=-inf, high=inf)
  dist_to_target   Space(float32, shape=(), low=-inf, high=inf)
Actions
  action           Space(float32, shape=(2,), low=-1.0, high=1.0)
Extras
  consec           Space(int32, shape=(), low=-2147483648, high=2147483647)
  stepid           Space(uint8, shape=(20,), low=0, high=255)
  dyn/deter        Space(float32, shape=(512,), low=-inf, high=inf)
  dyn/stoch        Space(float32, shape=(32, 4), low=-inf, high=inf)
JAX devices (1): [cuda:0]
Policy devices: cuda:0
Train devices:  cuda:0
Initializing parameters...
/workspace/dreamerv3/embodied/jax/agent.py:112: DeprecationWarning: `with mesh:` context manager has been deprecated. Please use `with jax.set_mesh(mesh):` instead.
  with self.train_mesh:
Optimizer opt has 214,723 params:
        66,111 val
        57,663 rew
        49,796 pol
        41,153 con
/workspace/conda_envs/dreamerv3/lib/python3.11/site-packages/optax/_src/linear_algebra.py:44: DeprecationWarning: optax.global_norm is deprecated in favor of optax.tree.norm
  warnings.warn(
Done initializing!
Compiling 1 checkpoint groups...
Largest checkpoint group: 0 GB
Loading checkpoint: /workspace/goodhart_runs/adapt_ax1q2s0_finger_seed16_ckpt500000/ckpt/20260716T083710F151114
Loaded checkpoint.
adapt_ax1q2s0_finger_seed16_ckpt500000: M-return 2.34 (median 2.27, survived 1.00) -> /workspace/goodhart_runs/goodhart_p2elong/eval_adapt_ax1q2s0_finger_seed16_ckpt500000.json
Observations
  reward           Space(float32, shape=(), low=-inf, high=inf)
  is_first         Space(bool, shape=(), low=False, high=True)
  is_last          Space(bool, shape=(), low=False, high=True)
  is_terminal      Space(bool, shape=(), low=False, high=True)
  position         Space(float32, shape=(4,), low=-inf, high=inf)
  velocity         Space(float32, shape=(3,), low=-inf, high=inf)
  touch            Space(float32, shape=(2,), low=-inf, high=inf)
  target_position  Space(float32, shape=(2,), low=-inf, high=inf)
  dist_to_target   Space(float32, shape=(), low=-inf, high=inf)
Actions
  action           Space(float32, shape=(2,), low=-1.0, high=1.0)
Extras
  consec           Space(int32, shape=(), low=-2147483648, high=2147483647)
  stepid           Space(uint8, shape=(20,), low=0, high=255)
  dyn/deter        Space(float32, shape=(512,), low=-inf, high=inf)
  dyn/stoch        Space(float32, shape=(32, 4), low=-inf, high=inf)
JAX devices (1): [cuda:0]
Policy devices: cuda:0
Train devices:  cuda:0
Initializing parameters...
/workspace/dreamerv3/embodied/jax/agent.py:112: DeprecationWarning: `with mesh:` context manager has been deprecated. Please use `with jax.set_mesh(mesh):` instead.
  with self.train_mesh:
Optimizer opt has 214,723 params:
        66,111 val
        57,663 rew
        49,796 pol
        41,153 con
/workspace/conda_envs/dreamerv3/lib/python3.11/site-packages/optax/_src/linear_algebra.py:44: DeprecationWarning: optax.global_norm is deprecated in favor of optax.tree.norm
  warnings.warn(
Done initializing!
Compiling 1 checkpoint groups...
Largest checkpoint group: 0 GB
Loading checkpoint: /workspace/goodhart_runs/adapt_p2elong_finger_seed1_ckpt500000/ckpt/20260711T040721F002376
Loaded checkpoint.
Observations
  reward           Space(float32, shape=(), low=-inf, high=inf)
  is_first         Space(bool, shape=(), low=False, high=True)
  is_last          Space(bool, shape=(), low=False, high=True)
  is_terminal      Space(bool, shape=(), low=False, high=True)
  position         Space(float32, shape=(4,), low=-inf, high=inf)
  velocity         Space(float32, shape=(3,), low=-inf, high=inf)
  touch            Space(float32, shape=(2,), low=-inf, high=inf)
  target_position  Space(float32, shape=(2,), low=-inf, high=inf)
  dist_to_target   Space(float32, shape=(), low=-inf, high=inf)
Actions
  action           Space(float32, shape=(2,), low=-1.0, high=1.0)
Extras
  consec           Space(int32, shape=(), low=-2147483648, high=2147483647)
  stepid           Space(uint8, shape=(20,), low=0, high=255)
  dyn/deter        Space(float32, shape=(512,), low=-inf, high=inf)
  dyn/stoch        Space(float32, shape=(32, 4), low=-inf, high=inf)
JAX devices (1): [cuda:0]
Policy devices: cuda:0
Train devices:  cuda:0
Initializing parameters...
/workspace/dreamerv3/embodied/jax/agent.py:112: DeprecationWarning: `with mesh:` context manager has been deprecated. Please use `with jax.set_mesh(mesh):` instead.
  with self.train_mesh:
Optimizer opt has 214,723 params:
        66,111 val
        57,663 rew
        49,796 pol
        41,153 con
/workspace/conda_envs/dreamerv3/lib/python3.11/site-packages/optax/_src/linear_algebra.py:44: DeprecationWarning: optax.global_norm is deprecated in favor of optax.tree.norm
  warnings.warn(
Done initializing!
Compiling 1 checkpoint groups...
Largest checkpoint group: 0 GB
Loading checkpoint: /workspace/goodhart_runs/adapt_ax1q2s0_finger_seed1_ckpt500000/ckpt/20260710T141341F906123
Loaded checkpoint.
adapt_ax1q2s0_finger_seed1_ckpt500000: M-return 0.89 (median 0.83, survived 1.00) -> /workspace/goodhart_runs/goodhart_p2elong/eval_adapt_ax1q2s0_finger_seed1_ckpt500000.json
Observations
  reward           Space(float32, shape=(), low=-inf, high=inf)
  is_first         Space(bool, shape=(), low=False, high=True)
  is_last          Space(bool, shape=(), low=False, high=True)
  is_terminal      Space(bool, shape=(), low=False, high=True)
  position         Space(float32, shape=(4,), low=-inf, high=inf)
  velocity         Space(float32, shape=(3,), low=-inf, high=inf)
  touch            Space(float32, shape=(2,), low=-inf, high=inf)
  target_position  Space(float32, shape=(2,), low=-inf, high=inf)
  dist_to_target   Space(float32, shape=(), low=-inf, high=inf)
Actions
  action           Space(float32, shape=(2,), low=-1.0, high=1.0)
Extras
  consec           Space(int32, shape=(), low=-2147483648, high=2147483647)
  stepid           Space(uint8, shape=(20,), low=0, high=255)
  dyn/deter        Space(float32, shape=(512,), low=-inf, high=inf)
  dyn/stoch        Space(float32, shape=(32, 4), low=-inf, high=inf)
JAX devices (1): [cuda:0]
Policy devices: cuda:0
Train devices:  cuda:0
Initializing parameters...
/workspace/dreamerv3/embodied/jax/agent.py:112: DeprecationWarning: `with mesh:` context manager has been deprecated. Please use `with jax.set_mesh(mesh):` instead.
  with self.train_mesh:
Optimizer opt has 214,723 params:
        66,111 val
        57,663 rew
        49,796 pol
        41,153 con
/workspace/conda_envs/dreamerv3/lib/python3.11/site-packages/optax/_src/linear_algebra.py:44: DeprecationWarning: optax.global_norm is deprecated in favor of optax.tree.norm
  warnings.warn(
Done initializing!
Compiling 1 checkpoint groups...
Largest checkpoint group: 0 GB
Loading checkpoint: /workspace/goodhart_runs/adapt_p2elong_finger_seed1_ckpt500000/ckpt/20260711T040721F002376
Loaded checkpoint.
Observations
  reward           Space(float32, shape=(), low=-inf, high=inf)
  is_first         Space(bool, shape=(), low=False, high=True)
  is_last          Space(bool, shape=(), low=False, high=True)
  is_terminal      Space(bool, shape=(), low=False, high=True)
  position         Space(float32, shape=(4,), low=-inf, high=inf)
  velocity         Space(float32, shape=(3,), low=-inf, high=inf)
  touch            Space(float32, shape=(2,), low=-inf, high=inf)
  target_position  Space(float32, shape=(2,), low=-inf, high=inf)
  dist_to_target   Space(float32, shape=(), low=-inf, high=inf)
Actions
  action           Space(float32, shape=(2,), low=-1.0, high=1.0)
Extras
  consec           Space(int32, shape=(), low=-2147483648, high=2147483647)
  stepid           Space(uint8, shape=(20,), low=0, high=255)
  dyn/deter        Space(float32, shape=(512,), low=-inf, high=inf)
  dyn/stoch        Space(float32, shape=(32, 4), low=-inf, high=inf)
JAX devices (1): [cuda:0]
Policy devices: cuda:0
Train devices:  cuda:0
Initializing parameters...
/workspace/dreamerv3/embodied/jax/agent.py:112: DeprecationWarning: `with mesh:` context manager has been deprecated. Please use `with jax.set_mesh(mesh):` instead.
  with self.train_mesh:
Optimizer opt has 214,723 params:
        66,111 val
        57,663 rew
        49,796 pol
        41,153 con
/workspace/conda_envs/dreamerv3/lib/python3.11/site-packages/optax/_src/linear_algebra.py:44: DeprecationWarning: optax.global_norm is deprecated in favor of optax.tree.norm
  warnings.warn(
Done initializing!
Compiling 1 checkpoint groups...
Largest checkpoint group: 0 GB
Loading checkpoint: /workspace/goodhart_runs/adapt_ax1q2s0_finger_seed2_ckpt500000/ckpt/20260710T135112F320570
Loaded checkpoint.
adapt_ax1q2s0_finger_seed2_ckpt500000: M-return 1.20 (median 0.90, survived 1.00) -> /workspace/goodhart_runs/goodhart_p2elong/eval_adapt_ax1q2s0_finger_seed2_ckpt500000.json
Observations
  reward           Space(float32, shape=(), low=-inf, high=inf)
  is_first         Space(bool, shape=(), low=False, high=True)
  is_last          Space(bool, shape=(), low=False, high=True)
  is_terminal      Space(bool, shape=(), low=False, high=True)
  position         Space(float32, shape=(4,), low=-inf, high=inf)
  velocity         Space(float32, shape=(3,), low=-inf, high=inf)
  touch            Space(float32, shape=(2,), low=-inf, high=inf)
  target_position  Space(float32, shape=(2,), low=-inf, high=inf)
  dist_to_target   Space(float32, shape=(), low=-inf, high=inf)
Actions
  action           Space(float32, shape=(2,), low=-1.0, high=1.0)
Extras
  consec           Space(int32, shape=(), low=-2147483648, high=2147483647)
  stepid           Space(uint8, shape=(20,), low=0, high=255)
  dyn/deter        Space(float32, shape=(512,), low=-inf, high=inf)
  dyn/stoch        Space(float32, shape=(32, 4), low=-inf, high=inf)
JAX devices (1): [cuda:0]
Policy devices: cuda:0
Train devices:  cuda:0
Initializing parameters...
/workspace/dreamerv3/embodied/jax/agent.py:112: DeprecationWarning: `with mesh:` context manager has been deprecated. Please use `with jax.set_mesh(mesh):` instead.
  with self.train_mesh:
Optimizer opt has 214,723 params:
        66,111 val
        57,663 rew
        49,796 pol
        41,153 con
/workspace/conda_envs/dreamerv3/lib/python3.11/site-packages/optax/_src/linear_algebra.py:44: DeprecationWarning: optax.global_norm is deprecated in favor of optax.tree.norm
  warnings.warn(
Done initializing!
Compiling 1 checkpoint groups...
Largest checkpoint group: 0 GB
Loading checkpoint: /workspace/goodhart_runs/adapt_p2elong_finger_seed1_ckpt500000/ckpt/20260711T040721F002376
Loaded checkpoint.
Observations
  reward           Space(float32, shape=(), low=-inf, high=inf)
  is_first         Space(bool, shape=(), low=False, high=True)
  is_last          Space(bool, shape=(), low=False, high=True)
  is_terminal      Space(bool, shape=(), low=False, high=True)
  position         Space(float32, shape=(4,), low=-inf, high=inf)
  velocity         Space(float32, shape=(3,), low=-inf, high=inf)
  touch            Space(float32, shape=(2,), low=-inf, high=inf)
  target_position  Space(float32, shape=(2,), low=-inf, high=inf)
  dist_to_target   Space(float32, shape=(), low=-inf, high=inf)
Actions
  action           Space(float32, shape=(2,), low=-1.0, high=1.0)
Extras
  consec           Space(int32, shape=(), low=-2147483648, high=2147483647)
  stepid           Space(uint8, shape=(20,), low=0, high=255)
  dyn/deter        Space(float32, shape=(512,), low=-inf, high=inf)
  dyn/stoch        Space(float32, shape=(32, 4), low=-inf, high=inf)
JAX devices (1): [cuda:0]
Policy devices: cuda:0
Train devices:  cuda:0
Initializing parameters...
/workspace/dreamerv3/embodied/jax/agent.py:112: DeprecationWarning: `with mesh:` context manager has been deprecated. Please use `with jax.set_mesh(mesh):` instead.
  with self.train_mesh:
Optimizer opt has 214,723 params:
        66,111 val
        57,663 rew
        49,796 pol
        41,153 con
/workspace/conda_envs/dreamerv3/lib/python3.11/site-packages/optax/_src/linear_algebra.py:44: DeprecationWarning: optax.global_norm is deprecated in favor of optax.tree.norm
  warnings.warn(
Done initializing!
Compiling 1 checkpoint groups...
Largest checkpoint group: 0 GB
Loading checkpoint: /workspace/goodhart_runs/adapt_ax1q2s0_finger_seed3_ckpt500000/ckpt/20260710T132802F998638
Loaded checkpoint.
adapt_ax1q2s0_finger_seed3_ckpt500000: M-return 0.55 (median 0.48, survived 1.00) -> /workspace/goodhart_runs/goodhart_p2elong/eval_adapt_ax1q2s0_finger_seed3_ckpt500000.json
Observations
  reward           Space(float32, shape=(), low=-inf, high=inf)
  is_first         Space(bool, shape=(), low=False, high=True)
  is_last          Space(bool, shape=(), low=False, high=True)
  is_terminal      Space(bool, shape=(), low=False, high=True)
  position         Space(float32, shape=(4,), low=-inf, high=inf)
  velocity         Space(float32, shape=(3,), low=-inf, high=inf)
  touch            Space(float32, shape=(2,), low=-inf, high=inf)
  target_position  Space(float32, shape=(2,), low=-inf, high=inf)
  dist_to_target   Space(float32, shape=(), low=-inf, high=inf)
Actions
  action           Space(float32, shape=(2,), low=-1.0, high=1.0)
Extras
  consec           Space(int32, shape=(), low=-2147483648, high=2147483647)
  stepid           Space(uint8, shape=(20,), low=0, high=255)
  dyn/deter        Space(float32, shape=(512,), low=-inf, high=inf)
  dyn/stoch        Space(float32, shape=(32, 4), low=-inf, high=inf)
JAX devices (1): [cuda:0]
Policy devices: cuda:0
Train devices:  cuda:0
Initializing parameters...
/workspace/dreamerv3/embodied/jax/agent.py:112: DeprecationWarning: `with mesh:` context manager has been deprecated. Please use `with jax.set_mesh(mesh):` instead.
  with self.train_mesh:
Optimizer opt has 214,723 params:
        66,111 val
        57,663 rew
        49,796 pol
        41,153 con
/workspace/conda_envs/dreamerv3/lib/python3.11/site-packages/optax/_src/linear_algebra.py:44: DeprecationWarning: optax.global_norm is deprecated in favor of optax.tree.norm
  warnings.warn(
Done initializing!
Compiling 1 checkpoint groups...
Largest checkpoint group: 0 GB
Loading checkpoint: /workspace/goodhart_runs/adapt_p2elong_finger_seed1_ckpt500000/ckpt/20260711T040721F002376
Loaded checkpoint.
Observations
  reward           Space(float32, shape=(), low=-inf, high=inf)
  is_first         Space(bool, shape=(), low=False, high=True)
  is_last          Space(bool, shape=(), low=False, high=True)
  is_terminal      Space(bool, shape=(), low=False, high=True)
  position         Space(float32, shape=(4,), low=-inf, high=inf)
  velocity         Space(float32, shape=(3,), low=-inf, high=inf)
  touch            Space(float32, shape=(2,), low=-inf, high=inf)
  target_position  Space(float32, shape=(2,), low=-inf, high=inf)
  dist_to_target   Space(float32, shape=(), low=-inf, high=inf)
Actions
  action           Space(float32, shape=(2,), low=-1.0, high=1.0)
Extras
  consec           Space(int32, shape=(), low=-2147483648, high=2147483647)
  stepid           Space(uint8, shape=(20,), low=0, high=255)
  dyn/deter        Space(float32, shape=(512,), low=-inf, high=inf)
  dyn/stoch        Space(float32, shape=(32, 4), low=-inf, high=inf)
JAX devices (1): [cuda:0]
Policy devices: cuda:0
Train devices:  cuda:0
Initializing parameters...
/workspace/dreamerv3/embodied/jax/agent.py:112: DeprecationWarning: `with mesh:` context manager has been deprecated. Please use `with jax.set_mesh(mesh):` instead.
  with self.train_mesh:
Optimizer opt has 214,723 params:
        66,111 val
        57,663 rew
        49,796 pol
        41,153 con
/workspace/conda_envs/dreamerv3/lib/python3.11/site-packages/optax/_src/linear_algebra.py:44: DeprecationWarning: optax.global_norm is deprecated in favor of optax.tree.norm
  warnings.warn(
Done initializing!
Compiling 1 checkpoint groups...
Largest checkpoint group: 0 GB
Loading checkpoint: /workspace/goodhart_runs/adapt_ax1q2s0_finger_seed4_ckpt500000/ckpt/20260710T133311F788841
Loaded checkpoint.
adapt_ax1q2s0_finger_seed4_ckpt500000: M-return 2.62 (median 2.66, survived 1.00) -> /workspace/goodhart_runs/goodhart_p2elong/eval_adapt_ax1q2s0_finger_seed4_ckpt500000.json
Observations
  reward           Space(float32, shape=(), low=-inf, high=inf)
  is_first         Space(bool, shape=(), low=False, high=True)
  is_last          Space(bool, shape=(), low=False, high=True)
  is_terminal      Space(bool, shape=(), low=False, high=True)
  position         Space(float32, shape=(4,), low=-inf, high=inf)
  velocity         Space(float32, shape=(3,), low=-inf, high=inf)
  touch            Space(float32, shape=(2,), low=-inf, high=inf)
  target_position  Space(float32, shape=(2,), low=-inf, high=inf)
  dist_to_target   Space(float32, shape=(), low=-inf, high=inf)
Actions
  action           Space(float32, shape=(2,), low=-1.0, high=1.0)
Extras
  consec           Space(int32, shape=(), low=-2147483648, high=2147483647)
  stepid           Space(uint8, shape=(20,), low=0, high=255)
  dyn/deter        Space(float32, shape=(512,), low=-inf, high=inf)
  dyn/stoch        Space(float32, shape=(32, 4), low=-inf, high=inf)
JAX devices (1): [cuda:0]
Policy devices: cuda:0
Train devices:  cuda:0
Initializing parameters...
/workspace/dreamerv3/embodied/jax/agent.py:112: DeprecationWarning: `with mesh:` context manager has been deprecated. Please use `with jax.set_mesh(mesh):` instead.
  with self.train_mesh:
Optimizer opt has 214,723 params:
        66,111 val
        57,663 rew
        49,796 pol
        41,153 con
/workspace/conda_envs/dreamerv3/lib/python3.11/site-packages/optax/_src/linear_algebra.py:44: DeprecationWarning: optax.global_norm is deprecated in favor of optax.tree.norm
  warnings.warn(
Done initializing!
Compiling 1 checkpoint groups...
Largest checkpoint group: 0 GB
Loading checkpoint: /workspace/goodhart_runs/adapt_p2elong_finger_seed1_ckpt500000/ckpt/20260711T040721F002376
Loaded checkpoint.
Observations
  reward           Space(float32, shape=(), low=-inf, high=inf)
  is_first         Space(bool, shape=(), low=False, high=True)
  is_last          Space(bool, shape=(), low=False, high=True)
  is_terminal      Space(bool, shape=(), low=False, high=True)
  position         Space(float32, shape=(4,), low=-inf, high=inf)
  velocity         Space(float32, shape=(3,), low=-inf, high=inf)
  touch            Space(float32, shape=(2,), low=-inf, high=inf)
  target_position  Space(float32, shape=(2,), low=-inf, high=inf)
  dist_to_target   Space(float32, shape=(), low=-inf, high=inf)
Actions
  action           Space(float32, shape=(2,), low=-1.0, high=1.0)
Extras
  consec           Space(int32, shape=(), low=-2147483648, high=2147483647)
  stepid           Space(uint8, shape=(20,), low=0, high=255)
  dyn/deter        Space(float32, shape=(512,), low=-inf, high=inf)
  dyn/stoch        Space(float32, shape=(32, 4), low=-inf, high=inf)
JAX devices (1): [cuda:0]
Policy devices: cuda:0
Train devices:  cuda:0
Initializing parameters...
/workspace/dreamerv3/embodied/jax/agent.py:112: DeprecationWarning: `with mesh:` context manager has been deprecated. Please use `with jax.set_mesh(mesh):` instead.
  with self.train_mesh:
Optimizer opt has 214,723 params:
        66,111 val
        57,663 rew
        49,796 pol
        41,153 con
/workspace/conda_envs/dreamerv3/lib/python3.11/site-packages/optax/_src/linear_algebra.py:44: DeprecationWarning: optax.global_norm is deprecated in favor of optax.tree.norm
  warnings.warn(
Done initializing!
Compiling 1 checkpoint groups...
Largest checkpoint group: 0 GB
Loading checkpoint: /workspace/goodhart_runs/adapt_ax1q2s0_finger_seed5_ckpt500000/ckpt/20260710T140415F071978
Loaded checkpoint.
adapt_ax1q2s0_finger_seed5_ckpt500000: M-return 2.44 (median 2.40, survived 1.00) -> /workspace/goodhart_runs/goodhart_p2elong/eval_adapt_ax1q2s0_finger_seed5_ckpt500000.json
Observations
  reward           Space(float32, shape=(), low=-inf, high=inf)
  is_first         Space(bool, shape=(), low=False, high=True)
  is_last          Space(bool, shape=(), low=False, high=True)
  is_terminal      Space(bool, shape=(), low=False, high=True)
  position         Space(float32, shape=(4,), low=-inf, high=inf)
  velocity         Space(float32, shape=(3,), low=-inf, high=inf)
  touch            Space(float32, shape=(2,), low=-inf, high=inf)
  target_position  Space(float32, shape=(2,), low=-inf, high=inf)
  dist_to_target   Space(float32, shape=(), low=-inf, high=inf)
Actions
  action           Space(float32, shape=(2,), low=-1.0, high=1.0)
Extras
  consec           Space(int32, shape=(), low=-2147483648, high=2147483647)
  stepid           Space(uint8, shape=(20,), low=0, high=255)
  dyn/deter        Space(float32, shape=(512,), low=-inf, high=inf)
  dyn/stoch        Space(float32, shape=(32, 4), low=-inf, high=inf)
JAX devices (1): [cuda:0]
Policy devices: cuda:0
Train devices:  cuda:0
Initializing parameters...
/workspace/dreamerv3/embodied/jax/agent.py:112: DeprecationWarning: `with mesh:` context manager has been deprecated. Please use `with jax.set_mesh(mesh):` instead.
  with self.train_mesh:
Optimizer opt has 214,723 params:
        66,111 val
        57,663 rew
        49,796 pol
        41,153 con
/workspace/conda_envs/dreamerv3/lib/python3.11/site-packages/optax/_src/linear_algebra.py:44: DeprecationWarning: optax.global_norm is deprecated in favor of optax.tree.norm
  warnings.warn(
Done initializing!
Compiling 1 checkpoint groups...
Largest checkpoint group: 0 GB
Loading checkpoint: /workspace/goodhart_runs/adapt_p2elong_finger_seed1_ckpt500000/ckpt/20260711T040721F002376
Loaded checkpoint.
Observations
  reward           Space(float32, shape=(), low=-inf, high=inf)
  is_first         Space(bool, shape=(), low=False, high=True)
  is_last          Space(bool, shape=(), low=False, high=True)
  is_terminal      Space(bool, shape=(), low=False, high=True)
  position         Space(float32, shape=(4,), low=-inf, high=inf)
  velocity         Space(float32, shape=(3,), low=-inf, high=inf)
  touch            Space(float32, shape=(2,), low=-inf, high=inf)
  target_position  Space(float32, shape=(2,), low=-inf, high=inf)
  dist_to_target   Space(float32, shape=(), low=-inf, high=inf)
Actions
  action           Space(float32, shape=(2,), low=-1.0, high=1.0)
Extras
  consec           Space(int32, shape=(), low=-2147483648, high=2147483647)
  stepid           Space(uint8, shape=(20,), low=0, high=255)
  dyn/deter        Space(float32, shape=(512,), low=-inf, high=inf)
  dyn/stoch        Space(float32, shape=(32, 4), low=-inf, high=inf)
JAX devices (1): [cuda:0]
Policy devices: cuda:0
Train devices:  cuda:0
Initializing parameters...
/workspace/dreamerv3/embodied/jax/agent.py:112: DeprecationWarning: `with mesh:` context manager has been deprecated. Please use `with jax.set_mesh(mesh):` instead.
  with self.train_mesh:
Optimizer opt has 214,723 params:
        66,111 val
        57,663 rew
        49,796 pol
        41,153 con
/workspace/conda_envs/dreamerv3/lib/python3.11/site-packages/optax/_src/linear_algebra.py:44: DeprecationWarning: optax.global_norm is deprecated in favor of optax.tree.norm
  warnings.warn(
Done initializing!
Compiling 1 checkpoint groups...
Largest checkpoint group: 0 GB
Loading checkpoint: /workspace/goodhart_runs/adapt_ax1q2s0_finger_seed6_ckpt500000/ckpt/20260710T142946F458729
Loaded checkpoint.
adapt_ax1q2s0_finger_seed6_ckpt500000: M-return 1.09 (median 1.04, survived 1.00) -> /workspace/goodhart_runs/goodhart_p2elong/eval_adapt_ax1q2s0_finger_seed6_ckpt500000.json
Observations
  reward           Space(float32, shape=(), low=-inf, high=inf)
  is_first         Space(bool, shape=(), low=False, high=True)
  is_last          Space(bool, shape=(), low=False, high=True)
  is_terminal      Space(bool, shape=(), low=False, high=True)
  position         Space(float32, shape=(4,), low=-inf, high=inf)
  velocity         Space(float32, shape=(3,), low=-inf, high=inf)
  touch            Space(float32, shape=(2,), low=-inf, high=inf)
  target_position  Space(float32, shape=(2,), low=-inf, high=inf)
  dist_to_target   Space(float32, shape=(), low=-inf, high=inf)
Actions
  action           Space(float32, shape=(2,), low=-1.0, high=1.0)
Extras
  consec           Space(int32, shape=(), low=-2147483648, high=2147483647)
  stepid           Space(uint8, shape=(20,), low=0, high=255)
  dyn/deter        Space(float32, shape=(512,), low=-inf, high=inf)
  dyn/stoch        Space(float32, shape=(32, 4), low=-inf, high=inf)
JAX devices (1): [cuda:0]
Policy devices: cuda:0
Train devices:  cuda:0
Initializing parameters...
/workspace/dreamerv3/embodied/jax/agent.py:112: DeprecationWarning: `with mesh:` context manager has been deprecated. Please use `with jax.set_mesh(mesh):` instead.
  with self.train_mesh:
Optimizer opt has 214,723 params:
        66,111 val
        57,663 rew
        49,796 pol
        41,153 con
/workspace/conda_envs/dreamerv3/lib/python3.11/site-packages/optax/_src/linear_algebra.py:44: DeprecationWarning: optax.global_norm is deprecated in favor of optax.tree.norm
  warnings.warn(
Done initializing!
Compiling 1 checkpoint groups...
Largest checkpoint group: 0 GB
Loading checkpoint: /workspace/goodhart_runs/adapt_p2elong_finger_seed1_ckpt500000/ckpt/20260711T040721F002376
Loaded checkpoint.
Observations
  reward           Space(float32, shape=(), low=-inf, high=inf)
  is_first         Space(bool, shape=(), low=False, high=True)
  is_last          Space(bool, shape=(), low=False, high=True)
  is_terminal      Space(bool, shape=(), low=False, high=True)
  position         Space(float32, shape=(4,), low=-inf, high=inf)
  velocity         Space(float32, shape=(3,), low=-inf, high=inf)
  touch            Space(float32, shape=(2,), low=-inf, high=inf)
  target_position  Space(float32, shape=(2,), low=-inf, high=inf)
  dist_to_target   Space(float32, shape=(), low=-inf, high=inf)
Actions
  action           Space(float32, shape=(2,), low=-1.0, high=1.0)
Extras
  consec           Space(int32, shape=(), low=-2147483648, high=2147483647)
  stepid           Space(uint8, shape=(20,), low=0, high=255)
  dyn/deter        Space(float32, shape=(512,), low=-inf, high=inf)
  dyn/stoch        Space(float32, shape=(32, 4), low=-inf, high=inf)
JAX devices (1): [cuda:0]
Policy devices: cuda:0
Train devices:  cuda:0
Initializing parameters...
/workspace/dreamerv3/embodied/jax/agent.py:112: DeprecationWarning: `with mesh:` context manager has been deprecated. Please use `with jax.set_mesh(mesh):` instead.
  with self.train_mesh:
Optimizer opt has 214,723 params:
        66,111 val
        57,663 rew
        49,796 pol
        41,153 con
/workspace/conda_envs/dreamerv3/lib/python3.11/site-packages/optax/_src/linear_algebra.py:44: DeprecationWarning: optax.global_norm is deprecated in favor of optax.tree.norm
  warnings.warn(
Done initializing!
Compiling 1 checkpoint groups...
Largest checkpoint group: 0 GB
Loading checkpoint: /workspace/goodhart_runs/adapt_ax1q2s0_finger_seed7_ckpt500000/ckpt/20260710T144421F973703
Loaded checkpoint.
adapt_ax1q2s0_finger_seed7_ckpt500000: M-return 2.49 (median 2.16, survived 1.00) -> /workspace/goodhart_runs/goodhart_p2elong/eval_adapt_ax1q2s0_finger_seed7_ckpt500000.json
Observations
  reward           Space(float32, shape=(), low=-inf, high=inf)
  is_first         Space(bool, shape=(), low=False, high=True)
  is_last          Space(bool, shape=(), low=False, high=True)
  is_terminal      Space(bool, shape=(), low=False, high=True)
  position         Space(float32, shape=(4,), low=-inf, high=inf)
  velocity         Space(float32, shape=(3,), low=-inf, high=inf)
  touch            Space(float32, shape=(2,), low=-inf, high=inf)
  target_position  Space(float32, shape=(2,), low=-inf, high=inf)
  dist_to_target   Space(float32, shape=(), low=-inf, high=inf)
Actions
  action           Space(float32, shape=(2,), low=-1.0, high=1.0)
Extras
  consec           Space(int32, shape=(), low=-2147483648, high=2147483647)
  stepid           Space(uint8, shape=(20,), low=0, high=255)
  dyn/deter        Space(float32, shape=(512,), low=-inf, high=inf)
  dyn/stoch        Space(float32, shape=(32, 4), low=-inf, high=inf)
JAX devices (1): [cuda:0]
Policy devices: cuda:0
Train devices:  cuda:0
Initializing parameters...
/workspace/dreamerv3/embodied/jax/agent.py:112: DeprecationWarning: `with mesh:` context manager has been deprecated. Please use `with jax.set_mesh(mesh):` instead.
  with self.train_mesh:
Optimizer opt has 214,723 params:
        66,111 val
        57,663 rew
        49,796 pol
        41,153 con
/workspace/conda_envs/dreamerv3/lib/python3.11/site-packages/optax/_src/linear_algebra.py:44: DeprecationWarning: optax.global_norm is deprecated in favor of optax.tree.norm
  warnings.warn(
Done initializing!
Compiling 1 checkpoint groups...
Largest checkpoint group: 0 GB
Loading checkpoint: /workspace/goodhart_runs/adapt_p2elong_finger_seed1_ckpt500000/ckpt/20260711T040721F002376
Loaded checkpoint.
Observations
  reward           Space(float32, shape=(), low=-inf, high=inf)
  is_first         Space(bool, shape=(), low=False, high=True)
  is_last          Space(bool, shape=(), low=False, high=True)
  is_terminal      Space(bool, shape=(), low=False, high=True)
  position         Space(float32, shape=(4,), low=-inf, high=inf)
  velocity         Space(float32, shape=(3,), low=-inf, high=inf)
  touch            Space(float32, shape=(2,), low=-inf, high=inf)
  target_position  Space(float32, shape=(2,), low=-inf, high=inf)
  dist_to_target   Space(float32, shape=(), low=-inf, high=inf)
Actions
  action           Space(float32, shape=(2,), low=-1.0, high=1.0)
Extras
  consec           Space(int32, shape=(), low=-2147483648, high=2147483647)
  stepid           Space(uint8, shape=(20,), low=0, high=255)
  dyn/deter        Space(float32, shape=(512,), low=-inf, high=inf)
  dyn/stoch        Space(float32, shape=(32, 4), low=-inf, high=inf)
JAX devices (1): [cuda:0]
Policy devices: cuda:0
Train devices:  cuda:0
Initializing parameters...
/workspace/dreamerv3/embodied/jax/agent.py:112: DeprecationWarning: `with mesh:` context manager has been deprecated. Please use `with jax.set_mesh(mesh):` instead.
  with self.train_mesh:
Optimizer opt has 214,723 params:
        66,111 val
        57,663 rew
        49,796 pol
        41,153 con
/workspace/conda_envs/dreamerv3/lib/python3.11/site-packages/optax/_src/linear_algebra.py:44: DeprecationWarning: optax.global_norm is deprecated in favor of optax.tree.norm
  warnings.warn(
Done initializing!
Compiling 1 checkpoint groups...
Largest checkpoint group: 0 GB
Loading checkpoint: /workspace/goodhart_runs/adapt_ax1q2s0_finger_seed8_ckpt500000/ckpt/20260710T134520F069572
Loaded checkpoint.
adapt_ax1q2s0_finger_seed8_ckpt500000: M-return 2.28 (median 2.16, survived 1.00) -> /workspace/goodhart_runs/goodhart_p2elong/eval_adapt_ax1q2s0_finger_seed8_ckpt500000.json
Observations
  reward           Space(float32, shape=(), low=-inf, high=inf)
  is_first         Space(bool, shape=(), low=False, high=True)
  is_last          Space(bool, shape=(), low=False, high=True)
  is_terminal      Space(bool, shape=(), low=False, high=True)
  position         Space(float32, shape=(4,), low=-inf, high=inf)
  velocity         Space(float32, shape=(3,), low=-inf, high=inf)
  touch            Space(float32, shape=(2,), low=-inf, high=inf)
  target_position  Space(float32, shape=(2,), low=-inf, high=inf)
  dist_to_target   Space(float32, shape=(), low=-inf, high=inf)
Actions
  action           Space(float32, shape=(2,), low=-1.0, high=1.0)
Extras
  consec           Space(int32, shape=(), low=-2147483648, high=2147483647)
  stepid           Space(uint8, shape=(20,), low=0, high=255)
  dyn/deter        Space(float32, shape=(512,), low=-inf, high=inf)
  dyn/stoch        Space(float32, shape=(32, 4), low=-inf, high=inf)
JAX devices (1): [cuda:0]
Policy devices: cuda:0
Train devices:  cuda:0
Initializing parameters...
/workspace/dreamerv3/embodied/jax/agent.py:112: DeprecationWarning: `with mesh:` context manager has been deprecated. Please use `with jax.set_mesh(mesh):` instead.
  with self.train_mesh:
Optimizer opt has 214,723 params:
        66,111 val
        57,663 rew
        49,796 pol
        41,153 con
/workspace/conda_envs/dreamerv3/lib/python3.11/site-packages/optax/_src/linear_algebra.py:44: DeprecationWarning: optax.global_norm is deprecated in favor of optax.tree.norm
  warnings.warn(
Done initializing!
Compiling 1 checkpoint groups...
Largest checkpoint group: 0 GB
Loading checkpoint: /workspace/goodhart_runs/adapt_p2elong_finger_seed1_ckpt500000/ckpt/20260711T040721F002376
Loaded checkpoint.
Observations
  reward           Space(float32, shape=(), low=-inf, high=inf)
  is_first         Space(bool, shape=(), low=False, high=True)
  is_last          Space(bool, shape=(), low=False, high=True)
  is_terminal      Space(bool, shape=(), low=False, high=True)
  position         Space(float32, shape=(4,), low=-inf, high=inf)
  velocity         Space(float32, shape=(3,), low=-inf, high=inf)
  touch            Space(float32, shape=(2,), low=-inf, high=inf)
  target_position  Space(float32, shape=(2,), low=-inf, high=inf)
  dist_to_target   Space(float32, shape=(), low=-inf, high=inf)
Actions
  action           Space(float32, shape=(2,), low=-1.0, high=1.0)
Extras
  consec           Space(int32, shape=(), low=-2147483648, high=2147483647)
  stepid           Space(uint8, shape=(20,), low=0, high=255)
  dyn/deter        Space(float32, shape=(512,), low=-inf, high=inf)
  dyn/stoch        Space(float32, shape=(32, 4), low=-inf, high=inf)
JAX devices (1): [cuda:0]
Policy devices: cuda:0
Train devices:  cuda:0
Initializing parameters...
/workspace/dreamerv3/embodied/jax/agent.py:112: DeprecationWarning: `with mesh:` context manager has been deprecated. Please use `with jax.set_mesh(mesh):` instead.
  with self.train_mesh:
Optimizer opt has 214,723 params:
        66,111 val
        57,663 rew
        49,796 pol
        41,153 con
/workspace/conda_envs/dreamerv3/lib/python3.11/site-packages/optax/_src/linear_algebra.py:44: DeprecationWarning: optax.global_norm is deprecated in favor of optax.tree.norm
  warnings.warn(
Done initializing!
Compiling 1 checkpoint groups...
Largest checkpoint group: 0 GB
Loading checkpoint: /workspace/goodhart_runs/adapt_ax1q2s0_finger_seed9_ckpt500000/ckpt/20260712T001340F009017
Loaded checkpoint.
adapt_ax1q2s0_finger_seed9_ckpt500000: M-return 0.89 (median 0.81, survived 1.00) -> /workspace/goodhart_runs/goodhart_p2elong/eval_adapt_ax1q2s0_finger_seed9_ckpt500000.json
Observations
  reward           Space(float32, shape=(), low=-inf, high=inf)
  is_first         Space(bool, shape=(), low=False, high=True)
  is_last          Space(bool, shape=(), low=False, high=True)
  is_terminal      Space(bool, shape=(), low=False, high=True)
  position         Space(float32, shape=(4,), low=-inf, high=inf)
  velocity         Space(float32, shape=(3,), low=-inf, high=inf)
  touch            Space(float32, shape=(2,), low=-inf, high=inf)
  target_position  Space(float32, shape=(2,), low=-inf, high=inf)
  dist_to_target   Space(float32, shape=(), low=-inf, high=inf)
Actions
  action           Space(float32, shape=(2,), low=-1.0, high=1.0)
Extras
  consec           Space(int32, shape=(), low=-2147483648, high=2147483647)
  stepid           Space(uint8, shape=(20,), low=0, high=255)
  dyn/deter        Space(float32, shape=(512,), low=-inf, high=inf)
  dyn/stoch        Space(float32, shape=(32, 4), low=-inf, high=inf)
JAX devices (1): [cuda:0]
Policy devices: cuda:0
Train devices:  cuda:0
Initializing parameters...
/workspace/dreamerv3/embodied/jax/agent.py:112: DeprecationWarning: `with mesh:` context manager has been deprecated. Please use `with jax.set_mesh(mesh):` instead.
  with self.train_mesh:
Optimizer opt has 214,723 params:
        66,111 val
        57,663 rew
        49,796 pol
        41,153 con
/workspace/conda_envs/dreamerv3/lib/python3.11/site-packages/optax/_src/linear_algebra.py:44: DeprecationWarning: optax.global_norm is deprecated in favor of optax.tree.norm
  warnings.warn(
Done initializing!
Compiling 1 checkpoint groups...
Largest checkpoint group: 0 GB
Loading checkpoint: /workspace/goodhart_runs/adapt_p2elong_finger_seed1_ckpt500000/ckpt/20260711T040721F002376
Loaded checkpoint.
Observations
  reward           Space(float32, shape=(), low=-inf, high=inf)
  is_first         Space(bool, shape=(), low=False, high=True)
  is_last          Space(bool, shape=(), low=False, high=True)
  is_terminal      Space(bool, shape=(), low=False, high=True)
  position         Space(float32, shape=(4,), low=-inf, high=inf)
  velocity         Space(float32, shape=(3,), low=-inf, high=inf)
  touch            Space(float32, shape=(2,), low=-inf, high=inf)
  target_position  Space(float32, shape=(2,), low=-inf, high=inf)
  dist_to_target   Space(float32, shape=(), low=-inf, high=inf)
Actions
  action           Space(float32, shape=(2,), low=-1.0, high=1.0)
Extras
  consec           Space(int32, shape=(), low=-2147483648, high=2147483647)
  stepid           Space(uint8, shape=(20,), low=0, high=255)
  dyn/deter        Space(float32, shape=(512,), low=-inf, high=inf)
  dyn/stoch        Space(float32, shape=(32, 4), low=-inf, high=inf)
JAX devices (1): [cuda:0]
Policy devices: cuda:0
Train devices:  cuda:0
Initializing parameters...
/workspace/dreamerv3/embodied/jax/agent.py:112: DeprecationWarning: `with mesh:` context manager has been deprecated. Please use `with jax.set_mesh(mesh):` instead.
  with self.train_mesh:
Optimizer opt has 214,723 params:
        66,111 val
        57,663 rew
        49,796 pol
        41,153 con
/workspace/conda_envs/dreamerv3/lib/python3.11/site-packages/optax/_src/linear_algebra.py:44: DeprecationWarning: optax.global_norm is deprecated in favor of optax.tree.norm
  warnings.warn(
Done initializing!
Compiling 1 checkpoint groups...
Largest checkpoint group: 0 GB
Loading checkpoint: /workspace/goodhart_runs/adapt_ax1q2s1_finger_seed10_ckpt500000/ckpt/20260715T232457F104354
Loaded checkpoint.
adapt_ax1q2s1_finger_seed10_ckpt500000: M-return 1.73 (median 1.72, survived 1.00) -> /workspace/goodhart_runs/goodhart_p2elong/eval_adapt_ax1q2s1_finger_seed10_ckpt500000.json
Observations
  reward           Space(float32, shape=(), low=-inf, high=inf)
  is_first         Space(bool, shape=(), low=False, high=True)
  is_last          Space(bool, shape=(), low=False, high=True)
  is_terminal      Space(bool, shape=(), low=False, high=True)
  position         Space(float32, shape=(4,), low=-inf, high=inf)
  velocity         Space(float32, shape=(3,), low=-inf, high=inf)
  touch            Space(float32, shape=(2,), low=-inf, high=inf)
  target_position  Space(float32, shape=(2,), low=-inf, high=inf)
  dist_to_target   Space(float32, shape=(), low=-inf, high=inf)
Actions
  action           Space(float32, shape=(2,), low=-1.0, high=1.0)
Extras
  consec           Space(int32, shape=(), low=-2147483648, high=2147483647)
  stepid           Space(uint8, shape=(20,), low=0, high=255)
  dyn/deter        Space(float32, shape=(512,), low=-inf, high=inf)
  dyn/stoch        Space(float32, shape=(32, 4), low=-inf, high=inf)
JAX devices (1): [cuda:0]
Policy devices: cuda:0
Train devices:  cuda:0
Initializing parameters...
/workspace/dreamerv3/embodied/jax/agent.py:112: DeprecationWarning: `with mesh:` context manager has been deprecated. Please use `with jax.set_mesh(mesh):` instead.
  with self.train_mesh:
Optimizer opt has 214,723 params:
        66,111 val
        57,663 rew
        49,796 pol
        41,153 con
/workspace/conda_envs/dreamerv3/lib/python3.11/site-packages/optax/_src/linear_algebra.py:44: DeprecationWarning: optax.global_norm is deprecated in favor of optax.tree.norm
  warnings.warn(
Done initializing!
Compiling 1 checkpoint groups...
Largest checkpoint group: 0 GB
Loading checkpoint: /workspace/goodhart_runs/adapt_p2elong_finger_seed1_ckpt500000/ckpt/20260711T040721F002376
Loaded checkpoint.
Observations
  reward           Space(float32, shape=(), low=-inf, high=inf)
  is_first         Space(bool, shape=(), low=False, high=True)
  is_last          Space(bool, shape=(), low=False, high=True)
  is_terminal      Space(bool, shape=(), low=False, high=True)
  position         Space(float32, shape=(4,), low=-inf, high=inf)
  velocity         Space(float32, shape=(3,), low=-inf, high=inf)
  touch            Space(float32, shape=(2,), low=-inf, high=inf)
  target_position  Space(float32, shape=(2,), low=-inf, high=inf)
  dist_to_target   Space(float32, shape=(), low=-inf, high=inf)
Actions
  action           Space(float32, shape=(2,), low=-1.0, high=1.0)
Extras
  consec           Space(int32, shape=(), low=-2147483648, high=2147483647)
  stepid           Space(uint8, shape=(20,), low=0, high=255)
  dyn/deter        Space(float32, shape=(512,), low=-inf, high=inf)
  dyn/stoch        Space(float32, shape=(32, 4), low=-inf, high=inf)
JAX devices (1): [cuda:0]
Policy devices: cuda:0
Train devices:  cuda:0
Initializing parameters...
/workspace/dreamerv3/embodied/jax/agent.py:112: DeprecationWarning: `with mesh:` context manager has been deprecated. Please use `with jax.set_mesh(mesh):` instead.
  with self.train_mesh:
Optimizer opt has 214,723 params:
        66,111 val
        57,663 rew
        49,796 pol
        41,153 con
/workspace/conda_envs/dreamerv3/lib/python3.11/site-packages/optax/_src/linear_algebra.py:44: DeprecationWarning: optax.global_norm is deprecated in favor of optax.tree.norm
  warnings.warn(
Done initializing!
Compiling 1 checkpoint groups...
Largest checkpoint group: 0 GB
Loading checkpoint: /workspace/goodhart_runs/adapt_ax1q2s1_finger_seed11_ckpt500000/ckpt/20260715T235410F553154
Loaded checkpoint.
adapt_ax1q2s1_finger_seed11_ckpt500000: M-return 1.43 (median 1.43, survived 1.00) -> /workspace/goodhart_runs/goodhart_p2elong/eval_adapt_ax1q2s1_finger_seed11_ckpt500000.json
Observations
  reward           Space(float32, shape=(), low=-inf, high=inf)
  is_first         Space(bool, shape=(), low=False, high=True)
  is_last          Space(bool, shape=(), low=False, high=True)
  is_terminal      Space(bool, shape=(), low=False, high=True)
  position         Space(float32, shape=(4,), low=-inf, high=inf)
  velocity         Space(float32, shape=(3,), low=-inf, high=inf)
  touch            Space(float32, shape=(2,), low=-inf, high=inf)
  target_position  Space(float32, shape=(2,), low=-inf, high=inf)
  dist_to_target   Space(float32, shape=(), low=-inf, high=inf)
Actions
  action           Space(float32, shape=(2,), low=-1.0, high=1.0)
Extras
  consec           Space(int32, shape=(), low=-2147483648, high=2147483647)
  stepid           Space(uint8, shape=(20,), low=0, high=255)
  dyn/deter        Space(float32, shape=(512,), low=-inf, high=inf)
  dyn/stoch        Space(float32, shape=(32, 4), low=-inf, high=inf)
JAX devices (1): [cuda:0]
Policy devices: cuda:0
Train devices:  cuda:0
Initializing parameters...
/workspace/dreamerv3/embodied/jax/agent.py:112: DeprecationWarning: `with mesh:` context manager has been deprecated. Please use `with jax.set_mesh(mesh):` instead.
  with self.train_mesh:
Optimizer opt has 214,723 params:
        66,111 val
        57,663 rew
        49,796 pol
        41,153 con
/workspace/conda_envs/dreamerv3/lib/python3.11/site-packages/optax/_src/linear_algebra.py:44: DeprecationWarning: optax.global_norm is deprecated in favor of optax.tree.norm
  warnings.warn(
Done initializing!
Compiling 1 checkpoint groups...
Largest checkpoint group: 0 GB
Loading checkpoint: /workspace/goodhart_runs/adapt_p2elong_finger_seed1_ckpt500000/ckpt/20260711T040721F002376
Loaded checkpoint.
Observations
  reward           Space(float32, shape=(), low=-inf, high=inf)
  is_first         Space(bool, shape=(), low=False, high=True)
  is_last          Space(bool, shape=(), low=False, high=True)
  is_terminal      Space(bool, shape=(), low=False, high=True)
  position         Space(float32, shape=(4,), low=-inf, high=inf)
  velocity         Space(float32, shape=(3,), low=-inf, high=inf)
  touch            Space(float32, shape=(2,), low=-inf, high=inf)
  target_position  Space(float32, shape=(2,), low=-inf, high=inf)
  dist_to_target   Space(float32, shape=(), low=-inf, high=inf)
Actions
  action           Space(float32, shape=(2,), low=-1.0, high=1.0)
Extras
  consec           Space(int32, shape=(), low=-2147483648, high=2147483647)
  stepid           Space(uint8, shape=(20,), low=0, high=255)
  dyn/deter        Space(float32, shape=(512,), low=-inf, high=inf)
  dyn/stoch        Space(float32, shape=(32, 4), low=-inf, high=inf)
JAX devices (1): [cuda:0]
Policy devices: cuda:0
Train devices:  cuda:0
Initializing parameters...
/workspace/dreamerv3/embodied/jax/agent.py:112: DeprecationWarning: `with mesh:` context manager has been deprecated. Please use `with jax.set_mesh(mesh):` instead.
  with self.train_mesh:
Optimizer opt has 214,723 params:
        66,111 val
        57,663 rew
        49,796 pol
        41,153 con
/workspace/conda_envs/dreamerv3/lib/python3.11/site-packages/optax/_src/linear_algebra.py:44: DeprecationWarning: optax.global_norm is deprecated in favor of optax.tree.norm
  warnings.warn(
Done initializing!
Compiling 1 checkpoint groups...
Largest checkpoint group: 0 GB
Loading checkpoint: /workspace/goodhart_runs/adapt_ax1q2s1_finger_seed12_ckpt500000/ckpt/20260715T234311F016978
Loaded checkpoint.
adapt_ax1q2s1_finger_seed12_ckpt500000: M-return 0.88 (median 0.89, survived 1.00) -> /workspace/goodhart_runs/goodhart_p2elong/eval_adapt_ax1q2s1_finger_seed12_ckpt500000.json
Observations
  reward           Space(float32, shape=(), low=-inf, high=inf)
  is_first         Space(bool, shape=(), low=False, high=True)
  is_last          Space(bool, shape=(), low=False, high=True)
  is_terminal      Space(bool, shape=(), low=False, high=True)
  position         Space(float32, shape=(4,), low=-inf, high=inf)
  velocity         Space(float32, shape=(3,), low=-inf, high=inf)
  touch            Space(float32, shape=(2,), low=-inf, high=inf)
  target_position  Space(float32, shape=(2,), low=-inf, high=inf)
  dist_to_target   Space(float32, shape=(), low=-inf, high=inf)
Actions
  action           Space(float32, shape=(2,), low=-1.0, high=1.0)
Extras
  consec           Space(int32, shape=(), low=-2147483648, high=2147483647)
  stepid           Space(uint8, shape=(20,), low=0, high=255)
  dyn/deter        Space(float32, shape=(512,), low=-inf, high=inf)
  dyn/stoch        Space(float32, shape=(32, 4), low=-inf, high=inf)
JAX devices (1): [cuda:0]
Policy devices: cuda:0
Train devices:  cuda:0
Initializing parameters...
/workspace/dreamerv3/embodied/jax/agent.py:112: DeprecationWarning: `with mesh:` context manager has been deprecated. Please use `with jax.set_mesh(mesh):` instead.
  with self.train_mesh:
Optimizer opt has 214,723 params:
        66,111 val
        57,663 rew
        49,796 pol
        41,153 con
/workspace/conda_envs/dreamerv3/lib/python3.11/site-packages/optax/_src/linear_algebra.py:44: DeprecationWarning: optax.global_norm is deprecated in favor of optax.tree.norm
  warnings.warn(
Done initializing!
Compiling 1 checkpoint groups...
Largest checkpoint group: 0 GB
Loading checkpoint: /workspace/goodhart_runs/adapt_p2elong_finger_seed1_ckpt500000/ckpt/20260711T040721F002376
Loaded checkpoint.
Observations
  reward           Space(float32, shape=(), low=-inf, high=inf)
  is_first         Space(bool, shape=(), low=False, high=True)
  is_last          Space(bool, shape=(), low=False, high=True)
  is_terminal      Space(bool, shape=(), low=False, high=True)
  position         Space(float32, shape=(4,), low=-inf, high=inf)
  velocity         Space(float32, shape=(3,), low=-inf, high=inf)
  touch            Space(float32, shape=(2,), low=-inf, high=inf)
  target_position  Space(float32, shape=(2,), low=-inf, high=inf)
  dist_to_target   Space(float32, shape=(), low=-inf, high=inf)
Actions
  action           Space(float32, shape=(2,), low=-1.0, high=1.0)
Extras
  consec           Space(int32, shape=(), low=-2147483648, high=2147483647)
  stepid           Space(uint8, shape=(20,), low=0, high=255)
  dyn/deter        Space(float32, shape=(512,), low=-inf, high=inf)
  dyn/stoch        Space(float32, shape=(32, 4), low=-inf, high=inf)
JAX devices (1): [cuda:0]
Policy devices: cuda:0
Train devices:  cuda:0
Initializing parameters...
/workspace/dreamerv3/embodied/jax/agent.py:112: DeprecationWarning: `with mesh:` context manager has been deprecated. Please use `with jax.set_mesh(mesh):` instead.
  with self.train_mesh:
Optimizer opt has 214,723 params:
        66,111 val
        57,663 rew
        49,796 pol
        41,153 con
/workspace/conda_envs/dreamerv3/lib/python3.11/site-packages/optax/_src/linear_algebra.py:44: DeprecationWarning: optax.global_norm is deprecated in favor of optax.tree.norm
  warnings.warn(
Done initializing!
Compiling 1 checkpoint groups...
Largest checkpoint group: 0 GB
Loading checkpoint: /workspace/goodhart_runs/adapt_ax1q2s1_finger_seed13_ckpt500000/ckpt/20260716T085748F198310
Loaded checkpoint.
adapt_ax1q2s1_finger_seed13_ckpt500000: M-return 0.88 (median 0.67, survived 1.00) -> /workspace/goodhart_runs/goodhart_p2elong/eval_adapt_ax1q2s1_finger_seed13_ckpt500000.json
Observations
  reward           Space(float32, shape=(), low=-inf, high=inf)
  is_first         Space(bool, shape=(), low=False, high=True)
  is_last          Space(bool, shape=(), low=False, high=True)
  is_terminal      Space(bool, shape=(), low=False, high=True)
  position         Space(float32, shape=(4,), low=-inf, high=inf)
  velocity         Space(float32, shape=(3,), low=-inf, high=inf)
  touch            Space(float32, shape=(2,), low=-inf, high=inf)
  target_position  Space(float32, shape=(2,), low=-inf, high=inf)
  dist_to_target   Space(float32, shape=(), low=-inf, high=inf)
Actions
  action           Space(float32, shape=(2,), low=-1.0, high=1.0)
Extras
  consec           Space(int32, shape=(), low=-2147483648, high=2147483647)
  stepid           Space(uint8, shape=(20,), low=0, high=255)
  dyn/deter        Space(float32, shape=(512,), low=-inf, high=inf)
  dyn/stoch        Space(float32, shape=(32, 4), low=-inf, high=inf)
JAX devices (1): [cuda:0]
Policy devices: cuda:0
Train devices:  cuda:0
Initializing parameters...
/workspace/dreamerv3/embodied/jax/agent.py:112: DeprecationWarning: `with mesh:` context manager has been deprecated. Please use `with jax.set_mesh(mesh):` instead.
  with self.train_mesh:
Optimizer opt has 214,723 params:
        66,111 val
        57,663 rew
        49,796 pol
        41,153 con
/workspace/conda_envs/dreamerv3/lib/python3.11/site-packages/optax/_src/linear_algebra.py:44: DeprecationWarning: optax.global_norm is deprecated in favor of optax.tree.norm
  warnings.warn(
Done initializing!
Compiling 1 checkpoint groups...
Largest checkpoint group: 0 GB
Loading checkpoint: /workspace/goodhart_runs/adapt_p2elong_finger_seed1_ckpt500000/ckpt/20260711T040721F002376
Loaded checkpoint.
Observations
  reward           Space(float32, shape=(), low=-inf, high=inf)
  is_first         Space(bool, shape=(), low=False, high=True)
  is_last          Space(bool, shape=(), low=False, high=True)
  is_terminal      Space(bool, shape=(), low=False, high=True)
  position         Space(float32, shape=(4,), low=-inf, high=inf)
  velocity         Space(float32, shape=(3,), low=-inf, high=inf)
  touch            Space(float32, shape=(2,), low=-inf, high=inf)
  target_position  Space(float32, shape=(2,), low=-inf, high=inf)
  dist_to_target   Space(float32, shape=(), low=-inf, high=inf)
Actions
  action           Space(float32, shape=(2,), low=-1.0, high=1.0)
Extras
  consec           Space(int32, shape=(), low=-2147483648, high=2147483647)
  stepid           Space(uint8, shape=(20,), low=0, high=255)
  dyn/deter        Space(float32, shape=(512,), low=-inf, high=inf)
  dyn/stoch        Space(float32, shape=(32, 4), low=-inf, high=inf)
JAX devices (1): [cuda:0]
Policy devices: cuda:0
Train devices:  cuda:0
Initializing parameters...
/workspace/dreamerv3/embodied/jax/agent.py:112: DeprecationWarning: `with mesh:` context manager has been deprecated. Please use `with jax.set_mesh(mesh):` instead.
  with self.train_mesh:
Optimizer opt has 214,723 params:
        66,111 val
        57,663 rew
        49,796 pol
        41,153 con
/workspace/conda_envs/dreamerv3/lib/python3.11/site-packages/optax/_src/linear_algebra.py:44: DeprecationWarning: optax.global_norm is deprecated in favor of optax.tree.norm
  warnings.warn(
Done initializing!
Compiling 1 checkpoint groups...
Largest checkpoint group: 0 GB
Loading checkpoint: /workspace/goodhart_runs/adapt_ax1q2s1_finger_seed14_ckpt500000/ckpt/20260716T085515F199150
Loaded checkpoint.
adapt_ax1q2s1_finger_seed14_ckpt500000: M-return 2.64 (median 2.59, survived 1.00) -> /workspace/goodhart_runs/goodhart_p2elong/eval_adapt_ax1q2s1_finger_seed14_ckpt500000.json
Observations
  reward           Space(float32, shape=(), low=-inf, high=inf)
  is_first         Space(bool, shape=(), low=False, high=True)
  is_last          Space(bool, shape=(), low=False, high=True)
  is_terminal      Space(bool, shape=(), low=False, high=True)
  position         Space(float32, shape=(4,), low=-inf, high=inf)
  velocity         Space(float32, shape=(3,), low=-inf, high=inf)
  touch            Space(float32, shape=(2,), low=-inf, high=inf)
  target_position  Space(float32, shape=(2,), low=-inf, high=inf)
  dist_to_target   Space(float32, shape=(), low=-inf, high=inf)
Actions
  action           Space(float32, shape=(2,), low=-1.0, high=1.0)
Extras
  consec           Space(int32, shape=(), low=-2147483648, high=2147483647)
  stepid           Space(uint8, shape=(20,), low=0, high=255)
  dyn/deter        Space(float32, shape=(512,), low=-inf, high=inf)
  dyn/stoch        Space(float32, shape=(32, 4), low=-inf, high=inf)
JAX devices (1): [cuda:0]
Policy devices: cuda:0
Train devices:  cuda:0
Initializing parameters...
/workspace/dreamerv3/embodied/jax/agent.py:112: DeprecationWarning: `with mesh:` context manager has been deprecated. Please use `with jax.set_mesh(mesh):` instead.
  with self.train_mesh:
Optimizer opt has 214,723 params:
        66,111 val
        57,663 rew
        49,796 pol
        41,153 con
/workspace/conda_envs/dreamerv3/lib/python3.11/site-packages/optax/_src/linear_algebra.py:44: DeprecationWarning: optax.global_norm is deprecated in favor of optax.tree.norm
  warnings.warn(
Done initializing!
Compiling 1 checkpoint groups...
Largest checkpoint group: 0 GB
Loading checkpoint: /workspace/goodhart_runs/adapt_p2elong_finger_seed1_ckpt500000/ckpt/20260711T040721F002376
Loaded checkpoint.
Observations
  reward           Space(float32, shape=(), low=-inf, high=inf)
  is_first         Space(bool, shape=(), low=False, high=True)
  is_last          Space(bool, shape=(), low=False, high=True)
  is_terminal      Space(bool, shape=(), low=False, high=True)
  position         Space(float32, shape=(4,), low=-inf, high=inf)
  velocity         Space(float32, shape=(3,), low=-inf, high=inf)
  touch            Space(float32, shape=(2,), low=-inf, high=inf)
  target_position  Space(float32, shape=(2,), low=-inf, high=inf)
  dist_to_target   Space(float32, shape=(), low=-inf, high=inf)
Actions
  action           Space(float32, shape=(2,), low=-1.0, high=1.0)
Extras
  consec           Space(int32, shape=(), low=-2147483648, high=2147483647)
  stepid           Space(uint8, shape=(20,), low=0, high=255)
  dyn/deter        Space(float32, shape=(512,), low=-inf, high=inf)
  dyn/stoch        Space(float32, shape=(32, 4), low=-inf, high=inf)
JAX devices (1): [cuda:0]
Policy devices: cuda:0
Train devices:  cuda:0
Initializing parameters...
/workspace/dreamerv3/embodied/jax/agent.py:112: DeprecationWarning: `with mesh:` context manager has been deprecated. Please use `with jax.set_mesh(mesh):` instead.
  with self.train_mesh:
Optimizer opt has 214,723 params:
        66,111 val
        57,663 rew
        49,796 pol
        41,153 con
/workspace/conda_envs/dreamerv3/lib/python3.11/site-packages/optax/_src/linear_algebra.py:44: DeprecationWarning: optax.global_norm is deprecated in favor of optax.tree.norm
  warnings.warn(
Done initializing!
Compiling 1 checkpoint groups...
Largest checkpoint group: 0 GB
Loading checkpoint: /workspace/goodhart_runs/adapt_ax1q2s1_finger_seed15_ckpt500000/ckpt/20260716T085757F623944
Loaded checkpoint.
adapt_ax1q2s1_finger_seed15_ckpt500000: M-return 1.19 (median 1.14, survived 1.00) -> /workspace/goodhart_runs/goodhart_p2elong/eval_adapt_ax1q2s1_finger_seed15_ckpt500000.json
Observations
  reward           Space(float32, shape=(), low=-inf, high=inf)
  is_first         Space(bool, shape=(), low=False, high=True)
  is_last          Space(bool, shape=(), low=False, high=True)
  is_terminal      Space(bool, shape=(), low=False, high=True)
  position         Space(float32, shape=(4,), low=-inf, high=inf)
  velocity         Space(float32, shape=(3,), low=-inf, high=inf)
  touch            Space(float32, shape=(2,), low=-inf, high=inf)
  target_position  Space(float32, shape=(2,), low=-inf, high=inf)
  dist_to_target   Space(float32, shape=(), low=-inf, high=inf)
Actions
  action           Space(float32, shape=(2,), low=-1.0, high=1.0)
Extras
  consec           Space(int32, shape=(), low=-2147483648, high=2147483647)
  stepid           Space(uint8, shape=(20,), low=0, high=255)
  dyn/deter        Space(float32, shape=(512,), low=-inf, high=inf)
  dyn/stoch        Space(float32, shape=(32, 4), low=-inf, high=inf)
JAX devices (1): [cuda:0]
Policy devices: cuda:0
Train devices:  cuda:0
Initializing parameters...
/workspace/dreamerv3/embodied/jax/agent.py:112: DeprecationWarning: `with mesh:` context manager has been deprecated. Please use `with jax.set_mesh(mesh):` instead.
  with self.train_mesh:
Optimizer opt has 214,723 params:
        66,111 val
        57,663 rew
        49,796 pol
        41,153 con
/workspace/conda_envs/dreamerv3/lib/python3.11/site-packages/optax/_src/linear_algebra.py:44: DeprecationWarning: optax.global_norm is deprecated in favor of optax.tree.norm
  warnings.warn(
Done initializing!
Compiling 1 checkpoint groups...
Largest checkpoint group: 0 GB
Loading checkpoint: /workspace/goodhart_runs/adapt_p2elong_finger_seed1_ckpt500000/ckpt/20260711T040721F002376
Loaded checkpoint.
Observations
  reward           Space(float32, shape=(), low=-inf, high=inf)
  is_first         Space(bool, shape=(), low=False, high=True)
  is_last          Space(bool, shape=(), low=False, high=True)
  is_terminal      Space(bool, shape=(), low=False, high=True)
  position         Space(float32, shape=(4,), low=-inf, high=inf)
  velocity         Space(float32, shape=(3,), low=-inf, high=inf)
  touch            Space(float32, shape=(2,), low=-inf, high=inf)
  target_position  Space(float32, shape=(2,), low=-inf, high=inf)
  dist_to_target   Space(float32, shape=(), low=-inf, high=inf)
Actions
  action           Space(float32, shape=(2,), low=-1.0, high=1.0)
Extras
  consec           Space(int32, shape=(), low=-2147483648, high=2147483647)
  stepid           Space(uint8, shape=(20,), low=0, high=255)
  dyn/deter        Space(float32, shape=(512,), low=-inf, high=inf)
  dyn/stoch        Space(float32, shape=(32, 4), low=-inf, high=inf)
JAX devices (1): [cuda:0]
Policy devices: cuda:0
Train devices:  cuda:0
Initializing parameters...
/workspace/dreamerv3/embodied/jax/agent.py:112: DeprecationWarning: `with mesh:` context manager has been deprecated. Please use `with jax.set_mesh(mesh):` instead.
  with self.train_mesh:
Optimizer opt has 214,723 params:
        66,111 val
        57,663 rew
        49,796 pol
        41,153 con
/workspace/conda_envs/dreamerv3/lib/python3.11/site-packages/optax/_src/linear_algebra.py:44: DeprecationWarning: optax.global_norm is deprecated in favor of optax.tree.norm
  warnings.warn(
Done initializing!
Compiling 1 checkpoint groups...
Largest checkpoint group: 0 GB
Loading checkpoint: /workspace/goodhart_runs/adapt_ax1q2s1_finger_seed16_ckpt500000/ckpt/20260716T085129F493673
Loaded checkpoint.
adapt_ax1q2s1_finger_seed16_ckpt500000: M-return 1.75 (median 1.72, survived 1.00) -> /workspace/goodhart_runs/goodhart_p2elong/eval_adapt_ax1q2s1_finger_seed16_ckpt500000.json
Observations
  reward           Space(float32, shape=(), low=-inf, high=inf)
  is_first         Space(bool, shape=(), low=False, high=True)
  is_last          Space(bool, shape=(), low=False, high=True)
  is_terminal      Space(bool, shape=(), low=False, high=True)
  position         Space(float32, shape=(4,), low=-inf, high=inf)
  velocity         Space(float32, shape=(3,), low=-inf, high=inf)
  touch            Space(float32, shape=(2,), low=-inf, high=inf)
  target_position  Space(float32, shape=(2,), low=-inf, high=inf)
  dist_to_target   Space(float32, shape=(), low=-inf, high=inf)
Actions
  action           Space(float32, shape=(2,), low=-1.0, high=1.0)
Extras
  consec           Space(int32, shape=(), low=-2147483648, high=2147483647)
  stepid           Space(uint8, shape=(20,), low=0, high=255)
  dyn/deter        Space(float32, shape=(512,), low=-inf, high=inf)
  dyn/stoch        Space(float32, shape=(32, 4), low=-inf, high=inf)
JAX devices (1): [cuda:0]
Policy devices: cuda:0
Train devices:  cuda:0
Initializing parameters...
/workspace/dreamerv3/embodied/jax/agent.py:112: DeprecationWarning: `with mesh:` context manager has been deprecated. Please use `with jax.set_mesh(mesh):` instead.
  with self.train_mesh:
Optimizer opt has 214,723 params:
        66,111 val
        57,663 rew
        49,796 pol
        41,153 con
/workspace/conda_envs/dreamerv3/lib/python3.11/site-packages/optax/_src/linear_algebra.py:44: DeprecationWarning: optax.global_norm is deprecated in favor of optax.tree.norm
  warnings.warn(
Done initializing!
Compiling 1 checkpoint groups...
Largest checkpoint group: 0 GB
Loading checkpoint: /workspace/goodhart_runs/adapt_p2elong_finger_seed1_ckpt500000/ckpt/20260711T040721F002376
Loaded checkpoint.
Observations
  reward           Space(float32, shape=(), low=-inf, high=inf)
  is_first         Space(bool, shape=(), low=False, high=True)
  is_last          Space(bool, shape=(), low=False, high=True)
  is_terminal      Space(bool, shape=(), low=False, high=True)
  position         Space(float32, shape=(4,), low=-inf, high=inf)
  velocity         Space(float32, shape=(3,), low=-inf, high=inf)
  touch            Space(float32, shape=(2,), low=-inf, high=inf)
  target_position  Space(float32, shape=(2,), low=-inf, high=inf)
  dist_to_target   Space(float32, shape=(), low=-inf, high=inf)
Actions
  action           Space(float32, shape=(2,), low=-1.0, high=1.0)
Extras
  consec           Space(int32, shape=(), low=-2147483648, high=2147483647)
  stepid           Space(uint8, shape=(20,), low=0, high=255)
  dyn/deter        Space(float32, shape=(512,), low=-inf, high=inf)
  dyn/stoch        Space(float32, shape=(32, 4), low=-inf, high=inf)
JAX devices (1): [cuda:0]
Policy devices: cuda:0
Train devices:  cuda:0
Initializing parameters...
/workspace/dreamerv3/embodied/jax/agent.py:112: DeprecationWarning: `with mesh:` context manager has been deprecated. Please use `with jax.set_mesh(mesh):` instead.
  with self.train_mesh:
Optimizer opt has 214,723 params:
        66,111 val
        57,663 rew
        49,796 pol
        41,153 con
/workspace/conda_envs/dreamerv3/lib/python3.11/site-packages/optax/_src/linear_algebra.py:44: DeprecationWarning: optax.global_norm is deprecated in favor of optax.tree.norm
  warnings.warn(
Done initializing!
Compiling 1 checkpoint groups...
Largest checkpoint group: 0 GB
Loading checkpoint: /workspace/goodhart_runs/adapt_ax1q2s1_finger_seed1_ckpt500000/ckpt/20260710T171220F724868
Loaded checkpoint.
adapt_ax1q2s1_finger_seed1_ckpt500000: M-return 0.76 (median 0.67, survived 1.00) -> /workspace/goodhart_runs/goodhart_p2elong/eval_adapt_ax1q2s1_finger_seed1_ckpt500000.json
Observations
  reward           Space(float32, shape=(), low=-inf, high=inf)
  is_first         Space(bool, shape=(), low=False, high=True)
  is_last          Space(bool, shape=(), low=False, high=True)
  is_terminal      Space(bool, shape=(), low=False, high=True)
  position         Space(float32, shape=(4,), low=-inf, high=inf)
  velocity         Space(float32, shape=(3,), low=-inf, high=inf)
  touch            Space(float32, shape=(2,), low=-inf, high=inf)
  target_position  Space(float32, shape=(2,), low=-inf, high=inf)
  dist_to_target   Space(float32, shape=(), low=-inf, high=inf)
Actions
  action           Space(float32, shape=(2,), low=-1.0, high=1.0)
Extras
  consec           Space(int32, shape=(), low=-2147483648, high=2147483647)
  stepid           Space(uint8, shape=(20,), low=0, high=255)
  dyn/deter        Space(float32, shape=(512,), low=-inf, high=inf)
  dyn/stoch        Space(float32, shape=(32, 4), low=-inf, high=inf)
JAX devices (1): [cuda:0]
Policy devices: cuda:0
Train devices:  cuda:0
Initializing parameters...
/workspace/dreamerv3/embodied/jax/agent.py:112: DeprecationWarning: `with mesh:` context manager has been deprecated. Please use `with jax.set_mesh(mesh):` instead.
  with self.train_mesh:
Optimizer opt has 214,723 params:
        66,111 val
        57,663 rew
        49,796 pol
        41,153 con
/workspace/conda_envs/dreamerv3/lib/python3.11/site-packages/optax/_src/linear_algebra.py:44: DeprecationWarning: optax.global_norm is deprecated in favor of optax.tree.norm
  warnings.warn(
Done initializing!
Compiling 1 checkpoint groups...
Largest checkpoint group: 0 GB
Loading checkpoint: /workspace/goodhart_runs/adapt_p2elong_finger_seed1_ckpt500000/ckpt/20260711T040721F002376
Loaded checkpoint.
Observations
  reward           Space(float32, shape=(), low=-inf, high=inf)
  is_first         Space(bool, shape=(), low=False, high=True)
  is_last          Space(bool, shape=(), low=False, high=True)
  is_terminal      Space(bool, shape=(), low=False, high=True)
  position         Space(float32, shape=(4,), low=-inf, high=inf)
  velocity         Space(float32, shape=(3,), low=-inf, high=inf)
  touch            Space(float32, shape=(2,), low=-inf, high=inf)
  target_position  Space(float32, shape=(2,), low=-inf, high=inf)
  dist_to_target   Space(float32, shape=(), low=-inf, high=inf)
Actions
  action           Space(float32, shape=(2,), low=-1.0, high=1.0)
Extras
  consec           Space(int32, shape=(), low=-2147483648, high=2147483647)
  stepid           Space(uint8, shape=(20,), low=0, high=255)
  dyn/deter        Space(float32, shape=(512,), low=-inf, high=inf)
  dyn/stoch        Space(float32, shape=(32, 4), low=-inf, high=inf)
JAX devices (1): [cuda:0]
Policy devices: cuda:0
Train devices:  cuda:0
Initializing parameters...
/workspace/dreamerv3/embodied/jax/agent.py:112: DeprecationWarning: `with mesh:` context manager has been deprecated. Please use `with jax.set_mesh(mesh):` instead.
  with self.train_mesh:
Optimizer opt has 214,723 params:
        66,111 val
        57,663 rew
        49,796 pol
        41,153 con
/workspace/conda_envs/dreamerv3/lib/python3.11/site-packages/optax/_src/linear_algebra.py:44: DeprecationWarning: optax.global_norm is deprecated in favor of optax.tree.norm
  warnings.warn(
Done initializing!
Compiling 1 checkpoint groups...
Largest checkpoint group: 0 GB
Loading checkpoint: /workspace/goodhart_runs/adapt_ax1q2s1_finger_seed2_ckpt500000/ckpt/20260710T164636F555281
Loaded checkpoint.
adapt_ax1q2s1_finger_seed2_ckpt500000: M-return 1.16 (median 1.13, survived 1.00) -> /workspace/goodhart_runs/goodhart_p2elong/eval_adapt_ax1q2s1_finger_seed2_ckpt500000.json
Observations
  reward           Space(float32, shape=(), low=-inf, high=inf)
  is_first         Space(bool, shape=(), low=False, high=True)
  is_last          Space(bool, shape=(), low=False, high=True)
  is_terminal      Space(bool, shape=(), low=False, high=True)
  position         Space(float32, shape=(4,), low=-inf, high=inf)
  velocity         Space(float32, shape=(3,), low=-inf, high=inf)
  touch            Space(float32, shape=(2,), low=-inf, high=inf)
  target_position  Space(float32, shape=(2,), low=-inf, high=inf)
  dist_to_target   Space(float32, shape=(), low=-inf, high=inf)
Actions
  action           Space(float32, shape=(2,), low=-1.0, high=1.0)
Extras
  consec           Space(int32, shape=(), low=-2147483648, high=2147483647)
  stepid           Space(uint8, shape=(20,), low=0, high=255)
  dyn/deter        Space(float32, shape=(512,), low=-inf, high=inf)
  dyn/stoch        Space(float32, shape=(32, 4), low=-inf, high=inf)
JAX devices (1): [cuda:0]
Policy devices: cuda:0
Train devices:  cuda:0
Initializing parameters...
/workspace/dreamerv3/embodied/jax/agent.py:112: DeprecationWarning: `with mesh:` context manager has been deprecated. Please use `with jax.set_mesh(mesh):` instead.
  with self.train_mesh:
Optimizer opt has 214,723 params:
        66,111 val
        57,663 rew
        49,796 pol
        41,153 con
/workspace/conda_envs/dreamerv3/lib/python3.11/site-packages/optax/_src/linear_algebra.py:44: DeprecationWarning: optax.global_norm is deprecated in favor of optax.tree.norm
  warnings.warn(
Done initializing!
Compiling 1 checkpoint groups...
Largest checkpoint group: 0 GB
Loading checkpoint: /workspace/goodhart_runs/adapt_p2elong_finger_seed1_ckpt500000/ckpt/20260711T040721F002376
Loaded checkpoint.
Observations
  reward           Space(float32, shape=(), low=-inf, high=inf)
  is_first         Space(bool, shape=(), low=False, high=True)
  is_last          Space(bool, shape=(), low=False, high=True)
  is_terminal      Space(bool, shape=(), low=False, high=True)
  position         Space(float32, shape=(4,), low=-inf, high=inf)
  velocity         Space(float32, shape=(3,), low=-inf, high=inf)
  touch            Space(float32, shape=(2,), low=-inf, high=inf)
  target_position  Space(float32, shape=(2,), low=-inf, high=inf)
  dist_to_target   Space(float32, shape=(), low=-inf, high=inf)
Actions
  action           Space(float32, shape=(2,), low=-1.0, high=1.0)
Extras
  consec           Space(int32, shape=(), low=-2147483648, high=2147483647)
  stepid           Space(uint8, shape=(20,), low=0, high=255)
  dyn/deter        Space(float32, shape=(512,), low=-inf, high=inf)
  dyn/stoch        Space(float32, shape=(32, 4), low=-inf, high=inf)
JAX devices (1): [cuda:0]
Policy devices: cuda:0
Train devices:  cuda:0
Initializing parameters...
/workspace/dreamerv3/embodied/jax/agent.py:112: DeprecationWarning: `with mesh:` context manager has been deprecated. Please use `with jax.set_mesh(mesh):` instead.
  with self.train_mesh:
Optimizer opt has 214,723 params:
        66,111 val
        57,663 rew
        49,796 pol
        41,153 con
/workspace/conda_envs/dreamerv3/lib/python3.11/site-packages/optax/_src/linear_algebra.py:44: DeprecationWarning: optax.global_norm is deprecated in favor of optax.tree.norm
  warnings.warn(
Done initializing!
Compiling 1 checkpoint groups...
Largest checkpoint group: 0 GB
Loading checkpoint: /workspace/goodhart_runs/adapt_ax1q2s1_finger_seed3_ckpt500000/ckpt/20260710T161952F213128
Loaded checkpoint.
adapt_ax1q2s1_finger_seed3_ckpt500000: M-return 1.36 (median 1.17, survived 1.00) -> /workspace/goodhart_runs/goodhart_p2elong/eval_adapt_ax1q2s1_finger_seed3_ckpt500000.json
Observations
  reward           Space(float32, shape=(), low=-inf, high=inf)
  is_first         Space(bool, shape=(), low=False, high=True)
  is_last          Space(bool, shape=(), low=False, high=True)
  is_terminal      Space(bool, shape=(), low=False, high=True)
  position         Space(float32, shape=(4,), low=-inf, high=inf)
  velocity         Space(float32, shape=(3,), low=-inf, high=inf)
  touch            Space(float32, shape=(2,), low=-inf, high=inf)
  target_position  Space(float32, shape=(2,), low=-inf, high=inf)
  dist_to_target   Space(float32, shape=(), low=-inf, high=inf)
Actions
  action           Space(float32, shape=(2,), low=-1.0, high=1.0)
Extras
  consec           Space(int32, shape=(), low=-2147483648, high=2147483647)
  stepid           Space(uint8, shape=(20,), low=0, high=255)
  dyn/deter        Space(float32, shape=(512,), low=-inf, high=inf)
  dyn/stoch        Space(float32, shape=(32, 4), low=-inf, high=inf)
JAX devices (1): [cuda:0]
Policy devices: cuda:0
Train devices:  cuda:0
Initializing parameters...
/workspace/dreamerv3/embodied/jax/agent.py:112: DeprecationWarning: `with mesh:` context manager has been deprecated. Please use `with jax.set_mesh(mesh):` instead.
  with self.train_mesh:
Optimizer opt has 214,723 params:
        66,111 val
        57,663 rew
        49,796 pol
        41,153 con
/workspace/conda_envs/dreamerv3/lib/python3.11/site-packages/optax/_src/linear_algebra.py:44: DeprecationWarning: optax.global_norm is deprecated in favor of optax.tree.norm
  warnings.warn(
Done initializing!
Compiling 1 checkpoint groups...
Largest checkpoint group: 0 GB
Loading checkpoint: /workspace/goodhart_runs/adapt_p2elong_finger_seed1_ckpt500000/ckpt/20260711T040721F002376
Loaded checkpoint.
Observations
  reward           Space(float32, shape=(), low=-inf, high=inf)
  is_first         Space(bool, shape=(), low=False, high=True)
  is_last          Space(bool, shape=(), low=False, high=True)
  is_terminal      Space(bool, shape=(), low=False, high=True)
  position         Space(float32, shape=(4,), low=-inf, high=inf)
  velocity         Space(float32, shape=(3,), low=-inf, high=inf)
  touch            Space(float32, shape=(2,), low=-inf, high=inf)
  target_position  Space(float32, shape=(2,), low=-inf, high=inf)
  dist_to_target   Space(float32, shape=(), low=-inf, high=inf)
Actions
  action           Space(float32, shape=(2,), low=-1.0, high=1.0)
Extras
  consec           Space(int32, shape=(), low=-2147483648, high=2147483647)
  stepid           Space(uint8, shape=(20,), low=0, high=255)
  dyn/deter        Space(float32, shape=(512,), low=-inf, high=inf)
  dyn/stoch        Space(float32, shape=(32, 4), low=-inf, high=inf)
JAX devices (1): [cuda:0]
Policy devices: cuda:0
Train devices:  cuda:0
Initializing parameters...
/workspace/dreamerv3/embodied/jax/agent.py:112: DeprecationWarning: `with mesh:` context manager has been deprecated. Please use `with jax.set_mesh(mesh):` instead.
  with self.train_mesh:
Optimizer opt has 214,723 params:
        66,111 val
        57,663 rew
        49,796 pol
        41,153 con
/workspace/conda_envs/dreamerv3/lib/python3.11/site-packages/optax/_src/linear_algebra.py:44: DeprecationWarning: optax.global_norm is deprecated in favor of optax.tree.norm
  warnings.warn(
Done initializing!
Compiling 1 checkpoint groups...
Largest checkpoint group: 0 GB
Loading checkpoint: /workspace/goodhart_runs/adapt_ax1q2s1_finger_seed4_ckpt500000/ckpt/20260710T162616F055439
Loaded checkpoint.
adapt_ax1q2s1_finger_seed4_ckpt500000: M-return 1.38 (median 1.41, survived 1.00) -> /workspace/goodhart_runs/goodhart_p2elong/eval_adapt_ax1q2s1_finger_seed4_ckpt500000.json
Observations
  reward           Space(float32, shape=(), low=-inf, high=inf)
  is_first         Space(bool, shape=(), low=False, high=True)
  is_last          Space(bool, shape=(), low=False, high=True)
  is_terminal      Space(bool, shape=(), low=False, high=True)
  position         Space(float32, shape=(4,), low=-inf, high=inf)
  velocity         Space(float32, shape=(3,), low=-inf, high=inf)
  touch            Space(float32, shape=(2,), low=-inf, high=inf)
  target_position  Space(float32, shape=(2,), low=-inf, high=inf)
  dist_to_target   Space(float32, shape=(), low=-inf, high=inf)
Actions
  action           Space(float32, shape=(2,), low=-1.0, high=1.0)
Extras
  consec           Space(int32, shape=(), low=-2147483648, high=2147483647)
  stepid           Space(uint8, shape=(20,), low=0, high=255)
  dyn/deter        Space(float32, shape=(512,), low=-inf, high=inf)
  dyn/stoch        Space(float32, shape=(32, 4), low=-inf, high=inf)
JAX devices (1): [cuda:0]
Policy devices: cuda:0
Train devices:  cuda:0
Initializing parameters...
/workspace/dreamerv3/embodied/jax/agent.py:112: DeprecationWarning: `with mesh:` context manager has been deprecated. Please use `with jax.set_mesh(mesh):` instead.
  with self.train_mesh:
Optimizer opt has 214,723 params:
        66,111 val
        57,663 rew
        49,796 pol
        41,153 con
/workspace/conda_envs/dreamerv3/lib/python3.11/site-packages/optax/_src/linear_algebra.py:44: DeprecationWarning: optax.global_norm is deprecated in favor of optax.tree.norm
  warnings.warn(
Done initializing!
Compiling 1 checkpoint groups...
Largest checkpoint group: 0 GB
Loading checkpoint: /workspace/goodhart_runs/adapt_p2elong_finger_seed1_ckpt500000/ckpt/20260711T040721F002376
Loaded checkpoint.
Observations
  reward           Space(float32, shape=(), low=-inf, high=inf)
  is_first         Space(bool, shape=(), low=False, high=True)
  is_last          Space(bool, shape=(), low=False, high=True)
  is_terminal      Space(bool, shape=(), low=False, high=True)
  position         Space(float32, shape=(4,), low=-inf, high=inf)
  velocity         Space(float32, shape=(3,), low=-inf, high=inf)
  touch            Space(float32, shape=(2,), low=-inf, high=inf)
  target_position  Space(float32, shape=(2,), low=-inf, high=inf)
  dist_to_target   Space(float32, shape=(), low=-inf, high=inf)
Actions
  action           Space(float32, shape=(2,), low=-1.0, high=1.0)
Extras
  consec           Space(int32, shape=(), low=-2147483648, high=2147483647)
  stepid           Space(uint8, shape=(20,), low=0, high=255)
  dyn/deter        Space(float32, shape=(512,), low=-inf, high=inf)
  dyn/stoch        Space(float32, shape=(32, 4), low=-inf, high=inf)
JAX devices (1): [cuda:0]
Policy devices: cuda:0
Train devices:  cuda:0
Initializing parameters...
/workspace/dreamerv3/embodied/jax/agent.py:112: DeprecationWarning: `with mesh:` context manager has been deprecated. Please use `with jax.set_mesh(mesh):` instead.
  with self.train_mesh:
Optimizer opt has 214,723 params:
        66,111 val
        57,663 rew
        49,796 pol
        41,153 con
/workspace/conda_envs/dreamerv3/lib/python3.11/site-packages/optax/_src/linear_algebra.py:44: DeprecationWarning: optax.global_norm is deprecated in favor of optax.tree.norm
  warnings.warn(
Done initializing!
Compiling 1 checkpoint groups...
Largest checkpoint group: 0 GB
Loading checkpoint: /workspace/goodhart_runs/adapt_ax1q2s1_finger_seed5_ckpt500000/ckpt/20260710T170145F013328
Loaded checkpoint.
adapt_ax1q2s1_finger_seed5_ckpt500000: M-return 0.76 (median 0.71, survived 1.00) -> /workspace/goodhart_runs/goodhart_p2elong/eval_adapt_ax1q2s1_finger_seed5_ckpt500000.json
Observations
  reward           Space(float32, shape=(), low=-inf, high=inf)
  is_first         Space(bool, shape=(), low=False, high=True)
  is_last          Space(bool, shape=(), low=False, high=True)
  is_terminal      Space(bool, shape=(), low=False, high=True)
  position         Space(float32, shape=(4,), low=-inf, high=inf)
  velocity         Space(float32, shape=(3,), low=-inf, high=inf)
  touch            Space(float32, shape=(2,), low=-inf, high=inf)
  target_position  Space(float32, shape=(2,), low=-inf, high=inf)
  dist_to_target   Space(float32, shape=(), low=-inf, high=inf)
Actions
  action           Space(float32, shape=(2,), low=-1.0, high=1.0)
Extras
  consec           Space(int32, shape=(), low=-2147483648, high=2147483647)
  stepid           Space(uint8, shape=(20,), low=0, high=255)
  dyn/deter        Space(float32, shape=(512,), low=-inf, high=inf)
  dyn/stoch        Space(float32, shape=(32, 4), low=-inf, high=inf)
JAX devices (1): [cuda:0]
Policy devices: cuda:0
Train devices:  cuda:0
Initializing parameters...
/workspace/dreamerv3/embodied/jax/agent.py:112: DeprecationWarning: `with mesh:` context manager has been deprecated. Please use `with jax.set_mesh(mesh):` instead.
  with self.train_mesh:
Optimizer opt has 214,723 params:
        66,111 val
        57,663 rew
        49,796 pol
        41,153 con
/workspace/conda_envs/dreamerv3/lib/python3.11/site-packages/optax/_src/linear_algebra.py:44: DeprecationWarning: optax.global_norm is deprecated in favor of optax.tree.norm
  warnings.warn(
Done initializing!
Compiling 1 checkpoint groups...
Largest checkpoint group: 0 GB
Loading checkpoint: /workspace/goodhart_runs/adapt_p2elong_finger_seed1_ckpt500000/ckpt/20260711T040721F002376
Loaded checkpoint.
Observations
  reward           Space(float32, shape=(), low=-inf, high=inf)
  is_first         Space(bool, shape=(), low=False, high=True)
  is_last          Space(bool, shape=(), low=False, high=True)
  is_terminal      Space(bool, shape=(), low=False, high=True)
  position         Space(float32, shape=(4,), low=-inf, high=inf)
  velocity         Space(float32, shape=(3,), low=-inf, high=inf)
  touch            Space(float32, shape=(2,), low=-inf, high=inf)
  target_position  Space(float32, shape=(2,), low=-inf, high=inf)
  dist_to_target   Space(float32, shape=(), low=-inf, high=inf)
Actions
  action           Space(float32, shape=(2,), low=-1.0, high=1.0)
Extras
  consec           Space(int32, shape=(), low=-2147483648, high=2147483647)
  stepid           Space(uint8, shape=(20,), low=0, high=255)
  dyn/deter        Space(float32, shape=(512,), low=-inf, high=inf)
  dyn/stoch        Space(float32, shape=(32, 4), low=-inf, high=inf)
JAX devices (1): [cuda:0]
Policy devices: cuda:0
Train devices:  cuda:0
Initializing parameters...
/workspace/dreamerv3/embodied/jax/agent.py:112: DeprecationWarning: `with mesh:` context manager has been deprecated. Please use `with jax.set_mesh(mesh):` instead.
  with self.train_mesh:
Optimizer opt has 214,723 params:
        66,111 val
        57,663 rew
        49,796 pol
        41,153 con
/workspace/conda_envs/dreamerv3/lib/python3.11/site-packages/optax/_src/linear_algebra.py:44: DeprecationWarning: optax.global_norm is deprecated in favor of optax.tree.norm
  warnings.warn(
Done initializing!
Compiling 1 checkpoint groups...
Largest checkpoint group: 0 GB
Loading checkpoint: /workspace/goodhart_runs/adapt_ax1q2s1_finger_seed6_ckpt500000/ckpt/20260710T173056F817372
Loaded checkpoint.
adapt_ax1q2s1_finger_seed6_ckpt500000: M-return 1.61 (median 1.61, survived 1.00) -> /workspace/goodhart_runs/goodhart_p2elong/eval_adapt_ax1q2s1_finger_seed6_ckpt500000.json
Observations
  reward           Space(float32, shape=(), low=-inf, high=inf)
  is_first         Space(bool, shape=(), low=False, high=True)
  is_last          Space(bool, shape=(), low=False, high=True)
  is_terminal      Space(bool, shape=(), low=False, high=True)
  position         Space(float32, shape=(4,), low=-inf, high=inf)
  velocity         Space(float32, shape=(3,), low=-inf, high=inf)
  touch            Space(float32, shape=(2,), low=-inf, high=inf)
  target_position  Space(float32, shape=(2,), low=-inf, high=inf)
  dist_to_target   Space(float32, shape=(), low=-inf, high=inf)
Actions
  action           Space(float32, shape=(2,), low=-1.0, high=1.0)
Extras
  consec           Space(int32, shape=(), low=-2147483648, high=2147483647)
  stepid           Space(uint8, shape=(20,), low=0, high=255)
  dyn/deter        Space(float32, shape=(512,), low=-inf, high=inf)
  dyn/stoch        Space(float32, shape=(32, 4), low=-inf, high=inf)
JAX devices (1): [cuda:0]
Policy devices: cuda:0
Train devices:  cuda:0
Initializing parameters...
/workspace/dreamerv3/embodied/jax/agent.py:112: DeprecationWarning: `with mesh:` context manager has been deprecated. Please use `with jax.set_mesh(mesh):` instead.
  with self.train_mesh:
Optimizer opt has 214,723 params:
        66,111 val
        57,663 rew
        49,796 pol
        41,153 con
/workspace/conda_envs/dreamerv3/lib/python3.11/site-packages/optax/_src/linear_algebra.py:44: DeprecationWarning: optax.global_norm is deprecated in favor of optax.tree.norm
  warnings.warn(
Done initializing!
Compiling 1 checkpoint groups...
Largest checkpoint group: 0 GB
Loading checkpoint: /workspace/goodhart_runs/adapt_p2elong_finger_seed1_ckpt500000/ckpt/20260711T040721F002376
Loaded checkpoint.
Observations
  reward           Space(float32, shape=(), low=-inf, high=inf)
  is_first         Space(bool, shape=(), low=False, high=True)
  is_last          Space(bool, shape=(), low=False, high=True)
  is_terminal      Space(bool, shape=(), low=False, high=True)
  position         Space(float32, shape=(4,), low=-inf, high=inf)
  velocity         Space(float32, shape=(3,), low=-inf, high=inf)
  touch            Space(float32, shape=(2,), low=-inf, high=inf)
  target_position  Space(float32, shape=(2,), low=-inf, high=inf)
  dist_to_target   Space(float32, shape=(), low=-inf, high=inf)
Actions
  action           Space(float32, shape=(2,), low=-1.0, high=1.0)
Extras
  consec           Space(int32, shape=(), low=-2147483648, high=2147483647)
  stepid           Space(uint8, shape=(20,), low=0, high=255)
  dyn/deter        Space(float32, shape=(512,), low=-inf, high=inf)
  dyn/stoch        Space(float32, shape=(32, 4), low=-inf, high=inf)
JAX devices (1): [cuda:0]
Policy devices: cuda:0
Train devices:  cuda:0
Initializing parameters...
/workspace/dreamerv3/embodied/jax/agent.py:112: DeprecationWarning: `with mesh:` context manager has been deprecated. Please use `with jax.set_mesh(mesh):` instead.
  with self.train_mesh:
Optimizer opt has 214,723 params:
        66,111 val
        57,663 rew
        49,796 pol
        41,153 con
/workspace/conda_envs/dreamerv3/lib/python3.11/site-packages/optax/_src/linear_algebra.py:44: DeprecationWarning: optax.global_norm is deprecated in favor of optax.tree.norm
  warnings.warn(
Done initializing!
Compiling 1 checkpoint groups...
Largest checkpoint group: 0 GB
Loading checkpoint: /workspace/goodhart_runs/adapt_ax1q2s1_finger_seed7_ckpt500000/ckpt/20260710T174731F671600
Loaded checkpoint.
adapt_ax1q2s1_finger_seed7_ckpt500000: M-return 0.81 (median 0.79, survived 1.00) -> /workspace/goodhart_runs/goodhart_p2elong/eval_adapt_ax1q2s1_finger_seed7_ckpt500000.json
Observations
  reward           Space(float32, shape=(), low=-inf, high=inf)
  is_first         Space(bool, shape=(), low=False, high=True)
  is_last          Space(bool, shape=(), low=False, high=True)
  is_terminal      Space(bool, shape=(), low=False, high=True)
  position         Space(float32, shape=(4,), low=-inf, high=inf)
  velocity         Space(float32, shape=(3,), low=-inf, high=inf)
  touch            Space(float32, shape=(2,), low=-inf, high=inf)
  target_position  Space(float32, shape=(2,), low=-inf, high=inf)
  dist_to_target   Space(float32, shape=(), low=-inf, high=inf)
Actions
  action           Space(float32, shape=(2,), low=-1.0, high=1.0)
Extras
  consec           Space(int32, shape=(), low=-2147483648, high=2147483647)
  stepid           Space(uint8, shape=(20,), low=0, high=255)
  dyn/deter        Space(float32, shape=(512,), low=-inf, high=inf)
  dyn/stoch        Space(float32, shape=(32, 4), low=-inf, high=inf)
JAX devices (1): [cuda:0]
Policy devices: cuda:0
Train devices:  cuda:0
Initializing parameters...
/workspace/dreamerv3/embodied/jax/agent.py:112: DeprecationWarning: `with mesh:` context manager has been deprecated. Please use `with jax.set_mesh(mesh):` instead.
  with self.train_mesh:
Optimizer opt has 214,723 params:
        66,111 val
        57,663 rew
        49,796 pol
        41,153 con
/workspace/conda_envs/dreamerv3/lib/python3.11/site-packages/optax/_src/linear_algebra.py:44: DeprecationWarning: optax.global_norm is deprecated in favor of optax.tree.norm
  warnings.warn(
Done initializing!
Compiling 1 checkpoint groups...
Largest checkpoint group: 0 GB
Loading checkpoint: /workspace/goodhart_runs/adapt_p2elong_finger_seed1_ckpt500000/ckpt/20260711T040721F002376
Loaded checkpoint.
Observations
  reward           Space(float32, shape=(), low=-inf, high=inf)
  is_first         Space(bool, shape=(), low=False, high=True)
  is_last          Space(bool, shape=(), low=False, high=True)
  is_terminal      Space(bool, shape=(), low=False, high=True)
  position         Space(float32, shape=(4,), low=-inf, high=inf)
  velocity         Space(float32, shape=(3,), low=-inf, high=inf)
  touch            Space(float32, shape=(2,), low=-inf, high=inf)
  target_position  Space(float32, shape=(2,), low=-inf, high=inf)
  dist_to_target   Space(float32, shape=(), low=-inf, high=inf)
Actions
  action           Space(float32, shape=(2,), low=-1.0, high=1.0)
Extras
  consec           Space(int32, shape=(), low=-2147483648, high=2147483647)
  stepid           Space(uint8, shape=(20,), low=0, high=255)
  dyn/deter        Space(float32, shape=(512,), low=-inf, high=inf)
  dyn/stoch        Space(float32, shape=(32, 4), low=-inf, high=inf)
JAX devices (1): [cuda:0]
Policy devices: cuda:0
Train devices:  cuda:0
Initializing parameters...
/workspace/dreamerv3/embodied/jax/agent.py:112: DeprecationWarning: `with mesh:` context manager has been deprecated. Please use `with jax.set_mesh(mesh):` instead.
  with self.train_mesh:
Optimizer opt has 214,723 params:
        66,111 val
        57,663 rew
        49,796 pol
        41,153 con
/workspace/conda_envs/dreamerv3/lib/python3.11/site-packages/optax/_src/linear_algebra.py:44: DeprecationWarning: optax.global_norm is deprecated in favor of optax.tree.norm
  warnings.warn(
Done initializing!
Compiling 1 checkpoint groups...
Largest checkpoint group: 0 GB
Loading checkpoint: /workspace/goodhart_runs/adapt_ax1q2s1_finger_seed8_ckpt500000/ckpt/20260710T164006F409366
Loaded checkpoint.
adapt_ax1q2s1_finger_seed8_ckpt500000: M-return 1.13 (median 1.06, survived 1.00) -> /workspace/goodhart_runs/goodhart_p2elong/eval_adapt_ax1q2s1_finger_seed8_ckpt500000.json
Observations
  reward           Space(float32, shape=(), low=-inf, high=inf)
  is_first         Space(bool, shape=(), low=False, high=True)
  is_last          Space(bool, shape=(), low=False, high=True)
  is_terminal      Space(bool, shape=(), low=False, high=True)
  position         Space(float32, shape=(4,), low=-inf, high=inf)
  velocity         Space(float32, shape=(3,), low=-inf, high=inf)
  touch            Space(float32, shape=(2,), low=-inf, high=inf)
  target_position  Space(float32, shape=(2,), low=-inf, high=inf)
  dist_to_target   Space(float32, shape=(), low=-inf, high=inf)
Actions
  action           Space(float32, shape=(2,), low=-1.0, high=1.0)
Extras
  consec           Space(int32, shape=(), low=-2147483648, high=2147483647)
  stepid           Space(uint8, shape=(20,), low=0, high=255)
  dyn/deter        Space(float32, shape=(512,), low=-inf, high=inf)
  dyn/stoch        Space(float32, shape=(32, 4), low=-inf, high=inf)
JAX devices (1): [cuda:0]
Policy devices: cuda:0
Train devices:  cuda:0
Initializing parameters...
/workspace/dreamerv3/embodied/jax/agent.py:112: DeprecationWarning: `with mesh:` context manager has been deprecated. Please use `with jax.set_mesh(mesh):` instead.
  with self.train_mesh:
Optimizer opt has 214,723 params:
        66,111 val
        57,663 rew
        49,796 pol
        41,153 con
/workspace/conda_envs/dreamerv3/lib/python3.11/site-packages/optax/_src/linear_algebra.py:44: DeprecationWarning: optax.global_norm is deprecated in favor of optax.tree.norm
  warnings.warn(
Done initializing!
Compiling 1 checkpoint groups...
Largest checkpoint group: 0 GB
Loading checkpoint: /workspace/goodhart_runs/adapt_p2elong_finger_seed1_ckpt500000/ckpt/20260711T040721F002376
Loaded checkpoint.
Observations
  reward           Space(float32, shape=(), low=-inf, high=inf)
  is_first         Space(bool, shape=(), low=False, high=True)
  is_last          Space(bool, shape=(), low=False, high=True)
  is_terminal      Space(bool, shape=(), low=False, high=True)
  position         Space(float32, shape=(4,), low=-inf, high=inf)
  velocity         Space(float32, shape=(3,), low=-inf, high=inf)
  touch            Space(float32, shape=(2,), low=-inf, high=inf)
  target_position  Space(float32, shape=(2,), low=-inf, high=inf)
  dist_to_target   Space(float32, shape=(), low=-inf, high=inf)
Actions
  action           Space(float32, shape=(2,), low=-1.0, high=1.0)
Extras
  consec           Space(int32, shape=(), low=-2147483648, high=2147483647)
  stepid           Space(uint8, shape=(20,), low=0, high=255)
  dyn/deter        Space(float32, shape=(512,), low=-inf, high=inf)
  dyn/stoch        Space(float32, shape=(32, 4), low=-inf, high=inf)
JAX devices (1): [cuda:0]
Policy devices: cuda:0
Train devices:  cuda:0
Initializing parameters...
/workspace/dreamerv3/embodied/jax/agent.py:112: DeprecationWarning: `with mesh:` context manager has been deprecated. Please use `with jax.set_mesh(mesh):` instead.
  with self.train_mesh:
Optimizer opt has 214,723 params:
        66,111 val
        57,663 rew
        49,796 pol
        41,153 con
/workspace/conda_envs/dreamerv3/lib/python3.11/site-packages/optax/_src/linear_algebra.py:44: DeprecationWarning: optax.global_norm is deprecated in favor of optax.tree.norm
  warnings.warn(
Done initializing!
Compiling 1 checkpoint groups...
Largest checkpoint group: 0 GB
Loading checkpoint: /workspace/goodhart_runs/adapt_ax1q2s1_finger_seed9_ckpt500000/ckpt/20260716T114140F420171
Loaded checkpoint.
adapt_ax1q2s1_finger_seed9_ckpt500000: M-return 0.57 (median 0.53, survived 1.00) -> /workspace/goodhart_runs/goodhart_p2elong/eval_adapt_ax1q2s1_finger_seed9_ckpt500000.json
Observations
  reward           Space(float32, shape=(), low=-inf, high=inf)
  is_first         Space(bool, shape=(), low=False, high=True)
  is_last          Space(bool, shape=(), low=False, high=True)
  is_terminal      Space(bool, shape=(), low=False, high=True)
  position         Space(float32, shape=(4,), low=-inf, high=inf)
  velocity         Space(float32, shape=(3,), low=-inf, high=inf)
  touch            Space(float32, shape=(2,), low=-inf, high=inf)
  target_position  Space(float32, shape=(2,), low=-inf, high=inf)
  dist_to_target   Space(float32, shape=(), low=-inf, high=inf)
Actions
  action           Space(float32, shape=(2,), low=-1.0, high=1.0)
Extras
  consec           Space(int32, shape=(), low=-2147483648, high=2147483647)
  stepid           Space(uint8, shape=(20,), low=0, high=255)
  dyn/deter        Space(float32, shape=(512,), low=-inf, high=inf)
  dyn/stoch        Space(float32, shape=(32, 4), low=-inf, high=inf)
JAX devices (1): [cuda:0]
Policy devices: cuda:0
Train devices:  cuda:0
Initializing parameters...
/workspace/dreamerv3/embodied/jax/agent.py:112: DeprecationWarning: `with mesh:` context manager has been deprecated. Please use `with jax.set_mesh(mesh):` instead.
  with self.train_mesh:
Optimizer opt has 214,723 params:
        66,111 val
        57,663 rew
        49,796 pol
        41,153 con
/workspace/conda_envs/dreamerv3/lib/python3.11/site-packages/optax/_src/linear_algebra.py:44: DeprecationWarning: optax.global_norm is deprecated in favor of optax.tree.norm
  warnings.warn(
Done initializing!
Compiling 1 checkpoint groups...
Largest checkpoint group: 0 GB
Loading checkpoint: /workspace/goodhart_runs/adapt_p2elong_finger_seed1_ckpt500000/ckpt/20260711T040721F002376
Loaded checkpoint.
Observations
  reward           Space(float32, shape=(), low=-inf, high=inf)
  is_first         Space(bool, shape=(), low=False, high=True)
  is_last          Space(bool, shape=(), low=False, high=True)
  is_terminal      Space(bool, shape=(), low=False, high=True)
  position         Space(float32, shape=(4,), low=-inf, high=inf)
  velocity         Space(float32, shape=(3,), low=-inf, high=inf)
  touch            Space(float32, shape=(2,), low=-inf, high=inf)
  target_position  Space(float32, shape=(2,), low=-inf, high=inf)
  dist_to_target   Space(float32, shape=(), low=-inf, high=inf)
Actions
  action           Space(float32, shape=(2,), low=-1.0, high=1.0)
Extras
  consec           Space(int32, shape=(), low=-2147483648, high=2147483647)
  stepid           Space(uint8, shape=(20,), low=0, high=255)
  dyn/deter        Space(float32, shape=(512,), low=-inf, high=inf)
  dyn/stoch        Space(float32, shape=(32, 4), low=-inf, high=inf)
JAX devices (1): [cuda:0]
Policy devices: cuda:0
Train devices:  cuda:0
Initializing parameters...
/workspace/dreamerv3/embodied/jax/agent.py:112: DeprecationWarning: `with mesh:` context manager has been deprecated. Please use `with jax.set_mesh(mesh):` instead.
  with self.train_mesh:
Optimizer opt has 214,723 params:
        66,111 val
        57,663 rew
        49,796 pol
        41,153 con
/workspace/conda_envs/dreamerv3/lib/python3.11/site-packages/optax/_src/linear_algebra.py:44: DeprecationWarning: optax.global_norm is deprecated in favor of optax.tree.norm
  warnings.warn(
Done initializing!
Compiling 1 checkpoint groups...
Largest checkpoint group: 0 GB
Loading checkpoint: /workspace/goodhart_runs/adapt_p2e_finger_seed1_ckpt500000/ckpt/20260706T224623F077307
Loaded checkpoint.
adapt_p2e_finger_seed1_ckpt500000: M-return 0.38 (median 0.33, survived 1.00) -> /workspace/goodhart_runs/goodhart_p2elong/eval_adapt_p2e_finger_seed1_ckpt500000.json
Observations
  reward           Space(float32, shape=(), low=-inf, high=inf)
  is_first         Space(bool, shape=(), low=False, high=True)
  is_last          Space(bool, shape=(), low=False, high=True)
  is_terminal      Space(bool, shape=(), low=False, high=True)
  position         Space(float32, shape=(4,), low=-inf, high=inf)
  velocity         Space(float32, shape=(3,), low=-inf, high=inf)
  touch            Space(float32, shape=(2,), low=-inf, high=inf)
  target_position  Space(float32, shape=(2,), low=-inf, high=inf)
  dist_to_target   Space(float32, shape=(), low=-inf, high=inf)
Actions
  action           Space(float32, shape=(2,), low=-1.0, high=1.0)
Extras
  consec           Space(int32, shape=(), low=-2147483648, high=2147483647)
  stepid           Space(uint8, shape=(20,), low=0, high=255)
  dyn/deter        Space(float32, shape=(512,), low=-inf, high=inf)
  dyn/stoch        Space(float32, shape=(32, 4), low=-inf, high=inf)
JAX devices (1): [cuda:0]
Policy devices: cuda:0
Train devices:  cuda:0
Initializing parameters...
/workspace/dreamerv3/embodied/jax/agent.py:112: DeprecationWarning: `with mesh:` context manager has been deprecated. Please use `with jax.set_mesh(mesh):` instead.
  with self.train_mesh:
Optimizer opt has 214,723 params:
        66,111 val
        57,663 rew
        49,796 pol
        41,153 con
/workspace/conda_envs/dreamerv3/lib/python3.11/site-packages/optax/_src/linear_algebra.py:44: DeprecationWarning: optax.global_norm is deprecated in favor of optax.tree.norm
  warnings.warn(
Done initializing!
Compiling 1 checkpoint groups...
Largest checkpoint group: 0 GB
Loading checkpoint: /workspace/goodhart_runs/adapt_p2elong_finger_seed1_ckpt500000/ckpt/20260711T040721F002376
Loaded checkpoint.
Observations
  reward           Space(float32, shape=(), low=-inf, high=inf)
  is_first         Space(bool, shape=(), low=False, high=True)
  is_last          Space(bool, shape=(), low=False, high=True)
  is_terminal      Space(bool, shape=(), low=False, high=True)
  position         Space(float32, shape=(4,), low=-inf, high=inf)
  velocity         Space(float32, shape=(3,), low=-inf, high=inf)
  touch            Space(float32, shape=(2,), low=-inf, high=inf)
  target_position  Space(float32, shape=(2,), low=-inf, high=inf)
  dist_to_target   Space(float32, shape=(), low=-inf, high=inf)
Actions
  action           Space(float32, shape=(2,), low=-1.0, high=1.0)
Extras
  consec           Space(int32, shape=(), low=-2147483648, high=2147483647)
  stepid           Space(uint8, shape=(20,), low=0, high=255)
  dyn/deter        Space(float32, shape=(512,), low=-inf, high=inf)
  dyn/stoch        Space(float32, shape=(32, 4), low=-inf, high=inf)
JAX devices (1): [cuda:0]
Policy devices: cuda:0
Train devices:  cuda:0
Initializing parameters...
/workspace/dreamerv3/embodied/jax/agent.py:112: DeprecationWarning: `with mesh:` context manager has been deprecated. Please use `with jax.set_mesh(mesh):` instead.
  with self.train_mesh:
Optimizer opt has 214,723 params:
        66,111 val
        57,663 rew
        49,796 pol
        41,153 con
/workspace/conda_envs/dreamerv3/lib/python3.11/site-packages/optax/_src/linear_algebra.py:44: DeprecationWarning: optax.global_norm is deprecated in favor of optax.tree.norm
  warnings.warn(
Done initializing!
Compiling 1 checkpoint groups...
Largest checkpoint group: 0 GB
Loading checkpoint: /workspace/goodhart_runs/adapt_p2e_finger_seed2_ckpt500000/ckpt/20260706T035714F982679
Loaded checkpoint.
adapt_p2e_finger_seed2_ckpt500000: M-return 3.15 (median 2.27, survived 1.00) -> /workspace/goodhart_runs/goodhart_p2elong/eval_adapt_p2e_finger_seed2_ckpt500000.json
Observations
  reward           Space(float32, shape=(), low=-inf, high=inf)
  is_first         Space(bool, shape=(), low=False, high=True)
  is_last          Space(bool, shape=(), low=False, high=True)
  is_terminal      Space(bool, shape=(), low=False, high=True)
  position         Space(float32, shape=(4,), low=-inf, high=inf)
  velocity         Space(float32, shape=(3,), low=-inf, high=inf)
  touch            Space(float32, shape=(2,), low=-inf, high=inf)
  target_position  Space(float32, shape=(2,), low=-inf, high=inf)
  dist_to_target   Space(float32, shape=(), low=-inf, high=inf)
Actions
  action           Space(float32, shape=(2,), low=-1.0, high=1.0)
Extras
  consec           Space(int32, shape=(), low=-2147483648, high=2147483647)
  stepid           Space(uint8, shape=(20,), low=0, high=255)
  dyn/deter        Space(float32, shape=(512,), low=-inf, high=inf)
  dyn/stoch        Space(float32, shape=(32, 4), low=-inf, high=inf)
JAX devices (1): [cuda:0]
Policy devices: cuda:0
Train devices:  cuda:0
Initializing parameters...
/workspace/dreamerv3/embodied/jax/agent.py:112: DeprecationWarning: `with mesh:` context manager has been deprecated. Please use `with jax.set_mesh(mesh):` instead.
  with self.train_mesh:
Optimizer opt has 214,723 params:
        66,111 val
        57,663 rew
        49,796 pol
        41,153 con
/workspace/conda_envs/dreamerv3/lib/python3.11/site-packages/optax/_src/linear_algebra.py:44: DeprecationWarning: optax.global_norm is deprecated in favor of optax.tree.norm
  warnings.warn(
Done initializing!
Compiling 1 checkpoint groups...
Largest checkpoint group: 0 GB
Loading checkpoint: /workspace/goodhart_runs/adapt_p2elong_finger_seed1_ckpt500000/ckpt/20260711T040721F002376
Loaded checkpoint.
Observations
  reward           Space(float32, shape=(), low=-inf, high=inf)
  is_first         Space(bool, shape=(), low=False, high=True)
  is_last          Space(bool, shape=(), low=False, high=True)
  is_terminal      Space(bool, shape=(), low=False, high=True)
  position         Space(float32, shape=(4,), low=-inf, high=inf)
  velocity         Space(float32, shape=(3,), low=-inf, high=inf)
  touch            Space(float32, shape=(2,), low=-inf, high=inf)
  target_position  Space(float32, shape=(2,), low=-inf, high=inf)
  dist_to_target   Space(float32, shape=(), low=-inf, high=inf)
Actions
  action           Space(float32, shape=(2,), low=-1.0, high=1.0)
Extras
  consec           Space(int32, shape=(), low=-2147483648, high=2147483647)
  stepid           Space(uint8, shape=(20,), low=0, high=255)
  dyn/deter        Space(float32, shape=(512,), low=-inf, high=inf)
  dyn/stoch        Space(float32, shape=(32, 4), low=-inf, high=inf)
JAX devices (1): [cuda:0]
Policy devices: cuda:0
Train devices:  cuda:0
Initializing parameters...
/workspace/dreamerv3/embodied/jax/agent.py:112: DeprecationWarning: `with mesh:` context manager has been deprecated. Please use `with jax.set_mesh(mesh):` instead.
  with self.train_mesh:
Optimizer opt has 214,723 params:
        66,111 val
        57,663 rew
        49,796 pol
        41,153 con
/workspace/conda_envs/dreamerv3/lib/python3.11/site-packages/optax/_src/linear_algebra.py:44: DeprecationWarning: optax.global_norm is deprecated in favor of optax.tree.norm
  warnings.warn(
Done initializing!
Compiling 1 checkpoint groups...
Largest checkpoint group: 0 GB
Loading checkpoint: /workspace/goodhart_runs/adapt_p2e_finger_seed3_ckpt500000/ckpt/20260706T083729F089329
Loaded checkpoint.
adapt_p2e_finger_seed3_ckpt500000: M-return 0.39 (median 0.37, survived 1.00) -> /workspace/goodhart_runs/goodhart_p2elong/eval_adapt_p2e_finger_seed3_ckpt500000.json
Observations
  reward           Space(float32, shape=(), low=-inf, high=inf)
  is_first         Space(bool, shape=(), low=False, high=True)
  is_last          Space(bool, shape=(), low=False, high=True)
  is_terminal      Space(bool, shape=(), low=False, high=True)
  position         Space(float32, shape=(4,), low=-inf, high=inf)
  velocity         Space(float32, shape=(3,), low=-inf, high=inf)
  touch            Space(float32, shape=(2,), low=-inf, high=inf)
  target_position  Space(float32, shape=(2,), low=-inf, high=inf)
  dist_to_target   Space(float32, shape=(), low=-inf, high=inf)
Actions
  action           Space(float32, shape=(2,), low=-1.0, high=1.0)
Extras
  consec           Space(int32, shape=(), low=-2147483648, high=2147483647)
  stepid           Space(uint8, shape=(20,), low=0, high=255)
  dyn/deter        Space(float32, shape=(512,), low=-inf, high=inf)
  dyn/stoch        Space(float32, shape=(32, 4), low=-inf, high=inf)
JAX devices (1): [cuda:0]
Policy devices: cuda:0
Train devices:  cuda:0
Initializing parameters...
/workspace/dreamerv3/embodied/jax/agent.py:112: DeprecationWarning: `with mesh:` context manager has been deprecated. Please use `with jax.set_mesh(mesh):` instead.
  with self.train_mesh:
Optimizer opt has 214,723 params:
        66,111 val
        57,663 rew
        49,796 pol
        41,153 con
/workspace/conda_envs/dreamerv3/lib/python3.11/site-packages/optax/_src/linear_algebra.py:44: DeprecationWarning: optax.global_norm is deprecated in favor of optax.tree.norm
  warnings.warn(
Done initializing!
Compiling 1 checkpoint groups...
Largest checkpoint group: 0 GB
Loading checkpoint: /workspace/goodhart_runs/adapt_p2elong_finger_seed1_ckpt500000/ckpt/20260711T040721F002376
Loaded checkpoint.
Observations
  reward           Space(float32, shape=(), low=-inf, high=inf)
  is_first         Space(bool, shape=(), low=False, high=True)
  is_last          Space(bool, shape=(), low=False, high=True)
  is_terminal      Space(bool, shape=(), low=False, high=True)
  position         Space(float32, shape=(4,), low=-inf, high=inf)
  velocity         Space(float32, shape=(3,), low=-inf, high=inf)
  touch            Space(float32, shape=(2,), low=-inf, high=inf)
  target_position  Space(float32, shape=(2,), low=-inf, high=inf)
  dist_to_target   Space(float32, shape=(), low=-inf, high=inf)
Actions
  action           Space(float32, shape=(2,), low=-1.0, high=1.0)
Extras
  consec           Space(int32, shape=(), low=-2147483648, high=2147483647)
  stepid           Space(uint8, shape=(20,), low=0, high=255)
  dyn/deter        Space(float32, shape=(512,), low=-inf, high=inf)
  dyn/stoch        Space(float32, shape=(32, 4), low=-inf, high=inf)
JAX devices (1): [cuda:0]
Policy devices: cuda:0
Train devices:  cuda:0
Initializing parameters...
/workspace/dreamerv3/embodied/jax/agent.py:112: DeprecationWarning: `with mesh:` context manager has been deprecated. Please use `with jax.set_mesh(mesh):` instead.
  with self.train_mesh:
Optimizer opt has 214,723 params:
        66,111 val
        57,663 rew
        49,796 pol
        41,153 con
/workspace/conda_envs/dreamerv3/lib/python3.11/site-packages/optax/_src/linear_algebra.py:44: DeprecationWarning: optax.global_norm is deprecated in favor of optax.tree.norm
  warnings.warn(
Done initializing!
Compiling 1 checkpoint groups...
Largest checkpoint group: 0 GB
Loading checkpoint: /workspace/goodhart_runs/adapt_p2e_finger_seed4_ckpt500000/ckpt/20260706T131750F922471
Loaded checkpoint.
adapt_p2e_finger_seed4_ckpt500000: M-return 0.83 (median 0.72, survived 1.00) -> /workspace/goodhart_runs/goodhart_p2elong/eval_adapt_p2e_finger_seed4_ckpt500000.json
Observations
  reward           Space(float32, shape=(), low=-inf, high=inf)
  is_first         Space(bool, shape=(), low=False, high=True)
  is_last          Space(bool, shape=(), low=False, high=True)
  is_terminal      Space(bool, shape=(), low=False, high=True)
  position         Space(float32, shape=(4,), low=-inf, high=inf)
  velocity         Space(float32, shape=(3,), low=-inf, high=inf)
  touch            Space(float32, shape=(2,), low=-inf, high=inf)
  target_position  Space(float32, shape=(2,), low=-inf, high=inf)
  dist_to_target   Space(float32, shape=(), low=-inf, high=inf)
Actions
  action           Space(float32, shape=(2,), low=-1.0, high=1.0)
Extras
  consec           Space(int32, shape=(), low=-2147483648, high=2147483647)
  stepid           Space(uint8, shape=(20,), low=0, high=255)
  dyn/deter        Space(float32, shape=(512,), low=-inf, high=inf)
  dyn/stoch        Space(float32, shape=(32, 4), low=-inf, high=inf)
JAX devices (1): [cuda:0]
Policy devices: cuda:0
Train devices:  cuda:0
Initializing parameters...
/workspace/dreamerv3/embodied/jax/agent.py:112: DeprecationWarning: `with mesh:` context manager has been deprecated. Please use `with jax.set_mesh(mesh):` instead.
  with self.train_mesh:
Optimizer opt has 214,723 params:
        66,111 val
        57,663 rew
        49,796 pol
        41,153 con
/workspace/conda_envs/dreamerv3/lib/python3.11/site-packages/optax/_src/linear_algebra.py:44: DeprecationWarning: optax.global_norm is deprecated in favor of optax.tree.norm
  warnings.warn(
Done initializing!
Compiling 1 checkpoint groups...
Largest checkpoint group: 0 GB
Loading checkpoint: /workspace/goodhart_runs/adapt_p2elong_finger_seed1_ckpt500000/ckpt/20260711T040721F002376
Loaded checkpoint.
Observations
  reward           Space(float32, shape=(), low=-inf, high=inf)
  is_first         Space(bool, shape=(), low=False, high=True)
  is_last          Space(bool, shape=(), low=False, high=True)
  is_terminal      Space(bool, shape=(), low=False, high=True)
  position         Space(float32, shape=(4,), low=-inf, high=inf)
  velocity         Space(float32, shape=(3,), low=-inf, high=inf)
  touch            Space(float32, shape=(2,), low=-inf, high=inf)
  target_position  Space(float32, shape=(2,), low=-inf, high=inf)
  dist_to_target   Space(float32, shape=(), low=-inf, high=inf)
Actions
  action           Space(float32, shape=(2,), low=-1.0, high=1.0)
Extras
  consec           Space(int32, shape=(), low=-2147483648, high=2147483647)
  stepid           Space(uint8, shape=(20,), low=0, high=255)
  dyn/deter        Space(float32, shape=(512,), low=-inf, high=inf)
  dyn/stoch        Space(float32, shape=(32, 4), low=-inf, high=inf)
JAX devices (1): [cuda:0]
Policy devices: cuda:0
Train devices:  cuda:0
Initializing parameters...
/workspace/dreamerv3/embodied/jax/agent.py:112: DeprecationWarning: `with mesh:` context manager has been deprecated. Please use `with jax.set_mesh(mesh):` instead.
  with self.train_mesh:
Optimizer opt has 214,723 params:
        66,111 val
        57,663 rew
        49,796 pol
        41,153 con
/workspace/conda_envs/dreamerv3/lib/python3.11/site-packages/optax/_src/linear_algebra.py:44: DeprecationWarning: optax.global_norm is deprecated in favor of optax.tree.norm
  warnings.warn(
Done initializing!
Compiling 1 checkpoint groups...
Largest checkpoint group: 0 GB
Loading checkpoint: /workspace/goodhart_runs/adapt_p2e_finger_seed5_ckpt500000/ckpt/20260706T175855F202796
Loaded checkpoint.
adapt_p2e_finger_seed5_ckpt500000: M-return 0.49 (median 0.48, survived 1.00) -> /workspace/goodhart_runs/goodhart_p2elong/eval_adapt_p2e_finger_seed5_ckpt500000.json
SKIP evaluator itself: adapt_p2elong_finger_seed1_ckpt500000
Observations
  reward           Space(float32, shape=(), low=-inf, high=inf)
  is_first         Space(bool, shape=(), low=False, high=True)
  is_last          Space(bool, shape=(), low=False, high=True)
  is_terminal      Space(bool, shape=(), low=False, high=True)
  position         Space(float32, shape=(4,), low=-inf, high=inf)
  velocity         Space(float32, shape=(3,), low=-inf, high=inf)
  touch            Space(float32, shape=(2,), low=-inf, high=inf)
  target_position  Space(float32, shape=(2,), low=-inf, high=inf)
  dist_to_target   Space(float32, shape=(), low=-inf, high=inf)
Actions
  action           Space(float32, shape=(2,), low=-1.0, high=1.0)
Extras
  consec           Space(int32, shape=(), low=-2147483648, high=2147483647)
  stepid           Space(uint8, shape=(20,), low=0, high=255)
  dyn/deter        Space(float32, shape=(512,), low=-inf, high=inf)
  dyn/stoch        Space(float32, shape=(32, 4), low=-inf, high=inf)
JAX devices (1): [cuda:0]
Policy devices: cuda:0
Train devices:  cuda:0
Initializing parameters...
/workspace/dreamerv3/embodied/jax/agent.py:112: DeprecationWarning: `with mesh:` context manager has been deprecated. Please use `with jax.set_mesh(mesh):` instead.
  with self.train_mesh:
Optimizer opt has 214,723 params:
        66,111 val
        57,663 rew
        49,796 pol
        41,153 con
/workspace/conda_envs/dreamerv3/lib/python3.11/site-packages/optax/_src/linear_algebra.py:44: DeprecationWarning: optax.global_norm is deprecated in favor of optax.tree.norm
  warnings.warn(
Done initializing!
Compiling 1 checkpoint groups...
Largest checkpoint group: 0 GB
Loading checkpoint: /workspace/goodhart_runs/adapt_p2elong_finger_seed1_ckpt500000/ckpt/20260711T040721F002376
Loaded checkpoint.
Observations
  reward           Space(float32, shape=(), low=-inf, high=inf)
  is_first         Space(bool, shape=(), low=False, high=True)
  is_last          Space(bool, shape=(), low=False, high=True)
  is_terminal      Space(bool, shape=(), low=False, high=True)
  position         Space(float32, shape=(4,), low=-inf, high=inf)
  velocity         Space(float32, shape=(3,), low=-inf, high=inf)
  touch            Space(float32, shape=(2,), low=-inf, high=inf)
  target_position  Space(float32, shape=(2,), low=-inf, high=inf)
  dist_to_target   Space(float32, shape=(), low=-inf, high=inf)
Actions
  action           Space(float32, shape=(2,), low=-1.0, high=1.0)
Extras
  consec           Space(int32, shape=(), low=-2147483648, high=2147483647)
  stepid           Space(uint8, shape=(20,), low=0, high=255)
  dyn/deter        Space(float32, shape=(512,), low=-inf, high=inf)
  dyn/stoch        Space(float32, shape=(32, 4), low=-inf, high=inf)
JAX devices (1): [cuda:0]
Policy devices: cuda:0
Train devices:  cuda:0
Initializing parameters...
/workspace/dreamerv3/embodied/jax/agent.py:112: DeprecationWarning: `with mesh:` context manager has been deprecated. Please use `with jax.set_mesh(mesh):` instead.
  with self.train_mesh:
Optimizer opt has 214,723 params:
        66,111 val
        57,663 rew
        49,796 pol
        41,153 con
/workspace/conda_envs/dreamerv3/lib/python3.11/site-packages/optax/_src/linear_algebra.py:44: DeprecationWarning: optax.global_norm is deprecated in favor of optax.tree.norm
  warnings.warn(
Done initializing!
Compiling 1 checkpoint groups...
Largest checkpoint group: 0 GB
Loading checkpoint: /workspace/goodhart_runs/adapt_random_finger_seed1_ckpt500000/ckpt/20260706T053853F842493
Loaded checkpoint.
adapt_random_finger_seed1_ckpt500000: M-return 1.47 (median 1.50, survived 1.00) -> /workspace/goodhart_runs/goodhart_p2elong/eval_adapt_random_finger_seed1_ckpt500000.json
Observations
  reward           Space(float32, shape=(), low=-inf, high=inf)
  is_first         Space(bool, shape=(), low=False, high=True)
  is_last          Space(bool, shape=(), low=False, high=True)
  is_terminal      Space(bool, shape=(), low=False, high=True)
  position         Space(float32, shape=(4,), low=-inf, high=inf)
  velocity         Space(float32, shape=(3,), low=-inf, high=inf)
  touch            Space(float32, shape=(2,), low=-inf, high=inf)
  target_position  Space(float32, shape=(2,), low=-inf, high=inf)
  dist_to_target   Space(float32, shape=(), low=-inf, high=inf)
Actions
  action           Space(float32, shape=(2,), low=-1.0, high=1.0)
Extras
  consec           Space(int32, shape=(), low=-2147483648, high=2147483647)
  stepid           Space(uint8, shape=(20,), low=0, high=255)
  dyn/deter        Space(float32, shape=(512,), low=-inf, high=inf)
  dyn/stoch        Space(float32, shape=(32, 4), low=-inf, high=inf)
JAX devices (1): [cuda:0]
Policy devices: cuda:0
Train devices:  cuda:0
Initializing parameters...
/workspace/dreamerv3/embodied/jax/agent.py:112: DeprecationWarning: `with mesh:` context manager has been deprecated. Please use `with jax.set_mesh(mesh):` instead.
  with self.train_mesh:
Optimizer opt has 214,723 params:
        66,111 val
        57,663 rew
        49,796 pol
        41,153 con
/workspace/conda_envs/dreamerv3/lib/python3.11/site-packages/optax/_src/linear_algebra.py:44: DeprecationWarning: optax.global_norm is deprecated in favor of optax.tree.norm
  warnings.warn(
Done initializing!
Compiling 1 checkpoint groups...
Largest checkpoint group: 0 GB
Loading checkpoint: /workspace/goodhart_runs/adapt_p2elong_finger_seed1_ckpt500000/ckpt/20260711T040721F002376
Loaded checkpoint.
Observations
  reward           Space(float32, shape=(), low=-inf, high=inf)
  is_first         Space(bool, shape=(), low=False, high=True)
  is_last          Space(bool, shape=(), low=False, high=True)
  is_terminal      Space(bool, shape=(), low=False, high=True)
  position         Space(float32, shape=(4,), low=-inf, high=inf)
  velocity         Space(float32, shape=(3,), low=-inf, high=inf)
  touch            Space(float32, shape=(2,), low=-inf, high=inf)
  target_position  Space(float32, shape=(2,), low=-inf, high=inf)
  dist_to_target   Space(float32, shape=(), low=-inf, high=inf)
Actions
  action           Space(float32, shape=(2,), low=-1.0, high=1.0)
Extras
  consec           Space(int32, shape=(), low=-2147483648, high=2147483647)
  stepid           Space(uint8, shape=(20,), low=0, high=255)
  dyn/deter        Space(float32, shape=(512,), low=-inf, high=inf)
  dyn/stoch        Space(float32, shape=(32, 4), low=-inf, high=inf)
JAX devices (1): [cuda:0]
Policy devices: cuda:0
Train devices:  cuda:0
Initializing parameters...
/workspace/dreamerv3/embodied/jax/agent.py:112: DeprecationWarning: `with mesh:` context manager has been deprecated. Please use `with jax.set_mesh(mesh):` instead.
  with self.train_mesh:
Optimizer opt has 214,723 params:
        66,111 val
        57,663 rew
        49,796 pol
        41,153 con
/workspace/conda_envs/dreamerv3/lib/python3.11/site-packages/optax/_src/linear_algebra.py:44: DeprecationWarning: optax.global_norm is deprecated in favor of optax.tree.norm
  warnings.warn(
Done initializing!
Compiling 1 checkpoint groups...
Largest checkpoint group: 0 GB
Loading checkpoint: /workspace/goodhart_runs/adapt_random_finger_seed2_ckpt500000/ckpt/20260706T094755F584767
Loaded checkpoint.
adapt_random_finger_seed2_ckpt500000: M-return 1.37 (median 1.18, survived 1.00) -> /workspace/goodhart_runs/goodhart_p2elong/eval_adapt_random_finger_seed2_ckpt500000.json
Observations
  reward           Space(float32, shape=(), low=-inf, high=inf)
  is_first         Space(bool, shape=(), low=False, high=True)
  is_last          Space(bool, shape=(), low=False, high=True)
  is_terminal      Space(bool, shape=(), low=False, high=True)
  position         Space(float32, shape=(4,), low=-inf, high=inf)
  velocity         Space(float32, shape=(3,), low=-inf, high=inf)
  touch            Space(float32, shape=(2,), low=-inf, high=inf)
  target_position  Space(float32, shape=(2,), low=-inf, high=inf)
  dist_to_target   Space(float32, shape=(), low=-inf, high=inf)
Actions
  action           Space(float32, shape=(2,), low=-1.0, high=1.0)
Extras
  consec           Space(int32, shape=(), low=-2147483648, high=2147483647)
  stepid           Space(uint8, shape=(20,), low=0, high=255)
  dyn/deter        Space(float32, shape=(512,), low=-inf, high=inf)
  dyn/stoch        Space(float32, shape=(32, 4), low=-inf, high=inf)
JAX devices (1): [cuda:0]
Policy devices: cuda:0
Train devices:  cuda:0
Initializing parameters...
/workspace/dreamerv3/embodied/jax/agent.py:112: DeprecationWarning: `with mesh:` context manager has been deprecated. Please use `with jax.set_mesh(mesh):` instead.
  with self.train_mesh:
Optimizer opt has 214,723 params:
        66,111 val
        57,663 rew
        49,796 pol
        41,153 con
/workspace/conda_envs/dreamerv3/lib/python3.11/site-packages/optax/_src/linear_algebra.py:44: DeprecationWarning: optax.global_norm is deprecated in favor of optax.tree.norm
  warnings.warn(
Done initializing!
Compiling 1 checkpoint groups...
Largest checkpoint group: 0 GB
Loading checkpoint: /workspace/goodhart_runs/adapt_p2elong_finger_seed1_ckpt500000/ckpt/20260711T040721F002376
Loaded checkpoint.
Observations
  reward           Space(float32, shape=(), low=-inf, high=inf)
  is_first         Space(bool, shape=(), low=False, high=True)
  is_last          Space(bool, shape=(), low=False, high=True)
  is_terminal      Space(bool, shape=(), low=False, high=True)
  position         Space(float32, shape=(4,), low=-inf, high=inf)
  velocity         Space(float32, shape=(3,), low=-inf, high=inf)
  touch            Space(float32, shape=(2,), low=-inf, high=inf)
  target_position  Space(float32, shape=(2,), low=-inf, high=inf)
  dist_to_target   Space(float32, shape=(), low=-inf, high=inf)
Actions
  action           Space(float32, shape=(2,), low=-1.0, high=1.0)
Extras
  consec           Space(int32, shape=(), low=-2147483648, high=2147483647)
  stepid           Space(uint8, shape=(20,), low=0, high=255)
  dyn/deter        Space(float32, shape=(512,), low=-inf, high=inf)
  dyn/stoch        Space(float32, shape=(32, 4), low=-inf, high=inf)
JAX devices (1): [cuda:0]
Policy devices: cuda:0
Train devices:  cuda:0
Initializing parameters...
/workspace/dreamerv3/embodied/jax/agent.py:112: DeprecationWarning: `with mesh:` context manager has been deprecated. Please use `with jax.set_mesh(mesh):` instead.
  with self.train_mesh:
Optimizer opt has 214,723 params:
        66,111 val
        57,663 rew
        49,796 pol
        41,153 con
/workspace/conda_envs/dreamerv3/lib/python3.11/site-packages/optax/_src/linear_algebra.py:44: DeprecationWarning: optax.global_norm is deprecated in favor of optax.tree.norm
  warnings.warn(
Done initializing!
Compiling 1 checkpoint groups...
Largest checkpoint group: 0 GB
Loading checkpoint: /workspace/goodhart_runs/adapt_random_finger_seed3_ckpt500000/ckpt/20260706T135735F242906
Loaded checkpoint.
adapt_random_finger_seed3_ckpt500000: M-return 1.02 (median 0.88, survived 1.00) -> /workspace/goodhart_runs/goodhart_p2elong/eval_adapt_random_finger_seed3_ckpt500000.json
Observations
  reward           Space(float32, shape=(), low=-inf, high=inf)
  is_first         Space(bool, shape=(), low=False, high=True)
  is_last          Space(bool, shape=(), low=False, high=True)
  is_terminal      Space(bool, shape=(), low=False, high=True)
  position         Space(float32, shape=(4,), low=-inf, high=inf)
  velocity         Space(float32, shape=(3,), low=-inf, high=inf)
  touch            Space(float32, shape=(2,), low=-inf, high=inf)
  target_position  Space(float32, shape=(2,), low=-inf, high=inf)
  dist_to_target   Space(float32, shape=(), low=-inf, high=inf)
Actions
  action           Space(float32, shape=(2,), low=-1.0, high=1.0)
Extras
  consec           Space(int32, shape=(), low=-2147483648, high=2147483647)
  stepid           Space(uint8, shape=(20,), low=0, high=255)
  dyn/deter        Space(float32, shape=(512,), low=-inf, high=inf)
  dyn/stoch        Space(float32, shape=(32, 4), low=-inf, high=inf)
JAX devices (1): [cuda:0]
Policy devices: cuda:0
Train devices:  cuda:0
Initializing parameters...
/workspace/dreamerv3/embodied/jax/agent.py:112: DeprecationWarning: `with mesh:` context manager has been deprecated. Please use `with jax.set_mesh(mesh):` instead.
  with self.train_mesh:
Optimizer opt has 214,723 params:
        66,111 val
        57,663 rew
        49,796 pol
        41,153 con
/workspace/conda_envs/dreamerv3/lib/python3.11/site-packages/optax/_src/linear_algebra.py:44: DeprecationWarning: optax.global_norm is deprecated in favor of optax.tree.norm
  warnings.warn(
Done initializing!
Compiling 1 checkpoint groups...
Largest checkpoint group: 0 GB
Loading checkpoint: /workspace/goodhart_runs/adapt_p2elong_finger_seed1_ckpt500000/ckpt/20260711T040721F002376
Loaded checkpoint.
Observations
  reward           Space(float32, shape=(), low=-inf, high=inf)
  is_first         Space(bool, shape=(), low=False, high=True)
  is_last          Space(bool, shape=(), low=False, high=True)
  is_terminal      Space(bool, shape=(), low=False, high=True)
  position         Space(float32, shape=(4,), low=-inf, high=inf)
  velocity         Space(float32, shape=(3,), low=-inf, high=inf)
  touch            Space(float32, shape=(2,), low=-inf, high=inf)
  target_position  Space(float32, shape=(2,), low=-inf, high=inf)
  dist_to_target   Space(float32, shape=(), low=-inf, high=inf)
Actions
  action           Space(float32, shape=(2,), low=-1.0, high=1.0)
Extras
  consec           Space(int32, shape=(), low=-2147483648, high=2147483647)
  stepid           Space(uint8, shape=(20,), low=0, high=255)
  dyn/deter        Space(float32, shape=(512,), low=-inf, high=inf)
  dyn/stoch        Space(float32, shape=(32, 4), low=-inf, high=inf)
JAX devices (1): [cuda:0]
Policy devices: cuda:0
Train devices:  cuda:0
Initializing parameters...
/workspace/dreamerv3/embodied/jax/agent.py:112: DeprecationWarning: `with mesh:` context manager has been deprecated. Please use `with jax.set_mesh(mesh):` instead.
  with self.train_mesh:
Optimizer opt has 214,723 params:
        66,111 val
        57,663 rew
        49,796 pol
        41,153 con
/workspace/conda_envs/dreamerv3/lib/python3.11/site-packages/optax/_src/linear_algebra.py:44: DeprecationWarning: optax.global_norm is deprecated in favor of optax.tree.norm
  warnings.warn(
Done initializing!
Compiling 1 checkpoint groups...
Largest checkpoint group: 0 GB
Loading checkpoint: /workspace/goodhart_runs/adapt_random_finger_seed4_ckpt500000/ckpt/20260706T180724F158736
Loaded checkpoint.
adapt_random_finger_seed4_ckpt500000: M-return 0.69 (median 0.68, survived 1.00) -> /workspace/goodhart_runs/goodhart_p2elong/eval_adapt_random_finger_seed4_ckpt500000.json
Observations
  reward           Space(float32, shape=(), low=-inf, high=inf)
  is_first         Space(bool, shape=(), low=False, high=True)
  is_last          Space(bool, shape=(), low=False, high=True)
  is_terminal      Space(bool, shape=(), low=False, high=True)
  position         Space(float32, shape=(4,), low=-inf, high=inf)
  velocity         Space(float32, shape=(3,), low=-inf, high=inf)
  touch            Space(float32, shape=(2,), low=-inf, high=inf)
  target_position  Space(float32, shape=(2,), low=-inf, high=inf)
  dist_to_target   Space(float32, shape=(), low=-inf, high=inf)
Actions
  action           Space(float32, shape=(2,), low=-1.0, high=1.0)
Extras
  consec           Space(int32, shape=(), low=-2147483648, high=2147483647)
  stepid           Space(uint8, shape=(20,), low=0, high=255)
  dyn/deter        Space(float32, shape=(512,), low=-inf, high=inf)
  dyn/stoch        Space(float32, shape=(32, 4), low=-inf, high=inf)
JAX devices (1): [cuda:0]
Policy devices: cuda:0
Train devices:  cuda:0
Initializing parameters...
/workspace/dreamerv3/embodied/jax/agent.py:112: DeprecationWarning: `with mesh:` context manager has been deprecated. Please use `with jax.set_mesh(mesh):` instead.
  with self.train_mesh:
Optimizer opt has 214,723 params:
        66,111 val
        57,663 rew
        49,796 pol
        41,153 con
/workspace/conda_envs/dreamerv3/lib/python3.11/site-packages/optax/_src/linear_algebra.py:44: DeprecationWarning: optax.global_norm is deprecated in favor of optax.tree.norm
  warnings.warn(
Done initializing!
Compiling 1 checkpoint groups...
Largest checkpoint group: 0 GB
Loading checkpoint: /workspace/goodhart_runs/adapt_p2elong_finger_seed1_ckpt500000/ckpt/20260711T040721F002376
Loaded checkpoint.
Observations
  reward           Space(float32, shape=(), low=-inf, high=inf)
  is_first         Space(bool, shape=(), low=False, high=True)
  is_last          Space(bool, shape=(), low=False, high=True)
  is_terminal      Space(bool, shape=(), low=False, high=True)
  position         Space(float32, shape=(4,), low=-inf, high=inf)
  velocity         Space(float32, shape=(3,), low=-inf, high=inf)
  touch            Space(float32, shape=(2,), low=-inf, high=inf)
  target_position  Space(float32, shape=(2,), low=-inf, high=inf)
  dist_to_target   Space(float32, shape=(), low=-inf, high=inf)
Actions
  action           Space(float32, shape=(2,), low=-1.0, high=1.0)
Extras
  consec           Space(int32, shape=(), low=-2147483648, high=2147483647)
  stepid           Space(uint8, shape=(20,), low=0, high=255)
  dyn/deter        Space(float32, shape=(512,), low=-inf, high=inf)
  dyn/stoch        Space(float32, shape=(32, 4), low=-inf, high=inf)
JAX devices (1): [cuda:0]
Policy devices: cuda:0
Train devices:  cuda:0
Initializing parameters...
/workspace/dreamerv3/embodied/jax/agent.py:112: DeprecationWarning: `with mesh:` context manager has been deprecated. Please use `with jax.set_mesh(mesh):` instead.
  with self.train_mesh:
Optimizer opt has 214,723 params:
        66,111 val
        57,663 rew
        49,796 pol
        41,153 con
/workspace/conda_envs/dreamerv3/lib/python3.11/site-packages/optax/_src/linear_algebra.py:44: DeprecationWarning: optax.global_norm is deprecated in favor of optax.tree.norm
  warnings.warn(
Done initializing!
Compiling 1 checkpoint groups...
Largest checkpoint group: 0 GB
Loading checkpoint: /workspace/goodhart_runs/adapt_random_finger_seed5_ckpt500000/ckpt/20260706T221756F649363
Loaded checkpoint.
adapt_random_finger_seed5_ckpt500000: M-return 1.59 (median 1.55, survived 1.00) -> /workspace/goodhart_runs/goodhart_p2elong/eval_adapt_random_finger_seed5_ckpt500000.json
[Fri Jul 17 00:22:00 UTC 2026] scored 95 new policies
95 policies: spearman=+0.209 inversions=0.428 top1_regret=599.70 -> /workspace/goodhart_runs/goodhart_p2elong/pool_metrics.json
[Fri Jul 17 00:22:01 UTC 2026] Goodhart sweep DONE -> /workspace/goodhart_runs/goodhart_p2elong/pool_metrics.json
