run_id,phase,task,expl_mode,seed,steps,ckpt_policy,logdir,status,su,notes,axis,paired_seed_set
pilot_p2e_cup_seed1,pilot,dmc_cup_catch,expl_p2e,1,1e5,replay_kept,/scratch/midway3/rickybao/dreamerv3_runs/pilot_p2e_cup_seed1,RUNNING,,,d0,
pilot_apt_cup_seed1,pilot,dmc_cup_catch,expl_apt,1,1e5,replay_kept,/scratch/midway3/rickybao/dreamerv3_runs/pilot_apt_cup_seed1,RUNNING,,,d0,
pilot_random_cup_seed1,pilot,dmc_cup_catch,expl_random,1,1e5,replay_kept,/scratch/midway3/rickybao/dreamerv3_runs/pilot_random_cup_seed1,RUNNING,,,d0,
pilot_goal_cup_seed1,pilot,dmc_cup_catch,goal,1,1e5,replay_kept,/scratch/midway3/rickybao/dreamerv3_runs/pilot_goal_cup_seed1,RUNNING,,,d0,
pilot_p2e_finger_seed1,pilot,dmc_finger_turn_hard,expl_p2e,1,1e5,replay_kept,/scratch/midway3/rickybao/dreamerv3_runs/pilot_p2e_finger_seed1,RUNNING,,,d0,
pilot_apt_finger_seed1,pilot,dmc_finger_turn_hard,expl_apt,1,1e5,replay_kept,/scratch/midway3/rickybao/dreamerv3_runs/pilot_apt_finger_seed1,RUNNING,,,d0,
pilot_goal_finger_seed1,pilot,dmc_finger_turn_hard,goal,1,1e5,replay_kept,/scratch/midway3/rickybao/dreamerv3_runs/pilot_goal_finger_seed1,RUNNING,,,d0,
pilot_random_finger_seed1,pilot,dmc_finger_turn_hard,expl_random,1,1e5,replay_kept,/scratch/midway3/rickybao/dreamerv3_runs/pilot_random_finger_seed1,RUNNING,,,d0,
pilot_p2e_reacher_seed1,pilot,dmc_reacher_hard,expl_p2e,1,1e5,replay_kept,/scratch/midway3/rickybao/dreamerv3_runs/pilot_p2e_reacher_seed1,RUNNING,,,d0,
pilot_apt_reacher_seed1,pilot,dmc_reacher_hard,expl_apt,1,1e5,replay_kept,/scratch/midway3/rickybao/dreamerv3_runs/pilot_apt_reacher_seed1,RUNNING,,,d0,
pilot_random_reacher_seed1,pilot,dmc_reacher_hard,expl_random,1,1e5,replay_kept,/scratch/midway3/rickybao/dreamerv3_runs/pilot_random_reacher_seed1,RUNNING,,,d0,
pilot_goal_reacher_seed1,pilot,dmc_reacher_hard,goal,1,1e5,replay_kept,/scratch/midway3/rickybao/dreamerv3_runs/pilot_goal_reacher_seed1,RUNNING,,,d0,
pretrain_p2e_walker_seed1,pretrain,dmc_walker_walk,expl_p2e,1,5e5,retained,/scratch/midway3/rickybao/dreamerv3_runs/pretrain_p2e_walker_seed1,DONE,,,,
pretrain_p2e_walker_seed2,pretrain,dmc_walker_walk,expl_p2e,2,5e5,retained,/scratch/midway3/rickybao/dreamerv3_runs/pretrain_p2e_walker_seed2,DONE,,,,
pretrain_p2e_walker_seed3,pretrain,dmc_walker_walk,expl_p2e,3,5e5,retained,/scratch/midway3/rickybao/dreamerv3_runs/pretrain_p2e_walker_seed3,DONE,,,,
pretrain_p2e_walker_seed4,pretrain,dmc_walker_walk,expl_p2e,4,5e5,retained,/scratch/midway3/rickybao/dreamerv3_runs/pretrain_p2e_walker_seed4,DONE,,,,
pretrain_p2e_walker_seed5,pretrain,dmc_walker_walk,expl_p2e,5,5e5,retained,/scratch/midway3/rickybao/dreamerv3_runs/pretrain_p2e_walker_seed5,DONE,,,,
pretrain_apt_walker_seed1,pretrain,dmc_walker_walk,expl_apt,1,5e5,retained,/scratch/midway3/rickybao/dreamerv3_runs/pretrain_apt_walker_seed1,DONE,,,,
pretrain_apt_walker_seed3,pretrain,dmc_walker_walk,expl_apt,3,5e5,retained,/scratch/midway3/rickybao/dreamerv3_runs/pretrain_apt_walker_seed3,DONE,,,,
pretrain_apt_walker_seed2,pretrain,dmc_walker_walk,expl_apt,2,5e5,retained,/scratch/midway3/rickybao/dreamerv3_runs/pretrain_apt_walker_seed2,DONE,,,,
pretrain_apt_walker_seed4,pretrain,dmc_walker_walk,expl_apt,4,5e5,retained,/scratch/midway3/rickybao/dreamerv3_runs/pretrain_apt_walker_seed4,DONE,,,,
pretrain_apt_walker_seed5,pretrain,dmc_walker_walk,expl_apt,5,5e5,retained,/scratch/midway3/rickybao/dreamerv3_runs/pretrain_apt_walker_seed5,DONE,,,,
pretrain_random_walker_seed1,pretrain,dmc_walker_walk,expl_random,1,5e5,retained,/scratch/midway3/rickybao/dreamerv3_runs/pretrain_random_walker_seed1,DONE,,,,
pretrain_random_walker_seed2,pretrain,dmc_walker_walk,expl_random,2,5e5,retained,/scratch/midway3/rickybao/dreamerv3_runs/pretrain_random_walker_seed2,DONE,,,,
pretrain_random_walker_seed5,pretrain,dmc_walker_walk,expl_random,5,5e5,retained,/scratch/midway3/rickybao/dreamerv3_runs/pretrain_random_walker_seed5,DONE,,,,
pretrain_p2e_cup_seed3,pretrain,dmc_cup_catch,expl_p2e,3,5e5,retained,/scratch/midway3/rickybao/dreamerv3_runs/pretrain_p2e_cup_seed3,DONE,,,,
pretrain_apt_cup_seed1,pretrain,dmc_cup_catch,expl_apt,1,5e5,retained,/scratch/midway3/rickybao/dreamerv3_runs/pretrain_apt_cup_seed1,DONE,,,,
pretrain_apt_cup_seed4,pretrain,dmc_cup_catch,expl_apt,4,5e5,retained,/scratch/midway3/rickybao/dreamerv3_runs/pretrain_apt_cup_seed4,DONE,,,,
pretrain_random_cup_seed2,pretrain,dmc_cup_catch,expl_random,2,5e5,retained,/scratch/midway3/rickybao/dreamerv3_runs/pretrain_random_cup_seed2,DONE,,,,
pretrain_p2e_cup_seed1,pretrain,dmc_cup_catch,expl_p2e,1,5e5,retained,/scratch/midway3/rickybao/dreamerv3_runs/pretrain_p2e_cup_seed1,DONE,,,,
pretrain_random_cup_seed5,pretrain,dmc_cup_catch,expl_random,5,5e5,retained,/scratch/midway3/rickybao/dreamerv3_runs/pretrain_random_cup_seed5,DONE,,,,
pretrain_random_cup_seed3,pretrain,dmc_cup_catch,expl_random,3,5e5,retained,/scratch/midway3/rickybao/dreamerv3_runs/pretrain_random_cup_seed3,DONE,,,,
pretrain_p2e_cup_seed4,pretrain,dmc_cup_catch,expl_p2e,4,5e5,retained,/scratch/midway3/rickybao/dreamerv3_runs/pretrain_p2e_cup_seed4,DONE,,,,
pretrain_p2e_finger_seed1,pretrain,dmc_finger_turn_hard,expl_p2e,1,5e5,retained,/scratch/midway3/rickybao/dreamerv3_runs/pretrain_p2e_finger_seed1,DONE,,,,
pretrain_random_cup_seed4,pretrain,dmc_cup_catch,expl_random,4,5e5,retained,/scratch/midway3/rickybao/dreamerv3_runs/pretrain_random_cup_seed4,DONE,,,,
pretrain_p2e_cup_seed2,pretrain,dmc_cup_catch,expl_p2e,2,5e5,retained,/scratch/midway3/rickybao/dreamerv3_runs/pretrain_p2e_cup_seed2,DONE,,,,
pretrain_p2e_cup_seed5,pretrain,dmc_cup_catch,expl_p2e,5,5e5,retained,/scratch/midway3/rickybao/dreamerv3_runs/pretrain_p2e_cup_seed5,DONE,,,,
pretrain_p2e_finger_seed2,pretrain,dmc_finger_turn_hard,expl_p2e,2,5e5,retained,/scratch/midway3/rickybao/dreamerv3_runs/pretrain_p2e_finger_seed2,DONE,,,,
pretrain_p2e_finger_seed3,pretrain,dmc_finger_turn_hard,expl_p2e,3,5e5,retained,/scratch/midway3/rickybao/dreamerv3_runs/pretrain_p2e_finger_seed3,DONE,,,,
pretrain_apt_cup_seed2,pretrain,dmc_cup_catch,expl_apt,2,5e5,retained,/scratch/midway3/rickybao/dreamerv3_runs/pretrain_apt_cup_seed2,DONE,,,,
pretrain_random_walker_seed3,pretrain,dmc_walker_walk,expl_random,3,5e5,retained,/scratch/midway3/rickybao/dreamerv3_runs/pretrain_random_walker_seed3,DONE,,,,
pretrain_apt_cup_seed5,pretrain,dmc_cup_catch,expl_apt,5,5e5,retained,/scratch/midway3/rickybao/dreamerv3_runs/pretrain_apt_cup_seed5,DONE,,,,
pretrain_random_walker_seed4,pretrain,dmc_walker_walk,expl_random,4,5e5,retained,/scratch/midway3/rickybao/dreamerv3_runs/pretrain_random_walker_seed4,DONE,,,,
pretrain_p2e_finger_seed4,pretrain,dmc_finger_turn_hard,expl_p2e,4,5e5,retained,/scratch/midway3/rickybao/dreamerv3_runs/pretrain_p2e_finger_seed4,DONE,,,,
pretrain_apt_finger_seed5,pretrain,dmc_finger_turn_hard,expl_apt,5,5e5,retained,/scratch/midway3/rickybao/dreamerv3_runs/pretrain_apt_finger_seed5,DONE,,,,
pretrain_apt_walker_seed4,pretrain,dmc_walker_walk,expl_apt,4,5e5,retained,/scratch/midway3/rickybao/dreamerv3_runs/pretrain_apt_walker_seed4,DONE,,,,
pretrain_p2e_walker_seed5,pretrain,dmc_walker_walk,expl_p2e,5,5e5,retained,/scratch/midway3/rickybao/dreamerv3_runs/pretrain_p2e_walker_seed5,DONE,,,,
pretrain_random_finger_seed3,pretrain,dmc_finger_turn_hard,expl_random,3,5e5,retained,/scratch/midway3/rickybao/dreamerv3_runs/pretrain_random_finger_seed3,DONE,,,,
pretrain_apt_walker_seed2,pretrain,dmc_walker_walk,expl_apt,2,5e5,retained,/scratch/midway3/rickybao/dreamerv3_runs/pretrain_apt_walker_seed2,DONE,,,,
pretrain_apt_walker_seed1,pretrain,dmc_walker_walk,expl_apt,1,5e5,retained,/scratch/midway3/rickybao/dreamerv3_runs/pretrain_apt_walker_seed1,DONE,,,,
pretrain_apt_finger_seed1,pretrain,dmc_finger_turn_hard,expl_apt,1,5e5,retained,/scratch/midway3/rickybao/dreamerv3_runs/pretrain_apt_finger_seed1,DONE,,,,
pretrain_apt_finger_seed2,pretrain,dmc_finger_turn_hard,expl_apt,2,5e5,retained,/scratch/midway3/rickybao/dreamerv3_runs/pretrain_apt_finger_seed2,DONE,,,,
pretrain_apt_finger_seed4,pretrain,dmc_finger_turn_hard,expl_apt,4,5e5,retained,/scratch/midway3/rickybao/dreamerv3_runs/pretrain_apt_finger_seed4,DONE,,,,
pretrain_random_finger_seed4,pretrain,dmc_finger_turn_hard,expl_random,4,5e5,retained,/scratch/midway3/rickybao/dreamerv3_runs/pretrain_random_finger_seed4,DONE,,,,
pretrain_p2e_finger_seed5,pretrain,dmc_finger_turn_hard,expl_p2e,5,5e5,retained,/scratch/midway3/rickybao/dreamerv3_runs/pretrain_p2e_finger_seed5,DONE,,,,
pretrain_random_finger_seed5,pretrain,dmc_finger_turn_hard,expl_random,5,5e5,retained,/scratch/midway3/rickybao/dreamerv3_runs/pretrain_random_finger_seed5,DONE,,,,
pretrain_apt_walker_seed5,pretrain,dmc_walker_walk,expl_apt,5,5e5,retained,/scratch/midway3/rickybao/dreamerv3_runs/pretrain_apt_walker_seed5,DONE,,,,
pretrain_apt_walker_seed3,pretrain,dmc_walker_walk,expl_apt,3,5e5,retained,/scratch/midway3/rickybao/dreamerv3_runs/pretrain_apt_walker_seed3,DONE,,,,
pretrain_apt_cup_seed2,pretrain,dmc_cup_catch,expl_apt,2,5e5,retained,/scratch/midway3/rickybao/dreamerv3_runs/pretrain_apt_cup_seed2,DONE,,,,
pretrain_random_cup_seed1,pretrain,dmc_cup_catch,expl_random,1,5e5,retained,/scratch/midway3/rickybao/dreamerv3_runs/pretrain_random_cup_seed1,DONE,,,,
pretrain_apt_cup_seed3,pretrain,dmc_cup_catch,expl_apt,3,5e5,retained,/scratch/midway3/rickybao/dreamerv3_runs/pretrain_apt_cup_seed3,DONE,,,,
pretrain_apt_cup_seed5,pretrain,dmc_cup_catch,expl_apt,5,5e5,retained,/scratch/midway3/rickybao/dreamerv3_runs/pretrain_apt_cup_seed5,DONE,,,,
pretrain_random_finger_seed1,pretrain,dmc_finger_turn_hard,expl_random,1,5e5,retained,/scratch/midway3/rickybao/dreamerv3_runs/pretrain_random_finger_seed1,DONE,,,,
pretrain_apt_finger_seed3,pretrain,dmc_finger_turn_hard,expl_apt,3,5e5,retained,/scratch/midway3/rickybao/dreamerv3_runs/pretrain_apt_finger_seed3,DONE,,,,
pretrain_apt_finger_seed2,pretrain,dmc_finger_turn_hard,expl_apt,2,5e5,retained,/scratch/midway3/rickybao/dreamerv3_runs/pretrain_apt_finger_seed2,DONE,,,,
pretrain_random_finger_seed2,pretrain,dmc_finger_turn,expl_random,2,5e5,retained,/scratch/midway3/rickybao/dreamerv3_runs/pretrain_random_finger_seed2,FAILED,,,,
pretrain_random_finger_seed2,pretrain,dmc_finger_turn,expl_random,2,5e5,retained,/scratch/midway3/rickybao/dreamerv3_runs/pretrain_random_finger_seed2,FAILED,,,,
pretrain_random_finger_seed2,pretrain,dmc_finger_turn_hard,expl_random,2,5e5,retained,/scratch/midway3/rickybao/dreamerv3_runs/pretrain_random_finger_seed2,DONE,,,,
adapt_apt_cup_seed1_ckpt50000,adapt,dmc_cup_catch,frozen_readout,1,1.25e5,/scratch/midway3/rickybao/dreamerv3_runs/pretrain_apt_cup_seed1/ckpt_snapshots/step000000049952,/scratch/midway3/rickybao/dreamerv3_runs/adapt_apt_cup_seed1_ckpt50000,DONE,,,,
adapt_apt_cup_seed1_ckpt300000,adapt,dmc_cup_catch,frozen_readout,1,1.25e5,/scratch/midway3/rickybao/dreamerv3_runs/pretrain_apt_cup_seed1/ckpt_snapshots/step000000299904,/scratch/midway3/rickybao/dreamerv3_runs/adapt_apt_cup_seed1_ckpt300000,DONE,,,,
adapt_apt_cup_seed1_ckpt100000,adapt,dmc_cup_catch,frozen_readout,1,1.25e5,/scratch/midway3/rickybao/dreamerv3_runs/pretrain_apt_cup_seed1/ckpt_snapshots/step000000099600,/scratch/midway3/rickybao/dreamerv3_runs/adapt_apt_cup_seed1_ckpt100000,DONE,,,,
adapt_apt_cup_seed2_ckpt50000,adapt,dmc_cup_catch,frozen_readout,2,1.25e5,/scratch/midway3/rickybao/dreamerv3_runs/pretrain_apt_cup_seed2/ckpt_snapshots/step000000050080,/scratch/midway3/rickybao/dreamerv3_runs/adapt_apt_cup_seed2_ckpt50000,RUNNING,,,,
adapt_apt_cup_seed1_ckpt100000,adapt,dmc_cup_catch,frozen_readout,1,1.25e5,/scratch/midway3/rickybao/dreamerv3_runs/pretrain_apt_cup_seed1/ckpt_snapshots/step000000099600,/scratch/midway3/rickybao/dreamerv3_runs/adapt_apt_cup_seed1_ckpt100000,DONE,,,,
adapt_apt_cup_seed2_ckpt100000,adapt,dmc_cup_catch,frozen_readout,2,1.25e5,/scratch/midway3/rickybao/dreamerv3_runs/pretrain_apt_cup_seed2/ckpt_snapshots/step000000099968,/scratch/midway3/rickybao/dreamerv3_runs/adapt_apt_cup_seed2_ckpt100000,DONE,,,,
adapt_apt_cup_seed3_ckpt100000,adapt,dmc_cup_catch,frozen_readout,3,1.25e5,/scratch/midway3/rickybao/dreamerv3_runs/pretrain_apt_cup_seed3/ckpt_snapshots/step000000099072,/scratch/midway3/rickybao/dreamerv3_runs/adapt_apt_cup_seed3_ckpt100000,DONE,,,,
adapt_apt_cup_seed4_ckpt100000,adapt,dmc_cup_catch,frozen_readout,4,1.25e5,/scratch/midway3/rickybao/dreamerv3_runs/pretrain_apt_cup_seed4/ckpt_snapshots/step000000100320,/scratch/midway3/rickybao/dreamerv3_runs/adapt_apt_cup_seed4_ckpt100000,DONE,,,,
adapt_apt_cup_seed1_ckpt200000,adapt,dmc_cup_catch,frozen_readout,1,1.25e5,/scratch/midway3/rickybao/dreamerv3_runs/pretrain_apt_cup_seed1/ckpt_snapshots/step000000200608,/scratch/midway3/rickybao/dreamerv3_runs/adapt_apt_cup_seed1_ckpt200000,DONE,,,,
adapt_apt_cup_seed3_ckpt200000,adapt,dmc_cup_catch,frozen_readout,3,1.25e5,/scratch/midway3/rickybao/dreamerv3_runs/pretrain_apt_cup_seed3/ckpt_snapshots/step000000200896,/scratch/midway3/rickybao/dreamerv3_runs/adapt_apt_cup_seed3_ckpt200000,DONE,,,,
adapt_apt_cup_seed2_ckpt200000,adapt,dmc_cup_catch,frozen_readout,2,1.25e5,/scratch/midway3/rickybao/dreamerv3_runs/pretrain_apt_cup_seed2/ckpt_snapshots/step000000200976,/scratch/midway3/rickybao/dreamerv3_runs/adapt_apt_cup_seed2_ckpt200000,DONE,,,,
adapt_apt_cup_seed4_ckpt200000,adapt,dmc_cup_catch,frozen_readout,4,1.25e5,/scratch/midway3/rickybao/dreamerv3_runs/pretrain_apt_cup_seed4/ckpt_snapshots/step000000200160,/scratch/midway3/rickybao/dreamerv3_runs/adapt_apt_cup_seed4_ckpt200000,DONE,,,,
adapt_apt_cup_seed1_ckpt300000,adapt,dmc_cup_catch,frozen_readout,1,1.25e5,/scratch/midway3/rickybao/dreamerv3_runs/pretrain_apt_cup_seed1/ckpt_snapshots/step000000299904,/scratch/midway3/rickybao/dreamerv3_runs/adapt_apt_cup_seed1_ckpt300000,DONE,,,,
adapt_apt_finger_seed1_ckpt100000,adapt,dmc_finger_turn_hard,frozen_readout,1,1.25e5,/scratch/midway3/rickybao/dreamerv3_runs/pretrain_apt_finger_seed1/ckpt_snapshots/step000000099072,/scratch/midway3/rickybao/dreamerv3_runs/adapt_apt_finger_seed1_ckpt100000,DONE,,,,
adapt_apt_cup_seed3_ckpt300000,adapt,dmc_cup_catch,frozen_readout,3,1.25e5,/scratch/midway3/rickybao/dreamerv3_runs/pretrain_apt_cup_seed3/ckpt_snapshots/step000000300352,/scratch/midway3/rickybao/dreamerv3_runs/adapt_apt_cup_seed3_ckpt300000,DONE,,,,
adapt_apt_cup_seed2_ckpt300000,adapt,dmc_cup_catch,frozen_readout,2,1.25e5,/scratch/midway3/rickybao/dreamerv3_runs/pretrain_apt_cup_seed2/ckpt_snapshots/step000000300432,/scratch/midway3/rickybao/dreamerv3_runs/adapt_apt_cup_seed2_ckpt300000,DONE,,,,
adapt_apt_finger_seed5_ckpt100000,adapt,dmc_finger_turn_hard,frozen_readout,5,1.25e5,/scratch/midway3/rickybao/dreamerv3_runs/pretrain_apt_finger_seed5/ckpt_snapshots/step000000100320,/scratch/midway3/rickybao/dreamerv3_runs/adapt_apt_finger_seed5_ckpt100000,DONE,,,,
adapt_apt_finger_seed2_ckpt100000,adapt,dmc_finger_turn_hard,frozen_readout,2,1.25e5,/scratch/midway3/rickybao/dreamerv3_runs/pretrain_apt_finger_seed2/ckpt_snapshots/step000000100672,/scratch/midway3/rickybao/dreamerv3_runs/adapt_apt_finger_seed2_ckpt100000,DONE,,,,
adapt_apt_finger_seed4_ckpt100000,adapt,dmc_finger_turn_hard,frozen_readout,4,1.25e5,/scratch/midway3/rickybao/dreamerv3_runs/pretrain_apt_finger_seed4/ckpt_snapshots/step000000101024,/scratch/midway3/rickybao/dreamerv3_runs/adapt_apt_finger_seed4_ckpt100000,DONE,,,,
pretrain_random_finger_seed2,pretrain,dmc_finger_turn_hard,expl_random,2,5e5,retained,/scratch/midway3/rickybao/dreamerv3_runs/pretrain_random_finger_seed2,DONE,,,,
adapt_apt_finger_seed1_ckpt100000,adapt,dmc_finger_turn_hard,frozen_readout,1,1.25e5,/scratch/midway3/rickybao/dreamerv3_runs/pretrain_apt_finger_seed1/ckpt_snapshots/step000000099072,/scratch/midway3/rickybao/dreamerv3_runs/adapt_apt_finger_seed1_ckpt100000,DONE,,,,
adapt_apt_cup_seed4_ckpt300000,adapt,dmc_cup_catch,frozen_readout,4,1.25e5,/scratch/midway3/rickybao/dreamerv3_runs/pretrain_apt_cup_seed4/ckpt_snapshots/step000000300016,/scratch/midway3/rickybao/dreamerv3_runs/adapt_apt_cup_seed4_ckpt300000,DONE,,,,
adapt_p2e_finger_seed2_ckpt100000,adapt,dmc_finger_turn_hard,frozen_readout,2,1.25e5,/scratch/midway3/rickybao/dreamerv3_runs/pretrain_p2e_finger_seed2/ckpt_snapshots/step000000100464,/scratch/midway3/rickybao/dreamerv3_runs/adapt_p2e_finger_seed2_ckpt100000,DONE,,,,
adapt_apt_walker_seed2_ckpt100000,adapt,dmc_walker_walk,frozen_readout,2,1.25e5,/scratch/midway3/rickybao/dreamerv3_runs/pretrain_apt_walker_seed2/ckpt_snapshots/step000000099632,/scratch/midway3/rickybao/dreamerv3_runs/adapt_apt_walker_seed2_ckpt100000,DONE,,,,
adapt_p2e_cup_seed2_ckpt100000,adapt,dmc_cup_catch,frozen_readout,2,1.25e5,/scratch/midway3/rickybao/dreamerv3_runs/pretrain_p2e_cup_seed2/ckpt_snapshots/step000000100736,/scratch/midway3/rickybao/dreamerv3_runs/adapt_p2e_cup_seed2_ckpt100000,DONE,,,,
adapt_apt_cup_seed1_ckpt400000,adapt,dmc_cup_catch,frozen_readout,1,1.25e5,/scratch/midway3/rickybao/dreamerv3_runs/pretrain_apt_cup_seed1/ckpt_snapshots/step000000399200,/scratch/midway3/rickybao/dreamerv3_runs/adapt_apt_cup_seed1_ckpt400000,DONE,,,,
adapt_apt_cup_seed3_ckpt400000,adapt,dmc_cup_catch,frozen_readout,3,1.25e5,/scratch/midway3/rickybao/dreamerv3_runs/pretrain_apt_cup_seed3/ckpt_snapshots/step000000399808,/scratch/midway3/rickybao/dreamerv3_runs/adapt_apt_cup_seed3_ckpt400000,DONE,,,,
adapt_apt_cup_seed2_ckpt400000,adapt,dmc_cup_catch,frozen_readout,2,1.25e5,/scratch/midway3/rickybao/dreamerv3_runs/pretrain_apt_cup_seed2/ckpt_snapshots/step000000399888,/scratch/midway3/rickybao/dreamerv3_runs/adapt_apt_cup_seed2_ckpt400000,DONE,,,,
adapt_p2e_walker_seed2_ckpt100000,adapt,dmc_walker_walk,frozen_readout,2,1.25e5,/scratch/midway3/rickybao/dreamerv3_runs/pretrain_p2e_walker_seed2/ckpt_snapshots/step000000100672,/scratch/midway3/rickybao/dreamerv3_runs/adapt_p2e_walker_seed2_ckpt100000,DONE,,,,
adapt_apt_finger_seed1_ckpt200000,adapt,dmc_finger_turn_hard,frozen_readout,1,1.25e5,/scratch/midway3/rickybao/dreamerv3_runs/pretrain_apt_finger_seed1/ckpt_snapshots/step000000200896,/scratch/midway3/rickybao/dreamerv3_runs/adapt_apt_finger_seed1_ckpt200000,DONE,,,,
adapt_p2e_finger_seed2_ckpt200000,adapt,dmc_finger_turn_hard,frozen_readout,2,1.25e5,/scratch/midway3/rickybao/dreamerv3_runs/pretrain_p2e_finger_seed2/ckpt_snapshots/step000000198992,/scratch/midway3/rickybao/dreamerv3_runs/adapt_p2e_finger_seed2_ckpt200000,DONE,,,,
adapt_apt_walker_seed2_ckpt200000,adapt,dmc_walker_walk,frozen_readout,2,1.25e5,/scratch/midway3/rickybao/dreamerv3_runs/pretrain_apt_walker_seed2/ckpt_snapshots/step000000200544,/scratch/midway3/rickybao/dreamerv3_runs/adapt_apt_walker_seed2_ckpt200000,DONE,,,,
adapt_p2e_cup_seed2_ckpt200000,adapt,dmc_cup_catch,frozen_readout,2,1.25e5,/scratch/midway3/rickybao/dreamerv3_runs/pretrain_p2e_cup_seed2/ckpt_snapshots/step000000199664,/scratch/midway3/rickybao/dreamerv3_runs/adapt_p2e_cup_seed2_ckpt200000,DONE,,,,
adapt_apt_cup_seed4_ckpt400000,adapt,dmc_cup_catch,frozen_readout,4,1.25e5,/scratch/midway3/rickybao/dreamerv3_runs/pretrain_apt_cup_seed4/ckpt_snapshots/step000000399872,/scratch/midway3/rickybao/dreamerv3_runs/adapt_apt_cup_seed4_ckpt400000,DONE,,,,
adapt_apt_cup_seed1_ckpt500000,adapt,dmc_cup_catch,frozen_readout,1,1.25e5,/scratch/midway3/rickybao/dreamerv3_runs/pretrain_apt_cup_seed1/ckpt_snapshots/step000000498512,/scratch/midway3/rickybao/dreamerv3_runs/adapt_apt_cup_seed1_ckpt500000,DONE,,,,
adapt_apt_cup_seed3_ckpt500000,adapt,dmc_cup_catch,frozen_readout,3,1.25e5,/scratch/midway3/rickybao/dreamerv3_runs/pretrain_apt_cup_seed3/ckpt_snapshots/step000000499216,/scratch/midway3/rickybao/dreamerv3_runs/adapt_apt_cup_seed3_ckpt500000,DONE,,,,
adapt_apt_cup_seed2_ckpt500000,adapt,dmc_cup_catch,frozen_readout,2,1.25e5,/scratch/midway3/rickybao/dreamerv3_runs/pretrain_apt_cup_seed2/ckpt_snapshots/step000000499344,/scratch/midway3/rickybao/dreamerv3_runs/adapt_apt_cup_seed2_ckpt500000,DONE,,,,
adapt_p2e_walker_seed2_ckpt200000,adapt,dmc_walker_walk,frozen_readout,2,1.25e5,/scratch/midway3/rickybao/dreamerv3_runs/pretrain_p2e_walker_seed2/ckpt_snapshots/step000000199472,/scratch/midway3/rickybao/dreamerv3_runs/adapt_p2e_walker_seed2_ckpt200000,DONE,,,,
adapt_apt_finger_seed1_ckpt300000,adapt,dmc_finger_turn_hard,frozen_readout,1,1.25e5,/scratch/midway3/rickybao/dreamerv3_runs/pretrain_apt_finger_seed1/ckpt_snapshots/step000000300352,/scratch/midway3/rickybao/dreamerv3_runs/adapt_apt_finger_seed1_ckpt300000,DONE,,,,
adapt_p2e_finger_seed2_ckpt300000,adapt,dmc_finger_turn_hard,frozen_readout,2,1.25e5,/scratch/midway3/rickybao/dreamerv3_runs/pretrain_p2e_finger_seed2/ckpt_snapshots/step000000297536,/scratch/midway3/rickybao/dreamerv3_runs/adapt_p2e_finger_seed2_ckpt300000,DONE,,,,
adapt_apt_walker_seed2_ckpt300000,adapt,dmc_walker_walk,frozen_readout,2,1.25e5,/scratch/midway3/rickybao/dreamerv3_runs/pretrain_apt_walker_seed2/ckpt_snapshots/step000000300672,/scratch/midway3/rickybao/dreamerv3_runs/adapt_apt_walker_seed2_ckpt300000,DONE,,,,
adapt_p2e_cup_seed2_ckpt300000,adapt,dmc_cup_catch,frozen_readout,2,1.25e5,/scratch/midway3/rickybao/dreamerv3_runs/pretrain_p2e_cup_seed2/ckpt_snapshots/step000000298560,/scratch/midway3/rickybao/dreamerv3_runs/adapt_p2e_cup_seed2_ckpt300000,DONE,,,,
adapt_apt_cup_seed4_ckpt500000,adapt,dmc_cup_catch,frozen_readout,4,1.25e5,/scratch/midway3/rickybao/dreamerv3_runs/pretrain_apt_cup_seed4/ckpt_snapshots/step000000499728,/scratch/midway3/rickybao/dreamerv3_runs/adapt_apt_cup_seed4_ckpt500000,DONE,,,,
adapt_apt_cup_seed5_ckpt100000,adapt,dmc_cup_catch,frozen_readout,5,1.25e5,/scratch/midway3/rickybao/dreamerv3_runs/pretrain_apt_cup_seed5/ckpt_snapshots/step000000099776,/scratch/midway3/rickybao/dreamerv3_runs/adapt_apt_cup_seed5_ckpt100000,DONE,,,,
adapt_random_finger_seed1_ckpt100000,adapt,dmc_finger_turn_hard,frozen_readout,1,1.25e5,/scratch/midway3/rickybao/dreamerv3_runs/pretrain_random_finger_seed1/ckpt_snapshots/step000000096208,/scratch/midway3/rickybao/dreamerv3_runs/adapt_random_finger_seed1_ckpt100000,DONE,,,,
adapt_p2e_walker_seed2_ckpt300000,adapt,dmc_walker_walk,frozen_readout,2,1.25e5,/scratch/midway3/rickybao/dreamerv3_runs/pretrain_p2e_walker_seed2/ckpt_snapshots/step000000298256,/scratch/midway3/rickybao/dreamerv3_runs/adapt_p2e_walker_seed2_ckpt300000,DONE,,,,
adapt_apt_walker_seed2_ckpt400000,adapt,dmc_walker_walk,frozen_readout,2,1.25e5,/scratch/midway3/rickybao/dreamerv3_runs/pretrain_apt_walker_seed2/ckpt_snapshots/step000000400800,/scratch/midway3/rickybao/dreamerv3_runs/adapt_apt_walker_seed2_ckpt400000,DONE,,,,
adapt_p2e_finger_seed2_ckpt400000,adapt,dmc_finger_turn_hard,frozen_readout,2,1.25e5,/scratch/midway3/rickybao/dreamerv3_runs/pretrain_p2e_finger_seed2/ckpt_snapshots/step000000401296,/scratch/midway3/rickybao/dreamerv3_runs/adapt_p2e_finger_seed2_ckpt400000,DONE,,,,
adapt_apt_finger_seed1_ckpt400000,adapt,dmc_finger_turn_hard,frozen_readout,1,1.25e5,/scratch/midway3/rickybao/dreamerv3_runs/pretrain_apt_finger_seed1/ckpt_snapshots/step000000399808,/scratch/midway3/rickybao/dreamerv3_runs/adapt_apt_finger_seed1_ckpt400000,DONE,,,,
adapt_p2e_cup_seed2_ckpt400000,adapt,dmc_cup_catch,frozen_readout,2,1.25e5,/scratch/midway3/rickybao/dreamerv3_runs/pretrain_p2e_cup_seed2/ckpt_snapshots/step000000401936,/scratch/midway3/rickybao/dreamerv3_runs/adapt_p2e_cup_seed2_ckpt400000,DONE,,,,
adapt_random_finger_seed1_ckpt200000,adapt,dmc_finger_turn_hard,frozen_readout,1,1.25e5,/scratch/midway3/rickybao/dreamerv3_runs/pretrain_random_finger_seed1/ckpt_snapshots/step000000199120,/scratch/midway3/rickybao/dreamerv3_runs/adapt_random_finger_seed1_ckpt200000,DONE,,,,
adapt_apt_cup_seed5_ckpt200000,adapt,dmc_cup_catch,frozen_readout,5,1.25e5,/scratch/midway3/rickybao/dreamerv3_runs/pretrain_apt_cup_seed5/ckpt_snapshots/step000000200000,/scratch/midway3/rickybao/dreamerv3_runs/adapt_apt_cup_seed5_ckpt200000,DONE,,,,
adapt_p2e_walker_seed2_ckpt400000,adapt,dmc_walker_walk,frozen_readout,2,1.25e5,/scratch/midway3/rickybao/dreamerv3_runs/pretrain_p2e_walker_seed2/ckpt_snapshots/step000000402256,/scratch/midway3/rickybao/dreamerv3_runs/adapt_p2e_walker_seed2_ckpt400000,DONE,,,,
adapt_apt_walker_seed2_ckpt500000,adapt,dmc_walker_walk,frozen_readout,2,1.25e5,/scratch/midway3/rickybao/dreamerv3_runs/pretrain_apt_walker_seed2/ckpt_snapshots/step000000498544,/scratch/midway3/rickybao/dreamerv3_runs/adapt_apt_walker_seed2_ckpt500000,DONE,,,,
adapt_p2e_finger_seed2_ckpt500000,adapt,dmc_finger_turn_hard,frozen_readout,2,1.25e5,/scratch/midway3/rickybao/dreamerv3_runs/pretrain_p2e_finger_seed2/ckpt_snapshots/step000000499840,/scratch/midway3/rickybao/dreamerv3_runs/adapt_p2e_finger_seed2_ckpt500000,DONE,,,,
adapt_apt_finger_seed1_ckpt500000,adapt,dmc_finger_turn_hard,frozen_readout,1,1.25e5,/scratch/midway3/rickybao/dreamerv3_runs/pretrain_apt_finger_seed1/ckpt_snapshots/step000000499264,/scratch/midway3/rickybao/dreamerv3_runs/adapt_apt_finger_seed1_ckpt500000,DONE,,,,
adapt_p2e_cup_seed2_ckpt500000,adapt,dmc_cup_catch,frozen_readout,2,1.25e5,/scratch/midway3/rickybao/dreamerv3_runs/pretrain_p2e_cup_seed2/ckpt_snapshots/step000000496336,/scratch/midway3/rickybao/dreamerv3_runs/adapt_p2e_cup_seed2_ckpt500000,DONE,,,,
adapt_random_finger_seed1_ckpt300000,adapt,dmc_finger_turn_hard,frozen_readout,1,1.25e5,/scratch/midway3/rickybao/dreamerv3_runs/pretrain_random_finger_seed1/ckpt_snapshots/step000000302032,/scratch/midway3/rickybao/dreamerv3_runs/adapt_random_finger_seed1_ckpt300000,DONE,,,,
adapt_apt_cup_seed5_ckpt300000,adapt,dmc_cup_catch,frozen_readout,5,1.25e5,/scratch/midway3/rickybao/dreamerv3_runs/pretrain_apt_cup_seed5/ckpt_snapshots/step000000300208,/scratch/midway3/rickybao/dreamerv3_runs/adapt_apt_cup_seed5_ckpt300000,DONE,,,,
adapt_p2e_walker_seed2_ckpt500000,adapt,dmc_walker_walk,frozen_readout,2,1.25e5,/scratch/midway3/rickybao/dreamerv3_runs/pretrain_p2e_walker_seed2/ckpt_snapshots/step000000495856,/scratch/midway3/rickybao/dreamerv3_runs/adapt_p2e_walker_seed2_ckpt500000,DONE,,,,
adapt_random_finger_seed1_ckpt400000,adapt,dmc_finger_turn_hard,frozen_readout,1,1.25e5,/scratch/midway3/rickybao/dreamerv3_runs/pretrain_random_finger_seed1/ckpt_snapshots/step000000396384,/scratch/midway3/rickybao/dreamerv3_runs/adapt_random_finger_seed1_ckpt400000,DONE,,,,
adapt_apt_cup_seed5_ckpt400000,adapt,dmc_cup_catch,frozen_readout,5,1.25e5,/scratch/midway3/rickybao/dreamerv3_runs/pretrain_apt_cup_seed5/ckpt_snapshots/step000000400368,/scratch/midway3/rickybao/dreamerv3_runs/adapt_apt_cup_seed5_ckpt400000,DONE,,,,
adapt_apt_walker_seed3_ckpt100000,adapt,dmc_walker_walk,frozen_readout,3,1.25e5,/scratch/midway3/rickybao/dreamerv3_runs/pretrain_apt_walker_seed3/ckpt_snapshots/step000000100496,/scratch/midway3/rickybao/dreamerv3_runs/adapt_apt_walker_seed3_ckpt100000,DONE,,,,
adapt_p2e_finger_seed3_ckpt100000,adapt,dmc_finger_turn_hard,frozen_readout,3,1.25e5,/scratch/midway3/rickybao/dreamerv3_runs/pretrain_p2e_finger_seed3/ckpt_snapshots/step000000100864,/scratch/midway3/rickybao/dreamerv3_runs/adapt_p2e_finger_seed3_ckpt100000,DONE,,,,
adapt_p2e_cup_seed3_ckpt100000,adapt,dmc_cup_catch,frozen_readout,3,1.25e5,/scratch/midway3/rickybao/dreamerv3_runs/pretrain_p2e_cup_seed3/ckpt_snapshots/step000000100736,/scratch/midway3/rickybao/dreamerv3_runs/adapt_p2e_cup_seed3_ckpt100000,DONE,,,,
adapt_apt_finger_seed2_ckpt100000,adapt,dmc_finger_turn_hard,frozen_readout,2,1.25e5,/scratch/midway3/rickybao/dreamerv3_runs/pretrain_apt_finger_seed2/ckpt_snapshots/step000000100672,/scratch/midway3/rickybao/dreamerv3_runs/adapt_apt_finger_seed2_ckpt100000,DONE,,,,
adapt_p2e_walker_seed3_ckpt100000,adapt,dmc_walker_walk,frozen_readout,3,1.25e5,/scratch/midway3/rickybao/dreamerv3_runs/pretrain_p2e_walker_seed3/ckpt_snapshots/step000000100656,/scratch/midway3/rickybao/dreamerv3_runs/adapt_p2e_walker_seed3_ckpt100000,DONE,,,,
adapt_random_finger_seed1_ckpt500000,adapt,dmc_finger_turn_hard,frozen_readout,1,1.25e5,/scratch/midway3/rickybao/dreamerv3_runs/pretrain_random_finger_seed1/ckpt_snapshots/step000000499312,/scratch/midway3/rickybao/dreamerv3_runs/adapt_random_finger_seed1_ckpt500000,DONE,,,,
adapt_apt_cup_seed5_ckpt500000,adapt,dmc_cup_catch,frozen_readout,5,1.25e5,/scratch/midway3/rickybao/dreamerv3_runs/pretrain_apt_cup_seed5/ckpt_snapshots/step000000498768,/scratch/midway3/rickybao/dreamerv3_runs/adapt_apt_cup_seed5_ckpt500000,DONE,,,,
adapt_apt_walker_seed3_ckpt200000,adapt,dmc_walker_walk,frozen_readout,3,1.25e5,/scratch/midway3/rickybao/dreamerv3_runs/pretrain_apt_walker_seed3/ckpt_snapshots/step000000199552,/scratch/midway3/rickybao/dreamerv3_runs/adapt_apt_walker_seed3_ckpt200000,DONE,,,,
adapt_p2e_finger_seed3_ckpt200000,adapt,dmc_finger_turn_hard,frozen_readout,3,1.25e5,/scratch/midway3/rickybao/dreamerv3_runs/pretrain_p2e_finger_seed3/ckpt_snapshots/step000000199776,/scratch/midway3/rickybao/dreamerv3_runs/adapt_p2e_finger_seed3_ckpt200000,DONE,,,,
adapt_p2e_cup_seed3_ckpt200000,adapt,dmc_cup_catch,frozen_readout,3,1.25e5,/scratch/midway3/rickybao/dreamerv3_runs/pretrain_p2e_cup_seed3/ckpt_snapshots/step000000199536,/scratch/midway3/rickybao/dreamerv3_runs/adapt_p2e_cup_seed3_ckpt200000,DONE,,,,
adapt_apt_finger_seed2_ckpt200000,adapt,dmc_finger_turn_hard,frozen_readout,2,1.25e5,/scratch/midway3/rickybao/dreamerv3_runs/pretrain_apt_finger_seed2/ckpt_snapshots/step000000199968,/scratch/midway3/rickybao/dreamerv3_runs/adapt_apt_finger_seed2_ckpt200000,DONE,,,,
adapt_p2e_walker_seed3_ckpt200000,adapt,dmc_walker_walk,frozen_readout,3,1.25e5,/scratch/midway3/rickybao/dreamerv3_runs/pretrain_p2e_walker_seed3/ckpt_snapshots/step000000199408,/scratch/midway3/rickybao/dreamerv3_runs/adapt_p2e_walker_seed3_ckpt200000,DONE,,,,
adapt_random_finger_seed2_ckpt100000,adapt,dmc_finger_turn_hard,frozen_readout,2,1.25e5,/scratch/midway3/rickybao/dreamerv3_runs/pretrain_random_finger_seed2/ckpt_snapshots/step000000098448,/scratch/midway3/rickybao/dreamerv3_runs/adapt_random_finger_seed2_ckpt100000,DONE,,,,
adapt_random_cup_seed2_ckpt100000,adapt,dmc_cup_catch,frozen_readout,2,1.25e5,/scratch/midway3/rickybao/dreamerv3_runs/pretrain_random_cup_seed2/ckpt_snapshots/step000000099248,/scratch/midway3/rickybao/dreamerv3_runs/adapt_random_cup_seed2_ckpt100000,DONE,,,,
adapt_apt_walker_seed3_ckpt300000,adapt,dmc_walker_walk,frozen_readout,3,1.25e5,/scratch/midway3/rickybao/dreamerv3_runs/pretrain_apt_walker_seed3/ckpt_snapshots/step000000299680,/scratch/midway3/rickybao/dreamerv3_runs/adapt_apt_walker_seed3_ckpt300000,DONE,,,,
adapt_p2e_finger_seed3_ckpt300000,adapt,dmc_finger_turn_hard,frozen_readout,3,1.25e5,/scratch/midway3/rickybao/dreamerv3_runs/pretrain_p2e_finger_seed3/ckpt_snapshots/step000000298688,/scratch/midway3/rickybao/dreamerv3_runs/adapt_p2e_finger_seed3_ckpt300000,DONE,,,,
adapt_p2e_cup_seed3_ckpt300000,adapt,dmc_cup_catch,frozen_readout,3,1.25e5,/scratch/midway3/rickybao/dreamerv3_runs/pretrain_p2e_cup_seed3/ckpt_snapshots/step000000298336,/scratch/midway3/rickybao/dreamerv3_runs/adapt_p2e_cup_seed3_ckpt300000,DONE,,,,
adapt_apt_finger_seed2_ckpt300000,adapt,dmc_finger_turn_hard,frozen_readout,2,1.25e5,/scratch/midway3/rickybao/dreamerv3_runs/pretrain_apt_finger_seed2/ckpt_snapshots/step000000299376,/scratch/midway3/rickybao/dreamerv3_runs/adapt_apt_finger_seed2_ckpt300000,DONE,,,,
adapt_p2e_walker_seed3_ckpt300000,adapt,dmc_walker_walk,frozen_readout,3,1.25e5,/scratch/midway3/rickybao/dreamerv3_runs/pretrain_p2e_walker_seed3/ckpt_snapshots/step000000298160,/scratch/midway3/rickybao/dreamerv3_runs/adapt_p2e_walker_seed3_ckpt300000,DONE,,,,
adapt_random_finger_seed2_ckpt200000,adapt,dmc_finger_turn_hard,frozen_readout,2,1.25e5,/scratch/midway3/rickybao/dreamerv3_runs/pretrain_random_finger_seed2/ckpt_snapshots/step000000203488,/scratch/midway3/rickybao/dreamerv3_runs/adapt_random_finger_seed2_ckpt200000,DONE,,,,
adapt_random_cup_seed2_ckpt200000,adapt,dmc_cup_catch,frozen_readout,2,1.25e5,/scratch/midway3/rickybao/dreamerv3_runs/pretrain_random_cup_seed2/ckpt_snapshots/step000000196704,/scratch/midway3/rickybao/dreamerv3_runs/adapt_random_cup_seed2_ckpt200000,DONE,,,,
adapt_apt_walker_seed3_ckpt400000,adapt,dmc_walker_walk,frozen_readout,3,1.25e5,/scratch/midway3/rickybao/dreamerv3_runs/pretrain_apt_walker_seed3/ckpt_snapshots/step000000399808,/scratch/midway3/rickybao/dreamerv3_runs/adapt_apt_walker_seed3_ckpt400000,DONE,,,,
adapt_p2e_walker_seed3_ckpt400000,adapt,dmc_walker_walk,frozen_readout,3,1.25e5,/scratch/midway3/rickybao/dreamerv3_runs/pretrain_p2e_walker_seed3/ckpt_snapshots/step000000402064,/scratch/midway3/rickybao/dreamerv3_runs/adapt_p2e_walker_seed3_ckpt400000,DONE,,,,
adapt_p2e_finger_seed3_ckpt400000,adapt,dmc_finger_turn_hard,frozen_readout,3,1.25e5,/scratch/midway3/rickybao/dreamerv3_runs/pretrain_p2e_finger_seed3/ckpt_snapshots/step000000402096,/scratch/midway3/rickybao/dreamerv3_runs/adapt_p2e_finger_seed3_ckpt400000,DONE,,,,
adapt_p2e_cup_seed3_ckpt400000,adapt,dmc_cup_catch,frozen_readout,3,1.25e5,/scratch/midway3/rickybao/dreamerv3_runs/pretrain_p2e_cup_seed3/ckpt_snapshots/step000000402368,/scratch/midway3/rickybao/dreamerv3_runs/adapt_p2e_cup_seed3_ckpt400000,DONE,,,,
adapt_apt_finger_seed2_ckpt400000,adapt,dmc_finger_turn_hard,frozen_readout,2,1.25e5,/scratch/midway3/rickybao/dreamerv3_runs/pretrain_apt_finger_seed2/ckpt_snapshots/step000000400608,/scratch/midway3/rickybao/dreamerv3_runs/adapt_apt_finger_seed2_ckpt400000,DONE,,,,
adapt_random_finger_seed2_ckpt300000,adapt,dmc_finger_turn_hard,frozen_readout,2,1.25e5,/scratch/midway3/rickybao/dreamerv3_runs/pretrain_random_finger_seed2/ckpt_snapshots/step000000299728,/scratch/midway3/rickybao/dreamerv3_runs/adapt_random_finger_seed2_ckpt300000,DONE,,,,
adapt_random_cup_seed2_ckpt300000,adapt,dmc_cup_catch,frozen_readout,2,1.25e5,/scratch/midway3/rickybao/dreamerv3_runs/pretrain_random_cup_seed2/ckpt_snapshots/step000000304960,/scratch/midway3/rickybao/dreamerv3_runs/adapt_random_cup_seed2_ckpt300000,DONE,,,,
adapt_p2e_walker_seed3_ckpt500000,adapt,dmc_walker_walk,frozen_readout,3,1.25e5,/scratch/midway3/rickybao/dreamerv3_runs/pretrain_p2e_walker_seed3/ckpt_snapshots/step000000495664,/scratch/midway3/rickybao/dreamerv3_runs/adapt_p2e_walker_seed3_ckpt500000,DONE,,,,
adapt_apt_walker_seed3_ckpt500000,adapt,dmc_walker_walk,frozen_readout,3,1.25e5,/scratch/midway3/rickybao/dreamerv3_runs/pretrain_apt_walker_seed3/ckpt_snapshots/step000000499840,/scratch/midway3/rickybao/dreamerv3_runs/adapt_apt_walker_seed3_ckpt500000,DONE,,,,
adapt_p2e_finger_seed3_ckpt500000,adapt,dmc_finger_turn_hard,frozen_readout,3,1.25e5,/scratch/midway3/rickybao/dreamerv3_runs/pretrain_p2e_finger_seed3/ckpt_snapshots/step000000496512,/scratch/midway3/rickybao/dreamerv3_runs/adapt_p2e_finger_seed3_ckpt500000,DONE,,,,
adapt_p2e_cup_seed3_ckpt500000,adapt,dmc_cup_catch,frozen_readout,3,1.25e5,/scratch/midway3/rickybao/dreamerv3_runs/pretrain_p2e_cup_seed3/ckpt_snapshots/step000000496000,/scratch/midway3/rickybao/dreamerv3_runs/adapt_p2e_cup_seed3_ckpt500000,DONE,,,,
adapt_apt_finger_seed2_ckpt500000,adapt,dmc_finger_turn_hard,frozen_readout,2,1.25e5,/scratch/midway3/rickybao/dreamerv3_runs/pretrain_apt_finger_seed2/ckpt_snapshots/step000000497872,/scratch/midway3/rickybao/dreamerv3_runs/adapt_apt_finger_seed2_ckpt500000,DONE,,,,
adapt_random_finger_seed2_ckpt400000,adapt,dmc_finger_turn_hard,frozen_readout,2,1.25e5,/scratch/midway3/rickybao/dreamerv3_runs/pretrain_random_finger_seed2/ckpt_snapshots/step000000396288,/scratch/midway3/rickybao/dreamerv3_runs/adapt_random_finger_seed2_ckpt400000,DONE,,,,
adapt_random_cup_seed2_ckpt400000,adapt,dmc_cup_catch,frozen_readout,2,1.25e5,/scratch/midway3/rickybao/dreamerv3_runs/pretrain_random_cup_seed2/ckpt_snapshots/step000000402400,/scratch/midway3/rickybao/dreamerv3_runs/adapt_random_cup_seed2_ckpt400000,DONE,,,,
adapt_p2e_walker_seed4_ckpt100000,adapt,dmc_walker_walk,frozen_readout,4,1.25e5,/scratch/midway3/rickybao/dreamerv3_runs/pretrain_p2e_walker_seed4/ckpt_snapshots/step000000100656,/scratch/midway3/rickybao/dreamerv3_runs/adapt_p2e_walker_seed4_ckpt100000,DONE,,,,
adapt_apt_walker_seed4_ckpt100000,adapt,dmc_walker_walk,frozen_readout,4,1.25e5,/scratch/midway3/rickybao/dreamerv3_runs/pretrain_apt_walker_seed4/ckpt_snapshots/step000000100512,/scratch/midway3/rickybao/dreamerv3_runs/adapt_apt_walker_seed4_ckpt100000,DONE,,,,
adapt_p2e_finger_seed4_ckpt100000,adapt,dmc_finger_turn_hard,frozen_readout,4,1.25e5,/scratch/midway3/rickybao/dreamerv3_runs/pretrain_p2e_finger_seed4/ckpt_snapshots/step000000100848,/scratch/midway3/rickybao/dreamerv3_runs/adapt_p2e_finger_seed4_ckpt100000,DONE,,,,
adapt_p2e_cup_seed4_ckpt100000,adapt,dmc_cup_catch,frozen_readout,4,1.25e5,/scratch/midway3/rickybao/dreamerv3_runs/pretrain_p2e_cup_seed4/ckpt_snapshots/step000000100736,/scratch/midway3/rickybao/dreamerv3_runs/adapt_p2e_cup_seed4_ckpt100000,DONE,,,,
adapt_apt_finger_seed4_ckpt100000,adapt,dmc_finger_turn_hard,frozen_readout,4,1.25e5,/scratch/midway3/rickybao/dreamerv3_runs/pretrain_apt_finger_seed4/ckpt_snapshots/step000000101024,/scratch/midway3/rickybao/dreamerv3_runs/adapt_apt_finger_seed4_ckpt100000,DONE,,,,
adapt_random_finger_seed2_ckpt500000,adapt,dmc_finger_turn_hard,frozen_readout,2,1.25e5,/scratch/midway3/rickybao/dreamerv3_runs/pretrain_random_finger_seed2/ckpt_snapshots/step000000497072,/scratch/midway3/rickybao/dreamerv3_runs/adapt_random_finger_seed2_ckpt500000,DONE,,,,
adapt_random_cup_seed2_ckpt500000,adapt,dmc_cup_catch,frozen_readout,2,1.25e5,/scratch/midway3/rickybao/dreamerv3_runs/pretrain_random_cup_seed2/ckpt_snapshots/step000000499840,/scratch/midway3/rickybao/dreamerv3_runs/adapt_random_cup_seed2_ckpt500000,DONE,,,,
adapt_p2e_walker_seed4_ckpt200000,adapt,dmc_walker_walk,frozen_readout,4,1.25e5,/scratch/midway3/rickybao/dreamerv3_runs/pretrain_p2e_walker_seed4/ckpt_snapshots/step000000199456,/scratch/midway3/rickybao/dreamerv3_runs/adapt_p2e_walker_seed4_ckpt200000,DONE,,,,
adapt_apt_walker_seed4_ckpt200000,adapt,dmc_walker_walk,frozen_readout,4,1.25e5,/scratch/midway3/rickybao/dreamerv3_runs/pretrain_apt_walker_seed4/ckpt_snapshots/step000000199344,/scratch/midway3/rickybao/dreamerv3_runs/adapt_apt_walker_seed4_ckpt200000,DONE,,,,
adapt_p2e_finger_seed4_ckpt200000,adapt,dmc_finger_turn_hard,frozen_readout,4,1.25e5,/scratch/midway3/rickybao/dreamerv3_runs/pretrain_p2e_finger_seed4/ckpt_snapshots/step000000199760,/scratch/midway3/rickybao/dreamerv3_runs/adapt_p2e_finger_seed4_ckpt200000,DONE,,,,
adapt_p2e_cup_seed4_ckpt200000,adapt,dmc_cup_catch,frozen_readout,4,1.25e5,/scratch/midway3/rickybao/dreamerv3_runs/pretrain_p2e_cup_seed4/ckpt_snapshots/step000000199632,/scratch/midway3/rickybao/dreamerv3_runs/adapt_p2e_cup_seed4_ckpt200000,DONE,,,,
adapt_apt_finger_seed4_ckpt200000,adapt,dmc_finger_turn_hard,frozen_readout,4,1.25e5,/scratch/midway3/rickybao/dreamerv3_runs/pretrain_apt_finger_seed4/ckpt_snapshots/step000000200256,/scratch/midway3/rickybao/dreamerv3_runs/adapt_apt_finger_seed4_ckpt200000,DONE,,,,
adapt_random_finger_seed3_ckpt100000,adapt,dmc_finger_turn_hard,frozen_readout,3,1.25e5,/scratch/midway3/rickybao/dreamerv3_runs/pretrain_random_finger_seed3/ckpt_snapshots/step000000100256,/scratch/midway3/rickybao/dreamerv3_runs/adapt_random_finger_seed3_ckpt100000,DONE,,,,
adapt_random_cup_seed3_ckpt100000,adapt,dmc_cup_catch,frozen_readout,3,1.25e5,/scratch/midway3/rickybao/dreamerv3_runs/pretrain_random_cup_seed3/ckpt_snapshots/step000000099360,/scratch/midway3/rickybao/dreamerv3_runs/adapt_random_cup_seed3_ckpt100000,DONE,,,,
adapt_p2e_walker_seed4_ckpt300000,adapt,dmc_walker_walk,frozen_readout,4,1.25e5,/scratch/midway3/rickybao/dreamerv3_runs/pretrain_p2e_walker_seed4/ckpt_snapshots/step000000298256,/scratch/midway3/rickybao/dreamerv3_runs/adapt_p2e_walker_seed4_ckpt300000,DONE,,,,
adapt_apt_finger_seed3_ckpt100000,adapt,dmc_finger_turn_hard,frozen_readout,3,1.25e5,/scratch/midway3/rickybao/dreamerv3_runs/pretrain_apt_finger_seed3/ckpt_snapshots/step000000099088,/scratch/midway3/rickybao/dreamerv3_runs/adapt_apt_finger_seed3_ckpt100000,DONE,,,,
adapt_apt_walker_seed4_ckpt300000,adapt,dmc_walker_walk,frozen_readout,4,1.25e5,/scratch/midway3/rickybao/dreamerv3_runs/pretrain_apt_walker_seed4/ckpt_snapshots/step000000301168,/scratch/midway3/rickybao/dreamerv3_runs/adapt_apt_walker_seed4_ckpt300000,DONE,,,,
adapt_p2e_finger_seed4_ckpt300000,adapt,dmc_finger_turn_hard,frozen_readout,4,1.25e5,/scratch/midway3/rickybao/dreamerv3_runs/pretrain_p2e_finger_seed4/ckpt_snapshots/step000000298656,/scratch/midway3/rickybao/dreamerv3_runs/adapt_p2e_finger_seed4_ckpt300000,DONE,,,,
adapt_random_finger_seed3_ckpt200000,adapt,dmc_finger_turn_hard,frozen_readout,3,1.25e5,/scratch/midway3/rickybao/dreamerv3_runs/pretrain_random_finger_seed3/ckpt_snapshots/step000000198640,/scratch/midway3/rickybao/dreamerv3_runs/adapt_random_finger_seed3_ckpt200000,DONE,,,,
adapt_p2e_cup_seed4_ckpt300000,adapt,dmc_cup_catch,frozen_readout,4,1.25e5,/scratch/midway3/rickybao/dreamerv3_runs/pretrain_p2e_cup_seed4/ckpt_snapshots/step000000298688,/scratch/midway3/rickybao/dreamerv3_runs/adapt_p2e_cup_seed4_ckpt300000,DONE,,,,
adapt_random_walker_seed3_ckpt100000,adapt,dmc_walker_walk,frozen_readout,3,1.25e5,/scratch/midway3/rickybao/dreamerv3_runs/pretrain_random_walker_seed3/ckpt_snapshots/step000000098528,/scratch/midway3/rickybao/dreamerv3_runs/adapt_random_walker_seed3_ckpt100000,DONE,,,,
adapt_random_cup_seed3_ckpt200000,adapt,dmc_cup_catch,frozen_readout,3,1.25e5,/scratch/midway3/rickybao/dreamerv3_runs/pretrain_random_cup_seed3/ckpt_snapshots/step000000196864,/scratch/midway3/rickybao/dreamerv3_runs/adapt_random_cup_seed3_ckpt200000,DONE,,,,
adapt_apt_finger_seed4_ckpt300000,adapt,dmc_finger_turn_hard,frozen_readout,4,1.25e5,/scratch/midway3/rickybao/dreamerv3_runs/pretrain_apt_finger_seed4/ckpt_snapshots/step000000299488,/scratch/midway3/rickybao/dreamerv3_runs/adapt_apt_finger_seed4_ckpt300000,DONE,,,,
adapt_p2e_walker_seed4_ckpt400000,adapt,dmc_walker_walk,frozen_readout,4,1.25e5,/scratch/midway3/rickybao/dreamerv3_runs/pretrain_p2e_walker_seed4/ckpt_snapshots/step000000402256,/scratch/midway3/rickybao/dreamerv3_runs/adapt_p2e_walker_seed4_ckpt400000,DONE,,,,
adapt_apt_finger_seed3_ckpt200000,adapt,dmc_finger_turn_hard,frozen_readout,3,1.25e5,/scratch/midway3/rickybao/dreamerv3_runs/pretrain_apt_finger_seed3/ckpt_snapshots/step000000200912,/scratch/midway3/rickybao/dreamerv3_runs/adapt_apt_finger_seed3_ckpt200000,DONE,,,,
adapt_random_finger_seed3_ckpt300000,adapt,dmc_finger_turn_hard,frozen_readout,3,1.25e5,/scratch/midway3/rickybao/dreamerv3_runs/pretrain_random_finger_seed3/ckpt_snapshots/step000000297040,/scratch/midway3/rickybao/dreamerv3_runs/adapt_random_finger_seed3_ckpt300000,DONE,,,,
adapt_apt_walker_seed4_ckpt400000,adapt,dmc_walker_walk,frozen_readout,4,1.25e5,/scratch/midway3/rickybao/dreamerv3_runs/pretrain_apt_walker_seed4/ckpt_snapshots/step000000400624,/scratch/midway3/rickybao/dreamerv3_runs/adapt_apt_walker_seed4_ckpt400000,DONE,,,,
adapt_p2e_finger_seed4_ckpt400000,adapt,dmc_finger_turn_hard,frozen_readout,4,1.25e5,/scratch/midway3/rickybao/dreamerv3_runs/pretrain_p2e_finger_seed4/ckpt_snapshots/step000000401984,/scratch/midway3/rickybao/dreamerv3_runs/adapt_p2e_finger_seed4_ckpt400000,DONE,,,,
adapt_random_cup_seed3_ckpt300000,adapt,dmc_cup_catch,frozen_readout,3,1.25e5,/scratch/midway3/rickybao/dreamerv3_runs/pretrain_random_cup_seed3/ckpt_snapshots/step000000305200,/scratch/midway3/rickybao/dreamerv3_runs/adapt_random_cup_seed3_ckpt300000,DONE,,,,
adapt_p2e_cup_seed4_ckpt400000,adapt,dmc_cup_catch,frozen_readout,4,1.25e5,/scratch/midway3/rickybao/dreamerv3_runs/pretrain_p2e_cup_seed4/ckpt_snapshots/step000000397712,/scratch/midway3/rickybao/dreamerv3_runs/adapt_p2e_cup_seed4_ckpt400000,DONE,,,,
adapt_random_walker_seed3_ckpt200000,adapt,dmc_walker_walk,frozen_readout,3,1.25e5,/scratch/midway3/rickybao/dreamerv3_runs/pretrain_random_walker_seed3/ckpt_snapshots/step000000203984,/scratch/midway3/rickybao/dreamerv3_runs/adapt_random_walker_seed3_ckpt200000,DONE,,,,
adapt_apt_finger_seed4_ckpt400000,adapt,dmc_finger_turn_hard,frozen_readout,4,1.25e5,/scratch/midway3/rickybao/dreamerv3_runs/pretrain_apt_finger_seed4/ckpt_snapshots/step000000401072,/scratch/midway3/rickybao/dreamerv3_runs/adapt_apt_finger_seed4_ckpt400000,DONE,,,,
adapt_p2e_walker_seed4_ckpt500000,adapt,dmc_walker_walk,frozen_readout,4,1.25e5,/scratch/midway3/rickybao/dreamerv3_runs/pretrain_p2e_walker_seed4/ckpt_snapshots/step000000495824,/scratch/midway3/rickybao/dreamerv3_runs/adapt_p2e_walker_seed4_ckpt500000,DONE,,,,
adapt_apt_finger_seed3_ckpt300000,adapt,dmc_finger_turn_hard,frozen_readout,3,1.25e5,/scratch/midway3/rickybao/dreamerv3_runs/pretrain_apt_finger_seed3/ckpt_snapshots/step000000300352,/scratch/midway3/rickybao/dreamerv3_runs/adapt_apt_finger_seed3_ckpt300000,FAILED,,,,
adapt_random_finger_seed3_ckpt400000,adapt,dmc_finger_turn_hard,frozen_readout,3,1.25e5,/scratch/midway3/rickybao/dreamerv3_runs/pretrain_random_finger_seed3/ckpt_snapshots/step000000404368,/scratch/midway3/rickybao/dreamerv3_runs/adapt_random_finger_seed3_ckpt400000,DONE,,,,
adapt_random_cup_seed3_ckpt400000,adapt,dmc_cup_catch,frozen_readout,3,1.25e5,/scratch/midway3/rickybao/dreamerv3_runs/pretrain_random_cup_seed3/ckpt_snapshots/step000000402752,/scratch/midway3/rickybao/dreamerv3_runs/adapt_random_cup_seed3_ckpt400000,DONE,,,,
adapt_apt_walker_seed4_ckpt500000,adapt,dmc_walker_walk,frozen_readout,4,1.25e5,/scratch/midway3/rickybao/dreamerv3_runs/pretrain_apt_walker_seed4/ckpt_snapshots/step000000497712,/scratch/midway3/rickybao/dreamerv3_runs/adapt_apt_walker_seed4_ckpt500000,DONE,,,,
adapt_p2e_finger_seed4_ckpt500000,adapt,dmc_finger_turn_hard,frozen_readout,4,1.25e5,/scratch/midway3/rickybao/dreamerv3_runs/pretrain_p2e_finger_seed4/ckpt_snapshots/step000000496352,/scratch/midway3/rickybao/dreamerv3_runs/adapt_p2e_finger_seed4_ckpt500000,DONE,,,,
adapt_p2e_cup_seed4_ckpt500000,adapt,dmc_cup_catch,frozen_readout,4,1.25e5,/scratch/midway3/rickybao/dreamerv3_runs/pretrain_p2e_cup_seed4/ckpt_snapshots/step000000496768,/scratch/midway3/rickybao/dreamerv3_runs/adapt_p2e_cup_seed4_ckpt500000,DONE,,,,
adapt_random_walker_seed3_ckpt300000,adapt,dmc_walker_walk,frozen_readout,3,1.25e5,/scratch/midway3/rickybao/dreamerv3_runs/pretrain_random_walker_seed3/ckpt_snapshots/step000000300544,/scratch/midway3/rickybao/dreamerv3_runs/adapt_random_walker_seed3_ckpt300000,DONE,,,,
adapt_apt_finger_seed4_ckpt500000,adapt,dmc_finger_turn_hard,frozen_readout,4,1.25e5,/scratch/midway3/rickybao/dreamerv3_runs/pretrain_apt_finger_seed4/ckpt_snapshots/step000000497744,/scratch/midway3/rickybao/dreamerv3_runs/adapt_apt_finger_seed4_ckpt500000,DONE,,,,
adapt_p2e_walker_seed5_ckpt100000,adapt,dmc_walker_walk,frozen_readout,5,1.25e5,/scratch/midway3/rickybao/dreamerv3_runs/pretrain_p2e_walker_seed5/ckpt_snapshots/step000000100912,/scratch/midway3/rickybao/dreamerv3_runs/adapt_p2e_walker_seed5_ckpt100000,DONE,,,,
adapt_random_finger_seed3_ckpt500000,adapt,dmc_finger_turn_hard,frozen_readout,3,1.25e5,/scratch/midway3/rickybao/dreamerv3_runs/pretrain_random_finger_seed3/ckpt_snapshots/step000000493840,/scratch/midway3/rickybao/dreamerv3_runs/adapt_random_finger_seed3_ckpt500000,DONE,,,,
adapt_random_cup_seed3_ckpt500000,adapt,dmc_cup_catch,frozen_readout,3,1.25e5,/scratch/midway3/rickybao/dreamerv3_runs/pretrain_random_cup_seed3/ckpt_snapshots/step000000489472,/scratch/midway3/rickybao/dreamerv3_runs/adapt_random_cup_seed3_ckpt500000,DONE,,,,
adapt_apt_walker_seed5_ckpt100000,adapt,dmc_walker_walk,frozen_readout,5,1.25e5,/scratch/midway3/rickybao/dreamerv3_runs/pretrain_apt_walker_seed5/ckpt_snapshots/step000000100336,/scratch/midway3/rickybao/dreamerv3_runs/adapt_apt_walker_seed5_ckpt100000,DONE,,,,
adapt_p2e_finger_seed5_ckpt100000,adapt,dmc_finger_turn_hard,frozen_readout,5,1.25e5,/scratch/midway3/rickybao/dreamerv3_runs/pretrain_p2e_finger_seed5/ckpt_snapshots/step000000100896,/scratch/midway3/rickybao/dreamerv3_runs/adapt_p2e_finger_seed5_ckpt100000,DONE,,,,
adapt_p2e_walker_seed5_ckpt200000,adapt,dmc_walker_walk,frozen_readout,5,1.25e5,/scratch/midway3/rickybao/dreamerv3_runs/pretrain_p2e_walker_seed5/ckpt_snapshots/step000000199920,/scratch/midway3/rickybao/dreamerv3_runs/adapt_p2e_walker_seed5_ckpt200000,DONE,,,,
adapt_p2e_cup_seed5_ckpt100000,adapt,dmc_cup_catch,frozen_readout,5,1.25e5,/scratch/midway3/rickybao/dreamerv3_runs/pretrain_p2e_cup_seed5/ckpt_snapshots/step000000100832,/scratch/midway3/rickybao/dreamerv3_runs/adapt_p2e_cup_seed5_ckpt100000,DONE,,,,
adapt_apt_finger_seed5_ckpt100000,adapt,dmc_finger_turn_hard,frozen_readout,5,1.25e5,/scratch/midway3/rickybao/dreamerv3_runs/pretrain_apt_finger_seed5/ckpt_snapshots/step000000100320,/scratch/midway3/rickybao/dreamerv3_runs/adapt_apt_finger_seed5_ckpt100000,DONE,,,,
adapt_random_finger_seed4_ckpt100000,adapt,dmc_finger_turn_hard,frozen_readout,4,1.25e5,/scratch/midway3/rickybao/dreamerv3_runs/pretrain_random_finger_seed4/ckpt_snapshots/step000000100512,/scratch/midway3/rickybao/dreamerv3_runs/adapt_random_finger_seed4_ckpt100000,DONE,,,,
adapt_random_cup_seed4_ckpt100000,adapt,dmc_cup_catch,frozen_readout,4,1.25e5,/scratch/midway3/rickybao/dreamerv3_runs/pretrain_random_cup_seed4/ckpt_snapshots/step000000099344,/scratch/midway3/rickybao/dreamerv3_runs/adapt_random_cup_seed4_ckpt100000,DONE,,,,
adapt_apt_walker_seed5_ckpt200000,adapt,dmc_walker_walk,frozen_readout,5,1.25e5,/scratch/midway3/rickybao/dreamerv3_runs/pretrain_apt_walker_seed5/ckpt_snapshots/step000000199168,/scratch/midway3/rickybao/dreamerv3_runs/adapt_apt_walker_seed5_ckpt200000,DONE,,,,
adapt_p2e_walker_seed5_ckpt300000,adapt,dmc_walker_walk,frozen_readout,5,1.25e5,/scratch/midway3/rickybao/dreamerv3_runs/pretrain_p2e_walker_seed5/ckpt_snapshots/step000000298960,/scratch/midway3/rickybao/dreamerv3_runs/adapt_p2e_walker_seed5_ckpt300000,DONE,,,,
adapt_p2e_finger_seed5_ckpt200000,adapt,dmc_finger_turn_hard,frozen_readout,5,1.25e5,/scratch/midway3/rickybao/dreamerv3_runs/pretrain_p2e_finger_seed5/ckpt_snapshots/step000000200000,/scratch/midway3/rickybao/dreamerv3_runs/adapt_p2e_finger_seed5_ckpt200000,DONE,,,,
adapt_p2e_cup_seed5_ckpt200000,adapt,dmc_cup_catch,frozen_readout,5,1.25e5,/scratch/midway3/rickybao/dreamerv3_runs/pretrain_p2e_cup_seed5/ckpt_snapshots/step000000199856,/scratch/midway3/rickybao/dreamerv3_runs/adapt_p2e_cup_seed5_ckpt200000,DONE,,,,
adapt_apt_finger_seed5_ckpt200000,adapt,dmc_finger_turn_hard,frozen_readout,5,1.25e5,/scratch/midway3/rickybao/dreamerv3_runs/pretrain_apt_finger_seed5/ckpt_snapshots/step000000200160,/scratch/midway3/rickybao/dreamerv3_runs/adapt_apt_finger_seed5_ckpt200000,DONE,,,,
adapt_random_finger_seed4_ckpt200000,adapt,dmc_finger_turn_hard,frozen_readout,4,1.25e5,/scratch/midway3/rickybao/dreamerv3_runs/pretrain_random_finger_seed4/ckpt_snapshots/step000000199216,/scratch/midway3/rickybao/dreamerv3_runs/adapt_random_finger_seed4_ckpt200000,DONE,,,,
adapt_random_cup_seed4_ckpt200000,adapt,dmc_cup_catch,frozen_readout,4,1.25e5,/scratch/midway3/rickybao/dreamerv3_runs/pretrain_random_cup_seed4/ckpt_snapshots/step000000196816,/scratch/midway3/rickybao/dreamerv3_runs/adapt_random_cup_seed4_ckpt200000,DONE,,,,
adapt_p2e_walker_seed5_ckpt400000,adapt,dmc_walker_walk,frozen_readout,5,1.25e5,/scratch/midway3/rickybao/dreamerv3_runs/pretrain_p2e_walker_seed5/ckpt_snapshots/step000000398000,/scratch/midway3/rickybao/dreamerv3_runs/adapt_p2e_walker_seed5_ckpt400000,DONE,,,,
adapt_apt_walker_seed5_ckpt300000,adapt,dmc_walker_walk,frozen_readout,5,1.25e5,/scratch/midway3/rickybao/dreamerv3_runs/pretrain_apt_walker_seed5/ckpt_snapshots/step000000300992,/scratch/midway3/rickybao/dreamerv3_runs/adapt_apt_walker_seed5_ckpt300000,DONE,,,,
adapt_p2e_finger_seed5_ckpt300000,adapt,dmc_finger_turn_hard,frozen_readout,5,1.25e5,/scratch/midway3/rickybao/dreamerv3_runs/pretrain_p2e_finger_seed5/ckpt_snapshots/step000000299136,/scratch/midway3/rickybao/dreamerv3_runs/adapt_p2e_finger_seed5_ckpt300000,DONE,,,,
adapt_p2e_cup_seed5_ckpt300000,adapt,dmc_cup_catch,frozen_readout,5,1.25e5,/scratch/midway3/rickybao/dreamerv3_runs/pretrain_p2e_cup_seed5/ckpt_snapshots/step000000298944,/scratch/midway3/rickybao/dreamerv3_runs/adapt_p2e_cup_seed5_ckpt300000,DONE,,,,
adapt_apt_finger_seed5_ckpt300000,adapt,dmc_finger_turn_hard,frozen_readout,5,1.25e5,/scratch/midway3/rickybao/dreamerv3_runs/pretrain_apt_finger_seed5/ckpt_snapshots/step000000300000,/scratch/midway3/rickybao/dreamerv3_runs/adapt_apt_finger_seed5_ckpt300000,DONE,,,,
adapt_random_finger_seed4_ckpt300000,adapt,dmc_finger_turn_hard,frozen_readout,4,1.25e5,/scratch/midway3/rickybao/dreamerv3_runs/pretrain_random_finger_seed4/ckpt_snapshots/step000000297952,/scratch/midway3/rickybao/dreamerv3_runs/adapt_random_finger_seed4_ckpt300000,DONE,,,,
adapt_random_cup_seed4_ckpt300000,adapt,dmc_cup_catch,frozen_readout,4,1.25e5,/scratch/midway3/rickybao/dreamerv3_runs/pretrain_random_cup_seed4/ckpt_snapshots/step000000305168,/scratch/midway3/rickybao/dreamerv3_runs/adapt_random_cup_seed4_ckpt300000,DONE,,,,
adapt_p2e_walker_seed5_ckpt500000,adapt,dmc_walker_walk,frozen_readout,5,1.25e5,/scratch/midway3/rickybao/dreamerv3_runs/pretrain_p2e_walker_seed5/ckpt_snapshots/step000000497104,/scratch/midway3/rickybao/dreamerv3_runs/adapt_p2e_walker_seed5_ckpt500000,DONE,,,,
adapt_apt_walker_seed5_ckpt400000,adapt,dmc_walker_walk,frozen_readout,5,1.25e5,/scratch/midway3/rickybao/dreamerv3_runs/pretrain_apt_walker_seed5/ckpt_snapshots/step000000400448,/scratch/midway3/rickybao/dreamerv3_runs/adapt_apt_walker_seed5_ckpt400000,DONE,,,,
adapt_p2e_finger_seed5_ckpt400000,adapt,dmc_finger_turn_hard,frozen_readout,5,1.25e5,/scratch/midway3/rickybao/dreamerv3_runs/pretrain_p2e_finger_seed5/ckpt_snapshots/step000000398096,/scratch/midway3/rickybao/dreamerv3_runs/adapt_p2e_finger_seed5_ckpt400000,DONE,,,,
adapt_p2e_cup_seed5_ckpt400000,adapt,dmc_cup_catch,frozen_readout,5,1.25e5,/scratch/midway3/rickybao/dreamerv3_runs/pretrain_p2e_cup_seed5/ckpt_snapshots/step000000397984,/scratch/midway3/rickybao/dreamerv3_runs/adapt_p2e_cup_seed5_ckpt400000,DONE,,,,
adapt_random_finger_seed4_ckpt400000,adapt,dmc_finger_turn_hard,frozen_readout,4,1.25e5,/scratch/midway3/rickybao/dreamerv3_runs/pretrain_random_finger_seed4/ckpt_snapshots/step000000396688,/scratch/midway3/rickybao/dreamerv3_runs/adapt_random_finger_seed4_ckpt400000,DONE,,,,
adapt_apt_finger_seed5_ckpt400000,adapt,dmc_finger_turn_hard,frozen_readout,5,1.25e5,/scratch/midway3/rickybao/dreamerv3_runs/pretrain_apt_finger_seed5/ckpt_snapshots/step000000399840,/scratch/midway3/rickybao/dreamerv3_runs/adapt_apt_finger_seed5_ckpt400000,DONE,,,,
adapt_random_cup_seed4_ckpt400000,adapt,dmc_cup_catch,frozen_readout,4,1.25e5,/scratch/midway3/rickybao/dreamerv3_runs/pretrain_random_cup_seed4/ckpt_snapshots/step000000402688,/scratch/midway3/rickybao/dreamerv3_runs/adapt_random_cup_seed4_ckpt400000,DONE,,,,
adapt_random_cup_seed1_ckpt100000,adapt,dmc_cup_catch,frozen_readout,1,1.25e5,/scratch/midway3/rickybao/dreamerv3_runs/pretrain_random_cup_seed1/ckpt_snapshots/step000000101056,/scratch/midway3/rickybao/dreamerv3_runs/adapt_random_cup_seed1_ckpt100000,DONE,,,,
adapt_apt_walker_seed5_ckpt500000,adapt,dmc_walker_walk,frozen_readout,5,1.25e5,/scratch/midway3/rickybao/dreamerv3_runs/pretrain_apt_walker_seed5/ckpt_snapshots/step000000499888,/scratch/midway3/rickybao/dreamerv3_runs/adapt_apt_walker_seed5_ckpt500000,DONE,,,,
adapt_p2e_finger_seed5_ckpt500000,adapt,dmc_finger_turn_hard,frozen_readout,5,1.25e5,/scratch/midway3/rickybao/dreamerv3_runs/pretrain_p2e_finger_seed5/ckpt_snapshots/step000000497296,/scratch/midway3/rickybao/dreamerv3_runs/adapt_p2e_finger_seed5_ckpt500000,DONE,,,,
adapt_p2e_cup_seed5_ckpt500000,adapt,dmc_cup_catch,frozen_readout,5,1.25e5,/scratch/midway3/rickybao/dreamerv3_runs/pretrain_p2e_cup_seed5/ckpt_snapshots/step000000497040,/scratch/midway3/rickybao/dreamerv3_runs/adapt_p2e_cup_seed5_ckpt500000,DONE,,,,
adapt_random_finger_seed4_ckpt500000,adapt,dmc_finger_turn_hard,frozen_readout,4,1.25e5,/scratch/midway3/rickybao/dreamerv3_runs/pretrain_random_finger_seed4/ckpt_snapshots/step000000495424,/scratch/midway3/rickybao/dreamerv3_runs/adapt_random_finger_seed4_ckpt500000,DONE,,,,
adapt_random_cup_seed4_ckpt500000,adapt,dmc_cup_catch,frozen_readout,4,1.25e5,/scratch/midway3/rickybao/dreamerv3_runs/pretrain_random_cup_seed4/ckpt_snapshots/step000000489360,/scratch/midway3/rickybao/dreamerv3_runs/adapt_random_cup_seed4_ckpt500000,DONE,,,,
adapt_apt_finger_seed5_ckpt500000,adapt,dmc_finger_turn_hard,frozen_readout,5,1.25e5,/scratch/midway3/rickybao/dreamerv3_runs/pretrain_apt_finger_seed5/ckpt_snapshots/step000000499680,/scratch/midway3/rickybao/dreamerv3_runs/adapt_apt_finger_seed5_ckpt500000,DONE,,,,
adapt_random_cup_seed1_ckpt200000,adapt,dmc_cup_catch,frozen_readout,1,1.25e5,/scratch/midway3/rickybao/dreamerv3_runs/pretrain_random_cup_seed1/ckpt_snapshots/step000000200304,/scratch/midway3/rickybao/dreamerv3_runs/adapt_random_cup_seed1_ckpt200000,DONE,,,,
adapt_p2e_cup_seed1_ckpt100000,adapt,dmc_cup_catch,frozen_readout,1,1.25e5,/scratch/midway3/rickybao/dreamerv3_runs/pretrain_p2e_cup_seed1/ckpt_snapshots/step000000100768,/scratch/midway3/rickybao/dreamerv3_runs/adapt_p2e_cup_seed1_ckpt100000,DONE,,,,
adapt_p2e_walker_seed1_ckpt100000,adapt,dmc_walker_walk,frozen_readout,1,1.25e5,/scratch/midway3/rickybao/dreamerv3_runs/pretrain_p2e_walker_seed1/ckpt_snapshots/step000000100720,/scratch/midway3/rickybao/dreamerv3_runs/adapt_p2e_walker_seed1_ckpt100000,DONE,,,,
adapt_random_finger_seed5_ckpt100000,adapt,dmc_finger_turn_hard,frozen_readout,5,1.25e5,/scratch/midway3/rickybao/dreamerv3_runs/pretrain_random_finger_seed5/ckpt_snapshots/step000000100240,/scratch/midway3/rickybao/dreamerv3_runs/adapt_random_finger_seed5_ckpt100000,DONE,,,,
adapt_p2e_finger_seed1_ckpt100000,adapt,dmc_finger_turn_hard,frozen_readout,1,1.25e5,/scratch/midway3/rickybao/dreamerv3_runs/pretrain_p2e_finger_seed1/ckpt_snapshots/step000000100432,/scratch/midway3/rickybao/dreamerv3_runs/adapt_p2e_finger_seed1_ckpt100000,DONE,,,,
adapt_random_cup_seed5_ckpt100000,adapt,dmc_cup_catch,frozen_readout,5,1.25e5,/scratch/midway3/rickybao/dreamerv3_runs/pretrain_random_cup_seed5/ckpt_snapshots/step000000099472,/scratch/midway3/rickybao/dreamerv3_runs/adapt_random_cup_seed5_ckpt100000,DONE,,,,
adapt_apt_walker_seed1_ckpt100000,adapt,dmc_walker_walk,frozen_readout,1,1.25e5,/scratch/midway3/rickybao/dreamerv3_runs/pretrain_apt_walker_seed1/ckpt_snapshots/step000000099296,/scratch/midway3/rickybao/dreamerv3_runs/adapt_apt_walker_seed1_ckpt100000,DONE,,,,
adapt_random_cup_seed1_ckpt300000,adapt,dmc_cup_catch,frozen_readout,1,1.25e5,/scratch/midway3/rickybao/dreamerv3_runs/pretrain_random_cup_seed1/ckpt_snapshots/step000000299568,/scratch/midway3/rickybao/dreamerv3_runs/adapt_random_cup_seed1_ckpt300000,DONE,,,,
adapt_p2e_cup_seed1_ckpt200000,adapt,dmc_cup_catch,frozen_readout,1,1.25e5,/scratch/midway3/rickybao/dreamerv3_runs/pretrain_p2e_cup_seed1/ckpt_snapshots/step000000199680,/scratch/midway3/rickybao/dreamerv3_runs/adapt_p2e_cup_seed1_ckpt200000,DONE,,,,
adapt_apt_finger_seed3_ckpt300000,adapt,dmc_finger_turn_hard,frozen_readout,3,1.25e5,/scratch/midway3/rickybao/dreamerv3_runs/pretrain_apt_finger_seed3/ckpt_snapshots/step000000300352,/scratch/midway3/rickybao/dreamerv3_runs/adapt_apt_finger_seed3_ckpt300000,FAILED,,,,
adapt_random_finger_seed5_ckpt200000,adapt,dmc_finger_turn_hard,frozen_readout,5,1.25e5,/scratch/midway3/rickybao/dreamerv3_runs/pretrain_random_finger_seed5/ckpt_snapshots/step000000198608,/scratch/midway3/rickybao/dreamerv3_runs/adapt_random_finger_seed5_ckpt200000,DONE,,,,
adapt_random_walker_seed3_ckpt500000,adapt,dmc_walker_walk,frozen_readout,3,1.25e5,/scratch/midway3/rickybao/dreamerv3_runs/pretrain_random_walker_seed3/ckpt_snapshots/step000000493616,/scratch/midway3/rickybao/dreamerv3_runs/adapt_random_walker_seed3_ckpt500000,FAILED,,,,
adapt_p2e_walker_seed1_ckpt200000,adapt,dmc_walker_walk,frozen_readout,1,1.25e5,/scratch/midway3/rickybao/dreamerv3_runs/pretrain_p2e_walker_seed1/ckpt_snapshots/step000000199520,/scratch/midway3/rickybao/dreamerv3_runs/adapt_p2e_walker_seed1_ckpt200000,DONE,,,,
adapt_random_cup_seed5_ckpt200000,adapt,dmc_cup_catch,frozen_readout,5,1.25e5,/scratch/midway3/rickybao/dreamerv3_runs/pretrain_random_cup_seed5/ckpt_snapshots/step000000197104,/scratch/midway3/rickybao/dreamerv3_runs/adapt_random_cup_seed5_ckpt200000,DONE,,,,
adapt_p2e_finger_seed1_ckpt200000,adapt,dmc_finger_turn_hard,frozen_readout,1,1.25e5,/scratch/midway3/rickybao/dreamerv3_runs/pretrain_p2e_finger_seed1/ckpt_snapshots/step000000198928,/scratch/midway3/rickybao/dreamerv3_runs/adapt_p2e_finger_seed1_ckpt200000,DONE,,,,
adapt_random_cup_seed1_ckpt400000,adapt,dmc_cup_catch,frozen_readout,1,1.25e5,/scratch/midway3/rickybao/dreamerv3_runs/pretrain_random_cup_seed1/ckpt_snapshots/step000000398832,/scratch/midway3/rickybao/dreamerv3_runs/adapt_random_cup_seed1_ckpt400000,DONE,,,,
adapt_apt_walker_seed1_ckpt200000,adapt,dmc_walker_walk,frozen_readout,1,1.25e5,/scratch/midway3/rickybao/dreamerv3_runs/pretrain_apt_walker_seed1/ckpt_snapshots/step000000201120,/scratch/midway3/rickybao/dreamerv3_runs/adapt_apt_walker_seed1_ckpt200000,DONE,,,,
adapt_random_finger_seed5_ckpt300000,adapt,dmc_finger_turn_hard,frozen_readout,5,1.25e5,/scratch/midway3/rickybao/dreamerv3_runs/pretrain_random_finger_seed5/ckpt_snapshots/step000000296896,/scratch/midway3/rickybao/dreamerv3_runs/adapt_random_finger_seed5_ckpt300000,DONE,,,,
adapt_p2e_cup_seed1_ckpt300000,adapt,dmc_cup_catch,frozen_readout,1,1.25e5,/scratch/midway3/rickybao/dreamerv3_runs/pretrain_p2e_cup_seed1/ckpt_snapshots/step000000298576,/scratch/midway3/rickybao/dreamerv3_runs/adapt_p2e_cup_seed1_ckpt300000,DONE,,,,
adapt_random_cup_seed5_ckpt300000,adapt,dmc_cup_catch,frozen_readout,5,1.25e5,/scratch/midway3/rickybao/dreamerv3_runs/pretrain_random_cup_seed5/ckpt_snapshots/step000000294752,/scratch/midway3/rickybao/dreamerv3_runs/adapt_random_cup_seed5_ckpt300000,DONE,,,,
adapt_p2e_walker_seed1_ckpt300000,adapt,dmc_walker_walk,frozen_readout,1,1.25e5,/scratch/midway3/rickybao/dreamerv3_runs/pretrain_p2e_walker_seed1/ckpt_snapshots/step000000298320,/scratch/midway3/rickybao/dreamerv3_runs/adapt_p2e_walker_seed1_ckpt300000,DONE,,,,
adapt_p2e_finger_seed1_ckpt300000,adapt,dmc_finger_turn_hard,frozen_readout,1,1.25e5,/scratch/midway3/rickybao/dreamerv3_runs/pretrain_p2e_finger_seed1/ckpt_snapshots/step000000297600,/scratch/midway3/rickybao/dreamerv3_runs/adapt_p2e_finger_seed1_ckpt300000,DONE,,,,
adapt_random_cup_seed1_ckpt500000,adapt,dmc_cup_catch,frozen_readout,1,1.25e5,/scratch/midway3/rickybao/dreamerv3_runs/pretrain_random_cup_seed1/ckpt_snapshots/step000000498144,/scratch/midway3/rickybao/dreamerv3_runs/adapt_random_cup_seed1_ckpt500000,DONE,,,,
adapt_apt_walker_seed1_ckpt300000,adapt,dmc_walker_walk,frozen_readout,1,1.25e5,/scratch/midway3/rickybao/dreamerv3_runs/pretrain_apt_walker_seed1/ckpt_snapshots/step000000300576,/scratch/midway3/rickybao/dreamerv3_runs/adapt_apt_walker_seed1_ckpt300000,DONE,,,,
adapt_random_finger_seed5_ckpt400000,adapt,dmc_finger_turn_hard,frozen_readout,5,1.25e5,/scratch/midway3/rickybao/dreamerv3_runs/pretrain_random_finger_seed5/ckpt_snapshots/step000000404176,/scratch/midway3/rickybao/dreamerv3_runs/adapt_random_finger_seed5_ckpt400000,DONE,,,,
adapt_random_cup_seed5_ckpt400000,adapt,dmc_cup_catch,frozen_readout,5,1.25e5,/scratch/midway3/rickybao/dreamerv3_runs/pretrain_random_cup_seed5/ckpt_snapshots/step000000403200,/scratch/midway3/rickybao/dreamerv3_runs/adapt_random_cup_seed5_ckpt400000,DONE,,,,
adapt_p2e_cup_seed1_ckpt400000,adapt,dmc_cup_catch,frozen_readout,1,1.25e5,/scratch/midway3/rickybao/dreamerv3_runs/pretrain_p2e_cup_seed1/ckpt_snapshots/step000000401936,/scratch/midway3/rickybao/dreamerv3_runs/adapt_p2e_cup_seed1_ckpt400000,DONE,,,,
adapt_p2e_walker_seed1_ckpt400000,adapt,dmc_walker_walk,frozen_readout,1,1.25e5,/scratch/midway3/rickybao/dreamerv3_runs/pretrain_p2e_walker_seed1/ckpt_snapshots/step000000402384,/scratch/midway3/rickybao/dreamerv3_runs/adapt_p2e_walker_seed1_ckpt400000,DONE,,,,
adapt_p2e_finger_seed1_ckpt400000,adapt,dmc_finger_turn_hard,frozen_readout,1,1.25e5,/scratch/midway3/rickybao/dreamerv3_runs/pretrain_p2e_finger_seed1/ckpt_snapshots/step000000401536,/scratch/midway3/rickybao/dreamerv3_runs/adapt_p2e_finger_seed1_ckpt400000,DONE,,,,
adapt_apt_walker_seed1_ckpt400000,adapt,dmc_walker_walk,frozen_readout,1,1.25e5,/scratch/midway3/rickybao/dreamerv3_runs/pretrain_apt_walker_seed1/ckpt_snapshots/step000000400032,/scratch/midway3/rickybao/dreamerv3_runs/adapt_apt_walker_seed1_ckpt400000,DONE,,,,
adapt_random_finger_seed5_ckpt500000,adapt,dmc_finger_turn_hard,frozen_readout,5,1.25e5,/scratch/midway3/rickybao/dreamerv3_runs/pretrain_random_finger_seed5/ckpt_snapshots/step000000493552,/scratch/midway3/rickybao/dreamerv3_runs/adapt_random_finger_seed5_ckpt500000,DONE,,,,
adapt_random_cup_seed5_ckpt500000,adapt,dmc_cup_catch,frozen_readout,5,1.25e5,/scratch/midway3/rickybao/dreamerv3_runs/pretrain_random_cup_seed5/ckpt_snapshots/step000000489968,/scratch/midway3/rickybao/dreamerv3_runs/adapt_random_cup_seed5_ckpt500000,DONE,,,,
adapt_p2e_cup_seed1_ckpt500000,adapt,dmc_cup_catch,frozen_readout,1,1.25e5,/scratch/midway3/rickybao/dreamerv3_runs/pretrain_p2e_cup_seed1/ckpt_snapshots/step000000496320,/scratch/midway3/rickybao/dreamerv3_runs/adapt_p2e_cup_seed1_ckpt500000,DONE,,,,
adapt_p2e_walker_seed1_ckpt500000,adapt,dmc_walker_walk,frozen_readout,1,1.25e5,/scratch/midway3/rickybao/dreamerv3_runs/pretrain_p2e_walker_seed1/ckpt_snapshots/step000000496032,/scratch/midway3/rickybao/dreamerv3_runs/adapt_p2e_walker_seed1_ckpt500000,DONE,,,,
adapt_p2e_finger_seed1_ckpt500000,adapt,dmc_finger_turn_hard,frozen_readout,1,1.25e5,/scratch/midway3/rickybao/dreamerv3_runs/pretrain_p2e_finger_seed1/ckpt_snapshots/step000000494928,/scratch/midway3/rickybao/dreamerv3_runs/adapt_p2e_finger_seed1_ckpt500000,DONE,,,,
adapt_apt_walker_seed1_ckpt500000,adapt,dmc_walker_walk,frozen_readout,1,1.25e5,/scratch/midway3/rickybao/dreamerv3_runs/pretrain_apt_walker_seed1/ckpt_snapshots/step000000499488,/scratch/midway3/rickybao/dreamerv3_runs/adapt_apt_walker_seed1_ckpt500000,DONE,,,,
adapt_apt_finger_seed3_ckpt300000,adapt,dmc_finger_turn_hard,frozen_readout,3,1.25e5,/scratch/midway3/rickybao/dreamerv3_runs/pretrain_apt_finger_seed3/ckpt_snapshots/step000000300352,/scratch/midway3/rickybao/dreamerv3_runs/adapt_apt_finger_seed3_ckpt300000,FAILED,,,,
adapt_random_walker_seed2_ckpt300000,adapt,dmc_walker_walk,frozen_readout,2,1.25e5,/scratch/midway3/rickybao/dreamerv3_runs/pretrain_random_walker_seed2/ckpt_snapshots/step000000303600,/scratch/midway3/rickybao/dreamerv3_runs/adapt_random_walker_seed2_ckpt300000,FAILED,,,,
adapt_random_walker_seed4_ckpt500000,adapt,dmc_walker_walk,frozen_readout,4,1.25e5,/scratch/midway3/rickybao/dreamerv3_runs/pretrain_random_walker_seed4/ckpt_snapshots/step000000495744,/scratch/midway3/rickybao/dreamerv3_runs/adapt_random_walker_seed4_ckpt500000,FAILED,,,,
adapt_apt_finger_seed3_ckpt300000,adapt,dmc_finger_turn_hard,frozen_readout,3,1.25e5,/scratch/midway3/rickybao/dreamerv3_runs/pretrain_apt_finger_seed3/ckpt_snapshots/step000000300352,/scratch/midway3/rickybao/dreamerv3_runs/adapt_apt_finger_seed3_ckpt300000,FAILED,,,,
adapt_random_walker_seed2_ckpt300000,adapt,dmc_walker_walk,frozen_readout,2,1.25e5,/scratch/midway3/rickybao/dreamerv3_runs/pretrain_random_walker_seed2/ckpt_snapshots/step000000303600,/scratch/midway3/rickybao/dreamerv3_runs/adapt_random_walker_seed2_ckpt300000,FAILED,,,,
adapt_random_walker_seed4_ckpt500000,adapt,dmc_walker_walk,frozen_readout,4,1.25e5,/scratch/midway3/rickybao/dreamerv3_runs/pretrain_random_walker_seed4/ckpt_snapshots/step000000495744,/scratch/midway3/rickybao/dreamerv3_runs/adapt_random_walker_seed4_ckpt500000,FAILED,,,,
adapt_random_walker_seed2_ckpt300000,adapt,dmc_walker_walk,frozen_readout,2,1.25e5,/scratch/midway3/rickybao/dreamerv3_runs/pretrain_random_walker_seed2/ckpt_snapshots/step000000303600,/scratch/midway3/rickybao/dreamerv3_runs/adapt_random_walker_seed2_ckpt300000,FAILED,,,,
adapt_apt_finger_seed3_ckpt300000,adapt,dmc_finger_turn_hard,frozen_readout,3,1.25e5,/scratch/midway3/rickybao/dreamerv3_runs/pretrain_apt_finger_seed3/ckpt_snapshots/step000000300352,/scratch/midway3/rickybao/dreamerv3_runs/adapt_apt_finger_seed3_ckpt300000,FAILED,,,,
adapt_random_walker_seed4_ckpt500000,adapt,dmc_walker_walk,frozen_readout,4,1.25e5,/scratch/midway3/rickybao/dreamerv3_runs/pretrain_random_walker_seed4/ckpt_snapshots/step000000495744,/scratch/midway3/rickybao/dreamerv3_runs/adapt_random_walker_seed4_ckpt500000,FAILED,,,,
adapt_random_walker_seed2_ckpt300000,adapt,dmc_walker_walk,frozen_readout,2,1.25e5,/scratch/midway3/rickybao/dreamerv3_runs/pretrain_random_walker_seed2/ckpt_snapshots/step000000303600,/scratch/midway3/rickybao/dreamerv3_runs/adapt_random_walker_seed2_ckpt300000,FAILED,,,,
adapt_random_walker_seed4_ckpt500000,adapt,dmc_walker_walk,frozen_readout,4,1.25e5,/scratch/midway3/rickybao/dreamerv3_runs/pretrain_random_walker_seed4/ckpt_snapshots/step000000495744,/scratch/midway3/rickybao/dreamerv3_runs/adapt_random_walker_seed4_ckpt500000,FAILED,,,,
adapt_apt_finger_seed3_ckpt300000,adapt,dmc_finger_turn_hard,frozen_readout,3,1.25e5,/scratch/midway3/rickybao/dreamerv3_runs/pretrain_apt_finger_seed3/ckpt_snapshots/step000000300352,/scratch/midway3/rickybao/dreamerv3_runs/adapt_apt_finger_seed3_ckpt300000,FAILED,,,,
smoke_adapt_apt_finger_seed3_ckpt300000,adapt,dmc_finger_turn_hard,frozen_readout,3,1000,/scratch/midway3/rickybao/dreamerv3_runs/pretrain_apt_finger_seed3/ckpt_snapshots/step000000300352,/scratch/midway3/rickybao/dreamerv3_runs/smoke_adapt_apt_finger_seed3_ckpt300000,FAILED,,,,
adapt_apt_finger_seed3_ckpt300000,adapt,dmc_finger_turn_hard,frozen_readout,3,1.25e5,/scratch/midway3/rickybao/dreamerv3_runs/pretrain_apt_finger_seed3/ckpt_snapshots/step000000300352,/scratch/midway3/rickybao/dreamerv3_runs/adapt_apt_finger_seed3_ckpt300000,FAILED,,,,
adapt_random_walker_seed3_ckpt400000,adapt,dmc_walker_walk,frozen_readout,3,1.25e5,/scratch/midway3/rickybao/dreamerv3_runs/pretrain_random_walker_seed3/ckpt_snapshots/step000000397072,/scratch/midway3/rickybao/dreamerv3_runs/adapt_random_walker_seed3_ckpt400000,FAILED,,,,
adapt_random_walker_seed1_ckpt500000,adapt,dmc_walker_walk,frozen_readout,1,1.25e5,/scratch/midway3/rickybao/dreamerv3_runs/pretrain_random_walker_seed1/ckpt_snapshots/step000000497104,/scratch/midway3/rickybao/dreamerv3_runs/adapt_random_walker_seed1_ckpt500000,FAILED,,,,
adapt_random_walker_seed5_ckpt100000,adapt,dmc_walker_walk,frozen_readout,5,1.25e5,/scratch/midway3/rickybao/dreamerv3_runs/pretrain_random_walker_seed5/ckpt_snapshots/step000000100096,/scratch/midway3/rickybao/dreamerv3_runs/adapt_random_walker_seed5_ckpt100000,FAILED,,,,
adapt_apt_finger_seed3_ckpt300000,adapt,dmc_finger_turn_hard,frozen_readout,3,1.25e5,/scratch/midway3/rickybao/dreamerv3_runs/pretrain_apt_finger_seed3/ckpt_snapshots/step000000300352,/scratch/midway3/rickybao/dreamerv3_runs/adapt_apt_finger_seed3_ckpt300000,FAILED,,,,
adapt_random_walker_seed5_ckpt100000,adapt,dmc_walker_walk,frozen_readout,5,1.25e5,/scratch/midway3/rickybao/dreamerv3_runs/pretrain_random_walker_seed5/ckpt_snapshots/step000000100096,/scratch/midway3/rickybao/dreamerv3_runs/adapt_random_walker_seed5_ckpt100000,DONE,,,,
adapt_random_walker_seed1_ckpt500000,adapt,dmc_walker_walk,frozen_readout,1,1.25e5,/scratch/midway3/rickybao/dreamerv3_runs/pretrain_random_walker_seed1/ckpt_snapshots/step000000497104,/scratch/midway3/rickybao/dreamerv3_runs/adapt_random_walker_seed1_ckpt500000,DONE,,,,
adapt_apt_finger_seed3_ckpt300000,adapt,dmc_finger_turn_hard,frozen_readout,3,1.25e5,/scratch/midway3/rickybao/dreamerv3_runs/pretrain_apt_finger_seed3/ckpt_snapshots/step000000300352,/scratch/midway3/rickybao/dreamerv3_runs/adapt_apt_finger_seed3_ckpt300000,DONE,,,,
adapt_random_walker_seed3_ckpt400000,adapt,dmc_walker_walk,frozen_readout,3,1.25e5,/scratch/midway3/rickybao/dreamerv3_runs/pretrain_random_walker_seed3/ckpt_snapshots/step000000397072,/scratch/midway3/rickybao/dreamerv3_runs/adapt_random_walker_seed3_ckpt400000,DONE,,,,
adapt_random_walker_seed2_ckpt200000,adapt,dmc_walker_walk,frozen_readout,2,1.25e5,/scratch/midway3/rickybao/dreamerv3_runs/pretrain_random_walker_seed2/ckpt_snapshots/step000000195824,/scratch/midway3/rickybao/dreamerv3_runs/adapt_random_walker_seed2_ckpt200000,DONE,,,,
adapt_apt_finger_seed3_ckpt300000,adapt,dmc_finger_turn_hard,frozen_readout,3,1.25e5,/scratch/midway3/rickybao/dreamerv3_runs/pretrain_apt_finger_seed3/ckpt_snapshots/step000000300352,/scratch/midway3/rickybao/dreamerv3_runs/adapt_apt_finger_seed3_ckpt300000,DONE,,,,
adapt_random_walker_seed4_ckpt300000,adapt,dmc_walker_walk,frozen_readout,4,1.25e5,/scratch/midway3/rickybao/dreamerv3_runs/pretrain_random_walker_seed4/ckpt_snapshots/step000000301344,/scratch/midway3/rickybao/dreamerv3_runs/adapt_random_walker_seed4_ckpt300000,DONE,,,,
adapt_random_walker_seed2_ckpt300000,adapt,dmc_walker_walk,frozen_readout,2,1.25e5,/scratch/midway3/rickybao/dreamerv3_runs/pretrain_random_walker_seed2/ckpt_snapshots/step000000303600,/scratch/midway3/rickybao/dreamerv3_runs/adapt_random_walker_seed2_ckpt300000,DONE,,,,
adapt_random_walker_seed4_ckpt400000,adapt,dmc_walker_walk,frozen_readout,4,1.25e5,/scratch/midway3/rickybao/dreamerv3_runs/pretrain_random_walker_seed4/ckpt_snapshots/step000000398544,/scratch/midway3/rickybao/dreamerv3_runs/adapt_random_walker_seed4_ckpt400000,DONE,,,,
adapt_random_walker_seed2_ckpt400000,adapt,dmc_walker_walk,frozen_readout,2,1.25e5,/scratch/midway3/rickybao/dreamerv3_runs/pretrain_random_walker_seed2/ckpt_snapshots/step000000400656,/scratch/midway3/rickybao/dreamerv3_runs/adapt_random_walker_seed2_ckpt400000,DONE,,,,
adapt_random_walker_seed4_ckpt500000,adapt,dmc_walker_walk,frozen_readout,4,1.25e5,/scratch/midway3/rickybao/dreamerv3_runs/pretrain_random_walker_seed4/ckpt_snapshots/step000000495744,/scratch/midway3/rickybao/dreamerv3_runs/adapt_random_walker_seed4_ckpt500000,DONE,,,,
adapt_random_walker_seed2_ckpt500000,adapt,dmc_walker_walk,frozen_readout,2,1.25e5,/scratch/midway3/rickybao/dreamerv3_runs/pretrain_random_walker_seed2/ckpt_snapshots/step000000497712,/scratch/midway3/rickybao/dreamerv3_runs/adapt_random_walker_seed2_ckpt500000,DONE,,,,
adapt_random_walker_seed5_ckpt100000,adapt,dmc_walker_walk,frozen_readout,5,1.25e5,/scratch/midway3/rickybao/dreamerv3_runs/pretrain_random_walker_seed5/ckpt_snapshots/step000000100096,/scratch/midway3/rickybao/dreamerv3_runs/adapt_random_walker_seed5_ckpt100000,DONE,,,,
adapt_random_walker_seed3_ckpt300000,adapt,dmc_walker_walk,frozen_readout,3,1.25e5,/scratch/midway3/rickybao/dreamerv3_runs/pretrain_random_walker_seed3/ckpt_snapshots/step000000300544,/scratch/midway3/rickybao/dreamerv3_runs/adapt_random_walker_seed3_ckpt300000,DONE,,,,
adapt_random_walker_seed5_ckpt200000,adapt,dmc_walker_walk,frozen_readout,5,1.25e5,/scratch/midway3/rickybao/dreamerv3_runs/pretrain_random_walker_seed5/ckpt_snapshots/step000000198320,/scratch/midway3/rickybao/dreamerv3_runs/adapt_random_walker_seed5_ckpt200000,DONE,,,,
adapt_random_walker_seed3_ckpt400000,adapt,dmc_walker_walk,frozen_readout,3,1.25e5,/scratch/midway3/rickybao/dreamerv3_runs/pretrain_random_walker_seed3/ckpt_snapshots/step000000397072,/scratch/midway3/rickybao/dreamerv3_runs/adapt_random_walker_seed3_ckpt400000,DONE,,,,
adapt_random_walker_seed5_ckpt300000,adapt,dmc_walker_walk,frozen_readout,5,1.25e5,/scratch/midway3/rickybao/dreamerv3_runs/pretrain_random_walker_seed5/ckpt_snapshots/step000000296656,/scratch/midway3/rickybao/dreamerv3_runs/adapt_random_walker_seed5_ckpt300000,DONE,,,,
adapt_apt_finger_seed3_ckpt400000,adapt,dmc_finger_turn_hard,frozen_readout,3,1.25e5,/scratch/midway3/rickybao/dreamerv3_runs/pretrain_apt_finger_seed3/ckpt_snapshots/step000000399792,/scratch/midway3/rickybao/dreamerv3_runs/adapt_apt_finger_seed3_ckpt400000,DONE,,,,
adapt_random_walker_seed3_ckpt500000,adapt,dmc_walker_walk,frozen_readout,3,1.25e5,/scratch/midway3/rickybao/dreamerv3_runs/pretrain_random_walker_seed3/ckpt_snapshots/step000000493616,/scratch/midway3/rickybao/dreamerv3_runs/adapt_random_walker_seed3_ckpt500000,DONE,,,,
adapt_random_walker_seed5_ckpt400000,adapt,dmc_walker_walk,frozen_readout,5,1.25e5,/scratch/midway3/rickybao/dreamerv3_runs/pretrain_random_walker_seed5/ckpt_snapshots/step000000404000,/scratch/midway3/rickybao/dreamerv3_runs/adapt_random_walker_seed5_ckpt400000,DONE,,,,
adapt_random_walker_seed4_ckpt100000,adapt,dmc_walker_walk,frozen_readout,4,1.25e5,/scratch/midway3/rickybao/dreamerv3_runs/pretrain_random_walker_seed4/ckpt_snapshots/step000000098576,/scratch/midway3/rickybao/dreamerv3_runs/adapt_random_walker_seed4_ckpt100000,DONE,,,,
adapt_random_walker_seed5_ckpt500000,adapt,dmc_walker_walk,frozen_readout,5,1.25e5,/scratch/midway3/rickybao/dreamerv3_runs/pretrain_random_walker_seed5/ckpt_snapshots/step000000493424,/scratch/midway3/rickybao/dreamerv3_runs/adapt_random_walker_seed5_ckpt500000,DONE,,,,
adapt_random_walker_seed4_ckpt200000,adapt,dmc_walker_walk,frozen_readout,4,1.25e5,/scratch/midway3/rickybao/dreamerv3_runs/pretrain_random_walker_seed4/ckpt_snapshots/step000000204160,/scratch/midway3/rickybao/dreamerv3_runs/adapt_random_walker_seed4_ckpt200000,DONE,,,,
ax1wm_cup_q1s0_seed1,offline_fit,dmc_cup_catch,static,1,500000,/scratch/midway3/rickybao/dreamerv3_runs/axis1_cup/q1/side0,/scratch/midway3/rickybao/dreamerv3_runs/ax1wm_cup_q1s0_seed1,DONE,,,axis1,ax1_cup_q1
adapt_apt_finger_seed3_ckpt500000,adapt,dmc_finger_turn_hard,frozen_readout,3,1.25e5,/scratch/midway3/rickybao/dreamerv3_runs/pretrain_apt_finger_seed3/ckpt_snapshots/step000000499248,/scratch/midway3/rickybao/dreamerv3_runs/adapt_apt_finger_seed3_ckpt500000,DONE,,,,
ax1wm_cup_q1s0_seed4,offline_fit,dmc_cup_catch,static,4,500000,/scratch/midway3/rickybao/dreamerv3_runs/axis1_cup/q1/side0,/scratch/midway3/rickybao/dreamerv3_runs/ax1wm_cup_q1s0_seed4,DONE,,,axis1,ax1_cup_q1
ax1wm_cup_q1s0_seed7,offline_fit,dmc_cup_catch,static,7,500000,/scratch/midway3/rickybao/dreamerv3_runs/axis1_cup/q1/side0,/scratch/midway3/rickybao/dreamerv3_runs/ax1wm_cup_q1s0_seed7,DONE,,,axis1,ax1_cup_q1
adapt_apt_finger_seed3_ckpt500000,adapt,dmc_finger_turn_hard,frozen_readout,3,1.25e5,/scratch/midway3/rickybao/dreamerv3_runs/pretrain_apt_finger_seed3/ckpt_snapshots/step000000499248,/scratch/midway3/rickybao/dreamerv3_runs/adapt_apt_finger_seed3_ckpt500000,DONE,,,,
adapt_random_walker_seed2_ckpt100000,adapt,dmc_walker_walk,frozen_readout,2,1.25e5,/scratch/midway3/rickybao/dreamerv3_runs/pretrain_random_walker_seed2/ckpt_snapshots/step000000098832,/scratch/midway3/rickybao/dreamerv3_runs/adapt_random_walker_seed2_ckpt100000,DONE,,,,
adapt_random_walker_seed1_ckpt300000,adapt,dmc_walker_walk,frozen_readout,1,1.25e5,/scratch/midway3/rickybao/dreamerv3_runs/pretrain_random_walker_seed1/ckpt_snapshots/step000000303248,/scratch/midway3/rickybao/dreamerv3_runs/adapt_random_walker_seed1_ckpt300000,DONE,,,,
ax1wm_cup_q1s0_seed1,offline_fit,dmc_cup_catch,static,1,500000,/scratch/midway3/rickybao/dreamerv3_runs/axis1_cup/q1/side0,/scratch/midway3/rickybao/dreamerv3_runs/ax1wm_cup_q1s0_seed1,DONE,,,axis1,ax1_cup_q1
ax1wm_cup_q1s0_seed4,offline_fit,dmc_cup_catch,static,4,500000,/scratch/midway3/rickybao/dreamerv3_runs/axis1_cup/q1/side0,/scratch/midway3/rickybao/dreamerv3_runs/ax1wm_cup_q1s0_seed4,DONE,,,axis1,ax1_cup_q1
ax1wm_cup_q1s0_seed7,offline_fit,dmc_cup_catch,static,7,500000,/scratch/midway3/rickybao/dreamerv3_runs/axis1_cup/q1/side0,/scratch/midway3/rickybao/dreamerv3_runs/ax1wm_cup_q1s0_seed7,DONE,,,axis1,ax1_cup_q1
adapt_random_walker_seed1_ckpt100000,adapt,dmc_walker_walk,frozen_readout,1,1.25e5,/scratch/midway3/rickybao/dreamerv3_runs/pretrain_random_walker_seed1/ckpt_snapshots/step000000098688,/scratch/midway3/rickybao/dreamerv3_runs/adapt_random_walker_seed1_ckpt100000,DONE,,,,
adapt_random_walker_seed1_ckpt400000,adapt,dmc_walker_walk,frozen_readout,1,1.25e5,/scratch/midway3/rickybao/dreamerv3_runs/pretrain_random_walker_seed1/ckpt_snapshots/step000000400160,/scratch/midway3/rickybao/dreamerv3_runs/adapt_random_walker_seed1_ckpt400000,DONE,,,,
ax1wm_cup_q1s1_seed2,offline_fit,dmc_cup_catch,static,2,500000,/scratch/midway3/rickybao/dreamerv3_runs/axis1_cup/q1/side1,/scratch/midway3/rickybao/dreamerv3_runs/ax1wm_cup_q1s1_seed2,DONE,,,axis1,ax1_cup_q1
adapt_random_walker_seed1_ckpt200000,adapt,dmc_walker_walk,frozen_readout,1,1.25e5,/scratch/midway3/rickybao/dreamerv3_runs/pretrain_random_walker_seed1/ckpt_snapshots/step000000195568,/scratch/midway3/rickybao/dreamerv3_runs/adapt_random_walker_seed1_ckpt200000,DONE,,,,
adapt_random_walker_seed1_ckpt500000,adapt,dmc_walker_walk,frozen_readout,1,1.25e5,/scratch/midway3/rickybao/dreamerv3_runs/pretrain_random_walker_seed1/ckpt_snapshots/step000000497104,/scratch/midway3/rickybao/dreamerv3_runs/adapt_random_walker_seed1_ckpt500000,DONE,,,,
ax1wm_cup_q1s1_seed5,offline_fit,dmc_cup_catch,static,5,500000,/scratch/midway3/rickybao/dreamerv3_runs/axis1_cup/q1/side1,/scratch/midway3/rickybao/dreamerv3_runs/ax1wm_cup_q1s1_seed5,DONE,,,axis1,ax1_cup_q1
adapt_ax1q1s0_cup_seed4_ckpt500000,adapt,dmc_cup_catch,frozen_readout,4,1.25e5,/scratch/midway3/rickybao/dreamerv3_runs/ax1wm_cup_q1s0_seed4/ckpt/20260707T162411F396258,/scratch/midway3/rickybao/dreamerv3_runs/adapt_ax1q1s0_cup_seed4_ckpt500000,DONE,,,axis1,ax1_cup_q1
ax1wm_cup_q1s0_seed5,offline_fit,dmc_cup_catch,static,5,500000,/scratch/midway3/rickybao/dreamerv3_runs/axis1_cup/q1/side0,/scratch/midway3/rickybao/dreamerv3_runs/ax1wm_cup_q1s0_seed5,DONE,,,axis1,ax1_cup_q1
adapt_ax1q1s0_cup_seed7_ckpt500000,adapt,dmc_cup_catch,frozen_readout,7,1.25e5,/scratch/midway3/rickybao/dreamerv3_runs/ax1wm_cup_q1s0_seed7/ckpt/20260707T174421F013643,/scratch/midway3/rickybao/dreamerv3_runs/adapt_ax1q1s0_cup_seed7_ckpt500000,DONE,,,axis1,ax1_cup_q1
ax1wm_cup_q1s0_seed8,offline_fit,dmc_cup_catch,static,8,500000,/scratch/midway3/rickybao/dreamerv3_runs/axis1_cup/q1/side0,/scratch/midway3/rickybao/dreamerv3_runs/ax1wm_cup_q1s0_seed8,DONE,,,axis1,ax1_cup_q1
adapt_ax1q1s1_cup_seed2_ckpt500000,adapt,dmc_cup_catch,frozen_readout,2,1.25e5,/scratch/midway3/rickybao/dreamerv3_runs/ax1wm_cup_q1s1_seed2/ckpt/20260707T184827F631462,/scratch/midway3/rickybao/dreamerv3_runs/adapt_ax1q1s1_cup_seed2_ckpt500000,DONE,,,axis1,ax1_cup_q1
ax1wm_cup_q1s1_seed3,offline_fit,dmc_cup_catch,static,3,500000,/scratch/midway3/rickybao/dreamerv3_runs/axis1_cup/q1/side1,/scratch/midway3/rickybao/dreamerv3_runs/ax1wm_cup_q1s1_seed3,DONE,,,axis1,ax1_cup_q1
adapt_ax1q1s1_cup_seed5_ckpt500000,adapt,dmc_cup_catch,frozen_readout,5,1.25e5,/scratch/midway3/rickybao/dreamerv3_runs/ax1wm_cup_q1s1_seed5/ckpt/20260707T220519F091202,/scratch/midway3/rickybao/dreamerv3_runs/adapt_ax1q1s1_cup_seed5_ckpt500000,DONE,,,axis1,ax1_cup_q1
ax1wm_cup_q1s1_seed6,offline_fit,dmc_cup_catch,static,6,500000,/scratch/midway3/rickybao/dreamerv3_runs/axis1_cup/q1/side1,/scratch/midway3/rickybao/dreamerv3_runs/ax1wm_cup_q1s1_seed6,DONE,,,axis1,ax1_cup_q1
adapt_ax1q1s0_cup_seed5_ckpt500000,adapt,dmc_cup_catch,frozen_readout,5,1.25e5,/scratch/midway3/rickybao/dreamerv3_runs/ax1wm_cup_q1s0_seed5/ckpt/20260707T230428F949588,/scratch/midway3/rickybao/dreamerv3_runs/adapt_ax1q1s0_cup_seed5_ckpt500000,DONE,,,axis1,ax1_cup_q1
ax1wm_cup_q1s0_seed6,offline_fit,dmc_cup_catch,static,6,500000,/scratch/midway3/rickybao/dreamerv3_runs/axis1_cup/q1/side0,/scratch/midway3/rickybao/dreamerv3_runs/ax1wm_cup_q1s0_seed6,DONE,,,axis1,ax1_cup_q1
adapt_ax1q1s0_cup_seed8_ckpt500000,adapt,dmc_cup_catch,frozen_readout,8,1.25e5,/scratch/midway3/rickybao/dreamerv3_runs/ax1wm_cup_q1s0_seed8/ckpt/20260708T013537F452510,/scratch/midway3/rickybao/dreamerv3_runs/adapt_ax1q1s0_cup_seed8_ckpt500000,DONE,,,axis1,ax1_cup_q1
ax1wm_cup_q1s1_seed1,offline_fit,dmc_cup_catch,static,1,500000,/scratch/midway3/rickybao/dreamerv3_runs/axis1_cup/q1/side1,/scratch/midway3/rickybao/dreamerv3_runs/ax1wm_cup_q1s1_seed1,DONE,,,axis1,ax1_cup_q1
adapt_ax1q1s1_cup_seed3_ckpt500000,adapt,dmc_cup_catch,frozen_readout,3,1.25e5,/scratch/midway3/rickybao/dreamerv3_runs/ax1wm_cup_q1s1_seed3/ckpt/20260708T024448F159205,/scratch/midway3/rickybao/dreamerv3_runs/adapt_ax1q1s1_cup_seed3_ckpt500000,DONE,,,axis1,ax1_cup_q1
ax1wm_cup_q1s1_seed4,offline_fit,dmc_cup_catch,static,4,500000,/workspace/dreamerv3_runs/axis1_cup/q1/side1,/workspace/dreamerv3_runs/ax1wm_cup_q1s1_seed4,DONE,,,axis1,ax1_cup_q1
adapt_ax1q1s0_cup_seed6_ckpt500000,adapt,dmc_cup_catch,frozen_readout,6,1.25e5,/scratch/midway3/rickybao/dreamerv3_runs/ax1wm_cup_q1s0_seed6/ckpt/20260708T053630F157565,/scratch/midway3/rickybao/dreamerv3_runs/adapt_ax1q1s0_cup_seed6_ckpt500000,DONE,,,axis1,ax1_cup_q1
adapt_ax1q1s1_cup_seed6_ckpt500000,adapt,dmc_cup_catch,frozen_readout,6,1.25e5,/scratch/midway3/rickybao/dreamerv3_runs/ax1wm_cup_q1s1_seed6/ckpt/20260708T060011F854852,/scratch/midway3/rickybao/dreamerv3_runs/adapt_ax1q1s1_cup_seed6_ckpt500000,DONE,,,axis1,ax1_cup_q1
ax1wm_cup_q1s1_seed7,offline_fit,dmc_cup_catch,static,7,500000,/scratch/midway3/rickybao/dreamerv3_runs/axis1_cup/q1/side1,/scratch/midway3/rickybao/dreamerv3_runs/ax1wm_cup_q1s1_seed7,DONE,,,axis1,ax1_cup_q1
ax1wm_cup_q1s1_seed8,offline_fit,dmc_cup_catch,static,8,500000,/scratch/midway3/rickybao/dreamerv3_runs/axis1_cup/q1/side1,/scratch/midway3/rickybao/dreamerv3_runs/ax1wm_cup_q1s1_seed8,DONE,,,axis1,ax1_cup_q1
ax1wm_cup_q2s0_seed3,offline_fit,dmc_cup_catch,static,3,500000,/scratch/midway3/rickybao/dreamerv3_runs/axis1_cup/q2/side0,/scratch/midway3/rickybao/dreamerv3_runs/ax1wm_cup_q2s0_seed3,DONE,,,axis1,ax1_cup_q2
ax1wm_cup_q2s0_seed6,offline_fit,dmc_cup_catch,static,6,500000,/scratch/midway3/rickybao/dreamerv3_runs/axis1_cup/q2/side0,/scratch/midway3/rickybao/dreamerv3_runs/ax1wm_cup_q2s0_seed6,RUNNING,,,axis1,ax1_cup_q2
ax1wm_cup_q2s1_seed1,offline_fit,dmc_cup_catch,static,1,500000,/scratch/midway3/rickybao/dreamerv3_runs/axis1_cup/q2/side1,/scratch/midway3/rickybao/dreamerv3_runs/ax1wm_cup_q2s1_seed1,DONE,,,axis1,ax1_cup_q2
ax1wm_cup_q2s1_seed4,offline_fit,dmc_cup_catch,static,4,500000,/workspace/dreamerv3_runs/axis1_cup/q2/side1,/workspace/dreamerv3_runs/ax1wm_cup_q2s1_seed4,DONE,,,axis1,ax1_cup_q2
adapt_ax1q1s1_cup_seed1_ckpt500000,adapt,dmc_cup_catch,frozen_readout,1,1.25e5,/scratch/midway3/rickybao/dreamerv3_runs/ax1wm_cup_q1s1_seed1/ckpt/20260708T093049F284130,/scratch/midway3/rickybao/dreamerv3_runs/adapt_ax1q1s1_cup_seed1_ckpt500000,DONE,,,axis1,ax1_cup_q1
ax1wm_cup_q2s1_seed7,offline_fit,dmc_cup_catch,static,7,500000,/scratch/midway3/rickybao/dreamerv3_runs/axis1_cup/q2/side1,/scratch/midway3/rickybao/dreamerv3_runs/ax1wm_cup_q2s1_seed7,RUNNING,,,axis1,ax1_cup_q2
ax1wm_finger_q1s0_seed2,offline_fit,dmc_finger_turn_hard,static,2,500000,/workspace/dreamerv3_runs/axis1_finger/q1/side0,/workspace/dreamerv3_runs/ax1wm_finger_q1s0_seed2,DONE,,,axis1,ax1_finger_q1
ax1wm_cup_q1s0_seed1,offline_fit,dmc_cup_catch,static,1,500000,/scratch/midway3/rickybao/dreamerv3_runs/axis1_cup/q1/side0,/scratch/midway3/rickybao/dreamerv3_runs/ax1wm_cup_q1s0_seed1,DONE,,,axis1,ax1_cup_q1
ax1wm_finger_q1s0_seed5,offline_fit,dmc_finger_turn_hard,static,5,500000,/scratch/midway3/rickybao/dreamerv3_runs/axis1_finger/q1/side0,/scratch/midway3/rickybao/dreamerv3_runs/ax1wm_finger_q1s0_seed5,RUNNING,,,axis1,ax1_finger_q1
ax1wm_cup_q1s0_seed1,offline_fit,dmc_cup_catch,static,1,500000,/scratch/midway3/rickybao/dreamerv3_runs/axis1_cup/q1/side0,/scratch/midway3/rickybao/dreamerv3_runs/ax1wm_cup_q1s0_seed1,DONE,,,axis1,ax1_cup_q1
ax1wm_cup_q1s1_seed7,offline_fit,dmc_cup_catch,static,7,500000,/scratch/midway3/rickybao/dreamerv3_runs/axis1_cup/q1/side1,/scratch/midway3/rickybao/dreamerv3_runs/ax1wm_cup_q1s1_seed7,DONE,,,axis1,ax1_cup_q1
ax1wm_cup_q2s0_seed3,offline_fit,dmc_cup_catch,static,3,500000,/scratch/midway3/rickybao/dreamerv3_runs/axis1_cup/q2/side0,/scratch/midway3/rickybao/dreamerv3_runs/ax1wm_cup_q2s0_seed3,DONE,,,axis1,ax1_cup_q2
ax1wm_cup_q2s0_seed7,offline_fit,dmc_cup_catch,static,7,500000,/scratch/midway3/rickybao/dreamerv3_runs/axis1_cup/q2/side0,/scratch/midway3/rickybao/dreamerv3_runs/ax1wm_cup_q2s0_seed7,DONE,,,axis1,ax1_cup_q2
ax1wm_cup_q2s1_seed3,offline_fit,dmc_cup_catch,static,3,500000,/workspace/dreamerv3_runs/axis1_cup/q2/side1,/workspace/dreamerv3_runs/ax1wm_cup_q2s1_seed3,DONE,,,axis1,ax1_cup_q2
ax1wm_cup_q2s1_seed7,offline_fit,dmc_cup_catch,static,7,500000,/scratch/midway3/rickybao/dreamerv3_runs/axis1_cup/q2/side1,/scratch/midway3/rickybao/dreamerv3_runs/ax1wm_cup_q2s1_seed7,RUNNING,,,axis1,ax1_cup_q2
adapt_ax1q2s0_cup_seed7_ckpt500000,adapt,dmc_cup_catch,frozen_readout,7,1.25e5,/scratch/midway3/rickybao/dreamerv3_runs/ax1wm_cup_q2s0_seed7/ckpt/20260708T214759F901027,/scratch/midway3/rickybao/dreamerv3_runs/adapt_ax1q2s0_cup_seed7_ckpt500000,DONE,,,axis1,ax1_cup_q2
ax1wm_cup_q2s0_seed8,offline_fit,dmc_cup_catch,static,8,500000,/scratch/midway3/rickybao/dreamerv3_runs/axis1_cup/q2/side0,/scratch/midway3/rickybao/dreamerv3_runs/ax1wm_cup_q2s0_seed8,DONE,,,axis1,ax1_cup_q2
adapt_ax1q1s0_cup_seed1_ckpt500000,adapt,dmc_cup_catch,frozen_readout,1,1.25e5,/scratch/midway3/rickybao/dreamerv3_runs/ax1wm_cup_q1s0_seed1/ckpt/20260708T224207F855536,/scratch/midway3/rickybao/dreamerv3_runs/adapt_ax1q1s0_cup_seed1_ckpt500000,DONE,,,axis1,ax1_cup_q1
adapt_ax1q1s1_cup_seed7_ckpt500000,adapt,dmc_cup_catch,frozen_readout,7,1.25e5,/scratch/midway3/rickybao/dreamerv3_runs/ax1wm_cup_q1s1_seed7/ckpt/20260708T224539F097884,/scratch/midway3/rickybao/dreamerv3_runs/adapt_ax1q1s1_cup_seed7_ckpt500000,DONE,,,axis1,ax1_cup_q1
adapt_ax1q2s0_cup_seed3_ckpt500000,adapt,dmc_cup_catch,frozen_readout,3,1.25e5,/scratch/midway3/rickybao/dreamerv3_runs/ax1wm_cup_q2s0_seed3/ckpt/20260708T225540F541016,/scratch/midway3/rickybao/dreamerv3_runs/adapt_ax1q2s0_cup_seed3_ckpt500000,DONE,,,axis1,ax1_cup_q2
ax1wm_cup_q1s0_seed2,offline_fit,dmc_cup_catch,static,2,500000,/scratch/midway3/rickybao/dreamerv3_runs/axis1_cup/q1/side0,/scratch/midway3/rickybao/dreamerv3_runs/ax1wm_cup_q1s0_seed2,DONE,,,axis1,ax1_cup_q1
ax1wm_cup_q1s1_seed8,offline_fit,dmc_cup_catch,static,8,500000,/scratch/midway3/rickybao/dreamerv3_runs/axis1_cup/q1/side1,/scratch/midway3/rickybao/dreamerv3_runs/ax1wm_cup_q1s1_seed8,DONE,,,axis1,ax1_cup_q1
ax1wm_cup_q2s0_seed4,offline_fit,dmc_cup_catch,static,4,500000,/scratch/midway3/rickybao/dreamerv3_runs/axis1_cup/q2/side0,/scratch/midway3/rickybao/dreamerv3_runs/ax1wm_cup_q2s0_seed4,DONE,,,axis1,ax1_cup_q2
adapt_ax1q2s0_cup_seed8_ckpt500000,adapt,dmc_cup_catch,frozen_readout,8,1.25e5,/scratch/midway3/rickybao/dreamerv3_runs/ax1wm_cup_q2s0_seed8/ckpt/20260709T041917F706557,/scratch/midway3/rickybao/dreamerv3_runs/adapt_ax1q2s0_cup_seed8_ckpt500000,DONE,,,axis1,ax1_cup_q2
ax1wm_cup_q2s1_seed1,offline_fit,dmc_cup_catch,static,1,500000,/scratch/midway3/rickybao/dreamerv3_runs/axis1_cup/q2/side1,/scratch/midway3/rickybao/dreamerv3_runs/ax1wm_cup_q2s1_seed1,DONE,,,axis1,ax1_cup_q2
adapt_ax1q1s0_cup_seed2_ckpt500000,adapt,dmc_cup_catch,frozen_readout,2,1.25e5,/scratch/midway3/rickybao/dreamerv3_runs/ax1wm_cup_q1s0_seed2/ckpt/20260709T063901F576476,/scratch/midway3/rickybao/dreamerv3_runs/adapt_ax1q1s0_cup_seed2_ckpt500000,DONE,,,axis1,ax1_cup_q1
adapt_ax1q1s1_cup_seed8_ckpt500000,adapt,dmc_cup_catch,frozen_readout,8,1.25e5,/scratch/midway3/rickybao/dreamerv3_runs/ax1wm_cup_q1s1_seed8/ckpt/20260709T063958F469778,/scratch/midway3/rickybao/dreamerv3_runs/adapt_ax1q1s1_cup_seed8_ckpt500000,DONE,,,axis1,ax1_cup_q1
adapt_ax1q2s0_cup_seed4_ckpt500000,adapt,dmc_cup_catch,frozen_readout,4,1.25e5,/scratch/midway3/rickybao/dreamerv3_runs/ax1wm_cup_q2s0_seed4/ckpt/20260709T065202F974759,/scratch/midway3/rickybao/dreamerv3_runs/adapt_ax1q2s0_cup_seed4_ckpt500000,DONE,,,axis1,ax1_cup_q2
ax1wm_cup_q1s0_seed3,offline_fit,dmc_cup_catch,static,3,500000,/workspace/dreamerv3_runs/axis1_cup/q1/side0,/workspace/dreamerv3_runs/ax1wm_cup_q1s0_seed3,DONE,,,axis1,ax1_cup_q1
ax1wm_cup_q2s0_seed1,offline_fit,dmc_cup_catch,static,1,500000,/workspace/dreamerv3_runs/axis1_cup/q2/side0,/workspace/dreamerv3_runs/ax1wm_cup_q2s0_seed1,DONE,,,axis1,ax1_cup_q2
ax1wm_cup_q2s0_seed5,offline_fit,dmc_cup_catch,static,5,500000,/scratch/midway3/rickybao/dreamerv3_runs/axis1_cup/q2/side0,/scratch/midway3/rickybao/dreamerv3_runs/ax1wm_cup_q2s0_seed5,RUNNING,,,axis1,ax1_cup_q2
adapt_ax1q2s1_cup_seed1_ckpt500000,adapt,dmc_cup_catch,frozen_readout,1,1.25e5,/workspace/dreamerv3_runs/ax1wm_cup_q2s1_seed1/ckpt/20260710T050222F069178-000000500000,/workspace/dreamerv3_runs/adapt_ax1q2s1_cup_seed1_ckpt500000,DONE,,,axis1,ax1_cup_q2
ax1wm_cup_q1s0_seed3,offline_fit,dmc_cup_catch,static,3,500000,/workspace/dreamerv3_runs/axis1_cup/q1/side0,/workspace/dreamerv3_runs/ax1wm_cup_q1s0_seed3,DONE,,,axis1,ax1_cup_q1
ax1wm_cup_q1s0_seed4,offline_fit,dmc_cup_catch,static,4,500000,/workspace/dreamerv3_runs/axis1_cup/q1/side0,/workspace/dreamerv3_runs/ax1wm_cup_q1s0_seed4,DONE,,,axis1,ax1_cup_q1
ax1wm_cup_q1s0_seed1,offline_fit,dmc_cup_catch,static,1,500000,/workspace/dreamerv3_runs/axis1_cup/q1/side0,/workspace/dreamerv3_runs/ax1wm_cup_q1s0_seed1,DONE,,,axis1,ax1_cup_q1
ax1wm_cup_q1s0_seed2,offline_fit,dmc_cup_catch,static,2,500000,/workspace/dreamerv3_runs/axis1_cup/q1/side0,/workspace/dreamerv3_runs/ax1wm_cup_q1s0_seed2,DONE,,,axis1,ax1_cup_q1
adapt_ax1q1s0_cup_seed3_ckpt500000,adapt,dmc_cup_catch,frozen_readout,3,1.25e5,/workspace/dreamerv3_runs/ax1wm_cup_q1s0_seed3/ckpt/20260709T200145F548659-000000500000,/workspace/dreamerv3_runs/adapt_ax1q1s0_cup_seed3_ckpt500000,DONE,,,axis1,ax1_cup_q1
adapt_ax1q1s0_cup_seed4_ckpt500000,adapt,dmc_cup_catch,frozen_readout,4,1.25e5,/workspace/dreamerv3_runs/ax1wm_cup_q1s0_seed4/ckpt/20260709T200225F413484-000000500000,/workspace/dreamerv3_runs/adapt_ax1q1s0_cup_seed4_ckpt500000,DONE,,,axis1,ax1_cup_q1
adapt_ax1q1s0_cup_seed2_ckpt500000,adapt,dmc_cup_catch,frozen_readout,2,1.25e5,/workspace/dreamerv3_runs/ax1wm_cup_q1s0_seed2/ckpt/20260709T200509F247550-000000500000,/workspace/dreamerv3_runs/adapt_ax1q1s0_cup_seed2_ckpt500000,DONE,,,axis1,ax1_cup_q1
adapt_ax1q1s0_cup_seed1_ckpt500000,adapt,dmc_cup_catch,frozen_readout,1,1.25e5,/workspace/dreamerv3_runs/ax1wm_cup_q1s0_seed1/ckpt/20260709T200757F967412-000000500000,/workspace/dreamerv3_runs/adapt_ax1q1s0_cup_seed1_ckpt500000,DONE,,,axis1,ax1_cup_q1
ax1wm_cup_q1s1_seed3,offline_fit,dmc_cup_catch,static,3,500000,/workspace/dreamerv3_runs/axis1_cup/q1/side1,/workspace/dreamerv3_runs/ax1wm_cup_q1s1_seed3,DONE,,,axis1,ax1_cup_q1
ax1wm_cup_q1s1_seed4,offline_fit,dmc_cup_catch,static,4,500000,/workspace/dreamerv3_runs/axis1_cup/q1/side1,/workspace/dreamerv3_runs/ax1wm_cup_q1s1_seed4,DONE,,,axis1,ax1_cup_q1
ax1wm_cup_q1s1_seed2,offline_fit,dmc_cup_catch,static,2,500000,/workspace/dreamerv3_runs/axis1_cup/q1/side1,/workspace/dreamerv3_runs/ax1wm_cup_q1s1_seed2,DONE,,,axis1,ax1_cup_q1
ax1wm_cup_q1s1_seed1,offline_fit,dmc_cup_catch,static,1,500000,/workspace/dreamerv3_runs/axis1_cup/q1/side1,/workspace/dreamerv3_runs/ax1wm_cup_q1s1_seed1,DONE,,,axis1,ax1_cup_q1
adapt_ax1q1s1_cup_seed3_ckpt500000,adapt,dmc_cup_catch,frozen_readout,3,1.25e5,/workspace/dreamerv3_runs/ax1wm_cup_q1s1_seed3/ckpt/20260709T225309F903078-000000500000,/workspace/dreamerv3_runs/adapt_ax1q1s1_cup_seed3_ckpt500000,DONE,,,axis1,ax1_cup_q1
adapt_ax1q1s1_cup_seed4_ckpt500000,adapt,dmc_cup_catch,frozen_readout,4,1.25e5,/workspace/dreamerv3_runs/ax1wm_cup_q1s1_seed4/ckpt/20260709T225433F229637-000000500000,/workspace/dreamerv3_runs/adapt_ax1q1s1_cup_seed4_ckpt500000,DONE,,,axis1,ax1_cup_q1
adapt_ax1q1s1_cup_seed2_ckpt500000,adapt,dmc_cup_catch,frozen_readout,2,1.25e5,/workspace/dreamerv3_runs/ax1wm_cup_q1s1_seed2/ckpt/20260709T225944F948864-000000500000,/workspace/dreamerv3_runs/adapt_ax1q1s1_cup_seed2_ckpt500000,DONE,,,axis1,ax1_cup_q1
adapt_ax1q1s1_cup_seed1_ckpt500000,adapt,dmc_cup_catch,frozen_readout,1,1.25e5,/workspace/dreamerv3_runs/ax1wm_cup_q1s1_seed1/ckpt/20260709T230605F383995-000000500000,/workspace/dreamerv3_runs/adapt_ax1q1s1_cup_seed1_ckpt500000,DONE,,,axis1,ax1_cup_q1
ax1wm_cup_q2s0_seed3,offline_fit,dmc_cup_catch,static,3,500000,/workspace/dreamerv3_runs/axis1_cup/q2/side0,/workspace/dreamerv3_runs/ax1wm_cup_q2s0_seed3,DONE,,,axis1,ax1_cup_q2
ax1wm_cup_q2s0_seed4,offline_fit,dmc_cup_catch,static,4,500000,/workspace/dreamerv3_runs/axis1_cup/q2/side0,/workspace/dreamerv3_runs/ax1wm_cup_q2s0_seed4,DONE,,,axis1,ax1_cup_q2
ax1wm_cup_q2s0_seed2,offline_fit,dmc_cup_catch,static,2,500000,/workspace/dreamerv3_runs/axis1_cup/q2/side0,/workspace/dreamerv3_runs/ax1wm_cup_q2s0_seed2,DONE,,,axis1,ax1_cup_q2
ax1wm_cup_q2s0_seed1,offline_fit,dmc_cup_catch,static,1,500000,/workspace/dreamerv3_runs/axis1_cup/q2/side0,/workspace/dreamerv3_runs/ax1wm_cup_q2s0_seed1,DONE,,,axis1,ax1_cup_q2
adapt_ax1q2s0_cup_seed3_ckpt500000,adapt,dmc_cup_catch,frozen_readout,3,1.25e5,/workspace/dreamerv3_runs/ax1wm_cup_q2s0_seed3/ckpt/20260710T014456F764467-000000500000,/workspace/dreamerv3_runs/adapt_ax1q2s0_cup_seed3_ckpt500000,DONE,,,axis1,ax1_cup_q2
adapt_ax1q2s0_cup_seed4_ckpt500000,adapt,dmc_cup_catch,frozen_readout,4,1.25e5,/workspace/dreamerv3_runs/ax1wm_cup_q2s0_seed4/ckpt/20260710T014643F001064-000000500000,/workspace/dreamerv3_runs/adapt_ax1q2s0_cup_seed4_ckpt500000,DONE,,,axis1,ax1_cup_q2
adapt_ax1q2s0_cup_seed2_ckpt500000,adapt,dmc_cup_catch,frozen_readout,2,1.25e5,/workspace/dreamerv3_runs/ax1wm_cup_q2s0_seed2/ckpt/20260710T015425F738416-000000500000,/workspace/dreamerv3_runs/adapt_ax1q2s0_cup_seed2_ckpt500000,DONE,,,axis1,ax1_cup_q2
adapt_ax1q2s0_cup_seed1_ckpt500000,adapt,dmc_cup_catch,frozen_readout,1,1.25e5,/workspace/dreamerv3_runs/ax1wm_cup_q2s0_seed1/ckpt/20260710T020414F758337-000000500000,/workspace/dreamerv3_runs/adapt_ax1q2s0_cup_seed1_ckpt500000,DONE,,,axis1,ax1_cup_q2
ax1wm_cup_q2s1_seed3,offline_fit,dmc_cup_catch,static,3,500000,/workspace/dreamerv3_runs/axis1_cup/q2/side1,/workspace/dreamerv3_runs/ax1wm_cup_q2s1_seed3,DONE,,,axis1,ax1_cup_q2
ax1wm_cup_q2s1_seed4,offline_fit,dmc_cup_catch,static,4,500000,/workspace/dreamerv3_runs/axis1_cup/q2/side1,/workspace/dreamerv3_runs/ax1wm_cup_q2s1_seed4,DONE,,,axis1,ax1_cup_q2
ax1wm_cup_q2s1_seed2,offline_fit,dmc_cup_catch,static,2,500000,/workspace/dreamerv3_runs/axis1_cup/q2/side1,/workspace/dreamerv3_runs/ax1wm_cup_q2s1_seed2,DONE,,,axis1,ax1_cup_q2
ax1wm_cup_q2s1_seed1,offline_fit,dmc_cup_catch,static,1,500000,/workspace/dreamerv3_runs/axis1_cup/q2/side1,/workspace/dreamerv3_runs/ax1wm_cup_q2s1_seed1,DONE,,,axis1,ax1_cup_q2
adapt_ax1q2s1_cup_seed3_ckpt500000,adapt,dmc_cup_catch,frozen_readout,3,1.25e5,/workspace/dreamerv3_runs/ax1wm_cup_q2s1_seed3/ckpt/20260710T043637F534393-000000500000,/workspace/dreamerv3_runs/adapt_ax1q2s1_cup_seed3_ckpt500000,DONE,,,axis1,ax1_cup_q2
adapt_ax1q2s1_cup_seed4_ckpt500000,adapt,dmc_cup_catch,frozen_readout,4,1.25e5,/workspace/dreamerv3_runs/ax1wm_cup_q2s1_seed4/ckpt/20260710T043843F742519-000000500000,/workspace/dreamerv3_runs/adapt_ax1q2s1_cup_seed4_ckpt500000,DONE,,,axis1,ax1_cup_q2
adapt_ax1q2s1_cup_seed2_ckpt500000,adapt,dmc_cup_catch,frozen_readout,2,1.25e5,/workspace/dreamerv3_runs/ax1wm_cup_q2s1_seed2/ckpt/20260710T044910F004262-000000500000,/workspace/dreamerv3_runs/adapt_ax1q2s1_cup_seed2_ckpt500000,DONE,,,axis1,ax1_cup_q2
ax1wm_finger_q1s0_seed3,offline_fit,dmc_finger_turn_hard,static,3,500000,/workspace/dreamerv3_runs/axis1_finger/q1/side0,/workspace/dreamerv3_runs/ax1wm_finger_q1s0_seed3,DONE,,,axis1,ax1_finger_q1
ax1wm_finger_q1s0_seed4,offline_fit,dmc_finger_turn_hard,static,4,500000,/workspace/dreamerv3_runs/axis1_finger/q1/side0,/workspace/dreamerv3_runs/ax1wm_finger_q1s0_seed4,DONE,,,axis1,ax1_finger_q1
adapt_ax1q2s1_cup_seed1_ckpt500000,adapt,dmc_cup_catch,frozen_readout,1,1.25e5,/workspace/dreamerv3_runs/ax1wm_cup_q2s1_seed1/ckpt/20260710T050222F069178-000000500000,/workspace/dreamerv3_runs/adapt_ax1q2s1_cup_seed1_ckpt500000,DONE,,,axis1,ax1_cup_q2
ax1wm_finger_q1s0_seed2,offline_fit,dmc_finger_turn_hard,static,2,500000,/workspace/dreamerv3_runs/axis1_finger/q1/side0,/workspace/dreamerv3_runs/ax1wm_finger_q1s0_seed2,DONE,,,axis1,ax1_finger_q1
ax1wm_finger_q1s0_seed1,offline_fit,dmc_finger_turn_hard,static,1,500000,/workspace/dreamerv3_runs/axis1_finger/q1/side0,/workspace/dreamerv3_runs/ax1wm_finger_q1s0_seed1,DONE,,,axis1,ax1_finger_q1
adapt_ax1q1s0_finger_seed3_ckpt500000,adapt,dmc_finger_turn_hard,frozen_readout,3,1.25e5,/workspace/dreamerv3_runs/ax1wm_finger_q1s0_seed3/ckpt/20260710T072758F873278-000000500000,/workspace/dreamerv3_runs/adapt_ax1q1s0_finger_seed3_ckpt500000,DONE,,,axis1,ax1_finger_q1
adapt_ax1q1s0_finger_seed4_ckpt500000,adapt,dmc_finger_turn_hard,frozen_readout,4,1.25e5,/workspace/dreamerv3_runs/ax1wm_finger_q1s0_seed4/ckpt/20260710T073114F849203-000000500000,/workspace/dreamerv3_runs/adapt_ax1q1s0_finger_seed4_ckpt500000,DONE,,,axis1,ax1_finger_q1
adapt_ax1q1s0_finger_seed2_ckpt500000,adapt,dmc_finger_turn_hard,frozen_readout,2,1.25e5,/workspace/dreamerv3_runs/ax1wm_finger_q1s0_seed2/ckpt/20260710T074405F933221-000000500000,/workspace/dreamerv3_runs/adapt_ax1q1s0_finger_seed2_ckpt500000,DONE,,,axis1,ax1_finger_q1
ax1wm_finger_q1s1_seed3,offline_fit,dmc_finger_turn_hard,static,3,500000,/workspace/dreamerv3_runs/axis1_finger/q1/side1,/workspace/dreamerv3_runs/ax1wm_finger_q1s1_seed3,DONE,,,axis1,ax1_finger_q1
ax1wm_finger_q1s1_seed4,offline_fit,dmc_finger_turn_hard,static,4,500000,/workspace/dreamerv3_runs/axis1_finger/q1/side1,/workspace/dreamerv3_runs/ax1wm_finger_q1s1_seed4,DONE,,,axis1,ax1_finger_q1
adapt_ax1q1s0_finger_seed1_ckpt500000,adapt,dmc_finger_turn_hard,frozen_readout,1,1.25e5,/workspace/dreamerv3_runs/ax1wm_finger_q1s0_seed1/ckpt/20260710T080022F455996-000000500000,/workspace/dreamerv3_runs/adapt_ax1q1s0_finger_seed1_ckpt500000,DONE,,,axis1,ax1_finger_q1
ax1wm_finger_q1s1_seed2,offline_fit,dmc_finger_turn_hard,static,2,500000,/workspace/dreamerv3_runs/axis1_finger/q1/side1,/workspace/dreamerv3_runs/ax1wm_finger_q1s1_seed2,DONE,,,axis1,ax1_finger_q1
ax1wm_finger_q1s1_seed1,offline_fit,dmc_finger_turn_hard,static,1,500000,/workspace/dreamerv3_runs/axis1_finger/q1/side1,/workspace/dreamerv3_runs/ax1wm_finger_q1s1_seed1,DONE,,,axis1,ax1_finger_q1
adapt_ax1q1s1_finger_seed3_ckpt500000,adapt,dmc_finger_turn_hard,frozen_readout,3,1.25e5,/workspace/dreamerv3_runs/ax1wm_finger_q1s1_seed3/ckpt/20260710T101959F338789-000000500000,/workspace/dreamerv3_runs/adapt_ax1q1s1_finger_seed3_ckpt500000,DONE,,,axis1,ax1_finger_q1
adapt_ax1q1s1_finger_seed4_ckpt500000,adapt,dmc_finger_turn_hard,frozen_readout,4,1.25e5,/workspace/dreamerv3_runs/ax1wm_finger_q1s1_seed4/ckpt/20260710T102410F318263-000000500000,/workspace/dreamerv3_runs/adapt_ax1q1s1_finger_seed4_ckpt500000,DONE,,,axis1,ax1_finger_q1
adapt_ax1q1s1_finger_seed2_ckpt500000,adapt,dmc_finger_turn_hard,frozen_readout,2,1.25e5,/workspace/dreamerv3_runs/ax1wm_finger_q1s1_seed2/ckpt/20260710T103932F512077-000000500000,/workspace/dreamerv3_runs/adapt_ax1q1s1_finger_seed2_ckpt500000,DONE,,,axis1,ax1_finger_q1
ax1wm_finger_q2s0_seed3,offline_fit,dmc_finger_turn_hard,static,3,500000,/workspace/dreamerv3_runs/axis1_finger/q2/side0,/workspace/dreamerv3_runs/ax1wm_finger_q2s0_seed3,DONE,,,axis1,ax1_finger_q2
ax1wm_finger_q2s0_seed4,offline_fit,dmc_finger_turn_hard,static,4,500000,/workspace/dreamerv3_runs/axis1_finger/q2/side0,/workspace/dreamerv3_runs/ax1wm_finger_q2s0_seed4,DONE,,,axis1,ax1_finger_q2
adapt_ax1q1s1_finger_seed1_ckpt500000,adapt,dmc_finger_turn_hard,frozen_readout,1,1.25e5,/workspace/dreamerv3_runs/ax1wm_finger_q1s1_seed1/ckpt/20260710T105847F183372-000000500000,/workspace/dreamerv3_runs/adapt_ax1q1s1_finger_seed1_ckpt500000,DONE,,,axis1,ax1_finger_q1
ax1wm_finger_q2s0_seed2,offline_fit,dmc_finger_turn_hard,static,2,500000,/workspace/dreamerv3_runs/axis1_finger/q2/side0,/workspace/dreamerv3_runs/ax1wm_finger_q2s0_seed2,DONE,,,axis1,ax1_finger_q2
ax1wm_finger_q2s0_seed1,offline_fit,dmc_finger_turn_hard,static,1,500000,/workspace/dreamerv3_runs/axis1_finger/q2/side0,/workspace/dreamerv3_runs/ax1wm_finger_q2s0_seed1,DONE,,,axis1,ax1_finger_q2
adapt_ax1q2s0_finger_seed3_ckpt500000,adapt,dmc_finger_turn_hard,frozen_readout,3,1.25e5,/workspace/dreamerv3_runs/ax1wm_finger_q2s0_seed3/ckpt/20260710T131153F313717-000000500000,/workspace/dreamerv3_runs/adapt_ax1q2s0_finger_seed3_ckpt500000,DONE,,,axis1,ax1_finger_q2
adapt_ax1q2s0_finger_seed4_ckpt500000,adapt,dmc_finger_turn_hard,frozen_readout,4,1.25e5,/workspace/dreamerv3_runs/ax1wm_finger_q2s0_seed4/ckpt/20260710T131702F331565-000000500000,/workspace/dreamerv3_runs/adapt_ax1q2s0_finger_seed4_ckpt500000,DONE,,,axis1,ax1_finger_q2
ax1wm_finger_q2s1_seed3,offline_fit,dmc_finger_turn_hard,static,3,500000,/workspace/dreamerv3_runs/axis1_finger/q2/side1,/workspace/dreamerv3_runs/ax1wm_finger_q2s1_seed3,DONE,,,axis1,ax1_finger_q2
adapt_ax1q2s0_finger_seed2_ckpt500000,adapt,dmc_finger_turn_hard,frozen_readout,2,1.25e5,/workspace/dreamerv3_runs/ax1wm_finger_q2s0_seed2/ckpt/20260710T133502F976866-000000500000,/workspace/dreamerv3_runs/adapt_ax1q2s0_finger_seed2_ckpt500000,DONE,,,axis1,ax1_finger_q2
ax1wm_finger_q2s1_seed4,offline_fit,dmc_finger_turn_hard,static,4,500000,/workspace/dreamerv3_runs/axis1_finger/q2/side1,/workspace/dreamerv3_runs/ax1wm_finger_q2s1_seed4,DONE,,,axis1,ax1_finger_q2
adapt_ax1q2s0_finger_seed1_ckpt500000,adapt,dmc_finger_turn_hard,frozen_readout,1,1.25e5,/workspace/dreamerv3_runs/ax1wm_finger_q2s0_seed1/ckpt/20260710T135732F812006-000000500000,/workspace/dreamerv3_runs/adapt_ax1q2s0_finger_seed1_ckpt500000,DONE,,,axis1,ax1_finger_q2
ax1wm_finger_q2s1_seed2,offline_fit,dmc_finger_turn_hard,static,2,500000,/workspace/dreamerv3_runs/axis1_finger/q2/side1,/workspace/dreamerv3_runs/ax1wm_finger_q2s1_seed2,DONE,,,axis1,ax1_finger_q2
ax1wm_finger_q2s1_seed1,offline_fit,dmc_finger_turn_hard,static,1,500000,/workspace/dreamerv3_runs/axis1_finger/q2/side1,/workspace/dreamerv3_runs/ax1wm_finger_q2s1_seed1,DONE,,,axis1,ax1_finger_q2
adapt_ax1q2s1_finger_seed3_ckpt500000,adapt,dmc_finger_turn_hard,frozen_readout,3,1.25e5,/workspace/dreamerv3_runs/ax1wm_finger_q2s1_seed3/ckpt/20260710T160343F199349-000000500000,/workspace/dreamerv3_runs/adapt_ax1q2s1_finger_seed3_ckpt500000,DONE,,,axis1,ax1_finger_q2
adapt_ax1q2s1_finger_seed4_ckpt500000,adapt,dmc_finger_turn_hard,frozen_readout,4,1.25e5,/workspace/dreamerv3_runs/ax1wm_finger_q2s1_seed4/ckpt/20260710T161006F623904-000000500000,/workspace/dreamerv3_runs/adapt_ax1q2s1_finger_seed4_ckpt500000,DONE,,,axis1,ax1_finger_q2
adapt_ax1q2s1_finger_seed2_ckpt500000,adapt,dmc_finger_turn_hard,frozen_readout,2,1.25e5,/workspace/dreamerv3_runs/ax1wm_finger_q2s1_seed2/ckpt/20260710T163027F954135-000000500000,/workspace/dreamerv3_runs/adapt_ax1q2s1_finger_seed2_ckpt500000,DONE,,,axis1,ax1_finger_q2
adapt_ax1q2s1_finger_seed1_ckpt500000,adapt,dmc_finger_turn_hard,frozen_readout,1,1.25e5,/workspace/dreamerv3_runs/ax1wm_finger_q2s1_seed1/ckpt/20260710T165612F087696-000000500000,/workspace/dreamerv3_runs/adapt_ax1q2s1_finger_seed1_ckpt500000,DONE,,,axis1,ax1_finger_q2
ax1wm_cup_q1s0_seed10,offline_fit,dmc_cup_catch,static,10,500000,/workspace/dreamerv3_runs/axis1_cup/q1/side0,/workspace/dreamerv3_runs/ax1wm_cup_q1s0_seed10,DONE,,,axis1,ax1_cup_q1
ax1wm_cup_q1s0_seed12,offline_fit,dmc_cup_catch,static,12,500000,/workspace/dreamerv3_runs/axis1_cup/q1/side0,/workspace/dreamerv3_runs/ax1wm_cup_q1s0_seed12,DONE,,,axis1,ax1_cup_q1
ax1wm_cup_q1s0_seed11,offline_fit,dmc_cup_catch,static,11,500000,/workspace/dreamerv3_runs/axis1_cup/q1/side0,/workspace/dreamerv3_runs/ax1wm_cup_q1s0_seed11,DONE,,,axis1,ax1_cup_q1
ax1wm_cup_q1s0_seed9,offline_fit,dmc_cup_catch,static,9,500000,/workspace/dreamerv3_runs/axis1_cup/q1/side0,/workspace/dreamerv3_runs/ax1wm_cup_q1s0_seed9,DONE,,,axis1,ax1_cup_q1
adapt_ax1q1s0_cup_seed11_ckpt500000,adapt,dmc_cup_catch,frozen_readout,11,1.25e5,/workspace/dreamerv3_runs/ax1wm_cup_q1s0_seed11/ckpt/20260711T060152F582664-000000500000,/workspace/dreamerv3_runs/adapt_ax1q1s0_cup_seed11_ckpt500000,DONE,,,axis1,ax1_cup_q1
adapt_ax1q1s0_cup_seed12_ckpt500000,adapt,dmc_cup_catch,frozen_readout,12,1.25e5,/workspace/dreamerv3_runs/ax1wm_cup_q1s0_seed12/ckpt/20260711T060241F853187-000000500000,/workspace/dreamerv3_runs/adapt_ax1q1s0_cup_seed12_ckpt500000,DONE,,,axis1,ax1_cup_q1
adapt_ax1q1s0_cup_seed10_ckpt500000,adapt,dmc_cup_catch,frozen_readout,10,1.25e5,/workspace/dreamerv3_runs/ax1wm_cup_q1s0_seed10/ckpt/20260711T060507F051437-000000500000,/workspace/dreamerv3_runs/adapt_ax1q1s0_cup_seed10_ckpt500000,DONE,,,axis1,ax1_cup_q1
adapt_ax1q1s0_cup_seed9_ckpt500000,adapt,dmc_cup_catch,frozen_readout,9,1.25e5,/workspace/dreamerv3_runs/ax1wm_cup_q1s0_seed9/ckpt/20260711T060759F032904-000000500000,/workspace/dreamerv3_runs/adapt_ax1q1s0_cup_seed9_ckpt500000,DONE,,,axis1,ax1_cup_q1
ax1wm_cup_q1s1_seed11,offline_fit,dmc_cup_catch,static,11,500000,/workspace/dreamerv3_runs/axis1_cup/q1/side1,/workspace/dreamerv3_runs/ax1wm_cup_q1s1_seed11,DONE,,,axis1,ax1_cup_q1
ax1wm_cup_q1s1_seed12,offline_fit,dmc_cup_catch,static,12,500000,/workspace/dreamerv3_runs/axis1_cup/q1/side1,/workspace/dreamerv3_runs/ax1wm_cup_q1s1_seed12,DONE,,,axis1,ax1_cup_q1
ax1wm_cup_q1s1_seed10,offline_fit,dmc_cup_catch,static,10,500000,/workspace/dreamerv3_runs/axis1_cup/q1/side1,/workspace/dreamerv3_runs/ax1wm_cup_q1s1_seed10,DONE,,,axis1,ax1_cup_q1
ax1wm_cup_q1s1_seed9,offline_fit,dmc_cup_catch,static,9,500000,/workspace/dreamerv3_runs/axis1_cup/q1/side1,/workspace/dreamerv3_runs/ax1wm_cup_q1s1_seed9,DONE,,,axis1,ax1_cup_q1
adapt_ax1q1s1_cup_seed11_ckpt500000,adapt,dmc_cup_catch,frozen_readout,11,1.25e5,/workspace/dreamerv3_runs/ax1wm_cup_q1s1_seed11/ckpt/20260711T085307F532180-000000500000,/workspace/dreamerv3_runs/adapt_ax1q1s1_cup_seed11_ckpt500000,DONE,,,axis1,ax1_cup_q1
adapt_ax1q1s1_cup_seed12_ckpt500000,adapt,dmc_cup_catch,frozen_readout,12,1.25e5,/workspace/dreamerv3_runs/ax1wm_cup_q1s1_seed12/ckpt/20260711T085449F142280-000000500000,/workspace/dreamerv3_runs/adapt_ax1q1s1_cup_seed12_ckpt500000,DONE,,,axis1,ax1_cup_q1
adapt_ax1q1s1_cup_seed10_ckpt500000,adapt,dmc_cup_catch,frozen_readout,10,1.25e5,/workspace/dreamerv3_runs/ax1wm_cup_q1s1_seed10/ckpt/20260711T085953F829696-000000500000,/workspace/dreamerv3_runs/adapt_ax1q1s1_cup_seed10_ckpt500000,DONE,,,axis1,ax1_cup_q1
adapt_ax1q1s1_cup_seed9_ckpt500000,adapt,dmc_cup_catch,frozen_readout,9,1.25e5,/workspace/dreamerv3_runs/ax1wm_cup_q1s1_seed9/ckpt/20260711T090601F799956-000000500000,/workspace/dreamerv3_runs/adapt_ax1q1s1_cup_seed9_ckpt500000,DONE,,,axis1,ax1_cup_q1
ax1wm_cup_q2s0_seed11,offline_fit,dmc_cup_catch,static,11,500000,/workspace/dreamerv3_runs/axis1_cup/q2/side0,/workspace/dreamerv3_runs/ax1wm_cup_q2s0_seed11,DONE,,,axis1,ax1_cup_q2
ax1wm_cup_q2s0_seed12,offline_fit,dmc_cup_catch,static,12,500000,/workspace/dreamerv3_runs/axis1_cup/q2/side0,/workspace/dreamerv3_runs/ax1wm_cup_q2s0_seed12,DONE,,,axis1,ax1_cup_q2
ax1wm_cup_q2s0_seed10,offline_fit,dmc_cup_catch,static,10,500000,/workspace/dreamerv3_runs/axis1_cup/q2/side0,/workspace/dreamerv3_runs/ax1wm_cup_q2s0_seed10,DONE,,,axis1,ax1_cup_q2
ax1wm_cup_q2s0_seed9,offline_fit,dmc_cup_catch,static,9,500000,/workspace/dreamerv3_runs/axis1_cup/q2/side0,/workspace/dreamerv3_runs/ax1wm_cup_q2s0_seed9,DONE,,,axis1,ax1_cup_q2
adapt_ax1q2s0_cup_seed11_ckpt500000,adapt,dmc_cup_catch,frozen_readout,11,1.25e5,/workspace/dreamerv3_runs/ax1wm_cup_q2s0_seed11/ckpt/20260711T114421F483841-000000500000,/workspace/dreamerv3_runs/adapt_ax1q2s0_cup_seed11_ckpt500000,DONE,,,axis1,ax1_cup_q2
adapt_ax1q2s0_cup_seed12_ckpt500000,adapt,dmc_cup_catch,frozen_readout,12,1.25e5,/workspace/dreamerv3_runs/ax1wm_cup_q2s0_seed12/ckpt/20260711T114649F215435-000000500000,/workspace/dreamerv3_runs/adapt_ax1q2s0_cup_seed12_ckpt500000,DONE,,,axis1,ax1_cup_q2
adapt_ax1q2s0_cup_seed10_ckpt500000,adapt,dmc_cup_catch,frozen_readout,10,1.25e5,/workspace/dreamerv3_runs/ax1wm_cup_q2s0_seed10/ckpt/20260711T115427F301623-000000500000,/workspace/dreamerv3_runs/adapt_ax1q2s0_cup_seed10_ckpt500000,DONE,,,axis1,ax1_cup_q2
adapt_ax1q2s0_cup_seed9_ckpt500000,adapt,dmc_cup_catch,frozen_readout,9,1.25e5,/workspace/dreamerv3_runs/ax1wm_cup_q2s0_seed9/ckpt/20260711T120401F032799-000000500000,/workspace/dreamerv3_runs/adapt_ax1q2s0_cup_seed9_ckpt500000,DONE,,,axis1,ax1_cup_q2
ax1wm_cup_q2s1_seed11,offline_fit,dmc_cup_catch,static,11,500000,/workspace/dreamerv3_runs/axis1_cup/q2/side1,/workspace/dreamerv3_runs/ax1wm_cup_q2s1_seed11,DONE,,,axis1,ax1_cup_q2
ax1wm_cup_q2s1_seed12,offline_fit,dmc_cup_catch,static,12,500000,/workspace/dreamerv3_runs/axis1_cup/q2/side1,/workspace/dreamerv3_runs/ax1wm_cup_q2s1_seed12,DONE,,,axis1,ax1_cup_q2
ax1wm_cup_q2s1_seed10,offline_fit,dmc_cup_catch,static,10,500000,/workspace/dreamerv3_runs/axis1_cup/q2/side1,/workspace/dreamerv3_runs/ax1wm_cup_q2s1_seed10,DONE,,,axis1,ax1_cup_q2
ax1wm_cup_q2s1_seed9,offline_fit,dmc_cup_catch,static,9,500000,/workspace/dreamerv3_runs/axis1_cup/q2/side1,/workspace/dreamerv3_runs/ax1wm_cup_q2s1_seed9,DONE,,,axis1,ax1_cup_q2
adapt_ax1q2s1_cup_seed11_ckpt500000,adapt,dmc_cup_catch,frozen_readout,11,1.25e5,/workspace/dreamerv3_runs/ax1wm_cup_q2s1_seed11/ckpt/20260711T143529F146740-000000500000,/workspace/dreamerv3_runs/adapt_ax1q2s1_cup_seed11_ckpt500000,DONE,,,axis1,ax1_cup_q2
adapt_ax1q2s1_cup_seed12_ckpt500000,adapt,dmc_cup_catch,frozen_readout,12,1.25e5,/workspace/dreamerv3_runs/ax1wm_cup_q2s1_seed12/ckpt/20260711T143901F077237-000000500000,/workspace/dreamerv3_runs/adapt_ax1q2s1_cup_seed12_ckpt500000,DONE,,,axis1,ax1_cup_q2
adapt_ax1q2s1_cup_seed10_ckpt500000,adapt,dmc_cup_catch,frozen_readout,10,1.25e5,/workspace/dreamerv3_runs/ax1wm_cup_q2s1_seed10/ckpt/20260711T144910F664537-000000500000,/workspace/dreamerv3_runs/adapt_ax1q2s1_cup_seed10_ckpt500000,DONE,,,axis1,ax1_cup_q2
ax1wm_finger_q1s0_seed11,offline_fit,dmc_finger_turn_hard,static,11,500000,/workspace/dreamerv3_runs/axis1_finger/q1/side0,/workspace/dreamerv3_runs/ax1wm_finger_q1s0_seed11,DONE,,,axis1,ax1_finger_q1
ax1wm_finger_q1s0_seed12,offline_fit,dmc_finger_turn_hard,static,12,500000,/workspace/dreamerv3_runs/axis1_finger/q1/side0,/workspace/dreamerv3_runs/ax1wm_finger_q1s0_seed12,DONE,,,axis1,ax1_finger_q1
adapt_ax1q2s1_cup_seed9_ckpt500000,adapt,dmc_cup_catch,frozen_readout,9,1.25e5,/workspace/dreamerv3_runs/ax1wm_cup_q2s1_seed9/ckpt/20260711T150214F449223-000000500000,/workspace/dreamerv3_runs/adapt_ax1q2s1_cup_seed9_ckpt500000,DONE,,,axis1,ax1_cup_q2
ax1wm_finger_q1s0_seed10,offline_fit,dmc_finger_turn_hard,static,10,500000,/workspace/dreamerv3_runs/axis1_finger/q1/side0,/workspace/dreamerv3_runs/ax1wm_finger_q1s0_seed10,DONE,,,axis1,ax1_finger_q1
ax1wm_finger_q1s0_seed9,offline_fit,dmc_finger_turn_hard,static,9,500000,/workspace/dreamerv3_runs/axis1_finger/q1/side0,/workspace/dreamerv3_runs/ax1wm_finger_q1s0_seed9,DONE,,,axis1,ax1_finger_q1
adapt_ax1q1s0_finger_seed11_ckpt500000,adapt,dmc_finger_turn_hard,frozen_readout,11,1.25e5,/workspace/dreamerv3_runs/ax1wm_finger_q1s0_seed11/ckpt/20260711T172643F187306-000000500000,/workspace/dreamerv3_runs/adapt_ax1q1s0_finger_seed11_ckpt500000,DONE,,,axis1,ax1_finger_q1
adapt_ax1q1s0_finger_seed12_ckpt500000,adapt,dmc_finger_turn_hard,frozen_readout,12,1.25e5,/workspace/dreamerv3_runs/ax1wm_finger_q1s0_seed12/ckpt/20260711T173116F892971-000000500000,/workspace/dreamerv3_runs/adapt_ax1q1s0_finger_seed12_ckpt500000,DONE,,,axis1,ax1_finger_q1
adapt_ax1q1s0_finger_seed10_ckpt500000,adapt,dmc_finger_turn_hard,frozen_readout,10,1.25e5,/workspace/dreamerv3_runs/ax1wm_finger_q1s0_seed10/ckpt/20260711T174406F997813-000000500000,/workspace/dreamerv3_runs/adapt_ax1q1s0_finger_seed10_ckpt500000,DONE,,,axis1,ax1_finger_q1
ax1wm_finger_q1s1_seed11,offline_fit,dmc_finger_turn_hard,static,11,500000,/workspace/dreamerv3_runs/axis1_finger/q1/side1,/workspace/dreamerv3_runs/ax1wm_finger_q1s1_seed11,DONE,,,axis1,ax1_finger_q1
ax1wm_finger_q1s1_seed12,offline_fit,dmc_finger_turn_hard,static,12,500000,/workspace/dreamerv3_runs/axis1_finger/q1/side1,/workspace/dreamerv3_runs/ax1wm_finger_q1s1_seed12,DONE,,,axis1,ax1_finger_q1
adapt_ax1q1s0_finger_seed9_ckpt500000,adapt,dmc_finger_turn_hard,frozen_readout,9,1.25e5,/workspace/dreamerv3_runs/ax1wm_finger_q1s0_seed9/ckpt/20260711T180016F193881-000000500000,/workspace/dreamerv3_runs/adapt_ax1q1s0_finger_seed9_ckpt500000,DONE,,,axis1,ax1_finger_q1
ax1wm_finger_q1s1_seed10,offline_fit,dmc_finger_turn_hard,static,10,500000,/workspace/dreamerv3_runs/axis1_finger/q1/side1,/workspace/dreamerv3_runs/ax1wm_finger_q1s1_seed10,DONE,,,axis1,ax1_finger_q1
ax1wm_finger_q1s1_seed9,offline_fit,dmc_finger_turn_hard,static,9,500000,/workspace/dreamerv3_runs/axis1_finger/q1/side1,/workspace/dreamerv3_runs/ax1wm_finger_q1s1_seed9,DONE,,,axis1,ax1_finger_q1
adapt_ax1q1s1_finger_seed11_ckpt500000,adapt,dmc_finger_turn_hard,frozen_readout,11,1.25e5,/workspace/dreamerv3_runs/ax1wm_finger_q1s1_seed11/ckpt/20260711T201842F412821-000000500000,/workspace/dreamerv3_runs/adapt_ax1q1s1_finger_seed11_ckpt500000,DONE,,,axis1,ax1_finger_q1
adapt_ax1q1s1_finger_seed12_ckpt500000,adapt,dmc_finger_turn_hard,frozen_readout,12,1.25e5,/workspace/dreamerv3_runs/ax1wm_finger_q1s1_seed12/ckpt/20260711T202417F177673-000000500000,/workspace/dreamerv3_runs/adapt_ax1q1s1_finger_seed12_ckpt500000,DONE,,,axis1,ax1_finger_q1
adapt_ax1q1s1_finger_seed10_ckpt500000,adapt,dmc_finger_turn_hard,frozen_readout,10,1.25e5,/workspace/dreamerv3_runs/ax1wm_finger_q1s1_seed10/ckpt/20260711T203940F641808-000000500000,/workspace/dreamerv3_runs/adapt_ax1q1s1_finger_seed10_ckpt500000,DONE,,,axis1,ax1_finger_q1
ax1wm_finger_q2s0_seed11,offline_fit,dmc_finger_turn_hard,static,11,500000,/workspace/dreamerv3_runs/axis1_finger/q2/side0,/workspace/dreamerv3_runs/ax1wm_finger_q2s0_seed11,DONE,,,axis1,ax1_finger_q2
ax1wm_finger_q2s0_seed12,offline_fit,dmc_finger_turn_hard,static,12,500000,/workspace/dreamerv3_runs/axis1_finger/q2/side0,/workspace/dreamerv3_runs/ax1wm_finger_q2s0_seed12,DONE,,,axis1,ax1_finger_q2
adapt_ax1q1s1_finger_seed9_ckpt500000,adapt,dmc_finger_turn_hard,frozen_readout,9,1.25e5,/workspace/dreamerv3_runs/ax1wm_finger_q1s1_seed9/ckpt/20260711T205858F970423-000000500000,/workspace/dreamerv3_runs/adapt_ax1q1s1_finger_seed9_ckpt500000,DONE,,,axis1,ax1_finger_q1
ax1wm_finger_q2s0_seed10,offline_fit,dmc_finger_turn_hard,static,10,500000,/workspace/dreamerv3_runs/axis1_finger/q2/side0,/workspace/dreamerv3_runs/ax1wm_finger_q2s0_seed10,DONE,,,axis1,ax1_finger_q2
ax1wm_finger_q2s0_seed9,offline_fit,dmc_finger_turn_hard,static,9,500000,/workspace/dreamerv3_runs/axis1_finger/q2/side0,/workspace/dreamerv3_runs/ax1wm_finger_q2s0_seed9,DONE,,,axis1,ax1_finger_q2
adapt_ax1q2s0_finger_seed11_ckpt500000,adapt,dmc_finger_turn_hard,frozen_readout,11,1.25e5,/workspace/dreamerv3_runs/ax1wm_finger_q2s0_seed11/ckpt/20260711T231034F705571-000000500000,/workspace/dreamerv3_runs/adapt_ax1q2s0_finger_seed11_ckpt500000,DONE,,,axis1,ax1_finger_q2
adapt_ax1q2s0_finger_seed12_ckpt500000,adapt,dmc_finger_turn_hard,frozen_readout,12,1.25e5,/workspace/dreamerv3_runs/ax1wm_finger_q2s0_seed12/ckpt/20260711T231707F794046-000000500000,/workspace/dreamerv3_runs/adapt_ax1q2s0_finger_seed12_ckpt500000,DONE,,,axis1,ax1_finger_q2
adapt_ax1q2s0_finger_seed10_ckpt500000,adapt,dmc_finger_turn_hard,frozen_readout,10,1.25e5,/workspace/dreamerv3_runs/ax1wm_finger_q2s0_seed10/ckpt/20260711T233511F613807-000000500000,/workspace/dreamerv3_runs/adapt_ax1q2s0_finger_seed10_ckpt500000,DONE,,,axis1,ax1_finger_q2
adapt_ax1q2s0_finger_seed9_ckpt500000,adapt,dmc_finger_turn_hard,frozen_readout,9,1.25e5,/workspace/dreamerv3_runs/ax1wm_finger_q2s0_seed9/ckpt/20260711T235731F822561-000000500000,/workspace/dreamerv3_runs/adapt_ax1q2s0_finger_seed9_ckpt500000,DONE,,,axis1,ax1_finger_q2
ax1wm_cup_fq1s0_seed1,offline_fit,dmc_cup_catch,static,1,500000,/workspace/dreamerv3_runs/axis1_cup/q1/side0,/workspace/dreamerv3_runs/ax1wm_cup_fq1s0_seed1,DONE,,,axis1,ax1f_cup_q1
ax1wm_cup_fq1s0_seed4,offline_fit,dmc_cup_catch,static,4,500000,/workspace/dreamerv3_runs/axis1_cup/q1/side0,/workspace/dreamerv3_runs/ax1wm_cup_fq1s0_seed4,DONE,,,axis1,ax1f_cup_q1
ax1wm_cup_fq1s0_seed2,offline_fit,dmc_cup_catch,static,2,500000,/workspace/dreamerv3_runs/axis1_cup/q1/side0,/workspace/dreamerv3_runs/ax1wm_cup_fq1s0_seed2,DONE,,,axis1,ax1f_cup_q1
ax1wm_cup_fq1s0_seed3,offline_fit,dmc_cup_catch,static,3,500000,/workspace/dreamerv3_runs/axis1_cup/q1/side0,/workspace/dreamerv3_runs/ax1wm_cup_fq1s0_seed3,DONE,,,axis1,ax1f_cup_q1
adapt_ax1fq1s0_cup_seed3_ckpt500000,adapt,dmc_cup_catch,frozen_readout,3,1.25e5,/workspace/dreamerv3_runs/ax1wm_cup_fq1s0_seed3/ckpt/20260712T055603F456049-000000500000,/workspace/dreamerv3_runs/adapt_ax1fq1s0_cup_seed3_ckpt500000,DONE,,,axis1,ax1f_cup_q1
adapt_ax1fq1s0_cup_seed4_ckpt500000,adapt,dmc_cup_catch,frozen_readout,4,1.25e5,/workspace/dreamerv3_runs/ax1wm_cup_fq1s0_seed4/ckpt/20260712T055645F353421-000000500000,/workspace/dreamerv3_runs/adapt_ax1fq1s0_cup_seed4_ckpt500000,DONE,,,axis1,ax1f_cup_q1
adapt_ax1fq1s0_cup_seed2_ckpt500000,adapt,dmc_cup_catch,frozen_readout,2,1.25e5,/workspace/dreamerv3_runs/ax1wm_cup_fq1s0_seed2/ckpt/20260712T055805F990864-000000500000,/workspace/dreamerv3_runs/adapt_ax1fq1s0_cup_seed2_ckpt500000,DONE,,,axis1,ax1f_cup_q1
adapt_ax1fq1s0_cup_seed1_ckpt500000,adapt,dmc_cup_catch,frozen_readout,1,1.25e5,/workspace/dreamerv3_runs/ax1wm_cup_fq1s0_seed1/ckpt/20260712T060227F334278-000000500000,/workspace/dreamerv3_runs/adapt_ax1fq1s0_cup_seed1_ckpt500000,DONE,,,axis1,ax1f_cup_q1
ax1wm_cup_fq1s1_seed3,offline_fit,dmc_cup_catch,static,3,500000,/workspace/dreamerv3_runs/axis1_cup/q1/side1,/workspace/dreamerv3_runs/ax1wm_cup_fq1s1_seed3,DONE,,,axis1,ax1f_cup_q1
ax1wm_cup_fq1s1_seed4,offline_fit,dmc_cup_catch,static,4,500000,/workspace/dreamerv3_runs/axis1_cup/q1/side1,/workspace/dreamerv3_runs/ax1wm_cup_fq1s1_seed4,DONE,,,axis1,ax1f_cup_q1
ax1wm_cup_fq1s1_seed2,offline_fit,dmc_cup_catch,static,2,500000,/workspace/dreamerv3_runs/axis1_cup/q1/side1,/workspace/dreamerv3_runs/ax1wm_cup_fq1s1_seed2,DONE,,,axis1,ax1f_cup_q1
ax1wm_cup_fq1s1_seed1,offline_fit,dmc_cup_catch,static,1,500000,/workspace/dreamerv3_runs/axis1_cup/q1/side1,/workspace/dreamerv3_runs/ax1wm_cup_fq1s1_seed1,DONE,,,axis1,ax1f_cup_q1
adapt_ax1fq1s1_cup_seed3_ckpt500000,adapt,dmc_cup_catch,frozen_readout,3,1.25e5,/workspace/dreamerv3_runs/ax1wm_cup_fq1s1_seed3/ckpt/20260712T110209F940152-000000500000,/workspace/dreamerv3_runs/adapt_ax1fq1s1_cup_seed3_ckpt500000,DONE,,,axis1,ax1f_cup_q1
adapt_ax1fq1s1_cup_seed4_ckpt500000,adapt,dmc_cup_catch,frozen_readout,4,1.25e5,/workspace/dreamerv3_runs/ax1wm_cup_fq1s1_seed4/ckpt/20260712T110355F658823-000000500000,/workspace/dreamerv3_runs/adapt_ax1fq1s1_cup_seed4_ckpt500000,DONE,,,axis1,ax1f_cup_q1
adapt_ax1fq1s1_cup_seed2_ckpt500000,adapt,dmc_cup_catch,frozen_readout,2,1.25e5,/workspace/dreamerv3_runs/ax1wm_cup_fq1s1_seed2/ckpt/20260712T110645F127195-000000500000,/workspace/dreamerv3_runs/adapt_ax1fq1s1_cup_seed2_ckpt500000,DONE,,,axis1,ax1f_cup_q1
adapt_ax1fq1s1_cup_seed1_ckpt500000,adapt,dmc_cup_catch,frozen_readout,1,1.25e5,/workspace/dreamerv3_runs/ax1wm_cup_fq1s1_seed1/ckpt/20260712T111559F921654-000000500000,/workspace/dreamerv3_runs/adapt_ax1fq1s1_cup_seed1_ckpt500000,DONE,,,axis1,ax1f_cup_q1
ax1wm_cup_fq2s0_seed3,offline_fit,dmc_cup_catch,static,3,500000,/workspace/dreamerv3_runs/axis1_cup/q2/side0,/workspace/dreamerv3_runs/ax1wm_cup_fq2s0_seed3,DONE,,,axis1,ax1f_cup_q2
ax1wm_cup_fq2s0_seed4,offline_fit,dmc_cup_catch,static,4,500000,/workspace/dreamerv3_runs/axis1_cup/q2/side0,/workspace/dreamerv3_runs/ax1wm_cup_fq2s0_seed4,DONE,,,axis1,ax1f_cup_q2
ax1wm_cup_fq2s0_seed2,offline_fit,dmc_cup_catch,static,2,500000,/workspace/dreamerv3_runs/axis1_cup/q2/side0,/workspace/dreamerv3_runs/ax1wm_cup_fq2s0_seed2,DONE,,,axis1,ax1f_cup_q2
ax1wm_cup_fq2s0_seed1,offline_fit,dmc_cup_catch,static,1,500000,/workspace/dreamerv3_runs/axis1_cup/q2/side0,/workspace/dreamerv3_runs/ax1wm_cup_fq2s0_seed1,DONE,,,axis1,ax1f_cup_q2
adapt_ax1fq2s0_cup_seed3_ckpt500000,adapt,dmc_cup_catch,frozen_readout,3,1.25e5,/workspace/dreamerv3_runs/ax1wm_cup_fq2s0_seed3/ckpt/20260712T160758F386714-000000500000,/workspace/dreamerv3_runs/adapt_ax1fq2s0_cup_seed3_ckpt500000,DONE,,,axis1,ax1f_cup_q2
adapt_ax1fq2s0_cup_seed4_ckpt500000,adapt,dmc_cup_catch,frozen_readout,4,1.25e5,/workspace/dreamerv3_runs/ax1wm_cup_fq2s0_seed4/ckpt/20260712T161022F205477-000000500000,/workspace/dreamerv3_runs/adapt_ax1fq2s0_cup_seed4_ckpt500000,DONE,,,axis1,ax1f_cup_q2
adapt_ax1fq2s0_cup_seed2_ckpt500000,adapt,dmc_cup_catch,frozen_readout,2,1.25e5,/workspace/dreamerv3_runs/ax1wm_cup_fq2s0_seed2/ckpt/20260712T161504F812127-000000500000,/workspace/dreamerv3_runs/adapt_ax1fq2s0_cup_seed2_ckpt500000,DONE,,,axis1,ax1f_cup_q2
adapt_ax1fq2s0_cup_seed1_ckpt500000,adapt,dmc_cup_catch,frozen_readout,1,1.25e5,/workspace/dreamerv3_runs/ax1wm_cup_fq2s0_seed1/ckpt/20260712T162925F224492-000000500000,/workspace/dreamerv3_runs/adapt_ax1fq2s0_cup_seed1_ckpt500000,DONE,,,axis1,ax1f_cup_q2
ax1wm_cup_fq2s1_seed3,offline_fit,dmc_cup_catch,static,3,500000,/workspace/dreamerv3_runs/axis1_cup/q2/side1,/workspace/dreamerv3_runs/ax1wm_cup_fq2s1_seed3,DONE,,,axis1,ax1f_cup_q2
ax1wm_cup_fq2s1_seed4,offline_fit,dmc_cup_catch,static,4,500000,/workspace/dreamerv3_runs/axis1_cup/q2/side1,/workspace/dreamerv3_runs/ax1wm_cup_fq2s1_seed4,DONE,,,axis1,ax1f_cup_q2
ax1wm_cup_fq2s1_seed2,offline_fit,dmc_cup_catch,static,2,500000,/workspace/dreamerv3_runs/axis1_cup/q2/side1,/workspace/dreamerv3_runs/ax1wm_cup_fq2s1_seed2,DONE,,,axis1,ax1f_cup_q2
ax1wm_cup_fq2s1_seed1,offline_fit,dmc_cup_catch,static,1,500000,/workspace/dreamerv3_runs/axis1_cup/q2/side1,/workspace/dreamerv3_runs/ax1wm_cup_fq2s1_seed1,DONE,,,axis1,ax1f_cup_q2
adapt_ax1fq2s1_cup_seed3_ckpt500000,adapt,dmc_cup_catch,frozen_readout,3,1.25e5,/workspace/dreamerv3_runs/ax1wm_cup_fq2s1_seed3/ckpt/20260712T211413F055785-000000500000,/workspace/dreamerv3_runs/adapt_ax1fq2s1_cup_seed3_ckpt500000,DONE,,,axis1,ax1f_cup_q2
adapt_ax1fq2s1_cup_seed4_ckpt500000,adapt,dmc_cup_catch,frozen_readout,4,1.25e5,/workspace/dreamerv3_runs/ax1wm_cup_fq2s1_seed4/ckpt/20260712T211657F641108-000000500000,/workspace/dreamerv3_runs/adapt_ax1fq2s1_cup_seed4_ckpt500000,DONE,,,axis1,ax1f_cup_q2
adapt_ax1fq2s1_cup_seed2_ckpt500000,adapt,dmc_cup_catch,frozen_readout,2,1.25e5,/workspace/dreamerv3_runs/ax1wm_cup_fq2s1_seed2/ckpt/20260712T212327F204472-000000500000,/workspace/dreamerv3_runs/adapt_ax1fq2s1_cup_seed2_ckpt500000,DONE,,,axis1,ax1f_cup_q2
ax1wm_finger_fq1s0_seed3,offline_fit,dmc_finger_turn_hard,static,3,500000,/workspace/dreamerv3_runs/axis1_finger/q1/side0,/workspace/dreamerv3_runs/ax1wm_finger_fq1s0_seed3,DONE,,,axis1,ax1f_finger_q1
ax1wm_finger_fq1s0_seed4,offline_fit,dmc_finger_turn_hard,static,4,500000,/workspace/dreamerv3_runs/axis1_finger/q1/side0,/workspace/dreamerv3_runs/ax1wm_finger_fq1s0_seed4,DONE,,,axis1,ax1f_finger_q1
adapt_ax1fq2s1_cup_seed1_ckpt500000,adapt,dmc_cup_catch,frozen_readout,1,1.25e5,/workspace/dreamerv3_runs/ax1wm_cup_fq2s1_seed1/ckpt/20260712T214301F448007-000000500000,/workspace/dreamerv3_runs/adapt_ax1fq2s1_cup_seed1_ckpt500000,DONE,,,axis1,ax1f_cup_q2
ax1wm_finger_fq1s0_seed2,offline_fit,dmc_finger_turn_hard,static,2,500000,/workspace/dreamerv3_runs/axis1_finger/q1/side0,/workspace/dreamerv3_runs/ax1wm_finger_fq1s0_seed2,DONE,,,axis1,ax1f_finger_q1
ax1wm_finger_fq1s0_seed1,offline_fit,dmc_finger_turn_hard,static,1,500000,/workspace/dreamerv3_runs/axis1_finger/q1/side0,/workspace/dreamerv3_runs/ax1wm_finger_fq1s0_seed1,DONE,,,axis1,ax1f_finger_q1
adapt_ax1fq1s0_finger_seed3_ckpt500000,adapt,dmc_finger_turn_hard,frozen_readout,3,1.25e5,/workspace/dreamerv3_runs/ax1wm_finger_fq1s0_seed3/ckpt/20260713T022125F732046-000000500000,/workspace/dreamerv3_runs/adapt_ax1fq1s0_finger_seed3_ckpt500000,DONE,,,axis1,ax1f_finger_q1
adapt_ax1fq1s0_finger_seed4_ckpt500000,adapt,dmc_finger_turn_hard,frozen_readout,4,1.25e5,/workspace/dreamerv3_runs/ax1wm_finger_fq1s0_seed4/ckpt/20260713T022408F670184-000000500000,/workspace/dreamerv3_runs/adapt_ax1fq1s0_finger_seed4_ckpt500000,DONE,,,axis1,ax1f_finger_q1
adapt_ax1fq1s0_finger_seed2_ckpt500000,adapt,dmc_finger_turn_hard,frozen_readout,2,1.25e5,/workspace/dreamerv3_runs/ax1wm_finger_fq1s0_seed2/ckpt/20260713T023223F746944-000000500000,/workspace/dreamerv3_runs/adapt_ax1fq1s0_finger_seed2_ckpt500000,DONE,,,axis1,ax1f_finger_q1
ax1wm_finger_fq1s1_seed3,offline_fit,dmc_finger_turn_hard,static,3,500000,/workspace/dreamerv3_runs/axis1_finger/q1/side1,/workspace/dreamerv3_runs/ax1wm_finger_fq1s1_seed3,DONE,,,axis1,ax1f_finger_q1
ax1wm_finger_fq1s1_seed4,offline_fit,dmc_finger_turn_hard,static,4,500000,/workspace/dreamerv3_runs/axis1_finger/q1/side1,/workspace/dreamerv3_runs/ax1wm_finger_fq1s1_seed4,DONE,,,axis1,ax1f_finger_q1
ax1wm_finger_fq1s1_seed2,offline_fit,dmc_finger_turn_hard,static,2,500000,/workspace/dreamerv3_runs/axis1_finger/q1/side1,/workspace/dreamerv3_runs/ax1wm_finger_fq1s1_seed2,DONE,,,axis1,ax1f_finger_q1
adapt_ax1fq1s0_finger_seed1_ckpt500000,adapt,dmc_finger_turn_hard,frozen_readout,1,1.25e5,/workspace/dreamerv3_runs/ax1wm_finger_fq1s0_seed1/ckpt/20260713T025658F447059-000000500000,/workspace/dreamerv3_runs/adapt_ax1fq1s0_finger_seed1_ckpt500000,DONE,,,axis1,ax1f_finger_q1
ax1wm_finger_fq1s1_seed1,offline_fit,dmc_finger_turn_hard,static,1,500000,/workspace/dreamerv3_runs/axis1_finger/q1/side1,/workspace/dreamerv3_runs/ax1wm_finger_fq1s1_seed1,DONE,,,axis1,ax1f_finger_q1
adapt_ax1fq1s1_finger_seed3_ckpt500000,adapt,dmc_finger_turn_hard,frozen_readout,3,1.25e5,/workspace/dreamerv3_runs/ax1wm_finger_fq1s1_seed3/ckpt/20260713T072848F758124-000000500000,/workspace/dreamerv3_runs/adapt_ax1fq1s1_finger_seed3_ckpt500000,DONE,,,axis1,ax1f_finger_q1
adapt_ax1fq1s1_finger_seed4_ckpt500000,adapt,dmc_finger_turn_hard,frozen_readout,4,1.25e5,/workspace/dreamerv3_runs/ax1wm_finger_fq1s1_seed4/ckpt/20260713T073220F273697-000000500000,/workspace/dreamerv3_runs/adapt_ax1fq1s1_finger_seed4_ckpt500000,DONE,,,axis1,ax1f_finger_q1
adapt_ax1fq1s1_finger_seed2_ckpt500000,adapt,dmc_finger_turn_hard,frozen_readout,2,1.25e5,/workspace/dreamerv3_runs/ax1wm_finger_fq1s1_seed2/ckpt/20260713T074158F579963-000000500000,/workspace/dreamerv3_runs/adapt_ax1fq1s1_finger_seed2_ckpt500000,DONE,,,axis1,ax1f_finger_q1
ax1wm_finger_fq2s0_seed3,offline_fit,dmc_finger_turn_hard,static,3,500000,/workspace/dreamerv3_runs/axis1_finger/q2/side0,/workspace/dreamerv3_runs/ax1wm_finger_fq2s0_seed3,DONE,,,axis1,ax1f_finger_q2
ax1wm_finger_fq2s0_seed4,offline_fit,dmc_finger_turn_hard,static,4,500000,/workspace/dreamerv3_runs/axis1_finger/q2/side0,/workspace/dreamerv3_runs/ax1wm_finger_fq2s0_seed4,DONE,,,axis1,ax1f_finger_q2
ax1wm_finger_fq2s0_seed2,offline_fit,dmc_finger_turn_hard,static,2,500000,/workspace/dreamerv3_runs/axis1_finger/q2/side0,/workspace/dreamerv3_runs/ax1wm_finger_fq2s0_seed2,DONE,,,axis1,ax1f_finger_q2
adapt_ax1fq1s1_finger_seed1_ckpt500000,adapt,dmc_finger_turn_hard,frozen_readout,1,1.25e5,/workspace/dreamerv3_runs/ax1wm_finger_fq1s1_seed1/ckpt/20260713T081126F665478-000000500000,/workspace/dreamerv3_runs/adapt_ax1fq1s1_finger_seed1_ckpt500000,DONE,,,axis1,ax1f_finger_q1
ax1wm_finger_fq2s0_seed1,offline_fit,dmc_finger_turn_hard,static,1,500000,/workspace/dreamerv3_runs/axis1_finger/q2/side0,/workspace/dreamerv3_runs/ax1wm_finger_fq2s0_seed1,DONE,,,axis1,ax1f_finger_q2
adapt_ax1fq2s0_finger_seed3_ckpt500000,adapt,dmc_finger_turn_hard,frozen_readout,3,1.25e5,/workspace/dreamerv3_runs/ax1wm_finger_fq2s0_seed3/ckpt/20260713T123513F380834-000000500000,/workspace/dreamerv3_runs/adapt_ax1fq2s0_finger_seed3_ckpt500000,DONE,,,axis1,ax1f_finger_q2
adapt_ax1fq2s0_finger_seed4_ckpt500000,adapt,dmc_finger_turn_hard,frozen_readout,4,1.25e5,/workspace/dreamerv3_runs/ax1wm_finger_fq2s0_seed4/ckpt/20260713T123957F018325-000000500000,/workspace/dreamerv3_runs/adapt_ax1fq2s0_finger_seed4_ckpt500000,DONE,,,axis1,ax1f_finger_q2
adapt_ax1fq2s0_finger_seed2_ckpt500000,adapt,dmc_finger_turn_hard,frozen_readout,2,1.25e5,/workspace/dreamerv3_runs/ax1wm_finger_fq2s0_seed2/ckpt/20260713T125116F477131-000000500000,/workspace/dreamerv3_runs/adapt_ax1fq2s0_finger_seed2_ckpt500000,DONE,,,axis1,ax1f_finger_q2
ax1wm_finger_fq2s1_seed3,offline_fit,dmc_finger_turn_hard,static,3,500000,/workspace/dreamerv3_runs/axis1_finger/q2/side1,/workspace/dreamerv3_runs/ax1wm_finger_fq2s1_seed3,DONE,,,axis1,ax1f_finger_q2
ax1wm_finger_fq2s1_seed4,offline_fit,dmc_finger_turn_hard,static,4,500000,/workspace/dreamerv3_runs/axis1_finger/q2/side1,/workspace/dreamerv3_runs/ax1wm_finger_fq2s1_seed4,DONE,,,axis1,ax1f_finger_q2
ax1wm_finger_fq2s1_seed2,offline_fit,dmc_finger_turn_hard,static,2,500000,/workspace/dreamerv3_runs/axis1_finger/q2/side1,/workspace/dreamerv3_runs/ax1wm_finger_fq2s1_seed2,DONE,,,axis1,ax1f_finger_q2
adapt_ax1fq2s0_finger_seed1_ckpt500000,adapt,dmc_finger_turn_hard,frozen_readout,1,1.25e5,/workspace/dreamerv3_runs/ax1wm_finger_fq2s0_seed1/ckpt/20260713T132532F695739-000000500000,/workspace/dreamerv3_runs/adapt_ax1fq2s0_finger_seed1_ckpt500000,DONE,,,axis1,ax1f_finger_q2
ax1wm_finger_fq2s1_seed1,offline_fit,dmc_finger_turn_hard,static,1,500000,/workspace/dreamerv3_runs/axis1_finger/q2/side1,/workspace/dreamerv3_runs/ax1wm_finger_fq2s1_seed1,DONE,,,axis1,ax1f_finger_q2
adapt_ax1fq2s1_finger_seed3_ckpt500000,adapt,dmc_finger_turn_hard,frozen_readout,3,1.25e5,/workspace/dreamerv3_runs/ax1wm_finger_fq2s1_seed3/ckpt/20260713T174142F007251-000000500000,/workspace/dreamerv3_runs/adapt_ax1fq2s1_finger_seed3_ckpt500000,DONE,,,axis1,ax1f_finger_q2
adapt_ax1fq2s1_finger_seed4_ckpt500000,adapt,dmc_finger_turn_hard,frozen_readout,4,1.25e5,/workspace/dreamerv3_runs/ax1wm_finger_fq2s1_seed4/ckpt/20260713T174736F901924-000000500000,/workspace/dreamerv3_runs/adapt_ax1fq2s1_finger_seed4_ckpt500000,DONE,,,axis1,ax1f_finger_q2
adapt_ax1fq2s1_finger_seed2_ckpt500000,adapt,dmc_finger_turn_hard,frozen_readout,2,1.25e5,/workspace/dreamerv3_runs/ax1wm_finger_fq2s1_seed2/ckpt/20260713T180037F748332-000000500000,/workspace/dreamerv3_runs/adapt_ax1fq2s1_finger_seed2_ckpt500000,DONE,,,axis1,ax1f_finger_q2
adapt_ax1fq2s1_finger_seed1_ckpt500000,adapt,dmc_finger_turn_hard,frozen_readout,1,1.25e5,/workspace/dreamerv3_runs/ax1wm_finger_fq2s1_seed1/ckpt/20260713T183944F730315-000000500000,/workspace/dreamerv3_runs/adapt_ax1fq2s1_finger_seed1_ckpt500000,DONE,,,axis1,ax1f_finger_q2
ax1wm_finger_fq1s0_seed11,offline_fit,dmc_finger_turn_hard,static,11,500000,/workspace/dreamerv3_runs/axis1_finger/q1/side0,/workspace/dreamerv3_runs/ax1wm_finger_fq1s0_seed11,DONE,,,axis1,ax1f_finger_q1
ax1wm_finger_fq1s0_seed12,offline_fit,dmc_finger_turn_hard,static,12,500000,/workspace/dreamerv3_runs/axis1_finger/q1/side0,/workspace/dreamerv3_runs/ax1wm_finger_fq1s0_seed12,DONE,,,axis1,ax1f_finger_q1
ax1wm_finger_fq1s0_seed10,offline_fit,dmc_finger_turn_hard,static,10,500000,/workspace/dreamerv3_runs/axis1_finger/q1/side0,/workspace/dreamerv3_runs/ax1wm_finger_fq1s0_seed10,DONE,,,axis1,ax1f_finger_q1
ax1wm_finger_fq1s0_seed9,offline_fit,dmc_finger_turn_hard,static,9,500000,/workspace/dreamerv3_runs/axis1_finger/q1/side0,/workspace/dreamerv3_runs/ax1wm_finger_fq1s0_seed9,DONE,,,axis1,ax1f_finger_q1
adapt_ax1fq1s0_finger_seed11_ckpt500000,adapt,dmc_finger_turn_hard,frozen_readout,11,1.25e5,/workspace/dreamerv3_runs/ax1wm_finger_fq1s0_seed11/ckpt/20260714T020042F726826-000000500000,/workspace/dreamerv3_runs/adapt_ax1fq1s0_finger_seed11_ckpt500000,DONE,,,axis1,ax1f_finger_q1
adapt_ax1fq1s0_finger_seed12_ckpt500000,adapt,dmc_finger_turn_hard,frozen_readout,12,1.25e5,/workspace/dreamerv3_runs/ax1wm_finger_fq1s0_seed12/ckpt/20260714T020146F123516-000000500000,/workspace/dreamerv3_runs/adapt_ax1fq1s0_finger_seed12_ckpt500000,DONE,,,axis1,ax1f_finger_q1
adapt_ax1fq1s0_finger_seed10_ckpt500000,adapt,dmc_finger_turn_hard,frozen_readout,10,1.25e5,/workspace/dreamerv3_runs/ax1wm_finger_fq1s0_seed10/ckpt/20260714T020242F720060-000000500000,/workspace/dreamerv3_runs/adapt_ax1fq1s0_finger_seed10_ckpt500000,DONE,,,axis1,ax1f_finger_q1
adapt_ax1fq1s0_finger_seed9_ckpt500000,adapt,dmc_finger_turn_hard,frozen_readout,9,1.25e5,/workspace/dreamerv3_runs/ax1wm_finger_fq1s0_seed9/ckpt/20260714T020700F067871-000000500000,/workspace/dreamerv3_runs/adapt_ax1fq1s0_finger_seed9_ckpt500000,DONE,,,axis1,ax1f_finger_q1
ax1wm_finger_fw0s0_seed1,offline_fit,dmc_finger_turn_hard,static,1,500000,/workspace/dreamerv3_runs/axis1_finger/within/p2e1/side0,/workspace/dreamerv3_runs/ax1wm_finger_fw0s0_seed1,DONE,,,axis1,ax1fw_finger_p2e1
ax1wm_finger_fw0s1_seed2,offline_fit,dmc_finger_turn_hard,static,2,500000,/workspace/dreamerv3_runs/axis1_finger/within/p2e1/side1,/workspace/dreamerv3_runs/ax1wm_finger_fw0s1_seed2,DONE,,,axis1,ax1fw_finger_p2e1
ax1wm_finger_fw0s0_seed2,offline_fit,dmc_finger_turn_hard,static,2,500000,/workspace/dreamerv3_runs/axis1_finger/within/p2e1/side0,/workspace/dreamerv3_runs/ax1wm_finger_fw0s0_seed2,DONE,,,axis1,ax1fw_finger_p2e1
ax1wm_finger_fw0s1_seed1,offline_fit,dmc_finger_turn_hard,static,1,500000,/workspace/dreamerv3_runs/axis1_finger/within/p2e1/side1,/workspace/dreamerv3_runs/ax1wm_finger_fw0s1_seed1,DONE,,,axis1,ax1fw_finger_p2e1
adapt_ax1fw0s1_finger_seed1_ckpt500000,adapt,dmc_finger_turn_hard,frozen_readout,1,1.25e5,/workspace/dreamerv3_runs/ax1wm_finger_fw0s1_seed1/ckpt/20260714T111537F294388-000000500000,/workspace/dreamerv3_runs/adapt_ax1fw0s1_finger_seed1_ckpt500000,DONE,,,axis1,ax1fw_finger_p2e1
adapt_ax1fw0s1_finger_seed2_ckpt500000,adapt,dmc_finger_turn_hard,frozen_readout,2,1.25e5,/workspace/dreamerv3_runs/ax1wm_finger_fw0s1_seed2/ckpt/20260714T111632F727744-000000500000,/workspace/dreamerv3_runs/adapt_ax1fw0s1_finger_seed2_ckpt500000,DONE,,,axis1,ax1fw_finger_p2e1
adapt_ax1fw0s0_finger_seed2_ckpt500000,adapt,dmc_finger_turn_hard,frozen_readout,2,1.25e5,/workspace/dreamerv3_runs/ax1wm_finger_fw0s0_seed2/ckpt/20260714T111757F589509-000000500000,/workspace/dreamerv3_runs/adapt_ax1fw0s0_finger_seed2_ckpt500000,DONE,,,axis1,ax1fw_finger_p2e1
adapt_ax1fw0s0_finger_seed1_ckpt500000,adapt,dmc_finger_turn_hard,frozen_readout,1,1.25e5,/workspace/dreamerv3_runs/ax1wm_finger_fw0s0_seed1/ckpt/20260714T112231F447309-000000500000,/workspace/dreamerv3_runs/adapt_ax1fw0s0_finger_seed1_ckpt500000,DONE,,,axis1,ax1fw_finger_p2e1
ax1wm_finger_fw3s1_seed1,offline_fit,dmc_finger_turn_hard,static,1,500000,/workspace/dreamerv3_runs/axis1_finger/within/p2e4/side1,/workspace/dreamerv3_runs/ax1wm_finger_fw3s1_seed1,DONE,,,axis1,ax1fw_finger_p2e4
ax1wm_finger_fw3s1_seed2,offline_fit,dmc_finger_turn_hard,static,2,500000,/workspace/dreamerv3_runs/axis1_finger/within/p2e4/side1,/workspace/dreamerv3_runs/ax1wm_finger_fw3s1_seed2,DONE,,,axis1,ax1fw_finger_p2e4
ax1wm_finger_fw3s0_seed2,offline_fit,dmc_finger_turn_hard,static,2,500000,/workspace/dreamerv3_runs/axis1_finger/within/p2e4/side0,/workspace/dreamerv3_runs/ax1wm_finger_fw3s0_seed2,DONE,,,axis1,ax1fw_finger_p2e4
ax1wm_finger_fw3s0_seed1,offline_fit,dmc_finger_turn_hard,static,1,500000,/workspace/dreamerv3_runs/axis1_finger/within/p2e4/side0,/workspace/dreamerv3_runs/ax1wm_finger_fw3s0_seed1,DONE,,,axis1,ax1fw_finger_p2e4
adapt_ax1fw3s1_finger_seed1_ckpt500000,adapt,dmc_finger_turn_hard,frozen_readout,1,1.25e5,/workspace/dreamerv3_runs/ax1wm_finger_fw3s1_seed1/ckpt/20260714T162235F831107-000000500000,/workspace/dreamerv3_runs/adapt_ax1fw3s1_finger_seed1_ckpt500000,DONE,,,axis1,ax1fw_finger_p2e4
adapt_ax1fw3s1_finger_seed2_ckpt500000,adapt,dmc_finger_turn_hard,frozen_readout,2,1.25e5,/workspace/dreamerv3_runs/ax1wm_finger_fw3s1_seed2/ckpt/20260714T162425F779330-000000500000,/workspace/dreamerv3_runs/adapt_ax1fw3s1_finger_seed2_ckpt500000,DONE,,,axis1,ax1fw_finger_p2e4
adapt_ax1fw3s0_finger_seed2_ckpt500000,adapt,dmc_finger_turn_hard,frozen_readout,2,1.25e5,/workspace/dreamerv3_runs/ax1wm_finger_fw3s0_seed2/ckpt/20260714T162721F720380-000000500000,/workspace/dreamerv3_runs/adapt_ax1fw3s0_finger_seed2_ckpt500000,DONE,,,axis1,ax1fw_finger_p2e4
adapt_ax1fw3s0_finger_seed1_ckpt500000,adapt,dmc_finger_turn_hard,frozen_readout,1,1.25e5,/workspace/dreamerv3_runs/ax1wm_finger_fw3s0_seed1/ckpt/20260714T163651F102773-000000500000,/workspace/dreamerv3_runs/adapt_ax1fw3s0_finger_seed1_ckpt500000,DONE,,,axis1,ax1fw_finger_p2e4
ax1wm_finger_fw5s1_seed1,offline_fit,dmc_finger_turn_hard,static,1,500000,/workspace/dreamerv3_runs/axis1_finger/within/apt1/side1,/workspace/dreamerv3_runs/ax1wm_finger_fw5s1_seed1,DONE,,,axis1,ax1fw_finger_apt1
ax1wm_finger_fw5s1_seed2,offline_fit,dmc_finger_turn_hard,static,2,500000,/workspace/dreamerv3_runs/axis1_finger/within/apt1/side1,/workspace/dreamerv3_runs/ax1wm_finger_fw5s1_seed2,DONE,,,axis1,ax1fw_finger_apt1
ax1wm_finger_fw5s0_seed2,offline_fit,dmc_finger_turn_hard,static,2,500000,/workspace/dreamerv3_runs/axis1_finger/within/apt1/side0,/workspace/dreamerv3_runs/ax1wm_finger_fw5s0_seed2,DONE,,,axis1,ax1fw_finger_apt1
ax1wm_finger_fw5s0_seed1,offline_fit,dmc_finger_turn_hard,static,1,500000,/workspace/dreamerv3_runs/axis1_finger/within/apt1/side0,/workspace/dreamerv3_runs/ax1wm_finger_fw5s0_seed1,DONE,,,axis1,ax1fw_finger_apt1
adapt_ax1fw5s1_finger_seed1_ckpt500000,adapt,dmc_finger_turn_hard,frozen_readout,1,1.25e5,/workspace/dreamerv3_runs/ax1wm_finger_fw5s1_seed1/ckpt/20260714T213027F283120-000000500000,/workspace/dreamerv3_runs/adapt_ax1fw5s1_finger_seed1_ckpt500000,DONE,,,axis1,ax1fw_finger_apt1
adapt_ax1fw5s1_finger_seed2_ckpt500000,adapt,dmc_finger_turn_hard,frozen_readout,2,1.25e5,/workspace/dreamerv3_runs/ax1wm_finger_fw5s1_seed2/ckpt/20260714T213302F296322-000000500000,/workspace/dreamerv3_runs/adapt_ax1fw5s1_finger_seed2_ckpt500000,DONE,,,axis1,ax1fw_finger_apt1
adapt_ax1fw5s0_finger_seed2_ckpt500000,adapt,dmc_finger_turn_hard,frozen_readout,2,1.25e5,/workspace/dreamerv3_runs/ax1wm_finger_fw5s0_seed2/ckpt/20260714T213719F797712-000000500000,/workspace/dreamerv3_runs/adapt_ax1fw5s0_finger_seed2_ckpt500000,DONE,,,axis1,ax1fw_finger_apt1
adapt_ax1fw5s0_finger_seed1_ckpt500000,adapt,dmc_finger_turn_hard,frozen_readout,1,1.25e5,/workspace/dreamerv3_runs/ax1wm_finger_fw5s0_seed1/ckpt/20260714T215139F714986-000000500000,/workspace/dreamerv3_runs/adapt_ax1fw5s0_finger_seed1_ckpt500000,DONE,,,axis1,ax1fw_finger_apt1
ax1wm_finger_fw7s1_seed1,offline_fit,dmc_finger_turn_hard,static,1,500000,/workspace/dreamerv3_runs/axis1_finger/within/apt3/side1,/workspace/dreamerv3_runs/ax1wm_finger_fw7s1_seed1,DONE,,,axis1,ax1fw_finger_apt3
ax1wm_finger_fw7s1_seed2,offline_fit,dmc_finger_turn_hard,static,2,500000,/workspace/dreamerv3_runs/axis1_finger/within/apt3/side1,/workspace/dreamerv3_runs/ax1wm_finger_fw7s1_seed2,DONE,,,axis1,ax1fw_finger_apt3
ax1wm_finger_fw7s0_seed2,offline_fit,dmc_finger_turn_hard,static,2,500000,/workspace/dreamerv3_runs/axis1_finger/within/apt3/side0,/workspace/dreamerv3_runs/ax1wm_finger_fw7s0_seed2,DONE,,,axis1,ax1fw_finger_apt3
ax1wm_finger_fw7s0_seed1,offline_fit,dmc_finger_turn_hard,static,1,500000,/workspace/dreamerv3_runs/axis1_finger/within/apt3/side0,/workspace/dreamerv3_runs/ax1wm_finger_fw7s0_seed1,DONE,,,axis1,ax1fw_finger_apt3
adapt_ax1fw7s1_finger_seed1_ckpt500000,adapt,dmc_finger_turn_hard,frozen_readout,1,1.25e5,/workspace/dreamerv3_runs/ax1wm_finger_fw7s1_seed1/ckpt/20260715T023905F861224-000000500000,/workspace/dreamerv3_runs/adapt_ax1fw7s1_finger_seed1_ckpt500000,DONE,,,axis1,ax1fw_finger_apt3
adapt_ax1fw7s1_finger_seed2_ckpt500000,adapt,dmc_finger_turn_hard,frozen_readout,2,1.25e5,/workspace/dreamerv3_runs/ax1wm_finger_fw7s1_seed2/ckpt/20260715T024241F437505-000000500000,/workspace/dreamerv3_runs/adapt_ax1fw7s1_finger_seed2_ckpt500000,DONE,,,axis1,ax1fw_finger_apt3
adapt_ax1fw7s0_finger_seed2_ckpt500000,adapt,dmc_finger_turn_hard,frozen_readout,2,1.25e5,/workspace/dreamerv3_runs/ax1wm_finger_fw7s0_seed2/ckpt/20260715T024758F398290-000000500000,/workspace/dreamerv3_runs/adapt_ax1fw7s0_finger_seed2_ckpt500000,DONE,,,axis1,ax1fw_finger_apt3
ax1wm_finger_fw9s1_seed1,offline_fit,dmc_finger_turn_hard,static,1,500000,/workspace/dreamerv3_runs/axis1_finger/within/apt5/side1,/workspace/dreamerv3_runs/ax1wm_finger_fw9s1_seed1,DONE,,,axis1,ax1fw_finger_apt5
ax1wm_finger_fw9s1_seed2,offline_fit,dmc_finger_turn_hard,static,2,500000,/workspace/dreamerv3_runs/axis1_finger/within/apt5/side1,/workspace/dreamerv3_runs/ax1wm_finger_fw9s1_seed2,DONE,,,axis1,ax1fw_finger_apt5
adapt_ax1fw7s0_finger_seed1_ckpt500000,adapt,dmc_finger_turn_hard,frozen_readout,1,1.25e5,/workspace/dreamerv3_runs/ax1wm_finger_fw7s0_seed1/ckpt/20260715T030641F664089-000000500000,/workspace/dreamerv3_runs/adapt_ax1fw7s0_finger_seed1_ckpt500000,DONE,,,axis1,ax1fw_finger_apt3
ax1wm_finger_fw9s0_seed2,offline_fit,dmc_finger_turn_hard,static,2,500000,/workspace/dreamerv3_runs/axis1_finger/within/apt5/side0,/workspace/dreamerv3_runs/ax1wm_finger_fw9s0_seed2,DONE,,,axis1,ax1fw_finger_apt5
ax1wm_finger_fw9s0_seed1,offline_fit,dmc_finger_turn_hard,static,1,500000,/workspace/dreamerv3_runs/axis1_finger/within/apt5/side0,/workspace/dreamerv3_runs/ax1wm_finger_fw9s0_seed1,DONE,,,axis1,ax1fw_finger_apt5
adapt_ax1fw9s1_finger_seed1_ckpt500000,adapt,dmc_finger_turn_hard,frozen_readout,1,1.25e5,/workspace/dreamerv3_runs/ax1wm_finger_fw9s1_seed1/ckpt/20260715T074659F120947-000000500000,/workspace/dreamerv3_runs/adapt_ax1fw9s1_finger_seed1_ckpt500000,DONE,,,axis1,ax1fw_finger_apt5
adapt_ax1fw9s1_finger_seed2_ckpt500000,adapt,dmc_finger_turn_hard,frozen_readout,2,1.25e5,/workspace/dreamerv3_runs/ax1wm_finger_fw9s1_seed2/ckpt/20260715T075108F303108-000000500000,/workspace/dreamerv3_runs/adapt_ax1fw9s1_finger_seed2_ckpt500000,DONE,,,axis1,ax1fw_finger_apt5
adapt_ax1fw9s0_finger_seed2_ckpt500000,adapt,dmc_finger_turn_hard,frozen_readout,2,1.25e5,/workspace/dreamerv3_runs/ax1wm_finger_fw9s0_seed2/ckpt/20260715T075749F460548-000000500000,/workspace/dreamerv3_runs/adapt_ax1fw9s0_finger_seed2_ckpt500000,DONE,,,axis1,ax1fw_finger_apt5
ax1wm_finger_fw11s1_seed1,offline_fit,dmc_finger_turn_hard,static,1,500000,/workspace/dreamerv3_runs/axis1_finger/within/random2/side1,/workspace/dreamerv3_runs/ax1wm_finger_fw11s1_seed1,DONE,,,axis1,ax1fw_finger_random2
ax1wm_finger_fw11s1_seed2,offline_fit,dmc_finger_turn_hard,static,2,500000,/workspace/dreamerv3_runs/axis1_finger/within/random2/side1,/workspace/dreamerv3_runs/ax1wm_finger_fw11s1_seed2,DONE,,,axis1,ax1fw_finger_random2
ax1wm_finger_fw11s0_seed2,offline_fit,dmc_finger_turn_hard,static,2,500000,/workspace/dreamerv3_runs/axis1_finger/within/random2/side0,/workspace/dreamerv3_runs/ax1wm_finger_fw11s0_seed2,DONE,,,axis1,ax1fw_finger_random2
adapt_ax1fw9s0_finger_seed1_ckpt500000,adapt,dmc_finger_turn_hard,frozen_readout,1,1.25e5,/workspace/dreamerv3_runs/ax1wm_finger_fw9s0_seed1/ckpt/20260715T082117F404172-000000500000,/workspace/dreamerv3_runs/adapt_ax1fw9s0_finger_seed1_ckpt500000,DONE,,,axis1,ax1fw_finger_apt5
ax1wm_finger_fw11s0_seed1,offline_fit,dmc_finger_turn_hard,static,1,500000,/workspace/dreamerv3_runs/axis1_finger/within/random2/side0,/workspace/dreamerv3_runs/ax1wm_finger_fw11s0_seed1,DONE,,,axis1,ax1fw_finger_random2
adapt_ax1fw11s1_finger_seed1_ckpt500000,adapt,dmc_finger_turn_hard,frozen_readout,1,1.25e5,/workspace/dreamerv3_runs/ax1wm_finger_fw11s1_seed1/ckpt/20260715T125355F539197-000000500000,/workspace/dreamerv3_runs/adapt_ax1fw11s1_finger_seed1_ckpt500000,DONE,,,axis1,ax1fw_finger_random2
adapt_ax1fw11s1_finger_seed2_ckpt500000,adapt,dmc_finger_turn_hard,frozen_readout,2,1.25e5,/workspace/dreamerv3_runs/ax1wm_finger_fw11s1_seed2/ckpt/20260715T125900F671328-000000500000,/workspace/dreamerv3_runs/adapt_ax1fw11s1_finger_seed2_ckpt500000,DONE,,,axis1,ax1fw_finger_random2
adapt_ax1fw11s0_finger_seed2_ckpt500000,adapt,dmc_finger_turn_hard,frozen_readout,2,1.25e5,/workspace/dreamerv3_runs/ax1wm_finger_fw11s0_seed2/ckpt/20260715T130717F586624-000000500000,/workspace/dreamerv3_runs/adapt_ax1fw11s0_finger_seed2_ckpt500000,DONE,,,axis1,ax1fw_finger_random2
ax1wm_finger_fw13s1_seed1,offline_fit,dmc_finger_turn_hard,static,1,500000,/workspace/dreamerv3_runs/axis1_finger/within/random4/side1,/workspace/dreamerv3_runs/ax1wm_finger_fw13s1_seed1,DONE,,,axis1,ax1fw_finger_random4
ax1wm_finger_fw13s1_seed2,offline_fit,dmc_finger_turn_hard,static,2,500000,/workspace/dreamerv3_runs/axis1_finger/within/random4/side1,/workspace/dreamerv3_runs/ax1wm_finger_fw13s1_seed2,DONE,,,axis1,ax1fw_finger_random4
ax1wm_finger_fw13s0_seed2,offline_fit,dmc_finger_turn_hard,static,2,500000,/workspace/dreamerv3_runs/axis1_finger/within/random4/side0,/workspace/dreamerv3_runs/ax1wm_finger_fw13s0_seed2,DONE,,,axis1,ax1fw_finger_random4
adapt_ax1fw11s0_finger_seed1_ckpt500000,adapt,dmc_finger_turn_hard,frozen_readout,1,1.25e5,/workspace/dreamerv3_runs/ax1wm_finger_fw11s0_seed1/ckpt/20260715T133540F111044-000000500000,/workspace/dreamerv3_runs/adapt_ax1fw11s0_finger_seed1_ckpt500000,DONE,,,axis1,ax1fw_finger_random2
ax1wm_finger_fw13s0_seed1,offline_fit,dmc_finger_turn_hard,static,1,500000,/workspace/dreamerv3_runs/axis1_finger/within/random4/side0,/workspace/dreamerv3_runs/ax1wm_finger_fw13s0_seed1,DONE,,,axis1,ax1fw_finger_random4
adapt_ax1fw13s1_finger_seed1_ckpt500000,adapt,dmc_finger_turn_hard,frozen_readout,1,1.25e5,/workspace/dreamerv3_runs/ax1wm_finger_fw13s1_seed1/ckpt/20260715T180059F874980-000000500000,/workspace/dreamerv3_runs/adapt_ax1fw13s1_finger_seed1_ckpt500000,DONE,,,axis1,ax1fw_finger_random4
adapt_ax1fw13s1_finger_seed2_ckpt500000,adapt,dmc_finger_turn_hard,frozen_readout,2,1.25e5,/workspace/dreamerv3_runs/ax1wm_finger_fw13s1_seed2/ckpt/20260715T180656F538874-000000500000,/workspace/dreamerv3_runs/adapt_ax1fw13s1_finger_seed2_ckpt500000,DONE,,,axis1,ax1fw_finger_random4
adapt_ax1fw13s0_finger_seed2_ckpt500000,adapt,dmc_finger_turn_hard,frozen_readout,2,1.25e5,/workspace/dreamerv3_runs/ax1wm_finger_fw13s0_seed2/ckpt/20260715T181645F129512-000000500000,/workspace/dreamerv3_runs/adapt_ax1fw13s0_finger_seed2_ckpt500000,DONE,,,axis1,ax1fw_finger_random4
ax1wm_cup_fw5s1_seed1,offline_fit,dmc_cup_catch,static,1,500000,/workspace/dreamerv3_runs/axis1_cup/within/apt1/side1,/workspace/dreamerv3_runs/ax1wm_cup_fw5s1_seed1,DONE,,,axis1,ax1fw_cup_apt1
ax1wm_cup_fw5s1_seed2,offline_fit,dmc_cup_catch,static,2,500000,/workspace/dreamerv3_runs/axis1_cup/within/apt1/side1,/workspace/dreamerv3_runs/ax1wm_cup_fw5s1_seed2,DONE,,,axis1,ax1fw_cup_apt1
ax1wm_cup_fw5s0_seed2,offline_fit,dmc_cup_catch,static,2,500000,/workspace/dreamerv3_runs/axis1_cup/within/apt1/side0,/workspace/dreamerv3_runs/ax1wm_cup_fw5s0_seed2,DONE,,,axis1,ax1fw_cup_apt1
adapt_ax1fw13s0_finger_seed1_ckpt500000,adapt,dmc_finger_turn_hard,frozen_readout,1,1.25e5,/workspace/dreamerv3_runs/ax1wm_finger_fw13s0_seed1/ckpt/20260715T185003F533909-000000500000,/workspace/dreamerv3_runs/adapt_ax1fw13s0_finger_seed1_ckpt500000,DONE,,,axis1,ax1fw_finger_random4
ax1wm_cup_fw5s0_seed1,offline_fit,dmc_cup_catch,static,1,500000,/workspace/dreamerv3_runs/axis1_cup/within/apt1/side0,/workspace/dreamerv3_runs/ax1wm_cup_fw5s0_seed1,DONE,,,axis1,ax1fw_cup_apt1
adapt_ax1fw5s1_cup_seed1_ckpt500000,adapt,dmc_cup_catch,frozen_readout,1,1.25e5,/workspace/dreamerv3_runs/ax1wm_cup_fw5s1_seed1/ckpt/20260715T230844F466340-000000500000,/workspace/dreamerv3_runs/adapt_ax1fw5s1_cup_seed1_ckpt500000,DONE,,,axis1,ax1fw_cup_apt1
adapt_ax1fw5s1_cup_seed2_ckpt500000,adapt,dmc_cup_catch,frozen_readout,2,1.25e5,/workspace/dreamerv3_runs/ax1wm_cup_fw5s1_seed2/ckpt/20260715T231528F560421-000000500000,/workspace/dreamerv3_runs/adapt_ax1fw5s1_cup_seed2_ckpt500000,DONE,,,axis1,ax1fw_cup_apt1
adapt_ax1fw5s0_cup_seed2_ckpt500000,adapt,dmc_cup_catch,frozen_readout,2,1.25e5,/workspace/dreamerv3_runs/ax1wm_cup_fw5s0_seed2/ckpt/20260715T232639F887040-000000500000,/workspace/dreamerv3_runs/adapt_ax1fw5s0_cup_seed2_ckpt500000,DONE,,,axis1,ax1fw_cup_apt1
ax1wm_cup_fw8s1_seed1,offline_fit,dmc_cup_catch,static,1,500000,/workspace/dreamerv3_runs/axis1_cup/within/apt4/side1,/workspace/dreamerv3_runs/ax1wm_cup_fw8s1_seed1,DONE,,,axis1,ax1fw_cup_apt4
ax1wm_cup_fw8s1_seed2,offline_fit,dmc_cup_catch,static,2,500000,/workspace/dreamerv3_runs/axis1_cup/within/apt4/side1,/workspace/dreamerv3_runs/ax1wm_cup_fw8s1_seed2,DONE,,,axis1,ax1fw_cup_apt4
ax1wm_cup_fw8s0_seed2,offline_fit,dmc_cup_catch,static,2,500000,/workspace/dreamerv3_runs/axis1_cup/within/apt4/side0,/workspace/dreamerv3_runs/ax1wm_cup_fw8s0_seed2,DONE,,,axis1,ax1fw_cup_apt4
adapt_ax1fw5s0_cup_seed1_ckpt500000,adapt,dmc_cup_catch,frozen_readout,1,1.25e5,/workspace/dreamerv3_runs/ax1wm_cup_fw5s0_seed1/ckpt/20260716T000447F309867-000000500000,/workspace/dreamerv3_runs/adapt_ax1fw5s0_cup_seed1_ckpt500000,DONE,,,axis1,ax1fw_cup_apt1
ax1wm_cup_fw8s0_seed1,offline_fit,dmc_cup_catch,static,1,500000,/workspace/dreamerv3_runs/axis1_cup/within/apt4/side0,/workspace/dreamerv3_runs/ax1wm_cup_fw8s0_seed1,DONE,,,axis1,ax1fw_cup_apt4
adapt_ax1fw8s1_cup_seed1_ckpt500000,adapt,dmc_cup_catch,frozen_readout,1,1.25e5,/workspace/dreamerv3_runs/ax1wm_cup_fw8s1_seed1/ckpt/20260716T041611F013628-000000500000,/workspace/dreamerv3_runs/adapt_ax1fw8s1_cup_seed1_ckpt500000,DONE,,,axis1,ax1fw_cup_apt4
adapt_ax1fw8s1_cup_seed2_ckpt500000,adapt,dmc_cup_catch,frozen_readout,2,1.25e5,/workspace/dreamerv3_runs/ax1wm_cup_fw8s1_seed2/ckpt/20260716T042354F609520-000000500000,/workspace/dreamerv3_runs/adapt_ax1fw8s1_cup_seed2_ckpt500000,DONE,,,axis1,ax1fw_cup_apt4
adapt_ax1fw8s0_cup_seed2_ckpt500000,adapt,dmc_cup_catch,frozen_readout,2,1.25e5,/workspace/dreamerv3_runs/ax1wm_cup_fw8s0_seed2/ckpt/20260716T043609F757893-000000500000,/workspace/dreamerv3_runs/adapt_ax1fw8s0_cup_seed2_ckpt500000,DONE,,,axis1,ax1fw_cup_apt4
ax1wm_cup_fw10s1_seed1,offline_fit,dmc_cup_catch,static,1,500000,/workspace/dreamerv3_runs/axis1_cup/within/random1/side1,/workspace/dreamerv3_runs/ax1wm_cup_fw10s1_seed1,DONE,,,axis1,ax1fw_cup_random1
ax1wm_cup_fw10s1_seed2,offline_fit,dmc_cup_catch,static,2,500000,/workspace/dreamerv3_runs/axis1_cup/within/random1/side1,/workspace/dreamerv3_runs/ax1wm_cup_fw10s1_seed2,DONE,,,axis1,ax1fw_cup_random1
ax1wm_cup_fw10s0_seed2,offline_fit,dmc_cup_catch,static,2,500000,/workspace/dreamerv3_runs/axis1_cup/within/random1/side0,/workspace/dreamerv3_runs/ax1wm_cup_fw10s0_seed2,DONE,,,axis1,ax1fw_cup_random1
adapt_ax1fw8s0_cup_seed1_ckpt500000,adapt,dmc_cup_catch,frozen_readout,1,1.25e5,/workspace/dreamerv3_runs/ax1wm_cup_fw8s0_seed1/ckpt/20260716T051855F434813-000000500000,/workspace/dreamerv3_runs/adapt_ax1fw8s0_cup_seed1_ckpt500000,DONE,,,axis1,ax1fw_cup_apt4
ax1wm_cup_fw10s0_seed1,offline_fit,dmc_cup_catch,static,1,500000,/workspace/dreamerv3_runs/axis1_cup/within/random1/side0,/workspace/dreamerv3_runs/ax1wm_cup_fw10s0_seed1,DONE,,,axis1,ax1fw_cup_random1
adapt_ax1fw10s1_cup_seed1_ckpt500000,adapt,dmc_cup_catch,frozen_readout,1,1.25e5,/workspace/dreamerv3_runs/ax1wm_cup_fw10s1_seed1/ckpt/20260716T092247F648245-000000500000,/workspace/dreamerv3_runs/adapt_ax1fw10s1_cup_seed1_ckpt500000,DONE,,,axis1,ax1fw_cup_random1
adapt_ax1fw10s1_cup_seed2_ckpt500000,adapt,dmc_cup_catch,frozen_readout,2,1.25e5,/workspace/dreamerv3_runs/ax1wm_cup_fw10s1_seed2/ckpt/20260716T093055F294643-000000500000,/workspace/dreamerv3_runs/adapt_ax1fw10s1_cup_seed2_ckpt500000,DONE,,,axis1,ax1fw_cup_random1
adapt_ax1fw10s0_cup_seed2_ckpt500000,adapt,dmc_cup_catch,frozen_readout,2,1.25e5,/workspace/dreamerv3_runs/ax1wm_cup_fw10s0_seed2/ckpt/20260716T094450F870331-000000500000,/workspace/dreamerv3_runs/adapt_ax1fw10s0_cup_seed2_ckpt500000,DONE,,,axis1,ax1fw_cup_random1
ax1wm_cup_fw12s1_seed1,offline_fit,dmc_cup_catch,static,1,500000,/workspace/dreamerv3_runs/axis1_cup/within/random3/side1,/workspace/dreamerv3_runs/ax1wm_cup_fw12s1_seed1,DONE,,,axis1,ax1fw_cup_random3
ax1wm_cup_fw12s1_seed2,offline_fit,dmc_cup_catch,static,2,500000,/workspace/dreamerv3_runs/axis1_cup/within/random3/side1,/workspace/dreamerv3_runs/ax1wm_cup_fw12s1_seed2,DONE,,,axis1,ax1fw_cup_random3
ax1wm_cup_fw12s0_seed2,offline_fit,dmc_cup_catch,static,2,500000,/workspace/dreamerv3_runs/axis1_cup/within/random3/side0,/workspace/dreamerv3_runs/ax1wm_cup_fw12s0_seed2,DONE,,,axis1,ax1fw_cup_random3
adapt_ax1fw10s0_cup_seed1_ckpt500000,adapt,dmc_cup_catch,frozen_readout,1,1.25e5,/workspace/dreamerv3_runs/ax1wm_cup_fw10s0_seed1/ckpt/20260716T103236F373346-000000500000,/workspace/dreamerv3_runs/adapt_ax1fw10s0_cup_seed1_ckpt500000,DONE,,,axis1,ax1fw_cup_random1
ax1wm_cup_fw12s0_seed1,offline_fit,dmc_cup_catch,static,1,500000,/workspace/dreamerv3_runs/axis1_cup/within/random3/side0,/workspace/dreamerv3_runs/ax1wm_cup_fw12s0_seed1,DONE,,,axis1,ax1fw_cup_random3
adapt_ax1fw12s1_cup_seed1_ckpt500000,adapt,dmc_cup_catch,frozen_readout,1,1.25e5,/workspace/dreamerv3_runs/ax1wm_cup_fw12s1_seed1/ckpt/20260716T142858F285920-000000500000,/workspace/dreamerv3_runs/adapt_ax1fw12s1_cup_seed1_ckpt500000,DONE,,,axis1,ax1fw_cup_random3
adapt_ax1fw12s1_cup_seed2_ckpt500000,adapt,dmc_cup_catch,frozen_readout,2,1.25e5,/workspace/dreamerv3_runs/ax1wm_cup_fw12s1_seed2/ckpt/20260716T143750F525494-000000500000,/workspace/dreamerv3_runs/adapt_ax1fw12s1_cup_seed2_ckpt500000,DONE,,,axis1,ax1fw_cup_random3
ax1wm_cup_fw14s1_seed1,offline_fit,dmc_cup_catch,static,1,500000,/workspace/dreamerv3_runs/axis1_cup/within/random5/side1,/workspace/dreamerv3_runs/ax1wm_cup_fw14s1_seed1,DONE,,,axis1,ax1fw_cup_random5
adapt_ax1fw12s0_cup_seed2_ckpt500000,adapt,dmc_cup_catch,frozen_readout,2,1.25e5,/workspace/dreamerv3_runs/ax1wm_cup_fw12s0_seed2/ckpt/20260716T145325F166951-000000500000,/workspace/dreamerv3_runs/adapt_ax1fw12s0_cup_seed2_ckpt500000,DONE,,,axis1,ax1fw_cup_random3
ax1wm_cup_fw14s1_seed2,offline_fit,dmc_cup_catch,static,2,500000,/workspace/dreamerv3_runs/axis1_cup/within/random5/side1,/workspace/dreamerv3_runs/ax1wm_cup_fw14s1_seed2,DONE,,,axis1,ax1fw_cup_random5
ax1wm_cup_fw14s0_seed2,offline_fit,dmc_cup_catch,static,2,500000,/workspace/dreamerv3_runs/axis1_cup/within/random5/side0,/workspace/dreamerv3_runs/ax1wm_cup_fw14s0_seed2,DONE,,,axis1,ax1fw_cup_random5
adapt_ax1fw12s0_cup_seed1_ckpt500000,adapt,dmc_cup_catch,frozen_readout,1,1.25e5,/workspace/dreamerv3_runs/ax1wm_cup_fw12s0_seed1/ckpt/20260716T154613F617393-000000500000,/workspace/dreamerv3_runs/adapt_ax1fw12s0_cup_seed1_ckpt500000,DONE,,,axis1,ax1fw_cup_random3
ax1wm_cup_fw14s0_seed1,offline_fit,dmc_cup_catch,static,1,500000,/workspace/dreamerv3_runs/axis1_cup/within/random5/side0,/workspace/dreamerv3_runs/ax1wm_cup_fw14s0_seed1,RUNNING,,,axis1,ax1fw_cup_random5
adapt_ax1fw14s1_cup_seed1_ckpt500000,adapt,dmc_cup_catch,frozen_readout,1,1.25e5,/workspace/dreamerv3_runs/ax1wm_cup_fw14s1_seed1/ckpt/20260716T193533F612994-000000500000,/workspace/dreamerv3_runs/adapt_ax1fw14s1_cup_seed1_ckpt500000,DONE,,,axis1,ax1fw_cup_random5
adapt_ax1fw14s1_cup_seed2_ckpt500000,adapt,dmc_cup_catch,frozen_readout,2,1.25e5,/workspace/dreamerv3_runs/ax1wm_cup_fw14s1_seed2/ckpt/20260716T194504F934752-000000500000,/workspace/dreamerv3_runs/adapt_ax1fw14s1_cup_seed2_ckpt500000,RUNNING,,,axis1,ax1fw_cup_random5
ax1wm_cup_fq1s1_seed11,offline_fit,dmc_cup_catch,static,11,500000,/workspace/dreamerv3_runs/axis1_cup/q1/side1,/workspace/dreamerv3_runs/ax1wm_cup_fq1s1_seed11,FAILED,,,axis1,ax1f_cup_q1
adapt_ax1fw14s0_cup_seed2_ckpt500000,adapt,dmc_cup_catch,frozen_readout,2,1.25e5,/workspace/dreamerv3_runs/ax1wm_cup_fw14s0_seed2/ckpt/20260716T200210F312172-000000500000,/workspace/dreamerv3_runs/adapt_ax1fw14s0_cup_seed2_ckpt500000,RUNNING,,,axis1,ax1fw_cup_random5
