[Tue Jul 21 06:18:41 CDT 2026] axis1 bundle script starting
[Tue Jul 21 06:18:41 CDT 2026] job=52442239 host=midway3-0279.rcc.local pwd=/home/rickybao/projects/dreamerv3
[Tue Jul 21 06:18:41 CDT 2026] REPO=/home/rickybao/projects/dreamerv3 RUNROOT=/scratch/midway3/rickybao/dreamerv3_runs CONDA_ENV=/scratch/midway3/rickybao/conda_envs/dreamerv3
[Tue Jul 21 06:18:41 CDT 2026] RUN_ID=synth_phasebpp_apt_20260720_220357_004 RUNLIST=/scratch/midway3/rickybao/dreamerv3_runs/_submit_runlists/synth_phasebpp_20260720_220357/apt_bundle_004.tsv
[Tue Jul 21 06:18:41 CDT 2026] env prepared: python=/scratch/midway3/rickybao/conda_envs/dreamerv3/bin/python
python_executable=/scratch/midway3/rickybao/conda_envs/dreamerv3/bin/python
[Tue Jul 21 06:18:41 CDT 2026] axis1 bundle RUN_ID=synth_phasebpp_apt_20260720_220357_004 RUNLIST=/scratch/midway3/rickybao/dreamerv3_runs/_submit_runlists/synth_phasebpp_20260720_220357/apt_bundle_004.tsv
[Tue Jul 21 06:18:41 CDT 2026] bundle contents:
  adapt_ax1rbf1q1s1_synth_seed104_ckpt500000	ax1wm_synth_fq1s1_seed1	synth_reach	104	/scratch/midway3/rickybao/dreamerv3_runs/axis1_synth/q1/side1	500000	1.25e5	axis1	ax1rbf_synth_q1
  adapt_ax1rbf1q1s1_synth_seed105_ckpt500000	ax1wm_synth_fq1s1_seed1	synth_reach	105	/scratch/midway3/rickybao/dreamerv3_runs/axis1_synth/q1/side1	500000	1.25e5	axis1	ax1rbf_synth_q1
  adapt_ax1rbf1q1s1_synth_seed106_ckpt500000	ax1wm_synth_fq1s1_seed1	synth_reach	106	/scratch/midway3/rickybao/dreamerv3_runs/axis1_synth/q1/side1	500000	1.25e5	axis1	ax1rbf_synth_q1
  adapt_ax1rbf2q1s1_synth_seed104_ckpt500000	ax1wm_synth_fq1s1_seed2	synth_reach	104	/scratch/midway3/rickybao/dreamerv3_runs/axis1_synth/q1/side1	500000	1.25e5	axis1	ax1rbf_synth_q1
  adapt_ax1rbf2q1s1_synth_seed105_ckpt500000	ax1wm_synth_fq1s1_seed2	synth_reach	105	/scratch/midway3/rickybao/dreamerv3_runs/axis1_synth/q1/side1	500000	1.25e5	axis1	ax1rbf_synth_q1
  adapt_ax1rbf2q1s1_synth_seed106_ckpt500000	ax1wm_synth_fq1s1_seed2	synth_reach	106	/scratch/midway3/rickybao/dreamerv3_runs/axis1_synth/q1/side1	500000	1.25e5	axis1	ax1rbf_synth_q1
  adapt_ax1rbf3q1s1_synth_seed104_ckpt500000	ax1wm_synth_fq1s1_seed3	synth_reach	104	/scratch/midway3/rickybao/dreamerv3_runs/axis1_synth/q1/side1	500000	1.25e5	axis1	ax1rbf_synth_q1
  adapt_ax1rbf3q1s1_synth_seed105_ckpt500000	ax1wm_synth_fq1s1_seed3	synth_reach	105	/scratch/midway3/rickybao/dreamerv3_runs/axis1_synth/q1/side1	500000	1.25e5	axis1	ax1rbf_synth_q1
[Tue Jul 21 06:18:41 CDT 2026] START child adapt_ax1rbf1q1s1_synth_seed104_ckpt500000 WM_RUN=ax1wm_synth_fq1s1_seed1
[Tue Jul 21 06:18:41 CDT 2026] axis1 child starting RUN_ID=adapt_ax1rbf1q1s1_synth_seed104_ckpt500000 WM_RUN=ax1wm_synth_fq1s1_seed1 job=52442239 host=midway3-0279.rcc.local
[Tue Jul 21 06:18:41 CDT 2026] env prepared: python=/scratch/midway3/rickybao/conda_envs/dreamerv3/bin/python
python_executable=/scratch/midway3/rickybao/conda_envs/dreamerv3/bin/python
[Tue Jul 21 06:18:41 CDT 2026] offline WM already fit: /scratch/midway3/rickybao/dreamerv3_runs/ax1wm_synth_fq1s1_seed1/ckpt/20260718T125457F777793-000000500000 (skipping stage 1)
[Tue Jul 21 06:18:41 CDT 2026] adapt RUN_ID=adapt_ax1rbf1q1s1_synth_seed104_ckpt500000 TASK=synth_reach SEED=104 CKPT=/scratch/midway3/rickybao/dreamerv3_runs/ax1wm_synth_fq1s1_seed1/ckpt/20260718T125457F777793-000000500000 STEPS=1.25e5
---  ___                           __   ______ ---
--- |   \ _ _ ___ __ _ _ __  ___ _ \ \ / /__ / ---
--- | |) | '_/ -_) _` | '  \/ -_) '/\ V / |_ \ ---
--- |___/|_| \___\__,_|_|_|_\___|_|  \_/ |___/ ---
Replica: 0 / 1
Logdir: /scratch/midway3/rickybao/dreamerv3_runs/adapt_ax1rbf1q1s1_synth_seed104_ckpt500000
Run script: train
Observations
  position         Space(float32, shape=(2,), low=-inf, high=inf)
  velocity         Space(float32, shape=(2,), low=-inf, high=inf)
  distractor       Space(float32, shape=(8,), low=-inf, high=inf)
  to_target        Space(float32, shape=(2,), low=-inf, high=inf)
  reward           Space(float32, shape=(), low=-inf, high=inf)
  is_first         Space(bool, shape=(), low=False, high=True)
  is_last          Space(bool, shape=(), low=False, high=True)
  is_terminal      Space(bool, shape=(), low=False, high=True)
Actions
  action           Space(float32, shape=(2,), low=-1.0, high=1.0)
Extras
  consec           Space(int32, shape=(), low=-2147483648, high=2147483647)
  stepid           Space(uint8, shape=(20,), low=0, high=255)
  dyn/deter        Space(float32, shape=(512,), low=-inf, high=inf)
  dyn/stoch        Space(float32, shape=(32, 4), low=-inf, high=inf)
JAX devices (1): [cuda:0]
Policy devices: cuda:0
Train devices:  cuda:0
Initializing parameters...
Optimizer opt has 214,723 params:
        66,111 val
        57,663 rew
        49,796 pol
        41,153 con
Done initializing!
Compiling 1 checkpoint groups...
Largest checkpoint group: 0 GB
Compiling train and report...
Train cost analysis:
  FLOPS:            7.2e+09
  Memory (temp):    2.0e+08
  Memory (inputs):  7.3e+06
  Memory (outputs): 5.9e+06
  Memory (code):    1.5e+06

Report cost analysis:
  FLOPS:            1.8e+06
  Memory (temp):    9.2e+05
  Memory (inputs):  2.7e+06
  Memory (outputs): 2.1e+04
  Memory (code):    9.8e+04

Done compiling!
Loaded pretrained checkpoint with keys: ['dec/mlp/linear0/bias', 'dec/mlp/linear0/kernel', 'dec/mlp/linear1/bias', 'dec/mlp/linear1/kernel', 'dec/mlp/linear2/bias', 'dec/mlp/linear2/kernel', 'dec/mlp/norm0/scale', 'dec/mlp/norm1/scale', 'dec/mlp/norm2/scale', 'dec/vec/distractor/pred/bias', 'dec/vec/distractor/pred/kernel', 'dec/vec/position/pred/bias', 'dec/vec/position/pred/kernel', 'dec/vec/to_target/pred/bias', 'dec/vec/to_target/pred/kernel', 'dec/vec/velocity/pred/bias', 'dec/vec/velocity/pred/kernel', 'dyn/dyngru/bias', 'dyn/dyngru/kernel', 'dyn/dynhid0/bias', 'dyn/dynhid0/kernel', 'dyn/dynhid0norm/scale', 'dyn/dynin0/bias', 'dyn/dynin0/kernel', 'dyn/dynin0norm/scale', 'dyn/dynin1/bias', 'dyn/dynin1/kernel', 'dyn/dynin1norm/scale', 'dyn/dynin2/bias', 'dyn/dynin2/kernel', 'dyn/dynin2norm/scale', 'dyn/obs0/bias', 'dyn/obs0/kernel', 'dyn/obs0norm/scale', 'dyn/obslogit/bias', 'dyn/obslogit/kernel', 'dyn/prior0/bias', 'dyn/prior0/kernel', 'dyn/prior0norm/scale', 'dyn/prior1/bias', 'dyn/prior1/kernel', 'dyn/prior1norm/scale', 'dyn/priorlogit/bias', 'dyn/priorlogit/kernel', 'enc/mlp0/bias', 'enc/mlp0/kernel', 'enc/mlp0norm/scale', 'enc/mlp1/bias', 'enc/mlp1/kernel', 'enc/mlp1norm/scale', 'enc/mlp2/bias', 'enc/mlp2/kernel', 'enc/mlp2norm/scale']
Did not find any checkpoint.
Saving checkpoint: /scratch/midway3/rickybao/dreamerv3_runs/adapt_ax1rbf1q1s1_synth_seed104_ckpt500000/ckpt/20260721T061906F640354
Saved checkpoint.
Start training loop

--------------------[Agent Step 6_864]--------------------
Metrics filtered by: 'score|length|fps|ratio|train/loss/|train/rand/'
train/loss/con 0.06 / train/loss/distractor 1.16 / train/loss/dyn 11.62 / train/loss/policy -7.4e-4 / train/loss/position 0.24 / train/loss/rep 11.62 / train/loss/repval 1.97 / train/loss/rew 1.03 / train/loss/to_target 0.15 / train/loss/value 0.99 / train/loss/velocity 6.5e-3 / replay/replay_ratio 858 / fps/policy 56.36 / fps/train 4.1e4

Writing metrics: /scratch/midway3/rickybao/dreamerv3_runs/adapt_ax1rbf1q1s1_synth_seed104_ckpt500000/metrics.jsonlWriting metrics: /scratch/midway3/rickybao/dreamerv3_runs/adapt_ax1rbf1q1s1_synth_seed104_ckpt500000/scores.jsonl


--------------------[Agent Step 11_712]--------------------
Metrics filtered by: 'score|length|fps|ratio|train/loss/|train/rand/'
train/loss/con 0.02 / train/loss/distractor 1.17 / train/loss/dyn 11.3 / train/loss/policy -8.3e-4 / train/loss/position 0.2 / train/loss/rep 11.3 / train/loss/repval 2.1e-3 / train/loss/rew 2.1e-3 / train/loss/to_target 0.13 / train/loss/value 2e-3 / train/loss/velocity 6.4e-3 / replay/replay_ratio 1040 / fps/policy 40.4 / fps/train 4.1e4

Writing metrics: /scratch/midway3/rickybao/dreamerv3_runs/adapt_ax1rbf1q1s1_synth_seed104_ckpt500000/metrics.jsonlWriting metrics: /scratch/midway3/rickybao/dreamerv3_runs/adapt_ax1rbf1q1s1_synth_seed104_ckpt500000/scores.jsonl


--------------------[Agent Step 16_560]--------------------
Metrics filtered by: 'score|length|fps|ratio|train/loss/|train/rand/'
episode/score 0 / episode/length 1001 / train/loss/con 0.02 / train/loss/distractor 1.16 / train/loss/dyn 11.38 / train/loss/policy 2.4e-3 / train/loss/position 0.21 / train/loss/rep 11.38 / train/loss/repval 1.28 / train/loss/rew 0.01 / train/loss/to_target 0.16 / train/loss/value 1.22 / train/loss/velocity 0.03 / replay/replay_ratio 1040 / fps/policy 40.39 / fps/train 4.1e4

Writing metrics: /scratch/midway3/rickybao/dreamerv3_runs/adapt_ax1rbf1q1s1_synth_seed104_ckpt500000/metrics.jsonlWriting metrics: /scratch/midway3/rickybao/dreamerv3_runs/adapt_ax1rbf1q1s1_synth_seed104_ckpt500000/scores.jsonl


--------------------[Agent Step 21_408]--------------------
Metrics filtered by: 'score|length|fps|ratio|train/loss/|train/rand/'
train/loss/con 0.02 / train/loss/distractor 1.07 / train/loss/dyn 11.89 / train/loss/policy -5.8e-3 / train/loss/position 0.28 / train/loss/rep 11.89 / train/loss/repval 1.2 / train/loss/rew 4.2e-3 / train/loss/to_target 0.28 / train/loss/value 1.02 / train/loss/velocity 0.11 / replay/replay_ratio 1040 / fps/policy 40.39 / fps/train 4.1e4

Writing metrics: /scratch/midway3/rickybao/dreamerv3_runs/adapt_ax1rbf1q1s1_synth_seed104_ckpt500000/metrics.jsonlWriting metrics: /scratch/midway3/rickybao/dreamerv3_runs/adapt_ax1rbf1q1s1_synth_seed104_ckpt500000/scores.jsonl


--------------------[Agent Step 26_256]--------------------
Metrics filtered by: 'score|length|fps|ratio|train/loss/|train/rand/'
train/loss/con 0.02 / train/loss/distractor 1.01 / train/loss/dyn 12.37 / train/loss/policy -0.01 / train/loss/position 0.33 / train/loss/rep 12.37 / train/loss/repval 1.12 / train/loss/rew 2e-3 / train/loss/to_target 0.37 / train/loss/value 0.98 / train/loss/velocity 0.17 / replay/replay_ratio 1040 / fps/policy 40.39 / fps/train 4.1e4

Writing metrics: /scratch/midway3/rickybao/dreamerv3_runs/adapt_ax1rbf1q1s1_synth_seed104_ckpt500000/metrics.jsonlWriting metrics: /scratch/midway3/rickybao/dreamerv3_runs/adapt_ax1rbf1q1s1_synth_seed104_ckpt500000/scores.jsonl


--------------------[Agent Step 31_120]--------------------
Metrics filtered by: 'score|length|fps|ratio|train/loss/|train/rand/'
train/loss/con 0.02 / train/loss/distractor 0.98 / train/loss/dyn 12.78 / train/loss/policy -0.01 / train/loss/position 0.37 / train/loss/rep 12.78 / train/loss/repval 1.38 / train/loss/rew 1.4e-3 / train/loss/to_target 0.43 / train/loss/value 1.3 / train/loss/velocity 0.22 / replay/replay_ratio 1040 / fps/policy 40.41 / fps/train 4.1e4

Writing metrics: /scratch/midway3/rickybao/dreamerv3_runs/adapt_ax1rbf1q1s1_synth_seed104_ckpt500000/metrics.jsonlWriting metrics: /scratch/midway3/rickybao/dreamerv3_runs/adapt_ax1rbf1q1s1_synth_seed104_ckpt500000/scores.jsonl


--------------------[Agent Step 35_984]--------------------
Metrics filtered by: 'score|length|fps|ratio|train/loss/|train/rand/'
episode/score 0 / episode/length 1001 / train/loss/con 0.02 / train/loss/distractor 0.95 / train/loss/dyn 12.92 / train/loss/policy -7e-3 / train/loss/position 0.4 / train/loss/rep 12.92 / train/loss/repval 1.37 / train/loss/rew 2.1e-3 / train/loss/to_target 0.47 / train/loss/value 1.29 / train/loss/velocity 0.24 / replay/replay_ratio 1040 / fps/policy 40.41 / fps/train 4.1e4

Writing metrics: /scratch/midway3/rickybao/dreamerv3_runs/adapt_ax1rbf1q1s1_synth_seed104_ckpt500000/scores.jsonl
Writing metrics: /scratch/midway3/rickybao/dreamerv3_runs/adapt_ax1rbf1q1s1_synth_seed104_ckpt500000/metrics.jsonl
Saving checkpoint: /scratch/midway3/rickybao/dreamerv3_runs/adapt_ax1rbf1q1s1_synth_seed104_ckpt500000/ckpt/20260721T063408F064572
Saved checkpoint.

--------------------[Agent Step 40_784]--------------------
Metrics filtered by: 'score|length|fps|ratio|train/loss/|train/rand/'
train/loss/con 0.02 / train/loss/distractor 0.94 / train/loss/dyn 13.04 / train/loss/policy -6.8e-3 / train/loss/position 0.41 / train/loss/rep 13.04 / train/loss/repval 1.38 / train/loss/rew 1.6e-3 / train/loss/to_target 0.5 / train/loss/value 1.26 / train/loss/velocity 0.26 / replay/replay_ratio 1040 / fps/policy 39.93 / fps/train 4.1e4

Writing metrics: /scratch/midway3/rickybao/dreamerv3_runs/adapt_ax1rbf1q1s1_synth_seed104_ckpt500000/scores.jsonlWriting metrics: /scratch/midway3/rickybao/dreamerv3_runs/adapt_ax1rbf1q1s1_synth_seed104_ckpt500000/metrics.jsonl


--------------------[Agent Step 45_632]--------------------
Metrics filtered by: 'score|length|fps|ratio|train/loss/|train/rand/'
train/loss/con 0.02 / train/loss/distractor 0.92 / train/loss/dyn 13.12 / train/loss/policy -9.3e-3 / train/loss/position 0.43 / train/loss/rep 13.12 / train/loss/repval 1.28 / train/loss/rew 1.2e-3 / train/loss/to_target 0.53 / train/loss/value 1.16 / train/loss/velocity 0.28 / replay/replay_ratio 1040 / fps/policy 40.39 / fps/train 4.1e4

Writing metrics: /scratch/midway3/rickybao/dreamerv3_runs/adapt_ax1rbf1q1s1_synth_seed104_ckpt500000/metrics.jsonlWriting metrics: /scratch/midway3/rickybao/dreamerv3_runs/adapt_ax1rbf1q1s1_synth_seed104_ckpt500000/scores.jsonl


--------------------[Agent Step 50_480]--------------------
Metrics filtered by: 'score|length|fps|ratio|train/loss/|train/rand/'
episode/score 0 / episode/length 1001 / train/loss/con 0.02 / train/loss/distractor 0.91 / train/loss/dyn 13.21 / train/loss/policy -6.5e-3 / train/loss/position 0.44 / train/loss/rep 13.21 / train/loss/repval 1.03 / train/loss/rew 1.3e-3 / train/loss/to_target 0.54 / train/loss/value 0.9 / train/loss/velocity 0.29 / replay/replay_ratio 1040 / fps/policy 40.39 / fps/train 4.1e4

Writing metrics: /scratch/midway3/rickybao/dreamerv3_runs/adapt_ax1rbf1q1s1_synth_seed104_ckpt500000/scores.jsonlWriting metrics: /scratch/midway3/rickybao/dreamerv3_runs/adapt_ax1rbf1q1s1_synth_seed104_ckpt500000/metrics.jsonl


--------------------[Agent Step 55_344]--------------------
Metrics filtered by: 'score|length|fps|ratio|train/loss/|train/rand/'
train/loss/con 0.02 / train/loss/distractor 0.9 / train/loss/dyn 13.22 / train/loss/policy -7e-3 / train/loss/position 0.45 / train/loss/rep 13.22 / train/loss/repval 0.7 / train/loss/rew 1.2e-3 / train/loss/to_target 0.56 / train/loss/value 0.62 / train/loss/velocity 0.3 / replay/replay_ratio 1040 / fps/policy 40.4 / fps/train 4.1e4

Writing metrics: /scratch/midway3/rickybao/dreamerv3_runs/adapt_ax1rbf1q1s1_synth_seed104_ckpt500000/scores.jsonl
Writing metrics: /scratch/midway3/rickybao/dreamerv3_runs/adapt_ax1rbf1q1s1_synth_seed104_ckpt500000/metrics.jsonl

--------------------[Agent Step 60_208]--------------------
Metrics filtered by: 'score|length|fps|ratio|train/loss/|train/rand/'
train/loss/con 0.02 / train/loss/distractor 0.89 / train/loss/dyn 13.28 / train/loss/policy -5.8e-3 / train/loss/position 0.46 / train/loss/rep 13.28 / train/loss/repval 0.55 / train/loss/rew 9.7e-4 / train/loss/to_target 0.57 / train/loss/value 0.47 / train/loss/velocity 0.31 / replay/replay_ratio 1040 / fps/policy 40.4 / fps/train 4.1e4

Writing metrics: /scratch/midway3/rickybao/dreamerv3_runs/adapt_ax1rbf1q1s1_synth_seed104_ckpt500000/metrics.jsonl
Writing metrics: /scratch/midway3/rickybao/dreamerv3_runs/adapt_ax1rbf1q1s1_synth_seed104_ckpt500000/scores.jsonl

--------------------[Agent Step 65_056]--------------------
Metrics filtered by: 'score|length|fps|ratio|train/loss/|train/rand/'
episode/score 0 / episode/length 1001 / train/loss/con 0.02 / train/loss/distractor 0.89 / train/loss/dyn 13.34 / train/loss/policy -5.2e-3 / train/loss/position 0.47 / train/loss/rep 13.34 / train/loss/repval 0.41 / train/loss/rew 9.1e-4 / train/loss/to_target 0.59 / train/loss/value 0.35 / train/loss/velocity 0.32 / replay/replay_ratio 1040 / fps/policy 40.39 / fps/train 4.1e4

Writing metrics: /scratch/midway3/rickybao/dreamerv3_runs/adapt_ax1rbf1q1s1_synth_seed104_ckpt500000/metrics.jsonlWriting metrics: /scratch/midway3/rickybao/dreamerv3_runs/adapt_ax1rbf1q1s1_synth_seed104_ckpt500000/scores.jsonl


--------------------[Agent Step 69_904]--------------------
Metrics filtered by: 'score|length|fps|ratio|train/loss/|train/rand/'
train/loss/con 0.02 / train/loss/distractor 0.88 / train/loss/dyn 13.34 / train/loss/policy -4.8e-3 / train/loss/position 0.47 / train/loss/rep 13.34 / train/loss/repval 0.44 / train/loss/rew 1.6e-3 / train/loss/to_target 0.59 / train/loss/value 0.38 / train/loss/velocity 0.32 / replay/replay_ratio 1040 / fps/policy 40.37 / fps/train 4.1e4

Writing metrics: /scratch/midway3/rickybao/dreamerv3_runs/adapt_ax1rbf1q1s1_synth_seed104_ckpt500000/metrics.jsonl
Writing metrics: /scratch/midway3/rickybao/dreamerv3_runs/adapt_ax1rbf1q1s1_synth_seed104_ckpt500000/scores.jsonl
Saving checkpoint: /scratch/midway3/rickybao/dreamerv3_runs/adapt_ax1rbf1q1s1_synth_seed104_ckpt500000/ckpt/20260721T064908F210037
Saved checkpoint.

--------------------[Agent Step 74_720]--------------------
Metrics filtered by: 'score|length|fps|ratio|train/loss/|train/rand/'
train/loss/con 0.02 / train/loss/distractor 0.88 / train/loss/dyn 13.38 / train/loss/policy -5e-3 / train/loss/position 0.47 / train/loss/rep 13.38 / train/loss/repval 0.37 / train/loss/rew 1.2e-3 / train/loss/to_target 0.6 / train/loss/value 0.31 / train/loss/velocity 0.33 / replay/replay_ratio 1040 / fps/policy 39.99 / fps/train 4.1e4

Writing metrics: /scratch/midway3/rickybao/dreamerv3_runs/adapt_ax1rbf1q1s1_synth_seed104_ckpt500000/metrics.jsonl
Writing metrics: /scratch/midway3/rickybao/dreamerv3_runs/adapt_ax1rbf1q1s1_synth_seed104_ckpt500000/scores.jsonl

--------------------[Agent Step 79_568]--------------------
Metrics filtered by: 'score|length|fps|ratio|train/loss/|train/rand/'
train/loss/con 0.02 / train/loss/distractor 0.87 / train/loss/dyn 13.41 / train/loss/policy -3.8e-3 / train/loss/position 0.48 / train/loss/rep 13.41 / train/loss/repval 0.33 / train/loss/rew 9.5e-4 / train/loss/to_target 0.61 / train/loss/value 0.28 / train/loss/velocity 0.33 / replay/replay_ratio 1040 / fps/policy 40.39 / fps/train 4.1e4

Writing metrics: /scratch/midway3/rickybao/dreamerv3_runs/adapt_ax1rbf1q1s1_synth_seed104_ckpt500000/metrics.jsonlWriting metrics: /scratch/midway3/rickybao/dreamerv3_runs/adapt_ax1rbf1q1s1_synth_seed104_ckpt500000/scores.jsonl


--------------------[Agent Step 84_432]--------------------
Metrics filtered by: 'score|length|fps|ratio|train/loss/|train/rand/'
episode/score 0 / episode/length 1001 / train/loss/con 0.02 / train/loss/distractor 0.87 / train/loss/dyn 13.42 / train/loss/policy -3.9e-3 / train/loss/position 0.48 / train/loss/rep 13.42 / train/loss/repval 0.35 / train/loss/rew 1.7e-3 / train/loss/to_target 0.61 / train/loss/value 0.3 / train/loss/velocity 0.34 / replay/replay_ratio 1040 / fps/policy 40.4 / fps/train 4.1e4

Writing metrics: /scratch/midway3/rickybao/dreamerv3_runs/adapt_ax1rbf1q1s1_synth_seed104_ckpt500000/scores.jsonlWriting metrics: /scratch/midway3/rickybao/dreamerv3_runs/adapt_ax1rbf1q1s1_synth_seed104_ckpt500000/metrics.jsonl


--------------------[Agent Step 89_280]--------------------
Metrics filtered by: 'score|length|fps|ratio|train/loss/|train/rand/'
train/loss/con 0.02 / train/loss/distractor 0.86 / train/loss/dyn 13.45 / train/loss/policy -4.3e-3 / train/loss/position 0.49 / train/loss/rep 13.45 / train/loss/repval 0.6 / train/loss/rew 1.3e-3 / train/loss/to_target 0.62 / train/loss/value 0.51 / train/loss/velocity 0.34 / replay/replay_ratio 1040 / fps/policy 40.39 / fps/train 4.1e4

Writing metrics: /scratch/midway3/rickybao/dreamerv3_runs/adapt_ax1rbf1q1s1_synth_seed104_ckpt500000/scores.jsonlWriting metrics: /scratch/midway3/rickybao/dreamerv3_runs/adapt_ax1rbf1q1s1_synth_seed104_ckpt500000/metrics.jsonl


--------------------[Agent Step 94_128]--------------------
Metrics filtered by: 'score|length|fps|ratio|train/loss/|train/rand/'
train/loss/con 0.02 / train/loss/distractor 0.86 / train/loss/dyn 13.45 / train/loss/policy -4.4e-3 / train/loss/position 0.49 / train/loss/rep 13.45 / train/loss/repval 0.36 / train/loss/rew 1e-3 / train/loss/to_target 0.62 / train/loss/value 0.31 / train/loss/velocity 0.34 / replay/replay_ratio 1040 / fps/policy 40.37 / fps/train 4.1e4

Writing metrics: /scratch/midway3/rickybao/dreamerv3_runs/adapt_ax1rbf1q1s1_synth_seed104_ckpt500000/scores.jsonl
Writing metrics: /scratch/midway3/rickybao/dreamerv3_runs/adapt_ax1rbf1q1s1_synth_seed104_ckpt500000/metrics.jsonl

--------------------[Agent Step 98_976]--------------------
Metrics filtered by: 'score|length|fps|ratio|train/loss/|train/rand/'
episode/score 6 / episode/length 1001 / train/loss/con 0.02 / train/loss/distractor 0.86 / train/loss/dyn 13.49 / train/loss/policy -4.5e-3 / train/loss/position 0.49 / train/loss/rep 13.49 / train/loss/repval 0.31 / train/loss/rew 9.8e-4 / train/loss/to_target 0.63 / train/loss/value 0.26 / train/loss/velocity 0.35 / replay/replay_ratio 1040 / fps/policy 40.38 / fps/train 4.1e4

Writing metrics: /scratch/midway3/rickybao/dreamerv3_runs/adapt_ax1rbf1q1s1_synth_seed104_ckpt500000/scores.jsonlWriting metrics: /scratch/midway3/rickybao/dreamerv3_runs/adapt_ax1rbf1q1s1_synth_seed104_ckpt500000/metrics.jsonl


--------------------[Agent Step 103_840]--------------------
Metrics filtered by: 'score|length|fps|ratio|train/loss/|train/rand/'
train/loss/con 0.02 / train/loss/distractor 0.86 / train/loss/dyn 13.51 / train/loss/policy -4.2e-3 / train/loss/position 0.49 / train/loss/rep 13.51 / train/loss/repval 0.27 / train/loss/rew 8.9e-4 / train/loss/to_target 0.63 / train/loss/value 0.22 / train/loss/velocity 0.35 / replay/replay_ratio 1040 / fps/policy 40.4 / fps/train 4.1e4

Writing metrics: /scratch/midway3/rickybao/dreamerv3_runs/adapt_ax1rbf1q1s1_synth_seed104_ckpt500000/scores.jsonl
Writing metrics: /scratch/midway3/rickybao/dreamerv3_runs/adapt_ax1rbf1q1s1_synth_seed104_ckpt500000/metrics.jsonl

--------------------[Agent Step 108_688]--------------------
Metrics filtered by: 'score|length|fps|ratio|train/loss/|train/rand/'
train/loss/con 0.02 / train/loss/distractor 0.86 / train/loss/dyn 13.51 / train/loss/policy -3.8e-3 / train/loss/position 0.49 / train/loss/rep 13.51 / train/loss/repval 0.35 / train/loss/rew 8.1e-4 / train/loss/to_target 0.63 / train/loss/value 0.31 / train/loss/velocity 0.35 / replay/replay_ratio 1040 / fps/policy 40.33 / fps/train 4.1e4

Writing metrics: /scratch/midway3/rickybao/dreamerv3_runs/adapt_ax1rbf1q1s1_synth_seed104_ckpt500000/metrics.jsonl
Writing metrics: /scratch/midway3/rickybao/dreamerv3_runs/adapt_ax1rbf1q1s1_synth_seed104_ckpt500000/scores.jsonl
Saving checkpoint: /scratch/midway3/rickybao/dreamerv3_runs/adapt_ax1rbf1q1s1_synth_seed104_ckpt500000/ckpt/20260721T070408F340240
Saved checkpoint.

--------------------[Agent Step 113_488]--------------------
Metrics filtered by: 'score|length|fps|ratio|train/loss/|train/rand/'
episode/score 0 / episode/length 1001 / train/loss/con 0.02 / train/loss/distractor 0.86 / train/loss/dyn 13.52 / train/loss/policy -3.7e-3 / train/loss/position 0.5 / train/loss/rep 13.52 / train/loss/repval 0.29 / train/loss/rew 7.9e-4 / train/loss/to_target 0.63 / train/loss/value 0.25 / train/loss/velocity 0.35 / replay/replay_ratio 1040 / fps/policy 39.91 / fps/train 4.1e4

Writing metrics: /scratch/midway3/rickybao/dreamerv3_runs/adapt_ax1rbf1q1s1_synth_seed104_ckpt500000/scores.jsonlWriting metrics: /scratch/midway3/rickybao/dreamerv3_runs/adapt_ax1rbf1q1s1_synth_seed104_ckpt500000/metrics.jsonl


--------------------[Agent Step 118_336]--------------------
Metrics filtered by: 'score|length|fps|ratio|train/loss/|train/rand/'
train/loss/con 0.02 / train/loss/distractor 0.85 / train/loss/dyn 13.51 / train/loss/policy -4e-3 / train/loss/position 0.5 / train/loss/rep 13.51 / train/loss/repval 0.26 / train/loss/rew 8.7e-4 / train/loss/to_target 0.64 / train/loss/value 0.22 / train/loss/velocity 0.35 / replay/replay_ratio 1040 / fps/policy 40.39 / fps/train 4.1e4

Writing metrics: /scratch/midway3/rickybao/dreamerv3_runs/adapt_ax1rbf1q1s1_synth_seed104_ckpt500000/scores.jsonlWriting metrics: /scratch/midway3/rickybao/dreamerv3_runs/adapt_ax1rbf1q1s1_synth_seed104_ckpt500000/metrics.jsonl


--------------------[Agent Step 123_184]--------------------
Metrics filtered by: 'score|length|fps|ratio|train/loss/|train/rand/'
train/loss/con 0.02 / train/loss/distractor 0.85 / train/loss/dyn 13.58 / train/loss/policy -3.6e-3 / train/loss/position 0.5 / train/loss/rep 13.58 / train/loss/repval 0.27 / train/loss/rew 6.9e-4 / train/loss/to_target 0.64 / train/loss/value 0.24 / train/loss/velocity 0.36 / replay/replay_ratio 1040 / fps/policy 40.39 / fps/train 4.1e4

Writing metrics: /scratch/midway3/rickybao/dreamerv3_runs/adapt_ax1rbf1q1s1_synth_seed104_ckpt500000/scores.jsonlWriting metrics: /scratch/midway3/rickybao/dreamerv3_runs/adapt_ax1rbf1q1s1_synth_seed104_ckpt500000/metrics.jsonl

[Tue Jul 21 07:09:57 CDT 2026] adapt adapt_ax1rbf1q1s1_synth_seed104_ckpt500000 rc=0 status=DONE
[Tue Jul 21 07:09:57 CDT 2026] DONE child adapt_ax1rbf1q1s1_synth_seed104_ckpt500000
[Tue Jul 21 07:09:57 CDT 2026] START child adapt_ax1rbf1q1s1_synth_seed105_ckpt500000 WM_RUN=ax1wm_synth_fq1s1_seed1
[Tue Jul 21 07:09:57 CDT 2026] axis1 child starting RUN_ID=adapt_ax1rbf1q1s1_synth_seed105_ckpt500000 WM_RUN=ax1wm_synth_fq1s1_seed1 job=52442239 host=midway3-0279.rcc.local
[Tue Jul 21 07:09:57 CDT 2026] env prepared: python=/scratch/midway3/rickybao/conda_envs/dreamerv3/bin/python
python_executable=/scratch/midway3/rickybao/conda_envs/dreamerv3/bin/python
[Tue Jul 21 07:09:57 CDT 2026] offline WM already fit: /scratch/midway3/rickybao/dreamerv3_runs/ax1wm_synth_fq1s1_seed1/ckpt/20260718T125457F777793-000000500000 (skipping stage 1)
[Tue Jul 21 07:09:57 CDT 2026] adapt RUN_ID=adapt_ax1rbf1q1s1_synth_seed105_ckpt500000 TASK=synth_reach SEED=105 CKPT=/scratch/midway3/rickybao/dreamerv3_runs/ax1wm_synth_fq1s1_seed1/ckpt/20260718T125457F777793-000000500000 STEPS=1.25e5
---  ___                           __   ______ ---
--- |   \ _ _ ___ __ _ _ __  ___ _ \ \ / /__ / ---
--- | |) | '_/ -_) _` | '  \/ -_) '/\ V / |_ \ ---
--- |___/|_| \___\__,_|_|_|_\___|_|  \_/ |___/ ---
Replica: 0 / 1
Logdir: /scratch/midway3/rickybao/dreamerv3_runs/adapt_ax1rbf1q1s1_synth_seed105_ckpt500000
Run script: train
Observations
  position         Space(float32, shape=(2,), low=-inf, high=inf)
  velocity         Space(float32, shape=(2,), low=-inf, high=inf)
  distractor       Space(float32, shape=(8,), low=-inf, high=inf)
  to_target        Space(float32, shape=(2,), low=-inf, high=inf)
  reward           Space(float32, shape=(), low=-inf, high=inf)
  is_first         Space(bool, shape=(), low=False, high=True)
  is_last          Space(bool, shape=(), low=False, high=True)
  is_terminal      Space(bool, shape=(), low=False, high=True)
Actions
  action           Space(float32, shape=(2,), low=-1.0, high=1.0)
Extras
  consec           Space(int32, shape=(), low=-2147483648, high=2147483647)
  stepid           Space(uint8, shape=(20,), low=0, high=255)
  dyn/deter        Space(float32, shape=(512,), low=-inf, high=inf)
  dyn/stoch        Space(float32, shape=(32, 4), low=-inf, high=inf)
JAX devices (1): [cuda:0]
Policy devices: cuda:0
Train devices:  cuda:0
Initializing parameters...
Optimizer opt has 214,723 params:
        66,111 val
        57,663 rew
        49,796 pol
        41,153 con
Done initializing!
Compiling 1 checkpoint groups...
Largest checkpoint group: 0 GB
Compiling train and report...
Train cost analysis:
  FLOPS:            7.2e+09
  Memory (temp):    2.0e+08
  Memory (inputs):  7.3e+06
  Memory (outputs): 5.9e+06
  Memory (code):    1.5e+06

Report cost analysis:
  FLOPS:            1.8e+06
  Memory (temp):    9.2e+05
  Memory (inputs):  2.7e+06
  Memory (outputs): 2.1e+04
  Memory (code):    9.8e+04

Done compiling!
Loaded pretrained checkpoint with keys: ['dec/mlp/linear0/bias', 'dec/mlp/linear0/kernel', 'dec/mlp/linear1/bias', 'dec/mlp/linear1/kernel', 'dec/mlp/linear2/bias', 'dec/mlp/linear2/kernel', 'dec/mlp/norm0/scale', 'dec/mlp/norm1/scale', 'dec/mlp/norm2/scale', 'dec/vec/distractor/pred/bias', 'dec/vec/distractor/pred/kernel', 'dec/vec/position/pred/bias', 'dec/vec/position/pred/kernel', 'dec/vec/to_target/pred/bias', 'dec/vec/to_target/pred/kernel', 'dec/vec/velocity/pred/bias', 'dec/vec/velocity/pred/kernel', 'dyn/dyngru/bias', 'dyn/dyngru/kernel', 'dyn/dynhid0/bias', 'dyn/dynhid0/kernel', 'dyn/dynhid0norm/scale', 'dyn/dynin0/bias', 'dyn/dynin0/kernel', 'dyn/dynin0norm/scale', 'dyn/dynin1/bias', 'dyn/dynin1/kernel', 'dyn/dynin1norm/scale', 'dyn/dynin2/bias', 'dyn/dynin2/kernel', 'dyn/dynin2norm/scale', 'dyn/obs0/bias', 'dyn/obs0/kernel', 'dyn/obs0norm/scale', 'dyn/obslogit/bias', 'dyn/obslogit/kernel', 'dyn/prior0/bias', 'dyn/prior0/kernel', 'dyn/prior0norm/scale', 'dyn/prior1/bias', 'dyn/prior1/kernel', 'dyn/prior1norm/scale', 'dyn/priorlogit/bias', 'dyn/priorlogit/kernel', 'enc/mlp0/bias', 'enc/mlp0/kernel', 'enc/mlp0norm/scale', 'enc/mlp1/bias', 'enc/mlp1/kernel', 'enc/mlp1norm/scale', 'enc/mlp2/bias', 'enc/mlp2/kernel', 'enc/mlp2norm/scale']
Did not find any checkpoint.
Saving checkpoint: /scratch/midway3/rickybao/dreamerv3_runs/adapt_ax1rbf1q1s1_synth_seed105_ckpt500000/ckpt/20260721T071022F347685
Saved checkpoint.
Start training loop

--------------------[Agent Step 6_864]--------------------
Metrics filtered by: 'score|length|fps|ratio|train/loss/|train/rand/'
train/loss/con 0.06 / train/loss/distractor 1.1 / train/loss/dyn 11.97 / train/loss/policy 0.05 / train/loss/position 0.3 / train/loss/rep 11.97 / train/loss/repval 2.89 / train/loss/rew 1.04 / train/loss/to_target 0.25 / train/loss/value 1.72 / train/loss/velocity 0.01 / replay/replay_ratio 858 / fps/policy 56.37 / fps/train 4.1e4

Writing metrics: /scratch/midway3/rickybao/dreamerv3_runs/adapt_ax1rbf1q1s1_synth_seed105_ckpt500000/metrics.jsonl
Writing metrics: /scratch/midway3/rickybao/dreamerv3_runs/adapt_ax1rbf1q1s1_synth_seed105_ckpt500000/scores.jsonl

--------------------[Agent Step 11_712]--------------------
Metrics filtered by: 'score|length|fps|ratio|train/loss/|train/rand/'
train/loss/con 0.02 / train/loss/distractor 1.14 / train/loss/dyn 12.02 / train/loss/policy 0.03 / train/loss/position 0.39 / train/loss/rep 12.02 / train/loss/repval 1.34 / train/loss/rew 0.02 / train/loss/to_target 0.34 / train/loss/value 1.22 / train/loss/velocity 0.04 / replay/replay_ratio 1040 / fps/policy 40.4 / fps/train 4.1e4

Writing metrics: /scratch/midway3/rickybao/dreamerv3_runs/adapt_ax1rbf1q1s1_synth_seed105_ckpt500000/metrics.jsonlWriting metrics: /scratch/midway3/rickybao/dreamerv3_runs/adapt_ax1rbf1q1s1_synth_seed105_ckpt500000/scores.jsonl


--------------------[Agent Step 16_560]--------------------
Metrics filtered by: 'score|length|fps|ratio|train/loss/|train/rand/'
episode/score 11 / episode/length 1001 / train/loss/con 0.02 / train/loss/distractor 1.1 / train/loss/dyn 12.43 / train/loss/policy -0.05 / train/loss/position 0.45 / train/loss/rep 12.43 / train/loss/repval 1.47 / train/loss/rew 0.01 / train/loss/to_target 0.44 / train/loss/value 1.2 / train/loss/velocity 0.14 / replay/replay_ratio 1040 / fps/policy 40.39 / fps/train 4.1e4

Writing metrics: /scratch/midway3/rickybao/dreamerv3_runs/adapt_ax1rbf1q1s1_synth_seed105_ckpt500000/metrics.jsonlWriting metrics: /scratch/midway3/rickybao/dreamerv3_runs/adapt_ax1rbf1q1s1_synth_seed105_ckpt500000/scores.jsonl


--------------------[Agent Step 21_408]--------------------
Metrics filtered by: 'score|length|fps|ratio|train/loss/|train/rand/'
train/loss/con 0.02 / train/loss/distractor 1.15 / train/loss/dyn 12.61 / train/loss/policy -0.05 / train/loss/position 0.45 / train/loss/rep 12.61 / train/loss/repval 1.33 / train/loss/rew 8.3e-3 / train/loss/to_target 0.42 / train/loss/value 1.14 / train/loss/velocity 0.15 / replay/replay_ratio 1040 / fps/policy 40.39 / fps/train 4.1e4

Writing metrics: /scratch/midway3/rickybao/dreamerv3_runs/adapt_ax1rbf1q1s1_synth_seed105_ckpt500000/metrics.jsonlWriting metrics: /scratch/midway3/rickybao/dreamerv3_runs/adapt_ax1rbf1q1s1_synth_seed105_ckpt500000/scores.jsonl


--------------------[Agent Step 26_256]--------------------
Metrics filtered by: 'score|length|fps|ratio|train/loss/|train/rand/'
train/loss/con 0.02 / train/loss/distractor 1.15 / train/loss/dyn 12.67 / train/loss/policy -0.06 / train/loss/position 0.42 / train/loss/rep 12.67 / train/loss/repval 1.33 / train/loss/rew 0.02 / train/loss/to_target 0.39 / train/loss/value 1.08 / train/loss/velocity 0.15 / replay/replay_ratio 1040 / fps/policy 40.39 / fps/train 4.1e4

Writing metrics: /scratch/midway3/rickybao/dreamerv3_runs/adapt_ax1rbf1q1s1_synth_seed105_ckpt500000/metrics.jsonlWriting metrics: /scratch/midway3/rickybao/dreamerv3_runs/adapt_ax1rbf1q1s1_synth_seed105_ckpt500000/scores.jsonl


--------------------[Agent Step 31_120]--------------------
Metrics filtered by: 'score|length|fps|ratio|train/loss/|train/rand/'
train/loss/con 0.02 / train/loss/distractor 1.16 / train/loss/dyn 12.79 / train/loss/policy -0.07 / train/loss/position 0.45 / train/loss/rep 12.79 / train/loss/repval 1.4 / train/loss/rew 0.06 / train/loss/to_target 0.43 / train/loss/value 1.05 / train/loss/velocity 0.14 / replay/replay_ratio 1040 / fps/policy 40.41 / fps/train 4.1e4

Writing metrics: /scratch/midway3/rickybao/dreamerv3_runs/adapt_ax1rbf1q1s1_synth_seed105_ckpt500000/metrics.jsonlWriting metrics: /scratch/midway3/rickybao/dreamerv3_runs/adapt_ax1rbf1q1s1_synth_seed105_ckpt500000/scores.jsonl


--------------------[Agent Step 35_984]--------------------
Metrics filtered by: 'score|length|fps|ratio|train/loss/|train/rand/'
episode/score 72 / episode/length 1001 / train/loss/con 0.02 / train/loss/distractor 1.17 / train/loss/dyn 12.64 / train/loss/policy -0.05 / train/loss/position 0.48 / train/loss/rep 12.64 / train/loss/repval 1.28 / train/loss/rew 0.07 / train/loss/to_target 0.47 / train/loss/value 1.03 / train/loss/velocity 0.12 / replay/replay_ratio 1040 / fps/policy 40.41 / fps/train 4.1e4

Writing metrics: /scratch/midway3/rickybao/dreamerv3_runs/adapt_ax1rbf1q1s1_synth_seed105_ckpt500000/scores.jsonl
Writing metrics: /scratch/midway3/rickybao/dreamerv3_runs/adapt_ax1rbf1q1s1_synth_seed105_ckpt500000/metrics.jsonl
Saving checkpoint: /scratch/midway3/rickybao/dreamerv3_runs/adapt_ax1rbf1q1s1_synth_seed105_ckpt500000/ckpt/20260721T072523F814895
Saved checkpoint.

--------------------[Agent Step 40_784]--------------------
Metrics filtered by: 'score|length|fps|ratio|train/loss/|train/rand/'
train/loss/con 0.02 / train/loss/distractor 1.17 / train/loss/dyn 12.59 / train/loss/policy -0.03 / train/loss/position 0.48 / train/loss/rep 12.59 / train/loss/repval 1.24 / train/loss/rew 0.08 / train/loss/to_target 0.47 / train/loss/value 0.98 / train/loss/velocity 0.11 / replay/replay_ratio 1040 / fps/policy 39.92 / fps/train 4.1e4

Writing metrics: /scratch/midway3/rickybao/dreamerv3_runs/adapt_ax1rbf1q1s1_synth_seed105_ckpt500000/metrics.jsonl
Writing metrics: /scratch/midway3/rickybao/dreamerv3_runs/adapt_ax1rbf1q1s1_synth_seed105_ckpt500000/scores.jsonl

--------------------[Agent Step 45_632]--------------------
Metrics filtered by: 'score|length|fps|ratio|train/loss/|train/rand/'
train/loss/con 0.02 / train/loss/distractor 1.18 / train/loss/dyn 12.64 / train/loss/policy -0.02 / train/loss/position 0.48 / train/loss/rep 12.64 / train/loss/repval 1.22 / train/loss/rew 0.1 / train/loss/to_target 0.49 / train/loss/value 0.99 / train/loss/velocity 0.11 / replay/replay_ratio 1040 / fps/policy 40.39 / fps/train 4.1e4

Writing metrics: /scratch/midway3/rickybao/dreamerv3_runs/adapt_ax1rbf1q1s1_synth_seed105_ckpt500000/scores.jsonlWriting metrics: /scratch/midway3/rickybao/dreamerv3_runs/adapt_ax1rbf1q1s1_synth_seed105_ckpt500000/metrics.jsonl


--------------------[Agent Step 50_480]--------------------
Metrics filtered by: 'score|length|fps|ratio|train/loss/|train/rand/'
episode/score 106 / episode/length 1001 / train/loss/con 0.02 / train/loss/distractor 1.18 / train/loss/dyn 12.68 / train/loss/policy -0.02 / train/loss/position 0.47 / train/loss/rep 12.68 / train/loss/repval 1.17 / train/loss/rew 0.12 / train/loss/to_target 0.49 / train/loss/value 1.03 / train/loss/velocity 0.11 / replay/replay_ratio 1040 / fps/policy 40.38 / fps/train 4.1e4

Writing metrics: /scratch/midway3/rickybao/dreamerv3_runs/adapt_ax1rbf1q1s1_synth_seed105_ckpt500000/scores.jsonlWriting metrics: /scratch/midway3/rickybao/dreamerv3_runs/adapt_ax1rbf1q1s1_synth_seed105_ckpt500000/metrics.jsonl


--------------------[Agent Step 55_344]--------------------
Metrics filtered by: 'score|length|fps|ratio|train/loss/|train/rand/'
train/loss/con 0.02 / train/loss/distractor 1.18 / train/loss/dyn 12.68 / train/loss/policy -0.02 / train/loss/position 0.46 / train/loss/rep 12.68 / train/loss/repval 1.16 / train/loss/rew 0.13 / train/loss/to_target 0.49 / train/loss/value 0.96 / train/loss/velocity 0.1 / replay/replay_ratio 1040 / fps/policy 40.4 / fps/train 4.1e4

Writing metrics: /scratch/midway3/rickybao/dreamerv3_runs/adapt_ax1rbf1q1s1_synth_seed105_ckpt500000/scores.jsonlWriting metrics: /scratch/midway3/rickybao/dreamerv3_runs/adapt_ax1rbf1q1s1_synth_seed105_ckpt500000/metrics.jsonl


--------------------[Agent Step 60_208]--------------------
Metrics filtered by: 'score|length|fps|ratio|train/loss/|train/rand/'
train/loss/con 0.02 / train/loss/distractor 1.18 / train/loss/dyn 12.72 / train/loss/policy -0.02 / train/loss/position 0.45 / train/loss/rep 12.72 / train/loss/repval 1.15 / train/loss/rew 0.13 / train/loss/to_target 0.49 / train/loss/value 1.04 / train/loss/velocity 0.1 / replay/replay_ratio 1040 / fps/policy 40.4 / fps/train 4.1e4

Writing metrics: /scratch/midway3/rickybao/dreamerv3_runs/adapt_ax1rbf1q1s1_synth_seed105_ckpt500000/scores.jsonl
Writing metrics: /scratch/midway3/rickybao/dreamerv3_runs/adapt_ax1rbf1q1s1_synth_seed105_ckpt500000/metrics.jsonl

--------------------[Agent Step 65_056]--------------------
Metrics filtered by: 'score|length|fps|ratio|train/loss/|train/rand/'
episode/score 133 / episode/length 1001 / train/loss/con 0.02 / train/loss/distractor 1.18 / train/loss/dyn 12.76 / train/loss/policy -0.02 / train/loss/position 0.45 / train/loss/rep 12.76 / train/loss/repval 1.14 / train/loss/rew 0.14 / train/loss/to_target 0.5 / train/loss/value 1.07 / train/loss/velocity 0.1 / replay/replay_ratio 1040 / fps/policy 40.39 / fps/train 4.1e4

Writing metrics: /scratch/midway3/rickybao/dreamerv3_runs/adapt_ax1rbf1q1s1_synth_seed105_ckpt500000/scores.jsonl
Writing metrics: /scratch/midway3/rickybao/dreamerv3_runs/adapt_ax1rbf1q1s1_synth_seed105_ckpt500000/metrics.jsonl

--------------------[Agent Step 69_904]--------------------
Metrics filtered by: 'score|length|fps|ratio|train/loss/|train/rand/'
train/loss/con 0.02 / train/loss/distractor 1.18 / train/loss/dyn 12.78 / train/loss/policy -0.02 / train/loss/position 0.44 / train/loss/rep 12.78 / train/loss/repval 1.12 / train/loss/rew 0.14 / train/loss/to_target 0.5 / train/loss/value 0.96 / train/loss/velocity 0.1 / replay/replay_ratio 1040 / fps/policy 40.39 / fps/train 4.1e4

Writing metrics: /scratch/midway3/rickybao/dreamerv3_runs/adapt_ax1rbf1q1s1_synth_seed105_ckpt500000/scores.jsonlWriting metrics: /scratch/midway3/rickybao/dreamerv3_runs/adapt_ax1rbf1q1s1_synth_seed105_ckpt500000/metrics.jsonl

Saving checkpoint: /scratch/midway3/rickybao/dreamerv3_runs/adapt_ax1rbf1q1s1_synth_seed105_ckpt500000/ckpt/20260721T074023F844988
Saved checkpoint.

--------------------[Agent Step 74_704]--------------------
Metrics filtered by: 'score|length|fps|ratio|train/loss/|train/rand/'
train/loss/con 0.02 / train/loss/distractor 1.18 / train/loss/dyn 12.76 / train/loss/policy -0.02 / train/loss/position 0.44 / train/loss/rep 12.76 / train/loss/repval 1.12 / train/loss/rew 0.14 / train/loss/to_target 0.5 / train/loss/value 0.96 / train/loss/velocity 0.1 / replay/replay_ratio 1040 / fps/policy 39.93 / fps/train 4.1e4

Writing metrics: /scratch/midway3/rickybao/dreamerv3_runs/adapt_ax1rbf1q1s1_synth_seed105_ckpt500000/metrics.jsonlWriting metrics: /scratch/midway3/rickybao/dreamerv3_runs/adapt_ax1rbf1q1s1_synth_seed105_ckpt500000/scores.jsonl


--------------------[Agent Step 79_568]--------------------
Metrics filtered by: 'score|length|fps|ratio|train/loss/|train/rand/'
train/loss/con 0.02 / train/loss/distractor 1.18 / train/loss/dyn 12.78 / train/loss/policy -0.02 / train/loss/position 0.43 / train/loss/rep 12.78 / train/loss/repval 1.12 / train/loss/rew 0.15 / train/loss/to_target 0.5 / train/loss/value 1.03 / train/loss/velocity 0.1 / replay/replay_ratio 1040 / fps/policy 40.4 / fps/train 4.1e4

Writing metrics: /scratch/midway3/rickybao/dreamerv3_runs/adapt_ax1rbf1q1s1_synth_seed105_ckpt500000/metrics.jsonlWriting metrics: /scratch/midway3/rickybao/dreamerv3_runs/adapt_ax1rbf1q1s1_synth_seed105_ckpt500000/scores.jsonl


--------------------[Agent Step 84_432]--------------------
Metrics filtered by: 'score|length|fps|ratio|train/loss/|train/rand/'
episode/score 226 / episode/length 1001 / train/loss/con 0.02 / train/loss/distractor 1.17 / train/loss/dyn 12.78 / train/loss/policy -0.02 / train/loss/position 0.43 / train/loss/rep 12.78 / train/loss/repval 1.07 / train/loss/rew 0.16 / train/loss/to_target 0.5 / train/loss/value 0.94 / train/loss/velocity 0.1 / replay/replay_ratio 1040 / fps/policy 40.41 / fps/train 4.1e4

Writing metrics: /scratch/midway3/rickybao/dreamerv3_runs/adapt_ax1rbf1q1s1_synth_seed105_ckpt500000/metrics.jsonlWriting metrics: /scratch/midway3/rickybao/dreamerv3_runs/adapt_ax1rbf1q1s1_synth_seed105_ckpt500000/scores.jsonl


--------------------[Agent Step 89_280]--------------------
Metrics filtered by: 'score|length|fps|ratio|train/loss/|train/rand/'
train/loss/con 0.02 / train/loss/distractor 1.17 / train/loss/dyn 12.79 / train/loss/policy -0.02 / train/loss/position 0.43 / train/loss/rep 12.79 / train/loss/repval 1.07 / train/loss/rew 0.17 / train/loss/to_target 0.5 / train/loss/value 0.92 / train/loss/velocity 0.1 / replay/replay_ratio 1040 / fps/policy 40.39 / fps/train 4.1e4

Writing metrics: /scratch/midway3/rickybao/dreamerv3_runs/adapt_ax1rbf1q1s1_synth_seed105_ckpt500000/metrics.jsonl
Writing metrics: /scratch/midway3/rickybao/dreamerv3_runs/adapt_ax1rbf1q1s1_synth_seed105_ckpt500000/scores.jsonl

--------------------[Agent Step 94_128]--------------------
Metrics filtered by: 'score|length|fps|ratio|train/loss/|train/rand/'
train/loss/con 0.02 / train/loss/distractor 1.17 / train/loss/dyn 12.78 / train/loss/policy -0.01 / train/loss/position 0.43 / train/loss/rep 12.78 / train/loss/repval 1.09 / train/loss/rew 0.17 / train/loss/to_target 0.5 / train/loss/value 0.98 / train/loss/velocity 0.1 / replay/replay_ratio 1040 / fps/policy 40.38 / fps/train 4.1e4

Writing metrics: /scratch/midway3/rickybao/dreamerv3_runs/adapt_ax1rbf1q1s1_synth_seed105_ckpt500000/metrics.jsonlWriting metrics: /scratch/midway3/rickybao/dreamerv3_runs/adapt_ax1rbf1q1s1_synth_seed105_ckpt500000/scores.jsonl


--------------------[Agent Step 98_976]--------------------
Metrics filtered by: 'score|length|fps|ratio|train/loss/|train/rand/'
episode/score 236 / episode/length 1001 / train/loss/con 0.02 / train/loss/distractor 1.17 / train/loss/dyn 12.76 / train/loss/policy -0.02 / train/loss/position 0.43 / train/loss/rep 12.76 / train/loss/repval 1.12 / train/loss/rew 0.18 / train/loss/to_target 0.5 / train/loss/value 1.05 / train/loss/velocity 0.09 / replay/replay_ratio 1040 / fps/policy 40.38 / fps/train 4.1e4

Writing metrics: /scratch/midway3/rickybao/dreamerv3_runs/adapt_ax1rbf1q1s1_synth_seed105_ckpt500000/metrics.jsonl
Writing metrics: /scratch/midway3/rickybao/dreamerv3_runs/adapt_ax1rbf1q1s1_synth_seed105_ckpt500000/scores.jsonl

--------------------[Agent Step 103_840]--------------------
Metrics filtered by: 'score|length|fps|ratio|train/loss/|train/rand/'
train/loss/con 0.02 / train/loss/distractor 1.17 / train/loss/dyn 12.75 / train/loss/policy -0.02 / train/loss/position 0.42 / train/loss/rep 12.75 / train/loss/repval 1.15 / train/loss/rew 0.19 / train/loss/to_target 0.5 / train/loss/value 1.1 / train/loss/velocity 0.09 / replay/replay_ratio 1040 / fps/policy 40.4 / fps/train 4.1e4

Writing metrics: /scratch/midway3/rickybao/dreamerv3_runs/adapt_ax1rbf1q1s1_synth_seed105_ckpt500000/scores.jsonlWriting metrics: /scratch/midway3/rickybao/dreamerv3_runs/adapt_ax1rbf1q1s1_synth_seed105_ckpt500000/metrics.jsonl


--------------------[Agent Step 108_688]--------------------
Metrics filtered by: 'score|length|fps|ratio|train/loss/|train/rand/'
train/loss/con 0.02 / train/loss/distractor 1.17 / train/loss/dyn 12.74 / train/loss/policy -0.02 / train/loss/position 0.42 / train/loss/rep 12.74 / train/loss/repval 1.16 / train/loss/rew 0.19 / train/loss/to_target 0.5 / train/loss/value 1.13 / train/loss/velocity 0.09 / replay/replay_ratio 1040 / fps/policy 40.35 / fps/train 4.1e4

Writing metrics: /scratch/midway3/rickybao/dreamerv3_runs/adapt_ax1rbf1q1s1_synth_seed105_ckpt500000/metrics.jsonlWriting metrics: /scratch/midway3/rickybao/dreamerv3_runs/adapt_ax1rbf1q1s1_synth_seed105_ckpt500000/scores.jsonl

Saving checkpoint: /scratch/midway3/rickybao/dreamerv3_runs/adapt_ax1rbf1q1s1_synth_seed105_ckpt500000/ckpt/20260721T075524F107966
Saved checkpoint.

--------------------[Agent Step 113_488]--------------------
Metrics filtered by: 'score|length|fps|ratio|train/loss/|train/rand/'
episode/score 223 / episode/length 1001 / train/loss/con 0.02 / train/loss/distractor 1.17 / train/loss/dyn 12.71 / train/loss/policy -0.02 / train/loss/position 0.42 / train/loss/rep 12.71 / train/loss/repval 1.11 / train/loss/rew 0.2 / train/loss/to_target 0.5 / train/loss/value 1.02 / train/loss/velocity 0.09 / replay/replay_ratio 1040 / fps/policy 39.94 / fps/train 4.1e4

Writing metrics: /scratch/midway3/rickybao/dreamerv3_runs/adapt_ax1rbf1q1s1_synth_seed105_ckpt500000/scores.jsonlWriting metrics: /scratch/midway3/rickybao/dreamerv3_runs/adapt_ax1rbf1q1s1_synth_seed105_ckpt500000/metrics.jsonl


--------------------[Agent Step 118_336]--------------------
Metrics filtered by: 'score|length|fps|ratio|train/loss/|train/rand/'
train/loss/con 0.02 / train/loss/distractor 1.17 / train/loss/dyn 12.71 / train/loss/policy -0.02 / train/loss/position 0.42 / train/loss/rep 12.71 / train/loss/repval 1.09 / train/loss/rew 0.2 / train/loss/to_target 0.49 / train/loss/value 0.97 / train/loss/velocity 0.09 / replay/replay_ratio 1040 / fps/policy 40.37 / fps/train 4.1e4

Writing metrics: /scratch/midway3/rickybao/dreamerv3_runs/adapt_ax1rbf1q1s1_synth_seed105_ckpt500000/metrics.jsonl
Writing metrics: /scratch/midway3/rickybao/dreamerv3_runs/adapt_ax1rbf1q1s1_synth_seed105_ckpt500000/scores.jsonl

--------------------[Agent Step 123_184]--------------------
Metrics filtered by: 'score|length|fps|ratio|train/loss/|train/rand/'
train/loss/con 0.02 / train/loss/distractor 1.17 / train/loss/dyn 12.72 / train/loss/policy -0.02 / train/loss/position 0.42 / train/loss/rep 12.72 / train/loss/repval 1.07 / train/loss/rew 0.2 / train/loss/to_target 0.5 / train/loss/value 0.93 / train/loss/velocity 0.09 / replay/replay_ratio 1040 / fps/policy 40.37 / fps/train 4.1e4

Writing metrics: /scratch/midway3/rickybao/dreamerv3_runs/adapt_ax1rbf1q1s1_synth_seed105_ckpt500000/metrics.jsonl
Writing metrics: /scratch/midway3/rickybao/dreamerv3_runs/adapt_ax1rbf1q1s1_synth_seed105_ckpt500000/scores.jsonl
[Tue Jul 21 08:01:13 CDT 2026] adapt adapt_ax1rbf1q1s1_synth_seed105_ckpt500000 rc=0 status=DONE
[Tue Jul 21 08:01:13 CDT 2026] DONE child adapt_ax1rbf1q1s1_synth_seed105_ckpt500000
[Tue Jul 21 08:01:13 CDT 2026] START child adapt_ax1rbf1q1s1_synth_seed106_ckpt500000 WM_RUN=ax1wm_synth_fq1s1_seed1
[Tue Jul 21 08:01:13 CDT 2026] axis1 child starting RUN_ID=adapt_ax1rbf1q1s1_synth_seed106_ckpt500000 WM_RUN=ax1wm_synth_fq1s1_seed1 job=52442239 host=midway3-0279.rcc.local
[Tue Jul 21 08:01:13 CDT 2026] env prepared: python=/scratch/midway3/rickybao/conda_envs/dreamerv3/bin/python
python_executable=/scratch/midway3/rickybao/conda_envs/dreamerv3/bin/python
[Tue Jul 21 08:01:13 CDT 2026] offline WM already fit: /scratch/midway3/rickybao/dreamerv3_runs/ax1wm_synth_fq1s1_seed1/ckpt/20260718T125457F777793-000000500000 (skipping stage 1)
[Tue Jul 21 08:01:13 CDT 2026] adapt RUN_ID=adapt_ax1rbf1q1s1_synth_seed106_ckpt500000 TASK=synth_reach SEED=106 CKPT=/scratch/midway3/rickybao/dreamerv3_runs/ax1wm_synth_fq1s1_seed1/ckpt/20260718T125457F777793-000000500000 STEPS=1.25e5
---  ___                           __   ______ ---
--- |   \ _ _ ___ __ _ _ __  ___ _ \ \ / /__ / ---
--- | |) | '_/ -_) _` | '  \/ -_) '/\ V / |_ \ ---
--- |___/|_| \___\__,_|_|_|_\___|_|  \_/ |___/ ---
Replica: 0 / 1
Logdir: /scratch/midway3/rickybao/dreamerv3_runs/adapt_ax1rbf1q1s1_synth_seed106_ckpt500000
Run script: train
Observations
  position         Space(float32, shape=(2,), low=-inf, high=inf)
  velocity         Space(float32, shape=(2,), low=-inf, high=inf)
  distractor       Space(float32, shape=(8,), low=-inf, high=inf)
  to_target        Space(float32, shape=(2,), low=-inf, high=inf)
  reward           Space(float32, shape=(), low=-inf, high=inf)
  is_first         Space(bool, shape=(), low=False, high=True)
  is_last          Space(bool, shape=(), low=False, high=True)
  is_terminal      Space(bool, shape=(), low=False, high=True)
Actions
  action           Space(float32, shape=(2,), low=-1.0, high=1.0)
Extras
  consec           Space(int32, shape=(), low=-2147483648, high=2147483647)
  stepid           Space(uint8, shape=(20,), low=0, high=255)
  dyn/deter        Space(float32, shape=(512,), low=-inf, high=inf)
  dyn/stoch        Space(float32, shape=(32, 4), low=-inf, high=inf)
JAX devices (1): [cuda:0]
Policy devices: cuda:0
Train devices:  cuda:0
Initializing parameters...
Optimizer opt has 214,723 params:
        66,111 val
        57,663 rew
        49,796 pol
        41,153 con
Done initializing!
Compiling 1 checkpoint groups...
Largest checkpoint group: 0 GB
Compiling train and report...
Train cost analysis:
  FLOPS:            7.2e+09
  Memory (temp):    2.0e+08
  Memory (inputs):  7.3e+06
  Memory (outputs): 5.9e+06
  Memory (code):    1.5e+06

Report cost analysis:
  FLOPS:            1.8e+06
  Memory (temp):    9.2e+05
  Memory (inputs):  2.7e+06
  Memory (outputs): 2.1e+04
  Memory (code):    9.8e+04

Done compiling!
Loaded pretrained checkpoint with keys: ['dec/mlp/linear0/bias', 'dec/mlp/linear0/kernel', 'dec/mlp/linear1/bias', 'dec/mlp/linear1/kernel', 'dec/mlp/linear2/bias', 'dec/mlp/linear2/kernel', 'dec/mlp/norm0/scale', 'dec/mlp/norm1/scale', 'dec/mlp/norm2/scale', 'dec/vec/distractor/pred/bias', 'dec/vec/distractor/pred/kernel', 'dec/vec/position/pred/bias', 'dec/vec/position/pred/kernel', 'dec/vec/to_target/pred/bias', 'dec/vec/to_target/pred/kernel', 'dec/vec/velocity/pred/bias', 'dec/vec/velocity/pred/kernel', 'dyn/dyngru/bias', 'dyn/dyngru/kernel', 'dyn/dynhid0/bias', 'dyn/dynhid0/kernel', 'dyn/dynhid0norm/scale', 'dyn/dynin0/bias', 'dyn/dynin0/kernel', 'dyn/dynin0norm/scale', 'dyn/dynin1/bias', 'dyn/dynin1/kernel', 'dyn/dynin1norm/scale', 'dyn/dynin2/bias', 'dyn/dynin2/kernel', 'dyn/dynin2norm/scale', 'dyn/obs0/bias', 'dyn/obs0/kernel', 'dyn/obs0norm/scale', 'dyn/obslogit/bias', 'dyn/obslogit/kernel', 'dyn/prior0/bias', 'dyn/prior0/kernel', 'dyn/prior0norm/scale', 'dyn/prior1/bias', 'dyn/prior1/kernel', 'dyn/prior1norm/scale', 'dyn/priorlogit/bias', 'dyn/priorlogit/kernel', 'enc/mlp0/bias', 'enc/mlp0/kernel', 'enc/mlp0norm/scale', 'enc/mlp1/bias', 'enc/mlp1/kernel', 'enc/mlp1norm/scale', 'enc/mlp2/bias', 'enc/mlp2/kernel', 'enc/mlp2norm/scale']
Did not find any checkpoint.
Saving checkpoint: /scratch/midway3/rickybao/dreamerv3_runs/adapt_ax1rbf1q1s1_synth_seed106_ckpt500000/ckpt/20260721T080138F239634
Saved checkpoint.
Start training loop

--------------------[Agent Step 6_880]--------------------
Metrics filtered by: 'score|length|fps|ratio|train/loss/|train/rand/'
train/loss/con 0.05 / train/loss/distractor 1.14 / train/loss/dyn 11.98 / train/loss/policy 0.02 / train/loss/position 0.22 / train/loss/rep 11.98 / train/loss/repval 2.68 / train/loss/rew 1.05 / train/loss/to_target 0.17 / train/loss/value 1.58 / train/loss/velocity 6.4e-3 / replay/replay_ratio 858.5 / fps/policy 56.35 / fps/train 4.1e4

Writing metrics: /scratch/midway3/rickybao/dreamerv3_runs/adapt_ax1rbf1q1s1_synth_seed106_ckpt500000/metrics.jsonl
Writing metrics: /scratch/midway3/rickybao/dreamerv3_runs/adapt_ax1rbf1q1s1_synth_seed106_ckpt500000/scores.jsonl

--------------------[Agent Step 11_744]--------------------
Metrics filtered by: 'score|length|fps|ratio|train/loss/|train/rand/'
train/loss/con 0.02 / train/loss/distractor 1.19 / train/loss/dyn 11.7 / train/loss/policy 0.03 / train/loss/position 0.18 / train/loss/rep 11.7 / train/loss/repval 1.25 / train/loss/rew 0.01 / train/loss/to_target 0.14 / train/loss/value 1.13 / train/loss/velocity 0.02 / replay/replay_ratio 1040 / fps/policy 40.42 / fps/train 4.1e4

Writing metrics: /scratch/midway3/rickybao/dreamerv3_runs/adapt_ax1rbf1q1s1_synth_seed106_ckpt500000/metrics.jsonlWriting metrics: /scratch/midway3/rickybao/dreamerv3_runs/adapt_ax1rbf1q1s1_synth_seed106_ckpt500000/scores.jsonl


--------------------[Agent Step 16_608]--------------------
Metrics filtered by: 'score|length|fps|ratio|train/loss/|train/rand/'
episode/score 0 / episode/length 1001 / train/loss/con 0.02 / train/loss/distractor 1.11 / train/loss/dyn 12.16 / train/loss/policy -5.5e-4 / train/loss/position 0.2 / train/loss/rep 12.16 / train/loss/repval 1.29 / train/loss/rew 3e-3 / train/loss/to_target 0.24 / train/loss/value 1.11 / train/loss/velocity 0.1 / replay/replay_ratio 1040 / fps/policy 40.42 / fps/train 4.1e4

Writing metrics: /scratch/midway3/rickybao/dreamerv3_runs/adapt_ax1rbf1q1s1_synth_seed106_ckpt500000/metrics.jsonl
Writing metrics: /scratch/midway3/rickybao/dreamerv3_runs/adapt_ax1rbf1q1s1_synth_seed106_ckpt500000/scores.jsonl

--------------------[Agent Step 21_472]--------------------
Metrics filtered by: 'score|length|fps|ratio|train/loss/|train/rand/'
train/loss/con 0.02 / train/loss/distractor 1.1 / train/loss/dyn 12.43 / train/loss/policy -7.6e-4 / train/loss/position 0.23 / train/loss/rep 12.43 / train/loss/repval 1.22 / train/loss/rew 1.6e-3 / train/loss/to_target 0.27 / train/loss/value 1.08 / train/loss/velocity 0.17 / replay/replay_ratio 1040 / fps/policy 40.43 / fps/train 4.1e4

Writing metrics: /scratch/midway3/rickybao/dreamerv3_runs/adapt_ax1rbf1q1s1_synth_seed106_ckpt500000/scores.jsonlWriting metrics: /scratch/midway3/rickybao/dreamerv3_runs/adapt_ax1rbf1q1s1_synth_seed106_ckpt500000/metrics.jsonl


--------------------[Agent Step 26_336]--------------------
Metrics filtered by: 'score|length|fps|ratio|train/loss/|train/rand/'
train/loss/con 0.02 / train/loss/distractor 1.11 / train/loss/dyn 12.47 / train/loss/policy -0.02 / train/loss/position 0.23 / train/loss/rep 12.47 / train/loss/repval 1.3 / train/loss/rew 1.3e-3 / train/loss/to_target 0.29 / train/loss/value 1.04 / train/loss/velocity 0.18 / replay/replay_ratio 1040 / fps/policy 40.42 / fps/train 4.1e4

Writing metrics: /scratch/midway3/rickybao/dreamerv3_runs/adapt_ax1rbf1q1s1_synth_seed106_ckpt500000/metrics.jsonlWriting metrics: /scratch/midway3/rickybao/dreamerv3_runs/adapt_ax1rbf1q1s1_synth_seed106_ckpt500000/scores.jsonl


--------------------[Agent Step 31_200]--------------------
Metrics filtered by: 'score|length|fps|ratio|train/loss/|train/rand/'
train/loss/con 0.02 / train/loss/distractor 1.07 / train/loss/dyn 12.52 / train/loss/policy 3.4e-3 / train/loss/position 0.27 / train/loss/rep 12.52 / train/loss/repval 1.18 / train/loss/rew 9.7e-4 / train/loss/to_target 0.35 / train/loss/value 1.06 / train/loss/velocity 0.24 / replay/replay_ratio 1040 / fps/policy 40.43 / fps/train 4.1e4

Writing metrics: /scratch/midway3/rickybao/dreamerv3_runs/adapt_ax1rbf1q1s1_synth_seed106_ckpt500000/metrics.jsonl
Writing metrics: /scratch/midway3/rickybao/dreamerv3_runs/adapt_ax1rbf1q1s1_synth_seed106_ckpt500000/scores.jsonl

--------------------[Agent Step 36_064]--------------------
Metrics filtered by: 'score|length|fps|ratio|train/loss/|train/rand/'
episode/score 0 / episode/length 1001 / train/loss/con 0.02 / train/loss/distractor 1.06 / train/loss/dyn 12.69 / train/loss/policy -3.6e-4 / train/loss/position 0.29 / train/loss/rep 12.69 / train/loss/repval 1.01 / train/loss/rew 2.5e-3 / train/loss/to_target 0.37 / train/loss/value 0.97 / train/loss/velocity 0.21 / replay/replay_ratio 1040 / fps/policy 40.44 / fps/train 4.1e4

Writing metrics: /scratch/midway3/rickybao/dreamerv3_runs/adapt_ax1rbf1q1s1_synth_seed106_ckpt500000/metrics.jsonl
Writing metrics: /scratch/midway3/rickybao/dreamerv3_runs/adapt_ax1rbf1q1s1_synth_seed106_ckpt500000/scores.jsonl
Saving checkpoint: /scratch/midway3/rickybao/dreamerv3_runs/adapt_ax1rbf1q1s1_synth_seed106_ckpt500000/ckpt/20260721T081639F821120
Saved checkpoint.

--------------------[Agent Step 40_864]--------------------
Metrics filtered by: 'score|length|fps|ratio|train/loss/|train/rand/'
train/loss/con 0.02 / train/loss/distractor 1.07 / train/loss/dyn 12.69 / train/loss/policy -5.5e-3 / train/loss/position 0.29 / train/loss/rep 12.69 / train/loss/repval 1.12 / train/loss/rew 1.9e-3 / train/loss/to_target 0.37 / train/loss/value 1.06 / train/loss/velocity 0.18 / replay/replay_ratio 1040 / fps/policy 39.97 / fps/train 4.1e4

Writing metrics: /scratch/midway3/rickybao/dreamerv3_runs/adapt_ax1rbf1q1s1_synth_seed106_ckpt500000/metrics.jsonl
Writing metrics: /scratch/midway3/rickybao/dreamerv3_runs/adapt_ax1rbf1q1s1_synth_seed106_ckpt500000/scores.jsonl

--------------------[Agent Step 45_728]--------------------
Metrics filtered by: 'score|length|fps|ratio|train/loss/|train/rand/'
train/loss/con 0.02 / train/loss/distractor 1.07 / train/loss/dyn 12.74 / train/loss/policy -9.8e-3 / train/loss/position 0.33 / train/loss/rep 12.74 / train/loss/repval 0.99 / train/loss/rew 1.3e-3 / train/loss/to_target 0.41 / train/loss/value 1.05 / train/loss/velocity 0.16 / replay/replay_ratio 1040 / fps/policy 40.44 / fps/train 4.1e4

Writing metrics: /scratch/midway3/rickybao/dreamerv3_runs/adapt_ax1rbf1q1s1_synth_seed106_ckpt500000/metrics.jsonlWriting metrics: /scratch/midway3/rickybao/dreamerv3_runs/adapt_ax1rbf1q1s1_synth_seed106_ckpt500000/scores.jsonl


--------------------[Agent Step 50_592]--------------------
Metrics filtered by: 'score|length|fps|ratio|train/loss/|train/rand/'
episode/score 0 / episode/length 1001 / train/loss/con 0.02 / train/loss/distractor 1.05 / train/loss/dyn 12.91 / train/loss/policy 7.1e-3 / train/loss/position 0.33 / train/loss/rep 12.91 / train/loss/repval 1.22 / train/loss/rew 1.3e-3 / train/loss/to_target 0.42 / train/loss/value 1.06 / train/loss/velocity 0.15 / replay/replay_ratio 1040 / fps/policy 40.44 / fps/train 4.1e4

Writing metrics: /scratch/midway3/rickybao/dreamerv3_runs/adapt_ax1rbf1q1s1_synth_seed106_ckpt500000/scores.jsonl
Writing metrics: /scratch/midway3/rickybao/dreamerv3_runs/adapt_ax1rbf1q1s1_synth_seed106_ckpt500000/metrics.jsonl

--------------------[Agent Step 55_456]--------------------
Metrics filtered by: 'score|length|fps|ratio|train/loss/|train/rand/'
train/loss/con 0.02 / train/loss/distractor 1.05 / train/loss/dyn 13.03 / train/loss/policy 0.01 / train/loss/position 0.36 / train/loss/rep 13.03 / train/loss/repval 1.23 / train/loss/rew 1.5e-3 / train/loss/to_target 0.44 / train/loss/value 1.04 / train/loss/velocity 0.14 / replay/replay_ratio 1040 / fps/policy 40.44 / fps/train 4.1e4

Writing metrics: /scratch/midway3/rickybao/dreamerv3_runs/adapt_ax1rbf1q1s1_synth_seed106_ckpt500000/metrics.jsonlWriting metrics: /scratch/midway3/rickybao/dreamerv3_runs/adapt_ax1rbf1q1s1_synth_seed106_ckpt500000/scores.jsonl


--------------------[Agent Step 60_320]--------------------
Metrics filtered by: 'score|length|fps|ratio|train/loss/|train/rand/'
train/loss/con 0.02 / train/loss/distractor 1.06 / train/loss/dyn 13.15 / train/loss/policy -1.8e-3 / train/loss/position 0.38 / train/loss/rep 13.15 / train/loss/repval 1.06 / train/loss/rew 1.1e-3 / train/loss/to_target 0.47 / train/loss/value 1.16 / train/loss/velocity 0.14 / replay/replay_ratio 1040 / fps/policy 40.44 / fps/train 4.1e4

Writing metrics: /scratch/midway3/rickybao/dreamerv3_runs/adapt_ax1rbf1q1s1_synth_seed106_ckpt500000/metrics.jsonl
Writing metrics: /scratch/midway3/rickybao/dreamerv3_runs/adapt_ax1rbf1q1s1_synth_seed106_ckpt500000/scores.jsonl

--------------------[Agent Step 65_184]--------------------
Metrics filtered by: 'score|length|fps|ratio|train/loss/|train/rand/'
episode/score 6 / episode/length 1001 / train/loss/con 0.02 / train/loss/distractor 1.06 / train/loss/dyn 13.17 / train/loss/policy -0.01 / train/loss/position 0.38 / train/loss/rep 13.17 / train/loss/repval 1.21 / train/loss/rew 3.6e-3 / train/loss/to_target 0.48 / train/loss/value 1.09 / train/loss/velocity 0.13 / replay/replay_ratio 1040 / fps/policy 40.44 / fps/train 4.1e4

Writing metrics: /scratch/midway3/rickybao/dreamerv3_runs/adapt_ax1rbf1q1s1_synth_seed106_ckpt500000/scores.jsonlWriting metrics: /scratch/midway3/rickybao/dreamerv3_runs/adapt_ax1rbf1q1s1_synth_seed106_ckpt500000/metrics.jsonl


--------------------[Agent Step 70_048]--------------------
Metrics filtered by: 'score|length|fps|ratio|train/loss/|train/rand/'
train/loss/con 0.02 / train/loss/distractor 1.06 / train/loss/dyn 13.15 / train/loss/policy -0.04 / train/loss/position 0.37 / train/loss/rep 13.15 / train/loss/repval 1.17 / train/loss/rew 7.7e-3 / train/loss/to_target 0.47 / train/loss/value 1.15 / train/loss/velocity 0.13 / replay/replay_ratio 1040 / fps/policy 40.44 / fps/train 4.1e4

Writing metrics: /scratch/midway3/rickybao/dreamerv3_runs/adapt_ax1rbf1q1s1_synth_seed106_ckpt500000/metrics.jsonlWriting metrics: /scratch/midway3/rickybao/dreamerv3_runs/adapt_ax1rbf1q1s1_synth_seed106_ckpt500000/scores.jsonl

Saving checkpoint: /scratch/midway3/rickybao/dreamerv3_runs/adapt_ax1rbf1q1s1_synth_seed106_ckpt500000/ckpt/20260721T083139F956961
Saved checkpoint.

--------------------[Agent Step 74_864]--------------------
Metrics filtered by: 'score|length|fps|ratio|train/loss/|train/rand/'
train/loss/con 0.02 / train/loss/distractor 1.08 / train/loss/dyn 13.14 / train/loss/policy -0.03 / train/loss/position 0.36 / train/loss/rep 13.14 / train/loss/repval 1.09 / train/loss/rew 8.7e-3 / train/loss/to_target 0.46 / train/loss/value 1.08 / train/loss/velocity 0.12 / replay/replay_ratio 1040 / fps/policy 40.03 / fps/train 4.1e4

Writing metrics: /scratch/midway3/rickybao/dreamerv3_runs/adapt_ax1rbf1q1s1_synth_seed106_ckpt500000/scores.jsonlWriting metrics: /scratch/midway3/rickybao/dreamerv3_runs/adapt_ax1rbf1q1s1_synth_seed106_ckpt500000/metrics.jsonl


--------------------[Agent Step 79_728]--------------------
Metrics filtered by: 'score|length|fps|ratio|train/loss/|train/rand/'
train/loss/con 0.02 / train/loss/distractor 1.09 / train/loss/dyn 13.15 / train/loss/policy -0.06 / train/loss/position 0.35 / train/loss/rep 13.15 / train/loss/repval 1.24 / train/loss/rew 0.01 / train/loss/to_target 0.44 / train/loss/value 1.11 / train/loss/velocity 0.12 / replay/replay_ratio 1040 / fps/policy 40.44 / fps/train 4.1e4

Writing metrics: /scratch/midway3/rickybao/dreamerv3_runs/adapt_ax1rbf1q1s1_synth_seed106_ckpt500000/metrics.jsonlWriting metrics: /scratch/midway3/rickybao/dreamerv3_runs/adapt_ax1rbf1q1s1_synth_seed106_ckpt500000/scores.jsonl


--------------------[Agent Step 84_592]--------------------
Metrics filtered by: 'score|length|fps|ratio|train/loss/|train/rand/'
episode/score 47 / episode/length 1001 / train/loss/con 0.02 / train/loss/distractor 1.09 / train/loss/dyn 13.13 / train/loss/policy -0.06 / train/loss/position 0.34 / train/loss/rep 13.13 / train/loss/repval 1.23 / train/loss/rew 0.02 / train/loss/to_target 0.43 / train/loss/value 1.08 / train/loss/velocity 0.11 / replay/replay_ratio 1040 / fps/policy 40.44 / fps/train 4.1e4

Writing metrics: /scratch/midway3/rickybao/dreamerv3_runs/adapt_ax1rbf1q1s1_synth_seed106_ckpt500000/scores.jsonlWriting metrics: /scratch/midway3/rickybao/dreamerv3_runs/adapt_ax1rbf1q1s1_synth_seed106_ckpt500000/metrics.jsonl


--------------------[Agent Step 89_456]--------------------
Metrics filtered by: 'score|length|fps|ratio|train/loss/|train/rand/'
train/loss/con 0.02 / train/loss/distractor 1.1 / train/loss/dyn 13.1 / train/loss/policy -0.04 / train/loss/position 0.34 / train/loss/rep 13.1 / train/loss/repval 1.2 / train/loss/rew 0.02 / train/loss/to_target 0.42 / train/loss/value 1.1 / train/loss/velocity 0.11 / replay/replay_ratio 1040 / fps/policy 40.44 / fps/train 4.1e4

Writing metrics: /scratch/midway3/rickybao/dreamerv3_runs/adapt_ax1rbf1q1s1_synth_seed106_ckpt500000/metrics.jsonl
Writing metrics: /scratch/midway3/rickybao/dreamerv3_runs/adapt_ax1rbf1q1s1_synth_seed106_ckpt500000/scores.jsonl

--------------------[Agent Step 94_320]--------------------
Metrics filtered by: 'score|length|fps|ratio|train/loss/|train/rand/'
train/loss/con 0.02 / train/loss/distractor 1.1 / train/loss/dyn 13.05 / train/loss/policy -0.03 / train/loss/position 0.33 / train/loss/rep 13.05 / train/loss/repval 1.25 / train/loss/rew 0.02 / train/loss/to_target 0.41 / train/loss/value 1.08 / train/loss/velocity 0.11 / replay/replay_ratio 1040 / fps/policy 40.43 / fps/train 4.1e4

Writing metrics: /scratch/midway3/rickybao/dreamerv3_runs/adapt_ax1rbf1q1s1_synth_seed106_ckpt500000/metrics.jsonl
Writing metrics: /scratch/midway3/rickybao/dreamerv3_runs/adapt_ax1rbf1q1s1_synth_seed106_ckpt500000/scores.jsonl

--------------------[Agent Step 99_184]--------------------
Metrics filtered by: 'score|length|fps|ratio|train/loss/|train/rand/'
episode/score 18 / episode/length 1001 / train/loss/con 0.02 / train/loss/distractor 1.11 / train/loss/dyn 13.01 / train/loss/policy -0.02 / train/loss/position 0.33 / train/loss/rep 13.01 / train/loss/repval 1.23 / train/loss/rew 0.03 / train/loss/to_target 0.41 / train/loss/value 1.02 / train/loss/velocity 0.1 / replay/replay_ratio 1040 / fps/policy 40.44 / fps/train 4.1e4

Writing metrics: /scratch/midway3/rickybao/dreamerv3_runs/adapt_ax1rbf1q1s1_synth_seed106_ckpt500000/metrics.jsonl
Writing metrics: /scratch/midway3/rickybao/dreamerv3_runs/adapt_ax1rbf1q1s1_synth_seed106_ckpt500000/scores.jsonl

--------------------[Agent Step 104_048]--------------------
Metrics filtered by: 'score|length|fps|ratio|train/loss/|train/rand/'
train/loss/con 0.02 / train/loss/distractor 1.11 / train/loss/dyn 12.99 / train/loss/policy -0.02 / train/loss/position 0.32 / train/loss/rep 12.99 / train/loss/repval 1.2 / train/loss/rew 0.03 / train/loss/to_target 0.4 / train/loss/value 1.04 / train/loss/velocity 0.1 / replay/replay_ratio 1040 / fps/policy 40.45 / fps/train 4.1e4

Writing metrics: /scratch/midway3/rickybao/dreamerv3_runs/adapt_ax1rbf1q1s1_synth_seed106_ckpt500000/scores.jsonl
Writing metrics: /scratch/midway3/rickybao/dreamerv3_runs/adapt_ax1rbf1q1s1_synth_seed106_ckpt500000/metrics.jsonl

--------------------[Agent Step 108_896]--------------------
Metrics filtered by: 'score|length|fps|ratio|train/loss/|train/rand/'
train/loss/con 0.02 / train/loss/distractor 1.11 / train/loss/dyn 13 / train/loss/policy -0.02 / train/loss/position 0.32 / train/loss/rep 13 / train/loss/repval 1.16 / train/loss/rew 0.03 / train/loss/to_target 0.4 / train/loss/value 1.05 / train/loss/velocity 0.1 / replay/replay_ratio 1040 / fps/policy 40.38 / fps/train 4.1e4

Writing metrics: /scratch/midway3/rickybao/dreamerv3_runs/adapt_ax1rbf1q1s1_synth_seed106_ckpt500000/scores.jsonlWriting metrics: /scratch/midway3/rickybao/dreamerv3_runs/adapt_ax1rbf1q1s1_synth_seed106_ckpt500000/metrics.jsonl

Saving checkpoint: /scratch/midway3/rickybao/dreamerv3_runs/adapt_ax1rbf1q1s1_synth_seed106_ckpt500000/ckpt/20260721T084640F271184
Saved checkpoint.

--------------------[Agent Step 113_696]--------------------
Metrics filtered by: 'score|length|fps|ratio|train/loss/|train/rand/'
episode/score 15 / episode/length 1001 / train/loss/con 0.02 / train/loss/distractor 1.11 / train/loss/dyn 12.99 / train/loss/policy -0.02 / train/loss/position 0.31 / train/loss/rep 12.99 / train/loss/repval 1.16 / train/loss/rew 0.03 / train/loss/to_target 0.4 / train/loss/value 1.04 / train/loss/velocity 0.1 / replay/replay_ratio 1040 / fps/policy 39.99 / fps/train 4.1e4

Writing metrics: /scratch/midway3/rickybao/dreamerv3_runs/adapt_ax1rbf1q1s1_synth_seed106_ckpt500000/metrics.jsonlWriting metrics: /scratch/midway3/rickybao/dreamerv3_runs/adapt_ax1rbf1q1s1_synth_seed106_ckpt500000/scores.jsonl


--------------------[Agent Step 118_560]--------------------
Metrics filtered by: 'score|length|fps|ratio|train/loss/|train/rand/'
train/loss/con 0.02 / train/loss/distractor 1.11 / train/loss/dyn 12.97 / train/loss/policy -0.02 / train/loss/position 0.31 / train/loss/rep 12.97 / train/loss/repval 1.2 / train/loss/rew 0.02 / train/loss/to_target 0.39 / train/loss/value 1.02 / train/loss/velocity 0.09 / replay/replay_ratio 1040 / fps/policy 40.44 / fps/train 4.1e4

Writing metrics: /scratch/midway3/rickybao/dreamerv3_runs/adapt_ax1rbf1q1s1_synth_seed106_ckpt500000/scores.jsonlWriting metrics: /scratch/midway3/rickybao/dreamerv3_runs/adapt_ax1rbf1q1s1_synth_seed106_ckpt500000/metrics.jsonl


--------------------[Agent Step 123_424]--------------------
Metrics filtered by: 'score|length|fps|ratio|train/loss/|train/rand/'
train/loss/con 0.02 / train/loss/distractor 1.12 / train/loss/dyn 12.92 / train/loss/policy -0.02 / train/loss/position 0.3 / train/loss/rep 12.92 / train/loss/repval 1.21 / train/loss/rew 0.03 / train/loss/to_target 0.38 / train/loss/value 1.03 / train/loss/velocity 0.09 / replay/replay_ratio 1040 / fps/policy 40.44 / fps/train 4.1e4

Writing metrics: /scratch/midway3/rickybao/dreamerv3_runs/adapt_ax1rbf1q1s1_synth_seed106_ckpt500000/metrics.jsonl
Writing metrics: /scratch/midway3/rickybao/dreamerv3_runs/adapt_ax1rbf1q1s1_synth_seed106_ckpt500000/scores.jsonl
[Tue Jul 21 08:52:25 CDT 2026] adapt adapt_ax1rbf1q1s1_synth_seed106_ckpt500000 rc=0 status=DONE
[Tue Jul 21 08:52:26 CDT 2026] DONE child adapt_ax1rbf1q1s1_synth_seed106_ckpt500000
[Tue Jul 21 08:52:26 CDT 2026] START child adapt_ax1rbf2q1s1_synth_seed104_ckpt500000 WM_RUN=ax1wm_synth_fq1s1_seed2
[Tue Jul 21 08:52:26 CDT 2026] axis1 child starting RUN_ID=adapt_ax1rbf2q1s1_synth_seed104_ckpt500000 WM_RUN=ax1wm_synth_fq1s1_seed2 job=52442239 host=midway3-0279.rcc.local
[Tue Jul 21 08:52:26 CDT 2026] env prepared: python=/scratch/midway3/rickybao/conda_envs/dreamerv3/bin/python
python_executable=/scratch/midway3/rickybao/conda_envs/dreamerv3/bin/python
[Tue Jul 21 08:52:26 CDT 2026] offline WM already fit: /scratch/midway3/rickybao/dreamerv3_runs/ax1wm_synth_fq1s1_seed2/ckpt/20260718T130202F244984-000000500000 (skipping stage 1)
[Tue Jul 21 08:52:26 CDT 2026] adapt RUN_ID=adapt_ax1rbf2q1s1_synth_seed104_ckpt500000 TASK=synth_reach SEED=104 CKPT=/scratch/midway3/rickybao/dreamerv3_runs/ax1wm_synth_fq1s1_seed2/ckpt/20260718T130202F244984-000000500000 STEPS=1.25e5
---  ___                           __   ______ ---
--- |   \ _ _ ___ __ _ _ __  ___ _ \ \ / /__ / ---
--- | |) | '_/ -_) _` | '  \/ -_) '/\ V / |_ \ ---
--- |___/|_| \___\__,_|_|_|_\___|_|  \_/ |___/ ---
Replica: 0 / 1
Logdir: /scratch/midway3/rickybao/dreamerv3_runs/adapt_ax1rbf2q1s1_synth_seed104_ckpt500000
Run script: train
Observations
  position         Space(float32, shape=(2,), low=-inf, high=inf)
  velocity         Space(float32, shape=(2,), low=-inf, high=inf)
  distractor       Space(float32, shape=(8,), low=-inf, high=inf)
  to_target        Space(float32, shape=(2,), low=-inf, high=inf)
  reward           Space(float32, shape=(), low=-inf, high=inf)
  is_first         Space(bool, shape=(), low=False, high=True)
  is_last          Space(bool, shape=(), low=False, high=True)
  is_terminal      Space(bool, shape=(), low=False, high=True)
Actions
  action           Space(float32, shape=(2,), low=-1.0, high=1.0)
Extras
  consec           Space(int32, shape=(), low=-2147483648, high=2147483647)
  stepid           Space(uint8, shape=(20,), low=0, high=255)
  dyn/deter        Space(float32, shape=(512,), low=-inf, high=inf)
  dyn/stoch        Space(float32, shape=(32, 4), low=-inf, high=inf)
JAX devices (1): [cuda:0]
Policy devices: cuda:0
Train devices:  cuda:0
Initializing parameters...
Optimizer opt has 214,723 params:
        66,111 val
        57,663 rew
        49,796 pol
        41,153 con
Done initializing!
Compiling 1 checkpoint groups...
Largest checkpoint group: 0 GB
Compiling train and report...
Train cost analysis:
  FLOPS:            7.2e+09
  Memory (temp):    2.0e+08
  Memory (inputs):  7.3e+06
  Memory (outputs): 5.9e+06
  Memory (code):    1.5e+06

Report cost analysis:
  FLOPS:            1.8e+06
  Memory (temp):    9.2e+05
  Memory (inputs):  2.7e+06
  Memory (outputs): 2.1e+04
  Memory (code):    9.8e+04

Done compiling!
Loaded pretrained checkpoint with keys: ['dec/mlp/linear0/bias', 'dec/mlp/linear0/kernel', 'dec/mlp/linear1/bias', 'dec/mlp/linear1/kernel', 'dec/mlp/linear2/bias', 'dec/mlp/linear2/kernel', 'dec/mlp/norm0/scale', 'dec/mlp/norm1/scale', 'dec/mlp/norm2/scale', 'dec/vec/distractor/pred/bias', 'dec/vec/distractor/pred/kernel', 'dec/vec/position/pred/bias', 'dec/vec/position/pred/kernel', 'dec/vec/to_target/pred/bias', 'dec/vec/to_target/pred/kernel', 'dec/vec/velocity/pred/bias', 'dec/vec/velocity/pred/kernel', 'dyn/dyngru/bias', 'dyn/dyngru/kernel', 'dyn/dynhid0/bias', 'dyn/dynhid0/kernel', 'dyn/dynhid0norm/scale', 'dyn/dynin0/bias', 'dyn/dynin0/kernel', 'dyn/dynin0norm/scale', 'dyn/dynin1/bias', 'dyn/dynin1/kernel', 'dyn/dynin1norm/scale', 'dyn/dynin2/bias', 'dyn/dynin2/kernel', 'dyn/dynin2norm/scale', 'dyn/obs0/bias', 'dyn/obs0/kernel', 'dyn/obs0norm/scale', 'dyn/obslogit/bias', 'dyn/obslogit/kernel', 'dyn/prior0/bias', 'dyn/prior0/kernel', 'dyn/prior0norm/scale', 'dyn/prior1/bias', 'dyn/prior1/kernel', 'dyn/prior1norm/scale', 'dyn/priorlogit/bias', 'dyn/priorlogit/kernel', 'enc/mlp0/bias', 'enc/mlp0/kernel', 'enc/mlp0norm/scale', 'enc/mlp1/bias', 'enc/mlp1/kernel', 'enc/mlp1norm/scale', 'enc/mlp2/bias', 'enc/mlp2/kernel', 'enc/mlp2norm/scale']
Did not find any checkpoint.
Saving checkpoint: /scratch/midway3/rickybao/dreamerv3_runs/adapt_ax1rbf2q1s1_synth_seed104_ckpt500000/ckpt/20260721T085250F558825
Saved checkpoint.
Start training loop

--------------------[Agent Step 6_880]--------------------
Metrics filtered by: 'score|length|fps|ratio|train/loss/|train/rand/'
train/loss/con 0.06 / train/loss/distractor 1.17 / train/loss/dyn 12.03 / train/loss/policy -7.3e-4 / train/loss/position 0.25 / train/loss/rep 12.03 / train/loss/repval 1.98 / train/loss/rew 1.02 / train/loss/to_target 0.15 / train/loss/value 0.95 / train/loss/velocity 7.9e-3 / replay/replay_ratio 858.5 / fps/policy 56.49 / fps/train 4.1e4

Writing metrics: /scratch/midway3/rickybao/dreamerv3_runs/adapt_ax1rbf2q1s1_synth_seed104_ckpt500000/metrics.jsonlWriting metrics: /scratch/midway3/rickybao/dreamerv3_runs/adapt_ax1rbf2q1s1_synth_seed104_ckpt500000/scores.jsonl


--------------------[Agent Step 11_744]--------------------
Metrics filtered by: 'score|length|fps|ratio|train/loss/|train/rand/'
train/loss/con 0.02 / train/loss/distractor 1.19 / train/loss/dyn 11.71 / train/loss/policy -8.3e-4 / train/loss/position 0.23 / train/loss/rep 11.71 / train/loss/repval 2.1e-3 / train/loss/rew 2.1e-3 / train/loss/to_target 0.14 / train/loss/value 2.1e-3 / train/loss/velocity 7.8e-3 / replay/replay_ratio 1040 / fps/policy 40.53 / fps/train 4.2e4

Writing metrics: /scratch/midway3/rickybao/dreamerv3_runs/adapt_ax1rbf2q1s1_synth_seed104_ckpt500000/metrics.jsonlWriting metrics: /scratch/midway3/rickybao/dreamerv3_runs/adapt_ax1rbf2q1s1_synth_seed104_ckpt500000/scores.jsonl


--------------------[Agent Step 16_624]--------------------
Metrics filtered by: 'score|length|fps|ratio|train/loss/|train/rand/'
episode/score 6 / episode/length 1001 / train/loss/con 0.02 / train/loss/distractor 1.19 / train/loss/dyn 11.93 / train/loss/policy -0.04 / train/loss/position 0.22 / train/loss/rep 11.93 / train/loss/repval 1.4 / train/loss/rew 0.02 / train/loss/to_target 0.15 / train/loss/value 1.28 / train/loss/velocity 0.02 / replay/replay_ratio 1040 / fps/policy 40.54 / fps/train 4.2e4

Writing metrics: /scratch/midway3/rickybao/dreamerv3_runs/adapt_ax1rbf2q1s1_synth_seed104_ckpt500000/scores.jsonlWriting metrics: /scratch/midway3/rickybao/dreamerv3_runs/adapt_ax1rbf2q1s1_synth_seed104_ckpt500000/metrics.jsonl


--------------------[Agent Step 21_504]--------------------
Metrics filtered by: 'score|length|fps|ratio|train/loss/|train/rand/'
train/loss/con 0.02 / train/loss/distractor 1.14 / train/loss/dyn 12.77 / train/loss/policy -0.11 / train/loss/position 0.21 / train/loss/rep 12.77 / train/loss/repval 1.73 / train/loss/rew 8.2e-3 / train/loss/to_target 0.18 / train/loss/value 1.56 / train/loss/velocity 0.05 / replay/replay_ratio 1040 / fps/policy 40.54 / fps/train 4.2e4

Writing metrics: /scratch/midway3/rickybao/dreamerv3_runs/adapt_ax1rbf2q1s1_synth_seed104_ckpt500000/scores.jsonlWriting metrics: /scratch/midway3/rickybao/dreamerv3_runs/adapt_ax1rbf2q1s1_synth_seed104_ckpt500000/metrics.jsonl


--------------------[Agent Step 26_384]--------------------
Metrics filtered by: 'score|length|fps|ratio|train/loss/|train/rand/'
train/loss/con 0.02 / train/loss/distractor 1.18 / train/loss/dyn 13.04 / train/loss/policy -0.04 / train/loss/position 0.22 / train/loss/rep 13.04 / train/loss/repval 1.43 / train/loss/rew 7e-3 / train/loss/to_target 0.2 / train/loss/value 1.24 / train/loss/velocity 0.08 / replay/replay_ratio 1040 / fps/policy 40.54 / fps/train 4.2e4

Writing metrics: /scratch/midway3/rickybao/dreamerv3_runs/adapt_ax1rbf2q1s1_synth_seed104_ckpt500000/scores.jsonlWriting metrics: /scratch/midway3/rickybao/dreamerv3_runs/adapt_ax1rbf2q1s1_synth_seed104_ckpt500000/metrics.jsonl


--------------------[Agent Step 31_264]--------------------
Metrics filtered by: 'score|length|fps|ratio|train/loss/|train/rand/'
train/loss/con 0.02 / train/loss/distractor 1.21 / train/loss/dyn 13.04 / train/loss/policy -0.05 / train/loss/position 0.22 / train/loss/rep 13.04 / train/loss/repval 1.33 / train/loss/rew 0.03 / train/loss/to_target 0.21 / train/loss/value 1.11 / train/loss/velocity 0.07 / replay/replay_ratio 1040 / fps/policy 40.54 / fps/train 4.2e4

Writing metrics: /scratch/midway3/rickybao/dreamerv3_runs/adapt_ax1rbf2q1s1_synth_seed104_ckpt500000/metrics.jsonl
Writing metrics: /scratch/midway3/rickybao/dreamerv3_runs/adapt_ax1rbf2q1s1_synth_seed104_ckpt500000/scores.jsonl

--------------------[Agent Step 36_144]--------------------
Metrics filtered by: 'score|length|fps|ratio|train/loss/|train/rand/'
episode/score 4 / episode/length 1001 / train/loss/con 0.02 / train/loss/distractor 1.23 / train/loss/dyn 13.06 / train/loss/policy -0.03 / train/loss/position 0.27 / train/loss/rep 13.06 / train/loss/repval 1.25 / train/loss/rew 0.03 / train/loss/to_target 0.24 / train/loss/value 1.1 / train/loss/velocity 0.06 / replay/replay_ratio 1040 / fps/policy 40.54 / fps/train 4.2e4

Writing metrics: /scratch/midway3/rickybao/dreamerv3_runs/adapt_ax1rbf2q1s1_synth_seed104_ckpt500000/scores.jsonl
Writing metrics: /scratch/midway3/rickybao/dreamerv3_runs/adapt_ax1rbf2q1s1_synth_seed104_ckpt500000/metrics.jsonl
Saving checkpoint: /scratch/midway3/rickybao/dreamerv3_runs/adapt_ax1rbf2q1s1_synth_seed104_ckpt500000/ckpt/20260721T090752F083287
Saved checkpoint.

--------------------[Agent Step 40_944]--------------------
Metrics filtered by: 'score|length|fps|ratio|train/loss/|train/rand/'
train/loss/con 0.02 / train/loss/distractor 1.24 / train/loss/dyn 13.02 / train/loss/policy 8.3e-4 / train/loss/position 0.3 / train/loss/rep 13.02 / train/loss/repval 1.25 / train/loss/rew 0.02 / train/loss/to_target 0.26 / train/loss/value 1.14 / train/loss/velocity 0.06 / replay/replay_ratio 1040 / fps/policy 39.92 / fps/train 4.1e4

Writing metrics: /scratch/midway3/rickybao/dreamerv3_runs/adapt_ax1rbf2q1s1_synth_seed104_ckpt500000/scores.jsonl
Writing metrics: /scratch/midway3/rickybao/dreamerv3_runs/adapt_ax1rbf2q1s1_synth_seed104_ckpt500000/metrics.jsonl

--------------------[Agent Step 45_808]--------------------
Metrics filtered by: 'score|length|fps|ratio|train/loss/|train/rand/'
train/loss/con 0.02 / train/loss/distractor 1.25 / train/loss/dyn 13.1 / train/loss/policy -0.06 / train/loss/position 0.3 / train/loss/rep 13.1 / train/loss/repval 1.31 / train/loss/rew 0.03 / train/loss/to_target 0.27 / train/loss/value 1.06 / train/loss/velocity 0.06 / replay/replay_ratio 1040 / fps/policy 40.53 / fps/train 4.2e4

Writing metrics: /scratch/midway3/rickybao/dreamerv3_runs/adapt_ax1rbf2q1s1_synth_seed104_ckpt500000/metrics.jsonl
Writing metrics: /scratch/midway3/rickybao/dreamerv3_runs/adapt_ax1rbf2q1s1_synth_seed104_ckpt500000/scores.jsonl

--------------------[Agent Step 50_672]--------------------
Metrics filtered by: 'score|length|fps|ratio|train/loss/|train/rand/'
episode/score 24 / episode/length 1001 / train/loss/con 0.02 / train/loss/distractor 1.26 / train/loss/dyn 12.91 / train/loss/policy -0.05 / train/loss/position 0.31 / train/loss/rep 12.91 / train/loss/repval 1.27 / train/loss/rew 0.03 / train/loss/to_target 0.27 / train/loss/value 1.07 / train/loss/velocity 0.05 / replay/replay_ratio 1040 / fps/policy 40.52 / fps/train 4.1e4

Writing metrics: /scratch/midway3/rickybao/dreamerv3_runs/adapt_ax1rbf2q1s1_synth_seed104_ckpt500000/metrics.jsonlWriting metrics: /scratch/midway3/rickybao/dreamerv3_runs/adapt_ax1rbf2q1s1_synth_seed104_ckpt500000/scores.jsonl


--------------------[Agent Step 55_552]--------------------
Metrics filtered by: 'score|length|fps|ratio|train/loss/|train/rand/'
train/loss/con 0.02 / train/loss/distractor 1.26 / train/loss/dyn 12.85 / train/loss/policy -0.02 / train/loss/position 0.32 / train/loss/rep 12.85 / train/loss/repval 1.24 / train/loss/rew 0.03 / train/loss/to_target 0.27 / train/loss/value 1.04 / train/loss/velocity 0.05 / replay/replay_ratio 1040 / fps/policy 40.54 / fps/train 4.2e4

Writing metrics: /scratch/midway3/rickybao/dreamerv3_runs/adapt_ax1rbf2q1s1_synth_seed104_ckpt500000/scores.jsonl
Writing metrics: /scratch/midway3/rickybao/dreamerv3_runs/adapt_ax1rbf2q1s1_synth_seed104_ckpt500000/metrics.jsonl

--------------------[Agent Step 60_432]--------------------
Metrics filtered by: 'score|length|fps|ratio|train/loss/|train/rand/'
train/loss/con 0.02 / train/loss/distractor 1.26 / train/loss/dyn 12.76 / train/loss/policy -0.01 / train/loss/position 0.34 / train/loss/rep 12.76 / train/loss/repval 1.18 / train/loss/rew 0.02 / train/loss/to_target 0.29 / train/loss/value 1.03 / train/loss/velocity 0.04 / replay/replay_ratio 1040 / fps/policy 40.55 / fps/train 4.2e4

Writing metrics: /scratch/midway3/rickybao/dreamerv3_runs/adapt_ax1rbf2q1s1_synth_seed104_ckpt500000/metrics.jsonlWriting metrics: /scratch/midway3/rickybao/dreamerv3_runs/adapt_ax1rbf2q1s1_synth_seed104_ckpt500000/scores.jsonl


--------------------[Agent Step 65_312]--------------------
Metrics filtered by: 'score|length|fps|ratio|train/loss/|train/rand/'
episode/score 0 / episode/length 1001 / train/loss/con 0.02 / train/loss/distractor 1.27 / train/loss/dyn 12.74 / train/loss/policy -0.02 / train/loss/position 0.39 / train/loss/rep 12.74 / train/loss/repval 1.16 / train/loss/rew 0.02 / train/loss/to_target 0.33 / train/loss/value 1.04 / train/loss/velocity 0.04 / replay/replay_ratio 1040 / fps/policy 40.54 / fps/train 4.2e4

Writing metrics: /scratch/midway3/rickybao/dreamerv3_runs/adapt_ax1rbf2q1s1_synth_seed104_ckpt500000/metrics.jsonl
Writing metrics: /scratch/midway3/rickybao/dreamerv3_runs/adapt_ax1rbf2q1s1_synth_seed104_ckpt500000/scores.jsonl

--------------------[Agent Step 70_192]--------------------
Metrics filtered by: 'score|length|fps|ratio|train/loss/|train/rand/'
train/loss/con 0.02 / train/loss/distractor 1.28 / train/loss/dyn 12.75 / train/loss/policy -0.01 / train/loss/position 0.39 / train/loss/rep 12.75 / train/loss/repval 1.2 / train/loss/rew 0.01 / train/loss/to_target 0.33 / train/loss/value 0.98 / train/loss/velocity 0.04 / replay/replay_ratio 1040 / fps/policy 40.54 / fps/train 4.2e4

Writing metrics: /scratch/midway3/rickybao/dreamerv3_runs/adapt_ax1rbf2q1s1_synth_seed104_ckpt500000/scores.jsonlWriting metrics: /scratch/midway3/rickybao/dreamerv3_runs/adapt_ax1rbf2q1s1_synth_seed104_ckpt500000/metrics.jsonl

Saving checkpoint: /scratch/midway3/rickybao/dreamerv3_runs/adapt_ax1rbf2q1s1_synth_seed104_ckpt500000/ckpt/20260721T092252F462014
Saved checkpoint.

--------------------[Agent Step 75_024]--------------------
Metrics filtered by: 'score|length|fps|ratio|train/loss/|train/rand/'
train/loss/con 0.02 / train/loss/distractor 1.29 / train/loss/dyn 12.87 / train/loss/policy -0.01 / train/loss/position 0.43 / train/loss/rep 12.87 / train/loss/repval 1.25 / train/loss/rew 0.01 / train/loss/to_target 0.37 / train/loss/value 0.99 / train/loss/velocity 0.04 / replay/replay_ratio 1040 / fps/policy 40.15 / fps/train 4.1e4

Writing metrics: /scratch/midway3/rickybao/dreamerv3_runs/adapt_ax1rbf2q1s1_synth_seed104_ckpt500000/metrics.jsonlWriting metrics: /scratch/midway3/rickybao/dreamerv3_runs/adapt_ax1rbf2q1s1_synth_seed104_ckpt500000/scores.jsonl


--------------------[Agent Step 79_888]--------------------
Metrics filtered by: 'score|length|fps|ratio|train/loss/|train/rand/'
train/loss/con 0.02 / train/loss/distractor 1.31 / train/loss/dyn 13.05 / train/loss/policy 0.08 / train/loss/position 0.49 / train/loss/rep 13.05 / train/loss/repval 1.33 / train/loss/rew 0.01 / train/loss/to_target 0.43 / train/loss/value 1.03 / train/loss/velocity 0.04 / replay/replay_ratio 1040 / fps/policy 40.53 / fps/train 4.2e4

Writing metrics: /scratch/midway3/rickybao/dreamerv3_runs/adapt_ax1rbf2q1s1_synth_seed104_ckpt500000/scores.jsonlWriting metrics: /scratch/midway3/rickybao/dreamerv3_runs/adapt_ax1rbf2q1s1_synth_seed104_ckpt500000/metrics.jsonl


--------------------[Agent Step 84_752]--------------------
Metrics filtered by: 'score|length|fps|ratio|train/loss/|train/rand/'
episode/score 0 / episode/length 1001 / train/loss/con 0.02 / train/loss/distractor 1.34 / train/loss/dyn 13.33 / train/loss/policy 0.09 / train/loss/position 0.5 / train/loss/rep 13.33 / train/loss/repval 1.45 / train/loss/rew 9.6e-3 / train/loss/to_target 0.43 / train/loss/value 1.07 / train/loss/velocity 0.05 / replay/replay_ratio 1040 / fps/policy 40.53 / fps/train 4.2e4

Writing metrics: /scratch/midway3/rickybao/dreamerv3_runs/adapt_ax1rbf2q1s1_synth_seed104_ckpt500000/scores.jsonlWriting metrics: /scratch/midway3/rickybao/dreamerv3_runs/adapt_ax1rbf2q1s1_synth_seed104_ckpt500000/metrics.jsonl


--------------------[Agent Step 89_632]--------------------
Metrics filtered by: 'score|length|fps|ratio|train/loss/|train/rand/'
train/loss/con 0.02 / train/loss/distractor 1.35 / train/loss/dyn 13.4 / train/loss/policy -0.03 / train/loss/position 0.47 / train/loss/rep 13.4 / train/loss/repval 1.35 / train/loss/rew 0.01 / train/loss/to_target 0.41 / train/loss/value 1.05 / train/loss/velocity 0.06 / replay/replay_ratio 1040 / fps/policy 40.54 / fps/train 4.2e4

Writing metrics: /scratch/midway3/rickybao/dreamerv3_runs/adapt_ax1rbf2q1s1_synth_seed104_ckpt500000/metrics.jsonlWriting metrics: /scratch/midway3/rickybao/dreamerv3_runs/adapt_ax1rbf2q1s1_synth_seed104_ckpt500000/scores.jsonl


--------------------[Agent Step 94_496]--------------------
Metrics filtered by: 'score|length|fps|ratio|train/loss/|train/rand/'
train/loss/con 0.02 / train/loss/distractor 1.35 / train/loss/dyn 13.47 / train/loss/policy -0.02 / train/loss/position 0.46 / train/loss/rep 13.47 / train/loss/repval 1.22 / train/loss/rew 9.9e-3 / train/loss/to_target 0.41 / train/loss/value 1.06 / train/loss/velocity 0.06 / replay/replay_ratio 1040 / fps/policy 40.49 / fps/train 4.1e4

Writing metrics: /scratch/midway3/rickybao/dreamerv3_runs/adapt_ax1rbf2q1s1_synth_seed104_ckpt500000/metrics.jsonlWriting metrics: /scratch/midway3/rickybao/dreamerv3_runs/adapt_ax1rbf2q1s1_synth_seed104_ckpt500000/scores.jsonl


--------------------[Agent Step 99_360]--------------------
Metrics filtered by: 'score|length|fps|ratio|train/loss/|train/rand/'
episode/score 0 / episode/length 1001 / train/loss/con 0.02 / train/loss/distractor 1.35 / train/loss/dyn 13.51 / train/loss/policy -0.01 / train/loss/position 0.46 / train/loss/rep 13.51 / train/loss/repval 1.31 / train/loss/rew 0.01 / train/loss/to_target 0.41 / train/loss/value 1.06 / train/loss/velocity 0.06 / replay/replay_ratio 1040 / fps/policy 40.5 / fps/train 4.1e4

Writing metrics: /scratch/midway3/rickybao/dreamerv3_runs/adapt_ax1rbf2q1s1_synth_seed104_ckpt500000/scores.jsonlWriting metrics: /scratch/midway3/rickybao/dreamerv3_runs/adapt_ax1rbf2q1s1_synth_seed104_ckpt500000/metrics.jsonl


--------------------[Agent Step 104_224]--------------------
Metrics filtered by: 'score|length|fps|ratio|train/loss/|train/rand/'
train/loss/con 0.02 / train/loss/distractor 1.35 / train/loss/dyn 13.51 / train/loss/policy -0.05 / train/loss/position 0.44 / train/loss/rep 13.51 / train/loss/repval 1.22 / train/loss/rew 0.01 / train/loss/to_target 0.4 / train/loss/value 1.06 / train/loss/velocity 0.06 / replay/replay_ratio 1040 / fps/policy 40.51 / fps/train 4.1e4

Writing metrics: /scratch/midway3/rickybao/dreamerv3_runs/adapt_ax1rbf2q1s1_synth_seed104_ckpt500000/metrics.jsonl
Writing metrics: /scratch/midway3/rickybao/dreamerv3_runs/adapt_ax1rbf2q1s1_synth_seed104_ckpt500000/scores.jsonl

--------------------[Agent Step 109_088]--------------------
Metrics filtered by: 'score|length|fps|ratio|train/loss/|train/rand/'
train/loss/con 0.02 / train/loss/distractor 1.35 / train/loss/dyn 13.48 / train/loss/policy -0.03 / train/loss/position 0.44 / train/loss/rep 13.48 / train/loss/repval 1.21 / train/loss/rew 0.02 / train/loss/to_target 0.39 / train/loss/value 1.1 / train/loss/velocity 0.06 / replay/replay_ratio 1040 / fps/policy 40.45 / fps/train 4.1e4

Writing metrics: /scratch/midway3/rickybao/dreamerv3_runs/adapt_ax1rbf2q1s1_synth_seed104_ckpt500000/metrics.jsonlWriting metrics: /scratch/midway3/rickybao/dreamerv3_runs/adapt_ax1rbf2q1s1_synth_seed104_ckpt500000/scores.jsonl

Saving checkpoint: /scratch/midway3/rickybao/dreamerv3_runs/adapt_ax1rbf2q1s1_synth_seed104_ckpt500000/ckpt/20260721T093752F675920
Saved checkpoint.

--------------------[Agent Step 113_888]--------------------
Metrics filtered by: 'score|length|fps|ratio|train/loss/|train/rand/'
episode/score 70 / episode/length 1001 / train/loss/con 0.02 / train/loss/distractor 1.35 / train/loss/dyn 13.52 / train/loss/policy -0.04 / train/loss/position 0.43 / train/loss/rep 13.52 / train/loss/repval 1.28 / train/loss/rew 0.02 / train/loss/to_target 0.4 / train/loss/value 1.02 / train/loss/velocity 0.06 / replay/replay_ratio 1040 / fps/policy 40 / fps/train 4.1e4

Writing metrics: /scratch/midway3/rickybao/dreamerv3_runs/adapt_ax1rbf2q1s1_synth_seed104_ckpt500000/scores.jsonl
Writing metrics: /scratch/midway3/rickybao/dreamerv3_runs/adapt_ax1rbf2q1s1_synth_seed104_ckpt500000/metrics.jsonl

--------------------[Agent Step 118_752]--------------------
Metrics filtered by: 'score|length|fps|ratio|train/loss/|train/rand/'
train/loss/con 0.02 / train/loss/distractor 1.35 / train/loss/dyn 13.51 / train/loss/policy -0.02 / train/loss/position 0.43 / train/loss/rep 13.51 / train/loss/repval 1.14 / train/loss/rew 0.03 / train/loss/to_target 0.39 / train/loss/value 1.12 / train/loss/velocity 0.05 / replay/replay_ratio 1040 / fps/policy 40.5 / fps/train 4.1e4

Writing metrics: /scratch/midway3/rickybao/dreamerv3_runs/adapt_ax1rbf2q1s1_synth_seed104_ckpt500000/scores.jsonlWriting metrics: /scratch/midway3/rickybao/dreamerv3_runs/adapt_ax1rbf2q1s1_synth_seed104_ckpt500000/metrics.jsonl


--------------------[Agent Step 123_616]--------------------
Metrics filtered by: 'score|length|fps|ratio|train/loss/|train/rand/'
train/loss/con 0.02 / train/loss/distractor 1.36 / train/loss/dyn 13.55 / train/loss/policy -0.02 / train/loss/position 0.42 / train/loss/rep 13.55 / train/loss/repval 1.2 / train/loss/rew 0.03 / train/loss/to_target 0.39 / train/loss/value 1.09 / train/loss/velocity 0.05 / replay/replay_ratio 1040 / fps/policy 40.51 / fps/train 4.1e4

Writing metrics: /scratch/midway3/rickybao/dreamerv3_runs/adapt_ax1rbf2q1s1_synth_seed104_ckpt500000/metrics.jsonlWriting metrics: /scratch/midway3/rickybao/dreamerv3_runs/adapt_ax1rbf2q1s1_synth_seed104_ckpt500000/scores.jsonl

[Tue Jul 21 09:43:32 CDT 2026] adapt adapt_ax1rbf2q1s1_synth_seed104_ckpt500000 rc=0 status=DONE
[Tue Jul 21 09:43:32 CDT 2026] DONE child adapt_ax1rbf2q1s1_synth_seed104_ckpt500000
[Tue Jul 21 09:43:32 CDT 2026] START child adapt_ax1rbf2q1s1_synth_seed105_ckpt500000 WM_RUN=ax1wm_synth_fq1s1_seed2
[Tue Jul 21 09:43:32 CDT 2026] axis1 child starting RUN_ID=adapt_ax1rbf2q1s1_synth_seed105_ckpt500000 WM_RUN=ax1wm_synth_fq1s1_seed2 job=52442239 host=midway3-0279.rcc.local
[Tue Jul 21 09:43:32 CDT 2026] env prepared: python=/scratch/midway3/rickybao/conda_envs/dreamerv3/bin/python
python_executable=/scratch/midway3/rickybao/conda_envs/dreamerv3/bin/python
[Tue Jul 21 09:43:32 CDT 2026] offline WM already fit: /scratch/midway3/rickybao/dreamerv3_runs/ax1wm_synth_fq1s1_seed2/ckpt/20260718T130202F244984-000000500000 (skipping stage 1)
[Tue Jul 21 09:43:32 CDT 2026] adapt RUN_ID=adapt_ax1rbf2q1s1_synth_seed105_ckpt500000 TASK=synth_reach SEED=105 CKPT=/scratch/midway3/rickybao/dreamerv3_runs/ax1wm_synth_fq1s1_seed2/ckpt/20260718T130202F244984-000000500000 STEPS=1.25e5
---  ___                           __   ______ ---
--- |   \ _ _ ___ __ _ _ __  ___ _ \ \ / /__ / ---
--- | |) | '_/ -_) _` | '  \/ -_) '/\ V / |_ \ ---
--- |___/|_| \___\__,_|_|_|_\___|_|  \_/ |___/ ---
Replica: 0 / 1
Logdir: /scratch/midway3/rickybao/dreamerv3_runs/adapt_ax1rbf2q1s1_synth_seed105_ckpt500000
Run script: train
Observations
  position         Space(float32, shape=(2,), low=-inf, high=inf)
  velocity         Space(float32, shape=(2,), low=-inf, high=inf)
  distractor       Space(float32, shape=(8,), low=-inf, high=inf)
  to_target        Space(float32, shape=(2,), low=-inf, high=inf)
  reward           Space(float32, shape=(), low=-inf, high=inf)
  is_first         Space(bool, shape=(), low=False, high=True)
  is_last          Space(bool, shape=(), low=False, high=True)
  is_terminal      Space(bool, shape=(), low=False, high=True)
Actions
  action           Space(float32, shape=(2,), low=-1.0, high=1.0)
Extras
  consec           Space(int32, shape=(), low=-2147483648, high=2147483647)
  stepid           Space(uint8, shape=(20,), low=0, high=255)
  dyn/deter        Space(float32, shape=(512,), low=-inf, high=inf)
  dyn/stoch        Space(float32, shape=(32, 4), low=-inf, high=inf)
JAX devices (1): [cuda:0]
Policy devices: cuda:0
Train devices:  cuda:0
Initializing parameters...
Optimizer opt has 214,723 params:
        66,111 val
        57,663 rew
        49,796 pol
        41,153 con
Done initializing!
Compiling 1 checkpoint groups...
Largest checkpoint group: 0 GB
Compiling train and report...
Train cost analysis:
  FLOPS:            7.2e+09
  Memory (temp):    2.0e+08
  Memory (inputs):  7.3e+06
  Memory (outputs): 5.9e+06
  Memory (code):    1.5e+06

Report cost analysis:
  FLOPS:            1.8e+06
  Memory (temp):    9.2e+05
  Memory (inputs):  2.7e+06
  Memory (outputs): 2.1e+04
  Memory (code):    9.8e+04

Done compiling!
Loaded pretrained checkpoint with keys: ['dec/mlp/linear0/bias', 'dec/mlp/linear0/kernel', 'dec/mlp/linear1/bias', 'dec/mlp/linear1/kernel', 'dec/mlp/linear2/bias', 'dec/mlp/linear2/kernel', 'dec/mlp/norm0/scale', 'dec/mlp/norm1/scale', 'dec/mlp/norm2/scale', 'dec/vec/distractor/pred/bias', 'dec/vec/distractor/pred/kernel', 'dec/vec/position/pred/bias', 'dec/vec/position/pred/kernel', 'dec/vec/to_target/pred/bias', 'dec/vec/to_target/pred/kernel', 'dec/vec/velocity/pred/bias', 'dec/vec/velocity/pred/kernel', 'dyn/dyngru/bias', 'dyn/dyngru/kernel', 'dyn/dynhid0/bias', 'dyn/dynhid0/kernel', 'dyn/dynhid0norm/scale', 'dyn/dynin0/bias', 'dyn/dynin0/kernel', 'dyn/dynin0norm/scale', 'dyn/dynin1/bias', 'dyn/dynin1/kernel', 'dyn/dynin1norm/scale', 'dyn/dynin2/bias', 'dyn/dynin2/kernel', 'dyn/dynin2norm/scale', 'dyn/obs0/bias', 'dyn/obs0/kernel', 'dyn/obs0norm/scale', 'dyn/obslogit/bias', 'dyn/obslogit/kernel', 'dyn/prior0/bias', 'dyn/prior0/kernel', 'dyn/prior0norm/scale', 'dyn/prior1/bias', 'dyn/prior1/kernel', 'dyn/prior1norm/scale', 'dyn/priorlogit/bias', 'dyn/priorlogit/kernel', 'enc/mlp0/bias', 'enc/mlp0/kernel', 'enc/mlp0norm/scale', 'enc/mlp1/bias', 'enc/mlp1/kernel', 'enc/mlp1norm/scale', 'enc/mlp2/bias', 'enc/mlp2/kernel', 'enc/mlp2norm/scale']
Did not find any checkpoint.
Saving checkpoint: /scratch/midway3/rickybao/dreamerv3_runs/adapt_ax1rbf2q1s1_synth_seed105_ckpt500000/ckpt/20260721T094359F494203
Saved checkpoint.
Start training loop

--------------------[Agent Step 6_864]--------------------
Metrics filtered by: 'score|length|fps|ratio|train/loss/|train/rand/'
train/loss/con 0.06 / train/loss/distractor 1.17 / train/loss/dyn 12.1 / train/loss/policy 0.04 / train/loss/position 0.3 / train/loss/rep 12.1 / train/loss/repval 2.81 / train/loss/rew 1.04 / train/loss/to_target 0.21 / train/loss/value 1.7 / train/loss/velocity 0.03 / replay/replay_ratio 858 / fps/policy 56.36 / fps/train 4.1e4

Writing metrics: /scratch/midway3/rickybao/dreamerv3_runs/adapt_ax1rbf2q1s1_synth_seed105_ckpt500000/metrics.jsonl
Writing metrics: /scratch/midway3/rickybao/dreamerv3_runs/adapt_ax1rbf2q1s1_synth_seed105_ckpt500000/scores.jsonl

--------------------[Agent Step 11_728]--------------------
Metrics filtered by: 'score|length|fps|ratio|train/loss/|train/rand/'
train/loss/con 0.02 / train/loss/distractor 1.28 / train/loss/dyn 11.82 / train/loss/policy 7.9e-3 / train/loss/position 0.2 / train/loss/rep 11.82 / train/loss/repval 1.23 / train/loss/rew 6.7e-3 / train/loss/to_target 0.12 / train/loss/value 1.04 / train/loss/velocity 0.08 / replay/replay_ratio 1040 / fps/policy 40.41 / fps/train 4.1e4

Writing metrics: /scratch/midway3/rickybao/dreamerv3_runs/adapt_ax1rbf2q1s1_synth_seed105_ckpt500000/scores.jsonlWriting metrics: /scratch/midway3/rickybao/dreamerv3_runs/adapt_ax1rbf2q1s1_synth_seed105_ckpt500000/metrics.jsonl


--------------------[Agent Step 16_592]--------------------
Metrics filtered by: 'score|length|fps|ratio|train/loss/|train/rand/'
episode/score 0 / episode/length 1001 / train/loss/con 0.02 / train/loss/distractor 1.33 / train/loss/dyn 12.73 / train/loss/policy 1.6e-3 / train/loss/position 0.2 / train/loss/rep 12.73 / train/loss/repval 1.22 / train/loss/rew 6.4e-3 / train/loss/to_target 0.13 / train/loss/value 1.02 / train/loss/velocity 0.13 / replay/replay_ratio 1040 / fps/policy 40.41 / fps/train 4.1e4

Writing metrics: /scratch/midway3/rickybao/dreamerv3_runs/adapt_ax1rbf2q1s1_synth_seed105_ckpt500000/metrics.jsonlWriting metrics: /scratch/midway3/rickybao/dreamerv3_runs/adapt_ax1rbf2q1s1_synth_seed105_ckpt500000/scores.jsonl


--------------------[Agent Step 21_456]--------------------
Metrics filtered by: 'score|length|fps|ratio|train/loss/|train/rand/'
train/loss/con 0.02 / train/loss/distractor 1.31 / train/loss/dyn 13.04 / train/loss/policy -7.4e-3 / train/loss/position 0.2 / train/loss/rep 13.04 / train/loss/repval 1.27 / train/loss/rew 2.3e-3 / train/loss/to_target 0.16 / train/loss/value 0.98 / train/loss/velocity 0.18 / replay/replay_ratio 1040 / fps/policy 40.42 / fps/train 4.1e4

Writing metrics: /scratch/midway3/rickybao/dreamerv3_runs/adapt_ax1rbf2q1s1_synth_seed105_ckpt500000/scores.jsonlWriting metrics: /scratch/midway3/rickybao/dreamerv3_runs/adapt_ax1rbf2q1s1_synth_seed105_ckpt500000/metrics.jsonl


--------------------[Agent Step 26_320]--------------------
Metrics filtered by: 'score|length|fps|ratio|train/loss/|train/rand/'
train/loss/con 0.02 / train/loss/distractor 1.31 / train/loss/dyn 12.92 / train/loss/policy -0.03 / train/loss/position 0.19 / train/loss/rep 12.92 / train/loss/repval 1.23 / train/loss/rew 3.1e-3 / train/loss/to_target 0.15 / train/loss/value 1.07 / train/loss/velocity 0.15 / replay/replay_ratio 1040 / fps/policy 40.41 / fps/train 4.1e4

Writing metrics: /scratch/midway3/rickybao/dreamerv3_runs/adapt_ax1rbf2q1s1_synth_seed105_ckpt500000/metrics.jsonl
Writing metrics: /scratch/midway3/rickybao/dreamerv3_runs/adapt_ax1rbf2q1s1_synth_seed105_ckpt500000/scores.jsonl

--------------------[Agent Step 31_184]--------------------
Metrics filtered by: 'score|length|fps|ratio|train/loss/|train/rand/'
train/loss/con 0.02 / train/loss/distractor 1.3 / train/loss/dyn 13.21 / train/loss/policy -0.05 / train/loss/position 0.2 / train/loss/rep 13.21 / train/loss/repval 1.25 / train/loss/rew 0.01 / train/loss/to_target 0.18 / train/loss/value 1.11 / train/loss/velocity 0.16 / replay/replay_ratio 1040 / fps/policy 40.41 / fps/train 4.1e4

Writing metrics: /scratch/midway3/rickybao/dreamerv3_runs/adapt_ax1rbf2q1s1_synth_seed105_ckpt500000/metrics.jsonlWriting metrics: /scratch/midway3/rickybao/dreamerv3_runs/adapt_ax1rbf2q1s1_synth_seed105_ckpt500000/scores.jsonl


--------------------[Agent Step 36_048]--------------------
Metrics filtered by: 'score|length|fps|ratio|train/loss/|train/rand/'
episode/score 10 / episode/length 1001 / train/loss/con 0.02 / train/loss/distractor 1.29 / train/loss/dyn 13.4 / train/loss/policy -0.07 / train/loss/position 0.21 / train/loss/rep 13.4 / train/loss/repval 1.32 / train/loss/rew 0.02 / train/loss/to_target 0.21 / train/loss/value 1.07 / train/loss/velocity 0.16 / replay/replay_ratio 1040 / fps/policy 40.41 / fps/train 4.1e4

Writing metrics: /scratch/midway3/rickybao/dreamerv3_runs/adapt_ax1rbf2q1s1_synth_seed105_ckpt500000/metrics.jsonl
Writing metrics: /scratch/midway3/rickybao/dreamerv3_runs/adapt_ax1rbf2q1s1_synth_seed105_ckpt500000/scores.jsonl
Saving checkpoint: /scratch/midway3/rickybao/dreamerv3_runs/adapt_ax1rbf2q1s1_synth_seed105_ckpt500000/ckpt/20260721T095901F110924
Saved checkpoint.

--------------------[Agent Step 40_832]--------------------
Metrics filtered by: 'score|length|fps|ratio|train/loss/|train/rand/'
train/loss/con 0.02 / train/loss/distractor 1.29 / train/loss/dyn 13.52 / train/loss/policy -0.05 / train/loss/position 0.22 / train/loss/rep 13.52 / train/loss/repval 1.3 / train/loss/rew 0.04 / train/loss/to_target 0.23 / train/loss/value 1.05 / train/loss/velocity 0.15 / replay/replay_ratio 1040 / fps/policy 39.81 / fps/train 4.1e4

Writing metrics: /scratch/midway3/rickybao/dreamerv3_runs/adapt_ax1rbf2q1s1_synth_seed105_ckpt500000/scores.jsonlWriting metrics: /scratch/midway3/rickybao/dreamerv3_runs/adapt_ax1rbf2q1s1_synth_seed105_ckpt500000/metrics.jsonl


--------------------[Agent Step 45_696]--------------------
Metrics filtered by: 'score|length|fps|ratio|train/loss/|train/rand/'
train/loss/con 0.02 / train/loss/distractor 1.29 / train/loss/dyn 13.69 / train/loss/policy -0.04 / train/loss/position 0.24 / train/loss/rep 13.69 / train/loss/repval 1.22 / train/loss/rew 0.07 / train/loss/to_target 0.27 / train/loss/value 0.99 / train/loss/velocity 0.14 / replay/replay_ratio 1040 / fps/policy 40.41 / fps/train 4.1e4

Writing metrics: /scratch/midway3/rickybao/dreamerv3_runs/adapt_ax1rbf2q1s1_synth_seed105_ckpt500000/metrics.jsonlWriting metrics: /scratch/midway3/rickybao/dreamerv3_runs/adapt_ax1rbf2q1s1_synth_seed105_ckpt500000/scores.jsonl


--------------------[Agent Step 50_560]--------------------
Metrics filtered by: 'score|length|fps|ratio|train/loss/|train/rand/'
episode/score 104 / episode/length 1001 / train/loss/con 0.02 / train/loss/distractor 1.29 / train/loss/dyn 13.73 / train/loss/policy -0.02 / train/loss/position 0.29 / train/loss/rep 13.73 / train/loss/repval 1.2 / train/loss/rew 0.09 / train/loss/to_target 0.3 / train/loss/value 1 / train/loss/velocity 0.13 / replay/replay_ratio 1040 / fps/policy 40.41 / fps/train 4.1e4

Writing metrics: /scratch/midway3/rickybao/dreamerv3_runs/adapt_ax1rbf2q1s1_synth_seed105_ckpt500000/metrics.jsonlWriting metrics: /scratch/midway3/rickybao/dreamerv3_runs/adapt_ax1rbf2q1s1_synth_seed105_ckpt500000/scores.jsonl


--------------------[Agent Step 55_424]--------------------
Metrics filtered by: 'score|length|fps|ratio|train/loss/|train/rand/'
train/loss/con 0.02 / train/loss/distractor 1.29 / train/loss/dyn 13.76 / train/loss/policy -0.01 / train/loss/position 0.29 / train/loss/rep 13.76 / train/loss/repval 1.19 / train/loss/rew 0.09 / train/loss/to_target 0.3 / train/loss/value 0.99 / train/loss/velocity 0.12 / replay/replay_ratio 1040 / fps/policy 40.41 / fps/train 4.1e4

Writing metrics: /scratch/midway3/rickybao/dreamerv3_runs/adapt_ax1rbf2q1s1_synth_seed105_ckpt500000/metrics.jsonl
Writing metrics: /scratch/midway3/rickybao/dreamerv3_runs/adapt_ax1rbf2q1s1_synth_seed105_ckpt500000/scores.jsonl

--------------------[Agent Step 60_288]--------------------
Metrics filtered by: 'score|length|fps|ratio|train/loss/|train/rand/'
train/loss/con 0.02 / train/loss/distractor 1.29 / train/loss/dyn 13.79 / train/loss/policy -0.02 / train/loss/position 0.31 / train/loss/rep 13.79 / train/loss/repval 1.12 / train/loss/rew 0.11 / train/loss/to_target 0.32 / train/loss/value 0.98 / train/loss/velocity 0.11 / replay/replay_ratio 1040 / fps/policy 40.42 / fps/train 4.1e4

Writing metrics: /scratch/midway3/rickybao/dreamerv3_runs/adapt_ax1rbf2q1s1_synth_seed105_ckpt500000/metrics.jsonl
Writing metrics: /scratch/midway3/rickybao/dreamerv3_runs/adapt_ax1rbf2q1s1_synth_seed105_ckpt500000/scores.jsonl

--------------------[Agent Step 65_152]--------------------
Metrics filtered by: 'score|length|fps|ratio|train/loss/|train/rand/'
episode/score 122 / episode/length 1001 / train/loss/con 0.02 / train/loss/distractor 1.29 / train/loss/dyn 13.82 / train/loss/policy -0.03 / train/loss/position 0.33 / train/loss/rep 13.82 / train/loss/repval 1.16 / train/loss/rew 0.12 / train/loss/to_target 0.35 / train/loss/value 0.99 / train/loss/velocity 0.11 / replay/replay_ratio 1040 / fps/policy 40.42 / fps/train 4.1e4

Writing metrics: /scratch/midway3/rickybao/dreamerv3_runs/adapt_ax1rbf2q1s1_synth_seed105_ckpt500000/scores.jsonlWriting metrics: /scratch/midway3/rickybao/dreamerv3_runs/adapt_ax1rbf2q1s1_synth_seed105_ckpt500000/metrics.jsonl


--------------------[Agent Step 70_016]--------------------
Metrics filtered by: 'score|length|fps|ratio|train/loss/|train/rand/'
train/loss/con 0.02 / train/loss/distractor 1.29 / train/loss/dyn 13.81 / train/loss/policy -0.01 / train/loss/position 0.34 / train/loss/rep 13.81 / train/loss/repval 1.2 / train/loss/rew 0.13 / train/loss/to_target 0.35 / train/loss/value 1.06 / train/loss/velocity 0.1 / replay/replay_ratio 1040 / fps/policy 40.41 / fps/train 4.1e4

Writing metrics: /scratch/midway3/rickybao/dreamerv3_runs/adapt_ax1rbf2q1s1_synth_seed105_ckpt500000/scores.jsonlWriting metrics: /scratch/midway3/rickybao/dreamerv3_runs/adapt_ax1rbf2q1s1_synth_seed105_ckpt500000/metrics.jsonl

Saving checkpoint: /scratch/midway3/rickybao/dreamerv3_runs/adapt_ax1rbf2q1s1_synth_seed105_ckpt500000/ckpt/20260721T101401F468472
Saved checkpoint.

--------------------[Agent Step 74_816]--------------------
Metrics filtered by: 'score|length|fps|ratio|train/loss/|train/rand/'
train/loss/con 0.02 / train/loss/distractor 1.29 / train/loss/dyn 13.82 / train/loss/policy -0.02 / train/loss/position 0.35 / train/loss/rep 13.82 / train/loss/repval 1.17 / train/loss/rew 0.14 / train/loss/to_target 0.37 / train/loss/value 1.06 / train/loss/velocity 0.1 / replay/replay_ratio 1040 / fps/policy 39.95 / fps/train 4.1e4

Writing metrics: /scratch/midway3/rickybao/dreamerv3_runs/adapt_ax1rbf2q1s1_synth_seed105_ckpt500000/scores.jsonl
Writing metrics: /scratch/midway3/rickybao/dreamerv3_runs/adapt_ax1rbf2q1s1_synth_seed105_ckpt500000/metrics.jsonl

--------------------[Agent Step 79_680]--------------------
Metrics filtered by: 'score|length|fps|ratio|train/loss/|train/rand/'
train/loss/con 0.02 / train/loss/distractor 1.29 / train/loss/dyn 13.86 / train/loss/policy -0.02 / train/loss/position 0.35 / train/loss/rep 13.86 / train/loss/repval 1.2 / train/loss/rew 0.15 / train/loss/to_target 0.38 / train/loss/value 1.06 / train/loss/velocity 0.1 / replay/replay_ratio 1040 / fps/policy 40.41 / fps/train 4.1e4

Writing metrics: /scratch/midway3/rickybao/dreamerv3_runs/adapt_ax1rbf2q1s1_synth_seed105_ckpt500000/metrics.jsonl
Writing metrics: /scratch/midway3/rickybao/dreamerv3_runs/adapt_ax1rbf2q1s1_synth_seed105_ckpt500000/scores.jsonl

--------------------[Agent Step 84_544]--------------------
Metrics filtered by: 'score|length|fps|ratio|train/loss/|train/rand/'
episode/score 193 / episode/length 1001 / train/loss/con 0.02 / train/loss/distractor 1.29 / train/loss/dyn 13.9 / train/loss/policy -0.02 / train/loss/position 0.35 / train/loss/rep 13.9 / train/loss/repval 1.18 / train/loss/rew 0.16 / train/loss/to_target 0.38 / train/loss/value 1.04 / train/loss/velocity 0.1 / replay/replay_ratio 1040 / fps/policy 40.41 / fps/train 4.1e4

Writing metrics: /scratch/midway3/rickybao/dreamerv3_runs/adapt_ax1rbf2q1s1_synth_seed105_ckpt500000/metrics.jsonlWriting metrics: /scratch/midway3/rickybao/dreamerv3_runs/adapt_ax1rbf2q1s1_synth_seed105_ckpt500000/scores.jsonl


--------------------[Agent Step 89_408]--------------------
Metrics filtered by: 'score|length|fps|ratio|train/loss/|train/rand/'
train/loss/con 0.02 / train/loss/distractor 1.28 / train/loss/dyn 13.93 / train/loss/policy -0.02 / train/loss/position 0.35 / train/loss/rep 13.93 / train/loss/repval 1.12 / train/loss/rew 0.16 / train/loss/to_target 0.39 / train/loss/value 0.95 / train/loss/velocity 0.1 / replay/replay_ratio 1040 / fps/policy 40.41 / fps/train 4.1e4

Writing metrics: /scratch/midway3/rickybao/dreamerv3_runs/adapt_ax1rbf2q1s1_synth_seed105_ckpt500000/metrics.jsonl
Writing metrics: /scratch/midway3/rickybao/dreamerv3_runs/adapt_ax1rbf2q1s1_synth_seed105_ckpt500000/scores.jsonl

--------------------[Agent Step 94_272]--------------------
Metrics filtered by: 'score|length|fps|ratio|train/loss/|train/rand/'
train/loss/con 0.02 / train/loss/distractor 1.28 / train/loss/dyn 13.96 / train/loss/policy -0.02 / train/loss/position 0.35 / train/loss/rep 13.96 / train/loss/repval 1.09 / train/loss/rew 0.17 / train/loss/to_target 0.39 / train/loss/value 0.98 / train/loss/velocity 0.1 / replay/replay_ratio 1040 / fps/policy 40.4 / fps/train 4.1e4

Writing metrics: /scratch/midway3/rickybao/dreamerv3_runs/adapt_ax1rbf2q1s1_synth_seed105_ckpt500000/metrics.jsonlWriting metrics: /scratch/midway3/rickybao/dreamerv3_runs/adapt_ax1rbf2q1s1_synth_seed105_ckpt500000/scores.jsonl


--------------------[Agent Step 99_136]--------------------
Metrics filtered by: 'score|length|fps|ratio|train/loss/|train/rand/'
episode/score 222 / episode/length 1001 / train/loss/con 0.02 / train/loss/distractor 1.28 / train/loss/dyn 13.99 / train/loss/policy -0.01 / train/loss/position 0.36 / train/loss/rep 13.99 / train/loss/repval 1.18 / train/loss/rew 0.17 / train/loss/to_target 0.4 / train/loss/value 1.09 / train/loss/velocity 0.1 / replay/replay_ratio 1040 / fps/policy 40.4 / fps/train 4.1e4

Writing metrics: /scratch/midway3/rickybao/dreamerv3_runs/adapt_ax1rbf2q1s1_synth_seed105_ckpt500000/scores.jsonl
Writing metrics: /scratch/midway3/rickybao/dreamerv3_runs/adapt_ax1rbf2q1s1_synth_seed105_ckpt500000/metrics.jsonl

--------------------[Agent Step 104_000]--------------------
Metrics filtered by: 'score|length|fps|ratio|train/loss/|train/rand/'
train/loss/con 0.02 / train/loss/distractor 1.28 / train/loss/dyn 14.01 / train/loss/policy -0.01 / train/loss/position 0.35 / train/loss/rep 14.01 / train/loss/repval 1.18 / train/loss/rew 0.18 / train/loss/to_target 0.4 / train/loss/value 1.09 / train/loss/velocity 0.09 / replay/replay_ratio 1040 / fps/policy 40.41 / fps/train 4.1e4

Writing metrics: /scratch/midway3/rickybao/dreamerv3_runs/adapt_ax1rbf2q1s1_synth_seed105_ckpt500000/metrics.jsonl
Writing metrics: /scratch/midway3/rickybao/dreamerv3_runs/adapt_ax1rbf2q1s1_synth_seed105_ckpt500000/scores.jsonl

--------------------[Agent Step 108_848]--------------------
Metrics filtered by: 'score|length|fps|ratio|train/loss/|train/rand/'
train/loss/con 0.02 / train/loss/distractor 1.28 / train/loss/dyn 14.04 / train/loss/policy -9.8e-3 / train/loss/position 0.36 / train/loss/rep 14.04 / train/loss/repval 1.16 / train/loss/rew 0.18 / train/loss/to_target 0.41 / train/loss/value 1.06 / train/loss/velocity 0.1 / replay/replay_ratio 1040 / fps/policy 40.34 / fps/train 4.1e4

Writing metrics: /scratch/midway3/rickybao/dreamerv3_runs/adapt_ax1rbf2q1s1_synth_seed105_ckpt500000/scores.jsonl
Writing metrics: /scratch/midway3/rickybao/dreamerv3_runs/adapt_ax1rbf2q1s1_synth_seed105_ckpt500000/metrics.jsonl
Saving checkpoint: /scratch/midway3/rickybao/dreamerv3_runs/adapt_ax1rbf2q1s1_synth_seed105_ckpt500000/ckpt/20260721T102901F492858
Saved checkpoint.

--------------------[Agent Step 113_648]--------------------
Metrics filtered by: 'score|length|fps|ratio|train/loss/|train/rand/'
episode/score 210 / episode/length 1001 / train/loss/con 0.02 / train/loss/distractor 1.28 / train/loss/dyn 14.08 / train/loss/policy -9.3e-3 / train/loss/position 0.36 / train/loss/rep 14.08 / train/loss/repval 1.16 / train/loss/rew 0.19 / train/loss/to_target 0.41 / train/loss/value 1.04 / train/loss/velocity 0.09 / replay/replay_ratio 1040 / fps/policy 39.92 / fps/train 4.1e4

Writing metrics: /scratch/midway3/rickybao/dreamerv3_runs/adapt_ax1rbf2q1s1_synth_seed105_ckpt500000/scores.jsonl
Writing metrics: /scratch/midway3/rickybao/dreamerv3_runs/adapt_ax1rbf2q1s1_synth_seed105_ckpt500000/metrics.jsonl

--------------------[Agent Step 118_512]--------------------
Metrics filtered by: 'score|length|fps|ratio|train/loss/|train/rand/'
train/loss/con 0.02 / train/loss/distractor 1.28 / train/loss/dyn 14.08 / train/loss/policy -9.1e-3 / train/loss/position 0.36 / train/loss/rep 14.08 / train/loss/repval 1.16 / train/loss/rew 0.19 / train/loss/to_target 0.41 / train/loss/value 1.04 / train/loss/velocity 0.09 / replay/replay_ratio 1040 / fps/policy 40.41 / fps/train 4.1e4

Writing metrics: /scratch/midway3/rickybao/dreamerv3_runs/adapt_ax1rbf2q1s1_synth_seed105_ckpt500000/scores.jsonlWriting metrics: /scratch/midway3/rickybao/dreamerv3_runs/adapt_ax1rbf2q1s1_synth_seed105_ckpt500000/metrics.jsonl


--------------------[Agent Step 123_376]--------------------
Metrics filtered by: 'score|length|fps|ratio|train/loss/|train/rand/'
train/loss/con 0.02 / train/loss/distractor 1.28 / train/loss/dyn 14.09 / train/loss/policy -0.01 / train/loss/position 0.36 / train/loss/rep 14.09 / train/loss/repval 1.14 / train/loss/rew 0.19 / train/loss/to_target 0.41 / train/loss/value 1 / train/loss/velocity 0.09 / replay/replay_ratio 1040 / fps/policy 40.41 / fps/train 4.1e4

Writing metrics: /scratch/midway3/rickybao/dreamerv3_runs/adapt_ax1rbf2q1s1_synth_seed105_ckpt500000/scores.jsonl
Writing metrics: /scratch/midway3/rickybao/dreamerv3_runs/adapt_ax1rbf2q1s1_synth_seed105_ckpt500000/metrics.jsonl
[Tue Jul 21 10:34:50 CDT 2026] adapt adapt_ax1rbf2q1s1_synth_seed105_ckpt500000 rc=0 status=DONE
[Tue Jul 21 10:34:50 CDT 2026] DONE child adapt_ax1rbf2q1s1_synth_seed105_ckpt500000
[Tue Jul 21 10:34:50 CDT 2026] START child adapt_ax1rbf2q1s1_synth_seed106_ckpt500000 WM_RUN=ax1wm_synth_fq1s1_seed2
[Tue Jul 21 10:34:50 CDT 2026] axis1 child starting RUN_ID=adapt_ax1rbf2q1s1_synth_seed106_ckpt500000 WM_RUN=ax1wm_synth_fq1s1_seed2 job=52442239 host=midway3-0279.rcc.local
[Tue Jul 21 10:34:50 CDT 2026] env prepared: python=/scratch/midway3/rickybao/conda_envs/dreamerv3/bin/python
python_executable=/scratch/midway3/rickybao/conda_envs/dreamerv3/bin/python
[Tue Jul 21 10:34:50 CDT 2026] offline WM already fit: /scratch/midway3/rickybao/dreamerv3_runs/ax1wm_synth_fq1s1_seed2/ckpt/20260718T130202F244984-000000500000 (skipping stage 1)
[Tue Jul 21 10:34:50 CDT 2026] adapt RUN_ID=adapt_ax1rbf2q1s1_synth_seed106_ckpt500000 TASK=synth_reach SEED=106 CKPT=/scratch/midway3/rickybao/dreamerv3_runs/ax1wm_synth_fq1s1_seed2/ckpt/20260718T130202F244984-000000500000 STEPS=1.25e5
---  ___                           __   ______ ---
--- |   \ _ _ ___ __ _ _ __  ___ _ \ \ / /__ / ---
--- | |) | '_/ -_) _` | '  \/ -_) '/\ V / |_ \ ---
--- |___/|_| \___\__,_|_|_|_\___|_|  \_/ |___/ ---
Replica: 0 / 1
Logdir: /scratch/midway3/rickybao/dreamerv3_runs/adapt_ax1rbf2q1s1_synth_seed106_ckpt500000
Run script: train
Observations
  position         Space(float32, shape=(2,), low=-inf, high=inf)
  velocity         Space(float32, shape=(2,), low=-inf, high=inf)
  distractor       Space(float32, shape=(8,), low=-inf, high=inf)
  to_target        Space(float32, shape=(2,), low=-inf, high=inf)
  reward           Space(float32, shape=(), low=-inf, high=inf)
  is_first         Space(bool, shape=(), low=False, high=True)
  is_last          Space(bool, shape=(), low=False, high=True)
  is_terminal      Space(bool, shape=(), low=False, high=True)
Actions
  action           Space(float32, shape=(2,), low=-1.0, high=1.0)
Extras
  consec           Space(int32, shape=(), low=-2147483648, high=2147483647)
  stepid           Space(uint8, shape=(20,), low=0, high=255)
  dyn/deter        Space(float32, shape=(512,), low=-inf, high=inf)
  dyn/stoch        Space(float32, shape=(32, 4), low=-inf, high=inf)
JAX devices (1): [cuda:0]
Policy devices: cuda:0
Train devices:  cuda:0
Initializing parameters...
Optimizer opt has 214,723 params:
        66,111 val
        57,663 rew
        49,796 pol
        41,153 con
Done initializing!
Compiling 1 checkpoint groups...
Largest checkpoint group: 0 GB
Compiling train and report...
Train cost analysis:
  FLOPS:            7.2e+09
  Memory (temp):    2.0e+08
  Memory (inputs):  7.3e+06
  Memory (outputs): 5.9e+06
  Memory (code):    1.5e+06

Report cost analysis:
  FLOPS:            1.8e+06
  Memory (temp):    9.2e+05
  Memory (inputs):  2.7e+06
  Memory (outputs): 2.1e+04
  Memory (code):    9.8e+04

Done compiling!
Loaded pretrained checkpoint with keys: ['dec/mlp/linear0/bias', 'dec/mlp/linear0/kernel', 'dec/mlp/linear1/bias', 'dec/mlp/linear1/kernel', 'dec/mlp/linear2/bias', 'dec/mlp/linear2/kernel', 'dec/mlp/norm0/scale', 'dec/mlp/norm1/scale', 'dec/mlp/norm2/scale', 'dec/vec/distractor/pred/bias', 'dec/vec/distractor/pred/kernel', 'dec/vec/position/pred/bias', 'dec/vec/position/pred/kernel', 'dec/vec/to_target/pred/bias', 'dec/vec/to_target/pred/kernel', 'dec/vec/velocity/pred/bias', 'dec/vec/velocity/pred/kernel', 'dyn/dyngru/bias', 'dyn/dyngru/kernel', 'dyn/dynhid0/bias', 'dyn/dynhid0/kernel', 'dyn/dynhid0norm/scale', 'dyn/dynin0/bias', 'dyn/dynin0/kernel', 'dyn/dynin0norm/scale', 'dyn/dynin1/bias', 'dyn/dynin1/kernel', 'dyn/dynin1norm/scale', 'dyn/dynin2/bias', 'dyn/dynin2/kernel', 'dyn/dynin2norm/scale', 'dyn/obs0/bias', 'dyn/obs0/kernel', 'dyn/obs0norm/scale', 'dyn/obslogit/bias', 'dyn/obslogit/kernel', 'dyn/prior0/bias', 'dyn/prior0/kernel', 'dyn/prior0norm/scale', 'dyn/prior1/bias', 'dyn/prior1/kernel', 'dyn/prior1norm/scale', 'dyn/priorlogit/bias', 'dyn/priorlogit/kernel', 'enc/mlp0/bias', 'enc/mlp0/kernel', 'enc/mlp0norm/scale', 'enc/mlp1/bias', 'enc/mlp1/kernel', 'enc/mlp1norm/scale', 'enc/mlp2/bias', 'enc/mlp2/kernel', 'enc/mlp2norm/scale']
Did not find any checkpoint.
Saving checkpoint: /scratch/midway3/rickybao/dreamerv3_runs/adapt_ax1rbf2q1s1_synth_seed106_ckpt500000/ckpt/20260721T103516F849040
Saved checkpoint.
Start training loop

--------------------[Agent Step 6_864]--------------------
Metrics filtered by: 'score|length|fps|ratio|train/loss/|train/rand/'
train/loss/con 0.06 / train/loss/distractor 1.19 / train/loss/dyn 12.54 / train/loss/policy 0.02 / train/loss/position 0.24 / train/loss/rep 12.54 / train/loss/repval 2.92 / train/loss/rew 1.05 / train/loss/to_target 0.2 / train/loss/value 1.72 / train/loss/velocity 7.9e-3 / replay/replay_ratio 858 / fps/policy 56.31 / fps/train 4e4

Writing metrics: /scratch/midway3/rickybao/dreamerv3_runs/adapt_ax1rbf2q1s1_synth_seed106_ckpt500000/metrics.jsonl
Writing metrics: /scratch/midway3/rickybao/dreamerv3_runs/adapt_ax1rbf2q1s1_synth_seed106_ckpt500000/scores.jsonl

--------------------[Agent Step 11_712]--------------------
Metrics filtered by: 'score|length|fps|ratio|train/loss/|train/rand/'
train/loss/con 0.02 / train/loss/distractor 1.22 / train/loss/dyn 13.02 / train/loss/policy 4e-4 / train/loss/position 0.23 / train/loss/rep 13.02 / train/loss/repval 1.6 / train/loss/rew 0.04 / train/loss/to_target 0.23 / train/loss/value 1.38 / train/loss/velocity 0.02 / replay/replay_ratio 1040 / fps/policy 40.39 / fps/train 4.1e4

Writing metrics: /scratch/midway3/rickybao/dreamerv3_runs/adapt_ax1rbf2q1s1_synth_seed106_ckpt500000/scores.jsonl
Writing metrics: /scratch/midway3/rickybao/dreamerv3_runs/adapt_ax1rbf2q1s1_synth_seed106_ckpt500000/metrics.jsonl

--------------------[Agent Step 16_560]--------------------
Metrics filtered by: 'score|length|fps|ratio|train/loss/|train/rand/'
episode/score 28 / episode/length 1001 / train/loss/con 0.02 / train/loss/distractor 1.24 / train/loss/dyn 12.89 / train/loss/policy -0.12 / train/loss/position 0.27 / train/loss/rep 12.89 / train/loss/repval 1.7 / train/loss/rew 0.03 / train/loss/to_target 0.25 / train/loss/value 1.52 / train/loss/velocity 0.02 / replay/replay_ratio 1040 / fps/policy 40.39 / fps/train 4.1e4

Writing metrics: /scratch/midway3/rickybao/dreamerv3_runs/adapt_ax1rbf2q1s1_synth_seed106_ckpt500000/scores.jsonlWriting metrics: /scratch/midway3/rickybao/dreamerv3_runs/adapt_ax1rbf2q1s1_synth_seed106_ckpt500000/metrics.jsonl


--------------------[Agent Step 21_408]--------------------
Metrics filtered by: 'score|length|fps|ratio|train/loss/|train/rand/'
train/loss/con 0.02 / train/loss/distractor 1.23 / train/loss/dyn 12.91 / train/loss/policy -0.05 / train/loss/position 0.27 / train/loss/rep 12.91 / train/loss/repval 1.4 / train/loss/rew 0.02 / train/loss/to_target 0.24 / train/loss/value 1.18 / train/loss/velocity 0.03 / replay/replay_ratio 1040 / fps/policy 40.4 / fps/train 4.1e4

Writing metrics: /scratch/midway3/rickybao/dreamerv3_runs/adapt_ax1rbf2q1s1_synth_seed106_ckpt500000/scores.jsonlWriting metrics: /scratch/midway3/rickybao/dreamerv3_runs/adapt_ax1rbf2q1s1_synth_seed106_ckpt500000/metrics.jsonl


--------------------[Agent Step 26_256]--------------------
Metrics filtered by: 'score|length|fps|ratio|train/loss/|train/rand/'
train/loss/con 0.02 / train/loss/distractor 1.24 / train/loss/dyn 12.95 / train/loss/policy -0.03 / train/loss/position 0.3 / train/loss/rep 12.95 / train/loss/repval 1.33 / train/loss/rew 0.03 / train/loss/to_target 0.29 / train/loss/value 1.11 / train/loss/velocity 0.04 / replay/replay_ratio 1040 / fps/policy 40.39 / fps/train 4.1e4

Writing metrics: /scratch/midway3/rickybao/dreamerv3_runs/adapt_ax1rbf2q1s1_synth_seed106_ckpt500000/metrics.jsonlWriting metrics: /scratch/midway3/rickybao/dreamerv3_runs/adapt_ax1rbf2q1s1_synth_seed106_ckpt500000/scores.jsonl


--------------------[Agent Step 31_104]--------------------
Metrics filtered by: 'score|length|fps|ratio|train/loss/|train/rand/'
train/loss/con 0.02 / train/loss/distractor 1.27 / train/loss/dyn 12.94 / train/loss/policy -0.03 / train/loss/position 0.35 / train/loss/rep 12.94 / train/loss/repval 1.31 / train/loss/rew 0.03 / train/loss/to_target 0.31 / train/loss/value 1.09 / train/loss/velocity 0.04 / replay/replay_ratio 1040 / fps/policy 40.39 / fps/train 4.1e4

Writing metrics: /scratch/midway3/rickybao/dreamerv3_runs/adapt_ax1rbf2q1s1_synth_seed106_ckpt500000/metrics.jsonlWriting metrics: /scratch/midway3/rickybao/dreamerv3_runs/adapt_ax1rbf2q1s1_synth_seed106_ckpt500000/scores.jsonl


--------------------[Agent Step 35_968]--------------------
Metrics filtered by: 'score|length|fps|ratio|train/loss/|train/rand/'
episode/score 34 / episode/length 1001 / train/loss/con 0.02 / train/loss/distractor 1.27 / train/loss/dyn 12.99 / train/loss/policy -0.02 / train/loss/position 0.36 / train/loss/rep 12.99 / train/loss/repval 1.21 / train/loss/rew 0.02 / train/loss/to_target 0.32 / train/loss/value 1.01 / train/loss/velocity 0.05 / replay/replay_ratio 1040 / fps/policy 40.4 / fps/train 4.1e4

Writing metrics: /scratch/midway3/rickybao/dreamerv3_runs/adapt_ax1rbf2q1s1_synth_seed106_ckpt500000/metrics.jsonlWriting metrics: /scratch/midway3/rickybao/dreamerv3_runs/adapt_ax1rbf2q1s1_synth_seed106_ckpt500000/scores.jsonl

Saving checkpoint: /scratch/midway3/rickybao/dreamerv3_runs/adapt_ax1rbf2q1s1_synth_seed106_ckpt500000/ckpt/20260721T105018F493896
Saved checkpoint.

--------------------[Agent Step 40_752]--------------------
Metrics filtered by: 'score|length|fps|ratio|train/loss/|train/rand/'
train/loss/con 0.02 / train/loss/distractor 1.28 / train/loss/dyn 12.99 / train/loss/policy -0.01 / train/loss/position 0.35 / train/loss/rep 12.99 / train/loss/repval 1.26 / train/loss/rew 0.02 / train/loss/to_target 0.3 / train/loss/value 0.96 / train/loss/velocity 0.06 / replay/replay_ratio 1040 / fps/policy 39.86 / fps/train 4.1e4

Writing metrics: /scratch/midway3/rickybao/dreamerv3_runs/adapt_ax1rbf2q1s1_synth_seed106_ckpt500000/scores.jsonlWriting metrics: /scratch/midway3/rickybao/dreamerv3_runs/adapt_ax1rbf2q1s1_synth_seed106_ckpt500000/metrics.jsonl


--------------------[Agent Step 45_600]--------------------
Metrics filtered by: 'score|length|fps|ratio|train/loss/|train/rand/'
train/loss/con 0.02 / train/loss/distractor 1.29 / train/loss/dyn 12.96 / train/loss/policy -0.02 / train/loss/position 0.33 / train/loss/rep 12.96 / train/loss/repval 1.3 / train/loss/rew 0.02 / train/loss/to_target 0.29 / train/loss/value 1.08 / train/loss/velocity 0.06 / replay/replay_ratio 1040 / fps/policy 40.39 / fps/train 4.1e4

Writing metrics: /scratch/midway3/rickybao/dreamerv3_runs/adapt_ax1rbf2q1s1_synth_seed106_ckpt500000/metrics.jsonl
Writing metrics: /scratch/midway3/rickybao/dreamerv3_runs/adapt_ax1rbf2q1s1_synth_seed106_ckpt500000/scores.jsonl

--------------------[Agent Step 50_448]--------------------
Metrics filtered by: 'score|length|fps|ratio|train/loss/|train/rand/'
episode/score 0 / episode/length 1001 / train/loss/con 0.02 / train/loss/distractor 1.29 / train/loss/dyn 12.92 / train/loss/policy -0.03 / train/loss/position 0.32 / train/loss/rep 12.92 / train/loss/repval 1.21 / train/loss/rew 0.02 / train/loss/to_target 0.28 / train/loss/value 1.12 / train/loss/velocity 0.06 / replay/replay_ratio 1040 / fps/policy 40.38 / fps/train 4.1e4

Writing metrics: /scratch/midway3/rickybao/dreamerv3_runs/adapt_ax1rbf2q1s1_synth_seed106_ckpt500000/metrics.jsonl
Writing metrics: /scratch/midway3/rickybao/dreamerv3_runs/adapt_ax1rbf2q1s1_synth_seed106_ckpt500000/scores.jsonl

--------------------[Agent Step 55_296]--------------------
Metrics filtered by: 'score|length|fps|ratio|train/loss/|train/rand/'
train/loss/con 0.02 / train/loss/distractor 1.29 / train/loss/dyn 12.94 / train/loss/policy -0.02 / train/loss/position 0.33 / train/loss/rep 12.94 / train/loss/repval 1.24 / train/loss/rew 0.02 / train/loss/to_target 0.3 / train/loss/value 1.11 / train/loss/velocity 0.05 / replay/replay_ratio 1040 / fps/policy 40.4 / fps/train 4.1e4

Writing metrics: /scratch/midway3/rickybao/dreamerv3_runs/adapt_ax1rbf2q1s1_synth_seed106_ckpt500000/scores.jsonlWriting metrics: /scratch/midway3/rickybao/dreamerv3_runs/adapt_ax1rbf2q1s1_synth_seed106_ckpt500000/metrics.jsonl


--------------------[Agent Step 60_144]--------------------
Metrics filtered by: 'score|length|fps|ratio|train/loss/|train/rand/'
train/loss/con 0.02 / train/loss/distractor 1.3 / train/loss/dyn 12.89 / train/loss/policy -0.05 / train/loss/position 0.35 / train/loss/rep 12.89 / train/loss/repval 1.28 / train/loss/rew 0.03 / train/loss/to_target 0.32 / train/loss/value 1.05 / train/loss/velocity 0.05 / replay/replay_ratio 1040 / fps/policy 40.38 / fps/train 4.1e4

Writing metrics: /scratch/midway3/rickybao/dreamerv3_runs/adapt_ax1rbf2q1s1_synth_seed106_ckpt500000/scores.jsonl
Writing metrics: /scratch/midway3/rickybao/dreamerv3_runs/adapt_ax1rbf2q1s1_synth_seed106_ckpt500000/metrics.jsonl

--------------------[Agent Step 64_992]--------------------
Metrics filtered by: 'score|length|fps|ratio|train/loss/|train/rand/'
episode/score 21 / episode/length 1001 / train/loss/con 0.02 / train/loss/distractor 1.3 / train/loss/dyn 12.77 / train/loss/policy -0.04 / train/loss/position 0.36 / train/loss/rep 12.77 / train/loss/repval 1.22 / train/loss/rew 0.03 / train/loss/to_target 0.32 / train/loss/value 1.1 / train/loss/velocity 0.05 / replay/replay_ratio 1040 / fps/policy 40.39 / fps/train 4.1e4

Writing metrics: /scratch/midway3/rickybao/dreamerv3_runs/adapt_ax1rbf2q1s1_synth_seed106_ckpt500000/scores.jsonlWriting metrics: /scratch/midway3/rickybao/dreamerv3_runs/adapt_ax1rbf2q1s1_synth_seed106_ckpt500000/metrics.jsonl


--------------------[Agent Step 69_840]--------------------
Metrics filtered by: 'score|length|fps|ratio|train/loss/|train/rand/'
train/loss/con 0.02 / train/loss/distractor 1.29 / train/loss/dyn 12.72 / train/loss/policy -0.02 / train/loss/position 0.37 / train/loss/rep 12.72 / train/loss/repval 1.29 / train/loss/rew 0.03 / train/loss/to_target 0.33 / train/loss/value 1.02 / train/loss/velocity 0.05 / replay/replay_ratio 1040 / fps/policy 40.39 / fps/train 4.1e4

Writing metrics: /scratch/midway3/rickybao/dreamerv3_runs/adapt_ax1rbf2q1s1_synth_seed106_ckpt500000/metrics.jsonlWriting metrics: /scratch/midway3/rickybao/dreamerv3_runs/adapt_ax1rbf2q1s1_synth_seed106_ckpt500000/scores.jsonl

Saving checkpoint: /scratch/midway3/rickybao/dreamerv3_runs/adapt_ax1rbf2q1s1_synth_seed106_ckpt500000/ckpt/20260721T110518F749474
Saved checkpoint.

--------------------[Agent Step 74_688]--------------------
Metrics filtered by: 'score|length|fps|ratio|train/loss/|train/rand/'
train/loss/con 0.02 / train/loss/distractor 1.3 / train/loss/dyn 12.68 / train/loss/policy -6.3e-3 / train/loss/position 0.36 / train/loss/rep 12.68 / train/loss/repval 1.27 / train/loss/rew 0.02 / train/loss/to_target 0.32 / train/loss/value 1.01 / train/loss/velocity 0.04 / replay/replay_ratio 1040 / fps/policy 40.1 / fps/train 4.1e4

Writing metrics: /scratch/midway3/rickybao/dreamerv3_runs/adapt_ax1rbf2q1s1_synth_seed106_ckpt500000/metrics.jsonl
Writing metrics: /scratch/midway3/rickybao/dreamerv3_runs/adapt_ax1rbf2q1s1_synth_seed106_ckpt500000/scores.jsonl

--------------------[Agent Step 79_520]--------------------
Metrics filtered by: 'score|length|fps|ratio|train/loss/|train/rand/'
train/loss/con 0.02 / train/loss/distractor 1.3 / train/loss/dyn 12.66 / train/loss/policy -0.02 / train/loss/position 0.36 / train/loss/rep 12.66 / train/loss/repval 1.33 / train/loss/rew 0.02 / train/loss/to_target 0.31 / train/loss/value 1.11 / train/loss/velocity 0.04 / replay/replay_ratio 1040 / fps/policy 40.22 / fps/train 4.1e4

Writing metrics: /scratch/midway3/rickybao/dreamerv3_runs/adapt_ax1rbf2q1s1_synth_seed106_ckpt500000/scores.jsonlWriting metrics: /scratch/midway3/rickybao/dreamerv3_runs/adapt_ax1rbf2q1s1_synth_seed106_ckpt500000/metrics.jsonl


--------------------[Agent Step 84_368]--------------------
Metrics filtered by: 'score|length|fps|ratio|train/loss/|train/rand/'
episode/score 0 / episode/length 1001 / train/loss/con 0.02 / train/loss/distractor 1.3 / train/loss/dyn 12.6 / train/loss/policy -0.03 / train/loss/position 0.35 / train/loss/rep 12.6 / train/loss/repval 1.26 / train/loss/rew 0.02 / train/loss/to_target 0.31 / train/loss/value 1.02 / train/loss/velocity 0.04 / replay/replay_ratio 1040 / fps/policy 40.39 / fps/train 4.1e4

Writing metrics: /scratch/midway3/rickybao/dreamerv3_runs/adapt_ax1rbf2q1s1_synth_seed106_ckpt500000/scores.jsonlWriting metrics: /scratch/midway3/rickybao/dreamerv3_runs/adapt_ax1rbf2q1s1_synth_seed106_ckpt500000/metrics.jsonl


--------------------[Agent Step 89_216]--------------------
Metrics filtered by: 'score|length|fps|ratio|train/loss/|train/rand/'
train/loss/con 0.02 / train/loss/distractor 1.3 / train/loss/dyn 12.62 / train/loss/policy -0.03 / train/loss/position 0.36 / train/loss/rep 12.62 / train/loss/repval 1.21 / train/loss/rew 0.03 / train/loss/to_target 0.32 / train/loss/value 1.06 / train/loss/velocity 0.04 / replay/replay_ratio 1040 / fps/policy 40.39 / fps/train 4.1e4

Writing metrics: /scratch/midway3/rickybao/dreamerv3_runs/adapt_ax1rbf2q1s1_synth_seed106_ckpt500000/metrics.jsonlWriting metrics: /scratch/midway3/rickybao/dreamerv3_runs/adapt_ax1rbf2q1s1_synth_seed106_ckpt500000/scores.jsonl


--------------------[Agent Step 94_064]--------------------
Metrics filtered by: 'score|length|fps|ratio|train/loss/|train/rand/'
train/loss/con 0.02 / train/loss/distractor 1.3 / train/loss/dyn 12.64 / train/loss/policy -0.04 / train/loss/position 0.38 / train/loss/rep 12.64 / train/loss/repval 1.19 / train/loss/rew 0.03 / train/loss/to_target 0.35 / train/loss/value 1.07 / train/loss/velocity 0.04 / replay/replay_ratio 1040 / fps/policy 40.4 / fps/train 4.1e4

Writing metrics: /scratch/midway3/rickybao/dreamerv3_runs/adapt_ax1rbf2q1s1_synth_seed106_ckpt500000/metrics.jsonlWriting metrics: /scratch/midway3/rickybao/dreamerv3_runs/adapt_ax1rbf2q1s1_synth_seed106_ckpt500000/scores.jsonl


--------------------[Agent Step 98_912]--------------------
Metrics filtered by: 'score|length|fps|ratio|train/loss/|train/rand/'
episode/score 63 / episode/length 1001 / train/loss/con 0.02 / train/loss/distractor 1.3 / train/loss/dyn 12.62 / train/loss/policy -0.07 / train/loss/position 0.41 / train/loss/rep 12.62 / train/loss/repval 1.23 / train/loss/rew 0.04 / train/loss/to_target 0.37 / train/loss/value 1.07 / train/loss/velocity 0.04 / replay/replay_ratio 1040 / fps/policy 40.39 / fps/train 4.1e4

Writing metrics: /scratch/midway3/rickybao/dreamerv3_runs/adapt_ax1rbf2q1s1_synth_seed106_ckpt500000/scores.jsonl
Writing metrics: /scratch/midway3/rickybao/dreamerv3_runs/adapt_ax1rbf2q1s1_synth_seed106_ckpt500000/metrics.jsonl

--------------------[Agent Step 103_760]--------------------
Metrics filtered by: 'score|length|fps|ratio|train/loss/|train/rand/'
train/loss/con 0.02 / train/loss/distractor 1.29 / train/loss/dyn 12.57 / train/loss/policy -0.04 / train/loss/position 0.41 / train/loss/rep 12.57 / train/loss/repval 1.22 / train/loss/rew 0.04 / train/loss/to_target 0.38 / train/loss/value 1 / train/loss/velocity 0.04 / replay/replay_ratio 1040 / fps/policy 40.4 / fps/train 4.1e4

Writing metrics: /scratch/midway3/rickybao/dreamerv3_runs/adapt_ax1rbf2q1s1_synth_seed106_ckpt500000/scores.jsonlWriting metrics: /scratch/midway3/rickybao/dreamerv3_runs/adapt_ax1rbf2q1s1_synth_seed106_ckpt500000/metrics.jsonl


--------------------[Agent Step 108_608]--------------------
Metrics filtered by: 'score|length|fps|ratio|train/loss/|train/rand/'
train/loss/con 0.02 / train/loss/distractor 1.3 / train/loss/dyn 12.58 / train/loss/policy -0.03 / train/loss/position 0.41 / train/loss/rep 12.58 / train/loss/repval 1.24 / train/loss/rew 0.05 / train/loss/to_target 0.38 / train/loss/value 1.09 / train/loss/velocity 0.04 / replay/replay_ratio 1040 / fps/policy 40.33 / fps/train 4.1e4

Writing metrics: /scratch/midway3/rickybao/dreamerv3_runs/adapt_ax1rbf2q1s1_synth_seed106_ckpt500000/metrics.jsonlWriting metrics: /scratch/midway3/rickybao/dreamerv3_runs/adapt_ax1rbf2q1s1_synth_seed106_ckpt500000/scores.jsonl

Saving checkpoint: /scratch/midway3/rickybao/dreamerv3_runs/adapt_ax1rbf2q1s1_synth_seed106_ckpt500000/ckpt/20260721T112019F104509
Saved checkpoint.

--------------------[Agent Step 113_408]--------------------
Metrics filtered by: 'score|length|fps|ratio|train/loss/|train/rand/'
episode/score 68 / episode/length 1001 / train/loss/con 0.02 / train/loss/distractor 1.29 / train/loss/dyn 12.58 / train/loss/policy -0.04 / train/loss/position 0.42 / train/loss/rep 12.58 / train/loss/repval 1.19 / train/loss/rew 0.06 / train/loss/to_target 0.4 / train/loss/value 1.06 / train/loss/velocity 0.04 / replay/replay_ratio 1040 / fps/policy 39.97 / fps/train 4.1e4

Writing metrics: /scratch/midway3/rickybao/dreamerv3_runs/adapt_ax1rbf2q1s1_synth_seed106_ckpt500000/scores.jsonlWriting metrics: /scratch/midway3/rickybao/dreamerv3_runs/adapt_ax1rbf2q1s1_synth_seed106_ckpt500000/metrics.jsonl


--------------------[Agent Step 118_256]--------------------
Metrics filtered by: 'score|length|fps|ratio|train/loss/|train/rand/'
train/loss/con 0.02 / train/loss/distractor 1.29 / train/loss/dyn 12.6 / train/loss/policy -0.04 / train/loss/position 0.43 / train/loss/rep 12.6 / train/loss/repval 1.17 / train/loss/rew 0.06 / train/loss/to_target 0.41 / train/loss/value 1.12 / train/loss/velocity 0.04 / replay/replay_ratio 1040 / fps/policy 40.38 / fps/train 4.1e4

Writing metrics: /scratch/midway3/rickybao/dreamerv3_runs/adapt_ax1rbf2q1s1_synth_seed106_ckpt500000/metrics.jsonlWriting metrics: /scratch/midway3/rickybao/dreamerv3_runs/adapt_ax1rbf2q1s1_synth_seed106_ckpt500000/scores.jsonl


--------------------[Agent Step 123_104]--------------------
Metrics filtered by: 'score|length|fps|ratio|train/loss/|train/rand/'
train/loss/con 0.02 / train/loss/distractor 1.29 / train/loss/dyn 12.6 / train/loss/policy -0.04 / train/loss/position 0.44 / train/loss/rep 12.6 / train/loss/repval 1.17 / train/loss/rew 0.07 / train/loss/to_target 0.41 / train/loss/value 0.94 / train/loss/velocity 0.04 / replay/replay_ratio 1040 / fps/policy 40.4 / fps/train 4.1e4

Writing metrics: /scratch/midway3/rickybao/dreamerv3_runs/adapt_ax1rbf2q1s1_synth_seed106_ckpt500000/scores.jsonlWriting metrics: /scratch/midway3/rickybao/dreamerv3_runs/adapt_ax1rbf2q1s1_synth_seed106_ckpt500000/metrics.jsonl


--------------------[Agent Step 123_152]--------------------
Metrics filtered by: 'score|length|fps|ratio|train/loss/|train/rand/'
No metrics.

Writing metrics: /scratch/midway3/rickybao/dreamerv3_runs/adapt_ax1rbf2q1s1_synth_seed106_ckpt500000/metrics.jsonlWriting metrics: /scratch/midway3/rickybao/dreamerv3_runs/adapt_ax1rbf2q1s1_synth_seed106_ckpt500000/scores.jsonl

[Tue Jul 21 11:26:08 CDT 2026] adapt adapt_ax1rbf2q1s1_synth_seed106_ckpt500000 rc=0 status=DONE
[Tue Jul 21 11:26:08 CDT 2026] DONE child adapt_ax1rbf2q1s1_synth_seed106_ckpt500000
[Tue Jul 21 11:26:08 CDT 2026] START child adapt_ax1rbf3q1s1_synth_seed104_ckpt500000 WM_RUN=ax1wm_synth_fq1s1_seed3
[Tue Jul 21 11:26:08 CDT 2026] axis1 child starting RUN_ID=adapt_ax1rbf3q1s1_synth_seed104_ckpt500000 WM_RUN=ax1wm_synth_fq1s1_seed3 job=52442239 host=midway3-0279.rcc.local
[Tue Jul 21 11:26:08 CDT 2026] env prepared: python=/scratch/midway3/rickybao/conda_envs/dreamerv3/bin/python
python_executable=/scratch/midway3/rickybao/conda_envs/dreamerv3/bin/python
[Tue Jul 21 11:26:08 CDT 2026] offline WM already fit: /scratch/midway3/rickybao/dreamerv3_runs/ax1wm_synth_fq1s1_seed3/ckpt/20260718T125817F915673-000000500000 (skipping stage 1)
[Tue Jul 21 11:26:08 CDT 2026] adapt RUN_ID=adapt_ax1rbf3q1s1_synth_seed104_ckpt500000 TASK=synth_reach SEED=104 CKPT=/scratch/midway3/rickybao/dreamerv3_runs/ax1wm_synth_fq1s1_seed3/ckpt/20260718T125817F915673-000000500000 STEPS=1.25e5
---  ___                           __   ______ ---
--- |   \ _ _ ___ __ _ _ __  ___ _ \ \ / /__ / ---
--- | |) | '_/ -_) _` | '  \/ -_) '/\ V / |_ \ ---
--- |___/|_| \___\__,_|_|_|_\___|_|  \_/ |___/ ---
Replica: 0 / 1
Logdir: /scratch/midway3/rickybao/dreamerv3_runs/adapt_ax1rbf3q1s1_synth_seed104_ckpt500000
Run script: train
Observations
  position         Space(float32, shape=(2,), low=-inf, high=inf)
  velocity         Space(float32, shape=(2,), low=-inf, high=inf)
  distractor       Space(float32, shape=(8,), low=-inf, high=inf)
  to_target        Space(float32, shape=(2,), low=-inf, high=inf)
  reward           Space(float32, shape=(), low=-inf, high=inf)
  is_first         Space(bool, shape=(), low=False, high=True)
  is_last          Space(bool, shape=(), low=False, high=True)
  is_terminal      Space(bool, shape=(), low=False, high=True)
Actions
  action           Space(float32, shape=(2,), low=-1.0, high=1.0)
Extras
  consec           Space(int32, shape=(), low=-2147483648, high=2147483647)
  stepid           Space(uint8, shape=(20,), low=0, high=255)
  dyn/deter        Space(float32, shape=(512,), low=-inf, high=inf)
  dyn/stoch        Space(float32, shape=(32, 4), low=-inf, high=inf)
JAX devices (1): [cuda:0]
Policy devices: cuda:0
Train devices:  cuda:0
Initializing parameters...
Optimizer opt has 214,723 params:
        66,111 val
        57,663 rew
        49,796 pol
        41,153 con
Done initializing!
Compiling 1 checkpoint groups...
Largest checkpoint group: 0 GB
Compiling train and report...
Train cost analysis:
  FLOPS:            7.2e+09
  Memory (temp):    2.0e+08
  Memory (inputs):  7.3e+06
  Memory (outputs): 5.9e+06
  Memory (code):    1.5e+06

Report cost analysis:
  FLOPS:            1.8e+06
  Memory (temp):    9.2e+05
  Memory (inputs):  2.7e+06
  Memory (outputs): 2.1e+04
  Memory (code):    9.8e+04

Done compiling!
Loaded pretrained checkpoint with keys: ['dec/mlp/linear0/bias', 'dec/mlp/linear0/kernel', 'dec/mlp/linear1/bias', 'dec/mlp/linear1/kernel', 'dec/mlp/linear2/bias', 'dec/mlp/linear2/kernel', 'dec/mlp/norm0/scale', 'dec/mlp/norm1/scale', 'dec/mlp/norm2/scale', 'dec/vec/distractor/pred/bias', 'dec/vec/distractor/pred/kernel', 'dec/vec/position/pred/bias', 'dec/vec/position/pred/kernel', 'dec/vec/to_target/pred/bias', 'dec/vec/to_target/pred/kernel', 'dec/vec/velocity/pred/bias', 'dec/vec/velocity/pred/kernel', 'dyn/dyngru/bias', 'dyn/dyngru/kernel', 'dyn/dynhid0/bias', 'dyn/dynhid0/kernel', 'dyn/dynhid0norm/scale', 'dyn/dynin0/bias', 'dyn/dynin0/kernel', 'dyn/dynin0norm/scale', 'dyn/dynin1/bias', 'dyn/dynin1/kernel', 'dyn/dynin1norm/scale', 'dyn/dynin2/bias', 'dyn/dynin2/kernel', 'dyn/dynin2norm/scale', 'dyn/obs0/bias', 'dyn/obs0/kernel', 'dyn/obs0norm/scale', 'dyn/obslogit/bias', 'dyn/obslogit/kernel', 'dyn/prior0/bias', 'dyn/prior0/kernel', 'dyn/prior0norm/scale', 'dyn/prior1/bias', 'dyn/prior1/kernel', 'dyn/prior1norm/scale', 'dyn/priorlogit/bias', 'dyn/priorlogit/kernel', 'enc/mlp0/bias', 'enc/mlp0/kernel', 'enc/mlp0norm/scale', 'enc/mlp1/bias', 'enc/mlp1/kernel', 'enc/mlp1norm/scale', 'enc/mlp2/bias', 'enc/mlp2/kernel', 'enc/mlp2norm/scale']
Did not find any checkpoint.
Saving checkpoint: /scratch/midway3/rickybao/dreamerv3_runs/adapt_ax1rbf3q1s1_synth_seed104_ckpt500000/ckpt/20260721T112635F102499
Saved checkpoint.
Start training loop

--------------------[Agent Step 6_880]--------------------
Metrics filtered by: 'score|length|fps|ratio|train/loss/|train/rand/'
train/loss/con 0.05 / train/loss/distractor 1.21 / train/loss/dyn 11.6 / train/loss/policy -7.4e-4 / train/loss/position 0.33 / train/loss/rep 11.6 / train/loss/repval 1.96 / train/loss/rew 1.03 / train/loss/to_target 0.21 / train/loss/value 1.06 / train/loss/velocity 9.3e-3 / replay/replay_ratio 858.5 / fps/policy 56.34 / fps/train 4.1e4

Writing metrics: /scratch/midway3/rickybao/dreamerv3_runs/adapt_ax1rbf3q1s1_synth_seed104_ckpt500000/metrics.jsonlWriting metrics: /scratch/midway3/rickybao/dreamerv3_runs/adapt_ax1rbf3q1s1_synth_seed104_ckpt500000/scores.jsonl


--------------------[Agent Step 11_744]--------------------
Metrics filtered by: 'score|length|fps|ratio|train/loss/|train/rand/'
train/loss/con 0.02 / train/loss/distractor 1.24 / train/loss/dyn 11.46 / train/loss/policy -1.6e-3 / train/loss/position 0.31 / train/loss/rep 11.46 / train/loss/repval 0.19 / train/loss/rew 5.5e-3 / train/loss/to_target 0.2 / train/loss/value 0.18 / train/loss/velocity 8.4e-3 / replay/replay_ratio 1040 / fps/policy 40.44 / fps/train 4.1e4

Writing metrics: /scratch/midway3/rickybao/dreamerv3_runs/adapt_ax1rbf3q1s1_synth_seed104_ckpt500000/metrics.jsonl
Writing metrics: /scratch/midway3/rickybao/dreamerv3_runs/adapt_ax1rbf3q1s1_synth_seed104_ckpt500000/scores.jsonl

--------------------[Agent Step 16_608]--------------------
Metrics filtered by: 'score|length|fps|ratio|train/loss/|train/rand/'
episode/score 0 / episode/length 1001 / train/loss/con 0.02 / train/loss/distractor 1.29 / train/loss/dyn 11.74 / train/loss/policy -3.8e-3 / train/loss/position 0.25 / train/loss/rep 11.74 / train/loss/repval 0.94 / train/loss/rew 6.6e-3 / train/loss/to_target 0.17 / train/loss/value 0.93 / train/loss/velocity 0.04 / replay/replay_ratio 1040 / fps/policy 40.45 / fps/train 4.1e4

Writing metrics: /scratch/midway3/rickybao/dreamerv3_runs/adapt_ax1rbf3q1s1_synth_seed104_ckpt500000/metrics.jsonlWriting metrics: /scratch/midway3/rickybao/dreamerv3_runs/adapt_ax1rbf3q1s1_synth_seed104_ckpt500000/scores.jsonl


--------------------[Agent Step 21_472]--------------------
Metrics filtered by: 'score|length|fps|ratio|train/loss/|train/rand/'
train/loss/con 0.02 / train/loss/distractor 1.36 / train/loss/dyn 12.37 / train/loss/policy -0.01 / train/loss/position 0.2 / train/loss/rep 12.37 / train/loss/repval 1.28 / train/loss/rew 1.5e-3 / train/loss/to_target 0.13 / train/loss/value 1.15 / train/loss/velocity 0.1 / replay/replay_ratio 1040 / fps/policy 40.46 / fps/train 4.1e4

Writing metrics: /scratch/midway3/rickybao/dreamerv3_runs/adapt_ax1rbf3q1s1_synth_seed104_ckpt500000/metrics.jsonlWriting metrics: /scratch/midway3/rickybao/dreamerv3_runs/adapt_ax1rbf3q1s1_synth_seed104_ckpt500000/scores.jsonl


--------------------[Agent Step 26_336]--------------------
Metrics filtered by: 'score|length|fps|ratio|train/loss/|train/rand/'
train/loss/con 0.02 / train/loss/distractor 1.41 / train/loss/dyn 12.76 / train/loss/policy -0.01 / train/loss/position 0.16 / train/loss/rep 12.76 / train/loss/repval 1.26 / train/loss/rew 1.1e-3 / train/loss/to_target 0.11 / train/loss/value 1.2 / train/loss/velocity 0.14 / replay/replay_ratio 1040 / fps/policy 40.46 / fps/train 4.1e4

Writing metrics: /scratch/midway3/rickybao/dreamerv3_runs/adapt_ax1rbf3q1s1_synth_seed104_ckpt500000/metrics.jsonl
Writing metrics: /scratch/midway3/rickybao/dreamerv3_runs/adapt_ax1rbf3q1s1_synth_seed104_ckpt500000/scores.jsonl

--------------------[Agent Step 31_200]--------------------
Metrics filtered by: 'score|length|fps|ratio|train/loss/|train/rand/'
train/loss/con 0.02 / train/loss/distractor 1.45 / train/loss/dyn 13.04 / train/loss/policy 4.4e-3 / train/loss/position 0.14 / train/loss/rep 13.04 / train/loss/repval 1.18 / train/loss/rew 7.9e-4 / train/loss/to_target 0.09 / train/loss/value 1.08 / train/loss/velocity 0.16 / replay/replay_ratio 1040 / fps/policy 40.46 / fps/train 4.1e4

Writing metrics: /scratch/midway3/rickybao/dreamerv3_runs/adapt_ax1rbf3q1s1_synth_seed104_ckpt500000/metrics.jsonlWriting metrics: /scratch/midway3/rickybao/dreamerv3_runs/adapt_ax1rbf3q1s1_synth_seed104_ckpt500000/scores.jsonl


--------------------[Agent Step 36_064]--------------------
Metrics filtered by: 'score|length|fps|ratio|train/loss/|train/rand/'
episode/score 0 / episode/length 1001 / train/loss/con 0.02 / train/loss/distractor 1.4 / train/loss/dyn 13.24 / train/loss/policy -0.01 / train/loss/position 0.14 / train/loss/rep 13.24 / train/loss/repval 1.18 / train/loss/rew 1.5e-3 / train/loss/to_target 0.11 / train/loss/value 1.03 / train/loss/velocity 0.18 / replay/replay_ratio 1040 / fps/policy 40.46 / fps/train 4.1e4

Writing metrics: /scratch/midway3/rickybao/dreamerv3_runs/adapt_ax1rbf3q1s1_synth_seed104_ckpt500000/metrics.jsonlWriting metrics: /scratch/midway3/rickybao/dreamerv3_runs/adapt_ax1rbf3q1s1_synth_seed104_ckpt500000/scores.jsonl

Saving checkpoint: /scratch/midway3/rickybao/dreamerv3_runs/adapt_ax1rbf3q1s1_synth_seed104_ckpt500000/ckpt/20260721T114136F946636
Saved checkpoint.

--------------------[Agent Step 40_864]--------------------
Metrics filtered by: 'score|length|fps|ratio|train/loss/|train/rand/'
train/loss/con 0.02 / train/loss/distractor 1.34 / train/loss/dyn 13.1 / train/loss/policy -0.02 / train/loss/position 0.14 / train/loss/rep 13.1 / train/loss/repval 1.32 / train/loss/rew 1.6e-3 / train/loss/to_target 0.12 / train/loss/value 1.1 / train/loss/velocity 0.16 / replay/replay_ratio 1040 / fps/policy 39.93 / fps/train 4.1e4

Writing metrics: /scratch/midway3/rickybao/dreamerv3_runs/adapt_ax1rbf3q1s1_synth_seed104_ckpt500000/metrics.jsonlWriting metrics: /scratch/midway3/rickybao/dreamerv3_runs/adapt_ax1rbf3q1s1_synth_seed104_ckpt500000/scores.jsonl


--------------------[Agent Step 45_728]--------------------
Metrics filtered by: 'score|length|fps|ratio|train/loss/|train/rand/'
train/loss/con 0.02 / train/loss/distractor 1.32 / train/loss/dyn 12.99 / train/loss/policy -0.01 / train/loss/position 0.15 / train/loss/rep 12.99 / train/loss/repval 1.18 / train/loss/rew 1.6e-3 / train/loss/to_target 0.12 / train/loss/value 1.14 / train/loss/velocity 0.15 / replay/replay_ratio 1040 / fps/policy 40.47 / fps/train 4.1e4

Writing metrics: /scratch/midway3/rickybao/dreamerv3_runs/adapt_ax1rbf3q1s1_synth_seed104_ckpt500000/scores.jsonlWriting metrics: /scratch/midway3/rickybao/dreamerv3_runs/adapt_ax1rbf3q1s1_synth_seed104_ckpt500000/metrics.jsonl


--------------------[Agent Step 50_592]--------------------
Metrics filtered by: 'score|length|fps|ratio|train/loss/|train/rand/'
episode/score 0 / episode/length 1001 / train/loss/con 0.02 / train/loss/distractor 1.33 / train/loss/dyn 12.91 / train/loss/policy -2.5e-3 / train/loss/position 0.14 / train/loss/rep 12.91 / train/loss/repval 1.15 / train/loss/rew 1.1e-3 / train/loss/to_target 0.11 / train/loss/value 1.07 / train/loss/velocity 0.14 / replay/replay_ratio 1040 / fps/policy 40.47 / fps/train 4.1e4

Writing metrics: /scratch/midway3/rickybao/dreamerv3_runs/adapt_ax1rbf3q1s1_synth_seed104_ckpt500000/scores.jsonlWriting metrics: /scratch/midway3/rickybao/dreamerv3_runs/adapt_ax1rbf3q1s1_synth_seed104_ckpt500000/metrics.jsonl


--------------------[Agent Step 55_456]--------------------
Metrics filtered by: 'score|length|fps|ratio|train/loss/|train/rand/'
train/loss/con 0.02 / train/loss/distractor 1.34 / train/loss/dyn 12.89 / train/loss/policy -2.5e-3 / train/loss/position 0.13 / train/loss/rep 12.89 / train/loss/repval 1.21 / train/loss/rew 1.1e-3 / train/loss/to_target 0.11 / train/loss/value 1.09 / train/loss/velocity 0.15 / replay/replay_ratio 1040 / fps/policy 40.45 / fps/train 4.1e4

Writing metrics: /scratch/midway3/rickybao/dreamerv3_runs/adapt_ax1rbf3q1s1_synth_seed104_ckpt500000/scores.jsonlWriting metrics: /scratch/midway3/rickybao/dreamerv3_runs/adapt_ax1rbf3q1s1_synth_seed104_ckpt500000/metrics.jsonl


--------------------[Agent Step 60_320]--------------------
Metrics filtered by: 'score|length|fps|ratio|train/loss/|train/rand/'
train/loss/con 0.02 / train/loss/distractor 1.38 / train/loss/dyn 13.25 / train/loss/policy 0.03 / train/loss/position 0.13 / train/loss/rep 13.25 / train/loss/repval 1.2 / train/loss/rew 9.8e-4 / train/loss/to_target 0.1 / train/loss/value 0.98 / train/loss/velocity 0.17 / replay/replay_ratio 1040 / fps/policy 40.44 / fps/train 4.1e4

Writing metrics: /scratch/midway3/rickybao/dreamerv3_runs/adapt_ax1rbf3q1s1_synth_seed104_ckpt500000/scores.jsonlWriting metrics: /scratch/midway3/rickybao/dreamerv3_runs/adapt_ax1rbf3q1s1_synth_seed104_ckpt500000/metrics.jsonl


--------------------[Agent Step 65_184]--------------------
Metrics filtered by: 'score|length|fps|ratio|train/loss/|train/rand/'
episode/score 0 / episode/length 1001 / train/loss/con 0.02 / train/loss/distractor 1.45 / train/loss/dyn 13.71 / train/loss/policy -0.03 / train/loss/position 0.12 / train/loss/rep 13.71 / train/loss/repval 1.23 / train/loss/rew 1.8e-3 / train/loss/to_target 0.1 / train/loss/value 1.02 / train/loss/velocity 0.19 / replay/replay_ratio 1040 / fps/policy 40.45 / fps/train 4.1e4

Writing metrics: /scratch/midway3/rickybao/dreamerv3_runs/adapt_ax1rbf3q1s1_synth_seed104_ckpt500000/scores.jsonlWriting metrics: /scratch/midway3/rickybao/dreamerv3_runs/adapt_ax1rbf3q1s1_synth_seed104_ckpt500000/metrics.jsonl


--------------------[Agent Step 70_048]--------------------
Metrics filtered by: 'score|length|fps|ratio|train/loss/|train/rand/'
train/loss/con 0.02 / train/loss/distractor 1.44 / train/loss/dyn 13.75 / train/loss/policy -0.06 / train/loss/position 0.12 / train/loss/rep 13.75 / train/loss/repval 1.22 / train/loss/rew 5.6e-3 / train/loss/to_target 0.1 / train/loss/value 1.02 / train/loss/velocity 0.18 / replay/replay_ratio 1040 / fps/policy 40.45 / fps/train 4.1e4

Writing metrics: /scratch/midway3/rickybao/dreamerv3_runs/adapt_ax1rbf3q1s1_synth_seed104_ckpt500000/scores.jsonlWriting metrics: /scratch/midway3/rickybao/dreamerv3_runs/adapt_ax1rbf3q1s1_synth_seed104_ckpt500000/metrics.jsonl

Saving checkpoint: /scratch/midway3/rickybao/dreamerv3_runs/adapt_ax1rbf3q1s1_synth_seed104_ckpt500000/ckpt/20260721T115637F315893
Saved checkpoint.

--------------------[Agent Step 74_864]--------------------
Metrics filtered by: 'score|length|fps|ratio|train/loss/|train/rand/'
train/loss/con 0.02 / train/loss/distractor 1.43 / train/loss/dyn 13.76 / train/loss/policy -0.03 / train/loss/position 0.12 / train/loss/rep 13.76 / train/loss/repval 1.12 / train/loss/rew 7.6e-3 / train/loss/to_target 0.1 / train/loss/value 1.13 / train/loss/velocity 0.17 / replay/replay_ratio 1040 / fps/policy 40 / fps/train 4.1e4

Writing metrics: /scratch/midway3/rickybao/dreamerv3_runs/adapt_ax1rbf3q1s1_synth_seed104_ckpt500000/scores.jsonlWriting metrics: /scratch/midway3/rickybao/dreamerv3_runs/adapt_ax1rbf3q1s1_synth_seed104_ckpt500000/metrics.jsonl


--------------------[Agent Step 79_728]--------------------
Metrics filtered by: 'score|length|fps|ratio|train/loss/|train/rand/'
train/loss/con 0.02 / train/loss/distractor 1.41 / train/loss/dyn 13.8 / train/loss/policy -0.03 / train/loss/position 0.12 / train/loss/rep 13.8 / train/loss/repval 1.14 / train/loss/rew 7.8e-3 / train/loss/to_target 0.11 / train/loss/value 1.16 / train/loss/velocity 0.17 / replay/replay_ratio 1040 / fps/policy 40.44 / fps/train 4.1e4

Writing metrics: /scratch/midway3/rickybao/dreamerv3_runs/adapt_ax1rbf3q1s1_synth_seed104_ckpt500000/metrics.jsonl
Writing metrics: /scratch/midway3/rickybao/dreamerv3_runs/adapt_ax1rbf3q1s1_synth_seed104_ckpt500000/scores.jsonl

--------------------[Agent Step 84_592]--------------------
Metrics filtered by: 'score|length|fps|ratio|train/loss/|train/rand/'
episode/score 3 / episode/length 1001 / train/loss/con 0.02 / train/loss/distractor 1.4 / train/loss/dyn 13.81 / train/loss/policy -0.01 / train/loss/position 0.13 / train/loss/rep 13.81 / train/loss/repval 1.19 / train/loss/rew 8.3e-3 / train/loss/to_target 0.12 / train/loss/value 1.02 / train/loss/velocity 0.17 / replay/replay_ratio 1040 / fps/policy 40.45 / fps/train 4.1e4

Writing metrics: /scratch/midway3/rickybao/dreamerv3_runs/adapt_ax1rbf3q1s1_synth_seed104_ckpt500000/metrics.jsonl
Writing metrics: /scratch/midway3/rickybao/dreamerv3_runs/adapt_ax1rbf3q1s1_synth_seed104_ckpt500000/scores.jsonl

--------------------[Agent Step 89_456]--------------------
Metrics filtered by: 'score|length|fps|ratio|train/loss/|train/rand/'
train/loss/con 0.02 / train/loss/distractor 1.38 / train/loss/dyn 13.83 / train/loss/policy -0.03 / train/loss/position 0.12 / train/loss/rep 13.83 / train/loss/repval 1.22 / train/loss/rew 0.01 / train/loss/to_target 0.12 / train/loss/value 1.1 / train/loss/velocity 0.16 / replay/replay_ratio 1040 / fps/policy 40.46 / fps/train 4.1e4

Writing metrics: /scratch/midway3/rickybao/dreamerv3_runs/adapt_ax1rbf3q1s1_synth_seed104_ckpt500000/metrics.jsonlWriting metrics: /scratch/midway3/rickybao/dreamerv3_runs/adapt_ax1rbf3q1s1_synth_seed104_ckpt500000/scores.jsonl


--------------------[Agent Step 94_320]--------------------
Metrics filtered by: 'score|length|fps|ratio|train/loss/|train/rand/'
train/loss/con 0.02 / train/loss/distractor 1.37 / train/loss/dyn 13.79 / train/loss/policy -0.04 / train/loss/position 0.12 / train/loss/rep 13.79 / train/loss/repval 1.27 / train/loss/rew 0.01 / train/loss/to_target 0.12 / train/loss/value 1.06 / train/loss/velocity 0.15 / replay/replay_ratio 1040 / fps/policy 40.46 / fps/train 4.1e4

Writing metrics: /scratch/midway3/rickybao/dreamerv3_runs/adapt_ax1rbf3q1s1_synth_seed104_ckpt500000/metrics.jsonl
Writing metrics: /scratch/midway3/rickybao/dreamerv3_runs/adapt_ax1rbf3q1s1_synth_seed104_ckpt500000/scores.jsonl

--------------------[Agent Step 99_184]--------------------
Metrics filtered by: 'score|length|fps|ratio|train/loss/|train/rand/'
episode/score 25 / episode/length 1001 / train/loss/con 0.02 / train/loss/distractor 1.36 / train/loss/dyn 13.82 / train/loss/policy -0.04 / train/loss/position 0.13 / train/loss/rep 13.82 / train/loss/repval 1.2 / train/loss/rew 0.02 / train/loss/to_target 0.12 / train/loss/value 1.07 / train/loss/velocity 0.15 / replay/replay_ratio 1040 / fps/policy 40.46 / fps/train 4.1e4

Writing metrics: /scratch/midway3/rickybao/dreamerv3_runs/adapt_ax1rbf3q1s1_synth_seed104_ckpt500000/metrics.jsonl
Writing metrics: /scratch/midway3/rickybao/dreamerv3_runs/adapt_ax1rbf3q1s1_synth_seed104_ckpt500000/scores.jsonl

--------------------[Agent Step 104_048]--------------------
Metrics filtered by: 'score|length|fps|ratio|train/loss/|train/rand/'
train/loss/con 0.02 / train/loss/distractor 1.36 / train/loss/dyn 13.83 / train/loss/policy -0.03 / train/loss/position 0.13 / train/loss/rep 13.83 / train/loss/repval 1.24 / train/loss/rew 0.02 / train/loss/to_target 0.12 / train/loss/value 1.01 / train/loss/velocity 0.14 / replay/replay_ratio 1040 / fps/policy 40.47 / fps/train 4.1e4

Writing metrics: /scratch/midway3/rickybao/dreamerv3_runs/adapt_ax1rbf3q1s1_synth_seed104_ckpt500000/metrics.jsonl
Writing metrics: /scratch/midway3/rickybao/dreamerv3_runs/adapt_ax1rbf3q1s1_synth_seed104_ckpt500000/scores.jsonl

--------------------[Agent Step 108_912]--------------------
Metrics filtered by: 'score|length|fps|ratio|train/loss/|train/rand/'
train/loss/con 0.02 / train/loss/distractor 1.35 / train/loss/dyn 13.82 / train/loss/policy -0.04 / train/loss/position 0.13 / train/loss/rep 13.82 / train/loss/repval 1.15 / train/loss/rew 0.03 / train/loss/to_target 0.12 / train/loss/value 1.09 / train/loss/velocity 0.14 / replay/replay_ratio 1040 / fps/policy 40.41 / fps/train 4.1e4

Writing metrics: /scratch/midway3/rickybao/dreamerv3_runs/adapt_ax1rbf3q1s1_synth_seed104_ckpt500000/scores.jsonlWriting metrics: /scratch/midway3/rickybao/dreamerv3_runs/adapt_ax1rbf3q1s1_synth_seed104_ckpt500000/metrics.jsonl

Saving checkpoint: /scratch/midway3/rickybao/dreamerv3_runs/adapt_ax1rbf3q1s1_synth_seed104_ckpt500000/ckpt/20260721T121137F341969
Saved checkpoint.

--------------------[Agent Step 113_728]--------------------
Metrics filtered by: 'score|length|fps|ratio|train/loss/|train/rand/'
episode/score 84 / episode/length 1001 / train/loss/con 0.02 / train/loss/distractor 1.34 / train/loss/dyn 13.82 / train/loss/policy -0.03 / train/loss/position 0.13 / train/loss/rep 13.82 / train/loss/repval 1.16 / train/loss/rew 0.04 / train/loss/to_target 0.13 / train/loss/value 1.07 / train/loss/velocity 0.13 / replay/replay_ratio 1040 / fps/policy 40.08 / fps/train 4.1e4

Writing metrics: /scratch/midway3/rickybao/dreamerv3_runs/adapt_ax1rbf3q1s1_synth_seed104_ckpt500000/metrics.jsonlWriting metrics: /scratch/midway3/rickybao/dreamerv3_runs/adapt_ax1rbf3q1s1_synth_seed104_ckpt500000/scores.jsonl


--------------------[Agent Step 118_592]--------------------
Metrics filtered by: 'score|length|fps|ratio|train/loss/|train/rand/'
train/loss/con 0.02 / train/loss/distractor 1.34 / train/loss/dyn 13.81 / train/loss/policy -0.02 / train/loss/position 0.13 / train/loss/rep 13.81 / train/loss/repval 1.2 / train/loss/rew 0.04 / train/loss/to_target 0.13 / train/loss/value 1.01 / train/loss/velocity 0.13 / replay/replay_ratio 1040 / fps/policy 40.47 / fps/train 4.1e4

Writing metrics: /scratch/midway3/rickybao/dreamerv3_runs/adapt_ax1rbf3q1s1_synth_seed104_ckpt500000/metrics.jsonlWriting metrics: /scratch/midway3/rickybao/dreamerv3_runs/adapt_ax1rbf3q1s1_synth_seed104_ckpt500000/scores.jsonl


--------------------[Agent Step 123_456]--------------------
Metrics filtered by: 'score|length|fps|ratio|train/loss/|train/rand/'
train/loss/con 0.02 / train/loss/distractor 1.33 / train/loss/dyn 13.81 / train/loss/policy -0.02 / train/loss/position 0.13 / train/loss/rep 13.81 / train/loss/repval 1.12 / train/loss/rew 0.04 / train/loss/to_target 0.13 / train/loss/value 1.03 / train/loss/velocity 0.13 / replay/replay_ratio 1040 / fps/policy 40.45 / fps/train 4.1e4

Writing metrics: /scratch/midway3/rickybao/dreamerv3_runs/adapt_ax1rbf3q1s1_synth_seed104_ckpt500000/metrics.jsonl
Writing metrics: /scratch/midway3/rickybao/dreamerv3_runs/adapt_ax1rbf3q1s1_synth_seed104_ckpt500000/scores.jsonl
[Tue Jul 21 12:17:21 CDT 2026] adapt adapt_ax1rbf3q1s1_synth_seed104_ckpt500000 rc=0 status=DONE
[Tue Jul 21 12:17:21 CDT 2026] DONE child adapt_ax1rbf3q1s1_synth_seed104_ckpt500000
[Tue Jul 21 12:17:21 CDT 2026] START child adapt_ax1rbf3q1s1_synth_seed105_ckpt500000 WM_RUN=ax1wm_synth_fq1s1_seed3
[Tue Jul 21 12:17:21 CDT 2026] axis1 child starting RUN_ID=adapt_ax1rbf3q1s1_synth_seed105_ckpt500000 WM_RUN=ax1wm_synth_fq1s1_seed3 job=52442239 host=midway3-0279.rcc.local
[Tue Jul 21 12:17:21 CDT 2026] env prepared: python=/scratch/midway3/rickybao/conda_envs/dreamerv3/bin/python
python_executable=/scratch/midway3/rickybao/conda_envs/dreamerv3/bin/python
[Tue Jul 21 12:17:21 CDT 2026] offline WM already fit: /scratch/midway3/rickybao/dreamerv3_runs/ax1wm_synth_fq1s1_seed3/ckpt/20260718T125817F915673-000000500000 (skipping stage 1)
[Tue Jul 21 12:17:21 CDT 2026] adapt RUN_ID=adapt_ax1rbf3q1s1_synth_seed105_ckpt500000 TASK=synth_reach SEED=105 CKPT=/scratch/midway3/rickybao/dreamerv3_runs/ax1wm_synth_fq1s1_seed3/ckpt/20260718T125817F915673-000000500000 STEPS=1.25e5
---  ___                           __   ______ ---
--- |   \ _ _ ___ __ _ _ __  ___ _ \ \ / /__ / ---
--- | |) | '_/ -_) _` | '  \/ -_) '/\ V / |_ \ ---
--- |___/|_| \___\__,_|_|_|_\___|_|  \_/ |___/ ---
Replica: 0 / 1
Logdir: /scratch/midway3/rickybao/dreamerv3_runs/adapt_ax1rbf3q1s1_synth_seed105_ckpt500000
Run script: train
Observations
  position         Space(float32, shape=(2,), low=-inf, high=inf)
  velocity         Space(float32, shape=(2,), low=-inf, high=inf)
  distractor       Space(float32, shape=(8,), low=-inf, high=inf)
  to_target        Space(float32, shape=(2,), low=-inf, high=inf)
  reward           Space(float32, shape=(), low=-inf, high=inf)
  is_first         Space(bool, shape=(), low=False, high=True)
  is_last          Space(bool, shape=(), low=False, high=True)
  is_terminal      Space(bool, shape=(), low=False, high=True)
Actions
  action           Space(float32, shape=(2,), low=-1.0, high=1.0)
Extras
  consec           Space(int32, shape=(), low=-2147483648, high=2147483647)
  stepid           Space(uint8, shape=(20,), low=0, high=255)
  dyn/deter        Space(float32, shape=(512,), low=-inf, high=inf)
  dyn/stoch        Space(float32, shape=(32, 4), low=-inf, high=inf)
JAX devices (1): [cuda:0]
Policy devices: cuda:0
Train devices:  cuda:0
Initializing parameters...
Optimizer opt has 214,723 params:
        66,111 val
        57,663 rew
        49,796 pol
        41,153 con
Done initializing!
Compiling 1 checkpoint groups...
Largest checkpoint group: 0 GB
Compiling train and report...
Train cost analysis:
  FLOPS:            7.2e+09
  Memory (temp):    2.0e+08
  Memory (inputs):  7.3e+06
  Memory (outputs): 5.9e+06
  Memory (code):    1.5e+06

Report cost analysis:
  FLOPS:            1.8e+06
  Memory (temp):    9.2e+05
  Memory (inputs):  2.7e+06
  Memory (outputs): 2.1e+04
  Memory (code):    9.8e+04

Done compiling!
Loaded pretrained checkpoint with keys: ['dec/mlp/linear0/bias', 'dec/mlp/linear0/kernel', 'dec/mlp/linear1/bias', 'dec/mlp/linear1/kernel', 'dec/mlp/linear2/bias', 'dec/mlp/linear2/kernel', 'dec/mlp/norm0/scale', 'dec/mlp/norm1/scale', 'dec/mlp/norm2/scale', 'dec/vec/distractor/pred/bias', 'dec/vec/distractor/pred/kernel', 'dec/vec/position/pred/bias', 'dec/vec/position/pred/kernel', 'dec/vec/to_target/pred/bias', 'dec/vec/to_target/pred/kernel', 'dec/vec/velocity/pred/bias', 'dec/vec/velocity/pred/kernel', 'dyn/dyngru/bias', 'dyn/dyngru/kernel', 'dyn/dynhid0/bias', 'dyn/dynhid0/kernel', 'dyn/dynhid0norm/scale', 'dyn/dynin0/bias', 'dyn/dynin0/kernel', 'dyn/dynin0norm/scale', 'dyn/dynin1/bias', 'dyn/dynin1/kernel', 'dyn/dynin1norm/scale', 'dyn/dynin2/bias', 'dyn/dynin2/kernel', 'dyn/dynin2norm/scale', 'dyn/obs0/bias', 'dyn/obs0/kernel', 'dyn/obs0norm/scale', 'dyn/obslogit/bias', 'dyn/obslogit/kernel', 'dyn/prior0/bias', 'dyn/prior0/kernel', 'dyn/prior0norm/scale', 'dyn/prior1/bias', 'dyn/prior1/kernel', 'dyn/prior1norm/scale', 'dyn/priorlogit/bias', 'dyn/priorlogit/kernel', 'enc/mlp0/bias', 'enc/mlp0/kernel', 'enc/mlp0norm/scale', 'enc/mlp1/bias', 'enc/mlp1/kernel', 'enc/mlp1norm/scale', 'enc/mlp2/bias', 'enc/mlp2/kernel', 'enc/mlp2norm/scale']
Did not find any checkpoint.
Saving checkpoint: /scratch/midway3/rickybao/dreamerv3_runs/adapt_ax1rbf3q1s1_synth_seed105_ckpt500000/ckpt/20260721T121748F074162
Saved checkpoint.
Start training loop

--------------------[Agent Step 6_880]--------------------
Metrics filtered by: 'score|length|fps|ratio|train/loss/|train/rand/'
train/loss/con 0.07 / train/loss/distractor 1.15 / train/loss/dyn 11.71 / train/loss/policy 0.04 / train/loss/position 0.3 / train/loss/rep 11.71 / train/loss/repval 2.9 / train/loss/rew 1.05 / train/loss/to_target 0.21 / train/loss/value 1.68 / train/loss/velocity 0.02 / replay/replay_ratio 858.5 / fps/policy 56.44 / fps/train 4.1e4

Writing metrics: /scratch/midway3/rickybao/dreamerv3_runs/adapt_ax1rbf3q1s1_synth_seed105_ckpt500000/metrics.jsonlWriting metrics: /scratch/midway3/rickybao/dreamerv3_runs/adapt_ax1rbf3q1s1_synth_seed105_ckpt500000/scores.jsonl


--------------------[Agent Step 11_744]--------------------
Metrics filtered by: 'score|length|fps|ratio|train/loss/|train/rand/'
train/loss/con 0.02 / train/loss/distractor 1.2 / train/loss/dyn 11.71 / train/loss/policy 0.03 / train/loss/position 0.2 / train/loss/rep 11.71 / train/loss/repval 1.43 / train/loss/rew 0.02 / train/loss/to_target 0.16 / train/loss/value 1.26 / train/loss/velocity 0.03 / replay/replay_ratio 1040 / fps/policy 40.52 / fps/train 4.1e4

Writing metrics: /scratch/midway3/rickybao/dreamerv3_runs/adapt_ax1rbf3q1s1_synth_seed105_ckpt500000/scores.jsonlWriting metrics: /scratch/midway3/rickybao/dreamerv3_runs/adapt_ax1rbf3q1s1_synth_seed105_ckpt500000/metrics.jsonl


--------------------[Agent Step 16_624]--------------------
Metrics filtered by: 'score|length|fps|ratio|train/loss/|train/rand/'
episode/score 31 / episode/length 1001 / train/loss/con 0.02 / train/loss/distractor 1.19 / train/loss/dyn 11.89 / train/loss/policy -0.03 / train/loss/position 0.23 / train/loss/rep 11.89 / train/loss/repval 1.51 / train/loss/rew 0.04 / train/loss/to_target 0.22 / train/loss/value 1.23 / train/loss/velocity 0.03 / replay/replay_ratio 1040 / fps/policy 40.53 / fps/train 4.2e4

Writing metrics: /scratch/midway3/rickybao/dreamerv3_runs/adapt_ax1rbf3q1s1_synth_seed105_ckpt500000/scores.jsonl
Writing metrics: /scratch/midway3/rickybao/dreamerv3_runs/adapt_ax1rbf3q1s1_synth_seed105_ckpt500000/metrics.jsonl

--------------------[Agent Step 21_504]--------------------
Metrics filtered by: 'score|length|fps|ratio|train/loss/|train/rand/'
train/loss/con 0.02 / train/loss/distractor 1.19 / train/loss/dyn 12.31 / train/loss/policy -0.04 / train/loss/position 0.28 / train/loss/rep 12.31 / train/loss/repval 1.56 / train/loss/rew 0.04 / train/loss/to_target 0.27 / train/loss/value 1.27 / train/loss/velocity 0.02 / replay/replay_ratio 1040 / fps/policy 40.54 / fps/train 4.2e4

Writing metrics: /scratch/midway3/rickybao/dreamerv3_runs/adapt_ax1rbf3q1s1_synth_seed105_ckpt500000/metrics.jsonl
Writing metrics: /scratch/midway3/rickybao/dreamerv3_runs/adapt_ax1rbf3q1s1_synth_seed105_ckpt500000/scores.jsonl

--------------------[Agent Step 26_384]--------------------
Metrics filtered by: 'score|length|fps|ratio|train/loss/|train/rand/'
train/loss/con 0.02 / train/loss/distractor 1.21 / train/loss/dyn 12.45 / train/loss/policy -5.7e-3 / train/loss/position 0.29 / train/loss/rep 12.45 / train/loss/repval 1.37 / train/loss/rew 0.04 / train/loss/to_target 0.27 / train/loss/value 1.11 / train/loss/velocity 0.02 / replay/replay_ratio 1040 / fps/policy 40.54 / fps/train 4.2e4

Writing metrics: /scratch/midway3/rickybao/dreamerv3_runs/adapt_ax1rbf3q1s1_synth_seed105_ckpt500000/metrics.jsonlWriting metrics: /scratch/midway3/rickybao/dreamerv3_runs/adapt_ax1rbf3q1s1_synth_seed105_ckpt500000/scores.jsonl


--------------------[Agent Step 31_248]--------------------
Metrics filtered by: 'score|length|fps|ratio|train/loss/|train/rand/'
train/loss/con 0.02 / train/loss/distractor 1.2 / train/loss/dyn 12.4 / train/loss/policy -0.03 / train/loss/position 0.31 / train/loss/rep 12.4 / train/loss/repval 1.31 / train/loss/rew 0.06 / train/loss/to_target 0.29 / train/loss/value 1.06 / train/loss/velocity 0.02 / replay/replay_ratio 1040 / fps/policy 40.53 / fps/train 4.2e4

Writing metrics: /scratch/midway3/rickybao/dreamerv3_runs/adapt_ax1rbf3q1s1_synth_seed105_ckpt500000/scores.jsonlWriting metrics: /scratch/midway3/rickybao/dreamerv3_runs/adapt_ax1rbf3q1s1_synth_seed105_ckpt500000/metrics.jsonl


--------------------[Agent Step 36_128]--------------------
Metrics filtered by: 'score|length|fps|ratio|train/loss/|train/rand/'
episode/score 21 / episode/length 1001 / train/loss/con 0.02 / train/loss/distractor 1.2 / train/loss/dyn 12.43 / train/loss/policy -0.03 / train/loss/position 0.3 / train/loss/rep 12.43 / train/loss/repval 1.25 / train/loss/rew 0.05 / train/loss/to_target 0.28 / train/loss/value 1.06 / train/loss/velocity 0.02 / replay/replay_ratio 1040 / fps/policy 40.54 / fps/train 4.2e4

Writing metrics: /scratch/midway3/rickybao/dreamerv3_runs/adapt_ax1rbf3q1s1_synth_seed105_ckpt500000/metrics.jsonl
Writing metrics: /scratch/midway3/rickybao/dreamerv3_runs/adapt_ax1rbf3q1s1_synth_seed105_ckpt500000/scores.jsonl
Saving checkpoint: /scratch/midway3/rickybao/dreamerv3_runs/adapt_ax1rbf3q1s1_synth_seed105_ckpt500000/ckpt/20260721T123249F757849
Saved checkpoint.

--------------------[Agent Step 40_944]--------------------
Metrics filtered by: 'score|length|fps|ratio|train/loss/|train/rand/'
train/loss/con 0.02 / train/loss/distractor 1.2 / train/loss/dyn 12.4 / train/loss/policy -0.02 / train/loss/position 0.31 / train/loss/rep 12.4 / train/loss/repval 1.2 / train/loss/rew 0.04 / train/loss/to_target 0.28 / train/loss/value 1.11 / train/loss/velocity 0.02 / replay/replay_ratio 1040 / fps/policy 40.11 / fps/train 4.1e4

Writing metrics: /scratch/midway3/rickybao/dreamerv3_runs/adapt_ax1rbf3q1s1_synth_seed105_ckpt500000/metrics.jsonlWriting metrics: /scratch/midway3/rickybao/dreamerv3_runs/adapt_ax1rbf3q1s1_synth_seed105_ckpt500000/scores.jsonl


--------------------[Agent Step 45_824]--------------------
Metrics filtered by: 'score|length|fps|ratio|train/loss/|train/rand/'
train/loss/con 0.02 / train/loss/distractor 1.19 / train/loss/dyn 12.61 / train/loss/policy 0.17 / train/loss/position 0.3 / train/loss/rep 12.61 / train/loss/repval 1.43 / train/loss/rew 0.03 / train/loss/to_target 0.28 / train/loss/value 1.08 / train/loss/velocity 0.04 / replay/replay_ratio 1040 / fps/policy 40.54 / fps/train 4.2e4

Writing metrics: /scratch/midway3/rickybao/dreamerv3_runs/adapt_ax1rbf3q1s1_synth_seed105_ckpt500000/metrics.jsonlWriting metrics: /scratch/midway3/rickybao/dreamerv3_runs/adapt_ax1rbf3q1s1_synth_seed105_ckpt500000/scores.jsonl


--------------------[Agent Step 50_704]--------------------
Metrics filtered by: 'score|length|fps|ratio|train/loss/|train/rand/'
episode/score 0 / episode/length 1001 / train/loss/con 0.02 / train/loss/distractor 1.17 / train/loss/dyn 13.06 / train/loss/policy 0.04 / train/loss/position 0.3 / train/loss/rep 13.06 / train/loss/repval 1.87 / train/loss/rew 0.02 / train/loss/to_target 0.31 / train/loss/value 1.28 / train/loss/velocity 0.1 / replay/replay_ratio 1040 / fps/policy 40.54 / fps/train 4.2e4

Writing metrics: /scratch/midway3/rickybao/dreamerv3_runs/adapt_ax1rbf3q1s1_synth_seed105_ckpt500000/scores.jsonlWriting metrics: /scratch/midway3/rickybao/dreamerv3_runs/adapt_ax1rbf3q1s1_synth_seed105_ckpt500000/metrics.jsonl


--------------------[Agent Step 55_568]--------------------
Metrics filtered by: 'score|length|fps|ratio|train/loss/|train/rand/'
train/loss/con 0.02 / train/loss/distractor 1.19 / train/loss/dyn 13.26 / train/loss/policy -0.03 / train/loss/position 0.28 / train/loss/rep 13.26 / train/loss/repval 1.68 / train/loss/rew 0.02 / train/loss/to_target 0.3 / train/loss/value 1.26 / train/loss/velocity 0.11 / replay/replay_ratio 1040 / fps/policy 40.53 / fps/train 4.2e4

Writing metrics: /scratch/midway3/rickybao/dreamerv3_runs/adapt_ax1rbf3q1s1_synth_seed105_ckpt500000/metrics.jsonl
Writing metrics: /scratch/midway3/rickybao/dreamerv3_runs/adapt_ax1rbf3q1s1_synth_seed105_ckpt500000/scores.jsonl

--------------------[Agent Step 60_448]--------------------
Metrics filtered by: 'score|length|fps|ratio|train/loss/|train/rand/'
train/loss/con 0.02 / train/loss/distractor 1.19 / train/loss/dyn 13.18 / train/loss/policy -0.06 / train/loss/position 0.28 / train/loss/rep 13.18 / train/loss/repval 1.4 / train/loss/rew 0.03 / train/loss/to_target 0.28 / train/loss/value 1.07 / train/loss/velocity 0.1 / replay/replay_ratio 1040 / fps/policy 40.54 / fps/train 4.2e4

Writing metrics: /scratch/midway3/rickybao/dreamerv3_runs/adapt_ax1rbf3q1s1_synth_seed105_ckpt500000/scores.jsonl
Writing metrics: /scratch/midway3/rickybao/dreamerv3_runs/adapt_ax1rbf3q1s1_synth_seed105_ckpt500000/metrics.jsonl

--------------------[Agent Step 65_328]--------------------
Metrics filtered by: 'score|length|fps|ratio|train/loss/|train/rand/'
episode/score 10 / episode/length 1001 / train/loss/con 0.02 / train/loss/distractor 1.18 / train/loss/dyn 13.18 / train/loss/policy -0.05 / train/loss/position 0.27 / train/loss/rep 13.18 / train/loss/repval 1.31 / train/loss/rew 0.03 / train/loss/to_target 0.28 / train/loss/value 1.02 / train/loss/velocity 0.1 / replay/replay_ratio 1040 / fps/policy 40.54 / fps/train 4.2e4

Writing metrics: /scratch/midway3/rickybao/dreamerv3_runs/adapt_ax1rbf3q1s1_synth_seed105_ckpt500000/metrics.jsonlWriting metrics: /scratch/midway3/rickybao/dreamerv3_runs/adapt_ax1rbf3q1s1_synth_seed105_ckpt500000/scores.jsonl


--------------------[Agent Step 70_208]--------------------
Metrics filtered by: 'score|length|fps|ratio|train/loss/|train/rand/'
train/loss/con 0.02 / train/loss/distractor 1.18 / train/loss/dyn 13.07 / train/loss/policy -1.6e-3 / train/loss/position 0.27 / train/loss/rep 13.07 / train/loss/repval 1.23 / train/loss/rew 0.03 / train/loss/to_target 0.28 / train/loss/value 1.07 / train/loss/velocity 0.09 / replay/replay_ratio 1040 / fps/policy 40.54 / fps/train 4.2e4

Writing metrics: /scratch/midway3/rickybao/dreamerv3_runs/adapt_ax1rbf3q1s1_synth_seed105_ckpt500000/metrics.jsonlWriting metrics: /scratch/midway3/rickybao/dreamerv3_runs/adapt_ax1rbf3q1s1_synth_seed105_ckpt500000/scores.jsonl

Saving checkpoint: /scratch/midway3/rickybao/dreamerv3_runs/adapt_ax1rbf3q1s1_synth_seed105_ckpt500000/ckpt/20260721T124749F911032
Saved checkpoint.

--------------------[Agent Step 75_024]--------------------
Metrics filtered by: 'score|length|fps|ratio|train/loss/|train/rand/'
train/loss/con 0.02 / train/loss/distractor 1.18 / train/loss/dyn 13.06 / train/loss/policy 0.04 / train/loss/position 0.27 / train/loss/rep 13.06 / train/loss/repval 1.45 / train/loss/rew 0.03 / train/loss/to_target 0.28 / train/loss/value 0.97 / train/loss/velocity 0.09 / replay/replay_ratio 1040 / fps/policy 40.11 / fps/train 4.1e4

Writing metrics: /scratch/midway3/rickybao/dreamerv3_runs/adapt_ax1rbf3q1s1_synth_seed105_ckpt500000/metrics.jsonlWriting metrics: /scratch/midway3/rickybao/dreamerv3_runs/adapt_ax1rbf3q1s1_synth_seed105_ckpt500000/scores.jsonl


--------------------[Agent Step 79_888]--------------------
Metrics filtered by: 'score|length|fps|ratio|train/loss/|train/rand/'
train/loss/con 0.02 / train/loss/distractor 1.18 / train/loss/dyn 13.14 / train/loss/policy 0.15 / train/loss/position 0.27 / train/loss/rep 13.14 / train/loss/repval 1.65 / train/loss/rew 0.02 / train/loss/to_target 0.28 / train/loss/value 1.09 / train/loss/velocity 0.09 / replay/replay_ratio 1040 / fps/policy 40.51 / fps/train 4.1e4

Writing metrics: /scratch/midway3/rickybao/dreamerv3_runs/adapt_ax1rbf3q1s1_synth_seed105_ckpt500000/metrics.jsonlWriting metrics: /scratch/midway3/rickybao/dreamerv3_runs/adapt_ax1rbf3q1s1_synth_seed105_ckpt500000/scores.jsonl


--------------------[Agent Step 84_768]--------------------
Metrics filtered by: 'score|length|fps|ratio|train/loss/|train/rand/'
episode/score 0 / episode/length 1001 / train/loss/con 0.02 / train/loss/distractor 1.18 / train/loss/dyn 13.17 / train/loss/policy -0.04 / train/loss/position 0.27 / train/loss/rep 13.17 / train/loss/repval 1.55 / train/loss/rew 0.02 / train/loss/to_target 0.28 / train/loss/value 1.18 / train/loss/velocity 0.1 / replay/replay_ratio 1040 / fps/policy 40.53 / fps/train 4.2e4

Writing metrics: /scratch/midway3/rickybao/dreamerv3_runs/adapt_ax1rbf3q1s1_synth_seed105_ckpt500000/scores.jsonlWriting metrics: /scratch/midway3/rickybao/dreamerv3_runs/adapt_ax1rbf3q1s1_synth_seed105_ckpt500000/metrics.jsonl


--------------------[Agent Step 89_648]--------------------
Metrics filtered by: 'score|length|fps|ratio|train/loss/|train/rand/'
train/loss/con 0.02 / train/loss/distractor 1.18 / train/loss/dyn 13.14 / train/loss/policy -0.04 / train/loss/position 0.27 / train/loss/rep 13.14 / train/loss/repval 1.29 / train/loss/rew 0.02 / train/loss/to_target 0.28 / train/loss/value 1.12 / train/loss/velocity 0.1 / replay/replay_ratio 1040 / fps/policy 40.54 / fps/train 4.2e4

Writing metrics: /scratch/midway3/rickybao/dreamerv3_runs/adapt_ax1rbf3q1s1_synth_seed105_ckpt500000/metrics.jsonl
Writing metrics: /scratch/midway3/rickybao/dreamerv3_runs/adapt_ax1rbf3q1s1_synth_seed105_ckpt500000/scores.jsonl

--------------------[Agent Step 94_528]--------------------
Metrics filtered by: 'score|length|fps|ratio|train/loss/|train/rand/'
train/loss/con 0.02 / train/loss/distractor 1.18 / train/loss/dyn 13.1 / train/loss/policy -0.02 / train/loss/position 0.28 / train/loss/rep 13.1 / train/loss/repval 1.25 / train/loss/rew 0.02 / train/loss/to_target 0.28 / train/loss/value 1.09 / train/loss/velocity 0.09 / replay/replay_ratio 1040 / fps/policy 40.53 / fps/train 4.2e4

Writing metrics: /scratch/midway3/rickybao/dreamerv3_runs/adapt_ax1rbf3q1s1_synth_seed105_ckpt500000/metrics.jsonlWriting metrics: /scratch/midway3/rickybao/dreamerv3_runs/adapt_ax1rbf3q1s1_synth_seed105_ckpt500000/scores.jsonl


--------------------[Agent Step 99_408]--------------------
Metrics filtered by: 'score|length|fps|ratio|train/loss/|train/rand/'
episode/score 3 / episode/length 1001 / train/loss/con 0.02 / train/loss/distractor 1.18 / train/loss/dyn 13.06 / train/loss/policy -0.03 / train/loss/position 0.28 / train/loss/rep 13.06 / train/loss/repval 1.27 / train/loss/rew 0.02 / train/loss/to_target 0.28 / train/loss/value 1.03 / train/loss/velocity 0.09 / replay/replay_ratio 1040 / fps/policy 40.54 / fps/train 4.2e4

Writing metrics: /scratch/midway3/rickybao/dreamerv3_runs/adapt_ax1rbf3q1s1_synth_seed105_ckpt500000/metrics.jsonl
Writing metrics: /scratch/midway3/rickybao/dreamerv3_runs/adapt_ax1rbf3q1s1_synth_seed105_ckpt500000/scores.jsonl

--------------------[Agent Step 104_288]--------------------
Metrics filtered by: 'score|length|fps|ratio|train/loss/|train/rand/'
train/loss/con 0.02 / train/loss/distractor 1.18 / train/loss/dyn 13.04 / train/loss/policy -2.3e-3 / train/loss/position 0.28 / train/loss/rep 13.04 / train/loss/repval 1.28 / train/loss/rew 0.02 / train/loss/to_target 0.28 / train/loss/value 1.08 / train/loss/velocity 0.08 / replay/replay_ratio 1040 / fps/policy 40.54 / fps/train 4.2e4

Writing metrics: /scratch/midway3/rickybao/dreamerv3_runs/adapt_ax1rbf3q1s1_synth_seed105_ckpt500000/scores.jsonl
Writing metrics: /scratch/midway3/rickybao/dreamerv3_runs/adapt_ax1rbf3q1s1_synth_seed105_ckpt500000/metrics.jsonl

--------------------[Agent Step 109_152]--------------------
Metrics filtered by: 'score|length|fps|ratio|train/loss/|train/rand/'
train/loss/con 0.02 / train/loss/distractor 1.18 / train/loss/dyn 13.05 / train/loss/policy -0.02 / train/loss/position 0.27 / train/loss/rep 13.05 / train/loss/repval 1.37 / train/loss/rew 0.02 / train/loss/to_target 0.28 / train/loss/value 1.07 / train/loss/velocity 0.08 / replay/replay_ratio 1040 / fps/policy 40.48 / fps/train 4.1e4

Writing metrics: /scratch/midway3/rickybao/dreamerv3_runs/adapt_ax1rbf3q1s1_synth_seed105_ckpt500000/scores.jsonlWriting metrics: /scratch/midway3/rickybao/dreamerv3_runs/adapt_ax1rbf3q1s1_synth_seed105_ckpt500000/metrics.jsonl

Saving checkpoint: /scratch/midway3/rickybao/dreamerv3_runs/adapt_ax1rbf3q1s1_synth_seed105_ckpt500000/ckpt/20260721T130250F201035
Saved checkpoint.

--------------------[Agent Step 113_968]--------------------
Metrics filtered by: 'score|length|fps|ratio|train/loss/|train/rand/'
episode/score 33 / episode/length 1001 / train/loss/con 0.02 / train/loss/distractor 1.18 / train/loss/dyn 13.08 / train/loss/policy -0.03 / train/loss/position 0.27 / train/loss/rep 13.08 / train/loss/repval 1.35 / train/loss/rew 0.02 / train/loss/to_target 0.28 / train/loss/value 1.04 / train/loss/velocity 0.08 / replay/replay_ratio 1040 / fps/policy 40.11 / fps/train 4.1e4

Writing metrics: /scratch/midway3/rickybao/dreamerv3_runs/adapt_ax1rbf3q1s1_synth_seed105_ckpt500000/scores.jsonlWriting metrics: /scratch/midway3/rickybao/dreamerv3_runs/adapt_ax1rbf3q1s1_synth_seed105_ckpt500000/metrics.jsonl


--------------------[Agent Step 118_848]--------------------
Metrics filtered by: 'score|length|fps|ratio|train/loss/|train/rand/'
train/loss/con 0.02 / train/loss/distractor 1.18 / train/loss/dyn 13.06 / train/loss/policy -0.03 / train/loss/position 0.27 / train/loss/rep 13.06 / train/loss/repval 1.31 / train/loss/rew 0.03 / train/loss/to_target 0.28 / train/loss/value 1.09 / train/loss/velocity 0.08 / replay/replay_ratio 1040 / fps/policy 40.54 / fps/train 4.2e4

Writing metrics: /scratch/midway3/rickybao/dreamerv3_runs/adapt_ax1rbf3q1s1_synth_seed105_ckpt500000/metrics.jsonl
Writing metrics: /scratch/midway3/rickybao/dreamerv3_runs/adapt_ax1rbf3q1s1_synth_seed105_ckpt500000/scores.jsonl

--------------------[Agent Step 123_712]--------------------
Metrics filtered by: 'score|length|fps|ratio|train/loss/|train/rand/'
train/loss/con 0.02 / train/loss/distractor 1.18 / train/loss/dyn 13.03 / train/loss/policy -0.03 / train/loss/position 0.27 / train/loss/rep 13.03 / train/loss/repval 1.2 / train/loss/rew 0.03 / train/loss/to_target 0.28 / train/loss/value 1.06 / train/loss/velocity 0.07 / replay/replay_ratio 1040 / fps/policy 40.53 / fps/train 4.2e4

Writing metrics: /scratch/midway3/rickybao/dreamerv3_runs/adapt_ax1rbf3q1s1_synth_seed105_ckpt500000/scores.jsonlWriting metrics: /scratch/midway3/rickybao/dreamerv3_runs/adapt_ax1rbf3q1s1_synth_seed105_ckpt500000/metrics.jsonl

[Tue Jul 21 13:08:28 CDT 2026] adapt adapt_ax1rbf3q1s1_synth_seed105_ckpt500000 rc=0 status=DONE
[Tue Jul 21 13:08:28 CDT 2026] DONE child adapt_ax1rbf3q1s1_synth_seed105_ckpt500000
[Tue Jul 21 13:08:28 CDT 2026] axis1 bundle synth_phasebpp_apt_20260720_220357_004 finished
