[Tue Jul 21 00:00:37 CDT 2026] axis1 bundle script starting
[Tue Jul 21 00:00:37 CDT 2026] job=52442236 host=midway3-0286.rcc.local pwd=/home/rickybao/projects/dreamerv3
[Tue Jul 21 00:00:37 CDT 2026] REPO=/home/rickybao/projects/dreamerv3 RUNROOT=/scratch/midway3/rickybao/dreamerv3_runs CONDA_ENV=/scratch/midway3/rickybao/conda_envs/dreamerv3
[Tue Jul 21 00:00:37 CDT 2026] RUN_ID=synth_phasebpp_apt_20260720_220357_001 RUNLIST=/scratch/midway3/rickybao/dreamerv3_runs/_submit_runlists/synth_phasebpp_20260720_220357/apt_bundle_001.tsv
[Tue Jul 21 00:00:37 CDT 2026] env prepared: python=/scratch/midway3/rickybao/conda_envs/dreamerv3/bin/python
python_executable=/scratch/midway3/rickybao/conda_envs/dreamerv3/bin/python
[Tue Jul 21 00:00:37 CDT 2026] axis1 bundle RUN_ID=synth_phasebpp_apt_20260720_220357_001 RUNLIST=/scratch/midway3/rickybao/dreamerv3_runs/_submit_runlists/synth_phasebpp_20260720_220357/apt_bundle_001.tsv
[Tue Jul 21 00:00:37 CDT 2026] bundle contents:
  adapt_ax1rbf1q1s0_synth_seed104_ckpt500000	ax1wm_synth_fq1s0_seed1	synth_reach	104	/scratch/midway3/rickybao/dreamerv3_runs/axis1_synth/q1/side0	500000	1.25e5	axis1	ax1rbf_synth_q1
  adapt_ax1rbf1q1s0_synth_seed105_ckpt500000	ax1wm_synth_fq1s0_seed1	synth_reach	105	/scratch/midway3/rickybao/dreamerv3_runs/axis1_synth/q1/side0	500000	1.25e5	axis1	ax1rbf_synth_q1
  adapt_ax1rbf1q1s0_synth_seed106_ckpt500000	ax1wm_synth_fq1s0_seed1	synth_reach	106	/scratch/midway3/rickybao/dreamerv3_runs/axis1_synth/q1/side0	500000	1.25e5	axis1	ax1rbf_synth_q1
  adapt_ax1rbf2q1s0_synth_seed104_ckpt500000	ax1wm_synth_fq1s0_seed2	synth_reach	104	/scratch/midway3/rickybao/dreamerv3_runs/axis1_synth/q1/side0	500000	1.25e5	axis1	ax1rbf_synth_q1
  adapt_ax1rbf2q1s0_synth_seed105_ckpt500000	ax1wm_synth_fq1s0_seed2	synth_reach	105	/scratch/midway3/rickybao/dreamerv3_runs/axis1_synth/q1/side0	500000	1.25e5	axis1	ax1rbf_synth_q1
  adapt_ax1rbf2q1s0_synth_seed106_ckpt500000	ax1wm_synth_fq1s0_seed2	synth_reach	106	/scratch/midway3/rickybao/dreamerv3_runs/axis1_synth/q1/side0	500000	1.25e5	axis1	ax1rbf_synth_q1
  adapt_ax1rbf3q1s0_synth_seed104_ckpt500000	ax1wm_synth_fq1s0_seed3	synth_reach	104	/scratch/midway3/rickybao/dreamerv3_runs/axis1_synth/q1/side0	500000	1.25e5	axis1	ax1rbf_synth_q1
  adapt_ax1rbf3q1s0_synth_seed105_ckpt500000	ax1wm_synth_fq1s0_seed3	synth_reach	105	/scratch/midway3/rickybao/dreamerv3_runs/axis1_synth/q1/side0	500000	1.25e5	axis1	ax1rbf_synth_q1
[Tue Jul 21 00:00:37 CDT 2026] START child adapt_ax1rbf1q1s0_synth_seed104_ckpt500000 WM_RUN=ax1wm_synth_fq1s0_seed1
[Tue Jul 21 00:00:37 CDT 2026] axis1 child starting RUN_ID=adapt_ax1rbf1q1s0_synth_seed104_ckpt500000 WM_RUN=ax1wm_synth_fq1s0_seed1 job=52442236 host=midway3-0286.rcc.local
[Tue Jul 21 00:00:37 CDT 2026] env prepared: python=/scratch/midway3/rickybao/conda_envs/dreamerv3/bin/python
python_executable=/scratch/midway3/rickybao/conda_envs/dreamerv3/bin/python
[Tue Jul 21 00:00:37 CDT 2026] offline WM already fit: /scratch/midway3/rickybao/dreamerv3_runs/ax1wm_synth_fq1s0_seed1/ckpt/20260718T125044F760787-000000500000 (skipping stage 1)
[Tue Jul 21 00:00:37 CDT 2026] adapt RUN_ID=adapt_ax1rbf1q1s0_synth_seed104_ckpt500000 TASK=synth_reach SEED=104 CKPT=/scratch/midway3/rickybao/dreamerv3_runs/ax1wm_synth_fq1s0_seed1/ckpt/20260718T125044F760787-000000500000 STEPS=1.25e5
---  ___                           __   ______ ---
--- |   \ _ _ ___ __ _ _ __  ___ _ \ \ / /__ / ---
--- | |) | '_/ -_) _` | '  \/ -_) '/\ V / |_ \ ---
--- |___/|_| \___\__,_|_|_|_\___|_|  \_/ |___/ ---
Replica: 0 / 1
Logdir: /scratch/midway3/rickybao/dreamerv3_runs/adapt_ax1rbf1q1s0_synth_seed104_ckpt500000
Run script: train
Observations
  position         Space(float32, shape=(2,), low=-inf, high=inf)
  velocity         Space(float32, shape=(2,), low=-inf, high=inf)
  distractor       Space(float32, shape=(8,), low=-inf, high=inf)
  to_target        Space(float32, shape=(2,), low=-inf, high=inf)
  reward           Space(float32, shape=(), low=-inf, high=inf)
  is_first         Space(bool, shape=(), low=False, high=True)
  is_last          Space(bool, shape=(), low=False, high=True)
  is_terminal      Space(bool, shape=(), low=False, high=True)
Actions
  action           Space(float32, shape=(2,), low=-1.0, high=1.0)
Extras
  consec           Space(int32, shape=(), low=-2147483648, high=2147483647)
  stepid           Space(uint8, shape=(20,), low=0, high=255)
  dyn/deter        Space(float32, shape=(512,), low=-inf, high=inf)
  dyn/stoch        Space(float32, shape=(32, 4), low=-inf, high=inf)
JAX devices (1): [cuda:0]
Policy devices: cuda:0
Train devices:  cuda:0
Initializing parameters...
Optimizer opt has 214,723 params:
        66,111 val
        57,663 rew
        49,796 pol
        41,153 con
Done initializing!
Compiling 1 checkpoint groups...
Largest checkpoint group: 0 GB
Compiling train and report...
Train cost analysis:
  FLOPS:            7.2e+09
  Memory (temp):    1.8e+08
  Memory (inputs):  7.3e+06
  Memory (outputs): 5.9e+06
  Memory (code):    1.5e+06

Report cost analysis:
  FLOPS:            2.0e+06
  Memory (temp):    9.2e+05
  Memory (inputs):  2.7e+06
  Memory (outputs): 2.1e+04
  Memory (code):    9.8e+04

Done compiling!
Loaded pretrained checkpoint with keys: ['dec/mlp/linear0/bias', 'dec/mlp/linear0/kernel', 'dec/mlp/linear1/bias', 'dec/mlp/linear1/kernel', 'dec/mlp/linear2/bias', 'dec/mlp/linear2/kernel', 'dec/mlp/norm0/scale', 'dec/mlp/norm1/scale', 'dec/mlp/norm2/scale', 'dec/vec/distractor/pred/bias', 'dec/vec/distractor/pred/kernel', 'dec/vec/position/pred/bias', 'dec/vec/position/pred/kernel', 'dec/vec/to_target/pred/bias', 'dec/vec/to_target/pred/kernel', 'dec/vec/velocity/pred/bias', 'dec/vec/velocity/pred/kernel', 'dyn/dyngru/bias', 'dyn/dyngru/kernel', 'dyn/dynhid0/bias', 'dyn/dynhid0/kernel', 'dyn/dynhid0norm/scale', 'dyn/dynin0/bias', 'dyn/dynin0/kernel', 'dyn/dynin0norm/scale', 'dyn/dynin1/bias', 'dyn/dynin1/kernel', 'dyn/dynin1norm/scale', 'dyn/dynin2/bias', 'dyn/dynin2/kernel', 'dyn/dynin2norm/scale', 'dyn/obs0/bias', 'dyn/obs0/kernel', 'dyn/obs0norm/scale', 'dyn/obslogit/bias', 'dyn/obslogit/kernel', 'dyn/prior0/bias', 'dyn/prior0/kernel', 'dyn/prior0norm/scale', 'dyn/prior1/bias', 'dyn/prior1/kernel', 'dyn/prior1norm/scale', 'dyn/priorlogit/bias', 'dyn/priorlogit/kernel', 'enc/mlp0/bias', 'enc/mlp0/kernel', 'enc/mlp0norm/scale', 'enc/mlp1/bias', 'enc/mlp1/kernel', 'enc/mlp1norm/scale', 'enc/mlp2/bias', 'enc/mlp2/kernel', 'enc/mlp2norm/scale']
Did not find any checkpoint.
Saving checkpoint: /scratch/midway3/rickybao/dreamerv3_runs/adapt_ax1rbf1q1s0_synth_seed104_ckpt500000/ckpt/20260721T000120F092805
Saved checkpoint.
Start training loop

--------------------[Agent Step 2_912]--------------------
Metrics filtered by: 'score|length|fps|ratio|train/loss/|train/rand/'
train/loss/con 0.21 / train/loss/distractor 1.3 / train/loss/dyn 12.57 / train/loss/policy -3.9e-4 / train/loss/position 0.22 / train/loss/rep 12.57 / train/loss/repval 9.29 / train/loss/rew 4.7 / train/loss/to_target 0.13 / train/loss/value 4.02 / train/loss/velocity 7.1e-3 / replay/replay_ratio 477.03 / fps/policy 23.63 / fps/train 7186.52

Writing metrics: /scratch/midway3/rickybao/dreamerv3_runs/adapt_ax1rbf1q1s0_synth_seed104_ckpt500000/metrics.jsonlWriting metrics: /scratch/midway3/rickybao/dreamerv3_runs/adapt_ax1rbf1q1s0_synth_seed104_ckpt500000/scores.jsonl


--------------------[Agent Step 3_776]--------------------
Metrics filtered by: 'score|length|fps|ratio|train/loss/|train/rand/'
train/loss/con 0.02 / train/loss/distractor 1.3 / train/loss/dyn 12.43 / train/loss/policy -7.7e-4 / train/loss/position 0.21 / train/loss/rep 12.43 / train/loss/repval 1.78 / train/loss/rew 0.99 / train/loss/to_target 0.13 / train/loss/value 1.6 / train/loss/velocity 6.3e-3 / replay/replay_ratio 1040 / fps/policy 7.17 / fps/train 7342.65

Writing metrics: /scratch/midway3/rickybao/dreamerv3_runs/adapt_ax1rbf1q1s0_synth_seed104_ckpt500000/metrics.jsonlWriting metrics: /scratch/midway3/rickybao/dreamerv3_runs/adapt_ax1rbf1q1s0_synth_seed104_ckpt500000/scores.jsonl


--------------------[Agent Step 4_640]--------------------
Metrics filtered by: 'score|length|fps|ratio|train/loss/|train/rand/'
train/loss/con 0.02 / train/loss/distractor 1.3 / train/loss/dyn 12.37 / train/loss/policy -8.1e-4 / train/loss/position 0.21 / train/loss/rep 12.37 / train/loss/repval 0.07 / train/loss/rew 0.07 / train/loss/to_target 0.13 / train/loss/value 0.07 / train/loss/velocity 6.1e-3 / replay/replay_ratio 1040 / fps/policy 7.16 / fps/train 7335.73

Writing metrics: /scratch/midway3/rickybao/dreamerv3_runs/adapt_ax1rbf1q1s0_synth_seed104_ckpt500000/scores.jsonlWriting metrics: /scratch/midway3/rickybao/dreamerv3_runs/adapt_ax1rbf1q1s0_synth_seed104_ckpt500000/metrics.jsonl


--------------------[Agent Step 5_504]--------------------
Metrics filtered by: 'score|length|fps|ratio|train/loss/|train/rand/'
train/loss/con 0.02 / train/loss/distractor 1.3 / train/loss/dyn 12.3 / train/loss/policy -8.2e-4 / train/loss/position 0.21 / train/loss/rep 12.3 / train/loss/repval 0.03 / train/loss/rew 0.03 / train/loss/to_target 0.13 / train/loss/value 0.02 / train/loss/velocity 6e-3 / replay/replay_ratio 1040 / fps/policy 7.17 / fps/train 7337.79

Writing metrics: /scratch/midway3/rickybao/dreamerv3_runs/adapt_ax1rbf1q1s0_synth_seed104_ckpt500000/metrics.jsonlWriting metrics: /scratch/midway3/rickybao/dreamerv3_runs/adapt_ax1rbf1q1s0_synth_seed104_ckpt500000/scores.jsonl


--------------------[Agent Step 6_368]--------------------
Metrics filtered by: 'score|length|fps|ratio|train/loss/|train/rand/'
train/loss/con 0.02 / train/loss/distractor 1.29 / train/loss/dyn 12.21 / train/loss/policy -8.3e-4 / train/loss/position 0.22 / train/loss/rep 12.21 / train/loss/repval 0.01 / train/loss/rew 0.01 / train/loss/to_target 0.14 / train/loss/value 0.01 / train/loss/velocity 6.1e-3 / replay/replay_ratio 1040 / fps/policy 7.16 / fps/train 7332.04

Writing metrics: /scratch/midway3/rickybao/dreamerv3_runs/adapt_ax1rbf1q1s0_synth_seed104_ckpt500000/metrics.jsonlWriting metrics: /scratch/midway3/rickybao/dreamerv3_runs/adapt_ax1rbf1q1s0_synth_seed104_ckpt500000/scores.jsonl


--------------------[Agent Step 7_232]--------------------
Metrics filtered by: 'score|length|fps|ratio|train/loss/|train/rand/'
train/loss/con 0.02 / train/loss/distractor 1.28 / train/loss/dyn 12.16 / train/loss/policy -8.3e-4 / train/loss/position 0.22 / train/loss/rep 12.16 / train/loss/repval 7.1e-3 / train/loss/rew 7.1e-3 / train/loss/to_target 0.14 / train/loss/value 6.9e-3 / train/loss/velocity 6.2e-3 / replay/replay_ratio 1040 / fps/policy 7.17 / fps/train 7344.91

Writing metrics: /scratch/midway3/rickybao/dreamerv3_runs/adapt_ax1rbf1q1s0_synth_seed104_ckpt500000/metrics.jsonl
Writing metrics: /scratch/midway3/rickybao/dreamerv3_runs/adapt_ax1rbf1q1s0_synth_seed104_ckpt500000/scores.jsonl

--------------------[Agent Step 8_096]--------------------
Metrics filtered by: 'score|length|fps|ratio|train/loss/|train/rand/'
train/loss/con 0.02 / train/loss/distractor 1.28 / train/loss/dyn 12.14 / train/loss/policy -4.3e-4 / train/loss/position 0.21 / train/loss/rep 12.14 / train/loss/repval 0.09 / train/loss/rew 0.02 / train/loss/to_target 0.14 / train/loss/value 0.03 / train/loss/velocity 6.2e-3 / replay/replay_ratio 1040 / fps/policy 7.17 / fps/train 7343.12

Writing metrics: /scratch/midway3/rickybao/dreamerv3_runs/adapt_ax1rbf1q1s0_synth_seed104_ckpt500000/metrics.jsonl
Writing metrics: /scratch/midway3/rickybao/dreamerv3_runs/adapt_ax1rbf1q1s0_synth_seed104_ckpt500000/scores.jsonl
Saving checkpoint: /scratch/midway3/rickybao/dreamerv3_runs/adapt_ax1rbf1q1s0_synth_seed104_ckpt500000/ckpt/20260721T001622F048279
Saved checkpoint.

--------------------[Agent Step 8_960]--------------------
Metrics filtered by: 'score|length|fps|ratio|train/loss/|train/rand/'
train/loss/con 0.02 / train/loss/distractor 1.27 / train/loss/dyn 12.21 / train/loss/policy 2.3e-3 / train/loss/position 0.2 / train/loss/rep 12.21 / train/loss/repval 0.94 / train/loss/rew 0.03 / train/loss/to_target 0.13 / train/loss/value 0.99 / train/loss/velocity 6.8e-3 / replay/replay_ratio 1040 / fps/policy 7.15 / fps/train 7323.7

Writing metrics: /scratch/midway3/rickybao/dreamerv3_runs/adapt_ax1rbf1q1s0_synth_seed104_ckpt500000/scores.jsonlWriting metrics: /scratch/midway3/rickybao/dreamerv3_runs/adapt_ax1rbf1q1s0_synth_seed104_ckpt500000/metrics.jsonl


--------------------[Agent Step 9_824]--------------------
Metrics filtered by: 'score|length|fps|ratio|train/loss/|train/rand/'
train/loss/con 0.02 / train/loss/distractor 1.27 / train/loss/dyn 12.3 / train/loss/policy -1.6e-3 / train/loss/position 0.21 / train/loss/rep 12.3 / train/loss/repval 0.92 / train/loss/rew 0.02 / train/loss/to_target 0.14 / train/loss/value 0.96 / train/loss/velocity 9.9e-3 / replay/replay_ratio 1040 / fps/policy 7.16 / fps/train 7334.81

Writing metrics: /scratch/midway3/rickybao/dreamerv3_runs/adapt_ax1rbf1q1s0_synth_seed104_ckpt500000/metrics.jsonl
Writing metrics: /scratch/midway3/rickybao/dreamerv3_runs/adapt_ax1rbf1q1s0_synth_seed104_ckpt500000/scores.jsonl

--------------------[Agent Step 10_688]--------------------
Metrics filtered by: 'score|length|fps|ratio|train/loss/|train/rand/'
train/loss/con 0.02 / train/loss/distractor 1.28 / train/loss/dyn 12.55 / train/loss/policy 8.4e-3 / train/loss/position 0.2 / train/loss/rep 12.55 / train/loss/repval 1.28 / train/loss/rew 0.01 / train/loss/to_target 0.14 / train/loss/value 1.27 / train/loss/velocity 0.02 / replay/replay_ratio 1040 / fps/policy 7.16 / fps/train 7336.19

Writing metrics: /scratch/midway3/rickybao/dreamerv3_runs/adapt_ax1rbf1q1s0_synth_seed104_ckpt500000/scores.jsonl
Writing metrics: /scratch/midway3/rickybao/dreamerv3_runs/adapt_ax1rbf1q1s0_synth_seed104_ckpt500000/metrics.jsonl

--------------------[Agent Step 11_552]--------------------
Metrics filtered by: 'score|length|fps|ratio|train/loss/|train/rand/'
train/loss/con 0.02 / train/loss/distractor 1.3 / train/loss/dyn 12.8 / train/loss/policy -0.04 / train/loss/position 0.21 / train/loss/rep 12.8 / train/loss/repval 1.61 / train/loss/rew 0.01 / train/loss/to_target 0.15 / train/loss/value 1.42 / train/loss/velocity 0.03 / replay/replay_ratio 1040 / fps/policy 7.17 / fps/train 7341.3

Writing metrics: /scratch/midway3/rickybao/dreamerv3_runs/adapt_ax1rbf1q1s0_synth_seed104_ckpt500000/metrics.jsonlWriting metrics: /scratch/midway3/rickybao/dreamerv3_runs/adapt_ax1rbf1q1s0_synth_seed104_ckpt500000/scores.jsonl


--------------------[Agent Step 12_416]--------------------
Metrics filtered by: 'score|length|fps|ratio|train/loss/|train/rand/'
train/loss/con 0.02 / train/loss/distractor 1.31 / train/loss/dyn 12.8 / train/loss/policy -0.07 / train/loss/position 0.23 / train/loss/rep 12.8 / train/loss/repval 1.27 / train/loss/rew 0.01 / train/loss/to_target 0.18 / train/loss/value 1.29 / train/loss/velocity 0.03 / replay/replay_ratio 1040 / fps/policy 7.17 / fps/train 7338.96

Writing metrics: /scratch/midway3/rickybao/dreamerv3_runs/adapt_ax1rbf1q1s0_synth_seed104_ckpt500000/scores.jsonlWriting metrics: /scratch/midway3/rickybao/dreamerv3_runs/adapt_ax1rbf1q1s0_synth_seed104_ckpt500000/metrics.jsonl


--------------------[Agent Step 13_280]--------------------
Metrics filtered by: 'score|length|fps|ratio|train/loss/|train/rand/'
train/loss/con 0.02 / train/loss/distractor 1.32 / train/loss/dyn 12.7 / train/loss/policy -0.15 / train/loss/position 0.26 / train/loss/rep 12.7 / train/loss/repval 1.85 / train/loss/rew 0.03 / train/loss/to_target 0.21 / train/loss/value 1.69 / train/loss/velocity 0.03 / replay/replay_ratio 1040 / fps/policy 7.17 / fps/train 7338.29

Writing metrics: /scratch/midway3/rickybao/dreamerv3_runs/adapt_ax1rbf1q1s0_synth_seed104_ckpt500000/scores.jsonlWriting metrics: /scratch/midway3/rickybao/dreamerv3_runs/adapt_ax1rbf1q1s0_synth_seed104_ckpt500000/metrics.jsonl


--------------------[Agent Step 14_144]--------------------
Metrics filtered by: 'score|length|fps|ratio|train/loss/|train/rand/'
train/loss/con 0.02 / train/loss/distractor 1.31 / train/loss/dyn 12.63 / train/loss/policy -0.15 / train/loss/position 0.28 / train/loss/rep 12.63 / train/loss/repval 1.81 / train/loss/rew 0.02 / train/loss/to_target 0.24 / train/loss/value 1.63 / train/loss/velocity 0.03 / replay/replay_ratio 1040 / fps/policy 7.16 / fps/train 7332.99

Writing metrics: /scratch/midway3/rickybao/dreamerv3_runs/adapt_ax1rbf1q1s0_synth_seed104_ckpt500000/scores.jsonl
Writing metrics: /scratch/midway3/rickybao/dreamerv3_runs/adapt_ax1rbf1q1s0_synth_seed104_ckpt500000/metrics.jsonl
Saving checkpoint: /scratch/midway3/rickybao/dreamerv3_runs/adapt_ax1rbf1q1s0_synth_seed104_ckpt500000/ckpt/20260721T003122F189258
Saved checkpoint.

--------------------[Agent Step 15_008]--------------------
Metrics filtered by: 'score|length|fps|ratio|train/loss/|train/rand/'
train/loss/con 0.02 / train/loss/distractor 1.29 / train/loss/dyn 12.69 / train/loss/policy -0.08 / train/loss/position 0.27 / train/loss/rep 12.69 / train/loss/repval 1.74 / train/loss/rew 0.02 / train/loss/to_target 0.24 / train/loss/value 1.55 / train/loss/velocity 0.03 / replay/replay_ratio 1040 / fps/policy 7.16 / fps/train 7326.84

Writing metrics: /scratch/midway3/rickybao/dreamerv3_runs/adapt_ax1rbf1q1s0_synth_seed104_ckpt500000/metrics.jsonl
Writing metrics: /scratch/midway3/rickybao/dreamerv3_runs/adapt_ax1rbf1q1s0_synth_seed104_ckpt500000/scores.jsonl

--------------------[Agent Step 15_872]--------------------
Metrics filtered by: 'score|length|fps|ratio|train/loss/|train/rand/'
train/loss/con 0.02 / train/loss/distractor 1.28 / train/loss/dyn 12.79 / train/loss/policy -0.12 / train/loss/position 0.26 / train/loss/rep 12.79 / train/loss/repval 1.47 / train/loss/rew 0.01 / train/loss/to_target 0.23 / train/loss/value 1.21 / train/loss/velocity 0.03 / replay/replay_ratio 1040 / fps/policy 7.17 / fps/train 7343.75

Writing metrics: /scratch/midway3/rickybao/dreamerv3_runs/adapt_ax1rbf1q1s0_synth_seed104_ckpt500000/scores.jsonlWriting metrics: /scratch/midway3/rickybao/dreamerv3_runs/adapt_ax1rbf1q1s0_synth_seed104_ckpt500000/metrics.jsonl


--------------------[Agent Step 16_736]--------------------
Metrics filtered by: 'score|length|fps|ratio|train/loss/|train/rand/'
episode/score 0 / episode/length 1001 / train/loss/con 0.02 / train/loss/distractor 1.25 / train/loss/dyn 12.89 / train/loss/policy -0.09 / train/loss/position 0.26 / train/loss/rep 12.89 / train/loss/repval 1.39 / train/loss/rew 0.01 / train/loss/to_target 0.23 / train/loss/value 1.16 / train/loss/velocity 0.03 / replay/replay_ratio 1040 / fps/policy 7.17 / fps/train 7342.24

Writing metrics: /scratch/midway3/rickybao/dreamerv3_runs/adapt_ax1rbf1q1s0_synth_seed104_ckpt500000/scores.jsonlWriting metrics: /scratch/midway3/rickybao/dreamerv3_runs/adapt_ax1rbf1q1s0_synth_seed104_ckpt500000/metrics.jsonl


--------------------[Agent Step 17_600]--------------------
Metrics filtered by: 'score|length|fps|ratio|train/loss/|train/rand/'
train/loss/con 0.02 / train/loss/distractor 1.25 / train/loss/dyn 13.03 / train/loss/policy -0.05 / train/loss/position 0.25 / train/loss/rep 13.03 / train/loss/repval 1.4 / train/loss/rew 0.01 / train/loss/to_target 0.22 / train/loss/value 1.09 / train/loss/velocity 0.03 / replay/replay_ratio 1040 / fps/policy 7.17 / fps/train 7337.61

Writing metrics: /scratch/midway3/rickybao/dreamerv3_runs/adapt_ax1rbf1q1s0_synth_seed104_ckpt500000/scores.jsonl
Writing metrics: /scratch/midway3/rickybao/dreamerv3_runs/adapt_ax1rbf1q1s0_synth_seed104_ckpt500000/metrics.jsonl

--------------------[Agent Step 18_464]--------------------
Metrics filtered by: 'score|length|fps|ratio|train/loss/|train/rand/'
train/loss/con 0.02 / train/loss/distractor 1.25 / train/loss/dyn 13.08 / train/loss/policy -0.05 / train/loss/position 0.23 / train/loss/rep 13.08 / train/loss/repval 1.36 / train/loss/rew 0.01 / train/loss/to_target 0.21 / train/loss/value 1.05 / train/loss/velocity 0.03 / replay/replay_ratio 1040 / fps/policy 7.16 / fps/train 7329.4

Writing metrics: /scratch/midway3/rickybao/dreamerv3_runs/adapt_ax1rbf1q1s0_synth_seed104_ckpt500000/scores.jsonlWriting metrics: /scratch/midway3/rickybao/dreamerv3_runs/adapt_ax1rbf1q1s0_synth_seed104_ckpt500000/metrics.jsonl


--------------------[Agent Step 19_328]--------------------
Metrics filtered by: 'score|length|fps|ratio|train/loss/|train/rand/'
train/loss/con 0.02 / train/loss/distractor 1.25 / train/loss/dyn 13.05 / train/loss/policy -0.05 / train/loss/position 0.22 / train/loss/rep 13.05 / train/loss/repval 1.35 / train/loss/rew 8.4e-3 / train/loss/to_target 0.2 / train/loss/value 1.12 / train/loss/velocity 0.04 / replay/replay_ratio 1040 / fps/policy 7.16 / fps/train 7332.76

Writing metrics: /scratch/midway3/rickybao/dreamerv3_runs/adapt_ax1rbf1q1s0_synth_seed104_ckpt500000/metrics.jsonl
Writing metrics: /scratch/midway3/rickybao/dreamerv3_runs/adapt_ax1rbf1q1s0_synth_seed104_ckpt500000/scores.jsonl

--------------------[Agent Step 20_192]--------------------
Metrics filtered by: 'score|length|fps|ratio|train/loss/|train/rand/'
train/loss/con 0.02 / train/loss/distractor 1.25 / train/loss/dyn 13.02 / train/loss/policy -0.05 / train/loss/position 0.22 / train/loss/rep 13.02 / train/loss/repval 1.35 / train/loss/rew 7.9e-3 / train/loss/to_target 0.19 / train/loss/value 1.16 / train/loss/velocity 0.04 / replay/replay_ratio 1040 / fps/policy 7.16 / fps/train 7333.91

Writing metrics: /scratch/midway3/rickybao/dreamerv3_runs/adapt_ax1rbf1q1s0_synth_seed104_ckpt500000/scores.jsonlWriting metrics: /scratch/midway3/rickybao/dreamerv3_runs/adapt_ax1rbf1q1s0_synth_seed104_ckpt500000/metrics.jsonl


--------------------[Agent Step 21_056]--------------------
Metrics filtered by: 'score|length|fps|ratio|train/loss/|train/rand/'
train/loss/con 0.02 / train/loss/distractor 1.25 / train/loss/dyn 13.05 / train/loss/policy -0.04 / train/loss/position 0.21 / train/loss/rep 13.05 / train/loss/repval 1.4 / train/loss/rew 7.1e-3 / train/loss/to_target 0.19 / train/loss/value 1.18 / train/loss/velocity 0.06 / replay/replay_ratio 1040 / fps/policy 7.16 / fps/train 7335.65

Writing metrics: /scratch/midway3/rickybao/dreamerv3_runs/adapt_ax1rbf1q1s0_synth_seed104_ckpt500000/metrics.jsonlWriting metrics: /scratch/midway3/rickybao/dreamerv3_runs/adapt_ax1rbf1q1s0_synth_seed104_ckpt500000/scores.jsonl

Saving checkpoint: /scratch/midway3/rickybao/dreamerv3_runs/adapt_ax1rbf1q1s0_synth_seed104_ckpt500000/ckpt/20260721T004622F387143
Saved checkpoint.

--------------------[Agent Step 21_920]--------------------
Metrics filtered by: 'score|length|fps|ratio|train/loss/|train/rand/'
train/loss/con 0.02 / train/loss/distractor 1.25 / train/loss/dyn 13.01 / train/loss/policy -0.06 / train/loss/position 0.2 / train/loss/rep 13.01 / train/loss/repval 1.37 / train/loss/rew 6.8e-3 / train/loss/to_target 0.18 / train/loss/value 1.06 / train/loss/velocity 0.07 / replay/replay_ratio 1040 / fps/policy 7.16 / fps/train 7327.97

Writing metrics: /scratch/midway3/rickybao/dreamerv3_runs/adapt_ax1rbf1q1s0_synth_seed104_ckpt500000/scores.jsonl
Writing metrics: /scratch/midway3/rickybao/dreamerv3_runs/adapt_ax1rbf1q1s0_synth_seed104_ckpt500000/metrics.jsonl

--------------------[Agent Step 22_784]--------------------
Metrics filtered by: 'score|length|fps|ratio|train/loss/|train/rand/'
train/loss/con 0.02 / train/loss/distractor 1.25 / train/loss/dyn 12.9 / train/loss/policy -0.05 / train/loss/position 0.2 / train/loss/rep 12.9 / train/loss/repval 1.27 / train/loss/rew 6.4e-3 / train/loss/to_target 0.18 / train/loss/value 1.1 / train/loss/velocity 0.07 / replay/replay_ratio 1040 / fps/policy 7.17 / fps/train 7346.35

Writing metrics: /scratch/midway3/rickybao/dreamerv3_runs/adapt_ax1rbf1q1s0_synth_seed104_ckpt500000/scores.jsonl
Writing metrics: /scratch/midway3/rickybao/dreamerv3_runs/adapt_ax1rbf1q1s0_synth_seed104_ckpt500000/metrics.jsonl

--------------------[Agent Step 23_648]--------------------
Metrics filtered by: 'score|length|fps|ratio|train/loss/|train/rand/'
train/loss/con 0.02 / train/loss/distractor 1.25 / train/loss/dyn 12.77 / train/loss/policy -0.02 / train/loss/position 0.2 / train/loss/rep 12.77 / train/loss/repval 1.28 / train/loss/rew 6.3e-3 / train/loss/to_target 0.18 / train/loss/value 1.04 / train/loss/velocity 0.07 / replay/replay_ratio 1040 / fps/policy 7.17 / fps/train 7337.38

Writing metrics: /scratch/midway3/rickybao/dreamerv3_runs/adapt_ax1rbf1q1s0_synth_seed104_ckpt500000/scores.jsonlWriting metrics: /scratch/midway3/rickybao/dreamerv3_runs/adapt_ax1rbf1q1s0_synth_seed104_ckpt500000/metrics.jsonl


--------------------[Agent Step 24_512]--------------------
Metrics filtered by: 'score|length|fps|ratio|train/loss/|train/rand/'
train/loss/con 0.02 / train/loss/distractor 1.25 / train/loss/dyn 12.62 / train/loss/policy -0.02 / train/loss/position 0.2 / train/loss/rep 12.62 / train/loss/repval 1.24 / train/loss/rew 6e-3 / train/loss/to_target 0.18 / train/loss/value 1 / train/loss/velocity 0.06 / replay/replay_ratio 1040 / fps/policy 7.16 / fps/train 7335.05

Writing metrics: /scratch/midway3/rickybao/dreamerv3_runs/adapt_ax1rbf1q1s0_synth_seed104_ckpt500000/scores.jsonlWriting metrics: /scratch/midway3/rickybao/dreamerv3_runs/adapt_ax1rbf1q1s0_synth_seed104_ckpt500000/metrics.jsonl


--------------------[Agent Step 25_376]--------------------
Metrics filtered by: 'score|length|fps|ratio|train/loss/|train/rand/'
train/loss/con 0.02 / train/loss/distractor 1.26 / train/loss/dyn 12.56 / train/loss/policy 8.6e-3 / train/loss/position 0.19 / train/loss/rep 12.56 / train/loss/repval 1.3 / train/loss/rew 5.2e-3 / train/loss/to_target 0.17 / train/loss/value 0.95 / train/loss/velocity 0.06 / replay/replay_ratio 1040 / fps/policy 7.17 / fps/train 7339.17

Writing metrics: /scratch/midway3/rickybao/dreamerv3_runs/adapt_ax1rbf1q1s0_synth_seed104_ckpt500000/metrics.jsonlWriting metrics: /scratch/midway3/rickybao/dreamerv3_runs/adapt_ax1rbf1q1s0_synth_seed104_ckpt500000/scores.jsonl


--------------------[Agent Step 26_240]--------------------
Metrics filtered by: 'score|length|fps|ratio|train/loss/|train/rand/'
train/loss/con 0.02 / train/loss/distractor 1.26 / train/loss/dyn 12.44 / train/loss/policy -5.6e-3 / train/loss/position 0.18 / train/loss/rep 12.44 / train/loss/repval 1.34 / train/loss/rew 4.6e-3 / train/loss/to_target 0.16 / train/loss/value 1.08 / train/loss/velocity 0.06 / replay/replay_ratio 1040 / fps/policy 7.17 / fps/train 7340.33

Writing metrics: /scratch/midway3/rickybao/dreamerv3_runs/adapt_ax1rbf1q1s0_synth_seed104_ckpt500000/scores.jsonlWriting metrics: /scratch/midway3/rickybao/dreamerv3_runs/adapt_ax1rbf1q1s0_synth_seed104_ckpt500000/metrics.jsonl


--------------------[Agent Step 27_104]--------------------
Metrics filtered by: 'score|length|fps|ratio|train/loss/|train/rand/'
train/loss/con 0.02 / train/loss/distractor 1.27 / train/loss/dyn 12.4 / train/loss/policy -5.2e-3 / train/loss/position 0.18 / train/loss/rep 12.4 / train/loss/repval 1.3 / train/loss/rew 4.3e-3 / train/loss/to_target 0.17 / train/loss/value 1.04 / train/loss/velocity 0.07 / replay/replay_ratio 1040 / fps/policy 7.17 / fps/train 7341.46

Writing metrics: /scratch/midway3/rickybao/dreamerv3_runs/adapt_ax1rbf1q1s0_synth_seed104_ckpt500000/scores.jsonlWriting metrics: /scratch/midway3/rickybao/dreamerv3_runs/adapt_ax1rbf1q1s0_synth_seed104_ckpt500000/metrics.jsonl

Saving checkpoint: /scratch/midway3/rickybao/dreamerv3_runs/adapt_ax1rbf1q1s0_synth_seed104_ckpt500000/ckpt/20260721T010124F318175
Saved checkpoint.

--------------------[Agent Step 27_968]--------------------
Metrics filtered by: 'score|length|fps|ratio|train/loss/|train/rand/'
train/loss/con 0.02 / train/loss/distractor 1.27 / train/loss/dyn 12.58 / train/loss/policy 2.7e-3 / train/loss/position 0.18 / train/loss/rep 12.58 / train/loss/repval 1.2 / train/loss/rew 4.1e-3 / train/loss/to_target 0.17 / train/loss/value 1.03 / train/loss/velocity 0.09 / replay/replay_ratio 1040 / fps/policy 7.16 / fps/train 7327.43

Writing metrics: /scratch/midway3/rickybao/dreamerv3_runs/adapt_ax1rbf1q1s0_synth_seed104_ckpt500000/metrics.jsonlWriting metrics: /scratch/midway3/rickybao/dreamerv3_runs/adapt_ax1rbf1q1s0_synth_seed104_ckpt500000/scores.jsonl


--------------------[Agent Step 28_832]--------------------
Metrics filtered by: 'score|length|fps|ratio|train/loss/|train/rand/'
train/loss/con 0.02 / train/loss/distractor 1.28 / train/loss/dyn 12.61 / train/loss/policy -0.01 / train/loss/position 0.19 / train/loss/rep 12.61 / train/loss/repval 1.28 / train/loss/rew 6e-3 / train/loss/to_target 0.18 / train/loss/value 1.05 / train/loss/velocity 0.1 / replay/replay_ratio 1040 / fps/policy 7.16 / fps/train 7333.63

Writing metrics: /scratch/midway3/rickybao/dreamerv3_runs/adapt_ax1rbf1q1s0_synth_seed104_ckpt500000/scores.jsonlWriting metrics: /scratch/midway3/rickybao/dreamerv3_runs/adapt_ax1rbf1q1s0_synth_seed104_ckpt500000/metrics.jsonl


--------------------[Agent Step 29_696]--------------------
Metrics filtered by: 'score|length|fps|ratio|train/loss/|train/rand/'
train/loss/con 0.02 / train/loss/distractor 1.28 / train/loss/dyn 12.63 / train/loss/policy -0.01 / train/loss/position 0.18 / train/loss/rep 12.63 / train/loss/repval 1.27 / train/loss/rew 9e-3 / train/loss/to_target 0.17 / train/loss/value 1.13 / train/loss/velocity 0.09 / replay/replay_ratio 1040 / fps/policy 7.16 / fps/train 7335.6

Writing metrics: /scratch/midway3/rickybao/dreamerv3_runs/adapt_ax1rbf1q1s0_synth_seed104_ckpt500000/scores.jsonlWriting metrics: /scratch/midway3/rickybao/dreamerv3_runs/adapt_ax1rbf1q1s0_synth_seed104_ckpt500000/metrics.jsonl


--------------------[Agent Step 30_560]--------------------
Metrics filtered by: 'score|length|fps|ratio|train/loss/|train/rand/'
train/loss/con 0.02 / train/loss/distractor 1.29 / train/loss/dyn 12.6 / train/loss/policy -0.02 / train/loss/position 0.18 / train/loss/rep 12.6 / train/loss/repval 1.36 / train/loss/rew 0.01 / train/loss/to_target 0.17 / train/loss/value 1.07 / train/loss/velocity 0.09 / replay/replay_ratio 1040 / fps/policy 7.17 / fps/train 7339.99

Writing metrics: /scratch/midway3/rickybao/dreamerv3_runs/adapt_ax1rbf1q1s0_synth_seed104_ckpt500000/metrics.jsonl
Writing metrics: /scratch/midway3/rickybao/dreamerv3_runs/adapt_ax1rbf1q1s0_synth_seed104_ckpt500000/scores.jsonl

--------------------[Agent Step 31_424]--------------------
Metrics filtered by: 'score|length|fps|ratio|train/loss/|train/rand/'
train/loss/con 0.02 / train/loss/distractor 1.29 / train/loss/dyn 12.55 / train/loss/policy -0.05 / train/loss/position 0.19 / train/loss/rep 12.55 / train/loss/repval 1.32 / train/loss/rew 0.02 / train/loss/to_target 0.18 / train/loss/value 1.1 / train/loss/velocity 0.09 / replay/replay_ratio 1040 / fps/policy 7.17 / fps/train 7338.61

Writing metrics: /scratch/midway3/rickybao/dreamerv3_runs/adapt_ax1rbf1q1s0_synth_seed104_ckpt500000/scores.jsonl
Writing metrics: /scratch/midway3/rickybao/dreamerv3_runs/adapt_ax1rbf1q1s0_synth_seed104_ckpt500000/metrics.jsonl

--------------------[Agent Step 32_288]--------------------
Metrics filtered by: 'score|length|fps|ratio|train/loss/|train/rand/'
episode/score 26 / episode/length 1001 / train/loss/con 0.02 / train/loss/distractor 1.29 / train/loss/dyn 12.54 / train/loss/policy -0.04 / train/loss/position 0.19 / train/loss/rep 12.54 / train/loss/repval 1.31 / train/loss/rew 0.02 / train/loss/to_target 0.18 / train/loss/value 1.03 / train/loss/velocity 0.09 / replay/replay_ratio 1040 / fps/policy 7.16 / fps/train 7334.73

Writing metrics: /scratch/midway3/rickybao/dreamerv3_runs/adapt_ax1rbf1q1s0_synth_seed104_ckpt500000/metrics.jsonlWriting metrics: /scratch/midway3/rickybao/dreamerv3_runs/adapt_ax1rbf1q1s0_synth_seed104_ckpt500000/scores.jsonl


--------------------[Agent Step 33_152]--------------------
Metrics filtered by: 'score|length|fps|ratio|train/loss/|train/rand/'
train/loss/con 0.02 / train/loss/distractor 1.28 / train/loss/dyn 12.49 / train/loss/policy -0.06 / train/loss/position 0.2 / train/loss/rep 12.49 / train/loss/repval 1.26 / train/loss/rew 0.02 / train/loss/to_target 0.19 / train/loss/value 1.12 / train/loss/velocity 0.09 / replay/replay_ratio 1040 / fps/policy 7.16 / fps/train 7330.6

Writing metrics: /scratch/midway3/rickybao/dreamerv3_runs/adapt_ax1rbf1q1s0_synth_seed104_ckpt500000/metrics.jsonlWriting metrics: /scratch/midway3/rickybao/dreamerv3_runs/adapt_ax1rbf1q1s0_synth_seed104_ckpt500000/scores.jsonl


--------------------[Agent Step 34_016]--------------------
Metrics filtered by: 'score|length|fps|ratio|train/loss/|train/rand/'
train/loss/con 0.02 / train/loss/distractor 1.29 / train/loss/dyn 12.54 / train/loss/policy -0.05 / train/loss/position 0.2 / train/loss/rep 12.54 / train/loss/repval 1.32 / train/loss/rew 0.02 / train/loss/to_target 0.19 / train/loss/value 0.99 / train/loss/velocity 0.09 / replay/replay_ratio 1040 / fps/policy 7.16 / fps/train 7329.84

Writing metrics: /scratch/midway3/rickybao/dreamerv3_runs/adapt_ax1rbf1q1s0_synth_seed104_ckpt500000/scores.jsonl
Writing metrics: /scratch/midway3/rickybao/dreamerv3_runs/adapt_ax1rbf1q1s0_synth_seed104_ckpt500000/metrics.jsonl
Saving checkpoint: /scratch/midway3/rickybao/dreamerv3_runs/adapt_ax1rbf1q1s0_synth_seed104_ckpt500000/ckpt/20260721T011624F783310
Saved checkpoint.

--------------------[Agent Step 34_880]--------------------
Metrics filtered by: 'score|length|fps|ratio|train/loss/|train/rand/'
train/loss/con 0.02 / train/loss/distractor 1.29 / train/loss/dyn 12.45 / train/loss/policy -0.05 / train/loss/position 0.2 / train/loss/rep 12.45 / train/loss/repval 1.17 / train/loss/rew 0.02 / train/loss/to_target 0.19 / train/loss/value 1.09 / train/loss/velocity 0.09 / replay/replay_ratio 1040 / fps/policy 7.15 / fps/train 7319.42

Writing metrics: /scratch/midway3/rickybao/dreamerv3_runs/adapt_ax1rbf1q1s0_synth_seed104_ckpt500000/scores.jsonl
Writing metrics: /scratch/midway3/rickybao/dreamerv3_runs/adapt_ax1rbf1q1s0_synth_seed104_ckpt500000/metrics.jsonl

--------------------[Agent Step 35_744]--------------------
Metrics filtered by: 'score|length|fps|ratio|train/loss/|train/rand/'
train/loss/con 0.02 / train/loss/distractor 1.29 / train/loss/dyn 12.46 / train/loss/policy -0.05 / train/loss/position 0.2 / train/loss/rep 12.46 / train/loss/repval 1.26 / train/loss/rew 0.03 / train/loss/to_target 0.19 / train/loss/value 1.15 / train/loss/velocity 0.09 / replay/replay_ratio 1040 / fps/policy 7.16 / fps/train 7335.08

Writing metrics: /scratch/midway3/rickybao/dreamerv3_runs/adapt_ax1rbf1q1s0_synth_seed104_ckpt500000/scores.jsonlWriting metrics: /scratch/midway3/rickybao/dreamerv3_runs/adapt_ax1rbf1q1s0_synth_seed104_ckpt500000/metrics.jsonl


--------------------[Agent Step 36_608]--------------------
Metrics filtered by: 'score|length|fps|ratio|train/loss/|train/rand/'
train/loss/con 0.02 / train/loss/distractor 1.3 / train/loss/dyn 12.46 / train/loss/policy -0.04 / train/loss/position 0.2 / train/loss/rep 12.46 / train/loss/repval 1.37 / train/loss/rew 0.03 / train/loss/to_target 0.19 / train/loss/value 1 / train/loss/velocity 0.09 / replay/replay_ratio 1040 / fps/policy 7.17 / fps/train 7337.91

Writing metrics: /scratch/midway3/rickybao/dreamerv3_runs/adapt_ax1rbf1q1s0_synth_seed104_ckpt500000/scores.jsonlWriting metrics: /scratch/midway3/rickybao/dreamerv3_runs/adapt_ax1rbf1q1s0_synth_seed104_ckpt500000/metrics.jsonl


--------------------[Agent Step 37_472]--------------------
Metrics filtered by: 'score|length|fps|ratio|train/loss/|train/rand/'
train/loss/con 0.02 / train/loss/distractor 1.29 / train/loss/dyn 12.4 / train/loss/policy -0.05 / train/loss/position 0.2 / train/loss/rep 12.4 / train/loss/repval 1.26 / train/loss/rew 0.03 / train/loss/to_target 0.2 / train/loss/value 1 / train/loss/velocity 0.08 / replay/replay_ratio 1040 / fps/policy 7.18 / fps/train 7357.08

Writing metrics: /scratch/midway3/rickybao/dreamerv3_runs/adapt_ax1rbf1q1s0_synth_seed104_ckpt500000/scores.jsonlWriting metrics: /scratch/midway3/rickybao/dreamerv3_runs/adapt_ax1rbf1q1s0_synth_seed104_ckpt500000/metrics.jsonl


--------------------[Agent Step 38_336]--------------------
Metrics filtered by: 'score|length|fps|ratio|train/loss/|train/rand/'
train/loss/con 0.02 / train/loss/distractor 1.3 / train/loss/dyn 12.37 / train/loss/policy -0.04 / train/loss/position 0.21 / train/loss/rep 12.37 / train/loss/repval 1.17 / train/loss/rew 0.03 / train/loss/to_target 0.2 / train/loss/value 1.08 / train/loss/velocity 0.08 / replay/replay_ratio 1040 / fps/policy 7.19 / fps/train 7359.07

Writing metrics: /scratch/midway3/rickybao/dreamerv3_runs/adapt_ax1rbf1q1s0_synth_seed104_ckpt500000/scores.jsonl
Writing metrics: /scratch/midway3/rickybao/dreamerv3_runs/adapt_ax1rbf1q1s0_synth_seed104_ckpt500000/metrics.jsonl

--------------------[Agent Step 39_200]--------------------
Metrics filtered by: 'score|length|fps|ratio|train/loss/|train/rand/'
train/loss/con 0.02 / train/loss/distractor 1.3 / train/loss/dyn 12.35 / train/loss/policy -0.04 / train/loss/position 0.21 / train/loss/rep 12.35 / train/loss/repval 1.23 / train/loss/rew 0.03 / train/loss/to_target 0.2 / train/loss/value 1.13 / train/loss/velocity 0.08 / replay/replay_ratio 1040 / fps/policy 7.17 / fps/train 7347.12

Writing metrics: /scratch/midway3/rickybao/dreamerv3_runs/adapt_ax1rbf1q1s0_synth_seed104_ckpt500000/metrics.jsonlWriting metrics: /scratch/midway3/rickybao/dreamerv3_runs/adapt_ax1rbf1q1s0_synth_seed104_ckpt500000/scores.jsonl


--------------------[Agent Step 40_064]--------------------
Metrics filtered by: 'score|length|fps|ratio|train/loss/|train/rand/'
train/loss/con 0.02 / train/loss/distractor 1.31 / train/loss/dyn 12.32 / train/loss/policy -0.05 / train/loss/position 0.22 / train/loss/rep 12.32 / train/loss/repval 1.36 / train/loss/rew 0.04 / train/loss/to_target 0.21 / train/loss/value 1.04 / train/loss/velocity 0.08 / replay/replay_ratio 1040 / fps/policy 7.17 / fps/train 7337.51

Writing metrics: /scratch/midway3/rickybao/dreamerv3_runs/adapt_ax1rbf1q1s0_synth_seed104_ckpt500000/metrics.jsonlWriting metrics: /scratch/midway3/rickybao/dreamerv3_runs/adapt_ax1rbf1q1s0_synth_seed104_ckpt500000/scores.jsonl

Saving checkpoint: /scratch/midway3/rickybao/dreamerv3_runs/adapt_ax1rbf1q1s0_synth_seed104_ckpt500000/ckpt/20260721T013126F388343
Saved checkpoint.

--------------------[Agent Step 40_928]--------------------
Metrics filtered by: 'score|length|fps|ratio|train/loss/|train/rand/'
train/loss/con 0.02 / train/loss/distractor 1.31 / train/loss/dyn 12.29 / train/loss/policy -0.04 / train/loss/position 0.22 / train/loss/rep 12.29 / train/loss/repval 1.31 / train/loss/rew 0.04 / train/loss/to_target 0.22 / train/loss/value 0.99 / train/loss/velocity 0.08 / replay/replay_ratio 1040 / fps/policy 7.15 / fps/train 7320.23

Writing metrics: /scratch/midway3/rickybao/dreamerv3_runs/adapt_ax1rbf1q1s0_synth_seed104_ckpt500000/metrics.jsonlWriting metrics: /scratch/midway3/rickybao/dreamerv3_runs/adapt_ax1rbf1q1s0_synth_seed104_ckpt500000/scores.jsonl


--------------------[Agent Step 41_792]--------------------
Metrics filtered by: 'score|length|fps|ratio|train/loss/|train/rand/'
train/loss/con 0.02 / train/loss/distractor 1.31 / train/loss/dyn 12.23 / train/loss/policy -0.05 / train/loss/position 0.23 / train/loss/rep 12.23 / train/loss/repval 1.27 / train/loss/rew 0.04 / train/loss/to_target 0.22 / train/loss/value 1.06 / train/loss/velocity 0.08 / replay/replay_ratio 1040 / fps/policy 7.16 / fps/train 7334.78

Writing metrics: /scratch/midway3/rickybao/dreamerv3_runs/adapt_ax1rbf1q1s0_synth_seed104_ckpt500000/metrics.jsonl
Writing metrics: /scratch/midway3/rickybao/dreamerv3_runs/adapt_ax1rbf1q1s0_synth_seed104_ckpt500000/scores.jsonl

--------------------[Agent Step 42_656]--------------------
Metrics filtered by: 'score|length|fps|ratio|train/loss/|train/rand/'
train/loss/con 0.02 / train/loss/distractor 1.31 / train/loss/dyn 12.18 / train/loss/policy -0.04 / train/loss/position 0.23 / train/loss/rep 12.18 / train/loss/repval 1.32 / train/loss/rew 0.04 / train/loss/to_target 0.23 / train/loss/value 1.07 / train/loss/velocity 0.08 / replay/replay_ratio 1040 / fps/policy 7.16 / fps/train 7330.52

Writing metrics: /scratch/midway3/rickybao/dreamerv3_runs/adapt_ax1rbf1q1s0_synth_seed104_ckpt500000/scores.jsonlWriting metrics: /scratch/midway3/rickybao/dreamerv3_runs/adapt_ax1rbf1q1s0_synth_seed104_ckpt500000/metrics.jsonl


--------------------[Agent Step 43_520]--------------------
Metrics filtered by: 'score|length|fps|ratio|train/loss/|train/rand/'
train/loss/con 0.02 / train/loss/distractor 1.32 / train/loss/dyn 12.15 / train/loss/policy -0.05 / train/loss/position 0.24 / train/loss/rep 12.15 / train/loss/repval 1.33 / train/loss/rew 0.05 / train/loss/to_target 0.23 / train/loss/value 1.02 / train/loss/velocity 0.08 / replay/replay_ratio 1040 / fps/policy 7.16 / fps/train 7333.24

Writing metrics: /scratch/midway3/rickybao/dreamerv3_runs/adapt_ax1rbf1q1s0_synth_seed104_ckpt500000/metrics.jsonlWriting metrics: /scratch/midway3/rickybao/dreamerv3_runs/adapt_ax1rbf1q1s0_synth_seed104_ckpt500000/scores.jsonl


--------------------[Agent Step 44_384]--------------------
Metrics filtered by: 'score|length|fps|ratio|train/loss/|train/rand/'
train/loss/con 0.02 / train/loss/distractor 1.33 / train/loss/dyn 12.15 / train/loss/policy -0.05 / train/loss/position 0.25 / train/loss/rep 12.15 / train/loss/repval 1.3 / train/loss/rew 0.05 / train/loss/to_target 0.24 / train/loss/value 1.06 / train/loss/velocity 0.08 / replay/replay_ratio 1040 / fps/policy 7.16 / fps/train 7331.92

Writing metrics: /scratch/midway3/rickybao/dreamerv3_runs/adapt_ax1rbf1q1s0_synth_seed104_ckpt500000/metrics.jsonlWriting metrics: /scratch/midway3/rickybao/dreamerv3_runs/adapt_ax1rbf1q1s0_synth_seed104_ckpt500000/scores.jsonl


--------------------[Agent Step 45_248]--------------------
Metrics filtered by: 'score|length|fps|ratio|train/loss/|train/rand/'
train/loss/con 0.02 / train/loss/distractor 1.33 / train/loss/dyn 12.09 / train/loss/policy -0.04 / train/loss/position 0.26 / train/loss/rep 12.09 / train/loss/repval 1.3 / train/loss/rew 0.05 / train/loss/to_target 0.26 / train/loss/value 1.06 / train/loss/velocity 0.07 / replay/replay_ratio 1040 / fps/policy 7.16 / fps/train 7331.89

Writing metrics: /scratch/midway3/rickybao/dreamerv3_runs/adapt_ax1rbf1q1s0_synth_seed104_ckpt500000/scores.jsonlWriting metrics: /scratch/midway3/rickybao/dreamerv3_runs/adapt_ax1rbf1q1s0_synth_seed104_ckpt500000/metrics.jsonl


--------------------[Agent Step 46_112]--------------------
Metrics filtered by: 'score|length|fps|ratio|train/loss/|train/rand/'
train/loss/con 0.02 / train/loss/distractor 1.33 / train/loss/dyn 12.1 / train/loss/policy -0.05 / train/loss/position 0.28 / train/loss/rep 12.1 / train/loss/repval 1.32 / train/loss/rew 0.05 / train/loss/to_target 0.27 / train/loss/value 1.04 / train/loss/velocity 0.07 / replay/replay_ratio 1040 / fps/policy 7.17 / fps/train 7338.66

Writing metrics: /scratch/midway3/rickybao/dreamerv3_runs/adapt_ax1rbf1q1s0_synth_seed104_ckpt500000/metrics.jsonlWriting metrics: /scratch/midway3/rickybao/dreamerv3_runs/adapt_ax1rbf1q1s0_synth_seed104_ckpt500000/scores.jsonl


--------------------[Agent Step 46_976]--------------------
Metrics filtered by: 'score|length|fps|ratio|train/loss/|train/rand/'
train/loss/con 0.02 / train/loss/distractor 1.33 / train/loss/dyn 12.09 / train/loss/policy -0.05 / train/loss/position 0.28 / train/loss/rep 12.09 / train/loss/repval 1.31 / train/loss/rew 0.06 / train/loss/to_target 0.27 / train/loss/value 1.04 / train/loss/velocity 0.07 / replay/replay_ratio 1040 / fps/policy 7.17 / fps/train 7343.11

Writing metrics: /scratch/midway3/rickybao/dreamerv3_runs/adapt_ax1rbf1q1s0_synth_seed104_ckpt500000/scores.jsonl
Writing metrics: /scratch/midway3/rickybao/dreamerv3_runs/adapt_ax1rbf1q1s0_synth_seed104_ckpt500000/metrics.jsonl
Saving checkpoint: /scratch/midway3/rickybao/dreamerv3_runs/adapt_ax1rbf1q1s0_synth_seed104_ckpt500000/ckpt/20260721T014626F727047
Saved checkpoint.

--------------------[Agent Step 47_840]--------------------
Metrics filtered by: 'score|length|fps|ratio|train/loss/|train/rand/'
train/loss/con 0.02 / train/loss/distractor 1.34 / train/loss/dyn 12.14 / train/loss/policy -0.06 / train/loss/position 0.28 / train/loss/rep 12.14 / train/loss/repval 1.3 / train/loss/rew 0.06 / train/loss/to_target 0.27 / train/loss/value 1.04 / train/loss/velocity 0.07 / replay/replay_ratio 1040 / fps/policy 7.16 / fps/train 7328.98

Writing metrics: /scratch/midway3/rickybao/dreamerv3_runs/adapt_ax1rbf1q1s0_synth_seed104_ckpt500000/metrics.jsonlWriting metrics: /scratch/midway3/rickybao/dreamerv3_runs/adapt_ax1rbf1q1s0_synth_seed104_ckpt500000/scores.jsonl


--------------------[Agent Step 48_704]--------------------
Metrics filtered by: 'score|length|fps|ratio|train/loss/|train/rand/'
episode/score 146 / episode/length 1001 / train/loss/con 0.02 / train/loss/distractor 1.34 / train/loss/dyn 12.1 / train/loss/policy -0.06 / train/loss/position 0.29 / train/loss/rep 12.1 / train/loss/repval 1.3 / train/loss/rew 0.07 / train/loss/to_target 0.28 / train/loss/value 1.04 / train/loss/velocity 0.07 / replay/replay_ratio 1040 / fps/policy 7.16 / fps/train 7328.78

Writing metrics: /scratch/midway3/rickybao/dreamerv3_runs/adapt_ax1rbf1q1s0_synth_seed104_ckpt500000/scores.jsonlWriting metrics: /scratch/midway3/rickybao/dreamerv3_runs/adapt_ax1rbf1q1s0_synth_seed104_ckpt500000/metrics.jsonl


--------------------[Agent Step 49_568]--------------------
Metrics filtered by: 'score|length|fps|ratio|train/loss/|train/rand/'
train/loss/con 0.02 / train/loss/distractor 1.34 / train/loss/dyn 12.12 / train/loss/policy -0.04 / train/loss/position 0.29 / train/loss/rep 12.12 / train/loss/repval 1.31 / train/loss/rew 0.06 / train/loss/to_target 0.28 / train/loss/value 1.05 / train/loss/velocity 0.07 / replay/replay_ratio 1040 / fps/policy 7.16 / fps/train 7329.31

Writing metrics: /scratch/midway3/rickybao/dreamerv3_runs/adapt_ax1rbf1q1s0_synth_seed104_ckpt500000/scores.jsonl
Writing metrics: /scratch/midway3/rickybao/dreamerv3_runs/adapt_ax1rbf1q1s0_synth_seed104_ckpt500000/metrics.jsonl

--------------------[Agent Step 50_432]--------------------
Metrics filtered by: 'score|length|fps|ratio|train/loss/|train/rand/'
train/loss/con 0.02 / train/loss/distractor 1.35 / train/loss/dyn 12.1 / train/loss/policy -0.03 / train/loss/position 0.3 / train/loss/rep 12.1 / train/loss/repval 1.28 / train/loss/rew 0.06 / train/loss/to_target 0.28 / train/loss/value 1.08 / train/loss/velocity 0.07 / replay/replay_ratio 1040 / fps/policy 7.17 / fps/train 7339.55

Writing metrics: /scratch/midway3/rickybao/dreamerv3_runs/adapt_ax1rbf1q1s0_synth_seed104_ckpt500000/scores.jsonlWriting metrics: /scratch/midway3/rickybao/dreamerv3_runs/adapt_ax1rbf1q1s0_synth_seed104_ckpt500000/metrics.jsonl


--------------------[Agent Step 51_296]--------------------
Metrics filtered by: 'score|length|fps|ratio|train/loss/|train/rand/'
train/loss/con 0.02 / train/loss/distractor 1.35 / train/loss/dyn 12.08 / train/loss/policy -0.03 / train/loss/position 0.29 / train/loss/rep 12.08 / train/loss/repval 1.26 / train/loss/rew 0.06 / train/loss/to_target 0.28 / train/loss/value 1.09 / train/loss/velocity 0.07 / replay/replay_ratio 1040 / fps/policy 7.17 / fps/train 7340.99

Writing metrics: /scratch/midway3/rickybao/dreamerv3_runs/adapt_ax1rbf1q1s0_synth_seed104_ckpt500000/metrics.jsonlWriting metrics: /scratch/midway3/rickybao/dreamerv3_runs/adapt_ax1rbf1q1s0_synth_seed104_ckpt500000/scores.jsonl


--------------------[Agent Step 52_160]--------------------
Metrics filtered by: 'score|length|fps|ratio|train/loss/|train/rand/'
train/loss/con 0.02 / train/loss/distractor 1.35 / train/loss/dyn 12.05 / train/loss/policy -0.04 / train/loss/position 0.28 / train/loss/rep 12.05 / train/loss/repval 1.27 / train/loss/rew 0.06 / train/loss/to_target 0.27 / train/loss/value 1.09 / train/loss/velocity 0.07 / replay/replay_ratio 1040 / fps/policy 7.17 / fps/train 7340.11

Writing metrics: /scratch/midway3/rickybao/dreamerv3_runs/adapt_ax1rbf1q1s0_synth_seed104_ckpt500000/scores.jsonl
Writing metrics: /scratch/midway3/rickybao/dreamerv3_runs/adapt_ax1rbf1q1s0_synth_seed104_ckpt500000/metrics.jsonl

--------------------[Agent Step 53_024]--------------------
Metrics filtered by: 'score|length|fps|ratio|train/loss/|train/rand/'
train/loss/con 0.02 / train/loss/distractor 1.35 / train/loss/dyn 12.06 / train/loss/policy -0.03 / train/loss/position 0.29 / train/loss/rep 12.06 / train/loss/repval 1.28 / train/loss/rew 0.06 / train/loss/to_target 0.27 / train/loss/value 1.03 / train/loss/velocity 0.07 / replay/replay_ratio 1040 / fps/policy 7.16 / fps/train 7335.04

Writing metrics: /scratch/midway3/rickybao/dreamerv3_runs/adapt_ax1rbf1q1s0_synth_seed104_ckpt500000/scores.jsonlWriting metrics: /scratch/midway3/rickybao/dreamerv3_runs/adapt_ax1rbf1q1s0_synth_seed104_ckpt500000/metrics.jsonl

Saving checkpoint: /scratch/midway3/rickybao/dreamerv3_runs/adapt_ax1rbf1q1s0_synth_seed104_ckpt500000/ckpt/20260721T020126F994154
Saved checkpoint.

--------------------[Agent Step 53_888]--------------------
Metrics filtered by: 'score|length|fps|ratio|train/loss/|train/rand/'
train/loss/con 0.02 / train/loss/distractor 1.35 / train/loss/dyn 12.08 / train/loss/policy -0.02 / train/loss/position 0.28 / train/loss/rep 12.08 / train/loss/repval 1.28 / train/loss/rew 0.05 / train/loss/to_target 0.26 / train/loss/value 1.01 / train/loss/velocity 0.07 / replay/replay_ratio 1040 / fps/policy 7.15 / fps/train 7324.97

Writing metrics: /scratch/midway3/rickybao/dreamerv3_runs/adapt_ax1rbf1q1s0_synth_seed104_ckpt500000/scores.jsonlWriting metrics: /scratch/midway3/rickybao/dreamerv3_runs/adapt_ax1rbf1q1s0_synth_seed104_ckpt500000/metrics.jsonl


--------------------[Agent Step 54_752]--------------------
Metrics filtered by: 'score|length|fps|ratio|train/loss/|train/rand/'
train/loss/con 0.02 / train/loss/distractor 1.35 / train/loss/dyn 12.09 / train/loss/policy -0.02 / train/loss/position 0.28 / train/loss/rep 12.09 / train/loss/repval 1.28 / train/loss/rew 0.05 / train/loss/to_target 0.26 / train/loss/value 0.99 / train/loss/velocity 0.07 / replay/replay_ratio 1040 / fps/policy 7.17 / fps/train 7341.37

Writing metrics: /scratch/midway3/rickybao/dreamerv3_runs/adapt_ax1rbf1q1s0_synth_seed104_ckpt500000/scores.jsonlWriting metrics: /scratch/midway3/rickybao/dreamerv3_runs/adapt_ax1rbf1q1s0_synth_seed104_ckpt500000/metrics.jsonl


--------------------[Agent Step 55_616]--------------------
Metrics filtered by: 'score|length|fps|ratio|train/loss/|train/rand/'
train/loss/con 0.02 / train/loss/distractor 1.36 / train/loss/dyn 12.07 / train/loss/policy -0.02 / train/loss/position 0.27 / train/loss/rep 12.07 / train/loss/repval 1.28 / train/loss/rew 0.05 / train/loss/to_target 0.25 / train/loss/value 0.97 / train/loss/velocity 0.07 / replay/replay_ratio 1040 / fps/policy 7.17 / fps/train 7342.19

Writing metrics: /scratch/midway3/rickybao/dreamerv3_runs/adapt_ax1rbf1q1s0_synth_seed104_ckpt500000/scores.jsonlWriting metrics: /scratch/midway3/rickybao/dreamerv3_runs/adapt_ax1rbf1q1s0_synth_seed104_ckpt500000/metrics.jsonl


--------------------[Agent Step 56_480]--------------------
Metrics filtered by: 'score|length|fps|ratio|train/loss/|train/rand/'
train/loss/con 0.02 / train/loss/distractor 1.36 / train/loss/dyn 12.03 / train/loss/policy -0.01 / train/loss/position 0.27 / train/loss/rep 12.03 / train/loss/repval 1.31 / train/loss/rew 0.05 / train/loss/to_target 0.25 / train/loss/value 0.97 / train/loss/velocity 0.06 / replay/replay_ratio 1040 / fps/policy 7.17 / fps/train 7340.94

Writing metrics: /scratch/midway3/rickybao/dreamerv3_runs/adapt_ax1rbf1q1s0_synth_seed104_ckpt500000/metrics.jsonlWriting metrics: /scratch/midway3/rickybao/dreamerv3_runs/adapt_ax1rbf1q1s0_synth_seed104_ckpt500000/scores.jsonl


--------------------[Agent Step 57_344]--------------------
Metrics filtered by: 'score|length|fps|ratio|train/loss/|train/rand/'
train/loss/con 0.02 / train/loss/distractor 1.36 / train/loss/dyn 12.06 / train/loss/policy -6.7e-3 / train/loss/position 0.26 / train/loss/rep 12.06 / train/loss/repval 1.3 / train/loss/rew 0.05 / train/loss/to_target 0.25 / train/loss/value 1.08 / train/loss/velocity 0.06 / replay/replay_ratio 1040 / fps/policy 7.16 / fps/train 7329.74

Writing metrics: /scratch/midway3/rickybao/dreamerv3_runs/adapt_ax1rbf1q1s0_synth_seed104_ckpt500000/metrics.jsonlWriting metrics: /scratch/midway3/rickybao/dreamerv3_runs/adapt_ax1rbf1q1s0_synth_seed104_ckpt500000/scores.jsonl


--------------------[Agent Step 58_208]--------------------
Metrics filtered by: 'score|length|fps|ratio|train/loss/|train/rand/'
train/loss/con 0.02 / train/loss/distractor 1.37 / train/loss/dyn 12.13 / train/loss/policy -0.02 / train/loss/position 0.26 / train/loss/rep 12.13 / train/loss/repval 1.25 / train/loss/rew 0.05 / train/loss/to_target 0.25 / train/loss/value 1.08 / train/loss/velocity 0.07 / replay/replay_ratio 1040 / fps/policy 7.16 / fps/train 7335.36

Writing metrics: /scratch/midway3/rickybao/dreamerv3_runs/adapt_ax1rbf1q1s0_synth_seed104_ckpt500000/metrics.jsonlWriting metrics: /scratch/midway3/rickybao/dreamerv3_runs/adapt_ax1rbf1q1s0_synth_seed104_ckpt500000/scores.jsonl


--------------------[Agent Step 59_072]--------------------
Metrics filtered by: 'score|length|fps|ratio|train/loss/|train/rand/'
train/loss/con 0.02 / train/loss/distractor 1.37 / train/loss/dyn 12.11 / train/loss/policy -0.03 / train/loss/position 0.27 / train/loss/rep 12.11 / train/loss/repval 1.26 / train/loss/rew 0.05 / train/loss/to_target 0.26 / train/loss/value 1.07 / train/loss/velocity 0.06 / replay/replay_ratio 1040 / fps/policy 7.17 / fps/train 7340.08

Writing metrics: /scratch/midway3/rickybao/dreamerv3_runs/adapt_ax1rbf1q1s0_synth_seed104_ckpt500000/metrics.jsonl
Writing metrics: /scratch/midway3/rickybao/dreamerv3_runs/adapt_ax1rbf1q1s0_synth_seed104_ckpt500000/scores.jsonl

--------------------[Agent Step 59_936]--------------------
Metrics filtered by: 'score|length|fps|ratio|train/loss/|train/rand/'
train/loss/con 0.02 / train/loss/distractor 1.36 / train/loss/dyn 12.15 / train/loss/policy -0.04 / train/loss/position 0.27 / train/loss/rep 12.15 / train/loss/repval 1.28 / train/loss/rew 0.05 / train/loss/to_target 0.26 / train/loss/value 1.03 / train/loss/velocity 0.07 / replay/replay_ratio 1040 / fps/policy 7.17 / fps/train 7338.63

Writing metrics: /scratch/midway3/rickybao/dreamerv3_runs/adapt_ax1rbf1q1s0_synth_seed104_ckpt500000/scores.jsonl
Writing metrics: /scratch/midway3/rickybao/dreamerv3_runs/adapt_ax1rbf1q1s0_synth_seed104_ckpt500000/metrics.jsonl
Saving checkpoint: /scratch/midway3/rickybao/dreamerv3_runs/adapt_ax1rbf1q1s0_synth_seed104_ckpt500000/ckpt/20260721T021629F195101
Saved checkpoint.

--------------------[Agent Step 60_800]--------------------
Metrics filtered by: 'score|length|fps|ratio|train/loss/|train/rand/'
train/loss/con 0.02 / train/loss/distractor 1.36 / train/loss/dyn 12.11 / train/loss/policy -0.03 / train/loss/position 0.27 / train/loss/rep 12.11 / train/loss/repval 1.25 / train/loss/rew 0.06 / train/loss/to_target 0.26 / train/loss/value 1.04 / train/loss/velocity 0.06 / replay/replay_ratio 1040 / fps/policy 7.16 / fps/train 7330.76

Writing metrics: /scratch/midway3/rickybao/dreamerv3_runs/adapt_ax1rbf1q1s0_synth_seed104_ckpt500000/scores.jsonl
Writing metrics: /scratch/midway3/rickybao/dreamerv3_runs/adapt_ax1rbf1q1s0_synth_seed104_ckpt500000/metrics.jsonl

--------------------[Agent Step 61_664]--------------------
Metrics filtered by: 'score|length|fps|ratio|train/loss/|train/rand/'
train/loss/con 0.02 / train/loss/distractor 1.37 / train/loss/dyn 12.15 / train/loss/policy -0.02 / train/loss/position 0.27 / train/loss/rep 12.15 / train/loss/repval 1.23 / train/loss/rew 0.06 / train/loss/to_target 0.27 / train/loss/value 1.05 / train/loss/velocity 0.06 / replay/replay_ratio 1040 / fps/policy 7.18 / fps/train 7352.89

Writing metrics: /scratch/midway3/rickybao/dreamerv3_runs/adapt_ax1rbf1q1s0_synth_seed104_ckpt500000/metrics.jsonlWriting metrics: /scratch/midway3/rickybao/dreamerv3_runs/adapt_ax1rbf1q1s0_synth_seed104_ckpt500000/scores.jsonl


--------------------[Agent Step 62_528]--------------------
Metrics filtered by: 'score|length|fps|ratio|train/loss/|train/rand/'
train/loss/con 0.02 / train/loss/distractor 1.37 / train/loss/dyn 12.16 / train/loss/policy -0.03 / train/loss/position 0.28 / train/loss/rep 12.16 / train/loss/repval 1.22 / train/loss/rew 0.06 / train/loss/to_target 0.27 / train/loss/value 1.07 / train/loss/velocity 0.06 / replay/replay_ratio 1040 / fps/policy 7.18 / fps/train 7351.22

Writing metrics: /scratch/midway3/rickybao/dreamerv3_runs/adapt_ax1rbf1q1s0_synth_seed104_ckpt500000/metrics.jsonlWriting metrics: /scratch/midway3/rickybao/dreamerv3_runs/adapt_ax1rbf1q1s0_synth_seed104_ckpt500000/scores.jsonl


--------------------[Agent Step 63_392]--------------------
Metrics filtered by: 'score|length|fps|ratio|train/loss/|train/rand/'
train/loss/con 0.02 / train/loss/distractor 1.37 / train/loss/dyn 12.15 / train/loss/policy -0.03 / train/loss/position 0.28 / train/loss/rep 12.15 / train/loss/repval 1.25 / train/loss/rew 0.06 / train/loss/to_target 0.27 / train/loss/value 1.08 / train/loss/velocity 0.06 / replay/replay_ratio 1040 / fps/policy 7.18 / fps/train 7348.14

Writing metrics: /scratch/midway3/rickybao/dreamerv3_runs/adapt_ax1rbf1q1s0_synth_seed104_ckpt500000/scores.jsonlWriting metrics: /scratch/midway3/rickybao/dreamerv3_runs/adapt_ax1rbf1q1s0_synth_seed104_ckpt500000/metrics.jsonl


--------------------[Agent Step 64_256]--------------------
Metrics filtered by: 'score|length|fps|ratio|train/loss/|train/rand/'
episode/score 43 / episode/length 1001 / train/loss/con 0.02 / train/loss/distractor 1.37 / train/loss/dyn 12.09 / train/loss/policy -0.03 / train/loss/position 0.29 / train/loss/rep 12.09 / train/loss/repval 1.28 / train/loss/rew 0.06 / train/loss/to_target 0.28 / train/loss/value 1.06 / train/loss/velocity 0.06 / replay/replay_ratio 1040 / fps/policy 7.18 / fps/train 7351.71

Writing metrics: /scratch/midway3/rickybao/dreamerv3_runs/adapt_ax1rbf1q1s0_synth_seed104_ckpt500000/metrics.jsonl
Writing metrics: /scratch/midway3/rickybao/dreamerv3_runs/adapt_ax1rbf1q1s0_synth_seed104_ckpt500000/scores.jsonl

--------------------[Agent Step 65_120]--------------------
Metrics filtered by: 'score|length|fps|ratio|train/loss/|train/rand/'
train/loss/con 0.02 / train/loss/distractor 1.37 / train/loss/dyn 12.18 / train/loss/policy -0.04 / train/loss/position 0.29 / train/loss/rep 12.18 / train/loss/repval 1.26 / train/loss/rew 0.06 / train/loss/to_target 0.28 / train/loss/value 0.97 / train/loss/velocity 0.06 / replay/replay_ratio 1040 / fps/policy 7.17 / fps/train 7347.03

Writing metrics: /scratch/midway3/rickybao/dreamerv3_runs/adapt_ax1rbf1q1s0_synth_seed104_ckpt500000/metrics.jsonlWriting metrics: /scratch/midway3/rickybao/dreamerv3_runs/adapt_ax1rbf1q1s0_synth_seed104_ckpt500000/scores.jsonl


--------------------[Agent Step 65_984]--------------------
Metrics filtered by: 'score|length|fps|ratio|train/loss/|train/rand/'
train/loss/con 0.02 / train/loss/distractor 1.37 / train/loss/dyn 12.16 / train/loss/policy -0.03 / train/loss/position 0.29 / train/loss/rep 12.16 / train/loss/repval 1.23 / train/loss/rew 0.06 / train/loss/to_target 0.28 / train/loss/value 0.95 / train/loss/velocity 0.06 / replay/replay_ratio 1040 / fps/policy 7.17 / fps/train 7342.24

Writing metrics: /scratch/midway3/rickybao/dreamerv3_runs/adapt_ax1rbf1q1s0_synth_seed104_ckpt500000/metrics.jsonlWriting metrics: /scratch/midway3/rickybao/dreamerv3_runs/adapt_ax1rbf1q1s0_synth_seed104_ckpt500000/scores.jsonl

Saving checkpoint: /scratch/midway3/rickybao/dreamerv3_runs/adapt_ax1rbf1q1s0_synth_seed104_ckpt500000/ckpt/20260721T023130F266154
Saved checkpoint.

--------------------[Agent Step 66_848]--------------------
Metrics filtered by: 'score|length|fps|ratio|train/loss/|train/rand/'
train/loss/con 0.02 / train/loss/distractor 1.37 / train/loss/dyn 12.17 / train/loss/policy -0.02 / train/loss/position 0.28 / train/loss/rep 12.17 / train/loss/repval 1.26 / train/loss/rew 0.06 / train/loss/to_target 0.28 / train/loss/value 0.92 / train/loss/velocity 0.06 / replay/replay_ratio 1040 / fps/policy 7.15 / fps/train 7322.63

Writing metrics: /scratch/midway3/rickybao/dreamerv3_runs/adapt_ax1rbf1q1s0_synth_seed104_ckpt500000/metrics.jsonlWriting metrics: /scratch/midway3/rickybao/dreamerv3_runs/adapt_ax1rbf1q1s0_synth_seed104_ckpt500000/scores.jsonl


--------------------[Agent Step 67_712]--------------------
Metrics filtered by: 'score|length|fps|ratio|train/loss/|train/rand/'
train/loss/con 0.02 / train/loss/distractor 1.37 / train/loss/dyn 12.16 / train/loss/policy -0.02 / train/loss/position 0.28 / train/loss/rep 12.16 / train/loss/repval 1.27 / train/loss/rew 0.06 / train/loss/to_target 0.28 / train/loss/value 0.92 / train/loss/velocity 0.06 / replay/replay_ratio 1040 / fps/policy 7.18 / fps/train 7347.59

Writing metrics: /scratch/midway3/rickybao/dreamerv3_runs/adapt_ax1rbf1q1s0_synth_seed104_ckpt500000/scores.jsonlWriting metrics: /scratch/midway3/rickybao/dreamerv3_runs/adapt_ax1rbf1q1s0_synth_seed104_ckpt500000/metrics.jsonl


--------------------[Agent Step 68_576]--------------------
Metrics filtered by: 'score|length|fps|ratio|train/loss/|train/rand/'
train/loss/con 0.02 / train/loss/distractor 1.37 / train/loss/dyn 12.13 / train/loss/policy -0.02 / train/loss/position 0.28 / train/loss/rep 12.13 / train/loss/repval 1.28 / train/loss/rew 0.06 / train/loss/to_target 0.28 / train/loss/value 0.94 / train/loss/velocity 0.06 / replay/replay_ratio 1040 / fps/policy 7.16 / fps/train 7336.86

Writing metrics: /scratch/midway3/rickybao/dreamerv3_runs/adapt_ax1rbf1q1s0_synth_seed104_ckpt500000/scores.jsonlWriting metrics: /scratch/midway3/rickybao/dreamerv3_runs/adapt_ax1rbf1q1s0_synth_seed104_ckpt500000/metrics.jsonl


--------------------[Agent Step 69_440]--------------------
Metrics filtered by: 'score|length|fps|ratio|train/loss/|train/rand/'
train/loss/con 0.02 / train/loss/distractor 1.37 / train/loss/dyn 12.16 / train/loss/policy -0.02 / train/loss/position 0.28 / train/loss/rep 12.16 / train/loss/repval 1.3 / train/loss/rew 0.06 / train/loss/to_target 0.28 / train/loss/value 0.95 / train/loss/velocity 0.06 / replay/replay_ratio 1040 / fps/policy 7.16 / fps/train 7333.89

Writing metrics: /scratch/midway3/rickybao/dreamerv3_runs/adapt_ax1rbf1q1s0_synth_seed104_ckpt500000/metrics.jsonl
Writing metrics: /scratch/midway3/rickybao/dreamerv3_runs/adapt_ax1rbf1q1s0_synth_seed104_ckpt500000/scores.jsonl

--------------------[Agent Step 70_304]--------------------
Metrics filtered by: 'score|length|fps|ratio|train/loss/|train/rand/'
train/loss/con 0.02 / train/loss/distractor 1.37 / train/loss/dyn 12.15 / train/loss/policy -0.02 / train/loss/position 0.28 / train/loss/rep 12.15 / train/loss/repval 1.29 / train/loss/rew 0.06 / train/loss/to_target 0.28 / train/loss/value 0.97 / train/loss/velocity 0.06 / replay/replay_ratio 1040 / fps/policy 7.17 / fps/train 7339.27

Writing metrics: /scratch/midway3/rickybao/dreamerv3_runs/adapt_ax1rbf1q1s0_synth_seed104_ckpt500000/metrics.jsonlWriting metrics: /scratch/midway3/rickybao/dreamerv3_runs/adapt_ax1rbf1q1s0_synth_seed104_ckpt500000/scores.jsonl


--------------------[Agent Step 71_168]--------------------
Metrics filtered by: 'score|length|fps|ratio|train/loss/|train/rand/'
train/loss/con 0.02 / train/loss/distractor 1.38 / train/loss/dyn 12.18 / train/loss/policy -0.02 / train/loss/position 0.29 / train/loss/rep 12.18 / train/loss/repval 1.27 / train/loss/rew 0.06 / train/loss/to_target 0.28 / train/loss/value 0.97 / train/loss/velocity 0.06 / replay/replay_ratio 1040 / fps/policy 7.16 / fps/train 7330.1

Writing metrics: /scratch/midway3/rickybao/dreamerv3_runs/adapt_ax1rbf1q1s0_synth_seed104_ckpt500000/metrics.jsonlWriting metrics: /scratch/midway3/rickybao/dreamerv3_runs/adapt_ax1rbf1q1s0_synth_seed104_ckpt500000/scores.jsonl


--------------------[Agent Step 72_032]--------------------
Metrics filtered by: 'score|length|fps|ratio|train/loss/|train/rand/'
train/loss/con 0.02 / train/loss/distractor 1.37 / train/loss/dyn 12.11 / train/loss/policy -0.02 / train/loss/position 0.29 / train/loss/rep 12.11 / train/loss/repval 1.26 / train/loss/rew 0.06 / train/loss/to_target 0.28 / train/loss/value 0.98 / train/loss/velocity 0.06 / replay/replay_ratio 1040 / fps/policy 7.16 / fps/train 7331.02

Writing metrics: /scratch/midway3/rickybao/dreamerv3_runs/adapt_ax1rbf1q1s0_synth_seed104_ckpt500000/metrics.jsonlWriting metrics: /scratch/midway3/rickybao/dreamerv3_runs/adapt_ax1rbf1q1s0_synth_seed104_ckpt500000/scores.jsonl


--------------------[Agent Step 72_896]--------------------
Metrics filtered by: 'score|length|fps|ratio|train/loss/|train/rand/'
train/loss/con 0.02 / train/loss/distractor 1.38 / train/loss/dyn 12.14 / train/loss/policy -0.03 / train/loss/position 0.29 / train/loss/rep 12.14 / train/loss/repval 1.22 / train/loss/rew 0.07 / train/loss/to_target 0.28 / train/loss/value 1.01 / train/loss/velocity 0.06 / replay/replay_ratio 1040 / fps/policy 7.16 / fps/train 7336.29

Writing metrics: /scratch/midway3/rickybao/dreamerv3_runs/adapt_ax1rbf1q1s0_synth_seed104_ckpt500000/scores.jsonlWriting metrics: /scratch/midway3/rickybao/dreamerv3_runs/adapt_ax1rbf1q1s0_synth_seed104_ckpt500000/metrics.jsonl

Saving checkpoint: /scratch/midway3/rickybao/dreamerv3_runs/adapt_ax1rbf1q1s0_synth_seed104_ckpt500000/ckpt/20260721T024630F506848
Saved checkpoint.

--------------------[Agent Step 73_760]--------------------
Metrics filtered by: 'score|length|fps|ratio|train/loss/|train/rand/'
train/loss/con 0.02 / train/loss/distractor 1.38 / train/loss/dyn 12.14 / train/loss/policy -0.02 / train/loss/position 0.3 / train/loss/rep 12.14 / train/loss/repval 1.19 / train/loss/rew 0.07 / train/loss/to_target 0.29 / train/loss/value 1.03 / train/loss/velocity 0.06 / replay/replay_ratio 1040 / fps/policy 7.15 / fps/train 7319.49

Writing metrics: /scratch/midway3/rickybao/dreamerv3_runs/adapt_ax1rbf1q1s0_synth_seed104_ckpt500000/scores.jsonl
Writing metrics: /scratch/midway3/rickybao/dreamerv3_runs/adapt_ax1rbf1q1s0_synth_seed104_ckpt500000/metrics.jsonl

--------------------[Agent Step 74_624]--------------------
Metrics filtered by: 'score|length|fps|ratio|train/loss/|train/rand/'
train/loss/con 0.02 / train/loss/distractor 1.38 / train/loss/dyn 12.13 / train/loss/policy -0.02 / train/loss/position 0.3 / train/loss/rep 12.13 / train/loss/repval 1.18 / train/loss/rew 0.07 / train/loss/to_target 0.3 / train/loss/value 1.06 / train/loss/velocity 0.06 / replay/replay_ratio 1040 / fps/policy 7.17 / fps/train 7338.45

Writing metrics: /scratch/midway3/rickybao/dreamerv3_runs/adapt_ax1rbf1q1s0_synth_seed104_ckpt500000/scores.jsonlWriting metrics: /scratch/midway3/rickybao/dreamerv3_runs/adapt_ax1rbf1q1s0_synth_seed104_ckpt500000/metrics.jsonl


--------------------[Agent Step 75_488]--------------------
Metrics filtered by: 'score|length|fps|ratio|train/loss/|train/rand/'
train/loss/con 0.02 / train/loss/distractor 1.38 / train/loss/dyn 12.1 / train/loss/policy -0.03 / train/loss/position 0.31 / train/loss/rep 12.1 / train/loss/repval 1.18 / train/loss/rew 0.07 / train/loss/to_target 0.3 / train/loss/value 1.07 / train/loss/velocity 0.06 / replay/replay_ratio 1040 / fps/policy 7.16 / fps/train 7333.54

Writing metrics: /scratch/midway3/rickybao/dreamerv3_runs/adapt_ax1rbf1q1s0_synth_seed104_ckpt500000/metrics.jsonl
Writing metrics: /scratch/midway3/rickybao/dreamerv3_runs/adapt_ax1rbf1q1s0_synth_seed104_ckpt500000/scores.jsonl

--------------------[Agent Step 76_352]--------------------
Metrics filtered by: 'score|length|fps|ratio|train/loss/|train/rand/'
train/loss/con 0.02 / train/loss/distractor 1.38 / train/loss/dyn 12.1 / train/loss/policy -0.03 / train/loss/position 0.31 / train/loss/rep 12.1 / train/loss/repval 1.19 / train/loss/rew 0.07 / train/loss/to_target 0.3 / train/loss/value 1.1 / train/loss/velocity 0.05 / replay/replay_ratio 1040 / fps/policy 7.17 / fps/train 7338.2

Writing metrics: /scratch/midway3/rickybao/dreamerv3_runs/adapt_ax1rbf1q1s0_synth_seed104_ckpt500000/metrics.jsonlWriting metrics: /scratch/midway3/rickybao/dreamerv3_runs/adapt_ax1rbf1q1s0_synth_seed104_ckpt500000/scores.jsonl


--------------------[Agent Step 77_216]--------------------
Metrics filtered by: 'score|length|fps|ratio|train/loss/|train/rand/'
train/loss/con 0.02 / train/loss/distractor 1.39 / train/loss/dyn 12.08 / train/loss/policy -0.02 / train/loss/position 0.31 / train/loss/rep 12.08 / train/loss/repval 1.18 / train/loss/rew 0.07 / train/loss/to_target 0.31 / train/loss/value 1.1 / train/loss/velocity 0.05 / replay/replay_ratio 1040 / fps/policy 7.17 / fps/train 7338.65

Writing metrics: /scratch/midway3/rickybao/dreamerv3_runs/adapt_ax1rbf1q1s0_synth_seed104_ckpt500000/metrics.jsonl
Writing metrics: /scratch/midway3/rickybao/dreamerv3_runs/adapt_ax1rbf1q1s0_synth_seed104_ckpt500000/scores.jsonl

--------------------[Agent Step 78_080]--------------------
Metrics filtered by: 'score|length|fps|ratio|train/loss/|train/rand/'
train/loss/con 0.02 / train/loss/distractor 1.39 / train/loss/dyn 12.08 / train/loss/policy -0.03 / train/loss/position 0.32 / train/loss/rep 12.08 / train/loss/repval 1.19 / train/loss/rew 0.07 / train/loss/to_target 0.32 / train/loss/value 1.1 / train/loss/velocity 0.05 / replay/replay_ratio 1040 / fps/policy 7.17 / fps/train 7341.27

Writing metrics: /scratch/midway3/rickybao/dreamerv3_runs/adapt_ax1rbf1q1s0_synth_seed104_ckpt500000/scores.jsonlWriting metrics: /scratch/midway3/rickybao/dreamerv3_runs/adapt_ax1rbf1q1s0_synth_seed104_ckpt500000/metrics.jsonl


--------------------[Agent Step 78_944]--------------------
Metrics filtered by: 'score|length|fps|ratio|train/loss/|train/rand/'
train/loss/con 0.02 / train/loss/distractor 1.38 / train/loss/dyn 12.05 / train/loss/policy -0.03 / train/loss/position 0.32 / train/loss/rep 12.05 / train/loss/repval 1.2 / train/loss/rew 0.08 / train/loss/to_target 0.31 / train/loss/value 1.11 / train/loss/velocity 0.05 / replay/replay_ratio 1040 / fps/policy 7.17 / fps/train 7342.98

Writing metrics: /scratch/midway3/rickybao/dreamerv3_runs/adapt_ax1rbf1q1s0_synth_seed104_ckpt500000/scores.jsonl
Writing metrics: /scratch/midway3/rickybao/dreamerv3_runs/adapt_ax1rbf1q1s0_synth_seed104_ckpt500000/metrics.jsonl
Saving checkpoint: /scratch/midway3/rickybao/dreamerv3_runs/adapt_ax1rbf1q1s0_synth_seed104_ckpt500000/ckpt/20260721T030132F680691
Saved checkpoint.

--------------------[Agent Step 79_808]--------------------
Metrics filtered by: 'score|length|fps|ratio|train/loss/|train/rand/'
train/loss/con 0.02 / train/loss/distractor 1.39 / train/loss/dyn 12.06 / train/loss/policy -0.03 / train/loss/position 0.33 / train/loss/rep 12.06 / train/loss/repval 1.22 / train/loss/rew 0.08 / train/loss/to_target 0.33 / train/loss/value 1.09 / train/loss/velocity 0.05 / replay/replay_ratio 1040 / fps/policy 7.16 / fps/train 7330.64

Writing metrics: /scratch/midway3/rickybao/dreamerv3_runs/adapt_ax1rbf1q1s0_synth_seed104_ckpt500000/scores.jsonlWriting metrics: /scratch/midway3/rickybao/dreamerv3_runs/adapt_ax1rbf1q1s0_synth_seed104_ckpt500000/metrics.jsonl


--------------------[Agent Step 80_672]--------------------
Metrics filtered by: 'score|length|fps|ratio|train/loss/|train/rand/'
episode/score 72 / episode/length 1001 / train/loss/con 0.02 / train/loss/distractor 1.39 / train/loss/dyn 12.04 / train/loss/policy -0.03 / train/loss/position 0.34 / train/loss/rep 12.04 / train/loss/repval 1.25 / train/loss/rew 0.08 / train/loss/to_target 0.33 / train/loss/value 1.07 / train/loss/velocity 0.05 / replay/replay_ratio 1040 / fps/policy 7.17 / fps/train 7341.35

Writing metrics: /scratch/midway3/rickybao/dreamerv3_runs/adapt_ax1rbf1q1s0_synth_seed104_ckpt500000/scores.jsonlWriting metrics: /scratch/midway3/rickybao/dreamerv3_runs/adapt_ax1rbf1q1s0_synth_seed104_ckpt500000/metrics.jsonl


--------------------[Agent Step 81_536]--------------------
Metrics filtered by: 'score|length|fps|ratio|train/loss/|train/rand/'
train/loss/con 0.02 / train/loss/distractor 1.39 / train/loss/dyn 12.05 / train/loss/policy -0.03 / train/loss/position 0.34 / train/loss/rep 12.05 / train/loss/repval 1.27 / train/loss/rew 0.08 / train/loss/to_target 0.33 / train/loss/value 1.01 / train/loss/velocity 0.05 / replay/replay_ratio 1040 / fps/policy 7.16 / fps/train 7332.59

Writing metrics: /scratch/midway3/rickybao/dreamerv3_runs/adapt_ax1rbf1q1s0_synth_seed104_ckpt500000/scores.jsonlWriting metrics: /scratch/midway3/rickybao/dreamerv3_runs/adapt_ax1rbf1q1s0_synth_seed104_ckpt500000/metrics.jsonl


--------------------[Agent Step 82_400]--------------------
Metrics filtered by: 'score|length|fps|ratio|train/loss/|train/rand/'
train/loss/con 0.02 / train/loss/distractor 1.38 / train/loss/dyn 12.02 / train/loss/policy -0.03 / train/loss/position 0.33 / train/loss/rep 12.02 / train/loss/repval 1.25 / train/loss/rew 0.08 / train/loss/to_target 0.33 / train/loss/value 0.97 / train/loss/velocity 0.05 / replay/replay_ratio 1040 / fps/policy 7.16 / fps/train 7335.59

Writing metrics: /scratch/midway3/rickybao/dreamerv3_runs/adapt_ax1rbf1q1s0_synth_seed104_ckpt500000/scores.jsonlWriting metrics: /scratch/midway3/rickybao/dreamerv3_runs/adapt_ax1rbf1q1s0_synth_seed104_ckpt500000/metrics.jsonl


--------------------[Agent Step 83_264]--------------------
Metrics filtered by: 'score|length|fps|ratio|train/loss/|train/rand/'
train/loss/con 0.02 / train/loss/distractor 1.39 / train/loss/dyn 12.07 / train/loss/policy -0.03 / train/loss/position 0.33 / train/loss/rep 12.07 / train/loss/repval 1.21 / train/loss/rew 0.07 / train/loss/to_target 0.33 / train/loss/value 0.99 / train/loss/velocity 0.05 / replay/replay_ratio 1040 / fps/policy 7.16 / fps/train 7333.44

Writing metrics: /scratch/midway3/rickybao/dreamerv3_runs/adapt_ax1rbf1q1s0_synth_seed104_ckpt500000/scores.jsonlWriting metrics: /scratch/midway3/rickybao/dreamerv3_runs/adapt_ax1rbf1q1s0_synth_seed104_ckpt500000/metrics.jsonl


--------------------[Agent Step 84_128]--------------------
Metrics filtered by: 'score|length|fps|ratio|train/loss/|train/rand/'
train/loss/con 0.02 / train/loss/distractor 1.39 / train/loss/dyn 12.03 / train/loss/policy -0.02 / train/loss/position 0.34 / train/loss/rep 12.03 / train/loss/repval 1.21 / train/loss/rew 0.08 / train/loss/to_target 0.33 / train/loss/value 0.99 / train/loss/velocity 0.05 / replay/replay_ratio 1040 / fps/policy 7.17 / fps/train 7340.39

Writing metrics: /scratch/midway3/rickybao/dreamerv3_runs/adapt_ax1rbf1q1s0_synth_seed104_ckpt500000/metrics.jsonlWriting metrics: /scratch/midway3/rickybao/dreamerv3_runs/adapt_ax1rbf1q1s0_synth_seed104_ckpt500000/scores.jsonl


--------------------[Agent Step 84_992]--------------------
Metrics filtered by: 'score|length|fps|ratio|train/loss/|train/rand/'
train/loss/con 0.02 / train/loss/distractor 1.39 / train/loss/dyn 12.08 / train/loss/policy -0.02 / train/loss/position 0.34 / train/loss/rep 12.08 / train/loss/repval 1.22 / train/loss/rew 0.07 / train/loss/to_target 0.33 / train/loss/value 0.95 / train/loss/velocity 0.05 / replay/replay_ratio 1040 / fps/policy 7.16 / fps/train 7328.72

Writing metrics: /scratch/midway3/rickybao/dreamerv3_runs/adapt_ax1rbf1q1s0_synth_seed104_ckpt500000/scores.jsonlWriting metrics: /scratch/midway3/rickybao/dreamerv3_runs/adapt_ax1rbf1q1s0_synth_seed104_ckpt500000/metrics.jsonl


--------------------[Agent Step 85_856]--------------------
Metrics filtered by: 'score|length|fps|ratio|train/loss/|train/rand/'
train/loss/con 0.02 / train/loss/distractor 1.39 / train/loss/dyn 12.04 / train/loss/policy -0.02 / train/loss/position 0.34 / train/loss/rep 12.04 / train/loss/repval 1.24 / train/loss/rew 0.07 / train/loss/to_target 0.33 / train/loss/value 0.93 / train/loss/velocity 0.05 / replay/replay_ratio 1040 / fps/policy 7.16 / fps/train 7326.97

Writing metrics: /scratch/midway3/rickybao/dreamerv3_runs/adapt_ax1rbf1q1s0_synth_seed104_ckpt500000/scores.jsonlWriting metrics: /scratch/midway3/rickybao/dreamerv3_runs/adapt_ax1rbf1q1s0_synth_seed104_ckpt500000/metrics.jsonl

Saving checkpoint: /scratch/midway3/rickybao/dreamerv3_runs/adapt_ax1rbf1q1s0_synth_seed104_ckpt500000/ckpt/20260721T031633F135230
Saved checkpoint.

--------------------[Agent Step 86_720]--------------------
Metrics filtered by: 'score|length|fps|ratio|train/loss/|train/rand/'
train/loss/con 0.02 / train/loss/distractor 1.39 / train/loss/dyn 12.05 / train/loss/policy -0.02 / train/loss/position 0.34 / train/loss/rep 12.05 / train/loss/repval 1.26 / train/loss/rew 0.07 / train/loss/to_target 0.33 / train/loss/value 0.93 / train/loss/velocity 0.05 / replay/replay_ratio 1040 / fps/policy 7.15 / fps/train 7320.15

Writing metrics: /scratch/midway3/rickybao/dreamerv3_runs/adapt_ax1rbf1q1s0_synth_seed104_ckpt500000/metrics.jsonlWriting metrics: /scratch/midway3/rickybao/dreamerv3_runs/adapt_ax1rbf1q1s0_synth_seed104_ckpt500000/scores.jsonl


--------------------[Agent Step 87_584]--------------------
Metrics filtered by: 'score|length|fps|ratio|train/loss/|train/rand/'
train/loss/con 0.02 / train/loss/distractor 1.39 / train/loss/dyn 12.05 / train/loss/policy -0.01 / train/loss/position 0.33 / train/loss/rep 12.05 / train/loss/repval 1.28 / train/loss/rew 0.07 / train/loss/to_target 0.33 / train/loss/value 0.96 / train/loss/velocity 0.05 / replay/replay_ratio 1040 / fps/policy 7.18 / fps/train 7347.71

Writing metrics: /scratch/midway3/rickybao/dreamerv3_runs/adapt_ax1rbf1q1s0_synth_seed104_ckpt500000/metrics.jsonlWriting metrics: /scratch/midway3/rickybao/dreamerv3_runs/adapt_ax1rbf1q1s0_synth_seed104_ckpt500000/scores.jsonl


--------------------[Agent Step 88_448]--------------------
Metrics filtered by: 'score|length|fps|ratio|train/loss/|train/rand/'
train/loss/con 0.02 / train/loss/distractor 1.4 / train/loss/dyn 12.04 / train/loss/policy -5.7e-3 / train/loss/position 0.33 / train/loss/rep 12.04 / train/loss/repval 1.26 / train/loss/rew 0.08 / train/loss/to_target 0.33 / train/loss/value 1.06 / train/loss/velocity 0.05 / replay/replay_ratio 1040 / fps/policy 7.16 / fps/train 7332.62

Writing metrics: /scratch/midway3/rickybao/dreamerv3_runs/adapt_ax1rbf1q1s0_synth_seed104_ckpt500000/metrics.jsonlWriting metrics: /scratch/midway3/rickybao/dreamerv3_runs/adapt_ax1rbf1q1s0_synth_seed104_ckpt500000/scores.jsonl


--------------------[Agent Step 89_312]--------------------
Metrics filtered by: 'score|length|fps|ratio|train/loss/|train/rand/'
train/loss/con 0.02 / train/loss/distractor 1.39 / train/loss/dyn 12.04 / train/loss/policy -0.01 / train/loss/position 0.34 / train/loss/rep 12.04 / train/loss/repval 1.22 / train/loss/rew 0.08 / train/loss/to_target 0.33 / train/loss/value 1.08 / train/loss/velocity 0.05 / replay/replay_ratio 1040 / fps/policy 7.17 / fps/train 7338.88

Writing metrics: /scratch/midway3/rickybao/dreamerv3_runs/adapt_ax1rbf1q1s0_synth_seed104_ckpt500000/scores.jsonlWriting metrics: /scratch/midway3/rickybao/dreamerv3_runs/adapt_ax1rbf1q1s0_synth_seed104_ckpt500000/metrics.jsonl


--------------------[Agent Step 90_176]--------------------
Metrics filtered by: 'score|length|fps|ratio|train/loss/|train/rand/'
train/loss/con 0.02 / train/loss/distractor 1.39 / train/loss/dyn 11.99 / train/loss/policy -0.02 / train/loss/position 0.34 / train/loss/rep 11.99 / train/loss/repval 1.21 / train/loss/rew 0.08 / train/loss/to_target 0.33 / train/loss/value 1.06 / train/loss/velocity 0.05 / replay/replay_ratio 1040 / fps/policy 7.16 / fps/train 7334.16

Writing metrics: /scratch/midway3/rickybao/dreamerv3_runs/adapt_ax1rbf1q1s0_synth_seed104_ckpt500000/metrics.jsonlWriting metrics: /scratch/midway3/rickybao/dreamerv3_runs/adapt_ax1rbf1q1s0_synth_seed104_ckpt500000/scores.jsonl


--------------------[Agent Step 91_040]--------------------
Metrics filtered by: 'score|length|fps|ratio|train/loss/|train/rand/'
train/loss/con 0.02 / train/loss/distractor 1.39 / train/loss/dyn 12 / train/loss/policy -0.02 / train/loss/position 0.34 / train/loss/rep 12 / train/loss/repval 1.22 / train/loss/rew 0.08 / train/loss/to_target 0.34 / train/loss/value 1.04 / train/loss/velocity 0.05 / replay/replay_ratio 1040 / fps/policy 7.16 / fps/train 7336.39

Writing metrics: /scratch/midway3/rickybao/dreamerv3_runs/adapt_ax1rbf1q1s0_synth_seed104_ckpt500000/scores.jsonlWriting metrics: /scratch/midway3/rickybao/dreamerv3_runs/adapt_ax1rbf1q1s0_synth_seed104_ckpt500000/metrics.jsonl


--------------------[Agent Step 91_904]--------------------
Metrics filtered by: 'score|length|fps|ratio|train/loss/|train/rand/'
train/loss/con 0.02 / train/loss/distractor 1.4 / train/loss/dyn 12.06 / train/loss/policy -0.02 / train/loss/position 0.34 / train/loss/rep 12.06 / train/loss/repval 1.22 / train/loss/rew 0.08 / train/loss/to_target 0.33 / train/loss/value 1.02 / train/loss/velocity 0.05 / replay/replay_ratio 1040 / fps/policy 7.16 / fps/train 7332.9

Writing metrics: /scratch/midway3/rickybao/dreamerv3_runs/adapt_ax1rbf1q1s0_synth_seed104_ckpt500000/metrics.jsonlWriting metrics: /scratch/midway3/rickybao/dreamerv3_runs/adapt_ax1rbf1q1s0_synth_seed104_ckpt500000/scores.jsonl

Saving checkpoint: /scratch/midway3/rickybao/dreamerv3_runs/adapt_ax1rbf1q1s0_synth_seed104_ckpt500000/ckpt/20260721T033133F324952
Saved checkpoint.

--------------------[Agent Step 92_768]--------------------
Metrics filtered by: 'score|length|fps|ratio|train/loss/|train/rand/'
train/loss/con 0.02 / train/loss/distractor 1.4 / train/loss/dyn 12.01 / train/loss/policy -0.02 / train/loss/position 0.35 / train/loss/rep 12.01 / train/loss/repval 1.23 / train/loss/rew 0.08 / train/loss/to_target 0.34 / train/loss/value 1.02 / train/loss/velocity 0.05 / replay/replay_ratio 1040 / fps/policy 7.15 / fps/train 7317.32

Writing metrics: /scratch/midway3/rickybao/dreamerv3_runs/adapt_ax1rbf1q1s0_synth_seed104_ckpt500000/metrics.jsonlWriting metrics: /scratch/midway3/rickybao/dreamerv3_runs/adapt_ax1rbf1q1s0_synth_seed104_ckpt500000/scores.jsonl


--------------------[Agent Step 93_632]--------------------
Metrics filtered by: 'score|length|fps|ratio|train/loss/|train/rand/'
train/loss/con 0.02 / train/loss/distractor 1.4 / train/loss/dyn 12 / train/loss/policy -0.02 / train/loss/position 0.35 / train/loss/rep 12 / train/loss/repval 1.23 / train/loss/rew 0.08 / train/loss/to_target 0.34 / train/loss/value 1.05 / train/loss/velocity 0.05 / replay/replay_ratio 1040 / fps/policy 7.17 / fps/train 7338.22

Writing metrics: /scratch/midway3/rickybao/dreamerv3_runs/adapt_ax1rbf1q1s0_synth_seed104_ckpt500000/metrics.jsonlWriting metrics: /scratch/midway3/rickybao/dreamerv3_runs/adapt_ax1rbf1q1s0_synth_seed104_ckpt500000/scores.jsonl


--------------------[Agent Step 94_496]--------------------
Metrics filtered by: 'score|length|fps|ratio|train/loss/|train/rand/'
train/loss/con 0.02 / train/loss/distractor 1.4 / train/loss/dyn 11.99 / train/loss/policy -0.02 / train/loss/position 0.35 / train/loss/rep 11.99 / train/loss/repval 1.22 / train/loss/rew 0.08 / train/loss/to_target 0.34 / train/loss/value 1.06 / train/loss/velocity 0.05 / replay/replay_ratio 1040 / fps/policy 7.16 / fps/train 7335.72

Writing metrics: /scratch/midway3/rickybao/dreamerv3_runs/adapt_ax1rbf1q1s0_synth_seed104_ckpt500000/scores.jsonl
Writing metrics: /scratch/midway3/rickybao/dreamerv3_runs/adapt_ax1rbf1q1s0_synth_seed104_ckpt500000/metrics.jsonl

--------------------[Agent Step 95_360]--------------------
Metrics filtered by: 'score|length|fps|ratio|train/loss/|train/rand/'
train/loss/con 0.02 / train/loss/distractor 1.4 / train/loss/dyn 11.99 / train/loss/policy -0.02 / train/loss/position 0.36 / train/loss/rep 11.99 / train/loss/repval 1.23 / train/loss/rew 0.08 / train/loss/to_target 0.35 / train/loss/value 1.07 / train/loss/velocity 0.05 / replay/replay_ratio 1040 / fps/policy 7.17 / fps/train 7339.01

Writing metrics: /scratch/midway3/rickybao/dreamerv3_runs/adapt_ax1rbf1q1s0_synth_seed104_ckpt500000/scores.jsonlWriting metrics: /scratch/midway3/rickybao/dreamerv3_runs/adapt_ax1rbf1q1s0_synth_seed104_ckpt500000/metrics.jsonl


--------------------[Agent Step 96_224]--------------------
Metrics filtered by: 'score|length|fps|ratio|train/loss/|train/rand/'
episode/score 79 / episode/length 1001 / train/loss/con 0.02 / train/loss/distractor 1.4 / train/loss/dyn 11.98 / train/loss/policy -0.02 / train/loss/position 0.36 / train/loss/rep 11.98 / train/loss/repval 1.24 / train/loss/rew 0.08 / train/loss/to_target 0.35 / train/loss/value 1.06 / train/loss/velocity 0.05 / replay/replay_ratio 1040 / fps/policy 7.17 / fps/train 7344.89

Writing metrics: /scratch/midway3/rickybao/dreamerv3_runs/adapt_ax1rbf1q1s0_synth_seed104_ckpt500000/metrics.jsonlWriting metrics: /scratch/midway3/rickybao/dreamerv3_runs/adapt_ax1rbf1q1s0_synth_seed104_ckpt500000/scores.jsonl


--------------------[Agent Step 97_088]--------------------
Metrics filtered by: 'score|length|fps|ratio|train/loss/|train/rand/'
train/loss/con 0.02 / train/loss/distractor 1.4 / train/loss/dyn 11.96 / train/loss/policy -0.03 / train/loss/position 0.36 / train/loss/rep 11.96 / train/loss/repval 1.25 / train/loss/rew 0.08 / train/loss/to_target 0.35 / train/loss/value 1.07 / train/loss/velocity 0.05 / replay/replay_ratio 1040 / fps/policy 7.17 / fps/train 7343.44

Writing metrics: /scratch/midway3/rickybao/dreamerv3_runs/adapt_ax1rbf1q1s0_synth_seed104_ckpt500000/metrics.jsonlWriting metrics: /scratch/midway3/rickybao/dreamerv3_runs/adapt_ax1rbf1q1s0_synth_seed104_ckpt500000/scores.jsonl


--------------------[Agent Step 97_952]--------------------
Metrics filtered by: 'score|length|fps|ratio|train/loss/|train/rand/'
train/loss/con 0.02 / train/loss/distractor 1.4 / train/loss/dyn 11.96 / train/loss/policy -0.02 / train/loss/position 0.37 / train/loss/rep 11.96 / train/loss/repval 1.25 / train/loss/rew 0.09 / train/loss/to_target 0.36 / train/loss/value 1.07 / train/loss/velocity 0.05 / replay/replay_ratio 1040 / fps/policy 7.17 / fps/train 7338.53

Writing metrics: /scratch/midway3/rickybao/dreamerv3_runs/adapt_ax1rbf1q1s0_synth_seed104_ckpt500000/scores.jsonl
Writing metrics: /scratch/midway3/rickybao/dreamerv3_runs/adapt_ax1rbf1q1s0_synth_seed104_ckpt500000/metrics.jsonl

--------------------[Agent Step 98_816]--------------------
Metrics filtered by: 'score|length|fps|ratio|train/loss/|train/rand/'
train/loss/con 0.02 / train/loss/distractor 1.39 / train/loss/dyn 11.93 / train/loss/policy -0.02 / train/loss/position 0.36 / train/loss/rep 11.93 / train/loss/repval 1.25 / train/loss/rew 0.08 / train/loss/to_target 0.35 / train/loss/value 1.07 / train/loss/velocity 0.05 / replay/replay_ratio 1040 / fps/policy 7.16 / fps/train 7332.42

Writing metrics: /scratch/midway3/rickybao/dreamerv3_runs/adapt_ax1rbf1q1s0_synth_seed104_ckpt500000/scores.jsonlWriting metrics: /scratch/midway3/rickybao/dreamerv3_runs/adapt_ax1rbf1q1s0_synth_seed104_ckpt500000/metrics.jsonl

Saving checkpoint: /scratch/midway3/rickybao/dreamerv3_runs/adapt_ax1rbf1q1s0_synth_seed104_ckpt500000/ckpt/20260721T034633F349736
Saved checkpoint.

--------------------[Agent Step 99_680]--------------------
Metrics filtered by: 'score|length|fps|ratio|train/loss/|train/rand/'
train/loss/con 0.02 / train/loss/distractor 1.4 / train/loss/dyn 11.99 / train/loss/policy -0.02 / train/loss/position 0.36 / train/loss/rep 11.99 / train/loss/repval 1.25 / train/loss/rew 0.08 / train/loss/to_target 0.35 / train/loss/value 1.08 / train/loss/velocity 0.04 / replay/replay_ratio 1040 / fps/policy 7.15 / fps/train 7319.91

Writing metrics: /scratch/midway3/rickybao/dreamerv3_runs/adapt_ax1rbf1q1s0_synth_seed104_ckpt500000/scores.jsonlWriting metrics: /scratch/midway3/rickybao/dreamerv3_runs/adapt_ax1rbf1q1s0_synth_seed104_ckpt500000/metrics.jsonl


--------------------[Agent Step 100_544]--------------------
Metrics filtered by: 'score|length|fps|ratio|train/loss/|train/rand/'
train/loss/con 0.02 / train/loss/distractor 1.4 / train/loss/dyn 11.93 / train/loss/policy -0.01 / train/loss/position 0.36 / train/loss/rep 11.93 / train/loss/repval 1.25 / train/loss/rew 0.08 / train/loss/to_target 0.35 / train/loss/value 1.08 / train/loss/velocity 0.04 / replay/replay_ratio 1040 / fps/policy 7.16 / fps/train 7335.65

Writing metrics: /scratch/midway3/rickybao/dreamerv3_runs/adapt_ax1rbf1q1s0_synth_seed104_ckpt500000/scores.jsonl
Writing metrics: /scratch/midway3/rickybao/dreamerv3_runs/adapt_ax1rbf1q1s0_synth_seed104_ckpt500000/metrics.jsonl

--------------------[Agent Step 101_408]--------------------
Metrics filtered by: 'score|length|fps|ratio|train/loss/|train/rand/'
train/loss/con 0.02 / train/loss/distractor 1.4 / train/loss/dyn 11.92 / train/loss/policy -0.02 / train/loss/position 0.36 / train/loss/rep 11.92 / train/loss/repval 1.24 / train/loss/rew 0.08 / train/loss/to_target 0.35 / train/loss/value 1.08 / train/loss/velocity 0.04 / replay/replay_ratio 1040 / fps/policy 7.16 / fps/train 7331.13

Writing metrics: /scratch/midway3/rickybao/dreamerv3_runs/adapt_ax1rbf1q1s0_synth_seed104_ckpt500000/metrics.jsonlWriting metrics: /scratch/midway3/rickybao/dreamerv3_runs/adapt_ax1rbf1q1s0_synth_seed104_ckpt500000/scores.jsonl


--------------------[Agent Step 102_272]--------------------
Metrics filtered by: 'score|length|fps|ratio|train/loss/|train/rand/'
train/loss/con 0.02 / train/loss/distractor 1.4 / train/loss/dyn 11.95 / train/loss/policy -0.02 / train/loss/position 0.36 / train/loss/rep 11.95 / train/loss/repval 1.24 / train/loss/rew 0.08 / train/loss/to_target 0.35 / train/loss/value 1.08 / train/loss/velocity 0.04 / replay/replay_ratio 1040 / fps/policy 7.16 / fps/train 7334.97

Writing metrics: /scratch/midway3/rickybao/dreamerv3_runs/adapt_ax1rbf1q1s0_synth_seed104_ckpt500000/scores.jsonlWriting metrics: /scratch/midway3/rickybao/dreamerv3_runs/adapt_ax1rbf1q1s0_synth_seed104_ckpt500000/metrics.jsonl


--------------------[Agent Step 103_136]--------------------
Metrics filtered by: 'score|length|fps|ratio|train/loss/|train/rand/'
train/loss/con 0.02 / train/loss/distractor 1.4 / train/loss/dyn 11.94 / train/loss/policy -0.02 / train/loss/position 0.36 / train/loss/rep 11.94 / train/loss/repval 1.24 / train/loss/rew 0.08 / train/loss/to_target 0.35 / train/loss/value 1.08 / train/loss/velocity 0.05 / replay/replay_ratio 1040 / fps/policy 7.17 / fps/train 7344.21

Writing metrics: /scratch/midway3/rickybao/dreamerv3_runs/adapt_ax1rbf1q1s0_synth_seed104_ckpt500000/metrics.jsonl
Writing metrics: /scratch/midway3/rickybao/dreamerv3_runs/adapt_ax1rbf1q1s0_synth_seed104_ckpt500000/scores.jsonl

--------------------[Agent Step 104_000]--------------------
Metrics filtered by: 'score|length|fps|ratio|train/loss/|train/rand/'
train/loss/con 0.02 / train/loss/distractor 1.4 / train/loss/dyn 11.92 / train/loss/policy -0.02 / train/loss/position 0.36 / train/loss/rep 11.92 / train/loss/repval 1.24 / train/loss/rew 0.08 / train/loss/to_target 0.35 / train/loss/value 1.08 / train/loss/velocity 0.04 / replay/replay_ratio 1040 / fps/policy 7.18 / fps/train 7347.31

Writing metrics: /scratch/midway3/rickybao/dreamerv3_runs/adapt_ax1rbf1q1s0_synth_seed104_ckpt500000/metrics.jsonlWriting metrics: /scratch/midway3/rickybao/dreamerv3_runs/adapt_ax1rbf1q1s0_synth_seed104_ckpt500000/scores.jsonl


--------------------[Agent Step 104_864]--------------------
Metrics filtered by: 'score|length|fps|ratio|train/loss/|train/rand/'
train/loss/con 0.02 / train/loss/distractor 1.4 / train/loss/dyn 11.95 / train/loss/policy -0.02 / train/loss/position 0.36 / train/loss/rep 11.95 / train/loss/repval 1.24 / train/loss/rew 0.08 / train/loss/to_target 0.35 / train/loss/value 1.07 / train/loss/velocity 0.04 / replay/replay_ratio 1040 / fps/policy 7.18 / fps/train 7347.45

Writing metrics: /scratch/midway3/rickybao/dreamerv3_runs/adapt_ax1rbf1q1s0_synth_seed104_ckpt500000/metrics.jsonl
Writing metrics: /scratch/midway3/rickybao/dreamerv3_runs/adapt_ax1rbf1q1s0_synth_seed104_ckpt500000/scores.jsonl
Saving checkpoint: /scratch/midway3/rickybao/dreamerv3_runs/adapt_ax1rbf1q1s0_synth_seed104_ckpt500000/ckpt/20260721T040135F457994
Saved checkpoint.

--------------------[Agent Step 105_728]--------------------
Metrics filtered by: 'score|length|fps|ratio|train/loss/|train/rand/'
train/loss/con 0.02 / train/loss/distractor 1.4 / train/loss/dyn 11.94 / train/loss/policy -0.02 / train/loss/position 0.36 / train/loss/rep 11.94 / train/loss/repval 1.25 / train/loss/rew 0.08 / train/loss/to_target 0.35 / train/loss/value 1.09 / train/loss/velocity 0.04 / replay/replay_ratio 1040 / fps/policy 7.16 / fps/train 7327.44

Writing metrics: /scratch/midway3/rickybao/dreamerv3_runs/adapt_ax1rbf1q1s0_synth_seed104_ckpt500000/scores.jsonlWriting metrics: /scratch/midway3/rickybao/dreamerv3_runs/adapt_ax1rbf1q1s0_synth_seed104_ckpt500000/metrics.jsonl


--------------------[Agent Step 106_592]--------------------
Metrics filtered by: 'score|length|fps|ratio|train/loss/|train/rand/'
train/loss/con 0.02 / train/loss/distractor 1.41 / train/loss/dyn 11.92 / train/loss/policy -0.02 / train/loss/position 0.37 / train/loss/rep 11.92 / train/loss/repval 1.24 / train/loss/rew 0.08 / train/loss/to_target 0.35 / train/loss/value 1.09 / train/loss/velocity 0.04 / replay/replay_ratio 1040 / fps/policy 7.17 / fps/train 7338.51

Writing metrics: /scratch/midway3/rickybao/dreamerv3_runs/adapt_ax1rbf1q1s0_synth_seed104_ckpt500000/scores.jsonlWriting metrics: /scratch/midway3/rickybao/dreamerv3_runs/adapt_ax1rbf1q1s0_synth_seed104_ckpt500000/metrics.jsonl


--------------------[Agent Step 107_456]--------------------
Metrics filtered by: 'score|length|fps|ratio|train/loss/|train/rand/'
train/loss/con 0.02 / train/loss/distractor 1.41 / train/loss/dyn 11.9 / train/loss/policy -0.02 / train/loss/position 0.37 / train/loss/rep 11.9 / train/loss/repval 1.24 / train/loss/rew 0.08 / train/loss/to_target 0.36 / train/loss/value 1.09 / train/loss/velocity 0.04 / replay/replay_ratio 1040 / fps/policy 7.16 / fps/train 7335.7

Writing metrics: /scratch/midway3/rickybao/dreamerv3_runs/adapt_ax1rbf1q1s0_synth_seed104_ckpt500000/scores.jsonlWriting metrics: /scratch/midway3/rickybao/dreamerv3_runs/adapt_ax1rbf1q1s0_synth_seed104_ckpt500000/metrics.jsonl


--------------------[Agent Step 108_320]--------------------
Metrics filtered by: 'score|length|fps|ratio|train/loss/|train/rand/'
train/loss/con 0.02 / train/loss/distractor 1.41 / train/loss/dyn 11.92 / train/loss/policy -0.02 / train/loss/position 0.37 / train/loss/rep 11.92 / train/loss/repval 1.23 / train/loss/rew 0.09 / train/loss/to_target 0.36 / train/loss/value 1.06 / train/loss/velocity 0.04 / replay/replay_ratio 1040 / fps/policy 7.17 / fps/train 7340.18

Writing metrics: /scratch/midway3/rickybao/dreamerv3_runs/adapt_ax1rbf1q1s0_synth_seed104_ckpt500000/scores.jsonlWriting metrics: /scratch/midway3/rickybao/dreamerv3_runs/adapt_ax1rbf1q1s0_synth_seed104_ckpt500000/metrics.jsonl


--------------------[Agent Step 109_184]--------------------
Metrics filtered by: 'score|length|fps|ratio|train/loss/|train/rand/'
train/loss/con 0.02 / train/loss/distractor 1.41 / train/loss/dyn 11.89 / train/loss/policy -0.02 / train/loss/position 0.37 / train/loss/rep 11.89 / train/loss/repval 1.24 / train/loss/rew 0.08 / train/loss/to_target 0.36 / train/loss/value 1.04 / train/loss/velocity 0.04 / replay/replay_ratio 1040 / fps/policy 7.17 / fps/train 7344.1

Writing metrics: /scratch/midway3/rickybao/dreamerv3_runs/adapt_ax1rbf1q1s0_synth_seed104_ckpt500000/scores.jsonlWriting metrics: /scratch/midway3/rickybao/dreamerv3_runs/adapt_ax1rbf1q1s0_synth_seed104_ckpt500000/metrics.jsonl


--------------------[Agent Step 110_048]--------------------
Metrics filtered by: 'score|length|fps|ratio|train/loss/|train/rand/'
train/loss/con 0.02 / train/loss/distractor 1.41 / train/loss/dyn 11.92 / train/loss/policy -0.02 / train/loss/position 0.37 / train/loss/rep 11.92 / train/loss/repval 1.23 / train/loss/rew 0.09 / train/loss/to_target 0.36 / train/loss/value 1.05 / train/loss/velocity 0.04 / replay/replay_ratio 1040 / fps/policy 7.17 / fps/train 7341.45

Writing metrics: /scratch/midway3/rickybao/dreamerv3_runs/adapt_ax1rbf1q1s0_synth_seed104_ckpt500000/scores.jsonlWriting metrics: /scratch/midway3/rickybao/dreamerv3_runs/adapt_ax1rbf1q1s0_synth_seed104_ckpt500000/metrics.jsonl


--------------------[Agent Step 110_912]--------------------
Metrics filtered by: 'score|length|fps|ratio|train/loss/|train/rand/'
train/loss/con 0.02 / train/loss/distractor 1.41 / train/loss/dyn 11.9 / train/loss/policy -0.02 / train/loss/position 0.38 / train/loss/rep 11.9 / train/loss/repval 1.23 / train/loss/rew 0.09 / train/loss/to_target 0.37 / train/loss/value 1.04 / train/loss/velocity 0.04 / replay/replay_ratio 1040 / fps/policy 7.17 / fps/train 7342.61

Writing metrics: /scratch/midway3/rickybao/dreamerv3_runs/adapt_ax1rbf1q1s0_synth_seed104_ckpt500000/metrics.jsonlWriting metrics: /scratch/midway3/rickybao/dreamerv3_runs/adapt_ax1rbf1q1s0_synth_seed104_ckpt500000/scores.jsonl


--------------------[Agent Step 111_776]--------------------
Metrics filtered by: 'score|length|fps|ratio|train/loss/|train/rand/'
train/loss/con 0.02 / train/loss/distractor 1.41 / train/loss/dyn 11.91 / train/loss/policy -0.02 / train/loss/position 0.38 / train/loss/rep 11.91 / train/loss/repval 1.23 / train/loss/rew 0.09 / train/loss/to_target 0.37 / train/loss/value 1.03 / train/loss/velocity 0.04 / replay/replay_ratio 1040 / fps/policy 7.17 / fps/train 7341.93

Saving checkpoint: /scratch/midway3/rickybao/dreamerv3_runs/adapt_ax1rbf1q1s0_synth_seed104_ckpt500000/ckpt/20260721T041637F405740Writing metrics: /scratch/midway3/rickybao/dreamerv3_runs/adapt_ax1rbf1q1s0_synth_seed104_ckpt500000/metrics.jsonlWriting metrics: /scratch/midway3/rickybao/dreamerv3_runs/adapt_ax1rbf1q1s0_synth_seed104_ckpt500000/scores.jsonl


Saved checkpoint.

--------------------[Agent Step 112_640]--------------------
Metrics filtered by: 'score|length|fps|ratio|train/loss/|train/rand/'
episode/score 80 / episode/length 1001 / train/loss/con 0.02 / train/loss/distractor 1.41 / train/loss/dyn 11.91 / train/loss/policy -0.02 / train/loss/position 0.38 / train/loss/rep 11.91 / train/loss/repval 1.23 / train/loss/rew 0.09 / train/loss/to_target 0.37 / train/loss/value 1.04 / train/loss/velocity 0.04 / replay/replay_ratio 1040 / fps/policy 7.15 / fps/train 7325.36

Writing metrics: /scratch/midway3/rickybao/dreamerv3_runs/adapt_ax1rbf1q1s0_synth_seed104_ckpt500000/scores.jsonlWriting metrics: /scratch/midway3/rickybao/dreamerv3_runs/adapt_ax1rbf1q1s0_synth_seed104_ckpt500000/metrics.jsonl


--------------------[Agent Step 113_504]--------------------
Metrics filtered by: 'score|length|fps|ratio|train/loss/|train/rand/'
train/loss/con 0.02 / train/loss/distractor 1.41 / train/loss/dyn 11.88 / train/loss/policy -0.02 / train/loss/position 0.39 / train/loss/rep 11.88 / train/loss/repval 1.24 / train/loss/rew 0.09 / train/loss/to_target 0.37 / train/loss/value 1.05 / train/loss/velocity 0.04 / replay/replay_ratio 1040 / fps/policy 7.17 / fps/train 7340.98

Writing metrics: /scratch/midway3/rickybao/dreamerv3_runs/adapt_ax1rbf1q1s0_synth_seed104_ckpt500000/metrics.jsonlWriting metrics: /scratch/midway3/rickybao/dreamerv3_runs/adapt_ax1rbf1q1s0_synth_seed104_ckpt500000/scores.jsonl


--------------------[Agent Step 114_368]--------------------
Metrics filtered by: 'score|length|fps|ratio|train/loss/|train/rand/'
train/loss/con 0.02 / train/loss/distractor 1.41 / train/loss/dyn 11.9 / train/loss/policy -0.02 / train/loss/position 0.38 / train/loss/rep 11.9 / train/loss/repval 1.24 / train/loss/rew 0.09 / train/loss/to_target 0.37 / train/loss/value 1.07 / train/loss/velocity 0.04 / replay/replay_ratio 1040 / fps/policy 7.18 / fps/train 7348.39

Writing metrics: /scratch/midway3/rickybao/dreamerv3_runs/adapt_ax1rbf1q1s0_synth_seed104_ckpt500000/scores.jsonlWriting metrics: /scratch/midway3/rickybao/dreamerv3_runs/adapt_ax1rbf1q1s0_synth_seed104_ckpt500000/metrics.jsonl


--------------------[Agent Step 115_232]--------------------
Metrics filtered by: 'score|length|fps|ratio|train/loss/|train/rand/'
train/loss/con 0.02 / train/loss/distractor 1.41 / train/loss/dyn 11.89 / train/loss/policy -0.02 / train/loss/position 0.38 / train/loss/rep 11.89 / train/loss/repval 1.24 / train/loss/rew 0.09 / train/loss/to_target 0.37 / train/loss/value 1.08 / train/loss/velocity 0.04 / replay/replay_ratio 1040 / fps/policy 7.18 / fps/train 7348.87

Writing metrics: /scratch/midway3/rickybao/dreamerv3_runs/adapt_ax1rbf1q1s0_synth_seed104_ckpt500000/scores.jsonl
Writing metrics: /scratch/midway3/rickybao/dreamerv3_runs/adapt_ax1rbf1q1s0_synth_seed104_ckpt500000/metrics.jsonl

--------------------[Agent Step 116_096]--------------------
Metrics filtered by: 'score|length|fps|ratio|train/loss/|train/rand/'
train/loss/con 0.02 / train/loss/distractor 1.41 / train/loss/dyn 11.9 / train/loss/policy -0.02 / train/loss/position 0.38 / train/loss/rep 11.9 / train/loss/repval 1.25 / train/loss/rew 0.09 / train/loss/to_target 0.37 / train/loss/value 1.1 / train/loss/velocity 0.04 / replay/replay_ratio 1040 / fps/policy 7.16 / fps/train 7333.92

Writing metrics: /scratch/midway3/rickybao/dreamerv3_runs/adapt_ax1rbf1q1s0_synth_seed104_ckpt500000/scores.jsonl
Writing metrics: /scratch/midway3/rickybao/dreamerv3_runs/adapt_ax1rbf1q1s0_synth_seed104_ckpt500000/metrics.jsonl

--------------------[Agent Step 116_960]--------------------
Metrics filtered by: 'score|length|fps|ratio|train/loss/|train/rand/'
train/loss/con 0.02 / train/loss/distractor 1.41 / train/loss/dyn 11.88 / train/loss/policy -0.02 / train/loss/position 0.38 / train/loss/rep 11.88 / train/loss/repval 1.24 / train/loss/rew 0.09 / train/loss/to_target 0.37 / train/loss/value 1.1 / train/loss/velocity 0.04 / replay/replay_ratio 1040 / fps/policy 7.16 / fps/train 7335.52

Writing metrics: /scratch/midway3/rickybao/dreamerv3_runs/adapt_ax1rbf1q1s0_synth_seed104_ckpt500000/metrics.jsonlWriting metrics: /scratch/midway3/rickybao/dreamerv3_runs/adapt_ax1rbf1q1s0_synth_seed104_ckpt500000/scores.jsonl


--------------------[Agent Step 117_824]--------------------
Metrics filtered by: 'score|length|fps|ratio|train/loss/|train/rand/'
train/loss/con 0.02 / train/loss/distractor 1.41 / train/loss/dyn 11.88 / train/loss/policy -0.02 / train/loss/position 0.38 / train/loss/rep 11.88 / train/loss/repval 1.26 / train/loss/rew 0.09 / train/loss/to_target 0.36 / train/loss/value 1.09 / train/loss/velocity 0.04 / replay/replay_ratio 1040 / fps/policy 7.17 / fps/train 7338.78

Writing metrics: /scratch/midway3/rickybao/dreamerv3_runs/adapt_ax1rbf1q1s0_synth_seed104_ckpt500000/metrics.jsonlWriting metrics: /scratch/midway3/rickybao/dreamerv3_runs/adapt_ax1rbf1q1s0_synth_seed104_ckpt500000/scores.jsonl

Saving checkpoint: /scratch/midway3/rickybao/dreamerv3_runs/adapt_ax1rbf1q1s0_synth_seed104_ckpt500000/ckpt/20260721T043139F273146
Saved checkpoint.

--------------------[Agent Step 118_688]--------------------
Metrics filtered by: 'score|length|fps|ratio|train/loss/|train/rand/'
train/loss/con 0.02 / train/loss/distractor 1.41 / train/loss/dyn 11.91 / train/loss/policy -0.02 / train/loss/position 0.38 / train/loss/rep 11.91 / train/loss/repval 1.27 / train/loss/rew 0.09 / train/loss/to_target 0.37 / train/loss/value 1.1 / train/loss/velocity 0.04 / replay/replay_ratio 1040 / fps/policy 7.16 / fps/train 7329.8

Writing metrics: /scratch/midway3/rickybao/dreamerv3_runs/adapt_ax1rbf1q1s0_synth_seed104_ckpt500000/scores.jsonlWriting metrics: /scratch/midway3/rickybao/dreamerv3_runs/adapt_ax1rbf1q1s0_synth_seed104_ckpt500000/metrics.jsonl


--------------------[Agent Step 119_552]--------------------
Metrics filtered by: 'score|length|fps|ratio|train/loss/|train/rand/'
train/loss/con 0.02 / train/loss/distractor 1.41 / train/loss/dyn 11.89 / train/loss/policy -0.02 / train/loss/position 0.38 / train/loss/rep 11.89 / train/loss/repval 1.27 / train/loss/rew 0.09 / train/loss/to_target 0.37 / train/loss/value 1.1 / train/loss/velocity 0.04 / replay/replay_ratio 1040 / fps/policy 7.17 / fps/train 7342.43

Writing metrics: /scratch/midway3/rickybao/dreamerv3_runs/adapt_ax1rbf1q1s0_synth_seed104_ckpt500000/metrics.jsonlWriting metrics: /scratch/midway3/rickybao/dreamerv3_runs/adapt_ax1rbf1q1s0_synth_seed104_ckpt500000/scores.jsonl


--------------------[Agent Step 120_416]--------------------
Metrics filtered by: 'score|length|fps|ratio|train/loss/|train/rand/'
train/loss/con 0.02 / train/loss/distractor 1.41 / train/loss/dyn 11.88 / train/loss/policy -0.02 / train/loss/position 0.39 / train/loss/rep 11.88 / train/loss/repval 1.27 / train/loss/rew 0.09 / train/loss/to_target 0.37 / train/loss/value 1.09 / train/loss/velocity 0.04 / replay/replay_ratio 1040 / fps/policy 7.16 / fps/train 7335.35

Writing metrics: /scratch/midway3/rickybao/dreamerv3_runs/adapt_ax1rbf1q1s0_synth_seed104_ckpt500000/metrics.jsonlWriting metrics: /scratch/midway3/rickybao/dreamerv3_runs/adapt_ax1rbf1q1s0_synth_seed104_ckpt500000/scores.jsonl


--------------------[Agent Step 121_280]--------------------
Metrics filtered by: 'score|length|fps|ratio|train/loss/|train/rand/'
train/loss/con 0.02 / train/loss/distractor 1.41 / train/loss/dyn 11.86 / train/loss/policy -0.02 / train/loss/position 0.39 / train/loss/rep 11.86 / train/loss/repval 1.27 / train/loss/rew 0.09 / train/loss/to_target 0.38 / train/loss/value 1.09 / train/loss/velocity 0.04 / replay/replay_ratio 1040 / fps/policy 7.16 / fps/train 7335.58

Writing metrics: /scratch/midway3/rickybao/dreamerv3_runs/adapt_ax1rbf1q1s0_synth_seed104_ckpt500000/metrics.jsonlWriting metrics: /scratch/midway3/rickybao/dreamerv3_runs/adapt_ax1rbf1q1s0_synth_seed104_ckpt500000/scores.jsonl


--------------------[Agent Step 122_144]--------------------
Metrics filtered by: 'score|length|fps|ratio|train/loss/|train/rand/'
train/loss/con 0.02 / train/loss/distractor 1.41 / train/loss/dyn 11.87 / train/loss/policy -0.02 / train/loss/position 0.39 / train/loss/rep 11.87 / train/loss/repval 1.28 / train/loss/rew 0.09 / train/loss/to_target 0.38 / train/loss/value 1.09 / train/loss/velocity 0.04 / replay/replay_ratio 1040 / fps/policy 7.16 / fps/train 7335.83

Writing metrics: /scratch/midway3/rickybao/dreamerv3_runs/adapt_ax1rbf1q1s0_synth_seed104_ckpt500000/scores.jsonl
Writing metrics: /scratch/midway3/rickybao/dreamerv3_runs/adapt_ax1rbf1q1s0_synth_seed104_ckpt500000/metrics.jsonl

--------------------[Agent Step 123_008]--------------------
Metrics filtered by: 'score|length|fps|ratio|train/loss/|train/rand/'
train/loss/con 0.02 / train/loss/distractor 1.41 / train/loss/dyn 11.85 / train/loss/policy -0.02 / train/loss/position 0.39 / train/loss/rep 11.85 / train/loss/repval 1.27 / train/loss/rew 0.09 / train/loss/to_target 0.38 / train/loss/value 1.1 / train/loss/velocity 0.04 / replay/replay_ratio 1040 / fps/policy 7.17 / fps/train 7339.42

Writing metrics: /scratch/midway3/rickybao/dreamerv3_runs/adapt_ax1rbf1q1s0_synth_seed104_ckpt500000/metrics.jsonlWriting metrics: /scratch/midway3/rickybao/dreamerv3_runs/adapt_ax1rbf1q1s0_synth_seed104_ckpt500000/scores.jsonl


--------------------[Agent Step 123_872]--------------------
Metrics filtered by: 'score|length|fps|ratio|train/loss/|train/rand/'
train/loss/con 0.02 / train/loss/distractor 1.41 / train/loss/dyn 11.82 / train/loss/policy -0.02 / train/loss/position 0.39 / train/loss/rep 11.82 / train/loss/repval 1.27 / train/loss/rew 0.09 / train/loss/to_target 0.38 / train/loss/value 1.08 / train/loss/velocity 0.04 / replay/replay_ratio 1040 / fps/policy 7.18 / fps/train 7349.54

Writing metrics: /scratch/midway3/rickybao/dreamerv3_runs/adapt_ax1rbf1q1s0_synth_seed104_ckpt500000/scores.jsonlWriting metrics: /scratch/midway3/rickybao/dreamerv3_runs/adapt_ax1rbf1q1s0_synth_seed104_ckpt500000/metrics.jsonl

Saving checkpoint: /scratch/midway3/rickybao/dreamerv3_runs/adapt_ax1rbf1q1s0_synth_seed104_ckpt500000/ckpt/20260721T044641F139200
Saved checkpoint.

--------------------[Agent Step 124_736]--------------------
Metrics filtered by: 'score|length|fps|ratio|train/loss/|train/rand/'
train/loss/con 0.02 / train/loss/distractor 1.42 / train/loss/dyn 11.86 / train/loss/policy -0.02 / train/loss/position 0.39 / train/loss/rep 11.86 / train/loss/repval 1.29 / train/loss/rew 0.09 / train/loss/to_target 0.38 / train/loss/value 1.06 / train/loss/velocity 0.04 / replay/replay_ratio 1040 / fps/policy 7.17 / fps/train 7338.51

Writing metrics: /scratch/midway3/rickybao/dreamerv3_runs/adapt_ax1rbf1q1s0_synth_seed104_ckpt500000/metrics.jsonl
Writing metrics: /scratch/midway3/rickybao/dreamerv3_runs/adapt_ax1rbf1q1s0_synth_seed104_ckpt500000/scores.jsonl
[Tue Jul 21 04:47:27 CDT 2026] adapt adapt_ax1rbf1q1s0_synth_seed104_ckpt500000 rc=0 status=DONE
[Tue Jul 21 04:47:27 CDT 2026] DONE child adapt_ax1rbf1q1s0_synth_seed104_ckpt500000
[Tue Jul 21 04:47:27 CDT 2026] START child adapt_ax1rbf1q1s0_synth_seed105_ckpt500000 WM_RUN=ax1wm_synth_fq1s0_seed1
[Tue Jul 21 04:47:27 CDT 2026] axis1 child starting RUN_ID=adapt_ax1rbf1q1s0_synth_seed105_ckpt500000 WM_RUN=ax1wm_synth_fq1s0_seed1 job=52442236 host=midway3-0286.rcc.local
[Tue Jul 21 04:47:27 CDT 2026] env prepared: python=/scratch/midway3/rickybao/conda_envs/dreamerv3/bin/python
python_executable=/scratch/midway3/rickybao/conda_envs/dreamerv3/bin/python
[Tue Jul 21 04:47:27 CDT 2026] offline WM already fit: /scratch/midway3/rickybao/dreamerv3_runs/ax1wm_synth_fq1s0_seed1/ckpt/20260718T125044F760787-000000500000 (skipping stage 1)
[Tue Jul 21 04:47:27 CDT 2026] adapt RUN_ID=adapt_ax1rbf1q1s0_synth_seed105_ckpt500000 TASK=synth_reach SEED=105 CKPT=/scratch/midway3/rickybao/dreamerv3_runs/ax1wm_synth_fq1s0_seed1/ckpt/20260718T125044F760787-000000500000 STEPS=1.25e5
---  ___                           __   ______ ---
--- |   \ _ _ ___ __ _ _ __  ___ _ \ \ / /__ / ---
--- | |) | '_/ -_) _` | '  \/ -_) '/\ V / |_ \ ---
--- |___/|_| \___\__,_|_|_|_\___|_|  \_/ |___/ ---
Replica: 0 / 1
Logdir: /scratch/midway3/rickybao/dreamerv3_runs/adapt_ax1rbf1q1s0_synth_seed105_ckpt500000
Run script: train
Observations
  position         Space(float32, shape=(2,), low=-inf, high=inf)
  velocity         Space(float32, shape=(2,), low=-inf, high=inf)
  distractor       Space(float32, shape=(8,), low=-inf, high=inf)
  to_target        Space(float32, shape=(2,), low=-inf, high=inf)
  reward           Space(float32, shape=(), low=-inf, high=inf)
  is_first         Space(bool, shape=(), low=False, high=True)
  is_last          Space(bool, shape=(), low=False, high=True)
  is_terminal      Space(bool, shape=(), low=False, high=True)
Actions
  action           Space(float32, shape=(2,), low=-1.0, high=1.0)
Extras
  consec           Space(int32, shape=(), low=-2147483648, high=2147483647)
  stepid           Space(uint8, shape=(20,), low=0, high=255)
  dyn/deter        Space(float32, shape=(512,), low=-inf, high=inf)
  dyn/stoch        Space(float32, shape=(32, 4), low=-inf, high=inf)
JAX devices (1): [cuda:0]
Policy devices: cuda:0
Train devices:  cuda:0
Initializing parameters...
Optimizer opt has 214,723 params:
        66,111 val
        57,663 rew
        49,796 pol
        41,153 con
Done initializing!
Compiling 1 checkpoint groups...
Largest checkpoint group: 0 GB
Compiling train and report...
Train cost analysis:
  FLOPS:            7.2e+09
  Memory (temp):    1.8e+08
  Memory (inputs):  7.3e+06
  Memory (outputs): 5.9e+06
  Memory (code):    1.5e+06

Report cost analysis:
  FLOPS:            2.0e+06
  Memory (temp):    9.2e+05
  Memory (inputs):  2.7e+06
  Memory (outputs): 2.1e+04
  Memory (code):    9.8e+04

Done compiling!
Loaded pretrained checkpoint with keys: ['dec/mlp/linear0/bias', 'dec/mlp/linear0/kernel', 'dec/mlp/linear1/bias', 'dec/mlp/linear1/kernel', 'dec/mlp/linear2/bias', 'dec/mlp/linear2/kernel', 'dec/mlp/norm0/scale', 'dec/mlp/norm1/scale', 'dec/mlp/norm2/scale', 'dec/vec/distractor/pred/bias', 'dec/vec/distractor/pred/kernel', 'dec/vec/position/pred/bias', 'dec/vec/position/pred/kernel', 'dec/vec/to_target/pred/bias', 'dec/vec/to_target/pred/kernel', 'dec/vec/velocity/pred/bias', 'dec/vec/velocity/pred/kernel', 'dyn/dyngru/bias', 'dyn/dyngru/kernel', 'dyn/dynhid0/bias', 'dyn/dynhid0/kernel', 'dyn/dynhid0norm/scale', 'dyn/dynin0/bias', 'dyn/dynin0/kernel', 'dyn/dynin0norm/scale', 'dyn/dynin1/bias', 'dyn/dynin1/kernel', 'dyn/dynin1norm/scale', 'dyn/dynin2/bias', 'dyn/dynin2/kernel', 'dyn/dynin2norm/scale', 'dyn/obs0/bias', 'dyn/obs0/kernel', 'dyn/obs0norm/scale', 'dyn/obslogit/bias', 'dyn/obslogit/kernel', 'dyn/prior0/bias', 'dyn/prior0/kernel', 'dyn/prior0norm/scale', 'dyn/prior1/bias', 'dyn/prior1/kernel', 'dyn/prior1norm/scale', 'dyn/priorlogit/bias', 'dyn/priorlogit/kernel', 'enc/mlp0/bias', 'enc/mlp0/kernel', 'enc/mlp0norm/scale', 'enc/mlp1/bias', 'enc/mlp1/kernel', 'enc/mlp1norm/scale', 'enc/mlp2/bias', 'enc/mlp2/kernel', 'enc/mlp2norm/scale']
Did not find any checkpoint.
Saving checkpoint: /scratch/midway3/rickybao/dreamerv3_runs/adapt_ax1rbf1q1s0_synth_seed105_ckpt500000/ckpt/20260721T044801F509369
Saved checkpoint.
Start training loop

--------------------[Agent Step 2_912]--------------------
Metrics filtered by: 'score|length|fps|ratio|train/loss/|train/rand/'
train/loss/con 0.31 / train/loss/distractor 1.34 / train/loss/dyn 12.77 / train/loss/policy -8.8e-5 / train/loss/position 0.3 / train/loss/rep 12.77 / train/loss/repval 9.41 / train/loss/rew 4.68 / train/loss/to_target 0.2 / train/loss/value 3.69 / train/loss/velocity 5.4e-3 / replay/replay_ratio 477.03 / fps/policy 23.61 / fps/train 7182.98

Writing metrics: /scratch/midway3/rickybao/dreamerv3_runs/adapt_ax1rbf1q1s0_synth_seed105_ckpt500000/metrics.jsonlWriting metrics: /scratch/midway3/rickybao/dreamerv3_runs/adapt_ax1rbf1q1s0_synth_seed105_ckpt500000/scores.jsonl


--------------------[Agent Step 3_776]--------------------
Metrics filtered by: 'score|length|fps|ratio|train/loss/|train/rand/'
train/loss/con 0.02 / train/loss/distractor 1.33 / train/loss/dyn 12.57 / train/loss/policy 0.02 / train/loss/position 0.29 / train/loss/rep 12.57 / train/loss/repval 2.74 / train/loss/rew 0.97 / train/loss/to_target 0.2 / train/loss/value 2.41 / train/loss/velocity 6.1e-3 / replay/replay_ratio 1040 / fps/policy 7.17 / fps/train 7343.99

Writing metrics: /scratch/midway3/rickybao/dreamerv3_runs/adapt_ax1rbf1q1s0_synth_seed105_ckpt500000/metrics.jsonlWriting metrics: /scratch/midway3/rickybao/dreamerv3_runs/adapt_ax1rbf1q1s0_synth_seed105_ckpt500000/scores.jsonl


--------------------[Agent Step 4_640]--------------------
Metrics filtered by: 'score|length|fps|ratio|train/loss/|train/rand/'
train/loss/con 0.02 / train/loss/distractor 1.33 / train/loss/dyn 12.61 / train/loss/policy 0.03 / train/loss/position 0.28 / train/loss/rep 12.61 / train/loss/repval 1.31 / train/loss/rew 0.1 / train/loss/to_target 0.21 / train/loss/value 1.16 / train/loss/velocity 0.01 / replay/replay_ratio 1040 / fps/policy 7.18 / fps/train 7352.41

Writing metrics: /scratch/midway3/rickybao/dreamerv3_runs/adapt_ax1rbf1q1s0_synth_seed105_ckpt500000/scores.jsonl
Writing metrics: /scratch/midway3/rickybao/dreamerv3_runs/adapt_ax1rbf1q1s0_synth_seed105_ckpt500000/metrics.jsonl

--------------------[Agent Step 5_504]--------------------
Metrics filtered by: 'score|length|fps|ratio|train/loss/|train/rand/'
train/loss/con 0.02 / train/loss/distractor 1.32 / train/loss/dyn 12.78 / train/loss/policy 0.03 / train/loss/position 0.28 / train/loss/rep 12.78 / train/loss/repval 0.51 / train/loss/rew 0.05 / train/loss/to_target 0.23 / train/loss/value 0.43 / train/loss/velocity 0.02 / replay/replay_ratio 1040 / fps/policy 7.17 / fps/train 7338.73

Writing metrics: /scratch/midway3/rickybao/dreamerv3_runs/adapt_ax1rbf1q1s0_synth_seed105_ckpt500000/scores.jsonlWriting metrics: /scratch/midway3/rickybao/dreamerv3_runs/adapt_ax1rbf1q1s0_synth_seed105_ckpt500000/metrics.jsonl


--------------------[Agent Step 6_368]--------------------
Metrics filtered by: 'score|length|fps|ratio|train/loss/|train/rand/'
train/loss/con 0.02 / train/loss/distractor 1.32 / train/loss/dyn 13.2 / train/loss/policy 0.02 / train/loss/position 0.28 / train/loss/rep 13.2 / train/loss/repval 0.33 / train/loss/rew 0.03 / train/loss/to_target 0.25 / train/loss/value 0.31 / train/loss/velocity 0.04 / replay/replay_ratio 1040 / fps/policy 7.17 / fps/train 7342.99

Writing metrics: /scratch/midway3/rickybao/dreamerv3_runs/adapt_ax1rbf1q1s0_synth_seed105_ckpt500000/scores.jsonl
Writing metrics: /scratch/midway3/rickybao/dreamerv3_runs/adapt_ax1rbf1q1s0_synth_seed105_ckpt500000/metrics.jsonl

--------------------[Agent Step 7_232]--------------------
Metrics filtered by: 'score|length|fps|ratio|train/loss/|train/rand/'
train/loss/con 0.02 / train/loss/distractor 1.33 / train/loss/dyn 13.27 / train/loss/policy 0.02 / train/loss/position 0.28 / train/loss/rep 13.27 / train/loss/repval 0.83 / train/loss/rew 0.03 / train/loss/to_target 0.26 / train/loss/value 0.72 / train/loss/velocity 0.04 / replay/replay_ratio 1040 / fps/policy 7.16 / fps/train 7332.76

Writing metrics: /scratch/midway3/rickybao/dreamerv3_runs/adapt_ax1rbf1q1s0_synth_seed105_ckpt500000/metrics.jsonlWriting metrics: /scratch/midway3/rickybao/dreamerv3_runs/adapt_ax1rbf1q1s0_synth_seed105_ckpt500000/scores.jsonl


--------------------[Agent Step 8_096]--------------------
Metrics filtered by: 'score|length|fps|ratio|train/loss/|train/rand/'
train/loss/con 0.02 / train/loss/distractor 1.32 / train/loss/dyn 13.03 / train/loss/policy 0.02 / train/loss/position 0.27 / train/loss/rep 13.03 / train/loss/repval 1.41 / train/loss/rew 0.03 / train/loss/to_target 0.25 / train/loss/value 1.34 / train/loss/velocity 0.03 / replay/replay_ratio 1040 / fps/policy 7.16 / fps/train 7335.53

Writing metrics: /scratch/midway3/rickybao/dreamerv3_runs/adapt_ax1rbf1q1s0_synth_seed105_ckpt500000/metrics.jsonl
Writing metrics: /scratch/midway3/rickybao/dreamerv3_runs/adapt_ax1rbf1q1s0_synth_seed105_ckpt500000/scores.jsonl
Saving checkpoint: /scratch/midway3/rickybao/dreamerv3_runs/adapt_ax1rbf1q1s0_synth_seed105_ckpt500000/ckpt/20260721T050303F386356
Saved checkpoint.

--------------------[Agent Step 8_960]--------------------
Metrics filtered by: 'score|length|fps|ratio|train/loss/|train/rand/'
train/loss/con 0.02 / train/loss/distractor 1.31 / train/loss/dyn 12.75 / train/loss/policy 8.2e-3 / train/loss/position 0.26 / train/loss/rep 12.75 / train/loss/repval 1.34 / train/loss/rew 0.02 / train/loss/to_target 0.23 / train/loss/value 1.11 / train/loss/velocity 0.03 / replay/replay_ratio 1040 / fps/policy 7.14 / fps/train 7308.79

Writing metrics: /scratch/midway3/rickybao/dreamerv3_runs/adapt_ax1rbf1q1s0_synth_seed105_ckpt500000/metrics.jsonlWriting metrics: /scratch/midway3/rickybao/dreamerv3_runs/adapt_ax1rbf1q1s0_synth_seed105_ckpt500000/scores.jsonl


--------------------[Agent Step 9_824]--------------------
Metrics filtered by: 'score|length|fps|ratio|train/loss/|train/rand/'
train/loss/con 0.02 / train/loss/distractor 1.31 / train/loss/dyn 12.44 / train/loss/policy 0.02 / train/loss/position 0.24 / train/loss/rep 12.44 / train/loss/repval 1.11 / train/loss/rew 0.02 / train/loss/to_target 0.22 / train/loss/value 0.97 / train/loss/velocity 0.04 / replay/replay_ratio 1040 / fps/policy 7.17 / fps/train 7344.98

Writing metrics: /scratch/midway3/rickybao/dreamerv3_runs/adapt_ax1rbf1q1s0_synth_seed105_ckpt500000/metrics.jsonlWriting metrics: /scratch/midway3/rickybao/dreamerv3_runs/adapt_ax1rbf1q1s0_synth_seed105_ckpt500000/scores.jsonl


--------------------[Agent Step 10_688]--------------------
Metrics filtered by: 'score|length|fps|ratio|train/loss/|train/rand/'
train/loss/con 0.02 / train/loss/distractor 1.3 / train/loss/dyn 12.2 / train/loss/policy 0.02 / train/loss/position 0.23 / train/loss/rep 12.2 / train/loss/repval 1.21 / train/loss/rew 0.01 / train/loss/to_target 0.21 / train/loss/value 1.13 / train/loss/velocity 0.04 / replay/replay_ratio 1040 / fps/policy 7.17 / fps/train 7339.4

Writing metrics: /scratch/midway3/rickybao/dreamerv3_runs/adapt_ax1rbf1q1s0_synth_seed105_ckpt500000/metrics.jsonlWriting metrics: /scratch/midway3/rickybao/dreamerv3_runs/adapt_ax1rbf1q1s0_synth_seed105_ckpt500000/scores.jsonl


--------------------[Agent Step 11_552]--------------------
Metrics filtered by: 'score|length|fps|ratio|train/loss/|train/rand/'
train/loss/con 0.02 / train/loss/distractor 1.31 / train/loss/dyn 12.15 / train/loss/policy 6.9e-3 / train/loss/position 0.21 / train/loss/rep 12.15 / train/loss/repval 1.28 / train/loss/rew 7.9e-3 / train/loss/to_target 0.19 / train/loss/value 1.03 / train/loss/velocity 0.04 / replay/replay_ratio 1040 / fps/policy 7.17 / fps/train 7341.11

Writing metrics: /scratch/midway3/rickybao/dreamerv3_runs/adapt_ax1rbf1q1s0_synth_seed105_ckpt500000/metrics.jsonlWriting metrics: /scratch/midway3/rickybao/dreamerv3_runs/adapt_ax1rbf1q1s0_synth_seed105_ckpt500000/scores.jsonl


--------------------[Agent Step 12_416]--------------------
Metrics filtered by: 'score|length|fps|ratio|train/loss/|train/rand/'
train/loss/con 0.02 / train/loss/distractor 1.3 / train/loss/dyn 12.12 / train/loss/policy 0.03 / train/loss/position 0.2 / train/loss/rep 12.12 / train/loss/repval 1.18 / train/loss/rew 6.6e-3 / train/loss/to_target 0.19 / train/loss/value 1.17 / train/loss/velocity 0.04 / replay/replay_ratio 1040 / fps/policy 7.17 / fps/train 7338.85

Writing metrics: /scratch/midway3/rickybao/dreamerv3_runs/adapt_ax1rbf1q1s0_synth_seed105_ckpt500000/metrics.jsonlWriting metrics: /scratch/midway3/rickybao/dreamerv3_runs/adapt_ax1rbf1q1s0_synth_seed105_ckpt500000/scores.jsonl


--------------------[Agent Step 13_280]--------------------
Metrics filtered by: 'score|length|fps|ratio|train/loss/|train/rand/'
train/loss/con 0.02 / train/loss/distractor 1.31 / train/loss/dyn 12.16 / train/loss/policy 0.23 / train/loss/position 0.2 / train/loss/rep 12.16 / train/loss/repval 1.55 / train/loss/rew 0.02 / train/loss/to_target 0.19 / train/loss/value 1.38 / train/loss/velocity 0.04 / replay/replay_ratio 1040 / fps/policy 7.17 / fps/train 7340.95

Writing metrics: /scratch/midway3/rickybao/dreamerv3_runs/adapt_ax1rbf1q1s0_synth_seed105_ckpt500000/scores.jsonlWriting metrics: /scratch/midway3/rickybao/dreamerv3_runs/adapt_ax1rbf1q1s0_synth_seed105_ckpt500000/metrics.jsonl


--------------------[Agent Step 14_144]--------------------
Metrics filtered by: 'score|length|fps|ratio|train/loss/|train/rand/'
train/loss/con 0.02 / train/loss/distractor 1.31 / train/loss/dyn 12.21 / train/loss/policy 0.06 / train/loss/position 0.21 / train/loss/rep 12.21 / train/loss/repval 1.85 / train/loss/rew 0.02 / train/loss/to_target 0.2 / train/loss/value 1.72 / train/loss/velocity 0.04 / replay/replay_ratio 1040 / fps/policy 7.18 / fps/train 7347.36

Writing metrics: /scratch/midway3/rickybao/dreamerv3_runs/adapt_ax1rbf1q1s0_synth_seed105_ckpt500000/metrics.jsonlWriting metrics: /scratch/midway3/rickybao/dreamerv3_runs/adapt_ax1rbf1q1s0_synth_seed105_ckpt500000/scores.jsonl

Saving checkpoint: /scratch/midway3/rickybao/dreamerv3_runs/adapt_ax1rbf1q1s0_synth_seed105_ckpt500000/ckpt/20260721T051805F338273
Saved checkpoint.

--------------------[Agent Step 15_008]--------------------
Metrics filtered by: 'score|length|fps|ratio|train/loss/|train/rand/'
train/loss/con 0.02 / train/loss/distractor 1.3 / train/loss/dyn 12.22 / train/loss/policy -0.08 / train/loss/position 0.22 / train/loss/rep 12.22 / train/loss/repval 1.65 / train/loss/rew 0.02 / train/loss/to_target 0.21 / train/loss/value 1.47 / train/loss/velocity 0.05 / replay/replay_ratio 1040 / fps/policy 7.16 / fps/train 7331.42

Writing metrics: /scratch/midway3/rickybao/dreamerv3_runs/adapt_ax1rbf1q1s0_synth_seed105_ckpt500000/metrics.jsonlWriting metrics: /scratch/midway3/rickybao/dreamerv3_runs/adapt_ax1rbf1q1s0_synth_seed105_ckpt500000/scores.jsonl


--------------------[Agent Step 15_872]--------------------
Metrics filtered by: 'score|length|fps|ratio|train/loss/|train/rand/'
train/loss/con 0.02 / train/loss/distractor 1.29 / train/loss/dyn 12.27 / train/loss/policy -0.03 / train/loss/position 0.23 / train/loss/rep 12.27 / train/loss/repval 1.56 / train/loss/rew 0.02 / train/loss/to_target 0.21 / train/loss/value 1.37 / train/loss/velocity 0.07 / replay/replay_ratio 1040 / fps/policy 7.17 / fps/train 7340.29

Writing metrics: /scratch/midway3/rickybao/dreamerv3_runs/adapt_ax1rbf1q1s0_synth_seed105_ckpt500000/metrics.jsonl
Writing metrics: /scratch/midway3/rickybao/dreamerv3_runs/adapt_ax1rbf1q1s0_synth_seed105_ckpt500000/scores.jsonl

--------------------[Agent Step 16_736]--------------------
Metrics filtered by: 'score|length|fps|ratio|train/loss/|train/rand/'
episode/score 15 / episode/length 1001 / train/loss/con 0.02 / train/loss/distractor 1.29 / train/loss/dyn 12.35 / train/loss/policy -0.03 / train/loss/position 0.24 / train/loss/rep 12.35 / train/loss/repval 1.45 / train/loss/rew 0.01 / train/loss/to_target 0.22 / train/loss/value 1.25 / train/loss/velocity 0.07 / replay/replay_ratio 1040 / fps/policy 7.17 / fps/train 7339.62

Writing metrics: /scratch/midway3/rickybao/dreamerv3_runs/adapt_ax1rbf1q1s0_synth_seed105_ckpt500000/metrics.jsonl
Writing metrics: /scratch/midway3/rickybao/dreamerv3_runs/adapt_ax1rbf1q1s0_synth_seed105_ckpt500000/scores.jsonl

--------------------[Agent Step 17_600]--------------------
Metrics filtered by: 'score|length|fps|ratio|train/loss/|train/rand/'
train/loss/con 0.02 / train/loss/distractor 1.27 / train/loss/dyn 12.35 / train/loss/policy -0.03 / train/loss/position 0.25 / train/loss/rep 12.35 / train/loss/repval 1.4 / train/loss/rew 0.01 / train/loss/to_target 0.22 / train/loss/value 1.18 / train/loss/velocity 0.07 / replay/replay_ratio 1040 / fps/policy 7.17 / fps/train 7343.07

Writing metrics: /scratch/midway3/rickybao/dreamerv3_runs/adapt_ax1rbf1q1s0_synth_seed105_ckpt500000/metrics.jsonl
Writing metrics: /scratch/midway3/rickybao/dreamerv3_runs/adapt_ax1rbf1q1s0_synth_seed105_ckpt500000/scores.jsonl

--------------------[Agent Step 18_464]--------------------
Metrics filtered by: 'score|length|fps|ratio|train/loss/|train/rand/'
train/loss/con 0.02 / train/loss/distractor 1.27 / train/loss/dyn 12.38 / train/loss/policy -5.5e-3 / train/loss/position 0.25 / train/loss/rep 12.38 / train/loss/repval 1.41 / train/loss/rew 0.02 / train/loss/to_target 0.22 / train/loss/value 1.15 / train/loss/velocity 0.07 / replay/replay_ratio 1040 / fps/policy 7.17 / fps/train 7341.26

Writing metrics: /scratch/midway3/rickybao/dreamerv3_runs/adapt_ax1rbf1q1s0_synth_seed105_ckpt500000/scores.jsonlWriting metrics: /scratch/midway3/rickybao/dreamerv3_runs/adapt_ax1rbf1q1s0_synth_seed105_ckpt500000/metrics.jsonl


--------------------[Agent Step 19_328]--------------------
Metrics filtered by: 'score|length|fps|ratio|train/loss/|train/rand/'
train/loss/con 0.02 / train/loss/distractor 1.27 / train/loss/dyn 12.42 / train/loss/policy 3.2e-3 / train/loss/position 0.24 / train/loss/rep 12.42 / train/loss/repval 1.36 / train/loss/rew 0.02 / train/loss/to_target 0.22 / train/loss/value 1.05 / train/loss/velocity 0.07 / replay/replay_ratio 1040 / fps/policy 7.17 / fps/train 7338.42

Writing metrics: /scratch/midway3/rickybao/dreamerv3_runs/adapt_ax1rbf1q1s0_synth_seed105_ckpt500000/metrics.jsonl
Writing metrics: /scratch/midway3/rickybao/dreamerv3_runs/adapt_ax1rbf1q1s0_synth_seed105_ckpt500000/scores.jsonl

--------------------[Agent Step 20_192]--------------------
Metrics filtered by: 'score|length|fps|ratio|train/loss/|train/rand/'
train/loss/con 0.02 / train/loss/distractor 1.28 / train/loss/dyn 12.43 / train/loss/policy 7.7e-3 / train/loss/position 0.24 / train/loss/rep 12.43 / train/loss/repval 1.36 / train/loss/rew 0.03 / train/loss/to_target 0.22 / train/loss/value 1.11 / train/loss/velocity 0.07 / replay/replay_ratio 1040 / fps/policy 7.17 / fps/train 7344.54

Writing metrics: /scratch/midway3/rickybao/dreamerv3_runs/adapt_ax1rbf1q1s0_synth_seed105_ckpt500000/scores.jsonl
Writing metrics: /scratch/midway3/rickybao/dreamerv3_runs/adapt_ax1rbf1q1s0_synth_seed105_ckpt500000/metrics.jsonl

--------------------[Agent Step 21_056]--------------------
Metrics filtered by: 'score|length|fps|ratio|train/loss/|train/rand/'
train/loss/con 0.02 / train/loss/distractor 1.28 / train/loss/dyn 12.42 / train/loss/policy 3.7e-3 / train/loss/position 0.24 / train/loss/rep 12.42 / train/loss/repval 1.4 / train/loss/rew 0.03 / train/loss/to_target 0.22 / train/loss/value 1.07 / train/loss/velocity 0.07 / replay/replay_ratio 1040 / fps/policy 7.17 / fps/train 7343.09

Writing metrics: /scratch/midway3/rickybao/dreamerv3_runs/adapt_ax1rbf1q1s0_synth_seed105_ckpt500000/scores.jsonl
Writing metrics: /scratch/midway3/rickybao/dreamerv3_runs/adapt_ax1rbf1q1s0_synth_seed105_ckpt500000/metrics.jsonl
Saving checkpoint: /scratch/midway3/rickybao/dreamerv3_runs/adapt_ax1rbf1q1s0_synth_seed105_ckpt500000/ckpt/20260721T053307F202249
Saved checkpoint.

--------------------[Agent Step 21_920]--------------------
Metrics filtered by: 'score|length|fps|ratio|train/loss/|train/rand/'
train/loss/con 0.02 / train/loss/distractor 1.28 / train/loss/dyn 12.41 / train/loss/policy -4.5e-3 / train/loss/position 0.24 / train/loss/rep 12.41 / train/loss/repval 1.36 / train/loss/rew 0.03 / train/loss/to_target 0.23 / train/loss/value 1.09 / train/loss/velocity 0.06 / replay/replay_ratio 1040 / fps/policy 7.16 / fps/train 7328.92

Writing metrics: /scratch/midway3/rickybao/dreamerv3_runs/adapt_ax1rbf1q1s0_synth_seed105_ckpt500000/scores.jsonlWriting metrics: /scratch/midway3/rickybao/dreamerv3_runs/adapt_ax1rbf1q1s0_synth_seed105_ckpt500000/metrics.jsonl


--------------------[Agent Step 22_784]--------------------
Metrics filtered by: 'score|length|fps|ratio|train/loss/|train/rand/'
train/loss/con 0.02 / train/loss/distractor 1.28 / train/loss/dyn 12.45 / train/loss/policy -2.3e-3 / train/loss/position 0.24 / train/loss/rep 12.45 / train/loss/repval 1.39 / train/loss/rew 0.03 / train/loss/to_target 0.23 / train/loss/value 1.07 / train/loss/velocity 0.06 / replay/replay_ratio 1040 / fps/policy 7.17 / fps/train 7337.98

Writing metrics: /scratch/midway3/rickybao/dreamerv3_runs/adapt_ax1rbf1q1s0_synth_seed105_ckpt500000/scores.jsonlWriting metrics: /scratch/midway3/rickybao/dreamerv3_runs/adapt_ax1rbf1q1s0_synth_seed105_ckpt500000/metrics.jsonl


--------------------[Agent Step 23_648]--------------------
Metrics filtered by: 'score|length|fps|ratio|train/loss/|train/rand/'
train/loss/con 0.02 / train/loss/distractor 1.29 / train/loss/dyn 12.4 / train/loss/policy 2.1e-3 / train/loss/position 0.24 / train/loss/rep 12.4 / train/loss/repval 1.37 / train/loss/rew 0.03 / train/loss/to_target 0.24 / train/loss/value 1.03 / train/loss/velocity 0.06 / replay/replay_ratio 1040 / fps/policy 7.17 / fps/train 7338.29

Writing metrics: /scratch/midway3/rickybao/dreamerv3_runs/adapt_ax1rbf1q1s0_synth_seed105_ckpt500000/scores.jsonl
Writing metrics: /scratch/midway3/rickybao/dreamerv3_runs/adapt_ax1rbf1q1s0_synth_seed105_ckpt500000/metrics.jsonl

--------------------[Agent Step 24_512]--------------------
Metrics filtered by: 'score|length|fps|ratio|train/loss/|train/rand/'
train/loss/con 0.02 / train/loss/distractor 1.29 / train/loss/dyn 12.43 / train/loss/policy -4.5e-3 / train/loss/position 0.25 / train/loss/rep 12.43 / train/loss/repval 1.34 / train/loss/rew 0.03 / train/loss/to_target 0.25 / train/loss/value 1.09 / train/loss/velocity 0.06 / replay/replay_ratio 1040 / fps/policy 7.16 / fps/train 7335.54

Writing metrics: /scratch/midway3/rickybao/dreamerv3_runs/adapt_ax1rbf1q1s0_synth_seed105_ckpt500000/metrics.jsonlWriting metrics: /scratch/midway3/rickybao/dreamerv3_runs/adapt_ax1rbf1q1s0_synth_seed105_ckpt500000/scores.jsonl


--------------------[Agent Step 25_376]--------------------
Metrics filtered by: 'score|length|fps|ratio|train/loss/|train/rand/'
train/loss/con 0.02 / train/loss/distractor 1.29 / train/loss/dyn 12.43 / train/loss/policy -0.02 / train/loss/position 0.25 / train/loss/rep 12.43 / train/loss/repval 1.4 / train/loss/rew 0.03 / train/loss/to_target 0.25 / train/loss/value 1.19 / train/loss/velocity 0.06 / replay/replay_ratio 1040 / fps/policy 7.17 / fps/train 7346.74

Writing metrics: /scratch/midway3/rickybao/dreamerv3_runs/adapt_ax1rbf1q1s0_synth_seed105_ckpt500000/metrics.jsonl
Writing metrics: /scratch/midway3/rickybao/dreamerv3_runs/adapt_ax1rbf1q1s0_synth_seed105_ckpt500000/scores.jsonl

--------------------[Agent Step 26_240]--------------------
Metrics filtered by: 'score|length|fps|ratio|train/loss/|train/rand/'
train/loss/con 0.02 / train/loss/distractor 1.29 / train/loss/dyn 12.42 / train/loss/policy -0.03 / train/loss/position 0.26 / train/loss/rep 12.42 / train/loss/repval 1.42 / train/loss/rew 0.04 / train/loss/to_target 0.25 / train/loss/value 1.13 / train/loss/velocity 0.06 / replay/replay_ratio 1040 / fps/policy 7.17 / fps/train 7342.03

Writing metrics: /scratch/midway3/rickybao/dreamerv3_runs/adapt_ax1rbf1q1s0_synth_seed105_ckpt500000/scores.jsonlWriting metrics: /scratch/midway3/rickybao/dreamerv3_runs/adapt_ax1rbf1q1s0_synth_seed105_ckpt500000/metrics.jsonl


--------------------[Agent Step 27_104]--------------------
Metrics filtered by: 'score|length|fps|ratio|train/loss/|train/rand/'
train/loss/con 0.02 / train/loss/distractor 1.29 / train/loss/dyn 12.4 / train/loss/policy -0.04 / train/loss/position 0.26 / train/loss/rep 12.4 / train/loss/repval 1.4 / train/loss/rew 0.04 / train/loss/to_target 0.26 / train/loss/value 1.1 / train/loss/velocity 0.06 / replay/replay_ratio 1040 / fps/policy 7.17 / fps/train 7346.31

Writing metrics: /scratch/midway3/rickybao/dreamerv3_runs/adapt_ax1rbf1q1s0_synth_seed105_ckpt500000/scores.jsonlWriting metrics: /scratch/midway3/rickybao/dreamerv3_runs/adapt_ax1rbf1q1s0_synth_seed105_ckpt500000/metrics.jsonl

Saving checkpoint: /scratch/midway3/rickybao/dreamerv3_runs/adapt_ax1rbf1q1s0_synth_seed105_ckpt500000/ckpt/20260721T054808F979246
Saved checkpoint.

--------------------[Agent Step 27_968]--------------------
Metrics filtered by: 'score|length|fps|ratio|train/loss/|train/rand/'
train/loss/con 0.02 / train/loss/distractor 1.29 / train/loss/dyn 12.4 / train/loss/policy -0.06 / train/loss/position 0.27 / train/loss/rep 12.4 / train/loss/repval 1.4 / train/loss/rew 0.04 / train/loss/to_target 0.26 / train/loss/value 1.13 / train/loss/velocity 0.06 / replay/replay_ratio 1040 / fps/policy 7.16 / fps/train 7334.54

Writing metrics: /scratch/midway3/rickybao/dreamerv3_runs/adapt_ax1rbf1q1s0_synth_seed105_ckpt500000/metrics.jsonlWriting metrics: /scratch/midway3/rickybao/dreamerv3_runs/adapt_ax1rbf1q1s0_synth_seed105_ckpt500000/scores.jsonl


--------------------[Agent Step 28_832]--------------------
Metrics filtered by: 'score|length|fps|ratio|train/loss/|train/rand/'
train/loss/con 0.02 / train/loss/distractor 1.29 / train/loss/dyn 12.43 / train/loss/policy -0.05 / train/loss/position 0.27 / train/loss/rep 12.43 / train/loss/repval 1.36 / train/loss/rew 0.04 / train/loss/to_target 0.26 / train/loss/value 1.04 / train/loss/velocity 0.05 / replay/replay_ratio 1040 / fps/policy 7.18 / fps/train 7353.26

Writing metrics: /scratch/midway3/rickybao/dreamerv3_runs/adapt_ax1rbf1q1s0_synth_seed105_ckpt500000/metrics.jsonl
Writing metrics: /scratch/midway3/rickybao/dreamerv3_runs/adapt_ax1rbf1q1s0_synth_seed105_ckpt500000/scores.jsonl

--------------------[Agent Step 29_696]--------------------
Metrics filtered by: 'score|length|fps|ratio|train/loss/|train/rand/'
train/loss/con 0.02 / train/loss/distractor 1.28 / train/loss/dyn 12.37 / train/loss/policy -0.04 / train/loss/position 0.27 / train/loss/rep 12.37 / train/loss/repval 1.34 / train/loss/rew 0.04 / train/loss/to_target 0.26 / train/loss/value 1.02 / train/loss/velocity 0.05 / replay/replay_ratio 1040 / fps/policy 7.18 / fps/train 7347.88

Writing metrics: /scratch/midway3/rickybao/dreamerv3_runs/adapt_ax1rbf1q1s0_synth_seed105_ckpt500000/scores.jsonlWriting metrics: /scratch/midway3/rickybao/dreamerv3_runs/adapt_ax1rbf1q1s0_synth_seed105_ckpt500000/metrics.jsonl


--------------------[Agent Step 30_560]--------------------
Metrics filtered by: 'score|length|fps|ratio|train/loss/|train/rand/'
train/loss/con 0.02 / train/loss/distractor 1.29 / train/loss/dyn 12.37 / train/loss/policy -0.03 / train/loss/position 0.27 / train/loss/rep 12.37 / train/loss/repval 1.33 / train/loss/rew 0.04 / train/loss/to_target 0.26 / train/loss/value 1.1 / train/loss/velocity 0.05 / replay/replay_ratio 1040 / fps/policy 7.17 / fps/train 7343.02

Writing metrics: /scratch/midway3/rickybao/dreamerv3_runs/adapt_ax1rbf1q1s0_synth_seed105_ckpt500000/scores.jsonl
Writing metrics: /scratch/midway3/rickybao/dreamerv3_runs/adapt_ax1rbf1q1s0_synth_seed105_ckpt500000/metrics.jsonl

--------------------[Agent Step 31_424]--------------------
Metrics filtered by: 'score|length|fps|ratio|train/loss/|train/rand/'
train/loss/con 0.02 / train/loss/distractor 1.29 / train/loss/dyn 12.39 / train/loss/policy -9.4e-3 / train/loss/position 0.27 / train/loss/rep 12.39 / train/loss/repval 1.3 / train/loss/rew 0.04 / train/loss/to_target 0.26 / train/loss/value 1.06 / train/loss/velocity 0.05 / replay/replay_ratio 1040 / fps/policy 7.17 / fps/train 7341.9

Writing metrics: /scratch/midway3/rickybao/dreamerv3_runs/adapt_ax1rbf1q1s0_synth_seed105_ckpt500000/metrics.jsonlWriting metrics: /scratch/midway3/rickybao/dreamerv3_runs/adapt_ax1rbf1q1s0_synth_seed105_ckpt500000/scores.jsonl


--------------------[Agent Step 32_288]--------------------
Metrics filtered by: 'score|length|fps|ratio|train/loss/|train/rand/'
episode/score 58 / episode/length 1001 / train/loss/con 0.02 / train/loss/distractor 1.29 / train/loss/dyn 12.39 / train/loss/policy -0.01 / train/loss/position 0.27 / train/loss/rep 12.39 / train/loss/repval 1.29 / train/loss/rew 0.04 / train/loss/to_target 0.26 / train/loss/value 1.03 / train/loss/velocity 0.05 / replay/replay_ratio 1040 / fps/policy 7.16 / fps/train 7335.62

Writing metrics: /scratch/midway3/rickybao/dreamerv3_runs/adapt_ax1rbf1q1s0_synth_seed105_ckpt500000/metrics.jsonlWriting metrics: /scratch/midway3/rickybao/dreamerv3_runs/adapt_ax1rbf1q1s0_synth_seed105_ckpt500000/scores.jsonl


--------------------[Agent Step 33_152]--------------------
Metrics filtered by: 'score|length|fps|ratio|train/loss/|train/rand/'
train/loss/con 0.02 / train/loss/distractor 1.28 / train/loss/dyn 12.37 / train/loss/policy -0.02 / train/loss/position 0.27 / train/loss/rep 12.37 / train/loss/repval 1.25 / train/loss/rew 0.04 / train/loss/to_target 0.27 / train/loss/value 1.05 / train/loss/velocity 0.05 / replay/replay_ratio 1040 / fps/policy 7.16 / fps/train 7336.41

Writing metrics: /scratch/midway3/rickybao/dreamerv3_runs/adapt_ax1rbf1q1s0_synth_seed105_ckpt500000/metrics.jsonlWriting metrics: /scratch/midway3/rickybao/dreamerv3_runs/adapt_ax1rbf1q1s0_synth_seed105_ckpt500000/scores.jsonl


--------------------[Agent Step 34_016]--------------------
Metrics filtered by: 'score|length|fps|ratio|train/loss/|train/rand/'
train/loss/con 0.02 / train/loss/distractor 1.28 / train/loss/dyn 12.38 / train/loss/policy -0.03 / train/loss/position 0.27 / train/loss/rep 12.38 / train/loss/repval 1.23 / train/loss/rew 0.04 / train/loss/to_target 0.26 / train/loss/value 1.16 / train/loss/velocity 0.05 / replay/replay_ratio 1040 / fps/policy 7.17 / fps/train 7346.51

Writing metrics: /scratch/midway3/rickybao/dreamerv3_runs/adapt_ax1rbf1q1s0_synth_seed105_ckpt500000/metrics.jsonlWriting metrics: /scratch/midway3/rickybao/dreamerv3_runs/adapt_ax1rbf1q1s0_synth_seed105_ckpt500000/scores.jsonl

Saving checkpoint: /scratch/midway3/rickybao/dreamerv3_runs/adapt_ax1rbf1q1s0_synth_seed105_ckpt500000/ckpt/20260721T060310F485240
Saved checkpoint.

--------------------[Agent Step 34_880]--------------------
Metrics filtered by: 'score|length|fps|ratio|train/loss/|train/rand/'
train/loss/con 0.02 / train/loss/distractor 1.28 / train/loss/dyn 12.38 / train/loss/policy -0.02 / train/loss/position 0.27 / train/loss/rep 12.38 / train/loss/repval 1.24 / train/loss/rew 0.04 / train/loss/to_target 0.26 / train/loss/value 1.17 / train/loss/velocity 0.05 / replay/replay_ratio 1040 / fps/policy 7.17 / fps/train 7342.9

Writing metrics: /scratch/midway3/rickybao/dreamerv3_runs/adapt_ax1rbf1q1s0_synth_seed105_ckpt500000/metrics.jsonlWriting metrics: /scratch/midway3/rickybao/dreamerv3_runs/adapt_ax1rbf1q1s0_synth_seed105_ckpt500000/scores.jsonl


--------------------[Agent Step 35_744]--------------------
Metrics filtered by: 'score|length|fps|ratio|train/loss/|train/rand/'
train/loss/con 0.02 / train/loss/distractor 1.28 / train/loss/dyn 12.37 / train/loss/policy 7.2e-4 / train/loss/position 0.27 / train/loss/rep 12.37 / train/loss/repval 1.24 / train/loss/rew 0.04 / train/loss/to_target 0.26 / train/loss/value 1.03 / train/loss/velocity 0.05 / replay/replay_ratio 1040 / fps/policy 7.18 / fps/train 7353.36

Writing metrics: /scratch/midway3/rickybao/dreamerv3_runs/adapt_ax1rbf1q1s0_synth_seed105_ckpt500000/metrics.jsonlWriting metrics: /scratch/midway3/rickybao/dreamerv3_runs/adapt_ax1rbf1q1s0_synth_seed105_ckpt500000/scores.jsonl


--------------------[Agent Step 36_608]--------------------
Metrics filtered by: 'score|length|fps|ratio|train/loss/|train/rand/'
train/loss/con 0.02 / train/loss/distractor 1.28 / train/loss/dyn 12.37 / train/loss/policy 2.6e-3 / train/loss/position 0.27 / train/loss/rep 12.37 / train/loss/repval 1.4 / train/loss/rew 0.04 / train/loss/to_target 0.26 / train/loss/value 0.98 / train/loss/velocity 0.04 / replay/replay_ratio 1040 / fps/policy 7.16 / fps/train 7332.1

Writing metrics: /scratch/midway3/rickybao/dreamerv3_runs/adapt_ax1rbf1q1s0_synth_seed105_ckpt500000/metrics.jsonlWriting metrics: /scratch/midway3/rickybao/dreamerv3_runs/adapt_ax1rbf1q1s0_synth_seed105_ckpt500000/scores.jsonl


--------------------[Agent Step 37_472]--------------------
Metrics filtered by: 'score|length|fps|ratio|train/loss/|train/rand/'
train/loss/con 0.02 / train/loss/distractor 1.28 / train/loss/dyn 12.39 / train/loss/policy -3.5e-3 / train/loss/position 0.27 / train/loss/rep 12.39 / train/loss/repval 1.43 / train/loss/rew 0.04 / train/loss/to_target 0.26 / train/loss/value 1.15 / train/loss/velocity 0.05 / replay/replay_ratio 1040 / fps/policy 7.17 / fps/train 7337.12

Writing metrics: /scratch/midway3/rickybao/dreamerv3_runs/adapt_ax1rbf1q1s0_synth_seed105_ckpt500000/metrics.jsonl
Writing metrics: /scratch/midway3/rickybao/dreamerv3_runs/adapt_ax1rbf1q1s0_synth_seed105_ckpt500000/scores.jsonl

--------------------[Agent Step 38_336]--------------------
Metrics filtered by: 'score|length|fps|ratio|train/loss/|train/rand/'
train/loss/con 0.02 / train/loss/distractor 1.27 / train/loss/dyn 12.36 / train/loss/policy -0.01 / train/loss/position 0.28 / train/loss/rep 12.36 / train/loss/repval 1.43 / train/loss/rew 0.04 / train/loss/to_target 0.26 / train/loss/value 1.12 / train/loss/velocity 0.04 / replay/replay_ratio 1040 / fps/policy 7.16 / fps/train 7335.8

Writing metrics: /scratch/midway3/rickybao/dreamerv3_runs/adapt_ax1rbf1q1s0_synth_seed105_ckpt500000/metrics.jsonl
Writing metrics: /scratch/midway3/rickybao/dreamerv3_runs/adapt_ax1rbf1q1s0_synth_seed105_ckpt500000/scores.jsonl

--------------------[Agent Step 39_200]--------------------
Metrics filtered by: 'score|length|fps|ratio|train/loss/|train/rand/'
train/loss/con 0.02 / train/loss/distractor 1.28 / train/loss/dyn 12.37 / train/loss/policy -0.02 / train/loss/position 0.28 / train/loss/rep 12.37 / train/loss/repval 1.39 / train/loss/rew 0.04 / train/loss/to_target 0.26 / train/loss/value 1.03 / train/loss/velocity 0.04 / replay/replay_ratio 1040 / fps/policy 7.16 / fps/train 7336.33

Writing metrics: /scratch/midway3/rickybao/dreamerv3_runs/adapt_ax1rbf1q1s0_synth_seed105_ckpt500000/scores.jsonl
Writing metrics: /scratch/midway3/rickybao/dreamerv3_runs/adapt_ax1rbf1q1s0_synth_seed105_ckpt500000/metrics.jsonl

--------------------[Agent Step 40_064]--------------------
Metrics filtered by: 'score|length|fps|ratio|train/loss/|train/rand/'
train/loss/con 0.02 / train/loss/distractor 1.28 / train/loss/dyn 12.32 / train/loss/policy -0.02 / train/loss/position 0.28 / train/loss/rep 12.32 / train/loss/repval 1.29 / train/loss/rew 0.04 / train/loss/to_target 0.26 / train/loss/value 1.03 / train/loss/velocity 0.04 / replay/replay_ratio 1040 / fps/policy 7.17 / fps/train 7340.45

Writing metrics: /scratch/midway3/rickybao/dreamerv3_runs/adapt_ax1rbf1q1s0_synth_seed105_ckpt500000/metrics.jsonlWriting metrics: /scratch/midway3/rickybao/dreamerv3_runs/adapt_ax1rbf1q1s0_synth_seed105_ckpt500000/scores.jsonl

Saving checkpoint: /scratch/midway3/rickybao/dreamerv3_runs/adapt_ax1rbf1q1s0_synth_seed105_ckpt500000/ckpt/20260721T061812F319934
Saved checkpoint.

--------------------[Agent Step 40_928]--------------------
Metrics filtered by: 'score|length|fps|ratio|train/loss/|train/rand/'
train/loss/con 0.02 / train/loss/distractor 1.28 / train/loss/dyn 12.35 / train/loss/policy -0.03 / train/loss/position 0.28 / train/loss/rep 12.35 / train/loss/repval 1.31 / train/loss/rew 0.05 / train/loss/to_target 0.27 / train/loss/value 1.13 / train/loss/velocity 0.04 / replay/replay_ratio 1040 / fps/policy 7.15 / fps/train 7325.95

Writing metrics: /scratch/midway3/rickybao/dreamerv3_runs/adapt_ax1rbf1q1s0_synth_seed105_ckpt500000/scores.jsonlWriting metrics: /scratch/midway3/rickybao/dreamerv3_runs/adapt_ax1rbf1q1s0_synth_seed105_ckpt500000/metrics.jsonl


--------------------[Agent Step 41_792]--------------------
Metrics filtered by: 'score|length|fps|ratio|train/loss/|train/rand/'
train/loss/con 0.02 / train/loss/distractor 1.28 / train/loss/dyn 12.35 / train/loss/policy -0.03 / train/loss/position 0.28 / train/loss/rep 12.35 / train/loss/repval 1.36 / train/loss/rew 0.05 / train/loss/to_target 0.27 / train/loss/value 1.04 / train/loss/velocity 0.04 / replay/replay_ratio 1040 / fps/policy 7.17 / fps/train 7343.62

Writing metrics: /scratch/midway3/rickybao/dreamerv3_runs/adapt_ax1rbf1q1s0_synth_seed105_ckpt500000/metrics.jsonlWriting metrics: /scratch/midway3/rickybao/dreamerv3_runs/adapt_ax1rbf1q1s0_synth_seed105_ckpt500000/scores.jsonl


--------------------[Agent Step 42_656]--------------------
Metrics filtered by: 'score|length|fps|ratio|train/loss/|train/rand/'
train/loss/con 0.02 / train/loss/distractor 1.29 / train/loss/dyn 12.37 / train/loss/policy -0.03 / train/loss/position 0.28 / train/loss/rep 12.37 / train/loss/repval 1.3 / train/loss/rew 0.05 / train/loss/to_target 0.27 / train/loss/value 0.99 / train/loss/velocity 0.04 / replay/replay_ratio 1040 / fps/policy 7.17 / fps/train 7340.91

Writing metrics: /scratch/midway3/rickybao/dreamerv3_runs/adapt_ax1rbf1q1s0_synth_seed105_ckpt500000/metrics.jsonlWriting metrics: /scratch/midway3/rickybao/dreamerv3_runs/adapt_ax1rbf1q1s0_synth_seed105_ckpt500000/scores.jsonl


--------------------[Agent Step 43_520]--------------------
Metrics filtered by: 'score|length|fps|ratio|train/loss/|train/rand/'
train/loss/con 0.02 / train/loss/distractor 1.29 / train/loss/dyn 12.35 / train/loss/policy -0.02 / train/loss/position 0.28 / train/loss/rep 12.35 / train/loss/repval 1.24 / train/loss/rew 0.04 / train/loss/to_target 0.28 / train/loss/value 1.03 / train/loss/velocity 0.04 / replay/replay_ratio 1040 / fps/policy 7.17 / fps/train 7341.44

Writing metrics: /scratch/midway3/rickybao/dreamerv3_runs/adapt_ax1rbf1q1s0_synth_seed105_ckpt500000/scores.jsonl
Writing metrics: /scratch/midway3/rickybao/dreamerv3_runs/adapt_ax1rbf1q1s0_synth_seed105_ckpt500000/metrics.jsonl

--------------------[Agent Step 44_384]--------------------
Metrics filtered by: 'score|length|fps|ratio|train/loss/|train/rand/'
train/loss/con 0.02 / train/loss/distractor 1.29 / train/loss/dyn 12.36 / train/loss/policy -0.02 / train/loss/position 0.29 / train/loss/rep 12.36 / train/loss/repval 1.23 / train/loss/rew 0.04 / train/loss/to_target 0.29 / train/loss/value 1.03 / train/loss/velocity 0.04 / replay/replay_ratio 1040 / fps/policy 7.17 / fps/train 7338.56

Writing metrics: /scratch/midway3/rickybao/dreamerv3_runs/adapt_ax1rbf1q1s0_synth_seed105_ckpt500000/metrics.jsonlWriting metrics: /scratch/midway3/rickybao/dreamerv3_runs/adapt_ax1rbf1q1s0_synth_seed105_ckpt500000/scores.jsonl


--------------------[Agent Step 45_248]--------------------
Metrics filtered by: 'score|length|fps|ratio|train/loss/|train/rand/'
train/loss/con 0.02 / train/loss/distractor 1.3 / train/loss/dyn 12.36 / train/loss/policy -0.02 / train/loss/position 0.29 / train/loss/rep 12.36 / train/loss/repval 1.23 / train/loss/rew 0.04 / train/loss/to_target 0.29 / train/loss/value 1.02 / train/loss/velocity 0.04 / replay/replay_ratio 1040 / fps/policy 7.17 / fps/train 7339.18

Writing metrics: /scratch/midway3/rickybao/dreamerv3_runs/adapt_ax1rbf1q1s0_synth_seed105_ckpt500000/scores.jsonlWriting metrics: /scratch/midway3/rickybao/dreamerv3_runs/adapt_ax1rbf1q1s0_synth_seed105_ckpt500000/metrics.jsonl


--------------------[Agent Step 46_112]--------------------
Metrics filtered by: 'score|length|fps|ratio|train/loss/|train/rand/'
train/loss/con 0.02 / train/loss/distractor 1.3 / train/loss/dyn 12.39 / train/loss/policy -0.02 / train/loss/position 0.3 / train/loss/rep 12.39 / train/loss/repval 1.21 / train/loss/rew 0.04 / train/loss/to_target 0.3 / train/loss/value 1.03 / train/loss/velocity 0.04 / replay/replay_ratio 1040 / fps/policy 7.17 / fps/train 7342.48

Writing metrics: /scratch/midway3/rickybao/dreamerv3_runs/adapt_ax1rbf1q1s0_synth_seed105_ckpt500000/metrics.jsonl
Writing metrics: /scratch/midway3/rickybao/dreamerv3_runs/adapt_ax1rbf1q1s0_synth_seed105_ckpt500000/scores.jsonl

--------------------[Agent Step 46_976]--------------------
Metrics filtered by: 'score|length|fps|ratio|train/loss/|train/rand/'
train/loss/con 0.02 / train/loss/distractor 1.3 / train/loss/dyn 12.38 / train/loss/policy -0.02 / train/loss/position 0.3 / train/loss/rep 12.38 / train/loss/repval 1.22 / train/loss/rew 0.04 / train/loss/to_target 0.3 / train/loss/value 1.02 / train/loss/velocity 0.04 / replay/replay_ratio 1040 / fps/policy 7.17 / fps/train 7341.46

Writing metrics: /scratch/midway3/rickybao/dreamerv3_runs/adapt_ax1rbf1q1s0_synth_seed105_ckpt500000/metrics.jsonlWriting metrics: /scratch/midway3/rickybao/dreamerv3_runs/adapt_ax1rbf1q1s0_synth_seed105_ckpt500000/scores.jsonl

Saving checkpoint: /scratch/midway3/rickybao/dreamerv3_runs/adapt_ax1rbf1q1s0_synth_seed105_ckpt500000/ckpt/20260721T063314F261900
Saved checkpoint.

--------------------[Agent Step 47_840]--------------------
Metrics filtered by: 'score|length|fps|ratio|train/loss/|train/rand/'
train/loss/con 0.02 / train/loss/distractor 1.3 / train/loss/dyn 12.36 / train/loss/policy -0.02 / train/loss/position 0.3 / train/loss/rep 12.36 / train/loss/repval 1.23 / train/loss/rew 0.04 / train/loss/to_target 0.31 / train/loss/value 0.98 / train/loss/velocity 0.04 / replay/replay_ratio 1040 / fps/policy 7.16 / fps/train 7330.35

Writing metrics: /scratch/midway3/rickybao/dreamerv3_runs/adapt_ax1rbf1q1s0_synth_seed105_ckpt500000/metrics.jsonlWriting metrics: /scratch/midway3/rickybao/dreamerv3_runs/adapt_ax1rbf1q1s0_synth_seed105_ckpt500000/scores.jsonl


--------------------[Agent Step 48_704]--------------------
Metrics filtered by: 'score|length|fps|ratio|train/loss/|train/rand/'
episode/score 45 / episode/length 1001 / train/loss/con 0.02 / train/loss/distractor 1.3 / train/loss/dyn 12.36 / train/loss/policy -0.01 / train/loss/position 0.3 / train/loss/rep 12.36 / train/loss/repval 1.23 / train/loss/rew 0.04 / train/loss/to_target 0.31 / train/loss/value 0.97 / train/loss/velocity 0.04 / replay/replay_ratio 1040 / fps/policy 7.17 / fps/train 7344.55

Writing metrics: /scratch/midway3/rickybao/dreamerv3_runs/adapt_ax1rbf1q1s0_synth_seed105_ckpt500000/metrics.jsonlWriting metrics: /scratch/midway3/rickybao/dreamerv3_runs/adapt_ax1rbf1q1s0_synth_seed105_ckpt500000/scores.jsonl


--------------------[Agent Step 49_568]--------------------
Metrics filtered by: 'score|length|fps|ratio|train/loss/|train/rand/'
train/loss/con 0.02 / train/loss/distractor 1.3 / train/loss/dyn 12.37 / train/loss/policy -0.01 / train/loss/position 0.3 / train/loss/rep 12.37 / train/loss/repval 1.25 / train/loss/rew 0.04 / train/loss/to_target 0.31 / train/loss/value 0.94 / train/loss/velocity 0.04 / replay/replay_ratio 1040 / fps/policy 7.17 / fps/train 7344.27

Writing metrics: /scratch/midway3/rickybao/dreamerv3_runs/adapt_ax1rbf1q1s0_synth_seed105_ckpt500000/metrics.jsonlWriting metrics: /scratch/midway3/rickybao/dreamerv3_runs/adapt_ax1rbf1q1s0_synth_seed105_ckpt500000/scores.jsonl


--------------------[Agent Step 50_432]--------------------
Metrics filtered by: 'score|length|fps|ratio|train/loss/|train/rand/'
train/loss/con 0.02 / train/loss/distractor 1.3 / train/loss/dyn 12.38 / train/loss/policy -6.4e-3 / train/loss/position 0.3 / train/loss/rep 12.38 / train/loss/repval 1.32 / train/loss/rew 0.04 / train/loss/to_target 0.31 / train/loss/value 0.93 / train/loss/velocity 0.04 / replay/replay_ratio 1040 / fps/policy 7.17 / fps/train 7344.55

Writing metrics: /scratch/midway3/rickybao/dreamerv3_runs/adapt_ax1rbf1q1s0_synth_seed105_ckpt500000/scores.jsonl
Writing metrics: /scratch/midway3/rickybao/dreamerv3_runs/adapt_ax1rbf1q1s0_synth_seed105_ckpt500000/metrics.jsonl

--------------------[Agent Step 51_296]--------------------
Metrics filtered by: 'score|length|fps|ratio|train/loss/|train/rand/'
train/loss/con 0.02 / train/loss/distractor 1.3 / train/loss/dyn 12.42 / train/loss/policy 5.1e-3 / train/loss/position 0.3 / train/loss/rep 12.42 / train/loss/repval 1.41 / train/loss/rew 0.04 / train/loss/to_target 0.31 / train/loss/value 1.05 / train/loss/velocity 0.04 / replay/replay_ratio 1040 / fps/policy 7.17 / fps/train 7345.52

Writing metrics: /scratch/midway3/rickybao/dreamerv3_runs/adapt_ax1rbf1q1s0_synth_seed105_ckpt500000/metrics.jsonl
Writing metrics: /scratch/midway3/rickybao/dreamerv3_runs/adapt_ax1rbf1q1s0_synth_seed105_ckpt500000/scores.jsonl

--------------------[Agent Step 52_160]--------------------
Metrics filtered by: 'score|length|fps|ratio|train/loss/|train/rand/'
train/loss/con 0.02 / train/loss/distractor 1.3 / train/loss/dyn 12.41 / train/loss/policy 0.01 / train/loss/position 0.3 / train/loss/rep 12.41 / train/loss/repval 1.32 / train/loss/rew 0.04 / train/loss/to_target 0.31 / train/loss/value 1.07 / train/loss/velocity 0.04 / replay/replay_ratio 1040 / fps/policy 7.17 / fps/train 7344.97

Writing metrics: /scratch/midway3/rickybao/dreamerv3_runs/adapt_ax1rbf1q1s0_synth_seed105_ckpt500000/metrics.jsonlWriting metrics: /scratch/midway3/rickybao/dreamerv3_runs/adapt_ax1rbf1q1s0_synth_seed105_ckpt500000/scores.jsonl


--------------------[Agent Step 53_024]--------------------
Metrics filtered by: 'score|length|fps|ratio|train/loss/|train/rand/'
train/loss/con 0.02 / train/loss/distractor 1.3 / train/loss/dyn 12.37 / train/loss/policy 4.7e-4 / train/loss/position 0.3 / train/loss/rep 12.37 / train/loss/repval 1.33 / train/loss/rew 0.04 / train/loss/to_target 0.31 / train/loss/value 0.92 / train/loss/velocity 0.04 / replay/replay_ratio 1040 / fps/policy 7.17 / fps/train 7345.78

Writing metrics: /scratch/midway3/rickybao/dreamerv3_runs/adapt_ax1rbf1q1s0_synth_seed105_ckpt500000/metrics.jsonlWriting metrics: /scratch/midway3/rickybao/dreamerv3_runs/adapt_ax1rbf1q1s0_synth_seed105_ckpt500000/scores.jsonl

Saving checkpoint: /scratch/midway3/rickybao/dreamerv3_runs/adapt_ax1rbf1q1s0_synth_seed105_ckpt500000/ckpt/20260721T064815F651711
Saved checkpoint.

--------------------[Agent Step 53_888]--------------------
Metrics filtered by: 'score|length|fps|ratio|train/loss/|train/rand/'
train/loss/con 0.02 / train/loss/distractor 1.3 / train/loss/dyn 12.45 / train/loss/policy -3.7e-3 / train/loss/position 0.3 / train/loss/rep 12.45 / train/loss/repval 1.4 / train/loss/rew 0.04 / train/loss/to_target 0.31 / train/loss/value 1 / train/loss/velocity 0.04 / replay/replay_ratio 1040 / fps/policy 7.16 / fps/train 7331.43

Writing metrics: /scratch/midway3/rickybao/dreamerv3_runs/adapt_ax1rbf1q1s0_synth_seed105_ckpt500000/metrics.jsonlWriting metrics: /scratch/midway3/rickybao/dreamerv3_runs/adapt_ax1rbf1q1s0_synth_seed105_ckpt500000/scores.jsonl


--------------------[Agent Step 54_752]--------------------
Metrics filtered by: 'score|length|fps|ratio|train/loss/|train/rand/'
train/loss/con 0.02 / train/loss/distractor 1.3 / train/loss/dyn 12.42 / train/loss/policy -0.01 / train/loss/position 0.3 / train/loss/rep 12.42 / train/loss/repval 1.4 / train/loss/rew 0.04 / train/loss/to_target 0.31 / train/loss/value 1.02 / train/loss/velocity 0.04 / replay/replay_ratio 1040 / fps/policy 7.17 / fps/train 7346.36

Writing metrics: /scratch/midway3/rickybao/dreamerv3_runs/adapt_ax1rbf1q1s0_synth_seed105_ckpt500000/scores.jsonl
Writing metrics: /scratch/midway3/rickybao/dreamerv3_runs/adapt_ax1rbf1q1s0_synth_seed105_ckpt500000/metrics.jsonl

--------------------[Agent Step 55_616]--------------------
Metrics filtered by: 'score|length|fps|ratio|train/loss/|train/rand/'
train/loss/con 0.02 / train/loss/distractor 1.31 / train/loss/dyn 12.42 / train/loss/policy -0.03 / train/loss/position 0.3 / train/loss/rep 12.42 / train/loss/repval 1.25 / train/loss/rew 0.04 / train/loss/to_target 0.31 / train/loss/value 1.07 / train/loss/velocity 0.04 / replay/replay_ratio 1040 / fps/policy 7.18 / fps/train 7347.23

Writing metrics: /scratch/midway3/rickybao/dreamerv3_runs/adapt_ax1rbf1q1s0_synth_seed105_ckpt500000/metrics.jsonl
Writing metrics: /scratch/midway3/rickybao/dreamerv3_runs/adapt_ax1rbf1q1s0_synth_seed105_ckpt500000/scores.jsonl

--------------------[Agent Step 56_480]--------------------
Metrics filtered by: 'score|length|fps|ratio|train/loss/|train/rand/'
train/loss/con 0.02 / train/loss/distractor 1.31 / train/loss/dyn 12.42 / train/loss/policy -0.01 / train/loss/position 0.3 / train/loss/rep 12.42 / train/loss/repval 1.26 / train/loss/rew 0.04 / train/loss/to_target 0.31 / train/loss/value 1.16 / train/loss/velocity 0.04 / replay/replay_ratio 1040 / fps/policy 7.17 / fps/train 7345.3

Writing metrics: /scratch/midway3/rickybao/dreamerv3_runs/adapt_ax1rbf1q1s0_synth_seed105_ckpt500000/metrics.jsonlWriting metrics: /scratch/midway3/rickybao/dreamerv3_runs/adapt_ax1rbf1q1s0_synth_seed105_ckpt500000/scores.jsonl


--------------------[Agent Step 57_344]--------------------
Metrics filtered by: 'score|length|fps|ratio|train/loss/|train/rand/'
train/loss/con 0.02 / train/loss/distractor 1.31 / train/loss/dyn 12.39 / train/loss/policy -0.02 / train/loss/position 0.3 / train/loss/rep 12.39 / train/loss/repval 1.29 / train/loss/rew 0.04 / train/loss/to_target 0.32 / train/loss/value 1.14 / train/loss/velocity 0.04 / replay/replay_ratio 1040 / fps/policy 7.17 / fps/train 7339.59

Writing metrics: /scratch/midway3/rickybao/dreamerv3_runs/adapt_ax1rbf1q1s0_synth_seed105_ckpt500000/scores.jsonlWriting metrics: /scratch/midway3/rickybao/dreamerv3_runs/adapt_ax1rbf1q1s0_synth_seed105_ckpt500000/metrics.jsonl


--------------------[Agent Step 58_208]--------------------
Metrics filtered by: 'score|length|fps|ratio|train/loss/|train/rand/'
train/loss/con 0.02 / train/loss/distractor 1.3 / train/loss/dyn 12.36 / train/loss/policy -0.02 / train/loss/position 0.3 / train/loss/rep 12.36 / train/loss/repval 1.36 / train/loss/rew 0.04 / train/loss/to_target 0.31 / train/loss/value 1.08 / train/loss/velocity 0.04 / replay/replay_ratio 1040 / fps/policy 7.17 / fps/train 7341.94

Writing metrics: /scratch/midway3/rickybao/dreamerv3_runs/adapt_ax1rbf1q1s0_synth_seed105_ckpt500000/scores.jsonlWriting metrics: /scratch/midway3/rickybao/dreamerv3_runs/adapt_ax1rbf1q1s0_synth_seed105_ckpt500000/metrics.jsonl


--------------------[Agent Step 59_072]--------------------
Metrics filtered by: 'score|length|fps|ratio|train/loss/|train/rand/'
train/loss/con 0.02 / train/loss/distractor 1.3 / train/loss/dyn 12.38 / train/loss/policy -0.02 / train/loss/position 0.3 / train/loss/rep 12.38 / train/loss/repval 1.33 / train/loss/rew 0.04 / train/loss/to_target 0.32 / train/loss/value 0.98 / train/loss/velocity 0.04 / replay/replay_ratio 1040 / fps/policy 7.16 / fps/train 7334.98

Writing metrics: /scratch/midway3/rickybao/dreamerv3_runs/adapt_ax1rbf1q1s0_synth_seed105_ckpt500000/metrics.jsonlWriting metrics: /scratch/midway3/rickybao/dreamerv3_runs/adapt_ax1rbf1q1s0_synth_seed105_ckpt500000/scores.jsonl


--------------------[Agent Step 59_936]--------------------
Metrics filtered by: 'score|length|fps|ratio|train/loss/|train/rand/'
train/loss/con 0.02 / train/loss/distractor 1.31 / train/loss/dyn 12.39 / train/loss/policy -0.02 / train/loss/position 0.3 / train/loss/rep 12.39 / train/loss/repval 1.25 / train/loss/rew 0.04 / train/loss/to_target 0.32 / train/loss/value 1.03 / train/loss/velocity 0.04 / replay/replay_ratio 1040 / fps/policy 7.16 / fps/train 7332.04

Writing metrics: /scratch/midway3/rickybao/dreamerv3_runs/adapt_ax1rbf1q1s0_synth_seed105_ckpt500000/scores.jsonlWriting metrics: /scratch/midway3/rickybao/dreamerv3_runs/adapt_ax1rbf1q1s0_synth_seed105_ckpt500000/metrics.jsonl

Saving checkpoint: /scratch/midway3/rickybao/dreamerv3_runs/adapt_ax1rbf1q1s0_synth_seed105_ckpt500000/ckpt/20260721T070317F583430
Saved checkpoint.

--------------------[Agent Step 60_800]--------------------
Metrics filtered by: 'score|length|fps|ratio|train/loss/|train/rand/'
train/loss/con 0.02 / train/loss/distractor 1.31 / train/loss/dyn 12.37 / train/loss/policy -0.02 / train/loss/position 0.3 / train/loss/rep 12.37 / train/loss/repval 1.29 / train/loss/rew 0.05 / train/loss/to_target 0.32 / train/loss/value 1.11 / train/loss/velocity 0.04 / replay/replay_ratio 1040 / fps/policy 7.15 / fps/train 7318

Writing metrics: /scratch/midway3/rickybao/dreamerv3_runs/adapt_ax1rbf1q1s0_synth_seed105_ckpt500000/scores.jsonlWriting metrics: /scratch/midway3/rickybao/dreamerv3_runs/adapt_ax1rbf1q1s0_synth_seed105_ckpt500000/metrics.jsonl


--------------------[Agent Step 61_664]--------------------
Metrics filtered by: 'score|length|fps|ratio|train/loss/|train/rand/'
train/loss/con 0.02 / train/loss/distractor 1.31 / train/loss/dyn 12.37 / train/loss/policy -0.02 / train/loss/position 0.3 / train/loss/rep 12.37 / train/loss/repval 1.33 / train/loss/rew 0.05 / train/loss/to_target 0.32 / train/loss/value 1.09 / train/loss/velocity 0.04 / replay/replay_ratio 1040 / fps/policy 7.16 / fps/train 7331.06

Writing metrics: /scratch/midway3/rickybao/dreamerv3_runs/adapt_ax1rbf1q1s0_synth_seed105_ckpt500000/scores.jsonlWriting metrics: /scratch/midway3/rickybao/dreamerv3_runs/adapt_ax1rbf1q1s0_synth_seed105_ckpt500000/metrics.jsonl


--------------------[Agent Step 62_528]--------------------
Metrics filtered by: 'score|length|fps|ratio|train/loss/|train/rand/'
train/loss/con 0.02 / train/loss/distractor 1.3 / train/loss/dyn 12.32 / train/loss/policy -0.01 / train/loss/position 0.3 / train/loss/rep 12.32 / train/loss/repval 1.33 / train/loss/rew 0.05 / train/loss/to_target 0.32 / train/loss/value 1.03 / train/loss/velocity 0.04 / replay/replay_ratio 1040 / fps/policy 7.17 / fps/train 7339.93

Writing metrics: /scratch/midway3/rickybao/dreamerv3_runs/adapt_ax1rbf1q1s0_synth_seed105_ckpt500000/metrics.jsonlWriting metrics: /scratch/midway3/rickybao/dreamerv3_runs/adapt_ax1rbf1q1s0_synth_seed105_ckpt500000/scores.jsonl


--------------------[Agent Step 63_392]--------------------
Metrics filtered by: 'score|length|fps|ratio|train/loss/|train/rand/'
train/loss/con 0.02 / train/loss/distractor 1.3 / train/loss/dyn 12.31 / train/loss/policy -0.02 / train/loss/position 0.3 / train/loss/rep 12.31 / train/loss/repval 1.29 / train/loss/rew 0.05 / train/loss/to_target 0.32 / train/loss/value 0.97 / train/loss/velocity 0.04 / replay/replay_ratio 1040 / fps/policy 7.17 / fps/train 7344.48

Writing metrics: /scratch/midway3/rickybao/dreamerv3_runs/adapt_ax1rbf1q1s0_synth_seed105_ckpt500000/scores.jsonl
Writing metrics: /scratch/midway3/rickybao/dreamerv3_runs/adapt_ax1rbf1q1s0_synth_seed105_ckpt500000/metrics.jsonl

--------------------[Agent Step 64_256]--------------------
Metrics filtered by: 'score|length|fps|ratio|train/loss/|train/rand/'
episode/score 27 / episode/length 1001 / train/loss/con 0.02 / train/loss/distractor 1.31 / train/loss/dyn 12.32 / train/loss/policy -0.03 / train/loss/position 0.3 / train/loss/rep 12.32 / train/loss/repval 1.23 / train/loss/rew 0.06 / train/loss/to_target 0.32 / train/loss/value 1.03 / train/loss/velocity 0.04 / replay/replay_ratio 1040 / fps/policy 7.17 / fps/train 7344.09

Writing metrics: /scratch/midway3/rickybao/dreamerv3_runs/adapt_ax1rbf1q1s0_synth_seed105_ckpt500000/metrics.jsonl
Writing metrics: /scratch/midway3/rickybao/dreamerv3_runs/adapt_ax1rbf1q1s0_synth_seed105_ckpt500000/scores.jsonl

--------------------[Agent Step 65_120]--------------------
Metrics filtered by: 'score|length|fps|ratio|train/loss/|train/rand/'
train/loss/con 0.02 / train/loss/distractor 1.31 / train/loss/dyn 12.35 / train/loss/policy -0.03 / train/loss/position 0.31 / train/loss/rep 12.35 / train/loss/repval 1.27 / train/loss/rew 0.05 / train/loss/to_target 0.33 / train/loss/value 1.1 / train/loss/velocity 0.04 / replay/replay_ratio 1040 / fps/policy 7.17 / fps/train 7337.6

Writing metrics: /scratch/midway3/rickybao/dreamerv3_runs/adapt_ax1rbf1q1s0_synth_seed105_ckpt500000/metrics.jsonlWriting metrics: /scratch/midway3/rickybao/dreamerv3_runs/adapt_ax1rbf1q1s0_synth_seed105_ckpt500000/scores.jsonl


--------------------[Agent Step 65_984]--------------------
Metrics filtered by: 'score|length|fps|ratio|train/loss/|train/rand/'
train/loss/con 0.02 / train/loss/distractor 1.3 / train/loss/dyn 12.37 / train/loss/policy -0.02 / train/loss/position 0.31 / train/loss/rep 12.37 / train/loss/repval 1.34 / train/loss/rew 0.06 / train/loss/to_target 0.33 / train/loss/value 1.06 / train/loss/velocity 0.04 / replay/replay_ratio 1040 / fps/policy 7.16 / fps/train 7329.59

Writing metrics: /scratch/midway3/rickybao/dreamerv3_runs/adapt_ax1rbf1q1s0_synth_seed105_ckpt500000/metrics.jsonl
Writing metrics: /scratch/midway3/rickybao/dreamerv3_runs/adapt_ax1rbf1q1s0_synth_seed105_ckpt500000/scores.jsonl
Saving checkpoint: /scratch/midway3/rickybao/dreamerv3_runs/adapt_ax1rbf1q1s0_synth_seed105_ckpt500000/ckpt/20260721T071817F795740
Saved checkpoint.

--------------------[Agent Step 66_848]--------------------
Metrics filtered by: 'score|length|fps|ratio|train/loss/|train/rand/'
train/loss/con 0.02 / train/loss/distractor 1.3 / train/loss/dyn 12.35 / train/loss/policy -0.01 / train/loss/position 0.31 / train/loss/rep 12.35 / train/loss/repval 1.33 / train/loss/rew 0.05 / train/loss/to_target 0.33 / train/loss/value 1.06 / train/loss/velocity 0.04 / replay/replay_ratio 1040 / fps/policy 7.15 / fps/train 7321.42

Writing metrics: /scratch/midway3/rickybao/dreamerv3_runs/adapt_ax1rbf1q1s0_synth_seed105_ckpt500000/metrics.jsonlWriting metrics: /scratch/midway3/rickybao/dreamerv3_runs/adapt_ax1rbf1q1s0_synth_seed105_ckpt500000/scores.jsonl


--------------------[Agent Step 67_712]--------------------
Metrics filtered by: 'score|length|fps|ratio|train/loss/|train/rand/'
train/loss/con 0.02 / train/loss/distractor 1.31 / train/loss/dyn 12.35 / train/loss/policy -0.01 / train/loss/position 0.31 / train/loss/rep 12.35 / train/loss/repval 1.34 / train/loss/rew 0.06 / train/loss/to_target 0.32 / train/loss/value 1.07 / train/loss/velocity 0.04 / replay/replay_ratio 1040 / fps/policy 7.18 / fps/train 7349.06

Writing metrics: /scratch/midway3/rickybao/dreamerv3_runs/adapt_ax1rbf1q1s0_synth_seed105_ckpt500000/scores.jsonlWriting metrics: /scratch/midway3/rickybao/dreamerv3_runs/adapt_ax1rbf1q1s0_synth_seed105_ckpt500000/metrics.jsonl


--------------------[Agent Step 68_576]--------------------
Metrics filtered by: 'score|length|fps|ratio|train/loss/|train/rand/'
train/loss/con 0.02 / train/loss/distractor 1.3 / train/loss/dyn 12.34 / train/loss/policy -0.02 / train/loss/position 0.3 / train/loss/rep 12.34 / train/loss/repval 1.33 / train/loss/rew 0.06 / train/loss/to_target 0.32 / train/loss/value 1.02 / train/loss/velocity 0.04 / replay/replay_ratio 1040 / fps/policy 7.17 / fps/train 7345.88

Writing metrics: /scratch/midway3/rickybao/dreamerv3_runs/adapt_ax1rbf1q1s0_synth_seed105_ckpt500000/metrics.jsonl
Writing metrics: /scratch/midway3/rickybao/dreamerv3_runs/adapt_ax1rbf1q1s0_synth_seed105_ckpt500000/scores.jsonl

--------------------[Agent Step 69_440]--------------------
Metrics filtered by: 'score|length|fps|ratio|train/loss/|train/rand/'
train/loss/con 0.02 / train/loss/distractor 1.3 / train/loss/dyn 12.35 / train/loss/policy -0.01 / train/loss/position 0.3 / train/loss/rep 12.35 / train/loss/repval 1.31 / train/loss/rew 0.06 / train/loss/to_target 0.32 / train/loss/value 0.97 / train/loss/velocity 0.04 / replay/replay_ratio 1040 / fps/policy 7.17 / fps/train 7344.32

Writing metrics: /scratch/midway3/rickybao/dreamerv3_runs/adapt_ax1rbf1q1s0_synth_seed105_ckpt500000/scores.jsonlWriting metrics: /scratch/midway3/rickybao/dreamerv3_runs/adapt_ax1rbf1q1s0_synth_seed105_ckpt500000/metrics.jsonl


--------------------[Agent Step 70_304]--------------------
Metrics filtered by: 'score|length|fps|ratio|train/loss/|train/rand/'
train/loss/con 0.02 / train/loss/distractor 1.31 / train/loss/dyn 12.36 / train/loss/policy -0.01 / train/loss/position 0.3 / train/loss/rep 12.36 / train/loss/repval 1.29 / train/loss/rew 0.06 / train/loss/to_target 0.32 / train/loss/value 0.95 / train/loss/velocity 0.04 / replay/replay_ratio 1040 / fps/policy 7.17 / fps/train 7338.81

Writing metrics: /scratch/midway3/rickybao/dreamerv3_runs/adapt_ax1rbf1q1s0_synth_seed105_ckpt500000/metrics.jsonlWriting metrics: /scratch/midway3/rickybao/dreamerv3_runs/adapt_ax1rbf1q1s0_synth_seed105_ckpt500000/scores.jsonl


--------------------[Agent Step 71_168]--------------------
Metrics filtered by: 'score|length|fps|ratio|train/loss/|train/rand/'
train/loss/con 0.02 / train/loss/distractor 1.31 / train/loss/dyn 12.34 / train/loss/policy -0.02 / train/loss/position 0.3 / train/loss/rep 12.34 / train/loss/repval 1.27 / train/loss/rew 0.06 / train/loss/to_target 0.31 / train/loss/value 0.94 / train/loss/velocity 0.04 / replay/replay_ratio 1040 / fps/policy 7.17 / fps/train 7344.69

Writing metrics: /scratch/midway3/rickybao/dreamerv3_runs/adapt_ax1rbf1q1s0_synth_seed105_ckpt500000/scores.jsonl
Writing metrics: /scratch/midway3/rickybao/dreamerv3_runs/adapt_ax1rbf1q1s0_synth_seed105_ckpt500000/metrics.jsonl

--------------------[Agent Step 72_032]--------------------
Metrics filtered by: 'score|length|fps|ratio|train/loss/|train/rand/'
train/loss/con 0.02 / train/loss/distractor 1.31 / train/loss/dyn 12.32 / train/loss/policy -0.01 / train/loss/position 0.3 / train/loss/rep 12.32 / train/loss/repval 1.26 / train/loss/rew 0.06 / train/loss/to_target 0.32 / train/loss/value 0.93 / train/loss/velocity 0.03 / replay/replay_ratio 1040 / fps/policy 7.18 / fps/train 7350.07

Writing metrics: /scratch/midway3/rickybao/dreamerv3_runs/adapt_ax1rbf1q1s0_synth_seed105_ckpt500000/metrics.jsonlWriting metrics: /scratch/midway3/rickybao/dreamerv3_runs/adapt_ax1rbf1q1s0_synth_seed105_ckpt500000/scores.jsonl


--------------------[Agent Step 72_896]--------------------
Metrics filtered by: 'score|length|fps|ratio|train/loss/|train/rand/'
train/loss/con 0.02 / train/loss/distractor 1.31 / train/loss/dyn 12.31 / train/loss/policy -0.02 / train/loss/position 0.3 / train/loss/rep 12.31 / train/loss/repval 1.24 / train/loss/rew 0.06 / train/loss/to_target 0.32 / train/loss/value 0.93 / train/loss/velocity 0.04 / replay/replay_ratio 1040 / fps/policy 7.18 / fps/train 7352.58

Writing metrics: /scratch/midway3/rickybao/dreamerv3_runs/adapt_ax1rbf1q1s0_synth_seed105_ckpt500000/scores.jsonl
Writing metrics: /scratch/midway3/rickybao/dreamerv3_runs/adapt_ax1rbf1q1s0_synth_seed105_ckpt500000/metrics.jsonl
Saving checkpoint: /scratch/midway3/rickybao/dreamerv3_runs/adapt_ax1rbf1q1s0_synth_seed105_ckpt500000/ckpt/20260721T073318F979375
Saved checkpoint.

--------------------[Agent Step 73_760]--------------------
Metrics filtered by: 'score|length|fps|ratio|train/loss/|train/rand/'
train/loss/con 0.02 / train/loss/distractor 1.31 / train/loss/dyn 12.33 / train/loss/policy -0.02 / train/loss/position 0.3 / train/loss/rep 12.33 / train/loss/repval 1.2 / train/loss/rew 0.06 / train/loss/to_target 0.32 / train/loss/value 0.95 / train/loss/velocity 0.04 / replay/replay_ratio 1040 / fps/policy 7.17 / fps/train 7337.84

Writing metrics: /scratch/midway3/rickybao/dreamerv3_runs/adapt_ax1rbf1q1s0_synth_seed105_ckpt500000/scores.jsonl
Writing metrics: /scratch/midway3/rickybao/dreamerv3_runs/adapt_ax1rbf1q1s0_synth_seed105_ckpt500000/metrics.jsonl

--------------------[Agent Step 74_624]--------------------
Metrics filtered by: 'score|length|fps|ratio|train/loss/|train/rand/'
train/loss/con 0.02 / train/loss/distractor 1.31 / train/loss/dyn 12.32 / train/loss/policy -0.02 / train/loss/position 0.31 / train/loss/rep 12.32 / train/loss/repval 1.17 / train/loss/rew 0.06 / train/loss/to_target 0.33 / train/loss/value 0.98 / train/loss/velocity 0.04 / replay/replay_ratio 1040 / fps/policy 7.17 / fps/train 7338.18

Writing metrics: /scratch/midway3/rickybao/dreamerv3_runs/adapt_ax1rbf1q1s0_synth_seed105_ckpt500000/metrics.jsonlWriting metrics: /scratch/midway3/rickybao/dreamerv3_runs/adapt_ax1rbf1q1s0_synth_seed105_ckpt500000/scores.jsonl


--------------------[Agent Step 75_488]--------------------
Metrics filtered by: 'score|length|fps|ratio|train/loss/|train/rand/'
train/loss/con 0.02 / train/loss/distractor 1.31 / train/loss/dyn 12.35 / train/loss/policy -0.02 / train/loss/position 0.3 / train/loss/rep 12.35 / train/loss/repval 1.17 / train/loss/rew 0.07 / train/loss/to_target 0.33 / train/loss/value 1.04 / train/loss/velocity 0.03 / replay/replay_ratio 1040 / fps/policy 7.17 / fps/train 7338.65

Writing metrics: /scratch/midway3/rickybao/dreamerv3_runs/adapt_ax1rbf1q1s0_synth_seed105_ckpt500000/metrics.jsonlWriting metrics: /scratch/midway3/rickybao/dreamerv3_runs/adapt_ax1rbf1q1s0_synth_seed105_ckpt500000/scores.jsonl


--------------------[Agent Step 76_352]--------------------
Metrics filtered by: 'score|length|fps|ratio|train/loss/|train/rand/'
train/loss/con 0.02 / train/loss/distractor 1.31 / train/loss/dyn 12.32 / train/loss/policy -0.03 / train/loss/position 0.3 / train/loss/rep 12.32 / train/loss/repval 1.19 / train/loss/rew 0.07 / train/loss/to_target 0.33 / train/loss/value 1.12 / train/loss/velocity 0.03 / replay/replay_ratio 1040 / fps/policy 7.17 / fps/train 7342.33

Writing metrics: /scratch/midway3/rickybao/dreamerv3_runs/adapt_ax1rbf1q1s0_synth_seed105_ckpt500000/scores.jsonl
Writing metrics: /scratch/midway3/rickybao/dreamerv3_runs/adapt_ax1rbf1q1s0_synth_seed105_ckpt500000/metrics.jsonl

--------------------[Agent Step 77_216]--------------------
Metrics filtered by: 'score|length|fps|ratio|train/loss/|train/rand/'
train/loss/con 0.02 / train/loss/distractor 1.31 / train/loss/dyn 12.33 / train/loss/policy -0.02 / train/loss/position 0.3 / train/loss/rep 12.33 / train/loss/repval 1.2 / train/loss/rew 0.07 / train/loss/to_target 0.33 / train/loss/value 1.15 / train/loss/velocity 0.03 / replay/replay_ratio 1040 / fps/policy 7.17 / fps/train 7341.44

Writing metrics: /scratch/midway3/rickybao/dreamerv3_runs/adapt_ax1rbf1q1s0_synth_seed105_ckpt500000/metrics.jsonlWriting metrics: /scratch/midway3/rickybao/dreamerv3_runs/adapt_ax1rbf1q1s0_synth_seed105_ckpt500000/scores.jsonl


--------------------[Agent Step 78_080]--------------------
Metrics filtered by: 'score|length|fps|ratio|train/loss/|train/rand/'
train/loss/con 0.02 / train/loss/distractor 1.31 / train/loss/dyn 12.31 / train/loss/policy -0.03 / train/loss/position 0.3 / train/loss/rep 12.31 / train/loss/repval 1.22 / train/loss/rew 0.07 / train/loss/to_target 0.33 / train/loss/value 1.16 / train/loss/velocity 0.03 / replay/replay_ratio 1040 / fps/policy 7.17 / fps/train 7343.48

Writing metrics: /scratch/midway3/rickybao/dreamerv3_runs/adapt_ax1rbf1q1s0_synth_seed105_ckpt500000/scores.jsonlWriting metrics: /scratch/midway3/rickybao/dreamerv3_runs/adapt_ax1rbf1q1s0_synth_seed105_ckpt500000/metrics.jsonl


--------------------[Agent Step 78_944]--------------------
Metrics filtered by: 'score|length|fps|ratio|train/loss/|train/rand/'
train/loss/con 0.02 / train/loss/distractor 1.31 / train/loss/dyn 12.31 / train/loss/policy -0.03 / train/loss/position 0.3 / train/loss/rep 12.31 / train/loss/repval 1.26 / train/loss/rew 0.07 / train/loss/to_target 0.33 / train/loss/value 1.14 / train/loss/velocity 0.03 / replay/replay_ratio 1040 / fps/policy 7.17 / fps/train 7340.48

Writing metrics: /scratch/midway3/rickybao/dreamerv3_runs/adapt_ax1rbf1q1s0_synth_seed105_ckpt500000/scores.jsonl
Writing metrics: /scratch/midway3/rickybao/dreamerv3_runs/adapt_ax1rbf1q1s0_synth_seed105_ckpt500000/metrics.jsonl
Saving checkpoint: /scratch/midway3/rickybao/dreamerv3_runs/adapt_ax1rbf1q1s0_synth_seed105_ckpt500000/ckpt/20260721T074820F717812
Saved checkpoint.

--------------------[Agent Step 79_808]--------------------
Metrics filtered by: 'score|length|fps|ratio|train/loss/|train/rand/'
train/loss/con 0.02 / train/loss/distractor 1.31 / train/loss/dyn 12.32 / train/loss/policy -0.03 / train/loss/position 0.31 / train/loss/rep 12.32 / train/loss/repval 1.32 / train/loss/rew 0.08 / train/loss/to_target 0.33 / train/loss/value 1.11 / train/loss/velocity 0.03 / replay/replay_ratio 1040 / fps/policy 7.16 / fps/train 7331.71

Writing metrics: /scratch/midway3/rickybao/dreamerv3_runs/adapt_ax1rbf1q1s0_synth_seed105_ckpt500000/metrics.jsonlWriting metrics: /scratch/midway3/rickybao/dreamerv3_runs/adapt_ax1rbf1q1s0_synth_seed105_ckpt500000/scores.jsonl


--------------------[Agent Step 80_672]--------------------
Metrics filtered by: 'score|length|fps|ratio|train/loss/|train/rand/'
episode/score 65 / episode/length 1001 / train/loss/con 0.02 / train/loss/distractor 1.31 / train/loss/dyn 12.29 / train/loss/policy -0.03 / train/loss/position 0.31 / train/loss/rep 12.29 / train/loss/repval 1.34 / train/loss/rew 0.08 / train/loss/to_target 0.34 / train/loss/value 1.08 / train/loss/velocity 0.03 / replay/replay_ratio 1040 / fps/policy 7.17 / fps/train 7341.3

Writing metrics: /scratch/midway3/rickybao/dreamerv3_runs/adapt_ax1rbf1q1s0_synth_seed105_ckpt500000/scores.jsonlWriting metrics: /scratch/midway3/rickybao/dreamerv3_runs/adapt_ax1rbf1q1s0_synth_seed105_ckpt500000/metrics.jsonl


--------------------[Agent Step 81_536]--------------------
Metrics filtered by: 'score|length|fps|ratio|train/loss/|train/rand/'
train/loss/con 0.02 / train/loss/distractor 1.31 / train/loss/dyn 12.31 / train/loss/policy -0.03 / train/loss/position 0.31 / train/loss/rep 12.31 / train/loss/repval 1.36 / train/loss/rew 0.08 / train/loss/to_target 0.33 / train/loss/value 1.03 / train/loss/velocity 0.03 / replay/replay_ratio 1040 / fps/policy 7.17 / fps/train 7345.37

Writing metrics: /scratch/midway3/rickybao/dreamerv3_runs/adapt_ax1rbf1q1s0_synth_seed105_ckpt500000/metrics.jsonlWriting metrics: /scratch/midway3/rickybao/dreamerv3_runs/adapt_ax1rbf1q1s0_synth_seed105_ckpt500000/scores.jsonl


--------------------[Agent Step 82_400]--------------------
Metrics filtered by: 'score|length|fps|ratio|train/loss/|train/rand/'
train/loss/con 0.02 / train/loss/distractor 1.31 / train/loss/dyn 12.35 / train/loss/policy -0.02 / train/loss/position 0.31 / train/loss/rep 12.35 / train/loss/repval 1.35 / train/loss/rew 0.08 / train/loss/to_target 0.33 / train/loss/value 1.02 / train/loss/velocity 0.03 / replay/replay_ratio 1040 / fps/policy 7.16 / fps/train 7336.51

Writing metrics: /scratch/midway3/rickybao/dreamerv3_runs/adapt_ax1rbf1q1s0_synth_seed105_ckpt500000/scores.jsonl
Writing metrics: /scratch/midway3/rickybao/dreamerv3_runs/adapt_ax1rbf1q1s0_synth_seed105_ckpt500000/metrics.jsonl

--------------------[Agent Step 83_264]--------------------
Metrics filtered by: 'score|length|fps|ratio|train/loss/|train/rand/'
train/loss/con 0.02 / train/loss/distractor 1.31 / train/loss/dyn 12.31 / train/loss/policy -0.02 / train/loss/position 0.31 / train/loss/rep 12.31 / train/loss/repval 1.34 / train/loss/rew 0.08 / train/loss/to_target 0.33 / train/loss/value 1.05 / train/loss/velocity 0.03 / replay/replay_ratio 1040 / fps/policy 7.17 / fps/train 7338.45

Writing metrics: /scratch/midway3/rickybao/dreamerv3_runs/adapt_ax1rbf1q1s0_synth_seed105_ckpt500000/metrics.jsonlWriting metrics: /scratch/midway3/rickybao/dreamerv3_runs/adapt_ax1rbf1q1s0_synth_seed105_ckpt500000/scores.jsonl


--------------------[Agent Step 84_128]--------------------
Metrics filtered by: 'score|length|fps|ratio|train/loss/|train/rand/'
train/loss/con 0.02 / train/loss/distractor 1.31 / train/loss/dyn 12.31 / train/loss/policy -0.02 / train/loss/position 0.31 / train/loss/rep 12.31 / train/loss/repval 1.32 / train/loss/rew 0.08 / train/loss/to_target 0.33 / train/loss/value 1.12 / train/loss/velocity 0.03 / replay/replay_ratio 1040 / fps/policy 7.17 / fps/train 7340.52

Writing metrics: /scratch/midway3/rickybao/dreamerv3_runs/adapt_ax1rbf1q1s0_synth_seed105_ckpt500000/scores.jsonlWriting metrics: /scratch/midway3/rickybao/dreamerv3_runs/adapt_ax1rbf1q1s0_synth_seed105_ckpt500000/metrics.jsonl


--------------------[Agent Step 84_992]--------------------
Metrics filtered by: 'score|length|fps|ratio|train/loss/|train/rand/'
train/loss/con 0.02 / train/loss/distractor 1.31 / train/loss/dyn 12.3 / train/loss/policy -0.02 / train/loss/position 0.31 / train/loss/rep 12.3 / train/loss/repval 1.3 / train/loss/rew 0.08 / train/loss/to_target 0.33 / train/loss/value 1.14 / train/loss/velocity 0.03 / replay/replay_ratio 1040 / fps/policy 7.17 / fps/train 7342.71

Writing metrics: /scratch/midway3/rickybao/dreamerv3_runs/adapt_ax1rbf1q1s0_synth_seed105_ckpt500000/scores.jsonlWriting metrics: /scratch/midway3/rickybao/dreamerv3_runs/adapt_ax1rbf1q1s0_synth_seed105_ckpt500000/metrics.jsonl


--------------------[Agent Step 85_856]--------------------
Metrics filtered by: 'score|length|fps|ratio|train/loss/|train/rand/'
train/loss/con 0.02 / train/loss/distractor 1.31 / train/loss/dyn 12.32 / train/loss/policy -0.02 / train/loss/position 0.31 / train/loss/rep 12.32 / train/loss/repval 1.3 / train/loss/rew 0.08 / train/loss/to_target 0.33 / train/loss/value 1.14 / train/loss/velocity 0.03 / replay/replay_ratio 1040 / fps/policy 7.17 / fps/train 7340.57

Writing metrics: /scratch/midway3/rickybao/dreamerv3_runs/adapt_ax1rbf1q1s0_synth_seed105_ckpt500000/metrics.jsonlWriting metrics: /scratch/midway3/rickybao/dreamerv3_runs/adapt_ax1rbf1q1s0_synth_seed105_ckpt500000/scores.jsonl

Saving checkpoint: /scratch/midway3/rickybao/dreamerv3_runs/adapt_ax1rbf1q1s0_synth_seed105_ckpt500000/ckpt/20260721T080322F626925
Saved checkpoint.

--------------------[Agent Step 86_720]--------------------
Metrics filtered by: 'score|length|fps|ratio|train/loss/|train/rand/'
train/loss/con 0.02 / train/loss/distractor 1.31 / train/loss/dyn 12.29 / train/loss/policy -0.02 / train/loss/position 0.31 / train/loss/rep 12.29 / train/loss/repval 1.31 / train/loss/rew 0.08 / train/loss/to_target 0.33 / train/loss/value 1.12 / train/loss/velocity 0.03 / replay/replay_ratio 1040 / fps/policy 7.16 / fps/train 7329.54

Writing metrics: /scratch/midway3/rickybao/dreamerv3_runs/adapt_ax1rbf1q1s0_synth_seed105_ckpt500000/scores.jsonl
Writing metrics: /scratch/midway3/rickybao/dreamerv3_runs/adapt_ax1rbf1q1s0_synth_seed105_ckpt500000/metrics.jsonl

--------------------[Agent Step 87_584]--------------------
Metrics filtered by: 'score|length|fps|ratio|train/loss/|train/rand/'
train/loss/con 0.02 / train/loss/distractor 1.31 / train/loss/dyn 12.33 / train/loss/policy -0.02 / train/loss/position 0.31 / train/loss/rep 12.33 / train/loss/repval 1.34 / train/loss/rew 0.08 / train/loss/to_target 0.33 / train/loss/value 1.1 / train/loss/velocity 0.03 / replay/replay_ratio 1040 / fps/policy 7.17 / fps/train 7342.74

Writing metrics: /scratch/midway3/rickybao/dreamerv3_runs/adapt_ax1rbf1q1s0_synth_seed105_ckpt500000/scores.jsonlWriting metrics: /scratch/midway3/rickybao/dreamerv3_runs/adapt_ax1rbf1q1s0_synth_seed105_ckpt500000/metrics.jsonl


--------------------[Agent Step 88_448]--------------------
Metrics filtered by: 'score|length|fps|ratio|train/loss/|train/rand/'
train/loss/con 0.02 / train/loss/distractor 1.31 / train/loss/dyn 12.3 / train/loss/policy -0.03 / train/loss/position 0.31 / train/loss/rep 12.3 / train/loss/repval 1.33 / train/loss/rew 0.08 / train/loss/to_target 0.34 / train/loss/value 1.05 / train/loss/velocity 0.03 / replay/replay_ratio 1040 / fps/policy 7.16 / fps/train 7336.28

Writing metrics: /scratch/midway3/rickybao/dreamerv3_runs/adapt_ax1rbf1q1s0_synth_seed105_ckpt500000/metrics.jsonlWriting metrics: /scratch/midway3/rickybao/dreamerv3_runs/adapt_ax1rbf1q1s0_synth_seed105_ckpt500000/scores.jsonl


--------------------[Agent Step 89_312]--------------------
Metrics filtered by: 'score|length|fps|ratio|train/loss/|train/rand/'
train/loss/con 0.02 / train/loss/distractor 1.31 / train/loss/dyn 12.34 / train/loss/policy -0.02 / train/loss/position 0.31 / train/loss/rep 12.34 / train/loss/repval 1.34 / train/loss/rew 0.08 / train/loss/to_target 0.33 / train/loss/value 1.04 / train/loss/velocity 0.03 / replay/replay_ratio 1040 / fps/policy 7.17 / fps/train 7345.9

Writing metrics: /scratch/midway3/rickybao/dreamerv3_runs/adapt_ax1rbf1q1s0_synth_seed105_ckpt500000/scores.jsonl
Writing metrics: /scratch/midway3/rickybao/dreamerv3_runs/adapt_ax1rbf1q1s0_synth_seed105_ckpt500000/metrics.jsonl

--------------------[Agent Step 90_176]--------------------
Metrics filtered by: 'score|length|fps|ratio|train/loss/|train/rand/'
train/loss/con 0.02 / train/loss/distractor 1.3 / train/loss/dyn 12.3 / train/loss/policy -0.02 / train/loss/position 0.3 / train/loss/rep 12.3 / train/loss/repval 1.32 / train/loss/rew 0.08 / train/loss/to_target 0.33 / train/loss/value 0.99 / train/loss/velocity 0.03 / replay/replay_ratio 1040 / fps/policy 7.17 / fps/train 7341.28

Writing metrics: /scratch/midway3/rickybao/dreamerv3_runs/adapt_ax1rbf1q1s0_synth_seed105_ckpt500000/scores.jsonlWriting metrics: /scratch/midway3/rickybao/dreamerv3_runs/adapt_ax1rbf1q1s0_synth_seed105_ckpt500000/metrics.jsonl


--------------------[Agent Step 91_040]--------------------
Metrics filtered by: 'score|length|fps|ratio|train/loss/|train/rand/'
train/loss/con 0.02 / train/loss/distractor 1.31 / train/loss/dyn 12.31 / train/loss/policy -0.03 / train/loss/position 0.31 / train/loss/rep 12.31 / train/loss/repval 1.28 / train/loss/rew 0.09 / train/loss/to_target 0.33 / train/loss/value 0.94 / train/loss/velocity 0.03 / replay/replay_ratio 1040 / fps/policy 7.17 / fps/train 7338.12

Writing metrics: /scratch/midway3/rickybao/dreamerv3_runs/adapt_ax1rbf1q1s0_synth_seed105_ckpt500000/scores.jsonl
Writing metrics: /scratch/midway3/rickybao/dreamerv3_runs/adapt_ax1rbf1q1s0_synth_seed105_ckpt500000/metrics.jsonl

--------------------[Agent Step 91_904]--------------------
Metrics filtered by: 'score|length|fps|ratio|train/loss/|train/rand/'
train/loss/con 0.02 / train/loss/distractor 1.31 / train/loss/dyn 12.34 / train/loss/policy -0.03 / train/loss/position 0.31 / train/loss/rep 12.34 / train/loss/repval 1.21 / train/loss/rew 0.09 / train/loss/to_target 0.33 / train/loss/value 0.91 / train/loss/velocity 0.03 / replay/replay_ratio 1040 / fps/policy 7.17 / fps/train 7340.73

Writing metrics: /scratch/midway3/rickybao/dreamerv3_runs/adapt_ax1rbf1q1s0_synth_seed105_ckpt500000/scores.jsonl
Writing metrics: /scratch/midway3/rickybao/dreamerv3_runs/adapt_ax1rbf1q1s0_synth_seed105_ckpt500000/metrics.jsonl
Saving checkpoint: /scratch/midway3/rickybao/dreamerv3_runs/adapt_ax1rbf1q1s0_synth_seed105_ckpt500000/ckpt/20260721T081824F519064
Saved checkpoint.

--------------------[Agent Step 92_768]--------------------
Metrics filtered by: 'score|length|fps|ratio|train/loss/|train/rand/'
train/loss/con 0.02 / train/loss/distractor 1.31 / train/loss/dyn 12.32 / train/loss/policy -0.03 / train/loss/position 0.31 / train/loss/rep 12.32 / train/loss/repval 1.16 / train/loss/rew 0.09 / train/loss/to_target 0.33 / train/loss/value 1 / train/loss/velocity 0.03 / replay/replay_ratio 1040 / fps/policy 7.15 / fps/train 7324.63

Writing metrics: /scratch/midway3/rickybao/dreamerv3_runs/adapt_ax1rbf1q1s0_synth_seed105_ckpt500000/scores.jsonlWriting metrics: /scratch/midway3/rickybao/dreamerv3_runs/adapt_ax1rbf1q1s0_synth_seed105_ckpt500000/metrics.jsonl


--------------------[Agent Step 93_632]--------------------
Metrics filtered by: 'score|length|fps|ratio|train/loss/|train/rand/'
train/loss/con 0.02 / train/loss/distractor 1.3 / train/loss/dyn 12.31 / train/loss/policy -0.03 / train/loss/position 0.31 / train/loss/rep 12.31 / train/loss/repval 1.15 / train/loss/rew 0.09 / train/loss/to_target 0.33 / train/loss/value 1.09 / train/loss/velocity 0.03 / replay/replay_ratio 1040 / fps/policy 7.17 / fps/train 7339.82

Writing metrics: /scratch/midway3/rickybao/dreamerv3_runs/adapt_ax1rbf1q1s0_synth_seed105_ckpt500000/scores.jsonlWriting metrics: /scratch/midway3/rickybao/dreamerv3_runs/adapt_ax1rbf1q1s0_synth_seed105_ckpt500000/metrics.jsonl


--------------------[Agent Step 94_496]--------------------
Metrics filtered by: 'score|length|fps|ratio|train/loss/|train/rand/'
train/loss/con 0.02 / train/loss/distractor 1.31 / train/loss/dyn 12.31 / train/loss/policy -0.03 / train/loss/position 0.31 / train/loss/rep 12.31 / train/loss/repval 1.19 / train/loss/rew 0.09 / train/loss/to_target 0.33 / train/loss/value 1.15 / train/loss/velocity 0.03 / replay/replay_ratio 1040 / fps/policy 7.16 / fps/train 7335.71

Writing metrics: /scratch/midway3/rickybao/dreamerv3_runs/adapt_ax1rbf1q1s0_synth_seed105_ckpt500000/scores.jsonlWriting metrics: /scratch/midway3/rickybao/dreamerv3_runs/adapt_ax1rbf1q1s0_synth_seed105_ckpt500000/metrics.jsonl


--------------------[Agent Step 95_360]--------------------
Metrics filtered by: 'score|length|fps|ratio|train/loss/|train/rand/'
train/loss/con 0.02 / train/loss/distractor 1.31 / train/loss/dyn 12.34 / train/loss/policy -0.03 / train/loss/position 0.32 / train/loss/rep 12.34 / train/loss/repval 1.24 / train/loss/rew 0.09 / train/loss/to_target 0.34 / train/loss/value 1.19 / train/loss/velocity 0.03 / replay/replay_ratio 1040 / fps/policy 7.17 / fps/train 7340.87

Writing metrics: /scratch/midway3/rickybao/dreamerv3_runs/adapt_ax1rbf1q1s0_synth_seed105_ckpt500000/metrics.jsonl
Writing metrics: /scratch/midway3/rickybao/dreamerv3_runs/adapt_ax1rbf1q1s0_synth_seed105_ckpt500000/scores.jsonl

--------------------[Agent Step 96_224]--------------------
Metrics filtered by: 'score|length|fps|ratio|train/loss/|train/rand/'
episode/score 14 / episode/length 1001 / train/loss/con 0.02 / train/loss/distractor 1.31 / train/loss/dyn 12.33 / train/loss/policy -0.04 / train/loss/position 0.31 / train/loss/rep 12.33 / train/loss/repval 1.3 / train/loss/rew 0.1 / train/loss/to_target 0.33 / train/loss/value 1.16 / train/loss/velocity 0.03 / replay/replay_ratio 1040 / fps/policy 7.17 / fps/train 7345.85

Writing metrics: /scratch/midway3/rickybao/dreamerv3_runs/adapt_ax1rbf1q1s0_synth_seed105_ckpt500000/metrics.jsonlWriting metrics: /scratch/midway3/rickybao/dreamerv3_runs/adapt_ax1rbf1q1s0_synth_seed105_ckpt500000/scores.jsonl


--------------------[Agent Step 97_088]--------------------
Metrics filtered by: 'score|length|fps|ratio|train/loss/|train/rand/'
train/loss/con 0.02 / train/loss/distractor 1.3 / train/loss/dyn 12.33 / train/loss/policy -0.04 / train/loss/position 0.31 / train/loss/rep 12.33 / train/loss/repval 1.35 / train/loss/rew 0.1 / train/loss/to_target 0.33 / train/loss/value 1.03 / train/loss/velocity 0.03 / replay/replay_ratio 1040 / fps/policy 7.16 / fps/train 7333.38

Writing metrics: /scratch/midway3/rickybao/dreamerv3_runs/adapt_ax1rbf1q1s0_synth_seed105_ckpt500000/scores.jsonlWriting metrics: /scratch/midway3/rickybao/dreamerv3_runs/adapt_ax1rbf1q1s0_synth_seed105_ckpt500000/metrics.jsonl


--------------------[Agent Step 97_952]--------------------
Metrics filtered by: 'score|length|fps|ratio|train/loss/|train/rand/'
train/loss/con 0.02 / train/loss/distractor 1.31 / train/loss/dyn 12.31 / train/loss/policy -0.03 / train/loss/position 0.32 / train/loss/rep 12.31 / train/loss/repval 1.34 / train/loss/rew 0.09 / train/loss/to_target 0.34 / train/loss/value 0.95 / train/loss/velocity 0.03 / replay/replay_ratio 1040 / fps/policy 7.17 / fps/train 7344.19

Writing metrics: /scratch/midway3/rickybao/dreamerv3_runs/adapt_ax1rbf1q1s0_synth_seed105_ckpt500000/metrics.jsonlWriting metrics: /scratch/midway3/rickybao/dreamerv3_runs/adapt_ax1rbf1q1s0_synth_seed105_ckpt500000/scores.jsonl


--------------------[Agent Step 98_816]--------------------
Metrics filtered by: 'score|length|fps|ratio|train/loss/|train/rand/'
train/loss/con 0.02 / train/loss/distractor 1.31 / train/loss/dyn 12.32 / train/loss/policy -0.02 / train/loss/position 0.31 / train/loss/rep 12.32 / train/loss/repval 1.34 / train/loss/rew 0.09 / train/loss/to_target 0.33 / train/loss/value 1 / train/loss/velocity 0.03 / replay/replay_ratio 1040 / fps/policy 7.17 / fps/train 7341.47

Writing metrics: /scratch/midway3/rickybao/dreamerv3_runs/adapt_ax1rbf1q1s0_synth_seed105_ckpt500000/scores.jsonlWriting metrics: /scratch/midway3/rickybao/dreamerv3_runs/adapt_ax1rbf1q1s0_synth_seed105_ckpt500000/metrics.jsonl

Saving checkpoint: /scratch/midway3/rickybao/dreamerv3_runs/adapt_ax1rbf1q1s0_synth_seed105_ckpt500000/ckpt/20260721T083326F522367
Saved checkpoint.

--------------------[Agent Step 99_680]--------------------
Metrics filtered by: 'score|length|fps|ratio|train/loss/|train/rand/'
train/loss/con 0.02 / train/loss/distractor 1.31 / train/loss/dyn 12.33 / train/loss/policy -0.02 / train/loss/position 0.31 / train/loss/rep 12.33 / train/loss/repval 1.34 / train/loss/rew 0.09 / train/loss/to_target 0.34 / train/loss/value 1.07 / train/loss/velocity 0.03 / replay/replay_ratio 1040 / fps/policy 7.16 / fps/train 7329.61

Writing metrics: /scratch/midway3/rickybao/dreamerv3_runs/adapt_ax1rbf1q1s0_synth_seed105_ckpt500000/metrics.jsonl
Writing metrics: /scratch/midway3/rickybao/dreamerv3_runs/adapt_ax1rbf1q1s0_synth_seed105_ckpt500000/scores.jsonl

--------------------[Agent Step 100_544]--------------------
Metrics filtered by: 'score|length|fps|ratio|train/loss/|train/rand/'
train/loss/con 0.02 / train/loss/distractor 1.31 / train/loss/dyn 12.33 / train/loss/policy -0.02 / train/loss/position 0.31 / train/loss/rep 12.33 / train/loss/repval 1.32 / train/loss/rew 0.09 / train/loss/to_target 0.33 / train/loss/value 1.1 / train/loss/velocity 0.03 / replay/replay_ratio 1040 / fps/policy 7.17 / fps/train 7341.96

Writing metrics: /scratch/midway3/rickybao/dreamerv3_runs/adapt_ax1rbf1q1s0_synth_seed105_ckpt500000/scores.jsonlWriting metrics: /scratch/midway3/rickybao/dreamerv3_runs/adapt_ax1rbf1q1s0_synth_seed105_ckpt500000/metrics.jsonl


--------------------[Agent Step 101_408]--------------------
Metrics filtered by: 'score|length|fps|ratio|train/loss/|train/rand/'
train/loss/con 0.02 / train/loss/distractor 1.31 / train/loss/dyn 12.32 / train/loss/policy -0.02 / train/loss/position 0.31 / train/loss/rep 12.32 / train/loss/repval 1.28 / train/loss/rew 0.09 / train/loss/to_target 0.33 / train/loss/value 1.14 / train/loss/velocity 0.03 / replay/replay_ratio 1040 / fps/policy 7.17 / fps/train 7337.65

Writing metrics: /scratch/midway3/rickybao/dreamerv3_runs/adapt_ax1rbf1q1s0_synth_seed105_ckpt500000/scores.jsonlWriting metrics: /scratch/midway3/rickybao/dreamerv3_runs/adapt_ax1rbf1q1s0_synth_seed105_ckpt500000/metrics.jsonl


--------------------[Agent Step 102_272]--------------------
Metrics filtered by: 'score|length|fps|ratio|train/loss/|train/rand/'
train/loss/con 0.02 / train/loss/distractor 1.31 / train/loss/dyn 12.31 / train/loss/policy -0.02 / train/loss/position 0.31 / train/loss/rep 12.31 / train/loss/repval 1.25 / train/loss/rew 0.09 / train/loss/to_target 0.33 / train/loss/value 1.15 / train/loss/velocity 0.03 / replay/replay_ratio 1040 / fps/policy 7.17 / fps/train 7338.38

Writing metrics: /scratch/midway3/rickybao/dreamerv3_runs/adapt_ax1rbf1q1s0_synth_seed105_ckpt500000/scores.jsonlWriting metrics: /scratch/midway3/rickybao/dreamerv3_runs/adapt_ax1rbf1q1s0_synth_seed105_ckpt500000/metrics.jsonl


--------------------[Agent Step 103_136]--------------------
Metrics filtered by: 'score|length|fps|ratio|train/loss/|train/rand/'
train/loss/con 0.02 / train/loss/distractor 1.31 / train/loss/dyn 12.32 / train/loss/policy -0.02 / train/loss/position 0.31 / train/loss/rep 12.32 / train/loss/repval 1.26 / train/loss/rew 0.09 / train/loss/to_target 0.33 / train/loss/value 1.14 / train/loss/velocity 0.03 / replay/replay_ratio 1040 / fps/policy 7.17 / fps/train 7340.13

Writing metrics: /scratch/midway3/rickybao/dreamerv3_runs/adapt_ax1rbf1q1s0_synth_seed105_ckpt500000/metrics.jsonlWriting metrics: /scratch/midway3/rickybao/dreamerv3_runs/adapt_ax1rbf1q1s0_synth_seed105_ckpt500000/scores.jsonl


--------------------[Agent Step 104_000]--------------------
Metrics filtered by: 'score|length|fps|ratio|train/loss/|train/rand/'
train/loss/con 0.02 / train/loss/distractor 1.31 / train/loss/dyn 12.31 / train/loss/policy -0.02 / train/loss/position 0.31 / train/loss/rep 12.31 / train/loss/repval 1.27 / train/loss/rew 0.1 / train/loss/to_target 0.33 / train/loss/value 1.14 / train/loss/velocity 0.03 / replay/replay_ratio 1040 / fps/policy 7.16 / fps/train 7336.57

Writing metrics: /scratch/midway3/rickybao/dreamerv3_runs/adapt_ax1rbf1q1s0_synth_seed105_ckpt500000/metrics.jsonl
Writing metrics: /scratch/midway3/rickybao/dreamerv3_runs/adapt_ax1rbf1q1s0_synth_seed105_ckpt500000/scores.jsonl

--------------------[Agent Step 104_864]--------------------
Metrics filtered by: 'score|length|fps|ratio|train/loss/|train/rand/'
train/loss/con 0.02 / train/loss/distractor 1.31 / train/loss/dyn 12.32 / train/loss/policy -0.02 / train/loss/position 0.31 / train/loss/rep 12.32 / train/loss/repval 1.28 / train/loss/rew 0.1 / train/loss/to_target 0.33 / train/loss/value 1.13 / train/loss/velocity 0.03 / replay/replay_ratio 1040 / fps/policy 7.17 / fps/train 7346.22

Writing metrics: /scratch/midway3/rickybao/dreamerv3_runs/adapt_ax1rbf1q1s0_synth_seed105_ckpt500000/metrics.jsonlWriting metrics: /scratch/midway3/rickybao/dreamerv3_runs/adapt_ax1rbf1q1s0_synth_seed105_ckpt500000/scores.jsonl

Saving checkpoint: /scratch/midway3/rickybao/dreamerv3_runs/adapt_ax1rbf1q1s0_synth_seed105_ckpt500000/ckpt/20260721T084828F383892
Saved checkpoint.

--------------------[Agent Step 105_728]--------------------
Metrics filtered by: 'score|length|fps|ratio|train/loss/|train/rand/'
train/loss/con 0.02 / train/loss/distractor 1.3 / train/loss/dyn 12.3 / train/loss/policy -0.02 / train/loss/position 0.31 / train/loss/rep 12.3 / train/loss/repval 1.29 / train/loss/rew 0.1 / train/loss/to_target 0.33 / train/loss/value 1.14 / train/loss/velocity 0.03 / replay/replay_ratio 1040 / fps/policy 7.16 / fps/train 7334.11

Writing metrics: /scratch/midway3/rickybao/dreamerv3_runs/adapt_ax1rbf1q1s0_synth_seed105_ckpt500000/scores.jsonl
Writing metrics: /scratch/midway3/rickybao/dreamerv3_runs/adapt_ax1rbf1q1s0_synth_seed105_ckpt500000/metrics.jsonl

--------------------[Agent Step 106_592]--------------------
Metrics filtered by: 'score|length|fps|ratio|train/loss/|train/rand/'
train/loss/con 0.02 / train/loss/distractor 1.3 / train/loss/dyn 12.31 / train/loss/policy -0.02 / train/loss/position 0.31 / train/loss/rep 12.31 / train/loss/repval 1.28 / train/loss/rew 0.1 / train/loss/to_target 0.33 / train/loss/value 1.14 / train/loss/velocity 0.03 / replay/replay_ratio 1040 / fps/policy 7.17 / fps/train 7345.95

Writing metrics: /scratch/midway3/rickybao/dreamerv3_runs/adapt_ax1rbf1q1s0_synth_seed105_ckpt500000/scores.jsonlWriting metrics: /scratch/midway3/rickybao/dreamerv3_runs/adapt_ax1rbf1q1s0_synth_seed105_ckpt500000/metrics.jsonl


--------------------[Agent Step 107_456]--------------------
Metrics filtered by: 'score|length|fps|ratio|train/loss/|train/rand/'
train/loss/con 0.02 / train/loss/distractor 1.31 / train/loss/dyn 12.32 / train/loss/policy -0.03 / train/loss/position 0.31 / train/loss/rep 12.32 / train/loss/repval 1.29 / train/loss/rew 0.1 / train/loss/to_target 0.34 / train/loss/value 1.14 / train/loss/velocity 0.03 / replay/replay_ratio 1040 / fps/policy 7.17 / fps/train 7343.34

Writing metrics: /scratch/midway3/rickybao/dreamerv3_runs/adapt_ax1rbf1q1s0_synth_seed105_ckpt500000/metrics.jsonl
Writing metrics: /scratch/midway3/rickybao/dreamerv3_runs/adapt_ax1rbf1q1s0_synth_seed105_ckpt500000/scores.jsonl

--------------------[Agent Step 108_320]--------------------
Metrics filtered by: 'score|length|fps|ratio|train/loss/|train/rand/'
train/loss/con 0.02 / train/loss/distractor 1.3 / train/loss/dyn 12.31 / train/loss/policy -0.03 / train/loss/position 0.32 / train/loss/rep 12.31 / train/loss/repval 1.31 / train/loss/rew 0.1 / train/loss/to_target 0.34 / train/loss/value 1.11 / train/loss/velocity 0.03 / replay/replay_ratio 1040 / fps/policy 7.17 / fps/train 7345.02

Writing metrics: /scratch/midway3/rickybao/dreamerv3_runs/adapt_ax1rbf1q1s0_synth_seed105_ckpt500000/metrics.jsonlWriting metrics: /scratch/midway3/rickybao/dreamerv3_runs/adapt_ax1rbf1q1s0_synth_seed105_ckpt500000/scores.jsonl


--------------------[Agent Step 109_184]--------------------
Metrics filtered by: 'score|length|fps|ratio|train/loss/|train/rand/'
train/loss/con 0.02 / train/loss/distractor 1.31 / train/loss/dyn 12.35 / train/loss/policy -0.03 / train/loss/position 0.32 / train/loss/rep 12.35 / train/loss/repval 1.32 / train/loss/rew 0.1 / train/loss/to_target 0.34 / train/loss/value 1.09 / train/loss/velocity 0.03 / replay/replay_ratio 1040 / fps/policy 7.18 / fps/train 7351.13

Writing metrics: /scratch/midway3/rickybao/dreamerv3_runs/adapt_ax1rbf1q1s0_synth_seed105_ckpt500000/metrics.jsonlWriting metrics: /scratch/midway3/rickybao/dreamerv3_runs/adapt_ax1rbf1q1s0_synth_seed105_ckpt500000/scores.jsonl


--------------------[Agent Step 110_048]--------------------
Metrics filtered by: 'score|length|fps|ratio|train/loss/|train/rand/'
train/loss/con 0.02 / train/loss/distractor 1.31 / train/loss/dyn 12.35 / train/loss/policy -0.03 / train/loss/position 0.31 / train/loss/rep 12.35 / train/loss/repval 1.33 / train/loss/rew 0.1 / train/loss/to_target 0.34 / train/loss/value 1.03 / train/loss/velocity 0.03 / replay/replay_ratio 1040 / fps/policy 7.17 / fps/train 7343.86

Writing metrics: /scratch/midway3/rickybao/dreamerv3_runs/adapt_ax1rbf1q1s0_synth_seed105_ckpt500000/metrics.jsonlWriting metrics: /scratch/midway3/rickybao/dreamerv3_runs/adapt_ax1rbf1q1s0_synth_seed105_ckpt500000/scores.jsonl


--------------------[Agent Step 110_912]--------------------
Metrics filtered by: 'score|length|fps|ratio|train/loss/|train/rand/'
train/loss/con 0.02 / train/loss/distractor 1.31 / train/loss/dyn 12.32 / train/loss/policy -0.03 / train/loss/position 0.32 / train/loss/rep 12.32 / train/loss/repval 1.3 / train/loss/rew 0.11 / train/loss/to_target 0.34 / train/loss/value 0.95 / train/loss/velocity 0.03 / replay/replay_ratio 1040 / fps/policy 7.17 / fps/train 7341.6

Writing metrics: /scratch/midway3/rickybao/dreamerv3_runs/adapt_ax1rbf1q1s0_synth_seed105_ckpt500000/metrics.jsonlWriting metrics: /scratch/midway3/rickybao/dreamerv3_runs/adapt_ax1rbf1q1s0_synth_seed105_ckpt500000/scores.jsonl


--------------------[Agent Step 111_776]--------------------
Metrics filtered by: 'score|length|fps|ratio|train/loss/|train/rand/'
train/loss/con 0.02 / train/loss/distractor 1.3 / train/loss/dyn 12.32 / train/loss/policy -0.04 / train/loss/position 0.32 / train/loss/rep 12.32 / train/loss/repval 1.2 / train/loss/rew 0.1 / train/loss/to_target 0.34 / train/loss/value 0.93 / train/loss/velocity 0.03 / replay/replay_ratio 1040 / fps/policy 7.17 / fps/train 7339.4

Writing metrics: /scratch/midway3/rickybao/dreamerv3_runs/adapt_ax1rbf1q1s0_synth_seed105_ckpt500000/scores.jsonlWriting metrics: /scratch/midway3/rickybao/dreamerv3_runs/adapt_ax1rbf1q1s0_synth_seed105_ckpt500000/metrics.jsonl

Saving checkpoint: /scratch/midway3/rickybao/dreamerv3_runs/adapt_ax1rbf1q1s0_synth_seed105_ckpt500000/ckpt/20260721T090329F852427
Saved checkpoint.

--------------------[Agent Step 112_640]--------------------
Metrics filtered by: 'score|length|fps|ratio|train/loss/|train/rand/'
episode/score 69 / episode/length 1001 / train/loss/con 0.02 / train/loss/distractor 1.3 / train/loss/dyn 12.3 / train/loss/policy -0.03 / train/loss/position 0.32 / train/loss/rep 12.3 / train/loss/repval 1.15 / train/loss/rew 0.11 / train/loss/to_target 0.34 / train/loss/value 1.05 / train/loss/velocity 0.03 / replay/replay_ratio 1040 / fps/policy 7.16 / fps/train 7326.8

Writing metrics: /scratch/midway3/rickybao/dreamerv3_runs/adapt_ax1rbf1q1s0_synth_seed105_ckpt500000/scores.jsonlWriting metrics: /scratch/midway3/rickybao/dreamerv3_runs/adapt_ax1rbf1q1s0_synth_seed105_ckpt500000/metrics.jsonl


--------------------[Agent Step 113_504]--------------------
Metrics filtered by: 'score|length|fps|ratio|train/loss/|train/rand/'
train/loss/con 0.02 / train/loss/distractor 1.3 / train/loss/dyn 12.31 / train/loss/policy -0.03 / train/loss/position 0.32 / train/loss/rep 12.31 / train/loss/repval 1.18 / train/loss/rew 0.11 / train/loss/to_target 0.34 / train/loss/value 1.13 / train/loss/velocity 0.03 / replay/replay_ratio 1040 / fps/policy 7.18 / fps/train 7348.3

Writing metrics: /scratch/midway3/rickybao/dreamerv3_runs/adapt_ax1rbf1q1s0_synth_seed105_ckpt500000/metrics.jsonlWriting metrics: /scratch/midway3/rickybao/dreamerv3_runs/adapt_ax1rbf1q1s0_synth_seed105_ckpt500000/scores.jsonl


--------------------[Agent Step 114_368]--------------------
Metrics filtered by: 'score|length|fps|ratio|train/loss/|train/rand/'
train/loss/con 0.02 / train/loss/distractor 1.3 / train/loss/dyn 12.35 / train/loss/policy -0.02 / train/loss/position 0.32 / train/loss/rep 12.35 / train/loss/repval 1.18 / train/loss/rew 0.11 / train/loss/to_target 0.34 / train/loss/value 1.15 / train/loss/velocity 0.03 / replay/replay_ratio 1040 / fps/policy 7.17 / fps/train 7343.72

Writing metrics: /scratch/midway3/rickybao/dreamerv3_runs/adapt_ax1rbf1q1s0_synth_seed105_ckpt500000/scores.jsonl
Writing metrics: /scratch/midway3/rickybao/dreamerv3_runs/adapt_ax1rbf1q1s0_synth_seed105_ckpt500000/metrics.jsonl

--------------------[Agent Step 115_232]--------------------
Metrics filtered by: 'score|length|fps|ratio|train/loss/|train/rand/'
train/loss/con 0.02 / train/loss/distractor 1.3 / train/loss/dyn 12.35 / train/loss/policy -0.03 / train/loss/position 0.32 / train/loss/rep 12.35 / train/loss/repval 1.15 / train/loss/rew 0.11 / train/loss/to_target 0.34 / train/loss/value 1.15 / train/loss/velocity 0.03 / replay/replay_ratio 1040 / fps/policy 7.17 / fps/train 7346.89

Writing metrics: /scratch/midway3/rickybao/dreamerv3_runs/adapt_ax1rbf1q1s0_synth_seed105_ckpt500000/metrics.jsonl
Writing metrics: /scratch/midway3/rickybao/dreamerv3_runs/adapt_ax1rbf1q1s0_synth_seed105_ckpt500000/scores.jsonl

--------------------[Agent Step 116_096]--------------------
Metrics filtered by: 'score|length|fps|ratio|train/loss/|train/rand/'
train/loss/con 0.02 / train/loss/distractor 1.3 / train/loss/dyn 12.35 / train/loss/policy -0.02 / train/loss/position 0.31 / train/loss/rep 12.35 / train/loss/repval 1.14 / train/loss/rew 0.11 / train/loss/to_target 0.33 / train/loss/value 1.13 / train/loss/velocity 0.03 / replay/replay_ratio 1040 / fps/policy 7.17 / fps/train 7338.94

Writing metrics: /scratch/midway3/rickybao/dreamerv3_runs/adapt_ax1rbf1q1s0_synth_seed105_ckpt500000/scores.jsonlWriting metrics: /scratch/midway3/rickybao/dreamerv3_runs/adapt_ax1rbf1q1s0_synth_seed105_ckpt500000/metrics.jsonl


--------------------[Agent Step 116_960]--------------------
Metrics filtered by: 'score|length|fps|ratio|train/loss/|train/rand/'
train/loss/con 0.02 / train/loss/distractor 1.3 / train/loss/dyn 12.36 / train/loss/policy -0.02 / train/loss/position 0.31 / train/loss/rep 12.36 / train/loss/repval 1.12 / train/loss/rew 0.11 / train/loss/to_target 0.33 / train/loss/value 1.08 / train/loss/velocity 0.03 / replay/replay_ratio 1040 / fps/policy 7.17 / fps/train 7343.56

Writing metrics: /scratch/midway3/rickybao/dreamerv3_runs/adapt_ax1rbf1q1s0_synth_seed105_ckpt500000/metrics.jsonl
Writing metrics: /scratch/midway3/rickybao/dreamerv3_runs/adapt_ax1rbf1q1s0_synth_seed105_ckpt500000/scores.jsonl

--------------------[Agent Step 117_824]--------------------
Metrics filtered by: 'score|length|fps|ratio|train/loss/|train/rand/'
train/loss/con 0.02 / train/loss/distractor 1.3 / train/loss/dyn 12.36 / train/loss/policy -0.02 / train/loss/position 0.32 / train/loss/rep 12.36 / train/loss/repval 1.12 / train/loss/rew 0.11 / train/loss/to_target 0.34 / train/loss/value 1.05 / train/loss/velocity 0.03 / replay/replay_ratio 1040 / fps/policy 7.16 / fps/train 7334.31

Writing metrics: /scratch/midway3/rickybao/dreamerv3_runs/adapt_ax1rbf1q1s0_synth_seed105_ckpt500000/metrics.jsonlWriting metrics: /scratch/midway3/rickybao/dreamerv3_runs/adapt_ax1rbf1q1s0_synth_seed105_ckpt500000/scores.jsonl

Saving checkpoint: /scratch/midway3/rickybao/dreamerv3_runs/adapt_ax1rbf1q1s0_synth_seed105_ckpt500000/ckpt/20260721T091831F610890
Saved checkpoint.

--------------------[Agent Step 118_688]--------------------
Metrics filtered by: 'score|length|fps|ratio|train/loss/|train/rand/'
train/loss/con 0.02 / train/loss/distractor 1.3 / train/loss/dyn 12.34 / train/loss/policy -0.02 / train/loss/position 0.32 / train/loss/rep 12.34 / train/loss/repval 1.12 / train/loss/rew 0.11 / train/loss/to_target 0.33 / train/loss/value 0.99 / train/loss/velocity 0.03 / replay/replay_ratio 1040 / fps/policy 7.16 / fps/train 7330.04

Writing metrics: /scratch/midway3/rickybao/dreamerv3_runs/adapt_ax1rbf1q1s0_synth_seed105_ckpt500000/metrics.jsonlWriting metrics: /scratch/midway3/rickybao/dreamerv3_runs/adapt_ax1rbf1q1s0_synth_seed105_ckpt500000/scores.jsonl


--------------------[Agent Step 119_552]--------------------
Metrics filtered by: 'score|length|fps|ratio|train/loss/|train/rand/'
train/loss/con 0.02 / train/loss/distractor 1.3 / train/loss/dyn 12.34 / train/loss/policy -0.03 / train/loss/position 0.32 / train/loss/rep 12.34 / train/loss/repval 1.13 / train/loss/rew 0.11 / train/loss/to_target 0.33 / train/loss/value 0.94 / train/loss/velocity 0.03 / replay/replay_ratio 1040 / fps/policy 7.16 / fps/train 7335.22

Writing metrics: /scratch/midway3/rickybao/dreamerv3_runs/adapt_ax1rbf1q1s0_synth_seed105_ckpt500000/metrics.jsonlWriting metrics: /scratch/midway3/rickybao/dreamerv3_runs/adapt_ax1rbf1q1s0_synth_seed105_ckpt500000/scores.jsonl


--------------------[Agent Step 120_416]--------------------
Metrics filtered by: 'score|length|fps|ratio|train/loss/|train/rand/'
train/loss/con 0.02 / train/loss/distractor 1.3 / train/loss/dyn 12.37 / train/loss/policy -0.02 / train/loss/position 0.31 / train/loss/rep 12.37 / train/loss/repval 1.13 / train/loss/rew 0.11 / train/loss/to_target 0.33 / train/loss/value 0.94 / train/loss/velocity 0.03 / replay/replay_ratio 1040 / fps/policy 7.16 / fps/train 7332.78

Writing metrics: /scratch/midway3/rickybao/dreamerv3_runs/adapt_ax1rbf1q1s0_synth_seed105_ckpt500000/scores.jsonl
Writing metrics: /scratch/midway3/rickybao/dreamerv3_runs/adapt_ax1rbf1q1s0_synth_seed105_ckpt500000/metrics.jsonl

--------------------[Agent Step 121_280]--------------------
Metrics filtered by: 'score|length|fps|ratio|train/loss/|train/rand/'
train/loss/con 0.02 / train/loss/distractor 1.3 / train/loss/dyn 12.36 / train/loss/policy -0.02 / train/loss/position 0.32 / train/loss/rep 12.36 / train/loss/repval 1.14 / train/loss/rew 0.11 / train/loss/to_target 0.34 / train/loss/value 0.91 / train/loss/velocity 0.03 / replay/replay_ratio 1040 / fps/policy 7.17 / fps/train 7341

Writing metrics: /scratch/midway3/rickybao/dreamerv3_runs/adapt_ax1rbf1q1s0_synth_seed105_ckpt500000/metrics.jsonlWriting metrics: /scratch/midway3/rickybao/dreamerv3_runs/adapt_ax1rbf1q1s0_synth_seed105_ckpt500000/scores.jsonl


--------------------[Agent Step 122_144]--------------------
Metrics filtered by: 'score|length|fps|ratio|train/loss/|train/rand/'
train/loss/con 0.02 / train/loss/distractor 1.3 / train/loss/dyn 12.37 / train/loss/policy -0.02 / train/loss/position 0.31 / train/loss/rep 12.37 / train/loss/repval 1.17 / train/loss/rew 0.11 / train/loss/to_target 0.33 / train/loss/value 0.88 / train/loss/velocity 0.03 / replay/replay_ratio 1040 / fps/policy 7.17 / fps/train 7339.15

Writing metrics: /scratch/midway3/rickybao/dreamerv3_runs/adapt_ax1rbf1q1s0_synth_seed105_ckpt500000/metrics.jsonlWriting metrics: /scratch/midway3/rickybao/dreamerv3_runs/adapt_ax1rbf1q1s0_synth_seed105_ckpt500000/scores.jsonl


--------------------[Agent Step 123_008]--------------------
Metrics filtered by: 'score|length|fps|ratio|train/loss/|train/rand/'
train/loss/con 0.02 / train/loss/distractor 1.3 / train/loss/dyn 12.38 / train/loss/policy -0.02 / train/loss/position 0.31 / train/loss/rep 12.38 / train/loss/repval 1.16 / train/loss/rew 0.11 / train/loss/to_target 0.33 / train/loss/value 0.9 / train/loss/velocity 0.03 / replay/replay_ratio 1040 / fps/policy 7.17 / fps/train 7338.35

Writing metrics: /scratch/midway3/rickybao/dreamerv3_runs/adapt_ax1rbf1q1s0_synth_seed105_ckpt500000/metrics.jsonlWriting metrics: /scratch/midway3/rickybao/dreamerv3_runs/adapt_ax1rbf1q1s0_synth_seed105_ckpt500000/scores.jsonl


--------------------[Agent Step 123_872]--------------------
Metrics filtered by: 'score|length|fps|ratio|train/loss/|train/rand/'
train/loss/con 0.02 / train/loss/distractor 1.3 / train/loss/dyn 12.39 / train/loss/policy -0.02 / train/loss/position 0.32 / train/loss/rep 12.39 / train/loss/repval 1.19 / train/loss/rew 0.12 / train/loss/to_target 0.34 / train/loss/value 0.86 / train/loss/velocity 0.03 / replay/replay_ratio 1040 / fps/policy 7.17 / fps/train 7341.65

Writing metrics: /scratch/midway3/rickybao/dreamerv3_runs/adapt_ax1rbf1q1s0_synth_seed105_ckpt500000/metrics.jsonlWriting metrics: /scratch/midway3/rickybao/dreamerv3_runs/adapt_ax1rbf1q1s0_synth_seed105_ckpt500000/scores.jsonl


--------------------[Agent Step 124_736]--------------------
Metrics filtered by: 'score|length|fps|ratio|train/loss/|train/rand/'
train/loss/con 0.02 / train/loss/distractor 1.3 / train/loss/dyn 12.38 / train/loss/policy -0.03 / train/loss/position 0.31 / train/loss/rep 12.38 / train/loss/repval 1.19 / train/loss/rew 0.11 / train/loss/to_target 0.34 / train/loss/value 0.88 / train/loss/velocity 0.03 / replay/replay_ratio 1040 / fps/policy 7.17 / fps/train 7339.55

Writing metrics: /scratch/midway3/rickybao/dreamerv3_runs/adapt_ax1rbf1q1s0_synth_seed105_ckpt500000/scores.jsonl
Writing metrics: /scratch/midway3/rickybao/dreamerv3_runs/adapt_ax1rbf1q1s0_synth_seed105_ckpt500000/metrics.jsonl
Saving checkpoint: /scratch/midway3/rickybao/dreamerv3_runs/adapt_ax1rbf1q1s0_synth_seed105_ckpt500000/ckpt/20260721T093333F772340
Saved checkpoint.
[Tue Jul 21 09:33:59 CDT 2026] adapt adapt_ax1rbf1q1s0_synth_seed105_ckpt500000 rc=0 status=DONE
[Tue Jul 21 09:33:59 CDT 2026] DONE child adapt_ax1rbf1q1s0_synth_seed105_ckpt500000
[Tue Jul 21 09:33:59 CDT 2026] START child adapt_ax1rbf1q1s0_synth_seed106_ckpt500000 WM_RUN=ax1wm_synth_fq1s0_seed1
[Tue Jul 21 09:33:59 CDT 2026] axis1 child starting RUN_ID=adapt_ax1rbf1q1s0_synth_seed106_ckpt500000 WM_RUN=ax1wm_synth_fq1s0_seed1 job=52442236 host=midway3-0286.rcc.local
[Tue Jul 21 09:33:59 CDT 2026] env prepared: python=/scratch/midway3/rickybao/conda_envs/dreamerv3/bin/python
python_executable=/scratch/midway3/rickybao/conda_envs/dreamerv3/bin/python
[Tue Jul 21 09:33:59 CDT 2026] offline WM already fit: /scratch/midway3/rickybao/dreamerv3_runs/ax1wm_synth_fq1s0_seed1/ckpt/20260718T125044F760787-000000500000 (skipping stage 1)
[Tue Jul 21 09:33:59 CDT 2026] adapt RUN_ID=adapt_ax1rbf1q1s0_synth_seed106_ckpt500000 TASK=synth_reach SEED=106 CKPT=/scratch/midway3/rickybao/dreamerv3_runs/ax1wm_synth_fq1s0_seed1/ckpt/20260718T125044F760787-000000500000 STEPS=1.25e5
---  ___                           __   ______ ---
--- |   \ _ _ ___ __ _ _ __  ___ _ \ \ / /__ / ---
--- | |) | '_/ -_) _` | '  \/ -_) '/\ V / |_ \ ---
--- |___/|_| \___\__,_|_|_|_\___|_|  \_/ |___/ ---
Replica: 0 / 1
Logdir: /scratch/midway3/rickybao/dreamerv3_runs/adapt_ax1rbf1q1s0_synth_seed106_ckpt500000
Run script: train
Observations
  position         Space(float32, shape=(2,), low=-inf, high=inf)
  velocity         Space(float32, shape=(2,), low=-inf, high=inf)
  distractor       Space(float32, shape=(8,), low=-inf, high=inf)
  to_target        Space(float32, shape=(2,), low=-inf, high=inf)
  reward           Space(float32, shape=(), low=-inf, high=inf)
  is_first         Space(bool, shape=(), low=False, high=True)
  is_last          Space(bool, shape=(), low=False, high=True)
  is_terminal      Space(bool, shape=(), low=False, high=True)
Actions
  action           Space(float32, shape=(2,), low=-1.0, high=1.0)
Extras
  consec           Space(int32, shape=(), low=-2147483648, high=2147483647)
  stepid           Space(uint8, shape=(20,), low=0, high=255)
  dyn/deter        Space(float32, shape=(512,), low=-inf, high=inf)
  dyn/stoch        Space(float32, shape=(32, 4), low=-inf, high=inf)
JAX devices (1): [cuda:0]
Policy devices: cuda:0
Train devices:  cuda:0
Initializing parameters...
Optimizer opt has 214,723 params:
        66,111 val
        57,663 rew
        49,796 pol
        41,153 con
Done initializing!
Compiling 1 checkpoint groups...
Largest checkpoint group: 0 GB
Compiling train and report...
Train cost analysis:
  FLOPS:            7.2e+09
  Memory (temp):    1.8e+08
  Memory (inputs):  7.3e+06
  Memory (outputs): 5.9e+06
  Memory (code):    1.5e+06

Report cost analysis:
  FLOPS:            2.0e+06
  Memory (temp):    9.2e+05
  Memory (inputs):  2.7e+06
  Memory (outputs): 2.1e+04
  Memory (code):    9.8e+04

Done compiling!
Loaded pretrained checkpoint with keys: ['dec/mlp/linear0/bias', 'dec/mlp/linear0/kernel', 'dec/mlp/linear1/bias', 'dec/mlp/linear1/kernel', 'dec/mlp/linear2/bias', 'dec/mlp/linear2/kernel', 'dec/mlp/norm0/scale', 'dec/mlp/norm1/scale', 'dec/mlp/norm2/scale', 'dec/vec/distractor/pred/bias', 'dec/vec/distractor/pred/kernel', 'dec/vec/position/pred/bias', 'dec/vec/position/pred/kernel', 'dec/vec/to_target/pred/bias', 'dec/vec/to_target/pred/kernel', 'dec/vec/velocity/pred/bias', 'dec/vec/velocity/pred/kernel', 'dyn/dyngru/bias', 'dyn/dyngru/kernel', 'dyn/dynhid0/bias', 'dyn/dynhid0/kernel', 'dyn/dynhid0norm/scale', 'dyn/dynin0/bias', 'dyn/dynin0/kernel', 'dyn/dynin0norm/scale', 'dyn/dynin1/bias', 'dyn/dynin1/kernel', 'dyn/dynin1norm/scale', 'dyn/dynin2/bias', 'dyn/dynin2/kernel', 'dyn/dynin2norm/scale', 'dyn/obs0/bias', 'dyn/obs0/kernel', 'dyn/obs0norm/scale', 'dyn/obslogit/bias', 'dyn/obslogit/kernel', 'dyn/prior0/bias', 'dyn/prior0/kernel', 'dyn/prior0norm/scale', 'dyn/prior1/bias', 'dyn/prior1/kernel', 'dyn/prior1norm/scale', 'dyn/priorlogit/bias', 'dyn/priorlogit/kernel', 'enc/mlp0/bias', 'enc/mlp0/kernel', 'enc/mlp0norm/scale', 'enc/mlp1/bias', 'enc/mlp1/kernel', 'enc/mlp1norm/scale', 'enc/mlp2/bias', 'enc/mlp2/kernel', 'enc/mlp2norm/scale']
Did not find any checkpoint.
Saving checkpoint: /scratch/midway3/rickybao/dreamerv3_runs/adapt_ax1rbf1q1s0_synth_seed106_ckpt500000/ckpt/20260721T093427F266483
Saved checkpoint.
Start training loop

--------------------[Agent Step 2_912]--------------------
Metrics filtered by: 'score|length|fps|ratio|train/loss/|train/rand/'
train/loss/con 0.21 / train/loss/distractor 1.31 / train/loss/dyn 12.42 / train/loss/policy -3.8e-4 / train/loss/position 0.23 / train/loss/rep 12.42 / train/loss/repval 9.28 / train/loss/rew 4.68 / train/loss/to_target 0.19 / train/loss/value 3.9 / train/loss/velocity 5e-3 / replay/replay_ratio 477.03 / fps/policy 23.59 / fps/train 7176.86

Writing metrics: /scratch/midway3/rickybao/dreamerv3_runs/adapt_ax1rbf1q1s0_synth_seed106_ckpt500000/metrics.jsonlWriting metrics: /scratch/midway3/rickybao/dreamerv3_runs/adapt_ax1rbf1q1s0_synth_seed106_ckpt500000/scores.jsonl


--------------------[Agent Step 3_776]--------------------
Metrics filtered by: 'score|length|fps|ratio|train/loss/|train/rand/'
train/loss/con 0.03 / train/loss/distractor 1.32 / train/loss/dyn 12.37 / train/loss/policy -7.3e-4 / train/loss/position 0.22 / train/loss/rep 12.37 / train/loss/repval 1.8 / train/loss/rew 0.97 / train/loss/to_target 0.19 / train/loss/value 1.57 / train/loss/velocity 5.1e-3 / replay/replay_ratio 1040 / fps/policy 7.17 / fps/train 7344.99

Writing metrics: /scratch/midway3/rickybao/dreamerv3_runs/adapt_ax1rbf1q1s0_synth_seed106_ckpt500000/metrics.jsonlWriting metrics: /scratch/midway3/rickybao/dreamerv3_runs/adapt_ax1rbf1q1s0_synth_seed106_ckpt500000/scores.jsonl


--------------------[Agent Step 4_640]--------------------
Metrics filtered by: 'score|length|fps|ratio|train/loss/|train/rand/'
train/loss/con 0.02 / train/loss/distractor 1.33 / train/loss/dyn 12.42 / train/loss/policy 6.6e-3 / train/loss/position 0.22 / train/loss/rep 12.42 / train/loss/repval 0.43 / train/loss/rew 0.1 / train/loss/to_target 0.18 / train/loss/value 0.28 / train/loss/velocity 5.2e-3 / replay/replay_ratio 1040 / fps/policy 7.16 / fps/train 7333.89

Writing metrics: /scratch/midway3/rickybao/dreamerv3_runs/adapt_ax1rbf1q1s0_synth_seed106_ckpt500000/metrics.jsonlWriting metrics: /scratch/midway3/rickybao/dreamerv3_runs/adapt_ax1rbf1q1s0_synth_seed106_ckpt500000/scores.jsonl


--------------------[Agent Step 5_504]--------------------
Metrics filtered by: 'score|length|fps|ratio|train/loss/|train/rand/'
train/loss/con 0.02 / train/loss/distractor 1.33 / train/loss/dyn 12.47 / train/loss/policy 0.02 / train/loss/position 0.21 / train/loss/rep 12.47 / train/loss/repval 1.33 / train/loss/rew 0.09 / train/loss/to_target 0.17 / train/loss/value 1.08 / train/loss/velocity 6e-3 / replay/replay_ratio 1040 / fps/policy 7.16 / fps/train 7328.38

Writing metrics: /scratch/midway3/rickybao/dreamerv3_runs/adapt_ax1rbf1q1s0_synth_seed106_ckpt500000/metrics.jsonlWriting metrics: /scratch/midway3/rickybao/dreamerv3_runs/adapt_ax1rbf1q1s0_synth_seed106_ckpt500000/scores.jsonl


--------------------[Agent Step 6_368]--------------------
Metrics filtered by: 'score|length|fps|ratio|train/loss/|train/rand/'
train/loss/con 0.02 / train/loss/distractor 1.33 / train/loss/dyn 12.52 / train/loss/policy 0.04 / train/loss/position 0.19 / train/loss/rep 12.52 / train/loss/repval 1.53 / train/loss/rew 0.06 / train/loss/to_target 0.16 / train/loss/value 1.37 / train/loss/velocity 8.6e-3 / replay/replay_ratio 1040 / fps/policy 7.15 / fps/train 7321.35

Writing metrics: /scratch/midway3/rickybao/dreamerv3_runs/adapt_ax1rbf1q1s0_synth_seed106_ckpt500000/metrics.jsonl
Writing metrics: /scratch/midway3/rickybao/dreamerv3_runs/adapt_ax1rbf1q1s0_synth_seed106_ckpt500000/scores.jsonl

--------------------[Agent Step 7_232]--------------------
Metrics filtered by: 'score|length|fps|ratio|train/loss/|train/rand/'
train/loss/con 0.02 / train/loss/distractor 1.33 / train/loss/dyn 12.6 / train/loss/policy 0.08 / train/loss/position 0.18 / train/loss/rep 12.6 / train/loss/repval 1.61 / train/loss/rew 0.05 / train/loss/to_target 0.15 / train/loss/value 1.35 / train/loss/velocity 0.01 / replay/replay_ratio 1040 / fps/policy 7.16 / fps/train 7336.28

Writing metrics: /scratch/midway3/rickybao/dreamerv3_runs/adapt_ax1rbf1q1s0_synth_seed106_ckpt500000/scores.jsonlWriting metrics: /scratch/midway3/rickybao/dreamerv3_runs/adapt_ax1rbf1q1s0_synth_seed106_ckpt500000/metrics.jsonl


--------------------[Agent Step 8_096]--------------------
Metrics filtered by: 'score|length|fps|ratio|train/loss/|train/rand/'
train/loss/con 0.02 / train/loss/distractor 1.32 / train/loss/dyn 12.55 / train/loss/policy 0.17 / train/loss/position 0.17 / train/loss/rep 12.55 / train/loss/repval 1.8 / train/loss/rew 0.06 / train/loss/to_target 0.15 / train/loss/value 1.46 / train/loss/velocity 0.02 / replay/replay_ratio 1040 / fps/policy 7.17 / fps/train 7337.38

Writing metrics: /scratch/midway3/rickybao/dreamerv3_runs/adapt_ax1rbf1q1s0_synth_seed106_ckpt500000/scores.jsonlWriting metrics: /scratch/midway3/rickybao/dreamerv3_runs/adapt_ax1rbf1q1s0_synth_seed106_ckpt500000/metrics.jsonl

Saving checkpoint: /scratch/midway3/rickybao/dreamerv3_runs/adapt_ax1rbf1q1s0_synth_seed106_ckpt500000/ckpt/20260721T094930F030831
Saved checkpoint.

--------------------[Agent Step 8_960]--------------------
Metrics filtered by: 'score|length|fps|ratio|train/loss/|train/rand/'
train/loss/con 0.02 / train/loss/distractor 1.31 / train/loss/dyn 12.58 / train/loss/policy 0.21 / train/loss/position 0.19 / train/loss/rep 12.58 / train/loss/repval 1.81 / train/loss/rew 0.05 / train/loss/to_target 0.17 / train/loss/value 1.51 / train/loss/velocity 0.03 / replay/replay_ratio 1040 / fps/policy 7.15 / fps/train 7322.53

Writing metrics: /scratch/midway3/rickybao/dreamerv3_runs/adapt_ax1rbf1q1s0_synth_seed106_ckpt500000/scores.jsonlWriting metrics: /scratch/midway3/rickybao/dreamerv3_runs/adapt_ax1rbf1q1s0_synth_seed106_ckpt500000/metrics.jsonl


--------------------[Agent Step 9_824]--------------------
Metrics filtered by: 'score|length|fps|ratio|train/loss/|train/rand/'
train/loss/con 0.02 / train/loss/distractor 1.32 / train/loss/dyn 12.63 / train/loss/policy 0.19 / train/loss/position 0.2 / train/loss/rep 12.63 / train/loss/repval 1.53 / train/loss/rew 0.04 / train/loss/to_target 0.19 / train/loss/value 1.29 / train/loss/velocity 0.03 / replay/replay_ratio 1040 / fps/policy 7.18 / fps/train 7357.38

Writing metrics: /scratch/midway3/rickybao/dreamerv3_runs/adapt_ax1rbf1q1s0_synth_seed106_ckpt500000/metrics.jsonlWriting metrics: /scratch/midway3/rickybao/dreamerv3_runs/adapt_ax1rbf1q1s0_synth_seed106_ckpt500000/scores.jsonl


--------------------[Agent Step 10_688]--------------------
Metrics filtered by: 'score|length|fps|ratio|train/loss/|train/rand/'
train/loss/con 0.02 / train/loss/distractor 1.33 / train/loss/dyn 12.62 / train/loss/policy 0.19 / train/loss/position 0.2 / train/loss/rep 12.62 / train/loss/repval 1.57 / train/loss/rew 0.03 / train/loss/to_target 0.2 / train/loss/value 1.3 / train/loss/velocity 0.04 / replay/replay_ratio 1040 / fps/policy 7.18 / fps/train 7356.22

Writing metrics: /scratch/midway3/rickybao/dreamerv3_runs/adapt_ax1rbf1q1s0_synth_seed106_ckpt500000/metrics.jsonlWriting metrics: /scratch/midway3/rickybao/dreamerv3_runs/adapt_ax1rbf1q1s0_synth_seed106_ckpt500000/scores.jsonl


--------------------[Agent Step 11_552]--------------------
Metrics filtered by: 'score|length|fps|ratio|train/loss/|train/rand/'
train/loss/con 0.02 / train/loss/distractor 1.34 / train/loss/dyn 12.71 / train/loss/policy 0.14 / train/loss/position 0.2 / train/loss/rep 12.71 / train/loss/repval 1.48 / train/loss/rew 0.04 / train/loss/to_target 0.21 / train/loss/value 1.1 / train/loss/velocity 0.04 / replay/replay_ratio 1040 / fps/policy 7.17 / fps/train 7340.89

Writing metrics: /scratch/midway3/rickybao/dreamerv3_runs/adapt_ax1rbf1q1s0_synth_seed106_ckpt500000/scores.jsonlWriting metrics: /scratch/midway3/rickybao/dreamerv3_runs/adapt_ax1rbf1q1s0_synth_seed106_ckpt500000/metrics.jsonl


--------------------[Agent Step 12_416]--------------------
Metrics filtered by: 'score|length|fps|ratio|train/loss/|train/rand/'
train/loss/con 0.02 / train/loss/distractor 1.35 / train/loss/dyn 12.79 / train/loss/policy 0.1 / train/loss/position 0.21 / train/loss/rep 12.79 / train/loss/repval 1.39 / train/loss/rew 0.03 / train/loss/to_target 0.23 / train/loss/value 1.12 / train/loss/velocity 0.05 / replay/replay_ratio 1040 / fps/policy 7.17 / fps/train 7339.12

Writing metrics: /scratch/midway3/rickybao/dreamerv3_runs/adapt_ax1rbf1q1s0_synth_seed106_ckpt500000/scores.jsonl
Writing metrics: /scratch/midway3/rickybao/dreamerv3_runs/adapt_ax1rbf1q1s0_synth_seed106_ckpt500000/metrics.jsonl

--------------------[Agent Step 13_280]--------------------
Metrics filtered by: 'score|length|fps|ratio|train/loss/|train/rand/'
train/loss/con 0.02 / train/loss/distractor 1.35 / train/loss/dyn 12.77 / train/loss/policy 0.09 / train/loss/position 0.22 / train/loss/rep 12.77 / train/loss/repval 1.41 / train/loss/rew 0.03 / train/loss/to_target 0.25 / train/loss/value 1.07 / train/loss/velocity 0.05 / replay/replay_ratio 1040 / fps/policy 7.16 / fps/train 7336.47

Writing metrics: /scratch/midway3/rickybao/dreamerv3_runs/adapt_ax1rbf1q1s0_synth_seed106_ckpt500000/scores.jsonlWriting metrics: /scratch/midway3/rickybao/dreamerv3_runs/adapt_ax1rbf1q1s0_synth_seed106_ckpt500000/metrics.jsonl


--------------------[Agent Step 14_144]--------------------
Metrics filtered by: 'score|length|fps|ratio|train/loss/|train/rand/'
train/loss/con 0.02 / train/loss/distractor 1.35 / train/loss/dyn 12.85 / train/loss/policy 0.06 / train/loss/position 0.22 / train/loss/rep 12.85 / train/loss/repval 1.43 / train/loss/rew 0.02 / train/loss/to_target 0.26 / train/loss/value 1.09 / train/loss/velocity 0.05 / replay/replay_ratio 1040 / fps/policy 7.16 / fps/train 7333.61

Writing metrics: /scratch/midway3/rickybao/dreamerv3_runs/adapt_ax1rbf1q1s0_synth_seed106_ckpt500000/metrics.jsonlWriting metrics: /scratch/midway3/rickybao/dreamerv3_runs/adapt_ax1rbf1q1s0_synth_seed106_ckpt500000/scores.jsonl

Saving checkpoint: /scratch/midway3/rickybao/dreamerv3_runs/adapt_ax1rbf1q1s0_synth_seed106_ckpt500000/ckpt/20260721T100431F753307
Saved checkpoint.

--------------------[Agent Step 15_008]--------------------
Metrics filtered by: 'score|length|fps|ratio|train/loss/|train/rand/'
train/loss/con 0.02 / train/loss/distractor 1.35 / train/loss/dyn 12.82 / train/loss/policy -9e-3 / train/loss/position 0.23 / train/loss/rep 12.82 / train/loss/repval 1.5 / train/loss/rew 0.02 / train/loss/to_target 0.27 / train/loss/value 1.05 / train/loss/velocity 0.05 / replay/replay_ratio 1040 / fps/policy 7.14 / fps/train 7315.78

Writing metrics: /scratch/midway3/rickybao/dreamerv3_runs/adapt_ax1rbf1q1s0_synth_seed106_ckpt500000/scores.jsonlWriting metrics: /scratch/midway3/rickybao/dreamerv3_runs/adapt_ax1rbf1q1s0_synth_seed106_ckpt500000/metrics.jsonl


--------------------[Agent Step 15_872]--------------------
Metrics filtered by: 'score|length|fps|ratio|train/loss/|train/rand/'
train/loss/con 0.02 / train/loss/distractor 1.33 / train/loss/dyn 12.83 / train/loss/policy -0.02 / train/loss/position 0.23 / train/loss/rep 12.83 / train/loss/repval 1.44 / train/loss/rew 0.02 / train/loss/to_target 0.28 / train/loss/value 0.91 / train/loss/velocity 0.05 / replay/replay_ratio 1040 / fps/policy 7.16 / fps/train 7332.89

Writing metrics: /scratch/midway3/rickybao/dreamerv3_runs/adapt_ax1rbf1q1s0_synth_seed106_ckpt500000/metrics.jsonlWriting metrics: /scratch/midway3/rickybao/dreamerv3_runs/adapt_ax1rbf1q1s0_synth_seed106_ckpt500000/scores.jsonl


--------------------[Agent Step 16_736]--------------------
Metrics filtered by: 'score|length|fps|ratio|train/loss/|train/rand/'
episode/score 0 / episode/length 1001 / train/loss/con 0.02 / train/loss/distractor 1.31 / train/loss/dyn 12.79 / train/loss/policy -0.02 / train/loss/position 0.23 / train/loss/rep 12.79 / train/loss/repval 1.25 / train/loss/rew 0.01 / train/loss/to_target 0.28 / train/loss/value 1.11 / train/loss/velocity 0.05 / replay/replay_ratio 1040 / fps/policy 7.16 / fps/train 7329.52

Writing metrics: /scratch/midway3/rickybao/dreamerv3_runs/adapt_ax1rbf1q1s0_synth_seed106_ckpt500000/scores.jsonl
Writing metrics: /scratch/midway3/rickybao/dreamerv3_runs/adapt_ax1rbf1q1s0_synth_seed106_ckpt500000/metrics.jsonl

--------------------[Agent Step 17_600]--------------------
Metrics filtered by: 'score|length|fps|ratio|train/loss/|train/rand/'
train/loss/con 0.02 / train/loss/distractor 1.3 / train/loss/dyn 12.84 / train/loss/policy -0.01 / train/loss/position 0.23 / train/loss/rep 12.84 / train/loss/repval 1.26 / train/loss/rew 0.01 / train/loss/to_target 0.27 / train/loss/value 1.18 / train/loss/velocity 0.05 / replay/replay_ratio 1040 / fps/policy 7.16 / fps/train 7333.92

Writing metrics: /scratch/midway3/rickybao/dreamerv3_runs/adapt_ax1rbf1q1s0_synth_seed106_ckpt500000/metrics.jsonlWriting metrics: /scratch/midway3/rickybao/dreamerv3_runs/adapt_ax1rbf1q1s0_synth_seed106_ckpt500000/scores.jsonl


--------------------[Agent Step 18_464]--------------------
Metrics filtered by: 'score|length|fps|ratio|train/loss/|train/rand/'
train/loss/con 0.02 / train/loss/distractor 1.3 / train/loss/dyn 12.79 / train/loss/policy -0.02 / train/loss/position 0.23 / train/loss/rep 12.79 / train/loss/repval 1.3 / train/loss/rew 9.9e-3 / train/loss/to_target 0.27 / train/loss/value 1.2 / train/loss/velocity 0.04 / replay/replay_ratio 1040 / fps/policy 7.16 / fps/train 7331.12

Writing metrics: /scratch/midway3/rickybao/dreamerv3_runs/adapt_ax1rbf1q1s0_synth_seed106_ckpt500000/scores.jsonlWriting metrics: /scratch/midway3/rickybao/dreamerv3_runs/adapt_ax1rbf1q1s0_synth_seed106_ckpt500000/metrics.jsonl


--------------------[Agent Step 19_328]--------------------
Metrics filtered by: 'score|length|fps|ratio|train/loss/|train/rand/'
train/loss/con 0.02 / train/loss/distractor 1.3 / train/loss/dyn 12.74 / train/loss/policy -0.03 / train/loss/position 0.22 / train/loss/rep 12.74 / train/loss/repval 1.47 / train/loss/rew 9.5e-3 / train/loss/to_target 0.26 / train/loss/value 1.14 / train/loss/velocity 0.04 / replay/replay_ratio 1040 / fps/policy 7.16 / fps/train 7334.5

Writing metrics: /scratch/midway3/rickybao/dreamerv3_runs/adapt_ax1rbf1q1s0_synth_seed106_ckpt500000/scores.jsonlWriting metrics: /scratch/midway3/rickybao/dreamerv3_runs/adapt_ax1rbf1q1s0_synth_seed106_ckpt500000/metrics.jsonl


--------------------[Agent Step 20_192]--------------------
Metrics filtered by: 'score|length|fps|ratio|train/loss/|train/rand/'
train/loss/con 0.02 / train/loss/distractor 1.31 / train/loss/dyn 12.68 / train/loss/policy -0.03 / train/loss/position 0.21 / train/loss/rep 12.68 / train/loss/repval 1.2 / train/loss/rew 9.4e-3 / train/loss/to_target 0.25 / train/loss/value 1.14 / train/loss/velocity 0.04 / replay/replay_ratio 1040 / fps/policy 7.16 / fps/train 7332.4

Writing metrics: /scratch/midway3/rickybao/dreamerv3_runs/adapt_ax1rbf1q1s0_synth_seed106_ckpt500000/scores.jsonlWriting metrics: /scratch/midway3/rickybao/dreamerv3_runs/adapt_ax1rbf1q1s0_synth_seed106_ckpt500000/metrics.jsonl


--------------------[Agent Step 21_056]--------------------
Metrics filtered by: 'score|length|fps|ratio|train/loss/|train/rand/'
train/loss/con 0.02 / train/loss/distractor 1.31 / train/loss/dyn 12.62 / train/loss/policy -0.03 / train/loss/position 0.21 / train/loss/rep 12.62 / train/loss/repval 1.32 / train/loss/rew 0.01 / train/loss/to_target 0.25 / train/loss/value 1.26 / train/loss/velocity 0.04 / replay/replay_ratio 1040 / fps/policy 7.16 / fps/train 7336.96

Writing metrics: /scratch/midway3/rickybao/dreamerv3_runs/adapt_ax1rbf1q1s0_synth_seed106_ckpt500000/metrics.jsonl
Writing metrics: /scratch/midway3/rickybao/dreamerv3_runs/adapt_ax1rbf1q1s0_synth_seed106_ckpt500000/scores.jsonl
Saving checkpoint: /scratch/midway3/rickybao/dreamerv3_runs/adapt_ax1rbf1q1s0_synth_seed106_ckpt500000/ckpt/20260721T101932F507830
Saved checkpoint.

--------------------[Agent Step 21_920]--------------------
Metrics filtered by: 'score|length|fps|ratio|train/loss/|train/rand/'
train/loss/con 0.02 / train/loss/distractor 1.32 / train/loss/dyn 12.6 / train/loss/policy -0.06 / train/loss/position 0.21 / train/loss/rep 12.6 / train/loss/repval 1.32 / train/loss/rew 0.02 / train/loss/to_target 0.25 / train/loss/value 1.13 / train/loss/velocity 0.04 / replay/replay_ratio 1040 / fps/policy 7.15 / fps/train 7316.61

Writing metrics: /scratch/midway3/rickybao/dreamerv3_runs/adapt_ax1rbf1q1s0_synth_seed106_ckpt500000/scores.jsonl
Writing metrics: /scratch/midway3/rickybao/dreamerv3_runs/adapt_ax1rbf1q1s0_synth_seed106_ckpt500000/metrics.jsonl

--------------------[Agent Step 22_784]--------------------
Metrics filtered by: 'score|length|fps|ratio|train/loss/|train/rand/'
train/loss/con 0.02 / train/loss/distractor 1.31 / train/loss/dyn 12.54 / train/loss/policy -0.02 / train/loss/position 0.23 / train/loss/rep 12.54 / train/loss/repval 1.2 / train/loss/rew 0.01 / train/loss/to_target 0.26 / train/loss/value 1.29 / train/loss/velocity 0.04 / replay/replay_ratio 1040 / fps/policy 7.17 / fps/train 7337.89

Writing metrics: /scratch/midway3/rickybao/dreamerv3_runs/adapt_ax1rbf1q1s0_synth_seed106_ckpt500000/scores.jsonlWriting metrics: /scratch/midway3/rickybao/dreamerv3_runs/adapt_ax1rbf1q1s0_synth_seed106_ckpt500000/metrics.jsonl


--------------------[Agent Step 23_648]--------------------
Metrics filtered by: 'score|length|fps|ratio|train/loss/|train/rand/'
train/loss/con 0.02 / train/loss/distractor 1.31 / train/loss/dyn 12.52 / train/loss/policy 4.8e-3 / train/loss/position 0.24 / train/loss/rep 12.52 / train/loss/repval 1.19 / train/loss/rew 0.01 / train/loss/to_target 0.28 / train/loss/value 1.07 / train/loss/velocity 0.05 / replay/replay_ratio 1040 / fps/policy 7.17 / fps/train 7343.07

Writing metrics: /scratch/midway3/rickybao/dreamerv3_runs/adapt_ax1rbf1q1s0_synth_seed106_ckpt500000/metrics.jsonlWriting metrics: /scratch/midway3/rickybao/dreamerv3_runs/adapt_ax1rbf1q1s0_synth_seed106_ckpt500000/scores.jsonl


--------------------[Agent Step 24_512]--------------------
Metrics filtered by: 'score|length|fps|ratio|train/loss/|train/rand/'
train/loss/con 0.02 / train/loss/distractor 1.31 / train/loss/dyn 12.56 / train/loss/policy -0.01 / train/loss/position 0.26 / train/loss/rep 12.56 / train/loss/repval 1.36 / train/loss/rew 9.5e-3 / train/loss/to_target 0.29 / train/loss/value 1.12 / train/loss/velocity 0.05 / replay/replay_ratio 1040 / fps/policy 7.16 / fps/train 7334.05

Writing metrics: /scratch/midway3/rickybao/dreamerv3_runs/adapt_ax1rbf1q1s0_synth_seed106_ckpt500000/metrics.jsonlWriting metrics: /scratch/midway3/rickybao/dreamerv3_runs/adapt_ax1rbf1q1s0_synth_seed106_ckpt500000/scores.jsonl


--------------------[Agent Step 25_376]--------------------
Metrics filtered by: 'score|length|fps|ratio|train/loss/|train/rand/'
train/loss/con 0.02 / train/loss/distractor 1.32 / train/loss/dyn 12.57 / train/loss/policy -0.02 / train/loss/position 0.28 / train/loss/rep 12.57 / train/loss/repval 1.34 / train/loss/rew 8.2e-3 / train/loss/to_target 0.3 / train/loss/value 1.17 / train/loss/velocity 0.05 / replay/replay_ratio 1040 / fps/policy 7.16 / fps/train 7330.2

Writing metrics: /scratch/midway3/rickybao/dreamerv3_runs/adapt_ax1rbf1q1s0_synth_seed106_ckpt500000/scores.jsonl
Writing metrics: /scratch/midway3/rickybao/dreamerv3_runs/adapt_ax1rbf1q1s0_synth_seed106_ckpt500000/metrics.jsonl

--------------------[Agent Step 26_240]--------------------
Metrics filtered by: 'score|length|fps|ratio|train/loss/|train/rand/'
train/loss/con 0.02 / train/loss/distractor 1.32 / train/loss/dyn 12.5 / train/loss/policy -0.03 / train/loss/position 0.29 / train/loss/rep 12.5 / train/loss/repval 1.21 / train/loss/rew 9.3e-3 / train/loss/to_target 0.31 / train/loss/value 1.06 / train/loss/velocity 0.05 / replay/replay_ratio 1040 / fps/policy 7.16 / fps/train 7334.81

Writing metrics: /scratch/midway3/rickybao/dreamerv3_runs/adapt_ax1rbf1q1s0_synth_seed106_ckpt500000/metrics.jsonlWriting metrics: /scratch/midway3/rickybao/dreamerv3_runs/adapt_ax1rbf1q1s0_synth_seed106_ckpt500000/scores.jsonl


--------------------[Agent Step 27_104]--------------------
Metrics filtered by: 'score|length|fps|ratio|train/loss/|train/rand/'
train/loss/con 0.02 / train/loss/distractor 1.32 / train/loss/dyn 12.46 / train/loss/policy -0.08 / train/loss/position 0.32 / train/loss/rep 12.46 / train/loss/repval 1.39 / train/loss/rew 0.02 / train/loss/to_target 0.33 / train/loss/value 1.19 / train/loss/velocity 0.05 / replay/replay_ratio 1040 / fps/policy 7.17 / fps/train 7339.57

Writing metrics: /scratch/midway3/rickybao/dreamerv3_runs/adapt_ax1rbf1q1s0_synth_seed106_ckpt500000/metrics.jsonl
Writing metrics: /scratch/midway3/rickybao/dreamerv3_runs/adapt_ax1rbf1q1s0_synth_seed106_ckpt500000/scores.jsonl
Saving checkpoint: /scratch/midway3/rickybao/dreamerv3_runs/adapt_ax1rbf1q1s0_synth_seed106_ckpt500000/ckpt/20260721T103432F737573
Saved checkpoint.

--------------------[Agent Step 27_968]--------------------
Metrics filtered by: 'score|length|fps|ratio|train/loss/|train/rand/'
train/loss/con 0.02 / train/loss/distractor 1.32 / train/loss/dyn 12.44 / train/loss/policy -0.08 / train/loss/position 0.33 / train/loss/rep 12.44 / train/loss/repval 1.38 / train/loss/rew 0.02 / train/loss/to_target 0.33 / train/loss/value 1.09 / train/loss/velocity 0.05 / replay/replay_ratio 1040 / fps/policy 7.15 / fps/train 7322.18

Writing metrics: /scratch/midway3/rickybao/dreamerv3_runs/adapt_ax1rbf1q1s0_synth_seed106_ckpt500000/metrics.jsonlWriting metrics: /scratch/midway3/rickybao/dreamerv3_runs/adapt_ax1rbf1q1s0_synth_seed106_ckpt500000/scores.jsonl


--------------------[Agent Step 28_832]--------------------
Metrics filtered by: 'score|length|fps|ratio|train/loss/|train/rand/'
train/loss/con 0.02 / train/loss/distractor 1.33 / train/loss/dyn 12.4 / train/loss/policy -0.09 / train/loss/position 0.33 / train/loss/rep 12.4 / train/loss/repval 1.35 / train/loss/rew 0.03 / train/loss/to_target 0.34 / train/loss/value 1.08 / train/loss/velocity 0.05 / replay/replay_ratio 1040 / fps/policy 7.16 / fps/train 7327.3

Writing metrics: /scratch/midway3/rickybao/dreamerv3_runs/adapt_ax1rbf1q1s0_synth_seed106_ckpt500000/metrics.jsonlWriting metrics: /scratch/midway3/rickybao/dreamerv3_runs/adapt_ax1rbf1q1s0_synth_seed106_ckpt500000/scores.jsonl


--------------------[Agent Step 29_696]--------------------
Metrics filtered by: 'score|length|fps|ratio|train/loss/|train/rand/'
train/loss/con 0.02 / train/loss/distractor 1.33 / train/loss/dyn 12.34 / train/loss/policy -0.1 / train/loss/position 0.34 / train/loss/rep 12.34 / train/loss/repval 1.37 / train/loss/rew 0.04 / train/loss/to_target 0.35 / train/loss/value 1.01 / train/loss/velocity 0.04 / replay/replay_ratio 1040 / fps/policy 7.17 / fps/train 7340.56

Writing metrics: /scratch/midway3/rickybao/dreamerv3_runs/adapt_ax1rbf1q1s0_synth_seed106_ckpt500000/metrics.jsonlWriting metrics: /scratch/midway3/rickybao/dreamerv3_runs/adapt_ax1rbf1q1s0_synth_seed106_ckpt500000/scores.jsonl


--------------------[Agent Step 30_560]--------------------
Metrics filtered by: 'score|length|fps|ratio|train/loss/|train/rand/'
train/loss/con 0.02 / train/loss/distractor 1.33 / train/loss/dyn 12.37 / train/loss/policy -0.09 / train/loss/position 0.34 / train/loss/rep 12.37 / train/loss/repval 1.35 / train/loss/rew 0.04 / train/loss/to_target 0.35 / train/loss/value 1.04 / train/loss/velocity 0.04 / replay/replay_ratio 1040 / fps/policy 7.17 / fps/train 7337.7

Writing metrics: /scratch/midway3/rickybao/dreamerv3_runs/adapt_ax1rbf1q1s0_synth_seed106_ckpt500000/scores.jsonlWriting metrics: /scratch/midway3/rickybao/dreamerv3_runs/adapt_ax1rbf1q1s0_synth_seed106_ckpt500000/metrics.jsonl


--------------------[Agent Step 31_424]--------------------
Metrics filtered by: 'score|length|fps|ratio|train/loss/|train/rand/'
train/loss/con 0.02 / train/loss/distractor 1.33 / train/loss/dyn 12.28 / train/loss/policy -0.08 / train/loss/position 0.34 / train/loss/rep 12.28 / train/loss/repval 1.37 / train/loss/rew 0.04 / train/loss/to_target 0.34 / train/loss/value 1.08 / train/loss/velocity 0.04 / replay/replay_ratio 1040 / fps/policy 7.17 / fps/train 7337.35

Writing metrics: /scratch/midway3/rickybao/dreamerv3_runs/adapt_ax1rbf1q1s0_synth_seed106_ckpt500000/scores.jsonlWriting metrics: /scratch/midway3/rickybao/dreamerv3_runs/adapt_ax1rbf1q1s0_synth_seed106_ckpt500000/metrics.jsonl


--------------------[Agent Step 32_288]--------------------
Metrics filtered by: 'score|length|fps|ratio|train/loss/|train/rand/'
episode/score 13 / episode/length 1001 / train/loss/con 0.02 / train/loss/distractor 1.33 / train/loss/dyn 12.23 / train/loss/policy -0.07 / train/loss/position 0.34 / train/loss/rep 12.23 / train/loss/repval 1.33 / train/loss/rew 0.04 / train/loss/to_target 0.34 / train/loss/value 1.03 / train/loss/velocity 0.04 / replay/replay_ratio 1040 / fps/policy 7.16 / fps/train 7332.48

Writing metrics: /scratch/midway3/rickybao/dreamerv3_runs/adapt_ax1rbf1q1s0_synth_seed106_ckpt500000/scores.jsonlWriting metrics: /scratch/midway3/rickybao/dreamerv3_runs/adapt_ax1rbf1q1s0_synth_seed106_ckpt500000/metrics.jsonl


--------------------[Agent Step 33_152]--------------------
Metrics filtered by: 'score|length|fps|ratio|train/loss/|train/rand/'
train/loss/con 0.02 / train/loss/distractor 1.33 / train/loss/dyn 12.21 / train/loss/policy -0.06 / train/loss/position 0.34 / train/loss/rep 12.21 / train/loss/repval 1.35 / train/loss/rew 0.04 / train/loss/to_target 0.34 / train/loss/value 1.05 / train/loss/velocity 0.04 / replay/replay_ratio 1040 / fps/policy 7.16 / fps/train 7331.07

Writing metrics: /scratch/midway3/rickybao/dreamerv3_runs/adapt_ax1rbf1q1s0_synth_seed106_ckpt500000/scores.jsonlWriting metrics: /scratch/midway3/rickybao/dreamerv3_runs/adapt_ax1rbf1q1s0_synth_seed106_ckpt500000/metrics.jsonl


--------------------[Agent Step 34_016]--------------------
Metrics filtered by: 'score|length|fps|ratio|train/loss/|train/rand/'
train/loss/con 0.02 / train/loss/distractor 1.33 / train/loss/dyn 12.25 / train/loss/policy -0.05 / train/loss/position 0.34 / train/loss/rep 12.25 / train/loss/repval 1.34 / train/loss/rew 0.03 / train/loss/to_target 0.34 / train/loss/value 1.05 / train/loss/velocity 0.04 / replay/replay_ratio 1040 / fps/policy 7.16 / fps/train 7334.83

Writing metrics: /scratch/midway3/rickybao/dreamerv3_runs/adapt_ax1rbf1q1s0_synth_seed106_ckpt500000/metrics.jsonl
Writing metrics: /scratch/midway3/rickybao/dreamerv3_runs/adapt_ax1rbf1q1s0_synth_seed106_ckpt500000/scores.jsonl
Saving checkpoint: /scratch/midway3/rickybao/dreamerv3_runs/adapt_ax1rbf1q1s0_synth_seed106_ckpt500000/ckpt/20260721T104933F213558
Saved checkpoint.

--------------------[Agent Step 34_880]--------------------
Metrics filtered by: 'score|length|fps|ratio|train/loss/|train/rand/'
train/loss/con 0.02 / train/loss/distractor 1.33 / train/loss/dyn 12.22 / train/loss/policy -0.05 / train/loss/position 0.33 / train/loss/rep 12.22 / train/loss/repval 1.3 / train/loss/rew 0.03 / train/loss/to_target 0.33 / train/loss/value 1.08 / train/loss/velocity 0.04 / replay/replay_ratio 1040 / fps/policy 7.15 / fps/train 7319.93

Writing metrics: /scratch/midway3/rickybao/dreamerv3_runs/adapt_ax1rbf1q1s0_synth_seed106_ckpt500000/scores.jsonl
Writing metrics: /scratch/midway3/rickybao/dreamerv3_runs/adapt_ax1rbf1q1s0_synth_seed106_ckpt500000/metrics.jsonl

--------------------[Agent Step 35_744]--------------------
Metrics filtered by: 'score|length|fps|ratio|train/loss/|train/rand/'
train/loss/con 0.02 / train/loss/distractor 1.33 / train/loss/dyn 12.21 / train/loss/policy -0.03 / train/loss/position 0.34 / train/loss/rep 12.21 / train/loss/repval 1.3 / train/loss/rew 0.03 / train/loss/to_target 0.33 / train/loss/value 1.09 / train/loss/velocity 0.04 / replay/replay_ratio 1040 / fps/policy 7.16 / fps/train 7335.2

Writing metrics: /scratch/midway3/rickybao/dreamerv3_runs/adapt_ax1rbf1q1s0_synth_seed106_ckpt500000/metrics.jsonl
Writing metrics: /scratch/midway3/rickybao/dreamerv3_runs/adapt_ax1rbf1q1s0_synth_seed106_ckpt500000/scores.jsonl

--------------------[Agent Step 36_608]--------------------
Metrics filtered by: 'score|length|fps|ratio|train/loss/|train/rand/'
train/loss/con 0.02 / train/loss/distractor 1.33 / train/loss/dyn 12.16 / train/loss/policy -0.03 / train/loss/position 0.33 / train/loss/rep 12.16 / train/loss/repval 1.32 / train/loss/rew 0.03 / train/loss/to_target 0.32 / train/loss/value 1.07 / train/loss/velocity 0.04 / replay/replay_ratio 1040 / fps/policy 7.16 / fps/train 7332.5

Writing metrics: /scratch/midway3/rickybao/dreamerv3_runs/adapt_ax1rbf1q1s0_synth_seed106_ckpt500000/metrics.jsonlWriting metrics: /scratch/midway3/rickybao/dreamerv3_runs/adapt_ax1rbf1q1s0_synth_seed106_ckpt500000/scores.jsonl


--------------------[Agent Step 37_472]--------------------
Metrics filtered by: 'score|length|fps|ratio|train/loss/|train/rand/'
train/loss/con 0.02 / train/loss/distractor 1.33 / train/loss/dyn 12.14 / train/loss/policy -0.04 / train/loss/position 0.33 / train/loss/rep 12.14 / train/loss/repval 1.3 / train/loss/rew 0.03 / train/loss/to_target 0.32 / train/loss/value 1.03 / train/loss/velocity 0.04 / replay/replay_ratio 1040 / fps/policy 7.16 / fps/train 7333.36

Writing metrics: /scratch/midway3/rickybao/dreamerv3_runs/adapt_ax1rbf1q1s0_synth_seed106_ckpt500000/metrics.jsonlWriting metrics: /scratch/midway3/rickybao/dreamerv3_runs/adapt_ax1rbf1q1s0_synth_seed106_ckpt500000/scores.jsonl


--------------------[Agent Step 38_336]--------------------
Metrics filtered by: 'score|length|fps|ratio|train/loss/|train/rand/'
train/loss/con 0.02 / train/loss/distractor 1.33 / train/loss/dyn 12.12 / train/loss/policy -0.02 / train/loss/position 0.32 / train/loss/rep 12.12 / train/loss/repval 1.24 / train/loss/rew 0.03 / train/loss/to_target 0.32 / train/loss/value 1.05 / train/loss/velocity 0.04 / replay/replay_ratio 1040 / fps/policy 7.16 / fps/train 7335.8

Writing metrics: /scratch/midway3/rickybao/dreamerv3_runs/adapt_ax1rbf1q1s0_synth_seed106_ckpt500000/metrics.jsonlWriting metrics: /scratch/midway3/rickybao/dreamerv3_runs/adapt_ax1rbf1q1s0_synth_seed106_ckpt500000/scores.jsonl


--------------------[Agent Step 39_200]--------------------
Metrics filtered by: 'score|length|fps|ratio|train/loss/|train/rand/'
train/loss/con 0.02 / train/loss/distractor 1.34 / train/loss/dyn 12.09 / train/loss/policy -0.01 / train/loss/position 0.32 / train/loss/rep 12.09 / train/loss/repval 1.25 / train/loss/rew 0.02 / train/loss/to_target 0.31 / train/loss/value 0.99 / train/loss/velocity 0.04 / replay/replay_ratio 1040 / fps/policy 7.16 / fps/train 7334.1

Writing metrics: /scratch/midway3/rickybao/dreamerv3_runs/adapt_ax1rbf1q1s0_synth_seed106_ckpt500000/metrics.jsonl
Writing metrics: /scratch/midway3/rickybao/dreamerv3_runs/adapt_ax1rbf1q1s0_synth_seed106_ckpt500000/scores.jsonl

--------------------[Agent Step 40_064]--------------------
Metrics filtered by: 'score|length|fps|ratio|train/loss/|train/rand/'
train/loss/con 0.02 / train/loss/distractor 1.33 / train/loss/dyn 12.04 / train/loss/policy -9.3e-3 / train/loss/position 0.32 / train/loss/rep 12.04 / train/loss/repval 1.28 / train/loss/rew 0.02 / train/loss/to_target 0.31 / train/loss/value 0.97 / train/loss/velocity 0.04 / replay/replay_ratio 1040 / fps/policy 7.17 / fps/train 7338.01

Writing metrics: /scratch/midway3/rickybao/dreamerv3_runs/adapt_ax1rbf1q1s0_synth_seed106_ckpt500000/metrics.jsonlWriting metrics: /scratch/midway3/rickybao/dreamerv3_runs/adapt_ax1rbf1q1s0_synth_seed106_ckpt500000/scores.jsonl

Saving checkpoint: /scratch/midway3/rickybao/dreamerv3_runs/adapt_ax1rbf1q1s0_synth_seed106_ckpt500000/ckpt/20260721T110433F659848
Saved checkpoint.

--------------------[Agent Step 40_928]--------------------
Metrics filtered by: 'score|length|fps|ratio|train/loss/|train/rand/'
train/loss/con 0.02 / train/loss/distractor 1.33 / train/loss/dyn 12 / train/loss/policy -9.2e-3 / train/loss/position 0.31 / train/loss/rep 12 / train/loss/repval 1.24 / train/loss/rew 0.02 / train/loss/to_target 0.3 / train/loss/value 0.99 / train/loss/velocity 0.04 / replay/replay_ratio 1040 / fps/policy 7.15 / fps/train 7320.82

Writing metrics: /scratch/midway3/rickybao/dreamerv3_runs/adapt_ax1rbf1q1s0_synth_seed106_ckpt500000/scores.jsonl
Writing metrics: /scratch/midway3/rickybao/dreamerv3_runs/adapt_ax1rbf1q1s0_synth_seed106_ckpt500000/metrics.jsonl

--------------------[Agent Step 41_792]--------------------
Metrics filtered by: 'score|length|fps|ratio|train/loss/|train/rand/'
train/loss/con 0.02 / train/loss/distractor 1.33 / train/loss/dyn 11.95 / train/loss/policy -0.01 / train/loss/position 0.31 / train/loss/rep 11.95 / train/loss/repval 1.22 / train/loss/rew 0.02 / train/loss/to_target 0.3 / train/loss/value 0.97 / train/loss/velocity 0.04 / replay/replay_ratio 1040 / fps/policy 7.16 / fps/train 7334.22

Writing metrics: /scratch/midway3/rickybao/dreamerv3_runs/adapt_ax1rbf1q1s0_synth_seed106_ckpt500000/scores.jsonl
Writing metrics: /scratch/midway3/rickybao/dreamerv3_runs/adapt_ax1rbf1q1s0_synth_seed106_ckpt500000/metrics.jsonl

--------------------[Agent Step 42_656]--------------------
Metrics filtered by: 'score|length|fps|ratio|train/loss/|train/rand/'
train/loss/con 0.02 / train/loss/distractor 1.34 / train/loss/dyn 11.96 / train/loss/policy -0.02 / train/loss/position 0.31 / train/loss/rep 11.96 / train/loss/repval 1.22 / train/loss/rew 0.03 / train/loss/to_target 0.3 / train/loss/value 0.94 / train/loss/velocity 0.04 / replay/replay_ratio 1040 / fps/policy 7.16 / fps/train 7333.18

Writing metrics: /scratch/midway3/rickybao/dreamerv3_runs/adapt_ax1rbf1q1s0_synth_seed106_ckpt500000/metrics.jsonlWriting metrics: /scratch/midway3/rickybao/dreamerv3_runs/adapt_ax1rbf1q1s0_synth_seed106_ckpt500000/scores.jsonl


--------------------[Agent Step 43_520]--------------------
Metrics filtered by: 'score|length|fps|ratio|train/loss/|train/rand/'
train/loss/con 0.02 / train/loss/distractor 1.33 / train/loss/dyn 11.94 / train/loss/policy -0.03 / train/loss/position 0.31 / train/loss/rep 11.94 / train/loss/repval 1.2 / train/loss/rew 0.03 / train/loss/to_target 0.3 / train/loss/value 0.96 / train/loss/velocity 0.04 / replay/replay_ratio 1040 / fps/policy 7.16 / fps/train 7328.74

Writing metrics: /scratch/midway3/rickybao/dreamerv3_runs/adapt_ax1rbf1q1s0_synth_seed106_ckpt500000/scores.jsonlWriting metrics: /scratch/midway3/rickybao/dreamerv3_runs/adapt_ax1rbf1q1s0_synth_seed106_ckpt500000/metrics.jsonl


--------------------[Agent Step 44_384]--------------------
Metrics filtered by: 'score|length|fps|ratio|train/loss/|train/rand/'
train/loss/con 0.02 / train/loss/distractor 1.34 / train/loss/dyn 11.95 / train/loss/policy -0.03 / train/loss/position 0.32 / train/loss/rep 11.95 / train/loss/repval 1.15 / train/loss/rew 0.03 / train/loss/to_target 0.31 / train/loss/value 1.09 / train/loss/velocity 0.04 / replay/replay_ratio 1040 / fps/policy 7.16 / fps/train 7330.57

Writing metrics: /scratch/midway3/rickybao/dreamerv3_runs/adapt_ax1rbf1q1s0_synth_seed106_ckpt500000/metrics.jsonl
Writing metrics: /scratch/midway3/rickybao/dreamerv3_runs/adapt_ax1rbf1q1s0_synth_seed106_ckpt500000/scores.jsonl

--------------------[Agent Step 45_248]--------------------
Metrics filtered by: 'score|length|fps|ratio|train/loss/|train/rand/'
train/loss/con 0.02 / train/loss/distractor 1.33 / train/loss/dyn 11.93 / train/loss/policy -0.03 / train/loss/position 0.32 / train/loss/rep 11.93 / train/loss/repval 1.2 / train/loss/rew 0.03 / train/loss/to_target 0.31 / train/loss/value 1.16 / train/loss/velocity 0.04 / replay/replay_ratio 1040 / fps/policy 7.16 / fps/train 7333.73

Writing metrics: /scratch/midway3/rickybao/dreamerv3_runs/adapt_ax1rbf1q1s0_synth_seed106_ckpt500000/scores.jsonlWriting metrics: /scratch/midway3/rickybao/dreamerv3_runs/adapt_ax1rbf1q1s0_synth_seed106_ckpt500000/metrics.jsonl


--------------------[Agent Step 46_112]--------------------
Metrics filtered by: 'score|length|fps|ratio|train/loss/|train/rand/'
train/loss/con 0.02 / train/loss/distractor 1.33 / train/loss/dyn 11.95 / train/loss/policy -0.02 / train/loss/position 0.32 / train/loss/rep 11.95 / train/loss/repval 1.21 / train/loss/rew 0.03 / train/loss/to_target 0.32 / train/loss/value 1.17 / train/loss/velocity 0.03 / replay/replay_ratio 1040 / fps/policy 7.16 / fps/train 7336.11

Writing metrics: /scratch/midway3/rickybao/dreamerv3_runs/adapt_ax1rbf1q1s0_synth_seed106_ckpt500000/scores.jsonlWriting metrics: /scratch/midway3/rickybao/dreamerv3_runs/adapt_ax1rbf1q1s0_synth_seed106_ckpt500000/metrics.jsonl


--------------------[Agent Step 46_976]--------------------
Metrics filtered by: 'score|length|fps|ratio|train/loss/|train/rand/'
train/loss/con 0.02 / train/loss/distractor 1.34 / train/loss/dyn 11.96 / train/loss/policy -0.02 / train/loss/position 0.33 / train/loss/rep 11.96 / train/loss/repval 1.25 / train/loss/rew 0.03 / train/loss/to_target 0.33 / train/loss/value 1.18 / train/loss/velocity 0.04 / replay/replay_ratio 1040 / fps/policy 7.16 / fps/train 7327.12

Writing metrics: /scratch/midway3/rickybao/dreamerv3_runs/adapt_ax1rbf1q1s0_synth_seed106_ckpt500000/metrics.jsonlWriting metrics: /scratch/midway3/rickybao/dreamerv3_runs/adapt_ax1rbf1q1s0_synth_seed106_ckpt500000/scores.jsonl

Saving checkpoint: /scratch/midway3/rickybao/dreamerv3_runs/adapt_ax1rbf1q1s0_synth_seed106_ckpt500000/ckpt/20260721T111934F351850
Saved checkpoint.

--------------------[Agent Step 47_840]--------------------
Metrics filtered by: 'score|length|fps|ratio|train/loss/|train/rand/'
train/loss/con 0.02 / train/loss/distractor 1.34 / train/loss/dyn 11.97 / train/loss/policy -0.02 / train/loss/position 0.33 / train/loss/rep 11.97 / train/loss/repval 1.25 / train/loss/rew 0.03 / train/loss/to_target 0.33 / train/loss/value 1.18 / train/loss/velocity 0.03 / replay/replay_ratio 1040 / fps/policy 7.15 / fps/train 7326.21

Writing metrics: /scratch/midway3/rickybao/dreamerv3_runs/adapt_ax1rbf1q1s0_synth_seed106_ckpt500000/metrics.jsonlWriting metrics: /scratch/midway3/rickybao/dreamerv3_runs/adapt_ax1rbf1q1s0_synth_seed106_ckpt500000/scores.jsonl


--------------------[Agent Step 48_704]--------------------
Metrics filtered by: 'score|length|fps|ratio|train/loss/|train/rand/'
episode/score 7 / episode/length 1001 / train/loss/con 0.02 / train/loss/distractor 1.34 / train/loss/dyn 11.96 / train/loss/policy -0.02 / train/loss/position 0.34 / train/loss/rep 11.96 / train/loss/repval 1.3 / train/loss/rew 0.03 / train/loss/to_target 0.33 / train/loss/value 1.16 / train/loss/velocity 0.03 / replay/replay_ratio 1040 / fps/policy 7.17 / fps/train 7345.85

Writing metrics: /scratch/midway3/rickybao/dreamerv3_runs/adapt_ax1rbf1q1s0_synth_seed106_ckpt500000/metrics.jsonlWriting metrics: /scratch/midway3/rickybao/dreamerv3_runs/adapt_ax1rbf1q1s0_synth_seed106_ckpt500000/scores.jsonl


--------------------[Agent Step 49_568]--------------------
Metrics filtered by: 'score|length|fps|ratio|train/loss/|train/rand/'
train/loss/con 0.02 / train/loss/distractor 1.33 / train/loss/dyn 11.96 / train/loss/policy -0.02 / train/loss/position 0.34 / train/loss/rep 11.96 / train/loss/repval 1.34 / train/loss/rew 0.03 / train/loss/to_target 0.34 / train/loss/value 1.14 / train/loss/velocity 0.03 / replay/replay_ratio 1040 / fps/policy 7.16 / fps/train 7332.65

Writing metrics: /scratch/midway3/rickybao/dreamerv3_runs/adapt_ax1rbf1q1s0_synth_seed106_ckpt500000/scores.jsonl
Writing metrics: /scratch/midway3/rickybao/dreamerv3_runs/adapt_ax1rbf1q1s0_synth_seed106_ckpt500000/metrics.jsonl

--------------------[Agent Step 50_432]--------------------
Metrics filtered by: 'score|length|fps|ratio|train/loss/|train/rand/'
train/loss/con 0.02 / train/loss/distractor 1.34 / train/loss/dyn 11.98 / train/loss/policy -0.03 / train/loss/position 0.34 / train/loss/rep 11.98 / train/loss/repval 1.35 / train/loss/rew 0.03 / train/loss/to_target 0.33 / train/loss/value 1.14 / train/loss/velocity 0.03 / replay/replay_ratio 1040 / fps/policy 7.16 / fps/train 7334.63

Writing metrics: /scratch/midway3/rickybao/dreamerv3_runs/adapt_ax1rbf1q1s0_synth_seed106_ckpt500000/metrics.jsonl
Writing metrics: /scratch/midway3/rickybao/dreamerv3_runs/adapt_ax1rbf1q1s0_synth_seed106_ckpt500000/scores.jsonl

--------------------[Agent Step 51_296]--------------------
Metrics filtered by: 'score|length|fps|ratio|train/loss/|train/rand/'
train/loss/con 0.02 / train/loss/distractor 1.34 / train/loss/dyn 11.96 / train/loss/policy -0.03 / train/loss/position 0.34 / train/loss/rep 11.96 / train/loss/repval 1.38 / train/loss/rew 0.03 / train/loss/to_target 0.33 / train/loss/value 1.12 / train/loss/velocity 0.03 / replay/replay_ratio 1040 / fps/policy 7.16 / fps/train 7332.48

Writing metrics: /scratch/midway3/rickybao/dreamerv3_runs/adapt_ax1rbf1q1s0_synth_seed106_ckpt500000/metrics.jsonlWriting metrics: /scratch/midway3/rickybao/dreamerv3_runs/adapt_ax1rbf1q1s0_synth_seed106_ckpt500000/scores.jsonl


--------------------[Agent Step 52_160]--------------------
Metrics filtered by: 'score|length|fps|ratio|train/loss/|train/rand/'
train/loss/con 0.02 / train/loss/distractor 1.33 / train/loss/dyn 11.94 / train/loss/policy -0.04 / train/loss/position 0.34 / train/loss/rep 11.94 / train/loss/repval 1.36 / train/loss/rew 0.03 / train/loss/to_target 0.34 / train/loss/value 1.07 / train/loss/velocity 0.03 / replay/replay_ratio 1040 / fps/policy 7.16 / fps/train 7329.53

Writing metrics: /scratch/midway3/rickybao/dreamerv3_runs/adapt_ax1rbf1q1s0_synth_seed106_ckpt500000/scores.jsonlWriting metrics: /scratch/midway3/rickybao/dreamerv3_runs/adapt_ax1rbf1q1s0_synth_seed106_ckpt500000/metrics.jsonl


--------------------[Agent Step 53_024]--------------------
Metrics filtered by: 'score|length|fps|ratio|train/loss/|train/rand/'
train/loss/con 0.02 / train/loss/distractor 1.34 / train/loss/dyn 11.95 / train/loss/policy -0.05 / train/loss/position 0.35 / train/loss/rep 11.95 / train/loss/repval 1.19 / train/loss/rew 0.03 / train/loss/to_target 0.34 / train/loss/value 1.12 / train/loss/velocity 0.03 / replay/replay_ratio 1040 / fps/policy 7.17 / fps/train 7339.54

Writing metrics: /scratch/midway3/rickybao/dreamerv3_runs/adapt_ax1rbf1q1s0_synth_seed106_ckpt500000/metrics.jsonlWriting metrics: /scratch/midway3/rickybao/dreamerv3_runs/adapt_ax1rbf1q1s0_synth_seed106_ckpt500000/scores.jsonl

Saving checkpoint: /scratch/midway3/rickybao/dreamerv3_runs/adapt_ax1rbf1q1s0_synth_seed106_ckpt500000/ckpt/20260721T113434F610070
Saved checkpoint.

--------------------[Agent Step 53_888]--------------------
Metrics filtered by: 'score|length|fps|ratio|train/loss/|train/rand/'
train/loss/con 0.02 / train/loss/distractor 1.34 / train/loss/dyn 11.93 / train/loss/policy -0.01 / train/loss/position 0.35 / train/loss/rep 11.93 / train/loss/repval 1.12 / train/loss/rew 0.03 / train/loss/to_target 0.34 / train/loss/value 1.09 / train/loss/velocity 0.03 / replay/replay_ratio 1040 / fps/policy 7.15 / fps/train 7318.03

Writing metrics: /scratch/midway3/rickybao/dreamerv3_runs/adapt_ax1rbf1q1s0_synth_seed106_ckpt500000/scores.jsonlWriting metrics: /scratch/midway3/rickybao/dreamerv3_runs/adapt_ax1rbf1q1s0_synth_seed106_ckpt500000/metrics.jsonl


--------------------[Agent Step 54_752]--------------------
Metrics filtered by: 'score|length|fps|ratio|train/loss/|train/rand/'
train/loss/con 0.02 / train/loss/distractor 1.33 / train/loss/dyn 11.93 / train/loss/policy -0.01 / train/loss/position 0.35 / train/loss/rep 11.93 / train/loss/repval 1.26 / train/loss/rew 0.03 / train/loss/to_target 0.34 / train/loss/value 0.88 / train/loss/velocity 0.03 / replay/replay_ratio 1040 / fps/policy 7.16 / fps/train 7332.61

Writing metrics: /scratch/midway3/rickybao/dreamerv3_runs/adapt_ax1rbf1q1s0_synth_seed106_ckpt500000/scores.jsonlWriting metrics: /scratch/midway3/rickybao/dreamerv3_runs/adapt_ax1rbf1q1s0_synth_seed106_ckpt500000/metrics.jsonl


--------------------[Agent Step 55_616]--------------------
Metrics filtered by: 'score|length|fps|ratio|train/loss/|train/rand/'
train/loss/con 0.02 / train/loss/distractor 1.33 / train/loss/dyn 11.94 / train/loss/policy -0.04 / train/loss/position 0.35 / train/loss/rep 11.94 / train/loss/repval 1.24 / train/loss/rew 0.03 / train/loss/to_target 0.34 / train/loss/value 0.94 / train/loss/velocity 0.03 / replay/replay_ratio 1040 / fps/policy 7.16 / fps/train 7335.66

Writing metrics: /scratch/midway3/rickybao/dreamerv3_runs/adapt_ax1rbf1q1s0_synth_seed106_ckpt500000/scores.jsonlWriting metrics: /scratch/midway3/rickybao/dreamerv3_runs/adapt_ax1rbf1q1s0_synth_seed106_ckpt500000/metrics.jsonl


--------------------[Agent Step 56_480]--------------------
Metrics filtered by: 'score|length|fps|ratio|train/loss/|train/rand/'
train/loss/con 0.02 / train/loss/distractor 1.33 / train/loss/dyn 11.91 / train/loss/policy -0.01 / train/loss/position 0.35 / train/loss/rep 11.91 / train/loss/repval 1.22 / train/loss/rew 0.03 / train/loss/to_target 0.35 / train/loss/value 0.92 / train/loss/velocity 0.03 / replay/replay_ratio 1040 / fps/policy 7.16 / fps/train 7336.25

Writing metrics: /scratch/midway3/rickybao/dreamerv3_runs/adapt_ax1rbf1q1s0_synth_seed106_ckpt500000/metrics.jsonl
Writing metrics: /scratch/midway3/rickybao/dreamerv3_runs/adapt_ax1rbf1q1s0_synth_seed106_ckpt500000/scores.jsonl

--------------------[Agent Step 57_344]--------------------
Metrics filtered by: 'score|length|fps|ratio|train/loss/|train/rand/'
train/loss/con 0.02 / train/loss/distractor 1.34 / train/loss/dyn 11.92 / train/loss/policy 7.5e-3 / train/loss/position 0.36 / train/loss/rep 11.92 / train/loss/repval 1.36 / train/loss/rew 0.03 / train/loss/to_target 0.35 / train/loss/value 0.97 / train/loss/velocity 0.03 / replay/replay_ratio 1040 / fps/policy 7.17 / fps/train 7342.46

Writing metrics: /scratch/midway3/rickybao/dreamerv3_runs/adapt_ax1rbf1q1s0_synth_seed106_ckpt500000/scores.jsonlWriting metrics: /scratch/midway3/rickybao/dreamerv3_runs/adapt_ax1rbf1q1s0_synth_seed106_ckpt500000/metrics.jsonl


--------------------[Agent Step 58_208]--------------------
Metrics filtered by: 'score|length|fps|ratio|train/loss/|train/rand/'
train/loss/con 0.02 / train/loss/distractor 1.34 / train/loss/dyn 11.94 / train/loss/policy 0.04 / train/loss/position 0.37 / train/loss/rep 11.94 / train/loss/repval 1.27 / train/loss/rew 0.03 / train/loss/to_target 0.36 / train/loss/value 1 / train/loss/velocity 0.03 / replay/replay_ratio 1040 / fps/policy 7.17 / fps/train 7343.92

Writing metrics: /scratch/midway3/rickybao/dreamerv3_runs/adapt_ax1rbf1q1s0_synth_seed106_ckpt500000/metrics.jsonlWriting metrics: /scratch/midway3/rickybao/dreamerv3_runs/adapt_ax1rbf1q1s0_synth_seed106_ckpt500000/scores.jsonl


--------------------[Agent Step 59_072]--------------------
Metrics filtered by: 'score|length|fps|ratio|train/loss/|train/rand/'
train/loss/con 0.02 / train/loss/distractor 1.33 / train/loss/dyn 11.9 / train/loss/policy 0.04 / train/loss/position 0.37 / train/loss/rep 11.9 / train/loss/repval 1.41 / train/loss/rew 0.03 / train/loss/to_target 0.36 / train/loss/value 1.11 / train/loss/velocity 0.03 / replay/replay_ratio 1040 / fps/policy 7.17 / fps/train 7339.85

Writing metrics: /scratch/midway3/rickybao/dreamerv3_runs/adapt_ax1rbf1q1s0_synth_seed106_ckpt500000/metrics.jsonlWriting metrics: /scratch/midway3/rickybao/dreamerv3_runs/adapt_ax1rbf1q1s0_synth_seed106_ckpt500000/scores.jsonl


--------------------[Agent Step 59_936]--------------------
Metrics filtered by: 'score|length|fps|ratio|train/loss/|train/rand/'
train/loss/con 0.02 / train/loss/distractor 1.33 / train/loss/dyn 11.89 / train/loss/policy 0.07 / train/loss/position 0.37 / train/loss/rep 11.89 / train/loss/repval 1.41 / train/loss/rew 0.02 / train/loss/to_target 0.36 / train/loss/value 1 / train/loss/velocity 0.03 / replay/replay_ratio 1040 / fps/policy 7.17 / fps/train 7337.36

Writing metrics: /scratch/midway3/rickybao/dreamerv3_runs/adapt_ax1rbf1q1s0_synth_seed106_ckpt500000/scores.jsonlWriting metrics: /scratch/midway3/rickybao/dreamerv3_runs/adapt_ax1rbf1q1s0_synth_seed106_ckpt500000/metrics.jsonl

Saving checkpoint: /scratch/midway3/rickybao/dreamerv3_runs/adapt_ax1rbf1q1s0_synth_seed106_ckpt500000/ckpt/20260721T114934F726430
Saved checkpoint.

--------------------[Agent Step 60_800]--------------------
Metrics filtered by: 'score|length|fps|ratio|train/loss/|train/rand/'
train/loss/con 0.02 / train/loss/distractor 1.33 / train/loss/dyn 11.84 / train/loss/policy 0.02 / train/loss/position 0.38 / train/loss/rep 11.84 / train/loss/repval 1.33 / train/loss/rew 0.02 / train/loss/to_target 0.36 / train/loss/value 1.26 / train/loss/velocity 0.03 / replay/replay_ratio 1040 / fps/policy 7.06 / fps/train 7232.26

Writing metrics: /scratch/midway3/rickybao/dreamerv3_runs/adapt_ax1rbf1q1s0_synth_seed106_ckpt500000/metrics.jsonlWriting metrics: /scratch/midway3/rickybao/dreamerv3_runs/adapt_ax1rbf1q1s0_synth_seed106_ckpt500000/scores.jsonl


--------------------[Agent Step 61_664]--------------------
Metrics filtered by: 'score|length|fps|ratio|train/loss/|train/rand/'
train/loss/con 0.02 / train/loss/distractor 1.33 / train/loss/dyn 11.89 / train/loss/policy 0.12 / train/loss/position 0.37 / train/loss/rep 11.89 / train/loss/repval 1.52 / train/loss/rew 0.02 / train/loss/to_target 0.36 / train/loss/value 1.05 / train/loss/velocity 0.04 / replay/replay_ratio 1040 / fps/policy 7.16 / fps/train 7336.42

Writing metrics: /scratch/midway3/rickybao/dreamerv3_runs/adapt_ax1rbf1q1s0_synth_seed106_ckpt500000/scores.jsonl
Writing metrics: /scratch/midway3/rickybao/dreamerv3_runs/adapt_ax1rbf1q1s0_synth_seed106_ckpt500000/metrics.jsonl

--------------------[Agent Step 62_528]--------------------
Metrics filtered by: 'score|length|fps|ratio|train/loss/|train/rand/'
train/loss/con 0.02 / train/loss/distractor 1.33 / train/loss/dyn 11.94 / train/loss/policy 0.12 / train/loss/position 0.36 / train/loss/rep 11.94 / train/loss/repval 1.63 / train/loss/rew 0.02 / train/loss/to_target 0.35 / train/loss/value 1.12 / train/loss/velocity 0.05 / replay/replay_ratio 1040 / fps/policy 7.16 / fps/train 7329.82

Writing metrics: /scratch/midway3/rickybao/dreamerv3_runs/adapt_ax1rbf1q1s0_synth_seed106_ckpt500000/metrics.jsonlWriting metrics: /scratch/midway3/rickybao/dreamerv3_runs/adapt_ax1rbf1q1s0_synth_seed106_ckpt500000/scores.jsonl


--------------------[Agent Step 63_392]--------------------
Metrics filtered by: 'score|length|fps|ratio|train/loss/|train/rand/'
train/loss/con 0.02 / train/loss/distractor 1.33 / train/loss/dyn 11.96 / train/loss/policy 0.11 / train/loss/position 0.36 / train/loss/rep 11.96 / train/loss/repval 1.64 / train/loss/rew 0.02 / train/loss/to_target 0.35 / train/loss/value 1.07 / train/loss/velocity 0.05 / replay/replay_ratio 1040 / fps/policy 7.16 / fps/train 7332.6

Writing metrics: /scratch/midway3/rickybao/dreamerv3_runs/adapt_ax1rbf1q1s0_synth_seed106_ckpt500000/scores.jsonl
Writing metrics: /scratch/midway3/rickybao/dreamerv3_runs/adapt_ax1rbf1q1s0_synth_seed106_ckpt500000/metrics.jsonl

--------------------[Agent Step 64_256]--------------------
Metrics filtered by: 'score|length|fps|ratio|train/loss/|train/rand/'
episode/score 22 / episode/length 1001 / train/loss/con 0.02 / train/loss/distractor 1.33 / train/loss/dyn 12 / train/loss/policy 0.1 / train/loss/position 0.36 / train/loss/rep 12 / train/loss/repval 1.65 / train/loss/rew 0.02 / train/loss/to_target 0.35 / train/loss/value 1.07 / train/loss/velocity 0.06 / replay/replay_ratio 1040 / fps/policy 7.16 / fps/train 7330.68

Writing metrics: /scratch/midway3/rickybao/dreamerv3_runs/adapt_ax1rbf1q1s0_synth_seed106_ckpt500000/metrics.jsonl
Writing metrics: /scratch/midway3/rickybao/dreamerv3_runs/adapt_ax1rbf1q1s0_synth_seed106_ckpt500000/scores.jsonl

--------------------[Agent Step 65_120]--------------------
Metrics filtered by: 'score|length|fps|ratio|train/loss/|train/rand/'
train/loss/con 0.02 / train/loss/distractor 1.32 / train/loss/dyn 12.01 / train/loss/policy 0.08 / train/loss/position 0.36 / train/loss/rep 12.01 / train/loss/repval 1.84 / train/loss/rew 0.02 / train/loss/to_target 0.34 / train/loss/value 1.2 / train/loss/velocity 0.07 / replay/replay_ratio 1040 / fps/policy 7.16 / fps/train 7333.86

Writing metrics: /scratch/midway3/rickybao/dreamerv3_runs/adapt_ax1rbf1q1s0_synth_seed106_ckpt500000/metrics.jsonl
Writing metrics: /scratch/midway3/rickybao/dreamerv3_runs/adapt_ax1rbf1q1s0_synth_seed106_ckpt500000/scores.jsonl

--------------------[Agent Step 65_984]--------------------
Metrics filtered by: 'score|length|fps|ratio|train/loss/|train/rand/'
train/loss/con 0.02 / train/loss/distractor 1.32 / train/loss/dyn 12.05 / train/loss/policy 0.06 / train/loss/position 0.35 / train/loss/rep 12.05 / train/loss/repval 1.85 / train/loss/rew 0.02 / train/loss/to_target 0.34 / train/loss/value 1.23 / train/loss/velocity 0.07 / replay/replay_ratio 1040 / fps/policy 7.16 / fps/train 7330.6

Writing metrics: /scratch/midway3/rickybao/dreamerv3_runs/adapt_ax1rbf1q1s0_synth_seed106_ckpt500000/scores.jsonlWriting metrics: /scratch/midway3/rickybao/dreamerv3_runs/adapt_ax1rbf1q1s0_synth_seed106_ckpt500000/metrics.jsonl

Saving checkpoint: /scratch/midway3/rickybao/dreamerv3_runs/adapt_ax1rbf1q1s0_synth_seed106_ckpt500000/ckpt/20260721T120436F854497
Saved checkpoint.

--------------------[Agent Step 66_848]--------------------
Metrics filtered by: 'score|length|fps|ratio|train/loss/|train/rand/'
train/loss/con 0.02 / train/loss/distractor 1.32 / train/loss/dyn 12.03 / train/loss/policy 0.03 / train/loss/position 0.34 / train/loss/rep 12.03 / train/loss/repval 2.09 / train/loss/rew 0.02 / train/loss/to_target 0.33 / train/loss/value 1.45 / train/loss/velocity 0.08 / replay/replay_ratio 1040 / fps/policy 7.15 / fps/train 7322.68

Writing metrics: /scratch/midway3/rickybao/dreamerv3_runs/adapt_ax1rbf1q1s0_synth_seed106_ckpt500000/metrics.jsonl
Writing metrics: /scratch/midway3/rickybao/dreamerv3_runs/adapt_ax1rbf1q1s0_synth_seed106_ckpt500000/scores.jsonl

--------------------[Agent Step 67_712]--------------------
Metrics filtered by: 'score|length|fps|ratio|train/loss/|train/rand/'
train/loss/con 0.02 / train/loss/distractor 1.32 / train/loss/dyn 12.08 / train/loss/policy -0.01 / train/loss/position 0.34 / train/loss/rep 12.08 / train/loss/repval 1.86 / train/loss/rew 0.02 / train/loss/to_target 0.33 / train/loss/value 1.39 / train/loss/velocity 0.09 / replay/replay_ratio 1040 / fps/policy 7.16 / fps/train 7329.78

Writing metrics: /scratch/midway3/rickybao/dreamerv3_runs/adapt_ax1rbf1q1s0_synth_seed106_ckpt500000/scores.jsonlWriting metrics: /scratch/midway3/rickybao/dreamerv3_runs/adapt_ax1rbf1q1s0_synth_seed106_ckpt500000/metrics.jsonl


--------------------[Agent Step 68_576]--------------------
Metrics filtered by: 'score|length|fps|ratio|train/loss/|train/rand/'
train/loss/con 0.02 / train/loss/distractor 1.31 / train/loss/dyn 12.06 / train/loss/policy -0.05 / train/loss/position 0.34 / train/loss/rep 12.06 / train/loss/repval 1.48 / train/loss/rew 0.02 / train/loss/to_target 0.33 / train/loss/value 1.18 / train/loss/velocity 0.09 / replay/replay_ratio 1040 / fps/policy 7.16 / fps/train 7333.67

Writing metrics: /scratch/midway3/rickybao/dreamerv3_runs/adapt_ax1rbf1q1s0_synth_seed106_ckpt500000/scores.jsonlWriting metrics: /scratch/midway3/rickybao/dreamerv3_runs/adapt_ax1rbf1q1s0_synth_seed106_ckpt500000/metrics.jsonl


--------------------[Agent Step 69_440]--------------------
Metrics filtered by: 'score|length|fps|ratio|train/loss/|train/rand/'
train/loss/con 0.02 / train/loss/distractor 1.31 / train/loss/dyn 12.08 / train/loss/policy -0.03 / train/loss/position 0.33 / train/loss/rep 12.08 / train/loss/repval 1.4 / train/loss/rew 0.02 / train/loss/to_target 0.32 / train/loss/value 1.14 / train/loss/velocity 0.09 / replay/replay_ratio 1040 / fps/policy 7.16 / fps/train 7334.87

Writing metrics: /scratch/midway3/rickybao/dreamerv3_runs/adapt_ax1rbf1q1s0_synth_seed106_ckpt500000/scores.jsonlWriting metrics: /scratch/midway3/rickybao/dreamerv3_runs/adapt_ax1rbf1q1s0_synth_seed106_ckpt500000/metrics.jsonl


--------------------[Agent Step 70_304]--------------------
Metrics filtered by: 'score|length|fps|ratio|train/loss/|train/rand/'
train/loss/con 0.02 / train/loss/distractor 1.31 / train/loss/dyn 12.08 / train/loss/policy -5.6e-3 / train/loss/position 0.33 / train/loss/rep 12.08 / train/loss/repval 1.42 / train/loss/rew 0.02 / train/loss/to_target 0.32 / train/loss/value 1.18 / train/loss/velocity 0.09 / replay/replay_ratio 1040 / fps/policy 7.16 / fps/train 7329.83

Writing metrics: /scratch/midway3/rickybao/dreamerv3_runs/adapt_ax1rbf1q1s0_synth_seed106_ckpt500000/metrics.jsonl
Writing metrics: /scratch/midway3/rickybao/dreamerv3_runs/adapt_ax1rbf1q1s0_synth_seed106_ckpt500000/scores.jsonl

--------------------[Agent Step 71_168]--------------------
Metrics filtered by: 'score|length|fps|ratio|train/loss/|train/rand/'
train/loss/con 0.02 / train/loss/distractor 1.32 / train/loss/dyn 12.08 / train/loss/policy -0.02 / train/loss/position 0.33 / train/loss/rep 12.08 / train/loss/repval 1.4 / train/loss/rew 0.02 / train/loss/to_target 0.31 / train/loss/value 1.2 / train/loss/velocity 0.09 / replay/replay_ratio 1040 / fps/policy 7.16 / fps/train 7336.58

Writing metrics: /scratch/midway3/rickybao/dreamerv3_runs/adapt_ax1rbf1q1s0_synth_seed106_ckpt500000/scores.jsonlWriting metrics: /scratch/midway3/rickybao/dreamerv3_runs/adapt_ax1rbf1q1s0_synth_seed106_ckpt500000/metrics.jsonl


--------------------[Agent Step 72_032]--------------------
Metrics filtered by: 'score|length|fps|ratio|train/loss/|train/rand/'
train/loss/con 0.02 / train/loss/distractor 1.32 / train/loss/dyn 12.09 / train/loss/policy -0.03 / train/loss/position 0.33 / train/loss/rep 12.09 / train/loss/repval 1.48 / train/loss/rew 0.02 / train/loss/to_target 0.32 / train/loss/value 1.04 / train/loss/velocity 0.09 / replay/replay_ratio 1040 / fps/policy 7.17 / fps/train 7340.23

Writing metrics: /scratch/midway3/rickybao/dreamerv3_runs/adapt_ax1rbf1q1s0_synth_seed106_ckpt500000/metrics.jsonlWriting metrics: /scratch/midway3/rickybao/dreamerv3_runs/adapt_ax1rbf1q1s0_synth_seed106_ckpt500000/scores.jsonl


--------------------[Agent Step 72_896]--------------------
Metrics filtered by: 'score|length|fps|ratio|train/loss/|train/rand/'
train/loss/con 0.02 / train/loss/distractor 1.32 / train/loss/dyn 12.05 / train/loss/policy -0.06 / train/loss/position 0.33 / train/loss/rep 12.05 / train/loss/repval 1.37 / train/loss/rew 0.02 / train/loss/to_target 0.31 / train/loss/value 1.07 / train/loss/velocity 0.09 / replay/replay_ratio 1040 / fps/policy 7.16 / fps/train 7330.87

Writing metrics: /scratch/midway3/rickybao/dreamerv3_runs/adapt_ax1rbf1q1s0_synth_seed106_ckpt500000/metrics.jsonlWriting metrics: /scratch/midway3/rickybao/dreamerv3_runs/adapt_ax1rbf1q1s0_synth_seed106_ckpt500000/scores.jsonl

Saving checkpoint: /scratch/midway3/rickybao/dreamerv3_runs/adapt_ax1rbf1q1s0_synth_seed106_ckpt500000/ckpt/20260721T121937F365399
Saved checkpoint.

--------------------[Agent Step 73_760]--------------------
Metrics filtered by: 'score|length|fps|ratio|train/loss/|train/rand/'
train/loss/con 0.02 / train/loss/distractor 1.32 / train/loss/dyn 12.02 / train/loss/policy -0.04 / train/loss/position 0.33 / train/loss/rep 12.02 / train/loss/repval 1.44 / train/loss/rew 0.02 / train/loss/to_target 0.32 / train/loss/value 0.95 / train/loss/velocity 0.09 / replay/replay_ratio 1040 / fps/policy 7.15 / fps/train 7324.73

Writing metrics: /scratch/midway3/rickybao/dreamerv3_runs/adapt_ax1rbf1q1s0_synth_seed106_ckpt500000/scores.jsonl
Writing metrics: /scratch/midway3/rickybao/dreamerv3_runs/adapt_ax1rbf1q1s0_synth_seed106_ckpt500000/metrics.jsonl

--------------------[Agent Step 74_624]--------------------
Metrics filtered by: 'score|length|fps|ratio|train/loss/|train/rand/'
train/loss/con 0.02 / train/loss/distractor 1.32 / train/loss/dyn 12.02 / train/loss/policy -0.04 / train/loss/position 0.34 / train/loss/rep 12.02 / train/loss/repval 1.27 / train/loss/rew 0.02 / train/loss/to_target 0.32 / train/loss/value 1.02 / train/loss/velocity 0.09 / replay/replay_ratio 1040 / fps/policy 7.16 / fps/train 7335.68

Writing metrics: /scratch/midway3/rickybao/dreamerv3_runs/adapt_ax1rbf1q1s0_synth_seed106_ckpt500000/scores.jsonlWriting metrics: /scratch/midway3/rickybao/dreamerv3_runs/adapt_ax1rbf1q1s0_synth_seed106_ckpt500000/metrics.jsonl


--------------------[Agent Step 75_488]--------------------
Metrics filtered by: 'score|length|fps|ratio|train/loss/|train/rand/'
train/loss/con 0.02 / train/loss/distractor 1.32 / train/loss/dyn 12.02 / train/loss/policy -0.03 / train/loss/position 0.34 / train/loss/rep 12.02 / train/loss/repval 1.25 / train/loss/rew 0.02 / train/loss/to_target 0.33 / train/loss/value 1.19 / train/loss/velocity 0.08 / replay/replay_ratio 1040 / fps/policy 7.16 / fps/train 7332.21

Writing metrics: /scratch/midway3/rickybao/dreamerv3_runs/adapt_ax1rbf1q1s0_synth_seed106_ckpt500000/scores.jsonlWriting metrics: /scratch/midway3/rickybao/dreamerv3_runs/adapt_ax1rbf1q1s0_synth_seed106_ckpt500000/metrics.jsonl


--------------------[Agent Step 76_352]--------------------
Metrics filtered by: 'score|length|fps|ratio|train/loss/|train/rand/'
train/loss/con 0.02 / train/loss/distractor 1.32 / train/loss/dyn 12 / train/loss/policy -0.02 / train/loss/position 0.35 / train/loss/rep 12 / train/loss/repval 1.21 / train/loss/rew 0.02 / train/loss/to_target 0.33 / train/loss/value 1.17 / train/loss/velocity 0.08 / replay/replay_ratio 1040 / fps/policy 7.16 / fps/train 7331.74

Writing metrics: /scratch/midway3/rickybao/dreamerv3_runs/adapt_ax1rbf1q1s0_synth_seed106_ckpt500000/scores.jsonlWriting metrics: /scratch/midway3/rickybao/dreamerv3_runs/adapt_ax1rbf1q1s0_synth_seed106_ckpt500000/metrics.jsonl


--------------------[Agent Step 77_216]--------------------
Metrics filtered by: 'score|length|fps|ratio|train/loss/|train/rand/'
train/loss/con 0.02 / train/loss/distractor 1.33 / train/loss/dyn 11.99 / train/loss/policy -0.01 / train/loss/position 0.35 / train/loss/rep 11.99 / train/loss/repval 1.2 / train/loss/rew 0.02 / train/loss/to_target 0.33 / train/loss/value 1.11 / train/loss/velocity 0.08 / replay/replay_ratio 1040 / fps/policy 7.16 / fps/train 7331.1

Writing metrics: /scratch/midway3/rickybao/dreamerv3_runs/adapt_ax1rbf1q1s0_synth_seed106_ckpt500000/metrics.jsonl
Writing metrics: /scratch/midway3/rickybao/dreamerv3_runs/adapt_ax1rbf1q1s0_synth_seed106_ckpt500000/scores.jsonl

--------------------[Agent Step 78_080]--------------------
Metrics filtered by: 'score|length|fps|ratio|train/loss/|train/rand/'
train/loss/con 0.02 / train/loss/distractor 1.33 / train/loss/dyn 12 / train/loss/policy -0.01 / train/loss/position 0.36 / train/loss/rep 12 / train/loss/repval 1.21 / train/loss/rew 0.02 / train/loss/to_target 0.34 / train/loss/value 0.98 / train/loss/velocity 0.08 / replay/replay_ratio 1040 / fps/policy 7.16 / fps/train 7333.05

Writing metrics: /scratch/midway3/rickybao/dreamerv3_runs/adapt_ax1rbf1q1s0_synth_seed106_ckpt500000/metrics.jsonlWriting metrics: /scratch/midway3/rickybao/dreamerv3_runs/adapt_ax1rbf1q1s0_synth_seed106_ckpt500000/scores.jsonl


--------------------[Agent Step 78_944]--------------------
Metrics filtered by: 'score|length|fps|ratio|train/loss/|train/rand/'
train/loss/con 0.02 / train/loss/distractor 1.32 / train/loss/dyn 12 / train/loss/policy -0.02 / train/loss/position 0.37 / train/loss/rep 12 / train/loss/repval 1.23 / train/loss/rew 0.02 / train/loss/to_target 0.35 / train/loss/value 0.97 / train/loss/velocity 0.08 / replay/replay_ratio 1040 / fps/policy 7.16 / fps/train 7334.31

Writing metrics: /scratch/midway3/rickybao/dreamerv3_runs/adapt_ax1rbf1q1s0_synth_seed106_ckpt500000/scores.jsonlWriting metrics: /scratch/midway3/rickybao/dreamerv3_runs/adapt_ax1rbf1q1s0_synth_seed106_ckpt500000/metrics.jsonl

Saving checkpoint: /scratch/midway3/rickybao/dreamerv3_runs/adapt_ax1rbf1q1s0_synth_seed106_ckpt500000/ckpt/20260721T123437F897036
Saved checkpoint.

--------------------[Agent Step 79_808]--------------------
Metrics filtered by: 'score|length|fps|ratio|train/loss/|train/rand/'
train/loss/con 0.02 / train/loss/distractor 1.33 / train/loss/dyn 11.99 / train/loss/policy -0.01 / train/loss/position 0.37 / train/loss/rep 11.99 / train/loss/repval 1.24 / train/loss/rew 0.02 / train/loss/to_target 0.35 / train/loss/value 0.96 / train/loss/velocity 0.08 / replay/replay_ratio 1040 / fps/policy 7.15 / fps/train 7322.85

Writing metrics: /scratch/midway3/rickybao/dreamerv3_runs/adapt_ax1rbf1q1s0_synth_seed106_ckpt500000/scores.jsonlWriting metrics: /scratch/midway3/rickybao/dreamerv3_runs/adapt_ax1rbf1q1s0_synth_seed106_ckpt500000/metrics.jsonl


--------------------[Agent Step 80_672]--------------------
Metrics filtered by: 'score|length|fps|ratio|train/loss/|train/rand/'
episode/score 0 / episode/length 1001 / train/loss/con 0.02 / train/loss/distractor 1.33 / train/loss/dyn 12.01 / train/loss/policy -0.01 / train/loss/position 0.38 / train/loss/rep 12.01 / train/loss/repval 1.27 / train/loss/rew 0.02 / train/loss/to_target 0.36 / train/loss/value 0.97 / train/loss/velocity 0.08 / replay/replay_ratio 1040 / fps/policy 7.17 / fps/train 7338.67

Writing metrics: /scratch/midway3/rickybao/dreamerv3_runs/adapt_ax1rbf1q1s0_synth_seed106_ckpt500000/metrics.jsonlWriting metrics: /scratch/midway3/rickybao/dreamerv3_runs/adapt_ax1rbf1q1s0_synth_seed106_ckpt500000/scores.jsonl


--------------------[Agent Step 81_536]--------------------
Metrics filtered by: 'score|length|fps|ratio|train/loss/|train/rand/'
train/loss/con 0.02 / train/loss/distractor 1.33 / train/loss/dyn 12.04 / train/loss/policy -0.01 / train/loss/position 0.37 / train/loss/rep 12.04 / train/loss/repval 1.27 / train/loss/rew 0.02 / train/loss/to_target 0.35 / train/loss/value 0.96 / train/loss/velocity 0.08 / replay/replay_ratio 1040 / fps/policy 7.16 / fps/train 7332.54

Writing metrics: /scratch/midway3/rickybao/dreamerv3_runs/adapt_ax1rbf1q1s0_synth_seed106_ckpt500000/metrics.jsonl
Writing metrics: /scratch/midway3/rickybao/dreamerv3_runs/adapt_ax1rbf1q1s0_synth_seed106_ckpt500000/scores.jsonl

--------------------[Agent Step 82_400]--------------------
Metrics filtered by: 'score|length|fps|ratio|train/loss/|train/rand/'
train/loss/con 0.02 / train/loss/distractor 1.33 / train/loss/dyn 12.01 / train/loss/policy -7.6e-4 / train/loss/position 0.37 / train/loss/rep 12.01 / train/loss/repval 1.39 / train/loss/rew 0.02 / train/loss/to_target 0.35 / train/loss/value 0.97 / train/loss/velocity 0.08 / replay/replay_ratio 1040 / fps/policy 7.16 / fps/train 7332.37

Writing metrics: /scratch/midway3/rickybao/dreamerv3_runs/adapt_ax1rbf1q1s0_synth_seed106_ckpt500000/scores.jsonl
Writing metrics: /scratch/midway3/rickybao/dreamerv3_runs/adapt_ax1rbf1q1s0_synth_seed106_ckpt500000/metrics.jsonl

--------------------[Agent Step 83_264]--------------------
Metrics filtered by: 'score|length|fps|ratio|train/loss/|train/rand/'
train/loss/con 0.02 / train/loss/distractor 1.33 / train/loss/dyn 12.01 / train/loss/policy -0.02 / train/loss/position 0.37 / train/loss/rep 12.01 / train/loss/repval 1.42 / train/loss/rew 0.02 / train/loss/to_target 0.35 / train/loss/value 1.15 / train/loss/velocity 0.08 / replay/replay_ratio 1040 / fps/policy 7.16 / fps/train 7336.31

Writing metrics: /scratch/midway3/rickybao/dreamerv3_runs/adapt_ax1rbf1q1s0_synth_seed106_ckpt500000/metrics.jsonlWriting metrics: /scratch/midway3/rickybao/dreamerv3_runs/adapt_ax1rbf1q1s0_synth_seed106_ckpt500000/scores.jsonl


--------------------[Agent Step 84_128]--------------------
Metrics filtered by: 'score|length|fps|ratio|train/loss/|train/rand/'
train/loss/con 0.02 / train/loss/distractor 1.33 / train/loss/dyn 12.01 / train/loss/policy -0.04 / train/loss/position 0.37 / train/loss/rep 12.01 / train/loss/repval 1.3 / train/loss/rew 0.02 / train/loss/to_target 0.35 / train/loss/value 1.05 / train/loss/velocity 0.08 / replay/replay_ratio 1040 / fps/policy 7.16 / fps/train 7333.54

Writing metrics: /scratch/midway3/rickybao/dreamerv3_runs/adapt_ax1rbf1q1s0_synth_seed106_ckpt500000/metrics.jsonlWriting metrics: /scratch/midway3/rickybao/dreamerv3_runs/adapt_ax1rbf1q1s0_synth_seed106_ckpt500000/scores.jsonl


--------------------[Agent Step 84_992]--------------------
Metrics filtered by: 'score|length|fps|ratio|train/loss/|train/rand/'
train/loss/con 0.02 / train/loss/distractor 1.33 / train/loss/dyn 11.99 / train/loss/policy -0.05 / train/loss/position 0.37 / train/loss/rep 11.99 / train/loss/repval 1.37 / train/loss/rew 0.03 / train/loss/to_target 0.36 / train/loss/value 1.12 / train/loss/velocity 0.08 / replay/replay_ratio 1040 / fps/policy 7.16 / fps/train 7329.38

Writing metrics: /scratch/midway3/rickybao/dreamerv3_runs/adapt_ax1rbf1q1s0_synth_seed106_ckpt500000/metrics.jsonl
Writing metrics: /scratch/midway3/rickybao/dreamerv3_runs/adapt_ax1rbf1q1s0_synth_seed106_ckpt500000/scores.jsonl

--------------------[Agent Step 85_856]--------------------
Metrics filtered by: 'score|length|fps|ratio|train/loss/|train/rand/'
train/loss/con 0.02 / train/loss/distractor 1.34 / train/loss/dyn 12.01 / train/loss/policy -0.06 / train/loss/position 0.38 / train/loss/rep 12.01 / train/loss/repval 1.33 / train/loss/rew 0.03 / train/loss/to_target 0.36 / train/loss/value 1.05 / train/loss/velocity 0.08 / replay/replay_ratio 1040 / fps/policy 7.16 / fps/train 7335.3

Writing metrics: /scratch/midway3/rickybao/dreamerv3_runs/adapt_ax1rbf1q1s0_synth_seed106_ckpt500000/metrics.jsonl
Writing metrics: /scratch/midway3/rickybao/dreamerv3_runs/adapt_ax1rbf1q1s0_synth_seed106_ckpt500000/scores.jsonl
Saving checkpoint: /scratch/midway3/rickybao/dreamerv3_runs/adapt_ax1rbf1q1s0_synth_seed106_ckpt500000/ckpt/20260721T124938F396367
Saved checkpoint.

--------------------[Agent Step 86_720]--------------------
Metrics filtered by: 'score|length|fps|ratio|train/loss/|train/rand/'
train/loss/con 0.02 / train/loss/distractor 1.34 / train/loss/dyn 12 / train/loss/policy -0.05 / train/loss/position 0.38 / train/loss/rep 12 / train/loss/repval 1.33 / train/loss/rew 0.03 / train/loss/to_target 0.37 / train/loss/value 1 / train/loss/velocity 0.08 / replay/replay_ratio 1040 / fps/policy 7.15 / fps/train 7324.93

Writing metrics: /scratch/midway3/rickybao/dreamerv3_runs/adapt_ax1rbf1q1s0_synth_seed106_ckpt500000/scores.jsonlWriting metrics: /scratch/midway3/rickybao/dreamerv3_runs/adapt_ax1rbf1q1s0_synth_seed106_ckpt500000/metrics.jsonl


--------------------[Agent Step 87_584]--------------------
Metrics filtered by: 'score|length|fps|ratio|train/loss/|train/rand/'
train/loss/con 0.02 / train/loss/distractor 1.34 / train/loss/dyn 12 / train/loss/policy -0.05 / train/loss/position 0.39 / train/loss/rep 12 / train/loss/repval 1.36 / train/loss/rew 0.03 / train/loss/to_target 0.37 / train/loss/value 1.07 / train/loss/velocity 0.08 / replay/replay_ratio 1040 / fps/policy 7.16 / fps/train 7334.75

Writing metrics: /scratch/midway3/rickybao/dreamerv3_runs/adapt_ax1rbf1q1s0_synth_seed106_ckpt500000/scores.jsonl
Writing metrics: /scratch/midway3/rickybao/dreamerv3_runs/adapt_ax1rbf1q1s0_synth_seed106_ckpt500000/metrics.jsonl

--------------------[Agent Step 88_448]--------------------
Metrics filtered by: 'score|length|fps|ratio|train/loss/|train/rand/'
train/loss/con 0.02 / train/loss/distractor 1.34 / train/loss/dyn 12 / train/loss/policy -0.05 / train/loss/position 0.39 / train/loss/rep 12 / train/loss/repval 1.24 / train/loss/rew 0.03 / train/loss/to_target 0.37 / train/loss/value 1.02 / train/loss/velocity 0.08 / replay/replay_ratio 1040 / fps/policy 7.16 / fps/train 7329.99

Writing metrics: /scratch/midway3/rickybao/dreamerv3_runs/adapt_ax1rbf1q1s0_synth_seed106_ckpt500000/metrics.jsonlWriting metrics: /scratch/midway3/rickybao/dreamerv3_runs/adapt_ax1rbf1q1s0_synth_seed106_ckpt500000/scores.jsonl


--------------------[Agent Step 89_312]--------------------
Metrics filtered by: 'score|length|fps|ratio|train/loss/|train/rand/'
train/loss/con 0.02 / train/loss/distractor 1.34 / train/loss/dyn 11.97 / train/loss/policy -0.05 / train/loss/position 0.39 / train/loss/rep 11.97 / train/loss/repval 1.34 / train/loss/rew 0.03 / train/loss/to_target 0.37 / train/loss/value 1.14 / train/loss/velocity 0.08 / replay/replay_ratio 1040 / fps/policy 7.16 / fps/train 7336.48

Writing metrics: /scratch/midway3/rickybao/dreamerv3_runs/adapt_ax1rbf1q1s0_synth_seed106_ckpt500000/scores.jsonlWriting metrics: /scratch/midway3/rickybao/dreamerv3_runs/adapt_ax1rbf1q1s0_synth_seed106_ckpt500000/metrics.jsonl


--------------------[Agent Step 90_176]--------------------
Metrics filtered by: 'score|length|fps|ratio|train/loss/|train/rand/'
train/loss/con 0.02 / train/loss/distractor 1.34 / train/loss/dyn 11.97 / train/loss/policy -0.05 / train/loss/position 0.39 / train/loss/rep 11.97 / train/loss/repval 1.3 / train/loss/rew 0.03 / train/loss/to_target 0.38 / train/loss/value 0.98 / train/loss/velocity 0.08 / replay/replay_ratio 1040 / fps/policy 7.17 / fps/train 7338.81

Writing metrics: /scratch/midway3/rickybao/dreamerv3_runs/adapt_ax1rbf1q1s0_synth_seed106_ckpt500000/metrics.jsonlWriting metrics: /scratch/midway3/rickybao/dreamerv3_runs/adapt_ax1rbf1q1s0_synth_seed106_ckpt500000/scores.jsonl


--------------------[Agent Step 91_040]--------------------
Metrics filtered by: 'score|length|fps|ratio|train/loss/|train/rand/'
train/loss/con 0.02 / train/loss/distractor 1.33 / train/loss/dyn 11.93 / train/loss/policy -0.05 / train/loss/position 0.4 / train/loss/rep 11.93 / train/loss/repval 1.2 / train/loss/rew 0.03 / train/loss/to_target 0.38 / train/loss/value 1.14 / train/loss/velocity 0.08 / replay/replay_ratio 1040 / fps/policy 7.16 / fps/train 7331.95

Writing metrics: /scratch/midway3/rickybao/dreamerv3_runs/adapt_ax1rbf1q1s0_synth_seed106_ckpt500000/metrics.jsonl
Writing metrics: /scratch/midway3/rickybao/dreamerv3_runs/adapt_ax1rbf1q1s0_synth_seed106_ckpt500000/scores.jsonl

--------------------[Agent Step 91_904]--------------------
Metrics filtered by: 'score|length|fps|ratio|train/loss/|train/rand/'
train/loss/con 0.02 / train/loss/distractor 1.34 / train/loss/dyn 11.93 / train/loss/policy -0.05 / train/loss/position 0.4 / train/loss/rep 11.93 / train/loss/repval 1.35 / train/loss/rew 0.04 / train/loss/to_target 0.39 / train/loss/value 1.04 / train/loss/velocity 0.08 / replay/replay_ratio 1040 / fps/policy 7.16 / fps/train 7334.44

Writing metrics: /scratch/midway3/rickybao/dreamerv3_runs/adapt_ax1rbf1q1s0_synth_seed106_ckpt500000/scores.jsonlWriting metrics: /scratch/midway3/rickybao/dreamerv3_runs/adapt_ax1rbf1q1s0_synth_seed106_ckpt500000/metrics.jsonl

Saving checkpoint: /scratch/midway3/rickybao/dreamerv3_runs/adapt_ax1rbf1q1s0_synth_seed106_ckpt500000/ckpt/20260721T130438F810982
Saved checkpoint.

--------------------[Agent Step 92_768]--------------------
Metrics filtered by: 'score|length|fps|ratio|train/loss/|train/rand/'
train/loss/con 0.02 / train/loss/distractor 1.34 / train/loss/dyn 11.96 / train/loss/policy -0.05 / train/loss/position 0.41 / train/loss/rep 11.96 / train/loss/repval 1.18 / train/loss/rew 0.04 / train/loss/to_target 0.39 / train/loss/value 1.03 / train/loss/velocity 0.08 / replay/replay_ratio 1040 / fps/policy 7.15 / fps/train 7320.34

Writing metrics: /scratch/midway3/rickybao/dreamerv3_runs/adapt_ax1rbf1q1s0_synth_seed106_ckpt500000/metrics.jsonlWriting metrics: /scratch/midway3/rickybao/dreamerv3_runs/adapt_ax1rbf1q1s0_synth_seed106_ckpt500000/scores.jsonl


--------------------[Agent Step 93_632]--------------------
Metrics filtered by: 'score|length|fps|ratio|train/loss/|train/rand/'
train/loss/con 0.02 / train/loss/distractor 1.34 / train/loss/dyn 11.95 / train/loss/policy -0.05 / train/loss/position 0.42 / train/loss/rep 11.95 / train/loss/repval 1.32 / train/loss/rew 0.04 / train/loss/to_target 0.4 / train/loss/value 1.08 / train/loss/velocity 0.08 / replay/replay_ratio 1040 / fps/policy 7.16 / fps/train 7333.52

Writing metrics: /scratch/midway3/rickybao/dreamerv3_runs/adapt_ax1rbf1q1s0_synth_seed106_ckpt500000/metrics.jsonlWriting metrics: /scratch/midway3/rickybao/dreamerv3_runs/adapt_ax1rbf1q1s0_synth_seed106_ckpt500000/scores.jsonl


--------------------[Agent Step 94_496]--------------------
Metrics filtered by: 'score|length|fps|ratio|train/loss/|train/rand/'
train/loss/con 0.02 / train/loss/distractor 1.35 / train/loss/dyn 11.91 / train/loss/policy -0.04 / train/loss/position 0.42 / train/loss/rep 11.91 / train/loss/repval 1.31 / train/loss/rew 0.04 / train/loss/to_target 0.4 / train/loss/value 0.95 / train/loss/velocity 0.07 / replay/replay_ratio 1040 / fps/policy 7.16 / fps/train 7333.59

Writing metrics: /scratch/midway3/rickybao/dreamerv3_runs/adapt_ax1rbf1q1s0_synth_seed106_ckpt500000/scores.jsonlWriting metrics: /scratch/midway3/rickybao/dreamerv3_runs/adapt_ax1rbf1q1s0_synth_seed106_ckpt500000/metrics.jsonl


--------------------[Agent Step 95_360]--------------------
Metrics filtered by: 'score|length|fps|ratio|train/loss/|train/rand/'
train/loss/con 0.02 / train/loss/distractor 1.35 / train/loss/dyn 11.9 / train/loss/policy -0.05 / train/loss/position 0.43 / train/loss/rep 11.9 / train/loss/repval 1.13 / train/loss/rew 0.04 / train/loss/to_target 0.41 / train/loss/value 0.97 / train/loss/velocity 0.07 / replay/replay_ratio 1040 / fps/policy 7.16 / fps/train 7330.79

Writing metrics: /scratch/midway3/rickybao/dreamerv3_runs/adapt_ax1rbf1q1s0_synth_seed106_ckpt500000/metrics.jsonlWriting metrics: /scratch/midway3/rickybao/dreamerv3_runs/adapt_ax1rbf1q1s0_synth_seed106_ckpt500000/scores.jsonl


--------------------[Agent Step 96_224]--------------------
Metrics filtered by: 'score|length|fps|ratio|train/loss/|train/rand/'
episode/score 79 / episode/length 1001 / train/loss/con 0.02 / train/loss/distractor 1.34 / train/loss/dyn 11.86 / train/loss/policy -0.05 / train/loss/position 0.43 / train/loss/rep 11.86 / train/loss/repval 1.1 / train/loss/rew 0.05 / train/loss/to_target 0.41 / train/loss/value 1.15 / train/loss/velocity 0.07 / replay/replay_ratio 1040 / fps/policy 7.16 / fps/train 7331.05

Writing metrics: /scratch/midway3/rickybao/dreamerv3_runs/adapt_ax1rbf1q1s0_synth_seed106_ckpt500000/metrics.jsonlWriting metrics: /scratch/midway3/rickybao/dreamerv3_runs/adapt_ax1rbf1q1s0_synth_seed106_ckpt500000/scores.jsonl


--------------------[Agent Step 97_088]--------------------
Metrics filtered by: 'score|length|fps|ratio|train/loss/|train/rand/'
train/loss/con 0.02 / train/loss/distractor 1.35 / train/loss/dyn 11.87 / train/loss/policy -0.05 / train/loss/position 0.43 / train/loss/rep 11.87 / train/loss/repval 1.29 / train/loss/rew 0.05 / train/loss/to_target 0.42 / train/loss/value 1.11 / train/loss/velocity 0.07 / replay/replay_ratio 1040 / fps/policy 7.17 / fps/train 7337.28

Writing metrics: /scratch/midway3/rickybao/dreamerv3_runs/adapt_ax1rbf1q1s0_synth_seed106_ckpt500000/metrics.jsonlWriting metrics: /scratch/midway3/rickybao/dreamerv3_runs/adapt_ax1rbf1q1s0_synth_seed106_ckpt500000/scores.jsonl


--------------------[Agent Step 97_952]--------------------
Metrics filtered by: 'score|length|fps|ratio|train/loss/|train/rand/'
train/loss/con 0.02 / train/loss/distractor 1.35 / train/loss/dyn 11.91 / train/loss/policy -0.04 / train/loss/position 0.43 / train/loss/rep 11.91 / train/loss/repval 1.35 / train/loss/rew 0.05 / train/loss/to_target 0.41 / train/loss/value 0.97 / train/loss/velocity 0.07 / replay/replay_ratio 1040 / fps/policy 7.16 / fps/train 7331.73

Writing metrics: /scratch/midway3/rickybao/dreamerv3_runs/adapt_ax1rbf1q1s0_synth_seed106_ckpt500000/scores.jsonlWriting metrics: /scratch/midway3/rickybao/dreamerv3_runs/adapt_ax1rbf1q1s0_synth_seed106_ckpt500000/metrics.jsonl

Saving checkpoint: /scratch/midway3/rickybao/dreamerv3_runs/adapt_ax1rbf1q1s0_synth_seed106_ckpt500000/ckpt/20260721T131939F448729
Saved checkpoint.

--------------------[Agent Step 98_816]--------------------
Metrics filtered by: 'score|length|fps|ratio|train/loss/|train/rand/'
train/loss/con 0.02 / train/loss/distractor 1.35 / train/loss/dyn 11.89 / train/loss/policy -0.03 / train/loss/position 0.43 / train/loss/rep 11.89 / train/loss/repval 1.31 / train/loss/rew 0.05 / train/loss/to_target 0.41 / train/loss/value 0.95 / train/loss/velocity 0.07 / replay/replay_ratio 1040 / fps/policy 7.15 / fps/train 7319.44

Writing metrics: /scratch/midway3/rickybao/dreamerv3_runs/adapt_ax1rbf1q1s0_synth_seed106_ckpt500000/scores.jsonl
Writing metrics: /scratch/midway3/rickybao/dreamerv3_runs/adapt_ax1rbf1q1s0_synth_seed106_ckpt500000/metrics.jsonl

--------------------[Agent Step 99_680]--------------------
Metrics filtered by: 'score|length|fps|ratio|train/loss/|train/rand/'
train/loss/con 0.02 / train/loss/distractor 1.35 / train/loss/dyn 11.87 / train/loss/policy -0.03 / train/loss/position 0.44 / train/loss/rep 11.87 / train/loss/repval 1.27 / train/loss/rew 0.05 / train/loss/to_target 0.42 / train/loss/value 0.94 / train/loss/velocity 0.07 / replay/replay_ratio 1040 / fps/policy 7.16 / fps/train 7333.57

Writing metrics: /scratch/midway3/rickybao/dreamerv3_runs/adapt_ax1rbf1q1s0_synth_seed106_ckpt500000/scores.jsonlWriting metrics: /scratch/midway3/rickybao/dreamerv3_runs/adapt_ax1rbf1q1s0_synth_seed106_ckpt500000/metrics.jsonl


--------------------[Agent Step 100_544]--------------------
Metrics filtered by: 'score|length|fps|ratio|train/loss/|train/rand/'
train/loss/con 0.02 / train/loss/distractor 1.35 / train/loss/dyn 11.84 / train/loss/policy -0.03 / train/loss/position 0.44 / train/loss/rep 11.84 / train/loss/repval 1.23 / train/loss/rew 0.05 / train/loss/to_target 0.41 / train/loss/value 0.93 / train/loss/velocity 0.07 / replay/replay_ratio 1040 / fps/policy 7.16 / fps/train 7333.01

Writing metrics: /scratch/midway3/rickybao/dreamerv3_runs/adapt_ax1rbf1q1s0_synth_seed106_ckpt500000/scores.jsonlWriting metrics: /scratch/midway3/rickybao/dreamerv3_runs/adapt_ax1rbf1q1s0_synth_seed106_ckpt500000/metrics.jsonl


--------------------[Agent Step 101_408]--------------------
Metrics filtered by: 'score|length|fps|ratio|train/loss/|train/rand/'
train/loss/con 0.02 / train/loss/distractor 1.35 / train/loss/dyn 11.85 / train/loss/policy -0.03 / train/loss/position 0.44 / train/loss/rep 11.85 / train/loss/repval 1.23 / train/loss/rew 0.05 / train/loss/to_target 0.42 / train/loss/value 0.91 / train/loss/velocity 0.07 / replay/replay_ratio 1040 / fps/policy 7.16 / fps/train 7333.19

Writing metrics: /scratch/midway3/rickybao/dreamerv3_runs/adapt_ax1rbf1q1s0_synth_seed106_ckpt500000/scores.jsonlWriting metrics: /scratch/midway3/rickybao/dreamerv3_runs/adapt_ax1rbf1q1s0_synth_seed106_ckpt500000/metrics.jsonl


--------------------[Agent Step 102_272]--------------------
Metrics filtered by: 'score|length|fps|ratio|train/loss/|train/rand/'
train/loss/con 0.02 / train/loss/distractor 1.35 / train/loss/dyn 11.83 / train/loss/policy -0.03 / train/loss/position 0.45 / train/loss/rep 11.83 / train/loss/repval 1.23 / train/loss/rew 0.05 / train/loss/to_target 0.43 / train/loss/value 0.91 / train/loss/velocity 0.07 / replay/replay_ratio 1040 / fps/policy 7.17 / fps/train 7341.25

Writing metrics: /scratch/midway3/rickybao/dreamerv3_runs/adapt_ax1rbf1q1s0_synth_seed106_ckpt500000/metrics.jsonlWriting metrics: /scratch/midway3/rickybao/dreamerv3_runs/adapt_ax1rbf1q1s0_synth_seed106_ckpt500000/scores.jsonl


--------------------[Agent Step 103_136]--------------------
Metrics filtered by: 'score|length|fps|ratio|train/loss/|train/rand/'
train/loss/con 0.02 / train/loss/distractor 1.35 / train/loss/dyn 11.85 / train/loss/policy -0.03 / train/loss/position 0.44 / train/loss/rep 11.85 / train/loss/repval 1.24 / train/loss/rew 0.05 / train/loss/to_target 0.42 / train/loss/value 0.91 / train/loss/velocity 0.07 / replay/replay_ratio 1040 / fps/policy 7.17 / fps/train 7342.56

Writing metrics: /scratch/midway3/rickybao/dreamerv3_runs/adapt_ax1rbf1q1s0_synth_seed106_ckpt500000/metrics.jsonlWriting metrics: /scratch/midway3/rickybao/dreamerv3_runs/adapt_ax1rbf1q1s0_synth_seed106_ckpt500000/scores.jsonl


--------------------[Agent Step 104_000]--------------------
Metrics filtered by: 'score|length|fps|ratio|train/loss/|train/rand/'
train/loss/con 0.02 / train/loss/distractor 1.35 / train/loss/dyn 11.86 / train/loss/policy -0.03 / train/loss/position 0.44 / train/loss/rep 11.86 / train/loss/repval 1.23 / train/loss/rew 0.05 / train/loss/to_target 0.42 / train/loss/value 0.9 / train/loss/velocity 0.07 / replay/replay_ratio 1040 / fps/policy 7.16 / fps/train 7333.5

Writing metrics: /scratch/midway3/rickybao/dreamerv3_runs/adapt_ax1rbf1q1s0_synth_seed106_ckpt500000/metrics.jsonlWriting metrics: /scratch/midway3/rickybao/dreamerv3_runs/adapt_ax1rbf1q1s0_synth_seed106_ckpt500000/scores.jsonl


--------------------[Agent Step 104_864]--------------------
Metrics filtered by: 'score|length|fps|ratio|train/loss/|train/rand/'
train/loss/con 0.02 / train/loss/distractor 1.35 / train/loss/dyn 11.83 / train/loss/policy -0.03 / train/loss/position 0.45 / train/loss/rep 11.83 / train/loss/repval 1.26 / train/loss/rew 0.05 / train/loss/to_target 0.42 / train/loss/value 0.9 / train/loss/velocity 0.07 / replay/replay_ratio 1040 / fps/policy 7.15 / fps/train 7324.39

Writing metrics: /scratch/midway3/rickybao/dreamerv3_runs/adapt_ax1rbf1q1s0_synth_seed106_ckpt500000/scores.jsonl
Writing metrics: /scratch/midway3/rickybao/dreamerv3_runs/adapt_ax1rbf1q1s0_synth_seed106_ckpt500000/metrics.jsonl
Saving checkpoint: /scratch/midway3/rickybao/dreamerv3_runs/adapt_ax1rbf1q1s0_synth_seed106_ckpt500000/ckpt/20260721T133439F964027
Saved checkpoint.

--------------------[Agent Step 105_728]--------------------
Metrics filtered by: 'score|length|fps|ratio|train/loss/|train/rand/'
train/loss/con 0.02 / train/loss/distractor 1.36 / train/loss/dyn 11.84 / train/loss/policy -0.03 / train/loss/position 0.45 / train/loss/rep 11.84 / train/loss/repval 1.29 / train/loss/rew 0.05 / train/loss/to_target 0.43 / train/loss/value 0.92 / train/loss/velocity 0.07 / replay/replay_ratio 1040 / fps/policy 7.14 / fps/train 7311.53

Writing metrics: /scratch/midway3/rickybao/dreamerv3_runs/adapt_ax1rbf1q1s0_synth_seed106_ckpt500000/scores.jsonlWriting metrics: /scratch/midway3/rickybao/dreamerv3_runs/adapt_ax1rbf1q1s0_synth_seed106_ckpt500000/metrics.jsonl


--------------------[Agent Step 106_592]--------------------
Metrics filtered by: 'score|length|fps|ratio|train/loss/|train/rand/'
train/loss/con 0.02 / train/loss/distractor 1.36 / train/loss/dyn 11.81 / train/loss/policy -0.03 / train/loss/position 0.45 / train/loss/rep 11.81 / train/loss/repval 1.28 / train/loss/rew 0.05 / train/loss/to_target 0.43 / train/loss/value 0.93 / train/loss/velocity 0.07 / replay/replay_ratio 1040 / fps/policy 7.17 / fps/train 7342.38

Writing metrics: /scratch/midway3/rickybao/dreamerv3_runs/adapt_ax1rbf1q1s0_synth_seed106_ckpt500000/metrics.jsonlWriting metrics: /scratch/midway3/rickybao/dreamerv3_runs/adapt_ax1rbf1q1s0_synth_seed106_ckpt500000/scores.jsonl


--------------------[Agent Step 107_456]--------------------
Metrics filtered by: 'score|length|fps|ratio|train/loss/|train/rand/'
train/loss/con 0.02 / train/loss/distractor 1.35 / train/loss/dyn 11.78 / train/loss/policy -0.03 / train/loss/position 0.46 / train/loss/rep 11.78 / train/loss/repval 1.23 / train/loss/rew 0.05 / train/loss/to_target 0.44 / train/loss/value 0.92 / train/loss/velocity 0.07 / replay/replay_ratio 1040 / fps/policy 7.17 / fps/train 7343.67

Writing metrics: /scratch/midway3/rickybao/dreamerv3_runs/adapt_ax1rbf1q1s0_synth_seed106_ckpt500000/scores.jsonlWriting metrics: /scratch/midway3/rickybao/dreamerv3_runs/adapt_ax1rbf1q1s0_synth_seed106_ckpt500000/metrics.jsonl


--------------------[Agent Step 108_320]--------------------
Metrics filtered by: 'score|length|fps|ratio|train/loss/|train/rand/'
train/loss/con 0.02 / train/loss/distractor 1.36 / train/loss/dyn 11.78 / train/loss/policy -0.03 / train/loss/position 0.46 / train/loss/rep 11.78 / train/loss/repval 1.21 / train/loss/rew 0.06 / train/loss/to_target 0.44 / train/loss/value 0.92 / train/loss/velocity 0.07 / replay/replay_ratio 1040 / fps/policy 7.16 / fps/train 7336.73

Writing metrics: /scratch/midway3/rickybao/dreamerv3_runs/adapt_ax1rbf1q1s0_synth_seed106_ckpt500000/metrics.jsonlWriting metrics: /scratch/midway3/rickybao/dreamerv3_runs/adapt_ax1rbf1q1s0_synth_seed106_ckpt500000/scores.jsonl


--------------------[Agent Step 109_184]--------------------
Metrics filtered by: 'score|length|fps|ratio|train/loss/|train/rand/'
train/loss/con 0.02 / train/loss/distractor 1.36 / train/loss/dyn 11.79 / train/loss/policy -0.03 / train/loss/position 0.46 / train/loss/rep 11.79 / train/loss/repval 1.14 / train/loss/rew 0.06 / train/loss/to_target 0.44 / train/loss/value 0.95 / train/loss/velocity 0.07 / replay/replay_ratio 1040 / fps/policy 7.17 / fps/train 7341.54

Writing metrics: /scratch/midway3/rickybao/dreamerv3_runs/adapt_ax1rbf1q1s0_synth_seed106_ckpt500000/scores.jsonlWriting metrics: /scratch/midway3/rickybao/dreamerv3_runs/adapt_ax1rbf1q1s0_synth_seed106_ckpt500000/metrics.jsonl


--------------------[Agent Step 110_048]--------------------
Metrics filtered by: 'score|length|fps|ratio|train/loss/|train/rand/'
train/loss/con 0.02 / train/loss/distractor 1.35 / train/loss/dyn 11.76 / train/loss/policy -0.03 / train/loss/position 0.46 / train/loss/rep 11.76 / train/loss/repval 1.1 / train/loss/rew 0.06 / train/loss/to_target 0.44 / train/loss/value 0.99 / train/loss/velocity 0.07 / replay/replay_ratio 1040 / fps/policy 7.17 / fps/train 7337.99

Writing metrics: /scratch/midway3/rickybao/dreamerv3_runs/adapt_ax1rbf1q1s0_synth_seed106_ckpt500000/scores.jsonlWriting metrics: /scratch/midway3/rickybao/dreamerv3_runs/adapt_ax1rbf1q1s0_synth_seed106_ckpt500000/metrics.jsonl


--------------------[Agent Step 110_912]--------------------
Metrics filtered by: 'score|length|fps|ratio|train/loss/|train/rand/'
train/loss/con 0.02 / train/loss/distractor 1.36 / train/loss/dyn 11.8 / train/loss/policy -0.03 / train/loss/position 0.46 / train/loss/rep 11.8 / train/loss/repval 1.06 / train/loss/rew 0.06 / train/loss/to_target 0.44 / train/loss/value 1.06 / train/loss/velocity 0.07 / replay/replay_ratio 1040 / fps/policy 7.16 / fps/train 7332.29

Writing metrics: /scratch/midway3/rickybao/dreamerv3_runs/adapt_ax1rbf1q1s0_synth_seed106_ckpt500000/scores.jsonlWriting metrics: /scratch/midway3/rickybao/dreamerv3_runs/adapt_ax1rbf1q1s0_synth_seed106_ckpt500000/metrics.jsonl

Saving checkpoint: /scratch/midway3/rickybao/dreamerv3_runs/adapt_ax1rbf1q1s0_synth_seed106_ckpt500000/ckpt/20260721T134940F117701
Saved checkpoint.

--------------------[Agent Step 111_776]--------------------
Metrics filtered by: 'score|length|fps|ratio|train/loss/|train/rand/'
train/loss/con 0.02 / train/loss/distractor 1.36 / train/loss/dyn 11.76 / train/loss/policy -0.03 / train/loss/position 0.47 / train/loss/rep 11.76 / train/loss/repval 1.09 / train/loss/rew 0.07 / train/loss/to_target 0.45 / train/loss/value 1.1 / train/loss/velocity 0.07 / replay/replay_ratio 1040 / fps/policy 7.14 / fps/train 7316.14

Writing metrics: /scratch/midway3/rickybao/dreamerv3_runs/adapt_ax1rbf1q1s0_synth_seed106_ckpt500000/metrics.jsonl
Writing metrics: /scratch/midway3/rickybao/dreamerv3_runs/adapt_ax1rbf1q1s0_synth_seed106_ckpt500000/scores.jsonl

--------------------[Agent Step 112_640]--------------------
Metrics filtered by: 'score|length|fps|ratio|train/loss/|train/rand/'
episode/score 68 / episode/length 1001 / train/loss/con 0.02 / train/loss/distractor 1.36 / train/loss/dyn 11.77 / train/loss/policy -0.03 / train/loss/position 0.47 / train/loss/rep 11.77 / train/loss/repval 1.13 / train/loss/rew 0.07 / train/loss/to_target 0.45 / train/loss/value 1.12 / train/loss/velocity 0.07 / replay/replay_ratio 1040 / fps/policy 7.16 / fps/train 7335.49

Writing metrics: /scratch/midway3/rickybao/dreamerv3_runs/adapt_ax1rbf1q1s0_synth_seed106_ckpt500000/metrics.jsonl
Writing metrics: /scratch/midway3/rickybao/dreamerv3_runs/adapt_ax1rbf1q1s0_synth_seed106_ckpt500000/scores.jsonl

--------------------[Agent Step 113_504]--------------------
Metrics filtered by: 'score|length|fps|ratio|train/loss/|train/rand/'
train/loss/con 0.02 / train/loss/distractor 1.36 / train/loss/dyn 11.8 / train/loss/policy -0.03 / train/loss/position 0.47 / train/loss/rep 11.8 / train/loss/repval 1.19 / train/loss/rew 0.07 / train/loss/to_target 0.45 / train/loss/value 1.11 / train/loss/velocity 0.06 / replay/replay_ratio 1040 / fps/policy 7.16 / fps/train 7336.9

Writing metrics: /scratch/midway3/rickybao/dreamerv3_runs/adapt_ax1rbf1q1s0_synth_seed106_ckpt500000/scores.jsonl
Writing metrics: /scratch/midway3/rickybao/dreamerv3_runs/adapt_ax1rbf1q1s0_synth_seed106_ckpt500000/metrics.jsonl

--------------------[Agent Step 114_368]--------------------
Metrics filtered by: 'score|length|fps|ratio|train/loss/|train/rand/'
train/loss/con 0.02 / train/loss/distractor 1.35 / train/loss/dyn 11.77 / train/loss/policy -0.03 / train/loss/position 0.47 / train/loss/rep 11.77 / train/loss/repval 1.21 / train/loss/rew 0.07 / train/loss/to_target 0.45 / train/loss/value 1.12 / train/loss/velocity 0.06 / replay/replay_ratio 1040 / fps/policy 7.16 / fps/train 7335.49

Writing metrics: /scratch/midway3/rickybao/dreamerv3_runs/adapt_ax1rbf1q1s0_synth_seed106_ckpt500000/metrics.jsonlWriting metrics: /scratch/midway3/rickybao/dreamerv3_runs/adapt_ax1rbf1q1s0_synth_seed106_ckpt500000/scores.jsonl


--------------------[Agent Step 115_232]--------------------
Metrics filtered by: 'score|length|fps|ratio|train/loss/|train/rand/'
train/loss/con 0.02 / train/loss/distractor 1.36 / train/loss/dyn 11.76 / train/loss/policy -0.02 / train/loss/position 0.47 / train/loss/rep 11.76 / train/loss/repval 1.21 / train/loss/rew 0.07 / train/loss/to_target 0.45 / train/loss/value 1.12 / train/loss/velocity 0.06 / replay/replay_ratio 1040 / fps/policy 7.16 / fps/train 7336.3

Writing metrics: /scratch/midway3/rickybao/dreamerv3_runs/adapt_ax1rbf1q1s0_synth_seed106_ckpt500000/scores.jsonlWriting metrics: /scratch/midway3/rickybao/dreamerv3_runs/adapt_ax1rbf1q1s0_synth_seed106_ckpt500000/metrics.jsonl


--------------------[Agent Step 116_096]--------------------
Metrics filtered by: 'score|length|fps|ratio|train/loss/|train/rand/'
train/loss/con 0.02 / train/loss/distractor 1.35 / train/loss/dyn 11.77 / train/loss/policy -0.02 / train/loss/position 0.46 / train/loss/rep 11.77 / train/loss/repval 1.17 / train/loss/rew 0.07 / train/loss/to_target 0.44 / train/loss/value 1.13 / train/loss/velocity 0.07 / replay/replay_ratio 1040 / fps/policy 7.17 / fps/train 7338.14

Writing metrics: /scratch/midway3/rickybao/dreamerv3_runs/adapt_ax1rbf1q1s0_synth_seed106_ckpt500000/scores.jsonlWriting metrics: /scratch/midway3/rickybao/dreamerv3_runs/adapt_ax1rbf1q1s0_synth_seed106_ckpt500000/metrics.jsonl


--------------------[Agent Step 116_960]--------------------
Metrics filtered by: 'score|length|fps|ratio|train/loss/|train/rand/'
train/loss/con 0.02 / train/loss/distractor 1.36 / train/loss/dyn 11.75 / train/loss/policy -0.03 / train/loss/position 0.48 / train/loss/rep 11.75 / train/loss/repval 1.16 / train/loss/rew 0.07 / train/loss/to_target 0.45 / train/loss/value 1.13 / train/loss/velocity 0.06 / replay/replay_ratio 1040 / fps/policy 7.16 / fps/train 7335.65

Writing metrics: /scratch/midway3/rickybao/dreamerv3_runs/adapt_ax1rbf1q1s0_synth_seed106_ckpt500000/metrics.jsonlWriting metrics: /scratch/midway3/rickybao/dreamerv3_runs/adapt_ax1rbf1q1s0_synth_seed106_ckpt500000/scores.jsonl


--------------------[Agent Step 117_824]--------------------
Metrics filtered by: 'score|length|fps|ratio|train/loss/|train/rand/'
train/loss/con 0.02 / train/loss/distractor 1.35 / train/loss/dyn 11.73 / train/loss/policy -0.03 / train/loss/position 0.47 / train/loss/rep 11.73 / train/loss/repval 1.17 / train/loss/rew 0.07 / train/loss/to_target 0.45 / train/loss/value 1.14 / train/loss/velocity 0.06 / replay/replay_ratio 1040 / fps/policy 7.17 / fps/train 7338.79

Writing metrics: /scratch/midway3/rickybao/dreamerv3_runs/adapt_ax1rbf1q1s0_synth_seed106_ckpt500000/scores.jsonlWriting metrics: /scratch/midway3/rickybao/dreamerv3_runs/adapt_ax1rbf1q1s0_synth_seed106_ckpt500000/metrics.jsonl

Saving checkpoint: /scratch/midway3/rickybao/dreamerv3_runs/adapt_ax1rbf1q1s0_synth_seed106_ckpt500000/ckpt/20260721T140440F332337
Saved checkpoint.

--------------------[Agent Step 118_688]--------------------
Metrics filtered by: 'score|length|fps|ratio|train/loss/|train/rand/'
train/loss/con 0.02 / train/loss/distractor 1.36 / train/loss/dyn 11.74 / train/loss/policy -0.03 / train/loss/position 0.48 / train/loss/rep 11.74 / train/loss/repval 1.19 / train/loss/rew 0.07 / train/loss/to_target 0.46 / train/loss/value 1.14 / train/loss/velocity 0.07 / replay/replay_ratio 1040 / fps/policy 7.15 / fps/train 7323.11

Writing metrics: /scratch/midway3/rickybao/dreamerv3_runs/adapt_ax1rbf1q1s0_synth_seed106_ckpt500000/scores.jsonlWriting metrics: /scratch/midway3/rickybao/dreamerv3_runs/adapt_ax1rbf1q1s0_synth_seed106_ckpt500000/metrics.jsonl


--------------------[Agent Step 119_552]--------------------
Metrics filtered by: 'score|length|fps|ratio|train/loss/|train/rand/'
train/loss/con 0.02 / train/loss/distractor 1.36 / train/loss/dyn 11.71 / train/loss/policy -0.03 / train/loss/position 0.48 / train/loss/rep 11.71 / train/loss/repval 1.21 / train/loss/rew 0.07 / train/loss/to_target 0.45 / train/loss/value 1.13 / train/loss/velocity 0.06 / replay/replay_ratio 1040 / fps/policy 7.17 / fps/train 7339.91

Writing metrics: /scratch/midway3/rickybao/dreamerv3_runs/adapt_ax1rbf1q1s0_synth_seed106_ckpt500000/metrics.jsonlWriting metrics: /scratch/midway3/rickybao/dreamerv3_runs/adapt_ax1rbf1q1s0_synth_seed106_ckpt500000/scores.jsonl


--------------------[Agent Step 120_416]--------------------
Metrics filtered by: 'score|length|fps|ratio|train/loss/|train/rand/'
train/loss/con 0.02 / train/loss/distractor 1.35 / train/loss/dyn 11.71 / train/loss/policy -0.03 / train/loss/position 0.48 / train/loss/rep 11.71 / train/loss/repval 1.24 / train/loss/rew 0.07 / train/loss/to_target 0.45 / train/loss/value 1.1 / train/loss/velocity 0.06 / replay/replay_ratio 1040 / fps/policy 7.17 / fps/train 7339.87

Writing metrics: /scratch/midway3/rickybao/dreamerv3_runs/adapt_ax1rbf1q1s0_synth_seed106_ckpt500000/metrics.jsonl
Writing metrics: /scratch/midway3/rickybao/dreamerv3_runs/adapt_ax1rbf1q1s0_synth_seed106_ckpt500000/scores.jsonl

--------------------[Agent Step 121_280]--------------------
Metrics filtered by: 'score|length|fps|ratio|train/loss/|train/rand/'
train/loss/con 0.02 / train/loss/distractor 1.36 / train/loss/dyn 11.71 / train/loss/policy -0.03 / train/loss/position 0.49 / train/loss/rep 11.71 / train/loss/repval 1.28 / train/loss/rew 0.08 / train/loss/to_target 0.46 / train/loss/value 1.06 / train/loss/velocity 0.06 / replay/replay_ratio 1040 / fps/policy 7.16 / fps/train 7327.29

Writing metrics: /scratch/midway3/rickybao/dreamerv3_runs/adapt_ax1rbf1q1s0_synth_seed106_ckpt500000/scores.jsonlWriting metrics: /scratch/midway3/rickybao/dreamerv3_runs/adapt_ax1rbf1q1s0_synth_seed106_ckpt500000/metrics.jsonl


--------------------[Agent Step 122_144]--------------------
Metrics filtered by: 'score|length|fps|ratio|train/loss/|train/rand/'
train/loss/con 0.02 / train/loss/distractor 1.36 / train/loss/dyn 11.7 / train/loss/policy -0.03 / train/loss/position 0.49 / train/loss/rep 11.7 / train/loss/repval 1.28 / train/loss/rew 0.08 / train/loss/to_target 0.46 / train/loss/value 0.99 / train/loss/velocity 0.06 / replay/replay_ratio 1040 / fps/policy 7.15 / fps/train 7325.95

Writing metrics: /scratch/midway3/rickybao/dreamerv3_runs/adapt_ax1rbf1q1s0_synth_seed106_ckpt500000/scores.jsonl
Writing metrics: /scratch/midway3/rickybao/dreamerv3_runs/adapt_ax1rbf1q1s0_synth_seed106_ckpt500000/metrics.jsonl

--------------------[Agent Step 123_008]--------------------
Metrics filtered by: 'score|length|fps|ratio|train/loss/|train/rand/'
train/loss/con 0.02 / train/loss/distractor 1.35 / train/loss/dyn 11.7 / train/loss/policy -0.04 / train/loss/position 0.49 / train/loss/rep 11.7 / train/loss/repval 1.2 / train/loss/rew 0.08 / train/loss/to_target 0.46 / train/loss/value 0.95 / train/loss/velocity 0.06 / replay/replay_ratio 1040 / fps/policy 7.16 / fps/train 7330.51

Writing metrics: /scratch/midway3/rickybao/dreamerv3_runs/adapt_ax1rbf1q1s0_synth_seed106_ckpt500000/metrics.jsonl
Writing metrics: /scratch/midway3/rickybao/dreamerv3_runs/adapt_ax1rbf1q1s0_synth_seed106_ckpt500000/scores.jsonl

--------------------[Agent Step 123_872]--------------------
Metrics filtered by: 'score|length|fps|ratio|train/loss/|train/rand/'
train/loss/con 0.02 / train/loss/distractor 1.36 / train/loss/dyn 11.66 / train/loss/policy -0.04 / train/loss/position 0.5 / train/loss/rep 11.66 / train/loss/repval 1.09 / train/loss/rew 0.08 / train/loss/to_target 0.47 / train/loss/value 1.05 / train/loss/velocity 0.06 / replay/replay_ratio 1040 / fps/policy 7.16 / fps/train 7331.45

Writing metrics: /scratch/midway3/rickybao/dreamerv3_runs/adapt_ax1rbf1q1s0_synth_seed106_ckpt500000/scores.jsonlWriting metrics: /scratch/midway3/rickybao/dreamerv3_runs/adapt_ax1rbf1q1s0_synth_seed106_ckpt500000/metrics.jsonl

Saving checkpoint: /scratch/midway3/rickybao/dreamerv3_runs/adapt_ax1rbf1q1s0_synth_seed106_ckpt500000/ckpt/20260721T141940F962812
Saved checkpoint.

--------------------[Agent Step 124_736]--------------------
Metrics filtered by: 'score|length|fps|ratio|train/loss/|train/rand/'
train/loss/con 0.02 / train/loss/distractor 1.36 / train/loss/dyn 11.67 / train/loss/policy -0.03 / train/loss/position 0.5 / train/loss/rep 11.67 / train/loss/repval 1.11 / train/loss/rew 0.08 / train/loss/to_target 0.47 / train/loss/value 1.11 / train/loss/velocity 0.06 / replay/replay_ratio 1040 / fps/policy 7.15 / fps/train 7317.96

Writing metrics: /scratch/midway3/rickybao/dreamerv3_runs/adapt_ax1rbf1q1s0_synth_seed106_ckpt500000/metrics.jsonlWriting metrics: /scratch/midway3/rickybao/dreamerv3_runs/adapt_ax1rbf1q1s0_synth_seed106_ckpt500000/scores.jsonl

[Tue Jul 21 14:20:42 CDT 2026] adapt adapt_ax1rbf1q1s0_synth_seed106_ckpt500000 rc=0 status=DONE
[Tue Jul 21 14:20:42 CDT 2026] DONE child adapt_ax1rbf1q1s0_synth_seed106_ckpt500000
[Tue Jul 21 14:20:42 CDT 2026] START child adapt_ax1rbf2q1s0_synth_seed104_ckpt500000 WM_RUN=ax1wm_synth_fq1s0_seed2
[Tue Jul 21 14:20:42 CDT 2026] axis1 child starting RUN_ID=adapt_ax1rbf2q1s0_synth_seed104_ckpt500000 WM_RUN=ax1wm_synth_fq1s0_seed2 job=52442236 host=midway3-0286.rcc.local
[Tue Jul 21 14:20:42 CDT 2026] env prepared: python=/scratch/midway3/rickybao/conda_envs/dreamerv3/bin/python
python_executable=/scratch/midway3/rickybao/conda_envs/dreamerv3/bin/python
[Tue Jul 21 14:20:42 CDT 2026] offline WM already fit: /scratch/midway3/rickybao/dreamerv3_runs/ax1wm_synth_fq1s0_seed2/ckpt/20260718T124620F011231-000000500000 (skipping stage 1)
[Tue Jul 21 14:20:42 CDT 2026] adapt RUN_ID=adapt_ax1rbf2q1s0_synth_seed104_ckpt500000 TASK=synth_reach SEED=104 CKPT=/scratch/midway3/rickybao/dreamerv3_runs/ax1wm_synth_fq1s0_seed2/ckpt/20260718T124620F011231-000000500000 STEPS=1.25e5
---  ___                           __   ______ ---
--- |   \ _ _ ___ __ _ _ __  ___ _ \ \ / /__ / ---
--- | |) | '_/ -_) _` | '  \/ -_) '/\ V / |_ \ ---
--- |___/|_| \___\__,_|_|_|_\___|_|  \_/ |___/ ---
Replica: 0 / 1
Logdir: /scratch/midway3/rickybao/dreamerv3_runs/adapt_ax1rbf2q1s0_synth_seed104_ckpt500000
Run script: train
Observations
  position         Space(float32, shape=(2,), low=-inf, high=inf)
  velocity         Space(float32, shape=(2,), low=-inf, high=inf)
  distractor       Space(float32, shape=(8,), low=-inf, high=inf)
  to_target        Space(float32, shape=(2,), low=-inf, high=inf)
  reward           Space(float32, shape=(), low=-inf, high=inf)
  is_first         Space(bool, shape=(), low=False, high=True)
  is_last          Space(bool, shape=(), low=False, high=True)
  is_terminal      Space(bool, shape=(), low=False, high=True)
Actions
  action           Space(float32, shape=(2,), low=-1.0, high=1.0)
Extras
  consec           Space(int32, shape=(), low=-2147483648, high=2147483647)
  stepid           Space(uint8, shape=(20,), low=0, high=255)
  dyn/deter        Space(float32, shape=(512,), low=-inf, high=inf)
  dyn/stoch        Space(float32, shape=(32, 4), low=-inf, high=inf)
JAX devices (1): [cuda:0]
Policy devices: cuda:0
Train devices:  cuda:0
Initializing parameters...
Optimizer opt has 214,723 params:
        66,111 val
        57,663 rew
        49,796 pol
        41,153 con
Done initializing!
Compiling 1 checkpoint groups...
Largest checkpoint group: 0 GB
Compiling train and report...
Train cost analysis:
  FLOPS:            7.2e+09
  Memory (temp):    1.8e+08
  Memory (inputs):  7.3e+06
  Memory (outputs): 5.9e+06
  Memory (code):    1.5e+06

Report cost analysis:
  FLOPS:            2.0e+06
  Memory (temp):    9.2e+05
  Memory (inputs):  2.7e+06
  Memory (outputs): 2.1e+04
  Memory (code):    9.8e+04

Done compiling!
Loaded pretrained checkpoint with keys: ['dec/mlp/linear0/bias', 'dec/mlp/linear0/kernel', 'dec/mlp/linear1/bias', 'dec/mlp/linear1/kernel', 'dec/mlp/linear2/bias', 'dec/mlp/linear2/kernel', 'dec/mlp/norm0/scale', 'dec/mlp/norm1/scale', 'dec/mlp/norm2/scale', 'dec/vec/distractor/pred/bias', 'dec/vec/distractor/pred/kernel', 'dec/vec/position/pred/bias', 'dec/vec/position/pred/kernel', 'dec/vec/to_target/pred/bias', 'dec/vec/to_target/pred/kernel', 'dec/vec/velocity/pred/bias', 'dec/vec/velocity/pred/kernel', 'dyn/dyngru/bias', 'dyn/dyngru/kernel', 'dyn/dynhid0/bias', 'dyn/dynhid0/kernel', 'dyn/dynhid0norm/scale', 'dyn/dynin0/bias', 'dyn/dynin0/kernel', 'dyn/dynin0norm/scale', 'dyn/dynin1/bias', 'dyn/dynin1/kernel', 'dyn/dynin1norm/scale', 'dyn/dynin2/bias', 'dyn/dynin2/kernel', 'dyn/dynin2norm/scale', 'dyn/obs0/bias', 'dyn/obs0/kernel', 'dyn/obs0norm/scale', 'dyn/obslogit/bias', 'dyn/obslogit/kernel', 'dyn/prior0/bias', 'dyn/prior0/kernel', 'dyn/prior0norm/scale', 'dyn/prior1/bias', 'dyn/prior1/kernel', 'dyn/prior1norm/scale', 'dyn/priorlogit/bias', 'dyn/priorlogit/kernel', 'enc/mlp0/bias', 'enc/mlp0/kernel', 'enc/mlp0norm/scale', 'enc/mlp1/bias', 'enc/mlp1/kernel', 'enc/mlp1norm/scale', 'enc/mlp2/bias', 'enc/mlp2/kernel', 'enc/mlp2norm/scale']
Did not find any checkpoint.
Saving checkpoint: /scratch/midway3/rickybao/dreamerv3_runs/adapt_ax1rbf2q1s0_synth_seed104_ckpt500000/ckpt/20260721T142121F774098
Saved checkpoint.
Start training loop

--------------------[Agent Step 2_912]--------------------
Metrics filtered by: 'score|length|fps|ratio|train/loss/|train/rand/'
train/loss/con 0.24 / train/loss/distractor 1.2 / train/loss/dyn 13.14 / train/loss/policy -3.6e-4 / train/loss/position 0.2 / train/loss/rep 13.14 / train/loss/repval 9.3 / train/loss/rew 4.65 / train/loss/to_target 0.13 / train/loss/value 3.71 / train/loss/velocity 7.3e-3 / replay/replay_ratio 477.03 / fps/policy 23.66 / fps/train 7197.9

Writing metrics: /scratch/midway3/rickybao/dreamerv3_runs/adapt_ax1rbf2q1s0_synth_seed104_ckpt500000/metrics.jsonlWriting metrics: /scratch/midway3/rickybao/dreamerv3_runs/adapt_ax1rbf2q1s0_synth_seed104_ckpt500000/scores.jsonl


--------------------[Agent Step 3_776]--------------------
Metrics filtered by: 'score|length|fps|ratio|train/loss/|train/rand/'
train/loss/con 0.03 / train/loss/distractor 1.2 / train/loss/dyn 12.96 / train/loss/policy -7.7e-4 / train/loss/position 0.18 / train/loss/rep 12.96 / train/loss/repval 1.76 / train/loss/rew 0.88 / train/loss/to_target 0.12 / train/loss/value 1.56 / train/loss/velocity 6.7e-3 / replay/replay_ratio 1040 / fps/policy 7.18 / fps/train 7349.95

Writing metrics: /scratch/midway3/rickybao/dreamerv3_runs/adapt_ax1rbf2q1s0_synth_seed104_ckpt500000/scores.jsonlWriting metrics: /scratch/midway3/rickybao/dreamerv3_runs/adapt_ax1rbf2q1s0_synth_seed104_ckpt500000/metrics.jsonl


--------------------[Agent Step 4_640]--------------------
Metrics filtered by: 'score|length|fps|ratio|train/loss/|train/rand/'
train/loss/con 0.02 / train/loss/distractor 1.19 / train/loss/dyn 12.86 / train/loss/policy -8.1e-4 / train/loss/position 0.17 / train/loss/rep 12.86 / train/loss/repval 0.07 / train/loss/rew 0.06 / train/loss/to_target 0.12 / train/loss/value 0.07 / train/loss/velocity 6.6e-3 / replay/replay_ratio 1040 / fps/policy 7.18 / fps/train 7347.88

Writing metrics: /scratch/midway3/rickybao/dreamerv3_runs/adapt_ax1rbf2q1s0_synth_seed104_ckpt500000/metrics.jsonl
Writing metrics: /scratch/midway3/rickybao/dreamerv3_runs/adapt_ax1rbf2q1s0_synth_seed104_ckpt500000/scores.jsonl

--------------------[Agent Step 5_504]--------------------
Metrics filtered by: 'score|length|fps|ratio|train/loss/|train/rand/'
train/loss/con 0.02 / train/loss/distractor 1.19 / train/loss/dyn 12.85 / train/loss/policy -8.2e-4 / train/loss/position 0.17 / train/loss/rep 12.85 / train/loss/repval 0.03 / train/loss/rew 0.02 / train/loss/to_target 0.12 / train/loss/value 0.02 / train/loss/velocity 6.6e-3 / replay/replay_ratio 1040 / fps/policy 7.17 / fps/train 7338.2

Writing metrics: /scratch/midway3/rickybao/dreamerv3_runs/adapt_ax1rbf2q1s0_synth_seed104_ckpt500000/scores.jsonlWriting metrics: /scratch/midway3/rickybao/dreamerv3_runs/adapt_ax1rbf2q1s0_synth_seed104_ckpt500000/metrics.jsonl


--------------------[Agent Step 6_368]--------------------
Metrics filtered by: 'score|length|fps|ratio|train/loss/|train/rand/'
train/loss/con 0.02 / train/loss/distractor 1.2 / train/loss/dyn 12.96 / train/loss/policy -8.3e-4 / train/loss/position 0.17 / train/loss/rep 12.96 / train/loss/repval 0.01 / train/loss/rew 0.01 / train/loss/to_target 0.12 / train/loss/value 0.01 / train/loss/velocity 6.6e-3 / replay/replay_ratio 1040 / fps/policy 7.17 / fps/train 7337.27

Writing metrics: /scratch/midway3/rickybao/dreamerv3_runs/adapt_ax1rbf2q1s0_synth_seed104_ckpt500000/scores.jsonlWriting metrics: /scratch/midway3/rickybao/dreamerv3_runs/adapt_ax1rbf2q1s0_synth_seed104_ckpt500000/metrics.jsonl


--------------------[Agent Step 7_232]--------------------
Metrics filtered by: 'score|length|fps|ratio|train/loss/|train/rand/'
train/loss/con 0.02 / train/loss/distractor 1.2 / train/loss/dyn 12.9 / train/loss/policy -8.3e-4 / train/loss/position 0.18 / train/loss/rep 12.9 / train/loss/repval 7e-3 / train/loss/rew 6.3e-3 / train/loss/to_target 0.12 / train/loss/value 6.8e-3 / train/loss/velocity 6.8e-3 / replay/replay_ratio 1040 / fps/policy 7.17 / fps/train 7345.4

Writing metrics: /scratch/midway3/rickybao/dreamerv3_runs/adapt_ax1rbf2q1s0_synth_seed104_ckpt500000/metrics.jsonl
Writing metrics: /scratch/midway3/rickybao/dreamerv3_runs/adapt_ax1rbf2q1s0_synth_seed104_ckpt500000/scores.jsonl

--------------------[Agent Step 8_096]--------------------
Metrics filtered by: 'score|length|fps|ratio|train/loss/|train/rand/'
train/loss/con 0.02 / train/loss/distractor 1.22 / train/loss/dyn 12.94 / train/loss/policy -8.3e-4 / train/loss/position 0.18 / train/loss/rep 12.94 / train/loss/repval 4.1e-3 / train/loss/rew 3.7e-3 / train/loss/to_target 0.12 / train/loss/value 4e-3 / train/loss/velocity 6.8e-3 / replay/replay_ratio 1040 / fps/policy 7.17 / fps/train 7340.53

Writing metrics: /scratch/midway3/rickybao/dreamerv3_runs/adapt_ax1rbf2q1s0_synth_seed104_ckpt500000/scores.jsonlWriting metrics: /scratch/midway3/rickybao/dreamerv3_runs/adapt_ax1rbf2q1s0_synth_seed104_ckpt500000/metrics.jsonl

Saving checkpoint: /scratch/midway3/rickybao/dreamerv3_runs/adapt_ax1rbf2q1s0_synth_seed104_ckpt500000/ckpt/20260721T143625F413599
Saved checkpoint.

--------------------[Agent Step 8_960]--------------------
Metrics filtered by: 'score|length|fps|ratio|train/loss/|train/rand/'
train/loss/con 0.02 / train/loss/distractor 1.22 / train/loss/dyn 12.94 / train/loss/policy -8.3e-4 / train/loss/position 0.17 / train/loss/rep 12.94 / train/loss/repval 2.5e-3 / train/loss/rew 2.3e-3 / train/loss/to_target 0.12 / train/loss/value 2.5e-3 / train/loss/velocity 6.7e-3 / replay/replay_ratio 1040 / fps/policy 7.15 / fps/train 7323.73

Writing metrics: /scratch/midway3/rickybao/dreamerv3_runs/adapt_ax1rbf2q1s0_synth_seed104_ckpt500000/scores.jsonlWriting metrics: /scratch/midway3/rickybao/dreamerv3_runs/adapt_ax1rbf2q1s0_synth_seed104_ckpt500000/metrics.jsonl


--------------------[Agent Step 9_824]--------------------
Metrics filtered by: 'score|length|fps|ratio|train/loss/|train/rand/'
train/loss/con 0.02 / train/loss/distractor 1.22 / train/loss/dyn 12.97 / train/loss/policy -8.3e-4 / train/loss/position 0.17 / train/loss/rep 12.97 / train/loss/repval 1.6e-3 / train/loss/rew 1.4e-3 / train/loss/to_target 0.12 / train/loss/value 1.5e-3 / train/loss/velocity 6.8e-3 / replay/replay_ratio 1040 / fps/policy 7.17 / fps/train 7339.42

Writing metrics: /scratch/midway3/rickybao/dreamerv3_runs/adapt_ax1rbf2q1s0_synth_seed104_ckpt500000/metrics.jsonl
Writing metrics: /scratch/midway3/rickybao/dreamerv3_runs/adapt_ax1rbf2q1s0_synth_seed104_ckpt500000/scores.jsonl

--------------------[Agent Step 10_688]--------------------
Metrics filtered by: 'score|length|fps|ratio|train/loss/|train/rand/'
train/loss/con 0.02 / train/loss/distractor 1.23 / train/loss/dyn 13.06 / train/loss/policy -8.3e-4 / train/loss/position 0.17 / train/loss/rep 13.06 / train/loss/repval 9.9e-4 / train/loss/rew 8.8e-4 / train/loss/to_target 0.12 / train/loss/value 9.7e-4 / train/loss/velocity 7e-3 / replay/replay_ratio 1040 / fps/policy 7.17 / fps/train 7344.37

Writing metrics: /scratch/midway3/rickybao/dreamerv3_runs/adapt_ax1rbf2q1s0_synth_seed104_ckpt500000/metrics.jsonl
Writing metrics: /scratch/midway3/rickybao/dreamerv3_runs/adapt_ax1rbf2q1s0_synth_seed104_ckpt500000/scores.jsonl

--------------------[Agent Step 11_552]--------------------
Metrics filtered by: 'score|length|fps|ratio|train/loss/|train/rand/'
train/loss/con 0.02 / train/loss/distractor 1.22 / train/loss/dyn 13.01 / train/loss/policy -8.3e-4 / train/loss/position 0.17 / train/loss/rep 13.01 / train/loss/repval 9.2e-3 / train/loss/rew 1.6e-3 / train/loss/to_target 0.11 / train/loss/value 9.8e-4 / train/loss/velocity 7.1e-3 / replay/replay_ratio 1040 / fps/policy 7.17 / fps/train 7347.06

Writing metrics: /scratch/midway3/rickybao/dreamerv3_runs/adapt_ax1rbf2q1s0_synth_seed104_ckpt500000/metrics.jsonlWriting metrics: /scratch/midway3/rickybao/dreamerv3_runs/adapt_ax1rbf2q1s0_synth_seed104_ckpt500000/scores.jsonl


--------------------[Agent Step 12_416]--------------------
Metrics filtered by: 'score|length|fps|ratio|train/loss/|train/rand/'
train/loss/con 0.02 / train/loss/distractor 1.22 / train/loss/dyn 13.03 / train/loss/policy -4.9e-3 / train/loss/position 0.17 / train/loss/rep 13.03 / train/loss/repval 1.14 / train/loss/rew 0.01 / train/loss/to_target 0.11 / train/loss/value 1.13 / train/loss/velocity 7e-3 / replay/replay_ratio 1040 / fps/policy 7.17 / fps/train 7345.13

Writing metrics: /scratch/midway3/rickybao/dreamerv3_runs/adapt_ax1rbf2q1s0_synth_seed104_ckpt500000/metrics.jsonl
Writing metrics: /scratch/midway3/rickybao/dreamerv3_runs/adapt_ax1rbf2q1s0_synth_seed104_ckpt500000/scores.jsonl

--------------------[Agent Step 13_280]--------------------
Metrics filtered by: 'score|length|fps|ratio|train/loss/|train/rand/'
train/loss/con 0.02 / train/loss/distractor 1.21 / train/loss/dyn 13.05 / train/loss/policy -8.8e-3 / train/loss/position 0.17 / train/loss/rep 13.05 / train/loss/repval 1.62 / train/loss/rew 0.02 / train/loss/to_target 0.11 / train/loss/value 1.52 / train/loss/velocity 9e-3 / replay/replay_ratio 1040 / fps/policy 7.17 / fps/train 7344.81

Writing metrics: /scratch/midway3/rickybao/dreamerv3_runs/adapt_ax1rbf2q1s0_synth_seed104_ckpt500000/metrics.jsonl
Writing metrics: /scratch/midway3/rickybao/dreamerv3_runs/adapt_ax1rbf2q1s0_synth_seed104_ckpt500000/scores.jsonl

--------------------[Agent Step 14_144]--------------------
Metrics filtered by: 'score|length|fps|ratio|train/loss/|train/rand/'
train/loss/con 0.02 / train/loss/distractor 1.21 / train/loss/dyn 13.07 / train/loss/policy -0.04 / train/loss/position 0.15 / train/loss/rep 13.07 / train/loss/repval 1.37 / train/loss/rew 0.01 / train/loss/to_target 0.11 / train/loss/value 1.18 / train/loss/velocity 0.02 / replay/replay_ratio 1040 / fps/policy 7.17 / fps/train 7342.71

Writing metrics: /scratch/midway3/rickybao/dreamerv3_runs/adapt_ax1rbf2q1s0_synth_seed104_ckpt500000/scores.jsonlWriting metrics: /scratch/midway3/rickybao/dreamerv3_runs/adapt_ax1rbf2q1s0_synth_seed104_ckpt500000/metrics.jsonl

Saving checkpoint: /scratch/midway3/rickybao/dreamerv3_runs/adapt_ax1rbf2q1s0_synth_seed104_ckpt500000/ckpt/20260721T145127F016550
Saved checkpoint.

--------------------[Agent Step 15_008]--------------------
Metrics filtered by: 'score|length|fps|ratio|train/loss/|train/rand/'
train/loss/con 0.02 / train/loss/distractor 1.22 / train/loss/dyn 13.14 / train/loss/policy -0.06 / train/loss/position 0.15 / train/loss/rep 13.14 / train/loss/repval 1.51 / train/loss/rew 5.4e-3 / train/loss/to_target 0.1 / train/loss/value 1.4 / train/loss/velocity 0.04 / replay/replay_ratio 1040 / fps/policy 7.15 / fps/train 7323.13

Writing metrics: /scratch/midway3/rickybao/dreamerv3_runs/adapt_ax1rbf2q1s0_synth_seed104_ckpt500000/metrics.jsonlWriting metrics: /scratch/midway3/rickybao/dreamerv3_runs/adapt_ax1rbf2q1s0_synth_seed104_ckpt500000/scores.jsonl


--------------------[Agent Step 15_872]--------------------
Metrics filtered by: 'score|length|fps|ratio|train/loss/|train/rand/'
train/loss/con 0.02 / train/loss/distractor 1.22 / train/loss/dyn 13.19 / train/loss/policy -0.08 / train/loss/position 0.14 / train/loss/rep 13.19 / train/loss/repval 1.44 / train/loss/rew 4.2e-3 / train/loss/to_target 0.1 / train/loss/value 1.31 / train/loss/velocity 0.05 / replay/replay_ratio 1040 / fps/policy 7.19 / fps/train 7359.62

Writing metrics: /scratch/midway3/rickybao/dreamerv3_runs/adapt_ax1rbf2q1s0_synth_seed104_ckpt500000/metrics.jsonl
Writing metrics: /scratch/midway3/rickybao/dreamerv3_runs/adapt_ax1rbf2q1s0_synth_seed104_ckpt500000/scores.jsonl

--------------------[Agent Step 16_736]--------------------
Metrics filtered by: 'score|length|fps|ratio|train/loss/|train/rand/'
episode/score 0 / episode/length 1001 / train/loss/con 0.02 / train/loss/distractor 1.21 / train/loss/dyn 13.19 / train/loss/policy -0.05 / train/loss/position 0.14 / train/loss/rep 13.19 / train/loss/repval 1.35 / train/loss/rew 4.3e-3 / train/loss/to_target 0.1 / train/loss/value 0.97 / train/loss/velocity 0.05 / replay/replay_ratio 1040 / fps/policy 7.17 / fps/train 7347.09

Writing metrics: /scratch/midway3/rickybao/dreamerv3_runs/adapt_ax1rbf2q1s0_synth_seed104_ckpt500000/metrics.jsonl
Writing metrics: /scratch/midway3/rickybao/dreamerv3_runs/adapt_ax1rbf2q1s0_synth_seed104_ckpt500000/scores.jsonl

--------------------[Agent Step 17_600]--------------------
Metrics filtered by: 'score|length|fps|ratio|train/loss/|train/rand/'
train/loss/con 0.02 / train/loss/distractor 1.19 / train/loss/dyn 13.2 / train/loss/policy -0.03 / train/loss/position 0.15 / train/loss/rep 13.2 / train/loss/repval 1.23 / train/loss/rew 3.7e-3 / train/loss/to_target 0.1 / train/loss/value 1.05 / train/loss/velocity 0.06 / replay/replay_ratio 1040 / fps/policy 7.17 / fps/train 7339.53

Writing metrics: /scratch/midway3/rickybao/dreamerv3_runs/adapt_ax1rbf2q1s0_synth_seed104_ckpt500000/metrics.jsonl
Writing metrics: /scratch/midway3/rickybao/dreamerv3_runs/adapt_ax1rbf2q1s0_synth_seed104_ckpt500000/scores.jsonl

--------------------[Agent Step 18_464]--------------------
Metrics filtered by: 'score|length|fps|ratio|train/loss/|train/rand/'
train/loss/con 0.02 / train/loss/distractor 1.18 / train/loss/dyn 13.28 / train/loss/policy -0.02 / train/loss/position 0.15 / train/loss/rep 13.28 / train/loss/repval 1.46 / train/loss/rew 3e-3 / train/loss/to_target 0.11 / train/loss/value 1.24 / train/loss/velocity 0.07 / replay/replay_ratio 1040 / fps/policy 7.17 / fps/train 7343.74

Writing metrics: /scratch/midway3/rickybao/dreamerv3_runs/adapt_ax1rbf2q1s0_synth_seed104_ckpt500000/metrics.jsonl
Writing metrics: /scratch/midway3/rickybao/dreamerv3_runs/adapt_ax1rbf2q1s0_synth_seed104_ckpt500000/scores.jsonl

--------------------[Agent Step 19_328]--------------------
Metrics filtered by: 'score|length|fps|ratio|train/loss/|train/rand/'
train/loss/con 0.02 / train/loss/distractor 1.17 / train/loss/dyn 13.36 / train/loss/policy -5.4e-4 / train/loss/position 0.15 / train/loss/rep 13.36 / train/loss/repval 1.35 / train/loss/rew 2.6e-3 / train/loss/to_target 0.11 / train/loss/value 1.23 / train/loss/velocity 0.08 / replay/replay_ratio 1040 / fps/policy 7.16 / fps/train 7331.39

Writing metrics: /scratch/midway3/rickybao/dreamerv3_runs/adapt_ax1rbf2q1s0_synth_seed104_ckpt500000/scores.jsonlWriting metrics: /scratch/midway3/rickybao/dreamerv3_runs/adapt_ax1rbf2q1s0_synth_seed104_ckpt500000/metrics.jsonl


--------------------[Agent Step 20_192]--------------------
Metrics filtered by: 'score|length|fps|ratio|train/loss/|train/rand/'
train/loss/con 0.02 / train/loss/distractor 1.17 / train/loss/dyn 13.43 / train/loss/policy -0.02 / train/loss/position 0.14 / train/loss/rep 13.43 / train/loss/repval 1.21 / train/loss/rew 1.9e-3 / train/loss/to_target 0.11 / train/loss/value 1.31 / train/loss/velocity 0.08 / replay/replay_ratio 1040 / fps/policy 7.17 / fps/train 7337.32

Writing metrics: /scratch/midway3/rickybao/dreamerv3_runs/adapt_ax1rbf2q1s0_synth_seed104_ckpt500000/metrics.jsonlWriting metrics: /scratch/midway3/rickybao/dreamerv3_runs/adapt_ax1rbf2q1s0_synth_seed104_ckpt500000/scores.jsonl


--------------------[Agent Step 21_056]--------------------
Metrics filtered by: 'score|length|fps|ratio|train/loss/|train/rand/'
train/loss/con 0.02 / train/loss/distractor 1.17 / train/loss/dyn 13.43 / train/loss/policy -0.02 / train/loss/position 0.14 / train/loss/rep 13.43 / train/loss/repval 1.37 / train/loss/rew 1.7e-3 / train/loss/to_target 0.1 / train/loss/value 1.23 / train/loss/velocity 0.08 / replay/replay_ratio 1040 / fps/policy 7.17 / fps/train 7338.96

Writing metrics: /scratch/midway3/rickybao/dreamerv3_runs/adapt_ax1rbf2q1s0_synth_seed104_ckpt500000/metrics.jsonlWriting metrics: /scratch/midway3/rickybao/dreamerv3_runs/adapt_ax1rbf2q1s0_synth_seed104_ckpt500000/scores.jsonl

Saving checkpoint: /scratch/midway3/rickybao/dreamerv3_runs/adapt_ax1rbf2q1s0_synth_seed104_ckpt500000/ckpt/20260721T150628F880320
Saved checkpoint.

--------------------[Agent Step 21_920]--------------------
Metrics filtered by: 'score|length|fps|ratio|train/loss/|train/rand/'
train/loss/con 0.02 / train/loss/distractor 1.17 / train/loss/dyn 13.41 / train/loss/policy -0.03 / train/loss/position 0.14 / train/loss/rep 13.41 / train/loss/repval 1.34 / train/loss/rew 4.3e-3 / train/loss/to_target 0.1 / train/loss/value 1.14 / train/loss/velocity 0.08 / replay/replay_ratio 1040 / fps/policy 7.16 / fps/train 7328.8

Writing metrics: /scratch/midway3/rickybao/dreamerv3_runs/adapt_ax1rbf2q1s0_synth_seed104_ckpt500000/metrics.jsonl
Writing metrics: /scratch/midway3/rickybao/dreamerv3_runs/adapt_ax1rbf2q1s0_synth_seed104_ckpt500000/scores.jsonl

--------------------[Agent Step 22_784]--------------------
Metrics filtered by: 'score|length|fps|ratio|train/loss/|train/rand/'
train/loss/con 0.02 / train/loss/distractor 1.17 / train/loss/dyn 13.33 / train/loss/policy -0.03 / train/loss/position 0.14 / train/loss/rep 13.33 / train/loss/repval 1.33 / train/loss/rew 6.2e-3 / train/loss/to_target 0.1 / train/loss/value 1.11 / train/loss/velocity 0.07 / replay/replay_ratio 1040 / fps/policy 7.17 / fps/train 7343.64

Writing metrics: /scratch/midway3/rickybao/dreamerv3_runs/adapt_ax1rbf2q1s0_synth_seed104_ckpt500000/metrics.jsonl
Writing metrics: /scratch/midway3/rickybao/dreamerv3_runs/adapt_ax1rbf2q1s0_synth_seed104_ckpt500000/scores.jsonl

--------------------[Agent Step 23_648]--------------------
Metrics filtered by: 'score|length|fps|ratio|train/loss/|train/rand/'
train/loss/con 0.02 / train/loss/distractor 1.18 / train/loss/dyn 13.37 / train/loss/policy -0.03 / train/loss/position 0.14 / train/loss/rep 13.37 / train/loss/repval 1.33 / train/loss/rew 0.01 / train/loss/to_target 0.1 / train/loss/value 0.98 / train/loss/velocity 0.07 / replay/replay_ratio 1040 / fps/policy 7.17 / fps/train 7339.51

Writing metrics: /scratch/midway3/rickybao/dreamerv3_runs/adapt_ax1rbf2q1s0_synth_seed104_ckpt500000/scores.jsonlWriting metrics: /scratch/midway3/rickybao/dreamerv3_runs/adapt_ax1rbf2q1s0_synth_seed104_ckpt500000/metrics.jsonl


--------------------[Agent Step 24_512]--------------------
Metrics filtered by: 'score|length|fps|ratio|train/loss/|train/rand/'
train/loss/con 0.02 / train/loss/distractor 1.18 / train/loss/dyn 13.32 / train/loss/policy -0.07 / train/loss/position 0.15 / train/loss/rep 13.32 / train/loss/repval 1.33 / train/loss/rew 0.02 / train/loss/to_target 0.11 / train/loss/value 1.04 / train/loss/velocity 0.07 / replay/replay_ratio 1040 / fps/policy 7.16 / fps/train 7333.57

Writing metrics: /scratch/midway3/rickybao/dreamerv3_runs/adapt_ax1rbf2q1s0_synth_seed104_ckpt500000/scores.jsonl
Writing metrics: /scratch/midway3/rickybao/dreamerv3_runs/adapt_ax1rbf2q1s0_synth_seed104_ckpt500000/metrics.jsonl

--------------------[Agent Step 25_376]--------------------
Metrics filtered by: 'score|length|fps|ratio|train/loss/|train/rand/'
train/loss/con 0.02 / train/loss/distractor 1.18 / train/loss/dyn 13.33 / train/loss/policy -0.11 / train/loss/position 0.15 / train/loss/rep 13.33 / train/loss/repval 1.44 / train/loss/rew 0.03 / train/loss/to_target 0.12 / train/loss/value 1.18 / train/loss/velocity 0.06 / replay/replay_ratio 1040 / fps/policy 7.16 / fps/train 7330.96

Writing metrics: /scratch/midway3/rickybao/dreamerv3_runs/adapt_ax1rbf2q1s0_synth_seed104_ckpt500000/metrics.jsonlWriting metrics: /scratch/midway3/rickybao/dreamerv3_runs/adapt_ax1rbf2q1s0_synth_seed104_ckpt500000/scores.jsonl


--------------------[Agent Step 26_240]--------------------
Metrics filtered by: 'score|length|fps|ratio|train/loss/|train/rand/'
train/loss/con 0.02 / train/loss/distractor 1.18 / train/loss/dyn 13.29 / train/loss/policy -0.1 / train/loss/position 0.15 / train/loss/rep 13.29 / train/loss/repval 1.44 / train/loss/rew 0.03 / train/loss/to_target 0.12 / train/loss/value 1.19 / train/loss/velocity 0.06 / replay/replay_ratio 1040 / fps/policy 7.17 / fps/train 7337.34

Writing metrics: /scratch/midway3/rickybao/dreamerv3_runs/adapt_ax1rbf2q1s0_synth_seed104_ckpt500000/metrics.jsonlWriting metrics: /scratch/midway3/rickybao/dreamerv3_runs/adapt_ax1rbf2q1s0_synth_seed104_ckpt500000/scores.jsonl


--------------------[Agent Step 27_104]--------------------
Metrics filtered by: 'score|length|fps|ratio|train/loss/|train/rand/'
train/loss/con 0.02 / train/loss/distractor 1.18 / train/loss/dyn 13.26 / train/loss/policy -0.09 / train/loss/position 0.16 / train/loss/rep 13.26 / train/loss/repval 1.47 / train/loss/rew 0.04 / train/loss/to_target 0.13 / train/loss/value 1.2 / train/loss/velocity 0.06 / replay/replay_ratio 1040 / fps/policy 7.17 / fps/train 7343.96

Writing metrics: /scratch/midway3/rickybao/dreamerv3_runs/adapt_ax1rbf2q1s0_synth_seed104_ckpt500000/scores.jsonlWriting metrics: /scratch/midway3/rickybao/dreamerv3_runs/adapt_ax1rbf2q1s0_synth_seed104_ckpt500000/metrics.jsonl

Saving checkpoint: /scratch/midway3/rickybao/dreamerv3_runs/adapt_ax1rbf2q1s0_synth_seed104_ckpt500000/ckpt/20260721T152130F940926
Saved checkpoint.

--------------------[Agent Step 27_968]--------------------
Metrics filtered by: 'score|length|fps|ratio|train/loss/|train/rand/'
train/loss/con 0.02 / train/loss/distractor 1.18 / train/loss/dyn 13.2 / train/loss/policy -0.09 / train/loss/position 0.16 / train/loss/rep 13.2 / train/loss/repval 1.43 / train/loss/rew 0.04 / train/loss/to_target 0.14 / train/loss/value 1.18 / train/loss/velocity 0.06 / replay/replay_ratio 1040 / fps/policy 7.16 / fps/train 7331.5

Writing metrics: /scratch/midway3/rickybao/dreamerv3_runs/adapt_ax1rbf2q1s0_synth_seed104_ckpt500000/metrics.jsonlWriting metrics: /scratch/midway3/rickybao/dreamerv3_runs/adapt_ax1rbf2q1s0_synth_seed104_ckpt500000/scores.jsonl


--------------------[Agent Step 28_832]--------------------
Metrics filtered by: 'score|length|fps|ratio|train/loss/|train/rand/'
train/loss/con 0.02 / train/loss/distractor 1.19 / train/loss/dyn 13.17 / train/loss/policy -0.09 / train/loss/position 0.16 / train/loss/rep 13.17 / train/loss/repval 1.42 / train/loss/rew 0.04 / train/loss/to_target 0.15 / train/loss/value 1.15 / train/loss/velocity 0.06 / replay/replay_ratio 1040 / fps/policy 7.17 / fps/train 7339.21

Writing metrics: /scratch/midway3/rickybao/dreamerv3_runs/adapt_ax1rbf2q1s0_synth_seed104_ckpt500000/metrics.jsonlWriting metrics: /scratch/midway3/rickybao/dreamerv3_runs/adapt_ax1rbf2q1s0_synth_seed104_ckpt500000/scores.jsonl


--------------------[Agent Step 29_696]--------------------
Metrics filtered by: 'score|length|fps|ratio|train/loss/|train/rand/'
train/loss/con 0.02 / train/loss/distractor 1.19 / train/loss/dyn 13.19 / train/loss/policy -0.07 / train/loss/position 0.17 / train/loss/rep 13.19 / train/loss/repval 1.34 / train/loss/rew 0.04 / train/loss/to_target 0.16 / train/loss/value 1.11 / train/loss/velocity 0.06 / replay/replay_ratio 1040 / fps/policy 7.17 / fps/train 7346

Writing metrics: /scratch/midway3/rickybao/dreamerv3_runs/adapt_ax1rbf2q1s0_synth_seed104_ckpt500000/metrics.jsonlWriting metrics: /scratch/midway3/rickybao/dreamerv3_runs/adapt_ax1rbf2q1s0_synth_seed104_ckpt500000/scores.jsonl


--------------------[Agent Step 30_560]--------------------
Metrics filtered by: 'score|length|fps|ratio|train/loss/|train/rand/'
train/loss/con 0.02 / train/loss/distractor 1.19 / train/loss/dyn 13.21 / train/loss/policy -0.07 / train/loss/position 0.17 / train/loss/rep 13.21 / train/loss/repval 1.4 / train/loss/rew 0.04 / train/loss/to_target 0.17 / train/loss/value 1.12 / train/loss/velocity 0.06 / replay/replay_ratio 1040 / fps/policy 7.18 / fps/train 7353.52

Writing metrics: /scratch/midway3/rickybao/dreamerv3_runs/adapt_ax1rbf2q1s0_synth_seed104_ckpt500000/metrics.jsonl
Writing metrics: /scratch/midway3/rickybao/dreamerv3_runs/adapt_ax1rbf2q1s0_synth_seed104_ckpt500000/scores.jsonl

--------------------[Agent Step 31_424]--------------------
Metrics filtered by: 'score|length|fps|ratio|train/loss/|train/rand/'
train/loss/con 0.02 / train/loss/distractor 1.19 / train/loss/dyn 13.24 / train/loss/policy -0.05 / train/loss/position 0.17 / train/loss/rep 13.24 / train/loss/repval 1.29 / train/loss/rew 0.04 / train/loss/to_target 0.17 / train/loss/value 1.06 / train/loss/velocity 0.06 / replay/replay_ratio 1040 / fps/policy 7.18 / fps/train 7349.76

Writing metrics: /scratch/midway3/rickybao/dreamerv3_runs/adapt_ax1rbf2q1s0_synth_seed104_ckpt500000/scores.jsonlWriting metrics: /scratch/midway3/rickybao/dreamerv3_runs/adapt_ax1rbf2q1s0_synth_seed104_ckpt500000/metrics.jsonl


--------------------[Agent Step 32_288]--------------------
Metrics filtered by: 'score|length|fps|ratio|train/loss/|train/rand/'
episode/score 10 / episode/length 1001 / train/loss/con 0.02 / train/loss/distractor 1.19 / train/loss/dyn 13.27 / train/loss/policy -0.06 / train/loss/position 0.18 / train/loss/rep 13.27 / train/loss/repval 1.38 / train/loss/rew 0.04 / train/loss/to_target 0.18 / train/loss/value 1.11 / train/loss/velocity 0.05 / replay/replay_ratio 1040 / fps/policy 7.17 / fps/train 7338.13

Writing metrics: /scratch/midway3/rickybao/dreamerv3_runs/adapt_ax1rbf2q1s0_synth_seed104_ckpt500000/scores.jsonlWriting metrics: /scratch/midway3/rickybao/dreamerv3_runs/adapt_ax1rbf2q1s0_synth_seed104_ckpt500000/metrics.jsonl


--------------------[Agent Step 33_152]--------------------
Metrics filtered by: 'score|length|fps|ratio|train/loss/|train/rand/'
train/loss/con 0.02 / train/loss/distractor 1.19 / train/loss/dyn 13.29 / train/loss/policy -0.06 / train/loss/position 0.18 / train/loss/rep 13.29 / train/loss/repval 1.27 / train/loss/rew 0.04 / train/loss/to_target 0.18 / train/loss/value 1.02 / train/loss/velocity 0.05 / replay/replay_ratio 1040 / fps/policy 7.17 / fps/train 7343.79

Writing metrics: /scratch/midway3/rickybao/dreamerv3_runs/adapt_ax1rbf2q1s0_synth_seed104_ckpt500000/metrics.jsonlWriting metrics: /scratch/midway3/rickybao/dreamerv3_runs/adapt_ax1rbf2q1s0_synth_seed104_ckpt500000/scores.jsonl


--------------------[Agent Step 34_016]--------------------
Metrics filtered by: 'score|length|fps|ratio|train/loss/|train/rand/'
train/loss/con 0.02 / train/loss/distractor 1.19 / train/loss/dyn 13.29 / train/loss/policy -0.06 / train/loss/position 0.18 / train/loss/rep 13.29 / train/loss/repval 1.33 / train/loss/rew 0.04 / train/loss/to_target 0.18 / train/loss/value 1.07 / train/loss/velocity 0.05 / replay/replay_ratio 1040 / fps/policy 7.17 / fps/train 7340.34

Writing metrics: /scratch/midway3/rickybao/dreamerv3_runs/adapt_ax1rbf2q1s0_synth_seed104_ckpt500000/scores.jsonl
Writing metrics: /scratch/midway3/rickybao/dreamerv3_runs/adapt_ax1rbf2q1s0_synth_seed104_ckpt500000/metrics.jsonl
Saving checkpoint: /scratch/midway3/rickybao/dreamerv3_runs/adapt_ax1rbf2q1s0_synth_seed104_ckpt500000/ckpt/20260721T153632F432720
Saved checkpoint.

--------------------[Agent Step 34_880]--------------------
Metrics filtered by: 'score|length|fps|ratio|train/loss/|train/rand/'
train/loss/con 0.02 / train/loss/distractor 1.19 / train/loss/dyn 13.26 / train/loss/policy -0.06 / train/loss/position 0.18 / train/loss/rep 13.26 / train/loss/repval 1.3 / train/loss/rew 0.04 / train/loss/to_target 0.19 / train/loss/value 1.02 / train/loss/velocity 0.05 / replay/replay_ratio 1040 / fps/policy 7.15 / fps/train 7322.16

Writing metrics: /scratch/midway3/rickybao/dreamerv3_runs/adapt_ax1rbf2q1s0_synth_seed104_ckpt500000/scores.jsonl
Writing metrics: /scratch/midway3/rickybao/dreamerv3_runs/adapt_ax1rbf2q1s0_synth_seed104_ckpt500000/metrics.jsonl

--------------------[Agent Step 35_744]--------------------
Metrics filtered by: 'score|length|fps|ratio|train/loss/|train/rand/'
train/loss/con 0.02 / train/loss/distractor 1.2 / train/loss/dyn 13.25 / train/loss/policy -0.05 / train/loss/position 0.18 / train/loss/rep 13.25 / train/loss/repval 1.26 / train/loss/rew 0.05 / train/loss/to_target 0.18 / train/loss/value 1 / train/loss/velocity 0.05 / replay/replay_ratio 1040 / fps/policy 7.18 / fps/train 7349.53

Writing metrics: /scratch/midway3/rickybao/dreamerv3_runs/adapt_ax1rbf2q1s0_synth_seed104_ckpt500000/scores.jsonlWriting metrics: /scratch/midway3/rickybao/dreamerv3_runs/adapt_ax1rbf2q1s0_synth_seed104_ckpt500000/metrics.jsonl


--------------------[Agent Step 36_608]--------------------
Metrics filtered by: 'score|length|fps|ratio|train/loss/|train/rand/'
train/loss/con 0.02 / train/loss/distractor 1.2 / train/loss/dyn 13.21 / train/loss/policy -0.05 / train/loss/position 0.19 / train/loss/rep 13.21 / train/loss/repval 1.25 / train/loss/rew 0.04 / train/loss/to_target 0.19 / train/loss/value 1.07 / train/loss/velocity 0.05 / replay/replay_ratio 1040 / fps/policy 7.18 / fps/train 7347.25

Writing metrics: /scratch/midway3/rickybao/dreamerv3_runs/adapt_ax1rbf2q1s0_synth_seed104_ckpt500000/scores.jsonlWriting metrics: /scratch/midway3/rickybao/dreamerv3_runs/adapt_ax1rbf2q1s0_synth_seed104_ckpt500000/metrics.jsonl


--------------------[Agent Step 37_472]--------------------
Metrics filtered by: 'score|length|fps|ratio|train/loss/|train/rand/'
train/loss/con 0.02 / train/loss/distractor 1.2 / train/loss/dyn 13.21 / train/loss/policy -0.05 / train/loss/position 0.19 / train/loss/rep 13.21 / train/loss/repval 1.3 / train/loss/rew 0.04 / train/loss/to_target 0.19 / train/loss/value 1.09 / train/loss/velocity 0.05 / replay/replay_ratio 1040 / fps/policy 7.18 / fps/train 7351.97

Writing metrics: /scratch/midway3/rickybao/dreamerv3_runs/adapt_ax1rbf2q1s0_synth_seed104_ckpt500000/scores.jsonlWriting metrics: /scratch/midway3/rickybao/dreamerv3_runs/adapt_ax1rbf2q1s0_synth_seed104_ckpt500000/metrics.jsonl


--------------------[Agent Step 38_336]--------------------
Metrics filtered by: 'score|length|fps|ratio|train/loss/|train/rand/'
train/loss/con 0.02 / train/loss/distractor 1.2 / train/loss/dyn 13.18 / train/loss/policy -0.04 / train/loss/position 0.19 / train/loss/rep 13.18 / train/loss/repval 1.31 / train/loss/rew 0.03 / train/loss/to_target 0.19 / train/loss/value 1.06 / train/loss/velocity 0.05 / replay/replay_ratio 1040 / fps/policy 7.18 / fps/train 7347.76

Writing metrics: /scratch/midway3/rickybao/dreamerv3_runs/adapt_ax1rbf2q1s0_synth_seed104_ckpt500000/metrics.jsonlWriting metrics: /scratch/midway3/rickybao/dreamerv3_runs/adapt_ax1rbf2q1s0_synth_seed104_ckpt500000/scores.jsonl


--------------------[Agent Step 39_200]--------------------
Metrics filtered by: 'score|length|fps|ratio|train/loss/|train/rand/'
train/loss/con 0.02 / train/loss/distractor 1.2 / train/loss/dyn 13.17 / train/loss/policy -0.04 / train/loss/position 0.19 / train/loss/rep 13.17 / train/loss/repval 1.3 / train/loss/rew 0.03 / train/loss/to_target 0.19 / train/loss/value 1.02 / train/loss/velocity 0.04 / replay/replay_ratio 1040 / fps/policy 7.17 / fps/train 7344.64

Writing metrics: /scratch/midway3/rickybao/dreamerv3_runs/adapt_ax1rbf2q1s0_synth_seed104_ckpt500000/scores.jsonl
Writing metrics: /scratch/midway3/rickybao/dreamerv3_runs/adapt_ax1rbf2q1s0_synth_seed104_ckpt500000/metrics.jsonl

--------------------[Agent Step 40_064]--------------------
Metrics filtered by: 'score|length|fps|ratio|train/loss/|train/rand/'
train/loss/con 0.02 / train/loss/distractor 1.21 / train/loss/dyn 13.21 / train/loss/policy -0.04 / train/loss/position 0.19 / train/loss/rep 13.21 / train/loss/repval 1.29 / train/loss/rew 0.03 / train/loss/to_target 0.2 / train/loss/value 0.98 / train/loss/velocity 0.04 / replay/replay_ratio 1040 / fps/policy 7.17 / fps/train 7344.65

Writing metrics: /scratch/midway3/rickybao/dreamerv3_runs/adapt_ax1rbf2q1s0_synth_seed104_ckpt500000/scores.jsonlWriting metrics: /scratch/midway3/rickybao/dreamerv3_runs/adapt_ax1rbf2q1s0_synth_seed104_ckpt500000/metrics.jsonl

Saving checkpoint: /scratch/midway3/rickybao/dreamerv3_runs/adapt_ax1rbf2q1s0_synth_seed104_ckpt500000/ckpt/20260721T155133F780466
Saved checkpoint.

--------------------[Agent Step 40_928]--------------------
Metrics filtered by: 'score|length|fps|ratio|train/loss/|train/rand/'
train/loss/con 0.02 / train/loss/distractor 1.2 / train/loss/dyn 13.18 / train/loss/policy -0.04 / train/loss/position 0.19 / train/loss/rep 13.18 / train/loss/repval 1.25 / train/loss/rew 0.03 / train/loss/to_target 0.2 / train/loss/value 1.04 / train/loss/velocity 0.04 / replay/replay_ratio 1040 / fps/policy 7.15 / fps/train 7319.26

Writing metrics: /scratch/midway3/rickybao/dreamerv3_runs/adapt_ax1rbf2q1s0_synth_seed104_ckpt500000/scores.jsonlWriting metrics: /scratch/midway3/rickybao/dreamerv3_runs/adapt_ax1rbf2q1s0_synth_seed104_ckpt500000/metrics.jsonl


--------------------[Agent Step 41_792]--------------------
Metrics filtered by: 'score|length|fps|ratio|train/loss/|train/rand/'
train/loss/con 0.02 / train/loss/distractor 1.2 / train/loss/dyn 13.17 / train/loss/policy -0.04 / train/loss/position 0.19 / train/loss/rep 13.17 / train/loss/repval 1.21 / train/loss/rew 0.03 / train/loss/to_target 0.2 / train/loss/value 1.12 / train/loss/velocity 0.04 / replay/replay_ratio 1040 / fps/policy 7.18 / fps/train 7349.41

Writing metrics: /scratch/midway3/rickybao/dreamerv3_runs/adapt_ax1rbf2q1s0_synth_seed104_ckpt500000/metrics.jsonlWriting metrics: /scratch/midway3/rickybao/dreamerv3_runs/adapt_ax1rbf2q1s0_synth_seed104_ckpt500000/scores.jsonl


--------------------[Agent Step 42_656]--------------------
Metrics filtered by: 'score|length|fps|ratio|train/loss/|train/rand/'
train/loss/con 0.02 / train/loss/distractor 1.21 / train/loss/dyn 13.17 / train/loss/policy -0.03 / train/loss/position 0.19 / train/loss/rep 13.17 / train/loss/repval 1.21 / train/loss/rew 0.03 / train/loss/to_target 0.2 / train/loss/value 1.11 / train/loss/velocity 0.04 / replay/replay_ratio 1040 / fps/policy 7.17 / fps/train 7340.71

Writing metrics: /scratch/midway3/rickybao/dreamerv3_runs/adapt_ax1rbf2q1s0_synth_seed104_ckpt500000/metrics.jsonlWriting metrics: /scratch/midway3/rickybao/dreamerv3_runs/adapt_ax1rbf2q1s0_synth_seed104_ckpt500000/scores.jsonl


--------------------[Agent Step 43_520]--------------------
Metrics filtered by: 'score|length|fps|ratio|train/loss/|train/rand/'
train/loss/con 0.02 / train/loss/distractor 1.2 / train/loss/dyn 13.18 / train/loss/policy -0.04 / train/loss/position 0.2 / train/loss/rep 13.18 / train/loss/repval 1.23 / train/loss/rew 0.04 / train/loss/to_target 0.2 / train/loss/value 1.12 / train/loss/velocity 0.04 / replay/replay_ratio 1040 / fps/policy 7.17 / fps/train 7343.49

Writing metrics: /scratch/midway3/rickybao/dreamerv3_runs/adapt_ax1rbf2q1s0_synth_seed104_ckpt500000/scores.jsonlWriting metrics: /scratch/midway3/rickybao/dreamerv3_runs/adapt_ax1rbf2q1s0_synth_seed104_ckpt500000/metrics.jsonl


--------------------[Agent Step 44_384]--------------------
Metrics filtered by: 'score|length|fps|ratio|train/loss/|train/rand/'
train/loss/con 0.02 / train/loss/distractor 1.2 / train/loss/dyn 13.21 / train/loss/policy -0.03 / train/loss/position 0.2 / train/loss/rep 13.21 / train/loss/repval 1.25 / train/loss/rew 0.04 / train/loss/to_target 0.2 / train/loss/value 1.11 / train/loss/velocity 0.04 / replay/replay_ratio 1040 / fps/policy 7.17 / fps/train 7341.22

Writing metrics: /scratch/midway3/rickybao/dreamerv3_runs/adapt_ax1rbf2q1s0_synth_seed104_ckpt500000/metrics.jsonlWriting metrics: /scratch/midway3/rickybao/dreamerv3_runs/adapt_ax1rbf2q1s0_synth_seed104_ckpt500000/scores.jsonl

slurmstepd: error: *** JOB 52442236 ON midway3-0286 CANCELLED AT 2026-07-21T16:00:59 DUE TO TIME LIMIT ***
