[Mon Jul 20 23:29:12 CDT 2026] axis1 bundle script starting
[Mon Jul 20 23:29:12 CDT 2026] job=52442227 host=midway3-0279.rcc.local pwd=/home/rickybao/projects/dreamerv3
[Mon Jul 20 23:29:12 CDT 2026] REPO=/home/rickybao/projects/dreamerv3 RUNROOT=/scratch/midway3/rickybao/dreamerv3_runs CONDA_ENV=/scratch/midway3/rickybao/conda_envs/dreamerv3
[Mon Jul 20 23:29:12 CDT 2026] RUN_ID=synth_phasebpp_task_20260720_220357_005 RUNLIST=/scratch/midway3/rickybao/dreamerv3_runs/_submit_runlists/synth_phasebpp_20260720_220357/task_bundle_005.tsv
[Mon Jul 20 23:29:12 CDT 2026] env prepared: python=/scratch/midway3/rickybao/conda_envs/dreamerv3/bin/python
python_executable=/scratch/midway3/rickybao/conda_envs/dreamerv3/bin/python
[Mon Jul 20 23:29:12 CDT 2026] axis1 bundle RUN_ID=synth_phasebpp_task_20260720_220357_005 RUNLIST=/scratch/midway3/rickybao/dreamerv3_runs/_submit_runlists/synth_phasebpp_20260720_220357/task_bundle_005.tsv
[Mon Jul 20 23:29:12 CDT 2026] bundle contents:
  adapt_ax1rb3q1s1_synth_seed106_ckpt500000	ax1wm_synth_q1s1_seed3	synth_reach	106	/scratch/midway3/rickybao/dreamerv3_runs/axis1_synth/q1/side1	500000	1.25e5	axis1	ax1rb_synth_q1
  adapt_ax1rb4q1s1_synth_seed104_ckpt500000	ax1wm_synth_q1s1_seed4	synth_reach	104	/scratch/midway3/rickybao/dreamerv3_runs/axis1_synth/q1/side1	500000	1.25e5	axis1	ax1rb_synth_q1
  adapt_ax1rb4q1s1_synth_seed105_ckpt500000	ax1wm_synth_q1s1_seed4	synth_reach	105	/scratch/midway3/rickybao/dreamerv3_runs/axis1_synth/q1/side1	500000	1.25e5	axis1	ax1rb_synth_q1
  adapt_ax1rb4q1s1_synth_seed106_ckpt500000	ax1wm_synth_q1s1_seed4	synth_reach	106	/scratch/midway3/rickybao/dreamerv3_runs/axis1_synth/q1/side1	500000	1.25e5	axis1	ax1rb_synth_q1
  adapt_ax1rb5q1s1_synth_seed104_ckpt500000	ax1wm_synth_q1s1_seed5	synth_reach	104	/scratch/midway3/rickybao/dreamerv3_runs/axis1_synth/q1/side1	500000	1.25e5	axis1	ax1rb_synth_q1
  adapt_ax1rb5q1s1_synth_seed105_ckpt500000	ax1wm_synth_q1s1_seed5	synth_reach	105	/scratch/midway3/rickybao/dreamerv3_runs/axis1_synth/q1/side1	500000	1.25e5	axis1	ax1rb_synth_q1
  adapt_ax1rb5q1s1_synth_seed106_ckpt500000	ax1wm_synth_q1s1_seed5	synth_reach	106	/scratch/midway3/rickybao/dreamerv3_runs/axis1_synth/q1/side1	500000	1.25e5	axis1	ax1rb_synth_q1
  adapt_ax1rb6q1s1_synth_seed104_ckpt500000	ax1wm_synth_q1s1_seed6	synth_reach	104	/scratch/midway3/rickybao/dreamerv3_runs/axis1_synth/q1/side1	500000	1.25e5	axis1	ax1rb_synth_q1
[Mon Jul 20 23:29:12 CDT 2026] START child adapt_ax1rb3q1s1_synth_seed106_ckpt500000 WM_RUN=ax1wm_synth_q1s1_seed3
[Mon Jul 20 23:29:12 CDT 2026] axis1 child starting RUN_ID=adapt_ax1rb3q1s1_synth_seed106_ckpt500000 WM_RUN=ax1wm_synth_q1s1_seed3 job=52442227 host=midway3-0279.rcc.local
[Mon Jul 20 23:29:12 CDT 2026] env prepared: python=/scratch/midway3/rickybao/conda_envs/dreamerv3/bin/python
python_executable=/scratch/midway3/rickybao/conda_envs/dreamerv3/bin/python
[Mon Jul 20 23:29:12 CDT 2026] offline WM already fit: /scratch/midway3/rickybao/dreamerv3_runs/ax1wm_synth_q1s1_seed3/ckpt/20260718T073755F567832-000000500000 (skipping stage 1)
[Mon Jul 20 23:29:12 CDT 2026] adapt RUN_ID=adapt_ax1rb3q1s1_synth_seed106_ckpt500000 TASK=synth_reach SEED=106 CKPT=/scratch/midway3/rickybao/dreamerv3_runs/ax1wm_synth_q1s1_seed3/ckpt/20260718T073755F567832-000000500000 STEPS=1.25e5
---  ___                           __   ______ ---
--- |   \ _ _ ___ __ _ _ __  ___ _ \ \ / /__ / ---
--- | |) | '_/ -_) _` | '  \/ -_) '/\ V / |_ \ ---
--- |___/|_| \___\__,_|_|_|_\___|_|  \_/ |___/ ---
Replica: 0 / 1
Logdir: /scratch/midway3/rickybao/dreamerv3_runs/adapt_ax1rb3q1s1_synth_seed106_ckpt500000
Run script: train
Observations
  position         Space(float32, shape=(2,), low=-inf, high=inf)
  velocity         Space(float32, shape=(2,), low=-inf, high=inf)
  distractor       Space(float32, shape=(8,), low=-inf, high=inf)
  to_target        Space(float32, shape=(2,), low=-inf, high=inf)
  reward           Space(float32, shape=(), low=-inf, high=inf)
  is_first         Space(bool, shape=(), low=False, high=True)
  is_last          Space(bool, shape=(), low=False, high=True)
  is_terminal      Space(bool, shape=(), low=False, high=True)
Actions
  action           Space(float32, shape=(2,), low=-1.0, high=1.0)
Extras
  consec           Space(int32, shape=(), low=-2147483648, high=2147483647)
  stepid           Space(uint8, shape=(20,), low=0, high=255)
  dyn/deter        Space(float32, shape=(512,), low=-inf, high=inf)
  dyn/stoch        Space(float32, shape=(32, 4), low=-inf, high=inf)
JAX devices (1): [cuda:0]
Policy devices: cuda:0
Train devices:  cuda:0
Initializing parameters...
Optimizer opt has 214,723 params:
        66,111 val
        57,663 rew
        49,796 pol
        41,153 con
Done initializing!
Compiling 1 checkpoint groups...
Largest checkpoint group: 0 GB
Compiling train and report...
Train cost analysis:
  FLOPS:            7.2e+09
  Memory (temp):    2.0e+08
  Memory (inputs):  7.3e+06
  Memory (outputs): 5.9e+06
  Memory (code):    1.5e+06

Report cost analysis:
  FLOPS:            1.8e+06
  Memory (temp):    9.2e+05
  Memory (inputs):  2.7e+06
  Memory (outputs): 2.1e+04
  Memory (code):    9.8e+04

Done compiling!
Loaded pretrained checkpoint with keys: ['dec/mlp/linear0/bias', 'dec/mlp/linear0/kernel', 'dec/mlp/linear1/bias', 'dec/mlp/linear1/kernel', 'dec/mlp/linear2/bias', 'dec/mlp/linear2/kernel', 'dec/mlp/norm0/scale', 'dec/mlp/norm1/scale', 'dec/mlp/norm2/scale', 'dec/vec/distractor/pred/bias', 'dec/vec/distractor/pred/kernel', 'dec/vec/position/pred/bias', 'dec/vec/position/pred/kernel', 'dec/vec/to_target/pred/bias', 'dec/vec/to_target/pred/kernel', 'dec/vec/velocity/pred/bias', 'dec/vec/velocity/pred/kernel', 'dyn/dyngru/bias', 'dyn/dyngru/kernel', 'dyn/dynhid0/bias', 'dyn/dynhid0/kernel', 'dyn/dynhid0norm/scale', 'dyn/dynin0/bias', 'dyn/dynin0/kernel', 'dyn/dynin0norm/scale', 'dyn/dynin1/bias', 'dyn/dynin1/kernel', 'dyn/dynin1norm/scale', 'dyn/dynin2/bias', 'dyn/dynin2/kernel', 'dyn/dynin2norm/scale', 'dyn/obs0/bias', 'dyn/obs0/kernel', 'dyn/obs0norm/scale', 'dyn/obslogit/bias', 'dyn/obslogit/kernel', 'dyn/prior0/bias', 'dyn/prior0/kernel', 'dyn/prior0norm/scale', 'dyn/prior1/bias', 'dyn/prior1/kernel', 'dyn/prior1norm/scale', 'dyn/priorlogit/bias', 'dyn/priorlogit/kernel', 'enc/mlp0/bias', 'enc/mlp0/kernel', 'enc/mlp0norm/scale', 'enc/mlp1/bias', 'enc/mlp1/kernel', 'enc/mlp1norm/scale', 'enc/mlp2/bias', 'enc/mlp2/kernel', 'enc/mlp2norm/scale']
Did not find any checkpoint.
Saving checkpoint: /scratch/midway3/rickybao/dreamerv3_runs/adapt_ax1rb3q1s1_synth_seed106_ckpt500000/ckpt/20260720T232948F109978
Saved checkpoint.
Start training loop

--------------------[Agent Step 6_880]--------------------
Metrics filtered by: 'score|length|fps|ratio|train/loss/|train/rand/'
train/loss/con 0.04 / train/loss/distractor 0.46 / train/loss/dyn 4.57 / train/loss/policy 0.02 / train/loss/position 0.01 / train/loss/rep 4.57 / train/loss/repval 2.69 / train/loss/rew 1.08 / train/loss/to_target 9.4e-3 / train/loss/value 2.01 / train/loss/velocity 0.01 / replay/replay_ratio 858.5 / fps/policy 56.33 / fps/train 4.1e4

Writing metrics: /scratch/midway3/rickybao/dreamerv3_runs/adapt_ax1rb3q1s1_synth_seed106_ckpt500000/metrics.jsonlWriting metrics: /scratch/midway3/rickybao/dreamerv3_runs/adapt_ax1rb3q1s1_synth_seed106_ckpt500000/scores.jsonl


--------------------[Agent Step 11_744]--------------------
Metrics filtered by: 'score|length|fps|ratio|train/loss/|train/rand/'
train/loss/con 0.02 / train/loss/distractor 0.47 / train/loss/dyn 4.53 / train/loss/policy 0.06 / train/loss/position 0.01 / train/loss/rep 4.53 / train/loss/repval 1.06 / train/loss/rew 0.04 / train/loss/to_target 0.01 / train/loss/value 0.99 / train/loss/velocity 0.02 / replay/replay_ratio 1040 / fps/policy 40.49 / fps/train 4.1e4

Writing metrics: /scratch/midway3/rickybao/dreamerv3_runs/adapt_ax1rb3q1s1_synth_seed106_ckpt500000/metrics.jsonlWriting metrics: /scratch/midway3/rickybao/dreamerv3_runs/adapt_ax1rb3q1s1_synth_seed106_ckpt500000/scores.jsonl


--------------------[Agent Step 16_608]--------------------
Metrics filtered by: 'score|length|fps|ratio|train/loss/|train/rand/'
episode/score 0 / episode/length 1001 / train/loss/con 0.02 / train/loss/distractor 0.5 / train/loss/dyn 4.49 / train/loss/policy 0.03 / train/loss/position 0.01 / train/loss/rep 4.49 / train/loss/repval 1.09 / train/loss/rew 0.03 / train/loss/to_target 0.03 / train/loss/value 1.03 / train/loss/velocity 0.07 / replay/replay_ratio 1040 / fps/policy 40.49 / fps/train 4.1e4

Writing metrics: /scratch/midway3/rickybao/dreamerv3_runs/adapt_ax1rb3q1s1_synth_seed106_ckpt500000/metrics.jsonl
Writing metrics: /scratch/midway3/rickybao/dreamerv3_runs/adapt_ax1rb3q1s1_synth_seed106_ckpt500000/scores.jsonl

--------------------[Agent Step 21_472]--------------------
Metrics filtered by: 'score|length|fps|ratio|train/loss/|train/rand/'
train/loss/con 0.02 / train/loss/distractor 0.51 / train/loss/dyn 4.54 / train/loss/policy 0.02 / train/loss/position 0.02 / train/loss/rep 4.54 / train/loss/repval 1.02 / train/loss/rew 0.02 / train/loss/to_target 0.03 / train/loss/value 0.94 / train/loss/velocity 0.08 / replay/replay_ratio 1040 / fps/policy 40.49 / fps/train 4.1e4

Writing metrics: /scratch/midway3/rickybao/dreamerv3_runs/adapt_ax1rb3q1s1_synth_seed106_ckpt500000/metrics.jsonlWriting metrics: /scratch/midway3/rickybao/dreamerv3_runs/adapt_ax1rb3q1s1_synth_seed106_ckpt500000/scores.jsonl


--------------------[Agent Step 26_336]--------------------
Metrics filtered by: 'score|length|fps|ratio|train/loss/|train/rand/'
train/loss/con 0.02 / train/loss/distractor 0.5 / train/loss/dyn 4.53 / train/loss/policy -6.1e-3 / train/loss/position 0.01 / train/loss/rep 4.53 / train/loss/repval 1.12 / train/loss/rew 0.02 / train/loss/to_target 0.03 / train/loss/value 0.99 / train/loss/velocity 0.09 / replay/replay_ratio 1040 / fps/policy 40.49 / fps/train 4.1e4

Writing metrics: /scratch/midway3/rickybao/dreamerv3_runs/adapt_ax1rb3q1s1_synth_seed106_ckpt500000/scores.jsonlWriting metrics: /scratch/midway3/rickybao/dreamerv3_runs/adapt_ax1rb3q1s1_synth_seed106_ckpt500000/metrics.jsonl


--------------------[Agent Step 31_200]--------------------
Metrics filtered by: 'score|length|fps|ratio|train/loss/|train/rand/'
train/loss/con 0.02 / train/loss/distractor 0.49 / train/loss/dyn 4.63 / train/loss/policy -3.3e-3 / train/loss/position 0.02 / train/loss/rep 4.63 / train/loss/repval 1.16 / train/loss/rew 0.01 / train/loss/to_target 0.03 / train/loss/value 0.92 / train/loss/velocity 0.09 / replay/replay_ratio 1040 / fps/policy 40.5 / fps/train 4.1e4

Writing metrics: /scratch/midway3/rickybao/dreamerv3_runs/adapt_ax1rb3q1s1_synth_seed106_ckpt500000/scores.jsonlWriting metrics: /scratch/midway3/rickybao/dreamerv3_runs/adapt_ax1rb3q1s1_synth_seed106_ckpt500000/metrics.jsonl


--------------------[Agent Step 36_064]--------------------
Metrics filtered by: 'score|length|fps|ratio|train/loss/|train/rand/'
episode/score 0 / episode/length 1001 / train/loss/con 0.02 / train/loss/distractor 0.49 / train/loss/dyn 4.73 / train/loss/policy 8.5e-3 / train/loss/position 0.02 / train/loss/rep 4.73 / train/loss/repval 1.24 / train/loss/rew 0.01 / train/loss/to_target 0.02 / train/loss/value 1 / train/loss/velocity 0.08 / replay/replay_ratio 1040 / fps/policy 40.5 / fps/train 4.1e4

Writing metrics: /scratch/midway3/rickybao/dreamerv3_runs/adapt_ax1rb3q1s1_synth_seed106_ckpt500000/metrics.jsonl
Writing metrics: /scratch/midway3/rickybao/dreamerv3_runs/adapt_ax1rb3q1s1_synth_seed106_ckpt500000/scores.jsonl
Saving checkpoint: /scratch/midway3/rickybao/dreamerv3_runs/adapt_ax1rb3q1s1_synth_seed106_ckpt500000/ckpt/20260720T234449F931516
Saved checkpoint.

--------------------[Agent Step 40_896]--------------------
Metrics filtered by: 'score|length|fps|ratio|train/loss/|train/rand/'
train/loss/con 0.02 / train/loss/distractor 0.49 / train/loss/dyn 4.69 / train/loss/policy -0.03 / train/loss/position 0.02 / train/loss/rep 4.69 / train/loss/repval 1.29 / train/loss/rew 0.03 / train/loss/to_target 0.02 / train/loss/value 1.05 / train/loss/velocity 0.07 / replay/replay_ratio 1040 / fps/policy 40.14 / fps/train 4.1e4

Writing metrics: /scratch/midway3/rickybao/dreamerv3_runs/adapt_ax1rb3q1s1_synth_seed106_ckpt500000/metrics.jsonlWriting metrics: /scratch/midway3/rickybao/dreamerv3_runs/adapt_ax1rb3q1s1_synth_seed106_ckpt500000/scores.jsonl


--------------------[Agent Step 45_760]--------------------
Metrics filtered by: 'score|length|fps|ratio|train/loss/|train/rand/'
train/loss/con 0.02 / train/loss/distractor 0.49 / train/loss/dyn 4.66 / train/loss/policy -0.11 / train/loss/position 0.02 / train/loss/rep 4.66 / train/loss/repval 1.38 / train/loss/rew 0.08 / train/loss/to_target 0.02 / train/loss/value 1.06 / train/loss/velocity 0.07 / replay/replay_ratio 1040 / fps/policy 40.5 / fps/train 4.1e4

Writing metrics: /scratch/midway3/rickybao/dreamerv3_runs/adapt_ax1rb3q1s1_synth_seed106_ckpt500000/scores.jsonlWriting metrics: /scratch/midway3/rickybao/dreamerv3_runs/adapt_ax1rb3q1s1_synth_seed106_ckpt500000/metrics.jsonl


--------------------[Agent Step 50_624]--------------------
Metrics filtered by: 'score|length|fps|ratio|train/loss/|train/rand/'
episode/score 38 / episode/length 1001 / train/loss/con 0.02 / train/loss/distractor 0.49 / train/loss/dyn 4.64 / train/loss/policy -0.06 / train/loss/position 0.02 / train/loss/rep 4.64 / train/loss/repval 1.35 / train/loss/rew 0.07 / train/loss/to_target 0.02 / train/loss/value 0.96 / train/loss/velocity 0.06 / replay/replay_ratio 1040 / fps/policy 40.49 / fps/train 4.1e4

Writing metrics: /scratch/midway3/rickybao/dreamerv3_runs/adapt_ax1rb3q1s1_synth_seed106_ckpt500000/metrics.jsonlWriting metrics: /scratch/midway3/rickybao/dreamerv3_runs/adapt_ax1rb3q1s1_synth_seed106_ckpt500000/scores.jsonl


--------------------[Agent Step 55_488]--------------------
Metrics filtered by: 'score|length|fps|ratio|train/loss/|train/rand/'
train/loss/con 0.02 / train/loss/distractor 0.49 / train/loss/dyn 4.64 / train/loss/policy -7.8e-3 / train/loss/position 0.02 / train/loss/rep 4.64 / train/loss/repval 1.39 / train/loss/rew 0.07 / train/loss/to_target 0.02 / train/loss/value 0.94 / train/loss/velocity 0.06 / replay/replay_ratio 1040 / fps/policy 40.5 / fps/train 4.1e4

Writing metrics: /scratch/midway3/rickybao/dreamerv3_runs/adapt_ax1rb3q1s1_synth_seed106_ckpt500000/metrics.jsonlWriting metrics: /scratch/midway3/rickybao/dreamerv3_runs/adapt_ax1rb3q1s1_synth_seed106_ckpt500000/scores.jsonl


--------------------[Agent Step 60_352]--------------------
Metrics filtered by: 'score|length|fps|ratio|train/loss/|train/rand/'
train/loss/con 0.02 / train/loss/distractor 0.49 / train/loss/dyn 4.65 / train/loss/policy 4.4e-3 / train/loss/position 0.02 / train/loss/rep 4.65 / train/loss/repval 1.37 / train/loss/rew 0.07 / train/loss/to_target 0.02 / train/loss/value 0.92 / train/loss/velocity 0.06 / replay/replay_ratio 1040 / fps/policy 40.49 / fps/train 4.1e4

Writing metrics: /scratch/midway3/rickybao/dreamerv3_runs/adapt_ax1rb3q1s1_synth_seed106_ckpt500000/metrics.jsonl
Writing metrics: /scratch/midway3/rickybao/dreamerv3_runs/adapt_ax1rb3q1s1_synth_seed106_ckpt500000/scores.jsonl

--------------------[Agent Step 65_216]--------------------
Metrics filtered by: 'score|length|fps|ratio|train/loss/|train/rand/'
episode/score 9 / episode/length 1001 / train/loss/con 0.02 / train/loss/distractor 0.49 / train/loss/dyn 4.7 / train/loss/policy -0.03 / train/loss/position 0.02 / train/loss/rep 4.7 / train/loss/repval 1.36 / train/loss/rew 0.06 / train/loss/to_target 0.02 / train/loss/value 0.9 / train/loss/velocity 0.07 / replay/replay_ratio 1040 / fps/policy 40.5 / fps/train 4.1e4

Writing metrics: /scratch/midway3/rickybao/dreamerv3_runs/adapt_ax1rb3q1s1_synth_seed106_ckpt500000/metrics.jsonlWriting metrics: /scratch/midway3/rickybao/dreamerv3_runs/adapt_ax1rb3q1s1_synth_seed106_ckpt500000/scores.jsonl


--------------------[Agent Step 70_080]--------------------
Metrics filtered by: 'score|length|fps|ratio|train/loss/|train/rand/'
train/loss/con 0.02 / train/loss/distractor 0.49 / train/loss/dyn 4.74 / train/loss/policy -0.05 / train/loss/position 0.02 / train/loss/rep 4.74 / train/loss/repval 1.38 / train/loss/rew 0.08 / train/loss/to_target 0.02 / train/loss/value 1.02 / train/loss/velocity 0.07 / replay/replay_ratio 1040 / fps/policy 40.5 / fps/train 4.1e4

Writing metrics: /scratch/midway3/rickybao/dreamerv3_runs/adapt_ax1rb3q1s1_synth_seed106_ckpt500000/metrics.jsonl
Writing metrics: /scratch/midway3/rickybao/dreamerv3_runs/adapt_ax1rb3q1s1_synth_seed106_ckpt500000/scores.jsonl
Saving checkpoint: /scratch/midway3/rickybao/dreamerv3_runs/adapt_ax1rb3q1s1_synth_seed106_ckpt500000/ckpt/20260720T235950F074858
Saved checkpoint.

--------------------[Agent Step 74_928]--------------------
Metrics filtered by: 'score|length|fps|ratio|train/loss/|train/rand/'
train/loss/con 0.02 / train/loss/distractor 0.49 / train/loss/dyn 4.72 / train/loss/policy -0.03 / train/loss/position 0.02 / train/loss/rep 4.72 / train/loss/repval 1.41 / train/loss/rew 0.09 / train/loss/to_target 0.02 / train/loss/value 1.03 / train/loss/velocity 0.07 / replay/replay_ratio 1040 / fps/policy 40.27 / fps/train 4.1e4

Writing metrics: /scratch/midway3/rickybao/dreamerv3_runs/adapt_ax1rb3q1s1_synth_seed106_ckpt500000/metrics.jsonlWriting metrics: /scratch/midway3/rickybao/dreamerv3_runs/adapt_ax1rb3q1s1_synth_seed106_ckpt500000/scores.jsonl


--------------------[Agent Step 79_792]--------------------
Metrics filtered by: 'score|length|fps|ratio|train/loss/|train/rand/'
train/loss/con 0.02 / train/loss/distractor 0.49 / train/loss/dyn 4.7 / train/loss/policy -0.03 / train/loss/position 0.02 / train/loss/rep 4.7 / train/loss/repval 1.39 / train/loss/rew 0.1 / train/loss/to_target 0.02 / train/loss/value 0.99 / train/loss/velocity 0.07 / replay/replay_ratio 1040 / fps/policy 40.49 / fps/train 4.1e4

Writing metrics: /scratch/midway3/rickybao/dreamerv3_runs/adapt_ax1rb3q1s1_synth_seed106_ckpt500000/scores.jsonl
Writing metrics: /scratch/midway3/rickybao/dreamerv3_runs/adapt_ax1rb3q1s1_synth_seed106_ckpt500000/metrics.jsonl

--------------------[Agent Step 84_656]--------------------
Metrics filtered by: 'score|length|fps|ratio|train/loss/|train/rand/'
episode/score 61 / episode/length 1001 / train/loss/con 0.02 / train/loss/distractor 0.49 / train/loss/dyn 4.69 / train/loss/policy -0.07 / train/loss/position 0.02 / train/loss/rep 4.69 / train/loss/repval 1.39 / train/loss/rew 0.13 / train/loss/to_target 0.02 / train/loss/value 1 / train/loss/velocity 0.07 / replay/replay_ratio 1040 / fps/policy 40.49 / fps/train 4.1e4

Writing metrics: /scratch/midway3/rickybao/dreamerv3_runs/adapt_ax1rb3q1s1_synth_seed106_ckpt500000/scores.jsonl
Writing metrics: /scratch/midway3/rickybao/dreamerv3_runs/adapt_ax1rb3q1s1_synth_seed106_ckpt500000/metrics.jsonl

--------------------[Agent Step 89_520]--------------------
Metrics filtered by: 'score|length|fps|ratio|train/loss/|train/rand/'
train/loss/con 0.02 / train/loss/distractor 0.49 / train/loss/dyn 4.68 / train/loss/policy -0.08 / train/loss/position 0.02 / train/loss/rep 4.68 / train/loss/repval 1.4 / train/loss/rew 0.17 / train/loss/to_target 0.02 / train/loss/value 0.95 / train/loss/velocity 0.06 / replay/replay_ratio 1040 / fps/policy 40.5 / fps/train 4.1e4

Writing metrics: /scratch/midway3/rickybao/dreamerv3_runs/adapt_ax1rb3q1s1_synth_seed106_ckpt500000/scores.jsonlWriting metrics: /scratch/midway3/rickybao/dreamerv3_runs/adapt_ax1rb3q1s1_synth_seed106_ckpt500000/metrics.jsonl


--------------------[Agent Step 94_384]--------------------
Metrics filtered by: 'score|length|fps|ratio|train/loss/|train/rand/'
train/loss/con 0.02 / train/loss/distractor 0.49 / train/loss/dyn 4.66 / train/loss/policy -0.1 / train/loss/position 0.02 / train/loss/rep 4.66 / train/loss/repval 1.38 / train/loss/rew 0.22 / train/loss/to_target 0.02 / train/loss/value 0.99 / train/loss/velocity 0.06 / replay/replay_ratio 1040 / fps/policy 40.5 / fps/train 4.1e4

Writing metrics: /scratch/midway3/rickybao/dreamerv3_runs/adapt_ax1rb3q1s1_synth_seed106_ckpt500000/scores.jsonlWriting metrics: /scratch/midway3/rickybao/dreamerv3_runs/adapt_ax1rb3q1s1_synth_seed106_ckpt500000/metrics.jsonl


--------------------[Agent Step 99_248]--------------------
Metrics filtered by: 'score|length|fps|ratio|train/loss/|train/rand/'
episode/score 466 / episode/length 1001 / train/loss/con 0.02 / train/loss/distractor 0.49 / train/loss/dyn 4.65 / train/loss/policy -0.09 / train/loss/position 0.02 / train/loss/rep 4.65 / train/loss/repval 1.33 / train/loss/rew 0.25 / train/loss/to_target 0.02 / train/loss/value 0.94 / train/loss/velocity 0.06 / replay/replay_ratio 1040 / fps/policy 40.51 / fps/train 4.1e4

Writing metrics: /scratch/midway3/rickybao/dreamerv3_runs/adapt_ax1rb3q1s1_synth_seed106_ckpt500000/metrics.jsonlWriting metrics: /scratch/midway3/rickybao/dreamerv3_runs/adapt_ax1rb3q1s1_synth_seed106_ckpt500000/scores.jsonl


--------------------[Agent Step 104_112]--------------------
Metrics filtered by: 'score|length|fps|ratio|train/loss/|train/rand/'
train/loss/con 0.02 / train/loss/distractor 0.49 / train/loss/dyn 4.64 / train/loss/policy -0.09 / train/loss/position 0.02 / train/loss/rep 4.64 / train/loss/repval 1.24 / train/loss/rew 0.29 / train/loss/to_target 0.02 / train/loss/value 0.89 / train/loss/velocity 0.05 / replay/replay_ratio 1040 / fps/policy 40.5 / fps/train 4.1e4

Writing metrics: /scratch/midway3/rickybao/dreamerv3_runs/adapt_ax1rb3q1s1_synth_seed106_ckpt500000/scores.jsonlWriting metrics: /scratch/midway3/rickybao/dreamerv3_runs/adapt_ax1rb3q1s1_synth_seed106_ckpt500000/metrics.jsonl


--------------------[Agent Step 108_976]--------------------
Metrics filtered by: 'score|length|fps|ratio|train/loss/|train/rand/'
train/loss/con 0.02 / train/loss/distractor 0.49 / train/loss/dyn 4.63 / train/loss/policy -0.06 / train/loss/position 0.02 / train/loss/rep 4.63 / train/loss/repval 1.22 / train/loss/rew 0.31 / train/loss/to_target 0.02 / train/loss/value 0.94 / train/loss/velocity 0.05 / replay/replay_ratio 1040 / fps/policy 40.44 / fps/train 4.1e4

Writing metrics: /scratch/midway3/rickybao/dreamerv3_runs/adapt_ax1rb3q1s1_synth_seed106_ckpt500000/metrics.jsonlWriting metrics: /scratch/midway3/rickybao/dreamerv3_runs/adapt_ax1rb3q1s1_synth_seed106_ckpt500000/scores.jsonl

Saving checkpoint: /scratch/midway3/rickybao/dreamerv3_runs/adapt_ax1rb3q1s1_synth_seed106_ckpt500000/ckpt/20260721T001450F455622
Saved checkpoint.

--------------------[Agent Step 113_808]--------------------
Metrics filtered by: 'score|length|fps|ratio|train/loss/|train/rand/'
episode/score 602 / episode/length 1001 / train/loss/con 0.02 / train/loss/distractor 0.49 / train/loss/dyn 4.62 / train/loss/policy -0.08 / train/loss/position 0.02 / train/loss/rep 4.62 / train/loss/repval 1.16 / train/loss/rew 0.33 / train/loss/to_target 0.02 / train/loss/value 0.99 / train/loss/velocity 0.05 / replay/replay_ratio 1040 / fps/policy 40.26 / fps/train 4.1e4

Writing metrics: /scratch/midway3/rickybao/dreamerv3_runs/adapt_ax1rb3q1s1_synth_seed106_ckpt500000/metrics.jsonl
Writing metrics: /scratch/midway3/rickybao/dreamerv3_runs/adapt_ax1rb3q1s1_synth_seed106_ckpt500000/scores.jsonl

--------------------[Agent Step 118_672]--------------------
Metrics filtered by: 'score|length|fps|ratio|train/loss/|train/rand/'
train/loss/con 0.02 / train/loss/distractor 0.49 / train/loss/dyn 4.61 / train/loss/policy -0.08 / train/loss/position 0.02 / train/loss/rep 4.61 / train/loss/repval 1.14 / train/loss/rew 0.35 / train/loss/to_target 0.02 / train/loss/value 1.03 / train/loss/velocity 0.05 / replay/replay_ratio 1040 / fps/policy 40.49 / fps/train 4.1e4

Writing metrics: /scratch/midway3/rickybao/dreamerv3_runs/adapt_ax1rb3q1s1_synth_seed106_ckpt500000/scores.jsonlWriting metrics: /scratch/midway3/rickybao/dreamerv3_runs/adapt_ax1rb3q1s1_synth_seed106_ckpt500000/metrics.jsonl


--------------------[Agent Step 123_536]--------------------
Metrics filtered by: 'score|length|fps|ratio|train/loss/|train/rand/'
train/loss/con 0.02 / train/loss/distractor 0.49 / train/loss/dyn 4.6 / train/loss/policy -0.06 / train/loss/position 0.02 / train/loss/rep 4.6 / train/loss/repval 1.14 / train/loss/rew 0.37 / train/loss/to_target 0.02 / train/loss/value 0.71 / train/loss/velocity 0.05 / replay/replay_ratio 1040 / fps/policy 40.49 / fps/train 4.1e4

Writing metrics: /scratch/midway3/rickybao/dreamerv3_runs/adapt_ax1rb3q1s1_synth_seed106_ckpt500000/metrics.jsonlWriting metrics: /scratch/midway3/rickybao/dreamerv3_runs/adapt_ax1rb3q1s1_synth_seed106_ckpt500000/scores.jsonl

[Tue Jul 21 00:20:32 CDT 2026] adapt adapt_ax1rb3q1s1_synth_seed106_ckpt500000 rc=0 status=DONE
[Tue Jul 21 00:20:32 CDT 2026] DONE child adapt_ax1rb3q1s1_synth_seed106_ckpt500000
[Tue Jul 21 00:20:32 CDT 2026] START child adapt_ax1rb4q1s1_synth_seed104_ckpt500000 WM_RUN=ax1wm_synth_q1s1_seed4
[Tue Jul 21 00:20:32 CDT 2026] axis1 child starting RUN_ID=adapt_ax1rb4q1s1_synth_seed104_ckpt500000 WM_RUN=ax1wm_synth_q1s1_seed4 job=52442227 host=midway3-0279.rcc.local
[Tue Jul 21 00:20:32 CDT 2026] env prepared: python=/scratch/midway3/rickybao/conda_envs/dreamerv3/bin/python
python_executable=/scratch/midway3/rickybao/conda_envs/dreamerv3/bin/python
[Tue Jul 21 00:20:32 CDT 2026] offline WM already fit: /scratch/midway3/rickybao/dreamerv3_runs/ax1wm_synth_q1s1_seed4/ckpt/20260718T073640F239970-000000500000 (skipping stage 1)
[Tue Jul 21 00:20:32 CDT 2026] adapt RUN_ID=adapt_ax1rb4q1s1_synth_seed104_ckpt500000 TASK=synth_reach SEED=104 CKPT=/scratch/midway3/rickybao/dreamerv3_runs/ax1wm_synth_q1s1_seed4/ckpt/20260718T073640F239970-000000500000 STEPS=1.25e5
---  ___                           __   ______ ---
--- |   \ _ _ ___ __ _ _ __  ___ _ \ \ / /__ / ---
--- | |) | '_/ -_) _` | '  \/ -_) '/\ V / |_ \ ---
--- |___/|_| \___\__,_|_|_|_\___|_|  \_/ |___/ ---
Replica: 0 / 1
Logdir: /scratch/midway3/rickybao/dreamerv3_runs/adapt_ax1rb4q1s1_synth_seed104_ckpt500000
Run script: train
Observations
  position         Space(float32, shape=(2,), low=-inf, high=inf)
  velocity         Space(float32, shape=(2,), low=-inf, high=inf)
  distractor       Space(float32, shape=(8,), low=-inf, high=inf)
  to_target        Space(float32, shape=(2,), low=-inf, high=inf)
  reward           Space(float32, shape=(), low=-inf, high=inf)
  is_first         Space(bool, shape=(), low=False, high=True)
  is_last          Space(bool, shape=(), low=False, high=True)
  is_terminal      Space(bool, shape=(), low=False, high=True)
Actions
  action           Space(float32, shape=(2,), low=-1.0, high=1.0)
Extras
  consec           Space(int32, shape=(), low=-2147483648, high=2147483647)
  stepid           Space(uint8, shape=(20,), low=0, high=255)
  dyn/deter        Space(float32, shape=(512,), low=-inf, high=inf)
  dyn/stoch        Space(float32, shape=(32, 4), low=-inf, high=inf)
JAX devices (1): [cuda:0]
Policy devices: cuda:0
Train devices:  cuda:0
Initializing parameters...
Optimizer opt has 214,723 params:
        66,111 val
        57,663 rew
        49,796 pol
        41,153 con
Done initializing!
Compiling 1 checkpoint groups...
Largest checkpoint group: 0 GB
Compiling train and report...
Train cost analysis:
  FLOPS:            7.2e+09
  Memory (temp):    2.0e+08
  Memory (inputs):  7.3e+06
  Memory (outputs): 5.9e+06
  Memory (code):    1.5e+06

Report cost analysis:
  FLOPS:            1.8e+06
  Memory (temp):    9.2e+05
  Memory (inputs):  2.7e+06
  Memory (outputs): 2.1e+04
  Memory (code):    9.8e+04

Done compiling!
Loaded pretrained checkpoint with keys: ['dec/mlp/linear0/bias', 'dec/mlp/linear0/kernel', 'dec/mlp/linear1/bias', 'dec/mlp/linear1/kernel', 'dec/mlp/linear2/bias', 'dec/mlp/linear2/kernel', 'dec/mlp/norm0/scale', 'dec/mlp/norm1/scale', 'dec/mlp/norm2/scale', 'dec/vec/distractor/pred/bias', 'dec/vec/distractor/pred/kernel', 'dec/vec/position/pred/bias', 'dec/vec/position/pred/kernel', 'dec/vec/to_target/pred/bias', 'dec/vec/to_target/pred/kernel', 'dec/vec/velocity/pred/bias', 'dec/vec/velocity/pred/kernel', 'dyn/dyngru/bias', 'dyn/dyngru/kernel', 'dyn/dynhid0/bias', 'dyn/dynhid0/kernel', 'dyn/dynhid0norm/scale', 'dyn/dynin0/bias', 'dyn/dynin0/kernel', 'dyn/dynin0norm/scale', 'dyn/dynin1/bias', 'dyn/dynin1/kernel', 'dyn/dynin1norm/scale', 'dyn/dynin2/bias', 'dyn/dynin2/kernel', 'dyn/dynin2norm/scale', 'dyn/obs0/bias', 'dyn/obs0/kernel', 'dyn/obs0norm/scale', 'dyn/obslogit/bias', 'dyn/obslogit/kernel', 'dyn/prior0/bias', 'dyn/prior0/kernel', 'dyn/prior0norm/scale', 'dyn/prior1/bias', 'dyn/prior1/kernel', 'dyn/prior1norm/scale', 'dyn/priorlogit/bias', 'dyn/priorlogit/kernel', 'enc/mlp0/bias', 'enc/mlp0/kernel', 'enc/mlp0norm/scale', 'enc/mlp1/bias', 'enc/mlp1/kernel', 'enc/mlp1norm/scale', 'enc/mlp2/bias', 'enc/mlp2/kernel', 'enc/mlp2norm/scale']
Did not find any checkpoint.
Saving checkpoint: /scratch/midway3/rickybao/dreamerv3_runs/adapt_ax1rb4q1s1_synth_seed104_ckpt500000/ckpt/20260721T002058F497238
Saved checkpoint.
Start training loop

--------------------[Agent Step 6_880]--------------------
Metrics filtered by: 'score|length|fps|ratio|train/loss/|train/rand/'
train/loss/con 0.03 / train/loss/distractor 0.48 / train/loss/dyn 4.36 / train/loss/policy -7.8e-4 / train/loss/position 0.02 / train/loss/rep 4.36 / train/loss/repval 2.03 / train/loss/rew 1.07 / train/loss/to_target 0.01 / train/loss/value 1.52 / train/loss/velocity 0.01 / replay/replay_ratio 858.5 / fps/policy 56.45 / fps/train 4.1e4

Writing metrics: /scratch/midway3/rickybao/dreamerv3_runs/adapt_ax1rb4q1s1_synth_seed104_ckpt500000/metrics.jsonl
Writing metrics: /scratch/midway3/rickybao/dreamerv3_runs/adapt_ax1rb4q1s1_synth_seed104_ckpt500000/scores.jsonl

--------------------[Agent Step 11_744]--------------------
Metrics filtered by: 'score|length|fps|ratio|train/loss/|train/rand/'
train/loss/con 0.02 / train/loss/distractor 0.48 / train/loss/dyn 4.23 / train/loss/policy -8.3e-4 / train/loss/position 0.01 / train/loss/rep 4.23 / train/loss/repval 2.5e-3 / train/loss/rew 2.6e-3 / train/loss/to_target 9.7e-3 / train/loss/value 2.4e-3 / train/loss/velocity 9.1e-3 / replay/replay_ratio 1040 / fps/policy 40.51 / fps/train 4.1e4

Writing metrics: /scratch/midway3/rickybao/dreamerv3_runs/adapt_ax1rb4q1s1_synth_seed104_ckpt500000/metrics.jsonlWriting metrics: /scratch/midway3/rickybao/dreamerv3_runs/adapt_ax1rb4q1s1_synth_seed104_ckpt500000/scores.jsonl


--------------------[Agent Step 16_608]--------------------
Metrics filtered by: 'score|length|fps|ratio|train/loss/|train/rand/'
episode/score 0 / episode/length 1001 / train/loss/con 0.02 / train/loss/distractor 0.48 / train/loss/dyn 4.22 / train/loss/policy 8.1e-3 / train/loss/position 0.02 / train/loss/rep 4.22 / train/loss/repval 0.88 / train/loss/rew 0.01 / train/loss/to_target 0.02 / train/loss/value 0.83 / train/loss/velocity 0.02 / replay/replay_ratio 1040 / fps/policy 40.52 / fps/train 4.1e4

Writing metrics: /scratch/midway3/rickybao/dreamerv3_runs/adapt_ax1rb4q1s1_synth_seed104_ckpt500000/scores.jsonl
Writing metrics: /scratch/midway3/rickybao/dreamerv3_runs/adapt_ax1rb4q1s1_synth_seed104_ckpt500000/metrics.jsonl

--------------------[Agent Step 21_472]--------------------
Metrics filtered by: 'score|length|fps|ratio|train/loss/|train/rand/'
train/loss/con 0.02 / train/loss/distractor 0.49 / train/loss/dyn 4.26 / train/loss/policy 0.06 / train/loss/position 0.03 / train/loss/rep 4.26 / train/loss/repval 1.15 / train/loss/rew 0.03 / train/loss/to_target 0.03 / train/loss/value 0.91 / train/loss/velocity 0.03 / replay/replay_ratio 1040 / fps/policy 40.53 / fps/train 4.2e4

Writing metrics: /scratch/midway3/rickybao/dreamerv3_runs/adapt_ax1rb4q1s1_synth_seed104_ckpt500000/scores.jsonl
Writing metrics: /scratch/midway3/rickybao/dreamerv3_runs/adapt_ax1rb4q1s1_synth_seed104_ckpt500000/metrics.jsonl

--------------------[Agent Step 26_336]--------------------
Metrics filtered by: 'score|length|fps|ratio|train/loss/|train/rand/'
train/loss/con 0.02 / train/loss/distractor 0.5 / train/loss/dyn 4.3 / train/loss/policy 0.01 / train/loss/position 0.03 / train/loss/rep 4.3 / train/loss/repval 1.19 / train/loss/rew 0.02 / train/loss/to_target 0.04 / train/loss/value 0.81 / train/loss/velocity 0.04 / replay/replay_ratio 1040 / fps/policy 40.52 / fps/train 4.1e4

Writing metrics: /scratch/midway3/rickybao/dreamerv3_runs/adapt_ax1rb4q1s1_synth_seed104_ckpt500000/metrics.jsonlWriting metrics: /scratch/midway3/rickybao/dreamerv3_runs/adapt_ax1rb4q1s1_synth_seed104_ckpt500000/scores.jsonl


--------------------[Agent Step 31_200]--------------------
Metrics filtered by: 'score|length|fps|ratio|train/loss/|train/rand/'
train/loss/con 0.02 / train/loss/distractor 0.5 / train/loss/dyn 4.39 / train/loss/policy 2e-3 / train/loss/position 0.03 / train/loss/rep 4.39 / train/loss/repval 1.18 / train/loss/rew 0.02 / train/loss/to_target 0.05 / train/loss/value 0.83 / train/loss/velocity 0.05 / replay/replay_ratio 1040 / fps/policy 40.52 / fps/train 4.1e4

Writing metrics: /scratch/midway3/rickybao/dreamerv3_runs/adapt_ax1rb4q1s1_synth_seed104_ckpt500000/scores.jsonl
Writing metrics: /scratch/midway3/rickybao/dreamerv3_runs/adapt_ax1rb4q1s1_synth_seed104_ckpt500000/metrics.jsonl

--------------------[Agent Step 36_064]--------------------
Metrics filtered by: 'score|length|fps|ratio|train/loss/|train/rand/'
episode/score 20 / episode/length 1001 / train/loss/con 0.02 / train/loss/distractor 0.5 / train/loss/dyn 4.69 / train/loss/policy 9.4e-3 / train/loss/position 0.04 / train/loss/rep 4.69 / train/loss/repval 1.16 / train/loss/rew 0.02 / train/loss/to_target 0.06 / train/loss/value 1.08 / train/loss/velocity 0.07 / replay/replay_ratio 1040 / fps/policy 40.51 / fps/train 4.1e4

Writing metrics: /scratch/midway3/rickybao/dreamerv3_runs/adapt_ax1rb4q1s1_synth_seed104_ckpt500000/scores.jsonlWriting metrics: /scratch/midway3/rickybao/dreamerv3_runs/adapt_ax1rb4q1s1_synth_seed104_ckpt500000/metrics.jsonl

Saving checkpoint: /scratch/midway3/rickybao/dreamerv3_runs/adapt_ax1rb4q1s1_synth_seed104_ckpt500000/ckpt/20260721T003600F087935
Saved checkpoint.

--------------------[Agent Step 40_912]--------------------
Metrics filtered by: 'score|length|fps|ratio|train/loss/|train/rand/'
train/loss/con 0.02 / train/loss/distractor 0.5 / train/loss/dyn 4.68 / train/loss/policy 2.2e-3 / train/loss/position 0.04 / train/loss/rep 4.68 / train/loss/repval 1.54 / train/loss/rew 0.03 / train/loss/to_target 0.06 / train/loss/value 1.21 / train/loss/velocity 0.07 / replay/replay_ratio 1040 / fps/policy 40.28 / fps/train 4.1e4

Writing metrics: /scratch/midway3/rickybao/dreamerv3_runs/adapt_ax1rb4q1s1_synth_seed104_ckpt500000/metrics.jsonl
Writing metrics: /scratch/midway3/rickybao/dreamerv3_runs/adapt_ax1rb4q1s1_synth_seed104_ckpt500000/scores.jsonl

--------------------[Agent Step 45_776]--------------------
Metrics filtered by: 'score|length|fps|ratio|train/loss/|train/rand/'
train/loss/con 0.02 / train/loss/distractor 0.5 / train/loss/dyn 4.68 / train/loss/policy -1.5e-3 / train/loss/position 0.04 / train/loss/rep 4.68 / train/loss/repval 1.4 / train/loss/rew 0.02 / train/loss/to_target 0.05 / train/loss/value 1.12 / train/loss/velocity 0.07 / replay/replay_ratio 1040 / fps/policy 40.53 / fps/train 4.2e4

Writing metrics: /scratch/midway3/rickybao/dreamerv3_runs/adapt_ax1rb4q1s1_synth_seed104_ckpt500000/metrics.jsonlWriting metrics: /scratch/midway3/rickybao/dreamerv3_runs/adapt_ax1rb4q1s1_synth_seed104_ckpt500000/scores.jsonl


--------------------[Agent Step 50_640]--------------------
Metrics filtered by: 'score|length|fps|ratio|train/loss/|train/rand/'
episode/score 0 / episode/length 1001 / train/loss/con 0.02 / train/loss/distractor 0.49 / train/loss/dyn 4.65 / train/loss/policy 4e-3 / train/loss/position 0.04 / train/loss/rep 4.65 / train/loss/repval 1.56 / train/loss/rew 0.02 / train/loss/to_target 0.05 / train/loss/value 1.24 / train/loss/velocity 0.07 / replay/replay_ratio 1040 / fps/policy 40.52 / fps/train 4.1e4

Writing metrics: /scratch/midway3/rickybao/dreamerv3_runs/adapt_ax1rb4q1s1_synth_seed104_ckpt500000/scores.jsonl
Writing metrics: /scratch/midway3/rickybao/dreamerv3_runs/adapt_ax1rb4q1s1_synth_seed104_ckpt500000/metrics.jsonl

--------------------[Agent Step 55_504]--------------------
Metrics filtered by: 'score|length|fps|ratio|train/loss/|train/rand/'
train/loss/con 0.02 / train/loss/distractor 0.49 / train/loss/dyn 4.62 / train/loss/policy -2e-3 / train/loss/position 0.04 / train/loss/rep 4.62 / train/loss/repval 1.42 / train/loss/rew 0.02 / train/loss/to_target 0.05 / train/loss/value 1.1 / train/loss/velocity 0.06 / replay/replay_ratio 1040 / fps/policy 40.52 / fps/train 4.1e4

Writing metrics: /scratch/midway3/rickybao/dreamerv3_runs/adapt_ax1rb4q1s1_synth_seed104_ckpt500000/scores.jsonlWriting metrics: /scratch/midway3/rickybao/dreamerv3_runs/adapt_ax1rb4q1s1_synth_seed104_ckpt500000/metrics.jsonl


--------------------[Agent Step 60_368]--------------------
Metrics filtered by: 'score|length|fps|ratio|train/loss/|train/rand/'
train/loss/con 0.02 / train/loss/distractor 0.49 / train/loss/dyn 4.59 / train/loss/policy -6e-3 / train/loss/position 0.03 / train/loss/rep 4.59 / train/loss/repval 1.54 / train/loss/rew 0.04 / train/loss/to_target 0.05 / train/loss/value 1.17 / train/loss/velocity 0.06 / replay/replay_ratio 1040 / fps/policy 40.52 / fps/train 4.1e4

Writing metrics: /scratch/midway3/rickybao/dreamerv3_runs/adapt_ax1rb4q1s1_synth_seed104_ckpt500000/metrics.jsonlWriting metrics: /scratch/midway3/rickybao/dreamerv3_runs/adapt_ax1rb4q1s1_synth_seed104_ckpt500000/scores.jsonl


--------------------[Agent Step 65_232]--------------------
Metrics filtered by: 'score|length|fps|ratio|train/loss/|train/rand/'
episode/score 35 / episode/length 1001 / train/loss/con 0.02 / train/loss/distractor 0.49 / train/loss/dyn 4.57 / train/loss/policy 3.5e-4 / train/loss/position 0.04 / train/loss/rep 4.57 / train/loss/repval 1.73 / train/loss/rew 0.06 / train/loss/to_target 0.05 / train/loss/value 1.25 / train/loss/velocity 0.06 / replay/replay_ratio 1040 / fps/policy 40.51 / fps/train 4.1e4

Writing metrics: /scratch/midway3/rickybao/dreamerv3_runs/adapt_ax1rb4q1s1_synth_seed104_ckpt500000/metrics.jsonl
Writing metrics: /scratch/midway3/rickybao/dreamerv3_runs/adapt_ax1rb4q1s1_synth_seed104_ckpt500000/scores.jsonl

--------------------[Agent Step 70_096]--------------------
Metrics filtered by: 'score|length|fps|ratio|train/loss/|train/rand/'
train/loss/con 0.02 / train/loss/distractor 0.5 / train/loss/dyn 4.57 / train/loss/policy -6.4e-4 / train/loss/position 0.04 / train/loss/rep 4.57 / train/loss/repval 1.66 / train/loss/rew 0.06 / train/loss/to_target 0.05 / train/loss/value 1.13 / train/loss/velocity 0.06 / replay/replay_ratio 1040 / fps/policy 40.51 / fps/train 4.1e4

Writing metrics: /scratch/midway3/rickybao/dreamerv3_runs/adapt_ax1rb4q1s1_synth_seed104_ckpt500000/scores.jsonlWriting metrics: /scratch/midway3/rickybao/dreamerv3_runs/adapt_ax1rb4q1s1_synth_seed104_ckpt500000/metrics.jsonl

Saving checkpoint: /scratch/midway3/rickybao/dreamerv3_runs/adapt_ax1rb4q1s1_synth_seed104_ckpt500000/ckpt/20260721T005100F185248
Saved checkpoint.

--------------------[Agent Step 74_944]--------------------
Metrics filtered by: 'score|length|fps|ratio|train/loss/|train/rand/'
train/loss/con 0.02 / train/loss/distractor 0.5 / train/loss/dyn 4.55 / train/loss/policy -0.03 / train/loss/position 0.04 / train/loss/rep 4.55 / train/loss/repval 1.59 / train/loss/rew 0.06 / train/loss/to_target 0.05 / train/loss/value 1.17 / train/loss/velocity 0.06 / replay/replay_ratio 1040 / fps/policy 40.32 / fps/train 4.1e4

Writing metrics: /scratch/midway3/rickybao/dreamerv3_runs/adapt_ax1rb4q1s1_synth_seed104_ckpt500000/metrics.jsonlWriting metrics: /scratch/midway3/rickybao/dreamerv3_runs/adapt_ax1rb4q1s1_synth_seed104_ckpt500000/scores.jsonl


--------------------[Agent Step 79_808]--------------------
Metrics filtered by: 'score|length|fps|ratio|train/loss/|train/rand/'
train/loss/con 0.02 / train/loss/distractor 0.5 / train/loss/dyn 4.54 / train/loss/policy -0.04 / train/loss/position 0.04 / train/loss/rep 4.54 / train/loss/repval 1.48 / train/loss/rew 0.06 / train/loss/to_target 0.05 / train/loss/value 1.06 / train/loss/velocity 0.06 / replay/replay_ratio 1040 / fps/policy 40.51 / fps/train 4.1e4

Writing metrics: /scratch/midway3/rickybao/dreamerv3_runs/adapt_ax1rb4q1s1_synth_seed104_ckpt500000/scores.jsonlWriting metrics: /scratch/midway3/rickybao/dreamerv3_runs/adapt_ax1rb4q1s1_synth_seed104_ckpt500000/metrics.jsonl


--------------------[Agent Step 84_672]--------------------
Metrics filtered by: 'score|length|fps|ratio|train/loss/|train/rand/'
episode/score 39 / episode/length 1001 / train/loss/con 0.02 / train/loss/distractor 0.5 / train/loss/dyn 4.53 / train/loss/policy -0.01 / train/loss/position 0.04 / train/loss/rep 4.53 / train/loss/repval 1.51 / train/loss/rew 0.07 / train/loss/to_target 0.05 / train/loss/value 1.09 / train/loss/velocity 0.06 / replay/replay_ratio 1040 / fps/policy 40.5 / fps/train 4.1e4

Writing metrics: /scratch/midway3/rickybao/dreamerv3_runs/adapt_ax1rb4q1s1_synth_seed104_ckpt500000/metrics.jsonlWriting metrics: /scratch/midway3/rickybao/dreamerv3_runs/adapt_ax1rb4q1s1_synth_seed104_ckpt500000/scores.jsonl


--------------------[Agent Step 89_536]--------------------
Metrics filtered by: 'score|length|fps|ratio|train/loss/|train/rand/'
train/loss/con 0.02 / train/loss/distractor 0.5 / train/loss/dyn 4.52 / train/loss/policy -0.04 / train/loss/position 0.04 / train/loss/rep 4.52 / train/loss/repval 1.48 / train/loss/rew 0.08 / train/loss/to_target 0.05 / train/loss/value 1.07 / train/loss/velocity 0.06 / replay/replay_ratio 1040 / fps/policy 40.52 / fps/train 4.1e4

Writing metrics: /scratch/midway3/rickybao/dreamerv3_runs/adapt_ax1rb4q1s1_synth_seed104_ckpt500000/metrics.jsonlWriting metrics: /scratch/midway3/rickybao/dreamerv3_runs/adapt_ax1rb4q1s1_synth_seed104_ckpt500000/scores.jsonl


--------------------[Agent Step 94_400]--------------------
Metrics filtered by: 'score|length|fps|ratio|train/loss/|train/rand/'
train/loss/con 0.02 / train/loss/distractor 0.5 / train/loss/dyn 4.51 / train/loss/policy -7.3e-3 / train/loss/position 0.04 / train/loss/rep 4.51 / train/loss/repval 1.53 / train/loss/rew 0.1 / train/loss/to_target 0.05 / train/loss/value 1.05 / train/loss/velocity 0.05 / replay/replay_ratio 1040 / fps/policy 40.51 / fps/train 4.1e4

Writing metrics: /scratch/midway3/rickybao/dreamerv3_runs/adapt_ax1rb4q1s1_synth_seed104_ckpt500000/scores.jsonlWriting metrics: /scratch/midway3/rickybao/dreamerv3_runs/adapt_ax1rb4q1s1_synth_seed104_ckpt500000/metrics.jsonl


--------------------[Agent Step 99_264]--------------------
Metrics filtered by: 'score|length|fps|ratio|train/loss/|train/rand/'
episode/score 117 / episode/length 1001 / train/loss/con 0.02 / train/loss/distractor 0.5 / train/loss/dyn 4.51 / train/loss/policy -0.04 / train/loss/position 0.04 / train/loss/rep 4.51 / train/loss/repval 1.52 / train/loss/rew 0.1 / train/loss/to_target 0.05 / train/loss/value 1.11 / train/loss/velocity 0.05 / replay/replay_ratio 1040 / fps/policy 40.52 / fps/train 4.1e4

Writing metrics: /scratch/midway3/rickybao/dreamerv3_runs/adapt_ax1rb4q1s1_synth_seed104_ckpt500000/scores.jsonlWriting metrics: /scratch/midway3/rickybao/dreamerv3_runs/adapt_ax1rb4q1s1_synth_seed104_ckpt500000/metrics.jsonl


--------------------[Agent Step 104_128]--------------------
Metrics filtered by: 'score|length|fps|ratio|train/loss/|train/rand/'
train/loss/con 0.02 / train/loss/distractor 0.5 / train/loss/dyn 4.49 / train/loss/policy 9.3e-3 / train/loss/position 0.03 / train/loss/rep 4.49 / train/loss/repval 1.86 / train/loss/rew 0.1 / train/loss/to_target 0.05 / train/loss/value 1.26 / train/loss/velocity 0.05 / replay/replay_ratio 1040 / fps/policy 40.53 / fps/train 4.2e4

Writing metrics: /scratch/midway3/rickybao/dreamerv3_runs/adapt_ax1rb4q1s1_synth_seed104_ckpt500000/metrics.jsonlWriting metrics: /scratch/midway3/rickybao/dreamerv3_runs/adapt_ax1rb4q1s1_synth_seed104_ckpt500000/scores.jsonl


--------------------[Agent Step 108_992]--------------------
Metrics filtered by: 'score|length|fps|ratio|train/loss/|train/rand/'
train/loss/con 0.02 / train/loss/distractor 0.5 / train/loss/dyn 4.48 / train/loss/policy -0.05 / train/loss/position 0.03 / train/loss/rep 4.48 / train/loss/repval 1.49 / train/loss/rew 0.11 / train/loss/to_target 0.05 / train/loss/value 1.09 / train/loss/velocity 0.05 / replay/replay_ratio 1040 / fps/policy 40.47 / fps/train 4.1e4

Writing metrics: /scratch/midway3/rickybao/dreamerv3_runs/adapt_ax1rb4q1s1_synth_seed104_ckpt500000/scores.jsonlWriting metrics: /scratch/midway3/rickybao/dreamerv3_runs/adapt_ax1rb4q1s1_synth_seed104_ckpt500000/metrics.jsonl

Saving checkpoint: /scratch/midway3/rickybao/dreamerv3_runs/adapt_ax1rb4q1s1_synth_seed104_ckpt500000/ckpt/20260721T010600F500770
Saved checkpoint.

--------------------[Agent Step 113_840]--------------------
Metrics filtered by: 'score|length|fps|ratio|train/loss/|train/rand/'
episode/score 143 / episode/length 1001 / train/loss/con 0.02 / train/loss/distractor 0.5 / train/loss/dyn 4.48 / train/loss/policy -0.08 / train/loss/position 0.03 / train/loss/rep 4.48 / train/loss/repval 1.39 / train/loss/rew 0.13 / train/loss/to_target 0.05 / train/loss/value 1.03 / train/loss/velocity 0.05 / replay/replay_ratio 1040 / fps/policy 40.31 / fps/train 4.1e4

Writing metrics: /scratch/midway3/rickybao/dreamerv3_runs/adapt_ax1rb4q1s1_synth_seed104_ckpt500000/metrics.jsonl
Writing metrics: /scratch/midway3/rickybao/dreamerv3_runs/adapt_ax1rb4q1s1_synth_seed104_ckpt500000/scores.jsonl

--------------------[Agent Step 118_704]--------------------
Metrics filtered by: 'score|length|fps|ratio|train/loss/|train/rand/'
train/loss/con 0.02 / train/loss/distractor 0.5 / train/loss/dyn 4.47 / train/loss/policy 0.03 / train/loss/position 0.03 / train/loss/rep 4.47 / train/loss/repval 1.41 / train/loss/rew 0.13 / train/loss/to_target 0.05 / train/loss/value 1.04 / train/loss/velocity 0.05 / replay/replay_ratio 1040 / fps/policy 40.51 / fps/train 4.1e4

Writing metrics: /scratch/midway3/rickybao/dreamerv3_runs/adapt_ax1rb4q1s1_synth_seed104_ckpt500000/metrics.jsonlWriting metrics: /scratch/midway3/rickybao/dreamerv3_runs/adapt_ax1rb4q1s1_synth_seed104_ckpt500000/scores.jsonl


--------------------[Agent Step 123_568]--------------------
Metrics filtered by: 'score|length|fps|ratio|train/loss/|train/rand/'
train/loss/con 0.02 / train/loss/distractor 0.5 / train/loss/dyn 4.47 / train/loss/policy 0.08 / train/loss/position 0.03 / train/loss/rep 4.47 / train/loss/repval 1.77 / train/loss/rew 0.13 / train/loss/to_target 0.05 / train/loss/value 1.21 / train/loss/velocity 0.05 / replay/replay_ratio 1040 / fps/policy 40.51 / fps/train 4.1e4

Writing metrics: /scratch/midway3/rickybao/dreamerv3_runs/adapt_ax1rb4q1s1_synth_seed104_ckpt500000/metrics.jsonlWriting metrics: /scratch/midway3/rickybao/dreamerv3_runs/adapt_ax1rb4q1s1_synth_seed104_ckpt500000/scores.jsonl


--------------------[Agent Step 123_584]--------------------
Metrics filtered by: 'score|length|fps|ratio|train/loss/|train/rand/'
No metrics.

Writing metrics: /scratch/midway3/rickybao/dreamerv3_runs/adapt_ax1rb4q1s1_synth_seed104_ckpt500000/metrics.jsonlWriting metrics: /scratch/midway3/rickybao/dreamerv3_runs/adapt_ax1rb4q1s1_synth_seed104_ckpt500000/scores.jsonl

[Tue Jul 21 01:11:38 CDT 2026] adapt adapt_ax1rb4q1s1_synth_seed104_ckpt500000 rc=0 status=DONE
[Tue Jul 21 01:11:38 CDT 2026] DONE child adapt_ax1rb4q1s1_synth_seed104_ckpt500000
[Tue Jul 21 01:11:38 CDT 2026] START child adapt_ax1rb4q1s1_synth_seed105_ckpt500000 WM_RUN=ax1wm_synth_q1s1_seed4
[Tue Jul 21 01:11:38 CDT 2026] axis1 child starting RUN_ID=adapt_ax1rb4q1s1_synth_seed105_ckpt500000 WM_RUN=ax1wm_synth_q1s1_seed4 job=52442227 host=midway3-0279.rcc.local
[Tue Jul 21 01:11:38 CDT 2026] env prepared: python=/scratch/midway3/rickybao/conda_envs/dreamerv3/bin/python
python_executable=/scratch/midway3/rickybao/conda_envs/dreamerv3/bin/python
[Tue Jul 21 01:11:38 CDT 2026] offline WM already fit: /scratch/midway3/rickybao/dreamerv3_runs/ax1wm_synth_q1s1_seed4/ckpt/20260718T073640F239970-000000500000 (skipping stage 1)
[Tue Jul 21 01:11:38 CDT 2026] adapt RUN_ID=adapt_ax1rb4q1s1_synth_seed105_ckpt500000 TASK=synth_reach SEED=105 CKPT=/scratch/midway3/rickybao/dreamerv3_runs/ax1wm_synth_q1s1_seed4/ckpt/20260718T073640F239970-000000500000 STEPS=1.25e5
---  ___                           __   ______ ---
--- |   \ _ _ ___ __ _ _ __  ___ _ \ \ / /__ / ---
--- | |) | '_/ -_) _` | '  \/ -_) '/\ V / |_ \ ---
--- |___/|_| \___\__,_|_|_|_\___|_|  \_/ |___/ ---
Replica: 0 / 1
Logdir: /scratch/midway3/rickybao/dreamerv3_runs/adapt_ax1rb4q1s1_synth_seed105_ckpt500000
Run script: train
Observations
  position         Space(float32, shape=(2,), low=-inf, high=inf)
  velocity         Space(float32, shape=(2,), low=-inf, high=inf)
  distractor       Space(float32, shape=(8,), low=-inf, high=inf)
  to_target        Space(float32, shape=(2,), low=-inf, high=inf)
  reward           Space(float32, shape=(), low=-inf, high=inf)
  is_first         Space(bool, shape=(), low=False, high=True)
  is_last          Space(bool, shape=(), low=False, high=True)
  is_terminal      Space(bool, shape=(), low=False, high=True)
Actions
  action           Space(float32, shape=(2,), low=-1.0, high=1.0)
Extras
  consec           Space(int32, shape=(), low=-2147483648, high=2147483647)
  stepid           Space(uint8, shape=(20,), low=0, high=255)
  dyn/deter        Space(float32, shape=(512,), low=-inf, high=inf)
  dyn/stoch        Space(float32, shape=(32, 4), low=-inf, high=inf)
JAX devices (1): [cuda:0]
Policy devices: cuda:0
Train devices:  cuda:0
Initializing parameters...
Optimizer opt has 214,723 params:
        66,111 val
        57,663 rew
        49,796 pol
        41,153 con
Done initializing!
Compiling 1 checkpoint groups...
Largest checkpoint group: 0 GB
Compiling train and report...
Train cost analysis:
  FLOPS:            7.2e+09
  Memory (temp):    2.0e+08
  Memory (inputs):  7.3e+06
  Memory (outputs): 5.9e+06
  Memory (code):    1.5e+06

Report cost analysis:
  FLOPS:            1.8e+06
  Memory (temp):    9.2e+05
  Memory (inputs):  2.7e+06
  Memory (outputs): 2.1e+04
  Memory (code):    9.8e+04

Done compiling!
Loaded pretrained checkpoint with keys: ['dec/mlp/linear0/bias', 'dec/mlp/linear0/kernel', 'dec/mlp/linear1/bias', 'dec/mlp/linear1/kernel', 'dec/mlp/linear2/bias', 'dec/mlp/linear2/kernel', 'dec/mlp/norm0/scale', 'dec/mlp/norm1/scale', 'dec/mlp/norm2/scale', 'dec/vec/distractor/pred/bias', 'dec/vec/distractor/pred/kernel', 'dec/vec/position/pred/bias', 'dec/vec/position/pred/kernel', 'dec/vec/to_target/pred/bias', 'dec/vec/to_target/pred/kernel', 'dec/vec/velocity/pred/bias', 'dec/vec/velocity/pred/kernel', 'dyn/dyngru/bias', 'dyn/dyngru/kernel', 'dyn/dynhid0/bias', 'dyn/dynhid0/kernel', 'dyn/dynhid0norm/scale', 'dyn/dynin0/bias', 'dyn/dynin0/kernel', 'dyn/dynin0norm/scale', 'dyn/dynin1/bias', 'dyn/dynin1/kernel', 'dyn/dynin1norm/scale', 'dyn/dynin2/bias', 'dyn/dynin2/kernel', 'dyn/dynin2norm/scale', 'dyn/obs0/bias', 'dyn/obs0/kernel', 'dyn/obs0norm/scale', 'dyn/obslogit/bias', 'dyn/obslogit/kernel', 'dyn/prior0/bias', 'dyn/prior0/kernel', 'dyn/prior0norm/scale', 'dyn/prior1/bias', 'dyn/prior1/kernel', 'dyn/prior1norm/scale', 'dyn/priorlogit/bias', 'dyn/priorlogit/kernel', 'enc/mlp0/bias', 'enc/mlp0/kernel', 'enc/mlp0norm/scale', 'enc/mlp1/bias', 'enc/mlp1/kernel', 'enc/mlp1norm/scale', 'enc/mlp2/bias', 'enc/mlp2/kernel', 'enc/mlp2norm/scale']
Did not find any checkpoint.
Saving checkpoint: /scratch/midway3/rickybao/dreamerv3_runs/adapt_ax1rb4q1s1_synth_seed105_ckpt500000/ckpt/20260721T011203F584125
Saved checkpoint.
Start training loop

--------------------[Agent Step 6_864]--------------------
Metrics filtered by: 'score|length|fps|ratio|train/loss/|train/rand/'
train/loss/con 0.05 / train/loss/distractor 0.48 / train/loss/dyn 4.32 / train/loss/policy 0.03 / train/loss/position 0.02 / train/loss/rep 4.32 / train/loss/repval 2.88 / train/loss/rew 1.07 / train/loss/to_target 0.01 / train/loss/value 2.08 / train/loss/velocity 0.01 / replay/replay_ratio 858 / fps/policy 56.35 / fps/train 4e4

Writing metrics: /scratch/midway3/rickybao/dreamerv3_runs/adapt_ax1rb4q1s1_synth_seed105_ckpt500000/metrics.jsonl
Writing metrics: /scratch/midway3/rickybao/dreamerv3_runs/adapt_ax1rb4q1s1_synth_seed105_ckpt500000/scores.jsonl

--------------------[Agent Step 11_712]--------------------
Metrics filtered by: 'score|length|fps|ratio|train/loss/|train/rand/'
train/loss/con 0.02 / train/loss/distractor 0.48 / train/loss/dyn 4.25 / train/loss/policy 0.04 / train/loss/position 0.02 / train/loss/rep 4.25 / train/loss/repval 0.96 / train/loss/rew 0.03 / train/loss/to_target 0.01 / train/loss/value 0.85 / train/loss/velocity 0.03 / replay/replay_ratio 1040 / fps/policy 40.4 / fps/train 4.1e4

Writing metrics: /scratch/midway3/rickybao/dreamerv3_runs/adapt_ax1rb4q1s1_synth_seed105_ckpt500000/scores.jsonlWriting metrics: /scratch/midway3/rickybao/dreamerv3_runs/adapt_ax1rb4q1s1_synth_seed105_ckpt500000/metrics.jsonl


--------------------[Agent Step 16_560]--------------------
Metrics filtered by: 'score|length|fps|ratio|train/loss/|train/rand/'
episode/score 8 / episode/length 1001 / train/loss/con 0.02 / train/loss/distractor 0.49 / train/loss/dyn 4.32 / train/loss/policy 0.04 / train/loss/position 0.02 / train/loss/rep 4.32 / train/loss/repval 1.2 / train/loss/rew 0.03 / train/loss/to_target 0.02 / train/loss/value 0.95 / train/loss/velocity 0.08 / replay/replay_ratio 1040 / fps/policy 40.39 / fps/train 4.1e4

Writing metrics: /scratch/midway3/rickybao/dreamerv3_runs/adapt_ax1rb4q1s1_synth_seed105_ckpt500000/metrics.jsonl
Writing metrics: /scratch/midway3/rickybao/dreamerv3_runs/adapt_ax1rb4q1s1_synth_seed105_ckpt500000/scores.jsonl

--------------------[Agent Step 21_424]--------------------
Metrics filtered by: 'score|length|fps|ratio|train/loss/|train/rand/'
train/loss/con 0.02 / train/loss/distractor 0.49 / train/loss/dyn 4.38 / train/loss/policy -0.05 / train/loss/position 0.03 / train/loss/rep 4.38 / train/loss/repval 1.45 / train/loss/rew 0.06 / train/loss/to_target 0.03 / train/loss/value 1.15 / train/loss/velocity 0.07 / replay/replay_ratio 1040 / fps/policy 40.4 / fps/train 4.1e4

Writing metrics: /scratch/midway3/rickybao/dreamerv3_runs/adapt_ax1rb4q1s1_synth_seed105_ckpt500000/metrics.jsonlWriting metrics: /scratch/midway3/rickybao/dreamerv3_runs/adapt_ax1rb4q1s1_synth_seed105_ckpt500000/scores.jsonl


--------------------[Agent Step 26_272]--------------------
Metrics filtered by: 'score|length|fps|ratio|train/loss/|train/rand/'
train/loss/con 0.02 / train/loss/distractor 0.49 / train/loss/dyn 4.32 / train/loss/policy -0.06 / train/loss/position 0.02 / train/loss/rep 4.32 / train/loss/repval 1.32 / train/loss/rew 0.04 / train/loss/to_target 0.03 / train/loss/value 1.01 / train/loss/velocity 0.06 / replay/replay_ratio 1040 / fps/policy 40.39 / fps/train 4.1e4

Writing metrics: /scratch/midway3/rickybao/dreamerv3_runs/adapt_ax1rb4q1s1_synth_seed105_ckpt500000/scores.jsonlWriting metrics: /scratch/midway3/rickybao/dreamerv3_runs/adapt_ax1rb4q1s1_synth_seed105_ckpt500000/metrics.jsonl


--------------------[Agent Step 31_136]--------------------
Metrics filtered by: 'score|length|fps|ratio|train/loss/|train/rand/'
train/loss/con 0.02 / train/loss/distractor 0.49 / train/loss/dyn 4.28 / train/loss/policy -0.02 / train/loss/position 0.02 / train/loss/rep 4.28 / train/loss/repval 1.27 / train/loss/rew 0.04 / train/loss/to_target 0.02 / train/loss/value 1.1 / train/loss/velocity 0.05 / replay/replay_ratio 1040 / fps/policy 40.4 / fps/train 4.1e4

Writing metrics: /scratch/midway3/rickybao/dreamerv3_runs/adapt_ax1rb4q1s1_synth_seed105_ckpt500000/scores.jsonlWriting metrics: /scratch/midway3/rickybao/dreamerv3_runs/adapt_ax1rb4q1s1_synth_seed105_ckpt500000/metrics.jsonl


--------------------[Agent Step 36_000]--------------------
Metrics filtered by: 'score|length|fps|ratio|train/loss/|train/rand/'
episode/score 0 / episode/length 1001 / train/loss/con 0.02 / train/loss/distractor 0.49 / train/loss/dyn 4.27 / train/loss/policy -1.6e-3 / train/loss/position 0.02 / train/loss/rep 4.27 / train/loss/repval 1.22 / train/loss/rew 0.04 / train/loss/to_target 0.03 / train/loss/value 1.02 / train/loss/velocity 0.05 / replay/replay_ratio 1040 / fps/policy 40.4 / fps/train 4.1e4

Writing metrics: /scratch/midway3/rickybao/dreamerv3_runs/adapt_ax1rb4q1s1_synth_seed105_ckpt500000/metrics.jsonl
Writing metrics: /scratch/midway3/rickybao/dreamerv3_runs/adapt_ax1rb4q1s1_synth_seed105_ckpt500000/scores.jsonl
Saving checkpoint: /scratch/midway3/rickybao/dreamerv3_runs/adapt_ax1rb4q1s1_synth_seed105_ckpt500000/ckpt/20260721T012705F032432
Saved checkpoint.

--------------------[Agent Step 40_832]--------------------
Metrics filtered by: 'score|length|fps|ratio|train/loss/|train/rand/'
train/loss/con 0.02 / train/loss/distractor 0.49 / train/loss/dyn 4.28 / train/loss/policy 0.02 / train/loss/position 0.03 / train/loss/rep 4.28 / train/loss/repval 1.47 / train/loss/rew 0.04 / train/loss/to_target 0.04 / train/loss/value 1.11 / train/loss/velocity 0.06 / replay/replay_ratio 1040 / fps/policy 40.14 / fps/train 4.1e4

Writing metrics: /scratch/midway3/rickybao/dreamerv3_runs/adapt_ax1rb4q1s1_synth_seed105_ckpt500000/metrics.jsonlWriting metrics: /scratch/midway3/rickybao/dreamerv3_runs/adapt_ax1rb4q1s1_synth_seed105_ckpt500000/scores.jsonl


--------------------[Agent Step 45_696]--------------------
Metrics filtered by: 'score|length|fps|ratio|train/loss/|train/rand/'
train/loss/con 0.02 / train/loss/distractor 0.5 / train/loss/dyn 4.27 / train/loss/policy 0.01 / train/loss/position 0.03 / train/loss/rep 4.27 / train/loss/repval 1.45 / train/loss/rew 0.05 / train/loss/to_target 0.04 / train/loss/value 1.14 / train/loss/velocity 0.06 / replay/replay_ratio 1040 / fps/policy 40.4 / fps/train 4.1e4

Writing metrics: /scratch/midway3/rickybao/dreamerv3_runs/adapt_ax1rb4q1s1_synth_seed105_ckpt500000/metrics.jsonlWriting metrics: /scratch/midway3/rickybao/dreamerv3_runs/adapt_ax1rb4q1s1_synth_seed105_ckpt500000/scores.jsonl


--------------------[Agent Step 50_560]--------------------
Metrics filtered by: 'score|length|fps|ratio|train/loss/|train/rand/'
episode/score 23 / episode/length 1001 / train/loss/con 0.02 / train/loss/distractor 0.5 / train/loss/dyn 4.28 / train/loss/policy -3.2e-3 / train/loss/position 0.03 / train/loss/rep 4.28 / train/loss/repval 1.39 / train/loss/rew 0.06 / train/loss/to_target 0.04 / train/loss/value 0.97 / train/loss/velocity 0.06 / replay/replay_ratio 1040 / fps/policy 40.4 / fps/train 4.1e4

Writing metrics: /scratch/midway3/rickybao/dreamerv3_runs/adapt_ax1rb4q1s1_synth_seed105_ckpt500000/metrics.jsonlWriting metrics: /scratch/midway3/rickybao/dreamerv3_runs/adapt_ax1rb4q1s1_synth_seed105_ckpt500000/scores.jsonl


--------------------[Agent Step 55_424]--------------------
Metrics filtered by: 'score|length|fps|ratio|train/loss/|train/rand/'
train/loss/con 0.02 / train/loss/distractor 0.5 / train/loss/dyn 4.3 / train/loss/policy -0.02 / train/loss/position 0.03 / train/loss/rep 4.3 / train/loss/repval 1.37 / train/loss/rew 0.06 / train/loss/to_target 0.05 / train/loss/value 0.98 / train/loss/velocity 0.06 / replay/replay_ratio 1040 / fps/policy 40.41 / fps/train 4.1e4

Writing metrics: /scratch/midway3/rickybao/dreamerv3_runs/adapt_ax1rb4q1s1_synth_seed105_ckpt500000/metrics.jsonl
Writing metrics: /scratch/midway3/rickybao/dreamerv3_runs/adapt_ax1rb4q1s1_synth_seed105_ckpt500000/scores.jsonl

--------------------[Agent Step 60_288]--------------------
Metrics filtered by: 'score|length|fps|ratio|train/loss/|train/rand/'
train/loss/con 0.02 / train/loss/distractor 0.5 / train/loss/dyn 4.3 / train/loss/policy -0.05 / train/loss/position 0.03 / train/loss/rep 4.3 / train/loss/repval 1.44 / train/loss/rew 0.1 / train/loss/to_target 0.05 / train/loss/value 1.01 / train/loss/velocity 0.06 / replay/replay_ratio 1040 / fps/policy 40.4 / fps/train 4.1e4

Writing metrics: /scratch/midway3/rickybao/dreamerv3_runs/adapt_ax1rb4q1s1_synth_seed105_ckpt500000/scores.jsonlWriting metrics: /scratch/midway3/rickybao/dreamerv3_runs/adapt_ax1rb4q1s1_synth_seed105_ckpt500000/metrics.jsonl


--------------------[Agent Step 65_136]--------------------
Metrics filtered by: 'score|length|fps|ratio|train/loss/|train/rand/'
episode/score 71 / episode/length 1001 / train/loss/con 0.02 / train/loss/distractor 0.5 / train/loss/dyn 4.3 / train/loss/policy -0.05 / train/loss/position 0.03 / train/loss/rep 4.3 / train/loss/repval 1.41 / train/loss/rew 0.1 / train/loss/to_target 0.04 / train/loss/value 0.95 / train/loss/velocity 0.06 / replay/replay_ratio 1040 / fps/policy 40.4 / fps/train 4.1e4

Writing metrics: /scratch/midway3/rickybao/dreamerv3_runs/adapt_ax1rb4q1s1_synth_seed105_ckpt500000/metrics.jsonlWriting metrics: /scratch/midway3/rickybao/dreamerv3_runs/adapt_ax1rb4q1s1_synth_seed105_ckpt500000/scores.jsonl


--------------------[Agent Step 70_000]--------------------
Metrics filtered by: 'score|length|fps|ratio|train/loss/|train/rand/'
train/loss/con 0.02 / train/loss/distractor 0.5 / train/loss/dyn 4.3 / train/loss/policy -0.06 / train/loss/position 0.03 / train/loss/rep 4.3 / train/loss/repval 1.43 / train/loss/rew 0.12 / train/loss/to_target 0.04 / train/loss/value 0.99 / train/loss/velocity 0.05 / replay/replay_ratio 1040 / fps/policy 40.4 / fps/train 4.1e4

Writing metrics: /scratch/midway3/rickybao/dreamerv3_runs/adapt_ax1rb4q1s1_synth_seed105_ckpt500000/metrics.jsonlWriting metrics: /scratch/midway3/rickybao/dreamerv3_runs/adapt_ax1rb4q1s1_synth_seed105_ckpt500000/scores.jsonl

Saving checkpoint: /scratch/midway3/rickybao/dreamerv3_runs/adapt_ax1rb4q1s1_synth_seed105_ckpt500000/ckpt/20260721T014205F407818
Saved checkpoint.

--------------------[Agent Step 74_832]--------------------
Metrics filtered by: 'score|length|fps|ratio|train/loss/|train/rand/'
train/loss/con 0.02 / train/loss/distractor 0.5 / train/loss/dyn 4.3 / train/loss/policy -0.06 / train/loss/position 0.03 / train/loss/rep 4.3 / train/loss/repval 1.5 / train/loss/rew 0.16 / train/loss/to_target 0.04 / train/loss/value 1.02 / train/loss/velocity 0.05 / replay/replay_ratio 1040 / fps/policy 40.18 / fps/train 4.1e4

Writing metrics: /scratch/midway3/rickybao/dreamerv3_runs/adapt_ax1rb4q1s1_synth_seed105_ckpt500000/metrics.jsonlWriting metrics: /scratch/midway3/rickybao/dreamerv3_runs/adapt_ax1rb4q1s1_synth_seed105_ckpt500000/scores.jsonl


--------------------[Agent Step 79_696]--------------------
Metrics filtered by: 'score|length|fps|ratio|train/loss/|train/rand/'
train/loss/con 0.02 / train/loss/distractor 0.5 / train/loss/dyn 4.29 / train/loss/policy -0.08 / train/loss/position 0.03 / train/loss/rep 4.29 / train/loss/repval 1.48 / train/loss/rew 0.17 / train/loss/to_target 0.04 / train/loss/value 1.02 / train/loss/velocity 0.05 / replay/replay_ratio 1040 / fps/policy 40.4 / fps/train 4.1e4

Writing metrics: /scratch/midway3/rickybao/dreamerv3_runs/adapt_ax1rb4q1s1_synth_seed105_ckpt500000/metrics.jsonlWriting metrics: /scratch/midway3/rickybao/dreamerv3_runs/adapt_ax1rb4q1s1_synth_seed105_ckpt500000/scores.jsonl


--------------------[Agent Step 84_560]--------------------
Metrics filtered by: 'score|length|fps|ratio|train/loss/|train/rand/'
episode/score 190 / episode/length 1001 / train/loss/con 0.02 / train/loss/distractor 0.5 / train/loss/dyn 4.29 / train/loss/policy -0.07 / train/loss/position 0.03 / train/loss/rep 4.29 / train/loss/repval 1.41 / train/loss/rew 0.18 / train/loss/to_target 0.04 / train/loss/value 0.95 / train/loss/velocity 0.05 / replay/replay_ratio 1040 / fps/policy 40.41 / fps/train 4.1e4

Writing metrics: /scratch/midway3/rickybao/dreamerv3_runs/adapt_ax1rb4q1s1_synth_seed105_ckpt500000/scores.jsonl
Writing metrics: /scratch/midway3/rickybao/dreamerv3_runs/adapt_ax1rb4q1s1_synth_seed105_ckpt500000/metrics.jsonl

--------------------[Agent Step 89_424]--------------------
Metrics filtered by: 'score|length|fps|ratio|train/loss/|train/rand/'
train/loss/con 0.02 / train/loss/distractor 0.5 / train/loss/dyn 4.29 / train/loss/policy -0.07 / train/loss/position 0.03 / train/loss/rep 4.29 / train/loss/repval 1.38 / train/loss/rew 0.19 / train/loss/to_target 0.04 / train/loss/value 0.97 / train/loss/velocity 0.05 / replay/replay_ratio 1040 / fps/policy 40.4 / fps/train 4.1e4

Writing metrics: /scratch/midway3/rickybao/dreamerv3_runs/adapt_ax1rb4q1s1_synth_seed105_ckpt500000/metrics.jsonl
Writing metrics: /scratch/midway3/rickybao/dreamerv3_runs/adapt_ax1rb4q1s1_synth_seed105_ckpt500000/scores.jsonl

--------------------[Agent Step 94_272]--------------------
Metrics filtered by: 'score|length|fps|ratio|train/loss/|train/rand/'
train/loss/con 0.02 / train/loss/distractor 0.5 / train/loss/dyn 4.28 / train/loss/policy -0.11 / train/loss/position 0.03 / train/loss/rep 4.28 / train/loss/repval 1.32 / train/loss/rew 0.22 / train/loss/to_target 0.04 / train/loss/value 0.92 / train/loss/velocity 0.05 / replay/replay_ratio 1040 / fps/policy 40.4 / fps/train 4.1e4

Writing metrics: /scratch/midway3/rickybao/dreamerv3_runs/adapt_ax1rb4q1s1_synth_seed105_ckpt500000/scores.jsonlWriting metrics: /scratch/midway3/rickybao/dreamerv3_runs/adapt_ax1rb4q1s1_synth_seed105_ckpt500000/metrics.jsonl


--------------------[Agent Step 99_120]--------------------
Metrics filtered by: 'score|length|fps|ratio|train/loss/|train/rand/'
episode/score 254 / episode/length 1001 / train/loss/con 0.02 / train/loss/distractor 0.5 / train/loss/dyn 4.28 / train/loss/policy -0.12 / train/loss/position 0.03 / train/loss/rep 4.28 / train/loss/repval 1.28 / train/loss/rew 0.25 / train/loss/to_target 0.04 / train/loss/value 0.9 / train/loss/velocity 0.05 / replay/replay_ratio 1040 / fps/policy 40.4 / fps/train 4.1e4

Writing metrics: /scratch/midway3/rickybao/dreamerv3_runs/adapt_ax1rb4q1s1_synth_seed105_ckpt500000/scores.jsonl
Writing metrics: /scratch/midway3/rickybao/dreamerv3_runs/adapt_ax1rb4q1s1_synth_seed105_ckpt500000/metrics.jsonl

--------------------[Agent Step 103_984]--------------------
Metrics filtered by: 'score|length|fps|ratio|train/loss/|train/rand/'
train/loss/con 0.02 / train/loss/distractor 0.5 / train/loss/dyn 4.28 / train/loss/policy -0.08 / train/loss/position 0.03 / train/loss/rep 4.28 / train/loss/repval 1.27 / train/loss/rew 0.28 / train/loss/to_target 0.04 / train/loss/value 0.92 / train/loss/velocity 0.05 / replay/replay_ratio 1040 / fps/policy 40.41 / fps/train 4.1e4

Writing metrics: /scratch/midway3/rickybao/dreamerv3_runs/adapt_ax1rb4q1s1_synth_seed105_ckpt500000/scores.jsonl
Writing metrics: /scratch/midway3/rickybao/dreamerv3_runs/adapt_ax1rb4q1s1_synth_seed105_ckpt500000/metrics.jsonl

--------------------[Agent Step 108_832]--------------------
Metrics filtered by: 'score|length|fps|ratio|train/loss/|train/rand/'
train/loss/con 0.02 / train/loss/distractor 0.5 / train/loss/dyn 4.28 / train/loss/policy -0.04 / train/loss/position 0.03 / train/loss/rep 4.28 / train/loss/repval 1.24 / train/loss/rew 0.3 / train/loss/to_target 0.04 / train/loss/value 0.9 / train/loss/velocity 0.05 / replay/replay_ratio 1040 / fps/policy 40.34 / fps/train 4.1e4

Writing metrics: /scratch/midway3/rickybao/dreamerv3_runs/adapt_ax1rb4q1s1_synth_seed105_ckpt500000/metrics.jsonlWriting metrics: /scratch/midway3/rickybao/dreamerv3_runs/adapt_ax1rb4q1s1_synth_seed105_ckpt500000/scores.jsonl

Saving checkpoint: /scratch/midway3/rickybao/dreamerv3_runs/adapt_ax1rb4q1s1_synth_seed105_ckpt500000/ckpt/20260721T015705F590232
Saved checkpoint.

--------------------[Agent Step 113_664]--------------------
Metrics filtered by: 'score|length|fps|ratio|train/loss/|train/rand/'
episode/score 396 / episode/length 1001 / train/loss/con 0.02 / train/loss/distractor 0.5 / train/loss/dyn 4.27 / train/loss/policy -0.04 / train/loss/position 0.03 / train/loss/rep 4.27 / train/loss/repval 1.25 / train/loss/rew 0.31 / train/loss/to_target 0.04 / train/loss/value 0.94 / train/loss/velocity 0.05 / replay/replay_ratio 1040 / fps/policy 40.2 / fps/train 4.1e4

Writing metrics: /scratch/midway3/rickybao/dreamerv3_runs/adapt_ax1rb4q1s1_synth_seed105_ckpt500000/scores.jsonlWriting metrics: /scratch/midway3/rickybao/dreamerv3_runs/adapt_ax1rb4q1s1_synth_seed105_ckpt500000/metrics.jsonl


--------------------[Agent Step 118_528]--------------------
Metrics filtered by: 'score|length|fps|ratio|train/loss/|train/rand/'
train/loss/con 0.02 / train/loss/distractor 0.49 / train/loss/dyn 4.28 / train/loss/policy 0.36 / train/loss/position 0.03 / train/loss/rep 4.28 / train/loss/repval 1.65 / train/loss/rew 0.32 / train/loss/to_target 0.04 / train/loss/value 1.1 / train/loss/velocity 0.05 / replay/replay_ratio 1040 / fps/policy 40.41 / fps/train 4.1e4

Writing metrics: /scratch/midway3/rickybao/dreamerv3_runs/adapt_ax1rb4q1s1_synth_seed105_ckpt500000/scores.jsonl
Writing metrics: /scratch/midway3/rickybao/dreamerv3_runs/adapt_ax1rb4q1s1_synth_seed105_ckpt500000/metrics.jsonl

--------------------[Agent Step 123_392]--------------------
Metrics filtered by: 'score|length|fps|ratio|train/loss/|train/rand/'
train/loss/con 0.02 / train/loss/distractor 0.49 / train/loss/dyn 4.27 / train/loss/policy 0.08 / train/loss/position 0.03 / train/loss/rep 4.27 / train/loss/repval 2.01 / train/loss/rew 0.3 / train/loss/to_target 0.04 / train/loss/value 1.24 / train/loss/velocity 0.04 / replay/replay_ratio 1040 / fps/policy 40.41 / fps/train 4.1e4

Writing metrics: /scratch/midway3/rickybao/dreamerv3_runs/adapt_ax1rb4q1s1_synth_seed105_ckpt500000/scores.jsonlWriting metrics: /scratch/midway3/rickybao/dreamerv3_runs/adapt_ax1rb4q1s1_synth_seed105_ckpt500000/metrics.jsonl

[Tue Jul 21 02:02:52 CDT 2026] adapt adapt_ax1rb4q1s1_synth_seed105_ckpt500000 rc=0 status=DONE
[Tue Jul 21 02:02:52 CDT 2026] DONE child adapt_ax1rb4q1s1_synth_seed105_ckpt500000
[Tue Jul 21 02:02:52 CDT 2026] START child adapt_ax1rb4q1s1_synth_seed106_ckpt500000 WM_RUN=ax1wm_synth_q1s1_seed4
[Tue Jul 21 02:02:52 CDT 2026] axis1 child starting RUN_ID=adapt_ax1rb4q1s1_synth_seed106_ckpt500000 WM_RUN=ax1wm_synth_q1s1_seed4 job=52442227 host=midway3-0279.rcc.local
[Tue Jul 21 02:02:52 CDT 2026] env prepared: python=/scratch/midway3/rickybao/conda_envs/dreamerv3/bin/python
python_executable=/scratch/midway3/rickybao/conda_envs/dreamerv3/bin/python
[Tue Jul 21 02:02:52 CDT 2026] offline WM already fit: /scratch/midway3/rickybao/dreamerv3_runs/ax1wm_synth_q1s1_seed4/ckpt/20260718T073640F239970-000000500000 (skipping stage 1)
[Tue Jul 21 02:02:52 CDT 2026] adapt RUN_ID=adapt_ax1rb4q1s1_synth_seed106_ckpt500000 TASK=synth_reach SEED=106 CKPT=/scratch/midway3/rickybao/dreamerv3_runs/ax1wm_synth_q1s1_seed4/ckpt/20260718T073640F239970-000000500000 STEPS=1.25e5
---  ___                           __   ______ ---
--- |   \ _ _ ___ __ _ _ __  ___ _ \ \ / /__ / ---
--- | |) | '_/ -_) _` | '  \/ -_) '/\ V / |_ \ ---
--- |___/|_| \___\__,_|_|_|_\___|_|  \_/ |___/ ---
Replica: 0 / 1
Logdir: /scratch/midway3/rickybao/dreamerv3_runs/adapt_ax1rb4q1s1_synth_seed106_ckpt500000
Run script: train
Observations
  position         Space(float32, shape=(2,), low=-inf, high=inf)
  velocity         Space(float32, shape=(2,), low=-inf, high=inf)
  distractor       Space(float32, shape=(8,), low=-inf, high=inf)
  to_target        Space(float32, shape=(2,), low=-inf, high=inf)
  reward           Space(float32, shape=(), low=-inf, high=inf)
  is_first         Space(bool, shape=(), low=False, high=True)
  is_last          Space(bool, shape=(), low=False, high=True)
  is_terminal      Space(bool, shape=(), low=False, high=True)
Actions
  action           Space(float32, shape=(2,), low=-1.0, high=1.0)
Extras
  consec           Space(int32, shape=(), low=-2147483648, high=2147483647)
  stepid           Space(uint8, shape=(20,), low=0, high=255)
  dyn/deter        Space(float32, shape=(512,), low=-inf, high=inf)
  dyn/stoch        Space(float32, shape=(32, 4), low=-inf, high=inf)
JAX devices (1): [cuda:0]
Policy devices: cuda:0
Train devices:  cuda:0
Initializing parameters...
Optimizer opt has 214,723 params:
        66,111 val
        57,663 rew
        49,796 pol
        41,153 con
Done initializing!
Compiling 1 checkpoint groups...
Largest checkpoint group: 0 GB
Compiling train and report...
Train cost analysis:
  FLOPS:            7.2e+09
  Memory (temp):    2.0e+08
  Memory (inputs):  7.3e+06
  Memory (outputs): 5.9e+06
  Memory (code):    1.5e+06

Report cost analysis:
  FLOPS:            1.8e+06
  Memory (temp):    9.2e+05
  Memory (inputs):  2.7e+06
  Memory (outputs): 2.1e+04
  Memory (code):    9.8e+04

Done compiling!
Loaded pretrained checkpoint with keys: ['dec/mlp/linear0/bias', 'dec/mlp/linear0/kernel', 'dec/mlp/linear1/bias', 'dec/mlp/linear1/kernel', 'dec/mlp/linear2/bias', 'dec/mlp/linear2/kernel', 'dec/mlp/norm0/scale', 'dec/mlp/norm1/scale', 'dec/mlp/norm2/scale', 'dec/vec/distractor/pred/bias', 'dec/vec/distractor/pred/kernel', 'dec/vec/position/pred/bias', 'dec/vec/position/pred/kernel', 'dec/vec/to_target/pred/bias', 'dec/vec/to_target/pred/kernel', 'dec/vec/velocity/pred/bias', 'dec/vec/velocity/pred/kernel', 'dyn/dyngru/bias', 'dyn/dyngru/kernel', 'dyn/dynhid0/bias', 'dyn/dynhid0/kernel', 'dyn/dynhid0norm/scale', 'dyn/dynin0/bias', 'dyn/dynin0/kernel', 'dyn/dynin0norm/scale', 'dyn/dynin1/bias', 'dyn/dynin1/kernel', 'dyn/dynin1norm/scale', 'dyn/dynin2/bias', 'dyn/dynin2/kernel', 'dyn/dynin2norm/scale', 'dyn/obs0/bias', 'dyn/obs0/kernel', 'dyn/obs0norm/scale', 'dyn/obslogit/bias', 'dyn/obslogit/kernel', 'dyn/prior0/bias', 'dyn/prior0/kernel', 'dyn/prior0norm/scale', 'dyn/prior1/bias', 'dyn/prior1/kernel', 'dyn/prior1norm/scale', 'dyn/priorlogit/bias', 'dyn/priorlogit/kernel', 'enc/mlp0/bias', 'enc/mlp0/kernel', 'enc/mlp0norm/scale', 'enc/mlp1/bias', 'enc/mlp1/kernel', 'enc/mlp1norm/scale', 'enc/mlp2/bias', 'enc/mlp2/kernel', 'enc/mlp2norm/scale']
Did not find any checkpoint.
Saving checkpoint: /scratch/midway3/rickybao/dreamerv3_runs/adapt_ax1rb4q1s1_synth_seed106_ckpt500000/ckpt/20260721T020316F853843
Saved checkpoint.
Start training loop

--------------------[Agent Step 6_880]--------------------
Metrics filtered by: 'score|length|fps|ratio|train/loss/|train/rand/'
train/loss/con 0.03 / train/loss/distractor 0.48 / train/loss/dyn 4.31 / train/loss/policy 9.2e-3 / train/loss/position 0.01 / train/loss/rep 4.31 / train/loss/repval 2.56 / train/loss/rew 1.09 / train/loss/to_target 9.5e-3 / train/loss/value 1.93 / train/loss/velocity 0.01 / replay/replay_ratio 858.5 / fps/policy 56.36 / fps/train 4.1e4

Writing metrics: /scratch/midway3/rickybao/dreamerv3_runs/adapt_ax1rb4q1s1_synth_seed106_ckpt500000/metrics.jsonl
Writing metrics: /scratch/midway3/rickybao/dreamerv3_runs/adapt_ax1rb4q1s1_synth_seed106_ckpt500000/scores.jsonl

--------------------[Agent Step 11_744]--------------------
Metrics filtered by: 'score|length|fps|ratio|train/loss/|train/rand/'
train/loss/con 0.02 / train/loss/distractor 0.48 / train/loss/dyn 4.22 / train/loss/policy 0.02 / train/loss/position 0.01 / train/loss/rep 4.22 / train/loss/repval 0.92 / train/loss/rew 0.03 / train/loss/to_target 0.01 / train/loss/value 0.88 / train/loss/velocity 0.02 / replay/replay_ratio 1040 / fps/policy 40.43 / fps/train 4.1e4

Writing metrics: /scratch/midway3/rickybao/dreamerv3_runs/adapt_ax1rb4q1s1_synth_seed106_ckpt500000/metrics.jsonl
Writing metrics: /scratch/midway3/rickybao/dreamerv3_runs/adapt_ax1rb4q1s1_synth_seed106_ckpt500000/scores.jsonl

--------------------[Agent Step 16_608]--------------------
Metrics filtered by: 'score|length|fps|ratio|train/loss/|train/rand/'
episode/score 0 / episode/length 1001 / train/loss/con 0.02 / train/loss/distractor 0.49 / train/loss/dyn 4.25 / train/loss/policy 0.01 / train/loss/position 0.03 / train/loss/rep 4.25 / train/loss/repval 1.12 / train/loss/rew 0.01 / train/loss/to_target 0.04 / train/loss/value 0.88 / train/loss/velocity 0.03 / replay/replay_ratio 1040 / fps/policy 40.43 / fps/train 4.1e4

Writing metrics: /scratch/midway3/rickybao/dreamerv3_runs/adapt_ax1rb4q1s1_synth_seed106_ckpt500000/metrics.jsonlWriting metrics: /scratch/midway3/rickybao/dreamerv3_runs/adapt_ax1rb4q1s1_synth_seed106_ckpt500000/scores.jsonl


--------------------[Agent Step 21_472]--------------------
Metrics filtered by: 'score|length|fps|ratio|train/loss/|train/rand/'
train/loss/con 0.02 / train/loss/distractor 0.5 / train/loss/dyn 4.31 / train/loss/policy -2.6e-4 / train/loss/position 0.03 / train/loss/rep 4.31 / train/loss/repval 1.25 / train/loss/rew 0.01 / train/loss/to_target 0.06 / train/loss/value 1.02 / train/loss/velocity 0.04 / replay/replay_ratio 1040 / fps/policy 40.44 / fps/train 4.1e4

Writing metrics: /scratch/midway3/rickybao/dreamerv3_runs/adapt_ax1rb4q1s1_synth_seed106_ckpt500000/scores.jsonlWriting metrics: /scratch/midway3/rickybao/dreamerv3_runs/adapt_ax1rb4q1s1_synth_seed106_ckpt500000/metrics.jsonl


--------------------[Agent Step 26_336]--------------------
Metrics filtered by: 'score|length|fps|ratio|train/loss/|train/rand/'
train/loss/con 0.02 / train/loss/distractor 0.5 / train/loss/dyn 4.35 / train/loss/policy 3.9e-3 / train/loss/position 0.04 / train/loss/rep 4.35 / train/loss/repval 1.32 / train/loss/rew 9.7e-3 / train/loss/to_target 0.07 / train/loss/value 1.16 / train/loss/velocity 0.04 / replay/replay_ratio 1040 / fps/policy 40.43 / fps/train 4.1e4

Writing metrics: /scratch/midway3/rickybao/dreamerv3_runs/adapt_ax1rb4q1s1_synth_seed106_ckpt500000/scores.jsonlWriting metrics: /scratch/midway3/rickybao/dreamerv3_runs/adapt_ax1rb4q1s1_synth_seed106_ckpt500000/metrics.jsonl


--------------------[Agent Step 31_200]--------------------
Metrics filtered by: 'score|length|fps|ratio|train/loss/|train/rand/'
train/loss/con 0.02 / train/loss/distractor 0.5 / train/loss/dyn 4.61 / train/loss/policy 1.4e-3 / train/loss/position 0.04 / train/loss/rep 4.61 / train/loss/repval 1.18 / train/loss/rew 7.5e-3 / train/loss/to_target 0.07 / train/loss/value 1.12 / train/loss/velocity 0.07 / replay/replay_ratio 1040 / fps/policy 40.43 / fps/train 4.1e4

Writing metrics: /scratch/midway3/rickybao/dreamerv3_runs/adapt_ax1rb4q1s1_synth_seed106_ckpt500000/metrics.jsonlWriting metrics: /scratch/midway3/rickybao/dreamerv3_runs/adapt_ax1rb4q1s1_synth_seed106_ckpt500000/scores.jsonl


--------------------[Agent Step 36_064]--------------------
Metrics filtered by: 'score|length|fps|ratio|train/loss/|train/rand/'
episode/score 0 / episode/length 1001 / train/loss/con 0.02 / train/loss/distractor 0.5 / train/loss/dyn 4.67 / train/loss/policy 8.9e-3 / train/loss/position 0.04 / train/loss/rep 4.67 / train/loss/repval 1.06 / train/loss/rew 8e-3 / train/loss/to_target 0.06 / train/loss/value 1.11 / train/loss/velocity 0.09 / replay/replay_ratio 1040 / fps/policy 40.44 / fps/train 4.1e4

Writing metrics: /scratch/midway3/rickybao/dreamerv3_runs/adapt_ax1rb4q1s1_synth_seed106_ckpt500000/metrics.jsonl
Writing metrics: /scratch/midway3/rickybao/dreamerv3_runs/adapt_ax1rb4q1s1_synth_seed106_ckpt500000/scores.jsonl
Saving checkpoint: /scratch/midway3/rickybao/dreamerv3_runs/adapt_ax1rb4q1s1_synth_seed106_ckpt500000/ckpt/20260721T021818F320859
Saved checkpoint.

--------------------[Agent Step 40_896]--------------------
Metrics filtered by: 'score|length|fps|ratio|train/loss/|train/rand/'
train/loss/con 0.02 / train/loss/distractor 0.5 / train/loss/dyn 4.63 / train/loss/policy 1.3e-3 / train/loss/position 0.04 / train/loss/rep 4.63 / train/loss/repval 1.27 / train/loss/rew 8.4e-3 / train/loss/to_target 0.05 / train/loss/value 1.16 / train/loss/velocity 0.1 / replay/replay_ratio 1040 / fps/policy 40.2 / fps/train 4.1e4

Writing metrics: /scratch/midway3/rickybao/dreamerv3_runs/adapt_ax1rb4q1s1_synth_seed106_ckpt500000/metrics.jsonlWriting metrics: /scratch/midway3/rickybao/dreamerv3_runs/adapt_ax1rb4q1s1_synth_seed106_ckpt500000/scores.jsonl


--------------------[Agent Step 45_760]--------------------
Metrics filtered by: 'score|length|fps|ratio|train/loss/|train/rand/'
train/loss/con 0.02 / train/loss/distractor 0.5 / train/loss/dyn 4.59 / train/loss/policy -2.6e-3 / train/loss/position 0.04 / train/loss/rep 4.59 / train/loss/repval 1.29 / train/loss/rew 0.02 / train/loss/to_target 0.05 / train/loss/value 1.06 / train/loss/velocity 0.09 / replay/replay_ratio 1040 / fps/policy 40.45 / fps/train 4.1e4

Writing metrics: /scratch/midway3/rickybao/dreamerv3_runs/adapt_ax1rb4q1s1_synth_seed106_ckpt500000/metrics.jsonl
Writing metrics: /scratch/midway3/rickybao/dreamerv3_runs/adapt_ax1rb4q1s1_synth_seed106_ckpt500000/scores.jsonl

--------------------[Agent Step 50_624]--------------------
Metrics filtered by: 'score|length|fps|ratio|train/loss/|train/rand/'
episode/score 17 / episode/length 1001 / train/loss/con 0.02 / train/loss/distractor 0.5 / train/loss/dyn 4.56 / train/loss/policy 4.2e-4 / train/loss/position 0.03 / train/loss/rep 4.56 / train/loss/repval 1.55 / train/loss/rew 0.04 / train/loss/to_target 0.05 / train/loss/value 1.22 / train/loss/velocity 0.09 / replay/replay_ratio 1040 / fps/policy 40.45 / fps/train 4.1e4

Writing metrics: /scratch/midway3/rickybao/dreamerv3_runs/adapt_ax1rb4q1s1_synth_seed106_ckpt500000/metrics.jsonl
Writing metrics: /scratch/midway3/rickybao/dreamerv3_runs/adapt_ax1rb4q1s1_synth_seed106_ckpt500000/scores.jsonl

--------------------[Agent Step 55_488]--------------------
Metrics filtered by: 'score|length|fps|ratio|train/loss/|train/rand/'
train/loss/con 0.02 / train/loss/distractor 0.5 / train/loss/dyn 4.56 / train/loss/policy 0.02 / train/loss/position 0.03 / train/loss/rep 4.56 / train/loss/repval 1.61 / train/loss/rew 0.04 / train/loss/to_target 0.05 / train/loss/value 1.23 / train/loss/velocity 0.08 / replay/replay_ratio 1040 / fps/policy 40.44 / fps/train 4.1e4

Writing metrics: /scratch/midway3/rickybao/dreamerv3_runs/adapt_ax1rb4q1s1_synth_seed106_ckpt500000/scores.jsonlWriting metrics: /scratch/midway3/rickybao/dreamerv3_runs/adapt_ax1rb4q1s1_synth_seed106_ckpt500000/metrics.jsonl


--------------------[Agent Step 60_352]--------------------
Metrics filtered by: 'score|length|fps|ratio|train/loss/|train/rand/'
train/loss/con 0.02 / train/loss/distractor 0.5 / train/loss/dyn 4.53 / train/loss/policy 0.01 / train/loss/position 0.03 / train/loss/rep 4.53 / train/loss/repval 1.77 / train/loss/rew 0.04 / train/loss/to_target 0.04 / train/loss/value 1.3 / train/loss/velocity 0.07 / replay/replay_ratio 1040 / fps/policy 40.42 / fps/train 4.1e4

Writing metrics: /scratch/midway3/rickybao/dreamerv3_runs/adapt_ax1rb4q1s1_synth_seed106_ckpt500000/metrics.jsonlWriting metrics: /scratch/midway3/rickybao/dreamerv3_runs/adapt_ax1rb4q1s1_synth_seed106_ckpt500000/scores.jsonl


--------------------[Agent Step 65_216]--------------------
Metrics filtered by: 'score|length|fps|ratio|train/loss/|train/rand/'
episode/score 4 / episode/length 1001 / train/loss/con 0.02 / train/loss/distractor 0.49 / train/loss/dyn 4.51 / train/loss/policy 0.03 / train/loss/position 0.03 / train/loss/rep 4.51 / train/loss/repval 1.7 / train/loss/rew 0.04 / train/loss/to_target 0.04 / train/loss/value 1.23 / train/loss/velocity 0.07 / replay/replay_ratio 1040 / fps/policy 40.43 / fps/train 4.1e4

Writing metrics: /scratch/midway3/rickybao/dreamerv3_runs/adapt_ax1rb4q1s1_synth_seed106_ckpt500000/metrics.jsonlWriting metrics: /scratch/midway3/rickybao/dreamerv3_runs/adapt_ax1rb4q1s1_synth_seed106_ckpt500000/scores.jsonl


--------------------[Agent Step 70_080]--------------------
Metrics filtered by: 'score|length|fps|ratio|train/loss/|train/rand/'
train/loss/con 0.02 / train/loss/distractor 0.49 / train/loss/dyn 4.52 / train/loss/policy 0.02 / train/loss/position 0.03 / train/loss/rep 4.52 / train/loss/repval 1.73 / train/loss/rew 0.03 / train/loss/to_target 0.04 / train/loss/value 1.25 / train/loss/velocity 0.07 / replay/replay_ratio 1040 / fps/policy 40.44 / fps/train 4.1e4

Writing metrics: /scratch/midway3/rickybao/dreamerv3_runs/adapt_ax1rb4q1s1_synth_seed106_ckpt500000/scores.jsonlWriting metrics: /scratch/midway3/rickybao/dreamerv3_runs/adapt_ax1rb4q1s1_synth_seed106_ckpt500000/metrics.jsonl

Saving checkpoint: /scratch/midway3/rickybao/dreamerv3_runs/adapt_ax1rb4q1s1_synth_seed106_ckpt500000/ckpt/20260721T023318F591703
Saved checkpoint.

--------------------[Agent Step 74_912]--------------------
Metrics filtered by: 'score|length|fps|ratio|train/loss/|train/rand/'
train/loss/con 0.02 / train/loss/distractor 0.49 / train/loss/dyn 4.5 / train/loss/policy 3.1e-3 / train/loss/position 0.03 / train/loss/rep 4.5 / train/loss/repval 1.79 / train/loss/rew 0.03 / train/loss/to_target 0.04 / train/loss/value 1.42 / train/loss/velocity 0.06 / replay/replay_ratio 1040 / fps/policy 40.23 / fps/train 4.1e4

Writing metrics: /scratch/midway3/rickybao/dreamerv3_runs/adapt_ax1rb4q1s1_synth_seed106_ckpt500000/metrics.jsonl
Writing metrics: /scratch/midway3/rickybao/dreamerv3_runs/adapt_ax1rb4q1s1_synth_seed106_ckpt500000/scores.jsonl

--------------------[Agent Step 79_776]--------------------
Metrics filtered by: 'score|length|fps|ratio|train/loss/|train/rand/'
train/loss/con 0.02 / train/loss/distractor 0.49 / train/loss/dyn 4.49 / train/loss/policy -0.02 / train/loss/position 0.03 / train/loss/rep 4.49 / train/loss/repval 1.54 / train/loss/rew 0.03 / train/loss/to_target 0.04 / train/loss/value 1.22 / train/loss/velocity 0.06 / replay/replay_ratio 1040 / fps/policy 40.44 / fps/train 4.1e4

Writing metrics: /scratch/midway3/rickybao/dreamerv3_runs/adapt_ax1rb4q1s1_synth_seed106_ckpt500000/scores.jsonl
Writing metrics: /scratch/midway3/rickybao/dreamerv3_runs/adapt_ax1rb4q1s1_synth_seed106_ckpt500000/metrics.jsonl

--------------------[Agent Step 84_640]--------------------
Metrics filtered by: 'score|length|fps|ratio|train/loss/|train/rand/'
episode/score 0 / episode/length 1001 / train/loss/con 0.02 / train/loss/distractor 0.49 / train/loss/dyn 4.49 / train/loss/policy -0.03 / train/loss/position 0.03 / train/loss/rep 4.49 / train/loss/repval 1.57 / train/loss/rew 0.03 / train/loss/to_target 0.04 / train/loss/value 1.19 / train/loss/velocity 0.06 / replay/replay_ratio 1040 / fps/policy 40.44 / fps/train 4.1e4

Writing metrics: /scratch/midway3/rickybao/dreamerv3_runs/adapt_ax1rb4q1s1_synth_seed106_ckpt500000/metrics.jsonl
Writing metrics: /scratch/midway3/rickybao/dreamerv3_runs/adapt_ax1rb4q1s1_synth_seed106_ckpt500000/scores.jsonl

--------------------[Agent Step 89_504]--------------------
Metrics filtered by: 'score|length|fps|ratio|train/loss/|train/rand/'
train/loss/con 0.02 / train/loss/distractor 0.49 / train/loss/dyn 4.49 / train/loss/policy -0.01 / train/loss/position 0.03 / train/loss/rep 4.49 / train/loss/repval 1.63 / train/loss/rew 0.04 / train/loss/to_target 0.05 / train/loss/value 1.18 / train/loss/velocity 0.06 / replay/replay_ratio 1040 / fps/policy 40.44 / fps/train 4.1e4

Writing metrics: /scratch/midway3/rickybao/dreamerv3_runs/adapt_ax1rb4q1s1_synth_seed106_ckpt500000/metrics.jsonlWriting metrics: /scratch/midway3/rickybao/dreamerv3_runs/adapt_ax1rb4q1s1_synth_seed106_ckpt500000/scores.jsonl


--------------------[Agent Step 94_368]--------------------
Metrics filtered by: 'score|length|fps|ratio|train/loss/|train/rand/'
train/loss/con 0.02 / train/loss/distractor 0.5 / train/loss/dyn 4.49 / train/loss/policy -0.02 / train/loss/position 0.03 / train/loss/rep 4.49 / train/loss/repval 1.55 / train/loss/rew 0.05 / train/loss/to_target 0.05 / train/loss/value 1.08 / train/loss/velocity 0.06 / replay/replay_ratio 1040 / fps/policy 40.43 / fps/train 4.1e4

Writing metrics: /scratch/midway3/rickybao/dreamerv3_runs/adapt_ax1rb4q1s1_synth_seed106_ckpt500000/scores.jsonlWriting metrics: /scratch/midway3/rickybao/dreamerv3_runs/adapt_ax1rb4q1s1_synth_seed106_ckpt500000/metrics.jsonl


--------------------[Agent Step 99_232]--------------------
Metrics filtered by: 'score|length|fps|ratio|train/loss/|train/rand/'
episode/score 41 / episode/length 1001 / train/loss/con 0.02 / train/loss/distractor 0.5 / train/loss/dyn 4.49 / train/loss/policy 0.03 / train/loss/position 0.03 / train/loss/rep 4.49 / train/loss/repval 1.86 / train/loss/rew 0.05 / train/loss/to_target 0.05 / train/loss/value 1.32 / train/loss/velocity 0.06 / replay/replay_ratio 1040 / fps/policy 40.44 / fps/train 4.1e4

Writing metrics: /scratch/midway3/rickybao/dreamerv3_runs/adapt_ax1rb4q1s1_synth_seed106_ckpt500000/scores.jsonlWriting metrics: /scratch/midway3/rickybao/dreamerv3_runs/adapt_ax1rb4q1s1_synth_seed106_ckpt500000/metrics.jsonl


--------------------[Agent Step 104_096]--------------------
Metrics filtered by: 'score|length|fps|ratio|train/loss/|train/rand/'
train/loss/con 0.02 / train/loss/distractor 0.5 / train/loss/dyn 4.48 / train/loss/policy 0.02 / train/loss/position 0.03 / train/loss/rep 4.48 / train/loss/repval 1.85 / train/loss/rew 0.06 / train/loss/to_target 0.05 / train/loss/value 1.29 / train/loss/velocity 0.06 / replay/replay_ratio 1040 / fps/policy 40.43 / fps/train 4.1e4

Writing metrics: /scratch/midway3/rickybao/dreamerv3_runs/adapt_ax1rb4q1s1_synth_seed106_ckpt500000/metrics.jsonlWriting metrics: /scratch/midway3/rickybao/dreamerv3_runs/adapt_ax1rb4q1s1_synth_seed106_ckpt500000/scores.jsonl


--------------------[Agent Step 108_944]--------------------
Metrics filtered by: 'score|length|fps|ratio|train/loss/|train/rand/'
train/loss/con 0.02 / train/loss/distractor 0.5 / train/loss/dyn 4.47 / train/loss/policy 0.02 / train/loss/position 0.03 / train/loss/rep 4.47 / train/loss/repval 1.85 / train/loss/rew 0.06 / train/loss/to_target 0.05 / train/loss/value 1.26 / train/loss/velocity 0.06 / replay/replay_ratio 1040 / fps/policy 40.37 / fps/train 4.1e4

Writing metrics: /scratch/midway3/rickybao/dreamerv3_runs/adapt_ax1rb4q1s1_synth_seed106_ckpt500000/metrics.jsonlWriting metrics: /scratch/midway3/rickybao/dreamerv3_runs/adapt_ax1rb4q1s1_synth_seed106_ckpt500000/scores.jsonl

Saving checkpoint: /scratch/midway3/rickybao/dreamerv3_runs/adapt_ax1rb4q1s1_synth_seed106_ckpt500000/ckpt/20260721T024818F801832
Saved checkpoint.

--------------------[Agent Step 113_776]--------------------
Metrics filtered by: 'score|length|fps|ratio|train/loss/|train/rand/'
episode/score 25 / episode/length 1001 / train/loss/con 0.02 / train/loss/distractor 0.5 / train/loss/dyn 4.46 / train/loss/policy -0.02 / train/loss/position 0.03 / train/loss/rep 4.46 / train/loss/repval 1.77 / train/loss/rew 0.06 / train/loss/to_target 0.04 / train/loss/value 1.27 / train/loss/velocity 0.05 / replay/replay_ratio 1040 / fps/policy 40.26 / fps/train 4.1e4

Writing metrics: /scratch/midway3/rickybao/dreamerv3_runs/adapt_ax1rb4q1s1_synth_seed106_ckpt500000/scores.jsonlWriting metrics: /scratch/midway3/rickybao/dreamerv3_runs/adapt_ax1rb4q1s1_synth_seed106_ckpt500000/metrics.jsonl


--------------------[Agent Step 118_640]--------------------
Metrics filtered by: 'score|length|fps|ratio|train/loss/|train/rand/'
train/loss/con 0.02 / train/loss/distractor 0.5 / train/loss/dyn 4.46 / train/loss/policy -0.02 / train/loss/position 0.03 / train/loss/rep 4.46 / train/loss/repval 1.53 / train/loss/rew 0.06 / train/loss/to_target 0.05 / train/loss/value 1.09 / train/loss/velocity 0.05 / replay/replay_ratio 1040 / fps/policy 40.45 / fps/train 4.1e4

Writing metrics: /scratch/midway3/rickybao/dreamerv3_runs/adapt_ax1rb4q1s1_synth_seed106_ckpt500000/scores.jsonlWriting metrics: /scratch/midway3/rickybao/dreamerv3_runs/adapt_ax1rb4q1s1_synth_seed106_ckpt500000/metrics.jsonl


--------------------[Agent Step 123_504]--------------------
Metrics filtered by: 'score|length|fps|ratio|train/loss/|train/rand/'
train/loss/con 0.02 / train/loss/distractor 0.5 / train/loss/dyn 4.46 / train/loss/policy -0.02 / train/loss/position 0.03 / train/loss/rep 4.46 / train/loss/repval 1.48 / train/loss/rew 0.07 / train/loss/to_target 0.05 / train/loss/value 1.04 / train/loss/velocity 0.05 / replay/replay_ratio 1040 / fps/policy 40.45 / fps/train 4.1e4

Writing metrics: /scratch/midway3/rickybao/dreamerv3_runs/adapt_ax1rb4q1s1_synth_seed106_ckpt500000/metrics.jsonlWriting metrics: /scratch/midway3/rickybao/dreamerv3_runs/adapt_ax1rb4q1s1_synth_seed106_ckpt500000/scores.jsonl

[Tue Jul 21 02:54:02 CDT 2026] adapt adapt_ax1rb4q1s1_synth_seed106_ckpt500000 rc=0 status=DONE
[Tue Jul 21 02:54:02 CDT 2026] DONE child adapt_ax1rb4q1s1_synth_seed106_ckpt500000
[Tue Jul 21 02:54:02 CDT 2026] START child adapt_ax1rb5q1s1_synth_seed104_ckpt500000 WM_RUN=ax1wm_synth_q1s1_seed5
[Tue Jul 21 02:54:02 CDT 2026] axis1 child starting RUN_ID=adapt_ax1rb5q1s1_synth_seed104_ckpt500000 WM_RUN=ax1wm_synth_q1s1_seed5 job=52442227 host=midway3-0279.rcc.local
[Tue Jul 21 02:54:02 CDT 2026] env prepared: python=/scratch/midway3/rickybao/conda_envs/dreamerv3/bin/python
python_executable=/scratch/midway3/rickybao/conda_envs/dreamerv3/bin/python
[Tue Jul 21 02:54:02 CDT 2026] offline WM already fit: /scratch/midway3/rickybao/dreamerv3_runs/ax1wm_synth_q1s1_seed5/ckpt/20260718T073847F097122-000000500000 (skipping stage 1)
[Tue Jul 21 02:54:02 CDT 2026] adapt RUN_ID=adapt_ax1rb5q1s1_synth_seed104_ckpt500000 TASK=synth_reach SEED=104 CKPT=/scratch/midway3/rickybao/dreamerv3_runs/ax1wm_synth_q1s1_seed5/ckpt/20260718T073847F097122-000000500000 STEPS=1.25e5
---  ___                           __   ______ ---
--- |   \ _ _ ___ __ _ _ __  ___ _ \ \ / /__ / ---
--- | |) | '_/ -_) _` | '  \/ -_) '/\ V / |_ \ ---
--- |___/|_| \___\__,_|_|_|_\___|_|  \_/ |___/ ---
Replica: 0 / 1
Logdir: /scratch/midway3/rickybao/dreamerv3_runs/adapt_ax1rb5q1s1_synth_seed104_ckpt500000
Run script: train
Observations
  position         Space(float32, shape=(2,), low=-inf, high=inf)
  velocity         Space(float32, shape=(2,), low=-inf, high=inf)
  distractor       Space(float32, shape=(8,), low=-inf, high=inf)
  to_target        Space(float32, shape=(2,), low=-inf, high=inf)
  reward           Space(float32, shape=(), low=-inf, high=inf)
  is_first         Space(bool, shape=(), low=False, high=True)
  is_last          Space(bool, shape=(), low=False, high=True)
  is_terminal      Space(bool, shape=(), low=False, high=True)
Actions
  action           Space(float32, shape=(2,), low=-1.0, high=1.0)
Extras
  consec           Space(int32, shape=(), low=-2147483648, high=2147483647)
  stepid           Space(uint8, shape=(20,), low=0, high=255)
  dyn/deter        Space(float32, shape=(512,), low=-inf, high=inf)
  dyn/stoch        Space(float32, shape=(32, 4), low=-inf, high=inf)
JAX devices (1): [cuda:0]
Policy devices: cuda:0
Train devices:  cuda:0
Initializing parameters...
Optimizer opt has 214,723 params:
        66,111 val
        57,663 rew
        49,796 pol
        41,153 con
Done initializing!
Compiling 1 checkpoint groups...
Largest checkpoint group: 0 GB
Compiling train and report...
Train cost analysis:
  FLOPS:            7.2e+09
  Memory (temp):    2.0e+08
  Memory (inputs):  7.3e+06
  Memory (outputs): 5.9e+06
  Memory (code):    1.5e+06

Report cost analysis:
  FLOPS:            1.8e+06
  Memory (temp):    9.2e+05
  Memory (inputs):  2.7e+06
  Memory (outputs): 2.1e+04
  Memory (code):    9.8e+04

Done compiling!
Loaded pretrained checkpoint with keys: ['dec/mlp/linear0/bias', 'dec/mlp/linear0/kernel', 'dec/mlp/linear1/bias', 'dec/mlp/linear1/kernel', 'dec/mlp/linear2/bias', 'dec/mlp/linear2/kernel', 'dec/mlp/norm0/scale', 'dec/mlp/norm1/scale', 'dec/mlp/norm2/scale', 'dec/vec/distractor/pred/bias', 'dec/vec/distractor/pred/kernel', 'dec/vec/position/pred/bias', 'dec/vec/position/pred/kernel', 'dec/vec/to_target/pred/bias', 'dec/vec/to_target/pred/kernel', 'dec/vec/velocity/pred/bias', 'dec/vec/velocity/pred/kernel', 'dyn/dyngru/bias', 'dyn/dyngru/kernel', 'dyn/dynhid0/bias', 'dyn/dynhid0/kernel', 'dyn/dynhid0norm/scale', 'dyn/dynin0/bias', 'dyn/dynin0/kernel', 'dyn/dynin0norm/scale', 'dyn/dynin1/bias', 'dyn/dynin1/kernel', 'dyn/dynin1norm/scale', 'dyn/dynin2/bias', 'dyn/dynin2/kernel', 'dyn/dynin2norm/scale', 'dyn/obs0/bias', 'dyn/obs0/kernel', 'dyn/obs0norm/scale', 'dyn/obslogit/bias', 'dyn/obslogit/kernel', 'dyn/prior0/bias', 'dyn/prior0/kernel', 'dyn/prior0norm/scale', 'dyn/prior1/bias', 'dyn/prior1/kernel', 'dyn/prior1norm/scale', 'dyn/priorlogit/bias', 'dyn/priorlogit/kernel', 'enc/mlp0/bias', 'enc/mlp0/kernel', 'enc/mlp0norm/scale', 'enc/mlp1/bias', 'enc/mlp1/kernel', 'enc/mlp1norm/scale', 'enc/mlp2/bias', 'enc/mlp2/kernel', 'enc/mlp2norm/scale']
Did not find any checkpoint.
Saving checkpoint: /scratch/midway3/rickybao/dreamerv3_runs/adapt_ax1rb5q1s1_synth_seed104_ckpt500000/ckpt/20260721T025427F209016
Saved checkpoint.
Start training loop

--------------------[Agent Step 6_880]--------------------
Metrics filtered by: 'score|length|fps|ratio|train/loss/|train/rand/'
train/loss/con 0.05 / train/loss/distractor 0.49 / train/loss/dyn 4.35 / train/loss/policy -7.8e-4 / train/loss/position 0.01 / train/loss/rep 4.35 / train/loss/repval 2.06 / train/loss/rew 1.05 / train/loss/to_target 0.01 / train/loss/value 1.47 / train/loss/velocity 0.02 / replay/replay_ratio 858.5 / fps/policy 56.47 / fps/train 4.1e4

Writing metrics: /scratch/midway3/rickybao/dreamerv3_runs/adapt_ax1rb5q1s1_synth_seed104_ckpt500000/metrics.jsonl
Writing metrics: /scratch/midway3/rickybao/dreamerv3_runs/adapt_ax1rb5q1s1_synth_seed104_ckpt500000/scores.jsonl

--------------------[Agent Step 11_744]--------------------
Metrics filtered by: 'score|length|fps|ratio|train/loss/|train/rand/'
train/loss/con 0.02 / train/loss/distractor 0.49 / train/loss/dyn 4.3 / train/loss/policy -1.7e-3 / train/loss/position 0.01 / train/loss/rep 4.3 / train/loss/repval 0.16 / train/loss/rew 7.7e-3 / train/loss/to_target 0.01 / train/loss/value 0.15 / train/loss/velocity 0.02 / replay/replay_ratio 1040 / fps/policy 40.52 / fps/train 4.1e4

Writing metrics: /scratch/midway3/rickybao/dreamerv3_runs/adapt_ax1rb5q1s1_synth_seed104_ckpt500000/scores.jsonlWriting metrics: /scratch/midway3/rickybao/dreamerv3_runs/adapt_ax1rb5q1s1_synth_seed104_ckpt500000/metrics.jsonl


--------------------[Agent Step 16_608]--------------------
Metrics filtered by: 'score|length|fps|ratio|train/loss/|train/rand/'
episode/score 0 / episode/length 1001 / train/loss/con 0.02 / train/loss/distractor 0.51 / train/loss/dyn 4.5 / train/loss/policy 3.4e-3 / train/loss/position 0.04 / train/loss/rep 4.5 / train/loss/repval 0.8 / train/loss/rew 0.01 / train/loss/to_target 0.04 / train/loss/value 0.68 / train/loss/velocity 0.05 / replay/replay_ratio 1040 / fps/policy 40.52 / fps/train 4.1e4

Writing metrics: /scratch/midway3/rickybao/dreamerv3_runs/adapt_ax1rb5q1s1_synth_seed104_ckpt500000/metrics.jsonlWriting metrics: /scratch/midway3/rickybao/dreamerv3_runs/adapt_ax1rb5q1s1_synth_seed104_ckpt500000/scores.jsonl


--------------------[Agent Step 21_472]--------------------
Metrics filtered by: 'score|length|fps|ratio|train/loss/|train/rand/'
train/loss/con 0.02 / train/loss/distractor 0.53 / train/loss/dyn 4.62 / train/loss/policy 0.01 / train/loss/position 0.05 / train/loss/rep 4.62 / train/loss/repval 1.15 / train/loss/rew 0.02 / train/loss/to_target 0.05 / train/loss/value 1 / train/loss/velocity 0.08 / replay/replay_ratio 1040 / fps/policy 40.52 / fps/train 4.1e4

Writing metrics: /scratch/midway3/rickybao/dreamerv3_runs/adapt_ax1rb5q1s1_synth_seed104_ckpt500000/metrics.jsonlWriting metrics: /scratch/midway3/rickybao/dreamerv3_runs/adapt_ax1rb5q1s1_synth_seed104_ckpt500000/scores.jsonl


--------------------[Agent Step 26_336]--------------------
Metrics filtered by: 'score|length|fps|ratio|train/loss/|train/rand/'
train/loss/con 0.02 / train/loss/distractor 0.52 / train/loss/dyn 4.7 / train/loss/policy -1.6e-3 / train/loss/position 0.05 / train/loss/rep 4.7 / train/loss/repval 1.32 / train/loss/rew 0.01 / train/loss/to_target 0.05 / train/loss/value 1.04 / train/loss/velocity 0.12 / replay/replay_ratio 1040 / fps/policy 40.52 / fps/train 4.1e4

Writing metrics: /scratch/midway3/rickybao/dreamerv3_runs/adapt_ax1rb5q1s1_synth_seed104_ckpt500000/metrics.jsonlWriting metrics: /scratch/midway3/rickybao/dreamerv3_runs/adapt_ax1rb5q1s1_synth_seed104_ckpt500000/scores.jsonl


--------------------[Agent Step 31_200]--------------------
Metrics filtered by: 'score|length|fps|ratio|train/loss/|train/rand/'
train/loss/con 0.02 / train/loss/distractor 0.52 / train/loss/dyn 4.73 / train/loss/policy -3.7e-3 / train/loss/position 0.05 / train/loss/rep 4.73 / train/loss/repval 1.27 / train/loss/rew 0.01 / train/loss/to_target 0.04 / train/loss/value 1.09 / train/loss/velocity 0.16 / replay/replay_ratio 1040 / fps/policy 40.53 / fps/train 4.2e4

Writing metrics: /scratch/midway3/rickybao/dreamerv3_runs/adapt_ax1rb5q1s1_synth_seed104_ckpt500000/scores.jsonl
Writing metrics: /scratch/midway3/rickybao/dreamerv3_runs/adapt_ax1rb5q1s1_synth_seed104_ckpt500000/metrics.jsonl

--------------------[Agent Step 36_064]--------------------
Metrics filtered by: 'score|length|fps|ratio|train/loss/|train/rand/'
episode/score 17 / episode/length 1001 / train/loss/con 0.02 / train/loss/distractor 0.52 / train/loss/dyn 4.7 / train/loss/policy -3.7e-4 / train/loss/position 0.05 / train/loss/rep 4.7 / train/loss/repval 1.21 / train/loss/rew 8.8e-3 / train/loss/to_target 0.04 / train/loss/value 1.13 / train/loss/velocity 0.15 / replay/replay_ratio 1040 / fps/policy 40.53 / fps/train 4.2e4

Writing metrics: /scratch/midway3/rickybao/dreamerv3_runs/adapt_ax1rb5q1s1_synth_seed104_ckpt500000/scores.jsonl
Writing metrics: /scratch/midway3/rickybao/dreamerv3_runs/adapt_ax1rb5q1s1_synth_seed104_ckpt500000/metrics.jsonl
Saving checkpoint: /scratch/midway3/rickybao/dreamerv3_runs/adapt_ax1rb5q1s1_synth_seed104_ckpt500000/ckpt/20260721T030928F635784
Saved checkpoint.

--------------------[Agent Step 40_896]--------------------
Metrics filtered by: 'score|length|fps|ratio|train/loss/|train/rand/'
train/loss/con 0.02 / train/loss/distractor 0.52 / train/loss/dyn 4.91 / train/loss/policy -0.02 / train/loss/position 0.05 / train/loss/rep 4.91 / train/loss/repval 1.12 / train/loss/rew 7e-3 / train/loss/to_target 0.04 / train/loss/value 0.97 / train/loss/velocity 0.21 / replay/replay_ratio 1040 / fps/policy 40.25 / fps/train 4.1e4

Writing metrics: /scratch/midway3/rickybao/dreamerv3_runs/adapt_ax1rb5q1s1_synth_seed104_ckpt500000/metrics.jsonl
Writing metrics: /scratch/midway3/rickybao/dreamerv3_runs/adapt_ax1rb5q1s1_synth_seed104_ckpt500000/scores.jsonl

--------------------[Agent Step 45_760]--------------------
Metrics filtered by: 'score|length|fps|ratio|train/loss/|train/rand/'
train/loss/con 0.02 / train/loss/distractor 0.52 / train/loss/dyn 4.91 / train/loss/policy 6.9e-3 / train/loss/position 0.06 / train/loss/rep 4.91 / train/loss/repval 1.16 / train/loss/rew 0.01 / train/loss/to_target 0.05 / train/loss/value 1.04 / train/loss/velocity 0.21 / replay/replay_ratio 1040 / fps/policy 40.53 / fps/train 4.2e4

Writing metrics: /scratch/midway3/rickybao/dreamerv3_runs/adapt_ax1rb5q1s1_synth_seed104_ckpt500000/metrics.jsonl
Writing metrics: /scratch/midway3/rickybao/dreamerv3_runs/adapt_ax1rb5q1s1_synth_seed104_ckpt500000/scores.jsonl

--------------------[Agent Step 50_640]--------------------
Metrics filtered by: 'score|length|fps|ratio|train/loss/|train/rand/'
episode/score 22 / episode/length 1001 / train/loss/con 0.02 / train/loss/distractor 0.52 / train/loss/dyn 4.87 / train/loss/policy 2e-3 / train/loss/position 0.05 / train/loss/rep 4.87 / train/loss/repval 1.39 / train/loss/rew 0.03 / train/loss/to_target 0.05 / train/loss/value 1.1 / train/loss/velocity 0.19 / replay/replay_ratio 1040 / fps/policy 40.53 / fps/train 4.2e4

Writing metrics: /scratch/midway3/rickybao/dreamerv3_runs/adapt_ax1rb5q1s1_synth_seed104_ckpt500000/scores.jsonl
Writing metrics: /scratch/midway3/rickybao/dreamerv3_runs/adapt_ax1rb5q1s1_synth_seed104_ckpt500000/metrics.jsonl

--------------------[Agent Step 55_504]--------------------
Metrics filtered by: 'score|length|fps|ratio|train/loss/|train/rand/'
train/loss/con 0.02 / train/loss/distractor 0.52 / train/loss/dyn 4.86 / train/loss/policy -0.02 / train/loss/position 0.05 / train/loss/rep 4.86 / train/loss/repval 1.33 / train/loss/rew 0.04 / train/loss/to_target 0.05 / train/loss/value 0.95 / train/loss/velocity 0.19 / replay/replay_ratio 1040 / fps/policy 40.51 / fps/train 4.1e4

Writing metrics: /scratch/midway3/rickybao/dreamerv3_runs/adapt_ax1rb5q1s1_synth_seed104_ckpt500000/scores.jsonlWriting metrics: /scratch/midway3/rickybao/dreamerv3_runs/adapt_ax1rb5q1s1_synth_seed104_ckpt500000/metrics.jsonl


--------------------[Agent Step 60_368]--------------------
Metrics filtered by: 'score|length|fps|ratio|train/loss/|train/rand/'
train/loss/con 0.02 / train/loss/distractor 0.52 / train/loss/dyn 4.8 / train/loss/policy 0.01 / train/loss/position 0.05 / train/loss/rep 4.8 / train/loss/repval 1.44 / train/loss/rew 0.05 / train/loss/to_target 0.05 / train/loss/value 0.96 / train/loss/velocity 0.18 / replay/replay_ratio 1040 / fps/policy 40.51 / fps/train 4.1e4

Writing metrics: /scratch/midway3/rickybao/dreamerv3_runs/adapt_ax1rb5q1s1_synth_seed104_ckpt500000/metrics.jsonl
Writing metrics: /scratch/midway3/rickybao/dreamerv3_runs/adapt_ax1rb5q1s1_synth_seed104_ckpt500000/scores.jsonl

--------------------[Agent Step 65_232]--------------------
Metrics filtered by: 'score|length|fps|ratio|train/loss/|train/rand/'
episode/score 63 / episode/length 1001 / train/loss/con 0.02 / train/loss/distractor 0.52 / train/loss/dyn 4.78 / train/loss/policy -0.01 / train/loss/position 0.05 / train/loss/rep 4.78 / train/loss/repval 1.55 / train/loss/rew 0.06 / train/loss/to_target 0.05 / train/loss/value 1.05 / train/loss/velocity 0.18 / replay/replay_ratio 1040 / fps/policy 40.52 / fps/train 4.1e4

Writing metrics: /scratch/midway3/rickybao/dreamerv3_runs/adapt_ax1rb5q1s1_synth_seed104_ckpt500000/scores.jsonlWriting metrics: /scratch/midway3/rickybao/dreamerv3_runs/adapt_ax1rb5q1s1_synth_seed104_ckpt500000/metrics.jsonl


--------------------[Agent Step 70_112]--------------------
Metrics filtered by: 'score|length|fps|ratio|train/loss/|train/rand/'
train/loss/con 0.02 / train/loss/distractor 0.52 / train/loss/dyn 4.79 / train/loss/policy -0.03 / train/loss/position 0.05 / train/loss/rep 4.79 / train/loss/repval 1.73 / train/loss/rew 0.07 / train/loss/to_target 0.05 / train/loss/value 1.18 / train/loss/velocity 0.18 / replay/replay_ratio 1040 / fps/policy 40.54 / fps/train 4.2e4

Writing metrics: /scratch/midway3/rickybao/dreamerv3_runs/adapt_ax1rb5q1s1_synth_seed104_ckpt500000/scores.jsonl
Writing metrics: /scratch/midway3/rickybao/dreamerv3_runs/adapt_ax1rb5q1s1_synth_seed104_ckpt500000/metrics.jsonl
Saving checkpoint: /scratch/midway3/rickybao/dreamerv3_runs/adapt_ax1rb5q1s1_synth_seed104_ckpt500000/ckpt/20260721T032428F666872
Saved checkpoint.

--------------------[Agent Step 74_960]--------------------
Metrics filtered by: 'score|length|fps|ratio|train/loss/|train/rand/'
train/loss/con 0.02 / train/loss/distractor 0.52 / train/loss/dyn 4.77 / train/loss/policy -0.03 / train/loss/position 0.05 / train/loss/rep 4.77 / train/loss/repval 1.47 / train/loss/rew 0.07 / train/loss/to_target 0.05 / train/loss/value 1.09 / train/loss/velocity 0.18 / replay/replay_ratio 1040 / fps/policy 40.32 / fps/train 4.1e4

Writing metrics: /scratch/midway3/rickybao/dreamerv3_runs/adapt_ax1rb5q1s1_synth_seed104_ckpt500000/metrics.jsonl
Writing metrics: /scratch/midway3/rickybao/dreamerv3_runs/adapt_ax1rb5q1s1_synth_seed104_ckpt500000/scores.jsonl

--------------------[Agent Step 79_824]--------------------
Metrics filtered by: 'score|length|fps|ratio|train/loss/|train/rand/'
train/loss/con 0.02 / train/loss/distractor 0.52 / train/loss/dyn 4.75 / train/loss/policy -8.6e-3 / train/loss/position 0.04 / train/loss/rep 4.75 / train/loss/repval 1.39 / train/loss/rew 0.07 / train/loss/to_target 0.05 / train/loss/value 0.99 / train/loss/velocity 0.17 / replay/replay_ratio 1040 / fps/policy 40.53 / fps/train 4.1e4

Writing metrics: /scratch/midway3/rickybao/dreamerv3_runs/adapt_ax1rb5q1s1_synth_seed104_ckpt500000/scores.jsonl
Writing metrics: /scratch/midway3/rickybao/dreamerv3_runs/adapt_ax1rb5q1s1_synth_seed104_ckpt500000/metrics.jsonl

--------------------[Agent Step 84_688]--------------------
Metrics filtered by: 'score|length|fps|ratio|train/loss/|train/rand/'
episode/score 37 / episode/length 1001 / train/loss/con 0.02 / train/loss/distractor 0.52 / train/loss/dyn 4.73 / train/loss/policy 0.03 / train/loss/position 0.04 / train/loss/rep 4.73 / train/loss/repval 1.79 / train/loss/rew 0.07 / train/loss/to_target 0.05 / train/loss/value 1.2 / train/loss/velocity 0.17 / replay/replay_ratio 1040 / fps/policy 40.53 / fps/train 4.2e4

Writing metrics: /scratch/midway3/rickybao/dreamerv3_runs/adapt_ax1rb5q1s1_synth_seed104_ckpt500000/metrics.jsonl
Writing metrics: /scratch/midway3/rickybao/dreamerv3_runs/adapt_ax1rb5q1s1_synth_seed104_ckpt500000/scores.jsonl

--------------------[Agent Step 89_552]--------------------
Metrics filtered by: 'score|length|fps|ratio|train/loss/|train/rand/'
train/loss/con 0.02 / train/loss/distractor 0.52 / train/loss/dyn 4.72 / train/loss/policy -0.02 / train/loss/position 0.04 / train/loss/rep 4.72 / train/loss/repval 1.58 / train/loss/rew 0.07 / train/loss/to_target 0.05 / train/loss/value 1.14 / train/loss/velocity 0.17 / replay/replay_ratio 1040 / fps/policy 40.53 / fps/train 4.2e4

Writing metrics: /scratch/midway3/rickybao/dreamerv3_runs/adapt_ax1rb5q1s1_synth_seed104_ckpt500000/scores.jsonlWriting metrics: /scratch/midway3/rickybao/dreamerv3_runs/adapt_ax1rb5q1s1_synth_seed104_ckpt500000/metrics.jsonl


--------------------[Agent Step 94_416]--------------------
Metrics filtered by: 'score|length|fps|ratio|train/loss/|train/rand/'
train/loss/con 0.02 / train/loss/distractor 0.52 / train/loss/dyn 4.71 / train/loss/policy 0.07 / train/loss/position 0.04 / train/loss/rep 4.71 / train/loss/repval 1.56 / train/loss/rew 0.07 / train/loss/to_target 0.05 / train/loss/value 1.12 / train/loss/velocity 0.17 / replay/replay_ratio 1040 / fps/policy 40.52 / fps/train 4.1e4

Writing metrics: /scratch/midway3/rickybao/dreamerv3_runs/adapt_ax1rb5q1s1_synth_seed104_ckpt500000/metrics.jsonl
Writing metrics: /scratch/midway3/rickybao/dreamerv3_runs/adapt_ax1rb5q1s1_synth_seed104_ckpt500000/scores.jsonl

--------------------[Agent Step 99_280]--------------------
Metrics filtered by: 'score|length|fps|ratio|train/loss/|train/rand/'
episode/score 3 / episode/length 1001 / train/loss/con 0.02 / train/loss/distractor 0.53 / train/loss/dyn 4.7 / train/loss/policy 0.05 / train/loss/position 0.04 / train/loss/rep 4.7 / train/loss/repval 1.66 / train/loss/rew 0.07 / train/loss/to_target 0.05 / train/loss/value 1.17 / train/loss/velocity 0.16 / replay/replay_ratio 1040 / fps/policy 40.53 / fps/train 4.2e4

Writing metrics: /scratch/midway3/rickybao/dreamerv3_runs/adapt_ax1rb5q1s1_synth_seed104_ckpt500000/metrics.jsonl
Writing metrics: /scratch/midway3/rickybao/dreamerv3_runs/adapt_ax1rb5q1s1_synth_seed104_ckpt500000/scores.jsonl

--------------------[Agent Step 104_144]--------------------
Metrics filtered by: 'score|length|fps|ratio|train/loss/|train/rand/'
train/loss/con 0.02 / train/loss/distractor 0.52 / train/loss/dyn 4.69 / train/loss/policy -0.01 / train/loss/position 0.04 / train/loss/rep 4.69 / train/loss/repval 1.92 / train/loss/rew 0.07 / train/loss/to_target 0.05 / train/loss/value 1.32 / train/loss/velocity 0.15 / replay/replay_ratio 1040 / fps/policy 40.53 / fps/train 4.2e4

Writing metrics: /scratch/midway3/rickybao/dreamerv3_runs/adapt_ax1rb5q1s1_synth_seed104_ckpt500000/metrics.jsonlWriting metrics: /scratch/midway3/rickybao/dreamerv3_runs/adapt_ax1rb5q1s1_synth_seed104_ckpt500000/scores.jsonl


--------------------[Agent Step 109_008]--------------------
Metrics filtered by: 'score|length|fps|ratio|train/loss/|train/rand/'
train/loss/con 0.02 / train/loss/distractor 0.52 / train/loss/dyn 4.67 / train/loss/policy 0.02 / train/loss/position 0.04 / train/loss/rep 4.67 / train/loss/repval 1.63 / train/loss/rew 0.07 / train/loss/to_target 0.05 / train/loss/value 1.18 / train/loss/velocity 0.15 / replay/replay_ratio 1040 / fps/policy 40.47 / fps/train 4.1e4

Writing metrics: /scratch/midway3/rickybao/dreamerv3_runs/adapt_ax1rb5q1s1_synth_seed104_ckpt500000/scores.jsonlWriting metrics: /scratch/midway3/rickybao/dreamerv3_runs/adapt_ax1rb5q1s1_synth_seed104_ckpt500000/metrics.jsonl

Saving checkpoint: /scratch/midway3/rickybao/dreamerv3_runs/adapt_ax1rb5q1s1_synth_seed104_ckpt500000/ckpt/20260721T033928F826271
Saved checkpoint.

--------------------[Agent Step 113_856]--------------------
Metrics filtered by: 'score|length|fps|ratio|train/loss/|train/rand/'
episode/score 11 / episode/length 1001 / train/loss/con 0.02 / train/loss/distractor 0.52 / train/loss/dyn 4.66 / train/loss/policy -2.2e-3 / train/loss/position 0.04 / train/loss/rep 4.66 / train/loss/repval 1.94 / train/loss/rew 0.07 / train/loss/to_target 0.05 / train/loss/value 1.32 / train/loss/velocity 0.14 / replay/replay_ratio 1040 / fps/policy 40.33 / fps/train 4.1e4

Writing metrics: /scratch/midway3/rickybao/dreamerv3_runs/adapt_ax1rb5q1s1_synth_seed104_ckpt500000/metrics.jsonl
Writing metrics: /scratch/midway3/rickybao/dreamerv3_runs/adapt_ax1rb5q1s1_synth_seed104_ckpt500000/scores.jsonl

--------------------[Agent Step 118_736]--------------------
Metrics filtered by: 'score|length|fps|ratio|train/loss/|train/rand/'
train/loss/con 0.02 / train/loss/distractor 0.52 / train/loss/dyn 4.65 / train/loss/policy 0.01 / train/loss/position 0.04 / train/loss/rep 4.65 / train/loss/repval 1.74 / train/loss/rew 0.07 / train/loss/to_target 0.05 / train/loss/value 1.3 / train/loss/velocity 0.14 / replay/replay_ratio 1040 / fps/policy 40.53 / fps/train 4.2e4

Writing metrics: /scratch/midway3/rickybao/dreamerv3_runs/adapt_ax1rb5q1s1_synth_seed104_ckpt500000/metrics.jsonl
Writing metrics: /scratch/midway3/rickybao/dreamerv3_runs/adapt_ax1rb5q1s1_synth_seed104_ckpt500000/scores.jsonl

--------------------[Agent Step 123_600]--------------------
Metrics filtered by: 'score|length|fps|ratio|train/loss/|train/rand/'
train/loss/con 0.02 / train/loss/distractor 0.52 / train/loss/dyn 4.65 / train/loss/policy 0.01 / train/loss/position 0.04 / train/loss/rep 4.65 / train/loss/repval 1.93 / train/loss/rew 0.07 / train/loss/to_target 0.05 / train/loss/value 1.31 / train/loss/velocity 0.14 / replay/replay_ratio 1040 / fps/policy 40.53 / fps/train 4.2e4

Writing metrics: /scratch/midway3/rickybao/dreamerv3_runs/adapt_ax1rb5q1s1_synth_seed104_ckpt500000/metrics.jsonlWriting metrics: /scratch/midway3/rickybao/dreamerv3_runs/adapt_ax1rb5q1s1_synth_seed104_ckpt500000/scores.jsonl

[Tue Jul 21 03:45:06 CDT 2026] adapt adapt_ax1rb5q1s1_synth_seed104_ckpt500000 rc=0 status=DONE
[Tue Jul 21 03:45:06 CDT 2026] DONE child adapt_ax1rb5q1s1_synth_seed104_ckpt500000
[Tue Jul 21 03:45:06 CDT 2026] START child adapt_ax1rb5q1s1_synth_seed105_ckpt500000 WM_RUN=ax1wm_synth_q1s1_seed5
[Tue Jul 21 03:45:06 CDT 2026] axis1 child starting RUN_ID=adapt_ax1rb5q1s1_synth_seed105_ckpt500000 WM_RUN=ax1wm_synth_q1s1_seed5 job=52442227 host=midway3-0279.rcc.local
[Tue Jul 21 03:45:06 CDT 2026] env prepared: python=/scratch/midway3/rickybao/conda_envs/dreamerv3/bin/python
python_executable=/scratch/midway3/rickybao/conda_envs/dreamerv3/bin/python
[Tue Jul 21 03:45:06 CDT 2026] offline WM already fit: /scratch/midway3/rickybao/dreamerv3_runs/ax1wm_synth_q1s1_seed5/ckpt/20260718T073847F097122-000000500000 (skipping stage 1)
[Tue Jul 21 03:45:06 CDT 2026] adapt RUN_ID=adapt_ax1rb5q1s1_synth_seed105_ckpt500000 TASK=synth_reach SEED=105 CKPT=/scratch/midway3/rickybao/dreamerv3_runs/ax1wm_synth_q1s1_seed5/ckpt/20260718T073847F097122-000000500000 STEPS=1.25e5
---  ___                           __   ______ ---
--- |   \ _ _ ___ __ _ _ __  ___ _ \ \ / /__ / ---
--- | |) | '_/ -_) _` | '  \/ -_) '/\ V / |_ \ ---
--- |___/|_| \___\__,_|_|_|_\___|_|  \_/ |___/ ---
Replica: 0 / 1
Logdir: /scratch/midway3/rickybao/dreamerv3_runs/adapt_ax1rb5q1s1_synth_seed105_ckpt500000
Run script: train
Observations
  position         Space(float32, shape=(2,), low=-inf, high=inf)
  velocity         Space(float32, shape=(2,), low=-inf, high=inf)
  distractor       Space(float32, shape=(8,), low=-inf, high=inf)
  to_target        Space(float32, shape=(2,), low=-inf, high=inf)
  reward           Space(float32, shape=(), low=-inf, high=inf)
  is_first         Space(bool, shape=(), low=False, high=True)
  is_last          Space(bool, shape=(), low=False, high=True)
  is_terminal      Space(bool, shape=(), low=False, high=True)
Actions
  action           Space(float32, shape=(2,), low=-1.0, high=1.0)
Extras
  consec           Space(int32, shape=(), low=-2147483648, high=2147483647)
  stepid           Space(uint8, shape=(20,), low=0, high=255)
  dyn/deter        Space(float32, shape=(512,), low=-inf, high=inf)
  dyn/stoch        Space(float32, shape=(32, 4), low=-inf, high=inf)
JAX devices (1): [cuda:0]
Policy devices: cuda:0
Train devices:  cuda:0
Initializing parameters...
Optimizer opt has 214,723 params:
        66,111 val
        57,663 rew
        49,796 pol
        41,153 con
Done initializing!
Compiling 1 checkpoint groups...
Largest checkpoint group: 0 GB
Compiling train and report...
Train cost analysis:
  FLOPS:            7.2e+09
  Memory (temp):    2.0e+08
  Memory (inputs):  7.3e+06
  Memory (outputs): 5.9e+06
  Memory (code):    1.5e+06

Report cost analysis:
  FLOPS:            1.8e+06
  Memory (temp):    9.2e+05
  Memory (inputs):  2.7e+06
  Memory (outputs): 2.1e+04
  Memory (code):    9.8e+04

Done compiling!
Loaded pretrained checkpoint with keys: ['dec/mlp/linear0/bias', 'dec/mlp/linear0/kernel', 'dec/mlp/linear1/bias', 'dec/mlp/linear1/kernel', 'dec/mlp/linear2/bias', 'dec/mlp/linear2/kernel', 'dec/mlp/norm0/scale', 'dec/mlp/norm1/scale', 'dec/mlp/norm2/scale', 'dec/vec/distractor/pred/bias', 'dec/vec/distractor/pred/kernel', 'dec/vec/position/pred/bias', 'dec/vec/position/pred/kernel', 'dec/vec/to_target/pred/bias', 'dec/vec/to_target/pred/kernel', 'dec/vec/velocity/pred/bias', 'dec/vec/velocity/pred/kernel', 'dyn/dyngru/bias', 'dyn/dyngru/kernel', 'dyn/dynhid0/bias', 'dyn/dynhid0/kernel', 'dyn/dynhid0norm/scale', 'dyn/dynin0/bias', 'dyn/dynin0/kernel', 'dyn/dynin0norm/scale', 'dyn/dynin1/bias', 'dyn/dynin1/kernel', 'dyn/dynin1norm/scale', 'dyn/dynin2/bias', 'dyn/dynin2/kernel', 'dyn/dynin2norm/scale', 'dyn/obs0/bias', 'dyn/obs0/kernel', 'dyn/obs0norm/scale', 'dyn/obslogit/bias', 'dyn/obslogit/kernel', 'dyn/prior0/bias', 'dyn/prior0/kernel', 'dyn/prior0norm/scale', 'dyn/prior1/bias', 'dyn/prior1/kernel', 'dyn/prior1norm/scale', 'dyn/priorlogit/bias', 'dyn/priorlogit/kernel', 'enc/mlp0/bias', 'enc/mlp0/kernel', 'enc/mlp0norm/scale', 'enc/mlp1/bias', 'enc/mlp1/kernel', 'enc/mlp1norm/scale', 'enc/mlp2/bias', 'enc/mlp2/kernel', 'enc/mlp2norm/scale']
Did not find any checkpoint.
Saving checkpoint: /scratch/midway3/rickybao/dreamerv3_runs/adapt_ax1rb5q1s1_synth_seed105_ckpt500000/ckpt/20260721T034531F004182
Saved checkpoint.
Start training loop

--------------------[Agent Step 6_880]--------------------
Metrics filtered by: 'score|length|fps|ratio|train/loss/|train/rand/'
train/loss/con 0.04 / train/loss/distractor 0.49 / train/loss/dyn 4.33 / train/loss/policy 0.02 / train/loss/position 0.01 / train/loss/rep 4.33 / train/loss/repval 2.72 / train/loss/rew 1.09 / train/loss/to_target 0.02 / train/loss/value 2.07 / train/loss/velocity 0.02 / replay/replay_ratio 858.5 / fps/policy 56.48 / fps/train 4.1e4

Writing metrics: /scratch/midway3/rickybao/dreamerv3_runs/adapt_ax1rb5q1s1_synth_seed105_ckpt500000/metrics.jsonlWriting metrics: /scratch/midway3/rickybao/dreamerv3_runs/adapt_ax1rb5q1s1_synth_seed105_ckpt500000/scores.jsonl


--------------------[Agent Step 11_744]--------------------
Metrics filtered by: 'score|length|fps|ratio|train/loss/|train/rand/'
train/loss/con 0.02 / train/loss/distractor 0.5 / train/loss/dyn 4.38 / train/loss/policy 0.04 / train/loss/position 0.02 / train/loss/rep 4.38 / train/loss/repval 1.17 / train/loss/rew 0.04 / train/loss/to_target 0.03 / train/loss/value 1.01 / train/loss/velocity 0.03 / replay/replay_ratio 1040 / fps/policy 40.52 / fps/train 4.1e4

Writing metrics: /scratch/midway3/rickybao/dreamerv3_runs/adapt_ax1rb5q1s1_synth_seed105_ckpt500000/scores.jsonlWriting metrics: /scratch/midway3/rickybao/dreamerv3_runs/adapt_ax1rb5q1s1_synth_seed105_ckpt500000/metrics.jsonl


--------------------[Agent Step 16_608]--------------------
Metrics filtered by: 'score|length|fps|ratio|train/loss/|train/rand/'
episode/score 16 / episode/length 1001 / train/loss/con 0.02 / train/loss/distractor 0.5 / train/loss/dyn 4.36 / train/loss/policy 0.01 / train/loss/position 0.02 / train/loss/rep 4.36 / train/loss/repval 1.52 / train/loss/rew 0.04 / train/loss/to_target 0.03 / train/loss/value 1.19 / train/loss/velocity 0.05 / replay/replay_ratio 1040 / fps/policy 40.52 / fps/train 4.1e4

Writing metrics: /scratch/midway3/rickybao/dreamerv3_runs/adapt_ax1rb5q1s1_synth_seed105_ckpt500000/metrics.jsonlWriting metrics: /scratch/midway3/rickybao/dreamerv3_runs/adapt_ax1rb5q1s1_synth_seed105_ckpt500000/scores.jsonl


--------------------[Agent Step 21_488]--------------------
Metrics filtered by: 'score|length|fps|ratio|train/loss/|train/rand/'
train/loss/con 0.02 / train/loss/distractor 0.51 / train/loss/dyn 4.36 / train/loss/policy 8.1e-3 / train/loss/position 0.03 / train/loss/rep 4.36 / train/loss/repval 1.34 / train/loss/rew 0.03 / train/loss/to_target 0.03 / train/loss/value 0.96 / train/loss/velocity 0.07 / replay/replay_ratio 1040 / fps/policy 40.54 / fps/train 4.2e4

Writing metrics: /scratch/midway3/rickybao/dreamerv3_runs/adapt_ax1rb5q1s1_synth_seed105_ckpt500000/metrics.jsonlWriting metrics: /scratch/midway3/rickybao/dreamerv3_runs/adapt_ax1rb5q1s1_synth_seed105_ckpt500000/scores.jsonl


--------------------[Agent Step 26_352]--------------------
Metrics filtered by: 'score|length|fps|ratio|train/loss/|train/rand/'
train/loss/con 0.02 / train/loss/distractor 0.51 / train/loss/dyn 4.37 / train/loss/policy 1.3e-3 / train/loss/position 0.02 / train/loss/rep 4.37 / train/loss/repval 1.36 / train/loss/rew 0.04 / train/loss/to_target 0.03 / train/loss/value 1.14 / train/loss/velocity 0.06 / replay/replay_ratio 1040 / fps/policy 40.53 / fps/train 4.2e4

Writing metrics: /scratch/midway3/rickybao/dreamerv3_runs/adapt_ax1rb5q1s1_synth_seed105_ckpt500000/metrics.jsonlWriting metrics: /scratch/midway3/rickybao/dreamerv3_runs/adapt_ax1rb5q1s1_synth_seed105_ckpt500000/scores.jsonl


--------------------[Agent Step 31_216]--------------------
Metrics filtered by: 'score|length|fps|ratio|train/loss/|train/rand/'
train/loss/con 0.02 / train/loss/distractor 0.51 / train/loss/dyn 4.54 / train/loss/policy -9.3e-3 / train/loss/position 0.03 / train/loss/rep 4.54 / train/loss/repval 1.38 / train/loss/rew 0.06 / train/loss/to_target 0.03 / train/loss/value 0.93 / train/loss/velocity 0.11 / replay/replay_ratio 1040 / fps/policy 40.52 / fps/train 4.1e4

Writing metrics: /scratch/midway3/rickybao/dreamerv3_runs/adapt_ax1rb5q1s1_synth_seed105_ckpt500000/scores.jsonl
Writing metrics: /scratch/midway3/rickybao/dreamerv3_runs/adapt_ax1rb5q1s1_synth_seed105_ckpt500000/metrics.jsonl

--------------------[Agent Step 36_080]--------------------
Metrics filtered by: 'score|length|fps|ratio|train/loss/|train/rand/'
episode/score 18 / episode/length 1001 / train/loss/con 0.02 / train/loss/distractor 0.51 / train/loss/dyn 4.77 / train/loss/policy -9.8e-3 / train/loss/position 0.04 / train/loss/rep 4.77 / train/loss/repval 1.34 / train/loss/rew 0.05 / train/loss/to_target 0.04 / train/loss/value 1 / train/loss/velocity 0.17 / replay/replay_ratio 1040 / fps/policy 40.53 / fps/train 4.2e4

Writing metrics: /scratch/midway3/rickybao/dreamerv3_runs/adapt_ax1rb5q1s1_synth_seed105_ckpt500000/metrics.jsonl
Writing metrics: /scratch/midway3/rickybao/dreamerv3_runs/adapt_ax1rb5q1s1_synth_seed105_ckpt500000/scores.jsonl
Saving checkpoint: /scratch/midway3/rickybao/dreamerv3_runs/adapt_ax1rb5q1s1_synth_seed105_ckpt500000/ckpt/20260721T040032F814783
Saved checkpoint.

--------------------[Agent Step 40_912]--------------------
Metrics filtered by: 'score|length|fps|ratio|train/loss/|train/rand/'
train/loss/con 0.02 / train/loss/distractor 0.51 / train/loss/dyn 4.73 / train/loss/policy 6.6e-3 / train/loss/position 0.04 / train/loss/rep 4.73 / train/loss/repval 1.35 / train/loss/rew 0.05 / train/loss/to_target 0.04 / train/loss/value 1.02 / train/loss/velocity 0.16 / replay/replay_ratio 1040 / fps/policy 40.26 / fps/train 4.1e4

Writing metrics: /scratch/midway3/rickybao/dreamerv3_runs/adapt_ax1rb5q1s1_synth_seed105_ckpt500000/metrics.jsonlWriting metrics: /scratch/midway3/rickybao/dreamerv3_runs/adapt_ax1rb5q1s1_synth_seed105_ckpt500000/scores.jsonl


--------------------[Agent Step 45_792]--------------------
Metrics filtered by: 'score|length|fps|ratio|train/loss/|train/rand/'
train/loss/con 0.02 / train/loss/distractor 0.52 / train/loss/dyn 4.74 / train/loss/policy 0.03 / train/loss/position 0.04 / train/loss/rep 4.74 / train/loss/repval 1.42 / train/loss/rew 0.05 / train/loss/to_target 0.05 / train/loss/value 1.02 / train/loss/velocity 0.16 / replay/replay_ratio 1040 / fps/policy 40.54 / fps/train 4.2e4

Writing metrics: /scratch/midway3/rickybao/dreamerv3_runs/adapt_ax1rb5q1s1_synth_seed105_ckpt500000/metrics.jsonlWriting metrics: /scratch/midway3/rickybao/dreamerv3_runs/adapt_ax1rb5q1s1_synth_seed105_ckpt500000/scores.jsonl


--------------------[Agent Step 50_656]--------------------
Metrics filtered by: 'score|length|fps|ratio|train/loss/|train/rand/'
episode/score 4 / episode/length 1001 / train/loss/con 0.02 / train/loss/distractor 0.53 / train/loss/dyn 4.83 / train/loss/policy 0.02 / train/loss/position 0.06 / train/loss/rep 4.83 / train/loss/repval 1.46 / train/loss/rew 0.04 / train/loss/to_target 0.06 / train/loss/value 0.98 / train/loss/velocity 0.18 / replay/replay_ratio 1040 / fps/policy 40.53 / fps/train 4.2e4

Writing metrics: /scratch/midway3/rickybao/dreamerv3_runs/adapt_ax1rb5q1s1_synth_seed105_ckpt500000/scores.jsonl
Writing metrics: /scratch/midway3/rickybao/dreamerv3_runs/adapt_ax1rb5q1s1_synth_seed105_ckpt500000/metrics.jsonl

--------------------[Agent Step 55_520]--------------------
Metrics filtered by: 'score|length|fps|ratio|train/loss/|train/rand/'
train/loss/con 0.02 / train/loss/distractor 0.54 / train/loss/dyn 4.86 / train/loss/policy -5.1e-3 / train/loss/position 0.07 / train/loss/rep 4.86 / train/loss/repval 1.54 / train/loss/rew 0.05 / train/loss/to_target 0.07 / train/loss/value 1.15 / train/loss/velocity 0.18 / replay/replay_ratio 1040 / fps/policy 40.51 / fps/train 4.1e4

Writing metrics: /scratch/midway3/rickybao/dreamerv3_runs/adapt_ax1rb5q1s1_synth_seed105_ckpt500000/metrics.jsonlWriting metrics: /scratch/midway3/rickybao/dreamerv3_runs/adapt_ax1rb5q1s1_synth_seed105_ckpt500000/scores.jsonl


--------------------[Agent Step 60_384]--------------------
Metrics filtered by: 'score|length|fps|ratio|train/loss/|train/rand/'
train/loss/con 0.02 / train/loss/distractor 0.54 / train/loss/dyn 4.82 / train/loss/policy -7.1e-3 / train/loss/position 0.07 / train/loss/rep 4.82 / train/loss/repval 1.54 / train/loss/rew 0.05 / train/loss/to_target 0.07 / train/loss/value 1.11 / train/loss/velocity 0.17 / replay/replay_ratio 1040 / fps/policy 40.51 / fps/train 4.1e4

Writing metrics: /scratch/midway3/rickybao/dreamerv3_runs/adapt_ax1rb5q1s1_synth_seed105_ckpt500000/scores.jsonl
Writing metrics: /scratch/midway3/rickybao/dreamerv3_runs/adapt_ax1rb5q1s1_synth_seed105_ckpt500000/metrics.jsonl

--------------------[Agent Step 65_248]--------------------
Metrics filtered by: 'score|length|fps|ratio|train/loss/|train/rand/'
episode/score 63 / episode/length 1001 / train/loss/con 0.02 / train/loss/distractor 0.54 / train/loss/dyn 4.79 / train/loss/policy -0.01 / train/loss/position 0.07 / train/loss/rep 4.79 / train/loss/repval 1.42 / train/loss/rew 0.06 / train/loss/to_target 0.07 / train/loss/value 1.05 / train/loss/velocity 0.16 / replay/replay_ratio 1040 / fps/policy 40.52 / fps/train 4.1e4

Writing metrics: /scratch/midway3/rickybao/dreamerv3_runs/adapt_ax1rb5q1s1_synth_seed105_ckpt500000/metrics.jsonlWriting metrics: /scratch/midway3/rickybao/dreamerv3_runs/adapt_ax1rb5q1s1_synth_seed105_ckpt500000/scores.jsonl


--------------------[Agent Step 70_112]--------------------
Metrics filtered by: 'score|length|fps|ratio|train/loss/|train/rand/'
train/loss/con 0.02 / train/loss/distractor 0.54 / train/loss/dyn 4.76 / train/loss/policy -3.5e-3 / train/loss/position 0.06 / train/loss/rep 4.76 / train/loss/repval 1.52 / train/loss/rew 0.07 / train/loss/to_target 0.06 / train/loss/value 1.04 / train/loss/velocity 0.15 / replay/replay_ratio 1040 / fps/policy 40.53 / fps/train 4.1e4

Writing metrics: /scratch/midway3/rickybao/dreamerv3_runs/adapt_ax1rb5q1s1_synth_seed105_ckpt500000/metrics.jsonl
Writing metrics: /scratch/midway3/rickybao/dreamerv3_runs/adapt_ax1rb5q1s1_synth_seed105_ckpt500000/scores.jsonl
Saving checkpoint: /scratch/midway3/rickybao/dreamerv3_runs/adapt_ax1rb5q1s1_synth_seed105_ckpt500000/ckpt/20260721T041532F870739
Saved checkpoint.

--------------------[Agent Step 74_960]--------------------
Metrics filtered by: 'score|length|fps|ratio|train/loss/|train/rand/'
train/loss/con 0.02 / train/loss/distractor 0.54 / train/loss/dyn 4.74 / train/loss/policy 0.03 / train/loss/position 0.06 / train/loss/rep 4.74 / train/loss/repval 1.76 / train/loss/rew 0.07 / train/loss/to_target 0.06 / train/loss/value 1.23 / train/loss/velocity 0.15 / replay/replay_ratio 1040 / fps/policy 40.29 / fps/train 4.1e4

Writing metrics: /scratch/midway3/rickybao/dreamerv3_runs/adapt_ax1rb5q1s1_synth_seed105_ckpt500000/metrics.jsonlWriting metrics: /scratch/midway3/rickybao/dreamerv3_runs/adapt_ax1rb5q1s1_synth_seed105_ckpt500000/scores.jsonl


--------------------[Agent Step 79_824]--------------------
Metrics filtered by: 'score|length|fps|ratio|train/loss/|train/rand/'
train/loss/con 0.02 / train/loss/distractor 0.53 / train/loss/dyn 4.74 / train/loss/policy -0.03 / train/loss/position 0.06 / train/loss/rep 4.74 / train/loss/repval 1.6 / train/loss/rew 0.07 / train/loss/to_target 0.06 / train/loss/value 1.2 / train/loss/velocity 0.15 / replay/replay_ratio 1040 / fps/policy 40.52 / fps/train 4.1e4

Writing metrics: /scratch/midway3/rickybao/dreamerv3_runs/adapt_ax1rb5q1s1_synth_seed105_ckpt500000/metrics.jsonlWriting metrics: /scratch/midway3/rickybao/dreamerv3_runs/adapt_ax1rb5q1s1_synth_seed105_ckpt500000/scores.jsonl


--------------------[Agent Step 84_688]--------------------
Metrics filtered by: 'score|length|fps|ratio|train/loss/|train/rand/'
episode/score 55 / episode/length 1001 / train/loss/con 0.02 / train/loss/distractor 0.54 / train/loss/dyn 4.72 / train/loss/policy 0.01 / train/loss/position 0.06 / train/loss/rep 4.72 / train/loss/repval 1.68 / train/loss/rew 0.07 / train/loss/to_target 0.06 / train/loss/value 1.2 / train/loss/velocity 0.14 / replay/replay_ratio 1040 / fps/policy 40.52 / fps/train 4.1e4

Writing metrics: /scratch/midway3/rickybao/dreamerv3_runs/adapt_ax1rb5q1s1_synth_seed105_ckpt500000/metrics.jsonl
Writing metrics: /scratch/midway3/rickybao/dreamerv3_runs/adapt_ax1rb5q1s1_synth_seed105_ckpt500000/scores.jsonl

--------------------[Agent Step 89_552]--------------------
Metrics filtered by: 'score|length|fps|ratio|train/loss/|train/rand/'
train/loss/con 0.02 / train/loss/distractor 0.54 / train/loss/dyn 4.7 / train/loss/policy -0.02 / train/loss/position 0.06 / train/loss/rep 4.7 / train/loss/repval 1.7 / train/loss/rew 0.07 / train/loss/to_target 0.06 / train/loss/value 1.25 / train/loss/velocity 0.14 / replay/replay_ratio 1040 / fps/policy 40.53 / fps/train 4.2e4

Writing metrics: /scratch/midway3/rickybao/dreamerv3_runs/adapt_ax1rb5q1s1_synth_seed105_ckpt500000/metrics.jsonl
Writing metrics: /scratch/midway3/rickybao/dreamerv3_runs/adapt_ax1rb5q1s1_synth_seed105_ckpt500000/scores.jsonl

--------------------[Agent Step 94_432]--------------------
Metrics filtered by: 'score|length|fps|ratio|train/loss/|train/rand/'
train/loss/con 0.02 / train/loss/distractor 0.54 / train/loss/dyn 4.68 / train/loss/policy 5.7e-4 / train/loss/position 0.05 / train/loss/rep 4.68 / train/loss/repval 1.5 / train/loss/rew 0.08 / train/loss/to_target 0.06 / train/loss/value 1.1 / train/loss/velocity 0.13 / replay/replay_ratio 1040 / fps/policy 40.54 / fps/train 4.2e4

Writing metrics: /scratch/midway3/rickybao/dreamerv3_runs/adapt_ax1rb5q1s1_synth_seed105_ckpt500000/metrics.jsonl
Writing metrics: /scratch/midway3/rickybao/dreamerv3_runs/adapt_ax1rb5q1s1_synth_seed105_ckpt500000/scores.jsonl

--------------------[Agent Step 99_296]--------------------
Metrics filtered by: 'score|length|fps|ratio|train/loss/|train/rand/'
episode/score 23 / episode/length 1001 / train/loss/con 0.02 / train/loss/distractor 0.54 / train/loss/dyn 4.68 / train/loss/policy -9.2e-3 / train/loss/position 0.05 / train/loss/rep 4.68 / train/loss/repval 1.5 / train/loss/rew 0.08 / train/loss/to_target 0.06 / train/loss/value 1.13 / train/loss/velocity 0.13 / replay/replay_ratio 1040 / fps/policy 40.53 / fps/train 4.2e4

Writing metrics: /scratch/midway3/rickybao/dreamerv3_runs/adapt_ax1rb5q1s1_synth_seed105_ckpt500000/metrics.jsonlWriting metrics: /scratch/midway3/rickybao/dreamerv3_runs/adapt_ax1rb5q1s1_synth_seed105_ckpt500000/scores.jsonl


--------------------[Agent Step 104_160]--------------------
Metrics filtered by: 'score|length|fps|ratio|train/loss/|train/rand/'
train/loss/con 0.02 / train/loss/distractor 0.54 / train/loss/dyn 4.66 / train/loss/policy 0.01 / train/loss/position 0.05 / train/loss/rep 4.66 / train/loss/repval 1.41 / train/loss/rew 0.09 / train/loss/to_target 0.06 / train/loss/value 1.04 / train/loss/velocity 0.12 / replay/replay_ratio 1040 / fps/policy 40.52 / fps/train 4.1e4

Writing metrics: /scratch/midway3/rickybao/dreamerv3_runs/adapt_ax1rb5q1s1_synth_seed105_ckpt500000/scores.jsonlWriting metrics: /scratch/midway3/rickybao/dreamerv3_runs/adapt_ax1rb5q1s1_synth_seed105_ckpt500000/metrics.jsonl


--------------------[Agent Step 109_024]--------------------
Metrics filtered by: 'score|length|fps|ratio|train/loss/|train/rand/'
train/loss/con 0.02 / train/loss/distractor 0.54 / train/loss/dyn 4.66 / train/loss/policy 0.02 / train/loss/position 0.05 / train/loss/rep 4.66 / train/loss/repval 1.49 / train/loss/rew 0.1 / train/loss/to_target 0.06 / train/loss/value 1.12 / train/loss/velocity 0.12 / replay/replay_ratio 1040 / fps/policy 40.46 / fps/train 4.1e4

Writing metrics: /scratch/midway3/rickybao/dreamerv3_runs/adapt_ax1rb5q1s1_synth_seed105_ckpt500000/metrics.jsonlWriting metrics: /scratch/midway3/rickybao/dreamerv3_runs/adapt_ax1rb5q1s1_synth_seed105_ckpt500000/scores.jsonl

Saving checkpoint: /scratch/midway3/rickybao/dreamerv3_runs/adapt_ax1rb5q1s1_synth_seed105_ckpt500000/ckpt/20260721T043033F124571
Saved checkpoint.

--------------------[Agent Step 113_872]--------------------
Metrics filtered by: 'score|length|fps|ratio|train/loss/|train/rand/'
episode/score 120 / episode/length 1001 / train/loss/con 0.02 / train/loss/distractor 0.54 / train/loss/dyn 4.66 / train/loss/policy 0.09 / train/loss/position 0.05 / train/loss/rep 4.66 / train/loss/repval 1.68 / train/loss/rew 0.11 / train/loss/to_target 0.06 / train/loss/value 1.18 / train/loss/velocity 0.12 / replay/replay_ratio 1040 / fps/policy 40.3 / fps/train 4.1e4

Writing metrics: /scratch/midway3/rickybao/dreamerv3_runs/adapt_ax1rb5q1s1_synth_seed105_ckpt500000/metrics.jsonl
Writing metrics: /scratch/midway3/rickybao/dreamerv3_runs/adapt_ax1rb5q1s1_synth_seed105_ckpt500000/scores.jsonl

--------------------[Agent Step 118_736]--------------------
Metrics filtered by: 'score|length|fps|ratio|train/loss/|train/rand/'
train/loss/con 0.02 / train/loss/distractor 0.54 / train/loss/dyn 4.66 / train/loss/policy -7.5e-3 / train/loss/position 0.05 / train/loss/rep 4.66 / train/loss/repval 1.53 / train/loss/rew 0.11 / train/loss/to_target 0.06 / train/loss/value 1.15 / train/loss/velocity 0.12 / replay/replay_ratio 1040 / fps/policy 40.51 / fps/train 4.1e4

Writing metrics: /scratch/midway3/rickybao/dreamerv3_runs/adapt_ax1rb5q1s1_synth_seed105_ckpt500000/scores.jsonl
Writing metrics: /scratch/midway3/rickybao/dreamerv3_runs/adapt_ax1rb5q1s1_synth_seed105_ckpt500000/metrics.jsonl

--------------------[Agent Step 123_600]--------------------
Metrics filtered by: 'score|length|fps|ratio|train/loss/|train/rand/'
train/loss/con 0.02 / train/loss/distractor 0.54 / train/loss/dyn 4.64 / train/loss/policy -0.01 / train/loss/position 0.05 / train/loss/rep 4.64 / train/loss/repval 1.35 / train/loss/rew 0.13 / train/loss/to_target 0.06 / train/loss/value 0.96 / train/loss/velocity 0.11 / replay/replay_ratio 1040 / fps/policy 40.51 / fps/train 4.1e4

Writing metrics: /scratch/midway3/rickybao/dreamerv3_runs/adapt_ax1rb5q1s1_synth_seed105_ckpt500000/metrics.jsonlWriting metrics: /scratch/midway3/rickybao/dreamerv3_runs/adapt_ax1rb5q1s1_synth_seed105_ckpt500000/scores.jsonl

[Tue Jul 21 04:36:10 CDT 2026] adapt adapt_ax1rb5q1s1_synth_seed105_ckpt500000 rc=0 status=DONE
[Tue Jul 21 04:36:10 CDT 2026] DONE child adapt_ax1rb5q1s1_synth_seed105_ckpt500000
[Tue Jul 21 04:36:10 CDT 2026] START child adapt_ax1rb5q1s1_synth_seed106_ckpt500000 WM_RUN=ax1wm_synth_q1s1_seed5
[Tue Jul 21 04:36:10 CDT 2026] axis1 child starting RUN_ID=adapt_ax1rb5q1s1_synth_seed106_ckpt500000 WM_RUN=ax1wm_synth_q1s1_seed5 job=52442227 host=midway3-0279.rcc.local
[Tue Jul 21 04:36:10 CDT 2026] env prepared: python=/scratch/midway3/rickybao/conda_envs/dreamerv3/bin/python
python_executable=/scratch/midway3/rickybao/conda_envs/dreamerv3/bin/python
[Tue Jul 21 04:36:10 CDT 2026] offline WM already fit: /scratch/midway3/rickybao/dreamerv3_runs/ax1wm_synth_q1s1_seed5/ckpt/20260718T073847F097122-000000500000 (skipping stage 1)
[Tue Jul 21 04:36:10 CDT 2026] adapt RUN_ID=adapt_ax1rb5q1s1_synth_seed106_ckpt500000 TASK=synth_reach SEED=106 CKPT=/scratch/midway3/rickybao/dreamerv3_runs/ax1wm_synth_q1s1_seed5/ckpt/20260718T073847F097122-000000500000 STEPS=1.25e5
---  ___                           __   ______ ---
--- |   \ _ _ ___ __ _ _ __  ___ _ \ \ / /__ / ---
--- | |) | '_/ -_) _` | '  \/ -_) '/\ V / |_ \ ---
--- |___/|_| \___\__,_|_|_|_\___|_|  \_/ |___/ ---
Replica: 0 / 1
Logdir: /scratch/midway3/rickybao/dreamerv3_runs/adapt_ax1rb5q1s1_synth_seed106_ckpt500000
Run script: train
Observations
  position         Space(float32, shape=(2,), low=-inf, high=inf)
  velocity         Space(float32, shape=(2,), low=-inf, high=inf)
  distractor       Space(float32, shape=(8,), low=-inf, high=inf)
  to_target        Space(float32, shape=(2,), low=-inf, high=inf)
  reward           Space(float32, shape=(), low=-inf, high=inf)
  is_first         Space(bool, shape=(), low=False, high=True)
  is_last          Space(bool, shape=(), low=False, high=True)
  is_terminal      Space(bool, shape=(), low=False, high=True)
Actions
  action           Space(float32, shape=(2,), low=-1.0, high=1.0)
Extras
  consec           Space(int32, shape=(), low=-2147483648, high=2147483647)
  stepid           Space(uint8, shape=(20,), low=0, high=255)
  dyn/deter        Space(float32, shape=(512,), low=-inf, high=inf)
  dyn/stoch        Space(float32, shape=(32, 4), low=-inf, high=inf)
JAX devices (1): [cuda:0]
Policy devices: cuda:0
Train devices:  cuda:0
Initializing parameters...
Optimizer opt has 214,723 params:
        66,111 val
        57,663 rew
        49,796 pol
        41,153 con
Done initializing!
Compiling 1 checkpoint groups...
Largest checkpoint group: 0 GB
Compiling train and report...
Train cost analysis:
  FLOPS:            7.2e+09
  Memory (temp):    2.0e+08
  Memory (inputs):  7.3e+06
  Memory (outputs): 5.9e+06
  Memory (code):    1.5e+06

Report cost analysis:
  FLOPS:            1.8e+06
  Memory (temp):    9.2e+05
  Memory (inputs):  2.7e+06
  Memory (outputs): 2.1e+04
  Memory (code):    9.8e+04

Done compiling!
Loaded pretrained checkpoint with keys: ['dec/mlp/linear0/bias', 'dec/mlp/linear0/kernel', 'dec/mlp/linear1/bias', 'dec/mlp/linear1/kernel', 'dec/mlp/linear2/bias', 'dec/mlp/linear2/kernel', 'dec/mlp/norm0/scale', 'dec/mlp/norm1/scale', 'dec/mlp/norm2/scale', 'dec/vec/distractor/pred/bias', 'dec/vec/distractor/pred/kernel', 'dec/vec/position/pred/bias', 'dec/vec/position/pred/kernel', 'dec/vec/to_target/pred/bias', 'dec/vec/to_target/pred/kernel', 'dec/vec/velocity/pred/bias', 'dec/vec/velocity/pred/kernel', 'dyn/dyngru/bias', 'dyn/dyngru/kernel', 'dyn/dynhid0/bias', 'dyn/dynhid0/kernel', 'dyn/dynhid0norm/scale', 'dyn/dynin0/bias', 'dyn/dynin0/kernel', 'dyn/dynin0norm/scale', 'dyn/dynin1/bias', 'dyn/dynin1/kernel', 'dyn/dynin1norm/scale', 'dyn/dynin2/bias', 'dyn/dynin2/kernel', 'dyn/dynin2norm/scale', 'dyn/obs0/bias', 'dyn/obs0/kernel', 'dyn/obs0norm/scale', 'dyn/obslogit/bias', 'dyn/obslogit/kernel', 'dyn/prior0/bias', 'dyn/prior0/kernel', 'dyn/prior0norm/scale', 'dyn/prior1/bias', 'dyn/prior1/kernel', 'dyn/prior1norm/scale', 'dyn/priorlogit/bias', 'dyn/priorlogit/kernel', 'enc/mlp0/bias', 'enc/mlp0/kernel', 'enc/mlp0norm/scale', 'enc/mlp1/bias', 'enc/mlp1/kernel', 'enc/mlp1norm/scale', 'enc/mlp2/bias', 'enc/mlp2/kernel', 'enc/mlp2norm/scale']
Did not find any checkpoint.
Saving checkpoint: /scratch/midway3/rickybao/dreamerv3_runs/adapt_ax1rb5q1s1_synth_seed106_ckpt500000/ckpt/20260721T043635F201692
Saved checkpoint.
Start training loop

--------------------[Agent Step 6_880]--------------------
Metrics filtered by: 'score|length|fps|ratio|train/loss/|train/rand/'
train/loss/con 0.04 / train/loss/distractor 0.49 / train/loss/dyn 4.33 / train/loss/policy 0.02 / train/loss/position 0.01 / train/loss/rep 4.33 / train/loss/repval 2.85 / train/loss/rew 1.13 / train/loss/to_target 0.01 / train/loss/value 2.15 / train/loss/velocity 0.02 / replay/replay_ratio 858.5 / fps/policy 56.4 / fps/train 4.1e4

Writing metrics: /scratch/midway3/rickybao/dreamerv3_runs/adapt_ax1rb5q1s1_synth_seed106_ckpt500000/metrics.jsonl
Writing metrics: /scratch/midway3/rickybao/dreamerv3_runs/adapt_ax1rb5q1s1_synth_seed106_ckpt500000/scores.jsonl

--------------------[Agent Step 11_744]--------------------
Metrics filtered by: 'score|length|fps|ratio|train/loss/|train/rand/'
train/loss/con 0.02 / train/loss/distractor 0.5 / train/loss/dyn 4.43 / train/loss/policy 0.1 / train/loss/position 0.03 / train/loss/rep 4.43 / train/loss/repval 1.29 / train/loss/rew 0.07 / train/loss/to_target 0.03 / train/loss/value 1.1 / train/loss/velocity 0.03 / replay/replay_ratio 1040 / fps/policy 40.46 / fps/train 4.1e4

Writing metrics: /scratch/midway3/rickybao/dreamerv3_runs/adapt_ax1rb5q1s1_synth_seed106_ckpt500000/scores.jsonl
Writing metrics: /scratch/midway3/rickybao/dreamerv3_runs/adapt_ax1rb5q1s1_synth_seed106_ckpt500000/metrics.jsonl

--------------------[Agent Step 16_608]--------------------
Metrics filtered by: 'score|length|fps|ratio|train/loss/|train/rand/'
episode/score 0 / episode/length 1001 / train/loss/con 0.02 / train/loss/distractor 0.52 / train/loss/dyn 4.6 / train/loss/policy 0.07 / train/loss/position 0.05 / train/loss/rep 4.6 / train/loss/repval 1.31 / train/loss/rew 0.05 / train/loss/to_target 0.06 / train/loss/value 1.06 / train/loss/velocity 0.05 / replay/replay_ratio 1040 / fps/policy 40.46 / fps/train 4.1e4

Writing metrics: /scratch/midway3/rickybao/dreamerv3_runs/adapt_ax1rb5q1s1_synth_seed106_ckpt500000/metrics.jsonl
Writing metrics: /scratch/midway3/rickybao/dreamerv3_runs/adapt_ax1rb5q1s1_synth_seed106_ckpt500000/scores.jsonl

--------------------[Agent Step 21_472]--------------------
Metrics filtered by: 'score|length|fps|ratio|train/loss/|train/rand/'
train/loss/con 0.02 / train/loss/distractor 0.53 / train/loss/dyn 4.58 / train/loss/policy 0.01 / train/loss/position 0.05 / train/loss/rep 4.58 / train/loss/repval 1.47 / train/loss/rew 0.08 / train/loss/to_target 0.06 / train/loss/value 1.07 / train/loss/velocity 0.05 / replay/replay_ratio 1040 / fps/policy 40.47 / fps/train 4.1e4

Writing metrics: /scratch/midway3/rickybao/dreamerv3_runs/adapt_ax1rb5q1s1_synth_seed106_ckpt500000/metrics.jsonlWriting metrics: /scratch/midway3/rickybao/dreamerv3_runs/adapt_ax1rb5q1s1_synth_seed106_ckpt500000/scores.jsonl


--------------------[Agent Step 26_336]--------------------
Metrics filtered by: 'score|length|fps|ratio|train/loss/|train/rand/'
train/loss/con 0.02 / train/loss/distractor 0.52 / train/loss/dyn 4.49 / train/loss/policy -0.02 / train/loss/position 0.04 / train/loss/rep 4.49 / train/loss/repval 1.48 / train/loss/rew 0.1 / train/loss/to_target 0.05 / train/loss/value 0.96 / train/loss/velocity 0.04 / replay/replay_ratio 1040 / fps/policy 40.47 / fps/train 4.1e4

Writing metrics: /scratch/midway3/rickybao/dreamerv3_runs/adapt_ax1rb5q1s1_synth_seed106_ckpt500000/metrics.jsonl
Writing metrics: /scratch/midway3/rickybao/dreamerv3_runs/adapt_ax1rb5q1s1_synth_seed106_ckpt500000/scores.jsonl

--------------------[Agent Step 31_200]--------------------
Metrics filtered by: 'score|length|fps|ratio|train/loss/|train/rand/'
train/loss/con 0.02 / train/loss/distractor 0.52 / train/loss/dyn 4.42 / train/loss/policy -8e-3 / train/loss/position 0.03 / train/loss/rep 4.42 / train/loss/repval 1.46 / train/loss/rew 0.09 / train/loss/to_target 0.04 / train/loss/value 0.81 / train/loss/velocity 0.04 / replay/replay_ratio 1040 / fps/policy 40.47 / fps/train 4.1e4

Writing metrics: /scratch/midway3/rickybao/dreamerv3_runs/adapt_ax1rb5q1s1_synth_seed106_ckpt500000/metrics.jsonlWriting metrics: /scratch/midway3/rickybao/dreamerv3_runs/adapt_ax1rb5q1s1_synth_seed106_ckpt500000/scores.jsonl


--------------------[Agent Step 36_064]--------------------
Metrics filtered by: 'score|length|fps|ratio|train/loss/|train/rand/'
episode/score 68 / episode/length 1001 / train/loss/con 0.02 / train/loss/distractor 0.52 / train/loss/dyn 4.41 / train/loss/policy -0.03 / train/loss/position 0.03 / train/loss/rep 4.41 / train/loss/repval 1.44 / train/loss/rew 0.12 / train/loss/to_target 0.04 / train/loss/value 0.78 / train/loss/velocity 0.04 / replay/replay_ratio 1040 / fps/policy 40.46 / fps/train 4.1e4

Writing metrics: /scratch/midway3/rickybao/dreamerv3_runs/adapt_ax1rb5q1s1_synth_seed106_ckpt500000/scores.jsonlWriting metrics: /scratch/midway3/rickybao/dreamerv3_runs/adapt_ax1rb5q1s1_synth_seed106_ckpt500000/metrics.jsonl

Saving checkpoint: /scratch/midway3/rickybao/dreamerv3_runs/adapt_ax1rb5q1s1_synth_seed106_ckpt500000/ckpt/20260721T045136F766963
Saved checkpoint.

--------------------[Agent Step 40_896]--------------------
Metrics filtered by: 'score|length|fps|ratio|train/loss/|train/rand/'
train/loss/con 0.02 / train/loss/distractor 0.52 / train/loss/dyn 4.41 / train/loss/policy -0.02 / train/loss/position 0.03 / train/loss/rep 4.41 / train/loss/repval 1.54 / train/loss/rew 0.11 / train/loss/to_target 0.04 / train/loss/value 1.21 / train/loss/velocity 0.04 / replay/replay_ratio 1040 / fps/policy 40.14 / fps/train 4.1e4

Writing metrics: /scratch/midway3/rickybao/dreamerv3_runs/adapt_ax1rb5q1s1_synth_seed106_ckpt500000/metrics.jsonlWriting metrics: /scratch/midway3/rickybao/dreamerv3_runs/adapt_ax1rb5q1s1_synth_seed106_ckpt500000/scores.jsonl


--------------------[Agent Step 45_760]--------------------
Metrics filtered by: 'score|length|fps|ratio|train/loss/|train/rand/'
train/loss/con 0.02 / train/loss/distractor 0.51 / train/loss/dyn 4.44 / train/loss/policy 0.03 / train/loss/position 0.03 / train/loss/rep 4.44 / train/loss/repval 1.51 / train/loss/rew 0.1 / train/loss/to_target 0.04 / train/loss/value 1.07 / train/loss/velocity 0.06 / replay/replay_ratio 1040 / fps/policy 40.47 / fps/train 4.1e4

Writing metrics: /scratch/midway3/rickybao/dreamerv3_runs/adapt_ax1rb5q1s1_synth_seed106_ckpt500000/metrics.jsonl
Writing metrics: /scratch/midway3/rickybao/dreamerv3_runs/adapt_ax1rb5q1s1_synth_seed106_ckpt500000/scores.jsonl

--------------------[Agent Step 50_624]--------------------
Metrics filtered by: 'score|length|fps|ratio|train/loss/|train/rand/'
episode/score 11 / episode/length 1001 / train/loss/con 0.02 / train/loss/distractor 0.52 / train/loss/dyn 4.44 / train/loss/policy 5.7e-3 / train/loss/position 0.03 / train/loss/rep 4.44 / train/loss/repval 1.56 / train/loss/rew 0.11 / train/loss/to_target 0.04 / train/loss/value 1.07 / train/loss/velocity 0.06 / replay/replay_ratio 1040 / fps/policy 40.47 / fps/train 4.1e4

Writing metrics: /scratch/midway3/rickybao/dreamerv3_runs/adapt_ax1rb5q1s1_synth_seed106_ckpt500000/metrics.jsonl
Writing metrics: /scratch/midway3/rickybao/dreamerv3_runs/adapt_ax1rb5q1s1_synth_seed106_ckpt500000/scores.jsonl

--------------------[Agent Step 55_488]--------------------
Metrics filtered by: 'score|length|fps|ratio|train/loss/|train/rand/'
train/loss/con 0.02 / train/loss/distractor 0.52 / train/loss/dyn 4.45 / train/loss/policy 0.04 / train/loss/position 0.03 / train/loss/rep 4.45 / train/loss/repval 1.54 / train/loss/rew 0.1 / train/loss/to_target 0.04 / train/loss/value 1.05 / train/loss/velocity 0.07 / replay/replay_ratio 1040 / fps/policy 40.47 / fps/train 4.1e4

Writing metrics: /scratch/midway3/rickybao/dreamerv3_runs/adapt_ax1rb5q1s1_synth_seed106_ckpt500000/metrics.jsonl
Writing metrics: /scratch/midway3/rickybao/dreamerv3_runs/adapt_ax1rb5q1s1_synth_seed106_ckpt500000/scores.jsonl

--------------------[Agent Step 60_352]--------------------
Metrics filtered by: 'score|length|fps|ratio|train/loss/|train/rand/'
train/loss/con 0.02 / train/loss/distractor 0.52 / train/loss/dyn 4.45 / train/loss/policy -6.5e-3 / train/loss/position 0.03 / train/loss/rep 4.45 / train/loss/repval 1.58 / train/loss/rew 0.09 / train/loss/to_target 0.04 / train/loss/value 1.04 / train/loss/velocity 0.07 / replay/replay_ratio 1040 / fps/policy 40.48 / fps/train 4.1e4

Writing metrics: /scratch/midway3/rickybao/dreamerv3_runs/adapt_ax1rb5q1s1_synth_seed106_ckpt500000/scores.jsonl
Writing metrics: /scratch/midway3/rickybao/dreamerv3_runs/adapt_ax1rb5q1s1_synth_seed106_ckpt500000/metrics.jsonl

--------------------[Agent Step 65_216]--------------------
Metrics filtered by: 'score|length|fps|ratio|train/loss/|train/rand/'
episode/score 49 / episode/length 1001 / train/loss/con 0.02 / train/loss/distractor 0.52 / train/loss/dyn 4.46 / train/loss/policy -9e-3 / train/loss/position 0.03 / train/loss/rep 4.46 / train/loss/repval 1.56 / train/loss/rew 0.09 / train/loss/to_target 0.04 / train/loss/value 1.04 / train/loss/velocity 0.08 / replay/replay_ratio 1040 / fps/policy 40.47 / fps/train 4.1e4

Writing metrics: /scratch/midway3/rickybao/dreamerv3_runs/adapt_ax1rb5q1s1_synth_seed106_ckpt500000/scores.jsonl
Writing metrics: /scratch/midway3/rickybao/dreamerv3_runs/adapt_ax1rb5q1s1_synth_seed106_ckpt500000/metrics.jsonl

--------------------[Agent Step 70_080]--------------------
Metrics filtered by: 'score|length|fps|ratio|train/loss/|train/rand/'
train/loss/con 0.02 / train/loss/distractor 0.52 / train/loss/dyn 4.46 / train/loss/policy -8.3e-3 / train/loss/position 0.03 / train/loss/rep 4.46 / train/loss/repval 1.52 / train/loss/rew 0.09 / train/loss/to_target 0.04 / train/loss/value 1.06 / train/loss/velocity 0.07 / replay/replay_ratio 1040 / fps/policy 40.48 / fps/train 4.1e4

Writing metrics: /scratch/midway3/rickybao/dreamerv3_runs/adapt_ax1rb5q1s1_synth_seed106_ckpt500000/scores.jsonlWriting metrics: /scratch/midway3/rickybao/dreamerv3_runs/adapt_ax1rb5q1s1_synth_seed106_ckpt500000/metrics.jsonl

Saving checkpoint: /scratch/midway3/rickybao/dreamerv3_runs/adapt_ax1rb5q1s1_synth_seed106_ckpt500000/ckpt/20260721T050636F847730
Saved checkpoint.

--------------------[Agent Step 74_928]--------------------
Metrics filtered by: 'score|length|fps|ratio|train/loss/|train/rand/'
train/loss/con 0.02 / train/loss/distractor 0.52 / train/loss/dyn 4.46 / train/loss/policy -0.01 / train/loss/position 0.03 / train/loss/rep 4.46 / train/loss/repval 1.62 / train/loss/rew 0.1 / train/loss/to_target 0.04 / train/loss/value 1.15 / train/loss/velocity 0.07 / replay/replay_ratio 1040 / fps/policy 40.3 / fps/train 4.1e4

Writing metrics: /scratch/midway3/rickybao/dreamerv3_runs/adapt_ax1rb5q1s1_synth_seed106_ckpt500000/metrics.jsonl
Writing metrics: /scratch/midway3/rickybao/dreamerv3_runs/adapt_ax1rb5q1s1_synth_seed106_ckpt500000/scores.jsonl

--------------------[Agent Step 79_792]--------------------
Metrics filtered by: 'score|length|fps|ratio|train/loss/|train/rand/'
train/loss/con 0.02 / train/loss/distractor 0.52 / train/loss/dyn 4.45 / train/loss/policy -0.02 / train/loss/position 0.03 / train/loss/rep 4.45 / train/loss/repval 1.55 / train/loss/rew 0.14 / train/loss/to_target 0.05 / train/loss/value 1.11 / train/loss/velocity 0.07 / replay/replay_ratio 1040 / fps/policy 40.47 / fps/train 4.1e4

Writing metrics: /scratch/midway3/rickybao/dreamerv3_runs/adapt_ax1rb5q1s1_synth_seed106_ckpt500000/scores.jsonl
Writing metrics: /scratch/midway3/rickybao/dreamerv3_runs/adapt_ax1rb5q1s1_synth_seed106_ckpt500000/metrics.jsonl

--------------------[Agent Step 84_656]--------------------
Metrics filtered by: 'score|length|fps|ratio|train/loss/|train/rand/'
episode/score 239 / episode/length 1001 / train/loss/con 0.02 / train/loss/distractor 0.52 / train/loss/dyn 4.45 / train/loss/policy 0.05 / train/loss/position 0.03 / train/loss/rep 4.45 / train/loss/repval 1.43 / train/loss/rew 0.16 / train/loss/to_target 0.05 / train/loss/value 1.08 / train/loss/velocity 0.07 / replay/replay_ratio 1040 / fps/policy 40.47 / fps/train 4.1e4

Writing metrics: /scratch/midway3/rickybao/dreamerv3_runs/adapt_ax1rb5q1s1_synth_seed106_ckpt500000/metrics.jsonlWriting metrics: /scratch/midway3/rickybao/dreamerv3_runs/adapt_ax1rb5q1s1_synth_seed106_ckpt500000/scores.jsonl


--------------------[Agent Step 89_520]--------------------
Metrics filtered by: 'score|length|fps|ratio|train/loss/|train/rand/'
train/loss/con 0.02 / train/loss/distractor 0.53 / train/loss/dyn 4.45 / train/loss/policy -0.01 / train/loss/position 0.03 / train/loss/rep 4.45 / train/loss/repval 1.33 / train/loss/rew 0.19 / train/loss/to_target 0.05 / train/loss/value 0.97 / train/loss/velocity 0.07 / replay/replay_ratio 1040 / fps/policy 40.47 / fps/train 4.1e4

Writing metrics: /scratch/midway3/rickybao/dreamerv3_runs/adapt_ax1rb5q1s1_synth_seed106_ckpt500000/metrics.jsonlWriting metrics: /scratch/midway3/rickybao/dreamerv3_runs/adapt_ax1rb5q1s1_synth_seed106_ckpt500000/scores.jsonl


--------------------[Agent Step 94_384]--------------------
Metrics filtered by: 'score|length|fps|ratio|train/loss/|train/rand/'
train/loss/con 0.02 / train/loss/distractor 0.53 / train/loss/dyn 4.45 / train/loss/policy 0.13 / train/loss/position 0.03 / train/loss/rep 4.45 / train/loss/repval 1.46 / train/loss/rew 0.2 / train/loss/to_target 0.05 / train/loss/value 1.01 / train/loss/velocity 0.07 / replay/replay_ratio 1040 / fps/policy 40.46 / fps/train 4.1e4

Writing metrics: /scratch/midway3/rickybao/dreamerv3_runs/adapt_ax1rb5q1s1_synth_seed106_ckpt500000/scores.jsonlWriting metrics: /scratch/midway3/rickybao/dreamerv3_runs/adapt_ax1rb5q1s1_synth_seed106_ckpt500000/metrics.jsonl


--------------------[Agent Step 99_248]--------------------
Metrics filtered by: 'score|length|fps|ratio|train/loss/|train/rand/'
episode/score 244 / episode/length 1001 / train/loss/con 0.02 / train/loss/distractor 0.53 / train/loss/dyn 4.44 / train/loss/policy 0.1 / train/loss/position 0.03 / train/loss/rep 4.44 / train/loss/repval 1.97 / train/loss/rew 0.2 / train/loss/to_target 0.05 / train/loss/value 1.22 / train/loss/velocity 0.07 / replay/replay_ratio 1040 / fps/policy 40.46 / fps/train 4.1e4

Writing metrics: /scratch/midway3/rickybao/dreamerv3_runs/adapt_ax1rb5q1s1_synth_seed106_ckpt500000/metrics.jsonlWriting metrics: /scratch/midway3/rickybao/dreamerv3_runs/adapt_ax1rb5q1s1_synth_seed106_ckpt500000/scores.jsonl


--------------------[Agent Step 104_112]--------------------
Metrics filtered by: 'score|length|fps|ratio|train/loss/|train/rand/'
train/loss/con 0.02 / train/loss/distractor 0.53 / train/loss/dyn 4.45 / train/loss/policy -0.1 / train/loss/position 0.03 / train/loss/rep 4.45 / train/loss/repval 1.39 / train/loss/rew 0.19 / train/loss/to_target 0.05 / train/loss/value 1.04 / train/loss/velocity 0.07 / replay/replay_ratio 1040 / fps/policy 40.47 / fps/train 4.1e4

Writing metrics: /scratch/midway3/rickybao/dreamerv3_runs/adapt_ax1rb5q1s1_synth_seed106_ckpt500000/scores.jsonlWriting metrics: /scratch/midway3/rickybao/dreamerv3_runs/adapt_ax1rb5q1s1_synth_seed106_ckpt500000/metrics.jsonl


--------------------[Agent Step 108_976]--------------------
Metrics filtered by: 'score|length|fps|ratio|train/loss/|train/rand/'
train/loss/con 0.02 / train/loss/distractor 0.53 / train/loss/dyn 4.47 / train/loss/policy 0.2 / train/loss/position 0.03 / train/loss/rep 4.47 / train/loss/repval 1.45 / train/loss/rew 0.19 / train/loss/to_target 0.05 / train/loss/value 1.05 / train/loss/velocity 0.07 / replay/replay_ratio 1040 / fps/policy 40.4 / fps/train 4.1e4

Writing metrics: /scratch/midway3/rickybao/dreamerv3_runs/adapt_ax1rb5q1s1_synth_seed106_ckpt500000/metrics.jsonlWriting metrics: /scratch/midway3/rickybao/dreamerv3_runs/adapt_ax1rb5q1s1_synth_seed106_ckpt500000/scores.jsonl

Saving checkpoint: /scratch/midway3/rickybao/dreamerv3_runs/adapt_ax1rb5q1s1_synth_seed106_ckpt500000/ckpt/20260721T052137F133260
Saved checkpoint.

--------------------[Agent Step 113_808]--------------------
Metrics filtered by: 'score|length|fps|ratio|train/loss/|train/rand/'
episode/score 126 / episode/length 1001 / train/loss/con 0.02 / train/loss/distractor 0.53 / train/loss/dyn 4.49 / train/loss/policy -0.05 / train/loss/position 0.04 / train/loss/rep 4.49 / train/loss/repval 1.35 / train/loss/rew 0.2 / train/loss/to_target 0.06 / train/loss/value 1.06 / train/loss/velocity 0.07 / replay/replay_ratio 1040 / fps/policy 40.24 / fps/train 4.1e4

Writing metrics: /scratch/midway3/rickybao/dreamerv3_runs/adapt_ax1rb5q1s1_synth_seed106_ckpt500000/scores.jsonlWriting metrics: /scratch/midway3/rickybao/dreamerv3_runs/adapt_ax1rb5q1s1_synth_seed106_ckpt500000/metrics.jsonl


--------------------[Agent Step 118_672]--------------------
Metrics filtered by: 'score|length|fps|ratio|train/loss/|train/rand/'
train/loss/con 0.02 / train/loss/distractor 0.53 / train/loss/dyn 4.48 / train/loss/policy 0.02 / train/loss/position 0.04 / train/loss/rep 4.48 / train/loss/repval 1.23 / train/loss/rew 0.22 / train/loss/to_target 0.06 / train/loss/value 1.01 / train/loss/velocity 0.07 / replay/replay_ratio 1040 / fps/policy 40.46 / fps/train 4.1e4

Writing metrics: /scratch/midway3/rickybao/dreamerv3_runs/adapt_ax1rb5q1s1_synth_seed106_ckpt500000/scores.jsonl
Writing metrics: /scratch/midway3/rickybao/dreamerv3_runs/adapt_ax1rb5q1s1_synth_seed106_ckpt500000/metrics.jsonl

--------------------[Agent Step 123_536]--------------------
Metrics filtered by: 'score|length|fps|ratio|train/loss/|train/rand/'
train/loss/con 0.02 / train/loss/distractor 0.53 / train/loss/dyn 4.48 / train/loss/policy 0.04 / train/loss/position 0.04 / train/loss/rep 4.48 / train/loss/repval 1.35 / train/loss/rew 0.23 / train/loss/to_target 0.06 / train/loss/value 1.01 / train/loss/velocity 0.07 / replay/replay_ratio 1040 / fps/policy 40.47 / fps/train 4.1e4

Writing metrics: /scratch/midway3/rickybao/dreamerv3_runs/adapt_ax1rb5q1s1_synth_seed106_ckpt500000/metrics.jsonlWriting metrics: /scratch/midway3/rickybao/dreamerv3_runs/adapt_ax1rb5q1s1_synth_seed106_ckpt500000/scores.jsonl

[Tue Jul 21 05:27:18 CDT 2026] adapt adapt_ax1rb5q1s1_synth_seed106_ckpt500000 rc=0 status=DONE
[Tue Jul 21 05:27:18 CDT 2026] DONE child adapt_ax1rb5q1s1_synth_seed106_ckpt500000
[Tue Jul 21 05:27:18 CDT 2026] START child adapt_ax1rb6q1s1_synth_seed104_ckpt500000 WM_RUN=ax1wm_synth_q1s1_seed6
[Tue Jul 21 05:27:18 CDT 2026] axis1 child starting RUN_ID=adapt_ax1rb6q1s1_synth_seed104_ckpt500000 WM_RUN=ax1wm_synth_q1s1_seed6 job=52442227 host=midway3-0279.rcc.local
[Tue Jul 21 05:27:18 CDT 2026] env prepared: python=/scratch/midway3/rickybao/conda_envs/dreamerv3/bin/python
python_executable=/scratch/midway3/rickybao/conda_envs/dreamerv3/bin/python
[Tue Jul 21 05:27:18 CDT 2026] offline WM already fit: /scratch/midway3/rickybao/dreamerv3_runs/ax1wm_synth_q1s1_seed6/ckpt/20260718T073625F916395-000000500000 (skipping stage 1)
[Tue Jul 21 05:27:18 CDT 2026] adapt RUN_ID=adapt_ax1rb6q1s1_synth_seed104_ckpt500000 TASK=synth_reach SEED=104 CKPT=/scratch/midway3/rickybao/dreamerv3_runs/ax1wm_synth_q1s1_seed6/ckpt/20260718T073625F916395-000000500000 STEPS=1.25e5
---  ___                           __   ______ ---
--- |   \ _ _ ___ __ _ _ __  ___ _ \ \ / /__ / ---
--- | |) | '_/ -_) _` | '  \/ -_) '/\ V / |_ \ ---
--- |___/|_| \___\__,_|_|_|_\___|_|  \_/ |___/ ---
Replica: 0 / 1
Logdir: /scratch/midway3/rickybao/dreamerv3_runs/adapt_ax1rb6q1s1_synth_seed104_ckpt500000
Run script: train
Observations
  position         Space(float32, shape=(2,), low=-inf, high=inf)
  velocity         Space(float32, shape=(2,), low=-inf, high=inf)
  distractor       Space(float32, shape=(8,), low=-inf, high=inf)
  to_target        Space(float32, shape=(2,), low=-inf, high=inf)
  reward           Space(float32, shape=(), low=-inf, high=inf)
  is_first         Space(bool, shape=(), low=False, high=True)
  is_last          Space(bool, shape=(), low=False, high=True)
  is_terminal      Space(bool, shape=(), low=False, high=True)
Actions
  action           Space(float32, shape=(2,), low=-1.0, high=1.0)
Extras
  consec           Space(int32, shape=(), low=-2147483648, high=2147483647)
  stepid           Space(uint8, shape=(20,), low=0, high=255)
  dyn/deter        Space(float32, shape=(512,), low=-inf, high=inf)
  dyn/stoch        Space(float32, shape=(32, 4), low=-inf, high=inf)
JAX devices (1): [cuda:0]
Policy devices: cuda:0
Train devices:  cuda:0
Initializing parameters...
Optimizer opt has 214,723 params:
        66,111 val
        57,663 rew
        49,796 pol
        41,153 con
Done initializing!
Compiling 1 checkpoint groups...
Largest checkpoint group: 0 GB
Compiling train and report...
Train cost analysis:
  FLOPS:            7.2e+09
  Memory (temp):    2.0e+08
  Memory (inputs):  7.3e+06
  Memory (outputs): 5.9e+06
  Memory (code):    1.5e+06

Report cost analysis:
  FLOPS:            1.8e+06
  Memory (temp):    9.2e+05
  Memory (inputs):  2.7e+06
  Memory (outputs): 2.1e+04
  Memory (code):    9.8e+04

Done compiling!
Loaded pretrained checkpoint with keys: ['dec/mlp/linear0/bias', 'dec/mlp/linear0/kernel', 'dec/mlp/linear1/bias', 'dec/mlp/linear1/kernel', 'dec/mlp/linear2/bias', 'dec/mlp/linear2/kernel', 'dec/mlp/norm0/scale', 'dec/mlp/norm1/scale', 'dec/mlp/norm2/scale', 'dec/vec/distractor/pred/bias', 'dec/vec/distractor/pred/kernel', 'dec/vec/position/pred/bias', 'dec/vec/position/pred/kernel', 'dec/vec/to_target/pred/bias', 'dec/vec/to_target/pred/kernel', 'dec/vec/velocity/pred/bias', 'dec/vec/velocity/pred/kernel', 'dyn/dyngru/bias', 'dyn/dyngru/kernel', 'dyn/dynhid0/bias', 'dyn/dynhid0/kernel', 'dyn/dynhid0norm/scale', 'dyn/dynin0/bias', 'dyn/dynin0/kernel', 'dyn/dynin0norm/scale', 'dyn/dynin1/bias', 'dyn/dynin1/kernel', 'dyn/dynin1norm/scale', 'dyn/dynin2/bias', 'dyn/dynin2/kernel', 'dyn/dynin2norm/scale', 'dyn/obs0/bias', 'dyn/obs0/kernel', 'dyn/obs0norm/scale', 'dyn/obslogit/bias', 'dyn/obslogit/kernel', 'dyn/prior0/bias', 'dyn/prior0/kernel', 'dyn/prior0norm/scale', 'dyn/prior1/bias', 'dyn/prior1/kernel', 'dyn/prior1norm/scale', 'dyn/priorlogit/bias', 'dyn/priorlogit/kernel', 'enc/mlp0/bias', 'enc/mlp0/kernel', 'enc/mlp0norm/scale', 'enc/mlp1/bias', 'enc/mlp1/kernel', 'enc/mlp1norm/scale', 'enc/mlp2/bias', 'enc/mlp2/kernel', 'enc/mlp2norm/scale']
Did not find any checkpoint.
Saving checkpoint: /scratch/midway3/rickybao/dreamerv3_runs/adapt_ax1rb6q1s1_synth_seed104_ckpt500000/ckpt/20260721T052745F252693
Saved checkpoint.
Start training loop

--------------------[Agent Step 6_880]--------------------
Metrics filtered by: 'score|length|fps|ratio|train/loss/|train/rand/'
train/loss/con 0.06 / train/loss/distractor 0.48 / train/loss/dyn 4.45 / train/loss/policy -7.7e-4 / train/loss/position 0.03 / train/loss/rep 4.45 / train/loss/repval 2.03 / train/loss/rew 1.07 / train/loss/to_target 0.02 / train/loss/value 1.33 / train/loss/velocity 0.02 / replay/replay_ratio 858.5 / fps/policy 56.32 / fps/train 4.1e4

Writing metrics: /scratch/midway3/rickybao/dreamerv3_runs/adapt_ax1rb6q1s1_synth_seed104_ckpt500000/metrics.jsonlWriting metrics: /scratch/midway3/rickybao/dreamerv3_runs/adapt_ax1rb6q1s1_synth_seed104_ckpt500000/scores.jsonl


--------------------[Agent Step 11_744]--------------------
Metrics filtered by: 'score|length|fps|ratio|train/loss/|train/rand/'
train/loss/con 0.02 / train/loss/distractor 0.48 / train/loss/dyn 4.3 / train/loss/policy -9.2e-4 / train/loss/position 0.02 / train/loss/rep 4.3 / train/loss/repval 0.2 / train/loss/rew 6.8e-3 / train/loss/to_target 0.02 / train/loss/value 0.17 / train/loss/velocity 9.8e-3 / replay/replay_ratio 1040 / fps/policy 40.41 / fps/train 4.1e4

Writing metrics: /scratch/midway3/rickybao/dreamerv3_runs/adapt_ax1rb6q1s1_synth_seed104_ckpt500000/metrics.jsonl
Writing metrics: /scratch/midway3/rickybao/dreamerv3_runs/adapt_ax1rb6q1s1_synth_seed104_ckpt500000/scores.jsonl

--------------------[Agent Step 16_592]--------------------
Metrics filtered by: 'score|length|fps|ratio|train/loss/|train/rand/'
episode/score 0 / episode/length 1001 / train/loss/con 0.02 / train/loss/distractor 0.5 / train/loss/dyn 4.28 / train/loss/policy 7.8e-3 / train/loss/position 0.05 / train/loss/rep 4.28 / train/loss/repval 0.87 / train/loss/rew 0.01 / train/loss/to_target 0.07 / train/loss/value 0.76 / train/loss/velocity 0.04 / replay/replay_ratio 1040 / fps/policy 40.39 / fps/train 4.1e4

Writing metrics: /scratch/midway3/rickybao/dreamerv3_runs/adapt_ax1rb6q1s1_synth_seed104_ckpt500000/metrics.jsonl
Writing metrics: /scratch/midway3/rickybao/dreamerv3_runs/adapt_ax1rb6q1s1_synth_seed104_ckpt500000/scores.jsonl

--------------------[Agent Step 21_440]--------------------
Metrics filtered by: 'score|length|fps|ratio|train/loss/|train/rand/'
train/loss/con 0.02 / train/loss/distractor 0.52 / train/loss/dyn 4.36 / train/loss/policy 2.5e-3 / train/loss/position 0.07 / train/loss/rep 4.36 / train/loss/repval 1.22 / train/loss/rew 0.01 / train/loss/to_target 0.1 / train/loss/value 0.99 / train/loss/velocity 0.07 / replay/replay_ratio 1040 / fps/policy 40.4 / fps/train 4.1e4

Writing metrics: /scratch/midway3/rickybao/dreamerv3_runs/adapt_ax1rb6q1s1_synth_seed104_ckpt500000/metrics.jsonl
Writing metrics: /scratch/midway3/rickybao/dreamerv3_runs/adapt_ax1rb6q1s1_synth_seed104_ckpt500000/scores.jsonl

--------------------[Agent Step 26_288]--------------------
Metrics filtered by: 'score|length|fps|ratio|train/loss/|train/rand/'
train/loss/con 0.02 / train/loss/distractor 0.52 / train/loss/dyn 4.38 / train/loss/policy 0.06 / train/loss/position 0.07 / train/loss/rep 4.38 / train/loss/repval 1.13 / train/loss/rew 0.04 / train/loss/to_target 0.09 / train/loss/value 0.9 / train/loss/velocity 0.07 / replay/replay_ratio 1040 / fps/policy 40.4 / fps/train 4.1e4

Writing metrics: /scratch/midway3/rickybao/dreamerv3_runs/adapt_ax1rb6q1s1_synth_seed104_ckpt500000/scores.jsonl
Writing metrics: /scratch/midway3/rickybao/dreamerv3_runs/adapt_ax1rb6q1s1_synth_seed104_ckpt500000/metrics.jsonl

--------------------[Agent Step 31_152]--------------------
Metrics filtered by: 'score|length|fps|ratio|train/loss/|train/rand/'
train/loss/con 0.02 / train/loss/distractor 0.52 / train/loss/dyn 4.75 / train/loss/policy 0.03 / train/loss/position 0.09 / train/loss/rep 4.75 / train/loss/repval 1.29 / train/loss/rew 0.03 / train/loss/to_target 0.09 / train/loss/value 1.06 / train/loss/velocity 0.11 / replay/replay_ratio 1040 / fps/policy 40.41 / fps/train 4.1e4

Writing metrics: /scratch/midway3/rickybao/dreamerv3_runs/adapt_ax1rb6q1s1_synth_seed104_ckpt500000/metrics.jsonlWriting metrics: /scratch/midway3/rickybao/dreamerv3_runs/adapt_ax1rb6q1s1_synth_seed104_ckpt500000/scores.jsonl


--------------------[Agent Step 36_016]--------------------
Metrics filtered by: 'score|length|fps|ratio|train/loss/|train/rand/'
episode/score 11 / episode/length 1001 / train/loss/con 0.02 / train/loss/distractor 0.52 / train/loss/dyn 5.22 / train/loss/policy 0.01 / train/loss/position 0.12 / train/loss/rep 5.22 / train/loss/repval 1.38 / train/loss/rew 0.02 / train/loss/to_target 0.1 / train/loss/value 1.19 / train/loss/velocity 0.15 / replay/replay_ratio 1040 / fps/policy 40.41 / fps/train 4.1e4

Writing metrics: /scratch/midway3/rickybao/dreamerv3_runs/adapt_ax1rb6q1s1_synth_seed104_ckpt500000/metrics.jsonlWriting metrics: /scratch/midway3/rickybao/dreamerv3_runs/adapt_ax1rb6q1s1_synth_seed104_ckpt500000/scores.jsonl

Saving checkpoint: /scratch/midway3/rickybao/dreamerv3_runs/adapt_ax1rb6q1s1_synth_seed104_ckpt500000/ckpt/20260721T054246F957589
Saved checkpoint.

--------------------[Agent Step 40_848]--------------------
Metrics filtered by: 'score|length|fps|ratio|train/loss/|train/rand/'
train/loss/con 0.02 / train/loss/distractor 0.52 / train/loss/dyn 5.18 / train/loss/policy -0.02 / train/loss/position 0.11 / train/loss/rep 5.18 / train/loss/repval 1.32 / train/loss/rew 0.02 / train/loss/to_target 0.09 / train/loss/value 1.12 / train/loss/velocity 0.15 / replay/replay_ratio 1040 / fps/policy 40.15 / fps/train 4.1e4

Writing metrics: /scratch/midway3/rickybao/dreamerv3_runs/adapt_ax1rb6q1s1_synth_seed104_ckpt500000/metrics.jsonlWriting metrics: /scratch/midway3/rickybao/dreamerv3_runs/adapt_ax1rb6q1s1_synth_seed104_ckpt500000/scores.jsonl


--------------------[Agent Step 45_712]--------------------
Metrics filtered by: 'score|length|fps|ratio|train/loss/|train/rand/'
train/loss/con 0.02 / train/loss/distractor 0.52 / train/loss/dyn 5.1 / train/loss/policy -7.7e-3 / train/loss/position 0.11 / train/loss/rep 5.1 / train/loss/repval 1.3 / train/loss/rew 0.02 / train/loss/to_target 0.09 / train/loss/value 1 / train/loss/velocity 0.14 / replay/replay_ratio 1040 / fps/policy 40.4 / fps/train 4.1e4

Writing metrics: /scratch/midway3/rickybao/dreamerv3_runs/adapt_ax1rb6q1s1_synth_seed104_ckpt500000/scores.jsonl
Writing metrics: /scratch/midway3/rickybao/dreamerv3_runs/adapt_ax1rb6q1s1_synth_seed104_ckpt500000/metrics.jsonl

--------------------[Agent Step 50_576]--------------------
Metrics filtered by: 'score|length|fps|ratio|train/loss/|train/rand/'
episode/score 0 / episode/length 1001 / train/loss/con 0.02 / train/loss/distractor 0.51 / train/loss/dyn 5.37 / train/loss/policy 5.4e-3 / train/loss/position 0.1 / train/loss/rep 5.37 / train/loss/repval 1.46 / train/loss/rew 0.02 / train/loss/to_target 0.09 / train/loss/value 1.18 / train/loss/velocity 0.17 / replay/replay_ratio 1040 / fps/policy 40.4 / fps/train 4.1e4

Writing metrics: /scratch/midway3/rickybao/dreamerv3_runs/adapt_ax1rb6q1s1_synth_seed104_ckpt500000/scores.jsonlWriting metrics: /scratch/midway3/rickybao/dreamerv3_runs/adapt_ax1rb6q1s1_synth_seed104_ckpt500000/metrics.jsonl


--------------------[Agent Step 55_440]--------------------
Metrics filtered by: 'score|length|fps|ratio|train/loss/|train/rand/'
train/loss/con 0.02 / train/loss/distractor 0.51 / train/loss/dyn 5.46 / train/loss/policy -2.7e-3 / train/loss/position 0.11 / train/loss/rep 5.46 / train/loss/repval 1.35 / train/loss/rew 0.02 / train/loss/to_target 0.08 / train/loss/value 1.09 / train/loss/velocity 0.18 / replay/replay_ratio 1040 / fps/policy 40.41 / fps/train 4.1e4

Writing metrics: /scratch/midway3/rickybao/dreamerv3_runs/adapt_ax1rb6q1s1_synth_seed104_ckpt500000/metrics.jsonlWriting metrics: /scratch/midway3/rickybao/dreamerv3_runs/adapt_ax1rb6q1s1_synth_seed104_ckpt500000/scores.jsonl


--------------------[Agent Step 60_304]--------------------
Metrics filtered by: 'score|length|fps|ratio|train/loss/|train/rand/'
train/loss/con 0.02 / train/loss/distractor 0.52 / train/loss/dyn 5.45 / train/loss/policy -0.01 / train/loss/position 0.11 / train/loss/rep 5.45 / train/loss/repval 1.43 / train/loss/rew 0.03 / train/loss/to_target 0.09 / train/loss/value 1.13 / train/loss/velocity 0.18 / replay/replay_ratio 1040 / fps/policy 40.4 / fps/train 4.1e4

Writing metrics: /scratch/midway3/rickybao/dreamerv3_runs/adapt_ax1rb6q1s1_synth_seed104_ckpt500000/metrics.jsonl
Writing metrics: /scratch/midway3/rickybao/dreamerv3_runs/adapt_ax1rb6q1s1_synth_seed104_ckpt500000/scores.jsonl

--------------------[Agent Step 65_152]--------------------
Metrics filtered by: 'score|length|fps|ratio|train/loss/|train/rand/'
episode/score 28 / episode/length 1001 / train/loss/con 0.02 / train/loss/distractor 0.52 / train/loss/dyn 5.39 / train/loss/policy -7.6e-3 / train/loss/position 0.1 / train/loss/rep 5.39 / train/loss/repval 1.27 / train/loss/rew 0.04 / train/loss/to_target 0.09 / train/loss/value 0.95 / train/loss/velocity 0.17 / replay/replay_ratio 1040 / fps/policy 40.4 / fps/train 4.1e4

Writing metrics: /scratch/midway3/rickybao/dreamerv3_runs/adapt_ax1rb6q1s1_synth_seed104_ckpt500000/metrics.jsonlWriting metrics: /scratch/midway3/rickybao/dreamerv3_runs/adapt_ax1rb6q1s1_synth_seed104_ckpt500000/scores.jsonl


--------------------[Agent Step 70_000]--------------------
Metrics filtered by: 'score|length|fps|ratio|train/loss/|train/rand/'
train/loss/con 0.02 / train/loss/distractor 0.52 / train/loss/dyn 5.34 / train/loss/policy 1.1e-3 / train/loss/position 0.1 / train/loss/rep 5.34 / train/loss/repval 1.44 / train/loss/rew 0.04 / train/loss/to_target 0.09 / train/loss/value 1.07 / train/loss/velocity 0.17 / replay/replay_ratio 1040 / fps/policy 40.39 / fps/train 4.1e4

Writing metrics: /scratch/midway3/rickybao/dreamerv3_runs/adapt_ax1rb6q1s1_synth_seed104_ckpt500000/scores.jsonlWriting metrics: /scratch/midway3/rickybao/dreamerv3_runs/adapt_ax1rb6q1s1_synth_seed104_ckpt500000/metrics.jsonl

Saving checkpoint: /scratch/midway3/rickybao/dreamerv3_runs/adapt_ax1rb6q1s1_synth_seed104_ckpt500000/ckpt/20260721T055746F972543
Saved checkpoint.

--------------------[Agent Step 74_832]--------------------
Metrics filtered by: 'score|length|fps|ratio|train/loss/|train/rand/'
train/loss/con 0.02 / train/loss/distractor 0.52 / train/loss/dyn 5.27 / train/loss/policy -0.03 / train/loss/position 0.1 / train/loss/rep 5.27 / train/loss/repval 1.35 / train/loss/rew 0.07 / train/loss/to_target 0.09 / train/loss/value 0.95 / train/loss/velocity 0.16 / replay/replay_ratio 1040 / fps/policy 40.22 / fps/train 4.1e4

Writing metrics: /scratch/midway3/rickybao/dreamerv3_runs/adapt_ax1rb6q1s1_synth_seed104_ckpt500000/scores.jsonlWriting metrics: /scratch/midway3/rickybao/dreamerv3_runs/adapt_ax1rb6q1s1_synth_seed104_ckpt500000/metrics.jsonl


--------------------[Agent Step 79_696]--------------------
Metrics filtered by: 'score|length|fps|ratio|train/loss/|train/rand/'
train/loss/con 0.02 / train/loss/distractor 0.52 / train/loss/dyn 5.21 / train/loss/policy -0.04 / train/loss/position 0.1 / train/loss/rep 5.21 / train/loss/repval 1.38 / train/loss/rew 0.1 / train/loss/to_target 0.09 / train/loss/value 0.87 / train/loss/velocity 0.15 / replay/replay_ratio 1040 / fps/policy 40.42 / fps/train 4.1e4

Writing metrics: /scratch/midway3/rickybao/dreamerv3_runs/adapt_ax1rb6q1s1_synth_seed104_ckpt500000/scores.jsonl
Writing metrics: /scratch/midway3/rickybao/dreamerv3_runs/adapt_ax1rb6q1s1_synth_seed104_ckpt500000/metrics.jsonl

--------------------[Agent Step 84_560]--------------------
Metrics filtered by: 'score|length|fps|ratio|train/loss/|train/rand/'
episode/score 66 / episode/length 1001 / train/loss/con 0.02 / train/loss/distractor 0.52 / train/loss/dyn 5.17 / train/loss/policy -0.01 / train/loss/position 0.1 / train/loss/rep 5.17 / train/loss/repval 1.41 / train/loss/rew 0.11 / train/loss/to_target 0.09 / train/loss/value 0.98 / train/loss/velocity 0.15 / replay/replay_ratio 1040 / fps/policy 40.42 / fps/train 4.1e4

Writing metrics: /scratch/midway3/rickybao/dreamerv3_runs/adapt_ax1rb6q1s1_synth_seed104_ckpt500000/metrics.jsonlWriting metrics: /scratch/midway3/rickybao/dreamerv3_runs/adapt_ax1rb6q1s1_synth_seed104_ckpt500000/scores.jsonl


--------------------[Agent Step 89_424]--------------------
Metrics filtered by: 'score|length|fps|ratio|train/loss/|train/rand/'
train/loss/con 0.02 / train/loss/distractor 0.52 / train/loss/dyn 5.12 / train/loss/policy -0.02 / train/loss/position 0.1 / train/loss/rep 5.12 / train/loss/repval 1.5 / train/loss/rew 0.13 / train/loss/to_target 0.09 / train/loss/value 1.07 / train/loss/velocity 0.14 / replay/replay_ratio 1040 / fps/policy 40.4 / fps/train 4.1e4

Writing metrics: /scratch/midway3/rickybao/dreamerv3_runs/adapt_ax1rb6q1s1_synth_seed104_ckpt500000/metrics.jsonlWriting metrics: /scratch/midway3/rickybao/dreamerv3_runs/adapt_ax1rb6q1s1_synth_seed104_ckpt500000/scores.jsonl


--------------------[Agent Step 94_272]--------------------
Metrics filtered by: 'score|length|fps|ratio|train/loss/|train/rand/'
train/loss/con 0.02 / train/loss/distractor 0.52 / train/loss/dyn 5.07 / train/loss/policy 0.02 / train/loss/position 0.09 / train/loss/rep 5.07 / train/loss/repval 1.47 / train/loss/rew 0.14 / train/loss/to_target 0.09 / train/loss/value 0.96 / train/loss/velocity 0.13 / replay/replay_ratio 1040 / fps/policy 40.38 / fps/train 4.1e4

Writing metrics: /scratch/midway3/rickybao/dreamerv3_runs/adapt_ax1rb6q1s1_synth_seed104_ckpt500000/scores.jsonl
Writing metrics: /scratch/midway3/rickybao/dreamerv3_runs/adapt_ax1rb6q1s1_synth_seed104_ckpt500000/metrics.jsonl

--------------------[Agent Step 99_120]--------------------
Metrics filtered by: 'score|length|fps|ratio|train/loss/|train/rand/'
episode/score 42 / episode/length 1001 / train/loss/con 0.02 / train/loss/distractor 0.52 / train/loss/dyn 5.06 / train/loss/policy 0.06 / train/loss/position 0.09 / train/loss/rep 5.06 / train/loss/repval 1.46 / train/loss/rew 0.14 / train/loss/to_target 0.09 / train/loss/value 0.98 / train/loss/velocity 0.13 / replay/replay_ratio 1040 / fps/policy 40.39 / fps/train 4.1e4

Writing metrics: /scratch/midway3/rickybao/dreamerv3_runs/adapt_ax1rb6q1s1_synth_seed104_ckpt500000/metrics.jsonlWriting metrics: /scratch/midway3/rickybao/dreamerv3_runs/adapt_ax1rb6q1s1_synth_seed104_ckpt500000/scores.jsonl


--------------------[Agent Step 103_984]--------------------
Metrics filtered by: 'score|length|fps|ratio|train/loss/|train/rand/'
train/loss/con 0.02 / train/loss/distractor 0.52 / train/loss/dyn 5.02 / train/loss/policy 0.28 / train/loss/position 0.09 / train/loss/rep 5.02 / train/loss/repval 1.87 / train/loss/rew 0.15 / train/loss/to_target 0.09 / train/loss/value 1.11 / train/loss/velocity 0.12 / replay/replay_ratio 1040 / fps/policy 40.42 / fps/train 4.1e4

Writing metrics: /scratch/midway3/rickybao/dreamerv3_runs/adapt_ax1rb6q1s1_synth_seed104_ckpt500000/scores.jsonlWriting metrics: /scratch/midway3/rickybao/dreamerv3_runs/adapt_ax1rb6q1s1_synth_seed104_ckpt500000/metrics.jsonl


--------------------[Agent Step 108_832]--------------------
Metrics filtered by: 'score|length|fps|ratio|train/loss/|train/rand/'
train/loss/con 0.02 / train/loss/distractor 0.52 / train/loss/dyn 5 / train/loss/policy 0.13 / train/loss/position 0.09 / train/loss/rep 5 / train/loss/repval 2.25 / train/loss/rew 0.14 / train/loss/to_target 0.08 / train/loss/value 1.16 / train/loss/velocity 0.12 / replay/replay_ratio 1040 / fps/policy 40.36 / fps/train 4.1e4

Writing metrics: /scratch/midway3/rickybao/dreamerv3_runs/adapt_ax1rb6q1s1_synth_seed104_ckpt500000/scores.jsonl
Writing metrics: /scratch/midway3/rickybao/dreamerv3_runs/adapt_ax1rb6q1s1_synth_seed104_ckpt500000/metrics.jsonl
Saving checkpoint: /scratch/midway3/rickybao/dreamerv3_runs/adapt_ax1rb6q1s1_synth_seed104_ckpt500000/ckpt/20260721T061247F281319
Saved checkpoint.

--------------------[Agent Step 113_664]--------------------
Metrics filtered by: 'score|length|fps|ratio|train/loss/|train/rand/'
episode/score 40 / episode/length 1001 / train/loss/con 0.02 / train/loss/distractor 0.51 / train/loss/dyn 4.97 / train/loss/policy 0.02 / train/loss/position 0.09 / train/loss/rep 4.97 / train/loss/repval 2.08 / train/loss/rew 0.14 / train/loss/to_target 0.08 / train/loss/value 1.26 / train/loss/velocity 0.12 / replay/replay_ratio 1040 / fps/policy 40.22 / fps/train 4.1e4

Writing metrics: /scratch/midway3/rickybao/dreamerv3_runs/adapt_ax1rb6q1s1_synth_seed104_ckpt500000/scores.jsonl
Writing metrics: /scratch/midway3/rickybao/dreamerv3_runs/adapt_ax1rb6q1s1_synth_seed104_ckpt500000/metrics.jsonl

--------------------[Agent Step 118_512]--------------------
Metrics filtered by: 'score|length|fps|ratio|train/loss/|train/rand/'
train/loss/con 0.02 / train/loss/distractor 0.52 / train/loss/dyn 4.96 / train/loss/policy 0.02 / train/loss/position 0.09 / train/loss/rep 4.96 / train/loss/repval 1.49 / train/loss/rew 0.13 / train/loss/to_target 0.08 / train/loss/value 1.07 / train/loss/velocity 0.11 / replay/replay_ratio 1040 / fps/policy 40.39 / fps/train 4.1e4

Writing metrics: /scratch/midway3/rickybao/dreamerv3_runs/adapt_ax1rb6q1s1_synth_seed104_ckpt500000/metrics.jsonlWriting metrics: /scratch/midway3/rickybao/dreamerv3_runs/adapt_ax1rb6q1s1_synth_seed104_ckpt500000/scores.jsonl


--------------------[Agent Step 123_376]--------------------
Metrics filtered by: 'score|length|fps|ratio|train/loss/|train/rand/'
train/loss/con 0.02 / train/loss/distractor 0.52 / train/loss/dyn 4.95 / train/loss/policy -2.9e-3 / train/loss/position 0.09 / train/loss/rep 4.95 / train/loss/repval 1.45 / train/loss/rew 0.15 / train/loss/to_target 0.08 / train/loss/value 0.97 / train/loss/velocity 0.11 / replay/replay_ratio 1040 / fps/policy 40.4 / fps/train 4.1e4

Writing metrics: /scratch/midway3/rickybao/dreamerv3_runs/adapt_ax1rb6q1s1_synth_seed104_ckpt500000/scores.jsonlWriting metrics: /scratch/midway3/rickybao/dreamerv3_runs/adapt_ax1rb6q1s1_synth_seed104_ckpt500000/metrics.jsonl

[Tue Jul 21 06:18:33 CDT 2026] adapt adapt_ax1rb6q1s1_synth_seed104_ckpt500000 rc=0 status=DONE
[Tue Jul 21 06:18:33 CDT 2026] DONE child adapt_ax1rb6q1s1_synth_seed104_ckpt500000
[Tue Jul 21 06:18:33 CDT 2026] axis1 bundle synth_phasebpp_task_20260720_220357_005 finished
