[Mon Jul 20 22:27:44 CDT 2026] axis1 bundle script starting
[Mon Jul 20 22:27:44 CDT 2026] job=52442226 host=midway3-0281.rcc.local pwd=/home/rickybao/projects/dreamerv3
[Mon Jul 20 22:27:44 CDT 2026] REPO=/home/rickybao/projects/dreamerv3 RUNROOT=/scratch/midway3/rickybao/dreamerv3_runs CONDA_ENV=/scratch/midway3/rickybao/conda_envs/dreamerv3
[Mon Jul 20 22:27:44 CDT 2026] RUN_ID=synth_phasebpp_task_20260720_220357_004 RUNLIST=/scratch/midway3/rickybao/dreamerv3_runs/_submit_runlists/synth_phasebpp_20260720_220357/task_bundle_004.tsv
[Mon Jul 20 22:27:44 CDT 2026] env prepared: python=/scratch/midway3/rickybao/conda_envs/dreamerv3/bin/python
python_executable=/scratch/midway3/rickybao/conda_envs/dreamerv3/bin/python
[Mon Jul 20 22:27:44 CDT 2026] axis1 bundle RUN_ID=synth_phasebpp_task_20260720_220357_004 RUNLIST=/scratch/midway3/rickybao/dreamerv3_runs/_submit_runlists/synth_phasebpp_20260720_220357/task_bundle_004.tsv
[Mon Jul 20 22:27:44 CDT 2026] bundle contents:
  adapt_ax1rb1q1s1_synth_seed104_ckpt500000	ax1wm_synth_q1s1_seed1	synth_reach	104	/scratch/midway3/rickybao/dreamerv3_runs/axis1_synth/q1/side1	500000	1.25e5	axis1	ax1rb_synth_q1
  adapt_ax1rb1q1s1_synth_seed105_ckpt500000	ax1wm_synth_q1s1_seed1	synth_reach	105	/scratch/midway3/rickybao/dreamerv3_runs/axis1_synth/q1/side1	500000	1.25e5	axis1	ax1rb_synth_q1
  adapt_ax1rb1q1s1_synth_seed106_ckpt500000	ax1wm_synth_q1s1_seed1	synth_reach	106	/scratch/midway3/rickybao/dreamerv3_runs/axis1_synth/q1/side1	500000	1.25e5	axis1	ax1rb_synth_q1
  adapt_ax1rb2q1s1_synth_seed104_ckpt500000	ax1wm_synth_q1s1_seed2	synth_reach	104	/scratch/midway3/rickybao/dreamerv3_runs/axis1_synth/q1/side1	500000	1.25e5	axis1	ax1rb_synth_q1
  adapt_ax1rb2q1s1_synth_seed105_ckpt500000	ax1wm_synth_q1s1_seed2	synth_reach	105	/scratch/midway3/rickybao/dreamerv3_runs/axis1_synth/q1/side1	500000	1.25e5	axis1	ax1rb_synth_q1
  adapt_ax1rb2q1s1_synth_seed106_ckpt500000	ax1wm_synth_q1s1_seed2	synth_reach	106	/scratch/midway3/rickybao/dreamerv3_runs/axis1_synth/q1/side1	500000	1.25e5	axis1	ax1rb_synth_q1
  adapt_ax1rb3q1s1_synth_seed104_ckpt500000	ax1wm_synth_q1s1_seed3	synth_reach	104	/scratch/midway3/rickybao/dreamerv3_runs/axis1_synth/q1/side1	500000	1.25e5	axis1	ax1rb_synth_q1
  adapt_ax1rb3q1s1_synth_seed105_ckpt500000	ax1wm_synth_q1s1_seed3	synth_reach	105	/scratch/midway3/rickybao/dreamerv3_runs/axis1_synth/q1/side1	500000	1.25e5	axis1	ax1rb_synth_q1
[Mon Jul 20 22:27:44 CDT 2026] START child adapt_ax1rb1q1s1_synth_seed104_ckpt500000 WM_RUN=ax1wm_synth_q1s1_seed1
[Mon Jul 20 22:27:44 CDT 2026] axis1 child starting RUN_ID=adapt_ax1rb1q1s1_synth_seed104_ckpt500000 WM_RUN=ax1wm_synth_q1s1_seed1 job=52442226 host=midway3-0281.rcc.local
[Mon Jul 20 22:27:44 CDT 2026] env prepared: python=/scratch/midway3/rickybao/conda_envs/dreamerv3/bin/python
python_executable=/scratch/midway3/rickybao/conda_envs/dreamerv3/bin/python
[Mon Jul 20 22:27:44 CDT 2026] offline WM already fit: /scratch/midway3/rickybao/dreamerv3_runs/ax1wm_synth_q1s1_seed1/ckpt/20260718T073632F107127-000000500000 (skipping stage 1)
[Mon Jul 20 22:27:44 CDT 2026] adapt RUN_ID=adapt_ax1rb1q1s1_synth_seed104_ckpt500000 TASK=synth_reach SEED=104 CKPT=/scratch/midway3/rickybao/dreamerv3_runs/ax1wm_synth_q1s1_seed1/ckpt/20260718T073632F107127-000000500000 STEPS=1.25e5
---  ___                           __   ______ ---
--- |   \ _ _ ___ __ _ _ __  ___ _ \ \ / /__ / ---
--- | |) | '_/ -_) _` | '  \/ -_) '/\ V / |_ \ ---
--- |___/|_| \___\__,_|_|_|_\___|_|  \_/ |___/ ---
Replica: 0 / 1
Logdir: /scratch/midway3/rickybao/dreamerv3_runs/adapt_ax1rb1q1s1_synth_seed104_ckpt500000
Run script: train
Observations
  position         Space(float32, shape=(2,), low=-inf, high=inf)
  velocity         Space(float32, shape=(2,), low=-inf, high=inf)
  distractor       Space(float32, shape=(8,), low=-inf, high=inf)
  to_target        Space(float32, shape=(2,), low=-inf, high=inf)
  reward           Space(float32, shape=(), low=-inf, high=inf)
  is_first         Space(bool, shape=(), low=False, high=True)
  is_last          Space(bool, shape=(), low=False, high=True)
  is_terminal      Space(bool, shape=(), low=False, high=True)
Actions
  action           Space(float32, shape=(2,), low=-1.0, high=1.0)
Extras
  consec           Space(int32, shape=(), low=-2147483648, high=2147483647)
  stepid           Space(uint8, shape=(20,), low=0, high=255)
  dyn/deter        Space(float32, shape=(512,), low=-inf, high=inf)
  dyn/stoch        Space(float32, shape=(32, 4), low=-inf, high=inf)
JAX devices (1): [cuda:0]
Policy devices: cuda:0
Train devices:  cuda:0
Initializing parameters...
Optimizer opt has 214,723 params:
        66,111 val
        57,663 rew
        49,796 pol
        41,153 con
Done initializing!
Compiling 1 checkpoint groups...
Largest checkpoint group: 0 GB
Compiling train and report...
Train cost analysis:
  FLOPS:            7.2e+09
  Memory (temp):    2.0e+08
  Memory (inputs):  7.3e+06
  Memory (outputs): 5.9e+06
  Memory (code):    1.5e+06

Report cost analysis:
  FLOPS:            1.8e+06
  Memory (temp):    9.2e+05
  Memory (inputs):  2.7e+06
  Memory (outputs): 2.1e+04
  Memory (code):    9.8e+04

Done compiling!
Loaded pretrained checkpoint with keys: ['dec/mlp/linear0/bias', 'dec/mlp/linear0/kernel', 'dec/mlp/linear1/bias', 'dec/mlp/linear1/kernel', 'dec/mlp/linear2/bias', 'dec/mlp/linear2/kernel', 'dec/mlp/norm0/scale', 'dec/mlp/norm1/scale', 'dec/mlp/norm2/scale', 'dec/vec/distractor/pred/bias', 'dec/vec/distractor/pred/kernel', 'dec/vec/position/pred/bias', 'dec/vec/position/pred/kernel', 'dec/vec/to_target/pred/bias', 'dec/vec/to_target/pred/kernel', 'dec/vec/velocity/pred/bias', 'dec/vec/velocity/pred/kernel', 'dyn/dyngru/bias', 'dyn/dyngru/kernel', 'dyn/dynhid0/bias', 'dyn/dynhid0/kernel', 'dyn/dynhid0norm/scale', 'dyn/dynin0/bias', 'dyn/dynin0/kernel', 'dyn/dynin0norm/scale', 'dyn/dynin1/bias', 'dyn/dynin1/kernel', 'dyn/dynin1norm/scale', 'dyn/dynin2/bias', 'dyn/dynin2/kernel', 'dyn/dynin2norm/scale', 'dyn/obs0/bias', 'dyn/obs0/kernel', 'dyn/obs0norm/scale', 'dyn/obslogit/bias', 'dyn/obslogit/kernel', 'dyn/prior0/bias', 'dyn/prior0/kernel', 'dyn/prior0norm/scale', 'dyn/prior1/bias', 'dyn/prior1/kernel', 'dyn/prior1norm/scale', 'dyn/priorlogit/bias', 'dyn/priorlogit/kernel', 'enc/mlp0/bias', 'enc/mlp0/kernel', 'enc/mlp0norm/scale', 'enc/mlp1/bias', 'enc/mlp1/kernel', 'enc/mlp1norm/scale', 'enc/mlp2/bias', 'enc/mlp2/kernel', 'enc/mlp2norm/scale']
Did not find any checkpoint.
Saving checkpoint: /scratch/midway3/rickybao/dreamerv3_runs/adapt_ax1rb1q1s1_synth_seed104_ckpt500000/ckpt/20260720T222823F849592
Saved checkpoint.
Start training loop

--------------------[Agent Step 6_864]--------------------
Metrics filtered by: 'score|length|fps|ratio|train/loss/|train/rand/'
train/loss/con 0.05 / train/loss/distractor 0.47 / train/loss/dyn 4.42 / train/loss/policy -7.8e-4 / train/loss/position 0.01 / train/loss/rep 4.42 / train/loss/repval 2.08 / train/loss/rew 1.09 / train/loss/to_target 0.01 / train/loss/value 1.49 / train/loss/velocity 0.01 / replay/replay_ratio 858 / fps/policy 56.21 / fps/train 4e4

Writing metrics: /scratch/midway3/rickybao/dreamerv3_runs/adapt_ax1rb1q1s1_synth_seed104_ckpt500000/metrics.jsonl
Writing metrics: /scratch/midway3/rickybao/dreamerv3_runs/adapt_ax1rb1q1s1_synth_seed104_ckpt500000/scores.jsonl

--------------------[Agent Step 11_712]--------------------
Metrics filtered by: 'score|length|fps|ratio|train/loss/|train/rand/'
train/loss/con 0.02 / train/loss/distractor 0.46 / train/loss/dyn 4.37 / train/loss/policy -7.1e-4 / train/loss/position 0.01 / train/loss/rep 4.37 / train/loss/repval 0.03 / train/loss/rew 4.1e-3 / train/loss/to_target 9.1e-3 / train/loss/value 0.02 / train/loss/velocity 7.5e-3 / replay/replay_ratio 1040 / fps/policy 40.32 / fps/train 4.1e4

Writing metrics: /scratch/midway3/rickybao/dreamerv3_runs/adapt_ax1rb1q1s1_synth_seed104_ckpt500000/scores.jsonl
Writing metrics: /scratch/midway3/rickybao/dreamerv3_runs/adapt_ax1rb1q1s1_synth_seed104_ckpt500000/metrics.jsonl

--------------------[Agent Step 16_560]--------------------
Metrics filtered by: 'score|length|fps|ratio|train/loss/|train/rand/'
episode/score 0 / episode/length 1001 / train/loss/con 0.02 / train/loss/distractor 0.48 / train/loss/dyn 4.35 / train/loss/policy -8.4e-4 / train/loss/position 0.03 / train/loss/rep 4.35 / train/loss/repval 1.2 / train/loss/rew 3.1e-3 / train/loss/to_target 0.04 / train/loss/value 1.17 / train/loss/velocity 0.02 / replay/replay_ratio 1040 / fps/policy 40.32 / fps/train 4.1e4

Writing metrics: /scratch/midway3/rickybao/dreamerv3_runs/adapt_ax1rb1q1s1_synth_seed104_ckpt500000/metrics.jsonlWriting metrics: /scratch/midway3/rickybao/dreamerv3_runs/adapt_ax1rb1q1s1_synth_seed104_ckpt500000/scores.jsonl


--------------------[Agent Step 21_408]--------------------
Metrics filtered by: 'score|length|fps|ratio|train/loss/|train/rand/'
train/loss/con 0.02 / train/loss/distractor 0.51 / train/loss/dyn 4.34 / train/loss/policy -1.9e-3 / train/loss/position 0.06 / train/loss/rep 4.34 / train/loss/repval 1.37 / train/loss/rew 2.4e-3 / train/loss/to_target 0.08 / train/loss/value 1.31 / train/loss/velocity 0.03 / replay/replay_ratio 1040 / fps/policy 40.31 / fps/train 4.1e4

Writing metrics: /scratch/midway3/rickybao/dreamerv3_runs/adapt_ax1rb1q1s1_synth_seed104_ckpt500000/metrics.jsonl
Writing metrics: /scratch/midway3/rickybao/dreamerv3_runs/adapt_ax1rb1q1s1_synth_seed104_ckpt500000/scores.jsonl

--------------------[Agent Step 26_256]--------------------
Metrics filtered by: 'score|length|fps|ratio|train/loss/|train/rand/'
train/loss/con 0.02 / train/loss/distractor 0.53 / train/loss/dyn 4.3 / train/loss/policy -3.7e-3 / train/loss/position 0.07 / train/loss/rep 4.3 / train/loss/repval 1.29 / train/loss/rew 1.2e-3 / train/loss/to_target 0.11 / train/loss/value 1.25 / train/loss/velocity 0.04 / replay/replay_ratio 1040 / fps/policy 40.31 / fps/train 4.1e4

Writing metrics: /scratch/midway3/rickybao/dreamerv3_runs/adapt_ax1rb1q1s1_synth_seed104_ckpt500000/metrics.jsonlWriting metrics: /scratch/midway3/rickybao/dreamerv3_runs/adapt_ax1rb1q1s1_synth_seed104_ckpt500000/scores.jsonl


--------------------[Agent Step 31_104]--------------------
Metrics filtered by: 'score|length|fps|ratio|train/loss/|train/rand/'
train/loss/con 0.02 / train/loss/distractor 0.54 / train/loss/dyn 4.26 / train/loss/policy -2.1e-3 / train/loss/position 0.09 / train/loss/rep 4.26 / train/loss/repval 1.11 / train/loss/rew 8e-4 / train/loss/to_target 0.13 / train/loss/value 1.08 / train/loss/velocity 0.05 / replay/replay_ratio 1040 / fps/policy 40.32 / fps/train 4.1e4

Writing metrics: /scratch/midway3/rickybao/dreamerv3_runs/adapt_ax1rb1q1s1_synth_seed104_ckpt500000/metrics.jsonlWriting metrics: /scratch/midway3/rickybao/dreamerv3_runs/adapt_ax1rb1q1s1_synth_seed104_ckpt500000/scores.jsonl


--------------------[Agent Step 35_952]--------------------
Metrics filtered by: 'score|length|fps|ratio|train/loss/|train/rand/'
episode/score 0 / episode/length 1001 / train/loss/con 0.02 / train/loss/distractor 0.55 / train/loss/dyn 4.26 / train/loss/policy -2.6e-3 / train/loss/position 0.09 / train/loss/rep 4.26 / train/loss/repval 1.04 / train/loss/rew 1.3e-3 / train/loss/to_target 0.15 / train/loss/value 1 / train/loss/velocity 0.05 / replay/replay_ratio 1040 / fps/policy 40.33 / fps/train 4.1e4

Writing metrics: /scratch/midway3/rickybao/dreamerv3_runs/adapt_ax1rb1q1s1_synth_seed104_ckpt500000/metrics.jsonl
Writing metrics: /scratch/midway3/rickybao/dreamerv3_runs/adapt_ax1rb1q1s1_synth_seed104_ckpt500000/scores.jsonl
Saving checkpoint: /scratch/midway3/rickybao/dreamerv3_runs/adapt_ax1rb1q1s1_synth_seed104_ckpt500000/ckpt/20260720T224325F633784
Saved checkpoint.

--------------------[Agent Step 40_752]--------------------
Metrics filtered by: 'score|length|fps|ratio|train/loss/|train/rand/'
train/loss/con 0.02 / train/loss/distractor 0.55 / train/loss/dyn 4.25 / train/loss/policy -3.9e-3 / train/loss/position 0.1 / train/loss/rep 4.25 / train/loss/repval 0.9 / train/loss/rew 1.3e-3 / train/loss/to_target 0.15 / train/loss/value 0.86 / train/loss/velocity 0.06 / replay/replay_ratio 1040 / fps/policy 39.95 / fps/train 4.1e4

Writing metrics: /scratch/midway3/rickybao/dreamerv3_runs/adapt_ax1rb1q1s1_synth_seed104_ckpt500000/scores.jsonl
Writing metrics: /scratch/midway3/rickybao/dreamerv3_runs/adapt_ax1rb1q1s1_synth_seed104_ckpt500000/metrics.jsonl

--------------------[Agent Step 45_600]--------------------
Metrics filtered by: 'score|length|fps|ratio|train/loss/|train/rand/'
train/loss/con 0.02 / train/loss/distractor 0.56 / train/loss/dyn 4.23 / train/loss/policy -3.3e-3 / train/loss/position 0.1 / train/loss/rep 4.23 / train/loss/repval 0.59 / train/loss/rew 1e-3 / train/loss/to_target 0.16 / train/loss/value 0.56 / train/loss/velocity 0.06 / replay/replay_ratio 1040 / fps/policy 40.31 / fps/train 4.1e4

Writing metrics: /scratch/midway3/rickybao/dreamerv3_runs/adapt_ax1rb1q1s1_synth_seed104_ckpt500000/metrics.jsonl
Writing metrics: /scratch/midway3/rickybao/dreamerv3_runs/adapt_ax1rb1q1s1_synth_seed104_ckpt500000/scores.jsonl

--------------------[Agent Step 50_448]--------------------
Metrics filtered by: 'score|length|fps|ratio|train/loss/|train/rand/'
episode/score 0 / episode/length 1001 / train/loss/con 0.02 / train/loss/distractor 0.56 / train/loss/dyn 4.23 / train/loss/policy -2.6e-3 / train/loss/position 0.11 / train/loss/rep 4.23 / train/loss/repval 0.39 / train/loss/rew 1.4e-3 / train/loss/to_target 0.17 / train/loss/value 0.35 / train/loss/velocity 0.06 / replay/replay_ratio 1040 / fps/policy 40.3 / fps/train 4.1e4

Writing metrics: /scratch/midway3/rickybao/dreamerv3_runs/adapt_ax1rb1q1s1_synth_seed104_ckpt500000/metrics.jsonlWriting metrics: /scratch/midway3/rickybao/dreamerv3_runs/adapt_ax1rb1q1s1_synth_seed104_ckpt500000/scores.jsonl


--------------------[Agent Step 55_296]--------------------
Metrics filtered by: 'score|length|fps|ratio|train/loss/|train/rand/'
train/loss/con 0.02 / train/loss/distractor 0.57 / train/loss/dyn 4.23 / train/loss/policy -2.7e-3 / train/loss/position 0.11 / train/loss/rep 4.23 / train/loss/repval 0.49 / train/loss/rew 1.9e-3 / train/loss/to_target 0.17 / train/loss/value 0.46 / train/loss/velocity 0.06 / replay/replay_ratio 1040 / fps/policy 40.33 / fps/train 4.1e4

Writing metrics: /scratch/midway3/rickybao/dreamerv3_runs/adapt_ax1rb1q1s1_synth_seed104_ckpt500000/scores.jsonlWriting metrics: /scratch/midway3/rickybao/dreamerv3_runs/adapt_ax1rb1q1s1_synth_seed104_ckpt500000/metrics.jsonl


--------------------[Agent Step 60_144]--------------------
Metrics filtered by: 'score|length|fps|ratio|train/loss/|train/rand/'
train/loss/con 0.02 / train/loss/distractor 0.57 / train/loss/dyn 4.22 / train/loss/policy -2.4e-3 / train/loss/position 0.11 / train/loss/rep 4.22 / train/loss/repval 0.53 / train/loss/rew 1.7e-3 / train/loss/to_target 0.18 / train/loss/value 0.5 / train/loss/velocity 0.07 / replay/replay_ratio 1040 / fps/policy 40.33 / fps/train 4.1e4

Writing metrics: /scratch/midway3/rickybao/dreamerv3_runs/adapt_ax1rb1q1s1_synth_seed104_ckpt500000/metrics.jsonl
Writing metrics: /scratch/midway3/rickybao/dreamerv3_runs/adapt_ax1rb1q1s1_synth_seed104_ckpt500000/scores.jsonl

--------------------[Agent Step 64_992]--------------------
Metrics filtered by: 'score|length|fps|ratio|train/loss/|train/rand/'
episode/score 0 / episode/length 1001 / train/loss/con 0.02 / train/loss/distractor 0.57 / train/loss/dyn 4.2 / train/loss/policy -2.6e-3 / train/loss/position 0.12 / train/loss/rep 4.2 / train/loss/repval 0.47 / train/loss/rew 1.3e-3 / train/loss/to_target 0.18 / train/loss/value 0.45 / train/loss/velocity 0.07 / replay/replay_ratio 1040 / fps/policy 40.31 / fps/train 4.1e4

Writing metrics: /scratch/midway3/rickybao/dreamerv3_runs/adapt_ax1rb1q1s1_synth_seed104_ckpt500000/metrics.jsonlWriting metrics: /scratch/midway3/rickybao/dreamerv3_runs/adapt_ax1rb1q1s1_synth_seed104_ckpt500000/scores.jsonl


--------------------[Agent Step 69_840]--------------------
Metrics filtered by: 'score|length|fps|ratio|train/loss/|train/rand/'
train/loss/con 0.02 / train/loss/distractor 0.57 / train/loss/dyn 4.21 / train/loss/policy -3e-3 / train/loss/position 0.12 / train/loss/rep 4.21 / train/loss/repval 0.61 / train/loss/rew 2.4e-3 / train/loss/to_target 0.18 / train/loss/value 0.57 / train/loss/velocity 0.07 / replay/replay_ratio 1040 / fps/policy 40.32 / fps/train 4.1e4

Writing metrics: /scratch/midway3/rickybao/dreamerv3_runs/adapt_ax1rb1q1s1_synth_seed104_ckpt500000/scores.jsonl
Writing metrics: /scratch/midway3/rickybao/dreamerv3_runs/adapt_ax1rb1q1s1_synth_seed104_ckpt500000/metrics.jsonl
Saving checkpoint: /scratch/midway3/rickybao/dreamerv3_runs/adapt_ax1rb1q1s1_synth_seed104_ckpt500000/ckpt/20260720T225825F866227
Saved checkpoint.

--------------------[Agent Step 74_656]--------------------
Metrics filtered by: 'score|length|fps|ratio|train/loss/|train/rand/'
train/loss/con 0.02 / train/loss/distractor 0.57 / train/loss/dyn 4.2 / train/loss/policy -3.2e-3 / train/loss/position 0.12 / train/loss/rep 4.2 / train/loss/repval 0.61 / train/loss/rew 2e-3 / train/loss/to_target 0.19 / train/loss/value 0.58 / train/loss/velocity 0.07 / replay/replay_ratio 1040 / fps/policy 40.03 / fps/train 4.1e4

Writing metrics: /scratch/midway3/rickybao/dreamerv3_runs/adapt_ax1rb1q1s1_synth_seed104_ckpt500000/metrics.jsonlWriting metrics: /scratch/midway3/rickybao/dreamerv3_runs/adapt_ax1rb1q1s1_synth_seed104_ckpt500000/scores.jsonl


--------------------[Agent Step 79_504]--------------------
Metrics filtered by: 'score|length|fps|ratio|train/loss/|train/rand/'
train/loss/con 0.02 / train/loss/distractor 0.57 / train/loss/dyn 4.2 / train/loss/policy -3.4e-3 / train/loss/position 0.12 / train/loss/rep 4.2 / train/loss/repval 0.54 / train/loss/rew 1.9e-3 / train/loss/to_target 0.19 / train/loss/value 0.51 / train/loss/velocity 0.07 / replay/replay_ratio 1040 / fps/policy 40.31 / fps/train 4.1e4

Writing metrics: /scratch/midway3/rickybao/dreamerv3_runs/adapt_ax1rb1q1s1_synth_seed104_ckpt500000/metrics.jsonl
Writing metrics: /scratch/midway3/rickybao/dreamerv3_runs/adapt_ax1rb1q1s1_synth_seed104_ckpt500000/scores.jsonl

--------------------[Agent Step 84_352]--------------------
Metrics filtered by: 'score|length|fps|ratio|train/loss/|train/rand/'
episode/score 0 / episode/length 1001 / train/loss/con 0.02 / train/loss/distractor 0.58 / train/loss/dyn 4.2 / train/loss/policy -3.3e-3 / train/loss/position 0.12 / train/loss/rep 4.2 / train/loss/repval 0.45 / train/loss/rew 2.3e-3 / train/loss/to_target 0.19 / train/loss/value 0.42 / train/loss/velocity 0.07 / replay/replay_ratio 1040 / fps/policy 40.32 / fps/train 4.1e4

Writing metrics: /scratch/midway3/rickybao/dreamerv3_runs/adapt_ax1rb1q1s1_synth_seed104_ckpt500000/metrics.jsonlWriting metrics: /scratch/midway3/rickybao/dreamerv3_runs/adapt_ax1rb1q1s1_synth_seed104_ckpt500000/scores.jsonl


--------------------[Agent Step 89_200]--------------------
Metrics filtered by: 'score|length|fps|ratio|train/loss/|train/rand/'
train/loss/con 0.02 / train/loss/distractor 0.58 / train/loss/dyn 4.2 / train/loss/policy -3.2e-3 / train/loss/position 0.12 / train/loss/rep 4.2 / train/loss/repval 0.35 / train/loss/rew 2.3e-3 / train/loss/to_target 0.19 / train/loss/value 0.32 / train/loss/velocity 0.07 / replay/replay_ratio 1040 / fps/policy 40.31 / fps/train 4.1e4

Writing metrics: /scratch/midway3/rickybao/dreamerv3_runs/adapt_ax1rb1q1s1_synth_seed104_ckpt500000/metrics.jsonlWriting metrics: /scratch/midway3/rickybao/dreamerv3_runs/adapt_ax1rb1q1s1_synth_seed104_ckpt500000/scores.jsonl


--------------------[Agent Step 94_048]--------------------
Metrics filtered by: 'score|length|fps|ratio|train/loss/|train/rand/'
train/loss/con 0.02 / train/loss/distractor 0.58 / train/loss/dyn 4.2 / train/loss/policy -2.5e-3 / train/loss/position 0.12 / train/loss/rep 4.2 / train/loss/repval 0.27 / train/loss/rew 2e-3 / train/loss/to_target 0.19 / train/loss/value 0.24 / train/loss/velocity 0.07 / replay/replay_ratio 1040 / fps/policy 40.3 / fps/train 4.1e4

Writing metrics: /scratch/midway3/rickybao/dreamerv3_runs/adapt_ax1rb1q1s1_synth_seed104_ckpt500000/metrics.jsonlWriting metrics: /scratch/midway3/rickybao/dreamerv3_runs/adapt_ax1rb1q1s1_synth_seed104_ckpt500000/scores.jsonl


--------------------[Agent Step 98_896]--------------------
Metrics filtered by: 'score|length|fps|ratio|train/loss/|train/rand/'
episode/score 6 / episode/length 1001 / train/loss/con 0.02 / train/loss/distractor 0.58 / train/loss/dyn 4.2 / train/loss/policy -2.3e-3 / train/loss/position 0.12 / train/loss/rep 4.2 / train/loss/repval 0.23 / train/loss/rew 1.7e-3 / train/loss/to_target 0.19 / train/loss/value 0.2 / train/loss/velocity 0.07 / replay/replay_ratio 1040 / fps/policy 40.31 / fps/train 4.1e4

Writing metrics: /scratch/midway3/rickybao/dreamerv3_runs/adapt_ax1rb1q1s1_synth_seed104_ckpt500000/scores.jsonlWriting metrics: /scratch/midway3/rickybao/dreamerv3_runs/adapt_ax1rb1q1s1_synth_seed104_ckpt500000/metrics.jsonl


--------------------[Agent Step 103_744]--------------------
Metrics filtered by: 'score|length|fps|ratio|train/loss/|train/rand/'
train/loss/con 0.02 / train/loss/distractor 0.58 / train/loss/dyn 4.2 / train/loss/policy -1.9e-3 / train/loss/position 0.12 / train/loss/rep 4.2 / train/loss/repval 0.21 / train/loss/rew 1.7e-3 / train/loss/to_target 0.19 / train/loss/value 0.18 / train/loss/velocity 0.07 / replay/replay_ratio 1040 / fps/policy 40.31 / fps/train 4.1e4

Writing metrics: /scratch/midway3/rickybao/dreamerv3_runs/adapt_ax1rb1q1s1_synth_seed104_ckpt500000/scores.jsonl
Writing metrics: /scratch/midway3/rickybao/dreamerv3_runs/adapt_ax1rb1q1s1_synth_seed104_ckpt500000/metrics.jsonl

--------------------[Agent Step 108_576]--------------------
Metrics filtered by: 'score|length|fps|ratio|train/loss/|train/rand/'
train/loss/con 0.02 / train/loss/distractor 0.58 / train/loss/dyn 4.2 / train/loss/policy -1.6e-3 / train/loss/position 0.13 / train/loss/rep 4.2 / train/loss/repval 0.19 / train/loss/rew 1.5e-3 / train/loss/to_target 0.2 / train/loss/value 0.16 / train/loss/velocity 0.07 / replay/replay_ratio 1040 / fps/policy 40.25 / fps/train 4.1e4

Writing metrics: /scratch/midway3/rickybao/dreamerv3_runs/adapt_ax1rb1q1s1_synth_seed104_ckpt500000/scores.jsonlWriting metrics: /scratch/midway3/rickybao/dreamerv3_runs/adapt_ax1rb1q1s1_synth_seed104_ckpt500000/metrics.jsonl

Saving checkpoint: /scratch/midway3/rickybao/dreamerv3_runs/adapt_ax1rb1q1s1_synth_seed104_ckpt500000/ckpt/20260720T231325F902271
Saved checkpoint.

--------------------[Agent Step 113_392]--------------------
Metrics filtered by: 'score|length|fps|ratio|train/loss/|train/rand/'
episode/score 0 / episode/length 1001 / train/loss/con 0.02 / train/loss/distractor 0.58 / train/loss/dyn 4.19 / train/loss/policy -1.7e-3 / train/loss/position 0.13 / train/loss/rep 4.19 / train/loss/repval 0.17 / train/loss/rew 1.4e-3 / train/loss/to_target 0.2 / train/loss/value 0.14 / train/loss/velocity 0.07 / replay/replay_ratio 1040 / fps/policy 40.03 / fps/train 4.1e4

Writing metrics: /scratch/midway3/rickybao/dreamerv3_runs/adapt_ax1rb1q1s1_synth_seed104_ckpt500000/scores.jsonlWriting metrics: /scratch/midway3/rickybao/dreamerv3_runs/adapt_ax1rb1q1s1_synth_seed104_ckpt500000/metrics.jsonl


--------------------[Agent Step 118_240]--------------------
Metrics filtered by: 'score|length|fps|ratio|train/loss/|train/rand/'
train/loss/con 0.02 / train/loss/distractor 0.58 / train/loss/dyn 4.19 / train/loss/policy -1.3e-3 / train/loss/position 0.13 / train/loss/rep 4.19 / train/loss/repval 0.17 / train/loss/rew 1.5e-3 / train/loss/to_target 0.2 / train/loss/value 0.14 / train/loss/velocity 0.07 / replay/replay_ratio 1040 / fps/policy 40.31 / fps/train 4.1e4

Writing metrics: /scratch/midway3/rickybao/dreamerv3_runs/adapt_ax1rb1q1s1_synth_seed104_ckpt500000/scores.jsonlWriting metrics: /scratch/midway3/rickybao/dreamerv3_runs/adapt_ax1rb1q1s1_synth_seed104_ckpt500000/metrics.jsonl


--------------------[Agent Step 123_088]--------------------
Metrics filtered by: 'score|length|fps|ratio|train/loss/|train/rand/'
train/loss/con 0.02 / train/loss/distractor 0.58 / train/loss/dyn 4.19 / train/loss/policy -1.3e-3 / train/loss/position 0.13 / train/loss/rep 4.19 / train/loss/repval 0.16 / train/loss/rew 1.4e-3 / train/loss/to_target 0.2 / train/loss/value 0.14 / train/loss/velocity 0.07 / replay/replay_ratio 1040 / fps/policy 40.3 / fps/train 4.1e4

Writing metrics: /scratch/midway3/rickybao/dreamerv3_runs/adapt_ax1rb1q1s1_synth_seed104_ckpt500000/scores.jsonlWriting metrics: /scratch/midway3/rickybao/dreamerv3_runs/adapt_ax1rb1q1s1_synth_seed104_ckpt500000/metrics.jsonl

[Mon Jul 20 23:19:19 CDT 2026] adapt adapt_ax1rb1q1s1_synth_seed104_ckpt500000 rc=0 status=DONE
[Mon Jul 20 23:19:19 CDT 2026] DONE child adapt_ax1rb1q1s1_synth_seed104_ckpt500000
[Mon Jul 20 23:19:19 CDT 2026] START child adapt_ax1rb1q1s1_synth_seed105_ckpt500000 WM_RUN=ax1wm_synth_q1s1_seed1
[Mon Jul 20 23:19:19 CDT 2026] axis1 child starting RUN_ID=adapt_ax1rb1q1s1_synth_seed105_ckpt500000 WM_RUN=ax1wm_synth_q1s1_seed1 job=52442226 host=midway3-0281.rcc.local
[Mon Jul 20 23:19:19 CDT 2026] env prepared: python=/scratch/midway3/rickybao/conda_envs/dreamerv3/bin/python
python_executable=/scratch/midway3/rickybao/conda_envs/dreamerv3/bin/python
[Mon Jul 20 23:19:19 CDT 2026] offline WM already fit: /scratch/midway3/rickybao/dreamerv3_runs/ax1wm_synth_q1s1_seed1/ckpt/20260718T073632F107127-000000500000 (skipping stage 1)
[Mon Jul 20 23:19:19 CDT 2026] adapt RUN_ID=adapt_ax1rb1q1s1_synth_seed105_ckpt500000 TASK=synth_reach SEED=105 CKPT=/scratch/midway3/rickybao/dreamerv3_runs/ax1wm_synth_q1s1_seed1/ckpt/20260718T073632F107127-000000500000 STEPS=1.25e5
---  ___                           __   ______ ---
--- |   \ _ _ ___ __ _ _ __  ___ _ \ \ / /__ / ---
--- | |) | '_/ -_) _` | '  \/ -_) '/\ V / |_ \ ---
--- |___/|_| \___\__,_|_|_|_\___|_|  \_/ |___/ ---
Replica: 0 / 1
Logdir: /scratch/midway3/rickybao/dreamerv3_runs/adapt_ax1rb1q1s1_synth_seed105_ckpt500000
Run script: train
Observations
  position         Space(float32, shape=(2,), low=-inf, high=inf)
  velocity         Space(float32, shape=(2,), low=-inf, high=inf)
  distractor       Space(float32, shape=(8,), low=-inf, high=inf)
  to_target        Space(float32, shape=(2,), low=-inf, high=inf)
  reward           Space(float32, shape=(), low=-inf, high=inf)
  is_first         Space(bool, shape=(), low=False, high=True)
  is_last          Space(bool, shape=(), low=False, high=True)
  is_terminal      Space(bool, shape=(), low=False, high=True)
Actions
  action           Space(float32, shape=(2,), low=-1.0, high=1.0)
Extras
  consec           Space(int32, shape=(), low=-2147483648, high=2147483647)
  stepid           Space(uint8, shape=(20,), low=0, high=255)
  dyn/deter        Space(float32, shape=(512,), low=-inf, high=inf)
  dyn/stoch        Space(float32, shape=(32, 4), low=-inf, high=inf)
JAX devices (1): [cuda:0]
Policy devices: cuda:0
Train devices:  cuda:0
Initializing parameters...
Optimizer opt has 214,723 params:
        66,111 val
        57,663 rew
        49,796 pol
        41,153 con
Done initializing!
Compiling 1 checkpoint groups...
Largest checkpoint group: 0 GB
Compiling train and report...
Train cost analysis:
  FLOPS:            7.2e+09
  Memory (temp):    2.0e+08
  Memory (inputs):  7.3e+06
  Memory (outputs): 5.9e+06
  Memory (code):    1.5e+06

Report cost analysis:
  FLOPS:            1.8e+06
  Memory (temp):    9.2e+05
  Memory (inputs):  2.7e+06
  Memory (outputs): 2.1e+04
  Memory (code):    9.8e+04

Done compiling!
Loaded pretrained checkpoint with keys: ['dec/mlp/linear0/bias', 'dec/mlp/linear0/kernel', 'dec/mlp/linear1/bias', 'dec/mlp/linear1/kernel', 'dec/mlp/linear2/bias', 'dec/mlp/linear2/kernel', 'dec/mlp/norm0/scale', 'dec/mlp/norm1/scale', 'dec/mlp/norm2/scale', 'dec/vec/distractor/pred/bias', 'dec/vec/distractor/pred/kernel', 'dec/vec/position/pred/bias', 'dec/vec/position/pred/kernel', 'dec/vec/to_target/pred/bias', 'dec/vec/to_target/pred/kernel', 'dec/vec/velocity/pred/bias', 'dec/vec/velocity/pred/kernel', 'dyn/dyngru/bias', 'dyn/dyngru/kernel', 'dyn/dynhid0/bias', 'dyn/dynhid0/kernel', 'dyn/dynhid0norm/scale', 'dyn/dynin0/bias', 'dyn/dynin0/kernel', 'dyn/dynin0norm/scale', 'dyn/dynin1/bias', 'dyn/dynin1/kernel', 'dyn/dynin1norm/scale', 'dyn/dynin2/bias', 'dyn/dynin2/kernel', 'dyn/dynin2norm/scale', 'dyn/obs0/bias', 'dyn/obs0/kernel', 'dyn/obs0norm/scale', 'dyn/obslogit/bias', 'dyn/obslogit/kernel', 'dyn/prior0/bias', 'dyn/prior0/kernel', 'dyn/prior0norm/scale', 'dyn/prior1/bias', 'dyn/prior1/kernel', 'dyn/prior1norm/scale', 'dyn/priorlogit/bias', 'dyn/priorlogit/kernel', 'enc/mlp0/bias', 'enc/mlp0/kernel', 'enc/mlp0norm/scale', 'enc/mlp1/bias', 'enc/mlp1/kernel', 'enc/mlp1norm/scale', 'enc/mlp2/bias', 'enc/mlp2/kernel', 'enc/mlp2norm/scale']
Did not find any checkpoint.
Saving checkpoint: /scratch/midway3/rickybao/dreamerv3_runs/adapt_ax1rb1q1s1_synth_seed105_ckpt500000/ckpt/20260720T231944F318341
Saved checkpoint.
Start training loop

--------------------[Agent Step 6_864]--------------------
Metrics filtered by: 'score|length|fps|ratio|train/loss/|train/rand/'
train/loss/con 0.03 / train/loss/distractor 0.47 / train/loss/dyn 4.37 / train/loss/policy 0.04 / train/loss/position 0.01 / train/loss/rep 4.37 / train/loss/repval 2.97 / train/loss/rew 1.11 / train/loss/to_target 0.01 / train/loss/value 2.29 / train/loss/velocity 0.01 / replay/replay_ratio 858 / fps/policy 56.25 / fps/train 4e4

Writing metrics: /scratch/midway3/rickybao/dreamerv3_runs/adapt_ax1rb1q1s1_synth_seed105_ckpt500000/metrics.jsonlWriting metrics: /scratch/midway3/rickybao/dreamerv3_runs/adapt_ax1rb1q1s1_synth_seed105_ckpt500000/scores.jsonl


--------------------[Agent Step 11_712]--------------------
Metrics filtered by: 'score|length|fps|ratio|train/loss/|train/rand/'
train/loss/con 0.02 / train/loss/distractor 0.48 / train/loss/dyn 4.3 / train/loss/policy 0.03 / train/loss/position 0.01 / train/loss/rep 4.3 / train/loss/repval 1.03 / train/loss/rew 0.03 / train/loss/to_target 0.02 / train/loss/value 0.93 / train/loss/velocity 0.02 / replay/replay_ratio 1040 / fps/policy 40.31 / fps/train 4.1e4

Writing metrics: /scratch/midway3/rickybao/dreamerv3_runs/adapt_ax1rb1q1s1_synth_seed105_ckpt500000/scores.jsonl
Writing metrics: /scratch/midway3/rickybao/dreamerv3_runs/adapt_ax1rb1q1s1_synth_seed105_ckpt500000/metrics.jsonl

--------------------[Agent Step 16_560]--------------------
Metrics filtered by: 'score|length|fps|ratio|train/loss/|train/rand/'
episode/score 0 / episode/length 1001 / train/loss/con 0.02 / train/loss/distractor 0.48 / train/loss/dyn 4.28 / train/loss/policy -8.3e-3 / train/loss/position 0.01 / train/loss/rep 4.28 / train/loss/repval 1.3 / train/loss/rew 0.02 / train/loss/to_target 0.02 / train/loss/value 1.02 / train/loss/velocity 0.08 / replay/replay_ratio 1040 / fps/policy 40.33 / fps/train 4.1e4

Writing metrics: /scratch/midway3/rickybao/dreamerv3_runs/adapt_ax1rb1q1s1_synth_seed105_ckpt500000/metrics.jsonl
Writing metrics: /scratch/midway3/rickybao/dreamerv3_runs/adapt_ax1rb1q1s1_synth_seed105_ckpt500000/scores.jsonl

--------------------[Agent Step 21_408]--------------------
Metrics filtered by: 'score|length|fps|ratio|train/loss/|train/rand/'
train/loss/con 0.02 / train/loss/distractor 0.49 / train/loss/dyn 4.42 / train/loss/policy -0.03 / train/loss/position 0.02 / train/loss/rep 4.42 / train/loss/repval 1.35 / train/loss/rew 0.03 / train/loss/to_target 0.02 / train/loss/value 1.1 / train/loss/velocity 0.1 / replay/replay_ratio 1040 / fps/policy 40.33 / fps/train 4.1e4

Writing metrics: /scratch/midway3/rickybao/dreamerv3_runs/adapt_ax1rb1q1s1_synth_seed105_ckpt500000/scores.jsonl
Writing metrics: /scratch/midway3/rickybao/dreamerv3_runs/adapt_ax1rb1q1s1_synth_seed105_ckpt500000/metrics.jsonl

--------------------[Agent Step 26_256]--------------------
Metrics filtered by: 'score|length|fps|ratio|train/loss/|train/rand/'
train/loss/con 0.02 / train/loss/distractor 0.48 / train/loss/dyn 4.72 / train/loss/policy -0.04 / train/loss/position 0.01 / train/loss/rep 4.72 / train/loss/repval 1.41 / train/loss/rew 0.02 / train/loss/to_target 0.02 / train/loss/value 1.15 / train/loss/velocity 0.13 / replay/replay_ratio 1040 / fps/policy 40.33 / fps/train 4.1e4

Writing metrics: /scratch/midway3/rickybao/dreamerv3_runs/adapt_ax1rb1q1s1_synth_seed105_ckpt500000/scores.jsonlWriting metrics: /scratch/midway3/rickybao/dreamerv3_runs/adapt_ax1rb1q1s1_synth_seed105_ckpt500000/metrics.jsonl


--------------------[Agent Step 31_104]--------------------
Metrics filtered by: 'score|length|fps|ratio|train/loss/|train/rand/'
train/loss/con 0.02 / train/loss/distractor 0.48 / train/loss/dyn 4.98 / train/loss/policy 9.9e-3 / train/loss/position 0.01 / train/loss/rep 4.98 / train/loss/repval 1.44 / train/loss/rew 0.02 / train/loss/to_target 0.02 / train/loss/value 1.18 / train/loss/velocity 0.17 / replay/replay_ratio 1040 / fps/policy 40.32 / fps/train 4.1e4

Writing metrics: /scratch/midway3/rickybao/dreamerv3_runs/adapt_ax1rb1q1s1_synth_seed105_ckpt500000/metrics.jsonlWriting metrics: /scratch/midway3/rickybao/dreamerv3_runs/adapt_ax1rb1q1s1_synth_seed105_ckpt500000/scores.jsonl


--------------------[Agent Step 35_952]--------------------
Metrics filtered by: 'score|length|fps|ratio|train/loss/|train/rand/'
episode/score 0 / episode/length 1001 / train/loss/con 0.02 / train/loss/distractor 0.48 / train/loss/dyn 5.09 / train/loss/policy 0.02 / train/loss/position 0.02 / train/loss/rep 5.09 / train/loss/repval 1.37 / train/loss/rew 0.01 / train/loss/to_target 0.02 / train/loss/value 1.13 / train/loss/velocity 0.18 / replay/replay_ratio 1040 / fps/policy 40.33 / fps/train 4.1e4

Writing metrics: /scratch/midway3/rickybao/dreamerv3_runs/adapt_ax1rb1q1s1_synth_seed105_ckpt500000/metrics.jsonlWriting metrics: /scratch/midway3/rickybao/dreamerv3_runs/adapt_ax1rb1q1s1_synth_seed105_ckpt500000/scores.jsonl

Saving checkpoint: /scratch/midway3/rickybao/dreamerv3_runs/adapt_ax1rb1q1s1_synth_seed105_ckpt500000/ckpt/20260720T233445F859144
Saved checkpoint.

--------------------[Agent Step 40_752]--------------------
Metrics filtered by: 'score|length|fps|ratio|train/loss/|train/rand/'
train/loss/con 0.02 / train/loss/distractor 0.49 / train/loss/dyn 5.16 / train/loss/policy -0.02 / train/loss/position 0.02 / train/loss/rep 5.16 / train/loss/repval 1.52 / train/loss/rew 0.01 / train/loss/to_target 0.02 / train/loss/value 1.26 / train/loss/velocity 0.19 / replay/replay_ratio 1040 / fps/policy 39.99 / fps/train 4.1e4

Writing metrics: /scratch/midway3/rickybao/dreamerv3_runs/adapt_ax1rb1q1s1_synth_seed105_ckpt500000/metrics.jsonl
Writing metrics: /scratch/midway3/rickybao/dreamerv3_runs/adapt_ax1rb1q1s1_synth_seed105_ckpt500000/scores.jsonl

--------------------[Agent Step 45_600]--------------------
Metrics filtered by: 'score|length|fps|ratio|train/loss/|train/rand/'
train/loss/con 0.02 / train/loss/distractor 0.48 / train/loss/dyn 5.18 / train/loss/policy -4.4e-3 / train/loss/position 0.02 / train/loss/rep 5.18 / train/loss/repval 1.56 / train/loss/rew 0.01 / train/loss/to_target 0.02 / train/loss/value 1.22 / train/loss/velocity 0.19 / replay/replay_ratio 1040 / fps/policy 40.32 / fps/train 4.1e4

Writing metrics: /scratch/midway3/rickybao/dreamerv3_runs/adapt_ax1rb1q1s1_synth_seed105_ckpt500000/metrics.jsonlWriting metrics: /scratch/midway3/rickybao/dreamerv3_runs/adapt_ax1rb1q1s1_synth_seed105_ckpt500000/scores.jsonl


--------------------[Agent Step 50_448]--------------------
Metrics filtered by: 'score|length|fps|ratio|train/loss/|train/rand/'
episode/score 9 / episode/length 1001 / train/loss/con 0.02 / train/loss/distractor 0.49 / train/loss/dyn 5.15 / train/loss/policy -0.08 / train/loss/position 0.02 / train/loss/rep 5.15 / train/loss/repval 1.49 / train/loss/rew 0.02 / train/loss/to_target 0.02 / train/loss/value 1.25 / train/loss/velocity 0.19 / replay/replay_ratio 1040 / fps/policy 40.31 / fps/train 4.1e4

Writing metrics: /scratch/midway3/rickybao/dreamerv3_runs/adapt_ax1rb1q1s1_synth_seed105_ckpt500000/metrics.jsonlWriting metrics: /scratch/midway3/rickybao/dreamerv3_runs/adapt_ax1rb1q1s1_synth_seed105_ckpt500000/scores.jsonl


--------------------[Agent Step 55_296]--------------------
Metrics filtered by: 'score|length|fps|ratio|train/loss/|train/rand/'
train/loss/con 0.02 / train/loss/distractor 0.49 / train/loss/dyn 5.09 / train/loss/policy -0.12 / train/loss/position 0.02 / train/loss/rep 5.09 / train/loss/repval 1.42 / train/loss/rew 0.06 / train/loss/to_target 0.02 / train/loss/value 1.14 / train/loss/velocity 0.17 / replay/replay_ratio 1040 / fps/policy 40.32 / fps/train 4.1e4

Writing metrics: /scratch/midway3/rickybao/dreamerv3_runs/adapt_ax1rb1q1s1_synth_seed105_ckpt500000/scores.jsonl
Writing metrics: /scratch/midway3/rickybao/dreamerv3_runs/adapt_ax1rb1q1s1_synth_seed105_ckpt500000/metrics.jsonl

--------------------[Agent Step 60_144]--------------------
Metrics filtered by: 'score|length|fps|ratio|train/loss/|train/rand/'
train/loss/con 0.02 / train/loss/distractor 0.49 / train/loss/dyn 5.01 / train/loss/policy -0.1 / train/loss/position 0.02 / train/loss/rep 5.01 / train/loss/repval 1.45 / train/loss/rew 0.1 / train/loss/to_target 0.02 / train/loss/value 1.08 / train/loss/velocity 0.16 / replay/replay_ratio 1040 / fps/policy 40.33 / fps/train 4.1e4

Writing metrics: /scratch/midway3/rickybao/dreamerv3_runs/adapt_ax1rb1q1s1_synth_seed105_ckpt500000/metrics.jsonl
Writing metrics: /scratch/midway3/rickybao/dreamerv3_runs/adapt_ax1rb1q1s1_synth_seed105_ckpt500000/scores.jsonl

--------------------[Agent Step 64_992]--------------------
Metrics filtered by: 'score|length|fps|ratio|train/loss/|train/rand/'
episode/score 146 / episode/length 1001 / train/loss/con 0.02 / train/loss/distractor 0.49 / train/loss/dyn 4.94 / train/loss/policy -0.07 / train/loss/position 0.02 / train/loss/rep 4.94 / train/loss/repval 1.36 / train/loss/rew 0.11 / train/loss/to_target 0.02 / train/loss/value 1.01 / train/loss/velocity 0.15 / replay/replay_ratio 1040 / fps/policy 40.32 / fps/train 4.1e4

Writing metrics: /scratch/midway3/rickybao/dreamerv3_runs/adapt_ax1rb1q1s1_synth_seed105_ckpt500000/scores.jsonlWriting metrics: /scratch/midway3/rickybao/dreamerv3_runs/adapt_ax1rb1q1s1_synth_seed105_ckpt500000/metrics.jsonl


--------------------[Agent Step 69_840]--------------------
Metrics filtered by: 'score|length|fps|ratio|train/loss/|train/rand/'
train/loss/con 0.02 / train/loss/distractor 0.49 / train/loss/dyn 4.9 / train/loss/policy -0.06 / train/loss/position 0.02 / train/loss/rep 4.9 / train/loss/repval 1.32 / train/loss/rew 0.13 / train/loss/to_target 0.02 / train/loss/value 0.97 / train/loss/velocity 0.14 / replay/replay_ratio 1040 / fps/policy 40.33 / fps/train 4.1e4

Writing metrics: /scratch/midway3/rickybao/dreamerv3_runs/adapt_ax1rb1q1s1_synth_seed105_ckpt500000/metrics.jsonl
Writing metrics: /scratch/midway3/rickybao/dreamerv3_runs/adapt_ax1rb1q1s1_synth_seed105_ckpt500000/scores.jsonl
Saving checkpoint: /scratch/midway3/rickybao/dreamerv3_runs/adapt_ax1rb1q1s1_synth_seed105_ckpt500000/ckpt/20260720T234946F199936
Saved checkpoint.

--------------------[Agent Step 74_656]--------------------
Metrics filtered by: 'score|length|fps|ratio|train/loss/|train/rand/'
train/loss/con 0.02 / train/loss/distractor 0.49 / train/loss/dyn 4.86 / train/loss/policy -0.05 / train/loss/position 0.02 / train/loss/rep 4.86 / train/loss/repval 1.27 / train/loss/rew 0.15 / train/loss/to_target 0.02 / train/loss/value 0.99 / train/loss/velocity 0.13 / replay/replay_ratio 1040 / fps/policy 40.07 / fps/train 4.1e4

Writing metrics: /scratch/midway3/rickybao/dreamerv3_runs/adapt_ax1rb1q1s1_synth_seed105_ckpt500000/metrics.jsonlWriting metrics: /scratch/midway3/rickybao/dreamerv3_runs/adapt_ax1rb1q1s1_synth_seed105_ckpt500000/scores.jsonl


--------------------[Agent Step 79_504]--------------------
Metrics filtered by: 'score|length|fps|ratio|train/loss/|train/rand/'
train/loss/con 0.02 / train/loss/distractor 0.49 / train/loss/dyn 4.82 / train/loss/policy -0.05 / train/loss/position 0.02 / train/loss/rep 4.82 / train/loss/repval 1.26 / train/loss/rew 0.19 / train/loss/to_target 0.02 / train/loss/value 0.98 / train/loss/velocity 0.12 / replay/replay_ratio 1040 / fps/policy 40.32 / fps/train 4.1e4

Writing metrics: /scratch/midway3/rickybao/dreamerv3_runs/adapt_ax1rb1q1s1_synth_seed105_ckpt500000/metrics.jsonlWriting metrics: /scratch/midway3/rickybao/dreamerv3_runs/adapt_ax1rb1q1s1_synth_seed105_ckpt500000/scores.jsonl


--------------------[Agent Step 84_352]--------------------
Metrics filtered by: 'score|length|fps|ratio|train/loss/|train/rand/'
episode/score 286 / episode/length 1001 / train/loss/con 0.02 / train/loss/distractor 0.49 / train/loss/dyn 4.78 / train/loss/policy -0.04 / train/loss/position 0.02 / train/loss/rep 4.78 / train/loss/repval 1.21 / train/loss/rew 0.22 / train/loss/to_target 0.02 / train/loss/value 0.96 / train/loss/velocity 0.12 / replay/replay_ratio 1040 / fps/policy 40.32 / fps/train 4.1e4

Writing metrics: /scratch/midway3/rickybao/dreamerv3_runs/adapt_ax1rb1q1s1_synth_seed105_ckpt500000/scores.jsonlWriting metrics: /scratch/midway3/rickybao/dreamerv3_runs/adapt_ax1rb1q1s1_synth_seed105_ckpt500000/metrics.jsonl


--------------------[Agent Step 89_200]--------------------
Metrics filtered by: 'score|length|fps|ratio|train/loss/|train/rand/'
train/loss/con 0.02 / train/loss/distractor 0.49 / train/loss/dyn 4.75 / train/loss/policy -0.04 / train/loss/position 0.02 / train/loss/rep 4.75 / train/loss/repval 1.16 / train/loss/rew 0.25 / train/loss/to_target 0.02 / train/loss/value 0.98 / train/loss/velocity 0.11 / replay/replay_ratio 1040 / fps/policy 40.32 / fps/train 4.1e4

Writing metrics: /scratch/midway3/rickybao/dreamerv3_runs/adapt_ax1rb1q1s1_synth_seed105_ckpt500000/metrics.jsonlWriting metrics: /scratch/midway3/rickybao/dreamerv3_runs/adapt_ax1rb1q1s1_synth_seed105_ckpt500000/scores.jsonl


--------------------[Agent Step 94_048]--------------------
Metrics filtered by: 'score|length|fps|ratio|train/loss/|train/rand/'
train/loss/con 0.02 / train/loss/distractor 0.49 / train/loss/dyn 4.71 / train/loss/policy -0.03 / train/loss/position 0.02 / train/loss/rep 4.71 / train/loss/repval 1.13 / train/loss/rew 0.28 / train/loss/to_target 0.02 / train/loss/value 1.04 / train/loss/velocity 0.11 / replay/replay_ratio 1040 / fps/policy 40.31 / fps/train 4.1e4

Writing metrics: /scratch/midway3/rickybao/dreamerv3_runs/adapt_ax1rb1q1s1_synth_seed105_ckpt500000/scores.jsonl
Writing metrics: /scratch/midway3/rickybao/dreamerv3_runs/adapt_ax1rb1q1s1_synth_seed105_ckpt500000/metrics.jsonl

--------------------[Agent Step 98_896]--------------------
Metrics filtered by: 'score|length|fps|ratio|train/loss/|train/rand/'
episode/score 420 / episode/length 1001 / train/loss/con 0.02 / train/loss/distractor 0.49 / train/loss/dyn 4.7 / train/loss/policy -0.03 / train/loss/position 0.02 / train/loss/rep 4.7 / train/loss/repval 1.1 / train/loss/rew 0.3 / train/loss/to_target 0.02 / train/loss/value 0.87 / train/loss/velocity 0.1 / replay/replay_ratio 1040 / fps/policy 40.32 / fps/train 4.1e4

Writing metrics: /scratch/midway3/rickybao/dreamerv3_runs/adapt_ax1rb1q1s1_synth_seed105_ckpt500000/scores.jsonlWriting metrics: /scratch/midway3/rickybao/dreamerv3_runs/adapt_ax1rb1q1s1_synth_seed105_ckpt500000/metrics.jsonl


--------------------[Agent Step 103_744]--------------------
Metrics filtered by: 'score|length|fps|ratio|train/loss/|train/rand/'
train/loss/con 0.02 / train/loss/distractor 0.49 / train/loss/dyn 4.67 / train/loss/policy -0.03 / train/loss/position 0.02 / train/loss/rep 4.67 / train/loss/repval 1.15 / train/loss/rew 0.33 / train/loss/to_target 0.02 / train/loss/value 1.1 / train/loss/velocity 0.1 / replay/replay_ratio 1040 / fps/policy 40.33 / fps/train 4.1e4

Writing metrics: /scratch/midway3/rickybao/dreamerv3_runs/adapt_ax1rb1q1s1_synth_seed105_ckpt500000/scores.jsonlWriting metrics: /scratch/midway3/rickybao/dreamerv3_runs/adapt_ax1rb1q1s1_synth_seed105_ckpt500000/metrics.jsonl


--------------------[Agent Step 108_576]--------------------
Metrics filtered by: 'score|length|fps|ratio|train/loss/|train/rand/'
train/loss/con 0.02 / train/loss/distractor 0.49 / train/loss/dyn 4.65 / train/loss/policy -0.03 / train/loss/position 0.02 / train/loss/rep 4.65 / train/loss/repval 1.04 / train/loss/rew 0.36 / train/loss/to_target 0.02 / train/loss/value 0.85 / train/loss/velocity 0.09 / replay/replay_ratio 1040 / fps/policy 40.26 / fps/train 4.1e4

Writing metrics: /scratch/midway3/rickybao/dreamerv3_runs/adapt_ax1rb1q1s1_synth_seed105_ckpt500000/metrics.jsonl
Writing metrics: /scratch/midway3/rickybao/dreamerv3_runs/adapt_ax1rb1q1s1_synth_seed105_ckpt500000/scores.jsonl
Saving checkpoint: /scratch/midway3/rickybao/dreamerv3_runs/adapt_ax1rb1q1s1_synth_seed105_ckpt500000/ckpt/20260721T000446F380479
Saved checkpoint.

--------------------[Agent Step 113_392]--------------------
Metrics filtered by: 'score|length|fps|ratio|train/loss/|train/rand/'
episode/score 751 / episode/length 1001 / train/loss/con 0.02 / train/loss/distractor 0.49 / train/loss/dyn 4.63 / train/loss/policy -0.02 / train/loss/position 0.02 / train/loss/rep 4.63 / train/loss/repval 1.22 / train/loss/rew 0.39 / train/loss/to_target 0.02 / train/loss/value 1.12 / train/loss/velocity 0.09 / replay/replay_ratio 1040 / fps/policy 40.06 / fps/train 4.1e4

Writing metrics: /scratch/midway3/rickybao/dreamerv3_runs/adapt_ax1rb1q1s1_synth_seed105_ckpt500000/metrics.jsonlWriting metrics: /scratch/midway3/rickybao/dreamerv3_runs/adapt_ax1rb1q1s1_synth_seed105_ckpt500000/scores.jsonl


--------------------[Agent Step 118_240]--------------------
Metrics filtered by: 'score|length|fps|ratio|train/loss/|train/rand/'
train/loss/con 0.02 / train/loss/distractor 0.49 / train/loss/dyn 4.61 / train/loss/policy -7.8e-3 / train/loss/position 0.02 / train/loss/rep 4.61 / train/loss/repval 1.04 / train/loss/rew 0.4 / train/loss/to_target 0.02 / train/loss/value 1.02 / train/loss/velocity 0.09 / replay/replay_ratio 1040 / fps/policy 40.32 / fps/train 4.1e4

Writing metrics: /scratch/midway3/rickybao/dreamerv3_runs/adapt_ax1rb1q1s1_synth_seed105_ckpt500000/metrics.jsonlWriting metrics: /scratch/midway3/rickybao/dreamerv3_runs/adapt_ax1rb1q1s1_synth_seed105_ckpt500000/scores.jsonl


--------------------[Agent Step 123_088]--------------------
Metrics filtered by: 'score|length|fps|ratio|train/loss/|train/rand/'
train/loss/con 0.02 / train/loss/distractor 0.49 / train/loss/dyn 4.6 / train/loss/policy -0.03 / train/loss/position 0.02 / train/loss/rep 4.6 / train/loss/repval 1.06 / train/loss/rew 0.42 / train/loss/to_target 0.02 / train/loss/value 0.93 / train/loss/velocity 0.08 / replay/replay_ratio 1040 / fps/policy 40.31 / fps/train 4.1e4

Writing metrics: /scratch/midway3/rickybao/dreamerv3_runs/adapt_ax1rb1q1s1_synth_seed105_ckpt500000/metrics.jsonlWriting metrics: /scratch/midway3/rickybao/dreamerv3_runs/adapt_ax1rb1q1s1_synth_seed105_ckpt500000/scores.jsonl

[Tue Jul 21 00:10:39 CDT 2026] adapt adapt_ax1rb1q1s1_synth_seed105_ckpt500000 rc=0 status=DONE
[Tue Jul 21 00:10:39 CDT 2026] DONE child adapt_ax1rb1q1s1_synth_seed105_ckpt500000
[Tue Jul 21 00:10:39 CDT 2026] START child adapt_ax1rb1q1s1_synth_seed106_ckpt500000 WM_RUN=ax1wm_synth_q1s1_seed1
[Tue Jul 21 00:10:39 CDT 2026] axis1 child starting RUN_ID=adapt_ax1rb1q1s1_synth_seed106_ckpt500000 WM_RUN=ax1wm_synth_q1s1_seed1 job=52442226 host=midway3-0281.rcc.local
[Tue Jul 21 00:10:39 CDT 2026] env prepared: python=/scratch/midway3/rickybao/conda_envs/dreamerv3/bin/python
python_executable=/scratch/midway3/rickybao/conda_envs/dreamerv3/bin/python
[Tue Jul 21 00:10:39 CDT 2026] offline WM already fit: /scratch/midway3/rickybao/dreamerv3_runs/ax1wm_synth_q1s1_seed1/ckpt/20260718T073632F107127-000000500000 (skipping stage 1)
[Tue Jul 21 00:10:39 CDT 2026] adapt RUN_ID=adapt_ax1rb1q1s1_synth_seed106_ckpt500000 TASK=synth_reach SEED=106 CKPT=/scratch/midway3/rickybao/dreamerv3_runs/ax1wm_synth_q1s1_seed1/ckpt/20260718T073632F107127-000000500000 STEPS=1.25e5
---  ___                           __   ______ ---
--- |   \ _ _ ___ __ _ _ __  ___ _ \ \ / /__ / ---
--- | |) | '_/ -_) _` | '  \/ -_) '/\ V / |_ \ ---
--- |___/|_| \___\__,_|_|_|_\___|_|  \_/ |___/ ---
Replica: 0 / 1
Logdir: /scratch/midway3/rickybao/dreamerv3_runs/adapt_ax1rb1q1s1_synth_seed106_ckpt500000
Run script: train
Observations
  position         Space(float32, shape=(2,), low=-inf, high=inf)
  velocity         Space(float32, shape=(2,), low=-inf, high=inf)
  distractor       Space(float32, shape=(8,), low=-inf, high=inf)
  to_target        Space(float32, shape=(2,), low=-inf, high=inf)
  reward           Space(float32, shape=(), low=-inf, high=inf)
  is_first         Space(bool, shape=(), low=False, high=True)
  is_last          Space(bool, shape=(), low=False, high=True)
  is_terminal      Space(bool, shape=(), low=False, high=True)
Actions
  action           Space(float32, shape=(2,), low=-1.0, high=1.0)
Extras
  consec           Space(int32, shape=(), low=-2147483648, high=2147483647)
  stepid           Space(uint8, shape=(20,), low=0, high=255)
  dyn/deter        Space(float32, shape=(512,), low=-inf, high=inf)
  dyn/stoch        Space(float32, shape=(32, 4), low=-inf, high=inf)
JAX devices (1): [cuda:0]
Policy devices: cuda:0
Train devices:  cuda:0
Initializing parameters...
Optimizer opt has 214,723 params:
        66,111 val
        57,663 rew
        49,796 pol
        41,153 con
Done initializing!
Compiling 1 checkpoint groups...
Largest checkpoint group: 0 GB
Compiling train and report...
Train cost analysis:
  FLOPS:            7.2e+09
  Memory (temp):    2.0e+08
  Memory (inputs):  7.3e+06
  Memory (outputs): 5.9e+06
  Memory (code):    1.5e+06

Report cost analysis:
  FLOPS:            1.8e+06
  Memory (temp):    9.2e+05
  Memory (inputs):  2.7e+06
  Memory (outputs): 2.1e+04
  Memory (code):    9.8e+04

Done compiling!
Loaded pretrained checkpoint with keys: ['dec/mlp/linear0/bias', 'dec/mlp/linear0/kernel', 'dec/mlp/linear1/bias', 'dec/mlp/linear1/kernel', 'dec/mlp/linear2/bias', 'dec/mlp/linear2/kernel', 'dec/mlp/norm0/scale', 'dec/mlp/norm1/scale', 'dec/mlp/norm2/scale', 'dec/vec/distractor/pred/bias', 'dec/vec/distractor/pred/kernel', 'dec/vec/position/pred/bias', 'dec/vec/position/pred/kernel', 'dec/vec/to_target/pred/bias', 'dec/vec/to_target/pred/kernel', 'dec/vec/velocity/pred/bias', 'dec/vec/velocity/pred/kernel', 'dyn/dyngru/bias', 'dyn/dyngru/kernel', 'dyn/dynhid0/bias', 'dyn/dynhid0/kernel', 'dyn/dynhid0norm/scale', 'dyn/dynin0/bias', 'dyn/dynin0/kernel', 'dyn/dynin0norm/scale', 'dyn/dynin1/bias', 'dyn/dynin1/kernel', 'dyn/dynin1norm/scale', 'dyn/dynin2/bias', 'dyn/dynin2/kernel', 'dyn/dynin2norm/scale', 'dyn/obs0/bias', 'dyn/obs0/kernel', 'dyn/obs0norm/scale', 'dyn/obslogit/bias', 'dyn/obslogit/kernel', 'dyn/prior0/bias', 'dyn/prior0/kernel', 'dyn/prior0norm/scale', 'dyn/prior1/bias', 'dyn/prior1/kernel', 'dyn/prior1norm/scale', 'dyn/priorlogit/bias', 'dyn/priorlogit/kernel', 'enc/mlp0/bias', 'enc/mlp0/kernel', 'enc/mlp0norm/scale', 'enc/mlp1/bias', 'enc/mlp1/kernel', 'enc/mlp1norm/scale', 'enc/mlp2/bias', 'enc/mlp2/kernel', 'enc/mlp2norm/scale']
Did not find any checkpoint.
Saving checkpoint: /scratch/midway3/rickybao/dreamerv3_runs/adapt_ax1rb1q1s1_synth_seed106_ckpt500000/ckpt/20260721T001103F926075
Saved checkpoint.
Start training loop

--------------------[Agent Step 6_864]--------------------
Metrics filtered by: 'score|length|fps|ratio|train/loss/|train/rand/'
train/loss/con 0.04 / train/loss/distractor 0.47 / train/loss/dyn 4.36 / train/loss/policy 9.1e-3 / train/loss/position 0.01 / train/loss/rep 4.36 / train/loss/repval 2.54 / train/loss/rew 1.07 / train/loss/to_target 0.01 / train/loss/value 1.85 / train/loss/velocity 8.5e-3 / replay/replay_ratio 858 / fps/policy 56.29 / fps/train 4e4

Writing metrics: /scratch/midway3/rickybao/dreamerv3_runs/adapt_ax1rb1q1s1_synth_seed106_ckpt500000/metrics.jsonlWriting metrics: /scratch/midway3/rickybao/dreamerv3_runs/adapt_ax1rb1q1s1_synth_seed106_ckpt500000/scores.jsonl


--------------------[Agent Step 11_712]--------------------
Metrics filtered by: 'score|length|fps|ratio|train/loss/|train/rand/'
train/loss/con 0.02 / train/loss/distractor 0.47 / train/loss/dyn 4.33 / train/loss/policy 0.02 / train/loss/position 0.01 / train/loss/rep 4.33 / train/loss/repval 0.91 / train/loss/rew 0.02 / train/loss/to_target 0.02 / train/loss/value 0.84 / train/loss/velocity 0.01 / replay/replay_ratio 1040 / fps/policy 40.37 / fps/train 4.1e4

Writing metrics: /scratch/midway3/rickybao/dreamerv3_runs/adapt_ax1rb1q1s1_synth_seed106_ckpt500000/metrics.jsonlWriting metrics: /scratch/midway3/rickybao/dreamerv3_runs/adapt_ax1rb1q1s1_synth_seed106_ckpt500000/scores.jsonl


--------------------[Agent Step 16_560]--------------------
Metrics filtered by: 'score|length|fps|ratio|train/loss/|train/rand/'
episode/score 0 / episode/length 1001 / train/loss/con 0.02 / train/loss/distractor 0.49 / train/loss/dyn 4.35 / train/loss/policy 3e-3 / train/loss/position 0.03 / train/loss/rep 4.35 / train/loss/repval 1.36 / train/loss/rew 7.6e-3 / train/loss/to_target 0.04 / train/loss/value 1.28 / train/loss/velocity 0.03 / replay/replay_ratio 1040 / fps/policy 40.38 / fps/train 4.1e4

Writing metrics: /scratch/midway3/rickybao/dreamerv3_runs/adapt_ax1rb1q1s1_synth_seed106_ckpt500000/metrics.jsonl
Writing metrics: /scratch/midway3/rickybao/dreamerv3_runs/adapt_ax1rb1q1s1_synth_seed106_ckpt500000/scores.jsonl

--------------------[Agent Step 21_408]--------------------
Metrics filtered by: 'score|length|fps|ratio|train/loss/|train/rand/'
train/loss/con 0.02 / train/loss/distractor 0.49 / train/loss/dyn 4.52 / train/loss/policy -0.07 / train/loss/position 0.03 / train/loss/rep 4.52 / train/loss/repval 1.33 / train/loss/rew 0.01 / train/loss/to_target 0.03 / train/loss/value 1.2 / train/loss/velocity 0.06 / replay/replay_ratio 1040 / fps/policy 40.38 / fps/train 4.1e4

Writing metrics: /scratch/midway3/rickybao/dreamerv3_runs/adapt_ax1rb1q1s1_synth_seed106_ckpt500000/metrics.jsonl
Writing metrics: /scratch/midway3/rickybao/dreamerv3_runs/adapt_ax1rb1q1s1_synth_seed106_ckpt500000/scores.jsonl

--------------------[Agent Step 26_256]--------------------
Metrics filtered by: 'score|length|fps|ratio|train/loss/|train/rand/'
train/loss/con 0.02 / train/loss/distractor 0.49 / train/loss/dyn 4.81 / train/loss/policy -0.02 / train/loss/position 0.02 / train/loss/rep 4.81 / train/loss/repval 1.47 / train/loss/rew 8.2e-3 / train/loss/to_target 0.03 / train/loss/value 1.29 / train/loss/velocity 0.1 / replay/replay_ratio 1040 / fps/policy 40.38 / fps/train 4.1e4

Writing metrics: /scratch/midway3/rickybao/dreamerv3_runs/adapt_ax1rb1q1s1_synth_seed106_ckpt500000/scores.jsonlWriting metrics: /scratch/midway3/rickybao/dreamerv3_runs/adapt_ax1rb1q1s1_synth_seed106_ckpt500000/metrics.jsonl


--------------------[Agent Step 31_104]--------------------
Metrics filtered by: 'score|length|fps|ratio|train/loss/|train/rand/'
train/loss/con 0.02 / train/loss/distractor 0.48 / train/loss/dyn 5.01 / train/loss/policy 8.9e-3 / train/loss/position 0.02 / train/loss/rep 5.01 / train/loss/repval 1.36 / train/loss/rew 6.3e-3 / train/loss/to_target 0.03 / train/loss/value 1.08 / train/loss/velocity 0.14 / replay/replay_ratio 1040 / fps/policy 40.37 / fps/train 4.1e4

Writing metrics: /scratch/midway3/rickybao/dreamerv3_runs/adapt_ax1rb1q1s1_synth_seed106_ckpt500000/scores.jsonlWriting metrics: /scratch/midway3/rickybao/dreamerv3_runs/adapt_ax1rb1q1s1_synth_seed106_ckpt500000/metrics.jsonl


--------------------[Agent Step 35_952]--------------------
Metrics filtered by: 'score|length|fps|ratio|train/loss/|train/rand/'
episode/score 0 / episode/length 1001 / train/loss/con 0.02 / train/loss/distractor 0.49 / train/loss/dyn 5.21 / train/loss/policy -5.4e-3 / train/loss/position 0.03 / train/loss/rep 5.21 / train/loss/repval 1.21 / train/loss/rew 5.1e-3 / train/loss/to_target 0.03 / train/loss/value 1.03 / train/loss/velocity 0.18 / replay/replay_ratio 1040 / fps/policy 40.38 / fps/train 4.1e4

Writing metrics: /scratch/midway3/rickybao/dreamerv3_runs/adapt_ax1rb1q1s1_synth_seed106_ckpt500000/metrics.jsonl
Writing metrics: /scratch/midway3/rickybao/dreamerv3_runs/adapt_ax1rb1q1s1_synth_seed106_ckpt500000/scores.jsonl
Saving checkpoint: /scratch/midway3/rickybao/dreamerv3_runs/adapt_ax1rb1q1s1_synth_seed106_ckpt500000/ckpt/20260721T002605F558656
Saved checkpoint.

--------------------[Agent Step 40_768]--------------------
Metrics filtered by: 'score|length|fps|ratio|train/loss/|train/rand/'
train/loss/con 0.02 / train/loss/distractor 0.49 / train/loss/dyn 5.34 / train/loss/policy -1e-2 / train/loss/position 0.03 / train/loss/rep 5.34 / train/loss/repval 1.22 / train/loss/rew 4.6e-3 / train/loss/to_target 0.03 / train/loss/value 1.06 / train/loss/velocity 0.23 / replay/replay_ratio 1040 / fps/policy 40.06 / fps/train 4.1e4

Writing metrics: /scratch/midway3/rickybao/dreamerv3_runs/adapt_ax1rb1q1s1_synth_seed106_ckpt500000/metrics.jsonlWriting metrics: /scratch/midway3/rickybao/dreamerv3_runs/adapt_ax1rb1q1s1_synth_seed106_ckpt500000/scores.jsonl


--------------------[Agent Step 45_616]--------------------
Metrics filtered by: 'score|length|fps|ratio|train/loss/|train/rand/'
train/loss/con 0.02 / train/loss/distractor 0.5 / train/loss/dyn 5.56 / train/loss/policy -2e-3 / train/loss/position 0.04 / train/loss/rep 5.56 / train/loss/repval 1.08 / train/loss/rew 3.7e-3 / train/loss/to_target 0.03 / train/loss/value 1 / train/loss/velocity 0.29 / replay/replay_ratio 1040 / fps/policy 40.39 / fps/train 4.1e4

Writing metrics: /scratch/midway3/rickybao/dreamerv3_runs/adapt_ax1rb1q1s1_synth_seed106_ckpt500000/metrics.jsonlWriting metrics: /scratch/midway3/rickybao/dreamerv3_runs/adapt_ax1rb1q1s1_synth_seed106_ckpt500000/scores.jsonl


--------------------[Agent Step 50_464]--------------------
Metrics filtered by: 'score|length|fps|ratio|train/loss/|train/rand/'
episode/score 0 / episode/length 1001 / train/loss/con 0.02 / train/loss/distractor 0.5 / train/loss/dyn 5.78 / train/loss/policy -3.8e-4 / train/loss/position 0.05 / train/loss/rep 5.78 / train/loss/repval 1.09 / train/loss/rew 3.3e-3 / train/loss/to_target 0.04 / train/loss/value 1.03 / train/loss/velocity 0.36 / replay/replay_ratio 1040 / fps/policy 40.38 / fps/train 4.1e4

Writing metrics: /scratch/midway3/rickybao/dreamerv3_runs/adapt_ax1rb1q1s1_synth_seed106_ckpt500000/metrics.jsonlWriting metrics: /scratch/midway3/rickybao/dreamerv3_runs/adapt_ax1rb1q1s1_synth_seed106_ckpt500000/scores.jsonl


--------------------[Agent Step 55_312]--------------------
Metrics filtered by: 'score|length|fps|ratio|train/loss/|train/rand/'
train/loss/con 0.02 / train/loss/distractor 0.5 / train/loss/dyn 5.94 / train/loss/policy -7.8e-5 / train/loss/position 0.05 / train/loss/rep 5.94 / train/loss/repval 1.14 / train/loss/rew 3e-3 / train/loss/to_target 0.04 / train/loss/value 1.04 / train/loss/velocity 0.43 / replay/replay_ratio 1040 / fps/policy 40.37 / fps/train 4.1e4

Writing metrics: /scratch/midway3/rickybao/dreamerv3_runs/adapt_ax1rb1q1s1_synth_seed106_ckpt500000/scores.jsonlWriting metrics: /scratch/midway3/rickybao/dreamerv3_runs/adapt_ax1rb1q1s1_synth_seed106_ckpt500000/metrics.jsonl


--------------------[Agent Step 60_160]--------------------
Metrics filtered by: 'score|length|fps|ratio|train/loss/|train/rand/'
train/loss/con 0.02 / train/loss/distractor 0.5 / train/loss/dyn 6.03 / train/loss/policy -9.4e-3 / train/loss/position 0.06 / train/loss/rep 6.03 / train/loss/repval 1.31 / train/loss/rew 4.1e-3 / train/loss/to_target 0.04 / train/loss/value 1.13 / train/loss/velocity 0.47 / replay/replay_ratio 1040 / fps/policy 40.37 / fps/train 4.1e4

Writing metrics: /scratch/midway3/rickybao/dreamerv3_runs/adapt_ax1rb1q1s1_synth_seed106_ckpt500000/metrics.jsonl
Writing metrics: /scratch/midway3/rickybao/dreamerv3_runs/adapt_ax1rb1q1s1_synth_seed106_ckpt500000/scores.jsonl

--------------------[Agent Step 65_008]--------------------
Metrics filtered by: 'score|length|fps|ratio|train/loss/|train/rand/'
episode/score 36 / episode/length 1001 / train/loss/con 0.02 / train/loss/distractor 0.5 / train/loss/dyn 5.96 / train/loss/policy -0.06 / train/loss/position 0.06 / train/loss/rep 5.96 / train/loss/repval 1.3 / train/loss/rew 0.02 / train/loss/to_target 0.04 / train/loss/value 1.07 / train/loss/velocity 0.45 / replay/replay_ratio 1040 / fps/policy 40.37 / fps/train 4.1e4

Writing metrics: /scratch/midway3/rickybao/dreamerv3_runs/adapt_ax1rb1q1s1_synth_seed106_ckpt500000/metrics.jsonlWriting metrics: /scratch/midway3/rickybao/dreamerv3_runs/adapt_ax1rb1q1s1_synth_seed106_ckpt500000/scores.jsonl


--------------------[Agent Step 69_856]--------------------
Metrics filtered by: 'score|length|fps|ratio|train/loss/|train/rand/'
train/loss/con 0.02 / train/loss/distractor 0.5 / train/loss/dyn 5.83 / train/loss/policy -0.11 / train/loss/position 0.05 / train/loss/rep 5.83 / train/loss/repval 1.44 / train/loss/rew 0.04 / train/loss/to_target 0.04 / train/loss/value 1.13 / train/loss/velocity 0.42 / replay/replay_ratio 1040 / fps/policy 40.38 / fps/train 4.1e4

Writing metrics: /scratch/midway3/rickybao/dreamerv3_runs/adapt_ax1rb1q1s1_synth_seed106_ckpt500000/metrics.jsonlWriting metrics: /scratch/midway3/rickybao/dreamerv3_runs/adapt_ax1rb1q1s1_synth_seed106_ckpt500000/scores.jsonl

Saving checkpoint: /scratch/midway3/rickybao/dreamerv3_runs/adapt_ax1rb1q1s1_synth_seed106_ckpt500000/ckpt/20260721T004105F805595
Saved checkpoint.

--------------------[Agent Step 74_688]--------------------
Metrics filtered by: 'score|length|fps|ratio|train/loss/|train/rand/'
train/loss/con 0.02 / train/loss/distractor 0.5 / train/loss/dyn 5.72 / train/loss/policy -0.1 / train/loss/position 0.05 / train/loss/rep 5.72 / train/loss/repval 1.31 / train/loss/rew 0.03 / train/loss/to_target 0.04 / train/loss/value 1.06 / train/loss/velocity 0.39 / replay/replay_ratio 1040 / fps/policy 40.17 / fps/train 4.1e4

Writing metrics: /scratch/midway3/rickybao/dreamerv3_runs/adapt_ax1rb1q1s1_synth_seed106_ckpt500000/metrics.jsonlWriting metrics: /scratch/midway3/rickybao/dreamerv3_runs/adapt_ax1rb1q1s1_synth_seed106_ckpt500000/scores.jsonl


--------------------[Agent Step 79_536]--------------------
Metrics filtered by: 'score|length|fps|ratio|train/loss/|train/rand/'
train/loss/con 0.02 / train/loss/distractor 0.5 / train/loss/dyn 5.62 / train/loss/policy -0.01 / train/loss/position 0.05 / train/loss/rep 5.62 / train/loss/repval 1.3 / train/loss/rew 0.03 / train/loss/to_target 0.04 / train/loss/value 1.12 / train/loss/velocity 0.36 / replay/replay_ratio 1040 / fps/policy 40.38 / fps/train 4.1e4

Writing metrics: /scratch/midway3/rickybao/dreamerv3_runs/adapt_ax1rb1q1s1_synth_seed106_ckpt500000/metrics.jsonlWriting metrics: /scratch/midway3/rickybao/dreamerv3_runs/adapt_ax1rb1q1s1_synth_seed106_ckpt500000/scores.jsonl


--------------------[Agent Step 84_384]--------------------
Metrics filtered by: 'score|length|fps|ratio|train/loss/|train/rand/'
episode/score 47 / episode/length 1001 / train/loss/con 0.02 / train/loss/distractor 0.5 / train/loss/dyn 5.53 / train/loss/policy -0.07 / train/loss/position 0.05 / train/loss/rep 5.53 / train/loss/repval 1.32 / train/loss/rew 0.06 / train/loss/to_target 0.04 / train/loss/value 1.08 / train/loss/velocity 0.34 / replay/replay_ratio 1040 / fps/policy 40.38 / fps/train 4.1e4

Writing metrics: /scratch/midway3/rickybao/dreamerv3_runs/adapt_ax1rb1q1s1_synth_seed106_ckpt500000/metrics.jsonlWriting metrics: /scratch/midway3/rickybao/dreamerv3_runs/adapt_ax1rb1q1s1_synth_seed106_ckpt500000/scores.jsonl


--------------------[Agent Step 89_232]--------------------
Metrics filtered by: 'score|length|fps|ratio|train/loss/|train/rand/'
train/loss/con 0.02 / train/loss/distractor 0.5 / train/loss/dyn 5.48 / train/loss/policy -0.07 / train/loss/position 0.05 / train/loss/rep 5.48 / train/loss/repval 1.33 / train/loss/rew 0.06 / train/loss/to_target 0.04 / train/loss/value 1.02 / train/loss/velocity 0.33 / replay/replay_ratio 1040 / fps/policy 40.39 / fps/train 4.1e4

Writing metrics: /scratch/midway3/rickybao/dreamerv3_runs/adapt_ax1rb1q1s1_synth_seed106_ckpt500000/scores.jsonlWriting metrics: /scratch/midway3/rickybao/dreamerv3_runs/adapt_ax1rb1q1s1_synth_seed106_ckpt500000/metrics.jsonl


--------------------[Agent Step 94_080]--------------------
Metrics filtered by: 'score|length|fps|ratio|train/loss/|train/rand/'
train/loss/con 0.02 / train/loss/distractor 0.5 / train/loss/dyn 5.41 / train/loss/policy -0.06 / train/loss/position 0.05 / train/loss/rep 5.41 / train/loss/repval 1.23 / train/loss/rew 0.06 / train/loss/to_target 0.04 / train/loss/value 1.05 / train/loss/velocity 0.31 / replay/replay_ratio 1040 / fps/policy 40.38 / fps/train 4.1e4

Writing metrics: /scratch/midway3/rickybao/dreamerv3_runs/adapt_ax1rb1q1s1_synth_seed106_ckpt500000/metrics.jsonlWriting metrics: /scratch/midway3/rickybao/dreamerv3_runs/adapt_ax1rb1q1s1_synth_seed106_ckpt500000/scores.jsonl


--------------------[Agent Step 98_928]--------------------
Metrics filtered by: 'score|length|fps|ratio|train/loss/|train/rand/'
episode/score 51 / episode/length 1001 / train/loss/con 0.02 / train/loss/distractor 0.5 / train/loss/dyn 5.36 / train/loss/policy -0.06 / train/loss/position 0.05 / train/loss/rep 5.36 / train/loss/repval 1.21 / train/loss/rew 0.06 / train/loss/to_target 0.03 / train/loss/value 1.02 / train/loss/velocity 0.29 / replay/replay_ratio 1040 / fps/policy 40.38 / fps/train 4.1e4

Writing metrics: /scratch/midway3/rickybao/dreamerv3_runs/adapt_ax1rb1q1s1_synth_seed106_ckpt500000/metrics.jsonl
Writing metrics: /scratch/midway3/rickybao/dreamerv3_runs/adapt_ax1rb1q1s1_synth_seed106_ckpt500000/scores.jsonl

--------------------[Agent Step 103_776]--------------------
Metrics filtered by: 'score|length|fps|ratio|train/loss/|train/rand/'
train/loss/con 0.02 / train/loss/distractor 0.5 / train/loss/dyn 5.32 / train/loss/policy -0.05 / train/loss/position 0.04 / train/loss/rep 5.32 / train/loss/repval 1.2 / train/loss/rew 0.07 / train/loss/to_target 0.03 / train/loss/value 1.02 / train/loss/velocity 0.28 / replay/replay_ratio 1040 / fps/policy 40.36 / fps/train 4.1e4

Writing metrics: /scratch/midway3/rickybao/dreamerv3_runs/adapt_ax1rb1q1s1_synth_seed106_ckpt500000/scores.jsonlWriting metrics: /scratch/midway3/rickybao/dreamerv3_runs/adapt_ax1rb1q1s1_synth_seed106_ckpt500000/metrics.jsonl


--------------------[Agent Step 108_624]--------------------
Metrics filtered by: 'score|length|fps|ratio|train/loss/|train/rand/'
train/loss/con 0.02 / train/loss/distractor 0.5 / train/loss/dyn 5.28 / train/loss/policy -0.05 / train/loss/position 0.04 / train/loss/rep 5.28 / train/loss/repval 1.2 / train/loss/rew 0.08 / train/loss/to_target 0.03 / train/loss/value 1.02 / train/loss/velocity 0.27 / replay/replay_ratio 1040 / fps/policy 40.3 / fps/train 4.1e4

Writing metrics: /scratch/midway3/rickybao/dreamerv3_runs/adapt_ax1rb1q1s1_synth_seed106_ckpt500000/scores.jsonlWriting metrics: /scratch/midway3/rickybao/dreamerv3_runs/adapt_ax1rb1q1s1_synth_seed106_ckpt500000/metrics.jsonl

Saving checkpoint: /scratch/midway3/rickybao/dreamerv3_runs/adapt_ax1rb1q1s1_synth_seed106_ckpt500000/ckpt/20260721T005606F135638
Saved checkpoint.

--------------------[Agent Step 113_456]--------------------
Metrics filtered by: 'score|length|fps|ratio|train/loss/|train/rand/'
episode/score 147 / episode/length 1001 / train/loss/con 0.02 / train/loss/distractor 0.5 / train/loss/dyn 5.22 / train/loss/policy -0.05 / train/loss/position 0.04 / train/loss/rep 5.22 / train/loss/repval 1.18 / train/loss/rew 0.1 / train/loss/to_target 0.03 / train/loss/value 0.99 / train/loss/velocity 0.26 / replay/replay_ratio 1040 / fps/policy 40.15 / fps/train 4.1e4

Writing metrics: /scratch/midway3/rickybao/dreamerv3_runs/adapt_ax1rb1q1s1_synth_seed106_ckpt500000/scores.jsonlWriting metrics: /scratch/midway3/rickybao/dreamerv3_runs/adapt_ax1rb1q1s1_synth_seed106_ckpt500000/metrics.jsonl


--------------------[Agent Step 118_304]--------------------
Metrics filtered by: 'score|length|fps|ratio|train/loss/|train/rand/'
train/loss/con 0.02 / train/loss/distractor 0.5 / train/loss/dyn 5.19 / train/loss/policy -0.05 / train/loss/position 0.04 / train/loss/rep 5.19 / train/loss/repval 1.19 / train/loss/rew 0.12 / train/loss/to_target 0.03 / train/loss/value 0.95 / train/loss/velocity 0.25 / replay/replay_ratio 1040 / fps/policy 40.38 / fps/train 4.1e4

Writing metrics: /scratch/midway3/rickybao/dreamerv3_runs/adapt_ax1rb1q1s1_synth_seed106_ckpt500000/scores.jsonl
Writing metrics: /scratch/midway3/rickybao/dreamerv3_runs/adapt_ax1rb1q1s1_synth_seed106_ckpt500000/metrics.jsonl

--------------------[Agent Step 123_152]--------------------
Metrics filtered by: 'score|length|fps|ratio|train/loss/|train/rand/'
train/loss/con 0.02 / train/loss/distractor 0.5 / train/loss/dyn 5.14 / train/loss/policy -0.04 / train/loss/position 0.04 / train/loss/rep 5.14 / train/loss/repval 1.21 / train/loss/rew 0.16 / train/loss/to_target 0.03 / train/loss/value 0.97 / train/loss/velocity 0.24 / replay/replay_ratio 1040 / fps/policy 40.39 / fps/train 4.1e4

Writing metrics: /scratch/midway3/rickybao/dreamerv3_runs/adapt_ax1rb1q1s1_synth_seed106_ckpt500000/metrics.jsonl
Writing metrics: /scratch/midway3/rickybao/dreamerv3_runs/adapt_ax1rb1q1s1_synth_seed106_ckpt500000/scores.jsonl

--------------------[Agent Step 123_168]--------------------
Metrics filtered by: 'score|length|fps|ratio|train/loss/|train/rand/'
No metrics.

Writing metrics: /scratch/midway3/rickybao/dreamerv3_runs/adapt_ax1rb1q1s1_synth_seed106_ckpt500000/metrics.jsonlWriting metrics: /scratch/midway3/rickybao/dreamerv3_runs/adapt_ax1rb1q1s1_synth_seed106_ckpt500000/scores.jsonl

[Tue Jul 21 01:01:54 CDT 2026] adapt adapt_ax1rb1q1s1_synth_seed106_ckpt500000 rc=0 status=DONE
[Tue Jul 21 01:01:54 CDT 2026] DONE child adapt_ax1rb1q1s1_synth_seed106_ckpt500000
[Tue Jul 21 01:01:54 CDT 2026] START child adapt_ax1rb2q1s1_synth_seed104_ckpt500000 WM_RUN=ax1wm_synth_q1s1_seed2
[Tue Jul 21 01:01:54 CDT 2026] axis1 child starting RUN_ID=adapt_ax1rb2q1s1_synth_seed104_ckpt500000 WM_RUN=ax1wm_synth_q1s1_seed2 job=52442226 host=midway3-0281.rcc.local
[Tue Jul 21 01:01:54 CDT 2026] env prepared: python=/scratch/midway3/rickybao/conda_envs/dreamerv3/bin/python
python_executable=/scratch/midway3/rickybao/conda_envs/dreamerv3/bin/python
[Tue Jul 21 01:01:54 CDT 2026] offline WM already fit: /scratch/midway3/rickybao/dreamerv3_runs/ax1wm_synth_q1s1_seed2/ckpt/20260718T074011F841176-000000500000 (skipping stage 1)
[Tue Jul 21 01:01:54 CDT 2026] adapt RUN_ID=adapt_ax1rb2q1s1_synth_seed104_ckpt500000 TASK=synth_reach SEED=104 CKPT=/scratch/midway3/rickybao/dreamerv3_runs/ax1wm_synth_q1s1_seed2/ckpt/20260718T074011F841176-000000500000 STEPS=1.25e5
---  ___                           __   ______ ---
--- |   \ _ _ ___ __ _ _ __  ___ _ \ \ / /__ / ---
--- | |) | '_/ -_) _` | '  \/ -_) '/\ V / |_ \ ---
--- |___/|_| \___\__,_|_|_|_\___|_|  \_/ |___/ ---
Replica: 0 / 1
Logdir: /scratch/midway3/rickybao/dreamerv3_runs/adapt_ax1rb2q1s1_synth_seed104_ckpt500000
Run script: train
Observations
  position         Space(float32, shape=(2,), low=-inf, high=inf)
  velocity         Space(float32, shape=(2,), low=-inf, high=inf)
  distractor       Space(float32, shape=(8,), low=-inf, high=inf)
  to_target        Space(float32, shape=(2,), low=-inf, high=inf)
  reward           Space(float32, shape=(), low=-inf, high=inf)
  is_first         Space(bool, shape=(), low=False, high=True)
  is_last          Space(bool, shape=(), low=False, high=True)
  is_terminal      Space(bool, shape=(), low=False, high=True)
Actions
  action           Space(float32, shape=(2,), low=-1.0, high=1.0)
Extras
  consec           Space(int32, shape=(), low=-2147483648, high=2147483647)
  stepid           Space(uint8, shape=(20,), low=0, high=255)
  dyn/deter        Space(float32, shape=(512,), low=-inf, high=inf)
  dyn/stoch        Space(float32, shape=(32, 4), low=-inf, high=inf)
JAX devices (1): [cuda:0]
Policy devices: cuda:0
Train devices:  cuda:0
Initializing parameters...
Optimizer opt has 214,723 params:
        66,111 val
        57,663 rew
        49,796 pol
        41,153 con
Done initializing!
Compiling 1 checkpoint groups...
Largest checkpoint group: 0 GB
Compiling train and report...
Train cost analysis:
  FLOPS:            7.2e+09
  Memory (temp):    2.0e+08
  Memory (inputs):  7.3e+06
  Memory (outputs): 5.9e+06
  Memory (code):    1.5e+06

Report cost analysis:
  FLOPS:            1.8e+06
  Memory (temp):    9.2e+05
  Memory (inputs):  2.7e+06
  Memory (outputs): 2.1e+04
  Memory (code):    9.8e+04

Done compiling!
Loaded pretrained checkpoint with keys: ['dec/mlp/linear0/bias', 'dec/mlp/linear0/kernel', 'dec/mlp/linear1/bias', 'dec/mlp/linear1/kernel', 'dec/mlp/linear2/bias', 'dec/mlp/linear2/kernel', 'dec/mlp/norm0/scale', 'dec/mlp/norm1/scale', 'dec/mlp/norm2/scale', 'dec/vec/distractor/pred/bias', 'dec/vec/distractor/pred/kernel', 'dec/vec/position/pred/bias', 'dec/vec/position/pred/kernel', 'dec/vec/to_target/pred/bias', 'dec/vec/to_target/pred/kernel', 'dec/vec/velocity/pred/bias', 'dec/vec/velocity/pred/kernel', 'dyn/dyngru/bias', 'dyn/dyngru/kernel', 'dyn/dynhid0/bias', 'dyn/dynhid0/kernel', 'dyn/dynhid0norm/scale', 'dyn/dynin0/bias', 'dyn/dynin0/kernel', 'dyn/dynin0norm/scale', 'dyn/dynin1/bias', 'dyn/dynin1/kernel', 'dyn/dynin1norm/scale', 'dyn/dynin2/bias', 'dyn/dynin2/kernel', 'dyn/dynin2norm/scale', 'dyn/obs0/bias', 'dyn/obs0/kernel', 'dyn/obs0norm/scale', 'dyn/obslogit/bias', 'dyn/obslogit/kernel', 'dyn/prior0/bias', 'dyn/prior0/kernel', 'dyn/prior0norm/scale', 'dyn/prior1/bias', 'dyn/prior1/kernel', 'dyn/prior1norm/scale', 'dyn/priorlogit/bias', 'dyn/priorlogit/kernel', 'enc/mlp0/bias', 'enc/mlp0/kernel', 'enc/mlp0norm/scale', 'enc/mlp1/bias', 'enc/mlp1/kernel', 'enc/mlp1norm/scale', 'enc/mlp2/bias', 'enc/mlp2/kernel', 'enc/mlp2norm/scale']
Did not find any checkpoint.
Saving checkpoint: /scratch/midway3/rickybao/dreamerv3_runs/adapt_ax1rb2q1s1_synth_seed104_ckpt500000/ckpt/20260721T010219F069564
Saved checkpoint.
Start training loop

--------------------[Agent Step 6_880]--------------------
Metrics filtered by: 'score|length|fps|ratio|train/loss/|train/rand/'
train/loss/con 0.05 / train/loss/distractor 0.48 / train/loss/dyn 4.51 / train/loss/policy -7.7e-4 / train/loss/position 0.02 / train/loss/rep 4.51 / train/loss/repval 2.09 / train/loss/rew 1.07 / train/loss/to_target 0.02 / train/loss/value 1.47 / train/loss/velocity 0.01 / replay/replay_ratio 858.5 / fps/policy 56.41 / fps/train 4.1e4

Writing metrics: /scratch/midway3/rickybao/dreamerv3_runs/adapt_ax1rb2q1s1_synth_seed104_ckpt500000/metrics.jsonlWriting metrics: /scratch/midway3/rickybao/dreamerv3_runs/adapt_ax1rb2q1s1_synth_seed104_ckpt500000/scores.jsonl


--------------------[Agent Step 11_744]--------------------
Metrics filtered by: 'score|length|fps|ratio|train/loss/|train/rand/'
train/loss/con 0.02 / train/loss/distractor 0.47 / train/loss/dyn 4.41 / train/loss/policy -8.3e-4 / train/loss/position 0.01 / train/loss/rep 4.41 / train/loss/repval 4.3e-3 / train/loss/rew 2.8e-3 / train/loss/to_target 0.01 / train/loss/value 2.7e-3 / train/loss/velocity 0.01 / replay/replay_ratio 1040 / fps/policy 40.51 / fps/train 4.1e4

Writing metrics: /scratch/midway3/rickybao/dreamerv3_runs/adapt_ax1rb2q1s1_synth_seed104_ckpt500000/scores.jsonlWriting metrics: /scratch/midway3/rickybao/dreamerv3_runs/adapt_ax1rb2q1s1_synth_seed104_ckpt500000/metrics.jsonl


--------------------[Agent Step 16_608]--------------------
Metrics filtered by: 'score|length|fps|ratio|train/loss/|train/rand/'
episode/score 0 / episode/length 1001 / train/loss/con 0.02 / train/loss/distractor 0.48 / train/loss/dyn 4.44 / train/loss/policy -3.6e-3 / train/loss/position 0.02 / train/loss/rep 4.44 / train/loss/repval 0.37 / train/loss/rew 8.1e-3 / train/loss/to_target 0.02 / train/loss/value 0.26 / train/loss/velocity 0.02 / replay/replay_ratio 1040 / fps/policy 40.5 / fps/train 4.1e4

Writing metrics: /scratch/midway3/rickybao/dreamerv3_runs/adapt_ax1rb2q1s1_synth_seed104_ckpt500000/metrics.jsonlWriting metrics: /scratch/midway3/rickybao/dreamerv3_runs/adapt_ax1rb2q1s1_synth_seed104_ckpt500000/scores.jsonl


--------------------[Agent Step 21_472]--------------------
Metrics filtered by: 'score|length|fps|ratio|train/loss/|train/rand/'
train/loss/con 0.02 / train/loss/distractor 0.5 / train/loss/dyn 4.55 / train/loss/policy 0.01 / train/loss/position 0.03 / train/loss/rep 4.55 / train/loss/repval 0.92 / train/loss/rew 0.01 / train/loss/to_target 0.05 / train/loss/value 0.74 / train/loss/velocity 0.03 / replay/replay_ratio 1040 / fps/policy 40.5 / fps/train 4.1e4

Writing metrics: /scratch/midway3/rickybao/dreamerv3_runs/adapt_ax1rb2q1s1_synth_seed104_ckpt500000/scores.jsonlWriting metrics: /scratch/midway3/rickybao/dreamerv3_runs/adapt_ax1rb2q1s1_synth_seed104_ckpt500000/metrics.jsonl


--------------------[Agent Step 26_336]--------------------
Metrics filtered by: 'score|length|fps|ratio|train/loss/|train/rand/'
train/loss/con 0.02 / train/loss/distractor 0.5 / train/loss/dyn 4.56 / train/loss/policy 9.5e-3 / train/loss/position 0.03 / train/loss/rep 4.56 / train/loss/repval 1.11 / train/loss/rew 0.01 / train/loss/to_target 0.05 / train/loss/value 0.9 / train/loss/velocity 0.04 / replay/replay_ratio 1040 / fps/policy 40.5 / fps/train 4.1e4

Writing metrics: /scratch/midway3/rickybao/dreamerv3_runs/adapt_ax1rb2q1s1_synth_seed104_ckpt500000/metrics.jsonlWriting metrics: /scratch/midway3/rickybao/dreamerv3_runs/adapt_ax1rb2q1s1_synth_seed104_ckpt500000/scores.jsonl


--------------------[Agent Step 31_200]--------------------
Metrics filtered by: 'score|length|fps|ratio|train/loss/|train/rand/'
train/loss/con 0.02 / train/loss/distractor 0.5 / train/loss/dyn 4.9 / train/loss/policy -3.6e-4 / train/loss/position 0.03 / train/loss/rep 4.9 / train/loss/repval 1.19 / train/loss/rew 8.9e-3 / train/loss/to_target 0.07 / train/loss/value 1.11 / train/loss/velocity 0.1 / replay/replay_ratio 1040 / fps/policy 40.5 / fps/train 4.1e4

Writing metrics: /scratch/midway3/rickybao/dreamerv3_runs/adapt_ax1rb2q1s1_synth_seed104_ckpt500000/metrics.jsonl
Writing metrics: /scratch/midway3/rickybao/dreamerv3_runs/adapt_ax1rb2q1s1_synth_seed104_ckpt500000/scores.jsonl

--------------------[Agent Step 36_064]--------------------
Metrics filtered by: 'score|length|fps|ratio|train/loss/|train/rand/'
episode/score 6 / episode/length 1001 / train/loss/con 0.02 / train/loss/distractor 0.5 / train/loss/dyn 5.23 / train/loss/policy 9.9e-4 / train/loss/position 0.04 / train/loss/rep 5.23 / train/loss/repval 1.39 / train/loss/rew 7.5e-3 / train/loss/to_target 0.08 / train/loss/value 1.14 / train/loss/velocity 0.15 / replay/replay_ratio 1040 / fps/policy 40.49 / fps/train 4.1e4

Writing metrics: /scratch/midway3/rickybao/dreamerv3_runs/adapt_ax1rb2q1s1_synth_seed104_ckpt500000/scores.jsonl
Writing metrics: /scratch/midway3/rickybao/dreamerv3_runs/adapt_ax1rb2q1s1_synth_seed104_ckpt500000/metrics.jsonl
Saving checkpoint: /scratch/midway3/rickybao/dreamerv3_runs/adapt_ax1rb2q1s1_synth_seed104_ckpt500000/ckpt/20260721T011720F686469
Saved checkpoint.

--------------------[Agent Step 40_896]--------------------
Metrics filtered by: 'score|length|fps|ratio|train/loss/|train/rand/'
train/loss/con 0.02 / train/loss/distractor 0.5 / train/loss/dyn 5.49 / train/loss/policy 1.4e-3 / train/loss/position 0.04 / train/loss/rep 5.49 / train/loss/repval 1.39 / train/loss/rew 6.3e-3 / train/loss/to_target 0.09 / train/loss/value 1.22 / train/loss/velocity 0.2 / replay/replay_ratio 1040 / fps/policy 40.15 / fps/train 4.1e4

Writing metrics: /scratch/midway3/rickybao/dreamerv3_runs/adapt_ax1rb2q1s1_synth_seed104_ckpt500000/metrics.jsonl
Writing metrics: /scratch/midway3/rickybao/dreamerv3_runs/adapt_ax1rb2q1s1_synth_seed104_ckpt500000/scores.jsonl

--------------------[Agent Step 45_760]--------------------
Metrics filtered by: 'score|length|fps|ratio|train/loss/|train/rand/'
train/loss/con 0.02 / train/loss/distractor 0.5 / train/loss/dyn 5.72 / train/loss/policy 1.7e-3 / train/loss/position 0.04 / train/loss/rep 5.72 / train/loss/repval 1.35 / train/loss/rew 5.2e-3 / train/loss/to_target 0.09 / train/loss/value 1.26 / train/loss/velocity 0.24 / replay/replay_ratio 1040 / fps/policy 40.5 / fps/train 4.1e4

Writing metrics: /scratch/midway3/rickybao/dreamerv3_runs/adapt_ax1rb2q1s1_synth_seed104_ckpt500000/scores.jsonlWriting metrics: /scratch/midway3/rickybao/dreamerv3_runs/adapt_ax1rb2q1s1_synth_seed104_ckpt500000/metrics.jsonl


--------------------[Agent Step 50_624]--------------------
Metrics filtered by: 'score|length|fps|ratio|train/loss/|train/rand/'
episode/score 0 / episode/length 1001 / train/loss/con 0.02 / train/loss/distractor 0.5 / train/loss/dyn 5.88 / train/loss/policy 1.3e-3 / train/loss/position 0.04 / train/loss/rep 5.88 / train/loss/repval 1.21 / train/loss/rew 4.7e-3 / train/loss/to_target 0.1 / train/loss/value 1.25 / train/loss/velocity 0.26 / replay/replay_ratio 1040 / fps/policy 40.5 / fps/train 4.1e4

Writing metrics: /scratch/midway3/rickybao/dreamerv3_runs/adapt_ax1rb2q1s1_synth_seed104_ckpt500000/metrics.jsonlWriting metrics: /scratch/midway3/rickybao/dreamerv3_runs/adapt_ax1rb2q1s1_synth_seed104_ckpt500000/scores.jsonl


--------------------[Agent Step 55_488]--------------------
Metrics filtered by: 'score|length|fps|ratio|train/loss/|train/rand/'
train/loss/con 0.02 / train/loss/distractor 0.5 / train/loss/dyn 5.89 / train/loss/policy 8e-3 / train/loss/position 0.05 / train/loss/rep 5.89 / train/loss/repval 1.22 / train/loss/rew 0.01 / train/loss/to_target 0.1 / train/loss/value 1.07 / train/loss/velocity 0.26 / replay/replay_ratio 1040 / fps/policy 40.51 / fps/train 4.1e4

Writing metrics: /scratch/midway3/rickybao/dreamerv3_runs/adapt_ax1rb2q1s1_synth_seed104_ckpt500000/scores.jsonlWriting metrics: /scratch/midway3/rickybao/dreamerv3_runs/adapt_ax1rb2q1s1_synth_seed104_ckpt500000/metrics.jsonl


--------------------[Agent Step 60_352]--------------------
Metrics filtered by: 'score|length|fps|ratio|train/loss/|train/rand/'
train/loss/con 0.02 / train/loss/distractor 0.5 / train/loss/dyn 5.75 / train/loss/policy -3.3e-3 / train/loss/position 0.04 / train/loss/rep 5.75 / train/loss/repval 1.39 / train/loss/rew 0.03 / train/loss/to_target 0.09 / train/loss/value 1.09 / train/loss/velocity 0.25 / replay/replay_ratio 1040 / fps/policy 40.51 / fps/train 4.1e4

Writing metrics: /scratch/midway3/rickybao/dreamerv3_runs/adapt_ax1rb2q1s1_synth_seed104_ckpt500000/metrics.jsonlWriting metrics: /scratch/midway3/rickybao/dreamerv3_runs/adapt_ax1rb2q1s1_synth_seed104_ckpt500000/scores.jsonl


--------------------[Agent Step 65_216]--------------------
Metrics filtered by: 'score|length|fps|ratio|train/loss/|train/rand/'
episode/score 56 / episode/length 1001 / train/loss/con 0.02 / train/loss/distractor 0.5 / train/loss/dyn 5.67 / train/loss/policy -0.03 / train/loss/position 0.04 / train/loss/rep 5.67 / train/loss/repval 1.45 / train/loss/rew 0.06 / train/loss/to_target 0.09 / train/loss/value 1.06 / train/loss/velocity 0.23 / replay/replay_ratio 1040 / fps/policy 40.5 / fps/train 4.1e4

Writing metrics: /scratch/midway3/rickybao/dreamerv3_runs/adapt_ax1rb2q1s1_synth_seed104_ckpt500000/metrics.jsonlWriting metrics: /scratch/midway3/rickybao/dreamerv3_runs/adapt_ax1rb2q1s1_synth_seed104_ckpt500000/scores.jsonl


--------------------[Agent Step 70_080]--------------------
Metrics filtered by: 'score|length|fps|ratio|train/loss/|train/rand/'
train/loss/con 0.02 / train/loss/distractor 0.5 / train/loss/dyn 5.61 / train/loss/policy -0.04 / train/loss/position 0.04 / train/loss/rep 5.61 / train/loss/repval 1.48 / train/loss/rew 0.08 / train/loss/to_target 0.09 / train/loss/value 1 / train/loss/velocity 0.22 / replay/replay_ratio 1040 / fps/policy 40.5 / fps/train 4.1e4

Writing metrics: /scratch/midway3/rickybao/dreamerv3_runs/adapt_ax1rb2q1s1_synth_seed104_ckpt500000/scores.jsonlWriting metrics: /scratch/midway3/rickybao/dreamerv3_runs/adapt_ax1rb2q1s1_synth_seed104_ckpt500000/metrics.jsonl

Saving checkpoint: /scratch/midway3/rickybao/dreamerv3_runs/adapt_ax1rb2q1s1_synth_seed104_ckpt500000/ckpt/20260721T013221F012602
Saved checkpoint.

--------------------[Agent Step 74_912]--------------------
Metrics filtered by: 'score|length|fps|ratio|train/loss/|train/rand/'
train/loss/con 0.02 / train/loss/distractor 0.5 / train/loss/dyn 5.54 / train/loss/policy -0.02 / train/loss/position 0.04 / train/loss/rep 5.54 / train/loss/repval 1.48 / train/loss/rew 0.1 / train/loss/to_target 0.09 / train/loss/value 0.94 / train/loss/velocity 0.2 / replay/replay_ratio 1040 / fps/policy 40.24 / fps/train 4.1e4

Writing metrics: /scratch/midway3/rickybao/dreamerv3_runs/adapt_ax1rb2q1s1_synth_seed104_ckpt500000/scores.jsonlWriting metrics: /scratch/midway3/rickybao/dreamerv3_runs/adapt_ax1rb2q1s1_synth_seed104_ckpt500000/metrics.jsonl


--------------------[Agent Step 79_776]--------------------
Metrics filtered by: 'score|length|fps|ratio|train/loss/|train/rand/'
train/loss/con 0.02 / train/loss/distractor 0.5 / train/loss/dyn 5.47 / train/loss/policy 3.2e-3 / train/loss/position 0.04 / train/loss/rep 5.47 / train/loss/repval 1.47 / train/loss/rew 0.13 / train/loss/to_target 0.08 / train/loss/value 1.04 / train/loss/velocity 0.19 / replay/replay_ratio 1040 / fps/policy 40.5 / fps/train 4.1e4

Writing metrics: /scratch/midway3/rickybao/dreamerv3_runs/adapt_ax1rb2q1s1_synth_seed104_ckpt500000/metrics.jsonl
Writing metrics: /scratch/midway3/rickybao/dreamerv3_runs/adapt_ax1rb2q1s1_synth_seed104_ckpt500000/scores.jsonl

--------------------[Agent Step 84_640]--------------------
Metrics filtered by: 'score|length|fps|ratio|train/loss/|train/rand/'
episode/score 86 / episode/length 1001 / train/loss/con 0.02 / train/loss/distractor 0.5 / train/loss/dyn 5.43 / train/loss/policy -0.01 / train/loss/position 0.04 / train/loss/rep 5.43 / train/loss/repval 1.4 / train/loss/rew 0.14 / train/loss/to_target 0.08 / train/loss/value 1 / train/loss/velocity 0.18 / replay/replay_ratio 1040 / fps/policy 40.5 / fps/train 4.1e4

Writing metrics: /scratch/midway3/rickybao/dreamerv3_runs/adapt_ax1rb2q1s1_synth_seed104_ckpt500000/metrics.jsonl
Writing metrics: /scratch/midway3/rickybao/dreamerv3_runs/adapt_ax1rb2q1s1_synth_seed104_ckpt500000/scores.jsonl

--------------------[Agent Step 89_504]--------------------
Metrics filtered by: 'score|length|fps|ratio|train/loss/|train/rand/'
train/loss/con 0.02 / train/loss/distractor 0.5 / train/loss/dyn 5.4 / train/loss/policy -6.8e-3 / train/loss/position 0.04 / train/loss/rep 5.4 / train/loss/repval 1.42 / train/loss/rew 0.15 / train/loss/to_target 0.08 / train/loss/value 1.03 / train/loss/velocity 0.17 / replay/replay_ratio 1040 / fps/policy 40.51 / fps/train 4.1e4

Writing metrics: /scratch/midway3/rickybao/dreamerv3_runs/adapt_ax1rb2q1s1_synth_seed104_ckpt500000/metrics.jsonlWriting metrics: /scratch/midway3/rickybao/dreamerv3_runs/adapt_ax1rb2q1s1_synth_seed104_ckpt500000/scores.jsonl


--------------------[Agent Step 94_368]--------------------
Metrics filtered by: 'score|length|fps|ratio|train/loss/|train/rand/'
train/loss/con 0.02 / train/loss/distractor 0.5 / train/loss/dyn 5.35 / train/loss/policy -0.02 / train/loss/position 0.04 / train/loss/rep 5.35 / train/loss/repval 1.33 / train/loss/rew 0.17 / train/loss/to_target 0.08 / train/loss/value 1 / train/loss/velocity 0.16 / replay/replay_ratio 1040 / fps/policy 40.5 / fps/train 4.1e4

Writing metrics: /scratch/midway3/rickybao/dreamerv3_runs/adapt_ax1rb2q1s1_synth_seed104_ckpt500000/scores.jsonlWriting metrics: /scratch/midway3/rickybao/dreamerv3_runs/adapt_ax1rb2q1s1_synth_seed104_ckpt500000/metrics.jsonl


--------------------[Agent Step 99_232]--------------------
Metrics filtered by: 'score|length|fps|ratio|train/loss/|train/rand/'
episode/score 302 / episode/length 1001 / train/loss/con 0.02 / train/loss/distractor 0.5 / train/loss/dyn 5.34 / train/loss/policy 8.3e-3 / train/loss/position 0.04 / train/loss/rep 5.34 / train/loss/repval 1.31 / train/loss/rew 0.18 / train/loss/to_target 0.08 / train/loss/value 0.94 / train/loss/velocity 0.16 / replay/replay_ratio 1040 / fps/policy 40.5 / fps/train 4.1e4

Writing metrics: /scratch/midway3/rickybao/dreamerv3_runs/adapt_ax1rb2q1s1_synth_seed104_ckpt500000/metrics.jsonlWriting metrics: /scratch/midway3/rickybao/dreamerv3_runs/adapt_ax1rb2q1s1_synth_seed104_ckpt500000/scores.jsonl


--------------------[Agent Step 104_096]--------------------
Metrics filtered by: 'score|length|fps|ratio|train/loss/|train/rand/'
train/loss/con 0.02 / train/loss/distractor 0.5 / train/loss/dyn 5.31 / train/loss/policy 0.01 / train/loss/position 0.04 / train/loss/rep 5.31 / train/loss/repval 1.54 / train/loss/rew 0.18 / train/loss/to_target 0.08 / train/loss/value 1.06 / train/loss/velocity 0.15 / replay/replay_ratio 1040 / fps/policy 40.51 / fps/train 4.1e4

Writing metrics: /scratch/midway3/rickybao/dreamerv3_runs/adapt_ax1rb2q1s1_synth_seed104_ckpt500000/scores.jsonlWriting metrics: /scratch/midway3/rickybao/dreamerv3_runs/adapt_ax1rb2q1s1_synth_seed104_ckpt500000/metrics.jsonl


--------------------[Agent Step 108_960]--------------------
Metrics filtered by: 'score|length|fps|ratio|train/loss/|train/rand/'
train/loss/con 0.02 / train/loss/distractor 0.5 / train/loss/dyn 5.28 / train/loss/policy 0.17 / train/loss/position 0.04 / train/loss/rep 5.28 / train/loss/repval 1.51 / train/loss/rew 0.19 / train/loss/to_target 0.08 / train/loss/value 1.01 / train/loss/velocity 0.14 / replay/replay_ratio 1040 / fps/policy 40.46 / fps/train 4.1e4

Writing metrics: /scratch/midway3/rickybao/dreamerv3_runs/adapt_ax1rb2q1s1_synth_seed104_ckpt500000/scores.jsonlWriting metrics: /scratch/midway3/rickybao/dreamerv3_runs/adapt_ax1rb2q1s1_synth_seed104_ckpt500000/metrics.jsonl

Saving checkpoint: /scratch/midway3/rickybao/dreamerv3_runs/adapt_ax1rb2q1s1_synth_seed104_ckpt500000/ckpt/20260721T014721F403209
Saved checkpoint.

--------------------[Agent Step 113_792]--------------------
Metrics filtered by: 'score|length|fps|ratio|train/loss/|train/rand/'
episode/score 69 / episode/length 1001 / train/loss/con 0.02 / train/loss/distractor 0.5 / train/loss/dyn 5.26 / train/loss/policy 0.24 / train/loss/position 0.04 / train/loss/rep 5.26 / train/loss/repval 2.26 / train/loss/rew 0.18 / train/loss/to_target 0.08 / train/loss/value 1.2 / train/loss/velocity 0.14 / replay/replay_ratio 1040 / fps/policy 40.26 / fps/train 4.1e4

Writing metrics: /scratch/midway3/rickybao/dreamerv3_runs/adapt_ax1rb2q1s1_synth_seed104_ckpt500000/metrics.jsonlWriting metrics: /scratch/midway3/rickybao/dreamerv3_runs/adapt_ax1rb2q1s1_synth_seed104_ckpt500000/scores.jsonl


--------------------[Agent Step 118_656]--------------------
Metrics filtered by: 'score|length|fps|ratio|train/loss/|train/rand/'
train/loss/con 0.02 / train/loss/distractor 0.5 / train/loss/dyn 5.23 / train/loss/policy 0.18 / train/loss/position 0.04 / train/loss/rep 5.23 / train/loss/repval 2.45 / train/loss/rew 0.17 / train/loss/to_target 0.08 / train/loss/value 1.22 / train/loss/velocity 0.13 / replay/replay_ratio 1040 / fps/policy 40.5 / fps/train 4.1e4

Writing metrics: /scratch/midway3/rickybao/dreamerv3_runs/adapt_ax1rb2q1s1_synth_seed104_ckpt500000/scores.jsonl
Writing metrics: /scratch/midway3/rickybao/dreamerv3_runs/adapt_ax1rb2q1s1_synth_seed104_ckpt500000/metrics.jsonl

--------------------[Agent Step 123_520]--------------------
Metrics filtered by: 'score|length|fps|ratio|train/loss/|train/rand/'
train/loss/con 0.02 / train/loss/distractor 0.5 / train/loss/dyn 5.21 / train/loss/policy 1.5e-3 / train/loss/position 0.04 / train/loss/rep 5.21 / train/loss/repval 1.8 / train/loss/rew 0.17 / train/loss/to_target 0.07 / train/loss/value 1.31 / train/loss/velocity 0.13 / replay/replay_ratio 1040 / fps/policy 40.5 / fps/train 4.1e4

Writing metrics: /scratch/midway3/rickybao/dreamerv3_runs/adapt_ax1rb2q1s1_synth_seed104_ckpt500000/metrics.jsonlWriting metrics: /scratch/midway3/rickybao/dreamerv3_runs/adapt_ax1rb2q1s1_synth_seed104_ckpt500000/scores.jsonl


--------------------[Agent Step 123_536]--------------------
Metrics filtered by: 'score|length|fps|ratio|train/loss/|train/rand/'
No metrics.

Writing metrics: /scratch/midway3/rickybao/dreamerv3_runs/adapt_ax1rb2q1s1_synth_seed104_ckpt500000/metrics.jsonlWriting metrics: /scratch/midway3/rickybao/dreamerv3_runs/adapt_ax1rb2q1s1_synth_seed104_ckpt500000/scores.jsonl

[Tue Jul 21 01:53:00 CDT 2026] adapt adapt_ax1rb2q1s1_synth_seed104_ckpt500000 rc=0 status=DONE
[Tue Jul 21 01:53:00 CDT 2026] DONE child adapt_ax1rb2q1s1_synth_seed104_ckpt500000
[Tue Jul 21 01:53:00 CDT 2026] START child adapt_ax1rb2q1s1_synth_seed105_ckpt500000 WM_RUN=ax1wm_synth_q1s1_seed2
[Tue Jul 21 01:53:00 CDT 2026] axis1 child starting RUN_ID=adapt_ax1rb2q1s1_synth_seed105_ckpt500000 WM_RUN=ax1wm_synth_q1s1_seed2 job=52442226 host=midway3-0281.rcc.local
[Tue Jul 21 01:53:00 CDT 2026] env prepared: python=/scratch/midway3/rickybao/conda_envs/dreamerv3/bin/python
python_executable=/scratch/midway3/rickybao/conda_envs/dreamerv3/bin/python
[Tue Jul 21 01:53:00 CDT 2026] offline WM already fit: /scratch/midway3/rickybao/dreamerv3_runs/ax1wm_synth_q1s1_seed2/ckpt/20260718T074011F841176-000000500000 (skipping stage 1)
[Tue Jul 21 01:53:00 CDT 2026] adapt RUN_ID=adapt_ax1rb2q1s1_synth_seed105_ckpt500000 TASK=synth_reach SEED=105 CKPT=/scratch/midway3/rickybao/dreamerv3_runs/ax1wm_synth_q1s1_seed2/ckpt/20260718T074011F841176-000000500000 STEPS=1.25e5
---  ___                           __   ______ ---
--- |   \ _ _ ___ __ _ _ __  ___ _ \ \ / /__ / ---
--- | |) | '_/ -_) _` | '  \/ -_) '/\ V / |_ \ ---
--- |___/|_| \___\__,_|_|_|_\___|_|  \_/ |___/ ---
Replica: 0 / 1
Logdir: /scratch/midway3/rickybao/dreamerv3_runs/adapt_ax1rb2q1s1_synth_seed105_ckpt500000
Run script: train
Observations
  position         Space(float32, shape=(2,), low=-inf, high=inf)
  velocity         Space(float32, shape=(2,), low=-inf, high=inf)
  distractor       Space(float32, shape=(8,), low=-inf, high=inf)
  to_target        Space(float32, shape=(2,), low=-inf, high=inf)
  reward           Space(float32, shape=(), low=-inf, high=inf)
  is_first         Space(bool, shape=(), low=False, high=True)
  is_last          Space(bool, shape=(), low=False, high=True)
  is_terminal      Space(bool, shape=(), low=False, high=True)
Actions
  action           Space(float32, shape=(2,), low=-1.0, high=1.0)
Extras
  consec           Space(int32, shape=(), low=-2147483648, high=2147483647)
  stepid           Space(uint8, shape=(20,), low=0, high=255)
  dyn/deter        Space(float32, shape=(512,), low=-inf, high=inf)
  dyn/stoch        Space(float32, shape=(32, 4), low=-inf, high=inf)
JAX devices (1): [cuda:0]
Policy devices: cuda:0
Train devices:  cuda:0
Initializing parameters...
Optimizer opt has 214,723 params:
        66,111 val
        57,663 rew
        49,796 pol
        41,153 con
Done initializing!
Compiling 1 checkpoint groups...
Largest checkpoint group: 0 GB
Compiling train and report...
Train cost analysis:
  FLOPS:            7.2e+09
  Memory (temp):    2.0e+08
  Memory (inputs):  7.3e+06
  Memory (outputs): 5.9e+06
  Memory (code):    1.5e+06

Report cost analysis:
  FLOPS:            1.8e+06
  Memory (temp):    9.2e+05
  Memory (inputs):  2.7e+06
  Memory (outputs): 2.1e+04
  Memory (code):    9.8e+04

Done compiling!
Loaded pretrained checkpoint with keys: ['dec/mlp/linear0/bias', 'dec/mlp/linear0/kernel', 'dec/mlp/linear1/bias', 'dec/mlp/linear1/kernel', 'dec/mlp/linear2/bias', 'dec/mlp/linear2/kernel', 'dec/mlp/norm0/scale', 'dec/mlp/norm1/scale', 'dec/mlp/norm2/scale', 'dec/vec/distractor/pred/bias', 'dec/vec/distractor/pred/kernel', 'dec/vec/position/pred/bias', 'dec/vec/position/pred/kernel', 'dec/vec/to_target/pred/bias', 'dec/vec/to_target/pred/kernel', 'dec/vec/velocity/pred/bias', 'dec/vec/velocity/pred/kernel', 'dyn/dyngru/bias', 'dyn/dyngru/kernel', 'dyn/dynhid0/bias', 'dyn/dynhid0/kernel', 'dyn/dynhid0norm/scale', 'dyn/dynin0/bias', 'dyn/dynin0/kernel', 'dyn/dynin0norm/scale', 'dyn/dynin1/bias', 'dyn/dynin1/kernel', 'dyn/dynin1norm/scale', 'dyn/dynin2/bias', 'dyn/dynin2/kernel', 'dyn/dynin2norm/scale', 'dyn/obs0/bias', 'dyn/obs0/kernel', 'dyn/obs0norm/scale', 'dyn/obslogit/bias', 'dyn/obslogit/kernel', 'dyn/prior0/bias', 'dyn/prior0/kernel', 'dyn/prior0norm/scale', 'dyn/prior1/bias', 'dyn/prior1/kernel', 'dyn/prior1norm/scale', 'dyn/priorlogit/bias', 'dyn/priorlogit/kernel', 'enc/mlp0/bias', 'enc/mlp0/kernel', 'enc/mlp0norm/scale', 'enc/mlp1/bias', 'enc/mlp1/kernel', 'enc/mlp1norm/scale', 'enc/mlp2/bias', 'enc/mlp2/kernel', 'enc/mlp2norm/scale']
Did not find any checkpoint.
Saving checkpoint: /scratch/midway3/rickybao/dreamerv3_runs/adapt_ax1rb2q1s1_synth_seed105_ckpt500000/ckpt/20260721T015325F013247
Saved checkpoint.
Start training loop

--------------------[Agent Step 6_880]--------------------
Metrics filtered by: 'score|length|fps|ratio|train/loss/|train/rand/'
train/loss/con 0.08 / train/loss/distractor 0.47 / train/loss/dyn 4.5 / train/loss/policy 0.06 / train/loss/position 0.02 / train/loss/rep 4.5 / train/loss/repval 2.95 / train/loss/rew 1.07 / train/loss/to_target 0.02 / train/loss/value 2.06 / train/loss/velocity 0.01 / replay/replay_ratio 858.5 / fps/policy 56.42 / fps/train 4.1e4

Writing metrics: /scratch/midway3/rickybao/dreamerv3_runs/adapt_ax1rb2q1s1_synth_seed105_ckpt500000/metrics.jsonlWriting metrics: /scratch/midway3/rickybao/dreamerv3_runs/adapt_ax1rb2q1s1_synth_seed105_ckpt500000/scores.jsonl


--------------------[Agent Step 11_744]--------------------
Metrics filtered by: 'score|length|fps|ratio|train/loss/|train/rand/'
train/loss/con 0.02 / train/loss/distractor 0.48 / train/loss/dyn 4.46 / train/loss/policy 0.13 / train/loss/position 0.01 / train/loss/rep 4.46 / train/loss/repval 1.57 / train/loss/rew 0.07 / train/loss/to_target 0.03 / train/loss/value 1.25 / train/loss/velocity 0.02 / replay/replay_ratio 1040 / fps/policy 40.47 / fps/train 4.1e4

Writing metrics: /scratch/midway3/rickybao/dreamerv3_runs/adapt_ax1rb2q1s1_synth_seed105_ckpt500000/metrics.jsonl
Writing metrics: /scratch/midway3/rickybao/dreamerv3_runs/adapt_ax1rb2q1s1_synth_seed105_ckpt500000/scores.jsonl

--------------------[Agent Step 16_608]--------------------
Metrics filtered by: 'score|length|fps|ratio|train/loss/|train/rand/'
episode/score 10 / episode/length 1001 / train/loss/con 0.02 / train/loss/distractor 0.48 / train/loss/dyn 4.49 / train/loss/policy 0.02 / train/loss/position 0.02 / train/loss/rep 4.49 / train/loss/repval 1.43 / train/loss/rew 0.05 / train/loss/to_target 0.03 / train/loss/value 1.17 / train/loss/velocity 0.03 / replay/replay_ratio 1040 / fps/policy 40.48 / fps/train 4.1e4

Writing metrics: /scratch/midway3/rickybao/dreamerv3_runs/adapt_ax1rb2q1s1_synth_seed105_ckpt500000/metrics.jsonl
Writing metrics: /scratch/midway3/rickybao/dreamerv3_runs/adapt_ax1rb2q1s1_synth_seed105_ckpt500000/scores.jsonl

--------------------[Agent Step 21_472]--------------------
Metrics filtered by: 'score|length|fps|ratio|train/loss/|train/rand/'
train/loss/con 0.02 / train/loss/distractor 0.48 / train/loss/dyn 4.66 / train/loss/policy 2.7e-3 / train/loss/position 0.03 / train/loss/rep 4.66 / train/loss/repval 1.35 / train/loss/rew 0.05 / train/loss/to_target 0.04 / train/loss/value 0.98 / train/loss/velocity 0.04 / replay/replay_ratio 1040 / fps/policy 40.49 / fps/train 4.1e4

Writing metrics: /scratch/midway3/rickybao/dreamerv3_runs/adapt_ax1rb2q1s1_synth_seed105_ckpt500000/metrics.jsonlWriting metrics: /scratch/midway3/rickybao/dreamerv3_runs/adapt_ax1rb2q1s1_synth_seed105_ckpt500000/scores.jsonl


--------------------[Agent Step 26_336]--------------------
Metrics filtered by: 'score|length|fps|ratio|train/loss/|train/rand/'
train/loss/con 0.02 / train/loss/distractor 0.48 / train/loss/dyn 4.59 / train/loss/policy -0.05 / train/loss/position 0.03 / train/loss/rep 4.59 / train/loss/repval 1.49 / train/loss/rew 0.11 / train/loss/to_target 0.04 / train/loss/value 0.93 / train/loss/velocity 0.03 / replay/replay_ratio 1040 / fps/policy 40.49 / fps/train 4.1e4

Writing metrics: /scratch/midway3/rickybao/dreamerv3_runs/adapt_ax1rb2q1s1_synth_seed105_ckpt500000/metrics.jsonlWriting metrics: /scratch/midway3/rickybao/dreamerv3_runs/adapt_ax1rb2q1s1_synth_seed105_ckpt500000/scores.jsonl


--------------------[Agent Step 31_200]--------------------
Metrics filtered by: 'score|length|fps|ratio|train/loss/|train/rand/'
train/loss/con 0.02 / train/loss/distractor 0.48 / train/loss/dyn 4.55 / train/loss/policy -0.05 / train/loss/position 0.02 / train/loss/rep 4.55 / train/loss/repval 1.55 / train/loss/rew 0.15 / train/loss/to_target 0.04 / train/loss/value 0.93 / train/loss/velocity 0.03 / replay/replay_ratio 1040 / fps/policy 40.48 / fps/train 4.1e4

Writing metrics: /scratch/midway3/rickybao/dreamerv3_runs/adapt_ax1rb2q1s1_synth_seed105_ckpt500000/scores.jsonlWriting metrics: /scratch/midway3/rickybao/dreamerv3_runs/adapt_ax1rb2q1s1_synth_seed105_ckpt500000/metrics.jsonl


--------------------[Agent Step 36_064]--------------------
Metrics filtered by: 'score|length|fps|ratio|train/loss/|train/rand/'
episode/score 64 / episode/length 1001 / train/loss/con 0.02 / train/loss/distractor 0.49 / train/loss/dyn 4.57 / train/loss/policy -0.03 / train/loss/position 0.03 / train/loss/rep 4.57 / train/loss/repval 1.53 / train/loss/rew 0.17 / train/loss/to_target 0.04 / train/loss/value 0.87 / train/loss/velocity 0.03 / replay/replay_ratio 1040 / fps/policy 40.49 / fps/train 4.1e4

Writing metrics: /scratch/midway3/rickybao/dreamerv3_runs/adapt_ax1rb2q1s1_synth_seed105_ckpt500000/metrics.jsonlWriting metrics: /scratch/midway3/rickybao/dreamerv3_runs/adapt_ax1rb2q1s1_synth_seed105_ckpt500000/scores.jsonl

Saving checkpoint: /scratch/midway3/rickybao/dreamerv3_runs/adapt_ax1rb2q1s1_synth_seed105_ckpt500000/ckpt/20260721T020826F581247
Saved checkpoint.

--------------------[Agent Step 40_880]--------------------
Metrics filtered by: 'score|length|fps|ratio|train/loss/|train/rand/'
train/loss/con 0.02 / train/loss/distractor 0.49 / train/loss/dyn 4.57 / train/loss/policy -0.04 / train/loss/position 0.03 / train/loss/rep 4.57 / train/loss/repval 1.5 / train/loss/rew 0.17 / train/loss/to_target 0.04 / train/loss/value 0.87 / train/loss/velocity 0.03 / replay/replay_ratio 1040 / fps/policy 40.12 / fps/train 4.1e4

Writing metrics: /scratch/midway3/rickybao/dreamerv3_runs/adapt_ax1rb2q1s1_synth_seed105_ckpt500000/metrics.jsonl
Writing metrics: /scratch/midway3/rickybao/dreamerv3_runs/adapt_ax1rb2q1s1_synth_seed105_ckpt500000/scores.jsonl

--------------------[Agent Step 45_744]--------------------
Metrics filtered by: 'score|length|fps|ratio|train/loss/|train/rand/'
train/loss/con 0.02 / train/loss/distractor 0.49 / train/loss/dyn 4.55 / train/loss/policy -0.06 / train/loss/position 0.03 / train/loss/rep 4.55 / train/loss/repval 1.52 / train/loss/rew 0.18 / train/loss/to_target 0.04 / train/loss/value 0.99 / train/loss/velocity 0.03 / replay/replay_ratio 1040 / fps/policy 40.44 / fps/train 4.1e4

Writing metrics: /scratch/midway3/rickybao/dreamerv3_runs/adapt_ax1rb2q1s1_synth_seed105_ckpt500000/scores.jsonlWriting metrics: /scratch/midway3/rickybao/dreamerv3_runs/adapt_ax1rb2q1s1_synth_seed105_ckpt500000/metrics.jsonl


--------------------[Agent Step 50_608]--------------------
Metrics filtered by: 'score|length|fps|ratio|train/loss/|train/rand/'
episode/score 123 / episode/length 1001 / train/loss/con 0.02 / train/loss/distractor 0.49 / train/loss/dyn 4.55 / train/loss/policy -0.1 / train/loss/position 0.03 / train/loss/rep 4.55 / train/loss/repval 1.5 / train/loss/rew 0.2 / train/loss/to_target 0.04 / train/loss/value 0.97 / train/loss/velocity 0.02 / replay/replay_ratio 1040 / fps/policy 40.44 / fps/train 4.1e4

Writing metrics: /scratch/midway3/rickybao/dreamerv3_runs/adapt_ax1rb2q1s1_synth_seed105_ckpt500000/scores.jsonlWriting metrics: /scratch/midway3/rickybao/dreamerv3_runs/adapt_ax1rb2q1s1_synth_seed105_ckpt500000/metrics.jsonl


--------------------[Agent Step 55_472]--------------------
Metrics filtered by: 'score|length|fps|ratio|train/loss/|train/rand/'
train/loss/con 0.02 / train/loss/distractor 0.49 / train/loss/dyn 4.56 / train/loss/policy -0.14 / train/loss/position 0.03 / train/loss/rep 4.56 / train/loss/repval 1.56 / train/loss/rew 0.25 / train/loss/to_target 0.04 / train/loss/value 1.1 / train/loss/velocity 0.02 / replay/replay_ratio 1040 / fps/policy 40.48 / fps/train 4.1e4

Writing metrics: /scratch/midway3/rickybao/dreamerv3_runs/adapt_ax1rb2q1s1_synth_seed105_ckpt500000/metrics.jsonlWriting metrics: /scratch/midway3/rickybao/dreamerv3_runs/adapt_ax1rb2q1s1_synth_seed105_ckpt500000/scores.jsonl


--------------------[Agent Step 60_336]--------------------
Metrics filtered by: 'score|length|fps|ratio|train/loss/|train/rand/'
train/loss/con 0.02 / train/loss/distractor 0.49 / train/loss/dyn 4.54 / train/loss/policy -0.12 / train/loss/position 0.03 / train/loss/rep 4.54 / train/loss/repval 1.46 / train/loss/rew 0.31 / train/loss/to_target 0.04 / train/loss/value 1.01 / train/loss/velocity 0.02 / replay/replay_ratio 1040 / fps/policy 40.48 / fps/train 4.1e4

Writing metrics: /scratch/midway3/rickybao/dreamerv3_runs/adapt_ax1rb2q1s1_synth_seed105_ckpt500000/metrics.jsonl
Writing metrics: /scratch/midway3/rickybao/dreamerv3_runs/adapt_ax1rb2q1s1_synth_seed105_ckpt500000/scores.jsonl

--------------------[Agent Step 65_200]--------------------
Metrics filtered by: 'score|length|fps|ratio|train/loss/|train/rand/'
episode/score 412 / episode/length 1001 / train/loss/con 0.02 / train/loss/distractor 0.49 / train/loss/dyn 4.52 / train/loss/policy -0.07 / train/loss/position 0.03 / train/loss/rep 4.52 / train/loss/repval 1.31 / train/loss/rew 0.36 / train/loss/to_target 0.04 / train/loss/value 0.91 / train/loss/velocity 0.02 / replay/replay_ratio 1040 / fps/policy 40.46 / fps/train 4.1e4

Writing metrics: /scratch/midway3/rickybao/dreamerv3_runs/adapt_ax1rb2q1s1_synth_seed105_ckpt500000/scores.jsonl
Writing metrics: /scratch/midway3/rickybao/dreamerv3_runs/adapt_ax1rb2q1s1_synth_seed105_ckpt500000/metrics.jsonl

--------------------[Agent Step 70_064]--------------------
Metrics filtered by: 'score|length|fps|ratio|train/loss/|train/rand/'
train/loss/con 0.02 / train/loss/distractor 0.49 / train/loss/dyn 4.53 / train/loss/policy -0.06 / train/loss/position 0.03 / train/loss/rep 4.53 / train/loss/repval 1.2 / train/loss/rew 0.39 / train/loss/to_target 0.04 / train/loss/value 0.85 / train/loss/velocity 0.02 / replay/replay_ratio 1040 / fps/policy 40.49 / fps/train 4.1e4

Writing metrics: /scratch/midway3/rickybao/dreamerv3_runs/adapt_ax1rb2q1s1_synth_seed105_ckpt500000/scores.jsonlWriting metrics: /scratch/midway3/rickybao/dreamerv3_runs/adapt_ax1rb2q1s1_synth_seed105_ckpt500000/metrics.jsonl

Saving checkpoint: /scratch/midway3/rickybao/dreamerv3_runs/adapt_ax1rb2q1s1_synth_seed105_ckpt500000/ckpt/20260721T022326F616655
Saved checkpoint.

--------------------[Agent Step 74_896]--------------------
Metrics filtered by: 'score|length|fps|ratio|train/loss/|train/rand/'
train/loss/con 0.02 / train/loss/distractor 0.49 / train/loss/dyn 4.51 / train/loss/policy -0.06 / train/loss/position 0.03 / train/loss/rep 4.51 / train/loss/repval 1.18 / train/loss/rew 0.42 / train/loss/to_target 0.04 / train/loss/value 0.92 / train/loss/velocity 0.02 / replay/replay_ratio 1040 / fps/policy 40.2 / fps/train 4.1e4

Writing metrics: /scratch/midway3/rickybao/dreamerv3_runs/adapt_ax1rb2q1s1_synth_seed105_ckpt500000/metrics.jsonl
Writing metrics: /scratch/midway3/rickybao/dreamerv3_runs/adapt_ax1rb2q1s1_synth_seed105_ckpt500000/scores.jsonl

--------------------[Agent Step 79_760]--------------------
Metrics filtered by: 'score|length|fps|ratio|train/loss/|train/rand/'
train/loss/con 0.02 / train/loss/distractor 0.49 / train/loss/dyn 4.49 / train/loss/policy -0.05 / train/loss/position 0.02 / train/loss/rep 4.49 / train/loss/repval 1.15 / train/loss/rew 0.45 / train/loss/to_target 0.04 / train/loss/value 0.89 / train/loss/velocity 0.02 / replay/replay_ratio 1040 / fps/policy 40.47 / fps/train 4.1e4

Writing metrics: /scratch/midway3/rickybao/dreamerv3_runs/adapt_ax1rb2q1s1_synth_seed105_ckpt500000/metrics.jsonl
Writing metrics: /scratch/midway3/rickybao/dreamerv3_runs/adapt_ax1rb2q1s1_synth_seed105_ckpt500000/scores.jsonl

--------------------[Agent Step 84_624]--------------------
Metrics filtered by: 'score|length|fps|ratio|train/loss/|train/rand/'
episode/score 711 / episode/length 1001 / train/loss/con 0.02 / train/loss/distractor 0.49 / train/loss/dyn 4.49 / train/loss/policy -0.04 / train/loss/position 0.03 / train/loss/rep 4.49 / train/loss/repval 1.14 / train/loss/rew 0.47 / train/loss/to_target 0.04 / train/loss/value 0.91 / train/loss/velocity 0.02 / replay/replay_ratio 1040 / fps/policy 40.47 / fps/train 4.1e4

Writing metrics: /scratch/midway3/rickybao/dreamerv3_runs/adapt_ax1rb2q1s1_synth_seed105_ckpt500000/metrics.jsonl
Writing metrics: /scratch/midway3/rickybao/dreamerv3_runs/adapt_ax1rb2q1s1_synth_seed105_ckpt500000/scores.jsonl

--------------------[Agent Step 89_488]--------------------
Metrics filtered by: 'score|length|fps|ratio|train/loss/|train/rand/'
train/loss/con 0.02 / train/loss/distractor 0.49 / train/loss/dyn 4.49 / train/loss/policy -0.03 / train/loss/position 0.03 / train/loss/rep 4.49 / train/loss/repval 1.13 / train/loss/rew 0.5 / train/loss/to_target 0.04 / train/loss/value 1.07 / train/loss/velocity 0.02 / replay/replay_ratio 1040 / fps/policy 40.47 / fps/train 4.1e4

Writing metrics: /scratch/midway3/rickybao/dreamerv3_runs/adapt_ax1rb2q1s1_synth_seed105_ckpt500000/metrics.jsonl
Writing metrics: /scratch/midway3/rickybao/dreamerv3_runs/adapt_ax1rb2q1s1_synth_seed105_ckpt500000/scores.jsonl

--------------------[Agent Step 94_352]--------------------
Metrics filtered by: 'score|length|fps|ratio|train/loss/|train/rand/'
train/loss/con 0.02 / train/loss/distractor 0.49 / train/loss/dyn 4.47 / train/loss/policy -0.03 / train/loss/position 0.03 / train/loss/rep 4.47 / train/loss/repval 1.12 / train/loss/rew 0.52 / train/loss/to_target 0.04 / train/loss/value 1.04 / train/loss/velocity 0.02 / replay/replay_ratio 1040 / fps/policy 40.46 / fps/train 4.1e4

Writing metrics: /scratch/midway3/rickybao/dreamerv3_runs/adapt_ax1rb2q1s1_synth_seed105_ckpt500000/metrics.jsonl
Writing metrics: /scratch/midway3/rickybao/dreamerv3_runs/adapt_ax1rb2q1s1_synth_seed105_ckpt500000/scores.jsonl

--------------------[Agent Step 99_216]--------------------
Metrics filtered by: 'score|length|fps|ratio|train/loss/|train/rand/'
episode/score 492 / episode/length 1001 / train/loss/con 0.02 / train/loss/distractor 0.49 / train/loss/dyn 4.47 / train/loss/policy -0.03 / train/loss/position 0.03 / train/loss/rep 4.47 / train/loss/repval 1.03 / train/loss/rew 0.53 / train/loss/to_target 0.04 / train/loss/value 0.68 / train/loss/velocity 0.02 / replay/replay_ratio 1040 / fps/policy 40.47 / fps/train 4.1e4

Writing metrics: /scratch/midway3/rickybao/dreamerv3_runs/adapt_ax1rb2q1s1_synth_seed105_ckpt500000/metrics.jsonlWriting metrics: /scratch/midway3/rickybao/dreamerv3_runs/adapt_ax1rb2q1s1_synth_seed105_ckpt500000/scores.jsonl


--------------------[Agent Step 104_080]--------------------
Metrics filtered by: 'score|length|fps|ratio|train/loss/|train/rand/'
train/loss/con 0.02 / train/loss/distractor 0.49 / train/loss/dyn 4.47 / train/loss/policy -0.03 / train/loss/position 0.03 / train/loss/rep 4.47 / train/loss/repval 1.12 / train/loss/rew 0.55 / train/loss/to_target 0.04 / train/loss/value 0.94 / train/loss/velocity 0.02 / replay/replay_ratio 1040 / fps/policy 40.49 / fps/train 4.1e4

Writing metrics: /scratch/midway3/rickybao/dreamerv3_runs/adapt_ax1rb2q1s1_synth_seed105_ckpt500000/metrics.jsonlWriting metrics: /scratch/midway3/rickybao/dreamerv3_runs/adapt_ax1rb2q1s1_synth_seed105_ckpt500000/scores.jsonl


--------------------[Agent Step 108_944]--------------------
Metrics filtered by: 'score|length|fps|ratio|train/loss/|train/rand/'
train/loss/con 0.02 / train/loss/distractor 0.49 / train/loss/dyn 4.45 / train/loss/policy -0.03 / train/loss/position 0.03 / train/loss/rep 4.45 / train/loss/repval 1.19 / train/loss/rew 0.57 / train/loss/to_target 0.04 / train/loss/value 1.22 / train/loss/velocity 0.02 / replay/replay_ratio 1040 / fps/policy 40.42 / fps/train 4.1e4

Writing metrics: /scratch/midway3/rickybao/dreamerv3_runs/adapt_ax1rb2q1s1_synth_seed105_ckpt500000/scores.jsonlWriting metrics: /scratch/midway3/rickybao/dreamerv3_runs/adapt_ax1rb2q1s1_synth_seed105_ckpt500000/metrics.jsonl

Saving checkpoint: /scratch/midway3/rickybao/dreamerv3_runs/adapt_ax1rb2q1s1_synth_seed105_ckpt500000/ckpt/20260721T023826F963403
Saved checkpoint.

--------------------[Agent Step 113_776]--------------------
Metrics filtered by: 'score|length|fps|ratio|train/loss/|train/rand/'
episode/score 711 / episode/length 1001 / train/loss/con 0.02 / train/loss/distractor 0.49 / train/loss/dyn 4.45 / train/loss/policy -0.03 / train/loss/position 0.03 / train/loss/rep 4.45 / train/loss/repval 1.19 / train/loss/rew 0.58 / train/loss/to_target 0.04 / train/loss/value 1.2 / train/loss/velocity 0.01 / replay/replay_ratio 1040 / fps/policy 40.22 / fps/train 4.1e4

Writing metrics: /scratch/midway3/rickybao/dreamerv3_runs/adapt_ax1rb2q1s1_synth_seed105_ckpt500000/metrics.jsonl
Writing metrics: /scratch/midway3/rickybao/dreamerv3_runs/adapt_ax1rb2q1s1_synth_seed105_ckpt500000/scores.jsonl

--------------------[Agent Step 118_640]--------------------
Metrics filtered by: 'score|length|fps|ratio|train/loss/|train/rand/'
train/loss/con 0.02 / train/loss/distractor 0.49 / train/loss/dyn 4.45 / train/loss/policy -0.03 / train/loss/position 0.03 / train/loss/rep 4.45 / train/loss/repval 1.14 / train/loss/rew 0.59 / train/loss/to_target 0.04 / train/loss/value 1.09 / train/loss/velocity 0.01 / replay/replay_ratio 1040 / fps/policy 40.47 / fps/train 4.1e4

Writing metrics: /scratch/midway3/rickybao/dreamerv3_runs/adapt_ax1rb2q1s1_synth_seed105_ckpt500000/scores.jsonlWriting metrics: /scratch/midway3/rickybao/dreamerv3_runs/adapt_ax1rb2q1s1_synth_seed105_ckpt500000/metrics.jsonl


--------------------[Agent Step 123_504]--------------------
Metrics filtered by: 'score|length|fps|ratio|train/loss/|train/rand/'
train/loss/con 0.02 / train/loss/distractor 0.49 / train/loss/dyn 4.44 / train/loss/policy -0.03 / train/loss/position 0.02 / train/loss/rep 4.44 / train/loss/repval 0.96 / train/loss/rew 0.6 / train/loss/to_target 0.04 / train/loss/value 0.77 / train/loss/velocity 0.01 / replay/replay_ratio 1040 / fps/policy 40.47 / fps/train 4.1e4

Writing metrics: /scratch/midway3/rickybao/dreamerv3_runs/adapt_ax1rb2q1s1_synth_seed105_ckpt500000/metrics.jsonlWriting metrics: /scratch/midway3/rickybao/dreamerv3_runs/adapt_ax1rb2q1s1_synth_seed105_ckpt500000/scores.jsonl

[Tue Jul 21 02:44:08 CDT 2026] adapt adapt_ax1rb2q1s1_synth_seed105_ckpt500000 rc=0 status=DONE
[Tue Jul 21 02:44:08 CDT 2026] DONE child adapt_ax1rb2q1s1_synth_seed105_ckpt500000
[Tue Jul 21 02:44:08 CDT 2026] START child adapt_ax1rb2q1s1_synth_seed106_ckpt500000 WM_RUN=ax1wm_synth_q1s1_seed2
[Tue Jul 21 02:44:08 CDT 2026] axis1 child starting RUN_ID=adapt_ax1rb2q1s1_synth_seed106_ckpt500000 WM_RUN=ax1wm_synth_q1s1_seed2 job=52442226 host=midway3-0281.rcc.local
[Tue Jul 21 02:44:08 CDT 2026] env prepared: python=/scratch/midway3/rickybao/conda_envs/dreamerv3/bin/python
python_executable=/scratch/midway3/rickybao/conda_envs/dreamerv3/bin/python
[Tue Jul 21 02:44:08 CDT 2026] offline WM already fit: /scratch/midway3/rickybao/dreamerv3_runs/ax1wm_synth_q1s1_seed2/ckpt/20260718T074011F841176-000000500000 (skipping stage 1)
[Tue Jul 21 02:44:08 CDT 2026] adapt RUN_ID=adapt_ax1rb2q1s1_synth_seed106_ckpt500000 TASK=synth_reach SEED=106 CKPT=/scratch/midway3/rickybao/dreamerv3_runs/ax1wm_synth_q1s1_seed2/ckpt/20260718T074011F841176-000000500000 STEPS=1.25e5
---  ___                           __   ______ ---
--- |   \ _ _ ___ __ _ _ __  ___ _ \ \ / /__ / ---
--- | |) | '_/ -_) _` | '  \/ -_) '/\ V / |_ \ ---
--- |___/|_| \___\__,_|_|_|_\___|_|  \_/ |___/ ---
Replica: 0 / 1
Logdir: /scratch/midway3/rickybao/dreamerv3_runs/adapt_ax1rb2q1s1_synth_seed106_ckpt500000
Run script: train
Observations
  position         Space(float32, shape=(2,), low=-inf, high=inf)
  velocity         Space(float32, shape=(2,), low=-inf, high=inf)
  distractor       Space(float32, shape=(8,), low=-inf, high=inf)
  to_target        Space(float32, shape=(2,), low=-inf, high=inf)
  reward           Space(float32, shape=(), low=-inf, high=inf)
  is_first         Space(bool, shape=(), low=False, high=True)
  is_last          Space(bool, shape=(), low=False, high=True)
  is_terminal      Space(bool, shape=(), low=False, high=True)
Actions
  action           Space(float32, shape=(2,), low=-1.0, high=1.0)
Extras
  consec           Space(int32, shape=(), low=-2147483648, high=2147483647)
  stepid           Space(uint8, shape=(20,), low=0, high=255)
  dyn/deter        Space(float32, shape=(512,), low=-inf, high=inf)
  dyn/stoch        Space(float32, shape=(32, 4), low=-inf, high=inf)
JAX devices (1): [cuda:0]
Policy devices: cuda:0
Train devices:  cuda:0
Initializing parameters...
Optimizer opt has 214,723 params:
        66,111 val
        57,663 rew
        49,796 pol
        41,153 con
Done initializing!
Compiling 1 checkpoint groups...
Largest checkpoint group: 0 GB
Compiling train and report...
Train cost analysis:
  FLOPS:            7.2e+09
  Memory (temp):    2.0e+08
  Memory (inputs):  7.3e+06
  Memory (outputs): 5.9e+06
  Memory (code):    1.5e+06

Report cost analysis:
  FLOPS:            1.8e+06
  Memory (temp):    9.2e+05
  Memory (inputs):  2.7e+06
  Memory (outputs): 2.1e+04
  Memory (code):    9.8e+04

Done compiling!
Loaded pretrained checkpoint with keys: ['dec/mlp/linear0/bias', 'dec/mlp/linear0/kernel', 'dec/mlp/linear1/bias', 'dec/mlp/linear1/kernel', 'dec/mlp/linear2/bias', 'dec/mlp/linear2/kernel', 'dec/mlp/norm0/scale', 'dec/mlp/norm1/scale', 'dec/mlp/norm2/scale', 'dec/vec/distractor/pred/bias', 'dec/vec/distractor/pred/kernel', 'dec/vec/position/pred/bias', 'dec/vec/position/pred/kernel', 'dec/vec/to_target/pred/bias', 'dec/vec/to_target/pred/kernel', 'dec/vec/velocity/pred/bias', 'dec/vec/velocity/pred/kernel', 'dyn/dyngru/bias', 'dyn/dyngru/kernel', 'dyn/dynhid0/bias', 'dyn/dynhid0/kernel', 'dyn/dynhid0norm/scale', 'dyn/dynin0/bias', 'dyn/dynin0/kernel', 'dyn/dynin0norm/scale', 'dyn/dynin1/bias', 'dyn/dynin1/kernel', 'dyn/dynin1norm/scale', 'dyn/dynin2/bias', 'dyn/dynin2/kernel', 'dyn/dynin2norm/scale', 'dyn/obs0/bias', 'dyn/obs0/kernel', 'dyn/obs0norm/scale', 'dyn/obslogit/bias', 'dyn/obslogit/kernel', 'dyn/prior0/bias', 'dyn/prior0/kernel', 'dyn/prior0norm/scale', 'dyn/prior1/bias', 'dyn/prior1/kernel', 'dyn/prior1norm/scale', 'dyn/priorlogit/bias', 'dyn/priorlogit/kernel', 'enc/mlp0/bias', 'enc/mlp0/kernel', 'enc/mlp0norm/scale', 'enc/mlp1/bias', 'enc/mlp1/kernel', 'enc/mlp1norm/scale', 'enc/mlp2/bias', 'enc/mlp2/kernel', 'enc/mlp2norm/scale']
Did not find any checkpoint.
Saving checkpoint: /scratch/midway3/rickybao/dreamerv3_runs/adapt_ax1rb2q1s1_synth_seed106_ckpt500000/ckpt/20260721T024433F194082
Saved checkpoint.
Start training loop

--------------------[Agent Step 6_880]--------------------
Metrics filtered by: 'score|length|fps|ratio|train/loss/|train/rand/'
train/loss/con 0.05 / train/loss/distractor 0.47 / train/loss/dyn 4.5 / train/loss/policy 0.02 / train/loss/position 0.01 / train/loss/rep 4.5 / train/loss/repval 2.66 / train/loss/rew 1.11 / train/loss/to_target 0.01 / train/loss/value 1.91 / train/loss/velocity 0.01 / replay/replay_ratio 858.5 / fps/policy 56.35 / fps/train 4.1e4

Writing metrics: /scratch/midway3/rickybao/dreamerv3_runs/adapt_ax1rb2q1s1_synth_seed106_ckpt500000/metrics.jsonl
Writing metrics: /scratch/midway3/rickybao/dreamerv3_runs/adapt_ax1rb2q1s1_synth_seed106_ckpt500000/scores.jsonl

--------------------[Agent Step 11_744]--------------------
Metrics filtered by: 'score|length|fps|ratio|train/loss/|train/rand/'
train/loss/con 0.02 / train/loss/distractor 0.47 / train/loss/dyn 4.46 / train/loss/policy 0.1 / train/loss/position 0.01 / train/loss/rep 4.46 / train/loss/repval 1.37 / train/loss/rew 0.06 / train/loss/to_target 0.02 / train/loss/value 1.15 / train/loss/velocity 0.02 / replay/replay_ratio 1040 / fps/policy 40.42 / fps/train 4.1e4

Writing metrics: /scratch/midway3/rickybao/dreamerv3_runs/adapt_ax1rb2q1s1_synth_seed106_ckpt500000/metrics.jsonlWriting metrics: /scratch/midway3/rickybao/dreamerv3_runs/adapt_ax1rb2q1s1_synth_seed106_ckpt500000/scores.jsonl


--------------------[Agent Step 16_608]--------------------
Metrics filtered by: 'score|length|fps|ratio|train/loss/|train/rand/'
episode/score 0 / episode/length 1001 / train/loss/con 0.02 / train/loss/distractor 0.48 / train/loss/dyn 4.53 / train/loss/policy 0.05 / train/loss/position 0.02 / train/loss/rep 4.53 / train/loss/repval 1.36 / train/loss/rew 0.04 / train/loss/to_target 0.03 / train/loss/value 1.12 / train/loss/velocity 0.04 / replay/replay_ratio 1040 / fps/policy 40.43 / fps/train 4.1e4

Writing metrics: /scratch/midway3/rickybao/dreamerv3_runs/adapt_ax1rb2q1s1_synth_seed106_ckpt500000/metrics.jsonlWriting metrics: /scratch/midway3/rickybao/dreamerv3_runs/adapt_ax1rb2q1s1_synth_seed106_ckpt500000/scores.jsonl


--------------------[Agent Step 21_472]--------------------
Metrics filtered by: 'score|length|fps|ratio|train/loss/|train/rand/'
train/loss/con 0.02 / train/loss/distractor 0.48 / train/loss/dyn 4.62 / train/loss/policy -0.01 / train/loss/position 0.03 / train/loss/rep 4.62 / train/loss/repval 1.32 / train/loss/rew 0.03 / train/loss/to_target 0.04 / train/loss/value 1.04 / train/loss/velocity 0.04 / replay/replay_ratio 1040 / fps/policy 40.44 / fps/train 4.1e4

Writing metrics: /scratch/midway3/rickybao/dreamerv3_runs/adapt_ax1rb2q1s1_synth_seed106_ckpt500000/scores.jsonlWriting metrics: /scratch/midway3/rickybao/dreamerv3_runs/adapt_ax1rb2q1s1_synth_seed106_ckpt500000/metrics.jsonl


--------------------[Agent Step 26_336]--------------------
Metrics filtered by: 'score|length|fps|ratio|train/loss/|train/rand/'
train/loss/con 0.02 / train/loss/distractor 0.48 / train/loss/dyn 4.58 / train/loss/policy -0.02 / train/loss/position 0.02 / train/loss/rep 4.58 / train/loss/repval 1.42 / train/loss/rew 0.04 / train/loss/to_target 0.03 / train/loss/value 1.1 / train/loss/velocity 0.03 / replay/replay_ratio 1040 / fps/policy 40.44 / fps/train 4.1e4

Writing metrics: /scratch/midway3/rickybao/dreamerv3_runs/adapt_ax1rb2q1s1_synth_seed106_ckpt500000/scores.jsonlWriting metrics: /scratch/midway3/rickybao/dreamerv3_runs/adapt_ax1rb2q1s1_synth_seed106_ckpt500000/metrics.jsonl


--------------------[Agent Step 31_200]--------------------
Metrics filtered by: 'score|length|fps|ratio|train/loss/|train/rand/'
train/loss/con 0.02 / train/loss/distractor 0.48 / train/loss/dyn 4.56 / train/loss/policy -0.01 / train/loss/position 0.02 / train/loss/rep 4.56 / train/loss/repval 1.44 / train/loss/rew 0.04 / train/loss/to_target 0.03 / train/loss/value 1.07 / train/loss/velocity 0.04 / replay/replay_ratio 1040 / fps/policy 40.41 / fps/train 4.1e4

Writing metrics: /scratch/midway3/rickybao/dreamerv3_runs/adapt_ax1rb2q1s1_synth_seed106_ckpt500000/metrics.jsonlWriting metrics: /scratch/midway3/rickybao/dreamerv3_runs/adapt_ax1rb2q1s1_synth_seed106_ckpt500000/scores.jsonl


--------------------[Agent Step 36_064]--------------------
Metrics filtered by: 'score|length|fps|ratio|train/loss/|train/rand/'
episode/score 17 / episode/length 1001 / train/loss/con 0.02 / train/loss/distractor 0.48 / train/loss/dyn 4.64 / train/loss/policy 0.01 / train/loss/position 0.02 / train/loss/rep 4.64 / train/loss/repval 1.39 / train/loss/rew 0.04 / train/loss/to_target 0.03 / train/loss/value 1.08 / train/loss/velocity 0.05 / replay/replay_ratio 1040 / fps/policy 40.41 / fps/train 4.1e4

Writing metrics: /scratch/midway3/rickybao/dreamerv3_runs/adapt_ax1rb2q1s1_synth_seed106_ckpt500000/metrics.jsonlWriting metrics: /scratch/midway3/rickybao/dreamerv3_runs/adapt_ax1rb2q1s1_synth_seed106_ckpt500000/scores.jsonl

Saving checkpoint: /scratch/midway3/rickybao/dreamerv3_runs/adapt_ax1rb2q1s1_synth_seed106_ckpt500000/ckpt/20260721T025934F849341
Saved checkpoint.

--------------------[Agent Step 40_880]--------------------
Metrics filtered by: 'score|length|fps|ratio|train/loss/|train/rand/'
train/loss/con 0.02 / train/loss/distractor 0.49 / train/loss/dyn 4.9 / train/loss/policy -0.02 / train/loss/position 0.03 / train/loss/rep 4.9 / train/loss/repval 1.4 / train/loss/rew 0.03 / train/loss/to_target 0.05 / train/loss/value 1.06 / train/loss/velocity 0.09 / replay/replay_ratio 1040 / fps/policy 40.06 / fps/train 4.1e4

Writing metrics: /scratch/midway3/rickybao/dreamerv3_runs/adapt_ax1rb2q1s1_synth_seed106_ckpt500000/metrics.jsonl
Writing metrics: /scratch/midway3/rickybao/dreamerv3_runs/adapt_ax1rb2q1s1_synth_seed106_ckpt500000/scores.jsonl

--------------------[Agent Step 45_744]--------------------
Metrics filtered by: 'score|length|fps|ratio|train/loss/|train/rand/'
train/loss/con 0.02 / train/loss/distractor 0.49 / train/loss/dyn 4.85 / train/loss/policy -0.05 / train/loss/position 0.03 / train/loss/rep 4.85 / train/loss/repval 1.4 / train/loss/rew 0.05 / train/loss/to_target 0.05 / train/loss/value 1.07 / train/loss/velocity 0.09 / replay/replay_ratio 1040 / fps/policy 40.42 / fps/train 4.1e4

Writing metrics: /scratch/midway3/rickybao/dreamerv3_runs/adapt_ax1rb2q1s1_synth_seed106_ckpt500000/scores.jsonl
Writing metrics: /scratch/midway3/rickybao/dreamerv3_runs/adapt_ax1rb2q1s1_synth_seed106_ckpt500000/metrics.jsonl

--------------------[Agent Step 50_608]--------------------
Metrics filtered by: 'score|length|fps|ratio|train/loss/|train/rand/'
episode/score 83 / episode/length 1001 / train/loss/con 0.02 / train/loss/distractor 0.49 / train/loss/dyn 4.84 / train/loss/policy -0.05 / train/loss/position 0.03 / train/loss/rep 4.84 / train/loss/repval 1.49 / train/loss/rew 0.08 / train/loss/to_target 0.05 / train/loss/value 1.06 / train/loss/velocity 0.08 / replay/replay_ratio 1040 / fps/policy 40.41 / fps/train 4.1e4

Writing metrics: /scratch/midway3/rickybao/dreamerv3_runs/adapt_ax1rb2q1s1_synth_seed106_ckpt500000/metrics.jsonl
Writing metrics: /scratch/midway3/rickybao/dreamerv3_runs/adapt_ax1rb2q1s1_synth_seed106_ckpt500000/scores.jsonl

--------------------[Agent Step 55_472]--------------------
Metrics filtered by: 'score|length|fps|ratio|train/loss/|train/rand/'
train/loss/con 0.02 / train/loss/distractor 0.49 / train/loss/dyn 4.82 / train/loss/policy -0.07 / train/loss/position 0.03 / train/loss/rep 4.82 / train/loss/repval 1.58 / train/loss/rew 0.11 / train/loss/to_target 0.05 / train/loss/value 1.14 / train/loss/velocity 0.08 / replay/replay_ratio 1040 / fps/policy 40.42 / fps/train 4.1e4

Writing metrics: /scratch/midway3/rickybao/dreamerv3_runs/adapt_ax1rb2q1s1_synth_seed106_ckpt500000/scores.jsonlWriting metrics: /scratch/midway3/rickybao/dreamerv3_runs/adapt_ax1rb2q1s1_synth_seed106_ckpt500000/metrics.jsonl


--------------------[Agent Step 60_336]--------------------
Metrics filtered by: 'score|length|fps|ratio|train/loss/|train/rand/'
train/loss/con 0.02 / train/loss/distractor 0.49 / train/loss/dyn 4.77 / train/loss/policy -0.09 / train/loss/position 0.03 / train/loss/rep 4.77 / train/loss/repval 1.63 / train/loss/rew 0.18 / train/loss/to_target 0.05 / train/loss/value 1.16 / train/loss/velocity 0.07 / replay/replay_ratio 1040 / fps/policy 40.43 / fps/train 4.1e4

Writing metrics: /scratch/midway3/rickybao/dreamerv3_runs/adapt_ax1rb2q1s1_synth_seed106_ckpt500000/scores.jsonlWriting metrics: /scratch/midway3/rickybao/dreamerv3_runs/adapt_ax1rb2q1s1_synth_seed106_ckpt500000/metrics.jsonl


--------------------[Agent Step 65_200]--------------------
Metrics filtered by: 'score|length|fps|ratio|train/loss/|train/rand/'
episode/score 450 / episode/length 1001 / train/loss/con 0.02 / train/loss/distractor 0.49 / train/loss/dyn 4.73 / train/loss/policy -0.08 / train/loss/position 0.03 / train/loss/rep 4.73 / train/loss/repval 1.43 / train/loss/rew 0.24 / train/loss/to_target 0.05 / train/loss/value 0.99 / train/loss/velocity 0.06 / replay/replay_ratio 1040 / fps/policy 40.43 / fps/train 4.1e4

Writing metrics: /scratch/midway3/rickybao/dreamerv3_runs/adapt_ax1rb2q1s1_synth_seed106_ckpt500000/scores.jsonlWriting metrics: /scratch/midway3/rickybao/dreamerv3_runs/adapt_ax1rb2q1s1_synth_seed106_ckpt500000/metrics.jsonl


--------------------[Agent Step 70_064]--------------------
Metrics filtered by: 'score|length|fps|ratio|train/loss/|train/rand/'
train/loss/con 0.02 / train/loss/distractor 0.49 / train/loss/dyn 4.72 / train/loss/policy -0.06 / train/loss/position 0.03 / train/loss/rep 4.72 / train/loss/repval 1.26 / train/loss/rew 0.26 / train/loss/to_target 0.05 / train/loss/value 0.91 / train/loss/velocity 0.06 / replay/replay_ratio 1040 / fps/policy 40.43 / fps/train 4.1e4

Writing metrics: /scratch/midway3/rickybao/dreamerv3_runs/adapt_ax1rb2q1s1_synth_seed106_ckpt500000/scores.jsonlWriting metrics: /scratch/midway3/rickybao/dreamerv3_runs/adapt_ax1rb2q1s1_synth_seed106_ckpt500000/metrics.jsonl

Saving checkpoint: /scratch/midway3/rickybao/dreamerv3_runs/adapt_ax1rb2q1s1_synth_seed106_ckpt500000/ckpt/20260721T031435F017627
Saved checkpoint.

--------------------[Agent Step 74_896]--------------------
Metrics filtered by: 'score|length|fps|ratio|train/loss/|train/rand/'
train/loss/con 0.02 / train/loss/distractor 0.49 / train/loss/dyn 4.69 / train/loss/policy -0.04 / train/loss/position 0.03 / train/loss/rep 4.69 / train/loss/repval 1.21 / train/loss/rew 0.3 / train/loss/to_target 0.04 / train/loss/value 0.89 / train/loss/velocity 0.06 / replay/replay_ratio 1040 / fps/policy 40.17 / fps/train 4.1e4

Writing metrics: /scratch/midway3/rickybao/dreamerv3_runs/adapt_ax1rb2q1s1_synth_seed106_ckpt500000/scores.jsonlWriting metrics: /scratch/midway3/rickybao/dreamerv3_runs/adapt_ax1rb2q1s1_synth_seed106_ckpt500000/metrics.jsonl


--------------------[Agent Step 79_760]--------------------
Metrics filtered by: 'score|length|fps|ratio|train/loss/|train/rand/'
train/loss/con 0.02 / train/loss/distractor 0.49 / train/loss/dyn 4.65 / train/loss/policy -0.02 / train/loss/position 0.03 / train/loss/rep 4.65 / train/loss/repval 1.24 / train/loss/rew 0.34 / train/loss/to_target 0.04 / train/loss/value 0.94 / train/loss/velocity 0.05 / replay/replay_ratio 1040 / fps/policy 40.42 / fps/train 4.1e4

Writing metrics: /scratch/midway3/rickybao/dreamerv3_runs/adapt_ax1rb2q1s1_synth_seed106_ckpt500000/scores.jsonlWriting metrics: /scratch/midway3/rickybao/dreamerv3_runs/adapt_ax1rb2q1s1_synth_seed106_ckpt500000/metrics.jsonl


--------------------[Agent Step 84_624]--------------------
Metrics filtered by: 'score|length|fps|ratio|train/loss/|train/rand/'
episode/score 443 / episode/length 1001 / train/loss/con 0.02 / train/loss/distractor 0.49 / train/loss/dyn 4.64 / train/loss/policy -0.03 / train/loss/position 0.03 / train/loss/rep 4.64 / train/loss/repval 1.15 / train/loss/rew 0.36 / train/loss/to_target 0.04 / train/loss/value 0.91 / train/loss/velocity 0.05 / replay/replay_ratio 1040 / fps/policy 40.43 / fps/train 4.1e4

Writing metrics: /scratch/midway3/rickybao/dreamerv3_runs/adapt_ax1rb2q1s1_synth_seed106_ckpt500000/scores.jsonlWriting metrics: /scratch/midway3/rickybao/dreamerv3_runs/adapt_ax1rb2q1s1_synth_seed106_ckpt500000/metrics.jsonl


--------------------[Agent Step 89_488]--------------------
Metrics filtered by: 'score|length|fps|ratio|train/loss/|train/rand/'
train/loss/con 0.02 / train/loss/distractor 0.49 / train/loss/dyn 4.63 / train/loss/policy -0.03 / train/loss/position 0.03 / train/loss/rep 4.63 / train/loss/repval 1.16 / train/loss/rew 0.39 / train/loss/to_target 0.04 / train/loss/value 0.91 / train/loss/velocity 0.05 / replay/replay_ratio 1040 / fps/policy 40.43 / fps/train 4.1e4

Writing metrics: /scratch/midway3/rickybao/dreamerv3_runs/adapt_ax1rb2q1s1_synth_seed106_ckpt500000/metrics.jsonlWriting metrics: /scratch/midway3/rickybao/dreamerv3_runs/adapt_ax1rb2q1s1_synth_seed106_ckpt500000/scores.jsonl


--------------------[Agent Step 94_352]--------------------
Metrics filtered by: 'score|length|fps|ratio|train/loss/|train/rand/'
train/loss/con 0.02 / train/loss/distractor 0.49 / train/loss/dyn 4.6 / train/loss/policy -0.03 / train/loss/position 0.03 / train/loss/rep 4.6 / train/loss/repval 1.07 / train/loss/rew 0.41 / train/loss/to_target 0.04 / train/loss/value 0.81 / train/loss/velocity 0.05 / replay/replay_ratio 1040 / fps/policy 40.42 / fps/train 4.1e4

Writing metrics: /scratch/midway3/rickybao/dreamerv3_runs/adapt_ax1rb2q1s1_synth_seed106_ckpt500000/metrics.jsonlWriting metrics: /scratch/midway3/rickybao/dreamerv3_runs/adapt_ax1rb2q1s1_synth_seed106_ckpt500000/scores.jsonl


--------------------[Agent Step 99_216]--------------------
Metrics filtered by: 'score|length|fps|ratio|train/loss/|train/rand/'
episode/score 781 / episode/length 1001 / train/loss/con 0.02 / train/loss/distractor 0.49 / train/loss/dyn 4.6 / train/loss/policy -0.02 / train/loss/position 0.03 / train/loss/rep 4.6 / train/loss/repval 1.15 / train/loss/rew 0.44 / train/loss/to_target 0.04 / train/loss/value 0.95 / train/loss/velocity 0.04 / replay/replay_ratio 1040 / fps/policy 40.42 / fps/train 4.1e4

Writing metrics: /scratch/midway3/rickybao/dreamerv3_runs/adapt_ax1rb2q1s1_synth_seed106_ckpt500000/scores.jsonl
Writing metrics: /scratch/midway3/rickybao/dreamerv3_runs/adapt_ax1rb2q1s1_synth_seed106_ckpt500000/metrics.jsonl

--------------------[Agent Step 104_080]--------------------
Metrics filtered by: 'score|length|fps|ratio|train/loss/|train/rand/'
train/loss/con 0.02 / train/loss/distractor 0.49 / train/loss/dyn 4.59 / train/loss/policy -0.03 / train/loss/position 0.03 / train/loss/rep 4.59 / train/loss/repval 1.07 / train/loss/rew 0.45 / train/loss/to_target 0.04 / train/loss/value 1.05 / train/loss/velocity 0.04 / replay/replay_ratio 1040 / fps/policy 40.43 / fps/train 4.1e4

Writing metrics: /scratch/midway3/rickybao/dreamerv3_runs/adapt_ax1rb2q1s1_synth_seed106_ckpt500000/metrics.jsonlWriting metrics: /scratch/midway3/rickybao/dreamerv3_runs/adapt_ax1rb2q1s1_synth_seed106_ckpt500000/scores.jsonl


--------------------[Agent Step 108_928]--------------------
Metrics filtered by: 'score|length|fps|ratio|train/loss/|train/rand/'
train/loss/con 0.02 / train/loss/distractor 0.49 / train/loss/dyn 4.58 / train/loss/policy -0.03 / train/loss/position 0.03 / train/loss/rep 4.58 / train/loss/repval 0.96 / train/loss/rew 0.48 / train/loss/to_target 0.04 / train/loss/value 0.86 / train/loss/velocity 0.04 / replay/replay_ratio 1040 / fps/policy 40.37 / fps/train 4.1e4

Writing metrics: /scratch/midway3/rickybao/dreamerv3_runs/adapt_ax1rb2q1s1_synth_seed106_ckpt500000/scores.jsonlWriting metrics: /scratch/midway3/rickybao/dreamerv3_runs/adapt_ax1rb2q1s1_synth_seed106_ckpt500000/metrics.jsonl

Saving checkpoint: /scratch/midway3/rickybao/dreamerv3_runs/adapt_ax1rb2q1s1_synth_seed106_ckpt500000/ckpt/20260721T032935F168130
Saved checkpoint.

--------------------[Agent Step 113_760]--------------------
Metrics filtered by: 'score|length|fps|ratio|train/loss/|train/rand/'
episode/score 553 / episode/length 1001 / train/loss/con 0.02 / train/loss/distractor 0.49 / train/loss/dyn 4.57 / train/loss/policy -0.02 / train/loss/position 0.03 / train/loss/rep 4.57 / train/loss/repval 0.92 / train/loss/rew 0.49 / train/loss/to_target 0.04 / train/loss/value 0.69 / train/loss/velocity 0.04 / replay/replay_ratio 1040 / fps/policy 40.23 / fps/train 4.1e4

Writing metrics: /scratch/midway3/rickybao/dreamerv3_runs/adapt_ax1rb2q1s1_synth_seed106_ckpt500000/metrics.jsonlWriting metrics: /scratch/midway3/rickybao/dreamerv3_runs/adapt_ax1rb2q1s1_synth_seed106_ckpt500000/scores.jsonl


--------------------[Agent Step 118_624]--------------------
Metrics filtered by: 'score|length|fps|ratio|train/loss/|train/rand/'
train/loss/con 0.02 / train/loss/distractor 0.49 / train/loss/dyn 4.56 / train/loss/policy -0.03 / train/loss/position 0.03 / train/loss/rep 4.56 / train/loss/repval 1.13 / train/loss/rew 0.5 / train/loss/to_target 0.04 / train/loss/value 1.02 / train/loss/velocity 0.04 / replay/replay_ratio 1040 / fps/policy 40.45 / fps/train 4.1e4

Writing metrics: /scratch/midway3/rickybao/dreamerv3_runs/adapt_ax1rb2q1s1_synth_seed106_ckpt500000/metrics.jsonl
Writing metrics: /scratch/midway3/rickybao/dreamerv3_runs/adapt_ax1rb2q1s1_synth_seed106_ckpt500000/scores.jsonl

--------------------[Agent Step 123_488]--------------------
Metrics filtered by: 'score|length|fps|ratio|train/loss/|train/rand/'
train/loss/con 0.02 / train/loss/distractor 0.49 / train/loss/dyn 4.55 / train/loss/policy -0.02 / train/loss/position 0.03 / train/loss/rep 4.55 / train/loss/repval 1.14 / train/loss/rew 0.52 / train/loss/to_target 0.04 / train/loss/value 1.17 / train/loss/velocity 0.04 / replay/replay_ratio 1040 / fps/policy 40.45 / fps/train 4.1e4

Writing metrics: /scratch/midway3/rickybao/dreamerv3_runs/adapt_ax1rb2q1s1_synth_seed106_ckpt500000/metrics.jsonlWriting metrics: /scratch/midway3/rickybao/dreamerv3_runs/adapt_ax1rb2q1s1_synth_seed106_ckpt500000/scores.jsonl

[Tue Jul 21 03:35:20 CDT 2026] adapt adapt_ax1rb2q1s1_synth_seed106_ckpt500000 rc=0 status=DONE
[Tue Jul 21 03:35:20 CDT 2026] DONE child adapt_ax1rb2q1s1_synth_seed106_ckpt500000
[Tue Jul 21 03:35:20 CDT 2026] START child adapt_ax1rb3q1s1_synth_seed104_ckpt500000 WM_RUN=ax1wm_synth_q1s1_seed3
[Tue Jul 21 03:35:20 CDT 2026] axis1 child starting RUN_ID=adapt_ax1rb3q1s1_synth_seed104_ckpt500000 WM_RUN=ax1wm_synth_q1s1_seed3 job=52442226 host=midway3-0281.rcc.local
[Tue Jul 21 03:35:20 CDT 2026] env prepared: python=/scratch/midway3/rickybao/conda_envs/dreamerv3/bin/python
python_executable=/scratch/midway3/rickybao/conda_envs/dreamerv3/bin/python
[Tue Jul 21 03:35:20 CDT 2026] offline WM already fit: /scratch/midway3/rickybao/dreamerv3_runs/ax1wm_synth_q1s1_seed3/ckpt/20260718T073755F567832-000000500000 (skipping stage 1)
[Tue Jul 21 03:35:20 CDT 2026] adapt RUN_ID=adapt_ax1rb3q1s1_synth_seed104_ckpt500000 TASK=synth_reach SEED=104 CKPT=/scratch/midway3/rickybao/dreamerv3_runs/ax1wm_synth_q1s1_seed3/ckpt/20260718T073755F567832-000000500000 STEPS=1.25e5
---  ___                           __   ______ ---
--- |   \ _ _ ___ __ _ _ __  ___ _ \ \ / /__ / ---
--- | |) | '_/ -_) _` | '  \/ -_) '/\ V / |_ \ ---
--- |___/|_| \___\__,_|_|_|_\___|_|  \_/ |___/ ---
Replica: 0 / 1
Logdir: /scratch/midway3/rickybao/dreamerv3_runs/adapt_ax1rb3q1s1_synth_seed104_ckpt500000
Run script: train
Observations
  position         Space(float32, shape=(2,), low=-inf, high=inf)
  velocity         Space(float32, shape=(2,), low=-inf, high=inf)
  distractor       Space(float32, shape=(8,), low=-inf, high=inf)
  to_target        Space(float32, shape=(2,), low=-inf, high=inf)
  reward           Space(float32, shape=(), low=-inf, high=inf)
  is_first         Space(bool, shape=(), low=False, high=True)
  is_last          Space(bool, shape=(), low=False, high=True)
  is_terminal      Space(bool, shape=(), low=False, high=True)
Actions
  action           Space(float32, shape=(2,), low=-1.0, high=1.0)
Extras
  consec           Space(int32, shape=(), low=-2147483648, high=2147483647)
  stepid           Space(uint8, shape=(20,), low=0, high=255)
  dyn/deter        Space(float32, shape=(512,), low=-inf, high=inf)
  dyn/stoch        Space(float32, shape=(32, 4), low=-inf, high=inf)
JAX devices (1): [cuda:0]
Policy devices: cuda:0
Train devices:  cuda:0
Initializing parameters...
Optimizer opt has 214,723 params:
        66,111 val
        57,663 rew
        49,796 pol
        41,153 con
Done initializing!
Compiling 1 checkpoint groups...
Largest checkpoint group: 0 GB
Compiling train and report...
Train cost analysis:
  FLOPS:            7.2e+09
  Memory (temp):    2.0e+08
  Memory (inputs):  7.3e+06
  Memory (outputs): 5.9e+06
  Memory (code):    1.5e+06

Report cost analysis:
  FLOPS:            1.8e+06
  Memory (temp):    9.2e+05
  Memory (inputs):  2.7e+06
  Memory (outputs): 2.1e+04
  Memory (code):    9.8e+04

Done compiling!
Loaded pretrained checkpoint with keys: ['dec/mlp/linear0/bias', 'dec/mlp/linear0/kernel', 'dec/mlp/linear1/bias', 'dec/mlp/linear1/kernel', 'dec/mlp/linear2/bias', 'dec/mlp/linear2/kernel', 'dec/mlp/norm0/scale', 'dec/mlp/norm1/scale', 'dec/mlp/norm2/scale', 'dec/vec/distractor/pred/bias', 'dec/vec/distractor/pred/kernel', 'dec/vec/position/pred/bias', 'dec/vec/position/pred/kernel', 'dec/vec/to_target/pred/bias', 'dec/vec/to_target/pred/kernel', 'dec/vec/velocity/pred/bias', 'dec/vec/velocity/pred/kernel', 'dyn/dyngru/bias', 'dyn/dyngru/kernel', 'dyn/dynhid0/bias', 'dyn/dynhid0/kernel', 'dyn/dynhid0norm/scale', 'dyn/dynin0/bias', 'dyn/dynin0/kernel', 'dyn/dynin0norm/scale', 'dyn/dynin1/bias', 'dyn/dynin1/kernel', 'dyn/dynin1norm/scale', 'dyn/dynin2/bias', 'dyn/dynin2/kernel', 'dyn/dynin2norm/scale', 'dyn/obs0/bias', 'dyn/obs0/kernel', 'dyn/obs0norm/scale', 'dyn/obslogit/bias', 'dyn/obslogit/kernel', 'dyn/prior0/bias', 'dyn/prior0/kernel', 'dyn/prior0norm/scale', 'dyn/prior1/bias', 'dyn/prior1/kernel', 'dyn/prior1norm/scale', 'dyn/priorlogit/bias', 'dyn/priorlogit/kernel', 'enc/mlp0/bias', 'enc/mlp0/kernel', 'enc/mlp0norm/scale', 'enc/mlp1/bias', 'enc/mlp1/kernel', 'enc/mlp1norm/scale', 'enc/mlp2/bias', 'enc/mlp2/kernel', 'enc/mlp2norm/scale']
Did not find any checkpoint.
Saving checkpoint: /scratch/midway3/rickybao/dreamerv3_runs/adapt_ax1rb3q1s1_synth_seed104_ckpt500000/ckpt/20260721T033545F038230
Saved checkpoint.
Start training loop

--------------------[Agent Step 6_880]--------------------
Metrics filtered by: 'score|length|fps|ratio|train/loss/|train/rand/'
train/loss/con 0.04 / train/loss/distractor 0.46 / train/loss/dyn 4.58 / train/loss/policy -7.8e-4 / train/loss/position 0.02 / train/loss/rep 4.58 / train/loss/repval 2.08 / train/loss/rew 1.05 / train/loss/to_target 0.01 / train/loss/value 1.5 / train/loss/velocity 0.01 / replay/replay_ratio 858.5 / fps/policy 56.35 / fps/train 4.1e4

Writing metrics: /scratch/midway3/rickybao/dreamerv3_runs/adapt_ax1rb3q1s1_synth_seed104_ckpt500000/metrics.jsonl
Writing metrics: /scratch/midway3/rickybao/dreamerv3_runs/adapt_ax1rb3q1s1_synth_seed104_ckpt500000/scores.jsonl

--------------------[Agent Step 11_744]--------------------
Metrics filtered by: 'score|length|fps|ratio|train/loss/|train/rand/'
train/loss/con 0.02 / train/loss/distractor 0.46 / train/loss/dyn 4.49 / train/loss/policy -1.6e-3 / train/loss/position 0.01 / train/loss/rep 4.49 / train/loss/repval 0.17 / train/loss/rew 7.1e-3 / train/loss/to_target 8.8e-3 / train/loss/value 0.14 / train/loss/velocity 0.01 / replay/replay_ratio 1040 / fps/policy 40.46 / fps/train 4.1e4

Writing metrics: /scratch/midway3/rickybao/dreamerv3_runs/adapt_ax1rb3q1s1_synth_seed104_ckpt500000/metrics.jsonl
Writing metrics: /scratch/midway3/rickybao/dreamerv3_runs/adapt_ax1rb3q1s1_synth_seed104_ckpt500000/scores.jsonl

--------------------[Agent Step 16_608]--------------------
Metrics filtered by: 'score|length|fps|ratio|train/loss/|train/rand/'
episode/score 0 / episode/length 1001 / train/loss/con 0.02 / train/loss/distractor 0.48 / train/loss/dyn 4.46 / train/loss/policy 5.1e-3 / train/loss/position 0.01 / train/loss/rep 4.46 / train/loss/repval 0.77 / train/loss/rew 0.01 / train/loss/to_target 0.02 / train/loss/value 0.63 / train/loss/velocity 0.06 / replay/replay_ratio 1040 / fps/policy 40.45 / fps/train 4.1e4

Writing metrics: /scratch/midway3/rickybao/dreamerv3_runs/adapt_ax1rb3q1s1_synth_seed104_ckpt500000/scores.jsonlWriting metrics: /scratch/midway3/rickybao/dreamerv3_runs/adapt_ax1rb3q1s1_synth_seed104_ckpt500000/metrics.jsonl


--------------------[Agent Step 21_472]--------------------
Metrics filtered by: 'score|length|fps|ratio|train/loss/|train/rand/'
train/loss/con 0.02 / train/loss/distractor 0.52 / train/loss/dyn 4.76 / train/loss/policy -2.5e-4 / train/loss/position 0.06 / train/loss/rep 4.76 / train/loss/repval 0.81 / train/loss/rew 8.2e-3 / train/loss/to_target 0.08 / train/loss/value 0.66 / train/loss/velocity 0.12 / replay/replay_ratio 1040 / fps/policy 40.47 / fps/train 4.1e4

Writing metrics: /scratch/midway3/rickybao/dreamerv3_runs/adapt_ax1rb3q1s1_synth_seed104_ckpt500000/scores.jsonlWriting metrics: /scratch/midway3/rickybao/dreamerv3_runs/adapt_ax1rb3q1s1_synth_seed104_ckpt500000/metrics.jsonl


--------------------[Agent Step 26_336]--------------------
Metrics filtered by: 'score|length|fps|ratio|train/loss/|train/rand/'
train/loss/con 0.02 / train/loss/distractor 0.56 / train/loss/dyn 5.29 / train/loss/policy -4.8e-3 / train/loss/position 0.16 / train/loss/rep 5.29 / train/loss/repval 1.33 / train/loss/rew 5.4e-3 / train/loss/to_target 0.2 / train/loss/value 1.2 / train/loss/velocity 0.2 / replay/replay_ratio 1040 / fps/policy 40.46 / fps/train 4.1e4

Writing metrics: /scratch/midway3/rickybao/dreamerv3_runs/adapt_ax1rb3q1s1_synth_seed104_ckpt500000/scores.jsonlWriting metrics: /scratch/midway3/rickybao/dreamerv3_runs/adapt_ax1rb3q1s1_synth_seed104_ckpt500000/metrics.jsonl


--------------------[Agent Step 31_200]--------------------
Metrics filtered by: 'score|length|fps|ratio|train/loss/|train/rand/'
train/loss/con 0.02 / train/loss/distractor 0.57 / train/loss/dyn 5.55 / train/loss/policy -5.7e-3 / train/loss/position 0.19 / train/loss/rep 5.55 / train/loss/repval 1.04 / train/loss/rew 4.2e-3 / train/loss/to_target 0.25 / train/loss/value 0.98 / train/loss/velocity 0.23 / replay/replay_ratio 1040 / fps/policy 40.47 / fps/train 4.1e4

Writing metrics: /scratch/midway3/rickybao/dreamerv3_runs/adapt_ax1rb3q1s1_synth_seed104_ckpt500000/metrics.jsonlWriting metrics: /scratch/midway3/rickybao/dreamerv3_runs/adapt_ax1rb3q1s1_synth_seed104_ckpt500000/scores.jsonl


--------------------[Agent Step 36_064]--------------------
Metrics filtered by: 'score|length|fps|ratio|train/loss/|train/rand/'
episode/score 0 / episode/length 1001 / train/loss/con 0.02 / train/loss/distractor 0.57 / train/loss/dyn 5.58 / train/loss/policy -2.1e-3 / train/loss/position 0.18 / train/loss/rep 5.58 / train/loss/repval 1.2 / train/loss/rew 3.8e-3 / train/loss/to_target 0.24 / train/loss/value 1.09 / train/loss/velocity 0.23 / replay/replay_ratio 1040 / fps/policy 40.47 / fps/train 4.1e4

Writing metrics: /scratch/midway3/rickybao/dreamerv3_runs/adapt_ax1rb3q1s1_synth_seed104_ckpt500000/metrics.jsonlWriting metrics: /scratch/midway3/rickybao/dreamerv3_runs/adapt_ax1rb3q1s1_synth_seed104_ckpt500000/scores.jsonl

Saving checkpoint: /scratch/midway3/rickybao/dreamerv3_runs/adapt_ax1rb3q1s1_synth_seed104_ckpt500000/ckpt/20260721T035046F673030
Saved checkpoint.

--------------------[Agent Step 40_880]--------------------
Metrics filtered by: 'score|length|fps|ratio|train/loss/|train/rand/'
train/loss/con 0.02 / train/loss/distractor 0.56 / train/loss/dyn 5.69 / train/loss/policy -5.2e-3 / train/loss/position 0.17 / train/loss/rep 5.69 / train/loss/repval 1.35 / train/loss/rew 3.3e-3 / train/loss/to_target 0.22 / train/loss/value 1.25 / train/loss/velocity 0.24 / replay/replay_ratio 1040 / fps/policy 40.12 / fps/train 4.1e4

Writing metrics: /scratch/midway3/rickybao/dreamerv3_runs/adapt_ax1rb3q1s1_synth_seed104_ckpt500000/metrics.jsonlWriting metrics: /scratch/midway3/rickybao/dreamerv3_runs/adapt_ax1rb3q1s1_synth_seed104_ckpt500000/scores.jsonl


--------------------[Agent Step 45_744]--------------------
Metrics filtered by: 'score|length|fps|ratio|train/loss/|train/rand/'
train/loss/con 0.02 / train/loss/distractor 0.56 / train/loss/dyn 5.82 / train/loss/policy -5.7e-3 / train/loss/position 0.17 / train/loss/rep 5.82 / train/loss/repval 1.35 / train/loss/rew 3.2e-3 / train/loss/to_target 0.22 / train/loss/value 1.27 / train/loss/velocity 0.25 / replay/replay_ratio 1040 / fps/policy 40.47 / fps/train 4.1e4

Writing metrics: /scratch/midway3/rickybao/dreamerv3_runs/adapt_ax1rb3q1s1_synth_seed104_ckpt500000/scores.jsonlWriting metrics: /scratch/midway3/rickybao/dreamerv3_runs/adapt_ax1rb3q1s1_synth_seed104_ckpt500000/metrics.jsonl


--------------------[Agent Step 50_608]--------------------
Metrics filtered by: 'score|length|fps|ratio|train/loss/|train/rand/'
episode/score 0 / episode/length 1001 / train/loss/con 0.02 / train/loss/distractor 0.55 / train/loss/dyn 5.86 / train/loss/policy 4.7e-3 / train/loss/position 0.17 / train/loss/rep 5.86 / train/loss/repval 1.14 / train/loss/rew 5.1e-3 / train/loss/to_target 0.21 / train/loss/value 0.98 / train/loss/velocity 0.25 / replay/replay_ratio 1040 / fps/policy 40.46 / fps/train 4.1e4

Writing metrics: /scratch/midway3/rickybao/dreamerv3_runs/adapt_ax1rb3q1s1_synth_seed104_ckpt500000/metrics.jsonlWriting metrics: /scratch/midway3/rickybao/dreamerv3_runs/adapt_ax1rb3q1s1_synth_seed104_ckpt500000/scores.jsonl


--------------------[Agent Step 55_472]--------------------
Metrics filtered by: 'score|length|fps|ratio|train/loss/|train/rand/'
train/loss/con 0.02 / train/loss/distractor 0.55 / train/loss/dyn 5.94 / train/loss/policy 0.02 / train/loss/position 0.16 / train/loss/rep 5.94 / train/loss/repval 1.18 / train/loss/rew 9.1e-3 / train/loss/to_target 0.19 / train/loss/value 1.01 / train/loss/velocity 0.25 / replay/replay_ratio 1040 / fps/policy 40.46 / fps/train 4.1e4

Writing metrics: /scratch/midway3/rickybao/dreamerv3_runs/adapt_ax1rb3q1s1_synth_seed104_ckpt500000/scores.jsonlWriting metrics: /scratch/midway3/rickybao/dreamerv3_runs/adapt_ax1rb3q1s1_synth_seed104_ckpt500000/metrics.jsonl


--------------------[Agent Step 60_336]--------------------
Metrics filtered by: 'score|length|fps|ratio|train/loss/|train/rand/'
train/loss/con 0.02 / train/loss/distractor 0.54 / train/loss/dyn 5.88 / train/loss/policy -2.6e-3 / train/loss/position 0.16 / train/loss/rep 5.88 / train/loss/repval 1.19 / train/loss/rew 0.01 / train/loss/to_target 0.19 / train/loss/value 0.91 / train/loss/velocity 0.24 / replay/replay_ratio 1040 / fps/policy 40.46 / fps/train 4.1e4

Writing metrics: /scratch/midway3/rickybao/dreamerv3_runs/adapt_ax1rb3q1s1_synth_seed104_ckpt500000/metrics.jsonlWriting metrics: /scratch/midway3/rickybao/dreamerv3_runs/adapt_ax1rb3q1s1_synth_seed104_ckpt500000/scores.jsonl


--------------------[Agent Step 65_200]--------------------
Metrics filtered by: 'score|length|fps|ratio|train/loss/|train/rand/'
episode/score 7 / episode/length 1001 / train/loss/con 0.02 / train/loss/distractor 0.53 / train/loss/dyn 5.8 / train/loss/policy -0.04 / train/loss/position 0.14 / train/loss/rep 5.8 / train/loss/repval 1.25 / train/loss/rew 0.02 / train/loss/to_target 0.16 / train/loss/value 0.94 / train/loss/velocity 0.22 / replay/replay_ratio 1040 / fps/policy 40.46 / fps/train 4.1e4

Writing metrics: /scratch/midway3/rickybao/dreamerv3_runs/adapt_ax1rb3q1s1_synth_seed104_ckpt500000/scores.jsonlWriting metrics: /scratch/midway3/rickybao/dreamerv3_runs/adapt_ax1rb3q1s1_synth_seed104_ckpt500000/metrics.jsonl


--------------------[Agent Step 70_064]--------------------
Metrics filtered by: 'score|length|fps|ratio|train/loss/|train/rand/'
train/loss/con 0.02 / train/loss/distractor 0.53 / train/loss/dyn 5.73 / train/loss/policy -0.03 / train/loss/position 0.13 / train/loss/rep 5.73 / train/loss/repval 1.28 / train/loss/rew 0.02 / train/loss/to_target 0.16 / train/loss/value 1.03 / train/loss/velocity 0.21 / replay/replay_ratio 1040 / fps/policy 40.47 / fps/train 4.1e4

Writing metrics: /scratch/midway3/rickybao/dreamerv3_runs/adapt_ax1rb3q1s1_synth_seed104_ckpt500000/metrics.jsonlWriting metrics: /scratch/midway3/rickybao/dreamerv3_runs/adapt_ax1rb3q1s1_synth_seed104_ckpt500000/scores.jsonl

Saving checkpoint: /scratch/midway3/rickybao/dreamerv3_runs/adapt_ax1rb3q1s1_synth_seed104_ckpt500000/ckpt/20260721T040546F709446
Saved checkpoint.

--------------------[Agent Step 74_896]--------------------
Metrics filtered by: 'score|length|fps|ratio|train/loss/|train/rand/'
train/loss/con 0.02 / train/loss/distractor 0.53 / train/loss/dyn 5.76 / train/loss/policy -0.02 / train/loss/position 0.13 / train/loss/rep 5.76 / train/loss/repval 1.15 / train/loss/rew 0.02 / train/loss/to_target 0.15 / train/loss/value 0.99 / train/loss/velocity 0.21 / replay/replay_ratio 1040 / fps/policy 40.2 / fps/train 4.1e4

Writing metrics: /scratch/midway3/rickybao/dreamerv3_runs/adapt_ax1rb3q1s1_synth_seed104_ckpt500000/scores.jsonlWriting metrics: /scratch/midway3/rickybao/dreamerv3_runs/adapt_ax1rb3q1s1_synth_seed104_ckpt500000/metrics.jsonl


--------------------[Agent Step 79_760]--------------------
Metrics filtered by: 'score|length|fps|ratio|train/loss/|train/rand/'
train/loss/con 0.02 / train/loss/distractor 0.53 / train/loss/dyn 5.8 / train/loss/policy -3e-3 / train/loss/position 0.13 / train/loss/rep 5.8 / train/loss/repval 1.25 / train/loss/rew 0.02 / train/loss/to_target 0.15 / train/loss/value 1.04 / train/loss/velocity 0.22 / replay/replay_ratio 1040 / fps/policy 40.46 / fps/train 4.1e4

Writing metrics: /scratch/midway3/rickybao/dreamerv3_runs/adapt_ax1rb3q1s1_synth_seed104_ckpt500000/metrics.jsonlWriting metrics: /scratch/midway3/rickybao/dreamerv3_runs/adapt_ax1rb3q1s1_synth_seed104_ckpt500000/scores.jsonl


--------------------[Agent Step 84_624]--------------------
Metrics filtered by: 'score|length|fps|ratio|train/loss/|train/rand/'
episode/score 21 / episode/length 1001 / train/loss/con 0.02 / train/loss/distractor 0.52 / train/loss/dyn 5.8 / train/loss/policy -0.01 / train/loss/position 0.12 / train/loss/rep 5.8 / train/loss/repval 1.23 / train/loss/rew 0.02 / train/loss/to_target 0.14 / train/loss/value 1.03 / train/loss/velocity 0.21 / replay/replay_ratio 1040 / fps/policy 40.47 / fps/train 4.1e4

Writing metrics: /scratch/midway3/rickybao/dreamerv3_runs/adapt_ax1rb3q1s1_synth_seed104_ckpt500000/metrics.jsonlWriting metrics: /scratch/midway3/rickybao/dreamerv3_runs/adapt_ax1rb3q1s1_synth_seed104_ckpt500000/scores.jsonl


--------------------[Agent Step 89_488]--------------------
Metrics filtered by: 'score|length|fps|ratio|train/loss/|train/rand/'
train/loss/con 0.02 / train/loss/distractor 0.52 / train/loss/dyn 5.75 / train/loss/policy -0.04 / train/loss/position 0.11 / train/loss/rep 5.75 / train/loss/repval 1.25 / train/loss/rew 0.03 / train/loss/to_target 0.13 / train/loss/value 1.01 / train/loss/velocity 0.21 / replay/replay_ratio 1040 / fps/policy 40.46 / fps/train 4.1e4

Writing metrics: /scratch/midway3/rickybao/dreamerv3_runs/adapt_ax1rb3q1s1_synth_seed104_ckpt500000/metrics.jsonlWriting metrics: /scratch/midway3/rickybao/dreamerv3_runs/adapt_ax1rb3q1s1_synth_seed104_ckpt500000/scores.jsonl


--------------------[Agent Step 94_352]--------------------
Metrics filtered by: 'score|length|fps|ratio|train/loss/|train/rand/'
train/loss/con 0.02 / train/loss/distractor 0.52 / train/loss/dyn 5.66 / train/loss/policy -0.07 / train/loss/position 0.11 / train/loss/rep 5.66 / train/loss/repval 1.34 / train/loss/rew 0.06 / train/loss/to_target 0.12 / train/loss/value 1 / train/loss/velocity 0.2 / replay/replay_ratio 1040 / fps/policy 40.45 / fps/train 4.1e4

Writing metrics: /scratch/midway3/rickybao/dreamerv3_runs/adapt_ax1rb3q1s1_synth_seed104_ckpt500000/metrics.jsonlWriting metrics: /scratch/midway3/rickybao/dreamerv3_runs/adapt_ax1rb3q1s1_synth_seed104_ckpt500000/scores.jsonl


--------------------[Agent Step 99_216]--------------------
Metrics filtered by: 'score|length|fps|ratio|train/loss/|train/rand/'
episode/score 170 / episode/length 1001 / train/loss/con 0.02 / train/loss/distractor 0.52 / train/loss/dyn 5.61 / train/loss/policy -0.1 / train/loss/position 0.1 / train/loss/rep 5.61 / train/loss/repval 1.4 / train/loss/rew 0.1 / train/loss/to_target 0.12 / train/loss/value 0.99 / train/loss/velocity 0.19 / replay/replay_ratio 1040 / fps/policy 40.45 / fps/train 4.1e4

Writing metrics: /scratch/midway3/rickybao/dreamerv3_runs/adapt_ax1rb3q1s1_synth_seed104_ckpt500000/scores.jsonlWriting metrics: /scratch/midway3/rickybao/dreamerv3_runs/adapt_ax1rb3q1s1_synth_seed104_ckpt500000/metrics.jsonl


--------------------[Agent Step 104_080]--------------------
Metrics filtered by: 'score|length|fps|ratio|train/loss/|train/rand/'
train/loss/con 0.02 / train/loss/distractor 0.52 / train/loss/dyn 5.55 / train/loss/policy -0.09 / train/loss/position 0.1 / train/loss/rep 5.55 / train/loss/repval 1.37 / train/loss/rew 0.11 / train/loss/to_target 0.11 / train/loss/value 0.97 / train/loss/velocity 0.18 / replay/replay_ratio 1040 / fps/policy 40.45 / fps/train 4.1e4

Writing metrics: /scratch/midway3/rickybao/dreamerv3_runs/adapt_ax1rb3q1s1_synth_seed104_ckpt500000/metrics.jsonl
Writing metrics: /scratch/midway3/rickybao/dreamerv3_runs/adapt_ax1rb3q1s1_synth_seed104_ckpt500000/scores.jsonl

--------------------[Agent Step 108_928]--------------------
Metrics filtered by: 'score|length|fps|ratio|train/loss/|train/rand/'
train/loss/con 0.02 / train/loss/distractor 0.52 / train/loss/dyn 5.49 / train/loss/policy -0.1 / train/loss/position 0.09 / train/loss/rep 5.49 / train/loss/repval 1.37 / train/loss/rew 0.14 / train/loss/to_target 0.11 / train/loss/value 0.97 / train/loss/velocity 0.17 / replay/replay_ratio 1040 / fps/policy 40.39 / fps/train 4.1e4

Writing metrics: /scratch/midway3/rickybao/dreamerv3_runs/adapt_ax1rb3q1s1_synth_seed104_ckpt500000/scores.jsonlWriting metrics: /scratch/midway3/rickybao/dreamerv3_runs/adapt_ax1rb3q1s1_synth_seed104_ckpt500000/metrics.jsonl

Saving checkpoint: /scratch/midway3/rickybao/dreamerv3_runs/adapt_ax1rb3q1s1_synth_seed104_ckpt500000/ckpt/20260721T042047F051045
Saved checkpoint.

--------------------[Agent Step 113_760]--------------------
Metrics filtered by: 'score|length|fps|ratio|train/loss/|train/rand/'
episode/score 264 / episode/length 1001 / train/loss/con 0.02 / train/loss/distractor 0.52 / train/loss/dyn 5.45 / train/loss/policy -0.08 / train/loss/position 0.09 / train/loss/rep 5.45 / train/loss/repval 1.27 / train/loss/rew 0.16 / train/loss/to_target 0.1 / train/loss/value 0.98 / train/loss/velocity 0.17 / replay/replay_ratio 1040 / fps/policy 40.2 / fps/train 4.1e4

Writing metrics: /scratch/midway3/rickybao/dreamerv3_runs/adapt_ax1rb3q1s1_synth_seed104_ckpt500000/metrics.jsonl
Writing metrics: /scratch/midway3/rickybao/dreamerv3_runs/adapt_ax1rb3q1s1_synth_seed104_ckpt500000/scores.jsonl

--------------------[Agent Step 118_624]--------------------
Metrics filtered by: 'score|length|fps|ratio|train/loss/|train/rand/'
train/loss/con 0.02 / train/loss/distractor 0.52 / train/loss/dyn 5.4 / train/loss/policy -0.08 / train/loss/position 0.09 / train/loss/rep 5.4 / train/loss/repval 1.25 / train/loss/rew 0.19 / train/loss/to_target 0.1 / train/loss/value 1 / train/loss/velocity 0.16 / replay/replay_ratio 1040 / fps/policy 40.46 / fps/train 4.1e4

Writing metrics: /scratch/midway3/rickybao/dreamerv3_runs/adapt_ax1rb3q1s1_synth_seed104_ckpt500000/scores.jsonlWriting metrics: /scratch/midway3/rickybao/dreamerv3_runs/adapt_ax1rb3q1s1_synth_seed104_ckpt500000/metrics.jsonl


--------------------[Agent Step 123_488]--------------------
Metrics filtered by: 'score|length|fps|ratio|train/loss/|train/rand/'
train/loss/con 0.02 / train/loss/distractor 0.52 / train/loss/dyn 5.36 / train/loss/policy -0.08 / train/loss/position 0.09 / train/loss/rep 5.36 / train/loss/repval 1.23 / train/loss/rew 0.22 / train/loss/to_target 0.1 / train/loss/value 1.02 / train/loss/velocity 0.15 / replay/replay_ratio 1040 / fps/policy 40.46 / fps/train 4.1e4

Writing metrics: /scratch/midway3/rickybao/dreamerv3_runs/adapt_ax1rb3q1s1_synth_seed104_ckpt500000/metrics.jsonl
Writing metrics: /scratch/midway3/rickybao/dreamerv3_runs/adapt_ax1rb3q1s1_synth_seed104_ckpt500000/scores.jsonl
[Tue Jul 21 04:26:29 CDT 2026] adapt adapt_ax1rb3q1s1_synth_seed104_ckpt500000 rc=0 status=DONE
[Tue Jul 21 04:26:29 CDT 2026] DONE child adapt_ax1rb3q1s1_synth_seed104_ckpt500000
[Tue Jul 21 04:26:29 CDT 2026] START child adapt_ax1rb3q1s1_synth_seed105_ckpt500000 WM_RUN=ax1wm_synth_q1s1_seed3
[Tue Jul 21 04:26:29 CDT 2026] axis1 child starting RUN_ID=adapt_ax1rb3q1s1_synth_seed105_ckpt500000 WM_RUN=ax1wm_synth_q1s1_seed3 job=52442226 host=midway3-0281.rcc.local
[Tue Jul 21 04:26:29 CDT 2026] env prepared: python=/scratch/midway3/rickybao/conda_envs/dreamerv3/bin/python
python_executable=/scratch/midway3/rickybao/conda_envs/dreamerv3/bin/python
[Tue Jul 21 04:26:29 CDT 2026] offline WM already fit: /scratch/midway3/rickybao/dreamerv3_runs/ax1wm_synth_q1s1_seed3/ckpt/20260718T073755F567832-000000500000 (skipping stage 1)
[Tue Jul 21 04:26:29 CDT 2026] adapt RUN_ID=adapt_ax1rb3q1s1_synth_seed105_ckpt500000 TASK=synth_reach SEED=105 CKPT=/scratch/midway3/rickybao/dreamerv3_runs/ax1wm_synth_q1s1_seed3/ckpt/20260718T073755F567832-000000500000 STEPS=1.25e5
---  ___                           __   ______ ---
--- |   \ _ _ ___ __ _ _ __  ___ _ \ \ / /__ / ---
--- | |) | '_/ -_) _` | '  \/ -_) '/\ V / |_ \ ---
--- |___/|_| \___\__,_|_|_|_\___|_|  \_/ |___/ ---
Replica: 0 / 1
Logdir: /scratch/midway3/rickybao/dreamerv3_runs/adapt_ax1rb3q1s1_synth_seed105_ckpt500000
Run script: train
Observations
  position         Space(float32, shape=(2,), low=-inf, high=inf)
  velocity         Space(float32, shape=(2,), low=-inf, high=inf)
  distractor       Space(float32, shape=(8,), low=-inf, high=inf)
  to_target        Space(float32, shape=(2,), low=-inf, high=inf)
  reward           Space(float32, shape=(), low=-inf, high=inf)
  is_first         Space(bool, shape=(), low=False, high=True)
  is_last          Space(bool, shape=(), low=False, high=True)
  is_terminal      Space(bool, shape=(), low=False, high=True)
Actions
  action           Space(float32, shape=(2,), low=-1.0, high=1.0)
Extras
  consec           Space(int32, shape=(), low=-2147483648, high=2147483647)
  stepid           Space(uint8, shape=(20,), low=0, high=255)
  dyn/deter        Space(float32, shape=(512,), low=-inf, high=inf)
  dyn/stoch        Space(float32, shape=(32, 4), low=-inf, high=inf)
JAX devices (1): [cuda:0]
Policy devices: cuda:0
Train devices:  cuda:0
Initializing parameters...
Optimizer opt has 214,723 params:
        66,111 val
        57,663 rew
        49,796 pol
        41,153 con
Done initializing!
Compiling 1 checkpoint groups...
Largest checkpoint group: 0 GB
Compiling train and report...
Train cost analysis:
  FLOPS:            7.2e+09
  Memory (temp):    2.0e+08
  Memory (inputs):  7.3e+06
  Memory (outputs): 5.9e+06
  Memory (code):    1.5e+06

Report cost analysis:
  FLOPS:            1.8e+06
  Memory (temp):    9.2e+05
  Memory (inputs):  2.7e+06
  Memory (outputs): 2.1e+04
  Memory (code):    9.8e+04

Done compiling!
Loaded pretrained checkpoint with keys: ['dec/mlp/linear0/bias', 'dec/mlp/linear0/kernel', 'dec/mlp/linear1/bias', 'dec/mlp/linear1/kernel', 'dec/mlp/linear2/bias', 'dec/mlp/linear2/kernel', 'dec/mlp/norm0/scale', 'dec/mlp/norm1/scale', 'dec/mlp/norm2/scale', 'dec/vec/distractor/pred/bias', 'dec/vec/distractor/pred/kernel', 'dec/vec/position/pred/bias', 'dec/vec/position/pred/kernel', 'dec/vec/to_target/pred/bias', 'dec/vec/to_target/pred/kernel', 'dec/vec/velocity/pred/bias', 'dec/vec/velocity/pred/kernel', 'dyn/dyngru/bias', 'dyn/dyngru/kernel', 'dyn/dynhid0/bias', 'dyn/dynhid0/kernel', 'dyn/dynhid0norm/scale', 'dyn/dynin0/bias', 'dyn/dynin0/kernel', 'dyn/dynin0norm/scale', 'dyn/dynin1/bias', 'dyn/dynin1/kernel', 'dyn/dynin1norm/scale', 'dyn/dynin2/bias', 'dyn/dynin2/kernel', 'dyn/dynin2norm/scale', 'dyn/obs0/bias', 'dyn/obs0/kernel', 'dyn/obs0norm/scale', 'dyn/obslogit/bias', 'dyn/obslogit/kernel', 'dyn/prior0/bias', 'dyn/prior0/kernel', 'dyn/prior0norm/scale', 'dyn/prior1/bias', 'dyn/prior1/kernel', 'dyn/prior1norm/scale', 'dyn/priorlogit/bias', 'dyn/priorlogit/kernel', 'enc/mlp0/bias', 'enc/mlp0/kernel', 'enc/mlp0norm/scale', 'enc/mlp1/bias', 'enc/mlp1/kernel', 'enc/mlp1norm/scale', 'enc/mlp2/bias', 'enc/mlp2/kernel', 'enc/mlp2norm/scale']
Did not find any checkpoint.
Saving checkpoint: /scratch/midway3/rickybao/dreamerv3_runs/adapt_ax1rb3q1s1_synth_seed105_ckpt500000/ckpt/20260721T042654F272477
Saved checkpoint.
Start training loop

--------------------[Agent Step 6_864]--------------------
Metrics filtered by: 'score|length|fps|ratio|train/loss/|train/rand/'
train/loss/con 0.03 / train/loss/distractor 0.47 / train/loss/dyn 4.55 / train/loss/policy 0.03 / train/loss/position 0.02 / train/loss/rep 4.55 / train/loss/repval 2.65 / train/loss/rew 1.08 / train/loss/to_target 0.01 / train/loss/value 2.03 / train/loss/velocity 0.01 / replay/replay_ratio 858 / fps/policy 56.38 / fps/train 4.1e4

Writing metrics: /scratch/midway3/rickybao/dreamerv3_runs/adapt_ax1rb3q1s1_synth_seed105_ckpt500000/metrics.jsonlWriting metrics: /scratch/midway3/rickybao/dreamerv3_runs/adapt_ax1rb3q1s1_synth_seed105_ckpt500000/scores.jsonl


--------------------[Agent Step 11_728]--------------------
Metrics filtered by: 'score|length|fps|ratio|train/loss/|train/rand/'
train/loss/con 0.02 / train/loss/distractor 0.48 / train/loss/dyn 4.53 / train/loss/policy 0.03 / train/loss/position 0.01 / train/loss/rep 4.53 / train/loss/repval 0.98 / train/loss/rew 0.03 / train/loss/to_target 0.02 / train/loss/value 0.88 / train/loss/velocity 0.02 / replay/replay_ratio 1040 / fps/policy 40.42 / fps/train 4.1e4

Writing metrics: /scratch/midway3/rickybao/dreamerv3_runs/adapt_ax1rb3q1s1_synth_seed105_ckpt500000/metrics.jsonl
Writing metrics: /scratch/midway3/rickybao/dreamerv3_runs/adapt_ax1rb3q1s1_synth_seed105_ckpt500000/scores.jsonl

--------------------[Agent Step 16_592]--------------------
Metrics filtered by: 'score|length|fps|ratio|train/loss/|train/rand/'
episode/score 0 / episode/length 1001 / train/loss/con 0.02 / train/loss/distractor 0.5 / train/loss/dyn 4.56 / train/loss/policy 0.02 / train/loss/position 0.01 / train/loss/rep 4.56 / train/loss/repval 1.08 / train/loss/rew 0.03 / train/loss/to_target 0.03 / train/loss/value 0.87 / train/loss/velocity 0.04 / replay/replay_ratio 1040 / fps/policy 40.41 / fps/train 4.1e4

Writing metrics: /scratch/midway3/rickybao/dreamerv3_runs/adapt_ax1rb3q1s1_synth_seed105_ckpt500000/metrics.jsonlWriting metrics: /scratch/midway3/rickybao/dreamerv3_runs/adapt_ax1rb3q1s1_synth_seed105_ckpt500000/scores.jsonl


--------------------[Agent Step 21_456]--------------------
Metrics filtered by: 'score|length|fps|ratio|train/loss/|train/rand/'
train/loss/con 0.02 / train/loss/distractor 0.5 / train/loss/dyn 4.88 / train/loss/policy -1.7e-3 / train/loss/position 0.03 / train/loss/rep 4.88 / train/loss/repval 1.15 / train/loss/rew 0.02 / train/loss/to_target 0.03 / train/loss/value 1.02 / train/loss/velocity 0.15 / replay/replay_ratio 1040 / fps/policy 40.42 / fps/train 4.1e4

Writing metrics: /scratch/midway3/rickybao/dreamerv3_runs/adapt_ax1rb3q1s1_synth_seed105_ckpt500000/metrics.jsonlWriting metrics: /scratch/midway3/rickybao/dreamerv3_runs/adapt_ax1rb3q1s1_synth_seed105_ckpt500000/scores.jsonl


--------------------[Agent Step 26_320]--------------------
Metrics filtered by: 'score|length|fps|ratio|train/loss/|train/rand/'
train/loss/con 0.02 / train/loss/distractor 0.49 / train/loss/dyn 5.13 / train/loss/policy 2.9e-3 / train/loss/position 0.03 / train/loss/rep 5.13 / train/loss/repval 1.27 / train/loss/rew 0.01 / train/loss/to_target 0.03 / train/loss/value 1 / train/loss/velocity 0.22 / replay/replay_ratio 1040 / fps/policy 40.42 / fps/train 4.1e4

Writing metrics: /scratch/midway3/rickybao/dreamerv3_runs/adapt_ax1rb3q1s1_synth_seed105_ckpt500000/scores.jsonlWriting metrics: /scratch/midway3/rickybao/dreamerv3_runs/adapt_ax1rb3q1s1_synth_seed105_ckpt500000/metrics.jsonl


--------------------[Agent Step 31_184]--------------------
Metrics filtered by: 'score|length|fps|ratio|train/loss/|train/rand/'
train/loss/con 0.02 / train/loss/distractor 0.49 / train/loss/dyn 5.99 / train/loss/policy -0.02 / train/loss/position 0.06 / train/loss/rep 5.99 / train/loss/repval 1.38 / train/loss/rew 0.01 / train/loss/to_target 0.05 / train/loss/value 1.14 / train/loss/velocity 0.25 / replay/replay_ratio 1040 / fps/policy 40.42 / fps/train 4.1e4

Writing metrics: /scratch/midway3/rickybao/dreamerv3_runs/adapt_ax1rb3q1s1_synth_seed105_ckpt500000/scores.jsonlWriting metrics: /scratch/midway3/rickybao/dreamerv3_runs/adapt_ax1rb3q1s1_synth_seed105_ckpt500000/metrics.jsonl


--------------------[Agent Step 36_048]--------------------
Metrics filtered by: 'score|length|fps|ratio|train/loss/|train/rand/'
episode/score 0 / episode/length 1001 / train/loss/con 0.02 / train/loss/distractor 0.49 / train/loss/dyn 6.08 / train/loss/policy -5.3e-3 / train/loss/position 0.06 / train/loss/rep 6.08 / train/loss/repval 1.26 / train/loss/rew 0.01 / train/loss/to_target 0.06 / train/loss/value 1.02 / train/loss/velocity 0.25 / replay/replay_ratio 1040 / fps/policy 40.42 / fps/train 4.1e4

Writing metrics: /scratch/midway3/rickybao/dreamerv3_runs/adapt_ax1rb3q1s1_synth_seed105_ckpt500000/metrics.jsonlWriting metrics: /scratch/midway3/rickybao/dreamerv3_runs/adapt_ax1rb3q1s1_synth_seed105_ckpt500000/scores.jsonl

Saving checkpoint: /scratch/midway3/rickybao/dreamerv3_runs/adapt_ax1rb3q1s1_synth_seed105_ckpt500000/ckpt/20260721T044155F731320
Saved checkpoint.

--------------------[Agent Step 40_864]--------------------
Metrics filtered by: 'score|length|fps|ratio|train/loss/|train/rand/'
train/loss/con 0.02 / train/loss/distractor 0.49 / train/loss/dyn 6.05 / train/loss/policy 1.6e-3 / train/loss/position 0.06 / train/loss/rep 6.05 / train/loss/repval 1.19 / train/loss/rew 8.8e-3 / train/loss/to_target 0.05 / train/loss/value 1.22 / train/loss/velocity 0.24 / replay/replay_ratio 1040 / fps/policy 40.08 / fps/train 4.1e4

Writing metrics: /scratch/midway3/rickybao/dreamerv3_runs/adapt_ax1rb3q1s1_synth_seed105_ckpt500000/metrics.jsonlWriting metrics: /scratch/midway3/rickybao/dreamerv3_runs/adapt_ax1rb3q1s1_synth_seed105_ckpt500000/scores.jsonl


--------------------[Agent Step 45_728]--------------------
Metrics filtered by: 'score|length|fps|ratio|train/loss/|train/rand/'
train/loss/con 0.02 / train/loss/distractor 0.49 / train/loss/dyn 6.5 / train/loss/policy -3.9e-5 / train/loss/position 0.07 / train/loss/rep 6.5 / train/loss/repval 1.12 / train/loss/rew 8.2e-3 / train/loss/to_target 0.06 / train/loss/value 1.11 / train/loss/velocity 0.27 / replay/replay_ratio 1040 / fps/policy 40.43 / fps/train 4.1e4

Writing metrics: /scratch/midway3/rickybao/dreamerv3_runs/adapt_ax1rb3q1s1_synth_seed105_ckpt500000/metrics.jsonlWriting metrics: /scratch/midway3/rickybao/dreamerv3_runs/adapt_ax1rb3q1s1_synth_seed105_ckpt500000/scores.jsonl


--------------------[Agent Step 50_592]--------------------
Metrics filtered by: 'score|length|fps|ratio|train/loss/|train/rand/'
episode/score 0 / episode/length 1001 / train/loss/con 0.02 / train/loss/distractor 0.49 / train/loss/dyn 6.46 / train/loss/policy 3.4e-3 / train/loss/position 0.07 / train/loss/rep 6.46 / train/loss/repval 1.23 / train/loss/rew 7.6e-3 / train/loss/to_target 0.06 / train/loss/value 1.15 / train/loss/velocity 0.26 / replay/replay_ratio 1040 / fps/policy 40.42 / fps/train 4.1e4

Writing metrics: /scratch/midway3/rickybao/dreamerv3_runs/adapt_ax1rb3q1s1_synth_seed105_ckpt500000/metrics.jsonl
Writing metrics: /scratch/midway3/rickybao/dreamerv3_runs/adapt_ax1rb3q1s1_synth_seed105_ckpt500000/scores.jsonl

--------------------[Agent Step 55_456]--------------------
Metrics filtered by: 'score|length|fps|ratio|train/loss/|train/rand/'
train/loss/con 0.02 / train/loss/distractor 0.49 / train/loss/dyn 6.55 / train/loss/policy 8.8e-4 / train/loss/position 0.07 / train/loss/rep 6.55 / train/loss/repval 1.04 / train/loss/rew 6.2e-3 / train/loss/to_target 0.06 / train/loss/value 1.08 / train/loss/velocity 0.26 / replay/replay_ratio 1040 / fps/policy 40.42 / fps/train 4.1e4

Writing metrics: /scratch/midway3/rickybao/dreamerv3_runs/adapt_ax1rb3q1s1_synth_seed105_ckpt500000/scores.jsonlWriting metrics: /scratch/midway3/rickybao/dreamerv3_runs/adapt_ax1rb3q1s1_synth_seed105_ckpt500000/metrics.jsonl


--------------------[Agent Step 60_320]--------------------
Metrics filtered by: 'score|length|fps|ratio|train/loss/|train/rand/'
train/loss/con 0.02 / train/loss/distractor 0.49 / train/loss/dyn 6.89 / train/loss/policy 4.7e-3 / train/loss/position 0.08 / train/loss/rep 6.89 / train/loss/repval 1.12 / train/loss/rew 6.5e-3 / train/loss/to_target 0.07 / train/loss/value 1.09 / train/loss/velocity 0.27 / replay/replay_ratio 1040 / fps/policy 40.42 / fps/train 4.1e4

Writing metrics: /scratch/midway3/rickybao/dreamerv3_runs/adapt_ax1rb3q1s1_synth_seed105_ckpt500000/metrics.jsonl
Writing metrics: /scratch/midway3/rickybao/dreamerv3_runs/adapt_ax1rb3q1s1_synth_seed105_ckpt500000/scores.jsonl

--------------------[Agent Step 65_184]--------------------
Metrics filtered by: 'score|length|fps|ratio|train/loss/|train/rand/'
episode/score 0 / episode/length 1001 / train/loss/con 0.02 / train/loss/distractor 0.49 / train/loss/dyn 6.82 / train/loss/policy 2.1e-3 / train/loss/position 0.08 / train/loss/rep 6.82 / train/loss/repval 1.22 / train/loss/rew 9e-3 / train/loss/to_target 0.07 / train/loss/value 1.09 / train/loss/velocity 0.26 / replay/replay_ratio 1040 / fps/policy 40.41 / fps/train 4.1e4

Writing metrics: /scratch/midway3/rickybao/dreamerv3_runs/adapt_ax1rb3q1s1_synth_seed105_ckpt500000/metrics.jsonlWriting metrics: /scratch/midway3/rickybao/dreamerv3_runs/adapt_ax1rb3q1s1_synth_seed105_ckpt500000/scores.jsonl


--------------------[Agent Step 70_048]--------------------
Metrics filtered by: 'score|length|fps|ratio|train/loss/|train/rand/'
train/loss/con 0.02 / train/loss/distractor 0.49 / train/loss/dyn 6.69 / train/loss/policy -7.3e-3 / train/loss/position 0.08 / train/loss/rep 6.69 / train/loss/repval 1.23 / train/loss/rew 0.01 / train/loss/to_target 0.07 / train/loss/value 1 / train/loss/velocity 0.25 / replay/replay_ratio 1040 / fps/policy 40.42 / fps/train 4.1e4

Writing metrics: /scratch/midway3/rickybao/dreamerv3_runs/adapt_ax1rb3q1s1_synth_seed105_ckpt500000/scores.jsonlWriting metrics: /scratch/midway3/rickybao/dreamerv3_runs/adapt_ax1rb3q1s1_synth_seed105_ckpt500000/metrics.jsonl

Saving checkpoint: /scratch/midway3/rickybao/dreamerv3_runs/adapt_ax1rb3q1s1_synth_seed105_ckpt500000/ckpt/20260721T045655F947748
Saved checkpoint.

--------------------[Agent Step 74_880]--------------------
Metrics filtered by: 'score|length|fps|ratio|train/loss/|train/rand/'
train/loss/con 0.02 / train/loss/distractor 0.48 / train/loss/dyn 6.53 / train/loss/policy -1.2e-3 / train/loss/position 0.07 / train/loss/rep 6.53 / train/loss/repval 1.14 / train/loss/rew 0.01 / train/loss/to_target 0.06 / train/loss/value 1.03 / train/loss/velocity 0.23 / replay/replay_ratio 1040 / fps/policy 40.15 / fps/train 4.1e4

Writing metrics: /scratch/midway3/rickybao/dreamerv3_runs/adapt_ax1rb3q1s1_synth_seed105_ckpt500000/scores.jsonlWriting metrics: /scratch/midway3/rickybao/dreamerv3_runs/adapt_ax1rb3q1s1_synth_seed105_ckpt500000/metrics.jsonl


--------------------[Agent Step 79_728]--------------------
Metrics filtered by: 'score|length|fps|ratio|train/loss/|train/rand/'
train/loss/con 0.02 / train/loss/distractor 0.48 / train/loss/dyn 6.43 / train/loss/policy -0.03 / train/loss/position 0.07 / train/loss/rep 6.43 / train/loss/repval 1.23 / train/loss/rew 0.02 / train/loss/to_target 0.06 / train/loss/value 1.03 / train/loss/velocity 0.22 / replay/replay_ratio 1040 / fps/policy 40.4 / fps/train 4.1e4

Writing metrics: /scratch/midway3/rickybao/dreamerv3_runs/adapt_ax1rb3q1s1_synth_seed105_ckpt500000/scores.jsonlWriting metrics: /scratch/midway3/rickybao/dreamerv3_runs/adapt_ax1rb3q1s1_synth_seed105_ckpt500000/metrics.jsonl


--------------------[Agent Step 84_592]--------------------
Metrics filtered by: 'score|length|fps|ratio|train/loss/|train/rand/'
episode/score 22 / episode/length 1001 / train/loss/con 0.02 / train/loss/distractor 0.48 / train/loss/dyn 6.31 / train/loss/policy -0.03 / train/loss/position 0.07 / train/loss/rep 6.31 / train/loss/repval 1.29 / train/loss/rew 0.03 / train/loss/to_target 0.06 / train/loss/value 1.08 / train/loss/velocity 0.21 / replay/replay_ratio 1040 / fps/policy 40.41 / fps/train 4.1e4

Writing metrics: /scratch/midway3/rickybao/dreamerv3_runs/adapt_ax1rb3q1s1_synth_seed105_ckpt500000/metrics.jsonlWriting metrics: /scratch/midway3/rickybao/dreamerv3_runs/adapt_ax1rb3q1s1_synth_seed105_ckpt500000/scores.jsonl


--------------------[Agent Step 89_456]--------------------
Metrics filtered by: 'score|length|fps|ratio|train/loss/|train/rand/'
train/loss/con 0.02 / train/loss/distractor 0.48 / train/loss/dyn 6.21 / train/loss/policy -0.03 / train/loss/position 0.06 / train/loss/rep 6.21 / train/loss/repval 1.22 / train/loss/rew 0.03 / train/loss/to_target 0.06 / train/loss/value 1.01 / train/loss/velocity 0.2 / replay/replay_ratio 1040 / fps/policy 40.42 / fps/train 4.1e4

Writing metrics: /scratch/midway3/rickybao/dreamerv3_runs/adapt_ax1rb3q1s1_synth_seed105_ckpt500000/scores.jsonl
Writing metrics: /scratch/midway3/rickybao/dreamerv3_runs/adapt_ax1rb3q1s1_synth_seed105_ckpt500000/metrics.jsonl

--------------------[Agent Step 94_320]--------------------
Metrics filtered by: 'score|length|fps|ratio|train/loss/|train/rand/'
train/loss/con 0.02 / train/loss/distractor 0.49 / train/loss/dyn 6.11 / train/loss/policy -0.02 / train/loss/position 0.06 / train/loss/rep 6.11 / train/loss/repval 1.32 / train/loss/rew 0.04 / train/loss/to_target 0.05 / train/loss/value 1.08 / train/loss/velocity 0.2 / replay/replay_ratio 1040 / fps/policy 40.4 / fps/train 4.1e4

Writing metrics: /scratch/midway3/rickybao/dreamerv3_runs/adapt_ax1rb3q1s1_synth_seed105_ckpt500000/scores.jsonlWriting metrics: /scratch/midway3/rickybao/dreamerv3_runs/adapt_ax1rb3q1s1_synth_seed105_ckpt500000/metrics.jsonl


--------------------[Agent Step 99_184]--------------------
Metrics filtered by: 'score|length|fps|ratio|train/loss/|train/rand/'
episode/score 53 / episode/length 1001 / train/loss/con 0.02 / train/loss/distractor 0.49 / train/loss/dyn 6.05 / train/loss/policy -0.03 / train/loss/position 0.06 / train/loss/rep 6.05 / train/loss/repval 1.35 / train/loss/rew 0.04 / train/loss/to_target 0.05 / train/loss/value 1.05 / train/loss/velocity 0.19 / replay/replay_ratio 1040 / fps/policy 40.41 / fps/train 4.1e4

Writing metrics: /scratch/midway3/rickybao/dreamerv3_runs/adapt_ax1rb3q1s1_synth_seed105_ckpt500000/metrics.jsonlWriting metrics: /scratch/midway3/rickybao/dreamerv3_runs/adapt_ax1rb3q1s1_synth_seed105_ckpt500000/scores.jsonl


--------------------[Agent Step 104_048]--------------------
Metrics filtered by: 'score|length|fps|ratio|train/loss/|train/rand/'
train/loss/con 0.02 / train/loss/distractor 0.49 / train/loss/dyn 5.99 / train/loss/policy -0.06 / train/loss/position 0.06 / train/loss/rep 5.99 / train/loss/repval 1.36 / train/loss/rew 0.05 / train/loss/to_target 0.05 / train/loss/value 0.98 / train/loss/velocity 0.18 / replay/replay_ratio 1040 / fps/policy 40.41 / fps/train 4.1e4

Writing metrics: /scratch/midway3/rickybao/dreamerv3_runs/adapt_ax1rb3q1s1_synth_seed105_ckpt500000/metrics.jsonlWriting metrics: /scratch/midway3/rickybao/dreamerv3_runs/adapt_ax1rb3q1s1_synth_seed105_ckpt500000/scores.jsonl


--------------------[Agent Step 108_896]--------------------
Metrics filtered by: 'score|length|fps|ratio|train/loss/|train/rand/'
train/loss/con 0.02 / train/loss/distractor 0.49 / train/loss/dyn 5.91 / train/loss/policy -0.12 / train/loss/position 0.06 / train/loss/rep 5.91 / train/loss/repval 1.34 / train/loss/rew 0.07 / train/loss/to_target 0.05 / train/loss/value 0.99 / train/loss/velocity 0.17 / replay/replay_ratio 1040 / fps/policy 40.35 / fps/train 4.1e4

Writing metrics: /scratch/midway3/rickybao/dreamerv3_runs/adapt_ax1rb3q1s1_synth_seed105_ckpt500000/scores.jsonl
Writing metrics: /scratch/midway3/rickybao/dreamerv3_runs/adapt_ax1rb3q1s1_synth_seed105_ckpt500000/metrics.jsonl
Saving checkpoint: /scratch/midway3/rickybao/dreamerv3_runs/adapt_ax1rb3q1s1_synth_seed105_ckpt500000/ckpt/20260721T051156F121119
Saved checkpoint.

--------------------[Agent Step 113_728]--------------------
Metrics filtered by: 'score|length|fps|ratio|train/loss/|train/rand/'
episode/score 123 / episode/length 1001 / train/loss/con 0.02 / train/loss/distractor 0.49 / train/loss/dyn 5.85 / train/loss/policy -0.05 / train/loss/position 0.05 / train/loss/rep 5.85 / train/loss/repval 1.34 / train/loss/rew 0.08 / train/loss/to_target 0.05 / train/loss/value 0.93 / train/loss/velocity 0.17 / replay/replay_ratio 1040 / fps/policy 40.16 / fps/train 4.1e4

Writing metrics: /scratch/midway3/rickybao/dreamerv3_runs/adapt_ax1rb3q1s1_synth_seed105_ckpt500000/scores.jsonlWriting metrics: /scratch/midway3/rickybao/dreamerv3_runs/adapt_ax1rb3q1s1_synth_seed105_ckpt500000/metrics.jsonl


--------------------[Agent Step 118_592]--------------------
Metrics filtered by: 'score|length|fps|ratio|train/loss/|train/rand/'
train/loss/con 0.02 / train/loss/distractor 0.49 / train/loss/dyn 5.8 / train/loss/policy -0.07 / train/loss/position 0.05 / train/loss/rep 5.8 / train/loss/repval 1.31 / train/loss/rew 0.09 / train/loss/to_target 0.05 / train/loss/value 0.92 / train/loss/velocity 0.16 / replay/replay_ratio 1040 / fps/policy 40.43 / fps/train 4.1e4

Writing metrics: /scratch/midway3/rickybao/dreamerv3_runs/adapt_ax1rb3q1s1_synth_seed105_ckpt500000/metrics.jsonlWriting metrics: /scratch/midway3/rickybao/dreamerv3_runs/adapt_ax1rb3q1s1_synth_seed105_ckpt500000/scores.jsonl


--------------------[Agent Step 123_456]--------------------
Metrics filtered by: 'score|length|fps|ratio|train/loss/|train/rand/'
train/loss/con 0.02 / train/loss/distractor 0.49 / train/loss/dyn 5.75 / train/loss/policy -0.03 / train/loss/position 0.05 / train/loss/rep 5.75 / train/loss/repval 1.34 / train/loss/rew 0.1 / train/loss/to_target 0.05 / train/loss/value 1.01 / train/loss/velocity 0.16 / replay/replay_ratio 1040 / fps/policy 40.43 / fps/train 4.1e4

Writing metrics: /scratch/midway3/rickybao/dreamerv3_runs/adapt_ax1rb3q1s1_synth_seed105_ckpt500000/scores.jsonl
Writing metrics: /scratch/midway3/rickybao/dreamerv3_runs/adapt_ax1rb3q1s1_synth_seed105_ckpt500000/metrics.jsonl
[Tue Jul 21 05:17:42 CDT 2026] adapt adapt_ax1rb3q1s1_synth_seed105_ckpt500000 rc=0 status=DONE
[Tue Jul 21 05:17:42 CDT 2026] DONE child adapt_ax1rb3q1s1_synth_seed105_ckpt500000
[Tue Jul 21 05:17:42 CDT 2026] axis1 bundle synth_phasebpp_task_20260720_220357_004 finished
