run_id,mode,domain,seed,milestone,auc50k,n_ep_50k,auc100k,n_ep_100k,auc125k,n_ep_125k,final10,qc_pass
adapt_apt_cup_seed1_ckpt100000,apt,cup,1,100000,230.0208,48,574.0208,96,627.8839,112,957.0,1
adapt_apt_cup_seed1_ckpt200000,apt,cup,1,200000,362.8125,48,651.2188,96,695.0893,112,967.3,1
adapt_apt_cup_seed1_ckpt300000,apt,cup,1,300000,141.4167,48,458.2604,96,527.3214,112,919.9,1
adapt_apt_cup_seed1_ckpt400000,apt,cup,1,400000,352.7708,48,661.2708,96,705.3125,112,966.5,1
adapt_apt_cup_seed1_ckpt500000,apt,cup,1,500000,389.1667,48,676.8229,96,717.2768,112,962.8,1
adapt_apt_cup_seed2_ckpt100000,apt,cup,2,100000,110.8125,48,509.9479,96,567.8571,112,931.7,1
adapt_apt_cup_seed2_ckpt200000,apt,cup,2,200000,118.4792,48,513.2188,96,577.0446,112,957.6,1
adapt_apt_cup_seed2_ckpt300000,apt,cup,2,300000,134.75,48,168.0,96,221.1696,112,479.1,1
adapt_apt_cup_seed2_ckpt400000,apt,cup,2,400000,749.9792,48,862.2604,96,878.3571,112,975.6,1
adapt_apt_cup_seed2_ckpt500000,apt,cup,2,500000,563.7083,48,767.0,96,796.8482,112,982.6,1
adapt_apt_cup_seed3_ckpt100000,apt,cup,3,100000,79.9375,48,158.6458,96,169.8571,112,287.0,1
adapt_apt_cup_seed3_ckpt200000,apt,cup,3,200000,499.4167,48,730.7396,96,762.6429,112,942.0,1
adapt_apt_cup_seed3_ckpt300000,apt,cup,3,300000,667.8333,48,812.625,96,831.1071,112,966.6,1
adapt_apt_cup_seed3_ckpt400000,apt,cup,3,400000,639.0833,48,806.5104,96,831.0179,112,982.2,1
adapt_apt_cup_seed3_ckpt500000,apt,cup,3,500000,119.0625,48,240.5417,96,336.2589,112,884.7,1
adapt_apt_cup_seed4_ckpt100000,apt,cup,4,100000,99.9792,48,79.6979,96,85.4196,112,96.7,1
adapt_apt_cup_seed4_ckpt200000,apt,cup,4,200000,563.0625,48,731.8646,96,756.4375,112,861.8,1
adapt_apt_cup_seed4_ckpt300000,apt,cup,4,300000,348.5,48,654.9896,96,699.6429,112,969.0,1
adapt_apt_cup_seed4_ckpt400000,apt,cup,4,400000,712.6875,48,839.3229,96,857.1071,112,960.4,1
adapt_apt_cup_seed4_ckpt500000,apt,cup,4,500000,181.3333,48,281.2812,96,352.2679,112,765.5,1
adapt_apt_cup_seed5_ckpt100000,apt,cup,5,100000,189.7292,48,554.9792,96,612.6161,112,960.8,1
adapt_apt_cup_seed5_ckpt200000,apt,cup,5,200000,81.8125,48,399.6562,96,478.9821,112,966.3,1
adapt_apt_cup_seed5_ckpt300000,apt,cup,5,300000,675.6042,48,796.9375,96,818.1429,112,949.5,1
adapt_apt_cup_seed5_ckpt400000,apt,cup,5,400000,157.0833,48,259.6354,96,300.2054,112,675.7,1
adapt_apt_cup_seed5_ckpt500000,apt,cup,5,500000,103.4792,48,252.2917,96,250.3571,112,286.1,1
adapt_apt_finger_seed1_ckpt100000,apt,finger,1,100000,70.625,48,87.5625,96,86.5714,112,43.3,1
adapt_apt_finger_seed1_ckpt200000,apt,finger,1,200000,44.7083,48,56.4375,96,63.25,112,72.1,1
adapt_apt_finger_seed1_ckpt300000,apt,finger,1,300000,126.4583,48,104.6458,96,89.6964,112,0.0,1
adapt_apt_finger_seed1_ckpt400000,apt,finger,1,400000,95.4375,48,83.4375,96,83.9196,112,6.1,1
adapt_apt_finger_seed1_ckpt500000,apt,finger,1,500000,126.7708,48,110.8958,96,117.4286,112,205.3,1
adapt_apt_finger_seed2_ckpt100000,apt,finger,2,100000,84.4167,48,74.9479,96,73.1696,112,0.0,1
adapt_apt_finger_seed2_ckpt200000,apt,finger,2,200000,43.0625,48,112.5521,96,97.9018,112,0.0,1
adapt_apt_finger_seed2_ckpt300000,apt,finger,2,300000,121.2292,48,131.4896,96,129.5089,112,188.2,1
adapt_apt_finger_seed2_ckpt400000,apt,finger,2,400000,114.2917,48,126.6667,96,121.7143,112,54.4,1
adapt_apt_finger_seed2_ckpt500000,apt,finger,2,500000,65.6042,48,43.5833,96,55.2143,112,100.0,1
adapt_apt_finger_seed3_ckpt100000,apt,finger,3,100000,62.2083,48,52.0833,96,58.7589,112,25.5,1
adapt_apt_finger_seed3_ckpt200000,apt,finger,3,200000,80.5833,48,120.4583,96,103.8839,112,3.7,1
adapt_apt_finger_seed3_ckpt300000,apt,finger,3,300000,103.5833,48,72.8229,96,62.4196,112,0.0,1
adapt_apt_finger_seed3_ckpt400000,apt,finger,3,400000,76.4375,48,62.0312,96,63.0089,112,81.1,1
adapt_apt_finger_seed3_ckpt500000,apt,finger,3,500000,133.6458,48,117.7188,96,117.5982,112,103.5,1
adapt_apt_finger_seed4_ckpt100000,apt,finger,4,100000,95.8333,48,110.7083,96,94.9464,112,0.0,1
adapt_apt_finger_seed4_ckpt200000,apt,finger,4,200000,42.1458,48,83.9792,96,80.9286,112,100.0,1
adapt_apt_finger_seed4_ckpt300000,apt,finger,4,300000,43.6667,48,54.6875,96,60.0714,112,128.7,1
adapt_apt_finger_seed4_ckpt400000,apt,finger,4,400000,40.0625,48,30.0,96,27.2054,112,15.3,1
adapt_apt_finger_seed4_ckpt500000,apt,finger,4,500000,102.0,48,64.5104,96,68.3929,112,146.7,1
adapt_apt_finger_seed5_ckpt100000,apt,finger,5,100000,137.3958,48,79.2396,96,85.6518,112,198.6,1
adapt_apt_finger_seed5_ckpt200000,apt,finger,5,200000,118.0417,48,126.5,96,116.4732,112,86.0,1
adapt_apt_finger_seed5_ckpt300000,apt,finger,5,300000,56.125,48,86.0,96,105.375,112,264.4,1
adapt_apt_finger_seed5_ckpt400000,apt,finger,5,400000,39.6875,48,69.4792,96,91.1964,112,166.2,1
adapt_apt_finger_seed5_ckpt500000,apt,finger,5,500000,102.5417,48,104.7396,96,112.0357,112,198.0,1
adapt_apt_reacher_seed1_ckpt100000,apt,reacher,1,100000,26.6667,48,224.3542,96,269.6607,112,474.4,1
adapt_apt_reacher_seed1_ckpt200000,apt,reacher,1,200000,18.8958,48,19.7708,96,33.3839,112,102.0,1
adapt_apt_reacher_seed1_ckpt300000,apt,reacher,1,300000,38.9792,48,59.2188,96,57.2321,112,13.1,1
adapt_apt_reacher_seed1_ckpt400000,apt,reacher,1,400000,29.0,48,46.0417,96,54.1875,112,117.1,1
adapt_apt_reacher_seed1_ckpt500000,apt,reacher,1,500000,27.3542,48,48.7188,96,48.1875,112,66.4,1
adapt_apt_reacher_seed2_ckpt100000,apt,reacher,2,100000,20.9375,48,27.3021,96,56.3214,112,288.3,1
adapt_apt_reacher_seed2_ckpt200000,apt,reacher,2,200000,27.4792,48,115.3438,96,141.2679,112,277.4,1
adapt_apt_reacher_seed2_ckpt300000,apt,reacher,2,300000,20.4375,48,43.2708,96,55.5804,112,94.9,1
adapt_apt_reacher_seed2_ckpt400000,apt,reacher,2,400000,44.4167,48,101.5,96,124.4911,112,311.8,1
adapt_apt_reacher_seed2_ckpt500000,apt,reacher,2,500000,20.5625,48,36.4479,96,48.6696,112,139.4,1
adapt_apt_reacher_seed3_ckpt100000,apt,reacher,3,100000,36.0417,48,75.0104,96,105.6875,112,272.0,1
adapt_apt_reacher_seed3_ckpt200000,apt,reacher,3,200000,51.5208,48,176.5833,96,183.9554,112,173.9,1
adapt_apt_reacher_seed3_ckpt300000,apt,reacher,3,300000,11.6042,48,77.8646,96,81.0982,112,68.9,1
adapt_apt_reacher_seed3_ckpt400000,apt,reacher,3,400000,103.5833,48,236.3958,96,231.0268,112,250.6,1
adapt_apt_reacher_seed3_ckpt500000,apt,reacher,3,500000,13.2708,48,46.6771,96,70.4196,112,188.5,1
adapt_apt_reacher_seed4_ckpt100000,apt,reacher,4,100000,48.8333,48,102.2292,96,118.9375,112,204.1,1
adapt_apt_reacher_seed4_ckpt200000,apt,reacher,4,200000,65.9375,48,201.2292,96,234.4196,112,525.4,1
adapt_apt_reacher_seed4_ckpt300000,apt,reacher,4,300000,26.0208,48,34.3438,96,37.5625,112,68.7,1
adapt_apt_reacher_seed4_ckpt400000,apt,reacher,4,400000,98.2917,48,206.9479,96,226.9018,112,514.0,1
adapt_apt_reacher_seed4_ckpt500000,apt,reacher,4,500000,18.5833,48,112.4688,96,115.4554,112,109.9,1
adapt_apt_reacher_seed5_ckpt100000,apt,reacher,5,100000,18.0208,48,35.7604,96,56.3393,112,239.7,1
adapt_apt_reacher_seed5_ckpt200000,apt,reacher,5,200000,27.9583,48,118.125,96,186.0804,112,645.8,1
adapt_apt_reacher_seed5_ckpt300000,apt,reacher,5,300000,34.9792,48,60.2188,96,93.3482,112,294.9,1
adapt_apt_reacher_seed5_ckpt400000,apt,reacher,5,400000,42.7708,48,169.9375,96,220.8839,112,508.9,1
adapt_apt_reacher_seed5_ckpt500000,apt,reacher,5,500000,14.3958,48,76.9375,96,108.6875,112,292.0,1
adapt_apt_walker_seed1_ckpt100000,apt,walker,1,100000,68.7285,48,80.2881,96,82.0723,112,83.5637,1
adapt_apt_walker_seed1_ckpt200000,apt,walker,1,200000,138.7448,48,125.8028,96,128.4347,112,145.387,1
adapt_apt_walker_seed1_ckpt300000,apt,walker,1,300000,149.879,48,149.3229,96,148.3383,112,146.7522,1
adapt_apt_walker_seed1_ckpt400000,apt,walker,1,400000,147.7613,48,256.752,96,282.6738,112,441.335,1
adapt_apt_walker_seed1_ckpt500000,apt,walker,1,500000,172.5356,48,317.2988,96,343.1509,112,498.505,1
adapt_apt_walker_seed2_ckpt100000,apt,walker,2,100000,81.8859,48,78.2629,96,78.195,112,72.1933,1
adapt_apt_walker_seed2_ckpt200000,apt,walker,2,200000,66.9537,48,81.7844,96,81.8353,112,78.0444,1
adapt_apt_walker_seed2_ckpt300000,apt,walker,2,300000,145.343,48,160.2644,96,157.1474,112,141.8457,1
adapt_apt_walker_seed2_ckpt400000,apt,walker,2,400000,141.4831,48,220.4971,96,247.838,112,420.8413,1
adapt_apt_walker_seed2_ckpt500000,apt,walker,2,500000,328.5234,48,467.6054,96,492.7369,112,644.6656,1
adapt_apt_walker_seed3_ckpt100000,apt,walker,3,100000,70.3217,48,74.7067,96,74.8216,112,91.037,1
adapt_apt_walker_seed3_ckpt200000,apt,walker,3,200000,130.7179,48,144.6872,96,144.663,112,136.3371,1
adapt_apt_walker_seed3_ckpt300000,apt,walker,3,300000,128.0496,48,148.8711,96,150.744,112,139.634,1
adapt_apt_walker_seed3_ckpt400000,apt,walker,3,400000,200.887,48,323.1883,96,355.8631,112,565.9383,1
adapt_apt_walker_seed3_ckpt500000,apt,walker,3,500000,244.4586,48,330.6898,96,344.3709,112,440.1296,1
adapt_apt_walker_seed4_ckpt100000,apt,walker,4,100000,92.0397,48,96.5047,96,95.4464,112,97.5808,1
adapt_apt_walker_seed4_ckpt200000,apt,walker,4,200000,115.4209,48,120.0266,96,119.7559,112,104.691,1
adapt_apt_walker_seed4_ckpt300000,apt,walker,4,300000,143.4254,48,119.2455,96,114.8771,112,101.6282,1
adapt_apt_walker_seed4_ckpt400000,apt,walker,4,400000,152.5604,48,227.8573,96,242.2598,112,322.4689,1
adapt_apt_walker_seed4_ckpt500000,apt,walker,4,500000,153.5125,48,231.7745,96,260.0623,112,449.513,1
adapt_apt_walker_seed5_ckpt100000,apt,walker,5,100000,83.702,48,87.6522,96,92.4929,112,121.4516,1
adapt_apt_walker_seed5_ckpt200000,apt,walker,5,200000,67.6104,48,71.444,96,72.5421,112,80.111,1
adapt_apt_walker_seed5_ckpt300000,apt,walker,5,300000,180.101,48,243.0203,96,256.5932,112,340.4998,1
adapt_apt_walker_seed5_ckpt400000,apt,walker,5,400000,208.6143,48,260.2326,96,269.1594,112,307.8253,1
adapt_apt_walker_seed5_ckpt500000,apt,walker,5,500000,220.4041,48,315.7256,96,334.8388,112,446.7136,1
adapt_ax1fq1s0_cup_seed10_ckpt500000,ax1fq1s0,cup,10,500000,271.4583,48,601.8229,96,653.2411,112,960.9,1
adapt_ax1fq1s0_cup_seed11_ckpt500000,ax1fq1s0,cup,11,500000,164.5208,48,538.0625,96,594.4018,112,929.4,1
adapt_ax1fq1s0_cup_seed12_ckpt500000,ax1fq1s0,cup,12,500000,74.5417,48,483.2917,96,543.2946,112,962.6,1
adapt_ax1fq1s0_cup_seed13_ckpt500000,ax1fq1s0,cup,13,500000,726.3125,48,842.1458,96,858.3214,112,955.2,1
adapt_ax1fq1s0_cup_seed14_ckpt500000,ax1fq1s0,cup,14,500000,309.7292,48,615.6458,96,655.5625,112,855.3,1
adapt_ax1fq1s0_cup_seed15_ckpt500000,ax1fq1s0,cup,15,500000,370.2083,48,663.7708,96,706.2321,112,966.6,1
adapt_ax1fq1s0_cup_seed16_ckpt500000,ax1fq1s0,cup,16,500000,155.5833,48,554.625,96,611.8482,112,955.5,1
adapt_ax1fq1s0_cup_seed1_ckpt500000,ax1fq1s0,cup,1,500000,273.5417,48,608.7083,96,658.4554,112,951.4,1
adapt_ax1fq1s0_cup_seed2_ckpt500000,ax1fq1s0,cup,2,500000,205.0417,48,195.3854,96,185.0714,112,98.8,1
adapt_ax1fq1s0_cup_seed3_ckpt500000,ax1fq1s0,cup,3,500000,119.6042,48,181.5729,96,173.1518,112,0.0,1
adapt_ax1fq1s0_cup_seed4_ckpt500000,ax1fq1s0,cup,4,500000,72.25,48,138.9896,96,119.1339,112,0.0,1
adapt_ax1fq1s0_cup_seed5_ckpt500000,ax1fq1s0,cup,5,500000,389.25,48,636.1562,96,679.8929,112,945.9,1
adapt_ax1fq1s0_cup_seed6_ckpt500000,ax1fq1s0,cup,6,500000,438.9167,48,619.9375,96,665.9821,112,936.3,1
adapt_ax1fq1s0_cup_seed7_ckpt500000,ax1fq1s0,cup,7,500000,522.3333,48,687.0312,96,725.0268,112,944.7,1
adapt_ax1fq1s0_cup_seed8_ckpt500000,ax1fq1s0,cup,8,500000,508.875,48,718.875,96,752.0357,112,953.5,1
adapt_ax1fq1s0_cup_seed9_ckpt500000,ax1fq1s0,cup,9,500000,19.0625,48,393.3646,96,472.8929,112,946.6,1
adapt_ax1fq1s0_finger_seed10_ckpt500000,ax1fq1s0,finger,10,500000,89.6667,48,111.6562,96,104.6786,112,0.5,1
adapt_ax1fq1s0_finger_seed11_ckpt500000,ax1fq1s0,finger,11,500000,66.0417,48,66.6146,96,78.0982,112,154.5,1
adapt_ax1fq1s0_finger_seed12_ckpt500000,ax1fq1s0,finger,12,500000,52.875,48,94.9375,96,83.1786,112,19.6,1
adapt_ax1fq1s0_finger_seed13_ckpt500000,ax1fq1s0,finger,13,500000,89.2292,48,98.3958,96,88.9464,112,1.4,1
adapt_ax1fq1s0_finger_seed14_ckpt500000,ax1fq1s0,finger,14,500000,74.5208,48,84.9792,96,79.0089,112,16.5,1
adapt_ax1fq1s0_finger_seed15_ckpt500000,ax1fq1s0,finger,15,500000,60.75,48,82.5312,96,70.7589,112,0.2,1
adapt_ax1fq1s0_finger_seed16_ckpt500000,ax1fq1s0,finger,16,500000,108.2292,48,84.8438,96,83.625,112,70.2,1
adapt_ax1fq1s0_finger_seed1_ckpt500000,ax1fq1s0,finger,1,500000,81.375,48,54.4271,96,62.5179,112,96.2,1
adapt_ax1fq1s0_finger_seed2_ckpt500000,ax1fq1s0,finger,2,500000,90.9375,48,104.1667,96,98.3036,112,1.0,1
adapt_ax1fq1s0_finger_seed3_ckpt500000,ax1fq1s0,finger,3,500000,39.9375,48,70.1146,96,63.875,112,14.0,1
adapt_ax1fq1s0_finger_seed4_ckpt500000,ax1fq1s0,finger,4,500000,67.3333,48,106.5104,96,101.1786,112,88.4,1
adapt_ax1fq1s0_finger_seed5_ckpt500000,ax1fq1s0,finger,5,500000,58.3958,48,83.3125,96,105.9464,112,286.4,1
adapt_ax1fq1s0_finger_seed6_ckpt500000,ax1fq1s0,finger,6,500000,69.8542,48,95.7292,96,86.0179,112,24.8,1
adapt_ax1fq1s0_finger_seed7_ckpt500000,ax1fq1s0,finger,7,500000,65.1875,48,57.5521,96,58.1964,112,98.5,1
adapt_ax1fq1s0_finger_seed8_ckpt500000,ax1fq1s0,finger,8,500000,47.5417,48,59.0938,96,51.8839,112,6.3,1
adapt_ax1fq1s0_finger_seed9_ckpt500000,ax1fq1s0,finger,9,500000,48.5,48,75.6042,96,64.8036,112,0.0,1
adapt_ax1fq1s0_synth_seed1_ckpt500000,ax1fq1s0,synth,1,500000,23.9167,48,27.0417,96,27.6071,112,15.1,1
adapt_ax1fq1s0_synth_seed2_ckpt500000,ax1fq1s0,synth,2,500000,15.3958,48,90.2083,96,107.5893,112,211.7,1
adapt_ax1fq1s0_synth_seed3_ckpt500000,ax1fq1s0,synth,3,500000,27.2708,48,27.9479,96,32.3393,112,50.8,1
adapt_ax1fq1s0_synth_seed4_ckpt500000,ax1fq1s0,synth,4,500000,4.25,48,12.9271,96,13.8571,112,20.9,1
adapt_ax1fq1s0_synth_seed5_ckpt500000,ax1fq1s0,synth,5,500000,0.7292,48,0.5625,96,0.8661,112,3.3,1
adapt_ax1fq1s0_synth_seed6_ckpt500000,ax1fq1s0,synth,6,500000,30.4583,48,33.4062,96,35.1786,112,46.4,1
adapt_ax1fq1s0_synth_seed7_ckpt500000,ax1fq1s0,synth,7,500000,25.2292,48,27.8438,96,44.6607,112,143.0,1
adapt_ax1fq1s0_synth_seed8_ckpt500000,ax1fq1s0,synth,8,500000,17.0417,48,27.2083,96,26.3125,112,23.3,1
adapt_ax1fq1s1_cup_seed10_ckpt500000,ax1fq1s1,cup,10,500000,568.5208,48,764.7188,96,788.0446,112,904.7,1
adapt_ax1fq1s1_cup_seed11_ckpt500000,ax1fq1s1,cup,11,500000,114.1458,48,478.875,96,547.3661,112,965.2,1
adapt_ax1fq1s1_cup_seed12_ckpt500000,ax1fq1s1,cup,12,500000,28.3542,48,34.4688,96,72.4107,112,338.8,1
adapt_ax1fq1s1_cup_seed13_ckpt500000,ax1fq1s1,cup,13,500000,466.0833,48,698.9688,96,733.0089,112,959.0,1
adapt_ax1fq1s1_cup_seed14_ckpt500000,ax1fq1s1,cup,14,500000,482.8125,48,720.9167,96,754.1607,112,954.9,1
adapt_ax1fq1s1_cup_seed15_ckpt500000,ax1fq1s1,cup,15,500000,503.7917,48,710.2292,96,727.5804,112,781.2,1
adapt_ax1fq1s1_cup_seed16_ckpt500000,ax1fq1s1,cup,16,500000,478.1458,48,711.9167,96,744.0982,112,925.1,1
adapt_ax1fq1s1_cup_seed1_ckpt500000,ax1fq1s1,cup,1,500000,412.2708,48,669.1875,96,705.7054,112,934.7,1
adapt_ax1fq1s1_cup_seed2_ckpt500000,ax1fq1s1,cup,2,500000,261.1875,48,415.9896,96,492.875,112,955.5,1
adapt_ax1fq1s1_cup_seed3_ckpt500000,ax1fq1s1,cup,3,500000,691.2083,48,773.3438,96,798.4911,112,948.8,1
adapt_ax1fq1s1_cup_seed4_ckpt500000,ax1fq1s1,cup,4,500000,229.8333,48,580.2292,96,632.375,112,950.2,1
adapt_ax1fq1s1_cup_seed5_ckpt500000,ax1fq1s1,cup,5,500000,527.7917,48,730.5,96,763.1964,112,963.8,1
adapt_ax1fq1s1_cup_seed6_ckpt500000,ax1fq1s1,cup,6,500000,343.375,48,632.3646,96,674.4643,112,934.5,1
adapt_ax1fq1s1_cup_seed7_ckpt500000,ax1fq1s1,cup,7,500000,573.6667,48,754.125,96,772.1964,112,849.9,1
adapt_ax1fq1s1_cup_seed8_ckpt500000,ax1fq1s1,cup,8,500000,180.0833,48,439.2188,96,504.3571,112,870.4,1
adapt_ax1fq1s1_cup_seed9_ckpt500000,ax1fq1s1,cup,9,500000,741.125,48,854.3125,96,868.5446,112,951.1,1
adapt_ax1fq1s1_finger_seed10_ckpt500000,ax1fq1s1,finger,10,500000,92.875,48,73.0208,96,62.6429,112,0.4,1
adapt_ax1fq1s1_finger_seed11_ckpt500000,ax1fq1s1,finger,11,500000,103.0625,48,79.875,96,69.9732,112,16.4,1
adapt_ax1fq1s1_finger_seed12_ckpt500000,ax1fq1s1,finger,12,500000,129.5208,48,100.8438,96,120.9018,112,195.2,1
adapt_ax1fq1s1_finger_seed13_ckpt500000,ax1fq1s1,finger,13,500000,83.1458,48,94.1042,96,80.9018,112,1.0,1
adapt_ax1fq1s1_finger_seed14_ckpt500000,ax1fq1s1,finger,14,500000,62.5625,48,52.4167,96,56.8929,112,100.8,1
adapt_ax1fq1s1_finger_seed15_ckpt500000,ax1fq1s1,finger,15,500000,83.5833,48,68.2917,96,67.8125,112,3.9,1
adapt_ax1fq1s1_finger_seed16_ckpt500000,ax1fq1s1,finger,16,500000,138.1875,48,69.1354,96,77.1161,112,100.0,1
adapt_ax1fq1s1_finger_seed1_ckpt500000,ax1fq1s1,finger,1,500000,101.2917,48,84.3542,96,76.8661,112,51.0,1
adapt_ax1fq1s1_finger_seed2_ckpt500000,ax1fq1s1,finger,2,500000,62.2292,48,114.2188,96,125.4732,112,308.8,1
adapt_ax1fq1s1_finger_seed3_ckpt500000,ax1fq1s1,finger,3,500000,81.1042,48,74.0417,96,72.3036,112,99.0,1
adapt_ax1fq1s1_finger_seed4_ckpt500000,ax1fq1s1,finger,4,500000,83.5417,48,63.6562,96,63.4643,112,99.7,1
adapt_ax1fq1s1_finger_seed5_ckpt500000,ax1fq1s1,finger,5,500000,59.6042,48,65.0729,96,73.8571,112,191.8,1
adapt_ax1fq1s1_finger_seed6_ckpt500000,ax1fq1s1,finger,6,500000,60.5,48,47.5312,96,44.6429,112,11.2,1
adapt_ax1fq1s1_finger_seed7_ckpt500000,ax1fq1s1,finger,7,500000,52.1042,48,98.5729,96,84.6607,112,1.9,1
adapt_ax1fq1s1_finger_seed8_ckpt500000,ax1fq1s1,finger,8,500000,98.1667,48,99.8021,96,94.9375,112,105.2,1
adapt_ax1fq1s1_finger_seed9_ckpt500000,ax1fq1s1,finger,9,500000,105.6458,48,86.2292,96,85.8125,112,69.5,1
adapt_ax1fq1s1_synth_seed1_ckpt500000,ax1fq1s1,synth,1,500000,16.1458,48,44.6354,96,54.9196,112,107.7,1
adapt_ax1fq1s1_synth_seed2_ckpt500000,ax1fq1s1,synth,2,500000,11.7917,48,14.1458,96,12.3571,112,2.6,1
adapt_ax1fq1s1_synth_seed3_ckpt500000,ax1fq1s1,synth,3,500000,17.1458,48,60.7292,96,67.6518,112,105.3,1
adapt_ax1fq1s1_synth_seed4_ckpt500000,ax1fq1s1,synth,4,500000,1.1042,48,0.9271,96,0.9286,112,1.2,1
adapt_ax1fq1s1_synth_seed5_ckpt500000,ax1fq1s1,synth,5,500000,9.2708,48,15.4583,96,15.9821,112,27.4,1
adapt_ax1fq1s1_synth_seed6_ckpt500000,ax1fq1s1,synth,6,500000,60.3542,48,92.1354,96,104.5089,112,179.2,1
adapt_ax1fq1s1_synth_seed7_ckpt500000,ax1fq1s1,synth,7,500000,64.3333,48,117.125,96,126.4732,112,178.3,1
adapt_ax1fq1s1_synth_seed8_ckpt500000,ax1fq1s1,synth,8,500000,3.9583,48,3.1354,96,14.0,112,82.6,1
adapt_ax1fq2s0_cup_seed1_ckpt500000,ax1fq2s0,cup,1,500000,488.75,48,722.1042,96,755.3393,112,952.6,1
adapt_ax1fq2s0_cup_seed2_ckpt500000,ax1fq2s0,cup,2,500000,178.1458,48,279.3021,96,290.9286,112,289.1,1
adapt_ax1fq2s0_cup_seed3_ckpt500000,ax1fq2s0,cup,3,500000,277.875,48,615.0521,96,661.8661,112,949.8,1
adapt_ax1fq2s0_cup_seed4_ckpt500000,ax1fq2s0,cup,4,500000,262.4375,48,608.7917,96,659.1339,112,969.7,1
adapt_ax1fq2s0_cup_seed5_ckpt500000,ax1fq2s0,cup,5,500000,122.1458,48,171.4792,96,237.0893,112,644.1,1
adapt_ax1fq2s0_cup_seed6_ckpt500000,ax1fq2s0,cup,6,500000,82.4792,48,409.1354,96,485.3661,112,940.0,1
adapt_ax1fq2s0_cup_seed7_ckpt500000,ax1fq2s0,cup,7,500000,290.8958,48,622.2917,96,669.75,112,957.9,1
adapt_ax1fq2s0_cup_seed8_ckpt500000,ax1fq2s0,cup,8,500000,500.5208,48,730.3125,96,761.6071,112,940.3,1
adapt_ax1fq2s0_finger_seed1_ckpt500000,ax1fq2s0,finger,1,500000,95.0417,48,68.4583,96,61.3304,112,27.6,1
adapt_ax1fq2s0_finger_seed2_ckpt500000,ax1fq2s0,finger,2,500000,67.2708,48,72.0625,96,74.1429,112,38.8,1
adapt_ax1fq2s0_finger_seed3_ckpt500000,ax1fq2s0,finger,3,500000,76.8333,48,59.5104,96,57.1964,112,56.9,1
adapt_ax1fq2s0_finger_seed4_ckpt500000,ax1fq2s0,finger,4,500000,109.6667,48,78.6979,96,76.2768,112,0.9,1
adapt_ax1fq2s0_finger_seed5_ckpt500000,ax1fq2s0,finger,5,500000,51.375,48,42.4792,96,45.1071,112,0.0,1
adapt_ax1fq2s0_finger_seed6_ckpt500000,ax1fq2s0,finger,6,500000,40.2917,48,63.0625,96,62.2946,112,25.1,1
adapt_ax1fq2s0_finger_seed7_ckpt500000,ax1fq2s0,finger,7,500000,52.7708,48,52.3542,96,53.5982,112,97.7,1
adapt_ax1fq2s0_finger_seed8_ckpt500000,ax1fq2s0,finger,8,500000,74.0625,48,94.5625,96,81.7946,112,5.4,1
adapt_ax1fq2s1_cup_seed1_ckpt500000,ax1fq2s1,cup,1,500000,77.9375,48,116.8021,96,133.5893,112,374.9,1
adapt_ax1fq2s1_cup_seed2_ckpt500000,ax1fq2s1,cup,2,500000,734.6458,48,813.3646,96,829.0446,112,900.3,1
adapt_ax1fq2s1_cup_seed3_ckpt500000,ax1fq2s1,cup,3,500000,79.0833,48,462.4688,96,528.375,112,941.1,1
adapt_ax1fq2s1_cup_seed4_ckpt500000,ax1fq2s1,cup,4,500000,116.7083,48,466.3854,96,514.4464,112,850.4,1
adapt_ax1fq2s1_cup_seed5_ckpt500000,ax1fq2s1,cup,5,500000,524.4375,48,683.8125,96,720.9911,112,931.6,1
adapt_ax1fq2s1_cup_seed6_ckpt500000,ax1fq2s1,cup,6,500000,107.875,48,183.7604,96,166.0982,112,96.2,1
adapt_ax1fq2s1_cup_seed7_ckpt500000,ax1fq2s1,cup,7,500000,491.5208,48,716.0625,96,745.9464,112,933.4,1
adapt_ax1fq2s1_cup_seed8_ckpt500000,ax1fq2s1,cup,8,500000,39.375,48,153.9479,96,240.4821,112,720.1,1
adapt_ax1fq2s1_finger_seed1_ckpt500000,ax1fq2s1,finger,1,500000,61.75,48,70.0,96,72.6161,112,115.7,1
adapt_ax1fq2s1_finger_seed2_ckpt500000,ax1fq2s1,finger,2,500000,58.3542,48,53.3333,96,51.0625,112,57.1,1
adapt_ax1fq2s1_finger_seed3_ckpt500000,ax1fq2s1,finger,3,500000,53.3958,48,87.1146,96,86.4554,112,60.8,1
adapt_ax1fq2s1_finger_seed4_ckpt500000,ax1fq2s1,finger,4,500000,62.3125,48,83.9896,96,83.8929,112,25.1,1
adapt_ax1fq2s1_finger_seed5_ckpt500000,ax1fq2s1,finger,5,500000,167.4792,48,113.8854,96,132.8661,112,196.8,1
adapt_ax1fq2s1_finger_seed6_ckpt500000,ax1fq2s1,finger,6,500000,85.1667,48,108.2812,96,103.5804,112,120.6,1
adapt_ax1fq2s1_finger_seed7_ckpt500000,ax1fq2s1,finger,7,500000,47.7292,48,90.8646,96,86.5446,112,11.1,1
adapt_ax1fq2s1_finger_seed8_ckpt500000,ax1fq2s1,finger,8,500000,73.4375,48,66.4792,96,61.1964,112,1.9,1
adapt_ax1fv2q1v200s1_finger_seed1_ckpt500000,ax1fv2q1v200s1,finger,1,500000,57.0833,48,52.1667,96,45.4821,112,8.6,1
adapt_ax1fv2q1v200s1_finger_seed2_ckpt500000,ax1fv2q1v200s1,finger,2,500000,58.5417,48,51.8125,96,53.2411,112,98.9,1
adapt_ax1fv2q1v200s1_finger_seed3_ckpt500000,ax1fv2q1v200s1,finger,3,500000,63.125,48,73.5104,96,63.4643,112,5.1,1
adapt_ax1fv2q1v200s1_finger_seed4_ckpt500000,ax1fv2q1v200s1,finger,4,500000,108.9583,48,70.8542,96,68.1786,112,52.6,1
adapt_ax1fv2q1v200s1_finger_seed5_ckpt500000,ax1fv2q1v200s1,finger,5,500000,150.25,48,96.3854,96,82.6786,112,0.7,1
adapt_ax1fv2q1v200s1_finger_seed6_ckpt500000,ax1fv2q1v200s1,finger,6,500000,65.3958,48,41.9375,96,53.0446,112,112.1,1
adapt_ax1fv4q1v400s0_finger_seed1_ckpt500000,ax1fv4q1v400s0,finger,1,500000,97.25,48,59.375,96,50.9375,112,0.5,1
adapt_ax1fv4q1v400s0_finger_seed2_ckpt500000,ax1fv4q1v400s0,finger,2,500000,60.125,48,43.5,96,55.6429,112,105.6,1
adapt_ax1fv4q1v400s0_finger_seed3_ckpt500000,ax1fv4q1v400s0,finger,3,500000,158.8333,48,116.6979,96,107.8929,112,38.9,1
adapt_ax1fv4q1v400s0_finger_seed4_ckpt500000,ax1fv4q1v400s0,finger,4,500000,75.1458,48,64.875,96,64.8571,112,103.6,1
adapt_ax1fv4q1v400s0_finger_seed5_ckpt500000,ax1fv4q1v400s0,finger,5,500000,118.1458,48,90.4479,96,86.4554,112,100.0,1
adapt_ax1fv4q1v400s0_finger_seed6_ckpt500000,ax1fv4q1v400s0,finger,6,500000,115.0833,48,113.1146,96,136.9196,112,278.0,1
adapt_ax1fv4q1v400s1_finger_seed1_ckpt500000,ax1fv4q1v400s1,finger,1,500000,66.7708,48,71.4479,96,94.0179,112,267.1,1
adapt_ax1fv4q1v400s1_finger_seed2_ckpt500000,ax1fv4q1v400s1,finger,2,500000,152.7917,48,111.0312,96,114.0804,112,97.4,1
adapt_ax1fv4q1v400s1_finger_seed3_ckpt500000,ax1fv4q1v400s1,finger,3,500000,62.8125,48,90.7604,96,90.4018,112,89.6,1
adapt_ax1fv4q1v400s1_finger_seed4_ckpt500000,ax1fv4q1v400s1,finger,4,500000,56.8958,48,62.7917,96,61.0179,112,80.5,1
adapt_ax1fv4q1v400s1_finger_seed5_ckpt500000,ax1fv4q1v400s1,finger,5,500000,66.6458,48,85.0833,96,81.9107,112,100.0,1
adapt_ax1fv4q1v400s1_finger_seed6_ckpt500000,ax1fv4q1v400s1,finger,6,500000,88.125,48,96.5833,96,100.3214,112,97.1,1
adapt_ax1fw0s0_finger_seed1_ckpt500000,ax1fw0s0,finger,1,500000,86.5625,48,105.8438,96,109.9732,112,114.1,1
adapt_ax1fw0s0_finger_seed2_ckpt500000,ax1fw0s0,finger,2,500000,105.4167,48,81.125,96,78.7143,112,97.5,1
adapt_ax1fw0s1_finger_seed1_ckpt500000,ax1fw0s1,finger,1,500000,99.8958,48,105.25,96,98.4732,112,89.8,1
adapt_ax1fw0s1_finger_seed2_ckpt500000,ax1fw0s1,finger,2,500000,119.2292,48,130.5312,96,123.2857,112,94.2,1
adapt_ax1fw10s0_cup_seed1_ckpt500000,ax1fw10s0,cup,1,500000,58.5833,48,101.4062,96,95.7768,112,99.2,1
adapt_ax1fw10s0_cup_seed2_ckpt500000,ax1fw10s0,cup,2,500000,20.5208,48,71.5521,96,87.625,112,197.6,1
adapt_ax1fw10s0_finger_seed1_ckpt500000,ax1fw10s0,finger,1,500000,83.4167,48,83.9896,96,89.875,112,200.3,1
adapt_ax1fw10s0_finger_seed2_ckpt500000,ax1fw10s0,finger,2,500000,124.4375,48,123.9479,96,114.0625,112,83.6,1
adapt_ax1fw10s1_cup_seed1_ckpt500000,ax1fw10s1,cup,1,500000,60.5833,48,122.4688,96,122.5804,112,197.2,1
adapt_ax1fw10s1_cup_seed2_ckpt500000,ax1fw10s1,cup,2,500000,164.75,48,154.1354,96,132.2411,112,1.4,1
adapt_ax1fw10s1_finger_seed1_ckpt500000,ax1fw10s1,finger,1,500000,68.3125,48,53.9479,96,63.2589,112,138.1,1
adapt_ax1fw10s1_finger_seed2_ckpt500000,ax1fw10s1,finger,2,500000,140.1667,48,112.9896,96,124.3482,112,77.2,1
adapt_ax1fw11s0_cup_seed1_ckpt500000,ax1fw11s0,cup,1,500000,202.4167,48,162.8333,96,166.0804,112,296.9,1
adapt_ax1fw11s0_cup_seed2_ckpt500000,ax1fw11s0,cup,2,500000,263.6875,48,193.6667,96,183.5893,112,99.8,1
adapt_ax1fw11s0_finger_seed1_ckpt500000,ax1fw11s0,finger,1,500000,117.2708,48,85.3646,96,83.5179,112,103.2,1
adapt_ax1fw11s0_finger_seed2_ckpt500000,ax1fw11s0,finger,2,500000,139.875,48,106.8333,96,101.5,112,6.2,1
adapt_ax1fw11s1_cup_seed1_ckpt500000,ax1fw11s1,cup,1,500000,234.125,48,240.9062,96,241.0625,112,290.4,1
adapt_ax1fw11s1_cup_seed2_ckpt500000,ax1fw11s1,cup,2,500000,102.0833,48,76.2188,96,67.0893,112,18.1,1
adapt_ax1fw11s1_finger_seed1_ckpt500000,ax1fw11s1,finger,1,500000,123.8125,48,103.875,96,98.0179,112,100.0,1
adapt_ax1fw11s1_finger_seed2_ckpt500000,ax1fw11s1,finger,2,500000,153.8125,48,118.8125,96,101.8661,112,0.3,1
adapt_ax1fw12s0_cup_seed1_ckpt500000,ax1fw12s0,cup,1,500000,122.4792,48,132.9896,96,131.5714,112,98.3,1
adapt_ax1fw12s0_cup_seed2_ckpt500000,ax1fw12s0,cup,2,500000,141.8333,48,112.2083,96,122.6607,112,197.1,1
adapt_ax1fw12s0_finger_seed1_ckpt500000,ax1fw12s0,finger,1,500000,78.625,48,80.6771,96,78.0804,112,0.0,1
adapt_ax1fw12s0_finger_seed2_ckpt500000,ax1fw12s0,finger,2,500000,83.3542,48,90.9583,96,93.4911,112,101.1,1
adapt_ax1fw12s1_cup_seed1_ckpt500000,ax1fw12s1,cup,1,500000,21.3333,48,61.9375,96,61.9196,112,98.9,1
adapt_ax1fw12s1_cup_seed2_ckpt500000,ax1fw12s1,cup,2,500000,264.7292,48,325.0104,96,305.2679,112,136.6,1
adapt_ax1fw12s1_finger_seed1_ckpt500000,ax1fw12s1,finger,1,500000,119.9792,48,116.9062,96,109.5179,112,104.3,1
adapt_ax1fw12s1_finger_seed2_ckpt500000,ax1fw12s1,finger,2,500000,60.4167,48,81.3333,96,77.6429,112,88.8,1
adapt_ax1fw13s0_cup_seed1_ckpt500000,ax1fw13s0,cup,1,500000,181.8958,48,235.0208,96,236.625,112,295.4,1
adapt_ax1fw13s0_cup_seed2_ckpt500000,ax1fw13s0,cup,2,500000,18.7292,48,60.9167,96,69.9732,112,99.6,1
adapt_ax1fw13s0_finger_seed1_ckpt500000,ax1fw13s0,finger,1,500000,63.0625,48,62.9688,96,57.9732,112,7.9,1
adapt_ax1fw13s0_finger_seed2_ckpt500000,ax1fw13s0,finger,2,500000,68.7292,48,89.0625,96,80.3482,112,36.9,1
adapt_ax1fw13s1_cup_seed1_ckpt500000,ax1fw13s1,cup,1,500000,204.9375,48,143.9688,96,141.2321,112,199.7,1
adapt_ax1fw13s1_cup_seed2_ckpt500000,ax1fw13s1,cup,2,500000,217.8333,48,140.0625,96,187.3304,112,567.3,1
adapt_ax1fw13s1_finger_seed1_ckpt500000,ax1fw13s1,finger,1,500000,154.0,48,79.7604,96,84.0089,112,30.2,1
adapt_ax1fw13s1_finger_seed2_ckpt500000,ax1fw13s1,finger,2,500000,60.0417,48,86.2292,96,78.3482,112,13.2,1
adapt_ax1fw14s0_cup_seed1_ckpt500000,ax1fw14s0,cup,1,500000,166.3125,48,165.8333,96,193.5446,112,353.1,1
adapt_ax1fw14s0_cup_seed2_ckpt500000,ax1fw14s0,cup,2,500000,48.1042,48,54.7292,96,55.8304,112,99.9,1
adapt_ax1fw14s0_finger_seed1_ckpt500000,ax1fw14s0,finger,1,500000,70.0417,48,48.0729,96,43.1518,112,15.3,1
adapt_ax1fw14s0_finger_seed2_ckpt500000,ax1fw14s0,finger,2,500000,62.1458,48,87.1562,96,83.6339,112,100.0,1
adapt_ax1fw14s1_cup_seed1_ckpt500000,ax1fw14s1,cup,1,500000,117.375,48,134.6146,96,141.5714,112,98.2,1
adapt_ax1fw14s1_cup_seed2_ckpt500000,ax1fw14s1,cup,2,500000,18.8542,48,61.2396,96,64.7589,112,137.4,1
adapt_ax1fw14s1_finger_seed1_ckpt500000,ax1fw14s1,finger,1,500000,27.0,48,86.5417,96,83.2321,112,101.4,1
adapt_ax1fw14s1_finger_seed2_ckpt500000,ax1fw14s1,finger,2,500000,114.9167,48,111.1562,96,104.5357,112,7.2,1
adapt_ax1fw1s0_finger_seed1_ckpt500000,ax1fw1s0,finger,1,500000,43.8958,48,63.3021,96,54.2589,112,0.0,1
adapt_ax1fw1s0_finger_seed2_ckpt500000,ax1fw1s0,finger,2,500000,60.7083,48,56.7917,96,59.7857,112,124.4,1
adapt_ax1fw1s1_finger_seed1_ckpt500000,ax1fw1s1,finger,1,500000,71.9583,48,78.7812,96,75.75,112,26.5,1
adapt_ax1fw1s1_finger_seed2_ckpt500000,ax1fw1s1,finger,2,500000,53.8333,48,60.375,96,51.8393,112,1.0,1
adapt_ax1fw3s0_finger_seed1_ckpt500000,ax1fw3s0,finger,1,500000,104.3542,48,113.9062,96,115.6875,112,102.9,1
adapt_ax1fw3s0_finger_seed2_ckpt500000,ax1fw3s0,finger,2,500000,38.9583,48,45.5,96,42.2143,112,36.0,1
adapt_ax1fw3s1_finger_seed1_ckpt500000,ax1fw3s1,finger,1,500000,92.2708,48,74.9479,96,73.1696,112,14.8,1
adapt_ax1fw3s1_finger_seed2_ckpt500000,ax1fw3s1,finger,2,500000,90.7292,48,72.7083,96,87.8571,112,221.9,1
adapt_ax1fw4s0_finger_seed1_ckpt500000,ax1fw4s0,finger,1,500000,68.5417,48,64.9583,96,70.5536,112,163.0,1
adapt_ax1fw4s0_finger_seed2_ckpt500000,ax1fw4s0,finger,2,500000,47.2083,48,52.0,96,47.3571,112,19.7,1
adapt_ax1fw4s1_finger_seed1_ckpt500000,ax1fw4s1,finger,1,500000,110.5833,48,97.6875,96,95.3839,112,118.2,1
adapt_ax1fw4s1_finger_seed2_ckpt500000,ax1fw4s1,finger,2,500000,107.4375,48,87.2188,96,82.6518,112,88.4,1
adapt_ax1fw5s0_cup_seed1_ckpt500000,ax1fw5s0,cup,1,500000,61.5417,48,102.6979,96,114.3571,112,294.9,1
adapt_ax1fw5s0_cup_seed2_ckpt500000,ax1fw5s0,cup,2,500000,168.25,48,197.4167,96,169.2143,112,0.0,1
adapt_ax1fw5s0_finger_seed1_ckpt500000,ax1fw5s0,finger,1,500000,57.2917,48,90.75,96,103.9018,112,192.5,1
adapt_ax1fw5s0_finger_seed2_ckpt500000,ax1fw5s0,finger,2,500000,88.8333,48,126.4896,96,126.2768,112,0.0,1
adapt_ax1fw5s1_cup_seed1_ckpt500000,ax1fw5s1,cup,1,500000,327.4375,48,428.4062,96,434.3125,112,570.4,1
adapt_ax1fw5s1_cup_seed2_ckpt500000,ax1fw5s1,cup,2,500000,125.9375,48,191.5312,96,189.6518,112,190.9,1
adapt_ax1fw5s1_finger_seed1_ckpt500000,ax1fw5s1,finger,1,500000,76.9167,48,84.0,96,83.4107,112,127.8,1
adapt_ax1fw5s1_finger_seed2_ckpt500000,ax1fw5s1,finger,2,500000,85.5417,48,91.9792,96,112.5536,112,208.2,1
adapt_ax1fw6s0_finger_seed1_ckpt500000,ax1fw6s0,finger,1,500000,122.3958,48,91.625,96,96.4821,112,101.0,1
adapt_ax1fw6s0_finger_seed2_ckpt500000,ax1fw6s0,finger,2,500000,111.375,48,113.0417,96,108.4375,112,119.8,1
adapt_ax1fw6s1_finger_seed1_ckpt500000,ax1fw6s1,finger,1,500000,61.75,48,59.4375,96,51.9821,112,4.1,1
adapt_ax1fw6s1_finger_seed2_ckpt500000,ax1fw6s1,finger,2,500000,50.4792,48,57.0104,96,51.5714,112,29.6,1
adapt_ax1fw7s0_cup_seed1_ckpt500000,ax1fw7s0,cup,1,500000,217.1458,48,159.3958,96,163.25,112,298.2,1
adapt_ax1fw7s0_cup_seed2_ckpt500000,ax1fw7s0,cup,2,500000,177.7292,48,140.1875,96,120.1607,112,0.0,1
adapt_ax1fw7s0_finger_seed1_ckpt500000,ax1fw7s0,finger,1,500000,79.7292,48,121.5625,96,113.1518,112,100.0,1
adapt_ax1fw7s0_finger_seed2_ckpt500000,ax1fw7s0,finger,2,500000,110.0,48,112.7812,96,105.5982,112,78.7,1
adapt_ax1fw7s1_cup_seed1_ckpt500000,ax1fw7s1,cup,1,500000,744.1875,48,830.7083,96,846.0893,112,970.5,1
adapt_ax1fw7s1_cup_seed2_ckpt500000,ax1fw7s1,cup,2,500000,637.7083,48,774.3542,96,795.375,112,919.4,1
adapt_ax1fw7s1_finger_seed1_ckpt500000,ax1fw7s1,finger,1,500000,100.6875,48,60.8854,96,70.1429,112,100.0,1
adapt_ax1fw7s1_finger_seed2_ckpt500000,ax1fw7s1,finger,2,500000,50.9583,48,72.6146,96,79.7411,112,98.8,1
adapt_ax1fw8s0_cup_seed1_ckpt500000,ax1fw8s0,cup,1,500000,138.7917,48,120.8542,96,121.2589,112,98.8,1
adapt_ax1fw8s0_cup_seed2_ckpt500000,ax1fw8s0,cup,2,500000,61.4375,48,133.7188,96,132.2768,112,197.8,1
adapt_ax1fw8s0_finger_seed1_ckpt500000,ax1fw8s0,finger,1,500000,134.4375,48,137.3958,96,134.3036,112,185.2,1
adapt_ax1fw8s0_finger_seed2_ckpt500000,ax1fw8s0,finger,2,500000,114.4583,48,115.3125,96,99.0446,112,2.3,1
adapt_ax1fw8s1_cup_seed1_ckpt500000,ax1fw8s1,cup,1,500000,652.25,48,782.9688,96,801.7679,112,922.2,1
adapt_ax1fw8s1_cup_seed2_ckpt500000,ax1fw8s1,cup,2,500000,654.7083,48,794.9792,96,817.7143,112,956.0,1
adapt_ax1fw8s1_finger_seed1_ckpt500000,ax1fw8s1,finger,1,500000,92.1042,48,70.0625,96,67.75,112,0.0,1
adapt_ax1fw8s1_finger_seed2_ckpt500000,ax1fw8s1,finger,2,500000,46.5208,48,35.3438,96,31.4286,112,8.8,1
adapt_ax1fw9s0_cup_seed1_ckpt500000,ax1fw9s0,cup,1,500000,428.3958,48,511.8125,96,554.6071,112,797.6,1
adapt_ax1fw9s0_cup_seed2_ckpt500000,ax1fw9s0,cup,2,500000,83.6042,48,103.6562,96,106.5714,112,0.0,1
adapt_ax1fw9s0_finger_seed1_ckpt500000,ax1fw9s0,finger,1,500000,86.3125,48,79.4062,96,81.5089,112,127.1,1
adapt_ax1fw9s0_finger_seed2_ckpt500000,ax1fw9s0,finger,2,500000,90.9167,48,72.1771,96,68.7054,112,70.9,1
adapt_ax1fw9s1_cup_seed1_ckpt500000,ax1fw9s1,cup,1,500000,599.9375,48,708.0625,96,714.2857,112,868.4,1
adapt_ax1fw9s1_cup_seed2_ckpt500000,ax1fw9s1,cup,2,500000,343.75,48,627.7708,96,661.3125,112,912.6,1
adapt_ax1fw9s1_finger_seed1_ckpt500000,ax1fw9s1,finger,1,500000,70.6667,48,69.2083,96,76.5714,112,2.4,1
adapt_ax1fw9s1_finger_seed2_ckpt500000,ax1fw9s1,finger,2,500000,152.9167,48,99.3854,96,94.1161,112,100.0,1
adapt_ax1pxpxq1s0_finger_seed99_ckpt20000,ax1pxpxq1s0,finger,99,20000,80.25,48,82.1562,96,70.4196,112,0.0,1
adapt_ax1q1s0_cup_seed10_ckpt500000,ax1q1s0,cup,10,500000,226.1458,48,567.6875,96,624.9375,112,969.2,1
adapt_ax1q1s0_cup_seed11_ckpt500000,ax1q1s0,cup,11,500000,65.5208,48,143.3438,96,131.4643,112,96.3,1
adapt_ax1q1s0_cup_seed12_ckpt500000,ax1q1s0,cup,12,500000,438.5,48,663.25,96,698.7679,112,879.6,1
adapt_ax1q1s0_cup_seed13_ckpt500000,ax1q1s0,cup,13,500000,465.2292,48,716.1875,96,752.0179,112,977.1,1
adapt_ax1q1s0_cup_seed14_ckpt500000,ax1q1s0,cup,14,500000,499.25,48,722.8125,96,755.7946,112,971.9,1
adapt_ax1q1s0_cup_seed15_ckpt500000,ax1q1s0,cup,15,500000,474.8958,48,722.2292,96,757.8036,112,971.7,1
adapt_ax1q1s0_cup_seed16_ckpt500000,ax1q1s0,cup,16,500000,102.2292,48,133.6667,96,114.5714,112,0.0,1
adapt_ax1q1s0_cup_seed1_ckpt500000,ax1q1s0,cup,1,500000,61.25,48,320.6771,96,407.5714,112,910.0,1
adapt_ax1q1s0_cup_seed2_ckpt500000,ax1q1s0,cup,2,500000,501.5833,48,733.3021,96,767.2679,112,972.8,1
adapt_ax1q1s0_cup_seed3_ckpt500000,ax1q1s0,cup,3,500000,558.4583,48,757.3958,96,787.2679,112,961.5,1
adapt_ax1q1s0_cup_seed4_ckpt500000,ax1q1s0,cup,4,500000,142.6042,48,520.8021,96,577.5625,112,913.9,1
adapt_ax1q1s0_cup_seed5_ckpt500000,ax1q1s0,cup,5,500000,484.0,48,724.3333,96,758.7857,112,966.6,1
adapt_ax1q1s0_cup_seed6_ckpt500000,ax1q1s0,cup,6,500000,358.9167,48,657.7708,96,701.5536,112,968.1,1
adapt_ax1q1s0_cup_seed7_ckpt500000,ax1q1s0,cup,7,500000,533.375,48,752.6562,96,784.8304,112,978.8,1
adapt_ax1q1s0_cup_seed8_ckpt500000,ax1q1s0,cup,8,500000,486.2083,48,726.4688,96,761.125,112,967.8,1
adapt_ax1q1s0_cup_seed9_ckpt500000,ax1q1s0,cup,9,500000,292.9375,48,536.0104,96,589.1875,112,878.3,1
adapt_ax1q1s0_finger_seed10_ckpt500000,ax1q1s0,finger,10,500000,103.9167,48,119.8021,96,120.1071,112,100.0,1
adapt_ax1q1s0_finger_seed11_ckpt500000,ax1q1s0,finger,11,500000,53.7708,48,78.0208,96,83.8929,112,94.9,1
adapt_ax1q1s0_finger_seed12_ckpt500000,ax1q1s0,finger,12,500000,104.5625,48,141.4896,96,130.0982,112,1.0,1
adapt_ax1q1s0_finger_seed13_ckpt500000,ax1q1s0,finger,13,500000,106.6042,48,127.4792,96,123.1875,112,90.2,1
adapt_ax1q1s0_finger_seed14_ckpt500000,ax1q1s0,finger,14,500000,134.0,48,111.4583,96,97.5357,112,18.4,1
adapt_ax1q1s0_finger_seed15_ckpt500000,ax1q1s0,finger,15,500000,60.0833,48,151.0312,96,165.4732,112,303.4,1
adapt_ax1q1s0_finger_seed16_ckpt500000,ax1q1s0,finger,16,500000,109.3958,48,95.3438,96,125.1339,112,291.3,1
adapt_ax1q1s0_finger_seed1_ckpt500000,ax1q1s0,finger,1,500000,165.1667,48,150.9375,96,163.9375,112,287.1,1
adapt_ax1q1s0_finger_seed2_ckpt500000,ax1q1s0,finger,2,500000,30.4583,48,87.3854,96,75.4375,112,5.0,1
adapt_ax1q1s0_finger_seed3_ckpt500000,ax1q1s0,finger,3,500000,29.1875,48,50.5729,96,44.3661,112,7.5,1
adapt_ax1q1s0_finger_seed4_ckpt500000,ax1q1s0,finger,4,500000,67.3125,48,118.2396,96,122.8036,112,240.3,1
adapt_ax1q1s0_finger_seed5_ckpt500000,ax1q1s0,finger,5,500000,94.8542,48,96.3958,96,87.9018,112,19.5,1
adapt_ax1q1s0_finger_seed6_ckpt500000,ax1q1s0,finger,6,500000,135.1667,48,109.375,96,93.8482,112,0.0,1
adapt_ax1q1s0_finger_seed7_ckpt500000,ax1q1s0,finger,7,500000,180.5,48,196.5625,96,219.9107,112,476.0,1
adapt_ax1q1s0_finger_seed8_ckpt500000,ax1q1s0,finger,8,500000,75.3542,48,59.0312,96,68.1786,112,196.7,1
adapt_ax1q1s0_finger_seed9_ckpt500000,ax1q1s0,finger,9,500000,192.2083,48,234.8438,96,237.8482,112,203.8,1
adapt_ax1q1s0_synth_seed1_ckpt500000,ax1q1s0,synth,1,500000,1.75,48,5.3438,96,6.2232,112,6.3,1
adapt_ax1q1s0_synth_seed2_ckpt500000,ax1q1s0,synth,2,500000,4.5833,48,16.6042,96,39.4375,112,196.0,1
adapt_ax1q1s0_synth_seed3_ckpt500000,ax1q1s0,synth,3,500000,1.8333,48,31.8854,96,50.0714,112,174.3,1
adapt_ax1q1s0_synth_seed4_ckpt500000,ax1q1s0,synth,4,500000,0.6667,48,94.4167,96,124.1696,112,307.0,1
adapt_ax1q1s0_synth_seed5_ckpt500000,ax1q1s0,synth,5,500000,0.6458,48,0.5208,96,0.5804,112,1.1,1
adapt_ax1q1s0_synth_seed6_ckpt500000,ax1q1s0,synth,6,500000,16.875,48,204.6458,96,271.2946,112,670.7,1
adapt_ax1q1s0_synth_seed7_ckpt500000,ax1q1s0,synth,7,500000,11.0208,48,167.9062,96,245.2589,112,734.4,1
adapt_ax1q1s0_synth_seed8_ckpt500000,ax1q1s0,synth,8,500000,1.4167,48,5.375,96,8.2411,112,28.3,1
adapt_ax1q1s1_cup_seed10_ckpt500000,ax1q1s1,cup,10,500000,268.875,48,612.3542,96,663.1964,112,970.5,1
adapt_ax1q1s1_cup_seed11_ckpt500000,ax1q1s1,cup,11,500000,64.3958,48,450.0729,96,522.4911,112,952.6,1
adapt_ax1q1s1_cup_seed12_ckpt500000,ax1q1s1,cup,12,500000,674.5,48,815.625,96,836.2411,112,957.3,1
adapt_ax1q1s1_cup_seed13_ckpt500000,ax1q1s1,cup,13,500000,22.5417,48,264.8021,96,363.8929,112,963.6,1
adapt_ax1q1s1_cup_seed14_ckpt500000,ax1q1s1,cup,14,500000,662.2083,48,813.3854,96,835.1875,112,968.3,1
adapt_ax1q1s1_cup_seed15_ckpt500000,ax1q1s1,cup,15,500000,277.5625,48,613.4271,96,663.8929,112,966.8,1
adapt_ax1q1s1_cup_seed16_ckpt500000,ax1q1s1,cup,16,500000,140.8333,48,271.6667,96,310.1964,112,769.6,1
adapt_ax1q1s1_cup_seed1_ckpt500000,ax1q1s1,cup,1,500000,120.0208,48,521.9167,96,579.9732,112,926.6,1
adapt_ax1q1s1_cup_seed2_ckpt500000,ax1q1s1,cup,2,500000,714.25,48,840.2812,96,858.25,112,961.5,1
adapt_ax1q1s1_cup_seed3_ckpt500000,ax1q1s1,cup,3,500000,507.0,48,737.7188,96,770.9196,112,967.8,1
adapt_ax1q1s1_cup_seed4_ckpt500000,ax1q1s1,cup,4,500000,249.625,48,600.6042,96,652.0625,112,957.5,1
adapt_ax1q1s1_cup_seed5_ckpt500000,ax1q1s1,cup,5,500000,304.8958,48,631.3333,96,679.3125,112,965.7,1
adapt_ax1q1s1_cup_seed6_ckpt500000,ax1q1s1,cup,6,500000,625.5417,48,793.25,96,814.125,112,926.4,1
adapt_ax1q1s1_cup_seed7_ckpt500000,ax1q1s1,cup,7,500000,487.6458,48,723.375,96,757.8125,112,965.1,1
adapt_ax1q1s1_cup_seed8_ckpt500000,ax1q1s1,cup,8,500000,463.0625,48,713.75,96,750.6607,112,974.5,1
adapt_ax1q1s1_cup_seed9_ckpt500000,ax1q1s1,cup,9,500000,580.3958,48,771.8438,96,799.2054,112,968.0,1
adapt_ax1q1s1_finger_seed10_ckpt500000,ax1q1s1,finger,10,500000,142.2292,48,158.4271,96,201.7232,112,518.2,1
adapt_ax1q1s1_finger_seed11_ckpt500000,ax1q1s1,finger,11,500000,131.4583,48,152.6354,96,164.4911,112,191.8,1
adapt_ax1q1s1_finger_seed12_ckpt500000,ax1q1s1,finger,12,500000,73.1458,48,71.1354,96,68.5625,112,43.5,1
adapt_ax1q1s1_finger_seed13_ckpt500000,ax1q1s1,finger,13,500000,47.3542,48,76.1042,96,70.2857,112,3.1,1
adapt_ax1q1s1_finger_seed14_ckpt500000,ax1q1s1,finger,14,500000,280.9583,48,185.8229,96,194.0625,112,178.8,1
adapt_ax1q1s1_finger_seed15_ckpt500000,ax1q1s1,finger,15,500000,155.6667,48,200.6562,96,183.0,112,22.5,1
adapt_ax1q1s1_finger_seed16_ckpt500000,ax1q1s1,finger,16,500000,222.1667,48,234.9583,96,244.5714,112,385.4,1
adapt_ax1q1s1_finger_seed1_ckpt500000,ax1q1s1,finger,1,500000,237.0625,48,287.6354,96,306.2321,112,477.1,1
adapt_ax1q1s1_finger_seed2_ckpt500000,ax1q1s1,finger,2,500000,359.8542,48,461.5208,96,463.4196,112,400.2,1
adapt_ax1q1s1_finger_seed3_ckpt500000,ax1q1s1,finger,3,500000,189.3958,48,144.0104,96,129.6786,112,0.0,1
adapt_ax1q1s1_finger_seed4_ckpt500000,ax1q1s1,finger,4,500000,171.0625,48,376.1979,96,408.5982,112,565.1,1
adapt_ax1q1s1_finger_seed5_ckpt500000,ax1q1s1,finger,5,500000,98.8542,48,80.7604,96,77.8393,112,96.5,1
adapt_ax1q1s1_finger_seed6_ckpt500000,ax1q1s1,finger,6,500000,239.9375,48,279.1667,96,298.7857,112,463.8,1
adapt_ax1q1s1_finger_seed7_ckpt500000,ax1q1s1,finger,7,500000,297.8125,48,378.8125,96,437.9643,112,764.6,1
adapt_ax1q1s1_finger_seed8_ckpt500000,ax1q1s1,finger,8,500000,190.1458,48,134.9688,96,145.3839,112,332.6,1
adapt_ax1q1s1_finger_seed9_ckpt500000,ax1q1s1,finger,9,500000,207.8125,48,225.4479,96,235.3036,112,377.3,1
adapt_ax1q1s1_synth_seed1_ckpt500000,ax1q1s1,synth,1,500000,69.1458,48,267.0833,96,333.3571,112,748.1,1
adapt_ax1q1s1_synth_seed2_ckpt500000,ax1q1s1,synth,2,500000,29.6042,48,315.4271,96,344.125,112,532.9,1
adapt_ax1q1s1_synth_seed3_ckpt500000,ax1q1s1,synth,3,500000,6.6458,48,139.0729,96,206.3571,112,619.6,1
adapt_ax1q1s1_synth_seed4_ckpt500000,ax1q1s1,synth,4,500000,5.0208,48,51.7083,96,83.6964,112,269.3,1
adapt_ax1q1s1_synth_seed5_ckpt500000,ax1q1s1,synth,5,500000,3.3542,48,23.2083,96,50.7857,112,226.0,1
adapt_ax1q1s1_synth_seed6_ckpt500000,ax1q1s1,synth,6,500000,8.625,48,82.4583,96,117.6875,112,326.4,1
adapt_ax1q1s1_synth_seed7_ckpt500000,ax1q1s1,synth,7,500000,1.2917,48,0.7188,96,2.0268,112,10.6,1
adapt_ax1q1s1_synth_seed8_ckpt500000,ax1q1s1,synth,8,500000,16.9792,48,101.4062,96,158.6964,112,493.7,1
adapt_ax1q2s0_cup_seed10_ckpt500000,ax1q2s0,cup,10,500000,341.4375,48,645.8229,96,691.625,112,965.4,1
adapt_ax1q2s0_cup_seed11_ckpt500000,ax1q2s0,cup,11,500000,327.6667,48,638.8333,96,684.6518,112,960.1,1
adapt_ax1q2s0_cup_seed12_ckpt500000,ax1q2s0,cup,12,500000,296.5,48,617.375,96,665.3839,112,954.3,1
adapt_ax1q2s0_cup_seed13_ckpt500000,ax1q2s0,cup,13,500000,329.2917,48,637.9688,96,683.125,112,945.8,1
adapt_ax1q2s0_cup_seed14_ckpt500000,ax1q2s0,cup,14,500000,662.9167,48,813.7083,96,834.6875,112,963.1,1
adapt_ax1q2s0_cup_seed15_ckpt500000,ax1q2s0,cup,15,500000,476.0417,48,715.0729,96,750.8839,112,971.3,1
adapt_ax1q2s0_cup_seed16_ckpt500000,ax1q2s0,cup,16,500000,511.7292,48,727.3125,96,758.3393,112,942.7,1
adapt_ax1q2s0_cup_seed1_ckpt500000,ax1q2s0,cup,1,500000,741.4167,48,849.6458,96,864.9911,112,957.6,1
adapt_ax1q2s0_cup_seed2_ckpt500000,ax1q2s0,cup,2,500000,101.5625,48,379.4062,96,452.2054,112,907.6,1
adapt_ax1q2s0_cup_seed3_ckpt500000,ax1q2s0,cup,3,500000,518.1458,48,744.5938,96,774.75,112,953.7,1
adapt_ax1q2s0_cup_seed4_ckpt500000,ax1q2s0,cup,4,500000,326.1667,48,642.7917,96,687.4018,112,953.8,1
adapt_ax1q2s0_cup_seed5_ckpt500000,ax1q2s0,cup,5,500000,471.9583,48,719.6042,96,756.2143,112,978.6,1
adapt_ax1q2s0_cup_seed6_ckpt500000,ax1q2s0,cup,6,500000,217.1458,48,559.8958,96,612.7054,112,936.4,1
adapt_ax1q2s0_cup_seed7_ckpt500000,ax1q2s0,cup,7,500000,506.25,48,687.4375,96,726.2143,112,962.6,1
adapt_ax1q2s0_cup_seed8_ckpt500000,ax1q2s0,cup,8,500000,756.1875,48,854.7396,96,870.5268,112,955.7,1
adapt_ax1q2s0_cup_seed9_ckpt500000,ax1q2s0,cup,9,500000,614.0833,48,784.7292,96,810.6607,112,966.8,1
adapt_ax1q2s0_finger_seed10_ckpt500000,ax1q2s0,finger,10,500000,120.3333,48,112.25,96,105.1429,112,0.0,1
adapt_ax1q2s0_finger_seed11_ckpt500000,ax1q2s0,finger,11,500000,81.75,48,103.4062,96,88.6339,112,0.0,1
adapt_ax1q2s0_finger_seed12_ckpt500000,ax1q2s0,finger,12,500000,163.8333,48,136.2604,96,135.2232,112,199.6,1
adapt_ax1q2s0_finger_seed13_ckpt500000,ax1q2s0,finger,13,500000,202.8125,48,260.9583,96,288.3036,112,519.7,1
adapt_ax1q2s0_finger_seed14_ckpt500000,ax1q2s0,finger,14,500000,110.0417,48,120.9062,96,112.6071,112,96.4,1
adapt_ax1q2s0_finger_seed15_ckpt500000,ax1q2s0,finger,15,500000,56.0833,48,80.1875,96,95.3393,112,198.0,1
adapt_ax1q2s0_finger_seed16_ckpt500000,ax1q2s0,finger,16,500000,181.25,48,231.7812,96,242.7589,112,331.3,1
adapt_ax1q2s0_finger_seed1_ckpt500000,ax1q2s0,finger,1,500000,112.5833,48,106.5729,96,112.9464,112,191.9,1
adapt_ax1q2s0_finger_seed2_ckpt500000,ax1q2s0,finger,2,500000,83.1875,48,92.3646,96,118.875,112,401.9,1
adapt_ax1q2s0_finger_seed3_ckpt500000,ax1q2s0,finger,3,500000,95.1667,48,89.1979,96,85.1339,112,97.2,1
adapt_ax1q2s0_finger_seed4_ckpt500000,ax1q2s0,finger,4,500000,89.1667,48,98.1354,96,84.7232,112,6.8,1
adapt_ax1q2s0_finger_seed5_ckpt500000,ax1q2s0,finger,5,500000,82.6042,48,68.2708,96,60.3214,112,2.9,1
adapt_ax1q2s0_finger_seed6_ckpt500000,ax1q2s0,finger,6,500000,149.4792,48,287.5417,96,293.4107,112,137.7,1
adapt_ax1q2s0_finger_seed7_ckpt500000,ax1q2s0,finger,7,500000,102.8958,48,76.9271,96,74.375,112,88.2,1
adapt_ax1q2s0_finger_seed8_ckpt500000,ax1q2s0,finger,8,500000,93.0625,48,155.2083,96,143.8482,112,75.7,1
adapt_ax1q2s0_finger_seed9_ckpt500000,ax1q2s0,finger,9,500000,106.3958,48,139.4062,96,162.2054,112,209.6,1
adapt_ax1q2s1_cup_seed10_ckpt500000,ax1q2s1,cup,10,500000,498.5,48,717.3646,96,752.1339,112,954.9,1
adapt_ax1q2s1_cup_seed11_ckpt500000,ax1q2s1,cup,11,500000,354.3125,48,632.2083,96,676.8839,112,943.2,1
adapt_ax1q2s1_cup_seed12_ckpt500000,ax1q2s1,cup,12,500000,719.0208,48,842.0104,96,857.4107,112,944.6,1
adapt_ax1q2s1_cup_seed13_ckpt500000,ax1q2s1,cup,13,500000,702.3125,48,831.4375,96,851.3214,112,968.9,1
adapt_ax1q2s1_cup_seed14_ckpt500000,ax1q2s1,cup,14,500000,572.6042,48,768.75,96,798.1429,112,975.4,1
adapt_ax1q2s1_cup_seed15_ckpt500000,ax1q2s1,cup,15,500000,338.3125,48,647.9375,96,693.4821,112,966.6,1
adapt_ax1q2s1_cup_seed16_ckpt500000,ax1q2s1,cup,16,500000,210.4792,48,527.1042,96,569.7054,112,897.4,1
adapt_ax1q2s1_cup_seed1_ckpt500000,ax1q2s1,cup,1,500000,139.3125,48,304.6458,96,383.5625,112,872.5,1
adapt_ax1q2s1_cup_seed2_ckpt500000,ax1q2s1,cup,2,500000,268.125,48,581.4271,96,630.5446,112,964.6,1
adapt_ax1q2s1_cup_seed3_ckpt500000,ax1q2s1,cup,3,500000,156.0625,48,541.2083,96,602.0625,112,968.5,1
adapt_ax1q2s1_cup_seed4_ckpt500000,ax1q2s1,cup,4,500000,600.2917,48,772.1562,96,798.5,112,957.3,1
adapt_ax1q2s1_cup_seed5_ckpt500000,ax1q2s1,cup,5,500000,438.25,48,602.1771,96,629.0536,112,781.1,1
adapt_ax1q2s1_cup_seed6_ckpt500000,ax1q2s1,cup,6,500000,250.6667,48,603.1146,96,655.0536,112,971.7,1
adapt_ax1q2s1_cup_seed7_ckpt500000,ax1q2s1,cup,7,500000,59.4375,48,416.6979,96,493.9464,112,950.0,1
adapt_ax1q2s1_cup_seed8_ckpt500000,ax1q2s1,cup,8,500000,406.7917,48,651.3125,96,695.2411,112,967.9,1
adapt_ax1q2s1_cup_seed9_ckpt500000,ax1q2s1,cup,9,500000,100.875,48,448.3333,96,512.9464,112,929.3,1
adapt_ax1q2s1_finger_seed10_ckpt500000,ax1q2s1,finger,10,500000,185.1042,48,204.0104,96,193.3929,112,128.3,1
adapt_ax1q2s1_finger_seed11_ckpt500000,ax1q2s1,finger,11,500000,154.2292,48,128.0312,96,131.0179,112,234.5,1
adapt_ax1q2s1_finger_seed12_ckpt500000,ax1q2s1,finger,12,500000,111.3958,48,136.5729,96,138.2232,112,38.5,1
adapt_ax1q2s1_finger_seed13_ckpt500000,ax1q2s1,finger,13,500000,111.6875,48,100.1979,96,115.4732,112,250.8,1
adapt_ax1q2s1_finger_seed14_ckpt500000,ax1q2s1,finger,14,500000,133.6458,48,120.3854,96,105.3482,112,1.4,1
adapt_ax1q2s1_finger_seed15_ckpt500000,ax1q2s1,finger,15,500000,199.625,48,191.2083,96,196.3661,112,153.5,1
adapt_ax1q2s1_finger_seed16_ckpt500000,ax1q2s1,finger,16,500000,166.75,48,130.4167,96,119.3839,112,32.9,1
adapt_ax1q2s1_finger_seed1_ckpt500000,ax1q2s1,finger,1,500000,100.7083,48,155.3958,96,150.3482,112,188.3,1
adapt_ax1q2s1_finger_seed2_ckpt500000,ax1q2s1,finger,2,500000,43.1042,48,90.7708,96,95.8482,112,109.7,1
adapt_ax1q2s1_finger_seed3_ckpt500000,ax1q2s1,finger,3,500000,25.6042,48,97.5521,96,111.3482,112,310.6,1
adapt_ax1q2s1_finger_seed4_ckpt500000,ax1q2s1,finger,4,500000,92.4375,48,78.0,96,78.4464,112,119.7,1
adapt_ax1q2s1_finger_seed5_ckpt500000,ax1q2s1,finger,5,500000,96.7708,48,111.7812,96,110.6875,112,100.3,1
adapt_ax1q2s1_finger_seed6_ckpt500000,ax1q2s1,finger,6,500000,170.4792,48,154.5417,96,151.5536,112,177.6,1
adapt_ax1q2s1_finger_seed7_ckpt500000,ax1q2s1,finger,7,500000,81.0417,48,114.1458,96,100.6339,112,29.0,1
adapt_ax1q2s1_finger_seed8_ckpt500000,ax1q2s1,finger,8,500000,219.4792,48,159.3125,96,149.625,112,146.3,1
adapt_ax1q2s1_finger_seed9_ckpt500000,ax1q2s1,finger,9,500000,94.5,48,100.6667,96,87.1786,112,8.8,1
adapt_ax1rd1q1s0_synth_seed101_ckpt500000,ax1rd1q1s0,synth,101,500000,26.6875,48,327.3125,96,397.7054,112,831.0,1
adapt_ax1rd1q1s0_synth_seed102_ckpt500000,ax1rd1q1s0,synth,102,500000,1.2292,48,15.6042,96,25.6429,112,82.8,1
adapt_ax1rd1q1s0_synth_seed103_ckpt500000,ax1rd1q1s0,synth,103,500000,253.25,48,458.4688,96,494.1607,112,715.6,1
adapt_ax1rd1q1s1_synth_seed101_ckpt500000,ax1rd1q1s1,synth,101,500000,96.375,48,379.4062,96,450.8393,112,882.7,1
adapt_ax1rd1q1s1_synth_seed102_ckpt500000,ax1rd1q1s1,synth,102,500000,116.1875,48,365.7604,96,433.6429,112,837.6,1
adapt_ax1rd1q1s1_synth_seed103_ckpt500000,ax1rd1q1s1,synth,103,500000,123.3958,48,324.9271,96,385.5268,112,736.0,1
adapt_ax1rd2q1s0_synth_seed101_ckpt500000,ax1rd2q1s0,synth,101,500000,60.625,48,369.2708,96,414.5268,112,686.9,1
adapt_ax1rd2q1s0_synth_seed102_ckpt500000,ax1rd2q1s0,synth,102,500000,7.7917,48,101.8333,96,187.6786,112,720.0,1
adapt_ax1rd2q1s0_synth_seed103_ckpt500000,ax1rd2q1s0,synth,103,500000,47.2292,48,217.5,96,260.8304,112,507.0,1
adapt_ax1rd2q1s1_synth_seed101_ckpt500000,ax1rd2q1s1,synth,101,500000,226.8333,48,475.6667,96,519.9554,112,809.5,1
adapt_ax1rd2q1s1_synth_seed102_ckpt500000,ax1rd2q1s1,synth,102,500000,0.25,48,73.4271,96,123.1071,112,417.8,1
adapt_ax1rd2q1s1_synth_seed103_ckpt500000,ax1rd2q1s1,synth,103,500000,70.2708,48,250.5833,96,307.4286,112,631.3,1
adapt_ax1rd3q1s0_synth_seed101_ckpt500000,ax1rd3q1s0,synth,101,500000,13.7292,48,255.2396,96,321.8393,112,706.1,1
adapt_ax1rd3q1s0_synth_seed102_ckpt500000,ax1rd3q1s0,synth,102,500000,1.4792,48,7.1354,96,16.3929,112,71.5,1
adapt_ax1rd3q1s0_synth_seed103_ckpt500000,ax1rd3q1s0,synth,103,500000,18.6875,48,188.5938,96,204.8661,112,286.8,1
adapt_ax1rd3q1s1_synth_seed101_ckpt500000,ax1rd3q1s1,synth,101,500000,91.1458,48,385.9062,96,457.1696,112,884.8,1
adapt_ax1rd3q1s1_synth_seed102_ckpt500000,ax1rd3q1s1,synth,102,500000,16.4792,48,152.7708,96,234.4107,112,715.0,1
adapt_ax1rd3q1s1_synth_seed103_ckpt500000,ax1rd3q1s1,synth,103,500000,39.3333,48,229.3229,96,308.9375,112,802.8,1
adapt_ax1rd4q1s0_synth_seed101_ckpt500000,ax1rd4q1s0,synth,101,500000,180.4792,48,458.2396,96,509.0268,112,807.4,1
adapt_ax1rd4q1s0_synth_seed102_ckpt500000,ax1rd4q1s0,synth,102,500000,6.1875,48,184.6875,96,254.5893,112,661.0,1
adapt_ax1rd4q1s0_synth_seed103_ckpt500000,ax1rd4q1s0,synth,103,500000,45.5833,48,349.7292,96,419.6607,112,855.6,1
adapt_ax1rd4q1s1_synth_seed101_ckpt500000,ax1rd4q1s1,synth,101,500000,36.7708,48,136.0104,96,205.3214,112,617.7,1
adapt_ax1rd4q1s1_synth_seed102_ckpt500000,ax1rd4q1s1,synth,102,500000,15.2917,48,101.7396,96,173.5,112,595.7,1
adapt_ax1rd4q1s1_synth_seed103_ckpt500000,ax1rd4q1s1,synth,103,500000,6.875,48,111.4792,96,143.6607,112,349.6,1
adapt_ax1rgoq1s0_finger_seed10_ckpt500000,ax1rgoq1s0,finger,10,500000,97.8542,48,212.6042,96,303.5179,112,904.5,1
adapt_ax1rgoq1s0_finger_seed11_ckpt500000,ax1rgoq1s0,finger,11,500000,118.0833,48,75.9062,96,76.5714,112,17.2,1
adapt_ax1rgoq1s0_finger_seed12_ckpt500000,ax1rgoq1s0,finger,12,500000,131.8125,48,100.4896,96,100.6518,112,91.0,1
adapt_ax1rgoq1s0_finger_seed13_ckpt500000,ax1rgoq1s0,finger,13,500000,80.375,48,135.1875,96,141.5625,112,192.2,1
adapt_ax1rgoq1s0_finger_seed14_ckpt500000,ax1rgoq1s0,finger,14,500000,64.3542,48,73.5,96,71.9286,112,100.0,1
adapt_ax1rgoq1s0_finger_seed15_ckpt500000,ax1rgoq1s0,finger,15,500000,69.5625,48,81.4062,96,104.6339,112,290.4,1
adapt_ax1rgoq1s0_finger_seed16_ckpt500000,ax1rgoq1s0,finger,16,500000,11.5833,48,7.1562,96,6.9821,112,9.5,1
adapt_ax1rgoq1s0_finger_seed1_ckpt500000,ax1rgoq1s0,finger,1,500000,66.9792,48,84.4583,96,99.1786,112,100.0,1
adapt_ax1rgoq1s0_finger_seed2_ckpt500000,ax1rgoq1s0,finger,2,500000,101.2292,48,50.6146,96,44.4464,112,11.9,1
adapt_ax1rgoq1s0_finger_seed3_ckpt500000,ax1rgoq1s0,finger,3,500000,74.5,48,100.0938,96,112.2411,112,99.4,1
adapt_ax1rgoq1s0_finger_seed4_ckpt500000,ax1rgoq1s0,finger,4,500000,100.2083,48,80.9479,96,88.8214,112,103.2,1
adapt_ax1rgoq1s0_finger_seed5_ckpt500000,ax1rgoq1s0,finger,5,500000,114.5833,48,88.4583,96,75.8393,112,0.0,1
adapt_ax1rgoq1s0_finger_seed6_ckpt500000,ax1rgoq1s0,finger,6,500000,45.3333,48,85.0417,96,72.8929,112,0.0,1
adapt_ax1rgoq1s0_finger_seed7_ckpt500000,ax1rgoq1s0,finger,7,500000,95.5625,48,171.0104,96,179.7054,112,371.0,1
adapt_ax1rgoq1s0_finger_seed8_ckpt500000,ax1rgoq1s0,finger,8,500000,125.4375,48,115.0625,96,123.2679,112,179.9,1
adapt_ax1rgoq1s0_finger_seed9_ckpt500000,ax1rgoq1s0,finger,9,500000,131.8333,48,129.3021,96,140.5089,112,92.9,1
adapt_ax1rgoq1s1_finger_seed10_ckpt500000,ax1rgoq1s1,finger,10,500000,115.6042,48,145.9688,96,133.7857,112,47.2,1
adapt_ax1rgoq1s1_finger_seed11_ckpt500000,ax1rgoq1s1,finger,11,500000,48.4375,48,98.5625,96,96.6964,112,91.6,1
adapt_ax1rgoq1s1_finger_seed12_ckpt500000,ax1rgoq1s1,finger,12,500000,42.6875,48,75.2812,96,75.0982,112,35.8,1
adapt_ax1rgoq1s1_finger_seed13_ckpt500000,ax1rgoq1s1,finger,13,500000,97.7083,48,230.2917,96,280.7857,112,733.8,1
adapt_ax1rgoq1s1_finger_seed14_ckpt500000,ax1rgoq1s1,finger,14,500000,209.0417,48,164.2708,96,159.5268,112,132.6,1
adapt_ax1rgoq1s1_finger_seed15_ckpt500000,ax1rgoq1s1,finger,15,500000,110.25,48,135.2812,96,142.0893,112,195.2,1
adapt_ax1rgoq1s1_finger_seed16_ckpt500000,ax1rgoq1s1,finger,16,500000,175.9583,48,105.125,96,94.8393,112,45.1,1
adapt_ax1rgoq1s1_finger_seed1_ckpt500000,ax1rgoq1s1,finger,1,500000,98.4167,48,136.9271,96,157.5357,112,348.6,1
adapt_ax1rgoq1s1_finger_seed2_ckpt500000,ax1rgoq1s1,finger,2,500000,156.8333,48,120.8333,96,114.6964,112,103.4,1
adapt_ax1rgoq1s1_finger_seed3_ckpt500000,ax1rgoq1s1,finger,3,500000,52.75,48,58.7812,96,86.5268,112,206.0,1
adapt_ax1rgoq1s1_finger_seed4_ckpt500000,ax1rgoq1s1,finger,4,500000,102.3333,48,163.3958,96,176.5268,112,277.7,1
adapt_ax1rgoq1s1_finger_seed5_ckpt500000,ax1rgoq1s1,finger,5,500000,213.3125,48,233.375,96,243.4018,112,297.1,1
adapt_ax1rgoq1s1_finger_seed6_ckpt500000,ax1rgoq1s1,finger,6,500000,122.1667,48,260.2812,96,282.9286,112,470.0,1
adapt_ax1rgoq1s1_finger_seed7_ckpt500000,ax1rgoq1s1,finger,7,500000,88.0625,48,82.3229,96,82.4643,112,124.3,1
adapt_ax1rgoq1s1_finger_seed8_ckpt500000,ax1rgoq1s1,finger,8,500000,219.8125,48,239.4792,96,266.6786,112,394.1,1
adapt_ax1rgoq1s1_finger_seed9_ckpt500000,ax1rgoq1s1,finger,9,500000,290.0208,48,248.1771,96,276.4464,112,277.5,1
adapt_ax1rlq1s0_finger_seed1_ckpt500000,ax1rlq1s0,finger,1,500000,62.2708,48,80.1771,96,75.5893,112,13.5,1
adapt_ax1rlq1s0_finger_seed2_ckpt500000,ax1rlq1s0,finger,2,500000,74.8125,48,90.6146,96,78.9554,112,6.9,1
adapt_ax1rlq1s0_finger_seed3_ckpt500000,ax1rlq1s0,finger,3,500000,112.6458,48,74.3958,96,91.3929,112,275.6,1
adapt_ax1rlq1s0_finger_seed4_ckpt500000,ax1rlq1s0,finger,4,500000,48.75,48,55.8854,96,65.2411,112,98.4,1
adapt_ax1rlq1s0_finger_seed5_ckpt500000,ax1rlq1s0,finger,5,500000,109.9375,48,88.3646,96,77.5446,112,18.2,1
adapt_ax1rlq1s0_finger_seed6_ckpt500000,ax1rlq1s0,finger,6,500000,72.8958,48,53.4479,96,63.0982,112,55.0,1
adapt_ax1rlq1s0_finger_seed7_ckpt500000,ax1rlq1s0,finger,7,500000,53.6875,48,63.7708,96,72.1786,112,187.9,1
adapt_ax1rlq1s0_finger_seed8_ckpt500000,ax1rlq1s0,finger,8,500000,87.7708,48,82.5521,96,71.5,112,0.0,1
adapt_ax1rlq1s1_finger_seed1_ckpt500000,ax1rlq1s1,finger,1,500000,43.9583,48,45.3333,96,46.3214,112,83.6,1
adapt_ax1rlq1s1_finger_seed2_ckpt500000,ax1rlq1s1,finger,2,500000,142.2917,48,132.125,96,118.5625,112,51.7,1
adapt_ax1rlq1s1_finger_seed3_ckpt500000,ax1rlq1s1,finger,3,500000,116.2292,48,114.0104,96,103.3839,112,58.5,1
adapt_ax1rlq1s1_finger_seed4_ckpt500000,ax1rlq1s1,finger,4,500000,205.1458,48,258.1875,96,303.6071,112,445.6,1
adapt_ax1rlq1s1_finger_seed5_ckpt500000,ax1rlq1s1,finger,5,500000,157.3542,48,137.1458,96,134.3661,112,187.7,1
adapt_ax1rlq1s1_finger_seed6_ckpt500000,ax1rlq1s1,finger,6,500000,141.3333,48,109.9062,96,102.1964,112,7.2,1
adapt_ax1rlq1s1_finger_seed7_ckpt500000,ax1rlq1s1,finger,7,500000,25.8333,48,72.9896,96,66.6518,112,45.8,1
adapt_ax1rlq1s1_finger_seed8_ckpt500000,ax1rlq1s1,finger,8,500000,144.2083,48,141.9271,96,133.8036,112,93.7,1
adapt_ax1s12q1s0_finger_seed99_ckpt20000,ax1s12q1s0,finger,99,20000,31.5833,48,289.9375,96,364.2143,112,876.0,1
adapt_ax1s12q1s1_finger_seed99_ckpt20000,ax1s12q1s1,finger,99,20000,87.5208,48,96.5417,96,110.0625,112,206.2,1
adapt_ax1sgbq1s0_finger_seed10_ckpt500000,ax1sgbq1s0,finger,10,500000,115.875,48,97.8438,96,107.1607,112,141.5,1
adapt_ax1sgbq1s0_finger_seed11_ckpt500000,ax1sgbq1s0,finger,11,500000,85.5208,48,115.5,96,116.8571,112,100.0,1
adapt_ax1sgbq1s0_finger_seed12_ckpt500000,ax1sgbq1s0,finger,12,500000,70.1042,48,77.2188,96,80.8036,112,128.6,1
adapt_ax1sgbq1s0_finger_seed13_ckpt500000,ax1sgbq1s0,finger,13,500000,125.0,48,104.2396,96,98.2768,112,0.0,1
adapt_ax1sgbq1s0_finger_seed14_ckpt500000,ax1sgbq1s0,finger,14,500000,79.3542,48,72.2396,96,65.2411,112,35.8,1
adapt_ax1sgbq1s0_finger_seed15_ckpt500000,ax1sgbq1s0,finger,15,500000,106.6875,48,84.4688,96,81.4643,112,101.5,1
adapt_ax1sgbq1s0_finger_seed16_ckpt500000,ax1sgbq1s0,finger,16,500000,123.75,48,106.7396,96,91.5536,112,0.7,1
adapt_ax1sgbq1s0_finger_seed1_ckpt500000,ax1sgbq1s0,finger,1,500000,65.7708,48,43.5833,96,47.7857,112,116.0,1
adapt_ax1sgbq1s0_finger_seed2_ckpt500000,ax1sgbq1s0,finger,2,500000,44.6875,48,94.3438,96,92.5893,112,94.8,1
adapt_ax1sgbq1s0_finger_seed3_ckpt500000,ax1sgbq1s0,finger,3,500000,57.3958,48,54.9896,96,55.6071,112,38.7,1
adapt_ax1sgbq1s0_finger_seed4_ckpt500000,ax1sgbq1s0,finger,4,500000,72.5417,48,58.6458,96,52.4286,112,24.2,1
adapt_ax1sgbq1s0_finger_seed5_ckpt500000,ax1sgbq1s0,finger,5,500000,62.5208,48,68.6354,96,70.2857,112,126.8,1
adapt_ax1sgbq1s0_finger_seed6_ckpt500000,ax1sgbq1s0,finger,6,500000,67.6667,48,53.2083,96,62.2054,112,92.4,1
adapt_ax1sgbq1s0_finger_seed7_ckpt500000,ax1sgbq1s0,finger,7,500000,91.5417,48,70.9792,96,71.4107,112,100.0,1
adapt_ax1sgbq1s0_finger_seed8_ckpt500000,ax1sgbq1s0,finger,8,500000,37.8542,48,32.4271,96,37.1071,112,9.2,1
adapt_ax1sgbq1s0_finger_seed9_ckpt500000,ax1sgbq1s0,finger,9,500000,138.0,48,147.6771,96,142.6696,112,180.2,1
adapt_ax1sgbq1s1_finger_seed10_ckpt500000,ax1sgbq1s1,finger,10,500000,125.5,48,92.2604,96,96.4732,112,100.5,1
adapt_ax1sgbq1s1_finger_seed11_ckpt500000,ax1sgbq1s1,finger,11,500000,124.5208,48,103.9792,96,89.125,112,0.0,1
adapt_ax1sgbq1s1_finger_seed12_ckpt500000,ax1sgbq1s1,finger,12,500000,114.7292,48,112.0104,96,96.4911,112,5.4,1
adapt_ax1sgbq1s1_finger_seed13_ckpt500000,ax1sgbq1s1,finger,13,500000,104.1667,48,93.6771,96,89.2946,112,0.0,1
adapt_ax1sgbq1s1_finger_seed14_ckpt500000,ax1sgbq1s1,finger,14,500000,97.375,48,148.7292,96,135.6071,112,2.7,1
adapt_ax1sgbq1s1_finger_seed15_ckpt500000,ax1sgbq1s1,finger,15,500000,89.6458,48,84.625,96,82.5089,112,81.4,1
adapt_ax1sgbq1s1_finger_seed16_ckpt500000,ax1sgbq1s1,finger,16,500000,84.6458,48,67.4271,96,75.5089,112,98.4,1
adapt_ax1sgbq1s1_finger_seed1_ckpt500000,ax1sgbq1s1,finger,1,500000,152.3333,48,121.2604,96,113.0268,112,101.4,1
adapt_ax1sgbq1s1_finger_seed2_ckpt500000,ax1sgbq1s1,finger,2,500000,85.0208,48,63.5625,96,54.9375,112,2.0,1
adapt_ax1sgbq1s1_finger_seed3_ckpt500000,ax1sgbq1s1,finger,3,500000,75.4792,48,69.7292,96,66.6161,112,69.3,1
adapt_ax1sgbq1s1_finger_seed4_ckpt500000,ax1sgbq1s1,finger,4,500000,82.6875,48,108.0729,96,101.4018,112,97.9,1
adapt_ax1sgbq1s1_finger_seed5_ckpt500000,ax1sgbq1s1,finger,5,500000,61.2708,48,58.0938,96,65.875,112,80.1,1
adapt_ax1sgbq1s1_finger_seed6_ckpt500000,ax1sgbq1s1,finger,6,500000,21.4167,48,55.7917,96,50.8036,112,31.8,1
adapt_ax1sgbq1s1_finger_seed7_ckpt500000,ax1sgbq1s1,finger,7,500000,54.1667,48,65.1458,96,66.9732,112,113.4,1
adapt_ax1sgbq1s1_finger_seed8_ckpt500000,ax1sgbq1s1,finger,8,500000,73.1458,48,53.2292,96,63.8929,112,104.6,1
adapt_ax1sgbq1s1_finger_seed9_ckpt500000,ax1sgbq1s1,finger,9,500000,74.5625,48,68.9062,96,59.6875,112,4.1,1
adapt_ax1shq1s0_finger_seed1_ckpt500000,ax1shq1s0,finger,1,500000,121.8125,48,104.0938,96,108.8929,112,125.2,1
adapt_ax1shq1s0_finger_seed2_ckpt500000,ax1shq1s0,finger,2,500000,32.7917,48,49.75,96,45.1875,112,4.1,1
adapt_ax1shq1s0_finger_seed3_ckpt500000,ax1shq1s0,finger,3,500000,77.5,48,80.1562,96,77.5179,112,0.5,1
adapt_ax1shq1s0_finger_seed4_ckpt500000,ax1shq1s0,finger,4,500000,63.75,48,86.9062,96,82.4554,112,89.2,1
adapt_ax1shq1s0_finger_seed5_ckpt500000,ax1shq1s0,finger,5,500000,70.6667,48,74.3125,96,67.9196,112,47.3,1
adapt_ax1shq1s0_finger_seed6_ckpt500000,ax1shq1s0,finger,6,500000,78.0625,48,92.125,96,87.4107,112,3.5,1
adapt_ax1shq1s0_finger_seed7_ckpt500000,ax1shq1s0,finger,7,500000,141.2083,48,122.1667,96,131.5,112,100.0,1
adapt_ax1shq1s0_finger_seed8_ckpt500000,ax1shq1s0,finger,8,500000,69.3958,48,54.2292,96,64.3839,112,199.2,1
adapt_ax1shq1s0_synth_seed1_ckpt500000,ax1shq1s0,synth,1,500000,99.5417,48,219.9167,96,253.3214,112,437.7,1
adapt_ax1shq1s0_synth_seed2_ckpt500000,ax1shq1s0,synth,2,500000,80.4375,48,148.0208,96,198.0536,112,508.7,1
adapt_ax1shq1s0_synth_seed3_ckpt500000,ax1shq1s0,synth,3,500000,121.0625,48,319.8229,96,371.6964,112,674.0,1
adapt_ax1shq1s0_synth_seed4_ckpt500000,ax1shq1s0,synth,4,500000,18.7708,48,42.6667,96,50.3036,112,91.7,1
adapt_ax1shq1s0_synth_seed5_ckpt500000,ax1shq1s0,synth,5,500000,63.0833,48,270.6667,96,336.4464,112,707.8,1
adapt_ax1shq1s0_synth_seed6_ckpt500000,ax1shq1s0,synth,6,500000,56.7917,48,80.6354,96,82.0179,112,90.8,1
adapt_ax1shq1s0_synth_seed7_ckpt500000,ax1shq1s0,synth,7,500000,244.8125,48,533.9479,96,591.0357,112,937.4,1
adapt_ax1shq1s0_synth_seed8_ckpt500000,ax1shq1s0,synth,8,500000,46.6458,48,118.8854,96,142.5268,112,247.8,1
adapt_ax1shq1s1_finger_seed1_ckpt500000,ax1shq1s1,finger,1,500000,121.1667,48,126.8021,96,116.125,112,81.7,1
adapt_ax1shq1s1_finger_seed2_ckpt500000,ax1shq1s1,finger,2,500000,129.9167,48,183.8333,96,183.875,112,213.4,1
adapt_ax1shq1s1_finger_seed3_ckpt500000,ax1shq1s1,finger,3,500000,195.9167,48,162.5104,96,148.125,112,18.7,1
adapt_ax1shq1s1_finger_seed4_ckpt500000,ax1shq1s1,finger,4,500000,50.1458,48,62.4583,96,81.4196,112,192.7,1
adapt_ax1shq1s1_finger_seed5_ckpt500000,ax1shq1s1,finger,5,500000,115.8125,48,101.5208,96,108.1696,112,157.7,1
adapt_ax1shq1s1_finger_seed6_ckpt500000,ax1shq1s1,finger,6,500000,149.4375,48,128.6979,96,123.5536,112,82.5,1
adapt_ax1shq1s1_finger_seed7_ckpt500000,ax1shq1s1,finger,7,500000,61.3542,48,79.4167,96,92.8482,112,128.6,1
adapt_ax1shq1s1_finger_seed8_ckpt500000,ax1shq1s1,finger,8,500000,93.1875,48,69.875,96,87.7946,112,126.3,1
adapt_ax1shq1s1_synth_seed1_ckpt500000,ax1shq1s1,synth,1,500000,34.0417,48,64.8438,96,75.7589,112,132.5,1
adapt_ax1shq1s1_synth_seed2_ckpt500000,ax1shq1s1,synth,2,500000,7.2292,48,23.5208,96,21.6964,112,9.8,1
adapt_ax1shq1s1_synth_seed3_ckpt500000,ax1shq1s1,synth,3,500000,71.25,48,114.8854,96,122.6875,112,168.7,1
adapt_ax1shq1s1_synth_seed4_ckpt500000,ax1shq1s1,synth,4,500000,18.7292,48,26.5729,96,31.2857,112,58.2,1
adapt_ax1shq1s1_synth_seed5_ckpt500000,ax1shq1s1,synth,5,500000,0.5833,48,71.0938,96,86.7232,112,189.0,1
adapt_ax1shq1s1_synth_seed6_ckpt500000,ax1shq1s1,synth,6,500000,10.1875,48,19.5417,96,23.8571,112,45.8,1
adapt_ax1shq1s1_synth_seed7_ckpt500000,ax1shq1s1,synth,7,500000,11.9583,48,29.7917,96,37.1696,112,76.8,1
adapt_ax1shq1s1_synth_seed8_ckpt500000,ax1shq1s1,synth,8,500000,15.8125,48,25.8542,96,26.1518,112,25.9,1
adapt_ax1sidq1s0_finger_seed1_ckpt500000,ax1sidq1s0,finger,1,500000,52.25,48,54.2188,96,56.5089,112,105.8,1
adapt_ax1sidq1s0_finger_seed2_ckpt500000,ax1sidq1s0,finger,2,500000,84.3958,48,57.8854,96,76.4018,112,300.0,1
adapt_ax1sidq1s0_finger_seed3_ckpt500000,ax1sidq1s0,finger,3,500000,92.6875,48,101.3646,96,92.4196,112,61.1,1
adapt_ax1sidq1s0_finger_seed4_ckpt500000,ax1sidq1s0,finger,4,500000,62.5,48,50.6875,96,43.4464,112,0.0,1
adapt_ax1sidq1s0_finger_seed5_ckpt500000,ax1sidq1s0,finger,5,500000,93.25,48,71.8854,96,78.25,112,72.3,1
adapt_ax1sidq1s0_finger_seed6_ckpt500000,ax1sidq1s0,finger,6,500000,54.6042,48,76.4896,96,67.8125,112,16.3,1
adapt_ax1sidq1s0_finger_seed7_ckpt500000,ax1sidq1s0,finger,7,500000,63.0,48,83.125,96,73.7143,112,4.4,1
adapt_ax1sidq1s0_finger_seed8_ckpt500000,ax1sidq1s0,finger,8,500000,66.8333,48,54.3958,96,55.5536,112,0.0,1
adapt_ax1sidq1s1_finger_seed1_ckpt500000,ax1sidq1s1,finger,1,500000,78.1042,48,75.9688,96,73.6786,112,78.3,1
adapt_ax1sidq1s1_finger_seed2_ckpt500000,ax1sidq1s1,finger,2,500000,99.9583,48,101.9896,96,87.5536,112,1.5,1
adapt_ax1sidq1s1_finger_seed3_ckpt500000,ax1sidq1s1,finger,3,500000,141.5417,48,112.2292,96,96.1964,112,0.0,1
adapt_ax1sidq1s1_finger_seed4_ckpt500000,ax1sidq1s1,finger,4,500000,66.0625,48,86.2812,96,73.9554,112,0.0,1
adapt_ax1sidq1s1_finger_seed5_ckpt500000,ax1sidq1s1,finger,5,500000,42.5417,48,52.125,96,53.8036,112,102.0,1
adapt_ax1sidq1s1_finger_seed6_ckpt500000,ax1sidq1s1,finger,6,500000,73.8333,48,68.1771,96,58.4375,112,0.0,1
adapt_ax1sidq1s1_finger_seed7_ckpt500000,ax1sidq1s1,finger,7,500000,48.125,48,50.375,96,51.4554,112,2.1,1
adapt_ax1sidq1s1_finger_seed8_ckpt500000,ax1sidq1s1,finger,8,500000,23.0208,48,63.4792,96,63.375,112,100.0,1
adapt_ax1srd0q1s0_finger_seed1_ckpt500000,ax1srd0q1s0,finger,1,500000,70.375,48,79.9271,96,75.3393,112,76.0,1
adapt_ax1srd0q1s0_finger_seed2_ckpt500000,ax1srd0q1s0,finger,2,500000,44.375,48,49.8958,96,57.4643,112,82.8,1
adapt_ax1srd0q1s0_finger_seed3_ckpt500000,ax1srd0q1s0,finger,3,500000,80.375,48,71.8646,96,72.0536,112,34.9,1
adapt_ax1srd0q1s0_finger_seed4_ckpt500000,ax1srd0q1s0,finger,4,500000,103.6875,48,93.4688,96,97.9732,112,100.0,1
adapt_ax1srd0q1s0_finger_seed5_ckpt500000,ax1srd0q1s0,finger,5,500000,150.7708,48,100.5312,96,94.5357,112,9.0,1
adapt_ax1srd0q1s0_finger_seed6_ckpt500000,ax1srd0q1s0,finger,6,500000,73.75,48,74.2083,96,64.0625,112,4.9,1
adapt_ax1srd0q1s0_finger_seed7_ckpt500000,ax1srd0q1s0,finger,7,500000,32.9375,48,38.625,96,39.9732,112,3.5,1
adapt_ax1srd0q1s0_finger_seed8_ckpt500000,ax1srd0q1s0,finger,8,500000,57.7708,48,92.8646,96,96.25,112,185.7,1
adapt_ax1srd0q1s1_finger_seed1_ckpt500000,ax1srd0q1s1,finger,1,500000,66.375,48,96.0312,96,98.7946,112,90.7,1
adapt_ax1srd0q1s1_finger_seed2_ckpt500000,ax1srd0q1s1,finger,2,500000,62.3958,48,96.6458,96,106.5714,112,65.9,1
adapt_ax1srd0q1s1_finger_seed3_ckpt500000,ax1srd0q1s1,finger,3,500000,96.4792,48,92.4271,96,87.9643,112,97.9,1
adapt_ax1srd0q1s1_finger_seed4_ckpt500000,ax1srd0q1s1,finger,4,500000,71.9167,48,88.0417,96,75.4643,112,0.0,1
adapt_ax1srd0q1s1_finger_seed5_ckpt500000,ax1srd0q1s1,finger,5,500000,30.9792,48,54.4271,96,56.0268,112,105.0,1
adapt_ax1srd0q1s1_finger_seed6_ckpt500000,ax1srd0q1s1,finger,6,500000,118.7292,48,98.625,96,87.8304,112,34.9,1
adapt_ax1srd0q1s1_finger_seed7_ckpt500000,ax1srd0q1s1,finger,7,500000,80.7917,48,116.3542,96,106.7946,112,71.8,1
adapt_ax1srd0q1s1_finger_seed8_ckpt500000,ax1srd0q1s1,finger,8,500000,116.875,48,94.0521,96,97.5625,112,101.3,1
adapt_ax1srd1q1s0_finger_seed1_ckpt500000,ax1srd1q1s0,finger,1,500000,151.6042,48,87.3333,96,83.7857,112,0.0,1
adapt_ax1srd1q1s0_finger_seed2_ckpt500000,ax1srd1q1s0,finger,2,500000,95.6042,48,87.8542,96,83.9821,112,63.2,1
adapt_ax1srd1q1s0_finger_seed3_ckpt500000,ax1srd1q1s0,finger,3,500000,132.0,48,76.6042,96,84.4107,112,10.0,1
adapt_ax1srd1q1s0_finger_seed4_ckpt500000,ax1srd1q1s0,finger,4,500000,50.1042,48,69.7292,96,60.4732,112,5.4,1
adapt_ax1srd1q1s0_finger_seed5_ckpt500000,ax1srd1q1s0,finger,5,500000,81.0,48,81.3021,96,76.0982,112,52.0,1
adapt_ax1srd1q1s0_finger_seed6_ckpt500000,ax1srd1q1s0,finger,6,500000,47.5,48,48.9792,96,57.3929,112,171.4,1
adapt_ax1srd1q1s0_finger_seed7_ckpt500000,ax1srd1q1s0,finger,7,500000,76.75,48,79.0625,96,73.9018,112,60.6,1
adapt_ax1srd1q1s0_finger_seed8_ckpt500000,ax1srd1q1s0,finger,8,500000,121.875,48,84.5,96,96.1429,112,158.9,1
adapt_ax1srd1q1s1_finger_seed1_ckpt500000,ax1srd1q1s1,finger,1,500000,111.875,48,98.8854,96,100.4554,112,2.9,1
adapt_ax1srd1q1s1_finger_seed2_ckpt500000,ax1srd1q1s1,finger,2,500000,98.1458,48,111.0833,96,104.1607,112,0.2,1
adapt_ax1srd1q1s1_finger_seed3_ckpt500000,ax1srd1q1s1,finger,3,500000,84.8958,48,120.8542,96,107.8125,112,24.0,1
adapt_ax1srd1q1s1_finger_seed4_ckpt500000,ax1srd1q1s1,finger,4,500000,41.375,48,72.9167,96,80.3304,112,100.0,1
adapt_ax1srd1q1s1_finger_seed5_ckpt500000,ax1srd1q1s1,finger,5,500000,106.75,48,74.0104,96,81.3393,112,200.3,1
adapt_ax1srd1q1s1_finger_seed6_ckpt500000,ax1srd1q1s1,finger,6,500000,142.2917,48,93.4479,96,107.1518,112,198.0,1
adapt_ax1srd1q1s1_finger_seed7_ckpt500000,ax1srd1q1s1,finger,7,500000,118.75,48,77.5521,96,71.3661,112,1.7,1
adapt_ax1srd1q1s1_finger_seed8_ckpt500000,ax1srd1q1s1,finger,8,500000,119.8333,48,95.0104,96,116.8482,112,296.6,1
adapt_ax1v2q1v200s1_finger_seed1_ckpt500000,ax1v2q1v200s1,finger,1,500000,333.2917,48,327.7812,96,350.4911,112,462.5,1
adapt_ax1v2q1v200s1_finger_seed2_ckpt500000,ax1v2q1v200s1,finger,2,500000,184.0208,48,180.2708,96,172.6161,112,201.2,1
adapt_ax1v2q1v200s1_finger_seed3_ckpt500000,ax1v2q1v200s1,finger,3,500000,104.625,48,135.4583,96,141.8304,112,191.5,1
adapt_ax1v2q1v200s1_finger_seed4_ckpt500000,ax1v2q1v200s1,finger,4,500000,190.6667,48,231.3646,96,231.3571,112,240.3,1
adapt_ax1v2q1v200s1_finger_seed5_ckpt500000,ax1v2q1v200s1,finger,5,500000,259.7708,48,270.4896,96,273.125,112,293.4,1
adapt_ax1v2q1v200s1_finger_seed6_ckpt500000,ax1v2q1v200s1,finger,6,500000,97.8958,48,80.3021,96,88.7946,112,186.3,1
adapt_ax1v4q1v400s0_finger_seed1_ckpt500000,ax1v4q1v400s0,finger,1,500000,461.1667,48,664.5,96,705.0714,112,949.2,1
adapt_ax1v4q1v400s0_finger_seed2_ckpt500000,ax1v4q1v400s0,finger,2,500000,175.9375,48,464.4167,96,526.8839,112,937.4,1
adapt_ax1v4q1v400s0_finger_seed3_ckpt500000,ax1v4q1v400s0,finger,3,500000,539.2917,48,691.4375,96,709.5268,112,801.2,1
adapt_ax1v4q1v400s0_finger_seed4_ckpt500000,ax1v4q1v400s0,finger,4,500000,277.625,48,417.0,96,470.1786,112,780.1,1
adapt_ax1v4q1v400s0_finger_seed5_ckpt500000,ax1v4q1v400s0,finger,5,500000,194.375,48,279.2396,96,316.25,112,564.5,1
adapt_ax1v4q1v400s0_finger_seed6_ckpt500000,ax1v4q1v400s0,finger,6,500000,225.4167,48,220.6354,96,237.5446,112,363.6,1
adapt_ax1v4q1v400s1_finger_seed1_ckpt500000,ax1v4q1v400s1,finger,1,500000,225.1875,48,545.7812,96,592.2232,112,880.3,1
adapt_ax1v4q1v400s1_finger_seed2_ckpt500000,ax1v4q1v400s1,finger,2,500000,191.625,48,551.2708,96,596.8393,112,902.5,1
adapt_ax1v4q1v400s1_finger_seed3_ckpt500000,ax1v4q1v400s1,finger,3,500000,77.75,48,87.7604,96,100.7143,112,271.1,1
adapt_ax1v4q1v400s1_finger_seed4_ckpt500000,ax1v4q1v400s1,finger,4,500000,110.8125,48,449.375,96,506.0446,112,855.4,1
adapt_ax1v4q1v400s1_finger_seed5_ckpt500000,ax1v4q1v400s1,finger,5,500000,269.2083,48,214.0833,96,218.8036,112,197.0,1
adapt_ax1v4q1v400s1_finger_seed6_ckpt500000,ax1v4q1v400s1,finger,6,500000,562.0833,48,749.125,96,778.4286,112,952.6,1
adapt_ax1vgoq1s0_finger_seed1_ckpt500000,ax1vgoq1s0,finger,1,500000,62.1667,48,89.4375,96,76.875,112,2.4,1
adapt_ax1vgoq1s0_finger_seed2_ckpt500000,ax1vgoq1s0,finger,2,500000,48.1042,48,41.5,96,39.8482,112,1.9,1
adapt_ax1vgoq1s0_finger_seed3_ckpt500000,ax1vgoq1s0,finger,3,500000,111.9583,48,82.9792,96,84.25,112,52.1,1
adapt_ax1vgoq1s0_finger_seed4_ckpt500000,ax1vgoq1s0,finger,4,500000,81.8333,48,85.2188,96,81.9911,112,0.0,1
adapt_ax1vgoq1s0_finger_seed5_ckpt500000,ax1vgoq1s0,finger,5,500000,54.0625,48,58.1875,96,55.9196,112,44.1,1
adapt_ax1vgoq1s0_finger_seed6_ckpt500000,ax1vgoq1s0,finger,6,500000,152.5208,48,128.4167,96,119.0179,112,1.1,1
adapt_ax1vgoq1s0_finger_seed7_ckpt500000,ax1vgoq1s0,finger,7,500000,49.4583,48,85.3125,96,74.4107,112,3.7,1
adapt_ax1vgoq1s0_finger_seed8_ckpt500000,ax1vgoq1s0,finger,8,500000,75.9792,48,88.4688,96,93.6875,112,100.0,1
adapt_ax1vgoq1s1_finger_seed1_ckpt500000,ax1vgoq1s1,finger,1,500000,48.0625,48,50.7708,96,52.4107,112,99.0,1
adapt_ax1vgoq1s1_finger_seed2_ckpt500000,ax1vgoq1s1,finger,2,500000,102.3333,48,99.1146,96,102.6429,112,9.9,1
adapt_ax1vgoq1s1_finger_seed3_ckpt500000,ax1vgoq1s1,finger,3,500000,81.6667,48,61.1771,96,52.5893,112,0.8,1
adapt_ax1vgoq1s1_finger_seed4_ckpt500000,ax1vgoq1s1,finger,4,500000,66.625,48,95.7917,96,99.0625,112,188.8,1
adapt_ax1vgoq1s1_finger_seed5_ckpt500000,ax1vgoq1s1,finger,5,500000,118.6667,48,110.8021,96,104.0089,112,101.2,1
adapt_ax1vgoq1s1_finger_seed6_ckpt500000,ax1vgoq1s1,finger,6,500000,98.3542,48,96.8854,96,90.9464,112,7.3,1
adapt_ax1vgoq1s1_finger_seed7_ckpt500000,ax1vgoq1s1,finger,7,500000,38.6667,48,81.9479,96,79.6518,112,97.2,1
adapt_ax1vgoq1s1_finger_seed8_ckpt500000,ax1vgoq1s1,finger,8,500000,68.25,48,55.0521,96,56.1161,112,100.0,1
adapt_ax1w0s0_finger_seed1_ckpt500000,ax1w0s0,finger,1,500000,22.6042,48,23.8333,96,46.1786,112,188.4,1
adapt_ax1w0s0_finger_seed2_ckpt500000,ax1w0s0,finger,2,500000,123.1875,48,93.1458,96,88.7679,112,100.0,1
adapt_ax1w0s1_finger_seed1_ckpt500000,ax1w0s1,finger,1,500000,178.5,48,203.4688,96,230.9554,112,448.2,1
adapt_ax1w0s1_finger_seed2_ckpt500000,ax1w0s1,finger,2,500000,33.0625,48,81.2083,96,74.0089,112,49.3,1
adapt_ax1w10s0_cup_seed1_ckpt500000,ax1w10s0,cup,1,500000,63.8333,48,263.9688,96,349.4464,112,854.5,1
adapt_ax1w10s0_cup_seed2_ckpt500000,ax1w10s0,cup,2,500000,169.8958,48,438.9479,96,434.8304,112,425.0,1
adapt_ax1w10s0_finger_seed1_ckpt500000,ax1w10s0,finger,1,500000,79.125,48,85.0938,96,89.5089,112,156.4,1
adapt_ax1w10s0_finger_seed2_ckpt500000,ax1w10s0,finger,2,500000,46.0625,48,33.5938,96,46.6518,112,100.0,1
adapt_ax1w10s1_cup_seed1_ckpt500000,ax1w10s1,cup,1,500000,22.4792,48,235.0,96,310.0268,112,801.9,1
adapt_ax1w10s1_cup_seed2_ckpt500000,ax1w10s1,cup,2,500000,304.9792,48,214.4688,96,201.4643,112,98.7,1
adapt_ax1w10s1_finger_seed1_ckpt500000,ax1w10s1,finger,1,500000,154.6042,48,207.1458,96,185.6875,112,74.3,1
adapt_ax1w10s1_finger_seed2_ckpt500000,ax1w10s1,finger,2,500000,106.0833,48,85.6562,96,82.2679,112,0.0,1
adapt_ax1w11s0_cup_seed1_ckpt500000,ax1w11s0,cup,1,500000,78.5208,48,99.1771,96,102.1786,112,96.6,1
adapt_ax1w11s0_cup_seed2_ckpt500000,ax1w11s0,cup,2,500000,199.2292,48,486.3438,96,530.4375,112,790.3,1
adapt_ax1w11s0_finger_seed1_ckpt500000,ax1w11s0,finger,1,500000,6.4583,48,45.2083,96,45.2679,112,30.0,1
adapt_ax1w11s0_finger_seed2_ckpt500000,ax1w11s0,finger,2,500000,84.2292,48,105.8958,96,106.4107,112,79.5,1
adapt_ax1w11s1_cup_seed1_ckpt500000,ax1w11s1,cup,1,500000,142.2708,48,111.9688,96,104.8571,112,99.5,1
adapt_ax1w11s1_cup_seed2_ckpt500000,ax1w11s1,cup,2,500000,175.7917,48,179.7083,96,166.7232,112,26.3,1
adapt_ax1w11s1_finger_seed1_ckpt500000,ax1w11s1,finger,1,500000,328.5625,48,368.0729,96,355.9464,112,253.4,1
adapt_ax1w11s1_finger_seed2_ckpt500000,ax1w11s1,finger,2,500000,203.375,48,224.6042,96,210.8125,112,111.9,1
adapt_ax1w12s0_cup_seed1_ckpt500000,ax1w12s0,cup,1,500000,323.6042,48,509.1354,96,501.9286,112,411.3,1
adapt_ax1w12s0_cup_seed2_ckpt500000,ax1w12s0,cup,2,500000,99.625,48,90.5312,96,94.875,112,193.5,1
adapt_ax1w12s0_finger_seed1_ckpt500000,ax1w12s0,finger,1,500000,67.8125,48,84.7917,96,85.8571,112,89.9,1
adapt_ax1w12s0_finger_seed2_ckpt500000,ax1w12s0,finger,2,500000,87.0625,48,94.0521,96,88.4375,112,2.0,1
adapt_ax1w12s1_cup_seed1_ckpt500000,ax1w12s1,cup,1,500000,40.6667,48,153.5,96,149.25,112,198.0,1
adapt_ax1w12s1_cup_seed2_ckpt500000,ax1w12s1,cup,2,500000,70.8125,48,65.7917,96,63.8839,112,83.9,1
adapt_ax1w12s1_finger_seed1_ckpt500000,ax1w12s1,finger,1,500000,139.2083,48,172.0833,96,199.7143,112,384.6,1
adapt_ax1w12s1_finger_seed2_ckpt500000,ax1w12s1,finger,2,500000,124.1875,48,105.0833,96,108.9196,112,117.7,1
adapt_ax1w13s0_cup_seed1_ckpt500000,ax1w13s0,cup,1,500000,139.875,48,120.6146,96,118.3482,112,97.3,1
adapt_ax1w13s0_cup_seed2_ckpt500000,ax1w13s0,cup,2,500000,333.1875,48,325.9896,96,392.4821,112,721.5,1
adapt_ax1w13s0_finger_seed1_ckpt500000,ax1w13s0,finger,1,500000,51.1042,48,58.4062,96,52.4911,112,15.4,1
adapt_ax1w13s0_finger_seed2_ckpt500000,ax1w13s0,finger,2,500000,31.5,48,75.1667,96,91.4286,112,301.7,1
adapt_ax1w13s1_cup_seed1_ckpt500000,ax1w13s1,cup,1,500000,160.6458,48,182.8125,96,191.8214,112,292.6,1
adapt_ax1w13s1_cup_seed2_ckpt500000,ax1w13s1,cup,2,500000,279.625,48,244.4375,96,209.5179,112,0.0,1
adapt_ax1w13s1_finger_seed1_ckpt500000,ax1w13s1,finger,1,500000,103.8958,48,120.2708,96,119.9643,112,76.4,1
adapt_ax1w13s1_finger_seed2_ckpt500000,ax1w13s1,finger,2,500000,63.1875,48,120.6979,96,122.9821,112,188.5,1
adapt_ax1w14s0_cup_seed1_ckpt500000,ax1w14s0,cup,1,500000,139.0833,48,99.0833,96,104.2143,112,216.0,1
adapt_ax1w14s0_cup_seed2_ckpt500000,ax1w14s0,cup,2,500000,79.7917,48,120.125,96,154.3125,112,288.5,1
adapt_ax1w14s0_finger_seed1_ckpt500000,ax1w14s0,finger,1,500000,98.2083,48,111.6354,96,95.6875,112,0.0,1
adapt_ax1w14s0_finger_seed2_ckpt500000,ax1w14s0,finger,2,500000,106.6458,48,87.3958,96,93.6607,112,101.8,1
adapt_ax1w14s1_cup_seed1_ckpt500000,ax1w14s1,cup,1,500000,130.375,48,151.875,96,203.9732,112,546.2,1
adapt_ax1w14s1_cup_seed2_ckpt500000,ax1w14s1,cup,2,500000,15.2292,48,54.4896,96,54.5893,112,9.1,1
adapt_ax1w14s1_finger_seed1_ckpt500000,ax1w14s1,finger,1,500000,182.4167,48,151.0521,96,140.0893,112,73.2,1
adapt_ax1w14s1_finger_seed2_ckpt500000,ax1w14s1,finger,2,500000,138.7917,48,164.9167,96,174.8214,112,298.6,1
adapt_ax1w1s0_finger_seed1_ckpt500000,ax1w1s0,finger,1,500000,127.25,48,85.5208,96,85.9196,112,23.9,1
adapt_ax1w1s0_finger_seed2_ckpt500000,ax1w1s0,finger,2,500000,56.0625,48,84.5417,96,86.4018,112,119.5,1
adapt_ax1w1s1_finger_seed1_ckpt500000,ax1w1s1,finger,1,500000,60.6875,48,62.7188,96,62.6875,112,0.0,1
adapt_ax1w1s1_finger_seed2_ckpt500000,ax1w1s1,finger,2,500000,170.0208,48,281.3958,96,274.1161,112,181.5,1
adapt_ax1w3s0_finger_seed1_ckpt500000,ax1w3s0,finger,1,500000,85.0833,48,79.6771,96,72.2054,112,43.8,1
adapt_ax1w3s0_finger_seed2_ckpt500000,ax1w3s0,finger,2,500000,59.625,48,69.1875,96,63.6339,112,45.6,1
adapt_ax1w3s1_finger_seed1_ckpt500000,ax1w3s1,finger,1,500000,151.4167,48,106.3542,96,98.9911,112,87.7,1
adapt_ax1w3s1_finger_seed2_ckpt500000,ax1w3s1,finger,2,500000,236.1458,48,200.3125,96,205.7232,112,289.8,1
adapt_ax1w4s0_finger_seed1_ckpt500000,ax1w4s0,finger,1,500000,79.3125,48,81.3229,96,87.3929,112,198.1,1
adapt_ax1w4s0_finger_seed2_ckpt500000,ax1w4s0,finger,2,500000,53.4792,48,77.1458,96,83.8929,112,168.2,1
adapt_ax1w4s1_finger_seed1_ckpt500000,ax1w4s1,finger,1,500000,170.5,48,179.8854,96,184.1161,112,234.5,1
adapt_ax1w4s1_finger_seed2_ckpt500000,ax1w4s1,finger,2,500000,75.0208,48,99.7812,96,96.7232,112,57.4,1
adapt_ax1w5s0_cup_seed1_ckpt500000,ax1w5s0,cup,1,500000,129.3125,48,116.5,96,126.4375,112,0.0,1
adapt_ax1w5s0_cup_seed2_ckpt500000,ax1w5s0,cup,2,500000,80.6042,48,102.3229,96,105.5625,112,0.0,1
adapt_ax1w5s0_finger_seed1_ckpt500000,ax1w5s0,finger,1,500000,43.6042,48,63.8542,96,81.3125,112,101.3,1
adapt_ax1w5s0_finger_seed2_ckpt500000,ax1w5s0,finger,2,500000,121.1875,48,81.6875,96,78.9643,112,0.2,1
adapt_ax1w5s1_cup_seed1_ckpt500000,ax1w5s1,cup,1,500000,540.4167,48,747.0104,96,778.5982,112,963.0,1
adapt_ax1w5s1_cup_seed2_ckpt500000,ax1w5s1,cup,2,500000,386.75,48,629.3438,96,677.5179,112,968.1,1
adapt_ax1w5s1_finger_seed1_ckpt500000,ax1w5s1,finger,1,500000,207.9792,48,349.0521,96,336.9107,112,185.7,1
adapt_ax1w5s1_finger_seed2_ckpt500000,ax1w5s1,finger,2,500000,201.5833,48,189.5625,96,205.5179,112,482.0,1
adapt_ax1w6s0_finger_seed1_ckpt500000,ax1w6s0,finger,1,500000,50.1667,48,65.0938,96,65.5714,112,32.1,1
adapt_ax1w6s0_finger_seed2_ckpt500000,ax1w6s0,finger,2,500000,63.5625,48,78.9479,96,88.3839,112,122.8,1
adapt_ax1w6s1_finger_seed1_ckpt500000,ax1w6s1,finger,1,500000,125.8542,48,97.6042,96,83.7232,112,0.0,1
adapt_ax1w6s1_finger_seed2_ckpt500000,ax1w6s1,finger,2,500000,84.8333,48,113.7083,96,102.9732,112,22.6,1
adapt_ax1w7s0_cup_seed1_ckpt500000,ax1w7s0,cup,1,500000,523.25,48,713.9062,96,743.5804,112,933.0,1
adapt_ax1w7s0_cup_seed2_ckpt500000,ax1w7s0,cup,2,500000,120.0833,48,143.1042,96,131.5179,112,99.2,1
adapt_ax1w7s0_finger_seed1_ckpt500000,ax1w7s0,finger,1,500000,73.3958,48,51.75,96,61.9643,112,197.2,1
adapt_ax1w7s0_finger_seed2_ckpt500000,ax1w7s0,finger,2,500000,60.4375,48,83.3958,96,72.1518,112,3.5,1
adapt_ax1w7s1_cup_seed1_ckpt500000,ax1w7s1,cup,1,500000,0.0,48,254.2604,96,327.2679,112,867.5,1
adapt_ax1w7s1_cup_seed2_ckpt500000,ax1w7s1,cup,2,500000,230.0417,48,187.0312,96,195.75,112,297.8,1
adapt_ax1w7s1_finger_seed1_ckpt500000,ax1w7s1,finger,1,500000,118.7292,48,94.75,96,103.5536,112,228.8,1
adapt_ax1w7s1_finger_seed2_ckpt500000,ax1w7s1,finger,2,500000,100.2708,48,174.2396,96,181.3125,112,189.6,1
adapt_ax1w8s0_cup_seed1_ckpt500000,ax1w8s0,cup,1,500000,633.9792,48,773.9271,96,793.375,112,893.1,1
adapt_ax1w8s0_cup_seed2_ckpt500000,ax1w8s0,cup,2,500000,282.0833,48,248.4583,96,238.6339,112,99.0,1
adapt_ax1w8s0_finger_seed1_ckpt500000,ax1w8s0,finger,1,500000,71.0,48,77.2292,96,66.1964,112,0.0,1
adapt_ax1w8s0_finger_seed2_ckpt500000,ax1w8s0,finger,2,500000,63.4792,48,87.6042,96,83.4554,112,93.7,1
adapt_ax1w8s1_cup_seed1_ckpt500000,ax1w8s1,cup,1,500000,631.3125,48,712.7396,96,735.0268,112,824.3,1
adapt_ax1w8s1_cup_seed2_ckpt500000,ax1w8s1,cup,2,500000,679.3958,48,815.1146,96,835.4464,112,949.9,1
adapt_ax1w8s1_finger_seed1_ckpt500000,ax1w8s1,finger,1,500000,77.875,48,59.7917,96,60.3214,112,101.6,1
adapt_ax1w8s1_finger_seed2_ckpt500000,ax1w8s1,finger,2,500000,87.4583,48,96.1979,96,117.5893,112,297.2,1
adapt_ax1w9s0_cup_seed1_ckpt500000,ax1w9s0,cup,1,500000,145.9583,48,124.8021,96,115.7321,112,98.1,1
adapt_ax1w9s0_cup_seed2_ckpt500000,ax1w9s0,cup,2,500000,175.7292,48,466.1667,96,515.6161,112,810.9,1
adapt_ax1w9s0_finger_seed1_ckpt500000,ax1w9s0,finger,1,500000,105.375,48,129.3854,96,128.5982,112,100.0,1
adapt_ax1w9s0_finger_seed2_ckpt500000,ax1w9s0,finger,2,500000,69.3125,48,71.9896,96,88.4911,112,200.0,1
adapt_ax1w9s1_cup_seed1_ckpt500000,ax1w9s1,cup,1,500000,679.0,48,814.5,96,831.9375,112,925.6,1
adapt_ax1w9s1_cup_seed2_ckpt500000,ax1w9s1,cup,2,500000,661.3125,48,800.6979,96,821.6161,112,944.1,1
adapt_ax1w9s1_finger_seed1_ckpt500000,ax1w9s1,finger,1,500000,199.8542,48,192.9688,96,179.0357,112,64.0,1
adapt_ax1w9s1_finger_seed2_ckpt500000,ax1w9s1,finger,2,500000,59.1875,48,72.7292,96,72.7411,112,104.3,1
adapt_goalwm_finger_seed1_ckpt100000,goalwm,finger,1,100000,112.8125,48,92.4583,96,82.1429,112,7.6,1
adapt_goalwm_finger_seed2_ckpt100000,goalwm,finger,2,100000,49.9167,48,56.0833,96,74.5536,112,296.6,1
adapt_goalwm_finger_seed3_ckpt100000,goalwm,finger,3,100000,92.75,48,56.4688,96,57.3393,112,100.1,1
adapt_p2e_cup_seed1_ckpt100000,p2e,cup,1,100000,19.6667,48,9.8333,96,33.0268,112,95.1,1
adapt_p2e_cup_seed1_ckpt200000,p2e,cup,1,200000,760.4375,48,860.7292,96,876.8839,112,975.9,1
adapt_p2e_cup_seed1_ckpt300000,p2e,cup,1,300000,618.375,48,790.5312,96,815.6607,112,965.7,1
adapt_p2e_cup_seed1_ckpt400000,p2e,cup,1,400000,756.4792,48,861.6458,96,876.3571,112,964.9,1
adapt_p2e_cup_seed1_ckpt500000,p2e,cup,1,500000,183.8542,48,365.2604,96,433.4732,112,803.5,1
adapt_p2e_cup_seed2_ckpt100000,p2e,cup,2,100000,328.7083,48,638.3125,96,684.6161,112,972.4,1
adapt_p2e_cup_seed2_ckpt200000,p2e,cup,2,200000,439.2917,48,702.4688,96,739.4911,112,959.0,1
adapt_p2e_cup_seed2_ckpt300000,p2e,cup,2,300000,728.3125,48,845.1875,96,861.9196,112,967.5,1
adapt_p2e_cup_seed2_ckpt400000,p2e,cup,2,400000,281.2917,48,621.8854,96,670.4018,112,961.6,1
adapt_p2e_cup_seed2_ckpt500000,p2e,cup,2,500000,135.0208,48,538.5417,96,599.9732,112,970.5,1
adapt_p2e_cup_seed3_ckpt100000,p2e,cup,3,100000,577.5,48,768.2812,96,795.7054,112,956.5,1
adapt_p2e_cup_seed3_ckpt200000,p2e,cup,3,200000,140.5208,48,499.6771,96,567.5446,112,977.1,1
adapt_p2e_cup_seed3_ckpt300000,p2e,cup,3,300000,469.4792,48,714.6771,96,751.6607,112,969.5,1
adapt_p2e_cup_seed3_ckpt400000,p2e,cup,3,400000,383.4583,48,677.1875,96,718.9196,112,971.6,1
adapt_p2e_cup_seed3_ckpt500000,p2e,cup,3,500000,338.5417,48,651.7604,96,697.75,112,974.4,1
adapt_p2e_cup_seed4_ckpt100000,p2e,cup,4,100000,221.0,48,493.3958,96,560.0893,112,961.0,1
adapt_p2e_cup_seed4_ckpt200000,p2e,cup,4,200000,691.3958,48,829.2188,96,849.7232,112,969.9,1
adapt_p2e_cup_seed4_ckpt300000,p2e,cup,4,300000,658.0,48,815.3854,96,838.3571,112,977.3,1
adapt_p2e_cup_seed4_ckpt400000,p2e,cup,4,400000,694.4583,48,832.7188,96,853.8571,112,980.2,1
adapt_p2e_cup_seed4_ckpt500000,p2e,cup,4,500000,476.5417,48,725.7917,96,761.75,112,976.2,1
adapt_p2e_cup_seed5_ckpt100000,p2e,cup,5,100000,703.5417,48,835.8229,96,853.9554,112,964.0,1
adapt_p2e_cup_seed5_ckpt200000,p2e,cup,5,200000,601.6042,48,784.2083,96,811.0446,112,973.0,1
adapt_p2e_cup_seed5_ckpt300000,p2e,cup,5,300000,105.2083,48,387.5625,96,470.5179,112,959.8,1
adapt_p2e_cup_seed5_ckpt400000,p2e,cup,5,400000,381.8958,48,673.2708,96,716.3214,112,974.3,1
adapt_p2e_cup_seed5_ckpt500000,p2e,cup,5,500000,329.4375,48,621.6042,96,672.1518,112,976.0,1
adapt_p2e_finger_seed1_ckpt100000,p2e,finger,1,100000,116.1875,48,111.6771,96,96.0625,112,3.7,1
adapt_p2e_finger_seed1_ckpt200000,p2e,finger,1,200000,41.0,48,51.9688,96,80.1071,112,398.3,1
adapt_p2e_finger_seed1_ckpt300000,p2e,finger,1,300000,157.1042,48,108.875,96,120.1071,112,200.0,1
adapt_p2e_finger_seed1_ckpt400000,p2e,finger,1,400000,65.8958,48,68.9375,96,64.9286,112,26.0,1
adapt_p2e_finger_seed1_ckpt500000,p2e,finger,1,500000,53.7292,48,79.6042,96,68.2321,112,0.0,1
adapt_p2e_finger_seed2_ckpt100000,p2e,finger,2,100000,79.6458,48,56.0521,96,58.4821,112,94.1,1
adapt_p2e_finger_seed2_ckpt200000,p2e,finger,2,200000,71.9792,48,70.3854,96,78.125,112,101.5,1
adapt_p2e_finger_seed2_ckpt300000,p2e,finger,2,300000,45.0208,48,43.3646,96,37.1875,112,0.2,1
adapt_p2e_finger_seed2_ckpt400000,p2e,finger,2,400000,28.8542,48,62.875,96,63.6607,112,109.4,1
adapt_p2e_finger_seed2_ckpt500000,p2e,finger,2,500000,45.5625,48,112.2708,96,116.0446,112,164.9,1
adapt_p2e_finger_seed3_ckpt100000,p2e,finger,3,100000,140.5833,48,117.875,96,102.625,112,17.8,1
adapt_p2e_finger_seed3_ckpt200000,p2e,finger,3,200000,104.3542,48,74.1146,96,63.5268,112,0.0,1
adapt_p2e_finger_seed3_ckpt300000,p2e,finger,3,300000,52.875,48,71.2396,96,76.3036,112,102.7,1
adapt_p2e_finger_seed3_ckpt400000,p2e,finger,3,400000,73.9792,48,62.3646,96,62.3839,112,0.0,1
adapt_p2e_finger_seed3_ckpt500000,p2e,finger,3,500000,90.6875,48,73.5833,96,76.0804,112,145.4,1
adapt_p2e_finger_seed4_ckpt100000,p2e,finger,4,100000,110.6667,48,71.0417,96,67.7232,112,37.0,1
adapt_p2e_finger_seed4_ckpt200000,p2e,finger,4,200000,63.875,48,63.9896,96,59.7857,112,55.3,1
adapt_p2e_finger_seed4_ckpt300000,p2e,finger,4,300000,105.25,48,84.3125,96,77.0625,112,53.3,1
adapt_p2e_finger_seed4_ckpt400000,p2e,finger,4,400000,76.3333,48,109.2604,96,102.5804,112,0.0,1
adapt_p2e_finger_seed4_ckpt500000,p2e,finger,4,500000,75.2292,48,117.4479,96,120.2054,112,122.3,1
adapt_p2e_finger_seed5_ckpt100000,p2e,finger,5,100000,78.2292,48,64.7917,96,55.5357,112,0.0,1
adapt_p2e_finger_seed5_ckpt200000,p2e,finger,5,200000,64.5417,48,55.0208,96,57.8839,112,119.8,1
adapt_p2e_finger_seed5_ckpt300000,p2e,finger,5,300000,90.6042,48,78.2292,96,73.6875,112,71.8,1
adapt_p2e_finger_seed5_ckpt400000,p2e,finger,5,400000,82.8958,48,70.3958,96,65.2054,112,49.4,1
adapt_p2e_finger_seed5_ckpt500000,p2e,finger,5,500000,93.2917,48,89.6875,96,76.875,112,0.0,1
adapt_p2e_reacher_seed1_ckpt100000,p2e,reacher,1,100000,13.7917,48,46.5729,96,63.1964,112,79.1,1
adapt_p2e_reacher_seed1_ckpt200000,p2e,reacher,1,200000,27.6667,48,161.2188,96,195.375,112,435.7,1
adapt_p2e_reacher_seed1_ckpt300000,p2e,reacher,1,300000,38.75,48,176.8646,96,216.7143,112,486.0,1
adapt_p2e_reacher_seed1_ckpt400000,p2e,reacher,1,400000,16.9583,48,28.7396,96,34.6161,112,52.1,1
adapt_p2e_reacher_seed1_ckpt500000,p2e,reacher,1,500000,20.5,48,37.6979,96,46.75,112,136.1,1
adapt_p2e_reacher_seed2_ckpt100000,p2e,reacher,2,100000,50.8125,48,143.2292,96,156.9286,112,219.4,1
adapt_p2e_reacher_seed2_ckpt200000,p2e,reacher,2,200000,29.75,48,131.6042,96,156.3125,112,258.1,1
adapt_p2e_reacher_seed2_ckpt300000,p2e,reacher,2,300000,24.5833,48,94.125,96,91.3125,112,67.8,1
adapt_p2e_reacher_seed2_ckpt400000,p2e,reacher,2,400000,8.3542,48,57.8958,96,87.7679,112,294.3,1
adapt_p2e_reacher_seed2_ckpt500000,p2e,reacher,2,500000,29.7708,48,70.9167,96,78.7679,112,116.2,1
adapt_p2e_reacher_seed3_ckpt100000,p2e,reacher,3,100000,30.125,48,48.3854,96,68.6339,112,173.9,1
adapt_p2e_reacher_seed3_ckpt200000,p2e,reacher,3,200000,31.9583,48,127.5625,96,151.3571,112,168.0,1
adapt_p2e_reacher_seed3_ckpt300000,p2e,reacher,3,300000,37.7917,48,45.4375,96,43.375,112,35.8,1
adapt_p2e_reacher_seed3_ckpt400000,p2e,reacher,3,400000,46.2917,48,27.8854,96,30.9107,112,78.5,1
adapt_p2e_reacher_seed3_ckpt500000,p2e,reacher,3,500000,14.375,48,11.3854,96,15.7411,112,10.2,1
adapt_p2e_reacher_seed4_ckpt100000,p2e,reacher,4,100000,20.25,48,62.0729,96,82.5179,112,202.0,1
adapt_p2e_reacher_seed4_ckpt200000,p2e,reacher,4,200000,55.6042,48,64.8438,96,78.3036,112,150.8,1
adapt_p2e_reacher_seed4_ckpt300000,p2e,reacher,4,300000,11.0417,48,15.2917,96,14.8393,112,16.8,1
adapt_p2e_reacher_seed4_ckpt400000,p2e,reacher,4,400000,67.625,48,135.1667,96,176.4732,112,353.4,1
adapt_p2e_reacher_seed4_ckpt500000,p2e,reacher,4,500000,26.2708,48,27.5104,96,28.0089,112,47.9,1
adapt_p2e_reacher_seed5_ckpt100000,p2e,reacher,5,100000,45.1667,48,137.6979,96,179.5179,112,464.7,1
adapt_p2e_reacher_seed5_ckpt200000,p2e,reacher,5,200000,28.0,48,107.2188,96,125.9732,112,232.5,1
adapt_p2e_reacher_seed5_ckpt300000,p2e,reacher,5,300000,150.4375,48,288.4479,96,329.1339,112,579.6,1
adapt_p2e_reacher_seed5_ckpt400000,p2e,reacher,5,400000,13.375,48,18.3229,96,19.2857,112,13.0,1
adapt_p2e_reacher_seed5_ckpt500000,p2e,reacher,5,500000,167.8958,48,298.3125,96,298.3661,112,152.9,1
adapt_p2e_walker_seed1_ckpt100000,p2e,walker,1,100000,130.9635,48,162.3724,96,161.2705,112,158.8005,1
adapt_p2e_walker_seed1_ckpt200000,p2e,walker,1,200000,114.5613,48,116.7599,96,119.1872,112,116.0131,1
adapt_p2e_walker_seed1_ckpt300000,p2e,walker,1,300000,121.326,48,168.9237,96,178.0015,112,241.7949,1
adapt_p2e_walker_seed1_ckpt400000,p2e,walker,1,400000,217.0648,48,302.1789,96,319.1726,112,415.2804,1
adapt_p2e_walker_seed1_ckpt500000,p2e,walker,1,500000,289.5625,48,370.3523,96,394.3065,112,525.7905,1
adapt_p2e_walker_seed2_ckpt100000,p2e,walker,2,100000,112.6412,48,110.1638,96,104.3345,112,67.3043,1
adapt_p2e_walker_seed2_ckpt200000,p2e,walker,2,200000,82.0196,48,94.3456,96,94.9005,112,105.9417,1
adapt_p2e_walker_seed2_ckpt300000,p2e,walker,2,300000,122.2087,48,145.9139,96,145.4187,112,140.4479,1
adapt_p2e_walker_seed2_ckpt400000,p2e,walker,2,400000,223.1989,48,297.058,96,309.2053,112,380.5112,1
adapt_p2e_walker_seed2_ckpt500000,p2e,walker,2,500000,178.093,48,228.4956,96,246.9983,112,357.0164,1
adapt_p2e_walker_seed3_ckpt100000,p2e,walker,3,100000,120.4433,48,117.3703,96,115.2879,112,112.6461,1
adapt_p2e_walker_seed3_ckpt200000,p2e,walker,3,200000,113.3634,48,103.1016,96,101.7817,112,98.9756,1
adapt_p2e_walker_seed3_ckpt300000,p2e,walker,3,300000,143.9591,48,162.9151,96,163.1989,112,162.4542,1
adapt_p2e_walker_seed3_ckpt400000,p2e,walker,3,400000,212.584,48,272.4436,96,280.2813,112,329.1886,1
adapt_p2e_walker_seed3_ckpt500000,p2e,walker,3,500000,160.9473,48,245.8347,96,255.4978,112,306.3287,1
adapt_p2e_walker_seed4_ckpt100000,p2e,walker,4,100000,85.4915,48,99.6539,96,101.3424,112,139.706,1
adapt_p2e_walker_seed4_ckpt200000,p2e,walker,4,200000,130.0646,48,135.5002,96,127.6744,112,80.6717,1
adapt_p2e_walker_seed4_ckpt300000,p2e,walker,4,300000,126.4846,48,143.5287,96,150.1289,112,201.4394,1
adapt_p2e_walker_seed4_ckpt400000,p2e,walker,4,400000,258.7536,48,336.797,96,351.1209,112,445.9295,1
adapt_p2e_walker_seed4_ckpt500000,p2e,walker,4,500000,268.8359,48,398.0798,96,425.9412,112,600.9021,1
adapt_p2e_walker_seed5_ckpt100000,p2e,walker,5,100000,88.6729,48,85.8737,96,82.8404,112,59.1294,1
adapt_p2e_walker_seed5_ckpt200000,p2e,walker,5,200000,108.2362,48,107.2186,96,110.5254,112,149.7585,1
adapt_p2e_walker_seed5_ckpt300000,p2e,walker,5,300000,116.9139,48,145.3246,96,145.2307,112,162.3633,1
adapt_p2e_walker_seed5_ckpt400000,p2e,walker,5,400000,149.2398,48,168.875,96,171.862,112,181.1275,1
adapt_p2e_walker_seed5_ckpt500000,p2e,walker,5,500000,328.4676,48,411.9577,96,427.8041,112,496.9565,1
adapt_p2elong_finger_seed1_ckpt500000,p2elong,finger,1,500000,81.3125,48,82.5104,96,84.5625,112,99.2,1
adapt_random_cup_seed1_ckpt100000,random,cup,1,100000,100.4792,48,112.1042,96,113.8929,112,199.4,1
adapt_random_cup_seed1_ckpt200000,random,cup,1,200000,124.3125,48,103.5521,96,97.6607,112,99.7,1
adapt_random_cup_seed1_ckpt300000,random,cup,1,300000,74.875,48,142.8854,96,140.1607,112,98.7,1
adapt_random_cup_seed1_ckpt400000,random,cup,1,400000,77.8542,48,162.0312,96,165.0268,112,292.8,1
adapt_random_cup_seed1_ckpt500000,random,cup,1,500000,185.0625,48,412.1979,96,424.8929,112,536.9,1
adapt_random_cup_seed2_ckpt100000,random,cup,2,100000,61.5625,48,51.5104,96,70.8571,112,199.3,1
adapt_random_cup_seed2_ckpt200000,random,cup,2,200000,60.6458,48,61.0208,96,96.3393,112,295.8,1
adapt_random_cup_seed2_ckpt300000,random,cup,2,300000,119.7292,48,131.4167,96,139.2054,112,297.5,1
adapt_random_cup_seed2_ckpt400000,random,cup,2,400000,125.2083,48,195.8333,96,238.0536,112,393.6,1
adapt_random_cup_seed2_ckpt500000,random,cup,2,500000,220.0417,48,284.2188,96,278.6964,112,196.0,1
adapt_random_cup_seed3_ckpt100000,random,cup,3,100000,38.0208,48,91.0104,96,86.8214,112,98.7,1
adapt_random_cup_seed3_ckpt200000,random,cup,3,200000,59.1667,48,111.4479,96,122.0089,112,98.9,1
adapt_random_cup_seed3_ckpt300000,random,cup,3,300000,61.4792,48,133.0938,96,122.7411,112,0.0,1
adapt_random_cup_seed3_ckpt400000,random,cup,3,400000,39.2917,48,100.5729,96,112.6696,112,197.9,1
adapt_random_cup_seed3_ckpt500000,random,cup,3,500000,272.7917,48,267.6146,96,264.6161,112,295.6,1
adapt_random_cup_seed4_ckpt100000,random,cup,4,100000,80.7708,48,91.6979,96,96.2054,112,197.2,1
adapt_random_cup_seed4_ckpt200000,random,cup,4,200000,201.4167,48,203.5208,96,200.8661,112,295.9,1
adapt_random_cup_seed4_ckpt300000,random,cup,4,300000,164.25,48,195.2188,96,167.3304,112,0.0,1
adapt_random_cup_seed4_ckpt400000,random,cup,4,400000,81.2083,48,153.3333,96,149.0625,112,98.8,1
adapt_random_cup_seed4_ckpt500000,random,cup,4,500000,162.5833,48,205.1667,96,219.9821,112,296.7,1
adapt_random_cup_seed5_ckpt100000,random,cup,5,100000,319.8333,48,232.0625,96,216.6786,112,199.0,1
adapt_random_cup_seed5_ckpt200000,random,cup,5,200000,18.1042,48,54.9688,96,47.1161,112,0.0,1
adapt_random_cup_seed5_ckpt300000,random,cup,5,300000,120.4167,48,131.9792,96,130.7589,112,98.4,1
adapt_random_cup_seed5_ckpt400000,random,cup,5,400000,209.5,48,330.3333,96,405.3304,112,832.4,1
adapt_random_cup_seed5_ckpt500000,random,cup,5,500000,375.4792,48,299.5104,96,283.125,112,197.0,1
adapt_random_finger_seed1_ckpt100000,random,finger,1,100000,145.3333,48,120.2396,96,105.0357,112,13.5,1
adapt_random_finger_seed1_ckpt200000,random,finger,1,200000,145.8958,48,87.4896,96,78.3839,112,20.2,1
adapt_random_finger_seed1_ckpt300000,random,finger,1,300000,74.5833,48,101.5938,96,106.25,112,117.1,1
adapt_random_finger_seed1_ckpt400000,random,finger,1,400000,68.2917,48,65.1875,96,77.1161,112,143.5,1
adapt_random_finger_seed1_ckpt500000,random,finger,1,500000,90.8333,48,124.7917,96,116.1518,112,87.6,1
adapt_random_finger_seed2_ckpt100000,random,finger,2,100000,39.4792,48,61.4062,96,79.4196,112,100.0,1
adapt_random_finger_seed2_ckpt200000,random,finger,2,200000,117.7917,48,103.2708,96,97.5268,112,100.9,1
adapt_random_finger_seed2_ckpt300000,random,finger,2,300000,61.2083,48,58.3854,96,67.8304,112,99.2,1
adapt_random_finger_seed2_ckpt400000,random,finger,2,400000,86.7917,48,74.8542,96,82.0179,112,200.0,1
adapt_random_finger_seed2_ckpt500000,random,finger,2,500000,99.375,48,60.4271,96,53.0982,112,0.3,1
adapt_random_finger_seed3_ckpt100000,random,finger,3,100000,85.5,48,63.8542,96,63.625,112,99.6,1
adapt_random_finger_seed3_ckpt200000,random,finger,3,200000,142.9583,48,102.5312,96,87.9107,112,0.0,1
adapt_random_finger_seed3_ckpt300000,random,finger,3,300000,60.6667,48,121.7604,96,113.8839,112,68.3,1
adapt_random_finger_seed3_ckpt400000,random,finger,3,400000,138.2083,48,88.4271,96,76.1786,112,2.6,1
adapt_random_finger_seed3_ckpt500000,random,finger,3,500000,81.2292,48,82.5208,96,88.3482,112,0.0,1
adapt_random_finger_seed4_ckpt100000,random,finger,4,100000,55.1458,48,59.6562,96,53.9018,112,25.2,1
adapt_random_finger_seed4_ckpt200000,random,finger,4,200000,40.1042,48,60.5833,96,51.9286,112,0.0,1
adapt_random_finger_seed4_ckpt300000,random,finger,4,300000,82.0833,48,87.9688,96,75.5179,112,0.0,1
adapt_random_finger_seed4_ckpt400000,random,finger,4,400000,80.5625,48,92.4688,96,92.625,112,82.3,1
adapt_random_finger_seed4_ckpt500000,random,finger,4,500000,40.7917,48,81.1042,96,83.9375,112,125.3,1
adapt_random_finger_seed5_ckpt100000,random,finger,5,100000,79.9167,48,81.5521,96,69.9018,112,0.0,1
adapt_random_finger_seed5_ckpt200000,random,finger,5,200000,59.8542,48,71.5104,96,77.5179,112,181.3,1
adapt_random_finger_seed5_ckpt300000,random,finger,5,300000,54.0833,48,56.3333,96,72.125,112,252.7,1
adapt_random_finger_seed5_ckpt400000,random,finger,5,400000,138.4167,48,104.125,96,89.3214,112,0.0,1
adapt_random_finger_seed5_ckpt500000,random,finger,5,500000,95.9375,48,107.4271,96,117.9464,112,199.7,1
adapt_random_reacher_seed1_ckpt100000,random,reacher,1,100000,28.2917,48,28.3646,96,30.625,112,70.7,1
adapt_random_reacher_seed1_ckpt200000,random,reacher,1,200000,24.125,48,25.7812,96,24.1786,112,12.5,1
adapt_random_reacher_seed1_ckpt300000,random,reacher,1,300000,26.7917,48,17.875,96,18.1875,112,7.7,1
adapt_random_reacher_seed1_ckpt400000,random,reacher,1,400000,14.3958,48,32.3646,96,43.7589,112,138.8,1
adapt_random_reacher_seed1_ckpt500000,random,reacher,1,500000,13.4167,48,18.1771,96,18.7321,112,26.9,1
adapt_random_reacher_seed2_ckpt100000,random,reacher,2,100000,9.7708,48,31.9792,96,34.7679,112,56.2,1
adapt_random_reacher_seed2_ckpt200000,random,reacher,2,200000,28.8333,48,112.375,96,136.5714,112,304.4,1
adapt_random_reacher_seed2_ckpt300000,random,reacher,2,300000,11.375,48,14.9792,96,29.0625,112,171.4,1
adapt_random_reacher_seed2_ckpt400000,random,reacher,2,400000,27.9375,48,50.6771,96,70.875,112,155.7,1
adapt_random_reacher_seed2_ckpt500000,random,reacher,2,500000,23.625,48,21.2604,96,23.0446,112,43.7,1
adapt_random_reacher_seed3_ckpt100000,random,reacher,3,100000,23.1667,48,24.9583,96,21.9732,112,5.1,1
adapt_random_reacher_seed3_ckpt200000,random,reacher,3,200000,17.8333,48,57.3646,96,54.5625,112,59.7,1
adapt_random_reacher_seed3_ckpt300000,random,reacher,3,300000,13.6458,48,50.5833,96,50.9821,112,3.0,1
adapt_random_reacher_seed3_ckpt400000,random,reacher,3,400000,27.125,48,53.2083,96,85.3214,112,279.5,1
adapt_random_reacher_seed3_ckpt500000,random,reacher,3,500000,12.0208,48,32.9688,96,40.5893,112,52.1,1
adapt_random_reacher_seed4_ckpt100000,random,reacher,4,100000,20.9375,48,25.6562,96,33.875,112,92.3,1
adapt_random_reacher_seed4_ckpt200000,random,reacher,4,200000,26.6458,48,67.6771,96,67.4911,112,105.6,1
adapt_random_reacher_seed4_ckpt300000,random,reacher,4,300000,14.9583,48,46.4896,96,57.2054,112,85.7,1
adapt_random_reacher_seed4_ckpt400000,random,reacher,4,400000,14.9792,48,14.1042,96,15.9643,112,21.8,1
adapt_random_reacher_seed4_ckpt500000,random,reacher,4,500000,16.4375,48,58.7292,96,74.4286,112,110.0,1
adapt_random_reacher_seed5_ckpt100000,random,reacher,5,100000,8.1875,48,9.2083,96,10.0804,112,17.4,1
adapt_random_reacher_seed5_ckpt200000,random,reacher,5,200000,40.3542,48,77.3854,96,86.5625,112,140.5,1
adapt_random_reacher_seed5_ckpt300000,random,reacher,5,300000,65.8958,48,71.8542,96,91.2857,112,215.7,1
adapt_random_reacher_seed5_ckpt400000,random,reacher,5,400000,12.9167,48,12.1667,96,12.125,112,10.4,1
adapt_random_reacher_seed5_ckpt500000,random,reacher,5,500000,24.75,48,104.1458,96,134.4911,112,202.3,1
adapt_random_walker_seed1_ckpt100000,random,walker,1,100000,83.1488,48,115.8021,96,120.0953,112,148.5139,1
adapt_random_walker_seed1_ckpt200000,random,walker,1,200000,121.8872,48,108.1031,96,101.4823,112,63.9848,1
adapt_random_walker_seed1_ckpt300000,random,walker,1,300000,121.1332,48,118.4032,96,126.91,112,177.0014,1
adapt_random_walker_seed1_ckpt400000,random,walker,1,400000,137.8647,48,143.192,96,161.6471,112,262.7903,1
adapt_random_walker_seed1_ckpt500000,random,walker,1,500000,144.6726,48,137.7997,96,167.8289,112,352.0967,1
adapt_random_walker_seed2_ckpt100000,random,walker,2,100000,83.949,48,109.8412,96,118.4601,112,161.7174,1
adapt_random_walker_seed2_ckpt200000,random,walker,2,200000,71.6167,48,70.9519,96,70.3784,112,66.7426,1
adapt_random_walker_seed2_ckpt300000,random,walker,2,300000,109.3136,48,124.5427,96,123.6835,112,126.1415,1
adapt_random_walker_seed2_ckpt400000,random,walker,2,400000,103.9992,48,124.3783,96,119.9264,112,81.9059,1
adapt_random_walker_seed2_ckpt500000,random,walker,2,500000,141.9712,48,132.7689,96,132.0331,112,108.7518,1
adapt_random_walker_seed3_ckpt100000,random,walker,3,100000,94.4894,48,89.8827,96,87.2812,112,67.6689,1
adapt_random_walker_seed3_ckpt200000,random,walker,3,200000,140.8891,48,167.9693,96,167.6565,112,172.7483,1
adapt_random_walker_seed3_ckpt300000,random,walker,3,300000,174.0582,48,195.9641,96,205.8509,112,252.6833,1
adapt_random_walker_seed3_ckpt400000,random,walker,3,400000,73.5779,48,153.717,96,160.1969,112,206.3013,1
adapt_random_walker_seed3_ckpt500000,random,walker,3,500000,127.6464,48,109.5384,96,107.6082,112,100.2852,1
adapt_random_walker_seed4_ckpt100000,random,walker,4,100000,84.3475,48,94.4186,96,94.2706,112,103.8698,1
adapt_random_walker_seed4_ckpt200000,random,walker,4,200000,79.5221,48,93.5529,96,96.8691,112,98.6381,1
adapt_random_walker_seed4_ckpt300000,random,walker,4,300000,63.2689,48,56.6794,96,57.684,112,60.3725,1
adapt_random_walker_seed4_ckpt400000,random,walker,4,400000,138.8385,48,246.5821,96,273.3506,112,437.4374,1
adapt_random_walker_seed4_ckpt500000,random,walker,4,500000,183.8167,48,200.8839,96,192.2793,112,141.6049,1
adapt_random_walker_seed5_ckpt100000,random,walker,5,100000,81.8708,48,108.0737,96,109.8062,112,127.7335,1
adapt_random_walker_seed5_ckpt200000,random,walker,5,200000,105.7402,48,113.4795,96,114.835,112,127.9594,1
adapt_random_walker_seed5_ckpt300000,random,walker,5,300000,112.7945,48,144.1489,96,146.3759,112,163.7851,1
adapt_random_walker_seed5_ckpt400000,random,walker,5,400000,117.0275,48,115.4547,96,114.3564,112,99.4513,1
adapt_random_walker_seed5_ckpt500000,random,walker,5,500000,156.7485,48,198.0661,96,199.8381,112,258.5995,1
adapt_tm2awareq1s0_finger_seed10_ckpt500000,tm2awareq1s0,finger,10,500000,171.0781,64,202.5625,112,203.2578,128,201.1,1
adapt_tm2awareq1s0_finger_seed11_ckpt500000,tm2awareq1s0,finger,11,500000,193.7188,64,233.0804,112,220.4375,128,111.1,1
adapt_tm2awareq1s0_finger_seed12_ckpt500000,tm2awareq1s0,finger,12,500000,100.5469,64,251.25,112,288.1172,128,480.5,1
adapt_tm2awareq1s0_finger_seed13_ckpt500000,tm2awareq1s0,finger,13,500000,88.6562,32,88.6562,32,88.6562,32,99.2,1
adapt_tm2awareq1s0_finger_seed14_ckpt500000,tm2awareq1s0,finger,14,500000,156.25,32,156.25,32,156.25,32,398.7,1
adapt_tm2awareq1s0_finger_seed15_ckpt500000,tm2awareq1s0,finger,15,500000,154.7188,32,154.7188,32,154.7188,32,98.9,1
adapt_tm2awareq1s0_finger_seed16_ckpt500000,tm2awareq1s0,finger,16,500000,186.7969,64,213.875,112,212.125,128,142.3,1
adapt_tm2awareq1s0_finger_seed1_ckpt500000,tm2awareq1s0,finger,1,500000,215.0469,64,234.7321,112,232.25,128,275.3,1
adapt_tm2awareq1s0_finger_seed2_ckpt500000,tm2awareq1s0,finger,2,500000,181.4531,64,273.1964,112,268.0234,128,172.5,1
adapt_tm2awareq1s0_finger_seed3_ckpt500000,tm2awareq1s0,finger,3,500000,156.5469,64,198.2143,112,212.3203,128,297.7,1
adapt_tm2awareq1s0_finger_seed4_ckpt500000,tm2awareq1s0,finger,4,500000,97.4062,64,195.5089,112,232.9141,128,394.1,1
adapt_tm2awareq1s0_finger_seed5_ckpt500000,tm2awareq1s0,finger,5,500000,201.4531,64,219.7143,112,235.8828,128,294.9,1
adapt_tm2awareq1s0_finger_seed6_ckpt500000,tm2awareq1s0,finger,6,500000,239.0312,64,257.3571,112,263.2188,128,385.6,1
adapt_tm2awareq1s0_finger_seed7_ckpt500000,tm2awareq1s0,finger,7,500000,167.5781,64,211.1161,112,192.5391,128,100.0,1
adapt_tm2awareq1s0_finger_seed8_ckpt500000,tm2awareq1s0,finger,8,500000,78.9062,64,106.0625,112,100.6094,128,99.9,1
adapt_tm2awareq1s0_finger_seed9_ckpt500000,tm2awareq1s0,finger,9,500000,198.4688,64,243.9375,112,290.5,128,591.4,1
adapt_tm2awareq1s1_finger_seed10_ckpt500000,tm2awareq1s1,finger,10,500000,113.375,64,231.4375,112,264.6016,128,396.2,1
adapt_tm2awareq1s1_finger_seed11_ckpt500000,tm2awareq1s1,finger,11,500000,167.0938,64,250.875,112,260.5078,128,294.6,1
adapt_tm2awareq1s1_finger_seed12_ckpt500000,tm2awareq1s1,finger,12,500000,107.0312,64,245.4732,112,244.3281,128,294.4,1
adapt_tm2awareq1s1_finger_seed13_ckpt500000,tm2awareq1s1,finger,13,500000,232.2812,64,232.2812,64,232.2812,64,309.3,1
adapt_tm2awareq1s1_finger_seed14_ckpt500000,tm2awareq1s1,finger,14,500000,62.2083,48,62.2083,48,62.2083,48,99.1,1
adapt_tm2awareq1s1_finger_seed15_ckpt500000,tm2awareq1s1,finger,15,500000,102.2917,48,102.2917,48,102.2917,48,94.6,1
adapt_tm2awareq1s1_finger_seed16_ckpt500000,tm2awareq1s1,finger,16,500000,197.2188,64,268.3125,96,268.3125,96,305.6,1
adapt_tm2awareq1s1_finger_seed1_ckpt500000,tm2awareq1s1,finger,1,500000,276.6562,64,283.6429,112,308.1719,128,579.3,1
adapt_tm2awareq1s1_finger_seed2_ckpt500000,tm2awareq1s1,finger,2,500000,178.9219,64,247.4375,112,270.8594,128,595.7,1
adapt_tm2awareq1s1_finger_seed3_ckpt500000,tm2awareq1s1,finger,3,500000,178.5938,64,284.5893,112,279.8672,128,197.4,1
adapt_tm2awareq1s1_finger_seed4_ckpt500000,tm2awareq1s1,finger,4,500000,122.9375,64,213.8036,112,202.4141,128,97.9,1
adapt_tm2awareq1s1_finger_seed5_ckpt500000,tm2awareq1s1,finger,5,500000,167.0156,64,203.7411,112,224.6875,128,196.6,1
adapt_tm2awareq1s1_finger_seed6_ckpt500000,tm2awareq1s1,finger,6,500000,184.3281,64,266.0804,112,286.2422,128,494.0,1
adapt_tm2awareq1s1_finger_seed7_ckpt500000,tm2awareq1s1,finger,7,500000,154.9844,64,248.375,112,240.3203,128,294.3,1
adapt_tm2awareq1s1_finger_seed8_ckpt500000,tm2awareq1s1,finger,8,500000,174.6719,64,230.8304,112,235.9297,128,335.3,1
adapt_tm2awareq1s1_finger_seed9_ckpt500000,tm2awareq1s1,finger,9,500000,187.7031,64,169.6518,112,184.9688,128,351.4,1
adapt_tm2freeq1s0_finger_seed10_ckpt500000,tm2freeq1s0,finger,10,500000,64.8594,64,75.3661,112,73.7969,128,100.0,1
adapt_tm2freeq1s0_finger_seed11_ckpt500000,tm2freeq1s0,finger,11,500000,31.4062,64,44.9554,112,57.5391,128,133.5,1
adapt_tm2freeq1s0_finger_seed12_ckpt500000,tm2freeq1s0,finger,12,500000,25.5781,64,50.4911,112,44.3281,128,1.9,1
adapt_tm2freeq1s0_finger_seed13_ckpt500000,tm2freeq1s0,finger,13,500000,168.0,48,168.0,48,168.0,48,199.2,1
adapt_tm2freeq1s0_finger_seed14_ckpt500000,tm2freeq1s0,finger,14,500000,108.3594,64,101.5446,112,98.375,128,0.0,1
adapt_tm2freeq1s0_finger_seed15_ckpt500000,tm2freeq1s0,finger,15,500000,114.3906,64,119.0,112,119.1641,128,92.5,1
adapt_tm2freeq1s0_finger_seed16_ckpt500000,tm2freeq1s0,finger,16,500000,81.8594,64,115.6964,112,101.2344,128,0.0,1
adapt_tm2freeq1s0_finger_seed1_ckpt500000,tm2freeq1s0,finger,1,500000,60.5,64,79.1696,112,75.7969,128,83.5,1
adapt_tm2freeq1s0_finger_seed2_ckpt500000,tm2freeq1s0,finger,2,500000,78.1875,64,55.7054,112,56.4922,128,99.2,1
adapt_tm2freeq1s0_finger_seed3_ckpt500000,tm2freeq1s0,finger,3,500000,63.2188,64,85.4732,112,90.3516,128,196.1,1
adapt_tm2freeq1s0_finger_seed4_ckpt500000,tm2freeq1s0,finger,4,500000,105.6562,64,122.5804,112,122.9844,128,200.8,1
adapt_tm2freeq1s0_finger_seed5_ckpt500000,tm2freeq1s0,finger,5,500000,107.5781,64,105.0804,112,130.7656,128,298.5,1
adapt_tm2freeq1s0_finger_seed6_ckpt500000,tm2freeq1s0,finger,6,500000,83.3594,64,121.4464,112,114.1797,128,100.0,1
adapt_tm2freeq1s0_finger_seed7_ckpt500000,tm2freeq1s0,finger,7,500000,61.8906,64,60.6875,112,84.1641,128,200.0,1
adapt_tm2freeq1s0_finger_seed8_ckpt500000,tm2freeq1s0,finger,8,500000,66.8906,64,73.5714,112,93.6328,128,280.5,1
adapt_tm2freeq1s0_finger_seed9_ckpt500000,tm2freeq1s0,finger,9,500000,46.8438,64,81.8125,112,79.3984,128,100.0,1
adapt_tm2freeq1s1_finger_seed10_ckpt500000,tm2freeq1s1,finger,10,500000,64.0625,64,81.2946,112,109.6953,128,493.6,1
adapt_tm2freeq1s1_finger_seed11_ckpt500000,tm2freeq1s1,finger,11,500000,46.875,64,26.8214,112,46.9297,128,300.3,1
adapt_tm2freeq1s1_finger_seed12_ckpt500000,tm2freeq1s1,finger,12,500000,124.7812,64,115.7232,112,124.0156,128,100.2,1
adapt_tm2freeq1s1_finger_seed13_ckpt500000,tm2freeq1s1,finger,13,500000,110.2812,64,136.6518,112,126.6406,128,89.1,1
adapt_tm2freeq1s1_finger_seed14_ckpt500000,tm2freeq1s1,finger,14,500000,46.8438,64,48.9018,112,77.7109,128,199.6,1
adapt_tm2freeq1s1_finger_seed15_ckpt500000,tm2freeq1s1,finger,15,500000,84.3125,64,119.0268,112,126.9062,128,291.3,1
adapt_tm2freeq1s1_finger_seed16_ckpt500000,tm2freeq1s1,finger,16,500000,62.8906,64,97.8214,112,100.9219,128,100.9,1
adapt_tm2freeq1s1_finger_seed1_ckpt500000,tm2freeq1s1,finger,1,500000,49.4688,64,73.2679,112,87.5625,128,100.3,1
adapt_tm2freeq1s1_finger_seed2_ckpt500000,tm2freeq1s1,finger,2,500000,169.6094,64,179.7411,112,180.0078,128,191.9,1
adapt_tm2freeq1s1_finger_seed3_ckpt500000,tm2freeq1s1,finger,3,500000,102.7812,64,134.9821,112,140.1484,128,282.1,1
adapt_tm2freeq1s1_finger_seed4_ckpt500000,tm2freeq1s1,finger,4,500000,64.75,64,122.7857,112,127.8359,128,93.8,1
adapt_tm2freeq1s1_finger_seed5_ckpt500000,tm2freeq1s1,finger,5,500000,66.4531,64,62.5536,112,85.9844,128,100.0,1
adapt_tm2freeq1s1_finger_seed6_ckpt500000,tm2freeq1s1,finger,6,500000,74.2812,64,95.5714,112,108.8281,128,100.0,1
adapt_tm2freeq1s1_finger_seed7_ckpt500000,tm2freeq1s1,finger,7,500000,107.7188,64,139.6071,112,150.7734,128,270.6,1
adapt_tm2freeq1s1_finger_seed8_ckpt500000,tm2freeq1s1,finger,8,500000,92.9219,64,101.9821,112,135.6953,128,494.7,1
adapt_tm2freeq1s1_finger_seed9_ckpt500000,tm2freeq1s1,finger,9,500000,69.4219,64,76.7679,112,82.7656,128,100.0,1
