[Fri Jul 17 01:43:20 UTC 2026] START shard=15 gpu=3 adapt_tm2awareq1s1_finger_seed8_ckpt500000
[Fri Jul 17 01:43:21 UTC 2026] waiting for concurrent bridge of /workspace/dreamerv3_runs/tm2_data/finger_q1_side1.pt
[Fri Jul 17 01:43:51 UTC 2026] offline_fit WM_RUN=tm2wm_finger_awareq1s1_seed6 ARM=aware DATA=/workspace/dreamerv3_runs/tm2_data/finger_q1_side1.pt UPDATES=500000 SEED=6
/workspace/conda_envs/tdmpc2/lib/python3.11/site-packages/tensordict/_td.py:612: FutureWarning: TensorDict.to_module() is replacing an existing nn.Parameter in the destination module with a tensor leaf that is not an nn.Parameter. This historical behavior can remove the key from module.state_dict(). In tensordict v0.14, to_module() will preserve existing module parameter and buffer registrations by default. Pass preserve_module_state=False to keep the current replacement behavior, or preserve_module_state=True to opt in to the v0.14 behavior now.
  local_out = _set_tensor_dict(
Episode length: 1000
Discount factor: 0.995
Buffer capacity: 200,200
Storage required: 0.01 GB
Using CUDA:0 memory for storage.
[92m2026-07-17 01:43:55,860 [torchrl][INFO][0m    Initialized LazyTensorStorage with torch.Size([200200]) shape[92m [END][0m
Loaded static data: 200 eps x 1001 rows = 200200 rows; arm=aware (reward_coef=0.1, value_coef=0.1)
  update      1/500000: consistency_loss=0.0156  pi_loss=-0.0003  reward_loss=2.6922  total_loss=0.8509  value_loss=2.6922
  update    500/500000: consistency_loss=0.0016  pi_loss=-0.6263  reward_loss=0.2004  total_loss=0.0864  value_loss=0.3505
  update   1000/500000: consistency_loss=0.0012  pi_loss=-0.2964  reward_loss=0.1758  total_loss=0.0792  value_loss=0.3673
  update   1500/500000: consistency_loss=0.0010  pi_loss=-0.2347  reward_loss=0.1635  total_loss=0.0802  value_loss=0.4359
  update   2000/500000: consistency_loss=0.0011  pi_loss=-0.1939  reward_loss=0.1355  total_loss=0.0801  value_loss=0.4500
  update   2500/500000: consistency_loss=0.0010  pi_loss=-0.1917  reward_loss=0.1707  total_loss=0.0856  value_loss=0.4830
  update   3000/500000: consistency_loss=0.0008  pi_loss=-0.1882  reward_loss=0.1259  total_loss=0.0768  value_loss=0.4738
  update   3500/500000: consistency_loss=0.0008  pi_loss=-0.2177  reward_loss=0.1527  total_loss=0.0741  value_loss=0.4348
  update   4000/500000: consistency_loss=0.0007  pi_loss=-0.2136  reward_loss=0.1459  total_loss=0.0729  value_loss=0.4504
  update   4500/500000: consistency_loss=0.0006  pi_loss=-0.2084  reward_loss=0.1311  total_loss=0.0696  value_loss=0.4366
  update   5000/500000: consistency_loss=0.0006  pi_loss=-0.2455  reward_loss=0.1497  total_loss=0.0727  value_loss=0.4534
  update   5500/500000: consistency_loss=0.0006  pi_loss=-0.2464  reward_loss=0.1339  total_loss=0.0667  value_loss=0.4206
  update   6000/500000: consistency_loss=0.0005  pi_loss=-0.2597  reward_loss=0.1970  total_loss=0.0733  value_loss=0.4386
  update   6500/500000: consistency_loss=0.0005  pi_loss=-0.2380  reward_loss=0.1671  total_loss=0.0660  value_loss=0.3852
  update   7000/500000: consistency_loss=0.0005  pi_loss=-0.2250  reward_loss=0.1556  total_loss=0.0627  value_loss=0.3810
  update   7500/500000: consistency_loss=0.0005  pi_loss=-0.2200  reward_loss=0.1496  total_loss=0.0682  value_loss=0.4384
  update   8000/500000: consistency_loss=0.0005  pi_loss=-0.2360  reward_loss=0.1419  total_loss=0.0602  value_loss=0.3621
  update   8500/500000: consistency_loss=0.0005  pi_loss=-0.2139  reward_loss=0.1273  total_loss=0.0627  value_loss=0.3970
  update   9000/500000: consistency_loss=0.0005  pi_loss=-0.2697  reward_loss=0.1715  total_loss=0.0673  value_loss=0.4107
  update   9500/500000: consistency_loss=0.0005  pi_loss=-0.2909  reward_loss=0.1749  total_loss=0.0647  value_loss=0.3783
  update  10000/500000: consistency_loss=0.0004  pi_loss=-0.2939  reward_loss=0.1425  total_loss=0.0571  value_loss=0.3463
  update  10500/500000: consistency_loss=0.0004  pi_loss=-0.3197  reward_loss=0.1787  total_loss=0.0660  value_loss=0.4011
  update  11000/500000: consistency_loss=0.0004  pi_loss=-0.3153  reward_loss=0.1424  total_loss=0.0614  value_loss=0.3966
  update  11500/500000: consistency_loss=0.0004  pi_loss=-0.3308  reward_loss=0.1570  total_loss=0.0637  value_loss=0.3970
  update  12000/500000: consistency_loss=0.0004  pi_loss=-0.3147  reward_loss=0.1459  total_loss=0.0603  value_loss=0.3715
  update  12500/500000: consistency_loss=0.0003  pi_loss=-0.2997  reward_loss=0.1313  total_loss=0.0540  value_loss=0.3466
  update  13000/500000: consistency_loss=0.0003  pi_loss=-0.3175  reward_loss=0.1416  total_loss=0.0515  value_loss=0.3101
  update  13500/500000: consistency_loss=0.0004  pi_loss=-0.3077  reward_loss=0.1478  total_loss=0.0583  value_loss=0.3609
  update  14000/500000: consistency_loss=0.0003  pi_loss=-0.3195  reward_loss=0.1420  total_loss=0.0556  value_loss=0.3447
  update  14500/500000: consistency_loss=0.0003  pi_loss=-0.3122  reward_loss=0.1395  total_loss=0.0546  value_loss=0.3441
  update  15000/500000: consistency_loss=0.0002  pi_loss=-0.3387  reward_loss=0.1434  total_loss=0.0485  value_loss=0.2926
  update  15500/500000: consistency_loss=0.0003  pi_loss=-0.3583  reward_loss=0.1560  total_loss=0.0514  value_loss=0.2952
  update  16000/500000: consistency_loss=0.0003  pi_loss=-0.3564  reward_loss=0.1307  total_loss=0.0523  value_loss=0.3316
  update  16500/500000: consistency_loss=0.0003  pi_loss=-0.3764  reward_loss=0.1387  total_loss=0.0528  value_loss=0.3224
  update  17000/500000: consistency_loss=0.0003  pi_loss=-0.2783  reward_loss=0.1331  total_loss=0.0560  value_loss=0.3694
  update  17500/500000: consistency_loss=0.0004  pi_loss=-0.2847  reward_loss=0.1331  total_loss=0.0558  value_loss=0.3531
  update  18000/500000: consistency_loss=0.0002  pi_loss=-0.3045  reward_loss=0.1580  total_loss=0.0527  value_loss=0.3190
  update  18500/500000: consistency_loss=0.0004  pi_loss=-0.3212  reward_loss=0.1515  total_loss=0.0532  value_loss=0.3093
  update  19000/500000: consistency_loss=0.0003  pi_loss=-0.3355  reward_loss=0.1720  total_loss=0.0498  value_loss=0.2630
  update  19500/500000: consistency_loss=0.0003  pi_loss=-0.3235  reward_loss=0.1300  total_loss=0.0494  value_loss=0.3028
  update  20000/500000: consistency_loss=0.0003  pi_loss=-0.3337  reward_loss=0.1522  total_loss=0.0529  value_loss=0.3117
  update  20500/500000: consistency_loss=0.0004  pi_loss=-0.3163  reward_loss=0.1392  total_loss=0.0569  value_loss=0.3522
  update  21000/500000: consistency_loss=0.0003  pi_loss=-0.3397  reward_loss=0.1580  total_loss=0.0588  value_loss=0.3647
  update  21500/500000: consistency_loss=0.0003  pi_loss=-0.3353  reward_loss=0.1465  total_loss=0.0545  value_loss=0.3403
  update  22000/500000: consistency_loss=0.0003  pi_loss=-0.3989  reward_loss=0.1308  total_loss=0.0517  value_loss=0.3247
  update  22500/500000: consistency_loss=0.0003  pi_loss=-0.3938  reward_loss=0.1400  total_loss=0.0543  value_loss=0.3413
  update  23000/500000: consistency_loss=0.0003  pi_loss=-0.4458  reward_loss=0.1643  total_loss=0.0539  value_loss=0.3238
  update  23500/500000: consistency_loss=0.0003  pi_loss=-0.4678  reward_loss=0.1429  total_loss=0.0500  value_loss=0.3045
  update  24000/500000: consistency_loss=0.0002  pi_loss=-0.5232  reward_loss=0.1512  total_loss=0.0498  value_loss=0.2975
  update  24500/500000: consistency_loss=0.0002  pi_loss=-0.5744  reward_loss=0.1474  total_loss=0.0457  value_loss=0.2695
  update  25000/500000: consistency_loss=0.0003  pi_loss=-0.6133  reward_loss=0.1118  total_loss=0.0431  value_loss=0.2659
  update  25500/500000: consistency_loss=0.0002  pi_loss=-0.6908  reward_loss=0.1165  total_loss=0.0417  value_loss=0.2570
  update  26000/500000: consistency_loss=0.0002  pi_loss=-0.7450  reward_loss=0.1323  total_loss=0.0431  value_loss=0.2495
  update  26500/500000: consistency_loss=0.0002  pi_loss=-0.7554  reward_loss=0.1486  total_loss=0.0430  value_loss=0.2428
  update  27000/500000: consistency_loss=0.0002  pi_loss=-0.7494  reward_loss=0.1407  total_loss=0.0461  value_loss=0.2709
  update  27500/500000: consistency_loss=0.0002  pi_loss=-0.7531  reward_loss=0.1842  total_loss=0.0509  value_loss=0.2843
  update  28000/500000: consistency_loss=0.0002  pi_loss=-0.6935  reward_loss=0.1242  total_loss=0.0461  value_loss=0.2947
  update  28500/500000: consistency_loss=0.0002  pi_loss=-0.7002  reward_loss=0.1352  total_loss=0.0461  value_loss=0.2891
  update  29000/500000: consistency_loss=0.0002  pi_loss=-0.7014  reward_loss=0.1496  total_loss=0.0502  value_loss=0.3099
  update  29500/500000: consistency_loss=0.0002  pi_loss=-0.6691  reward_loss=0.1246  total_loss=0.0472  value_loss=0.3061
  update  30000/500000: consistency_loss=0.0002  pi_loss=-0.6459  reward_loss=0.1530  total_loss=0.0490  value_loss=0.2962
  update  30500/500000: consistency_loss=0.0002  pi_loss=-0.5972  reward_loss=0.1440  total_loss=0.0488  value_loss=0.3052
  update  31000/500000: consistency_loss=0.0002  pi_loss=-0.5590  reward_loss=0.1334  total_loss=0.0497  value_loss=0.3174
  update  31500/500000: consistency_loss=0.0002  pi_loss=-0.5604  reward_loss=0.1431  total_loss=0.0479  value_loss=0.3035
  update  32000/500000: consistency_loss=0.0002  pi_loss=-0.5439  reward_loss=0.1377  total_loss=0.0490  value_loss=0.3075
  update  32500/500000: consistency_loss=0.0001  pi_loss=-0.5469  reward_loss=0.1535  total_loss=0.0479  value_loss=0.2959
  update  33000/500000: consistency_loss=0.0002  pi_loss=-0.5304  reward_loss=0.1471  total_loss=0.0487  value_loss=0.3026
  update  33500/500000: consistency_loss=0.0002  pi_loss=-0.5259  reward_loss=0.1419  total_loss=0.0493  value_loss=0.3087
  update  34000/5  update  33500/500000: consistency_loss=0.0002  pi_loss=-0.4831  reward_loss=0.1615  total_loss=0.0456  v  update  34500/5  update  34000/500000: consistency_loss=0.0002  pi_loss=-0.4595  reward_loss=0.1286  total_loss=0.0411  value_loss=0.2440
  update  34500/500000: consistency_loss=0.0002  pi_loss=-0.4834  reward_loss=0.1523  total_loss=0.0420  value_loss=0.2294
  update  35000/500000: consistency_loss=0.0002  pi_loss=-0.4874  reward_loss=0.1251  total_loss=0.0369  value_loss=0.2111
  update  35500/500000: consistency_loss=0.0002  pi_loss=-0.4711  reward_loss=0.1223  total_loss=0.0383  value_loss=0.2238
  update  36000/500000: consistency_loss=0.0002  pi_loss=-0.4768  reward_loss=0.1272  total_loss=0.0387  value_loss=0.2182
  update  36500/500000: consistency_loss=0.0002  pi_loss=-0.4786  reward_loss=0.1336  total_loss=0.0404  value_loss=0.2289
  update  37000/500000: consistency_loss=0.0002  pi_loss=-0.4672  reward_loss=0.1171  total_loss=0.0373  value_loss=0.2258
  update  37500/500000: consistency_loss=0.0002  pi_loss=-0.4782  reward_loss=0.1347  total_loss=0.0411  value_loss=0.2350
  update  38000/500000: consistency_loss=0.0002  pi_loss=-0.4757  reward_loss=0.1296  total_loss=0.0409  value_loss=0.2448
  update  38500/500000: consistency_loss=0.0002  pi_loss=-0.4790  reward_loss=0.1327  total_loss=0.0420  value_loss=0.2530
  update  39000/500000: consistency_loss=0.0002  pi_loss=-0.4725  reward_loss=0.1324  total_loss=0.0436  value_loss=0.2694
  update  39500/500000: consistency_loss=0.0002  pi_loss=-0.4800  reward_loss=0.1548  total_loss=0.0446  value_loss=0.2536
  update  40000/500000: consistency_loss=0.0002  pi_loss=-0.4788  reward_loss=0.1447  total_loss=0.0461  value_loss=0.2815
  update  40500/500000: consistency_loss=0.0002  pi_loss=-0.4461  reward_loss=0.1163  total_loss=0.0461  value_loss=0.3072
  update  41000/500000: consistency_loss=0.0002  pi_loss=-0.4598  reward_loss=0.1344  total_loss=0.0465  value_loss=0.2961
  update  41500/500000: consistency_loss=0.0002  pi_loss=-0.4415  reward_loss=0.1179  total_loss=0.0454  value_loss=0.2978
  update  42000/500000: consistency_loss=0.0002  pi_loss=-0.4484  reward_loss=0.1346  total_loss=0.0471  value_loss=0.3058
  update  42500/500000: consistency_loss=0.0002  pi_loss=-0.4813  reward_loss=0.1445  total_loss=0.0482  value_loss=0.3070
  update  43000/500000: consistency_loss=0.0001  pi_loss=-0.4666  reward_loss=0.1582  total_loss=0.0496  value_loss=0.3086
  update  43500/500000: consistency_loss=0.0002  pi_loss=-0.4420  reward_loss=0.1445  total_loss=0.0487  value_loss=0.3118
  update  44000/500000: consistency_loss=0.0001  pi_loss=-0.4320  reward_loss=0.1431  total_loss=0.0486  value_loss=0.3132
  update  44500/500000: consistency_loss=0.0001  pi_loss=-0.4434  reward_loss=0.1607  total_loss=0.0508  value_loss=0.3178
  update  45000/500000: consistency_loss=0.0002  pi_loss=-0.4420  reward_loss=0.1377  total_loss=0.0497  value_loss=0.3274
  update  45500/500000: consistency_loss=0.0002  pi_loss=-0.4533  reward_loss=0.1284  total_loss=0.0488  value_loss=0.3209
  update  46000/500000: consistency_loss=0.0002  pi_loss=-0.4321  reward_loss=0.1142  total_loss=0.0453  value_loss=0.3065
  update  46500/500000: consistency_loss=0.0001  pi_loss=-0.4405  reward_loss=0.1259  total_loss=0.0449  value_loss=0.2943
  update  47000/500000: consistency_loss=0.0002  pi_loss=-0.4635  reward_loss=0.1320  total_loss=0.0478  value_loss=0.3126
  update  47500/500000: consistency_loss=0.0002  pi_loss=-0.4694  reward_loss=0.1371  total_loss=0.0479  value_loss=0.3095
  update  48000/500000: consistency_loss=0.0002  pi_loss=-0.4757  reward_loss=0.1397  total_loss=0.0476  value_loss=0.3053
  update  48500/500000: consistency_loss=0.0001  pi_loss=-0.4722  reward_loss=0.1449  total_loss=0.0460  value_loss=0.2908
  update  49000/500000: consistency_loss=0.0002  pi_loss=-0.4631  reward_loss=0.1210  total_loss=0.0446  value_loss=0.2912
  update  49500/500000: consistency_loss=0.0001  pi_loss=-0.4674  reward_loss=0.1513  total_loss=0.0455  value_loss=0.2807
  update  50000/500000: consistency_loss=0.0001  pi_loss=-0.4849  reward_loss=0.1348  total_loss=0.0448  value_loss=0.2865
  update  50500/500000: consistency_loss=0.0002  pi_loss=-0.4679  reward_loss=0.1225  total_loss=0.0460  value_loss=0.3003
  update  51000/500000: consistency_loss=0.0002  pi_loss=-0.4738  reward_loss=0.1459  total_loss=0.0488  value_loss=0.3086
  update  51500/500000: consistency_loss=0.0001  pi_loss=-0.4914  reward_loss=0.1354  total_loss=0.0456  value_loss=0.2929
  update  52000/500000: consistency_loss=0.0002  pi_loss=-0.4741  reward_loss=0.1307  total_loss=0.0459  value_loss=0.2946
  update  52500/500000: consistency_loss=0.0002  pi_loss=-0.4916  reward_loss=0.1518  total_loss=0.0484  value_loss=0.3003
  update  53000/500000: consistency_loss=0.0001  pi_loss=-0.4966  reward_loss=0.1208  total_loss=0.0443  value_loss=0.2918
  update  53500/500000: consistency_loss=0.0002  pi_loss=-0.5166  reward_loss=0.1314  total_loss=0.0450  value_loss=0.2846
  update  54000/500000: consistency_loss=0.0001  pi_loss=-0.5386  reward_loss=0.1312  total_loss=0.0437  value_loss=0.2759
  update  54500/500000: consistency_loss=0.0001  pi_loss=-0.5595  reward_loss=0.1282  total_loss=0.0432  value_loss=0.2770
  update  55000/500000: consistency_loss=0.0001  pi_loss=-0.5701  reward_loss=0.1264  total_loss=0.0424  value_loss=0.2716
  update  55500/500000: consistency_loss=0.0001  pi_loss=-0.5776  reward_loss=0.1311  total_loss=0.0444  value_loss=0.2840
  update  56000/500000: consistency_loss=0.0001  pi_loss=-0.6075  reward_loss=0.1475  total_loss=0.0446  value_loss=0.2760
  update  56500/500000: consistency_loss=0.0001  pi_loss=-0.6152  reward_loss=0.1375  total_loss=0.0455  value_loss=0.2908
  update  57000/500000: consistency_loss=0.0002  pi_loss=-0.5919  reward_loss=0.1278  total_loss=0.0455  value_loss=0.2959
  update  57500/500000: consistency_loss=0.0001  pi_loss=-0.6036  reward_loss=0.1260  total_loss=0.0435  value_loss=0.2847
  update  58000/500000: consistency_loss=0.0001  pi_loss=-0.5930  reward_loss=0.1213  total_loss=0.0450  value_loss=0.3006
  update  58500/500000: consistency_loss=0.0001  pi_loss=-0.6117  reward_loss=0.1339  total_loss=0.0453  value_loss=0.2892
  update  59000/500000: consistency_loss=0.0002  pi_loss=-0.6030  reward_loss=0.1230  total_loss=0.0445  value_loss=0.2890
  update  59500/500000: consistency_loss=0.0002  pi_loss=-0.6102  reward_loss=0.1409  total_loss=0.0462  value_loss=0.2889
  update  60000/500000: consistency_loss=0.0001  pi_loss=-0.6018  reward_loss=0.1270  total_loss=0.0444  value_loss=0.2890
  update  60500/500000: consistency_loss=0.0002  pi_loss=-0.6347  reward_loss=0.1444  total_loss=0.0474  value_loss=0.2973
  update  61000/500000: consistency_loss=0.0001  pi_loss=-0.6380  reward_loss=0.1442  total_loss=0.0451  value_loss=0.2836
  update  61500/500000: consistency_loss=0.0001  pi_loss=-0.6434  reward_loss=0.1370  total_loss=0.0453  value_loss=0.2862
  update  62000/500000: consistency_loss=0.0002  pi_loss=-0.6483  reward_loss=0.1382  total_loss=0.0474  value_loss=0.3051
  update  62500/500000: consistency_loss=0.0002  pi_loss=-0.6579  reward_loss=0.1415  total_loss=0.0473  value_loss=0.3009
  update  63000/500000: consistency_loss=0.0001  pi_loss=-0.6394  reward_loss=0.1144  total_loss=0.0446  value_loss=0.3040
  update  63500/500000: consistency_loss=0.0001  pi_loss=-0.6732  reward_loss=0.1420  total_loss=0.0472  value_loss=0.3008
  update  64000/500000: consistency_loss=0.0002  pi_loss=-0.6599  reward_loss=0.1162  total_loss=0.0456  value_loss=0.3064
  update  64500/500000: consistency_loss=0.0001  pi_loss=-0.6795  reward_loss=0.1285  total_loss=0.0451  value_loss=0.2946
  update  65000/500000: consistency_loss=0.0002  pi_loss=-0.7106  reward_loss=0.1403  total_loss=0.0483  value_loss=0.3095
  update  65500/500000: consistency_loss=0.0001  pi_loss=-0.7426  reward_loss=0.1393  total_loss=0.0472  value_loss=0.3040
  update  66000/500000: consistency_loss=0.0001  pi_loss=-0.7655  reward_loss=0.1265  total_loss=0.0454  value_loss=0.3036
  update  66500/500000: consistency_loss=0.0001  pi_loss=-0.8041  reward_loss=0.1409  total_loss=0.0471  value_loss=0.3005
  update  67000/500000: consistency_loss=0.0001  pi_loss=-0.8432  reward_loss=0.1648  total_loss=0.0481  value_loss=0.2954
  update  67500/500000: consistency_loss=0.0001  pi_loss=-0.7840  reward_loss=0.1160  total_loss=0.0445  value_loss=0.3035
  update  68000/500000: consistency_loss=0.0001  pi_loss=-0.7956  reward_loss=0.1521  total_loss=0.0490  value_loss=0.3082
  update  68500/500000: consistency_loss=0.0001  pi_loss=-0.7668  reward_loss=0.1288  total_loss=0.0459  value_loss=0.3005
  update  69000/500000: consistency_loss=0.0001  pi_loss=-0.7603  reward_loss=0.1473  total_loss=0.0479  value_loss=0.3086
  update  69500/500000: consistency_loss=0.0001  pi_loss=-0.7464  reward_loss=0.1280  total_loss=0.0448  value_loss=0.2958
  update  70000/500000: consistency_loss=0.0001  pi_loss=-0.7485  reward_loss=0.1129  total_loss=0.0461  value_loss=0.3221
  update  70500/500000: consistency_loss=0.0001  pi_loss=-0.7513  reward_loss=0.1305  total_loss=0.0470  value_loss=0.3144
  update  71000/500000: consistency_loss=0.0001  pi_loss=-0.7620  reward_loss=0.1251  total_loss=0.0458  value_loss=0.3094
  update  71500/500000: consistency_loss=0.0001  pi_loss=-0.7484  reward_loss=0.1337  total_loss=0.0476  value_loss=0.3208
  update  72000/500000: consistency_loss=0.0001  pi_loss=-0.7601  reward_loss=0.1197  total_loss=0.0462  value_loss=0.3179
  update  72500/500000: consistency_loss=0.0001  pi_loss=-0.7785  reward_loss=0.1565  total_loss=0.0482  value_loss=0.3050
  update  73000/500000: consistency_loss=0.0001  pi_loss=-0.7801  reward_loss=0.1396  total_loss=0.0483  value_loss=0.3231
  update  73500/500000: consistency_loss=0.0001  pi_loss=-0.7889  reward_loss=0.1377  total_loss=0.0466  value_loss=0.3007
  update  74000/500000: consistency_loss=0.0001  pi_loss=-0.7718  reward_loss=0.1274  total_loss=0.0467  value_loss=0.3148
  update  74500/500000: consistency_loss=0.0001  pi_loss=-0.8066  reward_loss=0.1250  total_loss=0.0457  value_loss=0.3090
  update  75000/500000: consistency_loss=0.0001  pi_loss=-0.8259  reward_loss=0.1443  total_loss=0.0471  value_loss=0.3028
  update  75500/500000: consistency_loss=0.0001  pi_loss=-0.8598  reward_loss=0.1456  total_loss=0.0471  value_loss=0.3053
  update  76000/500000: consistency_loss=0.0001  pi_loss=-0.8693  reward_loss=0.1392  total_loss=0.0473  value_loss=0.3129
  update  76500/500000: consistency_loss=0.0001  pi_loss=-0.8695  reward_loss=0.1241  total_loss=0.0464  value_loss=0.3156
  update  77000/500000: consistency_loss=0.0001  pi_loss=-0.9013  reward_loss=0.1565  total_loss=0.0495  value_loss=0.3143
  update  77500/500000: consistency_loss=0.0002  pi_loss=-0.8720  reward_loss=0.1201  total_loss=0.0472  value_loss=0.3219
  update  78000/500000: consistency_loss=0.0001  pi_loss=-0.8705  reward_loss=0.1339  total_loss=0.0477  value_loss=0.3205
  update  78500/500000: consistency_loss=0.0001  pi_loss=-0.8677  reward_loss=0.1301  total_loss=0.0469  value_loss=0.3124
  update  79000/500000: consistency_loss=0.0001  pi_loss=-0.8524  reward_loss=0.1319  total_loss=0.0470  value_loss=0.3146
  update  79500/500000: consistency_loss=0.0001  pi_loss=-0.8421  reward_loss=0.1364  total_loss=0.0479  value_loss=0.3178
  update  80000/500000: consistency_loss=0.0001  pi_loss=-0.8696  reward_loss=0.1605  total_loss=0.0496  value_loss=0.3166
  update  80500/500000: consistency_loss=0.0002  pi_loss=-0.8394  reward_loss=0.1082  total_loss=0.0451  value_loss=0.3130
  update  81000/500000: consistency_loss=0.0001  pi_loss=-0.8718  reward_loss=0.1223  total_loss=0.0465  value_loss=0.3212
  update  81500/500000: consistency_loss=0.0001  pi_loss=-0.9058  reward_loss=0.1236  total_loss=0.0465  value_loss=0.3179
  update  82000/500000: consistency_loss=0.0001  pi_loss=-0.9328  reward_loss=0.1498  total_loss=0.0498  value_loss=0.3240
  update  82500/500000: consistency_loss=0.0001  pi_loss=-0.9396  reward_loss=0.1196  total_loss=0.0459  value_loss=0.3177
  update  83000/500000: consistency_loss=0.0001  pi_loss=-0.9561  reward_loss=0.1311  total_loss=0.0476  value_loss=0.3191
  update  83500/500000: consistency_loss=0.0001  pi_loss=-0.9925  reward_loss=0.1364  total_loss=0.0480  value_loss=0.3174
  update  84000/500000: consistency_loss=0.0001  pi_loss=-0.9705  reward_loss=0.1126  total_loss=0.0460  value_loss=0.3237
  update  84500/500000: consistency_loss=0.0001  pi_loss=-1.0250  reward_loss=0.1560  total_loss=0.0509  value_loss=0.3268
  update  85000/500000: consistency_loss=0.0001  pi_loss=-1.0030  reward_loss=0.1235  total_loss=0.0472  value_loss=0.3264
  update  85500/500000: consistency_loss=0.0001  pi_loss=-1.0290  reward_loss=0.1479  total_loss=0.0499  value_loss=0.3285
  update  86000/500000: consistency_loss=0.0001  pi_loss=-0.9876  reward_loss=0.1189  total_loss=0.0480  value_loss=0.3329
  update  86500/500000: consistency_loss=0.0001  pi_loss=-0.9885  reward_loss=0.1163  total_loss=0.0460  value_loss=0.3222
  update  87000/500000: consistency_loss=0.0001  pi_loss=-1.0081  reward_loss=0.1245  total_loss=0.0472  value_loss=0.3248
  update  87500/500000: consistency_loss=0.0001  pi_loss=-0.9894  reward_loss=0.1380  total_loss=0.0470  value_loss=0.3111
  update  88000/500000: consistency_loss=0.0001  pi_loss=-1.0209  reward_loss=0.1472  total_loss=0.0497  value_loss=0.3288
  update  88500/500000: consistency_loss=0.0001  pi_loss=-1.0046  reward_loss=0.1352  total_loss=0.0479  value_loss=0.3225
  update  89000/500000: consistency_loss=0.0001  pi_loss=-1.0063  reward_loss=0.1431  total_loss=0.0502  value_loss=0.3308
  update  89500/500000: consistency_loss=0.0001  pi_loss=-0.9805  reward_loss=0.1227  total_loss=0.0474  value_loss=0.3261
  update  90000/500000: consistency_loss=0.0001  pi_loss=-1.0161  reward_loss=0.1205  total_loss=0.0480  value_loss=0.3321
  update  90500/500000: consistency_loss=0.0001  pi_loss=-0.9776  reward_loss=0.1161  total_loss=0.0454  value_loss=0.3140
  update  91000/500000: consistency_loss=0.0001  pi_loss=-1.0147  reward_loss=0.1344  total_loss=0.0479  value_loss=0.3246
  update  91500/500000: consistency_loss=0.0002  pi_loss=-1.0014  reward_loss=0.1232  total_loss=0.0479  value_loss=0.3242
  update  92000/500000: consistency_loss=0.0001  pi_loss=-1.0029  reward_loss=0.1352  total_loss=0.0478  value_loss=0.3221
  update  92500/500000: consistency_loss=0.0001  pi_loss=-0.9945  reward_loss=0.1204  total_loss=0.0468  value_loss=0.3240
  update  93000/500000: consistency_loss=0.0001  pi_loss=-1.0230  reward_loss=0.1365  total_loss=0.0488  value_loss=0.3273
  update  93500/500000: consistency_loss=0.0001  pi_loss=-1.0219  reward_loss=0.1249  total_loss=0.0471  value_loss=0.3229
  update  94000/500000: consistency_loss=0.0001  pi_loss=-1.0285  reward_loss=0.1331  total_loss=0.0471  value_loss=0.3162
  update  94500/500000: consistency_loss=0.0001  pi_loss=-1.0633  reward_loss=0.1514  total_loss=0.0504  value_loss=0.3282
  update  95000/500000: consistency_loss=0.0001  pi_loss=-1.0800  reward_loss=0.1107  total_loss=0.0464  value_loss=0.3293
  update  95500/500000: consistency_loss=0.0001  pi_loss=-1.0827  reward_loss=0.1139  total_loss=0.0469  value_loss=0.3292
  update  96000/500000: consistency_loss=0.0001  pi_loss=-1.1109  reward_loss=0.1317  total_loss=0.0487  value_loss=0.3318
  update  96500/500000: consistency_loss=0.0001  pi_loss=-1.1018  reward_loss=0.1225  total_loss=0.0484  value_loss=0.3359
  update  97000/500000: consistency_loss=0.0001  pi_loss=-1.1015  reward_loss=0.1331  total_loss=0.0478  value_loss=0.3229
  update  97500/500000: consistency_loss=0.0001  pi_loss=-1.1021  reward_loss=0.1248  total_loss=0.0473  value_loss=0.3261
  update  98000/500000: consistency_loss=0.0001  pi_loss=-1.0743  reward_loss=0.1291  total_loss=0.0483  value_loss=0.3262
  update  98500/500000: consistency_loss=0.0002  pi_loss=-1.0823  reward_loss=0.1173  total_loss=0.0475  value_loss=0.3258
  update  99000/500000: consistency_loss=0.0001  pi_loss=-1.0843  reward_loss=0.1481  total_loss=0.0504  value_loss=0.3335
  update  99500/500000: consistency_loss=0.0001  pi_loss=-1.0650  reward_loss=0.1283  total_loss=0.0486  value_loss=0.3342
  update 100000/500000: consistency_loss=0.0001  pi_loss=-1.0696  reward_loss=0.1074  total_loss=0.0451  value_loss=0.3226
Saved checkpoint at update 100000
  update 100500/500000: consistency_loss=0.0001  pi_loss=-1.0819  reward_loss=0.1379  total_loss=0.0477  value_loss=0.3214
  update 101000/500000: consistency_loss=0.0001  pi_loss=-1.1137  reward_loss=0.1488  total_loss=0.0499  value_loss=0.3315
  update 101500/500000: consistency_loss=0.0001  pi_loss=-1.0774  reward_loss=0.1232  total_loss=0.0464  value_loss=0.3174
  update 102000/500000: consistency_loss=0.0001  pi_loss=-1.0970  reward_loss=0.1231  total_loss=0.0464  value_loss=0.3204
  update 102500/500000: consistency_loss=0.0001  pi_loss=-1.1050  reward_loss=0.1318  total_loss=0.0483  value_loss=0.3269
  update 103000/500000: consistency_loss=0.0001  pi_loss=-1.0928  reward_loss=0.1305  total_loss=0.0482  value_loss=0.3290
  update 103500/500000: consistency_loss=0.0001  pi_loss=-1.1037  reward_loss=0.1269  total_loss=0.0467  value_loss=0.3224
  update 104000/500000: consistency_loss=0.0001  pi_loss=-1.1043  reward_loss=0.1251  total_loss=0.0472  value_loss=0.3208
  update 104500/500000: consistency_loss=0.0001  pi_loss=-1.1104  reward_loss=0.1332  total_loss=0.0480  value_loss=0.3255
  update 105000/500000: consistency_loss=0.0001  pi_loss=-1.1005  reward_loss=0.1187  total_loss=0.0442  value_loss=0.3035
  update 105500/500000: consistency_loss=0.0001  pi_loss=-1.1154  reward_loss=0.1345  total_loss=0.0465  value_loss=0.3126
  update 106000/500000: consistency_loss=0.0001  pi_loss=-1.1072  reward_loss=0.1247  total_loss=0.0452  value_loss=0.3027
  update 106500/500000: consistency_loss=0.0001  pi_loss=-1.1193  reward_loss=0.1395  total_loss=0.0486  value_loss=0.3226
  update 107000/500000: consistency_loss=0.0001  pi_loss=-1.1043  reward_loss=0.1453  total_loss=0.0499  value_loss=0.3330
  update 107500/500000: consistency_loss=0.0001  pi_loss=-1.0925  reward_loss=0.1142  total_loss=0.0462  value_loss=0.3244
  update 108000/500000: consistency_loss=0.0001  pi_loss=-1.1053  reward_loss=0.1387  total_loss=0.0482  value_loss=0.3247
  update 108500/500000: consistency_loss=0.0001  pi_loss=-1.0807  reward_loss=0.1033  total_loss=0.0443  value_loss=0.3168
  update 109000/500000: consistency_loss=0.0001  pi_loss=-1.1173  reward_loss=0.1368  total_loss=0.0482  value_loss=0.3254
  update 109500/500000: consistency_loss=0.0001  pi_loss=-1.1331  reward_loss=0.1258  total_loss=0.0466  value_loss=0.3205
  update 110000/500000: consistency_loss=0.0001  pi_loss=-1.1575  reward_loss=0.1381  total_loss=0.0475  value_loss=0.3180
  update 110500/500000: consistency_loss=0.0001  pi_loss=-1.1568  reward_loss=0.1360  total_loss=0.0474  value_loss=0.3183
  update 111000/500000: consistency_loss=0.0001  pi_loss=-1.1558  reward_loss=0.1315  total_loss=0.0476  value_loss=0.3221
  update 111500/500000: consistency_loss=0.0001  pi_loss=-1.1568  reward_loss=0.1308  total_loss=0.0473  value_loss=0.3265
  update 112000/500000: consistency_loss=0.0001  pi_loss=-1.1385  reward_loss=0.1150  total_loss=0.0451  value_loss=0.3184
  update 112500/500000: consistency_loss=0.0001  pi_loss=-1.1589  reward_loss=0.1395  total_loss=0.0476  value_loss=0.3176
  update 113000/500000: consistency_loss=0.0001  pi_loss=-1.1364  reward_loss=0.1229  total_loss=0.0459  value_loss=0.3116
  update 113500/500000: consistency_loss=0.0001  pi_loss=-1.1522  reward_loss=0.1340  total_loss=0.0462  value_loss=0.3075
  update 114000/500000: consistency_loss=0.0001  pi_loss=-1.1361  reward_loss=0.1367  total_loss=0.0473  value_loss=0.3187
  update 114500/500000: consistency_loss=0.0001  pi_loss=-1.1363  reward_loss=0.1364  total_loss=0.0479  value_loss=0.3233
  update 115000/500000: consistency_loss=0.0001  pi_loss=-1.1445  reward_loss=0.1369  total_loss=0.0487  value_loss=0.3264
  update 115500/500000: consistency_loss=0.0001  pi_loss=-1.1496  reward_loss=0.1259  total_loss=0.0468  value_loss=0.3163
  update 116000/500000: consistency_loss=0.0001  pi_loss=-1.1251  reward_loss=0.1290  total_loss=0.0464  value_loss=0.3136
  update 116500/500000: consistency_loss=0.0001  pi_loss=-1.1096  reward_loss=0.1155  total_loss=0.0466  value_loss=0.3301
  update 117000/500000: consistency_loss=0.0001  pi_loss=-1.1399  reward_loss=0.1466  total_loss=0.0500  value_loss=0.3309
  update 117500/500000: consistency_loss=0.0001  pi_loss=-1.1075  reward_loss=0.1172  total_loss=0.0456  value_loss=0.3156
  update 118000/500000: consistency_loss=0.0001  pi_loss=-1.1446  reward_loss=0.1221  total_loss=0.0449  value_loss=0.3092
  update 118500/500000: consistency_loss=0.0001  pi_loss=-1.1394  reward_loss=0.1451  total_loss=0.0489  value_loss=0.3249
  update 119000/500000: consistency_loss=0.0001  pi_loss=-1.1536  reward_loss=0.1298  total_loss=0.0477  value_loss=0.3273
  update 119500/500000: consistency_loss=0.0001  pi_loss=-1.1485  reward_loss=0.1196  total_loss=0.0458  value_loss=0.3202
  update 120000/500000: consistency_loss=0.0001  pi_loss=-1.1680  reward_loss=0.1343  total_loss=0.0476  value_loss=0.3204
  update 120500/500000: consistency_loss=0.0001  pi_loss=-1.1848  reward_loss=0.1277  total_loss=0.0462  value_loss=0.3127
  update 121000/500000: consistency_loss=0.0001  pi_loss=-1.2100  reward_loss=0.1510  total_loss=0.0497  value_loss=0.3249
  update 121500/500000: consistency_loss=0.0001  pi_loss=-1.2171  reward_loss=0.1325  total_loss=0.0469  value_loss=0.3166
  update 122000/500000: consistency_loss=0.0001  pi_loss=-1.2039  reward_loss=0.1374  total_loss=0.0481  value_loss=0.3217
  update 122500/500000: consistency_loss=0.0001  pi_loss=-1.1963  reward_loss=0.1359  total_loss=0.0464  value_loss=0.3088
  update 123000/500000: consistency_loss=0.0001  pi_loss=-1.1924  reward_loss=0.1342  total_loss=0.0484  value_loss=0.3295
  update 123500/500000: consistency_loss=0.0001  pi_loss=-1.1822  reward_loss=0.1286  total_loss=0.0468  value_loss=0.3201
  update 124000/500000: consistency_loss=0.0001  pi_loss=-1.1819  reward_loss=0.1336  total_loss=0.0481  value_loss=0.3269
  update 124500/500000: consistency_loss=0.0001  pi_loss=-1.1878  reward_loss=0.1259  total_loss=0.0478  value_loss=0.3322
  update 125000/500000: consistency_loss=0.0001  pi_loss=-1.1596  reward_loss=0.1134  total_loss=0.0462  value_loss=0.3302
  update 125500/500000: consistency_loss=0.0001  pi_loss=-1.1755  reward_loss=0.1301  total_loss=0.0481  value_loss=0.3282
  update 126000/500000: consistency_loss=0.0001  pi_loss=-1.1825  reward_loss=0.1317  total_loss=0.0484  value_loss=0.3324
  update 126500/500000: consistency_loss=0.0001  pi_loss=-1.2120  reward_loss=0.1446  total_loss=0.0490  value_loss=0.3259
  update 127000/500000: consistency_loss=0.0001  pi_loss=-1.2270  reward_loss=0.1441  total_loss=0.0494  value_loss=0.3283
  update 127500/500000: consistency_loss=0.0001  pi_loss=-1.2326  reward_loss=0.1497  total_loss=0.0489  value_loss=0.3254
  update 128000/500000: consistency_loss=0.0001  pi_loss=-1.1962  reward_loss=0.1239  total_loss=0.0456  value_loss=0.3138
  update 128500/500000: consistency_loss=0.0001  pi_loss=-1.2188  reward_loss=0.1278  total_loss=0.0467  value_loss=0.3214
  update 129000/500000: consistency_loss=0.0001  pi_loss=-1.2068  reward_loss=0.1455  total_loss=0.0486  value_loss=0.3191
  update 129500/500000: consistency_loss=0.0001  pi_loss=-1.1976  reward_loss=0.1277  total_loss=0.0465  value_loss=0.3220
  update 130000/500000: consistency_loss=0.0001  pi_loss=-1.1863  reward_loss=0.1171  total_loss=0.0447  value_loss=0.3121
  update 130500/500000: consistency_loss=0.0001  pi_loss=-1.1935  reward_loss=0.1353  total_loss=0.0482  value_loss=0.3268
  update 131000/500000: consistency_loss=0.0001  pi_loss=-1.1947  reward_loss=0.1459  total_loss=0.0497  value_loss=0.3343
  update 131500/500000: consistency_loss=0.0001  pi_loss=-1.1672  reward_loss=0.1292  total_loss=0.0466  value_loss=0.3214
  update 132000/500000: consistency_loss=0.0001  pi_loss=-1.1412  reward_loss=0.1367  total_loss=0.0496  value_loss=0.3385
  update 132500/500000: consistency_loss=0.0001  pi_loss=-1.1421  reward_loss=0.1284  total_loss=0.0475  value_loss=0.3302
  update 133000/500000: consistency_loss=0.0001  pi_loss=-1.1550  reward_loss=0.1416  total_loss=0.0488  value_loss=0.3264
  update 133500/500000: consistency_loss=0.0001  pi_loss=-1.1593  reward_loss=0.1237  total_loss=0.0469  value_loss=0.3277
  update 134000/500000: consistency_loss=0.0001  pi_loss=-1.1746  reward_loss=0.1378  total_loss=0.0478  value_loss=0.3210
  update 134500/500000: consistency_loss=0.0001  pi_loss=-1.1889  reward_loss=0.1553  total_loss=0.0501  value_loss=0.3261
  update 135000/500000: consistency_loss=0.0001  pi_loss=-1.1749  reward_loss=0.1114  total_loss=0.0435  value_loss=0.3041
  update 135500/500000: consistency_loss=0.0001  pi_loss=-1.1776  reward_loss=0.1402  total_loss=0.0478  value_loss=0.3167
  update 136000/500000: consistency_loss=0.0001  pi_loss=-1.1727  reward_loss=0.1305  total_loss=0.0453  value_loss=0.3040
  update 136500/500000: consistency_loss=0.0001  pi_loss=-1.1638  reward_loss=0.1523  total_loss=0.0503  value_loss=0.3294
  update 137000/500000: consistency_loss=0.0001  pi_loss=-1.1622  reward_loss=0.1297  total_loss=0.0471  value_loss=0.3229
  update 137500/500000: consistency_loss=0.0001  pi_loss=-1.1673  reward_loss=0.1111  total_loss=0.0446  value_loss=0.3219
  update 138000/500000: consistency_loss=0.0001  pi_loss=-1.1610  reward_loss=0.1191  total_loss=0.0462  value_loss=0.3224
  update 138500/500000: consistency_loss=0.0001  pi_loss=-1.1902  reward_loss=0.1386  total_loss=0.0469  value_loss=0.3132
  update 139000/500000: consistency_loss=0.0001  pi_loss=-1.2086  reward_loss=0.1228  total_loss=0.0456  value_loss=0.3116
  update 139500/500000: consistency_loss=0.0001  pi_loss=-1.1894  reward_loss=0.1353  total_loss=0.0473  value_loss=0.3153
  update 140000/500000: consistency_loss=0.0001  pi_loss=-1.1688  reward_loss=0.1387  total_loss=0.0476  value_loss=0.3172
  update 140500/500000: consistency_loss=0.0001  pi_loss=-1.1575  reward_loss=0.1436  total_loss=0.0480  value_loss=0.3152
  update 141000/500000: consistency_loss=0.0001  pi_loss=-1.1383  reward_loss=0.1244  total_loss=0.0455  value_loss=0.3105
  update 141500/500000: consistency_loss=0.0001  pi_loss=-1.1352  reward_loss=0.1165  total_loss=0.0447  value_loss=0.3128
  update 142000/500000: consistency_loss=0.0001  pi_loss=-1.1464  reward_loss=0.1372  total_loss=0.0469  value_loss=0.3166
  update 142500/500000: consistency_loss=0.0001  pi_loss=-1.1346  reward_loss=0.1260  total_loss=0.0461  value_loss=0.3168
  update 143000/500000: consistency_loss=0.0001  pi_loss=-1.1419  reward_loss=0.1519  total_loss=0.0502  value_loss=0.3290
  update 143500/500000: consistency_loss=0.0001  pi_loss=-1.1297  reward_loss=0.1208  total_loss=0.0453  value_loss=0.3129
  update 144000/500000: consistency_loss=0.0001  pi_loss=-1.1232  reward_loss=0.1282  total_loss=0.0455  value_loss=0.3121
  update 144500/500000: consistency_loss=0.0001  pi_loss=-1.1245  reward_loss=0.1407  total_loss=0.0468  value_loss=0.3108
  update 145000/500000: consistency_loss=0.0001  pi_loss=-1.1273  reward_loss=0.1361  total_loss=0.0469  value_loss=0.3159
  update 145500/500000: consistency_loss=0.0001  pi_loss=-1.1284  reward_loss=0.1341  total_loss=0.0463  value_loss=0.3132
  update 146000/500000: consistency_loss=0.0001  pi_loss=-1.1195  reward_loss=0.1254  total_loss=0.0460  value_loss=0.3189
  update 146500/500000: consistency_loss=0.0001  pi_loss=-1.1478  reward_loss=0.1246  total_loss=0.0469  value_loss=0.3247
  update 147000/500000: consistency_loss=0.0001  pi_loss=-1.1660  reward_loss=0.1368  total_loss=0.0482  value_loss=0.3252
  update 147500/500000: consistency_loss=0.0001  pi_loss=-1.1576  reward_loss=0.1476  total_loss=0.0484  value_loss=0.3172
  update 148000/500000: consistency_loss=0.0001  pi_loss=-1.1522  reward_loss=0.1249  total_loss=0.0477  value_loss=0.3280
  update 148500/500000: consistency_loss=0.0001  pi_loss=-1.1590  reward_loss=0.1253  total_loss=0.0450  value_loss=0.3075
  update 149000/500000: consistency_loss=0.0001  pi_loss=-1.1539  reward_loss=0.1165  total_loss=0.0450  value_loss=0.3125
  update 149500/500000: consistency_loss=0.0001  pi_loss=-1.1592  reward_loss=0.1164  total_loss=0.0453  value_loss=0.3200
  update 150000/500000: consistency_loss=0.0001  pi_loss=-1.1597  reward_loss=0.1415  total_loss=0.0478  value_loss=0.3179
  update 150500/500000: consistency_loss=0.0001  pi_loss=-1.1543  reward_loss=0.1269  total_loss=0.0468  value_loss=0.3251
  update 151000/500000: consistency_loss=0.0001  pi_loss=-1.1322  reward_loss=0.1265  total_loss=0.0474  value_loss=0.3291
  update 151500/500000: consistency_loss=0.0001  pi_loss=-1.1331  reward_loss=0.1390  total_loss=0.0485  value_loss=0.3313
  update 152000/500000: consistency_loss=0.0001  pi_loss=-1.1396  reward_loss=0.1447  total_loss=0.0495  value_loss=0.3323
  update 152500/500000: consistency_loss=0.0001  pi_loss=-1.1233  reward_loss=0.1218  total_loss=0.0456  value_loss=0.3138
  update 153000/500000: consistency_loss=0.0001  pi_loss=-1.1261  reward_loss=0.1375  total_loss=0.0486  value_loss=0.3347
  update 153500/500000: consistency_loss=0.0001  pi_loss=-1.1330  reward_loss=0.1271  total_loss=0.0475  value_loss=0.3295
  update 154000/500000: consistency_loss=0.0001  pi_loss=-1.1511  reward_loss=0.1484  total_loss=0.0498  value_loss=0.3290
  update 154500/500000: consistency_loss=0.0001  pi_loss=-1.1386  reward_loss=0.1304  total_loss=0.0471  value_loss=0.3254
  update 155000/500000: consistency_loss=0.0001  pi_loss=-1.1366  reward_loss=0.1230  total_loss=0.0475  value_loss=0.3307
  update 155500/500000: consistency_loss=0.0001  pi_loss=-1.1526  reward_loss=0.1324  total_loss=0.0482  value_loss=0.3315
  update 156000/500000: consistency_loss=0.0001  pi_loss=-1.1713  reward_loss=0.1307  total_loss=0.0464  value_loss=0.3160
  update 156500/500000: consistency_loss=0.0001  pi_loss=-1.2010  reward_loss=0.1293  total_loss=0.0455  value_loss=0.3073
  update 157000/500000: consistency_loss=0.0001  pi_loss=-1.1979  reward_loss=0.1338  total_loss=0.0466  value_loss=0.3183
  update 157500/500000: consistency_loss=0.0001  pi_loss=-1.2002  reward_loss=0.1326  total_loss=0.0473  value_loss=0.3270
  update 158000/500000: consistency_loss=0.0001  pi_loss=-1.1962  reward_loss=0.1365  total_loss=0.0476  value_loss=0.3218
  update 158500/500000: consistency_loss=0.0001  pi_loss=-1.1789  reward_loss=0.1246  total_loss=0.0474  value_loss=0.3301
  update 159000/500000: consistency_loss=0.0001  pi_loss=-1.2095  reward_loss=0.1409  total_loss=0.0476  value_loss=0.3187
  update 159500/500000: consistency_loss=0.0001  pi_loss=-1.2068  reward_loss=0.1316  total_loss=0.0460  value_loss=0.3052
  update 160000/500000: consistency_loss=0.0001  pi_loss=-1.2339  reward_loss=0.1310  total_loss=0.0463  value_loss=0.3142
  update 160500/500000: consistency_loss=0.0001  pi_loss=-1.2314  reward_loss=0.1385  total_loss=0.0467  value_loss=0.3150
  update 161000/500000: consistency_loss=0.0001  pi_loss=-1.2107  reward_loss=0.1164  total_loss=0.0468  value_loss=0.3249
  update 161500/500000: consistency_loss=0.0001  pi_loss=-1.2280  reward_loss=0.1515  total_loss=0.0498  value_loss=0.3288
  update 162000/500000: consistency_loss=0.0001  pi_loss=-1.1965  reward_loss=0.1229  total_loss=0.0464  value_loss=0.3243
  update 162500/500000: consistency_loss=0.0001  pi_loss=-1.1961  reward_loss=0.1507  total_loss=0.0495  value_loss=0.3308
  update 163000/500000: consistency_loss=0.0001  pi_loss=-1.2092  reward_loss=0.1488  total_loss=0.0485  value_loss=0.3193
  update 163500/500000: consistency_loss=0.0001  pi_loss=-1.2095  reward_loss=0.1148  total_loss=0.0451  value_loss=0.3161
  update 164000/500000: consistency_loss=0.0001  pi_loss=-1.2270  reward_loss=0.1254  total_loss=0.0456  value_loss=0.3132
  update 164500/500000: consistency_loss=0.0001  pi_loss=-1.2256  reward_loss=0.1464  total_loss=0.0485  value_loss=0.3226
  update 165000/500000: consistency_loss=0.0001  pi_loss=-1.2249  reward_loss=0.1228  total_loss=0.0447  value_loss=0.3095
  update 165500/500000: consistency_loss=0.0001  pi_loss=-1.2388  reward_loss=0.1440  total_loss=0.0481  value_loss=0.3231
  update 166000/500000: consistency_loss=0.0001  pi_loss=-1.2013  reward_loss=0.1402  total_loss=0.0470  value_loss=0.3144
  update 166500/500000: consistency_loss=0.0001  pi_loss=-1.2171  reward_loss=0.1438  total_loss=0.0490  value_loss=0.3272
  update 167000/500000: consistency_loss=0.0001  pi_loss=-1.1956  reward_loss=0.1422  total_loss=0.0498  value_loss=0.3392
  update 167500/500000: consistency_loss=0.0001  pi_loss=-1.1946  reward_loss=0.1530  total_loss=0.0489  value_loss=0.3191
  update 168000/500000: consistency_loss=0.0001  pi_loss=-1.1784  reward_loss=0.1251  total_loss=0.0457  value_loss=0.3187
  update 168500/500000: consistency_loss=0.0001  pi_loss=-1.1913  reward_loss=0.1331  total_loss=0.0472  value_loss=0.3229
  update 169000/500000: consistency_loss=0.0001  pi_loss=-1.1910  reward_loss=0.1284  total_loss=0.0468  value_loss=0.3205
  update 169500/500000: consistency_loss=0.0001  pi_loss=-1.2103  reward_loss=0.1373  total_loss=0.0477  value_loss=0.3178
  update 170000/500000: consistency_loss=0.0001  pi_loss=-1.2332  reward_loss=0.1278  total_loss=0.0469  value_loss=0.3221
  update 170500/500000: consistency_loss=0.0001  pi_loss=-1.2301  reward_loss=0.1352  total_loss=0.0480  value_loss=0.3291
  update 171000/500000: consistency_loss=0.0001  pi_loss=-1.2365  reward_loss=0.1259  total_loss=0.0470  value_loss=0.3291
  update 171500/500000: consistency_loss=0.0001  pi_loss=-1.2220  reward_loss=0.1040  total_loss=0.0441  value_loss=0.3186
  update 172000/500000: consistency_loss=0.0001  pi_loss=-1.2672  reward_loss=0.1409  total_loss=0.0485  value_loss=0.3264
  update 172500/500000: consistency_loss=0.0001  pi_loss=-1.2918  reward_loss=0.1454  total_loss=0.0487  value_loss=0.3270
  update 173000/500000: consistency_loss=0.0001  pi_loss=-1.2796  reward_loss=0.1267  total_loss=0.0466  value_loss=0.3210
  update 173500/500000: consistency_loss=0.0001  pi_loss=-1.2723  reward_loss=0.1472  total_loss=0.0486  value_loss=0.3238
  update 174000/500000: consistency_loss=0.0001  pi_loss=-1.2986  reward_loss=0.1339  total_loss=0.0458  value_loss=0.3087
  update 174500/500000: consistency_loss=0.0001  pi_loss=-1.2740  reward_loss=0.1168  total_loss=0.0465  value_loss=0.3286
  update 175000/500000: consistency_loss=0.0001  pi_loss=-1.2645  reward_loss=0.1538  total_loss=0.0502  value_loss=0.3291
  update 175500/500000: consistency_loss=0.0001  pi_loss=-1.2376  reward_loss=0.1265  total_loss=0.0473  value_loss=0.3271
  update 176000/500000: consistency_loss=0.0001  pi_loss=-1.2479  reward_loss=0.1491  total_loss=0.0493  value_loss=0.3295
  update 176500/500000: consistency_loss=0.0001  pi_loss=-1.2311  reward_loss=0.1376  total_loss=0.0486  value_loss=0.3304
  update 177000/500000: consistency_loss=0.0001  pi_loss=-1.2222  reward_loss=0.1235  total_loss=0.0464  value_loss=0.3240
  update 177500/500000: consistency_loss=0.0001  pi_loss=-1.2481  reward_loss=0.1371  total_loss=0.0491  value_loss=0.3314
  update 178000/500000: consistency_loss=0.0001  pi_loss=-1.2584  reward_loss=0.1418  total_loss=0.0490  value_loss=0.3337
  update 178500/500000: consistency_loss=0.0001  pi_loss=-1.2519  reward_loss=0.1381  total_loss=0.0489  value_loss=0.3324
  update 179000/500000: consistency_loss=0.0001  pi_loss=-1.2492  reward_loss=0.1212  total_loss=0.0464  value_loss=0.3264
  update 179500/500000: consistency_loss=0.0001  pi_loss=-1.2567  reward_loss=0.1324  total_loss=0.0471  value_loss=0.3194
  update 180000/500000: consistency_loss=0.0001  pi_loss=-1.2591  reward_loss=0.1329  total_loss=0.0479  value_loss=0.3317
  update 180500/500000: consistency_loss=0.0001  pi_loss=-1.2300  reward_loss=0.1248  total_loss=0.0451  value_loss=0.3106
  update 181000/500000: consistency_loss=0.0001  pi_loss=-1.2344  reward_loss=0.1282  total_loss=0.0453  value_loss=0.3100
  update 181500/500000: consistency_loss=0.0001  pi_loss=-1.2286  reward_loss=0.1451  total_loss=0.0475  value_loss=0.3145
  update 182000/500000: consistency_loss=0.0001  pi_loss=-1.2224  reward_loss=0.1177  total_loss=0.0459  value_loss=0.3246
  update 182500/500000: consistency_loss=0.0001  pi_loss=-1.2155  reward_loss=0.1296  total_loss=0.0475  value_loss=0.3278
  update 183000/500000: consistency_loss=0.0001  pi_loss=-1.2282  reward_loss=0.1323  total_loss=0.0481  value_loss=0.3302
  update 183500/500000: consistency_loss=0.0001  pi_loss=-1.2330  reward_loss=0.1476  total_loss=0.0481  value_loss=0.3203
  update 184000/500000: consistency_loss=0.0001  pi_loss=-1.2363  reward_loss=0.1340  total_loss=0.0470  value_loss=0.3213
  update 184500/500000: consistency_loss=0.0001  pi_loss=-1.2139  reward_loss=0.1119  total_loss=0.0453  value_loss=0.3236
  update 185000/500000: consistency_loss=0.0001  pi_loss=-1.2076  reward_loss=0.1208  total_loss=0.0458  value_loss=0.3213
  update 185500/500000: consistency_loss=0.0001  pi_loss=-1.2199  reward_loss=0.1460  total_loss=0.0497  value_loss=0.3362
  update 186000/500000: consistency_loss=0.0001  pi_loss=-1.1998  reward_loss=0.1077  total_loss=0.0440  value_loss=0.3146
  update 186500/500000: consistency_loss=0.0001  pi_loss=-1.2277  reward_loss=0.1444  total_loss=0.0502  value_loss=0.3336
  update 187000/500000: consistency_loss=0.0001  pi_loss=-1.2420  reward_loss=0.1287  total_loss=0.0470  value_loss=0.3254
  update 187500/500000: consistency_loss=0.0001  pi_loss=-1.2543  reward_loss=0.1215  total_loss=0.0452  value_loss=0.3166
  update 188000/500000: consistency_loss=0.0001  pi_loss=-1.2886  reward_loss=0.1434  total_loss=0.0481  value_loss=0.3231
  update 188500/500000: consistency_loss=0.0001  pi_loss=-1.2697  reward_loss=0.1145  total_loss=0.0429  value_loss=0.2990
  update 189000/500000: consistency_loss=0.0001  pi_loss=-1.2583  reward_loss=0.1089  total_loss=0.0448  value_loss=0.3236
  update 189500/500000: consistency_loss=0.0001  pi_loss=-1.2436  reward_loss=0.1180  total_loss=0.0456  value_loss=0.3198
  update 190000/500000: consistency_loss=0.0001  pi_loss=-1.2402  reward_loss=0.1392  total_loss=0.0478  value_loss=0.3225
  update 190500/500000: consistency_loss=0.0001  pi_loss=-1.2221  reward_loss=0.1328  total_loss=0.0473  value_loss=0.3199
  update 191000/500000: consistency_loss=0.0001  pi_loss=-1.2234  reward_loss=0.1438  total_loss=0.0486  value_loss=0.3270
  update 191500/500000: consistency_loss=0.0001  pi_loss=-1.2361  reward_loss=0.1390  total_loss=0.0479  value_loss=0.3257
  update 192000/500000: consistency_loss=0.0001  pi_loss=-1.2411  reward_loss=0.1212  total_loss=0.0450  value_loss=0.3152
  update 192500/500000: consistency_loss=0.0001  pi_loss=-1.2253  reward_loss=0.1392  total_loss=0.0481  value_loss=0.3254
  update 193000/500000: consistency_loss=0.0001  pi_loss=-1.2212  reward_loss=0.1357  total_loss=0.0484  value_loss=0.3334
  update 193500/500000: consistency_loss=0.0001  pi_loss=-1.2249  reward_loss=0.1248  total_loss=0.0477  value_loss=0.3370
  update 194000/500000: consistency_loss=0.0001  pi_loss=-1.2174  reward_loss=0.1128  total_loss=0.0460  value_loss=0.3348
  update 194500/500000: consistency_loss=0.0001  pi_loss=-1.2266  reward_loss=0.1209  total_loss=0.0465  value_loss=0.3222
  update 195000/500000: consistency_loss=0.0001  pi_loss=-1.2435  reward_loss=0.1337  total_loss=0.0467  value_loss=0.3136
  update 195500/500000: consistency_loss=0.0001  pi_loss=-1.2486  reward_loss=0.1190  total_loss=0.0445  value_loss=0.3086
  update 196000/500000: consistency_loss=0.0001  pi_loss=-1.2583  reward_loss=0.1115  total_loss=0.0448  value_loss=0.3215
  update 196500/500000: consistency_loss=0.0001  pi_loss=-1.2617  reward_loss=0.1458  total_loss=0.0482  value_loss=0.3201
  update 197000/500000: consistency_loss=0.0001  pi_loss=-1.2230  reward_loss=0.1378  total_loss=0.0471  value_loss=0.3190
  update 197500/500000: consistency_loss=0.0001  pi_loss=-1.2009  reward_loss=0.1310  total_loss=0.0473  value_loss=0.3271
  update 198000/500000: consistency_loss=0.0001  pi_loss=-1.1901  reward_loss=0.1298  total_loss=0.0469  value_loss=0.3258
  update 198500/500000: consistency_loss=0.0001  pi_loss=-1.1945  reward_loss=0.1346  total_loss=0.0477  value_loss=0.3254
  update 199000/500000: consistency_loss=0.0001  pi_loss=-1.1931  reward_loss=0.1141  total_loss=0.0457  value_loss=0.3265
  update 199500/500000: consistency_loss=0.0001  pi_loss=-1.2450  reward_loss=0.1304  total_loss=0.0476  value_loss=0.3282
  update 200000/500000: consistency_loss=0.0001  pi_loss=-1.2303  reward_loss=0.1070  total_loss=0.0437  value_loss=0.3146
Saved checkpoint at update 200000
  update 200500/500000: consistency_loss=0.0001  pi_loss=-1.2518  reward_loss=0.1183  total_loss=0.0447  value_loss=0.3135
  update 201000/500000: consistency_loss=0.0001  pi_loss=-1.2489  reward_loss=0.1148  total_loss=0.0444  value_loss=0.3092
  update 201500/500000: consistency_loss=0.0001  pi_loss=-1.2361  reward_loss=0.1223  total_loss=0.0454  value_loss=0.3152
  update 202000/500000: consistency_loss=0.0001  pi_loss=-1.2544  reward_loss=0.1391  total_loss=0.0474  value_loss=0.3243
  update 202500/500000: consistency_loss=0.0001  pi_loss=-1.2521  reward_loss=0.1257  total_loss=0.0465  value_loss=0.3225
  update 203000/500000: consistency_loss=0.0001  pi_loss=-1.2464  reward_loss=0.1310  total_loss=0.0466  value_loss=0.3115
  update 203500/500000: consistency_loss=0.0001  pi_loss=-1.2600  reward_loss=0.1631  total_loss=0.0499  value_loss=0.3215
  update 204000/500000: consistency_loss=0.0001  pi_loss=-1.2296  reward_loss=0.1244  total_loss=0.0458  value_loss=0.3188
  update 204500/500000: consistency_loss=0.0001  pi_loss=-1.2185  reward_loss=0.1148  total_loss=0.0452  value_loss=0.3174
  update 205000/500000: consistency_loss=0.0001  pi_loss=-1.2156  reward_loss=0.1372  total_loss=0.0481  value_loss=0.3295
  update 205500/500000: consistency_loss=0.0001  pi_loss=-1.2143  reward_loss=0.1328  total_loss=0.0480  value_loss=0.3303
  update 206000/500000: consistency_loss=0.0001  pi_loss=-1.2113  reward_loss=0.1363  total_loss=0.0477  value_loss=0.3268
  update 206500/500000: consistency_loss=0.0001  pi_loss=-1.2117  reward_loss=0.1336  total_loss=0.0477  value_loss=0.3298
  update 207000/500000: consistency_loss=0.0001  pi_loss=-1.2099  reward_loss=0.1071  total_loss=0.0434  value_loss=0.3087
  update 207500/500000: consistency_loss=0.0001  pi_loss=-1.2269  reward_loss=0.1130  total_loss=0.0460  value_loss=0.3290
  update 208000/500000: consistency_loss=0.0001  pi_loss=-1.2348  reward_loss=0.1411  total_loss=0.0478  value_loss=0.3243
  update 208500/500000: consistency_loss=0.0001  pi_loss=-1.2322  reward_loss=0.1402  total_loss=0.0486  value_loss=0.3296
  update 209000/500000: consistency_loss=0.0001  pi_loss=-1.2471  reward_loss=0.1278  total_loss=0.0463  value_loss=0.3204
  update 209500/500000: consistency_loss=0.0001  pi_loss=-1.2623  reward_loss=0.1203  total_loss=0.0457  value_loss=0.3177
  update 210000/500000: consistency_loss=0.0001  pi_loss=-1.2654  reward_loss=0.1303  total_loss=0.0465  value_loss=0.3191
  update 210500/500000: consistency_loss=0.0001  pi_loss=-1.2503  reward_loss=0.1244  total_loss=0.0448  value_loss=0.3081
  update 211000/500000: consistency_loss=0.0001  pi_loss=-1.2762  reward_loss=0.1293  total_loss=0.0461  value_loss=0.3158
  update 211500/500000: consistency_loss=0.0001  pi_loss=-1.2797  reward_loss=0.1297  total_loss=0.0473  value_loss=0.3265
  update 212000/500000: consistency_loss=0.0001  pi_loss=-1.2718  reward_loss=0.1241  total_loss=0.0447  value_loss=0.3093
  update 212500/500000: consistency_loss=0.0001  pi_loss=-1.2494  reward_loss=0.1100  total_loss=0.0441  value_loss=0.3177
  update 213000/500000: consistency_loss=0.0001  pi_loss=-1.2708  reward_loss=0.1517  total_loss=0.0492  value_loss=0.3263
  update 213500/500000: consistency_loss=0.0001  pi_loss=-1.2714  reward_loss=0.1227  total_loss=0.0453  value_loss=0.3126
  update 214000/500000: consistency_loss=0.0001  pi_loss=-1.2642  reward_loss=0.1286  total_loss=0.0452  value_loss=0.3087
  update 214500/500000: consistency_loss=0.0001  pi_loss=-1.2991  reward_loss=0.1496  total_loss=0.0487  value_loss=0.3244
  update 215000/500000: consistency_loss=0.0001  pi_loss=-1.3043  reward_loss=0.1359  total_loss=0.0446  value_loss=0.2961
  update 215500/500000: consistency_loss=0.0001  pi_loss=-1.2969  reward_loss=0.1282  total_loss=0.0456  value_loss=0.3098
  update 216000/500000: consistency_loss=0.0001  pi_loss=-1.2896  reward_loss=0.1255  total_loss=0.0453  value_loss=0.3105
  update 216500/500000: consistency_loss=0.0001  pi_loss=-1.2790  reward_loss=0.1496  total_loss=0.0487  value_loss=0.3252
  update 217000/500000: consistency_loss=0.0001  pi_loss=-1.2543  reward_loss=0.1318  total_loss=0.0467  value_loss=0.3199
  update 217500/500000: consistency_loss=0.0001  pi_loss=-1.2622  reward_loss=0.1321  total_loss=0.0484  value_loss=0.3373
  update 218000/500000: consistency_loss=0.0001  pi_loss=-1.2602  reward_loss=0.1382  total_loss=0.0486  value_loss=0.3275
  update 218500/500000: consistency_loss=0.0001  pi_loss=-1.2855  reward_loss=0.1236  total_loss=0.0465  value_loss=0.3247
  update 219000/500000: consistency_loss=0.0001  pi_loss=-1.2991  reward_loss=0.1369  total_loss=0.0471  value_loss=0.3173
  update 219500/500000: consistency_loss=0.0001  pi_loss=-1.3273  reward_loss=0.1327  total_loss=0.0470  value_loss=0.3228
  update 220000/500000: consistency_loss=0.0001  pi_loss=-1.2935  reward_loss=0.1250  total_loss=0.0462  value_loss=0.3218
  update 220500/500000: consistency_loss=0.0001  pi_loss=-1.3039  reward_loss=0.1320  total_loss=0.0465  value_loss=0.3179
  update 221000/500000: consistency_loss=0.0001  pi_loss=-1.2859  reward_loss=0.1344  total_loss=0.0474  value_loss=0.3256
  update 221500/500000: consistency_loss=0.0001  pi_loss=-1.2632  reward_loss=0.1114  total_loss=0.0440  value_loss=0.3108
  update 222000/500000: consistency_loss=0.0001  pi_loss=-1.2693  reward_loss=0.1264  total_loss=0.0451  value_loss=0.3087
  update 222500/500000: consistency_loss=0.0001  pi_loss=-1.2799  reward_loss=0.1147  total_loss=0.0440  value_loss=0.3020
  update 223000/500000: consistency_loss=0.0001  pi_loss=-1.2879  reward_loss=0.1223  total_loss=0.0433  value_loss=0.2952
  update 223500/500000: consistency_loss=0.0001  pi_loss=-1.2842  reward_loss=0.1368  total_loss=0.0458  value_loss=0.3062
  update 224000/500000: consistency_loss=0.0001  pi_loss=-1.2715  reward_loss=0.1427  total_loss=0.0464  value_loss=0.3065
  update 224500/500000: consistency_loss=0.0001  pi_loss=-1.2577  reward_loss=0.1130  total_loss=0.0448  value_loss=0.3166
  update 225000/500000: consistency_loss=0.0001  pi_loss=-1.2648  reward_loss=0.1365  total_loss=0.0472  value_loss=0.3211
  update 225500/500000: consistency_loss=0.0001  pi_loss=-1.2684  reward_loss=0.1392  total_loss=0.0484  value_loss=0.3283
  update 226000/500000: consistency_loss=0.0001  pi_loss=-1.2894  reward_loss=0.1346  total_loss=0.0456  value_loss=0.3066
  update 226500/500000: consistency_loss=0.0001  pi_loss=-1.2842  reward_loss=0.1311  total_loss=0.0446  value_loss=0.3026
  update 227000/500000: consistency_loss=0.0001  pi_loss=-1.2957  reward_loss=0.1575  total_loss=0.0485  value_loss=0.3126
  update 227500/500000: consistency_loss=0.0001  pi_loss=-1.2585  reward_loss=0.1296  total_loss=0.0456  value_loss=0.3105
  update 228000/500000: consistency_loss=0.0001  pi_loss=-1.2444  reward_loss=0.1190  total_loss=0.0430  value_loss=0.2966
  update 228500/500000: consistency_loss=0.0001  pi_loss=-1.2333  reward_loss=0.1390  total_loss=0.0479  value_loss=0.3252
  update 229000/500000: consistency_loss=0.0001  pi_loss=-1.2237  reward_loss=0.1306  total_loss=0.0466  value_loss=0.3193
  update 229500/500000: consistency_loss=0.0001  pi_loss=-1.1981  reward_loss=0.1145  total_loss=0.0449  value_loss=0.3212
  update 230000/500000: consistency_loss=0.0001  pi_loss=-1.1965  reward_loss=0.1372  total_loss=0.0470  value_loss=0.3207
  update 230500/500000: consistency_loss=0.0001  pi_loss=-1.2004  reward_loss=0.1418  total_loss=0.0479  value_loss=0.3212
  update 231000/500000: consistency_loss=0.0001  pi_loss=-1.2135  reward_loss=0.1502  total_loss=0.0486  value_loss=0.3196
  update 231500/500000: consistency_loss=0.0001  pi_loss=-1.2298  reward_loss=0.1527  total_loss=0.0486  value_loss=0.3206
  update 232000/500000: consistency_loss=0.0001  pi_loss=-1.2093  reward_loss=0.1257  total_loss=0.0451  value_loss=0.3132
  update 232500/500000: consistency_loss=0.0001  pi_loss=-1.2364  reward_loss=0.1424  total_loss=0.0480  value_loss=0.3210
  update 233000/500000: consistency_loss=0.0001  pi_loss=-1.2103  reward_loss=0.1170  total_loss=0.0456  value_loss=0.3219
  update 233500/500000: consistency_loss=0.0001  pi_loss=-1.2067  reward_loss=0.1307  total_loss=0.0469  value_loss=0.3235
  update 234000/500000: consistency_loss=0.0001  pi_loss=-1.2106  reward_loss=0.1229  total_loss=0.0457  value_loss=0.3206
  update 234500/500000: consistency_loss=0.0001  pi_loss=-1.2128  reward_loss=0.1399  total_loss=0.0483  value_loss=0.3302
  update 235000/500000: consistency_loss=0.0001  pi_loss=-1.2100  reward_loss=0.1201  total_loss=0.0462  value_loss=0.3280
  update 235500/500000: consistency_loss=0.0001  pi_loss=-1.2331  reward_loss=0.1513  total_loss=0.0500  v  update 236500/5  update 236000/500000: consistency_loss=0.0001  pi_loss=-1.2169  reward_loss=0.1093  total_loss=0.0446  v  update 237000/5  update 236500/500000: consistency_loss=0.0001  pi_loss=-1.2592  reward_loss=0.1260  total_loss=0.0463  v  update 237500/5  update 237000/500000: consistency_loss=0.0001  pi_loss=-1.2711  reward_loss=0.1298  total_loss=0.0463  v  update 238000/5  update 237500/500000: consistency_loss=0.0001  pi_loss=-1.2761  reward_loss=0.1342  total_loss=0.0464  v  update 238500/500000: consistency_loss=0.0001  pi_loss=-1.3324  reward_loss=0.1328  total_loss=0.0454  value_loss=0.3072
  update 239000/500000: consistency_loss=0.0001  pi_loss=-1.3243  reward_loss=0.1213  total_loss=0.0448  value_loss=0.3155
  update 239500/500000: consistency_loss=0.0001  pi_loss=-1.3252  reward_loss=0.1174  total_loss=0.0448  value_loss=0.3185
  update 240000/500000: consistency_loss=0.0001  pi_loss=-1.3391  reward_loss=0.1235  total_loss=0.0455  value_loss=0.3178
  update 240500/5  update 240000/500000: consistency_loss=0.0001  pi_loss=-1.2798  reward_loss=0.1401  total_loss=0.0479  v  update 241000/5  update 240500/500000: consistency_loss=0.0001  pi_loss=-1.3042  reward_loss=0.1638  total_loss=0.0510  value_loss=0.3308
  update 241000/500000: consistency_loss=0.0001  pi_loss=-1.2899  reward_loss=0.1250  total_loss=0.0445  value_loss=0.3052
  update 241500/500000: consistency_loss=0.0001  pi_loss=-1.3091  reward_loss=0.1513  total_loss=0.0476  value_loss=0.3112
  update 242000/500000: consistency_loss=0.0001  pi_loss=-1.2836  reward_loss=0.1349  total_loss=0.0463  value_loss=0.3148
  update 242500/500000: consistency_loss=0.0001  pi_loss=-1.2988  reward_loss=0.1307  total_loss=0.0459  value_loss=0.3142
  update 243000/500000: consistency_loss=0.0001  pi_loss=-1.2898  reward_loss=0.1158  total_loss=0.0438  value_loss=0.3061
  update 243500/500000: consistency_loss=0.0001  pi_loss=-1.2985  reward_loss=0.1314  total_loss=0.0447  value_loss=0.3028
  update 244000/500000: consistency_loss=0.0001  pi_loss=-1.2904  reward_loss=0.1260  total_loss=0.0450  value_loss=0.3094
  update 244500/500000: consistency_loss=0.0001  pi_loss=-1.2956  reward_loss=0.1386  total_loss=0.0463  value_loss=0.3102
  update 245000/500000: consistency_loss=0.0001  pi_loss=-1.2894  reward_loss=0.1393  total_loss=0.0471  value_loss=0.3172
  update 245500/500000: consistency_loss=0.0001  pi_loss=-1.2641  reward_loss=0.1278  total_loss=0.0463  value_loss=0.3215
  update 246000/500000: consistency_loss=0.0001  pi_loss=-1.2471  reward_loss=0.1284  total_loss=0.0466  value_loss=0.3250
  update 246500/500000: consistency_loss=0.0001  pi_loss=-1.2184  reward_loss=0.1053  total_loss=0.0431  v  update 247500/5  update 247000/500000: consistency_loss=0.0001  pi_loss=-1.2212  reward_loss=0.1190  total_loss=0.0462  value_loss=0.3296
  update 247500/500000: consistency_loss=0.0001  pi_loss=-1.2356  reward_loss=0.1131  total_loss=0.0458  value_loss=0.3341
  update 248000/500000: consistency_loss=0.0001  pi_loss=-1.2562  reward_loss=0.1229  total_loss=0.0455  v  update 249000/5  update 248500/500000: consistency_loss=0.0001  pi_loss=-1.2765  reward_loss=0.1111  total_loss=0.0438  v  update 249500/5  update 249000/500000: consistency_loss=0.0001  pi_loss=-1.3077  reward_loss=0.1566  total_loss=0.0491  v  update 250000/5  update 249500/500000: consistency_loss=0.0001  pi_loss=-1.2863  reward_loss=0.1322  total_loss=0.0453  v  update 250500/5  update 250000/500000: consistency_loss=0.0001  pi_loss=-1.2704  reward_loss=0.1496  total_loss=0.0490  v  update 251000/5  update 250500/500000: consistency_loss=0.0001  pi_loss=-1.2533  reward_loss=0.1174  total_loss=0.0445  v  update 251500/5  update 251000/500000: consistency_loss=0.0001  pi_loss=-1.2647  reward_loss=0.1095  total_loss=0.0448  v  update 252000/5  update 251500/500000: consistency_loss=0.0001  pi_loss=-1.2931  reward_loss=0.1400  total_loss=0.0476  v  update 252500/5  update 252000/500000: consistency_loss=0.0001  pi_loss=-1.2990  reward_loss=0.1190  total_loss=0.0447  v  update 253000/5  update 252500/500000: consistency_loss=0.0001  pi_loss=-1.2999  reward_loss=0.1314  total_loss=0.0456  v  update 253500/5  update 253000/500000: consistency_loss=0.0001  pi_loss=-1.3206  reward_loss=0.1259  total_loss=0.0456  v  update 254000/5  update 253500/500000: consistency_loss=0.0001  pi_loss=-1.2991  reward_loss=0.1180  total_loss=0.0439  v  update 254500/5  update 254000/500000: consistency_loss=0.0001  pi_loss=-1.3233  reward_loss=0.1325  total_loss=0.0460  v  update 255000/5  update 254500/500000: consistency_loss=0.0001  pi_loss=-1.3130  reward_loss=0.1259  total_loss=0.0446  value_loss=0.3074
  update 255000/500000: consistency_loss=0.0001  pi_loss=-1.3232  reward_loss=0.1556  total_loss=0.0497  value_loss=0.3270
  update 255500/500000: consistency_loss=0.0001  pi_loss=-1.2861  reward_loss=0.1257  total_loss=0.0457  value_loss=0.3171
  update 256000/500000: consistency_loss=0.0001  pi_loss=-1.2686  reward_loss=0.1239  total_loss=0.0447  value_loss=0.3097
  update 256500/500000: consistency_loss=0.0001  pi_loss=-1.2364  reward_loss=0.1284  total_loss=0.0463  v  update 257500/5  update 257000/500000: consistency_loss=0.0001  pi_loss=-1.2338  reward_loss=0.1347  total_loss=0.0466  v  update 258000/5  update 257500/500000: consistency_loss=0.0001  pi_loss=-1.2469  reward_loss=0.1260  total_loss=0.0462  v  update 258500/5  update 258000/500000: consistency_loss=0.0001  pi_loss=-1.2559  reward_loss=0.1247  total_loss=0.0474  v  update 259000/5  update 258500/500000: consistency_loss=0.0001  pi_loss=-1.2571  reward_loss=0.1368  total_loss=0.0473  v  update 259500/5  update 259000/500000: consistency_loss=0.0001  pi_loss=-1.2593  reward_loss=0.1295  total_loss=0.0460  v  update 260000/5  update 259500/500000: consistency_loss=0.0001  pi_loss=-1.2818  reward_loss=0.1623  total_loss=0.0505  v  update 260500/5  update 260000/500000: consistency_loss=0.0001  pi_loss=-1.2771  reward_loss=0.1415  total_loss=0.0466  v  update 261000/5  update 260500/500000: consistency_loss=0.0001  pi_loss=-1.2847  reward_loss=0.1199  total_loss=0.0455  v  update 261500/5  update 261000/500000: consistency_loss=0.0001  pi_loss=-1.2952  reward_loss=0.1318  total_loss=0.0469  v  update 262000/5  update 261500/500000: consistency_loss=0.0001  pi_loss=-1.3111  reward_loss=0.1496  total_loss=0.0472  v  update 262500/5  update 262000/500000: consistency_loss=0.0001  pi_loss=-1.3099  reward_loss=0.1154  total_loss=0.0464  value_loss=0.3340
  update 262500/500000: consistency_loss=0.0001  pi_loss=-1.3303  reward_loss=0.1403  total_loss=0.0486  value_loss=0.3324
  update 263000/500000: consistency_loss=0.0001  pi_loss=-1.3124  reward_loss=0.1194  total_loss=0.0464  value_loss=0.3326
  update 263500/500000: consistency_loss=0.0001  pi_loss=-1.3260  reward_loss=0.1211  total_loss=0.0459  value_loss=0.3231
  update 264000/500000: consistency_loss=0.0001  pi_loss=-1.3362  reward_loss=0.1364  total_loss=0.0474  value_loss=0.3228
  update 264500/500000: consistency_loss=0.0001  pi_loss=-1.3598  reward_loss=0.1381  total_loss=0.0475  value_loss=0.3223
  update 265000/500000: consistency_loss=0.0001  pi_loss=-1.3067  reward_loss=0.1136  total_loss=0.0431  v  update 266000/5  update 265500/500000: consistency_loss=0.0001  pi_loss=-1.3225  reward_loss=0.1183  total_loss=0.0454  v  update 266500/500000: consistency_loss=0.0001  pi_loss=-1.4872  reward_loss=0.1189  total_loss=0.0467  value_loss=0.3332
  update 267000/500000: consistency_loss=0.0001  pi_loss=-1.4889  reward_loss=0.1273  total_loss=0.0474  value_loss=0.3343
  update 267500/500000: consistency_loss=0.0001  pi_loss=-1.4822  reward_loss=0.1447  total_loss=0.0487  value_loss=0.3283
  update 268000/500000: consistency_loss=0.0001  pi_loss=-1.4741  reward_loss=0.1368  total_loss=0.0480  value_loss=0.3313
  update 268500/500000: consistency_loss=0.0001  pi_loss=-1.4835  reward_loss=0.1315  total_loss=0.0475  value_loss=0.3316
  update 269000/500000: consistency_loss=0.0001  pi_loss=-1.4954  reward_loss=0.1323  total_loss=0.0486  value_loss=0.3397
  update 269500/500000: consistency_loss=0.0001  pi_loss=-1.5057  reward_loss=0.1496  total_loss=0.0494  value_loss=0.3338
  update 270000/500000: consistency_loss=0.0001  pi_loss=-1.4879  reward_loss=0.1336  total_loss=0.0481  value_loss=0.3348
  update 270500/500000: consistency_loss=0.0001  pi_loss=-1.4839  reward_loss=0.1284  total_loss=0.0473  value_loss=0.3318
  update 271000/500000: consistency_loss=0.0001  pi_loss=-1.4866  reward_loss=0.1381  total_loss=0.0484  value_loss=0.3342
  update 271500/500000: consistency_loss=0.0001  pi_loss=-1.5113  reward_loss=0.1521  total_loss=0.0509  value_loss=0.3428
  update 272000/500000: consistency_loss=0.0001  pi_loss=-1.5209  reward_loss=0.1476  total_loss=0.0500  value_loss=0.3395
  update 272500/500000: consistency_loss=0.0001  pi_loss=-1.4831  reward_loss=0.1112  total_loss=0.0455  value_loss=0.3290
  update 273000/500000: consistency_loss=0.0001  pi_loss=-1.5114  reward_loss=0.1282  total_loss=0.0477  value_loss=0.3357
  update 273500/500000: consistency_loss=0.0001  pi_loss=-1.5077  reward_loss=0.1446  total_loss=0.0481  value_loss=0.3258
  update 274000/500000: consistency_loss=0.0001  pi_loss=-1.5070  reward_loss=0.1243  total_loss=0.0473  value_loss=0.3300
  update 274500/500000: consistency_loss=0.0001  pi_loss=-1.5057  reward_loss=0.1293  total_loss=0.0470  value_loss=0.3290
  update 275000/500000: consistency_loss=0.0001  pi_loss=-1.5169  reward_loss=0.1462  total_loss=0.0498  value_loss=0.3356
  update 275500/500000: consistency_loss=0.0001  pi_loss=-1.5126  reward_loss=0.1365  total_loss=0.0482  value_loss=0.3336
  update 276000/500000: consistency_loss=0.0001  pi_loss=-1.4735  reward_loss=0.1290  total_loss=0.0477  value_loss=0.3332
  update 276500/500000: consistency_loss=0.0000  pi_loss=-1.4702  reward_loss=0.1459  total_loss=0.0484  value_loss=0.3297
  update 277000/500000: consistency_loss=0.0001  pi_loss=-1.4566  reward_loss=0.1375  total_loss=0.0481  value_loss=0.3284
  update 277500/500000: consistency_loss=0.0001  pi_loss=-1.4441  reward_loss=0.1388  total_loss=0.0478  value_loss=0.3268
  update 278000/500000: consistency_loss=0.0001  pi_loss=-1.4328  reward_loss=0.1150  total_loss=0.0452  value_loss=0.3239
  update 278500/500000: consistency_loss=0.0001  pi_loss=-1.4294  reward_loss=0.1334  total_loss=0.0464  value_loss=0.3154
  update 279000/500000: consistency_loss=0.0001  pi_loss=-1.4258  reward_loss=0.1455  total_loss=0.0485  value_loss=0.3287
  update 279500/500000: consistency_loss=0.0001  pi_loss=-1.4311  reward_loss=0.1331  total_loss=0.0475  value_loss=0.3260
  update 280000/500000: consistency_loss=0.0001  pi_loss=-1.3981  reward_loss=0.1217  total_loss=0.0460  value_loss=0.3265
  update 280500/500000: consistency_loss=0.0001  pi_loss=-1.4013  reward_loss=0.1247  total_loss=0.0467  value_loss=0.3287
  update 281000/500000: consistency_loss=0.0001  pi_loss=-1.3890  reward_loss=0.1447  total_loss=0.0474  value_loss=0.3163
  update 281500/500000: consistency_loss=0.0001  pi_loss=-1.3872  reward_loss=0.1268  total_loss=0.0469  value_loss=0.3295
  update 282000/500000: consistency_loss=0.0001  pi_loss=-1.3562  reward_loss=0.1281  total_loss=0.0454  value_loss=0.3142
  update 282500/500000: consistency_loss=0.0001  pi_loss=-1.3579  reward_loss=0.1257  total_loss=0.0451  value_loss=0.3138
  update 283000/500000: consistency_loss=0.0000  pi_loss=-1.3462  reward_loss=0.1498  total_loss=0.0467  value_loss=0.3082
  update 283500/500000: consistency_loss=0.0001  pi_loss=-1.3085  reward_loss=0.1188  total_loss=0.0441  value_loss=0.3059
  update 284000/500000: consistency_loss=0.0001  pi_loss=-1.3272  reward_loss=0.1311  total_loss=0.0456  value_loss=0.3106
  update 284500/500000: consistency_loss=0.0001  pi_loss=-1.3268  reward_loss=0.1237  total_loss=0.0452  value_loss=0.3171
  update 285000/500000: consistency_loss=0.0001  pi_loss=-1.3236  reward_loss=0.1265  total_loss=0.0451  value_loss=0.3137
  update 285500/500000: consistency_loss=0.0001  pi_loss=-1.3481  reward_loss=0.1382  total_loss=0.0466  value_loss=0.3157
  update 286000/500000: consistency_loss=0.0001  pi_loss=-1.3536  reward_loss=0.1136  total_loss=0.0448  value_loss=0.3184
  update 286500/500000: consistency_loss=0.0001  pi_loss=-1.3757  reward_loss=0.1133  total_loss=0.0449  value_loss=0.3205
  update 287000/500000: consistency_loss=0.0001  pi_loss=-1.3879  reward_loss=0.1323  total_loss=0.0473  value_loss=0.3275
  update 287500/500000: consistency_loss=0.0001  pi_loss=-1.3774  reward_loss=0.1246  total_loss=0.0451  value_loss=0.3156
  update 288000/500000: consistency_loss=0.0001  pi_loss=-1.3885  reward_loss=0.1352  total_loss=0.0479  value_loss=0.3287
  update 288500/500000: consistency_loss=0.0001  pi_loss=-1.3786  reward_loss=0.1127  total_loss=0.0448  value_loss=0.3225
  update 289000/500000: consistency_loss=0.0001  pi_loss=-1.3896  reward_loss=0.1172  total_loss=0.0455  value_loss=0.3229
  update 289500/500000: consistency_loss=0.0001  pi_loss=-1.3972  reward_loss=0.1207  total_loss=0.0460  value_loss=0.3273
  update 290000/500000: consistency_loss=0.0001  pi_loss=-1.4499  reward_loss=0.1280  total_loss=0.0481  value_loss=0.3355
  update 290500/500000: consistency_loss=0.0001  pi_loss=-1.4800  reward_loss=0.1473  total_loss=0.0490  value_loss=0.3290
  update 291000/500000: consistency_loss=0.0001  pi_loss=-1.4959  reward_loss=0.1293  total_loss=0.0473  value_loss=0.3317
  update 291500/500000: consistency_loss=0.0001  pi_loss=-1.5098  reward_loss=0.1186  total_loss=0.0467  value_loss=0.3337
  update 292000/500000: consistency_loss=0.0001  pi_loss=-1.5032  reward_loss=0.1046  total_loss=0.0450  value_loss=0.3326
  update 292500/500000: consistency_loss=0.0001  pi_loss=-1.5159  reward_loss=0.1100  total_loss=0.0466  value_loss=0.3404
  update 293000/500000: consistency_loss=0.0001  pi_loss=-1.5493  reward_loss=0.1499  total_loss=0.0504  value_loss=0.3435
  update 293500/500000: consistency_loss=0.0001  pi_loss=-1.5379  reward_loss=0.1568  total_loss=0.0520  value_loss=0.3499
  update 294000/500000: consistency_loss=0.0000  pi_loss=-1.5207  reward_loss=0.1385  total_loss=0.0481  value_loss=0.3336
  update 294500/500000: consistency_loss=0.0001  pi_loss=-1.5024  reward_loss=0.1172  total_loss=0.0467  value_loss=0.3375
  update 295000/500000: consistency_loss=0.0001  pi_loss=-1.5304  reward_loss=0.1498  total_loss=0.0495  value_loss=0.3326
  update 295500/500000: consistency_loss=0.0001  pi_loss=-1.5088  reward_loss=0.1397  total_loss=0.0488  value_loss=0.3361
  update 296000/500000: consistency_loss=0.0000  pi_loss=-1.5107  reward_loss=0.1145  total_loss=0.0458  value_loss=0.3341
  update 296500/500000: consistency_loss=0.0001  pi_loss=-1.5164  reward_loss=0.1392  total_loss=0.0491  value_loss=0.3393
  update 297000/500000: consistency_loss=0.0001  pi_loss=-1.4987  reward_loss=0.1239  total_loss=0.0466  value_loss=0.3290
  update 297500/500000: consistency_loss=0.0001  pi_loss=-1.5135  reward_loss=0.1351  total_loss=0.0494  value_loss=0.3464
  update 298000/500000: consistency_loss=0.0001  pi_loss=-1.5189  reward_loss=0.1388  total_loss=0.0487  value_loss=0.3351
  update 298500/500000: consistency_loss=0.0001  pi_loss=-1.5282  reward_loss=0.1269  total_loss=0.0483  value_loss=0.3439
  update 299000/500000: consistency_loss=0.0001  pi_loss=-1.5385  reward_loss=0.1288  total_loss=0.0483  value_loss=0.3393
  update 299500/500000: consistency_loss=0.0001  pi_loss=-1.5526  reward_loss=0.1163  total_loss=0.0472  value_loss=0.3400
  update 300000/500000: consistency_loss=0.0001  pi_loss=-1.5735  reward_loss=0.1132  total_loss=0.0459  value_loss=0.3334
Saved checkpoint   update 300000/5  update 300500/500000: consistency_loss=0.0001  pi_loss=-1.5658  reward_loss=0.1330  total_loss=0.0477  value_loss=0.3303
  update 301000/500000: consistency_loss=0.0001  pi_loss=-1.5523  reward_loss=0.1363  total_loss=0.0479  value_loss=0.3293
  update 301500/500000: consistency_loss=0.0001  pi_loss=-1.5483  reward_loss=0.1197  total_loss=0.0473  value_loss=0.3396
  update 302000/500000: consistency_loss=0.0001  pi_loss=-1.5477  reward_loss=0.1241  total_loss=0.0475  value_loss=0.3370
  update 302500/500000: consistency_loss=0.0001  pi_loss=-1.5331  reward_loss=0.1439  total_loss=0.0497  value_loss=0.3370
  update 303000/500000: consistency_loss=0.0001  pi_loss=-1.5276  reward_loss=0.1269  total_loss=0.0469  value_loss=0.3272
  update 303500/500000: consistency_loss=0.0001  pi_loss=-1.5452  reward_loss=0.1355  total_loss=0.0495  value_loss=0.3435
  update 304000/500000: consistency_loss=0.0001  pi_loss=-1.5510  reward_loss=0.1314  total_loss=0.0480  value_loss=0.3365
  update 304500/500000: consistency_loss=0.0001  pi_loss=-1.5640  reward_loss=0.1325  total_loss=0.0484  value_loss=0.3366
  update 305000/500000: consistency_loss=0.0000  pi_loss=-1.5707  reward_loss=0.1127  total_loss=0.0467  value_loss=0.3440
  update 305500/500000: consistency_loss=0.0001  pi_loss=-1.5802  reward_loss=0.1280  total_loss=0.0487  value_loss=0.3475
  update 306000/500000: consistency_loss=0.0001  pi_loss=-1.5864  reward_loss=0.1443  total_loss=0.0505  value_loss=0.3437
  update 306500/500000: consistency_loss=0.0001  pi_loss=-1.5693  reward_loss=0.1347  total_loss=0.0489  value_loss=0.3408
  update 307000/500000: consistency_loss=0.0001  pi_loss=-1.5576  reward_loss=0.1356  total_loss=0.0489  value_loss=0.3391
  update 307500/500000: consistency_loss=0.0001  pi_loss=-1.5477  reward_loss=0.1201  total_loss=0.0472  value_loss=0.3391
  update 308000/500000: consistency_loss=0.0001  pi_loss=-1.5445  reward_loss=0.1370  total_loss=0.0486  value_loss=0.3351
  update 308500/500000: consistency_loss=0.0001  pi_loss=-1.5289  reward_loss=0.1338  total_loss=0.0481  value_loss=0.3317
  update 309000/500000: consistency_loss=0.0001  pi_loss=-1.5554  reward_loss=0.1419  total_loss=0.0488  value_loss=0.3354
  update 309500/500000: consistency_loss=0.0000  pi_loss=-1.5546  reward_loss=0.1388  total_loss=0.0487  value_loss=0.3385
  update 310000/500000: consistency_loss=0.0001  pi_loss=-1.5330  reward_loss=0.1298  total_loss=0.0478  value_loss=0.3366
  update 310500/500000: consistency_loss=0.0001  pi_loss=-1.5214  reward_loss=0.1183  total_loss=0.0446  value_loss=0.3169
  update 311000/500000: consistency_loss=0.0001  pi_loss=-1.5272  reward_loss=0.1221  total_loss=0.0476  value_loss=0.3388
  update 311500/500000: consistency_loss=0.0001  pi_loss=-1.5145  reward_loss=0.1181  total_loss=0.0450  value_loss=0.3197
  update 312000/500000: consistency_loss=0.0001  pi_loss=-1.5559  reward_loss=0.1513  total_loss=0.0508  value_loss=0.3415
  update 312500/500000: consistency_loss=0.0001  pi_loss=-1.4998  reward_loss=0.0940  total_loss=0.0422  value_loss=0.3141
  update 313000/500000: consistency_loss=0.0001  pi_loss=-1.5077  reward_loss=0.1244  total_loss=0.0474  value_loss=0.3356
  update 313500/500000: consistency_loss=0.0001  pi_loss=-1.5237  reward_loss=0.1268  total_loss=0.0469  value_loss=0.3306
  update 314000/500000: consistency_loss=0.0001  pi_loss=-1.5285  reward_loss=0.1226  total_loss=0.0465  value_loss=0.3294
  update 314500/500000: consistency_loss=0.0001  pi_loss=-1.5305  reward_loss=0.1277  total_loss=0.0468  value_loss=0.3298
  update 315000/500000: consistency_loss=0.0001  pi_loss=-1.4965  reward_loss=0.1250  total_loss=0.0453  value_loss=0.3180
  update 315500/500000: consistency_loss=0.0001  pi_loss=-1.4884  reward_loss=0.1192  total_loss=0.0457  value_loss=0.3247
  update 316000/500000: consistency_loss=0.0001  pi_loss=-1.4910  reward_loss=0.1187  total_loss=0.0455  value_loss=0.3225
  update 316500/500000: consistency_loss=0.0001  pi_loss=-1.5077  reward_loss=0.1424  total_loss=0.0490  value_loss=0.3371
  update 317000/500000: consistency_loss=0.0001  pi_loss=-1.4899  reward_loss=0.1451  total_loss=0.0480  value_loss=0.3218
  update 317500/500000: consistency_loss=0.0001  pi_loss=-1.4692  reward_loss=0.1448  total_loss=0.0467  value_loss=0.3111
  update 318000/500000: consistency_loss=0.0001  pi_loss=-1.4225  reward_loss=0.1237  total_loss=0.0458  value_loss=0.3203
  update 318500/500000: consistency_loss=0.0001  pi_loss=-1.4059  reward_loss=0.1327  total_loss=0.0467  value_loss=0.3245
  update 319000/500000: consistency_loss=0.0001  pi_loss=-1.3777  reward_loss=0.1249  total_loss=0.0470  value_loss=0.3323
  update 319500/500000: consistency_loss=0.0001  pi_loss=-1.3854  reward_loss=0.1361  total_loss=0.0488  value_loss=0.3353
  update 320000/500000: consistency_loss=0.0001  pi_loss=-1.3539  reward_loss=0.1242  total_loss=0.0469  value_loss=0.3311
  update 320500/500000: consistency_loss=0.0001  pi_loss=-1.3581  reward_loss=0.1363  total_loss=0.0480  value_loss=0.3320
  update 321000/500000: consistency_loss=0.0001  pi_loss=-1.3683  reward_loss=0.1511  total_loss=0.0492  value_loss=0.3281
  update 321500/500000: consistency_loss=0.0001  pi_loss=-1.3376  reward_loss=0.1144  total_loss=0.0439  value_loss=0.3099
  update 322000/500000: consistency_loss=0.0001  pi_loss=-1.3444  reward_loss=0.1221  total_loss=0.0455  value_loss=0.3209
  update 322500/500000: consistency_loss=0.0000  pi_loss=-1.3452  reward_loss=0.1423  total_loss=0.0460  value_loss=0.3078
  update 323000/500000: consistency_loss=0.0001  pi_loss=-1.3131  reward_loss=0.1149  total_loss=0.0432  value_loss=0.3042
  update 323500/500000: consistency_loss=0.0001  pi_loss=-1.3254  reward_loss=0.1235  total_loss=0.0455  value_loss=0.3169
  update 324000/500000: consistency_loss=0.0001  pi_loss=-1.3229  reward_loss=0.1412  total_loss=0.0475  value_loss=0.3181
  update 324500/500000: consistency_loss=0.0001  pi_loss=-1.3035  reward_loss=0.1398  total_loss=0.0450  value_loss=0.2975
  update 325000/500000: consistency_loss=0.0001  pi_loss=-1.2636  reward_loss=0.1385  total_loss=0.0467  value_loss=0.3149
  update 325500/500000: consistency_loss=0.0001  pi_loss=-1.2327  reward_loss=0.1224  total_loss=0.0441  value_loss=0.3062
  update 326000/500000: consistency_loss=0.0001  pi_loss=-1.2383  reward_loss=0.1487  total_loss=0.0465  value_loss=0.3033
  update 326500/500000: consistency_loss=0.0001  pi_loss=-1.1822  reward_loss=0.1219  total_loss=0.0432  value_loss=0.2975
  update 327000/500000: consistency_loss=0.0001  pi_loss=-1.1755  reward_loss=0.1228  total_loss=0.0433  value_loss=0.2998
  update 327500/500000: consistency_loss=0.0001  pi_loss=-1.1711  reward_loss=0.1419  total_loss=0.0456  value_loss=0.3024
  update 328000/500000: consistency_loss=0.0001  pi_loss=-1.1429  reward_loss=0.1264  total_loss=0.0442  value_loss=0.3033
  update 328500/500000: consistency_loss=0.0001  pi_loss=-1.1555  reward_loss=0.1457  total_loss=0.0467  value_loss=0.3058
  update 329000/500000: consistency_loss=0.0001  pi_loss=-1.1328  reward_loss=0.1120  total_loss=0.0426  value_loss=0.3030
  update 329500/500000: consistency_loss=0.0001  pi_loss=-1.1267  reward_loss=0.1127  total_loss=0.0432  value_loss=0.3078
  update 330000/500000: consistency_loss=0.0001  pi_loss=-1.1352  reward_loss=0.1076  total_loss=0.0436  value_loss=0.3154
  update 330500/5  update 330000/500000: consistency_loss=0.0001  pi_loss=-1.4475  reward_loss=0.1326  total_loss=0.0473  v  update 331000/5  update 330500/500000: consistency_loss=0.0001  pi_loss=-1.4435  reward_loss=0.1261  total_loss=0.0453  v  update 331500/5  update 331000/500000: consistency_loss=0.0001  pi_loss=-1.4225  reward_loss=0.1284  total_loss=0.0466  v  update 332000/5  update 331500/500000: consistency_loss=0.0001  pi_loss=-1.4045  reward_loss=0.1190  total_loss=0.0445  v  update 332500/5  update 332000/500000: consistency_loss=0.0001  pi_loss=-1.4375  reward_loss=0.1142  total_loss=0.0451  v  update 333000/5  update 332500/500000: consistency_loss=0.0001  pi_loss=-1.4545  reward_loss=0.1404  total_loss=0.0480  v  update 333500/5  update 333000/500000: consistency_loss=0.0001  pi_loss=-1.4611  reward_loss=0.1250  total_loss=0.0462  v  update 334000/5  update 333500/500000: consistency_loss=0.0001  pi_loss=-1.4845  reward_loss=0.1209  total_loss=0.0457  v  update 334500/5  update 334000/500000: consistency_loss=0.0001  pi_loss=-1.4993  reward_loss=0.1156  total_loss=0.0456  v  update 335000/5  update 334500/500000: consistency_loss=0.0001  pi_loss=-1.4635  reward_loss=0.1156  total_loss=0.0455  v  update 335500/5  update 335000/500000: consistency_loss=0.0001  pi_loss=-1.4565  reward_loss=0.1311  total_loss=0.0457  v  update 336000/5  update 335500/500000: consistency_loss=0.0001  pi_loss=-1.4285  reward_loss=0.1162  total_loss=0.0443  v  update 336500/500000: consistency_loss=0.0001  pi_loss=-1.2478  reward_loss=0.1365  total_loss=0.0462  value_loss=0.3106
  update 337000/5  update 336500/500000: consistency_loss=0.0001  pi_loss=-1.4030  reward_loss=0.1411  total_loss=0.0474  v  update 337500/5  update 337000/500000: consistency_loss=0.0001  pi_loss=-1.4129  reward_loss=0.1318  total_loss=0.0469  v  update 338000/5  update 337500/500000: consistency_loss=0.0001  pi_loss=-1.4413  reward_loss=0.1262  total_loss=0.0467  v  update 338500/5  update 338000/500000: consistency_loss=0.0001  pi_loss=-1.4310  reward_loss=0.1183  total_loss=0.0463  v  update 339000/5  update 338500/500000: consistency_loss=0.0001  pi_loss=-1.4455  reward_loss=0.1277  total_loss=0.0460  v  update 339500/5  update 339000/500000: consistency_loss=0.0001  pi_loss=-1.4484  reward_loss=0.1320  total_loss=0.0468  v  update 340000/5  update 339500/500000: consistency_loss=0.0001  pi_loss=-1.4260  reward_loss=0.1473  total_loss=0.0483  v  update 340500/5  update 340000/500000: consistency_loss=0.0001  pi_loss=-1.3950  reward_loss=0.1219  total_loss=0.0454  v  update 341000/5  update 340500/500000: consistency_loss=0.0001  pi_loss=-1.3798  reward_loss=0.1482  total_loss=0.0475  v  update 341500/500000: consistency_loss=0.0001  pi_loss=-1.3297  reward_loss=0.1410  total_loss=0.0464  value_loss=0.3102
  update 342000/500000: consistency_loss=0.0001  pi_loss=-1.3338  reward_loss=0.1327  total_loss=0.0464  value_loss=0.3140
  update 342500/500000: consistency_loss=0.0001  pi_loss=-1.3137  reward_loss=0.1331  total_loss=0.0457  value_loss=0.3133
  update 343000/500000: consistency_loss=0.0001  pi_loss=-1.2950  reward_loss=0.1340  total_loss=0.0469  value_loss=0.3235
  update 343500/500000: consistency_loss=0.0001  pi_loss=-1.2517  reward_loss=0.1286  total_loss=0.0451  value_loss=0.3087
  update 344000/500000: consistency_loss=0.0001  pi_loss=-1.2530  reward_loss=0.1322  total_loss=0.0461  value_loss=0.3142
  update 344500/500000: consistency_loss=0.0000  pi_loss=-1.2307  reward_loss=0.1400  total_loss=0.0477  value_loss=0.3273
  update 345000/500000: consistency_loss=0.0001  pi_loss=-1.2072  reward_loss=0.1205  total_loss=0.0457  value_loss=0.3234
  update 345500/500000: consistency_loss=0.0001  pi_loss=-1.4308  reward_loss=0.1247  total_loss=0.0452  value_loss=0.3148
  update 346000/500000: consistency_loss=0.0001  pi_loss=-1.4536  reward_loss=0.1336  total_loss=0.0463  value_loss=0.3187
  update 346500/500000: consistency_loss=0.0000  pi_loss=-1.4818  reward_loss=0.1535  total_loss=0.0499  value_loss=0.3359
  update 347000/500000: consistency_loss=0.0001  pi_loss=-1.4542  reward_loss=0.1268  total_loss=0.0462  value_loss=0.3239
  update 347500/500000: consistency_loss=0.0001  pi_loss=-1.5004  reward_loss=0.1557  total_loss=0.0501  value_loss=0.3308
  update 348000/500000: consistency_loss=0.0001  pi_loss=-1.4754  reward_loss=0.1381  total_loss=0.0462  value_loss=0.3119
  update 348500/500000: consistency_loss=0.0001  pi_loss=-1.4517  reward_loss=0.1259  total_loss=0.0445  value_loss=0.3056
  update 349000/500000: consistency_loss=0.0001  pi_loss=-1.4419  reward_loss=0.1157  total_loss=0.0428  value_loss=0.3006
  update 349500/500000: consistency_loss=0.0001  pi_loss=-1.4496  reward_loss=0.1308  total_loss=0.0456  value_loss=0.3149
  update 350000/500000: consistency_loss=0.0001  pi_loss=-1.4804  reward_loss=0.1338  total_loss=0.0471  value_loss=0.3257
  update 350500/500000: consistency_loss=0.0001  pi_loss=-1.4880  reward_loss=0.1250  total_loss=0.0462  value_loss=0.3260
  update 351000/500000: consistency_loss=0.0001  pi_loss=-1.5097  reward_loss=0.1300  total_loss=0.0463  value_loss=0.3218
  update 351500/5  update 351000/500000: consistency_loss=0.0000  pi_loss=-1.4427  reward_loss=0.1213  total_loss=0.0464  v  update 352000/5  update 351500/500000: consistency_loss=0.0001  pi_loss=-1.4614  reward_loss=0.1405  total_loss=0.0486  v  update 352500/5  update 352000/500000: consistency_loss=0.0001  pi_loss=-1.4644  reward_loss=0.1395  total_loss=0.0474  v  update 353000/5  update 352500/500000: consistency_loss=0.0001  pi_loss=-1.4688  reward_loss=0.1239  total_loss=0.0464  v  update 353500/5  update 353000/500000: consistency_loss=0.0001  pi_loss=-1.4815  reward_loss=0.1278  total_loss=0.0479  v  update 354000/5  update 353500/500000: consistency_loss=0.0001  pi_loss=-1.4574  reward_loss=0.1396  total_loss=0.0483  v  update 354500/5  update 354000/500000: consistency_loss=0.0001  pi_loss=-1.4268  reward_loss=0.1262  total_loss=0.0474  v  update 355000/5  update 354500/500000: consistency_loss=0.0001  pi_loss=-1.4283  reward_loss=0.1464  total_loss=0.0486  v  update 355500/5  update 355000/500000: consistency_loss=0.0001  pi_loss=-1.3927  reward_loss=0.1230  total_loss=0.0456  v  update 356000/5  update 355500/500000: consistency_loss=0.0001  pi_loss=-1.4147  reward_loss=0.1571  total_loss=0.0500  v  update 356500/5  update 356000/500000: consistency_loss=0.0001  pi_loss=-1.3822  reward_loss=0.1224  total_loss=0.0456  v  update 357000/5  update 356500/500000: consistency_loss=0.0001  pi_loss=-1.3935  reward_loss=0.1266  total_loss=0.0468  v  update 357500/5  update 357000/500000: consistency_loss=0.0001  pi_loss=-1.3553  reward_loss=0.1363  total_loss=0.0472  v  update 358000/5  update 357500/500000: consistency_loss=0.0001  pi_loss=-1.3524  reward_loss=0.1347  total_loss=0.0482  v  update 358500/5  update 358000/500000: consistency_loss=0.0001  pi_loss=-1.3712  reward_loss=0.1251  total_loss=0.0461  v  update 359000/5  update 358500/500000: consistency_loss=0.0001  pi_loss=-1.3667  reward_loss=0.1327  total_loss=0.0471  v  update 359500/500000: consistency_loss=0.0001  pi_loss=-1.4115  reward_loss=0.1354  total_loss=0.0460  value_loss=0.3141
  update 360000/500000: consistency_loss=0.0001  pi_loss=-1.4015  reward_loss=0.1217  total_loss=0.0448  value_loss=0.3129
  update 360500/500000: consistency_loss=0.0001  pi_loss=-1.4166  reward_loss=0.1511  total_loss=0.0487  value_loss=0.3246
  update 361000/500000: consistency_loss=0.0001  pi_loss=-1.4031  reward_loss=0.1341  total_loss=0.0464  value_loss=0.3181
  update 361500/500000: consistency_loss=0.0001  pi_loss=-1.3881  reward_loss=0.1268  total_loss=0.0448  value_loss=0.3095
  update 362000/500000: consistency_loss=0.0001  pi_loss=-1.4358  reward_loss=0.1376  total_loss=0.0478  value_loss=0.3252
  update 362500/500000: consistency_loss=0.0001  pi_loss=-1.4411  reward_loss=0.1297  total_loss=0.0445  value_loss=0.3038
  update 363000/500000: consistency_loss=0.0001  pi_loss=-1.4120  reward_loss=0.1170  total_loss=0.0439  value_loss=0.3094
  update 363500/500000: consistency_loss=0.0001  pi_loss=-1.3842  reward_loss=0.1084  total_loss=0.0416  value_loss=0.2948
  update 364000/500000: consistency_loss=0.0001  pi_loss=-1.3786  reward_loss=0.1212  total_loss=0.0443  value_loss=0.3100
  update 364500/500000: consistency_loss=0.0001  pi_loss=-1.3564  reward_loss=0.1387  total_loss=0.0461  value_loss=0.3078
  update 365000/500000: consistency_loss=0.0001  pi_loss=-1.3392  reward_loss=0.1334  total_loss=0.0450  value_loss=0.3055
  update 365500/500000: consistency_loss=0.0001  pi_loss=-1.3357  reward_loss=0.1457  total_loss=0.0460  value_loss=0.3042
  update 366000/500000: consistency_loss=0.0001  pi_loss=-1.3341  reward_loss=0.1158  total_loss=0.0435  value_loss=0.3061
  update 366500/500000: consistency_loss=0.0001  pi_loss=-1.3656  reward_loss=0.1284  total_loss=0.0447  value_loss=0.3084
  update 367000/500000: consistency_loss=0.0001  pi_loss=-1.3610  reward_loss=0.1230  total_loss=0.0444  value_loss=0.3080
  update 367500/500000: consistency_loss=0.0001  pi_loss=-1.3785  reward_loss=0.1327  total_loss=0.0456  value_loss=0.3126
  update 368000/500000: consistency_loss=0.0001  pi_loss=-1.3474  reward_loss=0.1371  total_loss=0.0446  value_loss=0.2988
  update 368500/500000: consistency_loss=0.0000  pi_loss=-1.3046  reward_loss=0.1044  total_loss=0.0401  value_loss=0.2879
  update 369000/500000: consistency_loss=0.0001  pi_loss=-1.3194  reward_loss=0.1310  total_loss=0.0451  value_loss=0.3070
  update 369500/500000: consistency_loss=0.0001  pi_loss=-1.3105  reward_loss=0.1408  total_loss=0.0466  value_loss=0.3115
  update 370000/500000: consistency_loss=0.0001  pi_loss=-1.2847  reward_loss=0.1289  total_loss=0.0449  value_loss=0.3081
  update 370500/500000: consistency_loss=0.0001  pi_loss=-1.2548  reward_loss=0.0998  total_loss=0.0404  value_loss=0.2905
  update 371000/500000: consistency_loss=0.0001  pi_loss=-1.2791  reward_loss=0.1328  total_loss=0.0454  value_loss=0.3067
  update 371500/500000: consistency_loss=0.0001  pi_loss=-1.2623  reward_loss=0.1151  total_loss=0.0436  value_loss=0.3087
  update 372000/500000: consistency_loss=0.0001  pi_loss=-1.2545  reward_loss=0.1384  total_loss=0.0471  value_loss=0.3213
  update 372500/500000: consistency_loss=0.0001  pi_loss=-1.2505  reward_loss=0.1469  total_loss=0.0488  value_loss=0.3287
  update 373000/500000: consistency_loss=0.0001  pi_loss=-1.2500  reward_loss=0.1463  total_loss=0.0483  value_loss=0.3241
  update 373500/500000: consistency_loss=0.0000  pi_loss=-1.2654  reward_loss=0.1106  total_loss=0.0440  value_loss=0.3196
  update 374000/500000: consistency_loss=0.0001  pi_loss=-1.2871  reward_loss=0.1209  total_loss=0.0431  value_loss=0.2960
  update 374500/500000: consistency_loss=0.0001  pi_loss=-1.3166  reward_loss=0.1320  total_loss=0.0448  value_loss=0.3044
  update 375000/500000: consistency_loss=0.0001  pi_loss=-1.3155  reward_loss=0.1275  total_loss=0.0442  value_loss=0.2997
  update 375500/500000: consistency_loss=0.0001  pi_loss=-1.3324  reward_loss=0.1342  total_loss=0.0461  value_loss=0.3153
  update 376000/500000: consistency_loss=0.0001  pi_loss=-1.3109  reward_loss=0.1370  total_loss=0.0445  value_loss=0.2975
  update 376500/500000: consistency_loss=0.0001  pi_loss=-1.2819  reward_loss=0.1235  total_loss=0.0440  value_loss=0.3062
  update 377000/500000: consistency_loss=0.0001  pi_loss=-1.2370  reward_loss=0.1129  total_loss=0.0438  value_loss=0.3144
  update 377500/500000: consistency_loss=0.0001  pi_loss=-1.2308  reward_loss=0.1376  total_loss=0.0459  value_loss=0.3087
  update 378000/500000: consistency_loss=0.0001  pi_loss=-1.2195  reward_loss=0.1183  total_loss=0.0444  value_loss=0.3135
  update 378500/500000: consistency_loss=0.0001  pi_loss=-1.2334  reward_loss=0.1534  total_loss=0.0486  value_loss=0.3159
  update 379000/500000: consistency_loss=0.0001  pi_loss=-1.2362  reward_loss=0.1311  total_loss=0.0448  value_loss=0.3025
  update 379500/500000: consistency_loss=0.0001  pi_loss=-1.2465  reward_loss=0.1228  total_loss=0.0434  value_loss=0.2988
  update 380000/500000: consistency_loss=0.0001  pi_loss=-1.2944  reward_loss=0.1406  total_loss=0.0456  value_loss=0.3034
  update 380500/500000: consistency_loss=0.0001  pi_loss=-1.3049  reward_loss=0.1314  total_loss=0.0460  value_loss=0.3112
  update 381000/500000: consistency_loss=0.0001  pi_loss=-1.3284  reward_loss=0.1253  total_loss=0.0449  value_loss=0.3100
  update 381500/500000: consistency_loss=0.0001  pi_loss=-1.3245  reward_loss=0.1285  total_loss=0.0461  value_loss=0.3193
  update 382000/500000: consistency_loss=0.0001  pi_loss=-1.3482  reward_loss=0.1345  total_loss=0.0468  value_loss=0.3229
  update 382500/500000: consistency_loss=0.0001  pi_loss=-1.3591  reward_loss=0.1257  total_loss=0.0451  value_loss=0.3155
  update 383000/500000: consistency_loss=0.0001  pi_loss=-1.3925  reward_loss=0.1662  total_loss=0.0494  value_loss=0.3177
  update 383500/500000: consistency_loss=0.0001  pi_loss=-1.3597  reward_loss=0.1236  total_loss=0.0465  value_loss=0.3259
  update 384000/500000: consistency_loss=0.0000  pi_loss=-1.3553  reward_loss=0.1402  total_loss=0.0468  value_loss=0.3180
  update 384500/500000: consistency_loss=0.0000  pi_loss=-1.3567  reward_loss=0.1196  total_loss=0.0443  value_loss=0.3134
  update 385000/500000: consistency_loss=0.0001  pi_loss=-1.3629  reward_loss=0.1199  total_loss=0.0448  value_loss=0.3168
  update 385500/500000: consistency_loss=0.0000  pi_loss=-1.3540  reward_loss=0.1267  total_loss=0.0457  value_loss=0.3202
  update 386000/500000: consistency_loss=0.0000  pi_loss=-1.3274  reward_loss=0.1131  total_loss=0.0438  value_loss=0.3154
  update 386500/500000: consistency_loss=0.0000  pi_loss=-1.3523  reward_loss=0.1374  total_loss=0.0463  value_loss=0.3165
  update 387000/500000: consistency_loss=0.0000  pi_loss=-1.3725  reward_loss=0.1457  total_loss=0.0479  value_loss=0.3236
  update 387500/500000: consistency_loss=0.0001  pi_loss=-1.3669  reward_loss=0.1439  total_loss=0.0485  value_loss=0.3258
  update 388000/500000: consistency_loss=0.0000  pi_loss=-1.3551  reward_loss=0.1205  total_loss=0.0453  value_loss=0.3223
  update 388500/500000: consistency_loss=0.0001  pi_loss=-1.3838  reward_loss=0.1359  total_loss=0.0481  value_loss=0.3345
  update 389000/500000: consistency_loss=0.0001  pi_loss=-1.4076  reward_loss=0.1356  total_loss=0.0478  value_loss=0.3319
  update 389500/500000: consistency_loss=0.0001  pi_loss=-1.4075  reward_loss=0.1379  total_loss=0.0477  value_loss=0.3285
  update 390000/500000: consistency_loss=0.0001  pi_loss=-1.4411  reward_loss=0.1336  total_loss=0.0461  value_loss=0.3151
  update 390500/500000: consistency_loss=0.0001  pi_loss=-1.4195  reward_loss=0.1093  total_loss=0.0438  value_loss=0.3178
  update 391000/500000: consistency_loss=0.0001  pi_loss=-1.4527  reward_loss=0.1138  total_loss=0.0443  value_loss=0.3185
  update 391500/500000: consistency_loss=0.0001  pi_loss=-1.4994  reward_loss=0.1342  total_loss=0.0475  value_loss=0.3304
  update 392000/500000: consistency_loss=0.0001  pi_loss=-1.4838  reward_loss=0.1345  total_loss=0.0481  value_loss=0.3364
  update 392500/500000: consistency_loss=0.0001  pi_loss=-1.4833  reward_loss=0.1390  total_loss=0.0471  value_loss=0.3214
  update 393000/500000: consistency_loss=0.0001  pi_loss=-1.4511  reward_loss=0.0994  total_loss=0.0428  value_loss=0.3162
  update 393500/500000: consistency_loss=0.0001  pi_loss=-1.4368  reward_loss=0.1284  total_loss=0.0460  value_loss=0.3154
  update 394000/500000: consistency_loss=0.0001  pi_loss=-1.4464  reward_loss=0.1642  total_loss=0.0507  value_loss=0.3297
  update 394500/500000: consistency_loss=0.0001  pi_loss=-1.4425  reward_loss=0.1317  total_loss=0.0463  value_loss=0.3193
  update 395000/500000: consistency_loss=0.0001  pi_loss=-1.4050  reward_loss=0.1253  total_loss=0.0453  value_loss=0.3129
  update 395500/500000: consistency_loss=0.0001  pi_loss=-1.4262  reward_loss=0.1401  total_loss=0.0467  value_loss=0.3164
  update 396000/500000: consistency_loss=0.0001  pi_loss=-1.4184  reward_loss=0.1253  total_loss=0.0456  value_loss=0.3178
  update 396500/500000: consistency_loss=0.0001  pi_loss=-1.4235  reward_loss=0.1260  total_loss=0.0463  value_loss=0.3243
  update 397000/500000: consistency_loss=0.0001  pi_loss=-1.4085  reward_loss=0.1253  total_loss=0.0466  value_loss=0.3282
  update 397500/500000: consistency_loss=0.0000  pi_loss=-1.4306  reward_loss=0.1489  total_loss=0.0488  value_loss=0.3292
  update 398000/500000: consistency_loss=0.0001  pi_loss=-1.4533  reward_loss=0.1329  total_loss=0.0469  value_loss=0.3242
  update 398500/500000: consistency_loss=0.0001  pi_loss=-1.4575  reward_loss=0.1264  total_loss=0.0461  value_loss=0.3243
  update 399000/500000: consistency_loss=0.0001  pi_loss=-1.4648  reward_loss=0.1305  total_loss=0.0459  value_loss=0.3174
  update 399500/500000: consistency_loss=0.0001  pi_loss=-1.4303  reward_loss=0.1284  total_loss=0.0461  value_loss=0.3204
  update 400000/500000: consistency_loss=0.0001  pi_loss=-1.4379  reward_loss=0.1295  total_loss=0.0455  value_loss=0.3133
Saved checkpoint   update 400000/5  update 400500/500000: consistency_loss=0.0001  pi_loss=-1.4405  reward_loss=0.1329  total_loss=0.0471  value_loss=0.3257
  update 401000/500000: consistency_loss=0.0001  pi_loss=-1.4148  reward_loss=0.1289  total_loss=0.0462  value_loss=0.3218
  update 401500/500000: consistency_loss=0.0001  pi_loss=-1.4087  reward_loss=0.1170  total_loss=0.0444  value_loss=0.3122
  update 402000/500000: consistency_loss=0.0001  pi_loss=-1.4063  reward_loss=0.1475  total_loss=0.0478  value_loss=0.3178
  update 402500/5  update 402000/500000: consistency_loss=0.0001  pi_loss=-1.4157  reward_loss=0.1385  total_loss=0.0479  v  update 403000/5  update 402500/500000: consistency_loss=0.0001  pi_loss=-1.3837  reward_loss=0.1086  total_loss=0.0445  v  update 403500/5  update 403000/500000: consistency_loss=0.0001  pi_loss=-1.4214  reward_loss=0.1327  total_loss=0.0479  v  update 404000/5  update 403500/500000: consistency_loss=0.0001  pi_loss=-1.4390  reward_loss=0.1363  total_loss=0.0479  v  update 404500/5  update 404000/500000: consistency_loss=0.0001  pi_loss=-1.4616  reward_loss=0.1322  total_loss=0.0468  v  update 405000/500000: consistency_loss=0.0001  pi_loss=-1.3884  reward_loss=0.1088  total_loss=0.0453  value_loss=0.3298
  update 405500/500000: consistency_loss=0.0001  pi_loss=-1.4329  reward_loss=0.1446  total_loss=0.0485  value_loss=0.3253
  update 406000/500000: consistency_loss=0.0001  pi_loss=-1.4456  reward_loss=0.1192  total_loss=0.0472  value_loss=0.3402
  update 406500/500000: consistency_loss=0.0001  pi_loss=-1.4639  reward_loss=0.1216  total_loss=0.0471  value_loss=0.3341
  update 407000/500000: consistency_loss=0.0001  pi_loss=-1.4360  reward_loss=0.1113  total_loss=0.0446  value_loss=0.3235
  update 407500/500000: consistency_loss=0.0001  pi_loss=-1.4477  reward_loss=0.1354  total_loss=0.0465  value_loss=0.3189
  update 408000/500000: consistency_loss=0.0001  pi_loss=-1.4456  reward_loss=0.1372  total_loss=0.0483  value_loss=0.3340
  update 408500/500000: consistency_loss=0.0001  pi_loss=-1.4288  reward_loss=0.1188  total_loss=0.0455  value_loss=0.3230
  update 409000/500000: consistency_loss=0.0001  pi_loss=-1.4542  reward_loss=0.1425  total_loss=0.0485  value_loss=0.3310
  update 409500/500000: consistency_loss=0.0001  pi_loss=-1.4548  reward_loss=0.1407  total_loss=0.0477  value_loss=0.3262
  update 410000/500000: consistency_loss=0.0001  pi_loss=-1.4436  reward_loss=0.1359  total_loss=0.0485  value_loss=0.3352
  update 410500/500000: consistency_loss=0.0000  pi_loss=-1.4579  reward_loss=0.1468  total_loss=0.0481  value_loss=0.3241
  update 411000/500000: consistency_loss=0.0001  pi_loss=-1.4393  reward_loss=0.1282  total_loss=0.0464  value_loss=0.3197
  update 411500/500000: consistency_loss=0.0001  pi_loss=-1.4411  reward_loss=0.1345  total_loss=0.0466  value_loss=0.3201
  update 412000/500000: consistency_loss=0.0001  pi_loss=-1.4629  reward_loss=0.1367  total_loss=0.0487  value_loss=0.3343
  update 412500/500000: consistency_loss=0.0001  pi_loss=-1.4573  reward_loss=0.1219  total_loss=0.0460  value_loss=0.3275
  update 413000/500000: consistency_loss=0.0001  pi_loss=-1.4465  reward_loss=0.1334  total_loss=0.0472  value_loss=0.3284
  update 413500/500000: consistency_loss=0.0001  pi_loss=-1.4414  reward_loss=0.1208  total_loss=0.0470  value_loss=0.3340
  update 414000/500000: consistency_loss=0.0000  pi_loss=-1.4829  reward_loss=0.1177  total_loss=0.0465  value_loss=0.3375
  update 414500/500000: consistency_loss=0.0001  pi_loss=-1.5022  reward_loss=0.1347  total_loss=0.0483  value_loss=0.3352
  update 415000/500000: consistency_loss=0.0000  pi_loss=-1.5146  reward_loss=0.1313  total_loss=0.0472  value_loss=0.3313
  update 415500/500000: consistency_loss=0.0001  pi_loss=-1.5353  reward_loss=0.1399  total_loss=0.0492  value_loss=0.3415
  update 416000/500000: consistency_loss=0.0001  pi_loss=-1.4980  reward_loss=0.1221  total_loss=0.0463  value_loss=0.3283
  update 416500/500000: consistency_loss=0.0001  pi_loss=-1.5222  reward_loss=0.1246  total_loss=0.0467  value_loss=0.3328
  update 417000/500000: consistency_loss=0.0001  pi_loss=-1.5429  reward_loss=0.1504  total_loss=0.0509  value_loss=0.3474
  update 417500/500000: consistency_loss=0.0000  pi_loss=-1.5063  reward_loss=0.1300  total_loss=0.0474  value_loss=0.3343
  update 418000/500000: consistency_loss=0.0001  pi_loss=-1.4917  reward_loss=0.1177  total_loss=0.0459  value_loss=0.3289
  update 418500/500000: consistency_loss=0.0001  pi_loss=-1.4677  reward_loss=0.1095  total_loss=0.0457  value_loss=0.3327
  update 419000/500000: consistency_loss=0.0001  pi_loss=-1.4887  reward_loss=0.1047  total_loss=0.0441  value_loss=0.3230
  update 419500/500000: consistency_loss=0.0001  pi_loss=-1.5007  reward_loss=0.1386  total_loss=0.0479  value_loss=0.3299
  update 420000/500000: consistency_loss=0.0001  pi_loss=-1.4973  reward_loss=0.1237  total_loss=0.0465  value_loss=0.3251
  update 420500/500000: consistency_loss=0.0000  pi_loss=-1.5136  reward_loss=0.1163  total_loss=0.0459  value_loss=0.3332
  update 421000/500000: consistency_loss=0.0000  pi_loss=-1.5149  reward_loss=0.1349  total_loss=0.0475  value_loss=0.3308
  update 421500/500000: consistency_loss=0.0001  pi_loss=-1.5366  reward_loss=0.1325  total_loss=0.0473  value_loss=0.3279
  update 422000/500000: consistency_loss=0.0001  pi_loss=-1.5102  reward_loss=0.1073  total_loss=0.0456  value_loss=0.3363
  update 422500/500000: consistency_loss=0.0001  pi_loss=-1.5188  reward_loss=0.1280  total_loss=0.0461  value_loss=0.3205
  update 423000/500000: consistency_loss=0.0000  pi_loss=-1.5101  reward_loss=0.1356  total_loss=0.0465  value_loss=0.3210
  update 423500/500000: consistency_loss=0.0001  pi_loss=-1.5061  reward_loss=0.1286  total_loss=0.0476  value_loss=0.3338
  update 424000/500000: consistency_loss=0.0001  pi_loss=-1.4945  reward_loss=0.1250  total_loss=0.0465  value_loss=0.3300
  update 424500/500000: consistency_loss=0.0001  pi_loss=-1.4411  reward_loss=0.1213  total_loss=0.0464  value_loss=0.3280
  update 425000/500000: consistency_loss=0.0001  pi_loss=-1.4236  reward_loss=0.1183  total_loss=0.0460  value_loss=0.3298
  update 425500/500000: consistency_loss=0.0001  pi_loss=-1.4116  reward_loss=0.1433  total_loss=0.0493  value_loss=0.3347
  update 426000/500000: consistency_loss=0.0001  pi_loss=-1.4072  reward_loss=0.1446  total_loss=0.0485  value_loss=0.3277
  update 426500/500000: consistency_loss=0.0001  pi_loss=-1.3864  reward_loss=0.1172  total_loss=0.0452  value_loss=0.3217
  update 427000/500000: consistency_loss=0.0001  pi_loss=-1.3944  reward_loss=0.1433  total_loss=0.0475  value_loss=0.3195
  update 427500/500000: consistency_loss=0.0001  pi_loss=-1.3831  reward_loss=0.1201  total_loss=0.0448  value_loss=0.3177
  update 428000/500000: consistency_loss=0.0001  pi_loss=-1.3886  reward_loss=0.1601  total_loss=0.0483  value_loss=0.3113
  update 428500/500000: consistency_loss=0.0001  pi_loss=-1.3570  reward_loss=0.1324  total_loss=0.0466  value_loss=0.3185
  update 429000/500000: consistency_loss=0.0001  pi_loss=-1.3739  reward_loss=0.1336  total_loss=0.0464  value_loss=0.3202
  update 429500/500000: consistency_loss=0.0001  pi_loss=-1.3363  reward_loss=0.1192  total_loss=0.0447  value_loss=0.3164
  update 430000/500000: consistency_loss=0.0001  pi_loss=-1.3610  reward_loss=0.1071  total_loss=0.0449  value_loss=0.3304
  update 430500/500000: consistency_loss=0.0001  pi_loss=-1.3810  reward_loss=0.1309  total_loss=0.0476  value_loss=0.3335
  update 431000/500000: consistency_loss=0.0001  pi_loss=-1.3976  reward_loss=0.1522  total_loss=0.0480  value_loss=0.3173
  update 431500/500000: consistency_loss=0.0001  pi_loss=-1.4262  reward_loss=0.1323  total_loss=0.0459  value_loss=0.3156
  update 432000/500000: consistency_loss=0.0001  pi_loss=-1.4239  reward_loss=0.1363  total_loss=0.0478  value_loss=0.3294
  update 432500/500000: consistency_loss=0.0001  pi_loss=-1.4171  reward_loss=0.1134  total_loss=0.0452  value_loss=0.3268
  update 433000/500000: consistency_loss=0.0001  pi_loss=-1.4253  reward_loss=0.1248  total_loss=0.0469  value_loss=0.3307
  update 433500/500000: consistency_loss=0.0000  pi_loss=-1.4233  reward_loss=0.1273  total_loss=0.0455  value_loss=0.3180
  update 434000/500000: consistency_loss=0.0001  pi_loss=-1.4230  reward_loss=0.1203  total_loss=0.0452  value_loss=0.3207
  update 434500/500000: consistency_loss=0.0000  pi_loss=-1.4272  reward_loss=0.1327  total_loss=0.0466  value_loss=0.3236
  update 435000/500000: consistency_loss=0.0001  pi_loss=-1.4281  reward_loss=0.1165  total_loss=0.0447  value_loss=0.3180
  update 435500/500000: consistency_loss=0.0001  pi_loss=-1.4610  reward_loss=0.1273  total_loss=0.0472  value_loss=0.3326
  update 436000/500000: consistency_loss=0.0001  pi_loss=-1.4655  reward_loss=0.1240  total_loss=0.0469  value_loss=0.3342
  update 436500/500000: consistency_loss=0.0001  pi_loss=-1.4931  reward_loss=0.1298  total_loss=0.0472  value_loss=0.3295
  update 437000/500000: consistency_loss=0.0001  pi_loss=-1.4990  reward_loss=0.1460  total_loss=0.0487  value_loss=0.3276
  update 437500/500000: consistency_loss=0.0001  pi_loss=-1.4975  reward_loss=0.1383  total_loss=0.0478  value_loss=0.3298
  update 438000/500000: consistency_loss=0.0001  pi_loss=-1.5132  reward_loss=0.1452  total_loss=0.0489  value_loss=0.3319
  update 438500/500000: consistency_loss=0.0001  pi_loss=-1.5024  reward_loss=0.1248  total_loss=0.0463  value_loss=0.3268
  update 439000/500000: consistency_loss=0.0001  pi_loss=-1.4902  reward_loss=0.1316  total_loss=0.0469  value_loss=0.3266
  update 439500/500000: consistency_loss=0.0001  pi_loss=-1.4742  reward_loss=0.1369  total_loss=0.0476  value_loss=0.3266
  update 440000/500000: consistency_loss=0.0001  pi_loss=-1.4685  reward_loss=0.1325  total_loss=0.0462  value_loss=0.3190
  update 440500/500000: consistency_loss=0.0001  pi_loss=-1.4796  reward_loss=0.1398  total_loss=0.0490  value_loss=0.3391
  update 441000/500000: consistency_loss=0.0001  pi_loss=-1.4654  reward_loss=0.1282  total_loss=0.0472  value_loss=0.3306
  update 441500/500000: consistency_loss=0.0001  pi_loss=-1.4749  reward_loss=0.1332  total_loss=0.0476  value_loss=0.3311
  update 442000/500000: consistency_loss=0.0001  pi_loss=-1.4645  reward_loss=0.1205  total_loss=0.0460  value_loss=0.3265
  update 442500/500000: consistency_loss=0.0001  pi_loss=-1.4775  reward_loss=0.1300  total_loss=0.0469  value_loss=0.3268
  update 443000/500000: consistency_loss=0.0001  pi_loss=-1.4959  reward_loss=0.1371  total_loss=0.0481  value_loss=0.3316
  update 443500/500000: consistency_loss=0.0001  pi_loss=-1.4750  reward_loss=0.1361  total_loss=0.0478  value_loss=0.3292
  update 444000/500000: consistency_loss=0.0001  pi_loss=-1.4697  reward_loss=0.1185  total_loss=0.0457  value_loss=0.3259
  update 444500/500000: consistency_loss=0.0001  pi_loss=-1.4593  reward_loss=0.1034  total_loss=0.0438  value_loss=0.3240
  update 445000/500000: consistency_loss=0.0001  pi_loss=-1.4713  reward_loss=0.1313  total_loss=0.0472  value_loss=0.3285
  update 445500/500000: consistency_loss=0.0001  pi_loss=-1.4535  reward_loss=0.1234  total_loss=0.0456  value_loss=0.3188
  update 446000/500000: consistency_loss=0.0001  pi_loss=-1.4921  reward_loss=0.1441  total_loss=0.0493  value_loss=0.3359
  update 446500/500000: consistency_loss=0.0000  pi_loss=-1.5074  reward_loss=0.1426  total_loss=0.0494  value_loss=0.3424
  update 447000/500000: consistency_loss=0.0001  pi_loss=-1.5084  reward_loss=0.1568  total_loss=0.0495  value_loss=0.3267
  update 447500/500000: consistency_loss=0.0001  pi_loss=-1.5235  reward_loss=0.1256  total_loss=0.0470  value_loss=0.3327
  update 448000/500000: consistency_loss=0.0001  pi_loss=-1.5500  reward_loss=0.1359  total_loss=0.0477  value_loss=0.3302
  update 448500/500000: consistency_loss=0.0000  pi_loss=-1.5472  reward_loss=0.1372  total_loss=0.0477  value_loss=0.3303
  update 449000/500000: consistency_loss=0.0001  pi_loss=-1.5135  reward_loss=0.1170  total_loss=0.0458  value_loss=0.3276
  update 449500/500000: consistency_loss=0.0000  pi_loss=-1.5404  reward_loss=0.1467  total_loss=0.0496  value_loss=0.3392
  update 450000/500000: consistency_loss=0.0001  pi_loss=-1.5000  reward_loss=0.1365  total_loss=0.0473  value_loss=0.3254
  update 450500/500000: consistency_loss=0.0001  pi_loss=-1.4842  reward_loss=0.1309  total_loss=0.0468  value_loss=0.3255
  update 451000/500000: consistency_loss=0.0001  pi_loss=-1.4832  reward_loss=0.1615  total_loss=0.0511  value_loss=0.3334
  update 451500/500000: consistency_loss=0.0001  pi_loss=-1.4714  reward_loss=0.1491  total_loss=0.0491  value_loss=0.3300
  update 452000/500000: consistency_loss=0.0001  pi_loss=-1.4584  reward_loss=0.1372  total_loss=0.0484  value_loss=0.3344
  update 452500/500000: consistency_loss=0.0000  pi_loss=-1.4355  reward_loss=0.1221  total_loss=0.0467  value_loss=0.3353
  update 453000/500000: consistency_loss=0.0001  pi_loss=-1.4584  reward_loss=0.1383  total_loss=0.0484  value_loss=0.3338
  update 453500/500000: consistency_loss=0.0001  pi_loss=-1.4700  reward_loss=0.1451  total_loss=0.0493  value_loss=0.3372
  update 454000/500000: consistency_loss=0.0001  pi_loss=-1.4775  reward_loss=0.1235  total_loss=0.0454  value_loss=0.3207
  update 454500/500000: consistency_loss=0.0000  pi_loss=-1.5112  reward_loss=0.1507  total_loss=0.0490  value_loss=0.3298
  update 455000/500000: consistency_loss=0.0001  pi_loss=-1.5265  reward_loss=0.1391  total_loss=0.0488  value_loss=0.3363
  update 455500/500000: consistency_loss=0.0001  pi_loss=-1.5053  reward_loss=0.1149  total_loss=0.0461  value_loss=0.3344
  update 456000/500000: consistency_loss=0.0001  pi_loss=-1.5049  reward_loss=0.1295  total_loss=0.0483  value_loss=0.3418
  update 456500/500000: consistency_loss=0.0001  pi_loss=-1.5022  reward_loss=0.1442  total_loss=0.0492  value_loss=0.3358
  update 457000/500000: consistency_loss=0.0001  pi_loss=-1.5027  reward_loss=0.1369  total_loss=0.0477  value_loss=0.3275
  update 457500/500000: consistency_loss=0.0001  pi_loss=-1.4562  reward_loss=0.1275  total_loss=0.0461  value_loss=0.3213
  update 458000/500000: consistency_loss=0.0001  pi_loss=-1.4548  reward_loss=0.1408  total_loss=0.0477  value_loss=0.3250
  update 458500/500000: consistency_loss=0.0001  pi_loss=-1.4320  reward_loss=0.1358  total_loss=0.0469  value_loss=0.3217
  update 459000/500000: consistency_loss=0.0001  pi_loss=-1.4170  reward_loss=0.1401  total_loss=0.0477  value_loss=0.3251
  update 459500/500000: consistency_loss=0.0001  pi_loss=-1.4132  reward_loss=0.1374  total_loss=0.0464  value_loss=0.3160
  update 460000/500000: consistency_loss=0.0001  pi_loss=-1.4328  reward_loss=0.1275  total_loss=0.0469  value_loss=0.3303
  update 460500/500000: consistency_loss=0.0001  pi_loss=-1.4138  reward_loss=0.1435  total_loss=0.0478  value_loss=0.3227
  update 461000/500000: consistency_loss=0.0001  pi_loss=-1.3757  reward_loss=0.1217  total_loss=0.0452  value_loss=0.3197
  update 461500/500000: consistency_loss=0.0001  pi_loss=-1.3638  reward_loss=0.1232  total_loss=0.0458  value_loss=0.3233
  update 462000/500000: consistency_loss=0.0001  pi_loss=-1.2993  reward_loss=0.1115  total_loss=0.0442  value_loss=0.3182
  update 462500/500000: consistency_loss=0.0000  pi_loss=-1.2770  reward_loss=0.1334  total_loss=0.0459  value_loss=0.3163
  update 463000/500000: consistency_loss=0.0001  pi_loss=-1.2837  reward_loss=0.1349  total_loss=0.0478  value_loss=0.3304
  update 463500/500000: consistency_loss=0.0001  pi_loss=-1.2590  reward_loss=0.1366  total_loss=0.0457  value_loss=0.3078
  update 464000/500000: consistency_loss=0.0001  pi_loss=-1.2758  reward_loss=0.1201  total_loss=0.0466  value_loss=0.3323
  update 464500/5  update 464000/500000: consistency_loss=0.0001  pi_loss=-1.4957  reward_loss=0.1154  total_loss=0.0464  v  update 465000/5  update 464500/500000: consistency_loss=0.0000  pi_loss=-1.5079  reward_loss=0.1309  total_loss=0.0472  v  update 465500/5  update 465000/500000: consistency_loss=0.0001  pi_loss=-1.4905  reward_loss=0.1205  total_loss=0.0464  v  update 466000/5  update 465500/500000: consistency_loss=0.0001  pi_loss=-1.5068  reward_loss=0.1365  total_loss=0.0479  v  update 466500/5  update 466000/500000: consistency_loss=0.0001  pi_loss=-1.5046  reward_loss=0.1167  total_loss=0.0466  v  update 467000/5  update 466500/500000: consistency_loss=0.0001  pi_loss=-1.4977  reward_loss=0.1232  total_loss=0.0468  v  update 467500/5  update 467000/500000: consistency_loss=0.0001  pi_loss=-1.4929  reward_loss=0.1233  total_loss=0.0477  v  update 468000/5  update 467500/500000: consistency_loss=0.0001  pi_loss=-1.4912  reward_loss=0.1518  total_loss=0.0499  v  update 468500/5  update 468000/500000: consistency_loss=0.0001  pi_loss=-1.4665  reward_loss=0.1354  total_loss=0.0484  v  update 469000/5  update 468500/500000: consistency_loss=0.0001  pi_loss=-1.4641  reward_loss=0.1417  total_loss=0.0488  v  update 469500/5  update 469000/500000: consistency_loss=0.0001  pi_loss=-1.4526  reward_loss=0.1272  total_loss=0.0469  v  update 470000/5  update 469500/500000: consistency_loss=0.0000  pi_loss=-1.4544  reward_loss=0.1230  total_loss=0.0465  v  update 470500/5  update 470000/500000: consistency_loss=0.0001  pi_loss=-1.4559  reward_loss=0.1268  total_loss=0.0477  v  update 471000/5  update 470500/500000: consistency_loss=0.0001  pi_loss=-1.4941  reward_loss=0.1372  total_loss=0.0479  v  update 471500/5  update 471000/500000: consistency_loss=0.0001  pi_loss=-1.4792  reward_loss=0.1199  total_loss=0.0454  v  update 472000/5  update 471500/500000: consistency_loss=0.0001  pi_loss=-1.4975  reward_loss=0.1340  total_loss=0.0477  v  update 472500/5  update 472000/500000: consistency_loss=0.0001  pi_loss=-1.5110  reward_loss=0.1535  total_loss=0.0510  v  update 473000/5  update 472500/500000: consistency_loss=0.0001  pi_loss=-1.4987  reward_loss=0.1419  total_loss=0.0484  v  update 473500/5  update 473000/500000: consistency_loss=0.0001  pi_loss=-1.4831  reward_loss=0.1212  total_loss=0.0468  v  update 474000/5  update 473500/500000: consistency_loss=0.0001  pi_loss=-1.4857  reward_loss=0.1300  total_loss=0.0471  v  update 474500/5  update 474000/500000: consistency_loss=0.0001  pi_loss=-1.4644  reward_loss=0.1163  total_loss=0.0453  v  update 475000/5  update 474500/500000: consistency_loss=0.0001  pi_loss=-1.4830  reward_loss=0.1320  total_loss=0.0467  v  update 475500/5  update 475000/500000: consistency_loss=0.0001  pi_loss=-1.4756  reward_loss=0.1213  total_loss=0.0455  v  update 476000/5  update 475500/500000: consistency_loss=0.0001  pi_loss=-1.4479  reward_loss=0.1026  total_loss=0.0436  v  update 476500/5  update 476000/500000: consistency_loss=0.0001  pi_loss=-1.4737  reward_loss=0.1591  total_loss=0.0495  v  update 477000/5  update 476500/500000: consistency_loss=0.0001  pi_loss=-1.4690  reward_loss=0.1284  total_loss=0.0466  v  update 477500/5  update 477000/500000: consistency_loss=0.0001  pi_loss=-1.4421  reward_loss=0.1223  total_loss=0.0454  v  update 478000/5  update 477500/500000: consistency_loss=0.0001  pi_loss=-1.4590  reward_loss=0.1293  total_loss=0.0470  v  update 478500/5  update 478000/500000: consistency_loss=0.0001  pi_loss=-1.4501  reward_loss=0.1158  total_loss=0.0458  v  update 479000/5  update 478500/500000: consistency_loss=0.0001  pi_loss=-1.4493  reward_loss=0.1455  total_loss=0.0494  v  update 479500/5  update 479000/500000: consistency_loss=0.0001  pi_loss=-1.4342  reward_loss=0.1320  total_loss=0.0486  v  update 480000/5  update 479500/500000: consistency_loss=0.0000  pi_loss=-1.4266  reward_loss=0.1387  total_loss=0.0489  v  update 480500/5  update 480000/500000: consistency_loss=0.0001  pi_loss=-1.4388  reward_loss=0.1564  total_loss=0.0506  v  update 481000/5  update 480500/500000: consistency_loss=0.0001  pi_loss=-1.4252  reward_loss=0.1298  total_loss=0.0482  v  update 481500/5  update 481000/500000: consistency_loss=0.0000  pi_loss=-1.3958  reward_loss=0.1441  total_loss=0.0481  v  update 482000/5  update 481500/500000: consistency_loss=0.0001  pi_loss=-1.3493  reward_loss=0.1215  total_loss=0.0476  v  update 482500/5  update 482000/500000: consistency_loss=0.0001  pi_loss=-1.3472  reward_loss=0.1363  total_loss=0.0482  v  update 483000/5  update 482500/500000: consistency_loss=0.0001  pi_loss=-1.3596  reward_loss=0.1331  total_loss=0.0481  v  update 483500/5  update 483000/500000: consistency_loss=0.0001  pi_loss=-1.3301  reward_loss=0.1021  total_loss=0.0441  v  update 484000/5  update 483500/500000: consistency_loss=0.0001  pi_loss=-1.3502  reward_loss=0.1291  total_loss=0.0490  v  update 484500/5  update 484000/500000: consistency_loss=0.0001  pi_loss=-1.3566  reward_loss=0.1070  total_loss=0.0441  v  update 485000/5  update 484500/500000: consistency_loss=0.0001  pi_loss=-1.4023  reward_loss=0.1374  total_loss=0.0480  v  update 485500/5  update 485000/500000: consistency_loss=0.0001  pi_loss=-1.4148  reward_loss=0.1302  total_loss=0.0469  v  update 486000/5  update 485500/500000: consistency_loss=0.0001  pi_loss=-1.4327  reward_loss=0.1393  total_loss=0.0485  v  update 486500/5  update 486000/500000: consistency_loss=0.0001  pi_loss=-1.4340  reward_loss=0.1284  total_loss=0.0469  v  update 487000/5  update 486500/500000: consistency_loss=0.0000  pi_loss=-1.4304  reward_loss=0.1176  total_loss=0.0448  value_loss=0.3204
  update 487000/500000: consistency_loss=0.0001  pi_loss=-1.4136  reward_loss=0.1190  total_loss=0.0450  value_loss=0.3197
  update 487500/500000: consistency_loss=0.0001  pi_loss=-1.4272  reward_loss=0.1274  total_loss=0.0463  value_loss=0.3221
  update 488000/500000: consistency_loss=0.0001  pi_loss=-1.4443  reward_loss=0.1329  total_loss=0.0481  value_loss=0.3347
  update 488500/500000: consistency_loss=0.0001  pi_loss=-1.4405  reward_loss=0.1333  total_loss=0.0483  value_loss=0.3363
  update 489000/500000: consistency_loss=0.0001  pi_loss=-1.4516  reward_loss=0.1329  total_loss=0.0469  value_loss=0.3235
  update 489500/500000: consistency_loss=0.0001  pi_loss=-1.4612  reward_loss=0.1232  total_loss=0.0463  value_loss=0.3281
  update 490000/500000: consistency_loss=0.0001  pi_loss=-1.4590  reward_loss=0.1293  total_loss=0.0470  value_loss=0.3292
  update 490500/500000: consistency_loss=0.0001  pi_loss=-1.4744  reward_loss=0.1336  total_loss=0.0471  value_loss=0.3215
  update 491000/500000: consistency_loss=0.0001  pi_loss=-1.4692  reward_loss=0.1199  total_loss=0.0462  value_loss=0.3286
  update 491500/500000: consistency_loss=0.0001  pi_loss=-1.5004  reward_loss=0.1462  total_loss=0.0492  value_loss=0.3328
  update 492000/500000: consistency_loss=0.0001  pi_loss=-1.4960  reward_loss=0.1354  total_loss=0.0490  value_loss=0.3439
  update 492500/500000: consistency_loss=0.0001  pi_loss=-1.5050  reward_loss=0.1383  total_loss=0.0481  value_loss=0.3307
  update 493000/500000: consistency_loss=0.0000  pi_loss=-1.5184  reward_loss=0.1230  total_loss=0.0466  value_loss=0.3329
  update 493500/500000: consistency_loss=0.0000  pi_loss=-1.5082  reward_loss=0.1187  total_loss=0.0457  value_loss=0.3287
  update 494000/500000: consistency_loss=0.0001  pi_loss=-1.5289  reward_loss=0.1464  total_loss=0.0489  value_loss=0.3321
  update 494500/500000: consistency_loss=0.0001  pi_loss=-1.4906  reward_loss=0.1201  total_loss=0.0461  value_loss=0.3285
  update 495000/500000: consistency_loss=0.0001  pi_loss=-1.4867  reward_loss=0.1348  total_loss=0.0482  value_loss=0.3355
  update 495500/500000: consistency_loss=0.0001  pi_loss=-1.4717  reward_loss=0.1127  total_loss=0.0462  value_loss=0.3397
  update 496000/500000: consistency_loss=0.0001  pi_loss=-1.4756  reward_loss=0.1463  total_loss=0.0499  value_loss=0.3385
  update 496500/500000: consistency_loss=0.0001  pi_loss=-1.4488  reward_loss=0.1085  total_loss=0.0459  value_loss=0.3390
  update 497000/500000: consistency_loss=0.0001  pi_loss=-1.4482  reward_loss=0.1194  total_loss=0.0462  value_loss=0.3307
  update 497500/500000: consistency_loss=0.0000  pi_loss=-1.4532  reward_loss=0.1356  total_loss=0.0481  value_loss=0.3352
  update 498000/500000: consistency_loss=0.0001  pi_loss=-1.4388  reward_loss=0.1381  total_loss=0.0476  value_loss=0.3268
  update 498500/500000: consistency_loss=0.0001  pi_loss=-1.4200  reward_loss=0.1425  total_loss=0.0487  value_loss=0.3250
  update 499000/500000: consistency_loss=0.0001  pi_loss=-1.4065  reward_loss=0.1411  total_loss=0.0489  v  update 500000/5  update 499500/500000: consistency_loss=0.0001  pi_loss=-1.3766  reward_loss=0.1271  total_loss=0.0453  value_loss=0.3140
  update 500000/500000: consistency_loss=0.0001  pi_loss=-1.3561  reward_loss=0.1199  total_loss=0.0451  value_loss=0.3186
DONE: 500000 updates -> /workspace/dreamerv3_runs/tm2wm_finger_awareq1s1_seed5/tm2_ckpt.pt
[Fri Jul 17 07:54:45 UTC 2026] adapt RUN_ID=adapt_tm2awareq1s1_finger_seed5_ckpt500000 TASK=dmc_finger_turn_hard STEPS=125000 SEED=5
/workspace/conda_envs/tdmpc2/lib/python3.11/site-packages/tensordict/_td.py:612: FutureWarning: TensorDict.to_module() is replacing an existing nn.Parameter in the destination module with a tensor leaf that is not an nn.Parameter. This historical behavior can remove the key from module.state_dict(). In tensordict v0.14, to_module() will preserve existing module parameter and buffer registrations by default. Pass preserve_module_state=False to keep the current replacement behavior, or preserve_module_state=True to opt in to the v0.14 behavior now.
  local_out = _set_tensor_dict(
Episode length: 1000
Discount factor: 0.995
Traceback (most recent call last):
  File "<frozen runpy>", line 198, in _run_module_as_main
  File "<frozen runpy>", line 88, in _run_code
  File "/workspace/dreamerv3/probing/tdmpc2_adapt.py", line 163, in <module>
    main()
  File "/workspace/dreamerv3/probing/tdmpc2_adapt.py", line 121, in main
    frozen_keys = load_frozen_wm(agent, args.pretrained)
                  ^^^^^^^^^^^^^^^^^^^^^^^^^^^^^^^^^^^^^^
  File "/workspace/dreamerv3/probing/tdmpc2_adapt.py", line 64, in load_frozen_wm
    missing, unexpected = agent.model.load_state_dict(keep, strict=False)
                          ^^^^^^^^^^^^^^^^^^^^^^^^^^^^^^^^^^^^^^^^^^^^^^^
  File "/workspace/conda_envs/tdmpc2/lib/python3.11/site-packages/torch/nn/modules/module.py", line 2618, in load_state_dict
    load(self, state_dict)
  File "/workspace/conda_envs/tdmpc2/lib/python3.11/site-packages/torch/nn/modules/module.py", line 2605, in load
    load(child, child_state_dict, child_prefix)  # noqa: F821
    ^^^^^^^^^^^^^^^^^^^^^^^^^^^^^^^^^^^^^^^^^^^
  File "/workspace/conda_envs/tdmpc2/lib/python3.11/site-packages/torch/nn/modules/module.py", line 2605, in load
    load(child, child_state_dict, child_prefix)  # noqa: F821
    ^^^^^^^^^^^^^^^^^^^^^^^^^^^^^^^^^^^^^^^^^^^
  File "/workspace/conda_envs/tdmpc2/lib/python3.11/site-packages/torch/nn/modules/module.py", line 2588, in load
    module._load_from_state_dict(
  File "/workspace/conda_envs/tdmpc2/lib/python3.11/site-packages/tensordict/nn/params.py", line 1263, in _load_from_state_dict
    self.data.load_state_dict(data)
  File "/workspace/conda_envs/tdmpc2/lib/python3.11/site-packages/tensordict/base.py", line 6469, in load_state_dict
    elif "__batch_size" in state_dict:
         ^^^^^^^^^^^^^^^^^^^^^^^^^^^^
TypeError: argument of type 'NoneType' is not iterable
[Fri Jul 17 07:54:51 UTC 2026] DONE adapt_tm2awareq1s1_finger_seed5_ckpt500000
[Fri Jul 17 07:54:51 UTC 2026] START shard=12 gpu=0 adapt_tm2freeq1s1_finger_seed5_ckpt500000
[Fri Jul 17 07:54:52 UTC 2026] offline_fit WM_RUN=tm2wm_finger_freeq1s1_seed5 ARM=free DATA=/workspace/dreamerv3_runs/tm2_data/finger_q1_side1.pt UPDATES=500000 SEED=5
/workspace/conda_envs/tdmpc2/lib/python3.11/site-packages/tensordict/_td.py:612: FutureWarning: TensorDict.to_module() is replacing an existing nn.Parameter in the destination module with a tensor leaf that is not an nn.Parameter. This historical behavior can remove the key from module.state_dict(). In tensordict v0.14, to_module() will preserve existing module parameter and buffer registrations by default. Pass preserve_module_state=False to keep the current replacement behavior, or preserve_module_state=True to opt in to the v0.14 behavior now.
  local_out = _set_tensor_dict(
Episode length: 1000
Discount factor: 0.995
Buffer capacity: 200,200
Storage required: 0.01 GB
Using CUDA:0 memory for storage.
[92m2026-07-17 07:54:55,989 [torchrl][INFO][0m    Initialized LazyTensorStorage with torch.Size([200200]) shape[92m [END][0m
Loaded static data: 200 eps x 1001 rows = 200200 rows; arm=free (reward_coef=0.0, value_coef=0.0)
  update      1/500000: consistency_loss=0.0165  pi_loss=0.0004  reward_loss=2.6922  total_loss=0.3309  v  update   1000/5  update    500/500000: consistency_loss=0.0012  pi_loss=-0.0006  reward_loss=2.6922  total_loss=0.0241  v  update   1500/5  update   1000/500000: consistency_loss=0.0010  pi_loss=-0.0006  reward_loss=2.6922  total_loss=0.0197  v  update   2000/5  update   1500/500000: consistency_loss=0.0008  pi_loss=-0.0006  reward_loss=2.6922  total_loss=0.0157  v  update   2500/5  update   2000/500000: consistency_loss=0.0006  pi_loss=-0.0006  reward_loss=2.6922  total_loss=0.0129  v  update   3000/5  update   2500/500000: consistency_loss=0.0006  pi_loss=-0.0006  reward_loss=2.6922  total_loss=0.0122  v  update   3500/5  update   3000/500000: consistency_loss=0.0005  pi_loss=-0.0006  reward_loss=2.6922  total_loss=0.0100  v  update   4000/5  update   3500/500000: consistency_loss=0.0005  pi_loss=-0.0006  reward_loss=2.6922  total_loss=0.0093  v  update   4500/5  update   4000/500000: consistency_loss=0.0005  pi_loss=-0.0006  reward_loss=2.6922  total_loss=0.0103  v  update   5000/5  update   4500/500000: consistency_loss=0.0006  pi_loss=-0.0006  reward_loss=2.6922  total_loss=0.0112  v  update   5500/5  update   5000/500000: consistency_loss=0.0005  pi_loss=-0.0006  reward_loss=2.6922  total_loss=0.0094  v  update   6000/5  update   5500/500000: consistency_loss=0.0004  pi_loss=-0.0006  reward_loss=2.6922  total_loss=0.0077  v  update   6500/5  update   6000/500000: consistency_loss=0.0004  pi_loss=-0.0006  reward_loss=2.6922  total_loss=0.0080  v  update   7000/5  update   6500/500000: consistency_loss=0.0004  pi_loss=-0.0006  reward_loss=2.6922  total_loss=0.0086  v  update   7500/5  update   7000/500000: consistency_loss=0.0003  pi_loss=-0.0006  reward_loss=2.6922  total_loss=0.0061  v  update   8000/5  update   7500/500000: consistency_loss=0.0004  pi_loss=-0.0006  reward_loss=2.6922  total_loss=0.0085  v  update   8500/5  update   8000/500000: consistency_loss=0.0003  pi_loss=-0.0006  reward_loss=2.6922  total_loss=0.0061  v  update   9000/5  update   8500/500000: consistency_loss=0.0004  pi_loss=-0.0006  reward_loss=2.6922  total_loss=0.0084  v  update   9500/5  update   9000/500000: consistency_loss=0.0003  pi_loss=-0.0007  reward_loss=2.6922  total_loss=0.0052  v  update  10000/5  update   9500/500000: consistency_loss=0.0003  pi_loss=-0.0006  reward_loss=2.6922  total_loss=0.0068  value_loss=2.6922
  update  10000/500000: consistency_loss=0.0003  pi_loss=-0.0006  reward_loss=2.6922  total_loss=0.0053  value_loss=2.6922
  update  10500/500000: consistency_loss=0.0002  pi_loss=-0.0006  reward_loss=2.6922  total_loss=0.0049  value_loss=2.6922
  update  11000/500000: consistency_loss=0.0003  pi_loss=-0.0006  reward_loss=2.6922  total_loss=0.0050  value_loss=2.6922
  update  11500/500000: consistency_loss=0.0002  pi_loss=-0.0006  reward_loss=2.6922  total_loss=0.0044  value_loss=2.6922
  update  12000/500000: consistency_loss=0.0003  pi_loss=-0.0006  reward_loss=2.6922  total_loss=0.0053  value_loss=2.6922
  update  12500/500000: consistency_loss=0.0002  pi_loss=-0.0006  reward_loss=2.6922  total_loss=0.0035  v  update  13500/5  update  13000/500000: consistency_loss=0.0002  pi_loss=-0.0006  reward_loss=2.6922  total_loss=0.0044  v  update  14000/5  update  13500/500000: consistency_loss=0.0002  pi_loss=-0.0006  reward_loss=2.6922  total_loss=0.0041  value_loss=2.6922
  update  14000/500000: consistency_loss=0.0002  pi_loss=-0.0006  reward_loss=2.6922  total_loss=0.0038  value_loss=2.6922
  update  14500/500000: consistency_loss=0.0002  pi_loss=-0.0006  reward_loss=2.6922  total_loss=0.0044  value_loss=2.6922
  update  15000/500000: consistency_loss=0.0002  pi_loss=-0.0006  reward_loss=2.6922  total_loss=0.0036  v  update  16000/5  update  15500/500000: consistency_loss=0.0002  pi_loss=-0.0006  reward_loss=2.6922  total_loss=0.0040  v  update  16500/5  update  16000/500000: consistency_loss=0.0002  pi_loss=-0.0006  reward_loss=2.6922  total_loss=0.0038  v  update  17000/5  update  16500/500000: consistency_loss=0.0002  pi_loss=-0.0006  reward_loss=2.6922  total_loss=0.0032  v  update  17500/5  update  17000/500000: consistency_loss=0.0001  pi_loss=-0.0006  reward_loss=2.6922  total_loss=0.0029  v  update  18000/5  update  17500/500000: consistency_loss=0.0002  pi_loss=-0.0006  reward_loss=2.6922  total_loss=0.0035  v  update  18500/5  update  18000/500000: consistency_loss=0.0001  pi_loss=-0.0006  reward_loss=2.6922  total_loss=0.0028  v  update  19000/5  update  18500/500000: consistency_loss=0.0001  pi_loss=-0.0006  reward_loss=2.6922  total_loss=0.0028  v  update  19500/5  update  19000/500000: consistency_loss=0.0001  pi_loss=-0.0006  reward_loss=2.6922  total_loss=0.0023  v  update  20000/5  update  19500/500000: consistency_loss=0.0002  pi_loss=-0.0006  reward_loss=2.6922  total_loss=0.0030  v  update  20500/5  update  20000/500000: consistency_loss=0.0001  pi_loss=-0.0006  reward_loss=2.6922  total_loss=0.0029  value_loss=2.6922
  update  20500/500000: consistency_loss=0.0002  pi_loss=-0.0006  reward_loss=2.6922  total_loss=0.0032  value_loss=2.6922
  update  21000/500000: consistency_loss=0.0001  pi_loss=-0.0006  reward_loss=2.6922  total_loss=0.0027  value_loss=2.6922
  update  21500/500000: consistency_loss=0.0002  pi_loss=-0.0006  reward_loss=2.6922  total_loss=0.0035  value_loss=2.6922
  update  22000/500000: consistency_loss=0.0001  pi_loss=-0.0006  reward_loss=2.6922  total_loss=0.0019  value_loss=2.6922
  update  22500/500000: consistency_loss=0.0001  pi_loss=-0.0006  reward_loss=2.6922  total_loss=0.0024  value_loss=2.6922
  update  23000/500000: consistency_loss=0.0001  pi_loss=-0.0006  reward_loss=2.6922  total_loss=0.0024  value_loss=2.6922
  update  23500/500000: consistency_loss=0.0001  pi_loss=-0.0006  reward_loss=2.6922  total_loss=0.0025  value_loss=2.6922
  update  24000/500000: consistency_loss=0.0001  pi_loss=-0.0006  reward_loss=2.6922  total_loss=0.0024  value_loss=2.6922
  update  24500/500000: consistency_loss=0.0001  pi_loss=-0.0006  reward_loss=2.6922  total_loss=0.0025  value_loss=2.6922
  update  25000/500000: consistency_loss=0.0001  pi_loss=-0.0006  reward_loss=2.6922  total_loss=0.0028  value_loss=2.6922
  update  25500/500000: consistency_loss=0.0001  pi_loss=-0.0006  reward_loss=2.6922  total_loss=0.0022  value_loss=2.6922
  update  26000/500000: consistency_loss=0.0001  pi_loss=-0.0006  reward_loss=2.6922  total_loss=0.0019  value_loss=2.6922
  update  26500/500000: consistency_loss=0.0001  pi_loss=-0.0006  reward_loss=2.6922  total_loss=0.0026  value_loss=2.6922
  update  27000/500000: consistency_loss=0.0001  pi_loss=-0.0006  reward_loss=2.6922  total_loss=0.0018  value_loss=2.6922
  update  27500/500000: consistency_loss=0.0001  pi_loss=-0.0006  reward_loss=2.6922  total_loss=0.0022  value_loss=2.6922
  update  28000/500000: consistency_loss=0.0001  pi_loss=-0.0006  reward_loss=2.6922  total_loss=0.0023  value_loss=2.6922
  update  28500/500000: consistency_loss=0.0001  pi_loss=-0.0006  reward_loss=2.6922  total_loss=0.0019  v  update  29500/5  update  29000/500000: consistency_loss=0.0001  pi_loss=-0.0006  reward_loss=2.6922  total_loss=0.0019  v  update  30000/5  update  29500/500000: consistency_loss=0.0001  pi_loss=-0.0006  reward_loss=2.6922  total_loss=0.0026  v  update  30500/5  update  30000/500000: consistency_loss=0.0001  pi_loss=-0.0006  reward_loss=2.6922  total_loss=0.0028  v  update  31000/5  update  30500/500000: consistency_loss=0.0001  pi_loss=-0.0006  reward_loss=2.6922  total_loss=0.0022  v  update  31500/5  update  31000/500000: consistency_loss=0.0001  pi_loss=-0.0006  reward_loss=2.6922  total_loss=0.0022  v  update  32000/5  update  31500/500000: consistency_loss=0.0001  pi_loss=-0.0006  reward_loss=2.6922  total_loss=0.0016  v  update  32500/5  update  32000/500000: consistency_loss=0.0001  pi_loss=-0.0006  reward_loss=2.6922  total_loss=0.0021  v  update  33000/5  update  32500/500000: consistency_loss=0.0001  pi_loss=-0.0006  reward_loss=2.6922  total_loss=0.0021  v  update  33500/5  update  33000/500000: consistency_loss=0.0001  pi_loss=-0.0006  reward_loss=2.6922  total_loss=0.0017  v  update  34000/5  update  33500/500000: consistency_loss=0.0001  pi_loss=-0.0006  reward_loss=2.6922  total_loss=0.0014  v  update  34500/5  update  34000/500000: consistency_loss=0.0001  pi_loss=-0.0006  reward_loss=2.6922  total_loss=0.0017  v  update  35000/500000: consistency_loss=0.0001  pi_loss=-0.0006  reward_loss=2.6922  total_loss=0.0019  value_loss=2.6922
  update  35500/500000: consistency_loss=0.0001  pi_loss=-0.0006  reward_loss=2.6922  total_loss=0.0016  value_loss=2.6922
  update  36000/500000: consistency_loss=0.0001  pi_loss=-0.0006  reward_loss=2.6922  total_loss=0.0014  value_loss=2.6922
  update  36500/500000: consistency_loss=0.0001  pi_loss=-0.0006  reward_loss=2.6922  total_loss=0.0016  value_loss=2.6922
  update  37000/500000: consistency_loss=0.0001  pi_loss=-0.0006  reward_loss=2.6922  total_loss=0.0015  value_loss=2.6922
  update  37500/500000: consistency_loss=0.0001  pi_loss=-0.0006  reward_loss=2.6922  total_loss=0.0014  value_loss=2.6922
  update  38000/500000: consistency_loss=0.0001  pi_loss=-0.0006  reward_loss=2.6922  total_loss=0.0015  value_loss=2.6922
  update  38500/500000: consistency_loss=0.0001  pi_loss=-0.0006  reward_loss=2.6922  total_loss=0.0013  value_loss=2.6922
  update  39000/500000: consistency_loss=0.0001  pi_loss=-0.0006  reward_loss=2.6922  total_loss=0.0012  value_loss=2.6922
  update  39500/500000: consistency_loss=0.0001  pi_loss=-0.0007  reward_loss=2.6922  total_loss=0.0012  value_loss=2.6922
  update  40000/500000: consistency_loss=0.0001  pi_loss=-0.0006  reward_loss=2.6922  total_loss=0.0014  value_loss=2.6922
  update  40500/500000: consistency_loss=0.0001  pi_loss=-0.0006  reward_loss=2.6922  total_loss=0.0015  value_loss=2.6922
  update  41000/500000: consistency_loss=0.0001  pi_loss=-0.0006  reward_loss=2.6922  total_loss=0.0016  value_loss=2.6922
  update  41500/500000: consistency_loss=0.0001  pi_loss=-0.0006  reward_loss=2.6922  total_loss=0.0013  value_loss=2.6922
  update  42000/500000: consistency_loss=0.0001  pi_loss=-0.0006  reward_loss=2.6922  total_loss=0.0011  value_loss=2.6922
  update  42500/500000: consistency_loss=0.0001  pi_loss=-0.0006  reward_loss=2.6922  total_loss=0.0016  value_loss=2.6922
  update  43000/500000: consistency_loss=0.0001  pi_loss=-0.0006  reward_loss=2.6922  total_loss=0.0013  value_loss=2.6922
  update  43500/500000: consistency_loss=0.0001  pi_loss=-0.0006  reward_loss=2.6922  total_loss=0.0015  value_loss=2.6922
  update  44000/500000: consistency_loss=0.0001  pi_loss=-0.0006  reward_loss=2.6922  total_loss=0.0017  value_loss=2.6922
  update  44500/500000: consistency_loss=0.0001  pi_loss=-0.0006  reward_loss=2.6922  total_loss=0.0018  value_loss=2.6922
  update  45000/500000: consistency_loss=0.0001  pi_loss=-0.0006  reward_loss=2.6922  total_loss=0.0014  value_loss=2.6922
  update  45500/500000: consistency_loss=0.0001  pi_loss=-0.0006  reward_loss=2.6922  total_loss=0.0012  value_loss=2.6922
  update  46000/500000: consistency_loss=0.0001  pi_loss=-0.0006  reward_loss=2.6922  total_loss=0.0015  value_loss=2.6922
  update  46500/500000: consistency_loss=0.0001  pi_loss=-0.0006  reward_loss=2.6922  total_loss=0.0012  value_loss=2.6922
  update  47000/500000: consistency_loss=0.0001  pi_loss=-0.0006  reward_loss=2.6922  total_loss=0.0014  value_loss=2.6922
  update  47500/500000: consistency_loss=0.0001  pi_loss=-0.0006  reward_loss=2.6922  total_loss=0.0014  value_loss=2.6922
  update  48000/500000: consistency_loss=0.0001  pi_loss=-0.0006  reward_loss=2.6922  total_loss=0.0013  value_loss=2.6922
  update  48500/500000: consistency_loss=0.0001  pi_loss=-0.0006  reward_loss=2.6922  total_loss=0.0014  value_loss=2.6922
  update  49000/500000: consistency_loss=0.0001  pi_loss=-0.0006  reward_loss=2.6922  total_loss=0.0014  value_loss=2.6922
  update  49500/500000: consistency_loss=0.0001  pi_loss=-0.0007  reward_loss=2.6922  total_loss=0.0013  value_loss=2.6922
  update  50000/500000: consistency_loss=0.0001  pi_loss=-0.0006  reward_loss=2.6922  total_loss=0.0015  value_loss=2.6922
  update  50500/500000: consistency_loss=0.0001  pi_loss=-0.0006  reward_loss=2.6922  total_loss=0.0011  value_loss=2.6922
  update  51000/500000: consistency_loss=0.0001  pi_loss=-0.0006  reward_loss=2.6922  total_loss=0.0012  value_loss=2.6922
  update  51500/500000: consistency_loss=0.0001  pi_loss=-0.0006  reward_loss=2.6922  total_loss=0.0012  value_loss=2.6922
  update  52000/500000: consistency_loss=0.0001  pi_loss=-0.0006  reward_loss=2.6922  total_loss=0.0012  value_loss=2.6922
  update  52500/500000: consistency_loss=0.0000  pi_loss=-0.0006  reward_loss=2.6922  total_loss=0.0009  value_loss=2.6922
  update  53000/500000: consistency_loss=0.0001  pi_loss=-0.0006  reward_loss=2.6922  total_loss=0.0013  value_loss=2.6922
  update  53500/500000: consistency_loss=0.0001  pi_loss=-0.0006  reward_loss=2.6922  total_loss=0.0015  value_loss=2.6922
  update  54000/500000: consistency_loss=0.0001  pi_loss=-0.0006  reward_loss=2.6922  total_loss=0.0011  value_loss=2.6922
  update  54500/500000: consistency_loss=0.0001  pi_loss=-0.0006  reward_loss=2.6922  total_loss=0.0013  value_loss=2.6922
  update  55000/500000: consistency_loss=0.0001  pi_loss=-0.0006  reward_loss=2.6922  total_loss=0.0012  value_loss=2.6922
  update  55500/500000: consistency_loss=0.0001  pi_loss=-0.0006  reward_loss=2.6922  total_loss=0.0014  value_loss=2.6922
  update  56000/500000: consistency_loss=0.0001  pi_loss=-0.0006  reward_loss=2.6922  total_loss=0.0013  value_loss=2.6922
  update  56500/500000: consistency_loss=0.0001  pi_loss=-0.0006  reward_loss=2.6922  total_loss=0.0015  value_loss=2.6922
  update  57000/500000: consistency_loss=0.0001  pi_loss=-0.0006  reward_loss=2.6922  total_loss=0.0014  value_loss=2.6922
  update  57500/500000: consistency_loss=0.0001  pi_loss=-0.0006  reward_loss=2.6922  total_loss=0.0014  value_loss=2.6922
  update  58000/500000: consistency_loss=0.0001  pi_loss=-0.0006  reward_loss=2.6922  total_loss=0.0014  value_loss=2.6922
  update  58500/500000: consistency_loss=0.0001  pi_loss=-0.0006  reward_loss=2.6922  total_loss=0.0012  value_loss=2.6922
  update  59000/500000: consistency_loss=0.0000  pi_loss=-0.0006  reward_loss=2.6922  total_loss=0.0010  value_loss=2.6922
  update  59500/500000: consistency_loss=0.0000  pi_loss=-0.0006  reward_loss=2.6922  total_loss=0.0009  value_loss=2.6922
  update  60000/500000: consistency_loss=0.0001  pi_loss=-0.0006  reward_loss=2.6922  total_loss=0.0015  value_loss=2.6922
  update  60500/500000: consistency_loss=0.0001  pi_loss=-0.0006  reward_loss=2.6922  total_loss=0.0012  value_loss=2.6922
  update  61000/500000: consistency_loss=0.0001  pi_loss=-0.0006  reward_loss=2.6922  total_loss=0.0010  value_loss=2.6922
  update  61500/500000: consistency_loss=0.0001  pi_loss=-0.0006  reward_loss=2.6922  total_loss=0.0010  value_loss=2.6922
  update  62000/500000: consistency_loss=0.0001  pi_loss=-0.0006  reward_loss=2.6922  total_loss=0.0011  value_loss=2.6922
  update  62500/500000: consistency_loss=0.0001  pi_loss=-0.0006  reward_loss=2.6922  total_loss=0.0010  value_loss=2.6922
  update  63000/500000: consistency_loss=0.0001  pi_loss=-0.0006  reward_loss=2.6922  total_loss=0.0011  value_loss=2.6922
  update  63500/500000: consistency_loss=0.0001  pi_loss=-0.0006  reward_loss=2.6922  total_loss=0.0012  value_loss=2.6922
  update  64000/500000: consistency_loss=0.0001  pi_loss=-0.0006  reward_loss=2.6922  total_loss=0.0013  value_loss=2.6922
  update  64500/500000: consistency_loss=0.0001  pi_loss=-0.0006  reward_loss=2.6922  total_loss=0.0011  value_loss=2.6922
  update  65000/500000: consistency_loss=0.0001  pi_loss=-0.0006  reward_loss=2.6922  total_loss=0.0011  value_loss=2.6922
  update  65500/500000: consistency_loss=0.0001  pi_loss=-0.0006  reward_loss=2.6922  total_loss=0.0013  value_loss=2.6922
  update  66000/500000: consistency_loss=0.0001  pi_loss=-0.0006  reward_loss=2.6922  total_loss=0.0010  value_loss=2.6922
  update  66500/500000: consistency_loss=0.0001  pi_loss=-0.0006  reward_loss=2.6922  total_loss=0.0013  value_loss=2.6922
  update  67000/500000: consistency_loss=0.0000  pi_loss=-0.0006  reward_loss=2.6922  total_loss=0.0010  value_loss=2.6922
  update  67500/500000: consistency_loss=0.0001  pi_loss=-0.0006  reward_loss=2.6922  total_loss=0.0011  value_loss=2.6922
  update  68000/500000: consistency_loss=0.0000  pi_loss=-0.0006  reward_loss=2.6922  total_loss=0.0010  value_loss=2.6922
  update  68500/500000: consistency_loss=0.0000  pi_loss=-0.0006  reward_loss=2.6922  total_loss=0.0010  value_loss=2.6922
  update  69000/500000: consistency_loss=0.0001  pi_loss=-0.0006  reward_loss=2.6922  total_loss=0.0011  value_loss=2.6922
  update  69500/500000: consistency_loss=0.0000  pi_loss=-0.0006  reward_loss=2.6922  total_loss=0.0010  value_loss=2.6922
  update  70000/500000: consistency_loss=0.0001  pi_loss=-0.0006  reward_loss=2.6922  total_loss=0.0013  value_loss=2.6922
  update  70500/500000: consistency_loss=0.0001  pi_loss=-0.0006  reward_loss=2.6922  total_loss=0.0011  value_loss=2.6922
  update  71000/500000: consistency_loss=0.0001  pi_loss=-0.0006  reward_loss=2.6922  total_loss=0.0012  value_loss=2.6922
  update  71500/500000: consistency_loss=0.0001  pi_loss=-0.0006  reward_loss=2.6922  total_loss=0.0010  value_loss=2.6922
  update  72000/500000: consistency_loss=0.0001  pi_loss=-0.0006  reward_loss=2.6922  total_loss=0.0013  value_loss=2.6922
  update  72500/500000: consistency_loss=0.0001  pi_loss=-0.0006  reward_loss=2.6922  total_loss=0.0011  value_loss=2.6922
  update  73000/500000: consistency_loss=0.0001  pi_loss=-0.0006  reward_loss=2.6922  total_loss=0.0014  value_loss=2.6922
  update  73500/500000: consistency_loss=0.0001  pi_loss=-0.0006  reward_loss=2.6922  total_loss=0.0014  value_loss=2.6922
  update  74000/500000: consistency_loss=0.0001  pi_loss=-0.0006  reward_loss=2.6922  total_loss=0.0010  value_loss=2.6922
  update  74500/500000: consistency_loss=0.0001  pi_loss=-0.0006  reward_loss=2.6922  total_loss=0.0012  value_loss=2.6922
  update  75000/500000: consistency_loss=0.0001  pi_loss=-0.0006  reward_loss=2.6922  total_loss=0.0013  value_loss=2.6922
  update  75500/500000: consistency_loss=0.0001  pi_loss=-0.0006  reward_loss=2.6922  total_loss=0.0011  value_loss=2.6922
  update  76000/500000: consistency_loss=0.0001  pi_loss=-0.0006  reward_loss=2.6922  total_loss=0.0012  value_loss=2.6922
  update  76500/500000: consistency_loss=0.0001  pi_loss=-0.0006  reward_loss=2.6922  total_loss=0.0011  value_loss=2.6922
  update  77000/500000: consistency_loss=0.0001  pi_loss=-0.0006  reward_loss=2.6922  total_loss=0.0011  value_loss=2.6922
  update  77500/500000: consistency_loss=0.0001  pi_loss=-0.0007  reward_loss=2.6922  total_loss=0.0011  value_loss=2.6922
  update  78000/500000: consistency_loss=0.0001  pi_loss=-0.0006  reward_loss=2.6922  total_loss=0.0012  value_loss=2.6922
  update  78500/500000: consistency_loss=0.0001  pi_loss=-0.0006  reward_loss=2.6922  total_loss=0.0013  value_loss=2.6922
  update  79000/500000: consistency_loss=0.0000  pi_loss=-0.0006  reward_loss=2.6922  total_loss=0.0009  value_loss=2.6922
  update  79500/500000: consistency_loss=0.0001  pi_loss=-0.0006  reward_loss=2.6922  total_loss=0.0010  value_loss=2.6922
  update  80000/500000: consistency_loss=0.0001  pi_loss=-0.0006  reward_loss=2.6922  total_loss=0.0012  value_loss=2.6922
  update  80500/500000: consistency_loss=0.0001  pi_loss=-0.0006  reward_loss=2.6922  total_loss=0.0012  value_loss=2.6922
  update  81000/500000: consistency_loss=0.0000  pi_loss=-0.0006  reward_loss=2.6922  total_loss=0.0010  value_loss=2.6922
  update  81500/500000: consistency_loss=0.0001  pi_loss=-0.0006  reward_loss=2.6922  total_loss=0.0010  value_loss=2.6922
  update  82000/500000: consistency_loss=0.0001  pi_loss=-0.0006  reward_loss=2.6922  total_loss=0.0013  value_loss=2.6922
  update  82500/500000: consistency_loss=0.0001  pi_loss=-0.0006  reward_loss=2.6922  total_loss=0.0011  value_loss=2.6922
  update  83000/500000: consistency_loss=0.0001  pi_loss=-0.0007  reward_loss=2.6922  total_loss=0.0011  value_loss=2.6922
  update  83500/500000: consistency_loss=0.0000  pi_loss=-0.0006  reward_loss=2.6922  total_loss=0.0010  value_loss=2.6922
  update  84000/500000: consistency_loss=0.0001  pi_loss=-0.0006  reward_loss=2.6922  total_loss=0.0013  value_loss=2.6922
  update  84500/500000: consistency_loss=0.0001  pi_loss=-0.0006  reward_loss=2.6922  total_loss=0.0011  value_loss=2.6922
  update  85000/500000: consistency_loss=0.0001  pi_loss=-0.0006  reward_loss=2.6922  total_loss=0.0012  value_loss=2.6922
  update  85500/500000: consistency_loss=0.0001  pi_loss=-0.0006  reward_loss=2.6922  total_loss=0.0012  value_loss=2.6922
  update  86000/500000: consistency_loss=0.0000  pi_loss=-0.0006  reward_loss=2.6922  total_loss=0.0009  value_loss=2.6922
  update  86500/500000: consistency_loss=0.0001  pi_loss=-0.0006  reward_loss=2.6922  total_loss=0.0017  value_loss=2.6922
  update  87000/500000: consistency_loss=0.0001  pi_loss=-0.0006  reward_loss=2.6922  total_loss=0.0010  value_loss=2.6922
  update  87500/500000: consistency_loss=0.0000  pi_loss=-0.0006  reward_loss=2.6922  total_loss=0.0010  value_loss=2.6922
  update  88000/500000: consistency_loss=0.0001  pi_loss=-0.0006  reward_loss=2.6922  total_loss=0.0010  value_loss=2.6922
  update  88500/500000: consistency_loss=0.0001  pi_loss=-0.0006  reward_loss=2.6922  total_loss=0.0010  value_loss=2.6922
  update  89000/500000: consistency_loss=0.0001  pi_loss=-0.0006  reward_loss=2.6922  total_loss=0.0010  value_loss=2.6922
  update  89500/500000: consistency_loss=0.0001  pi_loss=-0.0006  reward_loss=2.6922  total_loss=0.0010  value_loss=2.6922
  update  90000/500000: consistency_loss=0.0000  pi_loss=-0.0006  reward_loss=2.6922  total_loss=0.0010  value_loss=2.6922
  update  90500/500000: consistency_loss=0.0001  pi_loss=-0.0006  reward_loss=2.6922  total_loss=0.0010  value_loss=2.6922
  update  91000/500000: consistency_loss=0.0001  pi_loss=-0.0006  reward_loss=2.6922  total_loss=0.0013  value_loss=2.6922
  update  91500/500000: consistency_loss=0.0000  pi_loss=-0.0006  reward_loss=2.6922  total_loss=0.0008  value_loss=2.6922
  update  92000/500000: consistency_loss=0.0001  pi_loss=-0.0006  reward_loss=2.6922  total_loss=0.0010  value_loss=2.6922
  update  92500/500000: consistency_loss=0.0001  pi_loss=-0.0006  reward_loss=2.6922  total_loss=0.0015  value_loss=2.6922
  update  93000/500000: consistency_loss=0.0001  pi_loss=-0.0006  reward_loss=2.6922  total_loss=0.0010  value_loss=2.6922
  update  93500/500000: consistency_loss=0.0001  pi_loss=-0.0006  reward_loss=2.6922  total_loss=0.0011  value_loss=2.6922
  update  94000/500000: consistency_loss=0.0000  pi_loss=-0.0006  reward_loss=2.6922  total_loss=0.0009  value_loss=2.6922
  update  94500/500000: consistency_loss=0.0001  pi_loss=-0.0006  reward_loss=2.6922  total_loss=0.0012  value_loss=2.6922
  update  95000/500000: consistency_loss=0.0000  pi_loss=-0.0006  reward_loss=2.6922  total_loss=0.0009  value_loss=2.6922
  update  95500/500000: consistency_loss=0.0001  pi_loss=-0.0006  reward_loss=2.6922  total_loss=0.0014  value_loss=2.6922
  update  96000/500000: consistency_loss=0.0001  pi_loss=-0.0006  reward_loss=2.6922  total_loss=0.0011  value_loss=2.6922
  update  96500/500000: consistency_loss=0.0001  pi_loss=-0.0006  reward_loss=2.6922  total_loss=0.0010  value_loss=2.6922
  update  97000/500000: consistency_loss=0.0001  pi_loss=-0.0006  reward_loss=2.6922  total_loss=0.0013  value_loss=2.6922
  update  97500/500000: consistency_loss=0.0001  pi_loss=-0.0006  reward_loss=2.6922  total_loss=0.0012  value_loss=2.6922
  update  98000/500000: consistency_loss=0.0001  pi_loss=-0.0006  reward_loss=2.6922  total_loss=0.0011  value_loss=2.6922
  update  98500/500000: consistency_loss=0.0000  pi_loss=-0.0006  reward_loss=2.6922  total_loss=0.0010  value_loss=2.6922
  update  99000/500000: consistency_loss=0.0001  pi_loss=-0.0006  reward_loss=2.6922  total_loss=0.0010  value_loss=2.6922
  update  99500/500000: consistency_loss=0.0000  pi_loss=-0.0006  reward_loss=2.6922  total_loss=0.0009  value_loss=2.6922
  update 100000/500000: consistency_loss=0.0000  pi_loss=-0.0006  reward_loss=2.6922  total_loss=0.0009  value_loss=2.6922
Saved checkpoint at update 100000
  update 100500/500000: consistency_loss=0.0001  pi_loss=-0.0006  reward_loss=2.6922  total_loss=0.0012  value_loss=2.6922
  update 101000/500000: consistency_loss=0.0000  pi_loss=-0.0006  reward_loss=2.6922  total_loss=0.0010  value_loss=2.6922
  update 101500/500000: consistency_loss=0.0000  pi_loss=-0.0006  reward_loss=2.6922  total_loss=0.0010  value_loss=2.6922
  update 102000/500000: consistency_loss=0.0000  pi_loss=-0.0006  reward_loss=2.6922  total_loss=0.0009  value_loss=2.6922
  update 102500/500000: consistency_loss=0.0001  pi_loss=-0.0006  reward_loss=2.6922  total_loss=0.0012  value_loss=2.6922
  update 103000/500000: consistency_loss=0.0000  pi_loss=-0.0006  reward_loss=2.6922  total_loss=0.0010  value_loss=2.6922
  update 103500/500000: consistency_loss=0.0001  pi_loss=-0.0006  reward_loss=2.6922  total_loss=0.0011  value_loss=2.6922
  update 104000/500000: consistency_loss=0.0000  pi_loss=-0.0006  reward_loss=2.6922  total_loss=0.0009  value_loss=2.6922
  update 104500/500000: consistency_loss=0.0001  pi_loss=-0.0006  reward_loss=2.6922  total_loss=0.0012  value_loss=2.6922
  update 105000/500000: consistency_loss=0.0001  pi_loss=-0.0006  reward_loss=2.6922  total_loss=0.0010  value_loss=2.6922
  update 105500/500000: consistency_loss=0.0001  pi_loss=-0.0006  reward_loss=2.6922  total_loss=0.0012  value_loss=2.6922
  update 106000/500000: consistency_loss=0.0000  pi_loss=-0.0006  reward_loss=2.6922  total_loss=0.0008  value_loss=2.6922
  update 106500/500000: consistency_loss=0.0000  pi_loss=-0.0006  reward_loss=2.6922  total_loss=0.0009  value_loss=2.6922
  update 107000/500000: consistency_loss=0.0001  pi_loss=-0.0006  reward_loss=2.6922  total_loss=0.0012  value_loss=2.6922
  update 107500/500000: consistency_loss=0.0000  pi_loss=-0.0006  reward_loss=2.6922  total_loss=0.0010  value_loss=2.6922
  update 108000/500000: consistency_loss=0.0001  pi_loss=-0.0006  reward_loss=2.6922  total_loss=0.0011  value_loss=2.6922
  update 108500/500000: consistency_loss=0.0001  pi_loss=-0.0006  reward_loss=2.6922  total_loss=0.0013  value_loss=2.6922
  update 109000/500000: consistency_loss=0.0001  pi_loss=-0.0006  reward_loss=2.6922  total_loss=0.0016  value_loss=2.6922
  update 109500/500000: consistency_loss=0.0000  pi_loss=-0.0006  reward_loss=2.6922  total_loss=0.0009  value_loss=2.6922
  update 110000/500000: consistency_loss=0.0000  pi_loss=-0.0006  reward_loss=2.6922  total_loss=0.0007  value_loss=2.6922
  update 110500/500000: consistency_loss=0.0000  pi_loss=-0.0006  reward_loss=2.6922  total_loss=0.0009  value_loss=2.6922
  update 111000/500000: consistency_loss=0.0000  pi_loss=-0.0006  reward_loss=2.6922  total_loss=0.0010  value_loss=2.6922
  update 111500/500000: consistency_loss=0.0000  pi_loss=-0.0006  reward_loss=2.6922  total_loss=0.0009  value_loss=2.6922
  update 112000/500000: consistency_loss=0.0001  pi_loss=-0.0006  reward_loss=2.6922  total_loss=0.0010  value_loss=2.6922
  update 112500/500000: consistency_loss=0.0001  pi_loss=-0.0006  reward_loss=2.6922  total_loss=0.0010  value_loss=2.6922
  update 113000/500000: consistency_loss=0.0001  pi_loss=-0.0006  reward_loss=2.6922  total_loss=0.0011  value_loss=2.6922
  update 113500/500000: consistency_loss=0.0001  pi_loss=-0.0006  reward_loss=2.6922  total_loss=0.0013  value_loss=2.6922
  update 114000/500000: consistency_loss=0.0001  pi_loss=-0.0006  reward_loss=2.6922  total_loss=0.0013  value_loss=2.6922
  update 114500/500000: consistency_loss=0.0001  pi_loss=-0.0006  reward_loss=2.6922  total_loss=0.0015  value_loss=2.6922
  update 115000/500000: consistency_loss=0.0000  pi_loss=-0.0006  reward_loss=2.6922  total_loss=0.0009  value_loss=2.6922
  update 115500/500000: consistency_loss=0.0000  pi_loss=-0.0006  reward_loss=2.6922  total_loss=0.0008  value_loss=2.6922
  update 116000/500000: consistency_loss=0.0000  pi_loss=-0.0006  reward_loss=2.6922  total_loss=0.0010  value_loss=2.6922
  update 116500/500000: consistency_loss=0.0001  pi_loss=-0.0006  reward_loss=2.6922  total_loss=0.0012  value_loss=2.6922
  update 117000/500000: consistency_loss=0.0001  pi_loss=-0.0006  reward_loss=2.6922  total_loss=0.0011  value_loss=2.6922
  update 117500/500000: consistency_loss=0.0000  pi_loss=-0.0006  reward_loss=2.6922  total_loss=0.0008  value_loss=2.6922
  update 118000/500000: consistency_loss=0.0001  pi_loss=-0.0006  reward_loss=2.6922  total_loss=0.0010  value_loss=2.6922
  update 118500/500000: consistency_loss=0.0001  pi_loss=-0.0006  reward_loss=2.6922  total_loss=0.0012  value_loss=2.6922
  update 119000/500000: consistency_loss=0.0001  pi_loss=-0.0006  reward_loss=2.6922  total_loss=0.0012  value_loss=2.6922
  update 119500/500000: consistency_loss=0.0000  pi_loss=-0.0006  reward_loss=2.6922  total_loss=0.0010  value_loss=2.6922
  update 120000/500000: consistency_loss=0.0001  pi_loss=-0.0006  reward_loss=2.6922  total_loss=0.0011  value_loss=2.6922
  update 120500/500000: consistency_loss=0.0000  pi_loss=-0.0006  reward_loss=2.6922  total_loss=0.0010  value_loss=2.6922
  update 121000/500000: consistency_loss=0.0001  pi_loss=-0.0006  reward_loss=2.6922  total_loss=0.0011  value_loss=2.6922
  update 121500/500000: consistency_loss=0.0000  pi_loss=-0.0006  reward_loss=2.6922  total_loss=0.0009  value_loss=2.6922
  update 122000/500000: consistency_loss=0.0001  pi_loss=-0.0006  reward_loss=2.6922  total_loss=0.0010  value_loss=2.6922
  update 122500/500000: consistency_loss=0.0000  pi_loss=-0.0006  reward_loss=2.6922  total_loss=0.0010  value_loss=2.6922
  update 123000/500000: consistency_loss=0.0001  pi_loss=-0.0006  reward_loss=2.6922  total_loss=0.0016  value_loss=2.6922
  update 123500/500000: consistency_loss=0.0000  pi_loss=-0.0006  reward_loss=2.6922  total_loss=0.0009  value_loss=2.6922
  update 124000/500000: consistency_loss=0.0000  pi_loss=-0.0006  reward_loss=2.6922  total_loss=0.0010  value_loss=2.6922
  update 124500/500000: consistency_loss=0.0000  pi_loss=-0.0006  reward_loss=2.6922  total_loss=0.0008  value_loss=2.6922
  update 125000/500000: consistency_loss=0.0000  pi_loss=-0.0006  reward_loss=2.6922  total_loss=0.0008  value_loss=2.6922
  update 125500/500000: consistency_loss=0.0001  pi_loss=-0.0006  reward_loss=2.6922  total_loss=0.0010  value_loss=2.6922
  update 126000/500000: consistency_loss=0.0000  pi_loss=-0.0006  reward_loss=2.6922  total_loss=0.0009  value_loss=2.6922
  update 126500/500000: consistency_loss=0.0001  pi_loss=-0.0006  reward_loss=2.6922  total_loss=0.0011  value_loss=2.6922
  update 127000/500000: consistency_loss=0.0001  pi_loss=-0.0006  reward_loss=2.6922  total_loss=0.0011  value_loss=2.6922
  update 127500/500000: consistency_loss=0.0000  pi_loss=-0.0006  reward_loss=2.6922  total_loss=0.0009  value_loss=2.6922
  update 128000/500000: consistency_loss=0.0000  pi_loss=-0.0006  reward_loss=2.6922  total_loss=0.0010  value_loss=2.6922
  update 128500/500000: consistency_loss=0.0001  pi_loss=-0.0006  reward_loss=2.6922  total_loss=0.0011  value_loss=2.6922
  update 129000/500000: consistency_loss=0.0000  pi_loss=-0.0006  reward_loss=2.6922  total_loss=0.0008  value_loss=2.6922
  update 129500/500000: consistency_loss=0.0000  pi_loss=-0.0006  reward_loss=2.6922  total_loss=0.0010  value_loss=2.6922
  update 130000/500000: consistency_loss=0.0001  pi_loss=-0.0006  reward_loss=2.6922  total_loss=0.0011  value_loss=2.6922
  update 130500/500000: consistency_loss=0.0001  pi_loss=-0.0006  reward_loss=2.6922  total_loss=0.0011  value_loss=2.6922
  update 131000/500000: consistency_loss=0.0001  pi_loss=-0.0006  reward_loss=2.6922  total_loss=0.0011  value_loss=2.6922
  update 131500/500000: consistency_loss=0.0000  pi_loss=-0.0006  reward_loss=2.6922  total_loss=0.0010  value_loss=2.6922
  update 132000/500000: consistency_loss=0.0001  pi_loss=-0.0006  reward_loss=2.6922  total_loss=0.0011  value_loss=2.6922
  update 132500/500000: consistency_loss=0.0000  pi_loss=-0.0006  reward_loss=2.6922  total_loss=0.0010  value_loss=2.6922
  update 133000/500000: consistency_loss=0.0000  pi_loss=-0.0006  reward_loss=2.6922  total_loss=0.0009  value_loss=2.6922
  update 133500/500000: consistency_loss=0.0000  pi_loss=-0.0006  reward_loss=2.6922  total_loss=0.0010  value_loss=2.6922
  update 134000/500000: consistency_loss=0.0001  pi_loss=-0.0006  reward_loss=2.6922  total_loss=0.0010  value_loss=2.6922
  update 134500/500000: consistency_loss=0.0000  pi_loss=-0.0006  reward_loss=2.6922  total_loss=0.0008  value_loss=2.6922
  update 135000/500000: consistency_loss=0.0001  pi_loss=-0.0006  reward_loss=2.6922  total_loss=0.0012  value_loss=2.6922
  update 135500/500000: consistency_loss=0.0001  pi_loss=-0.0006  reward_loss=2.6922  total_loss=0.0011  value_loss=2.6922
  update 136000/500000: consistency_loss=0.0001  pi_loss=-0.0006  reward_loss=2.6922  total_loss=0.0010  value_loss=2.6922
  update 136500/500000: consistency_loss=0.0001  pi_loss=-0.0006  reward_loss=2.6922  total_loss=0.0011  value_loss=2.6922
  update 137000/500000: consistency_loss=0.0000  pi_loss=-0.0006  reward_loss=2.6922  total_loss=0.0009  value_loss=2.6922
  update 137500/500000: consistency_loss=0.0000  pi_loss=-0.0006  reward_loss=2.6922  total_loss=0.0008  value_loss=2.6922
  update 138000/500000: consistency_loss=0.0001  pi_loss=-0.0006  reward_loss=2.6922  total_loss=0.0011  value_loss=2.6922
  update 138500/500000: consistency_loss=0.0000  pi_loss=-0.0006  reward_loss=2.6922  total_loss=0.0009  value_loss=2.6922
  update 139000/500000: consistency_loss=0.0000  pi_loss=-0.0006  reward_loss=2.6922  total_loss=0.0009  value_loss=2.6922
  update 139500/500000: consistency_loss=0.0001  pi_loss=-0.0006  reward_loss=2.6922  total_loss=0.0012  value_loss=2.6922
  update 140000/500000: consistency_loss=0.0000  pi_loss=-0.0006  reward_loss=2.6922  total_loss=0.0009  value_loss=2.6922
  update 140500/500000: consistency_loss=0.0000  pi_loss=-0.0006  reward_loss=2.6922  total_loss=0.0009  value_loss=2.6922
  update 141000/500000: consistency_loss=0.0000  pi_loss=-0.0006  reward_loss=2.6922  total_loss=0.0009  value_loss=2.6922
  update 141500/500000: consistency_loss=0.0001  pi_loss=-0.0006  reward_loss=2.6922  total_loss=0.0012  value_loss=2.6922
  update 142000/500000: consistency_loss=0.0000  pi_loss=-0.0006  reward_loss=2.6922  total_loss=0.0008  value_loss=2.6922
  update 142500/500000: consistency_loss=0.0000  pi_loss=-0.0006  reward_loss=2.6922  total_loss=0.0007  value_loss=2.6922
  update 143000/500000: consistency_loss=0.0000  pi_loss=-0.0006  reward_loss=2.6922  total_loss=0.0010  value_loss=2.6922
  update 143500/500000: consistency_loss=0.0000  pi_loss=-0.0006  reward_loss=2.6922  total_loss=0.0010  value_loss=2.6922
  update 144000/500000: consistency_loss=0.0001  pi_loss=-0.0006  reward_loss=2.6922  total_loss=0.0012  value_loss=2.6922
  update 144500/500000: consistency_loss=0.0001  pi_loss=-0.0006  reward_loss=2.6922  total_loss=0.0010  value_loss=2.6922
  update 145000/500000: consistency_loss=0.0000  pi_loss=-0.0006  reward_loss=2.6922  total_loss=0.0006  value_loss=2.6922
  update 145500/500000: consistency_loss=0.0000  pi_loss=-0.0006  reward_loss=2.6922  total_loss=0.0008  value_loss=2.6922
  update 146000/500000: consistency_loss=0.0000  pi_loss=-0.0006  reward_loss=2.6922  total_loss=0.0009  value_loss=2.6922
  update 146500/500000: consistency_loss=0.0000  pi_loss=-0.0006  reward_loss=2.6922  total_loss=0.0010  value_loss=2.6922
  update 147000/500000: consistency_loss=0.0000  pi_loss=-0.0006  reward_loss=2.6922  total_loss=0.0008  value_loss=2.6922
  update 147500/500000: consistency_loss=0.0000  pi_loss=-0.0006  reward_loss=2.6922  total_loss=0.0010  value_loss=2.6922
  update 148000/500000: consistency_loss=0.0000  pi_loss=-0.0006  reward_loss=2.6922  total_loss=0.0009  value_loss=2.6922
  update 148500/500000: consistency_loss=0.0001  pi_loss=-0.0006  reward_loss=2.6922  total_loss=0.0013  value_loss=2.6922
  update 149000/500000: consistency_loss=0.0000  pi_loss=-0.0006  reward_loss=2.6922  total_loss=0.0009  value_loss=2.6922
  update 149500/500000: consistency_loss=0.0000  pi_loss=-0.0006  reward_loss=2.6922  total_loss=0.0007  value_loss=2.6922
  update 150000/500000: consistency_loss=0.0001  pi_loss=-0.0006  reward_loss=2.6922  total_loss=0.0014  value_loss=2.6922
  update 150500/500000: consistency_loss=0.0000  pi_loss=-0.0006  reward_loss=2.6922  total_loss=0.0010  value_loss=2.6922
  update 151000/500000: consistency_loss=0.0000  pi_loss=-0.0006  reward_loss=2.6922  total_loss=0.0009  value_loss=2.6922
  update 151500/500000: consistency_loss=0.0001  pi_loss=-0.0006  reward_loss=2.6922  total_loss=0.0010  value_loss=2.6922
  update 152000/500000: consistency_loss=0.0001  pi_loss=-0.0006  reward_loss=2.6922  total_loss=0.0011  value_loss=2.6922
  update 152500/500000: consistency_loss=0.0000  pi_loss=-0.0006  reward_loss=2.6922  total_loss=0.0008  value_loss=2.6922
  update 153000/500000: consistency_loss=0.0001  pi_loss=-0.0006  reward_loss=2.6922  total_loss=0.0011  value_loss=2.6922
  update 153500/500000: consistency_loss=0.0001  pi_loss=-0.0006  reward_loss=2.6922  total_loss=0.0011  value_loss=2.6922
  update 154000/500000: consistency_loss=0.0000  pi_loss=-0.0006  reward_loss=2.6922  total_loss=0.0009  value_loss=2.6922
  update 154500/500000: consistency_loss=0.0001  pi_loss=-0.0006  reward_loss=2.6922  total_loss=0.0011  value_loss=2.6922
  update 155000/500000: consistency_loss=0.0001  pi_loss=-0.0006  reward_loss=2.6922  total_loss=0.0011  value_loss=2.6922
  update 155500/500000: consistency_loss=0.0000  pi_loss=-0.0006  reward_loss=2.6922  total_loss=0.0010  value_loss=2.6922
  update 156000/500000: consistency_loss=0.0001  pi_loss=-0.0006  reward_loss=2.6922  total_loss=0.0013  value_loss=2.6922
  update 156500/500000: consistency_loss=0.0000  pi_loss=-0.0006  reward_loss=2.6922  total_loss=0.0009  value_loss=2.6922
  update 157000/500000: consistency_loss=0.0000  pi_loss=-0.0006  reward_loss=2.6922  total_loss=0.0009  value_loss=2.6922
  update 157500/500000: consistency_loss=0.0000  pi_loss=-0.0006  reward_loss=2.6922  total_loss=0.0009  value_loss=2.6922
  update 158000/500000: consistency_loss=0.0001  pi_loss=-0.0006  reward_loss=2.6922  total_loss=0.0011  value_loss=2.6922
  update 158500/500000: consistency_loss=0.0001  pi_loss=-0.0006  reward_loss=2.6922  total_loss=0.0011  value_loss=2.6922
  update 159000/500000: consistency_loss=0.0000  pi_loss=-0.0006  reward_loss=2.6922  total_loss=0.0009  value_loss=2.6922
  update 159500/500000: consistency_loss=0.0000  pi_loss=-0.0006  reward_loss=2.6922  total_loss=0.0009  value_loss=2.6922
  update 160000/500000: consistency_loss=0.0000  pi_loss=-0.0006  reward_loss=2.6922  total_loss=0.0009  value_loss=2.6922
  update 160500/500000: consistency_loss=0.0001  pi_loss=-0.0006  reward_loss=2.6922  total_loss=0.0010  value_loss=2.6922
  update 161000/500000: consistency_loss=0.0000  pi_loss=-0.0006  reward_loss=2.6922  total_loss=0.0009  value_loss=2.6922
  update 161500/500000: consistency_loss=0.0000  pi_loss=-0.0006  reward_loss=2.6922  total_loss=0.0010  value_loss=2.6922
  update 162000/500000: consistency_loss=0.0001  pi_loss=-0.0006  reward_loss=2.6922  total_loss=0.0010  value_loss=2.6922
  update 162500/500000: consistency_loss=0.0001  pi_loss=-0.0006  reward_loss=2.6922  total_loss=0.0012  value_loss=2.6922
  update 163000/500000: consistency_loss=0.0000  pi_loss=-0.0006  reward_loss=2.6922  total_loss=0.0009  value_loss=2.6922
  update 163500/500000: consistency_loss=0.0001  pi_loss=-0.0006  reward_loss=2.6922  total_loss=0.0011  value_loss=2.6922
  update 164000/500000: consistency_loss=0.0000  pi_loss=-0.0006  reward_loss=2.6922  total_loss=0.0008  value_loss=2.6922
  update 164500/500000: consistency_loss=0.0001  pi_loss=-0.0006  reward_loss=2.6922  total_loss=0.0010  value_loss=2.6922
  update 165000/500000: consistency_loss=0.0000  pi_loss=-0.0006  reward_loss=2.6922  total_loss=0.0009  value_loss=2.6922
  update 165500/500000: consistency_loss=0.0000  pi_loss=-0.0006  reward_loss=2.6922  total_loss=0.0008  value_loss=2.6922
  update 166000/500000: consistency_loss=0.0000  pi_loss=-0.0006  reward_loss=2.6922  total_loss=0.0009  value_loss=2.6922
  update 166500/500000: consistency_loss=0.0001  pi_loss=-0.0006  reward_loss=2.6922  total_loss=0.0011  value_loss=2.6922
  update 167000/500000: consistency_loss=0.0001  pi_loss=-0.0006  reward_loss=2.6922  total_loss=0.0011  value_loss=2.6922
  update 167500/500000: consistency_loss=0.0001  pi_loss=-0.0006  reward_loss=2.6922  total_loss=0.0011  value_loss=2.6922
  update 168000/500000: consistency_loss=0.0001  pi_loss=-0.0006  reward_loss=2.6922  total_loss=0.0010  value_loss=2.6922
  update 168500/500000: consistency_loss=0.0001  pi_loss=-0.0006  reward_loss=2.6922  total_loss=0.0012  value_loss=2.6922
  update 169000/500000: consistency_loss=0.0001  pi_loss=-0.0006  reward_loss=2.6922  total_loss=0.0014  value_loss=2.6922
  update 169500/500000: consistency_loss=0.0001  pi_loss=-0.0006  reward_loss=2.6922  total_loss=0.0011  value_loss=2.6922
  update 170000/500000: consistency_loss=0.0000  pi_loss=-0.0006  reward_loss=2.6922  total_loss=0.0010  value_loss=2.6922
  update 170500/500000: consistency_loss=0.0001  pi_loss=-0.0006  reward_loss=2.6922  total_loss=0.0010  value_loss=2.6922
  update 171000/500000: consistency_loss=0.0001  pi_loss=-0.0006  reward_loss=2.6922  total_loss=0.0011  value_loss=2.6922
  update 171500/500000: consistency_loss=0.0000  pi_loss=-0.0006  reward_loss=2.6922  total_loss=0.0008  value_loss=2.6922
  update 172000/500000: consistency_loss=0.0000  pi_loss=-0.0006  reward_loss=2.6922  total_loss=0.0009  value_loss=2.6922
  update 172500/500000: consistency_loss=0.0001  pi_loss=-0.0006  reward_loss=2.6922  total_loss=0.0010  value_loss=2.6922
  update 173000/500000: consistency_loss=0.0001  pi_loss=-0.0006  reward_loss=2.6922  total_loss=0.0011  value_loss=2.6922
  update 173500/500000: consistency_loss=0.0000  pi_loss=-0.0006  reward_loss=2.6922  total_loss=0.0009  value_loss=2.6922
  update 174000/500000: consistency_loss=0.0000  pi_loss=-0.0006  reward_loss=2.6922  total_loss=0.0010  value_loss=2.6922
  update 174500/500000: consistency_loss=0.0000  pi_loss=-0.0006  reward_loss=2.6922  total_loss=0.0008  value_loss=2.6922
  update 175000/500000: consistency_loss=0.0001  pi_loss=-0.0006  reward_loss=2.6922  total_loss=0.0010  value_loss=2.6922
  update 175500/500000: consistency_loss=0.0001  pi_loss=-0.0006  reward_loss=2.6922  total_loss=0.0012  value_loss=2.6922
  update 176000/500000: consistency_loss=0.0000  pi_loss=-0.0006  reward_loss=2.6922  total_loss=0.0009  value_loss=2.6922
  update 176500/500000: consistency_loss=0.0000  pi_loss=-0.0006  reward_loss=2.6922  total_loss=0.0009  value_loss=2.6922
  update 177000/500000: consistency_loss=0.0000  pi_loss=-0.0006  reward_loss=2.6922  total_loss=0.0009  value_loss=2.6922
  update 177500/500000: consistency_loss=0.0000  pi_loss=-0.0006  reward_loss=2.6922  total_loss=0.0008  value_loss=2.6922
  update 178000/500000: consistency_loss=0.0000  pi_loss=-0.0006  reward_loss=2.6922  total_loss=0.0009  value_loss=2.6922
  update 178500/500000: consistency_loss=0.0000  pi_loss=-0.0006  reward_loss=2.6922  total_loss=0.0010  value_loss=2.6922
  update 179000/500000: consistency_loss=0.0000  pi_loss=-0.0006  reward_loss=2.6922  total_loss=0.0008  value_loss=2.6922
  update 179500/500000: consistency_loss=0.0000  pi_loss=-0.0006  reward_loss=2.6922  total_loss=0.0008  value_loss=2.6922
  update 180000/500000: consistency_loss=0.0001  pi_loss=-0.0006  reward_loss=2.6922  total_loss=0.0013  value_loss=2.6922
  update 180500/500000: consistency_loss=0.0000  pi_loss=-0.0006  reward_loss=2.6922  total_loss=0.0009  value_loss=2.6922
  update 181000/500000: consistency_loss=0.0000  pi_loss=-0.0006  reward_loss=2.6922  total_loss=0.0010  value_loss=2.6922
  update 181500/500000: consistency_loss=0.0000  pi_loss=-0.0006  reward_loss=2.6922  total_loss=0.0009  value_loss=2.6922
  update 182000/500000: consistency_loss=0.0000  pi_loss=-0.0006  reward_loss=2.6922  total_loss=0.0009  value_loss=2.6922
  update 182500/500000: consistency_loss=0.0000  pi_loss=-0.0006  reward_loss=2.6922  total_loss=0.0008  value_loss=2.6922
  update 183000/500000: consistency_loss=0.0001  pi_loss=-0.0006  reward_loss=2.6922  total_loss=0.0010  value_loss=2.6922
  update 183500/500000: consistency_loss=0.0001  pi_loss=-0.0006  reward_loss=2.6922  total_loss=0.0010  value_loss=2.6922
  update 184000/500000: consistency_loss=0.0001  pi_loss=-0.0006  reward_loss=2.6922  total_loss=0.0011  value_loss=2.6922
  update 184500/500000: consistency_loss=0.0000  pi_loss=-0.0006  reward_loss=2.6922  total_loss=0.0009  value_loss=2.6922
  update 185000/500000: consistency_loss=0.0000  pi_loss=-0.0006  reward_loss=2.6922  total_loss=0.0009  value_loss=2.6922
  update 185500/500000: consistency_loss=0.0000  pi_loss=-0.0006  reward_loss=2.6922  total_loss=0.0008  value_loss=2.6922
  update 186000/500000: consistency_loss=0.0001  pi_loss=-0.0006  reward_loss=2.6922  total_loss=0.0010  value_loss=2.6922
  update 186500/500000: consistency_loss=0.0000  pi_loss=-0.0006  reward_loss=2.6922  total_loss=0.0010  value_loss=2.6922
  update 187000/500000: consistency_loss=0.0001  pi_loss=-0.0006  reward_loss=2.6922  total_loss=0.0010  value_loss=2.6922
  update 187500/500000: consistency_loss=0.0001  pi_loss=-0.0006  reward_loss=2.6922  total_loss=0.0012  value_loss=2.6922
  update 188000/500000: consistency_loss=0.0000  pi_loss=-0.0006  reward_loss=2.6922  total_loss=0.0009  value_loss=2.6922
  update 188500/500000: consistency_loss=0.0000  pi_loss=-0.0006  reward_loss=2.6922  total_loss=0.0007  value_loss=2.6922
  update 189000/500000: consistency_loss=0.0000  pi_loss=-0.0006  reward_loss=2.6922  total_loss=0.0009  value_loss=2.6922
  update 189500/500000: consistency_loss=0.0001  pi_loss=-0.0006  reward_loss=2.6922  total_loss=0.0010  value_loss=2.6922
  update 190000/500000: consistency_loss=0.0000  pi_loss=-0.0006  reward_loss=2.6922  total_loss=0.0009  value_loss=2.6922
  update 190500/500000: consistency_loss=0.0001  pi_loss=-0.0006  reward_loss=2.6922  total_loss=0.0014  value_loss=2.6922
  update 191000/500000: consistency_loss=0.0000  pi_loss=-0.0006  reward_loss=2.6922  total_loss=0.0009  value_loss=2.6922
  update 191500/500000: consistency_loss=0.0000  pi_loss=-0.0006  reward_loss=2.6922  total_loss=0.0009  value_loss=2.6922
  update 192000/500000: consistency_loss=0.0000  pi_loss=-0.0006  reward_loss=2.6922  total_loss=0.0009  value_loss=2.6922
  update 192500/500000: consistency_loss=0.0000  pi_loss=-0.0006  reward_loss=2.6922  total_loss=0.0009  value_loss=2.6922
  update 193000/500000: consistency_loss=0.0000  pi_loss=-0.0006  reward_loss=2.6922  total_loss=0.0009  value_loss=2.6922
  update 193500/500000: consistency_loss=0.0001  pi_loss=-0.0006  reward_loss=2.6922  total_loss=0.0012  value_loss=2.6922
  update 194000/500000: consistency_loss=0.0000  pi_loss=-0.0006  reward_loss=2.6922  total_loss=0.0009  value_loss=2.6922
  update 194500/500000: consistency_loss=0.0000  pi_loss=-0.0006  reward_loss=2.6922  total_loss=0.0009  value_loss=2.6922
  update 195000/500000: consistency_loss=0.0000  pi_loss=-0.0006  reward_loss=2.6922  total_loss=0.0010  value_loss=2.6922
  update 195500/500000: consistency_loss=0.0001  pi_loss=-0.0006  reward_loss=2.6922  total_loss=0.0010  value_loss=2.6922
  update 196000/500000: consistency_loss=0.0001  pi_loss=-0.0006  reward_loss=2.6922  total_loss=0.0012  value_loss=2.6922
  update 196500/500000: consistency_loss=0.0000  pi_loss=-0.0006  reward_loss=2.6922  total_loss=0.0009  value_loss=2.6922
  update 197000/500000: consistency_loss=0.0001  pi_loss=-0.0006  reward_loss=2.6922  total_loss=0.0012  value_loss=2.6922
  update 197500/500000: consistency_loss=0.0001  pi_loss=-0.0006  reward_loss=2.6922  total_loss=0.0014  value_loss=2.6922
  update 198000/500000: consistency_loss=0.0000  pi_loss=-0.0007  reward_loss=2.6922  total_loss=0.0008  value_loss=2.6922
  update 198500/500000: consistency_loss=0.0001  pi_loss=-0.0006  reward_loss=2.6922  total_loss=0.0011  value_loss=2.6922
  update 199000/500000: consistency_loss=0.0000  pi_loss=-0.0006  reward_loss=2.6922  total_loss=0.0009  value_loss=2.6922
  update 199500/500000: consistency_loss=0.0000  pi_loss=-0.0006  reward_loss=2.6922  total_loss=0.0008  value_loss=2.6922
  update 200000/500000: consistency_loss=0.0001  pi_loss=-0.0006  reward_loss=2.6922  total_loss=0.0010  value_loss=2.6922
Saved checkpoint at update 200000
  update 200500/500000: consistency_loss=0.0001  pi_loss=-0.0006  reward_loss=2.6922  total_loss=0.0011  value_loss=2.6922
  update 201000/500000: consistency_loss=0.0001  pi_loss=-0.0006  reward_loss=2.6922  total_loss=0.0013  value_loss=2.6922
  update 201500/500000: consistency_loss=0.0001  pi_loss=-0.0006  reward_loss=2.6922  total_loss=0.0011  value_loss=2.6922
  update 202000/500000: consistency_loss=0.0000  pi_loss=-0.0006  reward_loss=2.6922  total_loss=0.0010  value_loss=2.6922
  update 202500/500000: consistency_loss=0.0001  pi_loss=-0.0006  reward_loss=2.6922  total_loss=0.0011  value_loss=2.6922
  update 203000/500000: consistency_loss=0.0000  pi_loss=-0.0006  reward_loss=2.6922  total_loss=0.0009  value_loss=2.6922
  update 203500/500000: consistency_loss=0.0001  pi_loss=-0.0006  reward_loss=2.6922  total_loss=0.0011  value_loss=2.6922
  update 204000/500000: consistency_loss=0.0001  pi_loss=-0.0006  reward_loss=2.6922  total_loss=0.0011  value_loss=2.6922
  update 204500/500000: consistency_loss=0.0001  pi_loss=-0.0006  reward_loss=2.6922  total_loss=0.0010  value_loss=2.6922
  update 205000/500000: consistency_loss=0.0000  pi_loss=-0.0006  reward_loss=2.6922  total_loss=0.0010  value_loss=2.6922
  update 205500/500000: consistency_loss=0.0001  pi_loss=-0.0006  reward_loss=2.6922  total_loss=0.0011  value_loss=2.6922
  update 206000/500000: consistency_loss=0.0000  pi_loss=-0.0006  reward_loss=2.6922  total_loss=0.0009  value_loss=2.6922
  update 206500/500000: consistency_loss=0.0001  pi_loss=-0.0006  reward_loss=2.6922  total_loss=0.0010  value_loss=2.6922
  update 207000/500000: consistency_loss=0.0000  pi_loss=-0.0006  reward_loss=2.6922  total_loss=0.0010  value_loss=2.6922
  update 207500/500000: consistency_loss=0.0000  pi_loss=-0.0006  reward_loss=2.6922  total_loss=0.0010  value_loss=2.6922
  update 208000/500000: consistency_loss=0.0000  pi_loss=-0.0006  reward_loss=2.6922  total_loss=0.0008  value_loss=2.6922
  update 208500/500000: consistency_loss=0.0001  pi_loss=-0.0006  reward_loss=2.6922  total_loss=0.0015  value_loss=2.6922
  update 209000/500000: consistency_loss=0.0001  pi_loss=-0.0006  reward_loss=2.6922  total_loss=0.0010  value_loss=2.6922
  update 209500/500000: consistency_loss=0.0001  pi_loss=-0.0006  reward_loss=2.6922  total_loss=0.0013  value_loss=2.6922
  update 210000/500000: consistency_loss=0.0001  pi_loss=-0.0006  reward_loss=2.6922  total_loss=0.0012  value_loss=2.6922
  update 210500/500000: consistency_loss=0.0000  pi_loss=-0.0006  reward_loss=2.6922  total_loss=0.0009  value_loss=2.6922
  update 211000/500000: consistency_loss=0.0001  pi_loss=-0.0006  reward_loss=2.6922  total_loss=0.0010  value_loss=2.6922
  update 211500/500000: consistency_loss=0.0000  pi_loss=-0.0006  reward_loss=2.6922  total_loss=0.0009  value_loss=2.6922
  update 212000/500000: consistency_loss=0.0000  pi_loss=-0.0006  reward_loss=2.6922  total_loss=0.0008  value_loss=2.6922
  update 212500/500000: consistency_loss=0.0001  pi_loss=-0.0006  reward_loss=2.6922  total_loss=0.0010  value_loss=2.6922
  update 213000/500000: consistency_loss=0.0001  pi_loss=-0.0006  reward_loss=2.6922  total_loss=0.0010  value_loss=2.6922
  update 213500/500000: consistency_loss=0.0001  pi_loss=-0.0006  reward_loss=2.6922  total_loss=0.0011  value_loss=2.6922
  update 214000/500000: consistency_loss=0.0001  pi_loss=-0.0006  reward_loss=2.6922  total_loss=0.0011  value_loss=2.6922
  update 214500/500000: consistency_loss=0.0000  pi_loss=-0.0006  reward_loss=2.6922  total_loss=0.0009  value_loss=2.6922
  update 215000/500000: consistency_loss=0.0000  pi_loss=-0.0006  reward_loss=2.6922  total_loss=0.0008  value_loss=2.6922
  update 215500/500000: consistency_loss=0.0001  pi_loss=-0.0006  reward_loss=2.6922  total_loss=0.0011  value_loss=2.6922
  update 216000/500000: consistency_loss=0.0000  pi_loss=-0.0006  reward_loss=2.6922  total_loss=0.0009  value_loss=2.6922
  update 216500/500000: consistency_loss=0.0000  pi_loss=-0.0006  reward_loss=2.6922  total_loss=0.0009  value_loss=2.6922
  update 217000/500000: consistency_loss=0.0001  pi_loss=-0.0006  reward_loss=2.6922  total_loss=0.0010  value_loss=2.6922
  update 217500/500000: consistency_loss=0.0001  pi_loss=-0.0006  reward_loss=2.6922  total_loss=0.0012  value_loss=2.6922
  update 218000/500000: consistency_loss=0.0000  pi_loss=-0.0006  reward_loss=2.6922  total_loss=0.0009  value_loss=2.6922
  update 218500/500000: consistency_loss=0.0000  pi_loss=-0.0006  reward_loss=2.6922  total_loss=0.0010  value_loss=2.6922
  update 219000/500000: consistency_loss=0.0001  pi_loss=-0.0006  reward_loss=2.6922  total_loss=0.0011  value_loss=2.6922
  update 219500/500000: consistency_loss=0.0000  pi_loss=-0.0006  reward_loss=2.6922  total_loss=0.0009  value_loss=2.6922
  update 220000/500000: consistency_loss=0.0001  pi_loss=-0.0006  reward_loss=2.6922  total_loss=0.0012  value_loss=2.6922
  update 220500/500000: consistency_loss=0.0001  pi_loss=-0.0006  reward_loss=2.6922  total_loss=0.0010  value_loss=2.6922
  update 221000/500000: consistency_loss=0.0000  pi_loss=-0.0006  reward_loss=2.6922  total_loss=0.0008  value_loss=2.6922
  update 221500/500000: consistency_loss=0.0001  pi_loss=-0.0006  reward_loss=2.6922  total_loss=0.0011  value_loss=2.6922
  update 222000/500000: consistency_loss=0.0000  pi_loss=-0.0006  reward_loss=2.6922  total_loss=0.0007  value_loss=2.6922
  update 222500/500000: consistency_loss=0.0000  pi_loss=-0.0006  reward_loss=2.6922  total_loss=0.0007  value_loss=2.6922
  update 223000/500000: consistency_loss=0.0001  pi_loss=-0.0006  reward_loss=2.6922  total_loss=0.0011  value_loss=2.6922
  update 223500/500000: consistency_loss=0.0000  pi_loss=-0.0006  reward_loss=2.6922  total_loss=0.0009  value_loss=2.6922
  update 224000/500000: consistency_loss=0.0001  pi_loss=-0.0006  reward_loss=2.6922  total_loss=0.0010  value_loss=2.6922
  update 224500/500000: consistency_loss=0.0001  pi_loss=-0.0006  reward_loss=2.6922  total_loss=0.0011  value_loss=2.6922
  update 225000/500000: consistency_loss=0.0000  pi_loss=-0.0006  reward_loss=2.6922  total_loss=0.0007  value_loss=2.6922
  update 225500/500000: consistency_loss=0.0000  pi_loss=-0.0006  reward_loss=2.6922  total_loss=0.0008  value_loss=2.6922
  update 226000/500000: consistency_loss=0.0000  pi_loss=-0.0006  reward_loss=2.6922  total_loss=0.0009  value_loss=2.6922
  update 226500/500000: consistency_loss=0.0000  pi_loss=-0.0006  reward_loss=2.6922  total_loss=0.0008  value_loss=2.6922
  update 227000/500000: consistency_loss=0.0000  pi_loss=-0.0006  reward_loss=2.6922  total_loss=0.0008  value_loss=2.6922
  update 227500/500000: consistency_loss=0.0000  pi_loss=-0.0006  reward_loss=2.6922  total_loss=0.0009  value_loss=2.6922
  update 228000/500000: consistency_loss=0.0001  pi_loss=-0.0006  reward_loss=2.6922  total_loss=0.0010  value_loss=2.6922
  update 228500/500000: consistency_loss=0.0000  pi_loss=-0.0006  reward_loss=2.6922  total_loss=0.0010  value_loss=2.6922
  update 229000/500000: consistency_loss=0.0000  pi_loss=-0.0006  reward_loss=2.6922  total_loss=0.0009  value_loss=2.6922
  update 229500/500000: consistency_loss=0.0000  pi_loss=-0.0006  reward_loss=2.6922  total_loss=0.0010  value_loss=2.6922
  update 230000/500000: consistency_loss=0.0001  pi_loss=-0.0006  reward_loss=2.6922  total_loss=0.0011  value_loss=2.6922
  update 230500/500000: consistency_loss=0.0001  pi_loss=-0.0006  reward_loss=2.6922  total_loss=0.0011  value_loss=2.6922
  update 231000/500000: consistency_loss=0.0000  pi_loss=-0.0006  reward_loss=2.6922  total_loss=0.0010  value_loss=2.6922
  update 231500/500000: consistency_loss=0.0001  pi_loss=-0.0006  reward_loss=2.6922  total_loss=0.0010  value_loss=2.6922
  update 232000/500000: consistency_loss=0.0001  pi_loss=-0.0006  reward_loss=2.6922  total_loss=0.0011  value_loss=2.6922
  update 232500/500000: consistency_loss=0.0000  pi_loss=-0.0006  reward_loss=2.6922  total_loss=0.0008  value_loss=2.6922
  update 233000/500000: consistency_loss=0.0000  pi_loss=-0.0006  reward_loss=2.6922  total_loss=0.0009  value_loss=2.6922
  update 233500/500000: consistency_loss=0.0001  pi_loss=-0.0006  reward_loss=2.6922  total_loss=0.0012  value_loss=2.6922
  update 234000/500000: consistency_loss=0.0001  pi_loss=-0.0006  reward_loss=2.6922  total_loss=0.0010  value_loss=2.6922
  update 234500/500000: consistency_loss=0.0000  pi_loss=-0.0006  reward_loss=2.6922  total_loss=0.0010  value_loss=2.6922
  update 235000/500000: consistency_loss=0.0000  pi_loss=-0.0006  reward_loss=2.6922  total_loss=0.0010  value_loss=2.6922
  update 235500/500000: consistency_loss=0.0000  pi_loss=-0.0006  reward_loss=2.6922  total_loss=0.0009  value_loss=2.6922
  update 236000/500000: consistency_loss=0.0000  pi_loss=-0.0006  reward_loss=2.6922  total_loss=0.0009  value_loss=2.6922
  update 236500/500000: consistency_loss=0.0000  pi_loss=-0.0006  reward_loss=2.6922  total_loss=0.0009  value_loss=2.6922
  update 237000/500000: consistency_loss=0.0001  pi_loss=-0.0006  reward_loss=2.6922  total_loss=0.0012  value_loss=2.6922
  update 237500/500000: consistency_loss=0.0000  pi_loss=-0.0006  reward_loss=2.6922  total_loss=0.0009  value_loss=2.6922
  update 238000/500000: consistency_loss=0.0001  pi_loss=-0.0006  reward_loss=2.6922  total_loss=0.0010  value_loss=2.6922
  update 238500/500000: consistency_loss=0.0000  pi_loss=-0.0006  reward_loss=2.6922  total_loss=0.0010  value_loss=2.6922
  update 239000/500000: consistency_loss=0.0000  pi_loss=-0.0006  reward_loss=2.6922  total_loss=0.0007  value_loss=2.6922
  update 239500/500000: consistency_loss=0.0000  pi_loss=-0.0006  reward_loss=2.6922  total_loss=0.0008  value_loss=2.6922
  update 240000/500000: consistency_loss=0.0001  pi_loss=-0.0006  reward_loss=2.6922  total_loss=0.0011  value_loss=2.6922
  update 240500/500000: consistency_loss=0.0000  pi_loss=-0.0006  reward_loss=2.6922  total_loss=0.0008  value_loss=2.6922
  update 241000/500000: consistency_loss=0.0001  pi_loss=-0.0006  reward_loss=2.6922  total_loss=0.0010  value_loss=2.6922
  update 241500/500000: consistency_loss=0.0000  pi_loss=-0.0006  reward_loss=2.6922  total_loss=0.0009  value_loss=2.6922
  update 242000/500000: consistency_loss=0.0000  pi_loss=-0.0006  reward_loss=2.6922  total_loss=0.0008  value_loss=2.6922
  update 242500/500000: consistency_loss=0.0001  pi_loss=-0.0006  reward_loss=2.6922  total_loss=0.0010  value_loss=2.6922
  update 243000/500000: consistency_loss=0.0000  pi_loss=-0.0006  reward_loss=2.6922  total_loss=0.0007  value_loss=2.6922
  update 243500/500000: consistency_loss=0.0000  pi_loss=-0.0006  reward_loss=2.6922  total_loss=0.0009  value_loss=2.6922
  update 244000/500000: consistency_loss=0.0000  pi_loss=-0.0006  reward_loss=2.6922  total_loss=0.0010  value_loss=2.6922
  update 244500/500000: consistency_loss=0.0000  pi_loss=-0.0006  reward_loss=2.6922  total_loss=0.0010  value_loss=2.6922
  update 245000/500000: consistency_loss=0.0000  pi_loss=-0.0006  reward_loss=2.6922  total_loss=0.0008  value_loss=2.6922
  update 245500/500000: consistency_loss=0.0001  pi_loss=-0.0006  reward_loss=2.6922  total_loss=0.0017  value_loss=2.6922
  update 246000/500000: consistency_loss=0.0000  pi_loss=-0.0006  reward_loss=2.6922  total_loss=0.0008  value_loss=2.6922
  update 246500/500000: consistency_loss=0.0000  pi_loss=-0.0006  reward_loss=2.6922  total_loss=0.0010  value_loss=2.6922
  update 247000/500000: consistency_loss=0.0000  pi_loss=-0.0006  reward_loss=2.6922  total_loss=0.0010  value_loss=2.6922
  update 247500/500000: consistency_loss=0.0000  pi_loss=-0.0006  reward_loss=2.6922  total_loss=0.0007  value_loss=2.6922
  update 248000/500000: consistency_loss=0.0000  pi_loss=-0.0006  reward_loss=2.6922  total_loss=0.0010  value_loss=2.6922
  update 248500/500000: consistency_loss=0.0000  pi_loss=-0.0006  reward_loss=2.6922  total_loss=0.0008  value_loss=2.6922
  update 249000/500000: consistency_loss=0.0001  pi_loss=-0.0006  reward_loss=2.6922  total_loss=0.0012  value_loss=2.6922
  update 249500/500000: consistency_loss=0.0001  pi_loss=-0.0006  reward_loss=2.6922  total_loss=0.0013  value_loss=2.6922
  update 250000/500000: consistency_loss=0.0000  pi_loss=-0.0006  reward_loss=2.6922  total_loss=0.0008  value_loss=2.6922
  update 250500/500000: consistency_loss=0.0001  pi_loss=-0.0006  reward_loss=2.6922  total_loss=0.0011  value_loss=2.6922
  update 251000/500000: consistency_loss=0.0001  pi_loss=-0.0006  reward_loss=2.6922  total_loss=0.0012  value_loss=2.6922
  update 251500/500000: consistency_loss=0.0001  pi_loss=-0.0006  reward_loss=2.6922  total_loss=0.0010  value_loss=2.6922
  update 252000/500000: consistency_loss=0.0000  pi_loss=-0.0006  reward_loss=2.6922  total_loss=0.0009  value_loss=2.6922
  update 252500/500000: consistency_loss=0.0000  pi_loss=-0.0006  reward_loss=2.6922  total_loss=0.0010  value_loss=2.6922
  update 253000/500000: consistency_loss=0.0000  pi_loss=-0.0006  reward_loss=2.6922  total_loss=0.0009  value_loss=2.6922
  update 253500/500000: consistency_loss=0.0001  pi_loss=-0.0006  reward_loss=2.6922  total_loss=0.0011  value_loss=2.6922
  update 254000/500000: consistency_loss=0.0001  pi_loss=-0.0006  reward_loss=2.6922  total_loss=0.0010  value_loss=2.6922
  update 254500/500000: consistency_loss=0.0000  pi_loss=-0.0006  reward_loss=2.6922  total_loss=0.0008  value_loss=2.6922
  update 255000/500000: consistency_loss=0.0001  pi_loss=-0.0006  reward_loss=2.6922  total_loss=0.0011  value_loss=2.6922
  update 255500/500000: consistency_loss=0.0000  pi_loss=-0.0006  reward_loss=2.6922  total_loss=0.0008  value_loss=2.6922
  update 256000/500000: consistency_loss=0.0000  pi_loss=-0.0006  reward_loss=2.6922  total_loss=0.0010  value_loss=2.6922
  update 256500/500000: consistency_loss=0.0001  pi_loss=-0.0006  reward_loss=2.6922  total_loss=0.0011  value_loss=2.6922
  update 257000/500000: consistency_loss=0.0000  pi_loss=-0.0006  reward_loss=2.6922  total_loss=0.0008  value_loss=2.6922
  update 257500/500000: consistency_loss=0.0000  pi_loss=-0.0006  reward_loss=2.6922  total_loss=0.0010  value_loss=2.6922
  update 258000/500000: consistency_loss=0.0000  pi_loss=-0.0006  reward_loss=2.6922  total_loss=0.0009  value_loss=2.6922
  update 258500/500000: consistency_loss=0.0000  pi_loss=-0.0006  reward_loss=2.6922  total_loss=0.0010  value_loss=2.6922
  update 259000/500000: consistency_loss=0.0000  pi_loss=-0.0006  reward_loss=2.6922  total_loss=0.0007  value_loss=2.6922
  update 259500/500000: consistency_loss=0.0001  pi_loss=-0.0006  reward_loss=2.6922  total_loss=0.0011  value_loss=2.6922
  update 260000/500000: consistency_loss=0.0000  pi_loss=-0.0006  reward_loss=2.6922  total_loss=0.0008  value_loss=2.6922
  update 260500/500000: consistency_loss=0.0001  pi_loss=-0.0006  reward_loss=2.6922  total_loss=0.0011  value_loss=2.6922
  update 261000/500000: consistency_loss=0.0000  pi_loss=-0.0006  reward_loss=2.6922  total_loss=0.0009  value_loss=2.6922
  update 261500/500000: consistency_loss=0.0001  pi_loss=-0.0006  reward_loss=2.6922  total_loss=0.0010  value_loss=2.6922
  update 262000/500000: consistency_loss=0.0000  pi_loss=-0.0006  reward_loss=2.6922  total_loss=0.0009  value_loss=2.6922
  update 262500/500000: consistency_loss=0.0000  pi_loss=-0.0006  reward_loss=2.6922  total_loss=0.0009  value_loss=2.6922
  update 263000/500000: consistency_loss=0.0001  pi_loss=-0.0006  reward_loss=2.6922  total_loss=0.0015  value_loss=2.6922
  update 263500/500000: consistency_loss=0.0000  pi_loss=-0.0006  reward_loss=2.6922  total_loss=0.0009  value_loss=2.6922
  update 264000/500000: consistency_loss=0.0001  pi_loss=-0.0006  reward_loss=2.6922  total_loss=0.0010  value_loss=2.6922
  update 264500/500000: consistency_loss=0.0000  pi_loss=-0.0006  reward_loss=2.6922  total_loss=0.0009  value_loss=2.6922
  update 265000/500000: consistency_loss=0.0000  pi_loss=-0.0006  reward_loss=2.6922  total_loss=0.0009  value_loss=2.6922
  update 265500/500000: consistency_loss=0.0000  pi_loss=-0.0006  reward_loss=2.6922  total_loss=0.0010  value_loss=2.6922
  update 266000/500000: consistency_loss=0.0000  pi_loss=-0.0006  reward_loss=2.6922  total_loss=0.0006  value_loss=2.6922
  update 266500/500000: consistency_loss=0.0001  pi_loss=-0.0006  reward_loss=2.6922  total_loss=0.0011  value_loss=2.6922
  update 267000/500000: consistency_loss=0.0000  pi_loss=-0.0006  reward_loss=2.6922  total_loss=0.0009  value_loss=2.6922
  update 267500/500000: consistency_loss=0.0000  pi_loss=-0.0006  reward_loss=2.6922  total_loss=0.0010  value_loss=2.6922
  update 268000/500000: consistency_loss=0.0000  pi_loss=-0.0006  reward_loss=2.6922  total_loss=0.0010  value_loss=2.6922
  update 268500/500000: consistency_loss=0.0001  pi_loss=-0.0006  reward_loss=2.6922  total_loss=0.0010  value_loss=2.6922
  update 269000/500000: consistency_loss=0.0000  pi_loss=-0.0006  reward_loss=2.6922  total_loss=0.0009  value_loss=2.6922
  update 269500/500000: consistency_loss=0.0000  pi_loss=-0.0006  reward_loss=2.6922  total_loss=0.0009  value_loss=2.6922
  update 270000/500000: consistency_loss=0.0000  pi_loss=-0.0006  reward_loss=2.6922  total_loss=0.0010  value_loss=2.6922
  update 270500/500000: consistency_loss=0.0001  pi_loss=-0.0006  reward_loss=2.6922  total_loss=0.0011  value_loss=2.6922
  update 271000/500000: consistency_loss=0.0001  pi_loss=-0.0006  reward_loss=2.6922  total_loss=0.0010  value_loss=2.6922
  update 271500/500000: consistency_loss=0.0001  pi_loss=-0.0006  reward_loss=2.6922  total_loss=0.0011  value_loss=2.6922
  update 272000/500000: consistency_loss=0.0001  pi_loss=-0.0006  reward_loss=2.6922  total_loss=0.0010  value_loss=2.6922
  update 272500/500000: consistency_loss=0.0001  pi_loss=-0.0006  reward_loss=2.6922  total_loss=0.0011  value_loss=2.6922
  update 273000/500000: consistency_loss=0.0000  pi_loss=-0.0006  reward_loss=2.6922  total_loss=0.0009  value_loss=2.6922
  update 273500/500000: consistency_loss=0.0000  pi_loss=-0.0006  reward_loss=2.6922  total_loss=0.0009  value_loss=2.6922
  update 274000/500000: consistency_loss=0.0001  pi_loss=-0.0006  reward_loss=2.6922  total_loss=0.0011  value_loss=2.6922
  update 274500/500000: consistency_loss=0.0000  pi_loss=-0.0006  reward_loss=2.6922  total_loss=0.0008  value_loss=2.6922
  update 275000/500000: consistency_loss=0.0000  pi_loss=-0.0006  reward_loss=2.6922  total_loss=0.0009  value_loss=2.6922
  update 275500/500000: consistency_loss=0.0000  pi_loss=-0.0006  reward_loss=2.6922  total_loss=0.0008  value_loss=2.6922
  update 276000/500000: consistency_loss=0.0001  pi_loss=-0.0006  reward_loss=2.6922  total_loss=0.0011  value_loss=2.6922
  update 276500/500000: consistency_loss=0.0000  pi_loss=-0.0006  reward_loss=2.6922  total_loss=0.0009  value_loss=2.6922
  update 277000/500000: consistency_loss=0.0000  pi_loss=-0.0006  reward_loss=2.6922  total_loss=0.0010  value_loss=2.6922
  update 277500/500000: consistency_loss=0.0000  pi_loss=-0.0006  reward_loss=2.6922  total_loss=0.0009  value_loss=2.6922
  update 278000/500000: consistency_loss=0.0000  pi_loss=-0.0006  reward_loss=2.6922  total_loss=0.0010  value_loss=2.6922
  update 278500/500000: consistency_loss=0.0001  pi_loss=-0.0006  reward_loss=2.6922  total_loss=0.0011  value_loss=2.6922
  update 279000/500000: consistency_loss=0.0000  pi_loss=-0.0006  reward_loss=2.6922  total_loss=0.0009  value_loss=2.6922
  update 279500/500000: consistency_loss=0.0000  pi_loss=-0.0006  reward_loss=2.6922  total_loss=0.0009  value_loss=2.6922
  update 280000/500000: consistency_loss=0.0000  pi_loss=-0.0006  reward_loss=2.6922  total_loss=0.0010  value_loss=2.6922
  update 280500/500000: consistency_loss=0.0000  pi_loss=-0.0006  reward_loss=2.6922  total_loss=0.0010  value_loss=2.6922
  update 281000/500000: consistency_loss=0.0000  pi_loss=-0.0006  reward_loss=2.6922  total_loss=0.0008  value_loss=2.6922
  update 281500/500000: consistency_loss=0.0001  pi_loss=-0.0006  reward_loss=2.6922  total_loss=0.0011  value_loss=2.6922
  update 282000/500000: consistency_loss=0.0000  pi_loss=-0.0006  reward_loss=2.6922  total_loss=0.0010  value_loss=2.6922
  update 282500/500000: consistency_loss=0.0000  pi_loss=-0.0006  reward_loss=2.6922  total_loss=0.0008  value_loss=2.6922
  update 283000/500000: consistency_loss=0.0000  pi_loss=-0.0006  reward_loss=2.6922  total_loss=0.0006  value_loss=2.6922
  update 283500/500000: consistency_loss=0.0001  pi_loss=-0.0006  reward_loss=2.6922  total_loss=0.0010  value_loss=2.6922
  update 284000/500000: consistency_loss=0.0000  pi_loss=-0.0006  reward_loss=2.6922  total_loss=0.0010  value_loss=2.6922
  update 284500/500000: consistency_loss=0.0000  pi_loss=-0.0006  reward_loss=2.6922  total_loss=0.0009  value_loss=2.6922
  update 285000/500000: consistency_loss=0.0000  pi_loss=-0.0006  reward_loss=2.6922  total_loss=0.0009  value_loss=2.6922
  update 285500/500000: consistency_loss=0.0000  pi_loss=-0.0006  reward_loss=2.6922  total_loss=0.0009  value_loss=2.6922
  update 286000/500000: consistency_loss=0.0001  pi_loss=-0.0006  reward_loss=2.6922  total_loss=0.0011  value_loss=2.6922
  update 286500/500000: consistency_loss=0.0001  pi_loss=-0.0006  reward_loss=2.6922  total_loss=0.0012  value_loss=2.6922
  update 287000/500000: consistency_loss=0.0001  pi_loss=-0.0006  reward_loss=2.6922  total_loss=0.0013  value_loss=2.6922
  update 287500/500000: consistency_loss=0.0000  pi_loss=-0.0006  reward_loss=2.6922  total_loss=0.0009  value_loss=2.6922
  update 288000/500000: consistency_loss=0.0001  pi_loss=-0.0006  reward_loss=2.6922  total_loss=0.0017  value_loss=2.6922
  update 288500/500000: consistency_loss=0.0000  pi_loss=-0.0006  reward_loss=2.6922  total_loss=0.0009  value_loss=2.6922
  update 289000/500000: consistency_loss=0.0000  pi_loss=-0.0006  reward_loss=2.6922  total_loss=0.0010  value_loss=2.6922
  update 289500/500000: consistency_loss=0.0001  pi_loss=-0.0006  reward_loss=2.6922  total_loss=0.0010  value_loss=2.6922
  update 290000/500000: consistency_loss=0.0001  pi_loss=-0.0006  reward_loss=2.6922  total_loss=0.0012  value_loss=2.6922
  update 290500/500000: consistency_loss=0.0000  pi_loss=-0.0006  reward_loss=2.6922  total_loss=0.0010  value_loss=2.6922
  update 291000/500000: consistency_loss=0.0000  pi_loss=-0.0006  reward_loss=2.6922  total_loss=0.0009  value_loss=2.6922
  update 291500/500000: consistency_loss=0.0001  pi_loss=-0.0006  reward_loss=2.6922  total_loss=0.0011  value_loss=2.6922
  update 292000/500000: consistency_loss=0.0000  pi_loss=-0.0006  reward_loss=2.6922  total_loss=0.0009  value_loss=2.6922
  update 292500/500000: consistency_loss=0.0000  pi_loss=-0.0006  reward_loss=2.6922  total_loss=0.0010  value_loss=2.6922
  update 293000/500000: consistency_loss=0.0000  pi_loss=-0.0006  reward_loss=2.6922  total_loss=0.0008  value_loss=2.6922
  update 293500/500000: consistency_loss=0.0000  pi_loss=-0.0006  reward_loss=2.6922  total_loss=0.0009  value_loss=2.6922
  update 294000/500000: consistency_loss=0.0000  pi_loss=-0.0006  reward_loss=2.6922  total_loss=0.0007  value_loss=2.6922
  update 294500/500000: consistency_loss=0.0001  pi_loss=-0.0006  reward_loss=2.6922  total_loss=0.0010  value_loss=2.6922
  update 295000/500000: consistency_loss=0.0001  pi_loss=-0.0006  reward_loss=2.6922  total_loss=0.0012  value_loss=2.6922
  update 295500/500000: consistency_loss=0.0000  pi_loss=-0.0006  reward_loss=2.6922  total_loss=0.0009  value_loss=2.6922
  update 296000/500000: consistency_loss=0.0000  pi_loss=-0.0006  reward_loss=2.6922  total_loss=0.0010  value_loss=2.6922
  update 296500/500000: consistency_loss=0.0000  pi_loss=-0.0006  reward_loss=2.6922  total_loss=0.0009  value_loss=2.6922
  update 297000/500000: consistency_loss=0.0001  pi_loss=-0.0006  reward_loss=2.6922  total_loss=0.0017  value_loss=2.6922
  update 297500/500000: consistency_loss=0.0000  pi_loss=-0.0006  reward_loss=2.6922  total_loss=0.0007  value_loss=2.6922
  update 298000/500000: consistency_loss=0.0001  pi_loss=-0.0006  reward_loss=2.6922  total_loss=0.0012  value_loss=2.6922
  update 298500/500000: consistency_loss=0.0001  pi_loss=-0.0006  reward_loss=2.6922  total_loss=0.0011  value_loss=2.6922
  update 299000/500000: consistency_loss=0.0001  pi_loss=-0.0006  reward_loss=2.6922  total_loss=0.0012  value_loss=2.6922
  update 299500/500000: consistency_loss=0.0001  pi_loss=-0.0006  reward_loss=2.6922  total_loss=0.0011  value_loss=2.6922
  update 300000/500000: consistency_loss=0.0000  pi_loss=-0.0006  reward_loss=2.6922  total_loss=0.0009  value_loss=2.6922
Saved checkpoint at update 300000
  update 300500/500000: consistency_loss=0.0000  pi_loss=-0.0006  reward_loss=2.6922  total_loss=0.0009  value_loss=2.6922
  update 301000/500000: consistency_loss=0.0001  pi_loss=-0.0006  reward_loss=2.6922  total_loss=0.0011  value_loss=2.6922
  update 301500/500000: consistency_loss=0.0001  pi_loss=-0.0006  reward_loss=2.6922  total_loss=0.0011  value_loss=2.6922
  update 302000/500000: consistency_loss=0.0000  pi_loss=-0.0006  reward_loss=2.6922  total_loss=0.0010  value_loss=2.6922
  update 302500/500000: consistency_loss=0.0001  pi_loss=-0.0006  reward_loss=2.6922  total_loss=0.0010  value_loss=2.6922
  update 303000/500000: consistency_loss=0.0001  pi_loss=-0.0006  reward_loss=2.6922  total_loss=0.0013  value_loss=2.6922
  update 303500/500000: consistency_loss=0.0000  pi_loss=-0.0006  reward_loss=2.6922  total_loss=0.0009  value_loss=2.6922
  update 304000/500000: consistency_loss=0.0001  pi_loss=-0.0006  reward_loss=2.6922  total_loss=0.0011  value_loss=2.6922
  update 304500/500000: consistency_loss=0.0000  pi_loss=-0.0006  reward_loss=2.6922  total_loss=0.0010  value_loss=2.6922
  update 305000/500000: consistency_loss=0.0001  pi_loss=-0.0006  reward_loss=2.6922  total_loss=0.0011  value_loss=2.6922
  update 305500/500000: consistency_loss=0.0000  pi_loss=-0.0006  reward_loss=2.6922  total_loss=0.0009  value_loss=2.6922
  update 306000/500000: consistency_loss=0.0001  pi_loss=-0.0006  reward_loss=2.6922  total_loss=0.0012  value_loss=2.6922
  update 306500/500000: consistency_loss=0.0001  pi_loss=-0.0006  reward_loss=2.6922  total_loss=0.0010  value_loss=2.6922
  update 307000/500000: consistency_loss=0.0001  pi_loss=-0.0007  reward_loss=2.6922  total_loss=0.0010  value_loss=2.6922
  update 307500/500000: consistency_loss=0.0000  pi_loss=-0.0006  reward_loss=2.6922  total_loss=0.0008  value_loss=2.6922
  update 308000/500000: consistency_loss=0.0001  pi_loss=-0.0006  reward_loss=2.6922  total_loss=0.0011  value_loss=2.6922
  update 308500/500000: consistency_loss=0.0001  pi_loss=-0.0006  reward_loss=2.6922  total_loss=0.0012  value_loss=2.6922
  update 309000/500000: consistency_loss=0.0000  pi_loss=-0.0006  reward_loss=2.6922  total_loss=0.0008  value_loss=2.6922
  update 309500/500000: consistency_loss=0.0000  pi_loss=-0.0006  reward_loss=2.6922  total_loss=0.0007  value_loss=2.6922
  update 310000/500000: consistency_loss=0.0000  pi_loss=-0.0006  reward_loss=2.6922  total_loss=0.0008  value_loss=2.6922
  update 310500/500000: consistency_loss=0.0000  pi_loss=-0.0006  reward_loss=2.6922  total_loss=0.0009  value_loss=2.6922
  update 311000/500000: consistency_loss=0.0001  pi_loss=-0.0006  reward_loss=2.6922  total_loss=0.0011  value_loss=2.6922
  update 311500/500000: consistency_loss=0.0001  pi_loss=-0.0006  reward_loss=2.6922  total_loss=0.0011  value_loss=2.6922
  update 312000/500000: consistency_loss=0.0000  pi_loss=-0.0006  reward_loss=2.6922  total_loss=0.0008  value_loss=2.6922
  update 312500/500000: consistency_loss=0.0001  pi_loss=-0.0006  reward_loss=2.6922  total_loss=0.0012  value_loss=2.6922
  update 313000/500000: consistency_loss=0.0000  pi_loss=-0.0006  reward_loss=2.6922  total_loss=0.0010  value_loss=2.6922
  update 313500/500000: consistency_loss=0.0000  pi_loss=-0.0006  reward_loss=2.6922  total_loss=0.0009  value_loss=2.6922
  update 314000/500000: consistency_loss=0.0000  pi_loss=-0.0006  reward_loss=2.6922  total_loss=0.0010  value_loss=2.6922
  update 314500/500000: consistency_loss=0.0000  pi_loss=-0.0006  reward_loss=2.6922  total_loss=0.0009  value_loss=2.6922
  update 315000/500000: consistency_loss=0.0000  pi_loss=-0.0006  reward_loss=2.6922  total_loss=0.0009  value_loss=2.6922
  update 315500/500000: consistency_loss=0.0000  pi_loss=-0.0006  reward_loss=2.6922  total_loss=0.0010  value_loss=2.6922
  update 316000/500000: consistency_loss=0.0000  pi_loss=-0.0006  reward_loss=2.6922  total_loss=0.0009  value_loss=2.6922
  update 316500/500000: consistency_loss=0.0000  pi_loss=-0.0006  reward_loss=2.6922  total_loss=0.0007  value_loss=2.6922
  update 317000/500000: consistency_loss=0.0000  pi_loss=-0.0006  reward_loss=2.6922  total_loss=0.0010  value_loss=2.6922
  update 317500/500000: consistency_loss=0.0001  pi_loss=-0.0006  reward_loss=2.6922  total_loss=0.0013  value_loss=2.6922
  update 318000/500000: consistency_loss=0.0000  pi_loss=-0.0006  reward_loss=2.6922  total_loss=0.0010  value_loss=2.6922
  update 318500/500000: consistency_loss=0.0000  pi_loss=-0.0006  reward_loss=2.6922  total_loss=0.0008  value_loss=2.6922
  update 319000/500000: consistency_loss=0.0000  pi_loss=-0.0006  reward_loss=2.6922  total_loss=0.0010  value_loss=2.6922
  update 319500/500000: consistency_loss=0.0001  pi_loss=-0.0006  reward_loss=2.6922  total_loss=0.0010  value_loss=2.6922
  update 320000/500000: consistency_loss=0.0000  pi_loss=-0.0006  reward_loss=2.6922  total_loss=0.0010  value_loss=2.6922
  update 320500/500000: consistency_loss=0.0000  pi_loss=-0.0006  reward_loss=2.6922  total_loss=0.0008  value_loss=2.6922
  update 321000/500000: consistency_loss=0.0001  pi_loss=-0.0006  reward_loss=2.6922  total_loss=0.0011  value_loss=2.6922
  update 321500/500000: consistency_loss=0.0001  pi_loss=-0.0006  reward_loss=2.6922  total_loss=0.0011  value_loss=2.6922
  update 322000/500000: consistency_loss=0.0001  pi_loss=-0.0006  reward_loss=2.6922  total_loss=0.0011  value_loss=2.6922
  update 322500/500000: consistency_loss=0.0000  pi_loss=-0.0006  reward_loss=2.6922  total_loss=0.0009  value_loss=2.6922
  update 323000/500000: consistency_loss=0.0000  pi_loss=-0.0006  reward_loss=2.6922  total_loss=0.0010  value_loss=2.6922
  update 323500/500000: consistency_loss=0.0001  pi_loss=-0.0006  reward_loss=2.6922  total_loss=0.0010  value_loss=2.6922
  update 324000/500000: consistency_loss=0.0000  pi_loss=-0.0006  reward_loss=2.6922  total_loss=0.0009  value_loss=2.6922
  update 324500/500000: consistency_loss=0.0000  pi_loss=-0.0006  reward_loss=2.6922  total_loss=0.0009  value_loss=2.6922
  update 325000/500000: consistency_loss=0.0000  pi_loss=-0.0006  reward_loss=2.6922  total_loss=0.0009  value_loss=2.6922
  update 325500/500000: consistency_loss=0.0001  pi_loss=-0.0006  reward_loss=2.6922  total_loss=0.0011  value_loss=2.6922
  update 326000/500000: consistency_loss=0.0000  pi_loss=-0.0006  reward_loss=2.6922  total_loss=0.0010  value_loss=2.6922
  update 326500/500000: consistency_loss=0.0000  pi_loss=-0.0006  reward_loss=2.6922  total_loss=0.0009  value_loss=2.6922
  update 327000/500000: consistency_loss=0.0000  pi_loss=-0.0006  reward_loss=2.6922  total_loss=0.0008  value_loss=2.6922
  update 327500/500000: consistency_loss=0.0000  pi_loss=-0.0006  reward_loss=2.6922  total_loss=0.0009  value_loss=2.6922
  update 328000/500000: consistency_loss=0.0000  pi_loss=-0.0006  reward_loss=2.6922  total_loss=0.0009  value_loss=2.6922
  update 328500/500000: consistency_loss=0.0000  pi_loss=-0.0006  reward_loss=2.6922  total_loss=0.0010  value_loss=2.6922
  update 329000/500000: consistency_loss=0.0000  pi_loss=-0.0006  reward_loss=2.6922  total_loss=0.0009  value_loss=2.6922
  update 329500/500000: consistency_loss=0.0000  pi_loss=-0.0006  reward_loss=2.6922  total_loss=0.0009  value_loss=2.6922
  update 330000/500000: consistency_loss=0.0000  pi_loss=-0.0006  reward_loss=2.6922  total_loss=0.0010  value_loss=2.6922
  update 330500/500000: consistency_loss=0.0001  pi_loss=-0.0006  reward_loss=2.6922  total_loss=0.0010  value_loss=2.6922
  update 331000/500000: consistency_loss=0.0000  pi_loss=-0.0006  reward_loss=2.6922  total_loss=0.0009  value_loss=2.6922
  update 331500/500000: consistency_loss=0.0000  pi_loss=-0.0006  reward_loss=2.6922  total_loss=0.0009  value_loss=2.6922
  update 332000/500000: consistency_loss=0.0000  pi_loss=-0.0006  reward_loss=2.6922  total_loss=0.0008  value_loss=2.6922
  update 332500/500000: consistency_loss=0.0001  pi_loss=-0.0006  reward_loss=2.6922  total_loss=0.0012  value_loss=2.6922
  update 333000/500000: consistency_loss=0.0000  pi_loss=-0.0006  reward_loss=2.6922  total_loss=0.0008  value_loss=2.6922
  update 333500/500000: consistency_loss=0.0001  pi_loss=-0.0006  reward_loss=2.6922  total_loss=0.0011  value_loss=2.6922
  update 334000/500000: consistency_loss=0.0000  pi_loss=-0.0006  reward_loss=2.6922  total_loss=0.0009  value_loss=2.6922
  update 334500/500000: consistency_loss=0.0000  pi_loss=-0.0006  reward_loss=2.6922  total_loss=0.0009  value_loss=2.6922
  update 335000/500000: consistency_loss=0.0000  pi_loss=-0.0006  reward_loss=2.6922  total_loss=0.0008  value_loss=2.6922
  update 335500/500000: consistency_loss=0.0001  pi_loss=-0.0006  reward_loss=2.6922  total_loss=0.0011  value_loss=2.6922
  update 336000/500000: consistency_loss=0.0000  pi_loss=-0.0006  reward_loss=2.6922  total_loss=0.0009  value_loss=2.6922
  update 336500/500000: consistency_loss=0.0000  pi_loss=-0.0006  reward_loss=2.6922  total_loss=0.0009  value_loss=2.6922
  update 337000/500000: consistency_loss=0.0001  pi_loss=-0.0006  reward_loss=2.6922  total_loss=0.0011  value_loss=2.6922
  update 337500/500000: consistency_loss=0.0001  pi_loss=-0.0006  reward_loss=2.6922  total_loss=0.0012  value_loss=2.6922
  update 338000/500000: consistency_loss=0.0001  pi_loss=-0.0006  reward_loss=2.6922  total_loss=0.0011  value_loss=2.6922
  update 338500/500000: consistency_loss=0.0001  pi_loss=-0.0006  reward_loss=2.6922  total_loss=0.0013  value_loss=2.6922
  update 339000/500000: consistency_loss=0.0001  pi_loss=-0.0006  reward_loss=2.6922  total_loss=0.0011  value_loss=2.6922
  update 339500/500000: consistency_loss=0.0000  pi_loss=-0.0006  reward_loss=2.6922  total_loss=0.0009  value_loss=2.6922
  update 340000/500000: consistency_loss=0.0000  pi_loss=-0.0006  reward_loss=2.6922  total_loss=0.0008  value_loss=2.6922
  update 340500/500000: consistency_loss=0.0000  pi_loss=-0.0006  reward_loss=2.6922  total_loss=0.0008  value_loss=2.6922
  update 341000/500000: consistency_loss=0.0000  pi_loss=-0.0006  reward_loss=2.6922  total_loss=0.0009  value_loss=2.6922
  update 341500/500000: consistency_loss=0.0001  pi_loss=-0.0006  reward_loss=2.6922  total_loss=0.0011  value_loss=2.6922
  update 342000/500000: consistency_loss=0.0000  pi_loss=-0.0006  reward_loss=2.6922  total_loss=0.0010  value_loss=2.6922
  update 342500/500000: consistency_loss=0.0000  pi_loss=-0.0006  reward_loss=2.6922  total_loss=0.0008  value_loss=2.6922
  update 343000/500000: consistency_loss=0.0001  pi_loss=-0.0006  reward_loss=2.6922  total_loss=0.0012  value_loss=2.6922
  update 343500/500000: consistency_loss=0.0000  pi_loss=-0.0006  reward_loss=2.6922  total_loss=0.0009  value_loss=2.6922
  update 344000/500000: consistency_loss=0.0001  pi_loss=-0.0006  reward_loss=2.6922  total_loss=0.0010  value_loss=2.6922
  update 344500/500000: consistency_loss=0.0000  pi_loss=-0.0006  reward_loss=2.6922  total_loss=0.0008  value_loss=2.6922
  update 345000/500000: consistency_loss=0.0001  pi_loss=-0.0006  reward_loss=2.6922  total_loss=0.0011  value_loss=2.6922
  update 345500/500000: consistency_loss=0.0000  pi_loss=-0.0006  reward_loss=2.6922  total_loss=0.0009  value_loss=2.6922
  update 346000/500000: consistency_loss=0.0001  pi_loss=-0.0006  reward_loss=2.6922  total_loss=0.0011  value_loss=2.6922
  update 346500/500000: consistency_loss=0.0000  pi_loss=-0.0006  reward_loss=2.6922  total_loss=0.0010  value_loss=2.6922
  update 347000/500000: consistency_loss=0.0000  pi_loss=-0.0006  reward_loss=2.6922  total_loss=0.0009  value_loss=2.6922
  update 347500/500000: consistency_loss=0.0001  pi_loss=-0.0006  reward_loss=2.6922  total_loss=0.0011  value_loss=2.6922
  update 348000/500000: consistency_loss=0.0000  pi_loss=-0.0006  reward_loss=2.6922  total_loss=0.0009  value_loss=2.6922
  update 348500/500000: consistency_loss=0.0001  pi_loss=-0.0006  reward_loss=2.6922  total_loss=0.0012  value_loss=2.6922
  update 349000/500000: consistency_loss=0.0000  pi_loss=-0.0006  reward_loss=2.6922  total_loss=0.0010  value_loss=2.6922
  update 349500/500000: consistency_loss=0.0001  pi_loss=-0.0006  reward_loss=2.6922  total_loss=0.0011  value_loss=2.6922
  update 350000/500000: consistency_loss=0.0000  pi_loss=-0.0006  reward_loss=2.6922  total_loss=0.0008  value_loss=2.6922
  update 350500/500000: consistency_loss=0.0001  pi_loss=-0.0006  reward_loss=2.6922  total_loss=0.0011  value_loss=2.6922
  update 351000/500000: consistency_loss=0.0001  pi_loss=-0.0006  reward_loss=2.6922  total_loss=0.0011  value_loss=2.6922
  update 351500/500000: consistency_loss=0.0000  pi_loss=-0.0006  reward_loss=2.6922  total_loss=0.0009  value_loss=2.6922
  update 352000/500000: consistency_loss=0.0001  pi_loss=-0.0006  reward_loss=2.6922  total_loss=0.0012  value_loss=2.6922
  update 352500/500000: consistency_loss=0.0000  pi_loss=-0.0006  reward_loss=2.6922  total_loss=0.0008  value_loss=2.6922
  update 353000/500000: consistency_loss=0.0001  pi_loss=-0.0006  reward_loss=2.6922  total_loss=0.0011  value_loss=2.6922
  update 353500/500000: consistency_loss=0.0001  pi_loss=-0.0006  reward_loss=2.6922  total_loss=0.0011  value_loss=2.6922
  update 354000/500000: consistency_loss=0.0001  pi_loss=-0.0006  reward_loss=2.6922  total_loss=0.0014  value_loss=2.6922
  update 354500/500000: consistency_loss=0.0000  pi_loss=-0.0006  reward_loss=2.6922  total_loss=0.0009  value_loss=2.6922
  update 355000/500000: consistency_loss=0.0000  pi_loss=-0.0006  reward_loss=2.6922  total_loss=0.0010  value_loss=2.6922
  update 355500/500000: consistency_loss=0.0001  pi_loss=-0.0006  reward_loss=2.6922  total_loss=0.0010  value_loss=2.6922
  update 356000/500000: consistency_loss=0.0000  pi_loss=-0.0006  reward_loss=2.6922  total_loss=0.0009  value_loss=2.6922
  update 356500/500000: consistency_loss=0.0001  pi_loss=-0.0006  reward_loss=2.6922  total_loss=0.0011  value_loss=2.6922
  update 357000/500000: consistency_loss=0.0001  pi_loss=-0.0006  reward_loss=2.6922  total_loss=0.0010  value_loss=2.6922
  update 357500/500000: consistency_loss=0.0001  pi_loss=-0.0006  reward_loss=2.6922  total_loss=0.0010  value_loss=2.6922
  update 358000/500000: consistency_loss=0.0000  pi_loss=-0.0006  reward_loss=2.6922  total_loss=0.0008  value_loss=2.6922
  update 358500/500000: consistency_loss=0.0000  pi_loss=-0.0006  reward_loss=2.6922  total_loss=0.0009  value_loss=2.6922
  update 359000/500000: consistency_loss=0.0000  pi_loss=-0.0006  reward_loss=2.6922  total_loss=0.0007  value_loss=2.6922
  update 359500/500000: consistency_loss=0.0000  pi_loss=-0.0006  reward_loss=2.6922  total_loss=0.0008  value_loss=2.6922
  update 360000/500000: consistency_loss=0.0000  pi_loss=-0.0006  reward_loss=2.6922  total_loss=0.0010  value_loss=2.6922
  update 360500/500000: consistency_loss=0.0000  pi_loss=-0.0006  reward_loss=2.6922  total_loss=0.0008  value_loss=2.6922
  update 361000/500000: consistency_loss=0.0001  pi_loss=-0.0006  reward_loss=2.6922  total_loss=0.0011  value_loss=2.6922
  update 361500/500000: consistency_loss=0.0001  pi_loss=-0.0006  reward_loss=2.6922  total_loss=0.0010  value_loss=2.6922
  update 362000/500000: consistency_loss=0.0001  pi_loss=-0.0006  reward_loss=2.6922  total_loss=0.0011  value_loss=2.6922
  update 362500/500000: consistency_loss=0.0001  pi_loss=-0.0006  reward_loss=2.6922  total_loss=0.0010  value_loss=2.6922
  update 363000/500000: consistency_loss=0.0001  pi_loss=-0.0006  reward_loss=2.6922  total_loss=0.0011  value_loss=2.6922
  update 363500/500000: consistency_loss=0.0000  pi_loss=-0.0006  reward_loss=2.6922  total_loss=0.0009  value_loss=2.6922
  update 364000/500000: consistency_loss=0.0000  pi_loss=-0.0006  reward_loss=2.6922  total_loss=0.0009  value_loss=2.6922
  update 364500/500000: consistency_loss=0.0000  pi_loss=-0.0006  reward_loss=2.6922  total_loss=0.0009  value_loss=2.6922
  update 365000/500000: consistency_loss=0.0001  pi_loss=-0.0006  reward_loss=2.6922  total_loss=0.0012  value_loss=2.6922
  update 365500/500000: consistency_loss=0.0001  pi_loss=-0.0006  reward_loss=2.6922  total_loss=0.0010  value_loss=2.6922
  update 366000/500000: consistency_loss=0.0001  pi_loss=-0.0006  reward_loss=2.6922  total_loss=0.0011  value_loss=2.6922
  update 366500/500000: consistency_loss=0.0000  pi_loss=-0.0006  reward_loss=2.6922  total_loss=0.0009  value_loss=2.6922
  update 367000/500000: consistency_loss=0.0000  pi_loss=-0.0006  reward_loss=2.6922  total_loss=0.0009  value_loss=2.6922
  update 367500/500000: consistency_loss=0.0001  pi_loss=-0.0006  reward_loss=2.6922  total_loss=0.0010  value_loss=2.6922
  update 368000/500000: consistency_loss=0.0000  pi_loss=-0.0006  reward_loss=2.6922  total_loss=0.0008  value_loss=2.6922
  update 368500/500000: consistency_loss=0.0000  pi_loss=-0.0006  reward_loss=2.6922  total_loss=0.0008  value_loss=2.6922
  update 369000/500000: consistency_loss=0.0001  pi_loss=-0.0006  reward_loss=2.6922  total_loss=0.0010  value_loss=2.6922
  update 369500/500000: consistency_loss=0.0000  pi_loss=-0.0006  reward_loss=2.6922  total_loss=0.0010  value_loss=2.6922
  update 370000/500000: consistency_loss=0.0001  pi_loss=-0.0006  reward_loss=2.6922  total_loss=0.0011  value_loss=2.6922
  update 370500/500000: consistency_loss=0.0000  pi_loss=-0.0006  reward_loss=2.6922  total_loss=0.0010  value_loss=2.6922
  update 371000/500000: consistency_loss=0.0001  pi_loss=-0.0006  reward_loss=2.6922  total_loss=0.0010  value_loss=2.6922
  update 371500/500000: consistency_loss=0.0000  pi_loss=-0.0006  reward_loss=2.6922  total_loss=0.0009  value_loss=2.6922
  update 372000/500000: consistency_loss=0.0000  pi_loss=-0.0006  reward_loss=2.6922  total_loss=0.0010  value_loss=2.6922
  update 372500/500000: consistency_loss=0.0000  pi_loss=-0.0006  reward_loss=2.6922  total_loss=0.0010  value_loss=2.6922
  update 373000/500000: consistency_loss=0.0001  pi_loss=-0.0006  reward_loss=2.6922  total_loss=0.0012  value_loss=2.6922
  update 373500/500000: consistency_loss=0.0000  pi_loss=-0.0006  reward_loss=2.6922  total_loss=0.0008  value_loss=2.6922
  update 374000/500000: consistency_loss=0.0000  pi_loss=-0.0006  reward_loss=2.6922  total_loss=0.0009  value_loss=2.6922
  update 374500/500000: consistency_loss=0.0000  pi_loss=-0.0006  reward_loss=2.6922  total_loss=0.0010  value_loss=2.6922
  update 375000/500000: consistency_loss=0.0000  pi_loss=-0.0006  reward_loss=2.6922  total_loss=0.0008  value_loss=2.6922
  update 375500/500000: consistency_loss=0.0000  pi_loss=-0.0006  reward_loss=2.6922  total_loss=0.0009  value_loss=2.6922
  update 376000/500000: consistency_loss=0.0001  pi_loss=-0.0006  reward_loss=2.6922  total_loss=0.0010  value_loss=2.6922
  update 376500/500000: consistency_loss=0.0001  pi_loss=-0.0006  reward_loss=2.6922  total_loss=0.0010  value_loss=2.6922
  update 377000/500000: consistency_loss=0.0000  pi_loss=-0.0006  reward_loss=2.6922  total_loss=0.0010  value_loss=2.6922
  update 377500/500000: consistency_loss=0.0000  pi_loss=-0.0006  reward_loss=2.6922  total_loss=0.0010  value_loss=2.6922
  update 378000/500000: consistency_loss=0.0001  pi_loss=-0.0006  reward_loss=2.6922  total_loss=0.0013  value_loss=2.6922
  update 378500/500000: consistency_loss=0.0000  pi_loss=-0.0006  reward_loss=2.6922  total_loss=0.0009  value_loss=2.6922
  update 379000/500000: consistency_loss=0.0001  pi_loss=-0.0006  reward_loss=2.6922  total_loss=0.0011  value_loss=2.6922
  update 379500/500000: consistency_loss=0.0001  pi_loss=-0.0006  reward_loss=2.6922  total_loss=0.0011  value_loss=2.6922
  update 380000/500000: consistency_loss=0.0000  pi_loss=-0.0006  reward_loss=2.6922  total_loss=0.0010  value_loss=2.6922
  update 380500/500000: consistency_loss=0.0000  pi_loss=-0.0006  reward_loss=2.6922  total_loss=0.0008  value_loss=2.6922
  update 381000/500000: consistency_loss=0.0001  pi_loss=-0.0006  reward_loss=2.6922  total_loss=0.0012  value_loss=2.6922
  update 381500/500000: consistency_loss=0.0000  pi_loss=-0.0006  reward_loss=2.6922  total_loss=0.0009  value_loss=2.6922
  update 382000/500000: consistency_loss=0.0000  pi_loss=-0.0006  reward_loss=2.6922  total_loss=0.0009  value_loss=2.6922
  update 382500/500000: consistency_loss=0.0001  pi_loss=-0.0006  reward_loss=2.6922  total_loss=0.0011  value_loss=2.6922
  update 383000/500000: consistency_loss=0.0000  pi_loss=-0.0006  reward_loss=2.6922  total_loss=0.0009  value_loss=2.6922
  update 383500/500000: consistency_loss=0.0001  pi_loss=-0.0006  reward_loss=2.6922  total_loss=0.0011  value_loss=2.6922
  update 384000/500000: consistency_loss=0.0000  pi_loss=-0.0006  reward_loss=2.6922  total_loss=0.0010  value_loss=2.6922
  update 384500/500000: consistency_loss=0.0001  pi_loss=-0.0006  reward_loss=2.6922  total_loss=0.0012  value_loss=2.6922
  update 385000/500000: consistency_loss=0.0000  pi_loss=-0.0006  reward_loss=2.6922  total_loss=0.0008  value_loss=2.6922
  update 385500/500000: consistency_loss=0.0001  pi_loss=-0.0006  reward_loss=2.6922  total_loss=0.0010  value_loss=2.6922
  update 386000/500000: consistency_loss=0.0001  pi_loss=-0.0006  reward_loss=2.6922  total_loss=0.0012  value_loss=2.6922
  update 386500/500000: consistency_loss=0.0000  pi_loss=-0.0006  reward_loss=2.6922  total_loss=0.0010  value_loss=2.6922
  update 387000/500000: consistency_loss=0.0001  pi_loss=-0.0006  reward_loss=2.6922  total_loss=0.0012  value_loss=2.6922
  update 387500/500000: consistency_loss=0.0000  pi_loss=-0.0006  reward_loss=2.6922  total_loss=0.0009  value_loss=2.6922
  update 388000/500000: consistency_loss=0.0000  pi_loss=-0.0006  reward_loss=2.6922  total_loss=0.0009  value_loss=2.6922
  update 388500/500000: consistency_loss=0.0000  pi_loss=-0.0006  reward_loss=2.6922  total_loss=0.0008  value_loss=2.6922
  update 389000/500000: consistency_loss=0.0000  pi_loss=-0.0006  reward_loss=2.6922  total_loss=0.0010  value_loss=2.6922
  update 389500/500000: consistency_loss=0.0000  pi_loss=-0.0006  reward_loss=2.6922  total_loss=0.0009  value_loss=2.6922
  update 390000/500000: consistency_loss=0.0001  pi_loss=-0.0006  reward_loss=2.6922  total_loss=0.0012  value_loss=2.6922
  update 390500/500000: consistency_loss=0.0001  pi_loss=-0.0006  reward_loss=2.6922  total_loss=0.0013  value_loss=2.6922
  update 391000/500000: consistency_loss=0.0000  pi_loss=-0.0006  reward_loss=2.6922  total_loss=0.0009  value_loss=2.6922
  update 391500/500000: consistency_loss=0.0000  pi_loss=-0.0006  reward_loss=2.6922  total_loss=0.0007  value_loss=2.6922
  update 392000/500000: consistency_loss=0.0000  pi_loss=-0.0006  reward_loss=2.6922  total_loss=0.0009  value_loss=2.6922
  update 392500/500000: consistency_loss=0.0000  pi_loss=-0.0006  reward_loss=2.6922  total_loss=0.0009  value_loss=2.6922
  update 393000/500000: consistency_loss=0.0001  pi_loss=-0.0006  reward_loss=2.6922  total_loss=0.0011  value_loss=2.6922
  update 393500/500000: consistency_loss=0.0001  pi_loss=-0.0006  reward_loss=2.6922  total_loss=0.0011  value_loss=2.6922
  update 394000/500000: consistency_loss=0.0000  pi_loss=-0.0006  reward_loss=2.6922  total_loss=0.0007  value_loss=2.6922
  update 394500/500000: consistency_loss=0.0000  pi_loss=-0.0006  reward_loss=2.6922  total_loss=0.0009  value_loss=2.6922
  update 395000/500000: consistency_loss=0.0001  pi_loss=-0.0006  reward_loss=2.6922  total_loss=0.0013  value_loss=2.6922
  update 395500/500000: consistency_loss=0.0000  pi_loss=-0.0006  reward_loss=2.6922  total_loss=0.0009  value_loss=2.6922
  update 396000/500000: consistency_loss=0.0001  pi_loss=-0.0006  reward_loss=2.6922  total_loss=0.0011  value_loss=2.6922
  update 396500/500000: consistency_loss=0.0001  pi_loss=-0.0006  reward_loss=2.6922  total_loss=0.0010  value_loss=2.6922
  update 397000/500000: consistency_loss=0.0001  pi_loss=-0.0006  reward_loss=2.6922  total_loss=0.0011  value_loss=2.6922
  update 397500/500000: consistency_loss=0.0000  pi_loss=-0.0006  reward_loss=2.6922  total_loss=0.0008  value_loss=2.6922
  update 398000/500000: consistency_loss=0.0000  pi_loss=-0.0006  reward_loss=2.6922  total_loss=0.0009  value_loss=2.6922
  update 398500/500000: consistency_loss=0.0000  pi_loss=-0.0006  reward_loss=2.6922  total_loss=0.0007  value_loss=2.6922
  update 399000/500000: consistency_loss=0.0000  pi_loss=-0.0006  reward_loss=2.6922  total_loss=0.0008  value_loss=2.6922
  update 399500/500000: consistency_loss=0.0001  pi_loss=-0.0006  reward_loss=2.6922  total_loss=0.0012  value_loss=2.6922
  update 400000/500000: consistency_loss=0.0000  pi_loss=-0.0006  reward_loss=2.6922  total_loss=0.0010  value_loss=2.6922
Saved checkpoint at update 400000
  update 400500/500000: consistency_loss=0.0001  pi_loss=-0.0006  reward_loss=2.6922  total_loss=0.0012  value_loss=2.6922
  update 401000/500000: consistency_loss=0.0000  pi_loss=-0.0006  reward_loss=2.6922  total_loss=0.0009  value_loss=2.6922
  update 401500/500000: consistency_loss=0.0001  pi_loss=-0.0006  reward_loss=2.6922  total_loss=0.0012  value_loss=2.6922
  update 402000/500000: consistency_loss=0.0000  pi_loss=-0.0006  reward_loss=2.6922  total_loss=0.0009  value_loss=2.6922
  update 402500/500000: consistency_loss=0.0000  pi_loss=-0.0006  reward_loss=2.6922  total_loss=0.0010  value_loss=2.6922
  update 403000/500000: consistency_loss=0.0000  pi_loss=-0.0006  reward_loss=2.6922  total_loss=0.0010  value_loss=2.6922
  update 403500/500000: consistency_loss=0.0000  pi_loss=-0.0006  reward_loss=2.6922  total_loss=0.0009  value_loss=2.6922
  update 404000/500000: consistency_loss=0.0000  pi_loss=-0.0006  reward_loss=2.6922  total_loss=0.0010  value_loss=2.6922
  update 404500/500000: consistency_loss=0.0000  pi_loss=-0.0006  reward_loss=2.6922  total_loss=0.0009  value_loss=2.6922
  update 405000/500000: consistency_loss=0.0001  pi_loss=-0.0006  reward_loss=2.6922  total_loss=0.0010  value_loss=2.6922
  update 405500/500000: consistency_loss=0.0001  pi_loss=-0.0006  reward_loss=2.6922  total_loss=0.0011  value_loss=2.6922
  update 406000/500000: consistency_loss=0.0000  pi_loss=-0.0006  reward_loss=2.6922  total_loss=0.0009  value_loss=2.6922
  update 406500/500000: consistency_loss=0.0001  pi_loss=-0.0006  reward_loss=2.6922  total_loss=0.0014  value_loss=2.6922
  update 407000/500000: consistency_loss=0.0001  pi_loss=-0.0006  reward_loss=2.6922  total_loss=0.0011  value_loss=2.6922
  update 407500/500000: consistency_loss=0.0001  pi_loss=-0.0006  reward_loss=2.6922  total_loss=0.0012  value_loss=2.6922
  update 408000/500000: consistency_loss=0.0001  pi_loss=-0.0006  reward_loss=2.6922  total_loss=0.0012  value_loss=2.6922
  update 408500/500000: consistency_loss=0.0001  pi_loss=-0.0006  reward_loss=2.6922  total_loss=0.0013  value_loss=2.6922
  update 409000/500000: consistency_loss=0.0000  pi_loss=-0.0006  reward_loss=2.6922  total_loss=0.0009  value_loss=2.6922
  update 409500/500000: consistency_loss=0.0000  pi_loss=-0.0006  reward_loss=2.6922  total_loss=0.0008  value_loss=2.6922
  update 410000/500000: consistency_loss=0.0001  pi_loss=-0.0006  reward_loss=2.6922  total_loss=0.0011  value_loss=2.6922
  update 410500/500000: consistency_loss=0.0000  pi_loss=-0.0006  reward_loss=2.6922  total_loss=0.0009  value_loss=2.6922
  update 411000/500000: consistency_loss=0.0001  pi_loss=-0.0006  reward_loss=2.6922  total_loss=0.0014  value_loss=2.6922
  update 411500/500000: consistency_loss=0.0001  pi_loss=-0.0006  reward_loss=2.6922  total_loss=0.0012  value_loss=2.6922
  update 412000/500000: consistency_loss=0.0001  pi_loss=-0.0006  reward_loss=2.6922  total_loss=0.0011  value_loss=2.6922
  update 412500/500000: consistency_loss=0.0000  pi_loss=-0.0006  reward_loss=2.6922  total_loss=0.0010  value_loss=2.6922
  update 413000/500000: consistency_loss=0.0000  pi_loss=-0.0006  reward_loss=2.6922  total_loss=0.0009  value_loss=2.6922
  update 413500/500000: consistency_loss=0.0001  pi_loss=-0.0006  reward_loss=2.6922  total_loss=0.0012  value_loss=2.6922
  update 414000/500000: consistency_loss=0.0000  pi_loss=-0.0006  reward_loss=2.6922  total_loss=0.0008  value_loss=2.6922
  update 414500/500000: consistency_loss=0.0001  pi_loss=-0.0006  reward_loss=2.6922  total_loss=0.0010  value_loss=2.6922
  update 415000/500000: consistency_loss=0.0000  pi_loss=-0.0006  reward_loss=2.6922  total_loss=0.0008  value_loss=2.6922
  update 415500/500000: consistency_loss=0.0001  pi_loss=-0.0006  reward_loss=2.6922  total_loss=0.0010  value_loss=2.6922
  update 416000/500000: consistency_loss=0.0001  pi_loss=-0.0006  reward_loss=2.6922  total_loss=0.0012  value_loss=2.6922
  update 416500/500000: consistency_loss=0.0000  pi_loss=-0.0006  reward_loss=2.6922  total_loss=0.0010  value_loss=2.6922
  update 417000/500000: consistency_loss=0.0000  pi_loss=-0.0006  reward_loss=2.6922  total_loss=0.0009  value_loss=2.6922
  update 417500/500000: consistency_loss=0.0000  pi_loss=-0.0006  reward_loss=2.6922  total_loss=0.0009  value_loss=2.6922
  update 418000/500000: consistency_loss=0.0001  pi_loss=-0.0006  reward_loss=2.6922  total_loss=0.0010  value_loss=2.6922
  update 418500/500000: consistency_loss=0.0001  pi_loss=-0.0006  reward_loss=2.6922  total_loss=0.0012  value_loss=2.6922
  update 419000/500000: consistency_loss=0.0000  pi_loss=-0.0006  reward_loss=2.6922  total_loss=0.0009  value_loss=2.6922
  update 419500/500000: consistency_loss=0.0001  pi_loss=-0.0006  reward_loss=2.6922  total_loss=0.0012  value_loss=2.6922
  update 420000/500000: consistency_loss=0.0001  pi_loss=-0.0006  reward_loss=2.6922  total_loss=0.0011  value_loss=2.6922
  update 420500/500000: consistency_loss=0.0000  pi_loss=-0.0006  reward_loss=2.6922  total_loss=0.0009  value_loss=2.6922
  update 421000/500000: consistency_loss=0.0000  pi_loss=-0.0006  reward_loss=2.6922  total_loss=0.0009  value_loss=2.6922
  update 421500/500000: consistency_loss=0.0000  pi_loss=-0.0006  reward_loss=2.6922  total_loss=0.0008  value_loss=2.6922
  update 422000/500000: consistency_loss=0.0000  pi_loss=-0.0006  reward_loss=2.6922  total_loss=0.0009  value_loss=2.6922
  update 422500/500000: consistency_loss=0.0000  pi_loss=-0.0006  reward_loss=2.6922  total_loss=0.0008  value_loss=2.6922
  update 423000/500000: consistency_loss=0.0000  pi_loss=-0.0006  reward_loss=2.6922  total_loss=0.0007  value_loss=2.6922
  update 423500/500000: consistency_loss=0.0001  pi_loss=-0.0006  reward_loss=2.6922  total_loss=0.0011  value_loss=2.6922
  update 424000/500000: consistency_loss=0.0000  pi_loss=-0.0006  reward_loss=2.6922  total_loss=0.0008  value_loss=2.6922
/workspace/conda_envs/tdmpc2/lib/python3.11/multiprocessing/resource_tracker.py:254: UserWarning: resource_tracker: There appear to be 3 leaked semaphore objects to clean up at shutdown
  warnings.warn('resource_tracker: There appear to be %d '

  update 425500/500000: consistency_loss=0.0001  pi_loss=-0.0006  reward_loss=2.6922  total_loss=0.0010  value_loss=2.6922
/workspace/conda_envs/tdmpc2/lib/python3.11/multiprocessing/resource_tracker.py:254: UserWarning: resource_tracker: There appear to be 3 leaked semaphore objects to clean up at shutdown
  warnings.warn('resource_tracker: There appear to be %d '
value_loss=2.6922
  update 426500/500000: consistency_loss=0.0000  pi_loss=-0.0006  reward_loss=2.6922  total_loss=0.0009  value_loss=2.6922
  update 427000/500000: consistency_loss=0.0001  pi_loss=-0.0006  reward_loss=2.6922  total_loss=0.0011  value_loss=2.6922
  update 427500/500000: consistency_loss=0.0000  pi_loss=-0.0006  reward_loss=2.6922  total_loss=0.0007  value_loss=2.6922
  update 428000/500000: consistency_loss=0.0001  pi_loss=-0.0006  reward_loss=2.6922  total_loss=0.0012  value_loss=2.6922
  update 428500/500000: consistency_loss=0.0000  pi_loss=-0.0006  reward_loss=2.6922  total_loss=0.0010  value_loss=2.6922
  update 429000/500000: consistency_loss=0.0000  pi_loss=-0.0006  reward_loss=2.6922  total_loss=0.0008  value_loss=2.6922
  update 429500/500000: consistency_loss=0.0000  pi_loss=-0.0006  reward_loss=2.6922  total_loss=0.0008  value_loss=2.6922
  update 430000/500000: consistency_loss=0.0000  pi_loss=-0.0006  reward_loss=2.6922  total_loss=0.0009  value_loss=2.6922
  update 430500/500000: consistency_loss=0.0000  pi_loss=-0.0006  reward_loss=2.6922  total_loss=0.0009  value_loss=2.6922
  update 431000/500000: consistency_loss=0.0000  pi_loss=-0.0006  reward_loss=2.6922  total_loss=0.0008  value_loss=2.6922
  update 431500/500000: consistency_loss=0.0000  pi_loss=-0.0006  reward_loss=2.6922  total_loss=0.0008  value_loss=2.6922
  update 432000/500000: consistency_loss=0.0000  pi_loss=-0.0006  reward_loss=2.6922  total_loss=0.0009  value_loss=2.6922
  update 432500/500000: consistency_loss=0.0000  pi_loss=-0.0006  reward_loss=2.6922  total_loss=0.0008  value_loss=2.6922
  update 433000/500000: consistency_loss=0.0001  pi_loss=-0.0006  reward_loss=2.6922  total_loss=0.0010  value_loss=2.6922
/workspace/conda_envs/tdmpc2/lib/python3.11/multiprocessing/resource_tracker.py:254: UserWarning: resource_tracker: There appear to be 3 leaked semaphore objects to clean up at shutdown
  warnings.warn('resource_tracker: There appear to be %d '
500000: consistency_loss=0.0000  pi_loss=-0.0006  reward_loss=2.6922  total_loss=0.0010  value_loss=2.6922
  update 435500/500000: consistency_loss=0.0001  pi_loss=-0.0006  reward_loss=2.6922  total_loss=0.0011  value_loss=2.6922
  update 436000/500000: consistency_loss=0.0001  pi_loss=-0.0006  reward_loss=2.6922  total_loss=0.0011  value_loss=2.6922
  update 436500/500000: consistency_loss=0.0001  pi_loss=-0.0006  reward_loss=2.6922  total_loss=0.0010  value_loss=2.6922
  update 437000/500000: consistency_loss=0.0000  pi_loss=-0.0006  reward_loss=2.6922  total_loss=0.0009  value_loss=2.6922
  update 437500/500000: consistency_loss=0.0000  pi_loss=-0.0006  reward_loss=2.6922  total_loss=0.0008  value_loss=2.6922
  update 438000/500000: consistency_loss=0.0001  pi_loss=-0.0006  reward_loss=2.6922  total_loss=0.0010  value_loss=2.6922
  update 438500/500000: consistency_loss=0.0000  pi_loss=-0.0006  reward_loss=2.6922  total_loss=0.0010  value_loss=2.6922
  update 439000/500000: consistency_loss=0.0000  pi_loss=-0.0006  reward_loss=2.6922  total_loss=0.0008  value_loss=2.6922
  update 439500/500000: consistency_loss=0.0000  pi_loss=-0.0006  reward_loss=2.6922  total_loss=0.0010  value_loss=2.6922
  update 440000/500000: consistency_loss=0.0000  pi_loss=-0.0006  reward_loss=2.6922  total_loss=0.0009  value_loss=2.6922
  update 440500/500000: consistency_loss=0.0000  pi_loss=-0.0006  reward_loss=2.6922  total_loss=0.0009  value_loss=2.6922
  update 441000/500000: consistency_loss=0.0000  pi_loss=-0.0006  reward_loss=2.6922  total_loss=0.0009  value_loss=2.6922
  update 441500/500000: consistency_loss=0.0000  pi_loss=-0.0006  reward_loss=2.6922  total_loss=0.0006  value_loss=2.6922
  update 442000/500000: consistency_loss=0.0001  pi_loss=-0.0006  reward_loss=2.6922  total_loss=0.0010  value_loss=2.6922
  update 442500/500000: consistency_loss=0.0000  pi_loss=-0.0006  reward_loss=2.6922  total_loss=0.0008  value_loss=2.6922
  update 443000/500000: consistency_loss=0.0000  pi_loss=-0.0006  reward_loss=2.6922  total_loss=0.0010  value_loss=2.6922
  update 443500/500000: consistency_loss=0.0000  pi_loss=-0.0006  reward_loss=2.6922  total_loss=0.0009  value_loss=2.6922
  update 444000/500000: consistency_loss=0.0000  pi_loss=-0.0006  reward_loss=2.6922  total_loss=0.0008  value_loss=2.6922
  update 444500/500000: consistency_loss=0.0000  pi_loss=-0.0006  reward_loss=2.6922  total_loss=0.0007  value_loss=2.6922
  update 445000/500000: consistency_loss=0.0000  pi_loss=-0.0006  reward_loss=2.6922  total_loss=0.0009  value_loss=2.6922
  update 445500/500000: consistency_loss=0.0000  pi_loss=-0.0006  reward_loss=2.6922  total_loss=0.0008  value_loss=2.6922
  update 446000/500000: consistency_loss=0.0000  pi_loss=-0.0006  reward_loss=2.6922  total_loss=0.0009  value_loss=2.6922
  update 446500/500000: consistency_loss=0.0000  pi_loss=-0.0006  reward_loss=2.6922  total_loss=0.0008  value_loss=2.6922
  update 447000/500000: consistency_loss=0.0000  pi_loss=-0.0006  reward_loss=2.6922  total_loss=0.0009  value_loss=2.6922
  update 447500/500000: consistency_loss=0.0000  pi_loss=-0.0006  reward_loss=2.6922  total_loss=0.0010  value_loss=2.6922
  update 448000/500000: consistency_loss=0.0001  pi_loss=-0.0006  reward_loss=2.6922  total_loss=0.0010  value_loss=2.6922
  update 448500/500000: consistency_loss=0.0000  pi_loss=-0.0006  reward_loss=2.6922  total_loss=0.0009  value_loss=2.6922
  update 449000/500000: consistency_loss=0.0000  pi_loss=-0.0006  reward_loss=2.6922  total_loss=0.0009  value_loss=2.6922
  update 449500/500000: consistency_loss=0.0001  pi_loss=-0.0006  reward_loss=2.6922  total_loss=0.0012  value_loss=2.6922
  update 450000/500000: consistency_loss=0.0001  pi_loss=-0.0006  reward_loss=2.6922  total_loss=0.0014  value_loss=2.6922
  update 450500/500000: consistency_loss=0.0000  pi_loss=-0.0006  reward_loss=2.6922  total_loss=0.0007  value_loss=2.6922
  update 451000/500000: consistency_loss=0.0000  pi_loss=-0.0006  reward_loss=2.6922  total_loss=0.0010  value_loss=2.6922
  update 451500/500000: consistency_loss=0.0000  pi_loss=-0.0006  reward_loss=2.6922  total_loss=0.0009  value_loss=2.6922
  update 452000/500000: consistency_loss=0.0000  pi_loss=-0.0006  reward_loss=2.6922  total_loss=0.0009  value_loss=2.6922
  update 452500/500000: consistency_loss=0.0000  pi_loss=-0.0006  reward_loss=2.6922  total_loss=0.0009  value_loss=2.6922
/workspace/conda_envs/tdmpc2/lib/python3.11/multiprocessing/resource_tracker.py:254: UserWarning: resource_tracker: There appear to be 3 leaked semaphore objects to clean up at shutdown
  warnings.warn('resource_tracker: There appear to be %d '
