jax devices: [CudaDevice(id=0)]
[Wed Jul 22 06:06:08 UTC 2026] pilot d1r2_cup_e1_seed11 (task dmc_cup_catch, dose e1)
Watching /workspace/dreamerv3_runs/d1r2_r2probe/d1r2_cup_e1_seed11/ckpt
  -> /workspace/dreamerv3_runs/d1r2_r2probe/d1r2_cup_e1_seed11/ckpt_snapshots
  poll=20.0s  stop_step=100000
---  ___                           __   ______ ---
--- |   \ _ _ ___ __ _ _ __  ___ _ \ \ / /__ / ---
--- | |) | '_/ -_) _` | '  \/ -_) '/\ V / |_ \ ---
--- |___/|_| \___\__,_|_|_|_\___|_|  \_/ |___/ ---
Replica: 0 / 1
Logdir: /workspace/dreamerv3_runs/d1r2_r2probe/d1r2_cup_e1_seed11
Run script: train
Observations
  reward           Space(float32, shape=(), low=-inf, high=inf)
  is_first         Space(bool, shape=(), low=False, high=True)
  is_last          Space(bool, shape=(), low=False, high=True)
  is_terminal      Space(bool, shape=(), low=False, high=True)
  position         Space(float32, shape=(4,), low=-inf, high=inf)
  velocity         Space(float32, shape=(4,), low=-inf, high=inf)
Actions
  action           Space(float32, shape=(2,), low=-1.0, high=1.0)
Extras
  consec           Space(int32, shape=(), low=-2147483648, high=2147483647)
  stepid           Space(uint8, shape=(20,), low=0, high=255)
  dyn/deter        Space(float32, shape=(512,), low=-inf, high=inf)
  dyn/stoch        Space(float32, shape=(32, 4), low=-inf, high=inf)
JAX devices (1): [cuda:0]
Policy devices: cuda:0
Train devices:  cuda:0
Initializing parameters...
/workspace/dreamerv3/embodied/jax/agent.py:112: DeprecationWarning: `with mesh:` context manager has been deprecated. Please use `with jax.set_mesh(mesh):` instead.
  with self.train_mesh:
Optimizer opt has 4,131,718 params:
     3,163,136 disag
       396,666 val
       364,160 dyn
        66,111 valens1
        66,111 valens4
        66,111 valens2
        66,111 valens3
        66,111 valens0
        57,663 rew
        50,056 dec
        49,796 pol
        41,153 con
         9,088 enc
/venv/main/lib/python3.11/site-packages/optax/_src/linear_algebra.py:44: DeprecationWarning: optax.global_norm is deprecated in favor of optax.tree.norm
  warnings.warn(
Done initializing!
Compiling 1 checkpoint groups...
Largest checkpoint group: 0 GB
Compiling train and report...
/workspace/dreamerv3/embodied/jax/agent.py:187: DeprecationWarning: `with mesh:` context manager has been deprecated. Please use `with jax.set_mesh(mesh):` instead.
  with self.train_mesh:
/venv/main/lib/python3.11/site-packages/optax/_src/linear_algebra.py:44: DeprecationWarning: optax.global_norm is deprecated in favor of optax.tree.norm
  warnings.warn(
Train cost analysis:
No available
Report cost analysis:
No available
Done compiling!
Did not find any checkpoint.
Saving checkpoint: /workspace/dreamerv3_runs/d1r2_r2probe/d1r2_cup_e1_seed11/ckpt/20260722T060710F516866
Saved checkpoint.
Start training loop
Start JAX profiler: /workspace/dreamerv3_runs/d1r2_r2probe/d1r2_cup_e1_seed11
Stop JAX profiler
[06:07:29] snapshot step=0 -> /workspace/dreamerv3_runs/d1r2_r2probe/d1r2_cup_e1_seed11/ckpt_snapshots/step000000000000

--------------------[Agent Step 7_168]--------------------
Metrics filtered by: 'score|length|fps|ratio|train/loss/|train/rand/'
train/loss/con 0.04 / train/loss/disag 0.02 / train/loss/dyn 1.19 / train/loss/policy 0.93 / train/loss/position 0.06 / train/loss/rep 1.19 / train/loss/repval 4.62 / train/loss/rew 1.22 / train/loss/valens 3.45 / train/loss/valensrep 4.74 / train/loss/value 3.29 / train/loss/velocity 0.21 / replay/replay_ratio 867.01 / fps/policy 58.33 / fps/train 4.3e4

Writing metrics: /workspace/dreamerv3_runs/d1r2_r2probe/d1r2_cup_e1_seed11/scores.jsonlWriting metrics: /workspace/dreamerv3_runs/d1r2_r2probe/d1r2_cup_e1_seed11/metrics.jsonl


--------------------[Agent Step 12_464]--------------------
Metrics filtered by: 'score|length|fps|ratio|train/loss/|train/rand/'
train/loss/con 0.02 / train/loss/disag 2.2e-3 / train/loss/dyn 1.05 / train/loss/policy 0.08 / train/loss/position 2.2e-3 / train/loss/rep 1.05 / train/loss/repval 1.95 / train/loss/rew 0.11 / train/loss/valens 1.47 / train/loss/valensrep 2.04 / train/loss/value 1.28 / train/loss/velocity 0.03 / replay/replay_ratio 1040 / fps/policy 44.01 / fps/train 4.5e4

Writing metrics: /workspace/dreamerv3_runs/d1r2_r2probe/d1r2_cup_e1_seed11/scores.jsonlWriting metrics: /workspace/dreamerv3_runs/d1r2_r2probe/d1r2_cup_e1_seed11/metrics.jsonl


--------------------[Agent Step 17_744]--------------------
Metrics filtered by: 'score|length|fps|ratio|train/loss/|train/rand/'
episode/score 0 / episode/length 1001 / train/loss/con 0.02 / train/loss/disag 1.5e-3 / train/loss/dyn 1.09 / train/loss/policy 0.02 / train/loss/position 3e-3 / train/loss/rep 1.09 / train/loss/repval 1.63 / train/loss/rew 0.1 / train/loss/valens 1.11 / train/loss/valensrep 1.7 / train/loss/value 1.02 / train/loss/velocity 0.03 / replay/replay_ratio 1040 / fps/policy 43.98 / fps/train 4.5e4

Writing metrics: /workspace/dreamerv3_runs/d1r2_r2probe/d1r2_cup_e1_seed11/scores.jsonl
Writing metrics: /workspace/dreamerv3_runs/d1r2_r2probe/d1r2_cup_e1_seed11/metrics.jsonl

--------------------[Agent Step 23_040]--------------------
Metrics filtered by: 'score|length|fps|ratio|train/loss/|train/rand/'
train/loss/con 0.02 / train/loss/disag 1.7e-3 / train/loss/dyn 1.1 / train/loss/policy 0.02 / train/loss/position 2.4e-3 / train/loss/rep 1.1 / train/loss/repval 1.86 / train/loss/rew 0.1 / train/loss/valens 1.72 / train/loss/valensrep 2.11 / train/loss/value 1.41 / train/loss/velocity 0.03 / replay/replay_ratio 1040 / fps/policy 44.05 / fps/train 4.5e4

Writing metrics: /workspace/dreamerv3_runs/d1r2_r2probe/d1r2_cup_e1_seed11/metrics.jsonl
Writing metrics: /workspace/dreamerv3_runs/d1r2_r2probe/d1r2_cup_e1_seed11/scores.jsonl

--------------------[Agent Step 28_336]--------------------
Metrics filtered by: 'score|length|fps|ratio|train/loss/|train/rand/'
train/loss/con 0.02 / train/loss/disag 1.3e-3 / train/loss/dyn 1.04 / train/loss/policy 9.7e-3 / train/loss/position 1.1e-3 / train/loss/rep 1.04 / train/loss/repval 1.57 / train/loss/rew 0.1 / train/loss/valens 1.23 / train/loss/valensrep 1.76 / train/loss/value 1.05 / train/loss/velocity 0.03 / replay/replay_ratio 1040 / fps/policy 44.08 / fps/train 4.5e4

Writing metrics: /workspace/dreamerv3_runs/d1r2_r2probe/d1r2_cup_e1_seed11/metrics.jsonlWriting metrics: /workspace/dreamerv3_runs/d1r2_r2probe/d1r2_cup_e1_seed11/scores.jsonl


--------------------[Agent Step 33_632]--------------------
Metrics filtered by: 'score|length|fps|ratio|train/loss/|train/rand/'
episode/score 945 / episode/length 1001 / train/loss/con 0.02 / train/loss/disag 1.5e-3 / train/loss/dyn 1.05 / train/loss/policy 0.01 / train/loss/position 1.1e-3 / train/loss/rep 1.05 / train/loss/repval 1.75 / train/loss/rew 0.1 / train/loss/valens 1.29 / train/loss/valensrep 1.62 / train/loss/value 1.48 / train/loss/velocity 0.03 / replay/replay_ratio 1040 / fps/policy 44.09 / fps/train 4.5e4

Writing metrics: /workspace/dreamerv3_runs/d1r2_r2probe/d1r2_cup_e1_seed11/metrics.jsonlWriting metrics: /workspace/dreamerv3_runs/d1r2_r2probe/d1r2_cup_e1_seed11/scores.jsonl


--------------------[Agent Step 38_928]--------------------
Metrics filtered by: 'score|length|fps|ratio|train/loss/|train/rand/'
train/loss/con 0.02 / train/loss/disag 1.4e-3 / train/loss/dyn 1.07 / train/loss/policy 0.02 / train/loss/position 1.2e-3 / train/loss/rep 1.07 / train/loss/repval 1.43 / train/loss/rew 0.11 / train/loss/valens 1.31 / train/loss/valensrep 1.48 / train/loss/value 1.31 / train/loss/velocity 0.03 / replay/replay_ratio 1040 / fps/policy 44.01 / fps/train 4.5e4

Writing metrics: /workspace/dreamerv3_runs/d1r2_r2probe/d1r2_cup_e1_seed11/metrics.jsonl
Writing metrics: /workspace/dreamerv3_runs/d1r2_r2probe/d1r2_cup_e1_seed11/scores.jsonl
Saving checkpoint: /workspace/dreamerv3_runs/d1r2_r2probe/d1r2_cup_e1_seed11/ckpt/20260722T062212F678120
Saved checkpoint.
[06:22:29] snapshot step=41520 -> /workspace/dreamerv3_runs/d1r2_r2probe/d1r2_cup_e1_seed11/ckpt_snapshots/step000000041520

--------------------[Agent Step 44_208]--------------------
Metrics filtered by: 'score|length|fps|ratio|train/loss/|train/rand/'
train/loss/con 0.02 / train/loss/disag 1.6e-3 / train/loss/dyn 1.1 / train/loss/policy 0.02 / train/loss/position 1.7e-3 / train/loss/rep 1.1 / train/loss/repval 1.45 / train/loss/rew 0.15 / train/loss/valens 1.21 / train/loss/valensrep 1.38 / train/loss/value 1.28 / train/loss/velocity 0.03 / replay/replay_ratio 1040 / fps/policy 43.96 / fps/train 4.5e4

Writing metrics: /workspace/dreamerv3_runs/d1r2_r2probe/d1r2_cup_e1_seed11/metrics.jsonlWriting metrics: /workspace/dreamerv3_runs/d1r2_r2probe/d1r2_cup_e1_seed11/scores.jsonl


--------------------[Agent Step 49_488]--------------------
Metrics filtered by: 'score|length|fps|ratio|train/loss/|train/rand/'
episode/score 668 / episode/length 1001 / train/loss/con 0.02 / train/loss/disag 1.7e-3 / train/loss/dyn 1.07 / train/loss/policy -0.01 / train/loss/position 1.3e-3 / train/loss/rep 1.07 / train/loss/repval 1.22 / train/loss/rew 0.2 / train/loss/valens 1.03 / train/loss/valensrep 1.18 / train/loss/value 1.12 / train/loss/velocity 0.03 / replay/replay_ratio 1040 / fps/policy 44 / fps/train 4.5e4

Writing metrics: /workspace/dreamerv3_runs/d1r2_r2probe/d1r2_cup_e1_seed11/scores.jsonlWriting metrics: /workspace/dreamerv3_runs/d1r2_r2probe/d1r2_cup_e1_seed11/metrics.jsonl


--------------------[Agent Step 54_768]--------------------
Metrics filtered by: 'score|length|fps|ratio|train/loss/|train/rand/'
train/loss/con 0.02 / train/loss/disag 1.8e-3 / train/loss/dyn 1.09 / train/loss/policy -0.03 / train/loss/position 1.7e-3 / train/loss/rep 1.09 / train/loss/repval 1.11 / train/loss/rew 0.24 / train/loss/valens 0.99 / train/loss/valensrep 1.13 / train/loss/value 0.97 / train/loss/velocity 0.03 / replay/replay_ratio 1040 / fps/policy 43.96 / fps/train 4.5e4

Writing metrics: /workspace/dreamerv3_runs/d1r2_r2probe/d1r2_cup_e1_seed11/metrics.jsonlWriting metrics: /workspace/dreamerv3_runs/d1r2_r2probe/d1r2_cup_e1_seed11/scores.jsonl


--------------------[Agent Step 60_064]--------------------
Metrics filtered by: 'score|length|fps|ratio|train/loss/|train/rand/'
train/loss/con 0.02 / train/loss/disag 1.5e-3 / train/loss/dyn 1.05 / train/loss/policy -0.02 / train/loss/position 1.3e-3 / train/loss/rep 1.05 / train/loss/repval 1.09 / train/loss/rew 0.27 / train/loss/valens 0.95 / train/loss/valensrep 1.11 / train/loss/value 0.91 / train/loss/velocity 0.03 / replay/replay_ratio 1040 / fps/policy 44.01 / fps/train 4.5e4

Writing metrics: /workspace/dreamerv3_runs/d1r2_r2probe/d1r2_cup_e1_seed11/metrics.jsonlWriting metrics: /workspace/dreamerv3_runs/d1r2_r2probe/d1r2_cup_e1_seed11/scores.jsonl


--------------------[Agent Step 65_360]--------------------
Metrics filtered by: 'score|length|fps|ratio|train/loss/|train/rand/'
episode/score 979 / episode/length 1001 / train/loss/con 0.02 / train/loss/disag 1.5e-3 / train/loss/dyn 1.05 / train/loss/policy -0.02 / train/loss/position 1.2e-3 / train/loss/rep 1.05 / train/loss/repval 1.05 / train/loss/rew 0.31 / train/loss/valens 0.99 / train/loss/valensrep 1.09 / train/loss/value 0.92 / train/loss/velocity 0.03 / replay/replay_ratio 1040 / fps/policy 44.04 / fps/train 4.5e4

Writing metrics: /workspace/dreamerv3_runs/d1r2_r2probe/d1r2_cup_e1_seed11/metrics.jsonl
Writing metrics: /workspace/dreamerv3_runs/d1r2_r2probe/d1r2_cup_e1_seed11/scores.jsonl

--------------------[Agent Step 70_656]--------------------
Metrics filtered by: 'score|length|fps|ratio|train/loss/|train/rand/'
train/loss/con 0.02 / train/loss/disag 1.6e-3 / train/loss/dyn 1.06 / train/loss/policy -0.03 / train/loss/position 1.2e-3 / train/loss/rep 1.06 / train/loss/repval 0.97 / train/loss/rew 0.31 / train/loss/valens 0.97 / train/loss/valensrep 0.95 / train/loss/value 0.91 / train/loss/velocity 0.03 / replay/replay_ratio 1040 / fps/policy 44.01 / fps/train 4.5e4

Writing metrics: /workspace/dreamerv3_runs/d1r2_r2probe/d1r2_cup_e1_seed11/metrics.jsonl
Writing metrics: /workspace/dreamerv3_runs/d1r2_r2probe/d1r2_cup_e1_seed11/scores.jsonl

--------------------[Agent Step 75_952]--------------------
Metrics filtered by: 'score|length|fps|ratio|train/loss/|train/rand/'
train/loss/con 0.02 / train/loss/disag 1.6e-3 / train/loss/dyn 1.05 / train/loss/policy -0.02 / train/loss/position 1.1e-3 / train/loss/rep 1.05 / train/loss/repval 0.82 / train/loss/rew 0.33 / train/loss/valens 0.95 / train/loss/valensrep 0.97 / train/loss/value 0.8 / train/loss/velocity 0.03 / replay/replay_ratio 1040 / fps/policy 44.03 / fps/train 4.5e4

Writing metrics: /workspace/dreamerv3_runs/d1r2_r2probe/d1r2_cup_e1_seed11/metrics.jsonlWriting metrics: /workspace/dreamerv3_runs/d1r2_r2probe/d1r2_cup_e1_seed11/scores.jsonl

Saving checkpoint: /workspace/dreamerv3_runs/d1r2_r2probe/d1r2_cup_e1_seed11/ckpt/20260722T063713F022058
Saved checkpoint.

--------------------[Agent Step 81_232]--------------------
Metrics filtered by: 'score|length|fps|ratio|train/loss/|train/rand/'
episode/score 713 / episode/length 1001 / train/loss/con 0.02 / train/loss/disag 1.8e-3 / train/loss/dyn 1.07 / train/loss/policy -0.03 / train/loss/position 1.2e-3 / train/loss/rep 1.07 / train/loss/repval 1.01 / train/loss/rew 0.35 / train/loss/valens 1.01 / train/loss/valensrep 1.04 / train/loss/value 0.99 / train/loss/velocity 0.03 / replay/replay_ratio 1040 / fps/policy 43.94 / fps/train 4.5e4

Writing metrics: /workspace/dreamerv3_runs/d1r2_r2probe/d1r2_cup_e1_seed11/metrics.jsonlWriting metrics: /workspace/dreamerv3_runs/d1r2_r2probe/d1r2_cup_e1_seed11/scores.jsonl

[06:37:29] snapshot step=81136 -> /workspace/dreamerv3_runs/d1r2_r2probe/d1r2_cup_e1_seed11/ckpt_snapshots/step000000081136

--------------------[Agent Step 86_528]--------------------
Metrics filtered by: 'score|length|fps|ratio|train/loss/|train/rand/'
train/loss/con 0.02 / train/loss/disag 1.8e-3 / train/loss/dyn 1.07 / train/loss/policy -0.02 / train/loss/position 9.9e-4 / train/loss/rep 1.07 / train/loss/repval 1.03 / train/loss/rew 0.36 / train/loss/valens 1.08 / train/loss/valensrep 1.12 / train/loss/value 1.03 / train/loss/velocity 0.03 / replay/replay_ratio 1040 / fps/policy 44.04 / fps/train 4.5e4

Writing metrics: /workspace/dreamerv3_runs/d1r2_r2probe/d1r2_cup_e1_seed11/metrics.jsonlWriting metrics: /workspace/dreamerv3_runs/d1r2_r2probe/d1r2_cup_e1_seed11/scores.jsonl


--------------------[Agent Step 91_808]--------------------
Metrics filtered by: 'score|length|fps|ratio|train/loss/|train/rand/'
train/loss/con 0.02 / train/loss/disag 1.9e-3 / train/loss/dyn 1.07 / train/loss/policy -0.03 / train/loss/position 9e-4 / train/loss/rep 1.07 / train/loss/repval 1.04 / train/loss/rew 0.38 / train/loss/valens 0.91 / train/loss/valensrep 1.05 / train/loss/value 0.88 / train/loss/velocity 0.02 / replay/replay_ratio 1040 / fps/policy 43.97 / fps/train 4.5e4

Writing metrics: /workspace/dreamerv3_runs/d1r2_r2probe/d1r2_cup_e1_seed11/metrics.jsonlWriting metrics: /workspace/dreamerv3_runs/d1r2_r2probe/d1r2_cup_e1_seed11/scores.jsonl


--------------------[Agent Step 97_104]--------------------
Metrics filtered by: 'score|length|fps|ratio|train/loss/|train/rand/'
episode/score 916 / episode/length 1001 / train/loss/con 0.02 / train/loss/disag 2.1e-3 / train/loss/dyn 1.09 / train/loss/policy -0.03 / train/loss/position 8.3e-4 / train/loss/rep 1.09 / train/loss/repval 0.95 / train/loss/rew 0.39 / train/loss/valens 0.85 / train/loss/valensrep 0.98 / train/loss/value 0.8 / train/loss/velocity 0.02 / replay/replay_ratio 1040 / fps/policy 44.02 / fps/train 4.5e4

Writing metrics: /workspace/dreamerv3_runs/d1r2_r2probe/d1r2_cup_e1_seed11/metrics.jsonlWriting metrics: /workspace/dreamerv3_runs/d1r2_r2probe/d1r2_cup_e1_seed11/scores.jsonl

Stop file seen; final sweep then exit.
 milestone      actual     |err|  snapshot
    100000       81136     18864  /workspace/dreamerv3_runs/d1r2_r2probe/d1r2_cup_e1_seed11/ckpt_snapshots/step000000081136
    200000       81136    118864  /workspace/dreamerv3_runs/d1r2_r2probe/d1r2_cup_e1_seed11/ckpt_snapshots/step000000081136
    300000       81136    218864  /workspace/dreamerv3_runs/d1r2_r2probe/d1r2_cup_e1_seed11/ckpt_snapshots/step000000081136
    400000       81136    318864  /workspace/dreamerv3_runs/d1r2_r2probe/d1r2_cup_e1_seed11/ckpt_snapshots/step000000081136
    500000       81136    418864  /workspace/dreamerv3_runs/d1r2_r2probe/d1r2_cup_e1_seed11/ckpt_snapshots/step000000081136
Done. 3 snapshots retained; worst milestone gap = 418864 steps.
 milestone      actual     |err|  snapshot
     25000       41520     16520  /workspace/dreamerv3_runs/d1r2_r2probe/d1r2_cup_e1_seed11/ckpt_snapshots/step000000041520
[Wed Jul 22 06:44:29 UTC 2026] pilot d1r2_cup_e1_seed12 (task dmc_cup_catch, dose e1)
Watching /workspace/dreamerv3_runs/d1r2_r2probe/d1r2_cup_e1_seed12/ckpt
  -> /workspace/dreamerv3_runs/d1r2_r2probe/d1r2_cup_e1_seed12/ckpt_snapshots
  poll=20.0s  stop_step=100000
---  ___                           __   ______ ---
--- |   \ _ _ ___ __ _ _ __  ___ _ \ \ / /__ / ---
--- | |) | '_/ -_) _` | '  \/ -_) '/\ V / |_ \ ---
--- |___/|_| \___\__,_|_|_|_\___|_|  \_/ |___/ ---
Replica: 0 / 1
Logdir: /workspace/dreamerv3_runs/d1r2_r2probe/d1r2_cup_e1_seed12
Run script: train
Observations
  reward           Space(float32, shape=(), low=-inf, high=inf)
  is_first         Space(bool, shape=(), low=False, high=True)
  is_last          Space(bool, shape=(), low=False, high=True)
  is_terminal      Space(bool, shape=(), low=False, high=True)
  position         Space(float32, shape=(4,), low=-inf, high=inf)
  velocity         Space(float32, shape=(4,), low=-inf, high=inf)
Actions
  action           Space(float32, shape=(2,), low=-1.0, high=1.0)
Extras
  consec           Space(int32, shape=(), low=-2147483648, high=2147483647)
  stepid           Space(uint8, shape=(20,), low=0, high=255)
  dyn/deter        Space(float32, shape=(512,), low=-inf, high=inf)
  dyn/stoch        Space(float32, shape=(32, 4), low=-inf, high=inf)
JAX devices (1): [cuda:0]
Policy devices: cuda:0
Train devices:  cuda:0
Initializing parameters...
/workspace/dreamerv3/embodied/jax/agent.py:112: DeprecationWarning: `with mesh:` context manager has been deprecated. Please use `with jax.set_mesh(mesh):` instead.
  with self.train_mesh:
Optimizer opt has 4,131,718 params:
     3,163,136 disag
       396,666 val
       364,160 dyn
        66,111 valens4
        66,111 valens3
        66,111 valens1
        66,111 valens0
        66,111 valens2
        57,663 rew
        50,056 dec
        49,796 pol
        41,153 con
         9,088 enc
/venv/main/lib/python3.11/site-packages/optax/_src/linear_algebra.py:44: DeprecationWarning: optax.global_norm is deprecated in favor of optax.tree.norm
  warnings.warn(
Done initializing!
Compiling 1 checkpoint groups...
Largest checkpoint group: 0 GB
Compiling train and report...
/workspace/dreamerv3/embodied/jax/agent.py:187: DeprecationWarning: `with mesh:` context manager has been deprecated. Please use `with jax.set_mesh(mesh):` instead.
  with self.train_mesh:
/venv/main/lib/python3.11/site-packages/optax/_src/linear_algebra.py:44: DeprecationWarning: optax.global_norm is deprecated in favor of optax.tree.norm
  warnings.warn(
Train cost analysis:
No available
Report cost analysis:
No available
Done compiling!
Did not find any checkpoint.
Saving checkpoint: /workspace/dreamerv3_runs/d1r2_r2probe/d1r2_cup_e1_seed12/ckpt/20260722T064531F494581
Saved checkpoint.
Start training loop
Start JAX profiler: /workspace/dreamerv3_runs/d1r2_r2probe/d1r2_cup_e1_seed12
Stop JAX profiler
[06:45:49] snapshot step=0 -> /workspace/dreamerv3_runs/d1r2_r2probe/d1r2_cup_e1_seed12/ckpt_snapshots/step000000000000

--------------------[Agent Step 7_184]--------------------
Metrics filtered by: 'score|length|fps|ratio|train/loss/|train/rand/'
train/loss/con 0.06 / train/loss/disag 0.02 / train/loss/dyn 1.24 / train/loss/policy -7.5e-4 / train/loss/position 0.05 / train/loss/rep 1.24 / train/loss/repval 1.91 / train/loss/rew 0.94 / train/loss/valens 1.16 / train/loss/valensrep 1.96 / train/loss/value 1.11 / train/loss/velocity 0.22 / replay/replay_ratio 867.45 / fps/policy 58.34 / fps/train 4.3e4

Writing metrics: /workspace/dreamerv3_runs/d1r2_r2probe/d1r2_cup_e1_seed12/metrics.jsonl
Writing metrics: /workspace/dreamerv3_runs/d1r2_r2probe/d1r2_cup_e1_seed12/scores.jsonl

--------------------[Agent Step 12_480]--------------------
Metrics filtered by: 'score|length|fps|ratio|train/loss/|train/rand/'
train/loss/con 0.02 / train/loss/disag 2.1e-3 / train/loss/dyn 1.02 / train/loss/policy -8.3e-4 / train/loss/position 1.3e-3 / train/loss/rep 1.02 / train/loss/repval 1.9e-3 / train/loss/rew 1.6e-3 / train/loss/valens 4.9e-3 / train/loss/valensrep 5.1e-3 / train/loss/value 1.8e-3 / train/loss/velocity 0.02 / replay/replay_ratio 1040 / fps/policy 44.05 / fps/train 4.5e4

Writing metrics: /workspace/dreamerv3_runs/d1r2_r2probe/d1r2_cup_e1_seed12/metrics.jsonl
Writing metrics: /workspace/dreamerv3_runs/d1r2_r2probe/d1r2_cup_e1_seed12/scores.jsonl

--------------------[Agent Step 17_776]--------------------
Metrics filtered by: 'score|length|fps|ratio|train/loss/|train/rand/'
episode/score 0 / episode/length 1001 / train/loss/con 0.02 / train/loss/disag 1.4e-3 / train/loss/dyn 1.02 / train/loss/policy -8.3e-4 / train/loss/position 7.9e-4 / train/loss/rep 1.02 / train/loss/repval 1.2e-4 / train/loss/rew 9.3e-5 / train/loss/valens 2.9e-4 / train/loss/valensrep 3e-4 / train/loss/value 1.1e-4 / train/loss/velocity 0.01 / replay/replay_ratio 1040 / fps/policy 44.07 / fps/train 4.5e4

Writing metrics: /workspace/dreamerv3_runs/d1r2_r2probe/d1r2_cup_e1_seed12/metrics.jsonlWriting metrics: /workspace/dreamerv3_runs/d1r2_r2probe/d1r2_cup_e1_seed12/scores.jsonl


--------------------[Agent Step 23_072]--------------------
Metrics filtered by: 'score|length|fps|ratio|train/loss/|train/rand/'
train/loss/con 0.02 / train/loss/disag 1.1e-3 / train/loss/dyn 1.01 / train/loss/policy -8.3e-4 / train/loss/position 7.4e-4 / train/loss/rep 1.01 / train/loss/repval 7.6e-6 / train/loss/rew 6e-6 / train/loss/valens 1.8e-5 / train/loss/valensrep 1.8e-5 / train/loss/value 7.4e-6 / train/loss/velocity 0.01 / replay/replay_ratio 1040 / fps/policy 44.04 / fps/train 4.5e4

Writing metrics: /workspace/dreamerv3_runs/d1r2_r2probe/d1r2_cup_e1_seed12/metrics.jsonl
Writing metrics: /workspace/dreamerv3_runs/d1r2_r2probe/d1r2_cup_e1_seed12/scores.jsonl

--------------------[Agent Step 28_352]--------------------
Metrics filtered by: 'score|length|fps|ratio|train/loss/|train/rand/'
train/loss/con 0.02 / train/loss/disag 9.3e-4 / train/loss/dyn 1.01 / train/loss/policy -8.3e-4 / train/loss/position 5.4e-4 / train/loss/rep 1.01 / train/loss/repval 2.1e-7 / train/loss/rew 2.6e-7 / train/loss/valens 9e-7 / train/loss/valensrep 9.3e-7 / train/loss/value 2.1e-7 / train/loss/velocity 8.1e-3 / replay/replay_ratio 1040 / fps/policy 43.95 / fps/train 4.5e4

Writing metrics: /workspace/dreamerv3_runs/d1r2_r2probe/d1r2_cup_e1_seed12/metrics.jsonlWriting metrics: /workspace/dreamerv3_runs/d1r2_r2probe/d1r2_cup_e1_seed12/scores.jsonl


--------------------[Agent Step 33_648]--------------------
Metrics filtered by: 'score|length|fps|ratio|train/loss/|train/rand/'
episode/score 0 / episode/length 1001 / train/loss/con 0.02 / train/loss/disag 8.4e-4 / train/loss/dyn 1.01 / train/loss/policy -6.6e-4 / train/loss/position 4.7e-4 / train/loss/rep 1.01 / train/loss/repval 0.06 / train/loss/rew 2e-3 / train/loss/valens 0.12 / train/loss/valensrep 0.12 / train/loss/value 0.06 / train/loss/velocity 6.9e-3 / replay/replay_ratio 1040 / fps/policy 44.05 / fps/train 4.5e4

Writing metrics: /workspace/dreamerv3_runs/d1r2_r2probe/d1r2_cup_e1_seed12/scores.jsonlWriting metrics: /workspace/dreamerv3_runs/d1r2_r2probe/d1r2_cup_e1_seed12/metrics.jsonl


--------------------[Agent Step 38_944]--------------------
Metrics filtered by: 'score|length|fps|ratio|train/loss/|train/rand/'
train/loss/con 0.02 / train/loss/disag 8.3e-4 / train/loss/dyn 1.02 / train/loss/policy -0.01 / train/loss/position 7.7e-4 / train/loss/rep 1.02 / train/loss/repval 1.47 / train/loss/rew 8.2e-3 / train/loss/valens 1.06 / train/loss/valensrep 1.4 / train/loss/value 1.11 / train/loss/velocity 9.8e-3 / replay/replay_ratio 1040 / fps/policy 44.08 / fps/train 4.5e4

Writing metrics: /workspace/dreamerv3_runs/d1r2_r2probe/d1r2_cup_e1_seed12/metrics.jsonl
Writing metrics: /workspace/dreamerv3_runs/d1r2_r2probe/d1r2_cup_e1_seed12/scores.jsonl
Saving checkpoint: /workspace/dreamerv3_runs/d1r2_r2probe/d1r2_cup_e1_seed12/ckpt/20260722T070033F745444
Saved checkpoint.
[07:00:49] snapshot step=41536 -> /workspace/dreamerv3_runs/d1r2_r2probe/d1r2_cup_e1_seed12/ckpt_snapshots/step000000041536

--------------------[Agent Step 44_224]--------------------
Metrics filtered by: 'score|length|fps|ratio|train/loss/|train/rand/'
train/loss/con 0.02 / train/loss/disag 1e-3 / train/loss/dyn 1.06 / train/loss/policy -0.04 / train/loss/position 1.5e-3 / train/loss/rep 1.06 / train/loss/repval 1.4 / train/loss/rew 8.3e-3 / train/loss/valens 1.16 / train/loss/valensrep 1.41 / train/loss/value 1.1 / train/loss/velocity 0.02 / replay/replay_ratio 1040 / fps/policy 43.99 / fps/train 4.5e4

Writing metrics: /workspace/dreamerv3_runs/d1r2_r2probe/d1r2_cup_e1_seed12/metrics.jsonl
Writing metrics: /workspace/dreamerv3_runs/d1r2_r2probe/d1r2_cup_e1_seed12/scores.jsonl

--------------------[Agent Step 49_504]--------------------
Metrics filtered by: 'score|length|fps|ratio|train/loss/|train/rand/'
episode/score 0 / episode/length 1001 / train/loss/con 0.02 / train/loss/disag 8.8e-4 / train/loss/dyn 1.04 / train/loss/policy -0.03 / train/loss/position 1.3e-3 / train/loss/rep 1.04 / train/loss/repval 1.28 / train/loss/rew 5.2e-3 / train/loss/valens 1.11 / train/loss/valensrep 1.34 / train/loss/value 1.19 / train/loss/velocity 0.01 / replay/replay_ratio 1040 / fps/policy 44 / fps/train 4.5e4

Writing metrics: /workspace/dreamerv3_runs/d1r2_r2probe/d1r2_cup_e1_seed12/metrics.jsonl
Writing metrics: /workspace/dreamerv3_runs/d1r2_r2probe/d1r2_cup_e1_seed12/scores.jsonl

--------------------[Agent Step 54_784]--------------------
Metrics filtered by: 'score|length|fps|ratio|train/loss/|train/rand/'
train/loss/con 0.02 / train/loss/disag 1.1e-3 / train/loss/dyn 1.05 / train/loss/policy -0.04 / train/loss/position 1.7e-3 / train/loss/rep 1.05 / train/loss/repval 1.37 / train/loss/rew 0.01 / train/loss/valens 1.14 / train/loss/valensrep 1.48 / train/loss/value 1.06 / train/loss/velocity 0.02 / replay/replay_ratio 1040 / fps/policy 43.94 / fps/train 4.5e4

Writing metrics: /workspace/dreamerv3_runs/d1r2_r2probe/d1r2_cup_e1_seed12/scores.jsonlWriting metrics: /workspace/dreamerv3_runs/d1r2_r2probe/d1r2_cup_e1_seed12/metrics.jsonl


--------------------[Agent Step 60_064]--------------------
Metrics filtered by: 'score|length|fps|ratio|train/loss/|train/rand/'
train/loss/con 0.02 / train/loss/disag 1e-3 / train/loss/dyn 1.03 / train/loss/policy -5.7e-3 / train/loss/position 1.2e-3 / train/loss/rep 1.03 / train/loss/repval 1.58 / train/loss/rew 0.03 / train/loss/valens 1.44 / train/loss/valensrep 1.7 / train/loss/value 1.46 / train/loss/velocity 0.02 / replay/replay_ratio 1040 / fps/policy 43.97 / fps/train 4.5e4

Writing metrics: /workspace/dreamerv3_runs/d1r2_r2probe/d1r2_cup_e1_seed12/metrics.jsonlWriting metrics: /workspace/dreamerv3_runs/d1r2_r2probe/d1r2_cup_e1_seed12/scores.jsonl


--------------------[Agent Step 65_360]--------------------
Metrics filtered by: 'score|length|fps|ratio|train/loss/|train/rand/'
episode/score 0 / episode/length 1001 / train/loss/con 0.02 / train/loss/disag 1.7e-3 / train/loss/dyn 1.04 / train/loss/policy -0.02 / train/loss/position 1.5e-3 / train/loss/rep 1.04 / train/loss/repval 2.02 / train/loss/rew 0.03 / train/loss/valens 1.64 / train/loss/valensrep 2.02 / train/loss/value 1.54 / train/loss/velocity 0.03 / replay/replay_ratio 1040 / fps/policy 44.01 / fps/train 4.5e4

Writing metrics: /workspace/dreamerv3_runs/d1r2_r2probe/d1r2_cup_e1_seed12/scores.jsonlWriting metrics: /workspace/dreamerv3_runs/d1r2_r2probe/d1r2_cup_e1_seed12/metrics.jsonl


--------------------[Agent Step 70_640]--------------------
Metrics filtered by: 'score|length|fps|ratio|train/loss/|train/rand/'
train/loss/con 0.02 / train/loss/disag 1.8e-3 / train/loss/dyn 1.05 / train/loss/policy -0.01 / train/loss/position 1.2e-3 / train/loss/rep 1.05 / train/loss/repval 1.89 / train/loss/rew 0.04 / train/loss/valens 1.51 / train/loss/valensrep 1.93 / train/loss/value 1.56 / train/loss/velocity 0.03 / replay/replay_ratio 1040 / fps/policy 43.93 / fps/train 4.5e4

Writing metrics: /workspace/dreamerv3_runs/d1r2_r2probe/d1r2_cup_e1_seed12/metrics.jsonlWriting metrics: /workspace/dreamerv3_runs/d1r2_r2probe/d1r2_cup_e1_seed12/scores.jsonl


--------------------[Agent Step 75_936]--------------------
Metrics filtered by: 'score|length|fps|ratio|train/loss/|train/rand/'
train/loss/con 0.02 / train/loss/disag 1.7e-3 / train/loss/dyn 1.07 / train/loss/policy -2.5e-3 / train/loss/position 1.2e-3 / train/loss/rep 1.07 / train/loss/repval 1.85 / train/loss/rew 0.04 / train/loss/valens 1.61 / train/loss/valensrep 1.96 / train/loss/value 1.6 / train/loss/velocity 0.03 / replay/replay_ratio 1040 / fps/policy 44.08 / fps/train 4.5e4

Writing metrics: /workspace/dreamerv3_runs/d1r2_r2probe/d1r2_cup_e1_seed12/metrics.jsonl
Writing metrics: /workspace/dreamerv3_runs/d1r2_r2probe/d1r2_cup_e1_seed12/scores.jsonl
Saving checkpoint: /workspace/dreamerv3_runs/d1r2_r2probe/d1r2_cup_e1_seed12/ckpt/20260722T071533F921584
Saved checkpoint.

--------------------[Agent Step 81_232]--------------------
Metrics filtered by: 'score|length|fps|ratio|train/loss/|train/rand/'
episode/score 551 / episode/length 1001 / train/loss/con 0.02 / train/loss/disag 1.4e-3 / train/loss/dyn 1.07 / train/loss/policy -6e-4 / train/loss/position 1e-3 / train/loss/rep 1.07 / train/loss/repval 1.42 / train/loss/rew 0.06 / train/loss/valens 1.4 / train/loss/valensrep 1.56 / train/loss/value 1.3 / train/loss/velocity 0.02 / replay/replay_ratio 1040 / fps/policy 44.01 / fps/train 4.5e4

Writing metrics: /workspace/dreamerv3_runs/d1r2_r2probe/d1r2_cup_e1_seed12/metrics.jsonlWriting metrics: /workspace/dreamerv3_runs/d1r2_r2probe/d1r2_cup_e1_seed12/scores.jsonl

[07:15:49] snapshot step=81136 -> /workspace/dreamerv3_runs/d1r2_r2probe/d1r2_cup_e1_seed12/ckpt_snapshots/step000000081136

--------------------[Agent Step 86_528]--------------------
Metrics filtered by: 'score|length|fps|ratio|train/loss/|train/rand/'
train/loss/con 0.02 / train/loss/disag 1.4e-3 / train/loss/dyn 1.06 / train/loss/policy -2.5e-3 / train/loss/position 9.4e-4 / train/loss/rep 1.06 / train/loss/repval 1.32 / train/loss/rew 0.07 / train/loss/valens 1.27 / train/loss/valensrep 1.34 / train/loss/value 1.2 / train/loss/velocity 0.02 / replay/replay_ratio 1040 / fps/policy 44.05 / fps/train 4.5e4

Writing metrics: /workspace/dreamerv3_runs/d1r2_r2probe/d1r2_cup_e1_seed12/metrics.jsonl
Writing metrics: /workspace/dreamerv3_runs/d1r2_r2probe/d1r2_cup_e1_seed12/scores.jsonl

--------------------[Agent Step 91_808]--------------------
Metrics filtered by: 'score|length|fps|ratio|train/loss/|train/rand/'
train/loss/con 0.02 / train/loss/disag 1.5e-3 / train/loss/dyn 1.05 / train/loss/policy -0.01 / train/loss/position 8.3e-4 / train/loss/rep 1.05 / train/loss/repval 1.19 / train/loss/rew 0.1 / train/loss/valens 1.11 / train/loss/valensrep 1.19 / train/loss/value 1.1 / train/loss/velocity 0.02 / replay/replay_ratio 1040 / fps/policy 43.97 / fps/train 4.5e4

Writing metrics: /workspace/dreamerv3_runs/d1r2_r2probe/d1r2_cup_e1_seed12/metrics.jsonl
Writing metrics: /workspace/dreamerv3_runs/d1r2_r2probe/d1r2_cup_e1_seed12/scores.jsonl

--------------------[Agent Step 97_104]--------------------
Metrics filtered by: 'score|length|fps|ratio|train/loss/|train/rand/'
episode/score 483 / episode/length 1001 / train/loss/con 0.02 / train/loss/disag 1.4e-3 / train/loss/dyn 1.04 / train/loss/policy -0.02 / train/loss/position 7.8e-4 / train/loss/rep 1.04 / train/loss/repval 1.1 / train/loss/rew 0.13 / train/loss/valens 1.03 / train/loss/valensrep 1.12 / train/loss/value 1.06 / train/loss/velocity 0.02 / replay/replay_ratio 1040 / fps/policy 44.02 / fps/train 4.5e4

Writing metrics: /workspace/dreamerv3_runs/d1r2_r2probe/d1r2_cup_e1_seed12/scores.jsonlWriting metrics: /workspace/dreamerv3_runs/d1r2_r2probe/d1r2_cup_e1_seed12/metrics.jsonl

Stop file seen; final sweep then exit.
 milestone      actual     |err|  snapshot
    100000       81136     18864  /workspace/dreamerv3_runs/d1r2_r2probe/d1r2_cup_e1_seed12/ckpt_snapshots/step000000081136
    200000       81136    118864  /workspace/dreamerv3_runs/d1r2_r2probe/d1r2_cup_e1_seed12/ckpt_snapshots/step000000081136
    300000       81136    218864  /workspace/dreamerv3_runs/d1r2_r2probe/d1r2_cup_e1_seed12/ckpt_snapshots/step000000081136
    400000       81136    318864  /workspace/dreamerv3_runs/d1r2_r2probe/d1r2_cup_e1_seed12/ckpt_snapshots/step000000081136
    500000       81136    418864  /workspace/dreamerv3_runs/d1r2_r2probe/d1r2_cup_e1_seed12/ckpt_snapshots/step000000081136
Done. 3 snapshots retained; worst milestone gap = 418864 steps.
 milestone      actual     |err|  snapshot
     25000       41536     16536  /workspace/dreamerv3_runs/d1r2_r2probe/d1r2_cup_e1_seed12/ckpt_snapshots/step000000041536
[Wed Jul 22 07:22:49 UTC 2026] pilot d1r2_cup_e1_seed13 (task dmc_cup_catch, dose e1)
Watching /workspace/dreamerv3_runs/d1r2_r2probe/d1r2_cup_e1_seed13/ckpt
  -> /workspace/dreamerv3_runs/d1r2_r2probe/d1r2_cup_e1_seed13/ckpt_snapshots
  poll=20.0s  stop_step=100000
---  ___                           __   ______ ---
--- |   \ _ _ ___ __ _ _ __  ___ _ \ \ / /__ / ---
--- | |) | '_/ -_) _` | '  \/ -_) '/\ V / |_ \ ---
--- |___/|_| \___\__,_|_|_|_\___|_|  \_/ |___/ ---
Replica: 0 / 1
Logdir: /workspace/dreamerv3_runs/d1r2_r2probe/d1r2_cup_e1_seed13
Run script: train
Observations
  reward           Space(float32, shape=(), low=-inf, high=inf)
  is_first         Space(bool, shape=(), low=False, high=True)
  is_last          Space(bool, shape=(), low=False, high=True)
  is_terminal      Space(bool, shape=(), low=False, high=True)
  position         Space(float32, shape=(4,), low=-inf, high=inf)
  velocity         Space(float32, shape=(4,), low=-inf, high=inf)
Actions
  action           Space(float32, shape=(2,), low=-1.0, high=1.0)
Extras
  consec           Space(int32, shape=(), low=-2147483648, high=2147483647)
  stepid           Space(uint8, shape=(20,), low=0, high=255)
  dyn/deter        Space(float32, shape=(512,), low=-inf, high=inf)
  dyn/stoch        Space(float32, shape=(32, 4), low=-inf, high=inf)
JAX devices (1): [cuda:0]
Policy devices: cuda:0
Train devices:  cuda:0
Initializing parameters...
/workspace/dreamerv3/embodied/jax/agent.py:112: DeprecationWarning: `with mesh:` context manager has been deprecated. Please use `with jax.set_mesh(mesh):` instead.
  with self.train_mesh:
Optimizer opt has 4,131,718 params:
     3,163,136 disag
       396,666 val
       364,160 dyn
        66,111 valens3
        66,111 valens1
        66,111 valens4
        66,111 valens0
        66,111 valens2
        57,663 rew
        50,056 dec
        49,796 pol
        41,153 con
         9,088 enc
/venv/main/lib/python3.11/site-packages/optax/_src/linear_algebra.py:44: DeprecationWarning: optax.global_norm is deprecated in favor of optax.tree.norm
  warnings.warn(
Done initializing!
Compiling 1 checkpoint groups...
Largest checkpoint group: 0 GB
Compiling train and report...
/workspace/dreamerv3/embodied/jax/agent.py:187: DeprecationWarning: `with mesh:` context manager has been deprecated. Please use `with jax.set_mesh(mesh):` instead.
  with self.train_mesh:
/venv/main/lib/python3.11/site-packages/optax/_src/linear_algebra.py:44: DeprecationWarning: optax.global_norm is deprecated in favor of optax.tree.norm
  warnings.warn(
Train cost analysis:
No available
Report cost analysis:
No available
Done compiling!
Did not find any checkpoint.
Saving checkpoint: /workspace/dreamerv3_runs/d1r2_r2probe/d1r2_cup_e1_seed13/ckpt/20260722T072351F099713
Saved checkpoint.
Start training loop
Start JAX profiler: /workspace/dreamerv3_runs/d1r2_r2probe/d1r2_cup_e1_seed13
Stop JAX profiler
[07:24:09] snapshot step=0 -> /workspace/dreamerv3_runs/d1r2_r2probe/d1r2_cup_e1_seed13/ckpt_snapshots/step000000000000

--------------------[Agent Step 7_184]--------------------
Metrics filtered by: 'score|length|fps|ratio|train/loss/|train/rand/'
train/loss/con 0.05 / train/loss/disag 0.02 / train/loss/dyn 1.31 / train/loss/policy 0.55 / train/loss/position 0.05 / train/loss/rep 1.31 / train/loss/repval 4.09 / train/loss/rew 1.11 / train/loss/valens 2.97 / train/loss/valensrep 4.28 / train/loss/value 2.82 / train/loss/velocity 0.23 / replay/replay_ratio 867.45 / fps/policy 58.4 / fps/train 4.3e4

Writing metrics: /workspace/dreamerv3_runs/d1r2_r2probe/d1r2_cup_e1_seed13/metrics.jsonlWriting metrics: /workspace/dreamerv3_runs/d1r2_r2probe/d1r2_cup_e1_seed13/scores.jsonl


--------------------[Agent Step 12_480]--------------------
Metrics filtered by: 'score|length|fps|ratio|train/loss/|train/rand/'
train/loss/con 0.02 / train/loss/disag 2e-3 / train/loss/dyn 1.03 / train/loss/policy 0.08 / train/loss/position 1.9e-3 / train/loss/rep 1.03 / train/loss/repval 1.18 / train/loss/rew 0.06 / train/loss/valens 1.32 / train/loss/valensrep 1.7 / train/loss/value 0.74 / train/loss/velocity 0.03 / replay/replay_ratio 1040 / fps/policy 44.05 / fps/train 4.5e4

Writing metrics: /workspace/dreamerv3_runs/d1r2_r2probe/d1r2_cup_e1_seed13/metrics.jsonlWriting metrics: /workspace/dreamerv3_runs/d1r2_r2probe/d1r2_cup_e1_seed13/scores.jsonl


--------------------[Agent Step 17_776]--------------------
Metrics filtered by: 'score|length|fps|ratio|train/loss/|train/rand/'
episode/score 29 / episode/length 1001 / train/loss/con 0.02 / train/loss/disag 1.3e-3 / train/loss/dyn 1.04 / train/loss/policy 0.02 / train/loss/position 1.6e-3 / train/loss/rep 1.04 / train/loss/repval 1.64 / train/loss/rew 0.04 / train/loss/valens 1.24 / train/loss/valensrep 1.68 / train/loss/value 1.39 / train/loss/velocity 0.02 / replay/replay_ratio 1040 / fps/policy 44.1 / fps/train 4.5e4

Writing metrics: /workspace/dreamerv3_runs/d1r2_r2probe/d1r2_cup_e1_seed13/metrics.jsonlWriting metrics: /workspace/dreamerv3_runs/d1r2_r2probe/d1r2_cup_e1_seed13/scores.jsonl


--------------------[Agent Step 23_072]--------------------
Metrics filtered by: 'score|length|fps|ratio|train/loss/|train/rand/'
train/loss/con 0.02 / train/loss/disag 1.4e-3 / train/loss/dyn 1.06 / train/loss/policy 3e-4 / train/loss/position 2.5e-3 / train/loss/rep 1.06 / train/loss/repval 1.73 / train/loss/rew 0.04 / train/loss/valens 1.35 / train/loss/valensrep 1.84 / train/loss/value 1.23 / train/loss/velocity 0.03 / replay/replay_ratio 1040 / fps/policy 44.05 / fps/train 4.5e4

Writing metrics: /workspace/dreamerv3_runs/d1r2_r2probe/d1r2_cup_e1_seed13/scores.jsonl
Writing metrics: /workspace/dreamerv3_runs/d1r2_r2probe/d1r2_cup_e1_seed13/metrics.jsonl

--------------------[Agent Step 28_368]--------------------
Metrics filtered by: 'score|length|fps|ratio|train/loss/|train/rand/'
train/loss/con 0.02 / train/loss/disag 1.2e-3 / train/loss/dyn 1.05 / train/loss/policy 3.5e-3 / train/loss/position 2.3e-3 / train/loss/rep 1.05 / train/loss/repval 1.66 / train/loss/rew 0.05 / train/loss/valens 1.18 / train/loss/valensrep 1.7 / train/loss/value 1.25 / train/loss/velocity 0.03 / replay/replay_ratio 1040 / fps/policy 44.04 / fps/train 4.5e4

Writing metrics: /workspace/dreamerv3_runs/d1r2_r2probe/d1r2_cup_e1_seed13/metrics.jsonlWriting metrics: /workspace/dreamerv3_runs/d1r2_r2probe/d1r2_cup_e1_seed13/scores.jsonl


--------------------[Agent Step 33_664]--------------------
Metrics filtered by: 'score|length|fps|ratio|train/loss/|train/rand/'
episode/score 0 / episode/length 1001 / train/loss/con 0.02 / train/loss/disag 9.7e-4 / train/loss/dyn 1.04 / train/loss/policy 7.3e-4 / train/loss/position 2e-3 / train/loss/rep 1.04 / train/loss/repval 1.62 / train/loss/rew 0.06 / train/loss/valens 1.16 / train/loss/valensrep 1.68 / train/loss/value 1.2 / train/loss/velocity 0.02 / replay/replay_ratio 1040 / fps/policy 44.06 / fps/train 4.5e4

Writing metrics: /workspace/dreamerv3_runs/d1r2_r2probe/d1r2_cup_e1_seed13/metrics.jsonl
Writing metrics: /workspace/dreamerv3_runs/d1r2_r2probe/d1r2_cup_e1_seed13/scores.jsonl

--------------------[Agent Step 38_960]--------------------
Metrics filtered by: 'score|length|fps|ratio|train/loss/|train/rand/'
train/loss/con 0.02 / train/loss/disag 1e-3 / train/loss/dyn 1.04 / train/loss/policy 5e-4 / train/loss/position 1.6e-3 / train/loss/rep 1.04 / train/loss/repval 1.53 / train/loss/rew 0.06 / train/loss/valens 1.19 / train/loss/valensrep 1.6 / train/loss/value 1.25 / train/loss/velocity 0.02 / replay/replay_ratio 1040 / fps/policy 44.05 / fps/train 4.5e4

Writing metrics: /workspace/dreamerv3_runs/d1r2_r2probe/d1r2_cup_e1_seed13/metrics.jsonl
Writing metrics: /workspace/dreamerv3_runs/d1r2_r2probe/d1r2_cup_e1_seed13/scores.jsonl
Saving checkpoint: /workspace/dreamerv3_runs/d1r2_r2probe/d1r2_cup_e1_seed13/ckpt/20260722T073853F087223
Saved checkpoint.
[07:39:09] snapshot step=41552 -> /workspace/dreamerv3_runs/d1r2_r2probe/d1r2_cup_e1_seed13/ckpt_snapshots/step000000041552

--------------------[Agent Step 44_256]--------------------
Metrics filtered by: 'score|length|fps|ratio|train/loss/|train/rand/'
train/loss/con 0.02 / train/loss/disag 1.2e-3 / train/loss/dyn 1.04 / train/loss/policy 2e-3 / train/loss/position 1.6e-3 / train/loss/rep 1.04 / train/loss/repval 1.63 / train/loss/rew 0.05 / train/loss/valens 1.38 / train/loss/valensrep 1.73 / train/loss/value 1.07 / train/loss/velocity 0.02 / replay/replay_ratio 1040 / fps/policy 44.05 / fps/train 4.5e4

Writing metrics: /workspace/dreamerv3_runs/d1r2_r2probe/d1r2_cup_e1_seed13/metrics.jsonlWriting metrics: /workspace/dreamerv3_runs/d1r2_r2probe/d1r2_cup_e1_seed13/scores.jsonl


--------------------[Agent Step 49_536]--------------------
Metrics filtered by: 'score|length|fps|ratio|train/loss/|train/rand/'
episode/score 0 / episode/length 1001 / train/loss/con 0.02 / train/loss/disag 1.7e-3 / train/loss/dyn 1.06 / train/loss/policy 4.5e-4 / train/loss/position 2e-3 / train/loss/rep 1.06 / train/loss/repval 1.8 / train/loss/rew 0.05 / train/loss/valens 1.49 / train/loss/valensrep 1.85 / train/loss/value 1.54 / train/loss/velocity 0.03 / replay/replay_ratio 1040 / fps/policy 43.98 / fps/train 4.5e4

Writing metrics: /workspace/dreamerv3_runs/d1r2_r2probe/d1r2_cup_e1_seed13/metrics.jsonlWriting metrics: /workspace/dreamerv3_runs/d1r2_r2probe/d1r2_cup_e1_seed13/scores.jsonl


--------------------[Agent Step 54_816]--------------------
Metrics filtered by: 'score|length|fps|ratio|train/loss/|train/rand/'
train/loss/con 0.02 / train/loss/disag 2e-3 / train/loss/dyn 1.04 / train/loss/policy -5.4e-4 / train/loss/position 1.8e-3 / train/loss/rep 1.04 / train/loss/repval 1.65 / train/loss/rew 0.05 / train/loss/valens 1.21 / train/loss/valensrep 1.62 / train/loss/value 1.3 / train/loss/velocity 0.03 / replay/replay_ratio 1040 / fps/policy 43.98 / fps/train 4.5e4

Writing metrics: /workspace/dreamerv3_runs/d1r2_r2probe/d1r2_cup_e1_seed13/metrics.jsonlWriting metrics: /workspace/dreamerv3_runs/d1r2_r2probe/d1r2_cup_e1_seed13/scores.jsonl


--------------------[Agent Step 60_096]--------------------
Metrics filtered by: 'score|length|fps|ratio|train/loss/|train/rand/'
train/loss/con 0.02 / train/loss/disag 1.5e-3 / train/loss/dyn 1.03 / train/loss/policy 2.1e-4 / train/loss/position 1.1e-3 / train/loss/rep 1.03 / train/loss/repval 1.5 / train/loss/rew 0.04 / train/loss/valens 1.22 / train/loss/valensrep 1.56 / train/loss/value 1.33 / train/loss/velocity 0.02 / replay/replay_ratio 1040 / fps/policy 43.99 / fps/train 4.5e4

Writing metrics: /workspace/dreamerv3_runs/d1r2_r2probe/d1r2_cup_e1_seed13/metrics.jsonlWriting metrics: /workspace/dreamerv3_runs/d1r2_r2probe/d1r2_cup_e1_seed13/scores.jsonl


--------------------[Agent Step 65_392]--------------------
Metrics filtered by: 'score|length|fps|ratio|train/loss/|train/rand/'
episode/score 0 / episode/length 1001 / train/loss/con 0.02 / train/loss/disag 2.9e-3 / train/loss/dyn 1.08 / train/loss/policy 9e-3 / train/loss/position 2e-3 / train/loss/rep 1.08 / train/loss/repval 1.93 / train/loss/rew 0.04 / train/loss/valens 1.56 / train/loss/valensrep 1.84 / train/loss/value 1.73 / train/loss/velocity 0.03 / replay/replay_ratio 1040 / fps/policy 44.02 / fps/train 4.5e4

Writing metrics: /workspace/dreamerv3_runs/d1r2_r2probe/d1r2_cup_e1_seed13/metrics.jsonlWriting metrics: /workspace/dreamerv3_runs/d1r2_r2probe/d1r2_cup_e1_seed13/scores.jsonl


--------------------[Agent Step 70_672]--------------------
Metrics filtered by: 'score|length|fps|ratio|train/loss/|train/rand/'
train/loss/con 0.02 / train/loss/disag 1.8e-3 / train/loss/dyn 1.05 / train/loss/policy 5.4e-4 / train/loss/position 1.1e-3 / train/loss/rep 1.05 / train/loss/repval 1.32 / train/loss/rew 0.05 / train/loss/valens 1.25 / train/loss/valensrep 1.42 / train/loss/value 1.35 / train/loss/velocity 0.02 / replay/replay_ratio 1040 / fps/policy 43.92 / fps/train 4.5e4

Writing metrics: /workspace/dreamerv3_runs/d1r2_r2probe/d1r2_cup_e1_seed13/metrics.jsonl
Writing metrics: /workspace/dreamerv3_runs/d1r2_r2probe/d1r2_cup_e1_seed13/scores.jsonl

--------------------[Agent Step 75_952]--------------------
Metrics filtered by: 'score|length|fps|ratio|train/loss/|train/rand/'
train/loss/con 0.02 / train/loss/disag 1.7e-3 / train/loss/dyn 1.05 / train/loss/policy -0.01 / train/loss/position 1.3e-3 / train/loss/rep 1.05 / train/loss/repval 1.28 / train/loss/rew 0.07 / train/loss/valens 1.18 / train/loss/valensrep 1.3 / train/loss/value 1.25 / train/loss/velocity 0.02 / replay/replay_ratio 1040 / fps/policy 43.93 / fps/train 4.5e4

Writing metrics: /workspace/dreamerv3_runs/d1r2_r2probe/d1r2_cup_e1_seed13/metrics.jsonl
Writing metrics: /workspace/dreamerv3_runs/d1r2_r2probe/d1r2_cup_e1_seed13/scores.jsonl
Saving checkpoint: /workspace/dreamerv3_runs/d1r2_r2probe/d1r2_cup_e1_seed13/ckpt/20260722T075353F121713
Saved checkpoint.

--------------------[Agent Step 81_232]--------------------
Metrics filtered by: 'score|length|fps|ratio|train/loss/|train/rand/'
episode/score 835 / episode/length 1001 / train/loss/con 0.02 / train/loss/disag 1.7e-3 / train/loss/dyn 1.05 / train/loss/policy -0.04 / train/loss/position 1.1e-3 / train/loss/rep 1.05 / train/loss/repval 1.04 / train/loss/rew 0.1 / train/loss/valens 1.09 / train/loss/valensrep 1.16 / train/loss/value 1.09 / train/loss/velocity 0.02 / replay/replay_ratio 1040 / fps/policy 43.9 / fps/train 4.5e4

Writing metrics: /workspace/dreamerv3_runs/d1r2_r2probe/d1r2_cup_e1_seed13/metrics.jsonl
Writing metrics: /workspace/dreamerv3_runs/d1r2_r2probe/d1r2_cup_e1_seed13/scores.jsonl
[07:54:09] snapshot step=81120 -> /workspace/dreamerv3_runs/d1r2_r2probe/d1r2_cup_e1_seed13/ckpt_snapshots/step000000081120

--------------------[Agent Step 86_528]--------------------
Metrics filtered by: 'score|length|fps|ratio|train/loss/|train/rand/'
train/loss/con 0.02 / train/loss/disag 1.7e-3 / train/loss/dyn 1.05 / train/loss/policy -0.04 / train/loss/position 1.3e-3 / train/loss/rep 1.05 / train/loss/repval 1.25 / train/loss/rew 0.13 / train/loss/valens 1.05 / train/loss/valensrep 1.14 / train/loss/value 1 / train/loss/velocity 0.02 / replay/replay_ratio 1040 / fps/policy 44.06 / fps/train 4.5e4

Writing metrics: /workspace/dreamerv3_runs/d1r2_r2probe/d1r2_cup_e1_seed13/metrics.jsonlWriting metrics: /workspace/dreamerv3_runs/d1r2_r2probe/d1r2_cup_e1_seed13/scores.jsonl


--------------------[Agent Step 91_808]--------------------
Metrics filtered by: 'score|length|fps|ratio|train/loss/|train/rand/'
train/loss/con 0.02 / train/loss/disag 1.8e-3 / train/loss/dyn 1.05 / train/loss/policy -0.03 / train/loss/position 1.1e-3 / train/loss/rep 1.05 / train/loss/repval 0.84 / train/loss/rew 0.16 / train/loss/valens 1.08 / train/loss/valensrep 1.07 / train/loss/value 0.99 / train/loss/velocity 0.02 / replay/replay_ratio 1040 / fps/policy 44 / fps/train 4.5e4

Writing metrics: /workspace/dreamerv3_runs/d1r2_r2probe/d1r2_cup_e1_seed13/metrics.jsonlWriting metrics: /workspace/dreamerv3_runs/d1r2_r2probe/d1r2_cup_e1_seed13/scores.jsonl


--------------------[Agent Step 97_104]--------------------
Metrics filtered by: 'score|length|fps|ratio|train/loss/|train/rand/'
episode/score 916 / episode/length 1001 / train/loss/con 0.02 / train/loss/disag 1.7e-3 / train/loss/dyn 1.04 / train/loss/policy -0.02 / train/loss/position 9.4e-4 / train/loss/rep 1.04 / train/loss/repval 1.07 / train/loss/rew 0.19 / train/loss/valens 1.07 / train/loss/valensrep 1.09 / train/loss/value 0.99 / train/loss/velocity 0.02 / replay/replay_ratio 1040 / fps/policy 44.07 / fps/train 4.5e4

Writing metrics: /workspace/dreamerv3_runs/d1r2_r2probe/d1r2_cup_e1_seed13/metrics.jsonlWriting metrics: /workspace/dreamerv3_runs/d1r2_r2probe/d1r2_cup_e1_seed13/scores.jsonl

Stop file seen; final sweep then exit.
 milestone      actual     |err|  snapshot
    100000       81120     18880  /workspace/dreamerv3_runs/d1r2_r2probe/d1r2_cup_e1_seed13/ckpt_snapshots/step000000081120
    200000       81120    118880  /workspace/dreamerv3_runs/d1r2_r2probe/d1r2_cup_e1_seed13/ckpt_snapshots/step000000081120
    300000       81120    218880  /workspace/dreamerv3_runs/d1r2_r2probe/d1r2_cup_e1_seed13/ckpt_snapshots/step000000081120
    400000       81120    318880  /workspace/dreamerv3_runs/d1r2_r2probe/d1r2_cup_e1_seed13/ckpt_snapshots/step000000081120
    500000       81120    418880  /workspace/dreamerv3_runs/d1r2_r2probe/d1r2_cup_e1_seed13/ckpt_snapshots/step000000081120
Done. 3 snapshots retained; worst milestone gap = 418880 steps.
 milestone      actual     |err|  snapshot
     25000       41552     16552  /workspace/dreamerv3_runs/d1r2_r2probe/d1r2_cup_e1_seed13/ckpt_snapshots/step000000041552
[Wed Jul 22 08:01:09 UTC 2026] pilot d1r2_finger_e1_seed11 (task dmc_finger_turn_hard, dose e1)
Watching /workspace/dreamerv3_runs/d1r2_r2probe/d1r2_finger_e1_seed11/ckpt
  -> /workspace/dreamerv3_runs/d1r2_r2probe/d1r2_finger_e1_seed11/ckpt_snapshots
  poll=20.0s  stop_step=100000
---  ___                           __   ______ ---
--- |   \ _ _ ___ __ _ _ __  ___ _ \ \ / /__ / ---
--- | |) | '_/ -_) _` | '  \/ -_) '/\ V / |_ \ ---
--- |___/|_| \___\__,_|_|_|_\___|_|  \_/ |___/ ---
Replica: 0 / 1
Logdir: /workspace/dreamerv3_runs/d1r2_r2probe/d1r2_finger_e1_seed11
Run script: train
Observations
  reward           Space(float32, shape=(), low=-inf, high=inf)
  is_first         Space(bool, shape=(), low=False, high=True)
  is_last          Space(bool, shape=(), low=False, high=True)
  is_terminal      Space(bool, shape=(), low=False, high=True)
  position         Space(float32, shape=(4,), low=-inf, high=inf)
  velocity         Space(float32, shape=(3,), low=-inf, high=inf)
  touch            Space(float32, shape=(2,), low=-inf, high=inf)
  target_position  Space(float32, shape=(2,), low=-inf, high=inf)
  dist_to_target   Space(float32, shape=(), low=-inf, high=inf)
Actions
  action           Space(float32, shape=(2,), low=-1.0, high=1.0)
Extras
  consec           Space(int32, shape=(), low=-2147483648, high=2147483647)
  stepid           Space(uint8, shape=(20,), low=0, high=255)
  dyn/deter        Space(float32, shape=(512,), low=-inf, high=inf)
  dyn/stoch        Space(float32, shape=(32, 4), low=-inf, high=inf)
JAX devices (1): [cuda:0]
Policy devices: cuda:0
Train devices:  cuda:0
Initializing parameters...
/workspace/dreamerv3/embodied/jax/agent.py:112: DeprecationWarning: `with mesh:` context manager has been deprecated. Please use `with jax.set_mesh(mesh):` instead.
  with self.train_mesh:
Optimizer opt has 4,132,234 params:
     3,163,136 disag
       396,666 val
       364,160 dyn
        66,111 valens1
        66,111 valens3
        66,111 valens2
        66,111 valens4
        66,111 valens0
        57,663 rew
        50,316 dec
        49,796 pol
        41,153 con
         9,344 enc
/venv/main/lib/python3.11/site-packages/optax/_src/linear_algebra.py:44: DeprecationWarning: optax.global_norm is deprecated in favor of optax.tree.norm
  warnings.warn(
Done initializing!
Compiling 1 checkpoint groups...
Largest checkpoint group: 0 GB
Compiling train and report...
/workspace/dreamerv3/embodied/jax/agent.py:187: DeprecationWarning: `with mesh:` context manager has been deprecated. Please use `with jax.set_mesh(mesh):` instead.
  with self.train_mesh:
/venv/main/lib/python3.11/site-packages/optax/_src/linear_algebra.py:44: DeprecationWarning: optax.global_norm is deprecated in favor of optax.tree.norm
  warnings.warn(
Train cost analysis:
No available
Report cost analysis:
No available
Done compiling!
Did not find any checkpoint.
Saving checkpoint: /workspace/dreamerv3_runs/d1r2_r2probe/d1r2_finger_e1_seed11/ckpt/20260722T080213F301414
Saved checkpoint.
Start training loop
Start JAX profiler: /workspace/dreamerv3_runs/d1r2_r2probe/d1r2_finger_e1_seed11
Stop JAX profiler
[08:02:29] snapshot step=0 -> /workspace/dreamerv3_runs/d1r2_r2probe/d1r2_finger_e1_seed11/ckpt_snapshots/step000000000000

--------------------[Agent Step 7_168]--------------------
Metrics filtered by: 'score|length|fps|ratio|train/loss/|train/rand/'
train/loss/con 0.05 / train/loss/disag 0.02 / train/loss/dist_to_target 0.02 / train/loss/dyn 1.54 / train/loss/policy 0.14 / train/loss/position 0.22 / train/loss/rep 1.54 / train/loss/repval 3.44 / train/loss/rew 1.03 / train/loss/target_position 0.04 / train/loss/touch 0.07 / train/loss/valens 2.35 / train/loss/valensrep 3.52 / train/loss/value 2.31 / train/loss/velocity 0.65 / replay/replay_ratio 867.01 / fps/policy 58.3 / fps/train 4.3e4

Writing metrics: /workspace/dreamerv3_runs/d1r2_r2probe/d1r2_finger_e1_seed11/metrics.jsonlWriting metrics: /workspace/dreamerv3_runs/d1r2_r2probe/d1r2_finger_e1_seed11/scores.jsonl


--------------------[Agent Step 12_464]--------------------
Metrics filtered by: 'score|length|fps|ratio|train/loss/|train/rand/'
train/loss/con 0.02 / train/loss/disag 3.9e-3 / train/loss/dist_to_target 3.2e-3 / train/loss/dyn 1.13 / train/loss/policy 0.29 / train/loss/position 0.02 / train/loss/rep 1.13 / train/loss/repval 2.3 / train/loss/rew 0.07 / train/loss/target_position 0.01 / train/loss/touch 0.03 / train/loss/valens 2.14 / train/loss/valensrep 2.3 / train/loss/value 2.14 / train/loss/velocity 0.1 / replay/replay_ratio 1040 / fps/policy 44.07 / fps/train 4.5e4

Writing metrics: /workspace/dreamerv3_runs/d1r2_r2probe/d1r2_finger_e1_seed11/metrics.jsonlWriting metrics: /workspace/dreamerv3_runs/d1r2_r2probe/d1r2_finger_e1_seed11/scores.jsonl


--------------------[Agent Step 17_744]--------------------
Metrics filtered by: 'score|length|fps|ratio|train/loss/|train/rand/'
episode/score 0 / episode/length 1001 / train/loss/con 0.02 / train/loss/disag 2.7e-3 / train/loss/dist_to_target 3.3e-3 / train/loss/dyn 1.19 / train/loss/policy 0.01 / train/loss/position 0.02 / train/loss/rep 1.19 / train/loss/repval 1.56 / train/loss/rew 0.06 / train/loss/target_position 0.01 / train/loss/touch 0.03 / train/loss/valens 1.33 / train/loss/valensrep 1.53 / train/loss/value 1.36 / train/loss/velocity 0.08 / replay/replay_ratio 1040 / fps/policy 43.99 / fps/train 4.5e4

Writing metrics: /workspace/dreamerv3_runs/d1r2_r2probe/d1r2_finger_e1_seed11/metrics.jsonlWriting metrics: /workspace/dreamerv3_runs/d1r2_r2probe/d1r2_finger_e1_seed11/scores.jsonl


--------------------[Agent Step 23_040]--------------------
Metrics filtered by: 'score|length|fps|ratio|train/loss/|train/rand/'
train/loss/con 0.02 / train/loss/disag 2.3e-3 / train/loss/dist_to_target 3.7e-3 / train/loss/dyn 1.33 / train/loss/policy -0.06 / train/loss/position 0.02 / train/loss/rep 1.33 / train/loss/repval 1.37 / train/loss/rew 0.05 / train/loss/target_position 0.01 / train/loss/touch 0.03 / train/loss/valens 1.23 / train/loss/valensrep 1.34 / train/loss/value 1.23 / train/loss/velocity 0.09 / replay/replay_ratio 1040 / fps/policy 44 / fps/train 4.5e4

Writing metrics: /workspace/dreamerv3_runs/d1r2_r2probe/d1r2_finger_e1_seed11/metrics.jsonlWriting metrics: /workspace/dreamerv3_runs/d1r2_r2probe/d1r2_finger_e1_seed11/scores.jsonl


--------------------[Agent Step 28_320]--------------------
Metrics filtered by: 'score|length|fps|ratio|train/loss/|train/rand/'
train/loss/con 0.02 / train/loss/disag 2.3e-3 / train/loss/dist_to_target 3.8e-3 / train/loss/dyn 1.42 / train/loss/policy -0.08 / train/loss/position 0.02 / train/loss/rep 1.42 / train/loss/repval 1.44 / train/loss/rew 0.09 / train/loss/target_position 0.01 / train/loss/touch 0.03 / train/loss/valens 1.21 / train/loss/valensrep 1.4 / train/loss/value 1.23 / train/loss/velocity 0.09 / replay/replay_ratio 1040 / fps/policy 43.99 / fps/train 4.5e4

Writing metrics: /workspace/dreamerv3_runs/d1r2_r2probe/d1r2_finger_e1_seed11/metrics.jsonlWriting metrics: /workspace/dreamerv3_runs/d1r2_r2probe/d1r2_finger_e1_seed11/scores.jsonl


--------------------[Agent Step 33_616]--------------------
Metrics filtered by: 'score|length|fps|ratio|train/loss/|train/rand/'
episode/score 0 / episode/length 1001 / train/loss/con 0.02 / train/loss/disag 2.2e-3 / train/loss/dist_to_target 3.5e-3 / train/loss/dyn 1.4 / train/loss/policy -0.04 / train/loss/position 0.02 / train/loss/rep 1.4 / train/loss/repval 1.44 / train/loss/rew 0.05 / train/loss/target_position 0.01 / train/loss/touch 0.02 / train/loss/valens 1.21 / train/loss/valensrep 1.41 / train/loss/value 1.19 / train/loss/velocity 0.07 / replay/replay_ratio 1040 / fps/policy 44.02 / fps/train 4.5e4

Writing metrics: /workspace/dreamerv3_runs/d1r2_r2probe/d1r2_finger_e1_seed11/metrics.jsonlWriting metrics: /workspace/dreamerv3_runs/d1r2_r2probe/d1r2_finger_e1_seed11/scores.jsonl


--------------------[Agent Step 38_912]--------------------
Metrics filtered by: 'score|length|fps|ratio|train/loss/|train/rand/'
train/loss/con 0.02 / train/loss/disag 2.3e-3 / train/loss/dist_to_target 3.7e-3 / train/loss/dyn 1.48 / train/loss/policy -0.05 / train/loss/position 0.02 / train/loss/rep 1.48 / train/loss/repval 1.61 / train/loss/rew 0.11 / train/loss/target_position 0.01 / train/loss/touch 0.02 / train/loss/valens 1.27 / train/loss/valensrep 1.6 / train/loss/value 1.22 / train/loss/velocity 0.08 / replay/replay_ratio 1040 / fps/policy 44.01 / fps/train 4.5e4

Writing metrics: /workspace/dreamerv3_runs/d1r2_r2probe/d1r2_finger_e1_seed11/scores.jsonlWriting metrics: /workspace/dreamerv3_runs/d1r2_r2probe/d1r2_finger_e1_seed11/metrics.jsonl

Saving checkpoint: /workspace/dreamerv3_runs/d1r2_r2probe/d1r2_finger_e1_seed11/ckpt/20260722T081715F408524
Saved checkpoint.
[08:17:29] snapshot step=41504 -> /workspace/dreamerv3_runs/d1r2_r2probe/d1r2_finger_e1_seed11/ckpt_snapshots/step000000041504

--------------------[Agent Step 44_192]--------------------
Metrics filtered by: 'score|length|fps|ratio|train/loss/|train/rand/'
train/loss/con 0.02 / train/loss/disag 2.6e-3 / train/loss/dist_to_target 2.8e-3 / train/loss/dyn 1.62 / train/loss/policy -0.03 / train/loss/position 0.02 / train/loss/rep 1.62 / train/loss/repval 1.83 / train/loss/rew 0.08 / train/loss/target_position 0.01 / train/loss/touch 0.02 / train/loss/valens 1.43 / train/loss/valensrep 1.78 / train/loss/value 1.46 / train/loss/velocity 0.08 / replay/replay_ratio 1040 / fps/policy 43.94 / fps/train 4.5e4

Writing metrics: /workspace/dreamerv3_runs/d1r2_r2probe/d1r2_finger_e1_seed11/metrics.jsonlWriting metrics: /workspace/dreamerv3_runs/d1r2_r2probe/d1r2_finger_e1_seed11/scores.jsonl


--------------------[Agent Step 49_472]--------------------
Metrics filtered by: 'score|length|fps|ratio|train/loss/|train/rand/'
episode/score 237 / episode/length 1001 / train/loss/con 0.02 / train/loss/disag 2.5e-3 / train/loss/dist_to_target 2.2e-3 / train/loss/dyn 1.58 / train/loss/policy -0.02 / train/loss/position 0.02 / train/loss/rep 1.58 / train/loss/repval 1.72 / train/loss/rew 0.07 / train/loss/target_position 0.01 / train/loss/touch 0.02 / train/loss/valens 1.4 / train/loss/valensrep 1.7 / train/loss/value 1.42 / train/loss/velocity 0.08 / replay/replay_ratio 1040 / fps/policy 43.97 / fps/train 4.5e4

Writing metrics: /workspace/dreamerv3_runs/d1r2_r2probe/d1r2_finger_e1_seed11/metrics.jsonl
Writing metrics: /workspace/dreamerv3_runs/d1r2_r2probe/d1r2_finger_e1_seed11/scores.jsonl

--------------------[Agent Step 54_768]--------------------
Metrics filtered by: 'score|length|fps|ratio|train/loss/|train/rand/'
train/loss/con 0.02 / train/loss/disag 2.4e-3 / train/loss/dist_to_target 2.1e-3 / train/loss/dyn 1.57 / train/loss/policy -0.01 / train/loss/position 0.01 / train/loss/rep 1.57 / train/loss/repval 1.79 / train/loss/rew 0.06 / train/loss/target_position 0.01 / train/loss/touch 0.02 / train/loss/valens 1.54 / train/loss/valensrep 1.76 / train/loss/value 1.52 / train/loss/velocity 0.08 / replay/replay_ratio 1040 / fps/policy 44.03 / fps/train 4.5e4

Writing metrics: /workspace/dreamerv3_runs/d1r2_r2probe/d1r2_finger_e1_seed11/metrics.jsonlWriting metrics: /workspace/dreamerv3_runs/d1r2_r2probe/d1r2_finger_e1_seed11/scores.jsonl


--------------------[Agent Step 60_048]--------------------
Metrics filtered by: 'score|length|fps|ratio|train/loss/|train/rand/'
train/loss/con 0.02 / train/loss/disag 2.4e-3 / train/loss/dist_to_target 2.2e-3 / train/loss/dyn 1.64 / train/loss/policy -9.5e-3 / train/loss/position 0.01 / train/loss/rep 1.64 / train/loss/repval 1.78 / train/loss/rew 0.07 / train/loss/target_position 0.01 / train/loss/touch 0.02 / train/loss/valens 1.52 / train/loss/valensrep 1.74 / train/loss/value 1.54 / train/loss/velocity 0.08 / replay/replay_ratio 1040 / fps/policy 43.94 / fps/train 4.5e4

Writing metrics: /workspace/dreamerv3_runs/d1r2_r2probe/d1r2_finger_e1_seed11/metrics.jsonl
Writing metrics: /workspace/dreamerv3_runs/d1r2_r2probe/d1r2_finger_e1_seed11/scores.jsonl

--------------------[Agent Step 65_328]--------------------
Metrics filtered by: 'score|length|fps|ratio|train/loss/|train/rand/'
episode/score 985 / episode/length 1001 / train/loss/con 0.02 / train/loss/disag 2.5e-3 / train/loss/dist_to_target 2e-3 / train/loss/dyn 1.74 / train/loss/policy -4.3e-3 / train/loss/position 0.02 / train/loss/rep 1.74 / train/loss/repval 1.91 / train/loss/rew 0.08 / train/loss/target_position 0.01 / train/loss/touch 0.02 / train/loss/valens 1.53 / train/loss/valensrep 1.88 / train/loss/value 1.56 / train/loss/velocity 0.09 / replay/replay_ratio 1040 / fps/policy 43.95 / fps/train 4.5e4

Writing metrics: /workspace/dreamerv3_runs/d1r2_r2probe/d1r2_finger_e1_seed11/metrics.jsonl
Writing metrics: /workspace/dreamerv3_runs/d1r2_r2probe/d1r2_finger_e1_seed11/scores.jsonl

--------------------[Agent Step 70_624]--------------------
Metrics filtered by: 'score|length|fps|ratio|train/loss/|train/rand/'
train/loss/con 0.02 / train/loss/disag 2.6e-3 / train/loss/dist_to_target 1.9e-3 / train/loss/dyn 1.76 / train/loss/policy -8.7e-3 / train/loss/position 0.02 / train/loss/rep 1.76 / train/loss/repval 2.01 / train/loss/rew 0.09 / train/loss/target_position 0.01 / train/loss/touch 0.02 / train/loss/valens 1.63 / train/loss/valensrep 1.93 / train/loss/value 1.7 / train/loss/velocity 0.08 / replay/replay_ratio 1040 / fps/policy 44.02 / fps/train 4.5e4

Writing metrics: /workspace/dreamerv3_runs/d1r2_r2probe/d1r2_finger_e1_seed11/scores.jsonlWriting metrics: /workspace/dreamerv3_runs/d1r2_r2probe/d1r2_finger_e1_seed11/metrics.jsonl


--------------------[Agent Step 75_904]--------------------
Metrics filtered by: 'score|length|fps|ratio|train/loss/|train/rand/'
train/loss/con 0.02 / train/loss/disag 2.6e-3 / train/loss/dist_to_target 1.7e-3 / train/loss/dyn 1.73 / train/loss/policy -0.01 / train/loss/position 0.01 / train/loss/rep 1.73 / train/loss/repval 1.78 / train/loss/rew 0.09 / train/loss/target_position 0.01 / train/loss/touch 0.02 / train/loss/valens 1.49 / train/loss/valensrep 1.72 / train/loss/value 1.54 / train/loss/velocity 0.08 / replay/replay_ratio 1040 / fps/policy 43.98 / fps/train 4.5e4

Writing metrics: /workspace/dreamerv3_runs/d1r2_r2probe/d1r2_finger_e1_seed11/metrics.jsonl
Writing metrics: /workspace/dreamerv3_runs/d1r2_r2probe/d1r2_finger_e1_seed11/scores.jsonl
Saving checkpoint: /workspace/dreamerv3_runs/d1r2_r2probe/d1r2_finger_e1_seed11/ckpt/20260722T083215F682514
Saved checkpoint.

--------------------[Agent Step 81_184]--------------------
Metrics filtered by: 'score|length|fps|ratio|train/loss/|train/rand/'
episode/score 0 / episode/length 1001 / train/loss/con 0.02 / train/loss/disag 2.7e-3 / train/loss/dist_to_target 1.4e-3 / train/loss/dyn 1.74 / train/loss/policy -9.6e-3 / train/loss/position 0.01 / train/loss/rep 1.74 / train/loss/repval 1.67 / train/loss/rew 0.1 / train/loss/target_position 0.01 / train/loss/touch 0.02 / train/loss/valens 1.38 / train/loss/valensrep 1.65 / train/loss/value 1.43 / train/loss/velocity 0.08 / replay/replay_ratio 1040 / fps/policy 43.92 / fps/train 4.5e4

Writing metrics: /workspace/dreamerv3_runs/d1r2_r2probe/d1r2_finger_e1_seed11/metrics.jsonl
Writing metrics: /workspace/dreamerv3_runs/d1r2_r2probe/d1r2_finger_e1_seed11/scores.jsonl
[08:32:29] snapshot step=81088 -> /workspace/dreamerv3_runs/d1r2_r2probe/d1r2_finger_e1_seed11/ckpt_snapshots/step000000081088

--------------------[Agent Step 86_464]--------------------
Metrics filtered by: 'score|length|fps|ratio|train/loss/|train/rand/'
train/loss/con 0.02 / train/loss/disag 2.7e-3 / train/loss/dist_to_target 1.1e-3 / train/loss/dyn 1.76 / train/loss/policy -3.9e-3 / train/loss/position 0.01 / train/loss/rep 1.76 / train/loss/repval 1.77 / train/loss/rew 0.1 / train/loss/target_position 0.01 / train/loss/touch 0.02 / train/loss/valens 1.39 / train/loss/valensrep 1.73 / train/loss/value 1.43 / train/loss/velocity 0.08 / replay/replay_ratio 1040 / fps/policy 43.99 / fps/train 4.5e4

Writing metrics: /workspace/dreamerv3_runs/d1r2_r2probe/d1r2_finger_e1_seed11/metrics.jsonlWriting metrics: /workspace/dreamerv3_runs/d1r2_r2probe/d1r2_finger_e1_seed11/scores.jsonl


--------------------[Agent Step 91_728]--------------------
Metrics filtered by: 'score|length|fps|ratio|train/loss/|train/rand/'
train/loss/con 0.02 / train/loss/disag 2.7e-3 / train/loss/dist_to_target 9.7e-4 / train/loss/dyn 1.77 / train/loss/policy -2.4e-3 / train/loss/position 0.01 / train/loss/rep 1.77 / train/loss/repval 1.99 / train/loss/rew 0.1 / train/loss/target_position 0.01 / train/loss/touch 0.02 / train/loss/valens 1.59 / train/loss/valensrep 1.97 / train/loss/value 1.61 / train/loss/velocity 0.09 / replay/replay_ratio 1040 / fps/policy 43.85 / fps/train 4.5e4

Writing metrics: /workspace/dreamerv3_runs/d1r2_r2probe/d1r2_finger_e1_seed11/metrics.jsonlWriting metrics: /workspace/dreamerv3_runs/d1r2_r2probe/d1r2_finger_e1_seed11/scores.jsonl


--------------------[Agent Step 97_024]--------------------
Metrics filtered by: 'score|length|fps|ratio|train/loss/|train/rand/'
episode/score 0 / episode/length 1001 / train/loss/con 0.02 / train/loss/disag 2.6e-3 / train/loss/dist_to_target 8.7e-4 / train/loss/dyn 1.74 / train/loss/policy -4.3e-3 / train/loss/position 9.8e-3 / train/loss/rep 1.74 / train/loss/repval 1.97 / train/loss/rew 0.1 / train/loss/target_position 9.9e-3 / train/loss/touch 0.02 / train/loss/valens 1.56 / train/loss/valensrep 1.86 / train/loss/value 1.67 / train/loss/velocity 0.08 / replay/replay_ratio 1040 / fps/policy 44.01 / fps/train 4.5e4

Writing metrics: /workspace/dreamerv3_runs/d1r2_r2probe/d1r2_finger_e1_seed11/metrics.jsonl
Writing metrics: /workspace/dreamerv3_runs/d1r2_r2probe/d1r2_finger_e1_seed11/scores.jsonl
Stop file seen; final sweep then exit.
 milestone      actual     |err|  snapshot
    100000       81088     18912  /workspace/dreamerv3_runs/d1r2_r2probe/d1r2_finger_e1_seed11/ckpt_snapshots/step000000081088
    200000       81088    118912  /workspace/dreamerv3_runs/d1r2_r2probe/d1r2_finger_e1_seed11/ckpt_snapshots/step000000081088
    300000       81088    218912  /workspace/dreamerv3_runs/d1r2_r2probe/d1r2_finger_e1_seed11/ckpt_snapshots/step000000081088
    400000       81088    318912  /workspace/dreamerv3_runs/d1r2_r2probe/d1r2_finger_e1_seed11/ckpt_snapshots/step000000081088
    500000       81088    418912  /workspace/dreamerv3_runs/d1r2_r2probe/d1r2_finger_e1_seed11/ckpt_snapshots/step000000081088
Done. 3 snapshots retained; worst milestone gap = 418912 steps.
 milestone      actual     |err|  snapshot
     25000       41504     16504  /workspace/dreamerv3_runs/d1r2_r2probe/d1r2_finger_e1_seed11/ckpt_snapshots/step000000041504
[Wed Jul 22 08:39:29 UTC 2026] pilot d1r2_finger_e1_seed12 (task dmc_finger_turn_hard, dose e1)
Watching /workspace/dreamerv3_runs/d1r2_r2probe/d1r2_finger_e1_seed12/ckpt
  -> /workspace/dreamerv3_runs/d1r2_r2probe/d1r2_finger_e1_seed12/ckpt_snapshots
  poll=20.0s  stop_step=100000
---  ___                           __   ______ ---
--- |   \ _ _ ___ __ _ _ __  ___ _ \ \ / /__ / ---
--- | |) | '_/ -_) _` | '  \/ -_) '/\ V / |_ \ ---
--- |___/|_| \___\__,_|_|_|_\___|_|  \_/ |___/ ---
Replica: 0 / 1
Logdir: /workspace/dreamerv3_runs/d1r2_r2probe/d1r2_finger_e1_seed12
Run script: train
Observations
  reward           Space(float32, shape=(), low=-inf, high=inf)
  is_first         Space(bool, shape=(), low=False, high=True)
  is_last          Space(bool, shape=(), low=False, high=True)
  is_terminal      Space(bool, shape=(), low=False, high=True)
  position         Space(float32, shape=(4,), low=-inf, high=inf)
  velocity         Space(float32, shape=(3,), low=-inf, high=inf)
  touch            Space(float32, shape=(2,), low=-inf, high=inf)
  target_position  Space(float32, shape=(2,), low=-inf, high=inf)
  dist_to_target   Space(float32, shape=(), low=-inf, high=inf)
Actions
  action           Space(float32, shape=(2,), low=-1.0, high=1.0)
Extras
  consec           Space(int32, shape=(), low=-2147483648, high=2147483647)
  stepid           Space(uint8, shape=(20,), low=0, high=255)
  dyn/deter        Space(float32, shape=(512,), low=-inf, high=inf)
  dyn/stoch        Space(float32, shape=(32, 4), low=-inf, high=inf)
JAX devices (1): [cuda:0]
Policy devices: cuda:0
Train devices:  cuda:0
Initializing parameters...
/workspace/dreamerv3/embodied/jax/agent.py:112: DeprecationWarning: `with mesh:` context manager has been deprecated. Please use `with jax.set_mesh(mesh):` instead.
  with self.train_mesh:
Optimizer opt has 4,132,234 params:
     3,163,136 disag
       396,666 val
       364,160 dyn
        66,111 valens1
        66,111 valens3
        66,111 valens0
        66,111 valens4
        66,111 valens2
        57,663 rew
        50,316 dec
        49,796 pol
        41,153 con
         9,344 enc
/venv/main/lib/python3.11/site-packages/optax/_src/linear_algebra.py:44: DeprecationWarning: optax.global_norm is deprecated in favor of optax.tree.norm
  warnings.warn(
Done initializing!
Compiling 1 checkpoint groups...
Largest checkpoint group: 0 GB
Compiling train and report...
/workspace/dreamerv3/embodied/jax/agent.py:187: DeprecationWarning: `with mesh:` context manager has been deprecated. Please use `with jax.set_mesh(mesh):` instead.
  with self.train_mesh:
/venv/main/lib/python3.11/site-packages/optax/_src/linear_algebra.py:44: DeprecationWarning: optax.global_norm is deprecated in favor of optax.tree.norm
  warnings.warn(
Train cost analysis:
No available
Report cost analysis:
No available
Done compiling!
Did not find any checkpoint.
Saving checkpoint: /workspace/dreamerv3_runs/d1r2_r2probe/d1r2_finger_e1_seed12/ckpt/20260722T084033F567869
Saved checkpoint.
Start training loop
Start JAX profiler: /workspace/dreamerv3_runs/d1r2_r2probe/d1r2_finger_e1_seed12
Stop JAX profiler
[08:40:49] snapshot step=0 -> /workspace/dreamerv3_runs/d1r2_r2probe/d1r2_finger_e1_seed12/ckpt_snapshots/step000000000000

--------------------[Agent Step 7_168]--------------------
Metrics filtered by: 'score|length|fps|ratio|train/loss/|train/rand/'
train/loss/con 0.05 / train/loss/disag 0.03 / train/loss/dist_to_target 0.03 / train/loss/dyn 1.6 / train/loss/policy 0.81 / train/loss/position 0.24 / train/loss/rep 1.6 / train/loss/repval 4.83 / train/loss/rew 1.18 / train/loss/target_position 0.05 / train/loss/touch 0.1 / train/loss/valens 3.46 / train/loss/valensrep 4.85 / train/loss/value 3.42 / train/loss/velocity 0.67 / replay/replay_ratio 867.01 / fps/policy 58.35 / fps/train 4.3e4

Writing metrics: /workspace/dreamerv3_runs/d1r2_r2probe/d1r2_finger_e1_seed12/metrics.jsonl
Writing metrics: /workspace/dreamerv3_runs/d1r2_r2probe/d1r2_finger_e1_seed12/scores.jsonl

--------------------[Agent Step 12_448]--------------------
Metrics filtered by: 'score|length|fps|ratio|train/loss/|train/rand/'
train/loss/con 0.02 / train/loss/disag 3.9e-3 / train/loss/dist_to_target 3.5e-3 / train/loss/dyn 1.17 / train/loss/policy 0.24 / train/loss/position 0.03 / train/loss/rep 1.17 / train/loss/repval 2.03 / train/loss/rew 0.06 / train/loss/target_position 0.01 / train/loss/touch 0.02 / train/loss/valens 1.73 / train/loss/valensrep 1.9 / train/loss/value 1.8 / train/loss/velocity 0.11 / replay/replay_ratio 1040 / fps/policy 43.98 / fps/train 4.5e4

Writing metrics: /workspace/dreamerv3_runs/d1r2_r2probe/d1r2_finger_e1_seed12/scores.jsonlWriting metrics: /workspace/dreamerv3_runs/d1r2_r2probe/d1r2_finger_e1_seed12/metrics.jsonl


--------------------[Agent Step 17_744]--------------------
Metrics filtered by: 'score|length|fps|ratio|train/loss/|train/rand/'
episode/score 0 / episode/length 1001 / train/loss/con 0.02 / train/loss/disag 2.7e-3 / train/loss/dist_to_target 3.5e-3 / train/loss/dyn 1.16 / train/loss/policy 0.13 / train/loss/position 0.02 / train/loss/rep 1.16 / train/loss/repval 1.62 / train/loss/rew 0.1 / train/loss/target_position 0.01 / train/loss/touch 7.1e-3 / train/loss/valens 1.4 / train/loss/valensrep 1.66 / train/loss/value 1.37 / train/loss/velocity 0.08 / replay/replay_ratio 1040 / fps/policy 44.04 / fps/train 4.5e4

Writing metrics: /workspace/dreamerv3_runs/d1r2_r2probe/d1r2_finger_e1_seed12/scores.jsonlWriting metrics: /workspace/dreamerv3_runs/d1r2_r2probe/d1r2_finger_e1_seed12/metrics.jsonl


--------------------[Agent Step 23_024]--------------------
Metrics filtered by: 'score|length|fps|ratio|train/loss/|train/rand/'
train/loss/con 0.02 / train/loss/disag 2.4e-3 / train/loss/dist_to_target 3.7e-3 / train/loss/dyn 1.26 / train/loss/policy 0.06 / train/loss/position 0.02 / train/loss/rep 1.26 / train/loss/repval 1.91 / train/loss/rew 0.09 / train/loss/target_position 0.01 / train/loss/touch 6.4e-3 / train/loss/valens 1.54 / train/loss/valensrep 1.86 / train/loss/value 1.57 / train/loss/velocity 0.08 / replay/replay_ratio 1040 / fps/policy 43.98 / fps/train 4.5e4

Writing metrics: /workspace/dreamerv3_runs/d1r2_r2probe/d1r2_finger_e1_seed12/metrics.jsonlWriting metrics: /workspace/dreamerv3_runs/d1r2_r2probe/d1r2_finger_e1_seed12/scores.jsonl


--------------------[Agent Step 28_304]--------------------
Metrics filtered by: 'score|length|fps|ratio|train/loss/|train/rand/'
train/loss/con 0.02 / train/loss/disag 2.3e-3 / train/loss/dist_to_target 3.5e-3 / train/loss/dyn 1.31 / train/loss/policy 0.02 / train/loss/position 0.02 / train/loss/rep 1.31 / train/loss/repval 1.74 / train/loss/rew 0.09 / train/loss/target_position 0.01 / train/loss/touch 0.01 / train/loss/valens 1.52 / train/loss/valensrep 1.7 / train/loss/value 1.57 / train/loss/velocity 0.09 / replay/replay_ratio 1040 / fps/policy 43.88 / fps/train 4.5e4

Writing metrics: /workspace/dreamerv3_runs/d1r2_r2probe/d1r2_finger_e1_seed12/scores.jsonlWriting metrics: /workspace/dreamerv3_runs/d1r2_r2probe/d1r2_finger_e1_seed12/metrics.jsonl


--------------------[Agent Step 33_584]--------------------
Metrics filtered by: 'score|length|fps|ratio|train/loss/|train/rand/'
episode/score 0 / episode/length 1001 / train/loss/con 0.02 / train/loss/disag 2.2e-3 / train/loss/dist_to_target 3.4e-3 / train/loss/dyn 1.31 / train/loss/policy -0.02 / train/loss/position 0.02 / train/loss/rep 1.31 / train/loss/repval 1.45 / train/loss/rew 0.09 / train/loss/target_position 0.01 / train/loss/touch 0.02 / train/loss/valens 1.25 / train/loss/valensrep 1.42 / train/loss/value 1.27 / train/loss/velocity 0.08 / replay/replay_ratio 1040 / fps/policy 43.91 / fps/train 4.5e4

Writing metrics: /workspace/dreamerv3_runs/d1r2_r2probe/d1r2_finger_e1_seed12/metrics.jsonl
Writing metrics: /workspace/dreamerv3_runs/d1r2_r2probe/d1r2_finger_e1_seed12/scores.jsonl

--------------------[Agent Step 38_880]--------------------
Metrics filtered by: 'score|length|fps|ratio|train/loss/|train/rand/'
train/loss/con 0.02 / train/loss/disag 2.2e-3 / train/loss/dist_to_target 3.4e-3 / train/loss/dyn 1.35 / train/loss/policy -0.03 / train/loss/position 0.02 / train/loss/rep 1.35 / train/loss/repval 1.37 / train/loss/rew 0.11 / train/loss/target_position 0.01 / train/loss/touch 0.02 / train/loss/valens 1.19 / train/loss/valensrep 1.37 / train/loss/value 1.19 / train/loss/velocity 0.08 / replay/replay_ratio 1040 / fps/policy 44.03 / fps/train 4.5e4

Writing metrics: /workspace/dreamerv3_runs/d1r2_r2probe/d1r2_finger_e1_seed12/scores.jsonlWriting metrics: /workspace/dreamerv3_runs/d1r2_r2probe/d1r2_finger_e1_seed12/metrics.jsonl

Saving checkpoint: /workspace/dreamerv3_runs/d1r2_r2probe/d1r2_finger_e1_seed12/ckpt/20260722T085535F860436
Saved checkpoint.
[08:55:49] snapshot step=41472 -> /workspace/dreamerv3_runs/d1r2_r2probe/d1r2_finger_e1_seed12/ckpt_snapshots/step000000041472

--------------------[Agent Step 44_160]--------------------
Metrics filtered by: 'score|length|fps|ratio|train/loss/|train/rand/'
train/loss/con 0.02 / train/loss/disag 2.3e-3 / train/loss/dist_to_target 3.2e-3 / train/loss/dyn 1.42 / train/loss/policy -0.02 / train/loss/position 0.01 / train/loss/rep 1.42 / train/loss/repval 1.42 / train/loss/rew 0.15 / train/loss/target_position 0.01 / train/loss/touch 0.02 / train/loss/valens 1.16 / train/loss/valensrep 1.38 / train/loss/value 1.25 / train/loss/velocity 0.08 / replay/replay_ratio 1040 / fps/policy 43.88 / fps/train 4.5e4

Writing metrics: /workspace/dreamerv3_runs/d1r2_r2probe/d1r2_finger_e1_seed12/metrics.jsonlWriting metrics: /workspace/dreamerv3_runs/d1r2_r2probe/d1r2_finger_e1_seed12/scores.jsonl


--------------------[Agent Step 49_456]--------------------
Metrics filtered by: 'score|length|fps|ratio|train/loss/|train/rand/'
episode/score 0 / episode/length 1001 / train/loss/con 0.02 / train/loss/disag 2.4e-3 / train/loss/dist_to_target 2.6e-3 / train/loss/dyn 1.45 / train/loss/policy -5.4e-3 / train/loss/position 0.01 / train/loss/rep 1.45 / train/loss/repval 1.54 / train/loss/rew 0.17 / train/loss/target_position 0.01 / train/loss/touch 0.02 / train/loss/valens 1.22 / train/loss/valensrep 1.49 / train/loss/value 1.3 / train/loss/velocity 0.08 / replay/replay_ratio 1040 / fps/policy 44.03 / fps/train 4.5e4

Writing metrics: /workspace/dreamerv3_runs/d1r2_r2probe/d1r2_finger_e1_seed12/metrics.jsonlWriting metrics: /workspace/dreamerv3_runs/d1r2_r2probe/d1r2_finger_e1_seed12/scores.jsonl


--------------------[Agent Step 54_736]--------------------
Metrics filtered by: 'score|length|fps|ratio|train/loss/|train/rand/'
train/loss/con 0.02 / train/loss/disag 2.4e-3 / train/loss/dist_to_target 1.4e-3 / train/loss/dyn 1.47 / train/loss/policy -7.9e-3 / train/loss/position 0.01 / train/loss/rep 1.47 / train/loss/repval 1.34 / train/loss/rew 0.14 / train/loss/target_position 0.01 / train/loss/touch 0.02 / train/loss/valens 1.21 / train/loss/valensrep 1.36 / train/loss/value 1.18 / train/loss/velocity 0.08 / replay/replay_ratio 1040 / fps/policy 43.97 / fps/train 4.5e4

Writing metrics: /workspace/dreamerv3_runs/d1r2_r2probe/d1r2_finger_e1_seed12/metrics.jsonl
Writing metrics: /workspace/dreamerv3_runs/d1r2_r2probe/d1r2_finger_e1_seed12/scores.jsonl

--------------------[Agent Step 60_016]--------------------
Metrics filtered by: 'score|length|fps|ratio|train/loss/|train/rand/'
train/loss/con 0.02 / train/loss/disag 2.6e-3 / train/loss/dist_to_target 1.3e-3 / train/loss/dyn 1.59 / train/loss/policy -1.3e-3 / train/loss/position 0.01 / train/loss/rep 1.59 / train/loss/repval 1.64 / train/loss/rew 0.15 / train/loss/target_position 0.01 / train/loss/touch 0.02 / train/loss/valens 1.21 / train/loss/valensrep 1.48 / train/loss/value 1.38 / train/loss/velocity 0.09 / replay/replay_ratio 1040 / fps/policy 43.97 / fps/train 4.5e4

Writing metrics: /workspace/dreamerv3_runs/d1r2_r2probe/d1r2_finger_e1_seed12/metrics.jsonlWriting metrics: /workspace/dreamerv3_runs/d1r2_r2probe/d1r2_finger_e1_seed12/scores.jsonl


--------------------[Agent Step 65_312]--------------------
Metrics filtered by: 'score|length|fps|ratio|train/loss/|train/rand/'
episode/score 0 / episode/length 1001 / train/loss/con 0.02 / train/loss/disag 2.6e-3 / train/loss/dist_to_target 1.1e-3 / train/loss/dyn 1.61 / train/loss/policy -9.5e-3 / train/loss/position 0.01 / train/loss/rep 1.61 / train/loss/repval 1.59 / train/loss/rew 0.15 / train/loss/target_position 0.01 / train/loss/touch 0.03 / train/loss/valens 1.44 / train/loss/valensrep 1.61 / train/loss/value 1.42 / train/loss/velocity 0.09 / replay/replay_ratio 1040 / fps/policy 44.03 / fps/train 4.5e4

Writing metrics: /workspace/dreamerv3_runs/d1r2_r2probe/d1r2_finger_e1_seed12/metrics.jsonlWriting metrics: /workspace/dreamerv3_runs/d1r2_r2probe/d1r2_finger_e1_seed12/scores.jsonl


--------------------[Agent Step 70_576]--------------------
Metrics filtered by: 'score|length|fps|ratio|train/loss/|train/rand/'
train/loss/con 0.02 / train/loss/disag 2.6e-3 / train/loss/dist_to_target 9.9e-4 / train/loss/dyn 1.67 / train/loss/policy -4.8e-3 / train/loss/position 0.01 / train/loss/rep 1.67 / train/loss/repval 1.66 / train/loss/rew 0.14 / train/loss/target_position 0.01 / train/loss/touch 0.03 / train/loss/valens 1.44 / train/loss/valensrep 1.69 / train/loss/value 1.39 / train/loss/velocity 0.09 / replay/replay_ratio 1040 / fps/policy 43.86 / fps/train 4.5e4

Writing metrics: /workspace/dreamerv3_runs/d1r2_r2probe/d1r2_finger_e1_seed12/metrics.jsonl
Writing metrics: /workspace/dreamerv3_runs/d1r2_r2probe/d1r2_finger_e1_seed12/scores.jsonl

--------------------[Agent Step 75_872]--------------------
Metrics filtered by: 'score|length|fps|ratio|train/loss/|train/rand/'
train/loss/con 0.02 / train/loss/disag 2.6e-3 / train/loss/dist_to_target 9.7e-4 / train/loss/dyn 1.66 / train/loss/policy -4e-3 / train/loss/position 0.01 / train/loss/rep 1.66 / train/loss/repval 1.95 / train/loss/rew 0.15 / train/loss/target_position 0.01 / train/loss/touch 0.02 / train/loss/valens 1.61 / train/loss/valensrep 2.01 / train/loss/value 1.53 / train/loss/velocity 0.09 / replay/replay_ratio 1040 / fps/policy 44.1 / fps/train 4.5e4

Writing metrics: /workspace/dreamerv3_runs/d1r2_r2probe/d1r2_finger_e1_seed12/metrics.jsonlWriting metrics: /workspace/dreamerv3_runs/d1r2_r2probe/d1r2_finger_e1_seed12/scores.jsonl

Saving checkpoint: /workspace/dreamerv3_runs/d1r2_r2probe/d1r2_finger_e1_seed12/ckpt/20260722T091036F131064
Saved checkpoint.

--------------------[Agent Step 81_152]--------------------
Metrics filtered by: 'score|length|fps|ratio|train/loss/|train/rand/'
episode/score 29 / episode/length 1001 / train/loss/con 0.02 / train/loss/disag 2.6e-3 / train/loss/dist_to_target 9.7e-4 / train/loss/dyn 1.64 / train/loss/policy -3.7e-3 / train/loss/position 0.01 / train/loss/rep 1.64 / train/loss/repval 1.96 / train/loss/rew 0.14 / train/loss/target_position 0.01 / train/loss/touch 0.02 / train/loss/valens 1.61 / train/loss/valensrep 1.92 / train/loss/value 1.63 / train/loss/velocity 0.08 / replay/replay_ratio 1040 / fps/policy 43.95 / fps/train 4.5e4

Writing metrics: /workspace/dreamerv3_runs/d1r2_r2probe/d1r2_finger_e1_seed12/scores.jsonlWriting metrics: /workspace/dreamerv3_runs/d1r2_r2probe/d1r2_finger_e1_seed12/metrics.jsonl

[09:10:49] snapshot step=81072 -> /workspace/dreamerv3_runs/d1r2_r2probe/d1r2_finger_e1_seed12/ckpt_snapshots/step000000081072

--------------------[Agent Step 86_432]--------------------
Metrics filtered by: 'score|length|fps|ratio|train/loss/|train/rand/'
train/loss/con 0.02 / train/loss/disag 2.7e-3 / train/loss/dist_to_target 1e-3 / train/loss/dyn 1.65 / train/loss/policy -2e-3 / train/loss/position 0.01 / train/loss/rep 1.65 / train/loss/repval 2.16 / train/loss/rew 0.15 / train/loss/target_position 0.01 / train/loss/touch 0.02 / train/loss/valens 1.65 / train/loss/valensrep 2.05 / train/loss/value 1.76 / train/loss/velocity 0.08 / replay/replay_ratio 1040 / fps/policy 43.94 / fps/train 4.5e4

Writing metrics: /workspace/dreamerv3_runs/d1r2_r2probe/d1r2_finger_e1_seed12/metrics.jsonl
Writing metrics: /workspace/dreamerv3_runs/d1r2_r2probe/d1r2_finger_e1_seed12/scores.jsonl

--------------------[Agent Step 91_712]--------------------
Metrics filtered by: 'score|length|fps|ratio|train/loss/|train/rand/'
train/loss/con 0.02 / train/loss/disag 2.7e-3 / train/loss/dist_to_target 9.3e-4 / train/loss/dyn 1.63 / train/loss/policy -2.9e-3 / train/loss/position 0.01 / train/loss/rep 1.63 / train/loss/repval 2.22 / train/loss/rew 0.14 / train/loss/target_position 0.01 / train/loss/touch 0.02 / train/loss/valens 1.72 / train/loss/valensrep 2.11 / train/loss/value 1.83 / train/loss/velocity 0.08 / replay/replay_ratio 1040 / fps/policy 43.95 / fps/train 4.5e4

Writing metrics: /workspace/dreamerv3_runs/d1r2_r2probe/d1r2_finger_e1_seed12/metrics.jsonlWriting metrics: /workspace/dreamerv3_runs/d1r2_r2probe/d1r2_finger_e1_seed12/scores.jsonl


--------------------[Agent Step 97_008]--------------------
Metrics filtered by: 'score|length|fps|ratio|train/loss/|train/rand/'
episode/score 0 / episode/length 1001 / train/loss/con 0.02 / train/loss/disag 2.7e-3 / train/loss/dist_to_target 9.1e-4 / train/loss/dyn 1.64 / train/loss/policy -3.2e-3 / train/loss/position 0.01 / train/loss/rep 1.64 / train/loss/repval 2.28 / train/loss/rew 0.15 / train/loss/target_position 0.01 / train/loss/touch 0.02 / train/loss/valens 1.83 / train/loss/valensrep 2.2 / train/loss/value 1.92 / train/loss/velocity 0.08 / replay/replay_ratio 1040 / fps/policy 44.02 / fps/train 4.5e4

Writing metrics: /workspace/dreamerv3_runs/d1r2_r2probe/d1r2_finger_e1_seed12/metrics.jsonlWriting metrics: /workspace/dreamerv3_runs/d1r2_r2probe/d1r2_finger_e1_seed12/scores.jsonl

Stop file seen; final sweep then exit.
 milestone      actual     |err|  snapshot
    100000       81072     18928  /workspace/dreamerv3_runs/d1r2_r2probe/d1r2_finger_e1_seed12/ckpt_snapshots/step000000081072
    200000       81072    118928  /workspace/dreamerv3_runs/d1r2_r2probe/d1r2_finger_e1_seed12/ckpt_snapshots/step000000081072
    300000       81072    218928  /workspace/dreamerv3_runs/d1r2_r2probe/d1r2_finger_e1_seed12/ckpt_snapshots/step000000081072
    400000       81072    318928  /workspace/dreamerv3_runs/d1r2_r2probe/d1r2_finger_e1_seed12/ckpt_snapshots/step000000081072
    500000       81072    418928  /workspace/dreamerv3_runs/d1r2_r2probe/d1r2_finger_e1_seed12/ckpt_snapshots/step000000081072
Done. 3 snapshots retained; worst milestone gap = 418928 steps.
 milestone      actual     |err|  snapshot
     25000       41472     16472  /workspace/dreamerv3_runs/d1r2_r2probe/d1r2_finger_e1_seed12/ckpt_snapshots/step000000041472
[Wed Jul 22 09:17:49 UTC 2026] pilot d1r2_finger_e1_seed13 (task dmc_finger_turn_hard, dose e1)
Watching /workspace/dreamerv3_runs/d1r2_r2probe/d1r2_finger_e1_seed13/ckpt
  -> /workspace/dreamerv3_runs/d1r2_r2probe/d1r2_finger_e1_seed13/ckpt_snapshots
  poll=20.0s  stop_step=100000
---  ___                           __   ______ ---
--- |   \ _ _ ___ __ _ _ __  ___ _ \ \ / /__ / ---
--- | |) | '_/ -_) _` | '  \/ -_) '/\ V / |_ \ ---
--- |___/|_| \___\__,_|_|_|_\___|_|  \_/ |___/ ---
Replica: 0 / 1
Logdir: /workspace/dreamerv3_runs/d1r2_r2probe/d1r2_finger_e1_seed13
Run script: train
Observations
  reward           Space(float32, shape=(), low=-inf, high=inf)
  is_first         Space(bool, shape=(), low=False, high=True)
  is_last          Space(bool, shape=(), low=False, high=True)
  is_terminal      Space(bool, shape=(), low=False, high=True)
  position         Space(float32, shape=(4,), low=-inf, high=inf)
  velocity         Space(float32, shape=(3,), low=-inf, high=inf)
  touch            Space(float32, shape=(2,), low=-inf, high=inf)
  target_position  Space(float32, shape=(2,), low=-inf, high=inf)
  dist_to_target   Space(float32, shape=(), low=-inf, high=inf)
Actions
  action           Space(float32, shape=(2,), low=-1.0, high=1.0)
Extras
  consec           Space(int32, shape=(), low=-2147483648, high=2147483647)
  stepid           Space(uint8, shape=(20,), low=0, high=255)
  dyn/deter        Space(float32, shape=(512,), low=-inf, high=inf)
  dyn/stoch        Space(float32, shape=(32, 4), low=-inf, high=inf)
JAX devices (1): [cuda:0]
Policy devices: cuda:0
Train devices:  cuda:0
Initializing parameters...
/workspace/dreamerv3/embodied/jax/agent.py:112: DeprecationWarning: `with mesh:` context manager has been deprecated. Please use `with jax.set_mesh(mesh):` instead.
  with self.train_mesh:
Optimizer opt has 4,132,234 params:
     3,163,136 disag
       396,666 val
       364,160 dyn
        66,111 valens0
        66,111 valens4
        66,111 valens1
        66,111 valens2
        66,111 valens3
        57,663 rew
        50,316 dec
        49,796 pol
        41,153 con
         9,344 enc
/venv/main/lib/python3.11/site-packages/optax/_src/linear_algebra.py:44: DeprecationWarning: optax.global_norm is deprecated in favor of optax.tree.norm
  warnings.warn(
Done initializing!
Compiling 1 checkpoint groups...
Largest checkpoint group: 0 GB
Compiling train and report...
/workspace/dreamerv3/embodied/jax/agent.py:187: DeprecationWarning: `with mesh:` context manager has been deprecated. Please use `with jax.set_mesh(mesh):` instead.
  with self.train_mesh:
/venv/main/lib/python3.11/site-packages/optax/_src/linear_algebra.py:44: DeprecationWarning: optax.global_norm is deprecated in favor of optax.tree.norm
  warnings.warn(
Train cost analysis:
No available
Report cost analysis:
No available
Done compiling!
Did not find any checkpoint.
Saving checkpoint: /workspace/dreamerv3_runs/d1r2_r2probe/d1r2_finger_e1_seed13/ckpt/20260722T091853F820397
Saved checkpoint.
Start training loop
Start JAX profiler: /workspace/dreamerv3_runs/d1r2_r2probe/d1r2_finger_e1_seed13
Stop JAX profiler
[09:19:09] snapshot step=0 -> /workspace/dreamerv3_runs/d1r2_r2probe/d1r2_finger_e1_seed13/ckpt_snapshots/step000000000000

--------------------[Agent Step 7_152]--------------------
Metrics filtered by: 'score|length|fps|ratio|train/loss/|train/rand/'
train/loss/con 0.04 / train/loss/disag 0.03 / train/loss/dist_to_target 0.02 / train/loss/dyn 1.72 / train/loss/policy 0.7 / train/loss/position 0.25 / train/loss/rep 1.72 / train/loss/repval 4.54 / train/loss/rew 1.13 / train/loss/target_position 0.04 / train/loss/touch 0.08 / train/loss/valens 3.41 / train/loss/valensrep 4.69 / train/loss/value 3.27 / train/loss/velocity 0.69 / replay/replay_ratio 866.55 / fps/policy 58.18 / fps/train 4.3e4

Writing metrics: /workspace/dreamerv3_runs/d1r2_r2probe/d1r2_finger_e1_seed13/scores.jsonl
Writing metrics: /workspace/dreamerv3_runs/d1r2_r2probe/d1r2_finger_e1_seed13/metrics.jsonl

--------------------[Agent Step 12_448]--------------------
Metrics filtered by: 'score|length|fps|ratio|train/loss/|train/rand/'
train/loss/con 0.02 / train/loss/disag 3.8e-3 / train/loss/dist_to_target 3.9e-3 / train/loss/dyn 1.13 / train/loss/policy 0.16 / train/loss/position 0.03 / train/loss/rep 1.13 / train/loss/repval 2.23 / train/loss/rew 0.08 / train/loss/target_position 0.01 / train/loss/touch 0.02 / train/loss/valens 1.97 / train/loss/valensrep 2.2 / train/loss/value 1.78 / train/loss/velocity 0.1 / replay/replay_ratio 1040 / fps/policy 44.03 / fps/train 4.5e4

Writing metrics: /workspace/dreamerv3_runs/d1r2_r2probe/d1r2_finger_e1_seed13/scores.jsonl
Writing metrics: /workspace/dreamerv3_runs/d1r2_r2probe/d1r2_finger_e1_seed13/metrics.jsonl

--------------------[Agent Step 17_744]--------------------
Metrics filtered by: 'score|length|fps|ratio|train/loss/|train/rand/'
episode/score 24 / episode/length 1001 / train/loss/con 0.02 / train/loss/disag 2.9e-3 / train/loss/dist_to_target 3.2e-3 / train/loss/dyn 1.3 / train/loss/policy 0.03 / train/loss/position 0.02 / train/loss/rep 1.3 / train/loss/repval 1.74 / train/loss/rew 0.12 / train/loss/target_position 0.01 / train/loss/touch 0.02 / train/loss/valens 1.34 / train/loss/valensrep 1.63 / train/loss/value 1.43 / train/loss/velocity 0.09 / replay/replay_ratio 1040 / fps/policy 44.01 / fps/train 4.5e4

Writing metrics: /workspace/dreamerv3_runs/d1r2_r2probe/d1r2_finger_e1_seed13/metrics.jsonl
Writing metrics: /workspace/dreamerv3_runs/d1r2_r2probe/d1r2_finger_e1_seed13/scores.jsonl

--------------------[Agent Step 23_040]--------------------
Metrics filtered by: 'score|length|fps|ratio|train/loss/|train/rand/'
train/loss/con 0.02 / train/loss/disag 2.6e-3 / train/loss/dist_to_target 2e-3 / train/loss/dyn 1.48 / train/loss/policy -7.6e-4 / train/loss/position 0.02 / train/loss/rep 1.48 / train/loss/repval 1.81 / train/loss/rew 0.07 / train/loss/target_position 0.01 / train/loss/touch 0.03 / train/loss/valens 1.48 / train/loss/valensrep 1.73 / train/loss/value 1.56 / train/loss/velocity 0.09 / replay/replay_ratio 1040 / fps/policy 44.07 / fps/train 4.5e4

Writing metrics: /workspace/dreamerv3_runs/d1r2_r2probe/d1r2_finger_e1_seed13/metrics.jsonlWriting metrics: /workspace/dreamerv3_runs/d1r2_r2probe/d1r2_finger_e1_seed13/scores.jsonl


--------------------[Agent Step 28_320]--------------------
Metrics filtered by: 'score|length|fps|ratio|train/loss/|train/rand/'
train/loss/con 0.02 / train/loss/disag 2.3e-3 / train/loss/dist_to_target 1.6e-3 / train/loss/dyn 1.45 / train/loss/policy 5.8e-3 / train/loss/position 0.02 / train/loss/rep 1.45 / train/loss/repval 1.87 / train/loss/rew 0.06 / train/loss/target_position 0.01 / train/loss/touch 0.02 / train/loss/valens 1.57 / train/loss/valensrep 1.87 / train/loss/value 1.54 / train/loss/velocity 0.09 / replay/replay_ratio 1040 / fps/policy 43.91 / fps/train 4.5e4

Writing metrics: /workspace/dreamerv3_runs/d1r2_r2probe/d1r2_finger_e1_seed13/scores.jsonl
Writing metrics: /workspace/dreamerv3_runs/d1r2_r2probe/d1r2_finger_e1_seed13/metrics.jsonl

--------------------[Agent Step 33_616]--------------------
Metrics filtered by: 'score|length|fps|ratio|train/loss/|train/rand/'
episode/score 0 / episode/length 1001 / train/loss/con 0.02 / train/loss/disag 2.2e-3 / train/loss/dist_to_target 1.6e-3 / train/loss/dyn 1.4 / train/loss/policy -7.5e-3 / train/loss/position 0.02 / train/loss/rep 1.4 / train/loss/repval 1.79 / train/loss/rew 0.07 / train/loss/target_position 0.01 / train/loss/touch 0.02 / train/loss/valens 1.47 / train/loss/valensrep 1.76 / train/loss/value 1.5 / train/loss/velocity 0.08 / replay/replay_ratio 1040 / fps/policy 44.01 / fps/train 4.5e4

Writing metrics: /workspace/dreamerv3_runs/d1r2_r2probe/d1r2_finger_e1_seed13/metrics.jsonl
Writing metrics: /workspace/dreamerv3_runs/d1r2_r2probe/d1r2_finger_e1_seed13/scores.jsonl

--------------------[Agent Step 38_896]--------------------
Metrics filtered by: 'score|length|fps|ratio|train/loss/|train/rand/'
train/loss/con 0.02 / train/loss/disag 2.3e-3 / train/loss/dist_to_target 1.8e-3 / train/loss/dyn 1.5 / train/loss/policy -1.5e-3 / train/loss/position 0.02 / train/loss/rep 1.5 / train/loss/repval 2.16 / train/loss/rew 0.08 / train/loss/target_position 0.01 / train/loss/touch 0.02 / train/loss/valens 1.65 / train/loss/valensrep 2.07 / train/loss/value 1.73 / train/loss/velocity 0.08 / replay/replay_ratio 1040 / fps/policy 43.98 / fps/train 4.5e4

Writing metrics: /workspace/dreamerv3_runs/d1r2_r2probe/d1r2_finger_e1_seed13/scores.jsonlWriting metrics: /workspace/dreamerv3_runs/d1r2_r2probe/d1r2_finger_e1_seed13/metrics.jsonl

Saving checkpoint: /workspace/dreamerv3_runs/d1r2_r2probe/d1r2_finger_e1_seed13/ckpt/20260722T093355F856685
Saved checkpoint.
[09:34:09] snapshot step=41472 -> /workspace/dreamerv3_runs/d1r2_r2probe/d1r2_finger_e1_seed13/ckpt_snapshots/step000000041472

--------------------[Agent Step 44_176]--------------------
Metrics filtered by: 'score|length|fps|ratio|train/loss/|train/rand/'
train/loss/con 0.02 / train/loss/disag 2.2e-3 / train/loss/dist_to_target 2e-3 / train/loss/dyn 1.5 / train/loss/policy 8.4e-4 / train/loss/position 0.02 / train/loss/rep 1.5 / train/loss/repval 1.95 / train/loss/rew 0.07 / train/loss/target_position 0.01 / train/loss/touch 0.02 / train/loss/valens 1.6 / train/loss/valensrep 1.89 / train/loss/value 1.64 / train/loss/velocity 0.09 / replay/replay_ratio 1040 / fps/policy 43.9 / fps/train 4.5e4

Writing metrics: /workspace/dreamerv3_runs/d1r2_r2probe/d1r2_finger_e1_seed13/metrics.jsonl
Writing metrics: /workspace/dreamerv3_runs/d1r2_r2probe/d1r2_finger_e1_seed13/scores.jsonl

--------------------[Agent Step 49_472]--------------------
Metrics filtered by: 'score|length|fps|ratio|train/loss/|train/rand/'
episode/score 54 / episode/length 1001 / train/loss/con 0.02 / train/loss/disag 2.5e-3 / train/loss/dist_to_target 2.1e-3 / train/loss/dyn 1.63 / train/loss/policy -9.3e-3 / train/loss/position 0.02 / train/loss/rep 1.63 / train/loss/repval 2.22 / train/loss/rew 0.09 / train/loss/target_position 0.01 / train/loss/touch 0.02 / train/loss/valens 1.83 / train/loss/valensrep 2.13 / train/loss/value 1.93 / train/loss/velocity 0.09 / replay/replay_ratio 1040 / fps/policy 44.03 / fps/train 4.5e4

Writing metrics: /workspace/dreamerv3_runs/d1r2_r2probe/d1r2_finger_e1_seed13/metrics.jsonlWriting metrics: /workspace/dreamerv3_runs/d1r2_r2probe/d1r2_finger_e1_seed13/scores.jsonl


--------------------[Agent Step 54_752]--------------------
Metrics filtered by: 'score|length|fps|ratio|train/loss/|train/rand/'
train/loss/con 0.02 / train/loss/disag 2.6e-3 / train/loss/dist_to_target 1.9e-3 / train/loss/dyn 1.68 / train/loss/policy -0.01 / train/loss/position 0.02 / train/loss/rep 1.68 / train/loss/repval 2.36 / train/loss/rew 0.08 / train/loss/target_position 0.01 / train/loss/touch 0.02 / train/loss/valens 1.94 / train/loss/valensrep 2.32 / train/loss/value 1.99 / train/loss/velocity 0.09 / replay/replay_ratio 1040 / fps/policy 43.93 / fps/train 4.5e4

Writing metrics: /workspace/dreamerv3_runs/d1r2_r2probe/d1r2_finger_e1_seed13/scores.jsonl
Writing metrics: /workspace/dreamerv3_runs/d1r2_r2probe/d1r2_finger_e1_seed13/metrics.jsonl

--------------------[Agent Step 60_032]--------------------
Metrics filtered by: 'score|length|fps|ratio|train/loss/|train/rand/'
train/loss/con 0.02 / train/loss/disag 2.6e-3 / train/loss/dist_to_target 1.6e-3 / train/loss/dyn 1.64 / train/loss/policy -7.3e-3 / train/loss/position 0.01 / train/loss/rep 1.64 / train/loss/repval 2.5 / train/loss/rew 0.1 / train/loss/target_position 0.01 / train/loss/touch 0.02 / train/loss/valens 1.99 / train/loss/valensrep 2.42 / train/loss/value 2.03 / train/loss/velocity 0.08 / replay/replay_ratio 1040 / fps/policy 43.92 / fps/train 4.5e4

Writing metrics: /workspace/dreamerv3_runs/d1r2_r2probe/d1r2_finger_e1_seed13/metrics.jsonlWriting metrics: /workspace/dreamerv3_runs/d1r2_r2probe/d1r2_finger_e1_seed13/scores.jsonl


--------------------[Agent Step 65_328]--------------------
Metrics filtered by: 'score|length|fps|ratio|train/loss/|train/rand/'
episode/score 952 / episode/length 1001 / train/loss/con 0.02 / train/loss/disag 2.6e-3 / train/loss/dist_to_target 1.4e-3 / train/loss/dyn 1.63 / train/loss/policy -5.6e-3 / train/loss/position 0.01 / train/loss/rep 1.63 / train/loss/repval 2.54 / train/loss/rew 0.14 / train/loss/target_position 9.6e-3 / train/loss/touch 0.02 / train/loss/valens 1.98 / train/loss/valensrep 2.42 / train/loss/value 2.07 / train/loss/velocity 0.08 / replay/replay_ratio 1040 / fps/policy 44.02 / fps/train 4.5e4

Writing metrics: /workspace/dreamerv3_runs/d1r2_r2probe/d1r2_finger_e1_seed13/scores.jsonl
Writing metrics: /workspace/dreamerv3_runs/d1r2_r2probe/d1r2_finger_e1_seed13/metrics.jsonl

--------------------[Agent Step 70_608]--------------------
Metrics filtered by: 'score|length|fps|ratio|train/loss/|train/rand/'
train/loss/con 0.02 / train/loss/disag 2.6e-3 / train/loss/dist_to_target 1.1e-3 / train/loss/dyn 1.64 / train/loss/policy -1.7e-3 / train/loss/position 0.01 / train/loss/rep 1.64 / train/loss/repval 2.52 / train/loss/rew 0.13 / train/loss/target_position 9.5e-3 / train/loss/touch 0.01 / train/loss/valens 1.98 / train/loss/valensrep 2.47 / train/loss/value 1.99 / train/loss/velocity 0.08 / replay/replay_ratio 1040 / fps/policy 43.96 / fps/train 4.5e4

Writing metrics: /workspace/dreamerv3_runs/d1r2_r2probe/d1r2_finger_e1_seed13/metrics.jsonlWriting metrics: /workspace/dreamerv3_runs/d1r2_r2probe/d1r2_finger_e1_seed13/scores.jsonl


--------------------[Agent Step 75_888]--------------------
Metrics filtered by: 'score|length|fps|ratio|train/loss/|train/rand/'
train/loss/con 0.02 / train/loss/disag 2.6e-3 / train/loss/dist_to_target 9.4e-4 / train/loss/dyn 1.59 / train/loss/policy 4.7e-3 / train/loss/position 0.01 / train/loss/rep 1.59 / train/loss/repval 2.26 / train/loss/rew 0.13 / train/loss/target_position 9.5e-3 / train/loss/touch 0.01 / train/loss/valens 1.8 / train/loss/valensrep 2.23 / train/loss/value 1.83 / train/loss/velocity 0.07 / replay/replay_ratio 1040 / fps/policy 43.99 / fps/train 4.5e4

Writing metrics: /workspace/dreamerv3_runs/d1r2_r2probe/d1r2_finger_e1_seed13/scores.jsonlWriting metrics: /workspace/dreamerv3_runs/d1r2_r2probe/d1r2_finger_e1_seed13/metrics.jsonl

Saving checkpoint: /workspace/dreamerv3_runs/d1r2_r2probe/d1r2_finger_e1_seed13/ckpt/20260722T094856F060358
Saved checkpoint.

--------------------[Agent Step 81_168]--------------------
Metrics filtered by: 'score|length|fps|ratio|train/loss/|train/rand/'
episode/score 9 / episode/length 1001 / train/loss/con 0.02 / train/loss/disag 2.8e-3 / train/loss/dist_to_target 9.7e-4 / train/loss/dyn 1.59 / train/loss/policy -1.1e-3 / train/loss/position 0.01 / train/loss/rep 1.59 / train/loss/repval 2.44 / train/loss/rew 0.12 / train/loss/target_position 9.6e-3 / train/loss/touch 0.01 / train/loss/valens 1.81 / train/loss/valensrep 2.28 / train/loss/value 1.95 / train/loss/velocity 0.08 / replay/replay_ratio 1040 / fps/policy 44 / fps/train 4.5e4

Writing metrics: /workspace/dreamerv3_runs/d1r2_r2probe/d1r2_finger_e1_seed13/metrics.jsonl
Writing metrics: /workspace/dreamerv3_runs/d1r2_r2probe/d1r2_finger_e1_seed13/scores.jsonl
[09:49:10] snapshot step=81056 -> /workspace/dreamerv3_runs/d1r2_r2probe/d1r2_finger_e1_seed13/ckpt_snapshots/step000000081056

--------------------[Agent Step 86_464]--------------------
Metrics filtered by: 'score|length|fps|ratio|train/loss/|train/rand/'
train/loss/con 0.02 / train/loss/disag 2.9e-3 / train/loss/dist_to_target 9.6e-4 / train/loss/dyn 1.59 / train/loss/policy 1.5e-3 / train/loss/position 0.01 / train/loss/rep 1.59 / train/loss/repval 2.41 / train/loss/rew 0.12 / train/loss/target_position 9.7e-3 / train/loss/touch 0.01 / train/loss/valens 1.85 / train/loss/valensrep 2.37 / train/loss/value 1.9 / train/loss/velocity 0.08 / replay/replay_ratio 1040 / fps/policy 44.04 / fps/train 4.5e4

Writing metrics: /workspace/dreamerv3_runs/d1r2_r2probe/d1r2_finger_e1_seed13/scores.jsonlWriting metrics: /workspace/dreamerv3_runs/d1r2_r2probe/d1r2_finger_e1_seed13/metrics.jsonl


--------------------[Agent Step 91_744]--------------------
Metrics filtered by: 'score|length|fps|ratio|train/loss/|train/rand/'
train/loss/con 0.02 / train/loss/disag 3e-3 / train/loss/dist_to_target 9.1e-4 / train/loss/dyn 1.55 / train/loss/policy -5.8e-5 / train/loss/position 0.01 / train/loss/rep 1.55 / train/loss/repval 2.27 / train/loss/rew 0.11 / train/loss/target_position 9.4e-3 / train/loss/touch 0.01 / train/loss/valens 1.84 / train/loss/valensrep 2.33 / train/loss/value 1.79 / train/loss/velocity 0.07 / replay/replay_ratio 1040 / fps/policy 43.95 / fps/train 4.5e4

Writing metrics: /workspace/dreamerv3_runs/d1r2_r2probe/d1r2_finger_e1_seed13/scores.jsonlWriting metrics: /workspace/dreamerv3_runs/d1r2_r2probe/d1r2_finger_e1_seed13/metrics.jsonl


--------------------[Agent Step 97_024]--------------------
Metrics filtered by: 'score|length|fps|ratio|train/loss/|train/rand/'
episode/score 0 / episode/length 1001 / train/loss/con 0.02 / train/loss/disag 3.1e-3 / train/loss/dist_to_target 8.4e-4 / train/loss/dyn 1.53 / train/loss/policy 1.2e-3 / train/loss/position 1e-2 / train/loss/rep 1.53 / train/loss/repval 2.46 / train/loss/rew 0.1 / train/loss/target_position 9.2e-3 / train/loss/touch 0.01 / train/loss/valens 1.92 / train/loss/valensrep 2.42 / train/loss/value 1.97 / train/loss/velocity 0.07 / replay/replay_ratio 1040 / fps/policy 43.97 / fps/train 4.5e4

Writing metrics: /workspace/dreamerv3_runs/d1r2_r2probe/d1r2_finger_e1_seed13/metrics.jsonlWriting metrics: /workspace/dreamerv3_runs/d1r2_r2probe/d1r2_finger_e1_seed13/scores.jsonl

Stop file seen; final sweep then exit.
 milestone      actual     |err|  snapshot
    100000       81056     18944  /workspace/dreamerv3_runs/d1r2_r2probe/d1r2_finger_e1_seed13/ckpt_snapshots/step000000081056
    200000       81056    118944  /workspace/dreamerv3_runs/d1r2_r2probe/d1r2_finger_e1_seed13/ckpt_snapshots/step000000081056
    300000       81056    218944  /workspace/dreamerv3_runs/d1r2_r2probe/d1r2_finger_e1_seed13/ckpt_snapshots/step000000081056
    400000       81056    318944  /workspace/dreamerv3_runs/d1r2_r2probe/d1r2_finger_e1_seed13/ckpt_snapshots/step000000081056
    500000       81056    418944  /workspace/dreamerv3_runs/d1r2_r2probe/d1r2_finger_e1_seed13/ckpt_snapshots/step000000081056
Done. 3 snapshots retained; worst milestone gap = 418944 steps.
 milestone      actual     |err|  snapshot
     25000       41472     16472  /workspace/dreamerv3_runs/d1r2_r2probe/d1r2_finger_e1_seed13/ckpt_snapshots/step000000041472
[Wed Jul 22 09:56:10 UTC 2026] pilot d1r2_cup_e4_seed11 (task dmc_cup_catch, dose e4)
Watching /workspace/dreamerv3_runs/d1r2_r2probe/d1r2_cup_e4_seed11/ckpt
  -> /workspace/dreamerv3_runs/d1r2_r2probe/d1r2_cup_e4_seed11/ckpt_snapshots
  poll=20.0s  stop_step=100000
---  ___                           __   ______ ---
--- |   \ _ _ ___ __ _ _ __  ___ _ \ \ / /__ / ---
--- | |) | '_/ -_) _` | '  \/ -_) '/\ V / |_ \ ---
--- |___/|_| \___\__,_|_|_|_\___|_|  \_/ |___/ ---
Replica: 0 / 1
Logdir: /workspace/dreamerv3_runs/d1r2_r2probe/d1r2_cup_e4_seed11
Run script: train
Observations
  reward           Space(float32, shape=(), low=-inf, high=inf)
  is_first         Space(bool, shape=(), low=False, high=True)
  is_last          Space(bool, shape=(), low=False, high=True)
  is_terminal      Space(bool, shape=(), low=False, high=True)
  position         Space(float32, shape=(4,), low=-inf, high=inf)
  velocity         Space(float32, shape=(4,), low=-inf, high=inf)
  distractor       Space(float32, shape=(32,), low=-inf, high=inf)
Actions
  action           Space(float32, shape=(2,), low=-1.0, high=1.0)
Extras
  consec           Space(int32, shape=(), low=-2147483648, high=2147483647)
  stepid           Space(uint8, shape=(20,), low=0, high=255)
  dyn/deter        Space(float32, shape=(512,), low=-inf, high=inf)
  dyn/stoch        Space(float32, shape=(32, 4), low=-inf, high=inf)
JAX devices (1): [cuda:0]
Policy devices: cuda:0
Train devices:  cuda:0
Initializing parameters...
/workspace/dreamerv3/embodied/jax/agent.py:112: DeprecationWarning: `with mesh:` context manager has been deprecated. Please use `with jax.set_mesh(mesh):` instead.
  with self.train_mesh:
Optimizer opt has 4,135,846 params:
     3,163,136 disag
       396,666 val
       364,160 dyn
        66,111 valens2
        66,111 valens4
        66,111 valens0
        66,111 valens3
        66,111 valens1
        57,663 rew
        52,136 dec
        49,796 pol
        41,153 con
        11,136 enc
/venv/main/lib/python3.11/site-packages/optax/_src/linear_algebra.py:44: DeprecationWarning: optax.global_norm is deprecated in favor of optax.tree.norm
  warnings.warn(
Done initializing!
Compiling 1 checkpoint groups...
Largest checkpoint group: 0 GB
Compiling train and report...
/workspace/dreamerv3/embodied/jax/agent.py:187: DeprecationWarning: `with mesh:` context manager has been deprecated. Please use `with jax.set_mesh(mesh):` instead.
  with self.train_mesh:
/venv/main/lib/python3.11/site-packages/optax/_src/linear_algebra.py:44: DeprecationWarning: optax.global_norm is deprecated in favor of optax.tree.norm
  warnings.warn(
Train cost analysis:
No available
Report cost analysis:
No available
Done compiling!
Did not find any checkpoint.
Saving checkpoint: /workspace/dreamerv3_runs/d1r2_r2probe/d1r2_cup_e4_seed11/ckpt/20260722T095713F705030
Saved checkpoint.
Start training loop
Start JAX profiler: /workspace/dreamerv3_runs/d1r2_r2probe/d1r2_cup_e4_seed11
Stop JAX profiler
[09:57:30] snapshot step=0 -> /workspace/dreamerv3_runs/d1r2_r2probe/d1r2_cup_e4_seed11/ckpt_snapshots/step000000000000

--------------------[Agent Step 7_184]--------------------
Metrics filtered by: 'score|length|fps|ratio|train/loss/|train/rand/'
train/loss/con 0.04 / train/loss/disag 0.03 / train/loss/distractor 11.27 / train/loss/dyn 4.43 / train/loss/policy 0.6 / train/loss/position 0.1 / train/loss/rep 4.43 / train/loss/repval 4.45 / train/loss/rew 1.14 / train/loss/valens 3.19 / train/loss/valensrep 4.63 / train/loss/value 3.03 / train/loss/velocity 0.63 / replay/replay_ratio 867.45 / fps/policy 58.31 / fps/train 4.3e4

Writing metrics: /workspace/dreamerv3_runs/d1r2_r2probe/d1r2_cup_e4_seed11/metrics.jsonlWriting metrics: /workspace/dreamerv3_runs/d1r2_r2probe/d1r2_cup_e4_seed11/scores.jsonl


--------------------[Agent Step 12_480]--------------------
Metrics filtered by: 'score|length|fps|ratio|train/loss/|train/rand/'
train/loss/con 0.02 / train/loss/disag 0.01 / train/loss/distractor 6.64 / train/loss/dyn 7.64 / train/loss/policy 0.27 / train/loss/position 0.03 / train/loss/rep 7.64 / train/loss/repval 2 / train/loss/rew 0.1 / train/loss/valens 1.74 / train/loss/valensrep 1.96 / train/loss/value 1.75 / train/loss/velocity 0.35 / replay/replay_ratio 1040 / fps/policy 44.08 / fps/train 4.5e4

Writing metrics: /workspace/dreamerv3_runs/d1r2_r2probe/d1r2_cup_e4_seed11/scores.jsonl
Writing metrics: /workspace/dreamerv3_runs/d1r2_r2probe/d1r2_cup_e4_seed11/metrics.jsonl
Distractor refsd frozen at 0.34026 (1000 steps, 8 proprio dims).
Distractor refsd frozen at 0.32112 (1000 steps, 8 proprio dims).
Distractor refsd frozen at 0.30291 (1000 steps, 8 proprio dims).
Distractor refsd frozen at 0.36876 (1000 steps, 8 proprio dims).
Distractor refsd frozen at 0.32583 (1000 steps, 8 proprio dims).
Distractor refsd frozen at 0.30453 (1000 steps, 8 proprio dims).
Distractor refsd frozen at 0.32658 (1000 steps, 8 proprio dims).
Distractor refsd frozen at 0.36591 (1000 steps, 8 proprio dims).
Distractor refsd frozen at 0.36224 (1000 steps, 8 proprio dims).
Distractor refsd frozen at 0.35189 (1000 steps, 8 proprio dims).
Distractor refsd frozen at 0.29967 (1000 steps, 8 proprio dims).
Distractor refsd frozen at 0.31903 (1000 steps, 8 proprio dims).
Distractor refsd frozen at 0.32230 (1000 steps, 8 proprio dims).
Distractor refsd frozen at 0.34968 (1000 steps, 8 proprio dims).
Distractor refsd frozen at 0.35575 (1000 steps, 8 proprio dims).
Distractor refsd frozen at 0.31998 (1000 steps, 8 proprio dims).

--------------------[Agent Step 17_776]--------------------
Metrics filtered by: 'score|length|fps|ratio|train/loss/|train/rand/'
episode/score 0 / episode/length 1001 / train/loss/con 0.02 / train/loss/disag 9.7e-3 / train/loss/distractor 5.47 / train/loss/dyn 9.01 / train/loss/policy -0.07 / train/loss/position 0.03 / train/loss/rep 9.01 / train/loss/repval 1.74 / train/loss/rew 0.08 / train/loss/valens 1.37 / train/loss/valensrep 1.68 / train/loss/value 1.44 / train/loss/velocity 0.31 / replay/replay_ratio 1040 / fps/policy 44.07 / fps/train 4.5e4

Writing metrics: /workspace/dreamerv3_runs/d1r2_r2probe/d1r2_cup_e4_seed11/metrics.jsonlWriting metrics: /workspace/dreamerv3_runs/d1r2_r2probe/d1r2_cup_e4_seed11/scores.jsonl


--------------------[Agent Step 23_088]--------------------
Metrics filtered by: 'score|length|fps|ratio|train/loss/|train/rand/'
train/loss/con 0.02 / train/loss/disag 9.9e-3 / train/loss/distractor 4.84 / train/loss/dyn 9.92 / train/loss/policy -0.09 / train/loss/position 0.02 / train/loss/rep 9.92 / train/loss/repval 2.12 / train/loss/rew 0.16 / train/loss/valens 1.41 / train/loss/valensrep 1.9 / train/loss/value 1.58 / train/loss/velocity 0.26 / replay/replay_ratio 1040 / fps/policy 44.14 / fps/train 4.5e4

Writing metrics: /workspace/dreamerv3_runs/d1r2_r2probe/d1r2_cup_e4_seed11/scores.jsonlWriting metrics: /workspace/dreamerv3_runs/d1r2_r2probe/d1r2_cup_e4_seed11/metrics.jsonl


--------------------[Agent Step 28_384]--------------------
Metrics filtered by: 'score|length|fps|ratio|train/loss/|train/rand/'
train/loss/con 0.02 / train/loss/disag 0.01 / train/loss/distractor 4.34 / train/loss/dyn 10.36 / train/loss/policy -0.03 / train/loss/position 0.02 / train/loss/rep 10.36 / train/loss/repval 1.76 / train/loss/rew 0.09 / train/loss/valens 1.29 / train/loss/valensrep 1.72 / train/loss/value 1.33 / train/loss/velocity 0.23 / replay/replay_ratio 1040 / fps/policy 44.08 / fps/train 4.5e4

Writing metrics: /workspace/dreamerv3_runs/d1r2_r2probe/d1r2_cup_e4_seed11/metrics.jsonl
Writing metrics: /workspace/dreamerv3_runs/d1r2_r2probe/d1r2_cup_e4_seed11/scores.jsonl

--------------------[Agent Step 33_696]--------------------
Metrics filtered by: 'score|length|fps|ratio|train/loss/|train/rand/'
episode/score 0 / episode/length 1001 / train/loss/con 0.02 / train/loss/disag 0.01 / train/loss/distractor 4.01 / train/loss/dyn 10.74 / train/loss/policy -0.01 / train/loss/position 0.02 / train/loss/rep 10.74 / train/loss/repval 1.96 / train/loss/rew 0.11 / train/loss/valens 1.44 / train/loss/valensrep 1.97 / train/loss/value 1.47 / train/loss/velocity 0.23 / replay/replay_ratio 1040 / fps/policy 44.19 / fps/train 4.5e4

Writing metrics: /workspace/dreamerv3_runs/d1r2_r2probe/d1r2_cup_e4_seed11/scores.jsonlWriting metrics: /workspace/dreamerv3_runs/d1r2_r2probe/d1r2_cup_e4_seed11/metrics.jsonl


--------------------[Agent Step 39_008]--------------------
Metrics filtered by: 'score|length|fps|ratio|train/loss/|train/rand/'
train/loss/con 0.02 / train/loss/disag 0.01 / train/loss/distractor 3.84 / train/loss/dyn 10.94 / train/loss/policy -0.01 / train/loss/position 0.02 / train/loss/rep 10.94 / train/loss/repval 1.71 / train/loss/rew 0.07 / train/loss/valens 1.22 / train/loss/valensrep 1.76 / train/loss/value 1.2 / train/loss/velocity 0.24 / replay/replay_ratio 1040 / fps/policy 44.14 / fps/train 4.5e4

Writing metrics: /workspace/dreamerv3_runs/d1r2_r2probe/d1r2_cup_e4_seed11/metrics.jsonlWriting metrics: /workspace/dreamerv3_runs/d1r2_r2probe/d1r2_cup_e4_seed11/scores.jsonl

Saving checkpoint: /workspace/dreamerv3_runs/d1r2_r2probe/d1r2_cup_e4_seed11/ckpt/20260722T101215F781315
Saved checkpoint.
[10:12:30] snapshot step=41584 -> /workspace/dreamerv3_runs/d1r2_r2probe/d1r2_cup_e4_seed11/ckpt_snapshots/step000000041584

--------------------[Agent Step 44_304]--------------------
Metrics filtered by: 'score|length|fps|ratio|train/loss/|train/rand/'
train/loss/con 0.02 / train/loss/disag 0.01 / train/loss/distractor 3.71 / train/loss/dyn 11.21 / train/loss/policy -0.02 / train/loss/position 0.02 / train/loss/rep 11.21 / train/loss/repval 2.04 / train/loss/rew 0.08 / train/loss/valens 1.59 / train/loss/valensrep 2.11 / train/loss/value 1.56 / train/loss/velocity 0.25 / replay/replay_ratio 1040 / fps/policy 44.05 / fps/train 4.5e4

Writing metrics: /workspace/dreamerv3_runs/d1r2_r2probe/d1r2_cup_e4_seed11/scores.jsonlWriting metrics: /workspace/dreamerv3_runs/d1r2_r2probe/d1r2_cup_e4_seed11/metrics.jsonl


--------------------[Agent Step 49_600]--------------------
Metrics filtered by: 'score|length|fps|ratio|train/loss/|train/rand/'
episode/score 0 / episode/length 1001 / train/loss/con 0.02 / train/loss/disag 0.01 / train/loss/distractor 3.45 / train/loss/dyn 11.44 / train/loss/policy -0.01 / train/loss/position 0.02 / train/loss/rep 11.44 / train/loss/repval 1.83 / train/loss/rew 0.06 / train/loss/valens 1.41 / train/loss/valensrep 1.92 / train/loss/value 1.35 / train/loss/velocity 0.25 / replay/replay_ratio 1040 / fps/policy 44.07 / fps/train 4.5e4

Writing metrics: /workspace/dreamerv3_runs/d1r2_r2probe/d1r2_cup_e4_seed11/metrics.jsonlWriting metrics: /workspace/dreamerv3_runs/d1r2_r2probe/d1r2_cup_e4_seed11/scores.jsonl


--------------------[Agent Step 54_896]--------------------
Metrics filtered by: 'score|length|fps|ratio|train/loss/|train/rand/'
train/loss/con 0.02 / train/loss/disag 0.01 / train/loss/distractor 3.34 / train/loss/dyn 11.74 / train/loss/policy -0.02 / train/loss/position 0.02 / train/loss/rep 11.74 / train/loss/repval 2.06 / train/loss/rew 0.08 / train/loss/valens 1.55 / train/loss/valensrep 2.07 / train/loss/value 1.55 / train/loss/velocity 0.24 / replay/replay_ratio 1040 / fps/policy 44.12 / fps/train 4.5e4

Writing metrics: /workspace/dreamerv3_runs/d1r2_r2probe/d1r2_cup_e4_seed11/metrics.jsonlWriting metrics: /workspace/dreamerv3_runs/d1r2_r2probe/d1r2_cup_e4_seed11/scores.jsonl


--------------------[Agent Step 60_176]--------------------
Metrics filtered by: 'score|length|fps|ratio|train/loss/|train/rand/'
train/loss/con 0.02 / train/loss/disag 0.01 / train/loss/distractor 3.23 / train/loss/dyn 11.96 / train/loss/policy -0.02 / train/loss/position 0.02 / train/loss/rep 11.96 / train/loss/repval 1.86 / train/loss/rew 0.09 / train/loss/valens 1.44 / train/loss/valensrep 1.91 / train/loss/value 1.45 / train/loss/velocity 0.22 / replay/replay_ratio 1040 / fps/policy 44 / fps/train 4.5e4

Writing metrics: /workspace/dreamerv3_runs/d1r2_r2probe/d1r2_cup_e4_seed11/metrics.jsonl
Writing metrics: /workspace/dreamerv3_runs/d1r2_r2probe/d1r2_cup_e4_seed11/scores.jsonl

--------------------[Agent Step 65_472]--------------------
Metrics filtered by: 'score|length|fps|ratio|train/loss/|train/rand/'
episode/score 973 / episode/length 1001 / train/loss/con 0.02 / train/loss/disag 0.01 / train/loss/distractor 3.09 / train/loss/dyn 12 / train/loss/policy -0.01 / train/loss/position 0.01 / train/loss/rep 12 / train/loss/repval 1.68 / train/loss/rew 0.05 / train/loss/valens 1.23 / train/loss/valensrep 1.72 / train/loss/value 1.22 / train/loss/velocity 0.2 / replay/replay_ratio 1040 / fps/policy 44.03 / fps/train 4.5e4

Writing metrics: /workspace/dreamerv3_runs/d1r2_r2probe/d1r2_cup_e4_seed11/metrics.jsonlWriting metrics: /workspace/dreamerv3_runs/d1r2_r2probe/d1r2_cup_e4_seed11/scores.jsonl


--------------------[Agent Step 70_752]--------------------
Metrics filtered by: 'score|length|fps|ratio|train/loss/|train/rand/'
train/loss/con 0.02 / train/loss/disag 0.01 / train/loss/distractor 3.06 / train/loss/dyn 12.09 / train/loss/policy -0.02 / train/loss/position 0.01 / train/loss/rep 12.09 / train/loss/repval 1.77 / train/loss/rew 0.07 / train/loss/valens 1.36 / train/loss/valensrep 1.84 / train/loss/value 1.35 / train/loss/velocity 0.2 / replay/replay_ratio 1040 / fps/policy 43.98 / fps/train 4.5e4

Writing metrics: /workspace/dreamerv3_runs/d1r2_r2probe/d1r2_cup_e4_seed11/metrics.jsonlWriting metrics: /workspace/dreamerv3_runs/d1r2_r2probe/d1r2_cup_e4_seed11/scores.jsonl


--------------------[Agent Step 76_032]--------------------
Metrics filtered by: 'score|length|fps|ratio|train/loss/|train/rand/'
train/loss/con 0.02 / train/loss/disag 0.01 / train/loss/distractor 3.02 / train/loss/dyn 12.1 / train/loss/policy -0.01 / train/loss/position 0.01 / train/loss/rep 12.1 / train/loss/repval 1.66 / train/loss/rew 0.05 / train/loss/valens 1.26 / train/loss/valensrep 1.7 / train/loss/value 1.26 / train/loss/velocity 0.19 / replay/replay_ratio 1040 / fps/policy 43.98 / fps/train 4.5e4

Writing metrics: /workspace/dreamerv3_runs/d1r2_r2probe/d1r2_cup_e4_seed11/metrics.jsonlWriting metrics: /workspace/dreamerv3_runs/d1r2_r2probe/d1r2_cup_e4_seed11/scores.jsonl

Saving checkpoint: /workspace/dreamerv3_runs/d1r2_r2probe/d1r2_cup_e4_seed11/ckpt/20260722T102716F089951
Saved checkpoint.

--------------------[Agent Step 81_312]--------------------
Metrics filtered by: 'score|length|fps|ratio|train/loss/|train/rand/'
episode/score 225 / episode/length 1001 / train/loss/con 0.02 / train/loss/disag 0.01 / train/loss/distractor 3.04 / train/loss/dyn 12.18 / train/loss/policy -0.02 / train/loss/position 0.01 / train/loss/rep 12.18 / train/loss/repval 2.16 / train/loss/rew 0.07 / train/loss/valens 1.51 / train/loss/valensrep 2.09 / train/loss/value 1.53 / train/loss/velocity 0.19 / replay/replay_ratio 1040 / fps/policy 43.97 / fps/train 4.5e4

Writing metrics: /workspace/dreamerv3_runs/d1r2_r2probe/d1r2_cup_e4_seed11/metrics.jsonlWriting metrics: /workspace/dreamerv3_runs/d1r2_r2probe/d1r2_cup_e4_seed11/scores.jsonl

[10:27:30] snapshot step=81216 -> /workspace/dreamerv3_runs/d1r2_r2probe/d1r2_cup_e4_seed11/ckpt_snapshots/step000000081216

--------------------[Agent Step 86_592]--------------------
Metrics filtered by: 'score|length|fps|ratio|train/loss/|train/rand/'
train/loss/con 0.02 / train/loss/disag 0.01 / train/loss/distractor 3.06 / train/loss/dyn 12.27 / train/loss/policy -0.03 / train/loss/position 0.01 / train/loss/rep 12.27 / train/loss/repval 1.92 / train/loss/rew 0.08 / train/loss/valens 1.38 / train/loss/valensrep 1.91 / train/loss/value 1.39 / train/loss/velocity 0.2 / replay/replay_ratio 1040 / fps/policy 43.99 / fps/train 4.5e4

Writing metrics: /workspace/dreamerv3_runs/d1r2_r2probe/d1r2_cup_e4_seed11/metrics.jsonlWriting metrics: /workspace/dreamerv3_runs/d1r2_r2probe/d1r2_cup_e4_seed11/scores.jsonl


--------------------[Agent Step 91_888]--------------------
Metrics filtered by: 'score|length|fps|ratio|train/loss/|train/rand/'
train/loss/con 0.02 / train/loss/disag 0.01 / train/loss/distractor 3.03 / train/loss/dyn 12.25 / train/loss/policy -0.03 / train/loss/position 0.01 / train/loss/rep 12.25 / train/loss/repval 1.76 / train/loss/rew 0.07 / train/loss/valens 1.3 / train/loss/valensrep 1.78 / train/loss/value 1.31 / train/loss/velocity 0.2 / replay/replay_ratio 1040 / fps/policy 44.01 / fps/train 4.5e4

Writing metrics: /workspace/dreamerv3_runs/d1r2_r2probe/d1r2_cup_e4_seed11/metrics.jsonl
Writing metrics: /workspace/dreamerv3_runs/d1r2_r2probe/d1r2_cup_e4_seed11/scores.jsonl

--------------------[Agent Step 97_168]--------------------
Metrics filtered by: 'score|length|fps|ratio|train/loss/|train/rand/'
episode/score 0 / episode/length 1001 / train/loss/con 0.02 / train/loss/disag 0.01 / train/loss/distractor 3.01 / train/loss/dyn 12.27 / train/loss/policy -0.02 / train/loss/position 0.01 / train/loss/rep 12.27 / train/loss/repval 1.84 / train/loss/rew 0.08 / train/loss/valens 1.25 / train/loss/valensrep 1.67 / train/loss/value 1.38 / train/loss/velocity 0.19 / replay/replay_ratio 1040 / fps/policy 43.99 / fps/train 4.5e4

Writing metrics: /workspace/dreamerv3_runs/d1r2_r2probe/d1r2_cup_e4_seed11/scores.jsonl
Writing metrics: /workspace/dreamerv3_runs/d1r2_r2probe/d1r2_cup_e4_seed11/metrics.jsonl
Stop file seen; final sweep then exit.
 milestone      actual     |err|  snapshot
    100000       81216     18784  /workspace/dreamerv3_runs/d1r2_r2probe/d1r2_cup_e4_seed11/ckpt_snapshots/step000000081216
    200000       81216    118784  /workspace/dreamerv3_runs/d1r2_r2probe/d1r2_cup_e4_seed11/ckpt_snapshots/step000000081216
    300000       81216    218784  /workspace/dreamerv3_runs/d1r2_r2probe/d1r2_cup_e4_seed11/ckpt_snapshots/step000000081216
    400000       81216    318784  /workspace/dreamerv3_runs/d1r2_r2probe/d1r2_cup_e4_seed11/ckpt_snapshots/step000000081216
    500000       81216    418784  /workspace/dreamerv3_runs/d1r2_r2probe/d1r2_cup_e4_seed11/ckpt_snapshots/step000000081216
Done. 3 snapshots retained; worst milestone gap = 418784 steps.
 milestone      actual     |err|  snapshot
     25000       41584     16584  /workspace/dreamerv3_runs/d1r2_r2probe/d1r2_cup_e4_seed11/ckpt_snapshots/step000000041584
[Wed Jul 22 10:34:30 UTC 2026] pilot d1r2_cup_e4_seed12 (task dmc_cup_catch, dose e4)
Watching /workspace/dreamerv3_runs/d1r2_r2probe/d1r2_cup_e4_seed12/ckpt
  -> /workspace/dreamerv3_runs/d1r2_r2probe/d1r2_cup_e4_seed12/ckpt_snapshots
  poll=20.0s  stop_step=100000
---  ___                           __   ______ ---
--- |   \ _ _ ___ __ _ _ __  ___ _ \ \ / /__ / ---
--- | |) | '_/ -_) _` | '  \/ -_) '/\ V / |_ \ ---
--- |___/|_| \___\__,_|_|_|_\___|_|  \_/ |___/ ---
Replica: 0 / 1
Logdir: /workspace/dreamerv3_runs/d1r2_r2probe/d1r2_cup_e4_seed12
Run script: train
Observations
  reward           Space(float32, shape=(), low=-inf, high=inf)
  is_first         Space(bool, shape=(), low=False, high=True)
  is_last          Space(bool, shape=(), low=False, high=True)
  is_terminal      Space(bool, shape=(), low=False, high=True)
  position         Space(float32, shape=(4,), low=-inf, high=inf)
  velocity         Space(float32, shape=(4,), low=-inf, high=inf)
  distractor       Space(float32, shape=(32,), low=-inf, high=inf)
Actions
  action           Space(float32, shape=(2,), low=-1.0, high=1.0)
Extras
  consec           Space(int32, shape=(), low=-2147483648, high=2147483647)
  stepid           Space(uint8, shape=(20,), low=0, high=255)
  dyn/deter        Space(float32, shape=(512,), low=-inf, high=inf)
  dyn/stoch        Space(float32, shape=(32, 4), low=-inf, high=inf)
JAX devices (1): [cuda:0]
Policy devices: cuda:0
Train devices:  cuda:0
Initializing parameters...
/workspace/dreamerv3/embodied/jax/agent.py:112: DeprecationWarning: `with mesh:` context manager has been deprecated. Please use `with jax.set_mesh(mesh):` instead.
  with self.train_mesh:
Optimizer opt has 4,135,846 params:
     3,163,136 disag
       396,666 val
       364,160 dyn
        66,111 valens4
        66,111 valens0
        66,111 valens3
        66,111 valens1
        66,111 valens2
        57,663 rew
        52,136 dec
        49,796 pol
        41,153 con
        11,136 enc
/venv/main/lib/python3.11/site-packages/optax/_src/linear_algebra.py:44: DeprecationWarning: optax.global_norm is deprecated in favor of optax.tree.norm
  warnings.warn(
Done initializing!
Compiling 1 checkpoint groups...
Largest checkpoint group: 0 GB
Compiling train and report...
/workspace/dreamerv3/embodied/jax/agent.py:187: DeprecationWarning: `with mesh:` context manager has been deprecated. Please use `with jax.set_mesh(mesh):` instead.
  with self.train_mesh:
/venv/main/lib/python3.11/site-packages/optax/_src/linear_algebra.py:44: DeprecationWarning: optax.global_norm is deprecated in favor of optax.tree.norm
  warnings.warn(
Train cost analysis:
No available
Report cost analysis:
No available
Done compiling!
Did not find any checkpoint.
Saving checkpoint: /workspace/dreamerv3_runs/d1r2_r2probe/d1r2_cup_e4_seed12/ckpt/20260722T103532F722642
Saved checkpoint.
Start training loop
Start JAX profiler: /workspace/dreamerv3_runs/d1r2_r2probe/d1r2_cup_e4_seed12
Stop JAX profiler
[10:35:50] snapshot step=0 -> /workspace/dreamerv3_runs/d1r2_r2probe/d1r2_cup_e4_seed12/ckpt_snapshots/step000000000000

--------------------[Agent Step 7_184]--------------------
Metrics filtered by: 'score|length|fps|ratio|train/loss/|train/rand/'
train/loss/con 0.05 / train/loss/disag 0.03 / train/loss/distractor 11.58 / train/loss/dyn 4.41 / train/loss/policy 0.56 / train/loss/position 0.1 / train/loss/rep 4.41 / train/loss/repval 4.38 / train/loss/rew 1.11 / train/loss/valens 3.08 / train/loss/valensrep 4.57 / train/loss/value 2.93 / train/loss/velocity 0.61 / replay/replay_ratio 867.45 / fps/policy 58.36 / fps/train 4.3e4

Writing metrics: /workspace/dreamerv3_runs/d1r2_r2probe/d1r2_cup_e4_seed12/metrics.jsonlWriting metrics: /workspace/dreamerv3_runs/d1r2_r2probe/d1r2_cup_e4_seed12/scores.jsonl


--------------------[Agent Step 12_480]--------------------
Metrics filtered by: 'score|length|fps|ratio|train/loss/|train/rand/'
train/loss/con 0.02 / train/loss/disag 0.01 / train/loss/distractor 6.61 / train/loss/dyn 7.38 / train/loss/policy 0.18 / train/loss/position 0.04 / train/loss/rep 7.38 / train/loss/repval 1.85 / train/loss/rew 0.07 / train/loss/valens 1.73 / train/loss/valensrep 1.88 / train/loss/value 1.71 / train/loss/velocity 0.37 / replay/replay_ratio 1040 / fps/policy 44.05 / fps/train 4.5e4

Writing metrics: /workspace/dreamerv3_runs/d1r2_r2probe/d1r2_cup_e4_seed12/metrics.jsonlWriting metrics: /workspace/dreamerv3_runs/d1r2_r2probe/d1r2_cup_e4_seed12/scores.jsonl

Distractor refsd frozen at 0.28390 (1000 steps, 8 proprio dims).
Distractor refsd frozen at 0.32144 (1000 steps, 8 proprio dims).
Distractor refsd frozen at 0.34059 (1000 steps, 8 proprio dims).
Distractor refsd frozen at 0.30081 (1000 steps, 8 proprio dims).
Distractor refsd frozen at 0.30106 (1000 steps, 8 proprio dims).
Distractor refsd frozen at 0.33006 (1000 steps, 8 proprio dims).
Distractor refsd frozen at 0.28379 (1000 steps, 8 proprio dims).
Distractor refsd frozen at 0.30038 (1000 steps, 8 proprio dims).
Distractor refsd frozen at 0.32448 (1000 steps, 8 proprio dims).
Distractor refsd frozen at 0.33310 (1000 steps, 8 proprio dims).
Distractor refsd frozen at 0.32585 (1000 steps, 8 proprio dims).
Distractor refsd frozen at 0.29415 (1000 steps, 8 proprio dims).
Distractor refsd frozen at 0.27542 (1000 steps, 8 proprio dims).
Distractor refsd frozen at 0.31895 (1000 steps, 8 proprio dims).
Distractor refsd frozen at 0.29976 (1000 steps, 8 proprio dims).
Distractor refsd frozen at 0.28515 (1000 steps, 8 proprio dims).

--------------------[Agent Step 17_760]--------------------
Metrics filtered by: 'score|length|fps|ratio|train/loss/|train/rand/'
episode/score 0 / episode/length 1001 / train/loss/con 0.02 / train/loss/disag 9.5e-3 / train/loss/distractor 5.34 / train/loss/dyn 8.72 / train/loss/policy 0.07 / train/loss/position 0.02 / train/loss/rep 8.72 / train/loss/repval 1.86 / train/loss/rew 0.11 / train/loss/valens 1.36 / train/loss/valensrep 1.78 / train/loss/value 1.4 / train/loss/velocity 0.27 / replay/replay_ratio 1040 / fps/policy 43.94 / fps/train 4.5e4

Writing metrics: /workspace/dreamerv3_runs/d1r2_r2probe/d1r2_cup_e4_seed12/metrics.jsonl
Writing metrics: /workspace/dreamerv3_runs/d1r2_r2probe/d1r2_cup_e4_seed12/scores.jsonl

--------------------[Agent Step 23_056]--------------------
Metrics filtered by: 'score|length|fps|ratio|train/loss/|train/rand/'
train/loss/con 0.02 / train/loss/disag 9.5e-3 / train/loss/distractor 4.6 / train/loss/dyn 9.34 / train/loss/policy 0.01 / train/loss/position 0.02 / train/loss/rep 9.34 / train/loss/repval 1.81 / train/loss/rew 0.18 / train/loss/valens 1.27 / train/loss/valensrep 1.72 / train/loss/value 1.39 / train/loss/velocity 0.2 / replay/replay_ratio 1040 / fps/policy 44.03 / fps/train 4.5e4

Writing metrics: /workspace/dreamerv3_runs/d1r2_r2probe/d1r2_cup_e4_seed12/metrics.jsonlWriting metrics: /workspace/dreamerv3_runs/d1r2_r2probe/d1r2_cup_e4_seed12/scores.jsonl


--------------------[Agent Step 28_336]--------------------
Metrics filtered by: 'score|length|fps|ratio|train/loss/|train/rand/'
train/loss/con 0.02 / train/loss/disag 9.6e-3 / train/loss/distractor 4.18 / train/loss/dyn 9.87 / train/loss/policy -0.03 / train/loss/position 0.02 / train/loss/rep 9.87 / train/loss/repval 1.86 / train/loss/rew 0.25 / train/loss/valens 1.26 / train/loss/valensrep 1.84 / train/loss/value 1.29 / train/loss/velocity 0.16 / replay/replay_ratio 1040 / fps/policy 43.97 / fps/train 4.5e4

Writing metrics: /workspace/dreamerv3_runs/d1r2_r2probe/d1r2_cup_e4_seed12/metrics.jsonlWriting metrics: /workspace/dreamerv3_runs/d1r2_r2probe/d1r2_cup_e4_seed12/scores.jsonl


--------------------[Agent Step 33_616]--------------------
Metrics filtered by: 'score|length|fps|ratio|train/loss/|train/rand/'
episode/score 0 / episode/length 1001 / train/loss/con 0.02 / train/loss/disag 9.8e-3 / train/loss/distractor 3.91 / train/loss/dyn 10.2 / train/loss/policy -6.3e-3 / train/loss/position 0.02 / train/loss/rep 10.2 / train/loss/repval 1.89 / train/loss/rew 0.2 / train/loss/valens 1.32 / train/loss/valensrep 1.88 / train/loss/value 1.3 / train/loss/velocity 0.13 / replay/replay_ratio 1040 / fps/policy 43.95 / fps/train 4.5e4

Writing metrics: /workspace/dreamerv3_runs/d1r2_r2probe/d1r2_cup_e4_seed12/metrics.jsonl
Writing metrics: /workspace/dreamerv3_runs/d1r2_r2probe/d1r2_cup_e4_seed12/scores.jsonl

--------------------[Agent Step 38_912]--------------------
Metrics filtered by: 'score|length|fps|ratio|train/loss/|train/rand/'
train/loss/con 0.02 / train/loss/disag 0.01 / train/loss/distractor 3.69 / train/loss/dyn 10.55 / train/loss/policy -5e-3 / train/loss/position 0.02 / train/loss/rep 10.55 / train/loss/repval 2.11 / train/loss/rew 0.24 / train/loss/valens 1.54 / train/loss/valensrep 2.14 / train/loss/value 1.53 / train/loss/velocity 0.12 / replay/replay_ratio 1040 / fps/policy 44.03 / fps/train 4.5e4

Writing metrics: /workspace/dreamerv3_runs/d1r2_r2probe/d1r2_cup_e4_seed12/metrics.jsonlWriting metrics: /workspace/dreamerv3_runs/d1r2_r2probe/d1r2_cup_e4_seed12/scores.jsonl

Saving checkpoint: /workspace/dreamerv3_runs/d1r2_r2probe/d1r2_cup_e4_seed12/ckpt/20260722T105034F850299
Saved checkpoint.
[10:50:50] snapshot step=41504 -> /workspace/dreamerv3_runs/d1r2_r2probe/d1r2_cup_e4_seed12/ckpt_snapshots/step000000041504

--------------------[Agent Step 44_192]--------------------
Metrics filtered by: 'score|length|fps|ratio|train/loss/|train/rand/'
train/loss/con 0.02 / train/loss/disag 0.01 / train/loss/distractor 3.51 / train/loss/dyn 10.73 / train/loss/policy 3.9e-3 / train/loss/position 0.01 / train/loss/rep 10.73 / train/loss/repval 1.76 / train/loss/rew 0.16 / train/loss/valens 1.3 / train/loss/valensrep 1.73 / train/loss/value 1.27 / train/loss/velocity 0.12 / replay/replay_ratio 1040 / fps/policy 44 / fps/train 4.5e4

Writing metrics: /workspace/dreamerv3_runs/d1r2_r2probe/d1r2_cup_e4_seed12/metrics.jsonl
Writing metrics: /workspace/dreamerv3_runs/d1r2_r2probe/d1r2_cup_e4_seed12/scores.jsonl

--------------------[Agent Step 49_488]--------------------
Metrics filtered by: 'score|length|fps|ratio|train/loss/|train/rand/'
episode/score 0 / episode/length 1001 / train/loss/con 0.02 / train/loss/disag 0.01 / train/loss/distractor 3.37 / train/loss/dyn 10.95 / train/loss/policy -4.7e-3 / train/loss/position 0.01 / train/loss/rep 10.95 / train/loss/repval 1.95 / train/loss/rew 0.16 / train/loss/valens 1.43 / train/loss/valensrep 1.92 / train/loss/value 1.44 / train/loss/velocity 0.14 / replay/replay_ratio 1040 / fps/policy 44.04 / fps/train 4.5e4

Writing metrics: /workspace/dreamerv3_runs/d1r2_r2probe/d1r2_cup_e4_seed12/metrics.jsonlWriting metrics: /workspace/dreamerv3_runs/d1r2_r2probe/d1r2_cup_e4_seed12/scores.jsonl


--------------------[Agent Step 54_784]--------------------
Metrics filtered by: 'score|length|fps|ratio|train/loss/|train/rand/'
train/loss/con 0.02 / train/loss/disag 0.01 / train/loss/distractor 3.28 / train/loss/dyn 11.14 / train/loss/policy 1.2e-3 / train/loss/position 0.02 / train/loss/rep 11.14 / train/loss/repval 2.1 / train/loss/rew 0.2 / train/loss/valens 1.53 / train/loss/valensrep 2.02 / train/loss/value 1.58 / train/loss/velocity 0.15 / replay/replay_ratio 1040 / fps/policy 44.01 / fps/train 4.5e4

Writing metrics: /workspace/dreamerv3_runs/d1r2_r2probe/d1r2_cup_e4_seed12/scores.jsonl
Writing metrics: /workspace/dreamerv3_runs/d1r2_r2probe/d1r2_cup_e4_seed12/metrics.jsonl

--------------------[Agent Step 60_080]--------------------
Metrics filtered by: 'score|length|fps|ratio|train/loss/|train/rand/'
train/loss/con 0.02 / train/loss/disag 0.01 / train/loss/distractor 3.19 / train/loss/dyn 11.25 / train/loss/policy 3.9e-3 / train/loss/position 0.01 / train/loss/rep 11.25 / train/loss/repval 2.04 / train/loss/rew 0.16 / train/loss/valens 1.41 / train/loss/valensrep 1.87 / train/loss/value 1.5 / train/loss/velocity 0.16 / replay/replay_ratio 1040 / fps/policy 44.04 / fps/train 4.5e4

Writing metrics: /workspace/dreamerv3_runs/d1r2_r2probe/d1r2_cup_e4_seed12/metrics.jsonlWriting metrics: /workspace/dreamerv3_runs/d1r2_r2probe/d1r2_cup_e4_seed12/scores.jsonl


--------------------[Agent Step 65_376]--------------------
Metrics filtered by: 'score|length|fps|ratio|train/loss/|train/rand/'
episode/score 0 / episode/length 1001 / train/loss/con 0.02 / train/loss/disag 0.01 / train/loss/distractor 3.1 / train/loss/dyn 11.43 / train/loss/policy -4.1e-3 / train/loss/position 0.02 / train/loss/rep 11.43 / train/loss/repval 2.4 / train/loss/rew 0.17 / train/loss/valens 1.62 / train/loss/valensrep 2.21 / train/loss/value 1.77 / train/loss/velocity 0.18 / replay/replay_ratio 1040 / fps/policy 44.02 / fps/train 4.5e4

Writing metrics: /workspace/dreamerv3_runs/d1r2_r2probe/d1r2_cup_e4_seed12/metrics.jsonl
Writing metrics: /workspace/dreamerv3_runs/d1r2_r2probe/d1r2_cup_e4_seed12/scores.jsonl

--------------------[Agent Step 70_656]--------------------
Metrics filtered by: 'score|length|fps|ratio|train/loss/|train/rand/'
train/loss/con 0.02 / train/loss/disag 0.01 / train/loss/distractor 3.09 / train/loss/dyn 11.53 / train/loss/policy -1.4e-3 / train/loss/position 0.02 / train/loss/rep 11.53 / train/loss/repval 2.28 / train/loss/rew 0.17 / train/loss/valens 1.49 / train/loss/valensrep 2.04 / train/loss/value 1.66 / train/loss/velocity 0.18 / replay/replay_ratio 1040 / fps/policy 43.97 / fps/train 4.5e4

Writing metrics: /workspace/dreamerv3_runs/d1r2_r2probe/d1r2_cup_e4_seed12/metrics.jsonlWriting metrics: /workspace/dreamerv3_runs/d1r2_r2probe/d1r2_cup_e4_seed12/scores.jsonl


--------------------[Agent Step 75_952]--------------------
Metrics filtered by: 'score|length|fps|ratio|train/loss/|train/rand/'
train/loss/con 0.02 / train/loss/disag 0.01 / train/loss/distractor 3 / train/loss/dyn 11.51 / train/loss/policy 5.5e-4 / train/loss/position 0.02 / train/loss/rep 11.51 / train/loss/repval 1.93 / train/loss/rew 0.13 / train/loss/valens 1.41 / train/loss/valensrep 1.93 / train/loss/value 1.4 / train/loss/velocity 0.18 / replay/replay_ratio 1040 / fps/policy 44.02 / fps/train 4.5e4

Writing metrics: /workspace/dreamerv3_runs/d1r2_r2probe/d1r2_cup_e4_seed12/metrics.jsonlWriting metrics: /workspace/dreamerv3_runs/d1r2_r2probe/d1r2_cup_e4_seed12/scores.jsonl

Saving checkpoint: /workspace/dreamerv3_runs/d1r2_r2probe/d1r2_cup_e4_seed12/ckpt/20260722T110535F204423
Saved checkpoint.

--------------------[Agent Step 81_232]--------------------
Metrics filtered by: 'score|length|fps|ratio|train/loss/|train/rand/'
episode/score 0 / episode/length 1001 / train/loss/con 0.02 / train/loss/disag 0.01 / train/loss/distractor 3.04 / train/loss/dyn 11.58 / train/loss/policy -0.01 / train/loss/position 0.02 / train/loss/rep 11.58 / train/loss/repval 2.08 / train/loss/rew 0.17 / train/loss/valens 1.48 / train/loss/valensrep 2.03 / train/loss/value 1.49 / train/loss/velocity 0.18 / replay/replay_ratio 1040 / fps/policy 43.91 / fps/train 4.5e4

Writing metrics: /workspace/dreamerv3_runs/d1r2_r2probe/d1r2_cup_e4_seed12/scores.jsonlWriting metrics: /workspace/dreamerv3_runs/d1r2_r2probe/d1r2_cup_e4_seed12/metrics.jsonl

[11:05:50] snapshot step=81120 -> /workspace/dreamerv3_runs/d1r2_r2probe/d1r2_cup_e4_seed12/ckpt_snapshots/step000000081120

--------------------[Agent Step 86_512]--------------------
Metrics filtered by: 'score|length|fps|ratio|train/loss/|train/rand/'
train/loss/con 0.02 / train/loss/disag 0.01 / train/loss/distractor 3.03 / train/loss/dyn 11.63 / train/loss/policy -0.01 / train/loss/position 0.02 / train/loss/rep 11.63 / train/loss/repval 2.35 / train/loss/rew 0.18 / train/loss/valens 1.62 / train/loss/valensrep 2.2 / train/loss/value 1.73 / train/loss/velocity 0.18 / replay/replay_ratio 1040 / fps/policy 43.96 / fps/train 4.5e4

Writing metrics: /workspace/dreamerv3_runs/d1r2_r2probe/d1r2_cup_e4_seed12/metrics.jsonl
Writing metrics: /workspace/dreamerv3_runs/d1r2_r2probe/d1r2_cup_e4_seed12/scores.jsonl

--------------------[Agent Step 91_792]--------------------
Metrics filtered by: 'score|length|fps|ratio|train/loss/|train/rand/'
train/loss/con 0.02 / train/loss/disag 0.01 / train/loss/distractor 3.08 / train/loss/dyn 11.71 / train/loss/policy -8e-3 / train/loss/position 0.02 / train/loss/rep 11.71 / train/loss/repval 2.3 / train/loss/rew 0.2 / train/loss/valens 1.55 / train/loss/valensrep 2.12 / train/loss/value 1.7 / train/loss/velocity 0.18 / replay/replay_ratio 1040 / fps/policy 43.92 / fps/train 4.5e4

Writing metrics: /workspace/dreamerv3_runs/d1r2_r2probe/d1r2_cup_e4_seed12/scores.jsonlWriting metrics: /workspace/dreamerv3_runs/d1r2_r2probe/d1r2_cup_e4_seed12/metrics.jsonl


--------------------[Agent Step 97_072]--------------------
Metrics filtered by: 'score|length|fps|ratio|train/loss/|train/rand/'
episode/score 0 / episode/length 1001 / train/loss/con 0.02 / train/loss/disag 0.01 / train/loss/distractor 3.05 / train/loss/dyn 11.7 / train/loss/policy -7.6e-3 / train/loss/position 0.02 / train/loss/rep 11.7 / train/loss/repval 2.19 / train/loss/rew 0.19 / train/loss/valens 1.54 / train/loss/valensrep 2.06 / train/loss/value 1.64 / train/loss/velocity 0.18 / replay/replay_ratio 1040 / fps/policy 43.98 / fps/train 4.5e4

Writing metrics: /workspace/dreamerv3_runs/d1r2_r2probe/d1r2_cup_e4_seed12/metrics.jsonlWriting metrics: /workspace/dreamerv3_runs/d1r2_r2probe/d1r2_cup_e4_seed12/scores.jsonl

Stop file seen; final sweep then exit.
 milestone      actual     |err|  snapshot
    100000       81120     18880  /workspace/dreamerv3_runs/d1r2_r2probe/d1r2_cup_e4_seed12/ckpt_snapshots/step000000081120
    200000       81120    118880  /workspace/dreamerv3_runs/d1r2_r2probe/d1r2_cup_e4_seed12/ckpt_snapshots/step000000081120
    300000       81120    218880  /workspace/dreamerv3_runs/d1r2_r2probe/d1r2_cup_e4_seed12/ckpt_snapshots/step000000081120
    400000       81120    318880  /workspace/dreamerv3_runs/d1r2_r2probe/d1r2_cup_e4_seed12/ckpt_snapshots/step000000081120
    500000       81120    418880  /workspace/dreamerv3_runs/d1r2_r2probe/d1r2_cup_e4_seed12/ckpt_snapshots/step000000081120
Done. 3 snapshots retained; worst milestone gap = 418880 steps.
 milestone      actual     |err|  snapshot
     25000       41504     16504  /workspace/dreamerv3_runs/d1r2_r2probe/d1r2_cup_e4_seed12/ckpt_snapshots/step000000041504
[Wed Jul 22 11:12:50 UTC 2026] pilot d1r2_cup_e4_seed13 (task dmc_cup_catch, dose e4)
Watching /workspace/dreamerv3_runs/d1r2_r2probe/d1r2_cup_e4_seed13/ckpt
  -> /workspace/dreamerv3_runs/d1r2_r2probe/d1r2_cup_e4_seed13/ckpt_snapshots
  poll=20.0s  stop_step=100000
---  ___                           __   ______ ---
--- |   \ _ _ ___ __ _ _ __  ___ _ \ \ / /__ / ---
--- | |) | '_/ -_) _` | '  \/ -_) '/\ V / |_ \ ---
--- |___/|_| \___\__,_|_|_|_\___|_|  \_/ |___/ ---
Replica: 0 / 1
Logdir: /workspace/dreamerv3_runs/d1r2_r2probe/d1r2_cup_e4_seed13
Run script: train
Observations
  reward           Space(float32, shape=(), low=-inf, high=inf)
  is_first         Space(bool, shape=(), low=False, high=True)
  is_last          Space(bool, shape=(), low=False, high=True)
  is_terminal      Space(bool, shape=(), low=False, high=True)
  position         Space(float32, shape=(4,), low=-inf, high=inf)
  velocity         Space(float32, shape=(4,), low=-inf, high=inf)
  distractor       Space(float32, shape=(32,), low=-inf, high=inf)
Actions
  action           Space(float32, shape=(2,), low=-1.0, high=1.0)
Extras
  consec           Space(int32, shape=(), low=-2147483648, high=2147483647)
  stepid           Space(uint8, shape=(20,), low=0, high=255)
  dyn/deter        Space(float32, shape=(512,), low=-inf, high=inf)
  dyn/stoch        Space(float32, shape=(32, 4), low=-inf, high=inf)
JAX devices (1): [cuda:0]
Policy devices: cuda:0
Train devices:  cuda:0
Initializing parameters...
/workspace/dreamerv3/embodied/jax/agent.py:112: DeprecationWarning: `with mesh:` context manager has been deprecated. Please use `with jax.set_mesh(mesh):` instead.
  with self.train_mesh:
Optimizer opt has 4,135,846 params:
     3,163,136 disag
       396,666 val
       364,160 dyn
        66,111 valens2
        66,111 valens1
        66,111 valens3
        66,111 valens0
        66,111 valens4
        57,663 rew
        52,136 dec
        49,796 pol
        41,153 con
        11,136 enc
/venv/main/lib/python3.11/site-packages/optax/_src/linear_algebra.py:44: DeprecationWarning: optax.global_norm is deprecated in favor of optax.tree.norm
  warnings.warn(
Done initializing!
Compiling 1 checkpoint groups...
Largest checkpoint group: 0 GB
Compiling train and report...
/workspace/dreamerv3/embodied/jax/agent.py:187: DeprecationWarning: `with mesh:` context manager has been deprecated. Please use `with jax.set_mesh(mesh):` instead.
  with self.train_mesh:
/venv/main/lib/python3.11/site-packages/optax/_src/linear_algebra.py:44: DeprecationWarning: optax.global_norm is deprecated in favor of optax.tree.norm
  warnings.warn(
Train cost analysis:
No available
Report cost analysis:
No available
Done compiling!
Did not find any checkpoint.
Saving checkpoint: /workspace/dreamerv3_runs/d1r2_r2probe/d1r2_cup_e4_seed13/ckpt/20260722T111354F131736
Saved checkpoint.
Start training loop
Start JAX profiler: /workspace/dreamerv3_runs/d1r2_r2probe/d1r2_cup_e4_seed13
Stop JAX profiler
[11:14:10] snapshot step=0 -> /workspace/dreamerv3_runs/d1r2_r2probe/d1r2_cup_e4_seed13/ckpt_snapshots/step000000000000

--------------------[Agent Step 7_168]--------------------
Metrics filtered by: 'score|length|fps|ratio|train/loss/|train/rand/'
train/loss/con 0.05 / train/loss/disag 0.03 / train/loss/distractor 11.93 / train/loss/dyn 4.53 / train/loss/policy -7.6e-4 / train/loss/position 0.08 / train/loss/rep 4.53 / train/loss/repval 1.91 / train/loss/rew 0.94 / train/loss/valens 1.23 / train/loss/valensrep 1.98 / train/loss/value 1.17 / train/loss/velocity 0.62 / replay/replay_ratio 867.01 / fps/policy 58.24 / fps/train 4.3e4

Writing metrics: /workspace/dreamerv3_runs/d1r2_r2probe/d1r2_cup_e4_seed13/metrics.jsonlWriting metrics: /workspace/dreamerv3_runs/d1r2_r2probe/d1r2_cup_e4_seed13/scores.jsonl


--------------------[Agent Step 12_464]--------------------
Metrics filtered by: 'score|length|fps|ratio|train/loss/|train/rand/'
train/loss/con 0.02 / train/loss/disag 0.01 / train/loss/distractor 7.24 / train/loss/dyn 7.78 / train/loss/policy -8.3e-4 / train/loss/position 0.03 / train/loss/rep 7.78 / train/loss/repval 1.9e-3 / train/loss/rew 1.5e-3 / train/loss/valens 5.1e-3 / train/loss/valensrep 5.2e-3 / train/loss/value 1.8e-3 / train/loss/velocity 0.37 / replay/replay_ratio 1040 / fps/policy 44.01 / fps/train 4.5e4

Writing metrics: /workspace/dreamerv3_runs/d1r2_r2probe/d1r2_cup_e4_seed13/metrics.jsonlWriting metrics: /workspace/dreamerv3_runs/d1r2_r2probe/d1r2_cup_e4_seed13/scores.jsonl

Distractor refsd frozen at 0.36291 (1000 steps, 8 proprio dims).
Distractor refsd frozen at 0.36951 (1000 steps, 8 proprio dims).
Distractor refsd frozen at 0.39952 (1000 steps, 8 proprio dims).
Distractor refsd frozen at 0.39665 (1000 steps, 8 proprio dims).
Distractor refsd frozen at 0.39300 (1000 steps, 8 proprio dims).
Distractor refsd frozen at 0.36506 (1000 steps, 8 proprio dims).
Distractor refsd frozen at 0.36521 (1000 steps, 8 proprio dims).
Distractor refsd frozen at 0.37428 (1000 steps, 8 proprio dims).
Distractor refsd frozen at 0.34870 (1000 steps, 8 proprio dims).
Distractor refsd frozen at 0.37753 (1000 steps, 8 proprio dims).
Distractor refsd frozen at 0.40199 (1000 steps, 8 proprio dims).
Distractor refsd frozen at 0.39245 (1000 steps, 8 proprio dims).
Distractor refsd frozen at 0.38387 (1000 steps, 8 proprio dims).
Distractor refsd frozen at 0.36100 (1000 steps, 8 proprio dims).
Distractor refsd frozen at 0.37355 (1000 steps, 8 proprio dims).
Distractor refsd frozen at 0.36876 (1000 steps, 8 proprio dims).

--------------------[Agent Step 17_760]--------------------
Metrics filtered by: 'score|length|fps|ratio|train/loss/|train/rand/'
episode/score 0 / episode/length 1001 / train/loss/con 0.02 / train/loss/disag 0.01 / train/loss/distractor 5.86 / train/loss/dyn 9.28 / train/loss/policy 5.9e-3 / train/loss/position 0.02 / train/loss/rep 9.28 / train/loss/repval 0.61 / train/loss/rew 0.01 / train/loss/valens 0.49 / train/loss/valensrep 0.5 / train/loss/value 0.59 / train/loss/velocity 0.34 / replay/replay_ratio 1040 / fps/policy 44.06 / fps/train 4.5e4

Writing metrics: /workspace/dreamerv3_runs/d1r2_r2probe/d1r2_cup_e4_seed13/metrics.jsonlWriting metrics: /workspace/dreamerv3_runs/d1r2_r2probe/d1r2_cup_e4_seed13/scores.jsonl


--------------------[Agent Step 23_040]--------------------
Metrics filtered by: 'score|length|fps|ratio|train/loss/|train/rand/'
train/loss/con 0.02 / train/loss/disag 0.01 / train/loss/distractor 5.12 / train/loss/dyn 10.19 / train/loss/policy -0.02 / train/loss/position 0.03 / train/loss/rep 10.19 / train/loss/repval 2.98 / train/loss/rew 0.12 / train/loss/valens 2.68 / train/loss/valensrep 2.91 / train/loss/value 2.75 / train/loss/velocity 0.31 / replay/replay_ratio 1040 / fps/policy 43.98 / fps/train 4.5e4

Writing metrics: /workspace/dreamerv3_runs/d1r2_r2probe/d1r2_cup_e4_seed13/metrics.jsonlWriting metrics: /workspace/dreamerv3_runs/d1r2_r2probe/d1r2_cup_e4_seed13/scores.jsonl


--------------------[Agent Step 28_320]--------------------
Metrics filtered by: 'score|length|fps|ratio|train/loss/|train/rand/'
train/loss/con 0.02 / train/loss/disag 0.01 / train/loss/distractor 4.75 / train/loss/dyn 10.7 / train/loss/policy -0.03 / train/loss/position 0.02 / train/loss/rep 10.7 / train/loss/repval 1.95 / train/loss/rew 0.14 / train/loss/valens 1.6 / train/loss/valensrep 2 / train/loss/value 1.57 / train/loss/velocity 0.24 / replay/replay_ratio 1040 / fps/policy 43.99 / fps/train 4.5e4

Writing metrics: /workspace/dreamerv3_runs/d1r2_r2probe/d1r2_cup_e4_seed13/metrics.jsonlWriting metrics: /workspace/dreamerv3_runs/d1r2_r2probe/d1r2_cup_e4_seed13/scores.jsonl


--------------------[Agent Step 33_616]--------------------
Metrics filtered by: 'score|length|fps|ratio|train/loss/|train/rand/'
episode/score 0 / episode/length 1001 / train/loss/con 0.02 / train/loss/disag 0.01 / train/loss/distractor 4.59 / train/loss/dyn 11.07 / train/loss/policy -0.02 / train/loss/position 0.02 / train/loss/rep 11.07 / train/loss/repval 1.89 / train/loss/rew 0.15 / train/loss/valens 1.4 / train/loss/valensrep 1.89 / train/loss/value 1.37 / train/loss/velocity 0.22 / replay/replay_ratio 1040 / fps/policy 44 / fps/train 4.5e4

Writing metrics: /workspace/dreamerv3_runs/d1r2_r2probe/d1r2_cup_e4_seed13/metrics.jsonlWriting metrics: /workspace/dreamerv3_runs/d1r2_r2probe/d1r2_cup_e4_seed13/scores.jsonl


--------------------[Agent Step 38_912]--------------------
Metrics filtered by: 'score|length|fps|ratio|train/loss/|train/rand/'
train/loss/con 0.02 / train/loss/disag 0.01 / train/loss/distractor 4.39 / train/loss/dyn 11.42 / train/loss/policy 3.7e-3 / train/loss/position 0.02 / train/loss/rep 11.42 / train/loss/repval 2.24 / train/loss/rew 0.21 / train/loss/valens 1.43 / train/loss/valensrep 2.13 / train/loss/value 1.51 / train/loss/velocity 0.22 / replay/replay_ratio 1040 / fps/policy 44 / fps/train 4.5e4

Writing metrics: /workspace/dreamerv3_runs/d1r2_r2probe/d1r2_cup_e4_seed13/metrics.jsonlWriting metrics: /workspace/dreamerv3_runs/d1r2_r2probe/d1r2_cup_e4_seed13/scores.jsonl

Saving checkpoint: /workspace/dreamerv3_runs/d1r2_r2probe/d1r2_cup_e4_seed13/ckpt/20260722T112856F243896
Saved checkpoint.
[11:29:10] snapshot step=41488 -> /workspace/dreamerv3_runs/d1r2_r2probe/d1r2_cup_e4_seed13/ckpt_snapshots/step000000041488

--------------------[Agent Step 44_176]--------------------
Metrics filtered by: 'score|length|fps|ratio|train/loss/|train/rand/'
train/loss/con 0.02 / train/loss/disag 0.01 / train/loss/distractor 4.07 / train/loss/dyn 11.61 / train/loss/policy 5e-3 / train/loss/position 0.02 / train/loss/rep 11.61 / train/loss/repval 1.82 / train/loss/rew 0.08 / train/loss/valens 1.28 / train/loss/valensrep 1.8 / train/loss/value 1.27 / train/loss/velocity 0.2 / replay/replay_ratio 1040 / fps/policy 43.86 / fps/train 4.5e4

Writing metrics: /workspace/dreamerv3_runs/d1r2_r2probe/d1r2_cup_e4_seed13/scores.jsonl
Writing metrics: /workspace/dreamerv3_runs/d1r2_r2probe/d1r2_cup_e4_seed13/metrics.jsonl

--------------------[Agent Step 49_456]--------------------
Metrics filtered by: 'score|length|fps|ratio|train/loss/|train/rand/'
episode/score 0 / episode/length 1001 / train/loss/con 0.02 / train/loss/disag 0.01 / train/loss/distractor 3.9 / train/loss/dyn 11.82 / train/loss/policy -1.9e-4 / train/loss/position 0.01 / train/loss/rep 11.82 / train/loss/repval 1.62 / train/loss/rew 0.08 / train/loss/valens 1.22 / train/loss/valensrep 1.62 / train/loss/value 1.21 / train/loss/velocity 0.19 / replay/replay_ratio 1040 / fps/policy 43.96 / fps/train 4.5e4

Writing metrics: /workspace/dreamerv3_runs/d1r2_r2probe/d1r2_cup_e4_seed13/scores.jsonl
Writing metrics: /workspace/dreamerv3_runs/d1r2_r2probe/d1r2_cup_e4_seed13/metrics.jsonl

--------------------[Agent Step 54_736]--------------------
Metrics filtered by: 'score|length|fps|ratio|train/loss/|train/rand/'
train/loss/con 0.02 / train/loss/disag 0.01 / train/loss/distractor 3.81 / train/loss/dyn 11.99 / train/loss/policy 8e-4 / train/loss/position 0.01 / train/loss/rep 11.99 / train/loss/repval 1.74 / train/loss/rew 0.09 / train/loss/valens 1.31 / train/loss/valensrep 1.7 / train/loss/value 1.32 / train/loss/velocity 0.19 / replay/replay_ratio 1040 / fps/policy 43.97 / fps/train 4.5e4

Writing metrics: /workspace/dreamerv3_runs/d1r2_r2probe/d1r2_cup_e4_seed13/metrics.jsonlWriting metrics: /workspace/dreamerv3_runs/d1r2_r2probe/d1r2_cup_e4_seed13/scores.jsonl


--------------------[Agent Step 60_016]--------------------
Metrics filtered by: 'score|length|fps|ratio|train/loss/|train/rand/'
train/loss/con 0.02 / train/loss/disag 0.01 / train/loss/distractor 3.78 / train/loss/dyn 12.17 / train/loss/policy 1.5e-3 / train/loss/position 0.01 / train/loss/rep 12.17 / train/loss/repval 1.91 / train/loss/rew 0.1 / train/loss/valens 1.25 / train/loss/valensrep 1.63 / train/loss/value 1.39 / train/loss/velocity 0.19 / replay/replay_ratio 1040 / fps/policy 43.92 / fps/train 4.5e4

Writing metrics: /workspace/dreamerv3_runs/d1r2_r2probe/d1r2_cup_e4_seed13/scores.jsonlWriting metrics: /workspace/dreamerv3_runs/d1r2_r2probe/d1r2_cup_e4_seed13/metrics.jsonl


--------------------[Agent Step 65_296]--------------------
Metrics filtered by: 'score|length|fps|ratio|train/loss/|train/rand/'
episode/score 0 / episode/length 1001 / train/loss/con 0.02 / train/loss/disag 0.01 / train/loss/distractor 3.69 / train/loss/dyn 12.36 / train/loss/policy -7e-3 / train/loss/position 0.01 / train/loss/rep 12.36 / train/loss/repval 1.94 / train/loss/rew 0.14 / train/loss/valens 1.22 / train/loss/valensrep 1.71 / train/loss/value 1.36 / train/loss/velocity 0.18 / replay/replay_ratio 1040 / fps/policy 43.94 / fps/train 4.5e4

Writing metrics: /workspace/dreamerv3_runs/d1r2_r2probe/d1r2_cup_e4_seed13/metrics.jsonlWriting metrics: /workspace/dreamerv3_runs/d1r2_r2probe/d1r2_cup_e4_seed13/scores.jsonl


--------------------[Agent Step 70_592]--------------------
Metrics filtered by: 'score|length|fps|ratio|train/loss/|train/rand/'
train/loss/con 0.02 / train/loss/disag 0.01 / train/loss/distractor 3.51 / train/loss/dyn 12.49 / train/loss/policy -6.2e-3 / train/loss/position 0.01 / train/loss/rep 12.49 / train/loss/repval 1.92 / train/loss/rew 0.11 / train/loss/valens 1.29 / train/loss/valensrep 1.82 / train/loss/value 1.4 / train/loss/velocity 0.17 / replay/replay_ratio 1040 / fps/policy 44.04 / fps/train 4.5e4

Writing metrics: /workspace/dreamerv3_runs/d1r2_r2probe/d1r2_cup_e4_seed13/metrics.jsonl
Writing metrics: /workspace/dreamerv3_runs/d1r2_r2probe/d1r2_cup_e4_seed13/scores.jsonl

--------------------[Agent Step 75_904]--------------------
Metrics filtered by: 'score|length|fps|ratio|train/loss/|train/rand/'
train/loss/con 0.02 / train/loss/disag 0.01 / train/loss/distractor 3.43 / train/loss/dyn 12.61 / train/loss/policy -1.5e-3 / train/loss/position 0.01 / train/loss/rep 12.61 / train/loss/repval 1.6 / train/loss/rew 0.08 / train/loss/valens 1.16 / train/loss/valensrep 1.57 / train/loss/value 1.13 / train/loss/velocity 0.17 / replay/replay_ratio 1040 / fps/policy 44.21 / fps/train 4.5e4

Writing metrics: /workspace/dreamerv3_runs/d1r2_r2probe/d1r2_cup_e4_seed13/metrics.jsonlWriting metrics: /workspace/dreamerv3_runs/d1r2_r2probe/d1r2_cup_e4_seed13/scores.jsonl

Saving checkpoint: /workspace/dreamerv3_runs/d1r2_r2probe/d1r2_cup_e4_seed13/ckpt/20260722T114356F354111
Saved checkpoint.

--------------------[Agent Step 81_200]--------------------
Metrics filtered by: 'score|length|fps|ratio|train/loss/|train/rand/'
episode/score 0 / episode/length 1001 / train/loss/con 0.02 / train/loss/disag 0.01 / train/loss/distractor 3.41 / train/loss/dyn 12.68 / train/loss/policy -2.7e-3 / train/loss/position 0.01 / train/loss/rep 12.68 / train/loss/repval 1.75 / train/loss/rew 0.09 / train/loss/valens 1.26 / train/loss/valensrep 1.73 / train/loss/value 1.34 / train/loss/velocity 0.18 / replay/replay_ratio 1040 / fps/policy 44 / fps/train 4.5e4

Writing metrics: /workspace/dreamerv3_runs/d1r2_r2probe/d1r2_cup_e4_seed13/metrics.jsonlWriting metrics: /workspace/dreamerv3_runs/d1r2_r2probe/d1r2_cup_e4_seed13/scores.jsonl

[11:44:10] snapshot step=81088 -> /workspace/dreamerv3_runs/d1r2_r2probe/d1r2_cup_e4_seed13/ckpt_snapshots/step000000081088

--------------------[Agent Step 86_496]--------------------
Metrics filtered by: 'score|length|fps|ratio|train/loss/|train/rand/'
train/loss/con 0.02 / train/loss/disag 0.01 / train/loss/distractor 3.38 / train/loss/dyn 12.74 / train/loss/policy -1.2e-4 / train/loss/position 0.01 / train/loss/rep 12.74 / train/loss/repval 1.64 / train/loss/rew 0.07 / train/loss/valens 1.27 / train/loss/valensrep 1.67 / train/loss/value 1.27 / train/loss/velocity 0.18 / replay/replay_ratio 1040 / fps/policy 44.03 / fps/train 4.5e4

Writing metrics: /workspace/dreamerv3_runs/d1r2_r2probe/d1r2_cup_e4_seed13/scores.jsonlWriting metrics: /workspace/dreamerv3_runs/d1r2_r2probe/d1r2_cup_e4_seed13/metrics.jsonl


--------------------[Agent Step 91_792]--------------------
Metrics filtered by: 'score|length|fps|ratio|train/loss/|train/rand/'
train/loss/con 0.02 / train/loss/disag 0.01 / train/loss/distractor 3.38 / train/loss/dyn 12.8 / train/loss/policy 4.4e-3 / train/loss/position 0.01 / train/loss/rep 12.8 / train/loss/repval 1.62 / train/loss/rew 0.09 / train/loss/valens 1.21 / train/loss/valensrep 1.58 / train/loss/value 1.23 / train/loss/velocity 0.18 / replay/replay_ratio 1040 / fps/policy 44.03 / fps/train 4.5e4

Writing metrics: /workspace/dreamerv3_runs/d1r2_r2probe/d1r2_cup_e4_seed13/metrics.jsonl
Writing metrics: /workspace/dreamerv3_runs/d1r2_r2probe/d1r2_cup_e4_seed13/scores.jsonl

--------------------[Agent Step 97_088]--------------------
Metrics filtered by: 'score|length|fps|ratio|train/loss/|train/rand/'
episode/score 0 / episode/length 1001 / train/loss/con 0.02 / train/loss/disag 0.01 / train/loss/distractor 3.4 / train/loss/dyn 12.89 / train/loss/policy 4.2e-3 / train/loss/position 0.01 / train/loss/rep 12.89 / train/loss/repval 1.81 / train/loss/rew 0.12 / train/loss/valens 1.3 / train/loss/valensrep 1.79 / train/loss/value 1.34 / train/loss/velocity 0.18 / replay/replay_ratio 1040 / fps/policy 44.02 / fps/train 4.5e4

Writing metrics: /workspace/dreamerv3_runs/d1r2_r2probe/d1r2_cup_e4_seed13/scores.jsonlWriting metrics: /workspace/dreamerv3_runs/d1r2_r2probe/d1r2_cup_e4_seed13/metrics.jsonl

Stop file seen; final sweep then exit.
 milestone      actual     |err|  snapshot
    100000       81088     18912  /workspace/dreamerv3_runs/d1r2_r2probe/d1r2_cup_e4_seed13/ckpt_snapshots/step000000081088
    200000       81088    118912  /workspace/dreamerv3_runs/d1r2_r2probe/d1r2_cup_e4_seed13/ckpt_snapshots/step000000081088
    300000       81088    218912  /workspace/dreamerv3_runs/d1r2_r2probe/d1r2_cup_e4_seed13/ckpt_snapshots/step000000081088
    400000       81088    318912  /workspace/dreamerv3_runs/d1r2_r2probe/d1r2_cup_e4_seed13/ckpt_snapshots/step000000081088
    500000       81088    418912  /workspace/dreamerv3_runs/d1r2_r2probe/d1r2_cup_e4_seed13/ckpt_snapshots/step000000081088
Done. 3 snapshots retained; worst milestone gap = 418912 steps.
 milestone      actual     |err|  snapshot
     25000       41488     16488  /workspace/dreamerv3_runs/d1r2_r2probe/d1r2_cup_e4_seed13/ckpt_snapshots/step000000041488
[Wed Jul 22 11:51:10 UTC 2026] pilot d1r2_finger_e4_seed11 (task dmc_finger_turn_hard, dose e4)
Watching /workspace/dreamerv3_runs/d1r2_r2probe/d1r2_finger_e4_seed11/ckpt
  -> /workspace/dreamerv3_runs/d1r2_r2probe/d1r2_finger_e4_seed11/ckpt_snapshots
  poll=20.0s  stop_step=100000
---  ___                           __   ______ ---
--- |   \ _ _ ___ __ _ _ __  ___ _ \ \ / /__ / ---
--- | |) | '_/ -_) _` | '  \/ -_) '/\ V / |_ \ ---
--- |___/|_| \___\__,_|_|_|_\___|_|  \_/ |___/ ---
Replica: 0 / 1
Logdir: /workspace/dreamerv3_runs/d1r2_r2probe/d1r2_finger_e4_seed11
Run script: train
Observations
  reward           Space(float32, shape=(), low=-inf, high=inf)
  is_first         Space(bool, shape=(), low=False, high=True)
  is_last          Space(bool, shape=(), low=False, high=True)
  is_terminal      Space(bool, shape=(), low=False, high=True)
  position         Space(float32, shape=(4,), low=-inf, high=inf)
  velocity         Space(float32, shape=(3,), low=-inf, high=inf)
  touch            Space(float32, shape=(2,), low=-inf, high=inf)
  target_position  Space(float32, shape=(2,), low=-inf, high=inf)
  dist_to_target   Space(float32, shape=(), low=-inf, high=inf)
  distractor       Space(float32, shape=(32,), low=-inf, high=inf)
Actions
  action           Space(float32, shape=(2,), low=-1.0, high=1.0)
Extras
  consec           Space(int32, shape=(), low=-2147483648, high=2147483647)
  stepid           Space(uint8, shape=(20,), low=0, high=255)
  dyn/deter        Space(float32, shape=(512,), low=-inf, high=inf)
  dyn/stoch        Space(float32, shape=(32, 4), low=-inf, high=inf)
JAX devices (1): [cuda:0]
Policy devices: cuda:0
Train devices:  cuda:0
Initializing parameters...
/workspace/dreamerv3/embodied/jax/agent.py:112: DeprecationWarning: `with mesh:` context manager has been deprecated. Please use `with jax.set_mesh(mesh):` instead.
  with self.train_mesh:
Optimizer opt has 4,136,362 params:
     3,163,136 disag
       396,666 val
       364,160 dyn
        66,111 valens0
        66,111 valens4
        66,111 valens2
        66,111 valens1
        66,111 valens3
        57,663 rew
        52,396 dec
        49,796 pol
        41,153 con
        11,392 enc
/venv/main/lib/python3.11/site-packages/optax/_src/linear_algebra.py:44: DeprecationWarning: optax.global_norm is deprecated in favor of optax.tree.norm
  warnings.warn(
Done initializing!
Compiling 1 checkpoint groups...
Largest checkpoint group: 0 GB
Compiling train and report...
/workspace/dreamerv3/embodied/jax/agent.py:187: DeprecationWarning: `with mesh:` context manager has been deprecated. Please use `with jax.set_mesh(mesh):` instead.
  with self.train_mesh:
/venv/main/lib/python3.11/site-packages/optax/_src/linear_algebra.py:44: DeprecationWarning: optax.global_norm is deprecated in favor of optax.tree.norm
  warnings.warn(
Train cost analysis:
No available
Report cost analysis:
No available
Done compiling!
Did not find any checkpoint.
Saving checkpoint: /workspace/dreamerv3_runs/d1r2_r2probe/d1r2_finger_e4_seed11/ckpt/20260722T115214F777672
Saved checkpoint.
Start training loop
Start JAX profiler: /workspace/dreamerv3_runs/d1r2_r2probe/d1r2_finger_e4_seed11
Stop JAX profiler
[11:52:30] snapshot step=0 -> /workspace/dreamerv3_runs/d1r2_r2probe/d1r2_finger_e4_seed11/ckpt_snapshots/step000000000000

--------------------[Agent Step 7_168]--------------------
Metrics filtered by: 'score|length|fps|ratio|train/loss/|train/rand/'
train/loss/con 0.05 / train/loss/disag 0.03 / train/loss/dist_to_target 0.04 / train/loss/distractor 30.79 / train/loss/dyn 6 / train/loss/policy 0.57 / train/loss/position 0.78 / train/loss/rep 6 / train/loss/repval 4.33 / train/loss/rew 1.15 / train/loss/target_position 0.08 / train/loss/touch 0.11 / train/loss/valens 3.1 / train/loss/valensrep 4.62 / train/loss/value 2.88 / train/loss/velocity 1.57 / replay/replay_ratio 867.01 / fps/policy 58.17 / fps/train 4.3e4

Writing metrics: /workspace/dreamerv3_runs/d1r2_r2probe/d1r2_finger_e4_seed11/metrics.jsonlWriting metrics: /workspace/dreamerv3_runs/d1r2_r2probe/d1r2_finger_e4_seed11/scores.jsonl


--------------------[Agent Step 12_448]--------------------
Metrics filtered by: 'score|length|fps|ratio|train/loss/|train/rand/'
train/loss/con 0.02 / train/loss/disag 0.01 / train/loss/dist_to_target 0.01 / train/loss/distractor 20.06 / train/loss/dyn 10.87 / train/loss/policy 0.28 / train/loss/position 0.33 / train/loss/rep 10.87 / train/loss/repval 2.7 / train/loss/rew 0.2 / train/loss/target_position 0.03 / train/loss/touch 0.08 / train/loss/valens 2.29 / train/loss/valensrep 2.71 / train/loss/value 2.3 / train/loss/velocity 0.77 / replay/replay_ratio 1040 / fps/policy 43.88 / fps/train 4.5e4

Writing metrics: /workspace/dreamerv3_runs/d1r2_r2probe/d1r2_finger_e4_seed11/scores.jsonlWriting metrics: /workspace/dreamerv3_runs/d1r2_r2probe/d1r2_finger_e4_seed11/metrics.jsonl

Distractor refsd frozen at 0.96461 (1000 steps, 12 proprio dims).
Distractor refsd frozen at 0.96793 (1000 steps, 12 proprio dims).
Distractor refsd frozen at 0.93916 (1000 steps, 12 proprio dims).
Distractor refsd frozen at 0.92615 (1000 steps, 12 proprio dims).
Distractor refsd frozen at 0.84438 (1000 steps, 12 proprio dims).
Distractor refsd frozen at 0.87374 (1000 steps, 12 proprio dims).
Distractor refsd frozen at 0.80878 (1000 steps, 12 proprio dims).
Distractor refsd frozen at 0.88010 (1000 steps, 12 proprio dims).
Distractor refsd frozen at 0.99442 (1000 steps, 12 proprio dims).
Distractor refsd frozen at 1.00293 (1000 steps, 12 proprio dims).
Distractor refsd frozen at 0.96273 (1000 steps, 12 proprio dims).
Distractor refsd frozen at 0.85960 (1000 steps, 12 proprio dims).
Distractor refsd frozen at 0.87647 (1000 steps, 12 proprio dims).
Distractor refsd frozen at 0.98897 (1000 steps, 12 proprio dims).
Distractor refsd frozen at 0.97369 (1000 steps, 12 proprio dims).
Distractor refsd frozen at 0.96053 (1000 steps, 12 proprio dims).

--------------------[Agent Step 17_728]--------------------
Metrics filtered by: 'score|length|fps|ratio|train/loss/|train/rand/'
episode/score 0 / episode/length 1001 / train/loss/con 0.02 / train/loss/disag 0.01 / train/loss/dist_to_target 8.3e-3 / train/loss/distractor 15.99 / train/loss/dyn 13.5 / train/loss/policy -0.03 / train/loss/position 0.2 / train/loss/rep 13.5 / train/loss/repval 1.96 / train/loss/rew 0.14 / train/loss/target_position 0.02 / train/loss/touch 0.05 / train/loss/valens 1.57 / train/loss/valensrep 1.96 / train/loss/value 1.59 / train/loss/velocity 0.52 / replay/replay_ratio 1040 / fps/policy 43.87 / fps/train 4.5e4

Writing metrics: /workspace/dreamerv3_runs/d1r2_r2probe/d1r2_finger_e4_seed11/metrics.jsonl
Writing metrics: /workspace/dreamerv3_runs/d1r2_r2probe/d1r2_finger_e4_seed11/scores.jsonl

--------------------[Agent Step 23_008]--------------------
Metrics filtered by: 'score|length|fps|ratio|train/loss/|train/rand/'
train/loss/con 0.02 / train/loss/disag 0.01 / train/loss/dist_to_target 6.7e-3 / train/loss/distractor 13.46 / train/loss/dyn 14.95 / train/loss/policy -0.02 / train/loss/position 0.2 / train/loss/rep 14.95 / train/loss/repval 1.78 / train/loss/rew 0.13 / train/loss/target_position 0.02 / train/loss/touch 0.06 / train/loss/valens 1.44 / train/loss/valensrep 1.85 / train/loss/value 1.37 / train/loss/velocity 0.54 / replay/replay_ratio 1040 / fps/policy 43.96 / fps/train 4.5e4

Writing metrics: /workspace/dreamerv3_runs/d1r2_r2probe/d1r2_finger_e4_seed11/scores.jsonl
Writing metrics: /workspace/dreamerv3_runs/d1r2_r2probe/d1r2_finger_e4_seed11/metrics.jsonl

--------------------[Agent Step 28_288]--------------------
Metrics filtered by: 'score|length|fps|ratio|train/loss/|train/rand/'
train/loss/con 0.02 / train/loss/disag 0.01 / train/loss/dist_to_target 6.3e-3 / train/loss/distractor 12.18 / train/loss/dyn 15.73 / train/loss/policy -0.02 / train/loss/position 0.18 / train/loss/rep 15.73 / train/loss/repval 1.93 / train/loss/rew 0.2 / train/loss/target_position 0.02 / train/loss/touch 0.05 / train/loss/valens 1.46 / train/loss/valensrep 1.95 / train/loss/value 1.44 / train/loss/velocity 0.54 / replay/replay_ratio 1040 / fps/policy 43.94 / fps/train 4.5e4

Writing metrics: /workspace/dreamerv3_runs/d1r2_r2probe/d1r2_finger_e4_seed11/metrics.jsonlWriting metrics: /workspace/dreamerv3_runs/d1r2_r2probe/d1r2_finger_e4_seed11/scores.jsonl


--------------------[Agent Step 33_568]--------------------
Metrics filtered by: 'score|length|fps|ratio|train/loss/|train/rand/'
episode/score 0 / episode/length 1001 / train/loss/con 0.02 / train/loss/disag 0.01 / train/loss/dist_to_target 6e-3 / train/loss/distractor 11.16 / train/loss/dyn 16.29 / train/loss/policy -0.01 / train/loss/position 0.16 / train/loss/rep 16.29 / train/loss/repval 1.86 / train/loss/rew 0.25 / train/loss/target_position 0.02 / train/loss/touch 0.04 / train/loss/valens 1.38 / train/loss/valensrep 1.86 / train/loss/value 1.38 / train/loss/velocity 0.58 / replay/replay_ratio 1040 / fps/policy 43.96 / fps/train 4.5e4

Writing metrics: /workspace/dreamerv3_runs/d1r2_r2probe/d1r2_finger_e4_seed11/metrics.jsonlWriting metrics: /workspace/dreamerv3_runs/d1r2_r2probe/d1r2_finger_e4_seed11/scores.jsonl


--------------------[Agent Step 38_848]--------------------
Metrics filtered by: 'score|length|fps|ratio|train/loss/|train/rand/'
train/loss/con 0.02 / train/loss/disag 0.02 / train/loss/dist_to_target 5.8e-3 / train/loss/distractor 10.4 / train/loss/dyn 16.71 / train/loss/policy -3.9e-3 / train/loss/position 0.16 / train/loss/rep 16.71 / train/loss/repval 1.9 / train/loss/rew 0.27 / train/loss/target_position 0.02 / train/loss/touch 0.04 / train/loss/valens 1.44 / train/loss/valensrep 2.03 / train/loss/value 1.36 / train/loss/velocity 0.59 / replay/replay_ratio 1040 / fps/policy 43.91 / fps/train 4.5e4

Writing metrics: /workspace/dreamerv3_runs/d1r2_r2probe/d1r2_finger_e4_seed11/metrics.jsonl
Writing metrics: /workspace/dreamerv3_runs/d1r2_r2probe/d1r2_finger_e4_seed11/scores.jsonl
Saving checkpoint: /workspace/dreamerv3_runs/d1r2_r2probe/d1r2_finger_e4_seed11/ckpt/20260722T120717F088350
Saved checkpoint.
[12:07:30] snapshot step=41424 -> /workspace/dreamerv3_runs/d1r2_r2probe/d1r2_finger_e4_seed11/ckpt_snapshots/step000000041424

--------------------[Agent Step 44_112]--------------------
Metrics filtered by: 'score|length|fps|ratio|train/loss/|train/rand/'
train/loss/con 0.02 / train/loss/disag 0.02 / train/loss/dist_to_target 5.6e-3 / train/loss/distractor 10.05 / train/loss/dyn 17.05 / train/loss/policy 4e-4 / train/loss/position 0.14 / train/loss/rep 17.05 / train/loss/repval 1.89 / train/loss/rew 0.21 / train/loss/target_position 0.02 / train/loss/touch 0.04 / train/loss/valens 1.43 / train/loss/valensrep 1.95 / train/loss/value 1.4 / train/loss/velocity 0.6 / replay/replay_ratio 1040 / fps/policy 43.86 / fps/train 4.5e4

Writing metrics: /workspace/dreamerv3_runs/d1r2_r2probe/d1r2_finger_e4_seed11/metrics.jsonlWriting metrics: /workspace/dreamerv3_runs/d1r2_r2probe/d1r2_finger_e4_seed11/scores.jsonl


--------------------[Agent Step 49_392]--------------------
Metrics filtered by: 'score|length|fps|ratio|train/loss/|train/rand/'
episode/score 85 / episode/length 1001 / train/loss/con 0.02 / train/loss/disag 0.02 / train/loss/dist_to_target 5.5e-3 / train/loss/distractor 9.6 / train/loss/dyn 17.27 / train/loss/policy -6.6e-3 / train/loss/position 0.14 / train/loss/rep 17.27 / train/loss/repval 1.57 / train/loss/rew 0.13 / train/loss/target_position 0.01 / train/loss/touch 0.05 / train/loss/valens 1.26 / train/loss/valensrep 1.58 / train/loss/value 1.26 / train/loss/velocity 0.61 / replay/replay_ratio 1040 / fps/policy 43.91 / fps/train 4.5e4

Writing metrics: /workspace/dreamerv3_runs/d1r2_r2probe/d1r2_finger_e4_seed11/metrics.jsonlWriting metrics: /workspace/dreamerv3_runs/d1r2_r2probe/d1r2_finger_e4_seed11/scores.jsonl


--------------------[Agent Step 54_672]--------------------
Metrics filtered by: 'score|length|fps|ratio|train/loss/|train/rand/'
train/loss/con 0.02 / train/loss/disag 0.02 / train/loss/dist_to_target 5.5e-3 / train/loss/distractor 9.37 / train/loss/dyn 17.46 / train/loss/policy -3e-3 / train/loss/position 0.14 / train/loss/rep 17.46 / train/loss/repval 1.83 / train/loss/rew 0.21 / train/loss/target_position 0.01 / train/loss/touch 0.05 / train/loss/valens 1.41 / train/loss/valensrep 1.89 / train/loss/value 1.37 / train/loss/velocity 0.59 / replay/replay_ratio 1040 / fps/policy 43.98 / fps/train 4.5e4

Writing metrics: /workspace/dreamerv3_runs/d1r2_r2probe/d1r2_finger_e4_seed11/scores.jsonlWriting metrics: /workspace/dreamerv3_runs/d1r2_r2probe/d1r2_finger_e4_seed11/metrics.jsonl


--------------------[Agent Step 59_936]--------------------
Metrics filtered by: 'score|length|fps|ratio|train/loss/|train/rand/'
train/loss/con 0.02 / train/loss/disag 0.02 / train/loss/dist_to_target 5.4e-3 / train/loss/distractor 9.19 / train/loss/dyn 17.59 / train/loss/policy -7.5e-3 / train/loss/position 0.15 / train/loss/rep 17.59 / train/loss/repval 1.89 / train/loss/rew 0.21 / train/loss/target_position 0.01 / train/loss/touch 0.05 / train/loss/valens 1.46 / train/loss/valensrep 1.95 / train/loss/value 1.41 / train/loss/velocity 0.59 / replay/replay_ratio 1040 / fps/policy 43.82 / fps/train 4.5e4

Writing metrics: /workspace/dreamerv3_runs/d1r2_r2probe/d1r2_finger_e4_seed11/metrics.jsonl
Writing metrics: /workspace/dreamerv3_runs/d1r2_r2probe/d1r2_finger_e4_seed11/scores.jsonl

--------------------[Agent Step 65_216]--------------------
Metrics filtered by: 'score|length|fps|ratio|train/loss/|train/rand/'
episode/score 0 / episode/length 1001 / train/loss/con 0.02 / train/loss/disag 0.02 / train/loss/dist_to_target 5.4e-3 / train/loss/distractor 9.11 / train/loss/dyn 17.7 / train/loss/policy -0.01 / train/loss/position 0.14 / train/loss/rep 17.7 / train/loss/repval 1.95 / train/loss/rew 0.22 / train/loss/target_position 0.01 / train/loss/touch 0.05 / train/loss/valens 1.51 / train/loss/valensrep 2.02 / train/loss/value 1.46 / train/loss/velocity 0.58 / replay/replay_ratio 1040 / fps/policy 43.88 / fps/train 4.5e4

Writing metrics: /workspace/dreamerv3_runs/d1r2_r2probe/d1r2_finger_e4_seed11/metrics.jsonl
Writing metrics: /workspace/dreamerv3_runs/d1r2_r2probe/d1r2_finger_e4_seed11/scores.jsonl

--------------------[Agent Step 70_496]--------------------
Metrics filtered by: 'score|length|fps|ratio|train/loss/|train/rand/'
train/loss/con 0.02 / train/loss/disag 0.02 / train/loss/dist_to_target 5.3e-3 / train/loss/distractor 8.87 / train/loss/dyn 17.81 / train/loss/policy -9.5e-3 / train/loss/position 0.15 / train/loss/rep 17.81 / train/loss/repval 1.83 / train/loss/rew 0.18 / train/loss/target_position 0.01 / train/loss/touch 0.06 / train/loss/valens 1.52 / train/loss/valensrep 2.01 / train/loss/value 1.4 / train/loss/velocity 0.57 / replay/replay_ratio 1040 / fps/policy 43.93 / fps/train 4.5e4

Writing metrics: /workspace/dreamerv3_runs/d1r2_r2probe/d1r2_finger_e4_seed11/metrics.jsonlWriting metrics: /workspace/dreamerv3_runs/d1r2_r2probe/d1r2_finger_e4_seed11/scores.jsonl


--------------------[Agent Step 75_776]--------------------
Metrics filtered by: 'score|length|fps|ratio|train/loss/|train/rand/'
train/loss/con 0.02 / train/loss/disag 0.02 / train/loss/dist_to_target 5.3e-3 / train/loss/distractor 8.73 / train/loss/dyn 17.91 / train/loss/policy -8.2e-3 / train/loss/position 0.15 / train/loss/rep 17.91 / train/loss/repval 1.92 / train/loss/rew 0.2 / train/loss/target_position 0.01 / train/loss/touch 0.05 / train/loss/valens 1.49 / train/loss/valensrep 2 / train/loss/value 1.44 / train/loss/velocity 0.54 / replay/replay_ratio 1040 / fps/policy 43.94 / fps/train 4.5e4

Writing metrics: /workspace/dreamerv3_runs/d1r2_r2probe/d1r2_finger_e4_seed11/metrics.jsonlWriting metrics: /workspace/dreamerv3_runs/d1r2_r2probe/d1r2_finger_e4_seed11/scores.jsonl

Saving checkpoint: /workspace/dreamerv3_runs/d1r2_r2probe/d1r2_finger_e4_seed11/ckpt/20260722T122217F345027
Saved checkpoint.

--------------------[Agent Step 81_040]--------------------
Metrics filtered by: 'score|length|fps|ratio|train/loss/|train/rand/'
episode/score 0 / episode/length 1001 / train/loss/con 0.02 / train/loss/disag 0.02 / train/loss/dist_to_target 5.3e-3 / train/loss/distractor 8.66 / train/loss/dyn 18 / train/loss/policy -4.7e-3 / train/loss/position 0.15 / train/loss/rep 18 / train/loss/repval 2 / train/loss/rew 0.2 / train/loss/target_position 0.01 / train/loss/touch 0.05 / train/loss/valens 1.49 / train/loss/valensrep 2.02 / train/loss/value 1.47 / train/loss/velocity 0.52 / replay/replay_ratio 1040 / fps/policy 43.83 / fps/train 4.5e4

Writing metrics: /workspace/dreamerv3_runs/d1r2_r2probe/d1r2_finger_e4_seed11/scores.jsonl
Writing metrics: /workspace/dreamerv3_runs/d1r2_r2probe/d1r2_finger_e4_seed11/metrics.jsonl
[12:22:30] snapshot step=80944 -> /workspace/dreamerv3_runs/d1r2_r2probe/d1r2_finger_e4_seed11/ckpt_snapshots/step000000080944

--------------------[Agent Step 86_320]--------------------
Metrics filtered by: 'score|length|fps|ratio|train/loss/|train/rand/'
train/loss/con 0.02 / train/loss/disag 0.02 / train/loss/dist_to_target 5.2e-3 / train/loss/distractor 8.66 / train/loss/dyn 18.09 / train/loss/policy -6.2e-3 / train/loss/position 0.15 / train/loss/rep 18.09 / train/loss/repval 2.1 / train/loss/rew 0.2 / train/loss/target_position 0.01 / train/loss/touch 0.05 / train/loss/valens 1.52 / train/loss/valensrep 2.12 / train/loss/value 1.51 / train/loss/velocity 0.52 / replay/replay_ratio 1040 / fps/policy 43.98 / fps/train 4.5e4

Writing metrics: /workspace/dreamerv3_runs/d1r2_r2probe/d1r2_finger_e4_seed11/metrics.jsonlWriting metrics: /workspace/dreamerv3_runs/d1r2_r2probe/d1r2_finger_e4_seed11/scores.jsonl


--------------------[Agent Step 91_600]--------------------
Metrics filtered by: 'score|length|fps|ratio|train/loss/|train/rand/'
train/loss/con 0.02 / train/loss/disag 0.02 / train/loss/dist_to_target 5.1e-3 / train/loss/distractor 8.63 / train/loss/dyn 18.15 / train/loss/policy -6.8e-3 / train/loss/position 0.15 / train/loss/rep 18.15 / train/loss/repval 2.26 / train/loss/rew 0.2 / train/loss/target_position 0.01 / train/loss/touch 0.06 / train/loss/valens 1.58 / train/loss/valensrep 2.22 / train/loss/value 1.62 / train/loss/velocity 0.53 / replay/replay_ratio 1040 / fps/policy 43.95 / fps/train 4.5e4

Writing metrics: /workspace/dreamerv3_runs/d1r2_r2probe/d1r2_finger_e4_seed11/metrics.jsonl
Writing metrics: /workspace/dreamerv3_runs/d1r2_r2probe/d1r2_finger_e4_seed11/scores.jsonl

--------------------[Agent Step 96_864]--------------------
Metrics filtered by: 'score|length|fps|ratio|train/loss/|train/rand/'
episode/score 0 / episode/length 1001 / train/loss/con 0.02 / train/loss/disag 0.02 / train/loss/dist_to_target 4.8e-3 / train/loss/distractor 8.57 / train/loss/dyn 18.2 / train/loss/policy -5.9e-3 / train/loss/position 0.14 / train/loss/rep 18.2 / train/loss/repval 2.16 / train/loss/rew 0.14 / train/loss/target_position 0.01 / train/loss/touch 0.06 / train/loss/valens 1.54 / train/loss/valensrep 2.15 / train/loss/value 1.57 / train/loss/velocity 0.52 / replay/replay_ratio 1040 / fps/policy 43.79 / fps/train 4.5e4

Writing metrics: /workspace/dreamerv3_runs/d1r2_r2probe/d1r2_finger_e4_seed11/metrics.jsonl
Writing metrics: /workspace/dreamerv3_runs/d1r2_r2probe/d1r2_finger_e4_seed11/scores.jsonl
Stop file seen; final sweep then exit.
 milestone      actual     |err|  snapshot
    100000       80944     19056  /workspace/dreamerv3_runs/d1r2_r2probe/d1r2_finger_e4_seed11/ckpt_snapshots/step000000080944
    200000       80944    119056  /workspace/dreamerv3_runs/d1r2_r2probe/d1r2_finger_e4_seed11/ckpt_snapshots/step000000080944
    300000       80944    219056  /workspace/dreamerv3_runs/d1r2_r2probe/d1r2_finger_e4_seed11/ckpt_snapshots/step000000080944
    400000       80944    319056  /workspace/dreamerv3_runs/d1r2_r2probe/d1r2_finger_e4_seed11/ckpt_snapshots/step000000080944
    500000       80944    419056  /workspace/dreamerv3_runs/d1r2_r2probe/d1r2_finger_e4_seed11/ckpt_snapshots/step000000080944
Done. 3 snapshots retained; worst milestone gap = 419056 steps.
 milestone      actual     |err|  snapshot
     25000       41424     16424  /workspace/dreamerv3_runs/d1r2_r2probe/d1r2_finger_e4_seed11/ckpt_snapshots/step000000041424
[Wed Jul 22 12:29:50 UTC 2026] pilot d1r2_finger_e4_seed12 (task dmc_finger_turn_hard, dose e4)
Watching /workspace/dreamerv3_runs/d1r2_r2probe/d1r2_finger_e4_seed12/ckpt
  -> /workspace/dreamerv3_runs/d1r2_r2probe/d1r2_finger_e4_seed12/ckpt_snapshots
  poll=20.0s  stop_step=100000
---  ___                           __   ______ ---
--- |   \ _ _ ___ __ _ _ __  ___ _ \ \ / /__ / ---
--- | |) | '_/ -_) _` | '  \/ -_) '/\ V / |_ \ ---
--- |___/|_| \___\__,_|_|_|_\___|_|  \_/ |___/ ---
Replica: 0 / 1
Logdir: /workspace/dreamerv3_runs/d1r2_r2probe/d1r2_finger_e4_seed12
Run script: train
Observations
  reward           Space(float32, shape=(), low=-inf, high=inf)
  is_first         Space(bool, shape=(), low=False, high=True)
  is_last          Space(bool, shape=(), low=False, high=True)
  is_terminal      Space(bool, shape=(), low=False, high=True)
  position         Space(float32, shape=(4,), low=-inf, high=inf)
  velocity         Space(float32, shape=(3,), low=-inf, high=inf)
  touch            Space(float32, shape=(2,), low=-inf, high=inf)
  target_position  Space(float32, shape=(2,), low=-inf, high=inf)
  dist_to_target   Space(float32, shape=(), low=-inf, high=inf)
  distractor       Space(float32, shape=(32,), low=-inf, high=inf)
Actions
  action           Space(float32, shape=(2,), low=-1.0, high=1.0)
Extras
  consec           Space(int32, shape=(), low=-2147483648, high=2147483647)
  stepid           Space(uint8, shape=(20,), low=0, high=255)
  dyn/deter        Space(float32, shape=(512,), low=-inf, high=inf)
  dyn/stoch        Space(float32, shape=(32, 4), low=-inf, high=inf)
JAX devices (1): [cuda:0]
Policy devices: cuda:0
Train devices:  cuda:0
Initializing parameters...
/workspace/dreamerv3/embodied/jax/agent.py:112: DeprecationWarning: `with mesh:` context manager has been deprecated. Please use `with jax.set_mesh(mesh):` instead.
  with self.train_mesh:
Optimizer opt has 4,136,362 params:
     3,163,136 disag
       396,666 val
       364,160 dyn
        66,111 valens3
        66,111 valens0
        66,111 valens1
        66,111 valens2
        66,111 valens4
        57,663 rew
        52,396 dec
        49,796 pol
        41,153 con
        11,392 enc
/venv/main/lib/python3.11/site-packages/optax/_src/linear_algebra.py:44: DeprecationWarning: optax.global_norm is deprecated in favor of optax.tree.norm
  warnings.warn(
Done initializing!
Compiling 1 checkpoint groups...
Largest checkpoint group: 0 GB
Compiling train and report...
/workspace/dreamerv3/embodied/jax/agent.py:187: DeprecationWarning: `with mesh:` context manager has been deprecated. Please use `with jax.set_mesh(mesh):` instead.
  with self.train_mesh:
/venv/main/lib/python3.11/site-packages/optax/_src/linear_algebra.py:44: DeprecationWarning: optax.global_norm is deprecated in favor of optax.tree.norm
  warnings.warn(
Train cost analysis:
No available
Report cost analysis:
No available
Done compiling!
Did not find any checkpoint.
Saving checkpoint: /workspace/dreamerv3_runs/d1r2_r2probe/d1r2_finger_e4_seed12/ckpt/20260722T123054F998562
Saved checkpoint.
Start training loop
Start JAX profiler: /workspace/dreamerv3_runs/d1r2_r2probe/d1r2_finger_e4_seed12
Stop JAX profiler
[12:31:10] snapshot step=0 -> /workspace/dreamerv3_runs/d1r2_r2probe/d1r2_finger_e4_seed12/ckpt_snapshots/step000000000000

--------------------[Agent Step 7_152]--------------------
Metrics filtered by: 'score|length|fps|ratio|train/loss/|train/rand/'
train/loss/con 0.04 / train/loss/disag 0.03 / train/loss/dist_to_target 0.05 / train/loss/distractor 29.56 / train/loss/dyn 6.02 / train/loss/policy 1.19 / train/loss/position 0.71 / train/loss/rep 6.02 / train/loss/repval 5.31 / train/loss/rew 1.31 / train/loss/target_position 0.08 / train/loss/touch 0.12 / train/loss/valens 4 / train/loss/valensrep 5.48 / train/loss/value 3.8 / train/loss/velocity 1.49 / replay/replay_ratio 866.55 / fps/policy 58.12 / fps/train 4.2e4

Writing metrics: /workspace/dreamerv3_runs/d1r2_r2probe/d1r2_finger_e4_seed12/metrics.jsonlWriting metrics: /workspace/dreamerv3_runs/d1r2_r2probe/d1r2_finger_e4_seed12/scores.jsonl


--------------------[Agent Step 12_416]--------------------
Metrics filtered by: 'score|length|fps|ratio|train/loss/|train/rand/'
train/loss/con 0.02 / train/loss/disag 0.01 / train/loss/dist_to_target 0.01 / train/loss/distractor 18.17 / train/loss/dyn 10.67 / train/loss/policy 0.2 / train/loss/position 0.36 / train/loss/rep 10.67 / train/loss/repval 2.52 / train/loss/rew 0.19 / train/loss/target_position 0.03 / train/loss/touch 0.04 / train/loss/valens 2.15 / train/loss/valensrep 2.53 / train/loss/value 2.13 / train/loss/velocity 0.67 / replay/replay_ratio 1040 / fps/policy 43.85 / fps/train 4.5e4

Writing metrics: /workspace/dreamerv3_runs/d1r2_r2probe/d1r2_finger_e4_seed12/scores.jsonlWriting metrics: /workspace/dreamerv3_runs/d1r2_r2probe/d1r2_finger_e4_seed12/metrics.jsonl

Distractor refsd frozen at 0.85275 (1000 steps, 12 proprio dims).
Distractor refsd frozen at 0.96294 (1000 steps, 12 proprio dims).
Distractor refsd frozen at 0.84931 (1000 steps, 12 proprio dims).
Distractor refsd frozen at 0.91492 (1000 steps, 12 proprio dims).
Distractor refsd frozen at 0.97340 (1000 steps, 12 proprio dims).
Distractor refsd frozen at 0.75208 (1000 steps, 12 proprio dims).
Distractor refsd frozen at 0.86224 (1000 steps, 12 proprio dims).
Distractor refsd frozen at 0.85087 (1000 steps, 12 proprio dims).
Distractor refsd frozen at 0.80192 (1000 steps, 12 proprio dims).
Distractor refsd frozen at 0.83460 (1000 steps, 12 proprio dims).
Distractor refsd frozen at 0.89983 (1000 steps, 12 proprio dims).
Distractor refsd frozen at 0.77496 (1000 steps, 12 proprio dims).
Distractor refsd frozen at 0.92105 (1000 steps, 12 proprio dims).
Distractor refsd frozen at 0.77874 (1000 steps, 12 proprio dims).
Distractor refsd frozen at 1.02144 (1000 steps, 12 proprio dims).
Distractor refsd frozen at 0.88927 (1000 steps, 12 proprio dims).

--------------------[Agent Step 17_680]--------------------
Metrics filtered by: 'score|length|fps|ratio|train/loss/|train/rand/'
episode/score 0 / episode/length 1001 / train/loss/con 0.02 / train/loss/disag 0.01 / train/loss/dist_to_target 7.4e-3 / train/loss/distractor 14.6 / train/loss/dyn 13.18 / train/loss/policy 0.05 / train/loss/position 0.23 / train/loss/rep 13.18 / train/loss/repval 2.36 / train/loss/rew 0.21 / train/loss/target_position 0.02 / train/loss/touch 0.02 / train/loss/valens 1.73 / train/loss/valensrep 2.31 / train/loss/value 1.76 / train/loss/velocity 0.63 / replay/replay_ratio 1040 / fps/policy 43.85 / fps/train 4.5e4

Writing metrics: /workspace/dreamerv3_runs/d1r2_r2probe/d1r2_finger_e4_seed12/metrics.jsonl
Writing metrics: /workspace/dreamerv3_runs/d1r2_r2probe/d1r2_finger_e4_seed12/scores.jsonl

--------------------[Agent Step 22_960]--------------------
Metrics filtered by: 'score|length|fps|ratio|train/loss/|train/rand/'
train/loss/con 0.02 / train/loss/disag 0.01 / train/loss/dist_to_target 5.6e-3 / train/loss/distractor 12.06 / train/loss/dyn 14.64 / train/loss/policy 2.3e-3 / train/loss/position 0.19 / train/loss/rep 14.64 / train/loss/repval 2.01 / train/loss/rew 0.17 / train/loss/target_position 0.02 / train/loss/touch 0.02 / train/loss/valens 1.51 / train/loss/valensrep 2.05 / train/loss/value 1.49 / train/loss/velocity 0.64 / replay/replay_ratio 1040 / fps/policy 43.93 / fps/train 4.5e4

Writing metrics: /workspace/dreamerv3_runs/d1r2_r2probe/d1r2_finger_e4_seed12/metrics.jsonlWriting metrics: /workspace/dreamerv3_runs/d1r2_r2probe/d1r2_finger_e4_seed12/scores.jsonl


--------------------[Agent Step 28_224]--------------------
Metrics filtered by: 'score|length|fps|ratio|train/loss/|train/rand/'
train/loss/con 0.02 / train/loss/disag 0.01 / train/loss/dist_to_target 4.5e-3 / train/loss/distractor 10.55 / train/loss/dyn 15.6 / train/loss/policy -0.01 / train/loss/position 0.15 / train/loss/rep 15.6 / train/loss/repval 1.71 / train/loss/rew 0.11 / train/loss/target_position 0.02 / train/loss/touch 0.02 / train/loss/valens 1.35 / train/loss/valensrep 1.74 / train/loss/value 1.35 / train/loss/velocity 0.59 / replay/replay_ratio 1040 / fps/policy 43.82 / fps/train 4.5e4

Writing metrics: /workspace/dreamerv3_runs/d1r2_r2probe/d1r2_finger_e4_seed12/scores.jsonl
Writing metrics: /workspace/dreamerv3_runs/d1r2_r2probe/d1r2_finger_e4_seed12/metrics.jsonl

--------------------[Agent Step 33_488]--------------------
Metrics filtered by: 'score|length|fps|ratio|train/loss/|train/rand/'
episode/score 743 / episode/length 1001 / train/loss/con 0.02 / train/loss/disag 0.01 / train/loss/dist_to_target 4.3e-3 / train/loss/distractor 9.8 / train/loss/dyn 16.13 / train/loss/policy -7.8e-3 / train/loss/position 0.16 / train/loss/rep 16.13 / train/loss/repval 1.83 / train/loss/rew 0.12 / train/loss/target_position 0.01 / train/loss/touch 0.04 / train/loss/valens 1.4 / train/loss/valensrep 1.86 / train/loss/value 1.41 / train/loss/velocity 0.64 / replay/replay_ratio 1040 / fps/policy 43.85 / fps/train 4.5e4

Writing metrics: /workspace/dreamerv3_runs/d1r2_r2probe/d1r2_finger_e4_seed12/metrics.jsonlWriting metrics: /workspace/dreamerv3_runs/d1r2_r2probe/d1r2_finger_e4_seed12/scores.jsonl


--------------------[Agent Step 38_768]--------------------
Metrics filtered by: 'score|length|fps|ratio|train/loss/|train/rand/'
train/loss/con 0.02 / train/loss/disag 0.01 / train/loss/dist_to_target 3.9e-3 / train/loss/distractor 9.21 / train/loss/dyn 16.56 / train/loss/policy -5.4e-3 / train/loss/position 0.17 / train/loss/rep 16.56 / train/loss/repval 1.69 / train/loss/rew 0.08 / train/loss/target_position 0.01 / train/loss/touch 0.05 / train/loss/valens 1.2 / train/loss/valensrep 1.7 / train/loss/value 1.24 / train/loss/velocity 0.64 / replay/replay_ratio 1040 / fps/policy 43.87 / fps/train 4.5e4

Writing metrics: /workspace/dreamerv3_runs/d1r2_r2probe/d1r2_finger_e4_seed12/metrics.jsonl
Writing metrics: /workspace/dreamerv3_runs/d1r2_r2probe/d1r2_finger_e4_seed12/scores.jsonl
Saving checkpoint: /workspace/dreamerv3_runs/d1r2_r2probe/d1r2_finger_e4_seed12/ckpt/20260722T124557F361093
Saved checkpoint.
[12:46:10] snapshot step=41376 -> /workspace/dreamerv3_runs/d1r2_r2probe/d1r2_finger_e4_seed12/ckpt_snapshots/step000000041376

--------------------[Agent Step 44_032]--------------------
Metrics filtered by: 'score|length|fps|ratio|train/loss/|train/rand/'
train/loss/con 0.02 / train/loss/disag 0.02 / train/loss/dist_to_target 3.8e-3 / train/loss/distractor 8.67 / train/loss/dyn 16.91 / train/loss/policy -4.6e-3 / train/loss/position 0.17 / train/loss/rep 16.91 / train/loss/repval 1.87 / train/loss/rew 0.09 / train/loss/target_position 0.01 / train/loss/touch 0.06 / train/loss/valens 1.31 / train/loss/valensrep 1.82 / train/loss/value 1.43 / train/loss/velocity 0.62 / replay/replay_ratio 1040 / fps/policy 43.82 / fps/train 4.5e4

Writing metrics: /workspace/dreamerv3_runs/d1r2_r2probe/d1r2_finger_e4_seed12/metrics.jsonl
Writing metrics: /workspace/dreamerv3_runs/d1r2_r2probe/d1r2_finger_e4_seed12/scores.jsonl

--------------------[Agent Step 49_296]--------------------
Metrics filtered by: 'score|length|fps|ratio|train/loss/|train/rand/'
episode/score 0 / episode/length 1001 / train/loss/con 0.02 / train/loss/disag 0.02 / train/loss/dist_to_target 3.6e-3 / train/loss/distractor 8.15 / train/loss/dyn 17.19 / train/loss/policy -2.7e-3 / train/loss/position 0.14 / train/loss/rep 17.19 / train/loss/repval 1.71 / train/loss/rew 0.07 / train/loss/target_position 0.01 / train/loss/touch 0.05 / train/loss/valens 1.28 / train/loss/valensrep 1.71 / train/loss/value 1.23 / train/loss/velocity 0.58 / replay/replay_ratio 1040 / fps/policy 43.84 / fps/train 4.5e4

Writing metrics: /workspace/dreamerv3_runs/d1r2_r2probe/d1r2_finger_e4_seed12/metrics.jsonlWriting metrics: /workspace/dreamerv3_runs/d1r2_r2probe/d1r2_finger_e4_seed12/scores.jsonl


--------------------[Agent Step 54_576]--------------------
Metrics filtered by: 'score|length|fps|ratio|train/loss/|train/rand/'
train/loss/con 0.02 / train/loss/disag 0.02 / train/loss/dist_to_target 3.7e-3 / train/loss/distractor 7.92 / train/loss/dyn 17.43 / train/loss/policy 1.6e-3 / train/loss/position 0.14 / train/loss/rep 17.43 / train/loss/repval 1.73 / train/loss/rew 0.08 / train/loss/target_position 0.01 / train/loss/touch 0.06 / train/loss/valens 1.32 / train/loss/valensrep 1.7 / train/loss/value 1.41 / train/loss/velocity 0.57 / replay/replay_ratio 1040 / fps/policy 43.92 / fps/train 4.5e4

Writing metrics: /workspace/dreamerv3_runs/d1r2_r2probe/d1r2_finger_e4_seed12/scores.jsonl
Writing metrics: /workspace/dreamerv3_runs/d1r2_r2probe/d1r2_finger_e4_seed12/metrics.jsonl

--------------------[Agent Step 59_840]--------------------
Metrics filtered by: 'score|length|fps|ratio|train/loss/|train/rand/'
train/loss/con 0.02 / train/loss/disag 0.02 / train/loss/dist_to_target 3.9e-3 / train/loss/distractor 7.87 / train/loss/dyn 17.6 / train/loss/policy 2.7e-3 / train/loss/position 0.13 / train/loss/rep 17.6 / train/loss/repval 1.74 / train/loss/rew 0.1 / train/loss/target_position 0.01 / train/loss/touch 0.05 / train/loss/valens 1.38 / train/loss/valensrep 1.81 / train/loss/value 1.33 / train/loss/velocity 0.55 / replay/replay_ratio 1040 / fps/policy 43.85 / fps/train 4.5e4

Writing metrics: /workspace/dreamerv3_runs/d1r2_r2probe/d1r2_finger_e4_seed12/metrics.jsonlWriting metrics: /workspace/dreamerv3_runs/d1r2_r2probe/d1r2_finger_e4_seed12/scores.jsonl


--------------------[Agent Step 65_104]--------------------
Metrics filtered by: 'score|length|fps|ratio|train/loss/|train/rand/'
episode/score 0 / episode/length 1001 / train/loss/con 0.02 / train/loss/disag 0.02 / train/loss/dist_to_target 4.1e-3 / train/loss/distractor 7.85 / train/loss/dyn 17.71 / train/loss/policy 1.6e-3 / train/loss/position 0.12 / train/loss/rep 17.71 / train/loss/repval 1.83 / train/loss/rew 0.11 / train/loss/target_position 0.01 / train/loss/touch 0.05 / train/loss/valens 1.36 / train/loss/valensrep 1.87 / train/loss/value 1.35 / train/loss/velocity 0.52 / replay/replay_ratio 1040 / fps/policy 43.8 / fps/train 4.5e4

Writing metrics: /workspace/dreamerv3_runs/d1r2_r2probe/d1r2_finger_e4_seed12/scores.jsonl
Writing metrics: /workspace/dreamerv3_runs/d1r2_r2probe/d1r2_finger_e4_seed12/metrics.jsonl

--------------------[Agent Step 70_368]--------------------
Metrics filtered by: 'score|length|fps|ratio|train/loss/|train/rand/'
train/loss/con 0.02 / train/loss/disag 0.02 / train/loss/dist_to_target 4.2e-3 / train/loss/distractor 7.82 / train/loss/dyn 17.82 / train/loss/policy 2.2e-3 / train/loss/position 0.11 / train/loss/rep 17.82 / train/loss/repval 1.89 / train/loss/rew 0.11 / train/loss/target_position 0.01 / train/loss/touch 0.04 / train/loss/valens 1.36 / train/loss/valensrep 1.87 / train/loss/value 1.38 / train/loss/velocity 0.51 / replay/replay_ratio 1040 / fps/policy 43.79 / fps/train 4.5e4

Writing metrics: /workspace/dreamerv3_runs/d1r2_r2probe/d1r2_finger_e4_seed12/metrics.jsonl
Writing metrics: /workspace/dreamerv3_runs/d1r2_r2probe/d1r2_finger_e4_seed12/scores.jsonl

--------------------[Agent Step 75_648]--------------------
Metrics filtered by: 'score|length|fps|ratio|train/loss/|train/rand/'
train/loss/con 0.02 / train/loss/disag 0.02 / train/loss/dist_to_target 4.3e-3 / train/loss/distractor 7.85 / train/loss/dyn 17.91 / train/loss/policy 7e-4 / train/loss/position 0.1 / train/loss/rep 17.91 / train/loss/repval 2.11 / train/loss/rew 0.12 / train/loss/target_position 0.01 / train/loss/touch 0.04 / train/loss/valens 1.54 / train/loss/valensrep 2.11 / train/loss/value 1.53 / train/loss/velocity 0.48 / replay/replay_ratio 1040 / fps/policy 43.88 / fps/train 4.5e4

Writing metrics: /workspace/dreamerv3_runs/d1r2_r2probe/d1r2_finger_e4_seed12/metrics.jsonl
Writing metrics: /workspace/dreamerv3_runs/d1r2_r2probe/d1r2_finger_e4_seed12/scores.jsonl
Saving checkpoint: /workspace/dreamerv3_runs/d1r2_r2probe/d1r2_finger_e4_seed12/ckpt/20260722T130057F446411
Saved checkpoint.

--------------------[Agent Step 80_912]--------------------
Metrics filtered by: 'score|length|fps|ratio|train/loss/|train/rand/'
episode/score 0 / episode/length 1001 / train/loss/con 0.02 / train/loss/disag 0.02 / train/loss/dist_to_target 4.3e-3 / train/loss/distractor 7.86 / train/loss/dyn 17.98 / train/loss/policy 1.3e-3 / train/loss/position 0.1 / train/loss/rep 17.98 / train/loss/repval 1.88 / train/loss/rew 0.12 / train/loss/target_position 0.01 / train/loss/touch 0.04 / train/loss/valens 1.39 / train/loss/valensrep 1.87 / train/loss/value 1.41 / train/loss/velocity 0.46 / replay/replay_ratio 1040 / fps/policy 43.79 / fps/train 4.5e4

Writing metrics: /workspace/dreamerv3_runs/d1r2_r2probe/d1r2_finger_e4_seed12/metrics.jsonlWriting metrics: /workspace/dreamerv3_runs/d1r2_r2probe/d1r2_finger_e4_seed12/scores.jsonl

[13:01:10] snapshot step=80832 -> /workspace/dreamerv3_runs/d1r2_r2probe/d1r2_finger_e4_seed12/ckpt_snapshots/step000000080832

--------------------[Agent Step 86_192]--------------------
Metrics filtered by: 'score|length|fps|ratio|train/loss/|train/rand/'
train/loss/con 0.02 / train/loss/disag 0.02 / train/loss/dist_to_target 4.3e-3 / train/loss/distractor 7.85 / train/loss/dyn 18.05 / train/loss/policy -2.6e-3 / train/loss/position 0.11 / train/loss/rep 18.05 / train/loss/repval 2.22 / train/loss/rew 0.11 / train/loss/target_position 0.01 / train/loss/touch 0.04 / train/loss/valens 1.6 / train/loss/valensrep 2.2 / train/loss/value 1.63 / train/loss/velocity 0.46 / replay/replay_ratio 1040 / fps/policy 43.9 / fps/train 4.5e4

Writing metrics: /workspace/dreamerv3_runs/d1r2_r2probe/d1r2_finger_e4_seed12/metrics.jsonl
Writing metrics: /workspace/dreamerv3_runs/d1r2_r2probe/d1r2_finger_e4_seed12/scores.jsonl

--------------------[Agent Step 91_456]--------------------
Metrics filtered by: 'score|length|fps|ratio|train/loss/|train/rand/'
train/loss/con 0.02 / train/loss/disag 0.02 / train/loss/dist_to_target 4.1e-3 / train/loss/distractor 7.71 / train/loss/dyn 18.09 / train/loss/policy -2.8e-3 / train/loss/position 0.1 / train/loss/rep 18.09 / train/loss/repval 1.69 / train/loss/rew 0.06 / train/loss/target_position 0.01 / train/loss/touch 0.04 / train/loss/valens 1.32 / train/loss/valensrep 1.71 / train/loss/value 1.32 / train/loss/velocity 0.45 / replay/replay_ratio 1040 / fps/policy 43.84 / fps/train 4.5e4

Writing metrics: /workspace/dreamerv3_runs/d1r2_r2probe/d1r2_finger_e4_seed12/metrics.jsonl
Writing metrics: /workspace/dreamerv3_runs/d1r2_r2probe/d1r2_finger_e4_seed12/scores.jsonl

--------------------[Agent Step 96_720]--------------------
Metrics filtered by: 'score|length|fps|ratio|train/loss/|train/rand/'
episode/score 0 / episode/length 1001 / train/loss/con 0.02 / train/loss/disag 0.02 / train/loss/dist_to_target 4.2e-3 / train/loss/distractor 7.69 / train/loss/dyn 18.17 / train/loss/policy -3.1e-3 / train/loss/position 0.11 / train/loss/rep 18.17 / train/loss/repval 2.14 / train/loss/rew 0.08 / train/loss/target_position 0.01 / train/loss/touch 0.04 / train/loss/valens 1.61 / train/loss/valensrep 2.12 / train/loss/value 1.61 / train/loss/velocity 0.45 / replay/replay_ratio 1040 / fps/policy 43.8 / fps/train 4.5e4

Writing metrics: /workspace/dreamerv3_runs/d1r2_r2probe/d1r2_finger_e4_seed12/metrics.jsonlWriting metrics: /workspace/dreamerv3_runs/d1r2_r2probe/d1r2_finger_e4_seed12/scores.jsonl

Stop file seen; final sweep then exit.
 milestone      actual     |err|  snapshot
    100000       80832     19168  /workspace/dreamerv3_runs/d1r2_r2probe/d1r2_finger_e4_seed12/ckpt_snapshots/step000000080832
    200000       80832    119168  /workspace/dreamerv3_runs/d1r2_r2probe/d1r2_finger_e4_seed12/ckpt_snapshots/step000000080832
    300000       80832    219168  /workspace/dreamerv3_runs/d1r2_r2probe/d1r2_finger_e4_seed12/ckpt_snapshots/step000000080832
    400000       80832    319168  /workspace/dreamerv3_runs/d1r2_r2probe/d1r2_finger_e4_seed12/ckpt_snapshots/step000000080832
    500000       80832    419168  /workspace/dreamerv3_runs/d1r2_r2probe/d1r2_finger_e4_seed12/ckpt_snapshots/step000000080832
Done. 3 snapshots retained; worst milestone gap = 419168 steps.
 milestone      actual     |err|  snapshot
     25000       41376     16376  /workspace/dreamerv3_runs/d1r2_r2probe/d1r2_finger_e4_seed12/ckpt_snapshots/step000000041376
[Wed Jul 22 13:08:30 UTC 2026] pilot d1r2_finger_e4_seed13 (task dmc_finger_turn_hard, dose e4)
Watching /workspace/dreamerv3_runs/d1r2_r2probe/d1r2_finger_e4_seed13/ckpt
  -> /workspace/dreamerv3_runs/d1r2_r2probe/d1r2_finger_e4_seed13/ckpt_snapshots
  poll=20.0s  stop_step=100000
---  ___                           __   ______ ---
--- |   \ _ _ ___ __ _ _ __  ___ _ \ \ / /__ / ---
--- | |) | '_/ -_) _` | '  \/ -_) '/\ V / |_ \ ---
--- |___/|_| \___\__,_|_|_|_\___|_|  \_/ |___/ ---
Replica: 0 / 1
Logdir: /workspace/dreamerv3_runs/d1r2_r2probe/d1r2_finger_e4_seed13
Run script: train
Observations
  reward           Space(float32, shape=(), low=-inf, high=inf)
  is_first         Space(bool, shape=(), low=False, high=True)
  is_last          Space(bool, shape=(), low=False, high=True)
  is_terminal      Space(bool, shape=(), low=False, high=True)
  position         Space(float32, shape=(4,), low=-inf, high=inf)
  velocity         Space(float32, shape=(3,), low=-inf, high=inf)
  touch            Space(float32, shape=(2,), low=-inf, high=inf)
  target_position  Space(float32, shape=(2,), low=-inf, high=inf)
  dist_to_target   Space(float32, shape=(), low=-inf, high=inf)
  distractor       Space(float32, shape=(32,), low=-inf, high=inf)
Actions
  action           Space(float32, shape=(2,), low=-1.0, high=1.0)
Extras
  consec           Space(int32, shape=(), low=-2147483648, high=2147483647)
  stepid           Space(uint8, shape=(20,), low=0, high=255)
  dyn/deter        Space(float32, shape=(512,), low=-inf, high=inf)
  dyn/stoch        Space(float32, shape=(32, 4), low=-inf, high=inf)
JAX devices (1): [cuda:0]
Policy devices: cuda:0
Train devices:  cuda:0
Initializing parameters...
/workspace/dreamerv3/embodied/jax/agent.py:112: DeprecationWarning: `with mesh:` context manager has been deprecated. Please use `with jax.set_mesh(mesh):` instead.
  with self.train_mesh:
Optimizer opt has 4,136,362 params:
     3,163,136 disag
       396,666 val
       364,160 dyn
        66,111 valens1
        66,111 valens0
        66,111 valens3
        66,111 valens2
        66,111 valens4
        57,663 rew
        52,396 dec
        49,796 pol
        41,153 con
        11,392 enc
/venv/main/lib/python3.11/site-packages/optax/_src/linear_algebra.py:44: DeprecationWarning: optax.global_norm is deprecated in favor of optax.tree.norm
  warnings.warn(
Done initializing!
Compiling 1 checkpoint groups...
Largest checkpoint group: 0 GB
Compiling train and report...
/workspace/dreamerv3/embodied/jax/agent.py:187: DeprecationWarning: `with mesh:` context manager has been deprecated. Please use `with jax.set_mesh(mesh):` instead.
  with self.train_mesh:
/venv/main/lib/python3.11/site-packages/optax/_src/linear_algebra.py:44: DeprecationWarning: optax.global_norm is deprecated in favor of optax.tree.norm
  warnings.warn(
Train cost analysis:
No available
Report cost analysis:
No available
Done compiling!
Did not find any checkpoint.
Saving checkpoint: /workspace/dreamerv3_runs/d1r2_r2probe/d1r2_finger_e4_seed13/ckpt/20260722T130936F134224
Saved checkpoint.
Start training loop
Start JAX profiler: /workspace/dreamerv3_runs/d1r2_r2probe/d1r2_finger_e4_seed13
Stop JAX profiler
[13:09:50] snapshot step=0 -> /workspace/dreamerv3_runs/d1r2_r2probe/d1r2_finger_e4_seed13/ckpt_snapshots/step000000000000

--------------------[Agent Step 7_152]--------------------
Metrics filtered by: 'score|length|fps|ratio|train/loss/|train/rand/'
train/loss/con 0.05 / train/loss/disag 0.03 / train/loss/dist_to_target 0.04 / train/loss/distractor 29.93 / train/loss/dyn 6.04 / train/loss/policy 1.28 / train/loss/position 0.83 / train/loss/rep 6.04 / train/loss/repval 5.99 / train/loss/rew 1.54 / train/loss/target_position 0.08 / train/loss/touch 0.13 / train/loss/valens 4.49 / train/loss/valensrep 6.17 / train/loss/value 4.31 / train/loss/velocity 1.55 / replay/replay_ratio 866.55 / fps/policy 58.14 / fps/train 4.2e4

Writing metrics: /workspace/dreamerv3_runs/d1r2_r2probe/d1r2_finger_e4_seed13/metrics.jsonlWriting metrics: /workspace/dreamerv3_runs/d1r2_r2probe/d1r2_finger_e4_seed13/scores.jsonl


--------------------[Agent Step 12_432]--------------------
Metrics filtered by: 'score|length|fps|ratio|train/loss/|train/rand/'
train/loss/con 0.02 / train/loss/disag 0.01 / train/loss/dist_to_target 0.01 / train/loss/distractor 18.59 / train/loss/dyn 10.78 / train/loss/policy 0.31 / train/loss/position 0.33 / train/loss/rep 10.78 / train/loss/repval 2.82 / train/loss/rew 0.35 / train/loss/target_position 0.03 / train/loss/touch 0.05 / train/loss/valens 2.3 / train/loss/valensrep 2.96 / train/loss/value 2.15 / train/loss/velocity 0.71 / replay/replay_ratio 1040 / fps/policy 43.93 / fps/train 4.5e4

Writing metrics: /workspace/dreamerv3_runs/d1r2_r2probe/d1r2_finger_e4_seed13/metrics.jsonl
Writing metrics: /workspace/dreamerv3_runs/d1r2_r2probe/d1r2_finger_e4_seed13/scores.jsonl
Distractor refsd frozen at 0.77580 (1000 steps, 12 proprio dims).
Distractor refsd frozen at 0.76843 (1000 steps, 12 proprio dims).
Distractor refsd frozen at 1.07615 (1000 steps, 12 proprio dims).
Distractor refsd frozen at 1.01628 (1000 steps, 12 proprio dims).
Distractor refsd frozen at 0.87398 (1000 steps, 12 proprio dims).
Distractor refsd frozen at 0.93452 (1000 steps, 12 proprio dims).
Distractor refsd frozen at 0.94134 (1000 steps, 12 proprio dims).
Distractor refsd frozen at 0.93029 (1000 steps, 12 proprio dims).
Distractor refsd frozen at 0.94071 (1000 steps, 12 proprio dims).
Distractor refsd frozen at 0.94007 (1000 steps, 12 proprio dims).
Distractor refsd frozen at 0.95413 (1000 steps, 12 proprio dims).
Distractor refsd frozen at 1.04617 (1000 steps, 12 proprio dims).
Distractor refsd frozen at 0.99917 (1000 steps, 12 proprio dims).
Distractor refsd frozen at 1.09956 (1000 steps, 12 proprio dims).
Distractor refsd frozen at 0.93035 (1000 steps, 12 proprio dims).
Distractor refsd frozen at 1.07643 (1000 steps, 12 proprio dims).

--------------------[Agent Step 17_712]--------------------
Metrics filtered by: 'score|length|fps|ratio|train/loss/|train/rand/'
episode/score 0 / episode/length 1001 / train/loss/con 0.02 / train/loss/disag 0.01 / train/loss/dist_to_target 8.6e-3 / train/loss/distractor 14.8 / train/loss/dyn 13.28 / train/loss/policy 0.02 / train/loss/position 0.27 / train/loss/rep 13.28 / train/loss/repval 2.21 / train/loss/rew 0.29 / train/loss/target_position 0.02 / train/loss/touch 0.04 / train/loss/valens 1.68 / train/loss/valensrep 2.38 / train/loss/value 1.54 / train/loss/velocity 0.71 / replay/replay_ratio 1040 / fps/policy 43.96 / fps/train 4.5e4

Writing metrics: /workspace/dreamerv3_runs/d1r2_r2probe/d1r2_finger_e4_seed13/metrics.jsonl
Writing metrics: /workspace/dreamerv3_runs/d1r2_r2probe/d1r2_finger_e4_seed13/scores.jsonl

--------------------[Agent Step 22_992]--------------------
Metrics filtered by: 'score|length|fps|ratio|train/loss/|train/rand/'
train/loss/con 0.02 / train/loss/disag 0.01 / train/loss/dist_to_target 7.3e-3 / train/loss/distractor 12.46 / train/loss/dyn 14.79 / train/loss/policy 5e-3 / train/loss/position 0.21 / train/loss/rep 14.79 / train/loss/repval 2.16 / train/loss/rew 0.37 / train/loss/target_position 0.02 / train/loss/touch 0.04 / train/loss/valens 1.52 / train/loss/valensrep 2.21 / train/loss/value 1.49 / train/loss/velocity 0.68 / replay/replay_ratio 1040 / fps/policy 43.95 / fps/train 4.5e4

Writing metrics: /workspace/dreamerv3_runs/d1r2_r2probe/d1r2_finger_e4_seed13/scores.jsonl
Writing metrics: /workspace/dreamerv3_runs/d1r2_r2probe/d1r2_finger_e4_seed13/metrics.jsonl

--------------------[Agent Step 28_272]--------------------
Metrics filtered by: 'score|length|fps|ratio|train/loss/|train/rand/'
train/loss/con 0.02 / train/loss/disag 0.01 / train/loss/dist_to_target 6.3e-3 / train/loss/distractor 10.54 / train/loss/dyn 15.85 / train/loss/policy 3e-3 / train/loss/position 0.17 / train/loss/rep 15.85 / train/loss/repval 2 / train/loss/rew 0.23 / train/loss/target_position 0.02 / train/loss/touch 0.05 / train/loss/valens 1.42 / train/loss/valensrep 2.04 / train/loss/value 1.41 / train/loss/velocity 0.65 / replay/replay_ratio 1040 / fps/policy 43.94 / fps/train 4.5e4

Writing metrics: /workspace/dreamerv3_runs/d1r2_r2probe/d1r2_finger_e4_seed13/scores.jsonl
Writing metrics: /workspace/dreamerv3_runs/d1r2_r2probe/d1r2_finger_e4_seed13/metrics.jsonl

--------------------[Agent Step 33_536]--------------------
Metrics filtered by: 'score|length|fps|ratio|train/loss/|train/rand/'
episode/score 0 / episode/length 1001 / train/loss/con 0.02 / train/loss/disag 0.01 / train/loss/dist_to_target 5.7e-3 / train/loss/distractor 9.7 / train/loss/dyn 16.6 / train/loss/policy 6.5e-5 / train/loss/position 0.16 / train/loss/rep 16.6 / train/loss/repval 1.91 / train/loss/rew 0.21 / train/loss/target_position 0.02 / train/loss/touch 0.07 / train/loss/valens 1.35 / train/loss/valensrep 1.89 / train/loss/value 1.36 / train/loss/velocity 0.65 / replay/replay_ratio 1040 / fps/policy 43.85 / fps/train 4.5e4

Writing metrics: /workspace/dreamerv3_runs/d1r2_r2probe/d1r2_finger_e4_seed13/metrics.jsonl
Writing metrics: /workspace/dreamerv3_runs/d1r2_r2probe/d1r2_finger_e4_seed13/scores.jsonl

--------------------[Agent Step 38_816]--------------------
Metrics filtered by: 'score|length|fps|ratio|train/loss/|train/rand/'
train/loss/con 0.02 / train/loss/disag 0.02 / train/loss/dist_to_target 5.5e-3 / train/loss/distractor 9.38 / train/loss/dyn 17.05 / train/loss/policy 9.5e-4 / train/loss/position 0.17 / train/loss/rep 17.05 / train/loss/repval 1.86 / train/loss/rew 0.21 / train/loss/target_position 0.02 / train/loss/touch 0.08 / train/loss/valens 1.3 / train/loss/valensrep 1.88 / train/loss/value 1.28 / train/loss/velocity 0.65 / replay/replay_ratio 1040 / fps/policy 43.92 / fps/train 4.5e4

Writing metrics: /workspace/dreamerv3_runs/d1r2_r2probe/d1r2_finger_e4_seed13/metrics.jsonl
Writing metrics: /workspace/dreamerv3_runs/d1r2_r2probe/d1r2_finger_e4_seed13/scores.jsonl
Saving checkpoint: /workspace/dreamerv3_runs/d1r2_r2probe/d1r2_finger_e4_seed13/ckpt/20260722T132438F455717
Saved checkpoint.
[13:24:51] snapshot step=41424 -> /workspace/dreamerv3_runs/d1r2_r2probe/d1r2_finger_e4_seed13/ckpt_snapshots/step000000041424

--------------------[Agent Step 44_080]--------------------
Metrics filtered by: 'score|length|fps|ratio|train/loss/|train/rand/'
train/loss/con 0.02 / train/loss/disag 0.02 / train/loss/dist_to_target 5.3e-3 / train/loss/distractor 9.23 / train/loss/dyn 17.34 / train/loss/policy 1.2e-4 / train/loss/position 0.17 / train/loss/rep 17.34 / train/loss/repval 1.8 / train/loss/rew 0.16 / train/loss/target_position 0.02 / train/loss/touch 0.07 / train/loss/valens 1.33 / train/loss/valensrep 1.83 / train/loss/value 1.43 / train/loss/velocity 0.64 / replay/replay_ratio 1040 / fps/policy 43.86 / fps/train 4.5e4

Writing metrics: /workspace/dreamerv3_runs/d1r2_r2probe/d1r2_finger_e4_seed13/scores.jsonlWriting metrics: /workspace/dreamerv3_runs/d1r2_r2probe/d1r2_finger_e4_seed13/metrics.jsonl


--------------------[Agent Step 49_360]--------------------
Metrics filtered by: 'score|length|fps|ratio|train/loss/|train/rand/'
episode/score 0 / episode/length 1001 / train/loss/con 0.02 / train/loss/disag 0.02 / train/loss/dist_to_target 5.1e-3 / train/loss/distractor 9.14 / train/loss/dyn 17.56 / train/loss/policy -1.7e-4 / train/loss/position 0.16 / train/loss/rep 17.56 / train/loss/repval 1.75 / train/loss/rew 0.13 / train/loss/target_position 0.02 / train/loss/touch 0.07 / train/loss/valens 1.3 / train/loss/valensrep 1.75 / train/loss/value 1.27 / train/loss/velocity 0.65 / replay/replay_ratio 1040 / fps/policy 43.95 / fps/train 4.5e4

Writing metrics: /workspace/dreamerv3_runs/d1r2_r2probe/d1r2_finger_e4_seed13/metrics.jsonl
Writing metrics: /workspace/dreamerv3_runs/d1r2_r2probe/d1r2_finger_e4_seed13/scores.jsonl

--------------------[Agent Step 54_640]--------------------
Metrics filtered by: 'score|length|fps|ratio|train/loss/|train/rand/'
train/loss/con 0.02 / train/loss/disag 0.02 / train/loss/dist_to_target 5.1e-3 / train/loss/distractor 9.13 / train/loss/dyn 17.73 / train/loss/policy -2.6e-4 / train/loss/position 0.17 / train/loss/rep 17.73 / train/loss/repval 2.06 / train/loss/rew 0.15 / train/loss/target_position 0.02 / train/loss/touch 0.08 / train/loss/valens 1.44 / train/loss/valensrep 1.89 / train/loss/value 1.5 / train/loss/velocity 0.65 / replay/replay_ratio 1040 / fps/policy 43.97 / fps/train 4.5e4

Writing metrics: /workspace/dreamerv3_runs/d1r2_r2probe/d1r2_finger_e4_seed13/metrics.jsonlWriting metrics: /workspace/dreamerv3_runs/d1r2_r2probe/d1r2_finger_e4_seed13/scores.jsonl


--------------------[Agent Step 59_920]--------------------
Metrics filtered by: 'score|length|fps|ratio|train/loss/|train/rand/'
train/loss/con 0.02 / train/loss/disag 0.02 / train/loss/dist_to_target 5.2e-3 / train/loss/distractor 9.11 / train/loss/dyn 17.89 / train/loss/policy -1.3e-4 / train/loss/position 0.18 / train/loss/rep 17.89 / train/loss/repval 2.18 / train/loss/rew 0.17 / train/loss/target_position 0.02 / train/loss/touch 0.09 / train/loss/valens 1.5 / train/loss/valensrep 2.1 / train/loss/value 1.5 / train/loss/velocity 0.67 / replay/replay_ratio 1040 / fps/policy 43.91 / fps/train 4.5e4

Writing metrics: /workspace/dreamerv3_runs/d1r2_r2probe/d1r2_finger_e4_seed13/scores.jsonlWriting metrics: /workspace/dreamerv3_runs/d1r2_r2probe/d1r2_finger_e4_seed13/metrics.jsonl


--------------------[Agent Step 65_200]--------------------
Metrics filtered by: 'score|length|fps|ratio|train/loss/|train/rand/'
episode/score 112 / episode/length 1001 / train/loss/con 0.02 / train/loss/disag 0.02 / train/loss/dist_to_target 5e-3 / train/loss/distractor 8.87 / train/loss/dyn 17.99 / train/loss/policy -1.3e-3 / train/loss/position 0.19 / train/loss/rep 17.99 / train/loss/repval 1.96 / train/loss/rew 0.14 / train/loss/target_position 0.01 / train/loss/touch 0.1 / train/loss/valens 1.43 / train/loss/valensrep 1.92 / train/loss/value 1.33 / train/loss/velocity 0.68 / replay/replay_ratio 1040 / fps/policy 43.89 / fps/train 4.5e4

Writing metrics: /workspace/dreamerv3_runs/d1r2_r2probe/d1r2_finger_e4_seed13/metrics.jsonlWriting metrics: /workspace/dreamerv3_runs/d1r2_r2probe/d1r2_finger_e4_seed13/scores.jsonl


--------------------[Agent Step 70_480]--------------------
Metrics filtered by: 'score|length|fps|ratio|train/loss/|train/rand/'
train/loss/con 0.02 / train/loss/disag 0.02 / train/loss/dist_to_target 5e-3 / train/loss/distractor 8.7 / train/loss/dyn 18.1 / train/loss/policy 1.1e-3 / train/loss/position 0.2 / train/loss/rep 18.1 / train/loss/repval 1.85 / train/loss/rew 0.15 / train/loss/target_position 0.01 / train/loss/touch 0.1 / train/loss/valens 1.29 / train/loss/valensrep 1.78 / train/loss/value 1.32 / train/loss/velocity 0.69 / replay/replay_ratio 1040 / fps/policy 43.87 / fps/train 4.5e4

Writing metrics: /workspace/dreamerv3_runs/d1r2_r2probe/d1r2_finger_e4_seed13/metrics.jsonl
Writing metrics: /workspace/dreamerv3_runs/d1r2_r2probe/d1r2_finger_e4_seed13/scores.jsonl

--------------------[Agent Step 75_760]--------------------
Metrics filtered by: 'score|length|fps|ratio|train/loss/|train/rand/'
train/loss/con 0.02 / train/loss/disag 0.02 / train/loss/dist_to_target 5e-3 / train/loss/distractor 8.65 / train/loss/dyn 18.22 / train/loss/policy 3.3e-4 / train/loss/position 0.19 / train/loss/rep 18.22 / train/loss/repval 1.84 / train/loss/rew 0.13 / train/loss/target_position 0.02 / train/loss/touch 0.1 / train/loss/valens 1.3 / train/loss/valensrep 1.76 / train/loss/value 1.36 / train/loss/velocity 0.7 / replay/replay_ratio 1040 / fps/policy 43.93 / fps/train 4.5e4

Writing metrics: /workspace/dreamerv3_runs/d1r2_r2probe/d1r2_finger_e4_seed13/scores.jsonl
Writing metrics: /workspace/dreamerv3_runs/d1r2_r2probe/d1r2_finger_e4_seed13/metrics.jsonl
Saving checkpoint: /workspace/dreamerv3_runs/d1r2_r2probe/d1r2_finger_e4_seed13/ckpt/20260722T133938F497850
Saved checkpoint.

--------------------[Agent Step 81_024]--------------------
Metrics filtered by: 'score|length|fps|ratio|train/loss/|train/rand/'
episode/score 0 / episode/length 1001 / train/loss/con 0.02 / train/loss/disag 0.02 / train/loss/dist_to_target 4.8e-3 / train/loss/distractor 8.47 / train/loss/dyn 18.3 / train/loss/policy -3e-3 / train/loss/position 0.18 / train/loss/rep 18.3 / train/loss/repval 1.56 / train/loss/rew 0.1 / train/loss/target_position 0.02 / train/loss/touch 0.1 / train/loss/valens 1.18 / train/loss/valensrep 1.54 / train/loss/value 1.22 / train/loss/velocity 0.67 / replay/replay_ratio 1040 / fps/policy 43.73 / fps/train 4.5e4

Writing metrics: /workspace/dreamerv3_runs/d1r2_r2probe/d1r2_finger_e4_seed13/scores.jsonl
Writing metrics: /workspace/dreamerv3_runs/d1r2_r2probe/d1r2_finger_e4_seed13/metrics.jsonl
[13:39:51] snapshot step=80928 -> /workspace/dreamerv3_runs/d1r2_r2probe/d1r2_finger_e4_seed13/ckpt_snapshots/step000000080928

--------------------[Agent Step 86_304]--------------------
Metrics filtered by: 'score|length|fps|ratio|train/loss/|train/rand/'
train/loss/con 0.02 / train/loss/disag 0.02 / train/loss/dist_to_target 4.6e-3 / train/loss/distractor 8.38 / train/loss/dyn 18.38 / train/loss/policy -6.6e-3 / train/loss/position 0.17 / train/loss/rep 18.38 / train/loss/repval 1.61 / train/loss/rew 0.09 / train/loss/target_position 0.02 / train/loss/touch 0.09 / train/loss/valens 1.26 / train/loss/valensrep 1.56 / train/loss/value 1.31 / train/loss/velocity 0.65 / replay/replay_ratio 1040 / fps/policy 43.89 / fps/train 4.5e4

Writing metrics: /workspace/dreamerv3_runs/d1r2_r2probe/d1r2_finger_e4_seed13/metrics.jsonlWriting metrics: /workspace/dreamerv3_runs/d1r2_r2probe/d1r2_finger_e4_seed13/scores.jsonl


--------------------[Agent Step 91_584]--------------------
Metrics filtered by: 'score|length|fps|ratio|train/loss/|train/rand/'
train/loss/con 0.02 / train/loss/disag 0.02 / train/loss/dist_to_target 4.7e-3 / train/loss/distractor 8.3 / train/loss/dyn 18.43 / train/loss/policy -2.1e-3 / train/loss/position 0.15 / train/loss/rep 18.43 / train/loss/repval 1.86 / train/loss/rew 0.09 / train/loss/target_position 0.01 / train/loss/touch 0.08 / train/loss/valens 1.42 / train/loss/valensrep 1.92 / train/loss/value 1.47 / train/loss/velocity 0.62 / replay/replay_ratio 1040 / fps/policy 43.88 / fps/train 4.5e4

Writing metrics: /workspace/dreamerv3_runs/d1r2_r2probe/d1r2_finger_e4_seed13/metrics.jsonl
Writing metrics: /workspace/dreamerv3_runs/d1r2_r2probe/d1r2_finger_e4_seed13/scores.jsonl

--------------------[Agent Step 96_848]--------------------
Metrics filtered by: 'score|length|fps|ratio|train/loss/|train/rand/'
episode/score 0 / episode/length 1001 / train/loss/con 0.02 / train/loss/disag 0.02 / train/loss/dist_to_target 4.5e-3 / train/loss/distractor 8.25 / train/loss/dyn 18.46 / train/loss/policy -9.4e-4 / train/loss/position 0.15 / train/loss/rep 18.46 / train/loss/repval 1.6 / train/loss/rew 0.08 / train/loss/target_position 0.01 / train/loss/touch 0.08 / train/loss/valens 1.27 / train/loss/valensrep 1.63 / train/loss/value 1.24 / train/loss/velocity 0.6 / replay/replay_ratio 1040 / fps/policy 43.75 / fps/train 4.5e4

Writing metrics: /workspace/dreamerv3_runs/d1r2_r2probe/d1r2_finger_e4_seed13/metrics.jsonlWriting metrics: /workspace/dreamerv3_runs/d1r2_r2probe/d1r2_finger_e4_seed13/scores.jsonl

Stop file seen; final sweep then exit.
 milestone      actual     |err|  snapshot
    100000       80928     19072  /workspace/dreamerv3_runs/d1r2_r2probe/d1r2_finger_e4_seed13/ckpt_snapshots/step000000080928
    200000       80928    119072  /workspace/dreamerv3_runs/d1r2_r2probe/d1r2_finger_e4_seed13/ckpt_snapshots/step000000080928
    300000       80928    219072  /workspace/dreamerv3_runs/d1r2_r2probe/d1r2_finger_e4_seed13/ckpt_snapshots/step000000080928
    400000       80928    319072  /workspace/dreamerv3_runs/d1r2_r2probe/d1r2_finger_e4_seed13/ckpt_snapshots/step000000080928
    500000       80928    419072  /workspace/dreamerv3_runs/d1r2_r2probe/d1r2_finger_e4_seed13/ckpt_snapshots/step000000080928
Done. 3 snapshots retained; worst milestone gap = 419072 steps.
 milestone      actual     |err|  snapshot
     25000       41424     16424  /workspace/dreamerv3_runs/d1r2_r2probe/d1r2_finger_e4_seed13/ckpt_snapshots/step000000041424
[Wed Jul 22 13:47:11 UTC 2026] all 12 pilots done
